ISO-10303-21;
HEADER;
FILE_DESCRIPTION(('Open CASCADE Model'),'2;1');
FILE_NAME('Open CASCADE Shape Model','2026-09-02T07:06:23',('Author'),(
    'Open CASCADE'),'Open CASCADE STEP processor 7.9','Open CASCADE 7.9'
  ,'Unknown');
FILE_SCHEMA(('AUTOMOTIVE_DESIGN { 1 0 10303 214 1 1 1 1 }'));
ENDSEC;
DATA;
#1 = APPLICATION_PROTOCOL_DEFINITION('international standard',
  'automotive_design',2000,#2);
#2 = APPLICATION_CONTEXT(
  'core data for automotive mechanical design processes');
#3 = SHAPE_DEFINITION_REPRESENTATION(#4,#10);
#4 = PRODUCT_DEFINITION_SHAPE('','',#5);
#5 = PRODUCT_DEFINITION('design','',#6,#9);
#6 = PRODUCT_DEFINITION_FORMATION('','',#7);
#7 = PRODUCT('COMPOUND','COMPOUND','',(#8));
#8 = PRODUCT_CONTEXT('',#2,'mechanical');
#9 = PRODUCT_DEFINITION_CONTEXT('part definition',#2,'design');
#10 = SHAPE_REPRESENTATION('',(#11,#15,#1917,#2115,#2649,#3027,#3533,
    #3991,#4369,#5163,#5963,#6471,#6849,#7355,#7813),#9137);
#11 = AXIS2_PLACEMENT_3D('',#12,#13,#14);
#12 = CARTESIAN_POINT('',(0.,0.,0.));
#13 = DIRECTION('',(0.,0.,1.));
#14 = DIRECTION('',(1.,0.,-0.));
#15 = MANIFOLD_SOLID_BREP('',#16);
#16 = CLOSED_SHELL('',(#17,#65,#102,#152,#266,#380,#444,#487,#509,#552,
    #580,#663,#706,#728,#765,#837,#853,#869,#885,#901,#915,#929,#965,
    #993,#1015,#1037,#1053,#1081,#1103,#1125,#1141,#1177,#1197,#1213,
    #1229,#1241,#1261,#1277,#1293,#1305,#1341,#1369,#1391,#1413,#1429,
    #1457,#1479,#1501,#1517,#1553,#1573,#1589,#1605,#1617,#1637,#1653,
    #1669,#1681,#1701,#1719,#1735,#1751,#1767,#1779,#1795,#1811,#1827,
    #1843,#1857,#1882,#1899));
#17 = ADVANCED_FACE('',(#18),#54,.T.);
#18 = FACE_BOUND('',#19,.T.);
#19 = EDGE_LOOP('',(#20,#32,#39,#49));
#20 = ORIENTED_EDGE('',*,*,#21,.F.);
#21 = EDGE_CURVE('',#22,#24,#26,.T.);
#22 = VERTEX_POINT('',#23);
#23 = CARTESIAN_POINT('',(2.5495,1.475,1.9000001));
#24 = VERTEX_POINT('',#25);
#25 = CARTESIAN_POINT('',(3.1495,1.475,1.9000001));
#26 = ( BOUNDED_CURVE() B_SPLINE_CURVE(2,(#27,#28,#29,#30,#31),
.UNSPECIFIED.,.F.,.F.) B_SPLINE_CURVE_WITH_KNOTS((3,2,3),(0.,
1.570796326795,3.14159265359),.PIECEWISE_BEZIER_KNOTS.) CURVE() 
GEOMETRIC_REPRESENTATION_ITEM() RATIONAL_B_SPLINE_CURVE((1.,
0.707106781187,1.,0.707106781187,1.)) REPRESENTATION_ITEM('') );
#27 = CARTESIAN_POINT('',(2.5495,1.475,1.9000001));
#28 = CARTESIAN_POINT('',(2.5495,1.775,1.9000001));
#29 = CARTESIAN_POINT('',(2.8495,1.775,1.9000001));
#30 = CARTESIAN_POINT('',(3.1495,1.775,1.9000001));
#31 = CARTESIAN_POINT('',(3.1495,1.475,1.9000001));
#32 = ORIENTED_EDGE('',*,*,#33,.T.);
#33 = EDGE_CURVE('',#22,#34,#36,.T.);
#34 = VERTEX_POINT('',#35);
#35 = CARTESIAN_POINT('',(2.3495,1.475,2.1000001));
#36 = B_SPLINE_CURVE_WITH_KNOTS('',1,(#37,#38),.UNSPECIFIED.,.F.,.F.,(2,
    2),(0.,0.282842712475),.PIECEWISE_BEZIER_KNOTS.);
#37 = CARTESIAN_POINT('',(2.5495,1.475,1.9000001));
#38 = CARTESIAN_POINT('',(2.3495,1.475,2.1000001));
#39 = ORIENTED_EDGE('',*,*,#40,.F.);
#40 = EDGE_CURVE('',#41,#34,#43,.T.);
#41 = VERTEX_POINT('',#42);
#42 = CARTESIAN_POINT('',(3.3495,1.475,2.1000001));
#43 = ( BOUNDED_CURVE() B_SPLINE_CURVE(2,(#44,#45,#46,#47,#48),
.UNSPECIFIED.,.F.,.F.) B_SPLINE_CURVE_WITH_KNOTS((3,2,3),(3.14159265359,
4.712388980385,6.28318530718),.PIECEWISE_BEZIER_KNOTS.) CURVE() 
GEOMETRIC_REPRESENTATION_ITEM() RATIONAL_B_SPLINE_CURVE((1.,
0.707106781187,1.,0.707106781187,1.)) REPRESENTATION_ITEM('') );
#44 = CARTESIAN_POINT('',(3.3495,1.475,2.1000001));
#45 = CARTESIAN_POINT('',(3.3495,1.975,2.1000001));
#46 = CARTESIAN_POINT('',(2.8495,1.975,2.1000001));
#47 = CARTESIAN_POINT('',(2.3495,1.975,2.1000001));
#48 = CARTESIAN_POINT('',(2.3495,1.475,2.1000001));
#49 = ORIENTED_EDGE('',*,*,#50,.F.);
#50 = EDGE_CURVE('',#24,#41,#51,.T.);
#51 = B_SPLINE_CURVE_WITH_KNOTS('',1,(#52,#53),.UNSPECIFIED.,.F.,.F.,(2,
    2),(0.,0.282842712475),.PIECEWISE_BEZIER_KNOTS.);
#52 = CARTESIAN_POINT('',(3.1495,1.475,1.9000001));
#53 = CARTESIAN_POINT('',(3.3495,1.475,2.1000001));
#54 = ( BOUNDED_SURFACE() B_SPLINE_SURFACE(2,1,(
    (#55,#56)
    ,(#57,#58)
    ,(#59,#60)
    ,(#61,#62)
,(#63,#64
    )),.UNSPECIFIED.,.F.,.F.,.F.) B_SPLINE_SURFACE_WITH_KNOTS((3,2,3),(2
    ,2),(0.,1.570796326795,3.14159265359),(-7.850462293419E-17,
    0.282842712475),.PIECEWISE_BEZIER_KNOTS.) 
GEOMETRIC_REPRESENTATION_ITEM() RATIONAL_B_SPLINE_SURFACE((
    (1.,1.)
    ,(0.707106781187,0.707106781187)
    ,(1.,1.)
    ,(0.707106781187,0.707106781187)
,(1.,1.))) REPRESENTATION_ITEM('') SURFACE() );
#55 = CARTESIAN_POINT('',(3.1495,1.475,1.9000001));
#56 = CARTESIAN_POINT('',(3.3495,1.475,2.1000001));
#57 = CARTESIAN_POINT('',(3.1495,1.775,1.9000001));
#58 = CARTESIAN_POINT('',(3.3495,1.975,2.1000001));
#59 = CARTESIAN_POINT('',(2.8495,1.775,1.9000001));
#60 = CARTESIAN_POINT('',(2.8495,1.975,2.1000001));
#61 = CARTESIAN_POINT('',(2.5495,1.775,1.9000001));
#62 = CARTESIAN_POINT('',(2.3495,1.975,2.1000001));
#63 = CARTESIAN_POINT('',(2.5495,1.475,1.9000001));
#64 = CARTESIAN_POINT('',(2.3495,1.475,2.1000001));
#65 = ADVANCED_FACE('',(#66),#91,.T.);
#66 = FACE_BOUND('',#67,.T.);
#67 = EDGE_LOOP('',(#68,#69,#76,#86));
#68 = ORIENTED_EDGE('',*,*,#40,.T.);
#69 = ORIENTED_EDGE('',*,*,#70,.T.);
#70 = EDGE_CURVE('',#34,#71,#73,.T.);
#71 = VERTEX_POINT('',#72);
#72 = CARTESIAN_POINT('',(2.3495,1.475,3.4000001));
#73 = B_SPLINE_CURVE_WITH_KNOTS('',1,(#74,#75),.UNSPECIFIED.,.F.,.F.,(2,
    2),(0.2,1.5),.PIECEWISE_BEZIER_KNOTS.);
#74 = CARTESIAN_POINT('',(2.3495,1.475,2.1000001));
#75 = CARTESIAN_POINT('',(2.3495,1.475,3.4000001));
#76 = ORIENTED_EDGE('',*,*,#77,.T.);
#77 = EDGE_CURVE('',#71,#78,#80,.T.);
#78 = VERTEX_POINT('',#79);
#79 = CARTESIAN_POINT('',(3.3495,1.475,3.4000001));
#80 = ( BOUNDED_CURVE() B_SPLINE_CURVE(2,(#81,#82,#83,#84,#85),
.UNSPECIFIED.,.F.,.F.) B_SPLINE_CURVE_WITH_KNOTS((3,2,3),(0.,
1.570796326795,3.14159265359),.PIECEWISE_BEZIER_KNOTS.) CURVE() 
GEOMETRIC_REPRESENTATION_ITEM() RATIONAL_B_SPLINE_CURVE((1.,
0.707106781187,1.,0.707106781187,1.)) REPRESENTATION_ITEM('') );
#81 = CARTESIAN_POINT('',(2.3495,1.475,3.4000001));
#82 = CARTESIAN_POINT('',(2.3495,1.975,3.4000001));
#83 = CARTESIAN_POINT('',(2.8495,1.975,3.4000001));
#84 = CARTESIAN_POINT('',(3.3495,1.975,3.4000001));
#85 = CARTESIAN_POINT('',(3.3495,1.475,3.4000001));
#86 = ORIENTED_EDGE('',*,*,#87,.F.);
#87 = EDGE_CURVE('',#41,#78,#88,.T.);
#88 = B_SPLINE_CURVE_WITH_KNOTS('',1,(#89,#90),.UNSPECIFIED.,.F.,.F.,(2,
    2),(0.2,1.5),.PIECEWISE_BEZIER_KNOTS.);
#89 = CARTESIAN_POINT('',(3.3495,1.475,2.1000001));
#90 = CARTESIAN_POINT('',(3.3495,1.475,3.4000001));
#91 = ( BOUNDED_SURFACE() B_SPLINE_SURFACE(2,1,(
    (#92,#93)
    ,(#94,#95)
    ,(#96,#97)
    ,(#98,#99)
,(#100,#101
    )),.UNSPECIFIED.,.F.,.F.,.F.) B_SPLINE_SURFACE_WITH_KNOTS((3,2,3),(2
    ,2),(0.,1.570796326795,3.14159265359),(0.2,1.5),
.PIECEWISE_BEZIER_KNOTS.) GEOMETRIC_REPRESENTATION_ITEM() 
RATIONAL_B_SPLINE_SURFACE((
    (1.,1.)
    ,(0.707106781187,0.707106781187)
    ,(1.,1.)
    ,(0.707106781187,0.707106781187)
,(1.,1.))) REPRESENTATION_ITEM('') SURFACE() );
#92 = CARTESIAN_POINT('',(3.3495,1.475,2.1000001));
#93 = CARTESIAN_POINT('',(3.3495,1.475,3.4000001));
#94 = CARTESIAN_POINT('',(3.3495,1.975,2.1000001));
#95 = CARTESIAN_POINT('',(3.3495,1.975,3.4000001));
#96 = CARTESIAN_POINT('',(2.8495,1.975,2.1000001));
#97 = CARTESIAN_POINT('',(2.8495,1.975,3.4000001));
#98 = CARTESIAN_POINT('',(2.3495,1.975,2.1000001));
#99 = CARTESIAN_POINT('',(2.3495,1.975,3.4000001));
#100 = CARTESIAN_POINT('',(2.3495,1.475,2.1000001));
#101 = CARTESIAN_POINT('',(2.3495,1.475,3.4000001));
#102 = ADVANCED_FACE('',(#103),#147,.F.);
#103 = FACE_BOUND('',#104,.T.);
#104 = EDGE_LOOP('',(#105,#114,#121,#128,#135,#142));
#105 = ORIENTED_EDGE('',*,*,#106,.T.);
#106 = EDGE_CURVE('',#107,#109,#111,.T.);
#107 = VERTEX_POINT('',#108);
#108 = CARTESIAN_POINT('',(2.135623304241,-2.375,10.4000001));
#109 = VERTEX_POINT('',#110);
#110 = CARTESIAN_POINT('',(2.135623304241,-2.875,10.4000001));
#111 = B_SPLINE_CURVE_WITH_KNOTS('',1,(#112,#113),.UNSPECIFIED.,.F.,.F.,
  (2,2),(0.3,0.8),.PIECEWISE_BEZIER_KNOTS.);
#112 = CARTESIAN_POINT('',(2.135623304241,-2.375,10.4000001));
#113 = CARTESIAN_POINT('',(2.135623304241,-2.875,10.4000001));
#114 = ORIENTED_EDGE('',*,*,#115,.T.);
#115 = EDGE_CURVE('',#109,#116,#118,.T.);
#116 = VERTEX_POINT('',#117);
#117 = CARTESIAN_POINT('',(3.6995,-2.875,10.4000001));
#118 = B_SPLINE_CURVE_WITH_KNOTS('',1,(#119,#120),.UNSPECIFIED.,.F.,.F.,
  (2,2),(5.836123304241,7.4),.PIECEWISE_BEZIER_KNOTS.);
#119 = CARTESIAN_POINT('',(2.135623304241,-2.875,10.4000001));
#120 = CARTESIAN_POINT('',(3.6995,-2.875,10.4000001));
#121 = ORIENTED_EDGE('',*,*,#122,.T.);
#122 = EDGE_CURVE('',#116,#123,#125,.T.);
#123 = VERTEX_POINT('',#124);
#124 = CARTESIAN_POINT('',(3.6995,-2.275,10.4000001));
#125 = B_SPLINE_CURVE_WITH_KNOTS('',1,(#126,#127),.UNSPECIFIED.,.F.,.F.,
  (2,2),(0.,0.6),.PIECEWISE_BEZIER_KNOTS.);
#126 = CARTESIAN_POINT('',(3.6995,-2.875,10.4000001));
#127 = CARTESIAN_POINT('',(3.6995,-2.275,10.4000001));
#128 = ORIENTED_EDGE('',*,*,#129,.F.);
#129 = EDGE_CURVE('',#130,#123,#132,.T.);
#130 = VERTEX_POINT('',#131);
#131 = CARTESIAN_POINT('',(3.1995,-2.275,10.4000001));
#132 = B_SPLINE_CURVE_WITH_KNOTS('',1,(#133,#134),.UNSPECIFIED.,.F.,.F.,
  (2,2),(6.9,7.4),.PIECEWISE_BEZIER_KNOTS.);
#133 = CARTESIAN_POINT('',(3.1995,-2.275,10.4000001));
#134 = CARTESIAN_POINT('',(3.6995,-2.275,10.4000001));
#135 = ORIENTED_EDGE('',*,*,#136,.F.);
#136 = EDGE_CURVE('',#137,#130,#139,.T.);
#137 = VERTEX_POINT('',#138);
#138 = CARTESIAN_POINT('',(3.1995,-2.375,10.4000001));
#139 = B_SPLINE_CURVE_WITH_KNOTS('',1,(#140,#141),.UNSPECIFIED.,.F.,.F.,
  (2,2),(0.,0.1),.PIECEWISE_BEZIER_KNOTS.);
#140 = CARTESIAN_POINT('',(3.1995,-2.375,10.4000001));
#141 = CARTESIAN_POINT('',(3.1995,-2.275,10.4000001));
#142 = ORIENTED_EDGE('',*,*,#143,.F.);
#143 = EDGE_CURVE('',#107,#137,#144,.T.);
#144 = B_SPLINE_CURVE_WITH_KNOTS('',1,(#145,#146),.UNSPECIFIED.,.F.,.F.,
  (2,2),(5.336123304241,6.4),.PIECEWISE_BEZIER_KNOTS.);
#145 = CARTESIAN_POINT('',(2.135623304241,-2.375,10.4000001));
#146 = CARTESIAN_POINT('',(3.1995,-2.375,10.4000001));
#147 = B_SPLINE_SURFACE_WITH_KNOTS('',1,1,(
    (#148,#149)
    ,(#150,#151
    )),.UNSPECIFIED.,.F.,.F.,.F.,(2,2),(2,2),(-3.7,-2.136123304241),(
    -2.875,-2.275),.PIECEWISE_BEZIER_KNOTS.);
#148 = CARTESIAN_POINT('',(3.6995,-2.875,10.4000001));
#149 = CARTESIAN_POINT('',(3.6995,-2.275,10.4000001));
#150 = CARTESIAN_POINT('',(2.135623304241,-2.875,10.4000001));
#151 = CARTESIAN_POINT('',(2.135623304241,-2.275,10.4000001));
#152 = ADVANCED_FACE('',(#153),#261,.F.);
#153 = FACE_BOUND('',#154,.T.);
#154 = EDGE_LOOP('',(#155,#162,#169,#176,#183,#191,#198,#206,#213,#220,
    #227,#234,#241,#248,#255,#260));
#155 = ORIENTED_EDGE('',*,*,#156,.T.);
#156 = EDGE_CURVE('',#109,#157,#159,.T.);
#157 = VERTEX_POINT('',#158);
#158 = CARTESIAN_POINT('',(1.5695,-2.875,9.932163794536));
#159 = B_SPLINE_CURVE_WITH_KNOTS('',1,(#160,#161),.UNSPECIFIED.,.F.,.F.,
  (2,2),(0.,0.734415689044),.PIECEWISE_BEZIER_KNOTS.);
#160 = CARTESIAN_POINT('',(2.135623304241,-2.875,10.4000001));
#161 = CARTESIAN_POINT('',(1.5695,-2.875,9.932163794536));
#162 = ORIENTED_EDGE('',*,*,#163,.T.);
#163 = EDGE_CURVE('',#157,#164,#166,.T.);
#164 = VERTEX_POINT('',#165);
#165 = CARTESIAN_POINT('',(1.5695,-2.875,9.87304848144));
#166 = B_SPLINE_CURVE_WITH_KNOTS('',1,(#167,#168),.UNSPECIFIED.,.F.,.F.,
  (2,2),(0.,5.911531309579E-02),.PIECEWISE_BEZIER_KNOTS.);
#167 = CARTESIAN_POINT('',(1.5695,-2.875,9.932163794536));
#168 = CARTESIAN_POINT('',(1.5695,-2.875,9.87304848144));
#169 = ORIENTED_EDGE('',*,*,#170,.T.);
#170 = EDGE_CURVE('',#164,#171,#173,.T.);
#171 = VERTEX_POINT('',#172);
#172 = CARTESIAN_POINT('',(1.6695,-2.875,9.702376633345));
#173 = B_SPLINE_CURVE_WITH_KNOTS('',1,(#174,#175),.UNSPECIFIED.,.F.,.F.,
  (2,2),(0.,0.197810211395),.PIECEWISE_BEZIER_KNOTS.);
#174 = CARTESIAN_POINT('',(1.5695,-2.875,9.87304848144));
#175 = CARTESIAN_POINT('',(1.6695,-2.875,9.702376633345));
#176 = ORIENTED_EDGE('',*,*,#177,.T.);
#177 = EDGE_CURVE('',#171,#178,#180,.T.);
#178 = VERTEX_POINT('',#179);
#179 = CARTESIAN_POINT('',(1.6695,-2.875,8.63580544711));
#180 = B_SPLINE_CURVE_WITH_KNOTS('',1,(#181,#182),.UNSPECIFIED.,.F.,.F.,
  (2,2),(0.,1.066571186235),.PIECEWISE_BEZIER_KNOTS.);
#181 = CARTESIAN_POINT('',(1.6695,-2.875,9.702376633345));
#182 = CARTESIAN_POINT('',(1.6695,-2.875,8.63580544711));
#183 = ORIENTED_EDGE('',*,*,#184,.T.);
#184 = EDGE_CURVE('',#178,#185,#187,.T.);
#185 = VERTEX_POINT('',#186);
#186 = CARTESIAN_POINT('',(1.2995,-2.875,7.4000001));
#187 = ( BOUNDED_CURVE() B_SPLINE_CURVE(2,(#188,#189,#190),
.UNSPECIFIED.,.F.,.F.) B_SPLINE_CURVE_WITH_KNOTS((3,3),(4.712388980385,
5.294201290585),.PIECEWISE_BEZIER_KNOTS.) CURVE() 
GEOMETRIC_REPRESENTATION_ITEM() RATIONAL_B_SPLINE_CURVE((1.,
0.957984365066,1.)) REPRESENTATION_ITEM('') );
#188 = CARTESIAN_POINT('',(1.6695,-2.875,8.63580544711));
#189 = CARTESIAN_POINT('',(1.6695,-2.875,7.962513791658));
#190 = CARTESIAN_POINT('',(1.2995,-2.875,7.4000001));
#191 = ORIENTED_EDGE('',*,*,#192,.F.);
#192 = EDGE_CURVE('',#193,#185,#195,.T.);
#193 = VERTEX_POINT('',#194);
#194 = CARTESIAN_POINT('',(-1.3005,-2.875,7.4000001));
#195 = B_SPLINE_CURVE_WITH_KNOTS('',1,(#196,#197),.UNSPECIFIED.,.F.,.F.,
  (2,2),(-2.22044604925E-16,2.6),.PIECEWISE_BEZIER_KNOTS.);
#196 = CARTESIAN_POINT('',(-1.3005,-2.875,7.4000001));
#197 = CARTESIAN_POINT('',(1.2995,-2.875,7.4000001));
#198 = ORIENTED_EDGE('',*,*,#199,.F.);
#199 = EDGE_CURVE('',#200,#193,#202,.T.);
#200 = VERTEX_POINT('',#201);
#201 = CARTESIAN_POINT('',(-1.6705,-2.875,8.63580544711));
#202 = ( BOUNDED_CURVE() B_SPLINE_CURVE(2,(#203,#204,#205),
.UNSPECIFIED.,.F.,.F.) B_SPLINE_CURVE_WITH_KNOTS((3,3),(4.712388980385,
5.294201290585),.PIECEWISE_BEZIER_KNOTS.) CURVE() 
GEOMETRIC_REPRESENTATION_ITEM() RATIONAL_B_SPLINE_CURVE((1.,
0.957984365066,1.)) REPRESENTATION_ITEM('') );
#203 = CARTESIAN_POINT('',(-1.6705,-2.875,8.63580544711));
#204 = CARTESIAN_POINT('',(-1.6705,-2.875,7.962513791658));
#205 = CARTESIAN_POINT('',(-1.3005,-2.875,7.4000001));
#206 = ORIENTED_EDGE('',*,*,#207,.F.);
#207 = EDGE_CURVE('',#208,#200,#210,.T.);
#208 = VERTEX_POINT('',#209);
#209 = CARTESIAN_POINT('',(-1.6705,-2.875,9.702376633345));
#210 = B_SPLINE_CURVE_WITH_KNOTS('',1,(#211,#212),.UNSPECIFIED.,.F.,.F.,
  (2,2),(0.,1.066571186235),.PIECEWISE_BEZIER_KNOTS.);
#211 = CARTESIAN_POINT('',(-1.6705,-2.875,9.702376633345));
#212 = CARTESIAN_POINT('',(-1.6705,-2.875,8.63580544711));
#213 = ORIENTED_EDGE('',*,*,#214,.F.);
#214 = EDGE_CURVE('',#215,#208,#217,.T.);
#215 = VERTEX_POINT('',#216);
#216 = CARTESIAN_POINT('',(-1.5705,-2.875,9.87304848144));
#217 = B_SPLINE_CURVE_WITH_KNOTS('',1,(#218,#219),.UNSPECIFIED.,.F.,.F.,
  (2,2),(0.,0.197810211395),.PIECEWISE_BEZIER_KNOTS.);
#218 = CARTESIAN_POINT('',(-1.5705,-2.875,9.87304848144));
#219 = CARTESIAN_POINT('',(-1.6705,-2.875,9.702376633345));
#220 = ORIENTED_EDGE('',*,*,#221,.F.);
#221 = EDGE_CURVE('',#222,#215,#224,.T.);
#222 = VERTEX_POINT('',#223);
#223 = CARTESIAN_POINT('',(-1.5705,-2.875,9.932163794536));
#224 = B_SPLINE_CURVE_WITH_KNOTS('',1,(#225,#226),.UNSPECIFIED.,.F.,.F.,
  (2,2),(0.,5.911531309579E-02),.PIECEWISE_BEZIER_KNOTS.);
#225 = CARTESIAN_POINT('',(-1.5705,-2.875,9.932163794536));
#226 = CARTESIAN_POINT('',(-1.5705,-2.875,9.87304848144));
#227 = ORIENTED_EDGE('',*,*,#228,.F.);
#228 = EDGE_CURVE('',#229,#222,#231,.T.);
#229 = VERTEX_POINT('',#230);
#230 = CARTESIAN_POINT('',(-2.136623304241,-2.875,10.4000001));
#231 = B_SPLINE_CURVE_WITH_KNOTS('',1,(#232,#233),.UNSPECIFIED.,.F.,.F.,
  (2,2),(0.,0.734415689044),.PIECEWISE_BEZIER_KNOTS.);
#232 = CARTESIAN_POINT('',(-2.136623304241,-2.875,10.4000001));
#233 = CARTESIAN_POINT('',(-1.5705,-2.875,9.932163794536));
#234 = ORIENTED_EDGE('',*,*,#235,.F.);
#235 = EDGE_CURVE('',#236,#229,#238,.T.);
#236 = VERTEX_POINT('',#237);
#237 = CARTESIAN_POINT('',(-3.7005,-2.875,10.4000001));
#238 = B_SPLINE_CURVE_WITH_KNOTS('',1,(#239,#240),.UNSPECIFIED.,.F.,.F.,
  (2,2),(0.,1.563876695759),.PIECEWISE_BEZIER_KNOTS.);
#239 = CARTESIAN_POINT('',(-3.7005,-2.875,10.4000001));
#240 = CARTESIAN_POINT('',(-2.136623304241,-2.875,10.4000001));
#241 = ORIENTED_EDGE('',*,*,#242,.T.);
#242 = EDGE_CURVE('',#236,#243,#245,.T.);
#243 = VERTEX_POINT('',#244);
#244 = CARTESIAN_POINT('',(-3.7005,-2.875,3.4000001));
#245 = B_SPLINE_CURVE_WITH_KNOTS('',1,(#246,#247),.UNSPECIFIED.,.F.,.F.,
  (2,2),(-0.,7.),.PIECEWISE_BEZIER_KNOTS.);
#246 = CARTESIAN_POINT('',(-3.7005,-2.875,10.4000001));
#247 = CARTESIAN_POINT('',(-3.7005,-2.875,3.4000001));
#248 = ORIENTED_EDGE('',*,*,#249,.T.);
#249 = EDGE_CURVE('',#243,#250,#252,.T.);
#250 = VERTEX_POINT('',#251);
#251 = CARTESIAN_POINT('',(3.6995,-2.875,3.4000001));
#252 = B_SPLINE_CURVE_WITH_KNOTS('',1,(#253,#254),.UNSPECIFIED.,.F.,.F.,
  (2,2),(0.,7.4),.PIECEWISE_BEZIER_KNOTS.);
#253 = CARTESIAN_POINT('',(-3.7005,-2.875,3.4000001));
#254 = CARTESIAN_POINT('',(3.6995,-2.875,3.4000001));
#255 = ORIENTED_EDGE('',*,*,#256,.F.);
#256 = EDGE_CURVE('',#116,#250,#257,.T.);
#257 = B_SPLINE_CURVE_WITH_KNOTS('',1,(#258,#259),.UNSPECIFIED.,.F.,.F.,
  (2,2),(-0.,7.),.PIECEWISE_BEZIER_KNOTS.);
#258 = CARTESIAN_POINT('',(3.6995,-2.875,10.4000001));
#259 = CARTESIAN_POINT('',(3.6995,-2.875,3.4000001));
#260 = ORIENTED_EDGE('',*,*,#115,.F.);
#261 = B_SPLINE_SURFACE_WITH_KNOTS('',1,1,(
    (#262,#263)
    ,(#264,#265
    )),.UNSPECIFIED.,.F.,.F.,.F.,(2,2),(2,2),(-7.,0.),(0.,7.4),
  .PIECEWISE_BEZIER_KNOTS.);
#262 = CARTESIAN_POINT('',(-3.7005,-2.875,3.4000001));
#263 = CARTESIAN_POINT('',(3.6995,-2.875,3.4000001));
#264 = CARTESIAN_POINT('',(-3.7005,-2.875,10.4000001));
#265 = CARTESIAN_POINT('',(3.6995,-2.875,10.4000001));
#266 = ADVANCED_FACE('',(#267),#375,.F.);
#267 = FACE_BOUND('',#268,.T.);
#268 = EDGE_LOOP('',(#269,#276,#277,#284,#291,#298,#305,#312,#319,#326,
    #333,#341,#348,#356,#363,#370));
#269 = ORIENTED_EDGE('',*,*,#270,.F.);
#270 = EDGE_CURVE('',#107,#271,#273,.T.);
#271 = VERTEX_POINT('',#272);
#272 = CARTESIAN_POINT('',(1.5695,-2.375,9.932163794536));
#273 = B_SPLINE_CURVE_WITH_KNOTS('',1,(#274,#275),.UNSPECIFIED.,.F.,.F.,
  (2,2),(-6.916224117547,-6.181808428503),.PIECEWISE_BEZIER_KNOTS.);
#274 = CARTESIAN_POINT('',(2.135623304241,-2.375,10.4000001));
#275 = CARTESIAN_POINT('',(1.5695,-2.375,9.932163794536));
#276 = ORIENTED_EDGE('',*,*,#143,.T.);
#277 = ORIENTED_EDGE('',*,*,#278,.F.);
#278 = EDGE_CURVE('',#279,#137,#281,.T.);
#279 = VERTEX_POINT('',#280);
#280 = CARTESIAN_POINT('',(3.1995,-2.375,6.0000001));
#281 = B_SPLINE_CURVE_WITH_KNOTS('',1,(#282,#283),.UNSPECIFIED.,.F.,.F.,
  (2,2),(0.,4.4),.PIECEWISE_BEZIER_KNOTS.);
#282 = CARTESIAN_POINT('',(3.1995,-2.375,6.0000001));
#283 = CARTESIAN_POINT('',(3.1995,-2.375,10.4000001));
#284 = ORIENTED_EDGE('',*,*,#285,.F.);
#285 = EDGE_CURVE('',#286,#279,#288,.T.);
#286 = VERTEX_POINT('',#287);
#287 = CARTESIAN_POINT('',(-3.2005,-2.375,6.0000001));
#288 = B_SPLINE_CURVE_WITH_KNOTS('',1,(#289,#290),.UNSPECIFIED.,.F.,.F.,
  (2,2),(0.,6.4),.PIECEWISE_BEZIER_KNOTS.);
#289 = CARTESIAN_POINT('',(-3.2005,-2.375,6.0000001));
#290 = CARTESIAN_POINT('',(3.1995,-2.375,6.0000001));
#291 = ORIENTED_EDGE('',*,*,#292,.T.);
#292 = EDGE_CURVE('',#286,#293,#295,.T.);
#293 = VERTEX_POINT('',#294);
#294 = CARTESIAN_POINT('',(-3.2005,-2.375,10.4000001));
#295 = B_SPLINE_CURVE_WITH_KNOTS('',1,(#296,#297),.UNSPECIFIED.,.F.,.F.,
  (2,2),(0.,4.4),.PIECEWISE_BEZIER_KNOTS.);
#296 = CARTESIAN_POINT('',(-3.2005,-2.375,6.0000001));
#297 = CARTESIAN_POINT('',(-3.2005,-2.375,10.4000001));
#298 = ORIENTED_EDGE('',*,*,#299,.T.);
#299 = EDGE_CURVE('',#293,#300,#302,.T.);
#300 = VERTEX_POINT('',#301);
#301 = CARTESIAN_POINT('',(-2.136623304241,-2.375,10.4000001));
#302 = B_SPLINE_CURVE_WITH_KNOTS('',1,(#303,#304),.UNSPECIFIED.,.F.,.F.,
  (2,2),(0.,1.063876695759),.PIECEWISE_BEZIER_KNOTS.);
#303 = CARTESIAN_POINT('',(-3.2005,-2.375,10.4000001));
#304 = CARTESIAN_POINT('',(-2.136623304241,-2.375,10.4000001));
#305 = ORIENTED_EDGE('',*,*,#306,.T.);
#306 = EDGE_CURVE('',#300,#307,#309,.T.);
#307 = VERTEX_POINT('',#308);
#308 = CARTESIAN_POINT('',(-1.5705,-2.375,9.932163794536));
#309 = B_SPLINE_CURVE_WITH_KNOTS('',1,(#310,#311),.UNSPECIFIED.,.F.,.F.,
  (2,2),(-1.982793090421,-1.248377401377),.PIECEWISE_BEZIER_KNOTS.);
#310 = CARTESIAN_POINT('',(-2.136623304241,-2.375,10.4000001));
#311 = CARTESIAN_POINT('',(-1.5705,-2.375,9.932163794536));
#312 = ORIENTED_EDGE('',*,*,#313,.T.);
#313 = EDGE_CURVE('',#307,#314,#316,.T.);
#314 = VERTEX_POINT('',#315);
#315 = CARTESIAN_POINT('',(-1.5705,-2.375,9.87304848144));
#316 = B_SPLINE_CURVE_WITH_KNOTS('',1,(#317,#318),.UNSPECIFIED.,.F.,.F.,
  (2,2),(-3.932163694536,-3.87304838144),.PIECEWISE_BEZIER_KNOTS.);
#317 = CARTESIAN_POINT('',(-1.5705,-2.375,9.932163794536));
#318 = CARTESIAN_POINT('',(-1.5705,-2.375,9.87304848144));
#319 = ORIENTED_EDGE('',*,*,#320,.T.);
#320 = EDGE_CURVE('',#314,#321,#323,.T.);
#321 = VERTEX_POINT('',#322);
#322 = CARTESIAN_POINT('',(-1.6705,-2.375,9.702376633345));
#323 = B_SPLINE_CURVE_WITH_KNOTS('',1,(#324,#325),.UNSPECIFIED.,.F.,.F.,
  (2,2),(-4.16571176589,-3.967901554495),.PIECEWISE_BEZIER_KNOTS.);
#324 = CARTESIAN_POINT('',(-1.5705,-2.375,9.87304848144));
#325 = CARTESIAN_POINT('',(-1.6705,-2.375,9.702376633345));
#326 = ORIENTED_EDGE('',*,*,#327,.T.);
#327 = EDGE_CURVE('',#321,#328,#330,.T.);
#328 = VERTEX_POINT('',#329);
#329 = CARTESIAN_POINT('',(-1.6705,-2.375,8.63580544711));
#330 = B_SPLINE_CURVE_WITH_KNOTS('',1,(#331,#332),.UNSPECIFIED.,.F.,.F.,
  (2,2),(-3.702376533345,-2.63580534711),.PIECEWISE_BEZIER_KNOTS.);
#331 = CARTESIAN_POINT('',(-1.6705,-2.375,9.702376633345));
#332 = CARTESIAN_POINT('',(-1.6705,-2.375,8.63580544711));
#333 = ORIENTED_EDGE('',*,*,#334,.T.);
#334 = EDGE_CURVE('',#328,#335,#337,.T.);
#335 = VERTEX_POINT('',#336);
#336 = CARTESIAN_POINT('',(-1.3005,-2.375,7.4000001));
#337 = ( BOUNDED_CURVE() B_SPLINE_CURVE(2,(#338,#339,#340),
.UNSPECIFIED.,.F.,.F.) B_SPLINE_CURVE_WITH_KNOTS((3,3),(4.712388980385,
5.294201290585),.PIECEWISE_BEZIER_KNOTS.) CURVE() 
GEOMETRIC_REPRESENTATION_ITEM() RATIONAL_B_SPLINE_CURVE((1.,
0.957984365066,1.)) REPRESENTATION_ITEM('') );
#338 = CARTESIAN_POINT('',(-1.6705,-2.375,8.63580544711));
#339 = CARTESIAN_POINT('',(-1.6705,-2.375,7.962513791658));
#340 = CARTESIAN_POINT('',(-1.3005,-2.375,7.4000001));
#341 = ORIENTED_EDGE('',*,*,#342,.T.);
#342 = EDGE_CURVE('',#335,#343,#345,.T.);
#343 = VERTEX_POINT('',#344);
#344 = CARTESIAN_POINT('',(1.2995,-2.375,7.4000001));
#345 = B_SPLINE_CURVE_WITH_KNOTS('',1,(#346,#347),.UNSPECIFIED.,.F.,.F.,
  (2,2),(1.9,4.5),.PIECEWISE_BEZIER_KNOTS.);
#346 = CARTESIAN_POINT('',(-1.3005,-2.375,7.4000001));
#347 = CARTESIAN_POINT('',(1.2995,-2.375,7.4000001));
#348 = ORIENTED_EDGE('',*,*,#349,.F.);
#349 = EDGE_CURVE('',#350,#343,#352,.T.);
#350 = VERTEX_POINT('',#351);
#351 = CARTESIAN_POINT('',(1.6695,-2.375,8.63580544711));
#352 = ( BOUNDED_CURVE() B_SPLINE_CURVE(2,(#353,#354,#355),
.UNSPECIFIED.,.F.,.F.) B_SPLINE_CURVE_WITH_KNOTS((3,3),(4.712388980385,
5.294201290585),.PIECEWISE_BEZIER_KNOTS.) CURVE() 
GEOMETRIC_REPRESENTATION_ITEM() RATIONAL_B_SPLINE_CURVE((1.,
0.957984365066,1.)) REPRESENTATION_ITEM('') );
#353 = CARTESIAN_POINT('',(1.6695,-2.375,8.63580544711));
#354 = CARTESIAN_POINT('',(1.6695,-2.375,7.962513791658));
#355 = CARTESIAN_POINT('',(1.2995,-2.375,7.4000001));
#356 = ORIENTED_EDGE('',*,*,#357,.F.);
#357 = EDGE_CURVE('',#358,#350,#360,.T.);
#358 = VERTEX_POINT('',#359);
#359 = CARTESIAN_POINT('',(1.6695,-2.375,9.702376633345));
#360 = B_SPLINE_CURVE_WITH_KNOTS('',1,(#361,#362),.UNSPECIFIED.,.F.,.F.,
  (2,2),(-3.702376533345,-2.63580534711),.PIECEWISE_BEZIER_KNOTS.);
#361 = CARTESIAN_POINT('',(1.6695,-2.375,9.702376633345));
#362 = CARTESIAN_POINT('',(1.6695,-2.375,8.63580544711));
#363 = ORIENTED_EDGE('',*,*,#364,.F.);
#364 = EDGE_CURVE('',#365,#358,#367,.T.);
#365 = VERTEX_POINT('',#366);
#366 = CARTESIAN_POINT('',(1.5695,-2.375,9.87304848144));
#367 = B_SPLINE_CURVE_WITH_KNOTS('',1,(#368,#369),.UNSPECIFIED.,.F.,.F.,
  (2,2),(-0.930287287615,-0.73247707622),.PIECEWISE_BEZIER_KNOTS.);
#368 = CARTESIAN_POINT('',(1.5695,-2.375,9.87304848144));
#369 = CARTESIAN_POINT('',(1.6695,-2.375,9.702376633345));
#370 = ORIENTED_EDGE('',*,*,#371,.F.);
#371 = EDGE_CURVE('',#271,#365,#372,.T.);
#372 = B_SPLINE_CURVE_WITH_KNOTS('',1,(#373,#374),.UNSPECIFIED.,.F.,.F.,
  (2,2),(-3.932163694536,-3.87304838144),.PIECEWISE_BEZIER_KNOTS.);
#373 = CARTESIAN_POINT('',(1.5695,-2.375,9.932163794536));
#374 = CARTESIAN_POINT('',(1.5695,-2.375,9.87304848144));
#375 = B_SPLINE_SURFACE_WITH_KNOTS('',1,1,(
    (#376,#377)
    ,(#378,#379
    )),.UNSPECIFIED.,.F.,.F.,.F.,(2,2),(2,2),(-4.4,0.),(0.,6.4),
  .PIECEWISE_BEZIER_KNOTS.);
#376 = CARTESIAN_POINT('',(-3.2005,-2.375,10.4000001));
#377 = CARTESIAN_POINT('',(3.1995,-2.375,10.4000001));
#378 = CARTESIAN_POINT('',(-3.2005,-2.375,6.0000001));
#379 = CARTESIAN_POINT('',(3.1995,-2.375,6.0000001));
#380 = ADVANCED_FACE('',(#381),#439,.F.);
#381 = FACE_BOUND('',#382,.T.);
#382 = EDGE_LOOP('',(#383,#392,#399,#406,#413,#420,#427,#434));
#383 = ORIENTED_EDGE('',*,*,#384,.T.);
#384 = EDGE_CURVE('',#385,#387,#389,.T.);
#385 = VERTEX_POINT('',#386);
#386 = CARTESIAN_POINT('',(-3.7005,2.875,10.4000001));
#387 = VERTEX_POINT('',#388);
#388 = CARTESIAN_POINT('',(-3.7005,-1.475,10.4000001));
#389 = B_SPLINE_CURVE_WITH_KNOTS('',1,(#390,#391),.UNSPECIFIED.,.F.,.F.,
  (2,2),(-5.75,-1.4),.PIECEWISE_BEZIER_KNOTS.);
#390 = CARTESIAN_POINT('',(-3.7005,2.875,10.4000001));
#391 = CARTESIAN_POINT('',(-3.7005,-1.475,10.4000001));
#392 = ORIENTED_EDGE('',*,*,#393,.T.);
#393 = EDGE_CURVE('',#387,#394,#396,.T.);
#394 = VERTEX_POINT('',#395);
#395 = CARTESIAN_POINT('',(-3.2005,-1.475,10.4000001));
#396 = B_SPLINE_CURVE_WITH_KNOTS('',1,(#397,#398),.UNSPECIFIED.,.F.,.F.,
  (2,2),(0.,0.5),.PIECEWISE_BEZIER_KNOTS.);
#397 = CARTESIAN_POINT('',(-3.7005,-1.475,10.4000001));
#398 = CARTESIAN_POINT('',(-3.2005,-1.475,10.4000001));
#399 = ORIENTED_EDGE('',*,*,#400,.F.);
#400 = EDGE_CURVE('',#401,#394,#403,.T.);
#401 = VERTEX_POINT('',#402);
#402 = CARTESIAN_POINT('',(-3.2005,2.375,10.4000001));
#403 = B_SPLINE_CURVE_WITH_KNOTS('',1,(#404,#405),.UNSPECIFIED.,.F.,.F.,
  (2,2),(0.,3.85),.PIECEWISE_BEZIER_KNOTS.);
#404 = CARTESIAN_POINT('',(-3.2005,2.375,10.4000001));
#405 = CARTESIAN_POINT('',(-3.2005,-1.475,10.4000001));
#406 = ORIENTED_EDGE('',*,*,#407,.F.);
#407 = EDGE_CURVE('',#408,#401,#410,.T.);
#408 = VERTEX_POINT('',#409);
#409 = CARTESIAN_POINT('',(3.1995,2.375,10.4000001));
#410 = B_SPLINE_CURVE_WITH_KNOTS('',1,(#411,#412),.UNSPECIFIED.,.F.,.F.,
  (2,2),(0.,6.4),.PIECEWISE_BEZIER_KNOTS.);
#411 = CARTESIAN_POINT('',(3.1995,2.375,10.4000001));
#412 = CARTESIAN_POINT('',(-3.2005,2.375,10.4000001));
#413 = ORIENTED_EDGE('',*,*,#414,.F.);
#414 = EDGE_CURVE('',#415,#408,#417,.T.);
#415 = VERTEX_POINT('',#416);
#416 = CARTESIAN_POINT('',(3.1995,-1.475,10.4000001));
#417 = B_SPLINE_CURVE_WITH_KNOTS('',1,(#418,#419),.UNSPECIFIED.,.F.,.F.,
  (2,2),(0.9,4.75),.PIECEWISE_BEZIER_KNOTS.);
#418 = CARTESIAN_POINT('',(3.1995,-1.475,10.4000001));
#419 = CARTESIAN_POINT('',(3.1995,2.375,10.4000001));
#420 = ORIENTED_EDGE('',*,*,#421,.T.);
#421 = EDGE_CURVE('',#415,#422,#424,.T.);
#422 = VERTEX_POINT('',#423);
#423 = CARTESIAN_POINT('',(3.6995,-1.475,10.4000001));
#424 = B_SPLINE_CURVE_WITH_KNOTS('',1,(#425,#426),.UNSPECIFIED.,.F.,.F.,
  (2,2),(6.9,7.4),.PIECEWISE_BEZIER_KNOTS.);
#425 = CARTESIAN_POINT('',(3.1995,-1.475,10.4000001));
#426 = CARTESIAN_POINT('',(3.6995,-1.475,10.4000001));
#427 = ORIENTED_EDGE('',*,*,#428,.T.);
#428 = EDGE_CURVE('',#422,#429,#431,.T.);
#429 = VERTEX_POINT('',#430);
#430 = CARTESIAN_POINT('',(3.6995,2.875,10.4000001));
#431 = B_SPLINE_CURVE_WITH_KNOTS('',1,(#432,#433),.UNSPECIFIED.,.F.,.F.,
  (2,2),(1.4,5.75),.PIECEWISE_BEZIER_KNOTS.);
#432 = CARTESIAN_POINT('',(3.6995,-1.475,10.4000001));
#433 = CARTESIAN_POINT('',(3.6995,2.875,10.4000001));
#434 = ORIENTED_EDGE('',*,*,#435,.T.);
#435 = EDGE_CURVE('',#429,#385,#436,.T.);
#436 = B_SPLINE_CURVE_WITH_KNOTS('',1,(#437,#438),.UNSPECIFIED.,.F.,.F.,
  (2,2),(-7.4,-0.),.PIECEWISE_BEZIER_KNOTS.);
#437 = CARTESIAN_POINT('',(3.6995,2.875,10.4000001));
#438 = CARTESIAN_POINT('',(-3.7005,2.875,10.4000001));
#439 = B_SPLINE_SURFACE_WITH_KNOTS('',1,1,(
    (#440,#441)
    ,(#442,#443
    )),.UNSPECIFIED.,.F.,.F.,.F.,(2,2),(2,2),(-3.7,3.7),(-1.475,2.875),
  .PIECEWISE_BEZIER_KNOTS.);
#440 = CARTESIAN_POINT('',(3.6995,-1.475,10.4000001));
#441 = CARTESIAN_POINT('',(3.6995,2.875,10.4000001));
#442 = CARTESIAN_POINT('',(-3.7005,-1.475,10.4000001));
#443 = CARTESIAN_POINT('',(-3.7005,2.875,10.4000001));
#444 = ADVANCED_FACE('',(#445),#482,.F.);
#445 = FACE_BOUND('',#446,.T.);
#446 = EDGE_LOOP('',(#447,#448,#455,#463,#468,#469,#470,#477));
#447 = ORIENTED_EDGE('',*,*,#428,.F.);
#448 = ORIENTED_EDGE('',*,*,#449,.F.);
#449 = EDGE_CURVE('',#450,#422,#452,.T.);
#450 = VERTEX_POINT('',#451);
#451 = CARTESIAN_POINT('',(3.6995,-1.475,7.4000001));
#452 = B_SPLINE_CURVE_WITH_KNOTS('',1,(#453,#454),.UNSPECIFIED.,.F.,.F.,
  (2,2),(-3.,0.),.PIECEWISE_BEZIER_KNOTS.);
#453 = CARTESIAN_POINT('',(3.6995,-1.475,7.4000001));
#454 = CARTESIAN_POINT('',(3.6995,-1.475,10.4000001));
#455 = ORIENTED_EDGE('',*,*,#456,.T.);
#456 = EDGE_CURVE('',#450,#457,#459,.T.);
#457 = VERTEX_POINT('',#458);
#458 = CARTESIAN_POINT('',(3.6995,-2.275,8.2000001));
#459 = ( BOUNDED_CURVE() B_SPLINE_CURVE(2,(#460,#461,#462),
.UNSPECIFIED.,.F.,.F.) B_SPLINE_CURVE_WITH_KNOTS((3,3),(3.14159265359,
4.712388980385),.PIECEWISE_BEZIER_KNOTS.) CURVE() 
GEOMETRIC_REPRESENTATION_ITEM() RATIONAL_B_SPLINE_CURVE((1.,
0.707106781187,1.)) REPRESENTATION_ITEM('') );
#460 = CARTESIAN_POINT('',(3.6995,-1.475,7.4000001));
#461 = CARTESIAN_POINT('',(3.6995,-2.275,7.4000001));
#462 = CARTESIAN_POINT('',(3.6995,-2.275,8.2000001));
#463 = ORIENTED_EDGE('',*,*,#464,.F.);
#464 = EDGE_CURVE('',#123,#457,#465,.T.);
#465 = B_SPLINE_CURVE_WITH_KNOTS('',1,(#466,#467),.UNSPECIFIED.,.F.,.F.,
  (2,2),(0.,2.2),.PIECEWISE_BEZIER_KNOTS.);
#466 = CARTESIAN_POINT('',(3.6995,-2.275,10.4000001));
#467 = CARTESIAN_POINT('',(3.6995,-2.275,8.2000001));
#468 = ORIENTED_EDGE('',*,*,#122,.F.);
#469 = ORIENTED_EDGE('',*,*,#256,.T.);
#470 = ORIENTED_EDGE('',*,*,#471,.T.);
#471 = EDGE_CURVE('',#250,#472,#474,.T.);
#472 = VERTEX_POINT('',#473);
#473 = CARTESIAN_POINT('',(3.6995,2.875,3.4000001));
#474 = B_SPLINE_CURVE_WITH_KNOTS('',1,(#475,#476),.UNSPECIFIED.,.F.,.F.,
  (2,2),(0.,5.75),.PIECEWISE_BEZIER_KNOTS.);
#475 = CARTESIAN_POINT('',(3.6995,-2.875,3.4000001));
#476 = CARTESIAN_POINT('',(3.6995,2.875,3.4000001));
#477 = ORIENTED_EDGE('',*,*,#478,.F.);
#478 = EDGE_CURVE('',#429,#472,#479,.T.);
#479 = B_SPLINE_CURVE_WITH_KNOTS('',1,(#480,#481),.UNSPECIFIED.,.F.,.F.,
  (2,2),(-0.,7.),.PIECEWISE_BEZIER_KNOTS.);
#480 = CARTESIAN_POINT('',(3.6995,2.875,10.4000001));
#481 = CARTESIAN_POINT('',(3.6995,2.875,3.4000001));
#482 = B_SPLINE_SURFACE_WITH_KNOTS('',1,1,(
    (#483,#484)
    ,(#485,#486
    )),.UNSPECIFIED.,.F.,.F.,.F.,(2,2),(2,2),(-7.,0.),(0.,5.75),
  .PIECEWISE_BEZIER_KNOTS.);
#483 = CARTESIAN_POINT('',(3.6995,-2.875,3.4000001));
#484 = CARTESIAN_POINT('',(3.6995,2.875,3.4000001));
#485 = CARTESIAN_POINT('',(3.6995,-2.875,10.4000001));
#486 = CARTESIAN_POINT('',(3.6995,2.875,10.4000001));
#487 = ADVANCED_FACE('',(#488),#504,.F.);
#488 = FACE_BOUND('',#489,.T.);
#489 = EDGE_LOOP('',(#490,#497,#502,#503));
#490 = ORIENTED_EDGE('',*,*,#491,.T.);
#491 = EDGE_CURVE('',#472,#492,#494,.T.);
#492 = VERTEX_POINT('',#493);
#493 = CARTESIAN_POINT('',(-3.7005,2.875,3.4000001));
#494 = B_SPLINE_CURVE_WITH_KNOTS('',1,(#495,#496),.UNSPECIFIED.,.F.,.F.,
  (2,2),(-7.4,-0.),.PIECEWISE_BEZIER_KNOTS.);
#495 = CARTESIAN_POINT('',(3.6995,2.875,3.4000001));
#496 = CARTESIAN_POINT('',(-3.7005,2.875,3.4000001));
#497 = ORIENTED_EDGE('',*,*,#498,.F.);
#498 = EDGE_CURVE('',#385,#492,#499,.T.);
#499 = B_SPLINE_CURVE_WITH_KNOTS('',1,(#500,#501),.UNSPECIFIED.,.F.,.F.,
  (2,2),(-0.,7.),.PIECEWISE_BEZIER_KNOTS.);
#500 = CARTESIAN_POINT('',(-3.7005,2.875,10.4000001));
#501 = CARTESIAN_POINT('',(-3.7005,2.875,3.4000001));
#502 = ORIENTED_EDGE('',*,*,#435,.F.);
#503 = ORIENTED_EDGE('',*,*,#478,.T.);
#504 = B_SPLINE_SURFACE_WITH_KNOTS('',1,1,(
    (#505,#506)
    ,(#507,#508
  )),.UNSPECIFIED.,.F.,.F.,.F.,(2,2),(2,2),(0.,7.),(0.,7.4),
  .PIECEWISE_BEZIER_KNOTS.);
#505 = CARTESIAN_POINT('',(-3.7005,2.875,10.4000001));
#506 = CARTESIAN_POINT('',(3.6995,2.875,10.4000001));
#507 = CARTESIAN_POINT('',(-3.7005,2.875,3.4000001));
#508 = CARTESIAN_POINT('',(3.6995,2.875,3.4000001));
#509 = ADVANCED_FACE('',(#510),#547,.F.);
#510 = FACE_BOUND('',#511,.T.);
#511 = EDGE_LOOP('',(#512,#521,#529,#534,#535,#536,#541,#542));
#512 = ORIENTED_EDGE('',*,*,#513,.T.);
#513 = EDGE_CURVE('',#514,#516,#518,.T.);
#514 = VERTEX_POINT('',#515);
#515 = CARTESIAN_POINT('',(-3.7005,-2.275,10.4000001));
#516 = VERTEX_POINT('',#517);
#517 = CARTESIAN_POINT('',(-3.7005,-2.275,8.2000001));
#518 = B_SPLINE_CURVE_WITH_KNOTS('',1,(#519,#520),.UNSPECIFIED.,.F.,.F.,
  (2,2),(0.,2.2),.PIECEWISE_BEZIER_KNOTS.);
#519 = CARTESIAN_POINT('',(-3.7005,-2.275,10.4000001));
#520 = CARTESIAN_POINT('',(-3.7005,-2.275,8.2000001));
#521 = ORIENTED_EDGE('',*,*,#522,.T.);
#522 = EDGE_CURVE('',#516,#523,#525,.T.);
#523 = VERTEX_POINT('',#524);
#524 = CARTESIAN_POINT('',(-3.7005,-1.475,7.4000001));
#525 = ( BOUNDED_CURVE() B_SPLINE_CURVE(2,(#526,#527,#528),
.UNSPECIFIED.,.F.,.F.) B_SPLINE_CURVE_WITH_KNOTS((3,3),(4.712388980385,
6.28318530718),.PIECEWISE_BEZIER_KNOTS.) CURVE() 
GEOMETRIC_REPRESENTATION_ITEM() RATIONAL_B_SPLINE_CURVE((1.,
0.707106781187,1.)) REPRESENTATION_ITEM('') );
#526 = CARTESIAN_POINT('',(-3.7005,-2.275,8.2000001));
#527 = CARTESIAN_POINT('',(-3.7005,-2.275,7.4000001));
#528 = CARTESIAN_POINT('',(-3.7005,-1.475,7.4000001));
#529 = ORIENTED_EDGE('',*,*,#530,.T.);
#530 = EDGE_CURVE('',#523,#387,#531,.T.);
#531 = B_SPLINE_CURVE_WITH_KNOTS('',1,(#532,#533),.UNSPECIFIED.,.F.,.F.,
  (2,2),(-3.,0.),.PIECEWISE_BEZIER_KNOTS.);
#532 = CARTESIAN_POINT('',(-3.7005,-1.475,7.4000001));
#533 = CARTESIAN_POINT('',(-3.7005,-1.475,10.4000001));
#534 = ORIENTED_EDGE('',*,*,#384,.F.);
#535 = ORIENTED_EDGE('',*,*,#498,.T.);
#536 = ORIENTED_EDGE('',*,*,#537,.T.);
#537 = EDGE_CURVE('',#492,#243,#538,.T.);
#538 = B_SPLINE_CURVE_WITH_KNOTS('',1,(#539,#540),.UNSPECIFIED.,.F.,.F.,
  (2,2),(-5.75,-0.),.PIECEWISE_BEZIER_KNOTS.);
#539 = CARTESIAN_POINT('',(-3.7005,2.875,3.4000001));
#540 = CARTESIAN_POINT('',(-3.7005,-2.875,3.4000001));
#541 = ORIENTED_EDGE('',*,*,#242,.F.);
#542 = ORIENTED_EDGE('',*,*,#543,.F.);
#543 = EDGE_CURVE('',#514,#236,#544,.T.);
#544 = B_SPLINE_CURVE_WITH_KNOTS('',1,(#545,#546),.UNSPECIFIED.,.F.,.F.,
  (2,2),(-0.6,-0.),.PIECEWISE_BEZIER_KNOTS.);
#545 = CARTESIAN_POINT('',(-3.7005,-2.275,10.4000001));
#546 = CARTESIAN_POINT('',(-3.7005,-2.875,10.4000001));
#547 = B_SPLINE_SURFACE_WITH_KNOTS('',1,1,(
    (#548,#549)
    ,(#550,#551
    )),.UNSPECIFIED.,.F.,.F.,.F.,(2,2),(2,2),(0.,7.),(0.,5.75),
  .PIECEWISE_BEZIER_KNOTS.);
#548 = CARTESIAN_POINT('',(-3.7005,-2.875,10.4000001));
#549 = CARTESIAN_POINT('',(-3.7005,2.875,10.4000001));
#550 = CARTESIAN_POINT('',(-3.7005,-2.875,3.4000001));
#551 = CARTESIAN_POINT('',(-3.7005,2.875,3.4000001));
#552 = ADVANCED_FACE('',(#553),#575,.F.);
#553 = FACE_BOUND('',#554,.T.);
#554 = EDGE_LOOP('',(#555,#556,#561,#562,#569,#574));
#555 = ORIENTED_EDGE('',*,*,#235,.T.);
#556 = ORIENTED_EDGE('',*,*,#557,.F.);
#557 = EDGE_CURVE('',#300,#229,#558,.T.);
#558 = B_SPLINE_CURVE_WITH_KNOTS('',1,(#559,#560),.UNSPECIFIED.,.F.,.F.,
  (2,2),(0.3,0.8),.PIECEWISE_BEZIER_KNOTS.);
#559 = CARTESIAN_POINT('',(-2.136623304241,-2.375,10.4000001));
#560 = CARTESIAN_POINT('',(-2.136623304241,-2.875,10.4000001));
#561 = ORIENTED_EDGE('',*,*,#299,.F.);
#562 = ORIENTED_EDGE('',*,*,#563,.F.);
#563 = EDGE_CURVE('',#564,#293,#566,.T.);
#564 = VERTEX_POINT('',#565);
#565 = CARTESIAN_POINT('',(-3.2005,-2.275,10.4000001));
#566 = B_SPLINE_CURVE_WITH_KNOTS('',1,(#567,#568),.UNSPECIFIED.,.F.,.F.,
  (2,2),(4.65,4.75),.PIECEWISE_BEZIER_KNOTS.);
#567 = CARTESIAN_POINT('',(-3.2005,-2.275,10.4000001));
#568 = CARTESIAN_POINT('',(-3.2005,-2.375,10.4000001));
#569 = ORIENTED_EDGE('',*,*,#570,.F.);
#570 = EDGE_CURVE('',#514,#564,#571,.T.);
#571 = B_SPLINE_CURVE_WITH_KNOTS('',1,(#572,#573),.UNSPECIFIED.,.F.,.F.,
  (2,2),(0.,0.5),.PIECEWISE_BEZIER_KNOTS.);
#572 = CARTESIAN_POINT('',(-3.7005,-2.275,10.4000001));
#573 = CARTESIAN_POINT('',(-3.2005,-2.275,10.4000001));
#574 = ORIENTED_EDGE('',*,*,#543,.T.);
#575 = B_SPLINE_SURFACE_WITH_KNOTS('',1,1,(
    (#576,#577)
    ,(#578,#579
    )),.UNSPECIFIED.,.F.,.F.,.F.,(2,2),(2,2),(2.136123304241,3.7),(
    -2.875,-2.275),.PIECEWISE_BEZIER_KNOTS.);
#576 = CARTESIAN_POINT('',(-2.136623304241,-2.875,10.4000001));
#577 = CARTESIAN_POINT('',(-2.136623304241,-2.275,10.4000001));
#578 = CARTESIAN_POINT('',(-3.7005,-2.875,10.4000001));
#579 = CARTESIAN_POINT('',(-3.7005,-2.275,10.4000001));
#580 = ADVANCED_FACE('',(#581,#592,#622,#652),#658,.T.);
#581 = FACE_BOUND('',#582,.T.);
#582 = EDGE_LOOP('',(#583,#591));
#583 = ORIENTED_EDGE('',*,*,#584,.F.);
#584 = EDGE_CURVE('',#78,#71,#585,.T.);
#585 = ( BOUNDED_CURVE() B_SPLINE_CURVE(2,(#586,#587,#588,#589,#590),
.UNSPECIFIED.,.F.,.F.) B_SPLINE_CURVE_WITH_KNOTS((3,2,3),(3.14159265359,
4.712388980385,6.28318530718),.PIECEWISE_BEZIER_KNOTS.) CURVE() 
GEOMETRIC_REPRESENTATION_ITEM() RATIONAL_B_SPLINE_CURVE((1.,
0.707106781187,1.,0.707106781187,1.)) REPRESENTATION_ITEM('') );
#586 = CARTESIAN_POINT('',(3.3495,1.475,3.4000001));
#587 = CARTESIAN_POINT('',(3.3495,0.975,3.4000001));
#588 = CARTESIAN_POINT('',(2.8495,0.975,3.4000001));
#589 = CARTESIAN_POINT('',(2.3495,0.975,3.4000001));
#590 = CARTESIAN_POINT('',(2.3495,1.475,3.4000001));
#591 = ORIENTED_EDGE('',*,*,#77,.F.);
#592 = FACE_BOUND('',#593,.T.);
#593 = EDGE_LOOP('',(#594,#603,#610,#617));
#594 = ORIENTED_EDGE('',*,*,#595,.F.);
#595 = EDGE_CURVE('',#596,#598,#600,.T.);
#596 = VERTEX_POINT('',#597);
#597 = CARTESIAN_POINT('',(0.9295,-0.205,3.4000001));
#598 = VERTEX_POINT('',#599);
#599 = CARTESIAN_POINT('',(1.5695,-0.205,3.4000001));
#600 = B_SPLINE_CURVE_WITH_KNOTS('',1,(#601,#602),.UNSPECIFIED.,.F.,.F.,
  (2,2),(0.93,1.57),.PIECEWISE_BEZIER_KNOTS.);
#601 = CARTESIAN_POINT('',(0.9295,-0.205,3.4000001));
#602 = CARTESIAN_POINT('',(1.5695,-0.205,3.4000001));
#603 = ORIENTED_EDGE('',*,*,#604,.F.);
#604 = EDGE_CURVE('',#605,#596,#607,.T.);
#605 = VERTEX_POINT('',#606);
#606 = CARTESIAN_POINT('',(0.9295,-0.845,3.4000001));
#607 = B_SPLINE_CURVE_WITH_KNOTS('',1,(#608,#609),.UNSPECIFIED.,.F.,.F.,
  (2,2),(-0.845,-0.205),.PIECEWISE_BEZIER_KNOTS.);
#608 = CARTESIAN_POINT('',(0.9295,-0.845,3.4000001));
#609 = CARTESIAN_POINT('',(0.9295,-0.205,3.4000001));
#610 = ORIENTED_EDGE('',*,*,#611,.F.);
#611 = EDGE_CURVE('',#612,#605,#614,.T.);
#612 = VERTEX_POINT('',#613);
#613 = CARTESIAN_POINT('',(1.5695,-0.845,3.4000001));
#614 = B_SPLINE_CURVE_WITH_KNOTS('',1,(#615,#616),.UNSPECIFIED.,.F.,.F.,
  (2,2),(-1.57,-0.93),.PIECEWISE_BEZIER_KNOTS.);
#615 = CARTESIAN_POINT('',(1.5695,-0.845,3.4000001));
#616 = CARTESIAN_POINT('',(0.9295,-0.845,3.4000001));
#617 = ORIENTED_EDGE('',*,*,#618,.F.);
#618 = EDGE_CURVE('',#598,#612,#619,.T.);
#619 = B_SPLINE_CURVE_WITH_KNOTS('',1,(#620,#621),.UNSPECIFIED.,.F.,.F.,
  (2,2),(0.205,0.845),.PIECEWISE_BEZIER_KNOTS.);
#620 = CARTESIAN_POINT('',(1.5695,-0.205,3.4000001));
#621 = CARTESIAN_POINT('',(1.5695,-0.845,3.4000001));
#622 = FACE_BOUND('',#623,.T.);
#623 = EDGE_LOOP('',(#624,#633,#640,#647));
#624 = ORIENTED_EDGE('',*,*,#625,.F.);
#625 = EDGE_CURVE('',#626,#628,#630,.T.);
#626 = VERTEX_POINT('',#627);
#627 = CARTESIAN_POINT('',(-1.5705,-0.205,3.4000001));
#628 = VERTEX_POINT('',#629);
#629 = CARTESIAN_POINT('',(-0.9305,-0.205,3.4000001));
#630 = B_SPLINE_CURVE_WITH_KNOTS('',1,(#631,#632),.UNSPECIFIED.,.F.,.F.,
  (2,2),(-1.57,-0.93),.PIECEWISE_BEZIER_KNOTS.);
#631 = CARTESIAN_POINT('',(-1.5705,-0.205,3.4000001));
#632 = CARTESIAN_POINT('',(-0.9305,-0.205,3.4000001));
#633 = ORIENTED_EDGE('',*,*,#634,.F.);
#634 = EDGE_CURVE('',#635,#626,#637,.T.);
#635 = VERTEX_POINT('',#636);
#636 = CARTESIAN_POINT('',(-1.5705,-0.845,3.4000001));
#637 = B_SPLINE_CURVE_WITH_KNOTS('',1,(#638,#639),.UNSPECIFIED.,.F.,.F.,
  (2,2),(-0.845,-0.205),.PIECEWISE_BEZIER_KNOTS.);
#638 = CARTESIAN_POINT('',(-1.5705,-0.845,3.4000001));
#639 = CARTESIAN_POINT('',(-1.5705,-0.205,3.4000001));
#640 = ORIENTED_EDGE('',*,*,#641,.F.);
#641 = EDGE_CURVE('',#642,#635,#644,.T.);
#642 = VERTEX_POINT('',#643);
#643 = CARTESIAN_POINT('',(-0.9305,-0.845,3.4000001));
#644 = B_SPLINE_CURVE_WITH_KNOTS('',1,(#645,#646),.UNSPECIFIED.,.F.,.F.,
  (2,2),(0.93,1.57),.PIECEWISE_BEZIER_KNOTS.);
#645 = CARTESIAN_POINT('',(-0.9305,-0.845,3.4000001));
#646 = CARTESIAN_POINT('',(-1.5705,-0.845,3.4000001));
#647 = ORIENTED_EDGE('',*,*,#648,.F.);
#648 = EDGE_CURVE('',#628,#642,#649,.T.);
#649 = B_SPLINE_CURVE_WITH_KNOTS('',1,(#650,#651),.UNSPECIFIED.,.F.,.F.,
  (2,2),(0.205,0.845),.PIECEWISE_BEZIER_KNOTS.);
#650 = CARTESIAN_POINT('',(-0.9305,-0.205,3.4000001));
#651 = CARTESIAN_POINT('',(-0.9305,-0.845,3.4000001));
#652 = FACE_BOUND('',#653,.T.);
#653 = EDGE_LOOP('',(#654,#655,#656,#657));
#654 = ORIENTED_EDGE('',*,*,#471,.F.);
#655 = ORIENTED_EDGE('',*,*,#249,.F.);
#656 = ORIENTED_EDGE('',*,*,#537,.F.);
#657 = ORIENTED_EDGE('',*,*,#491,.F.);
#658 = B_SPLINE_SURFACE_WITH_KNOTS('',1,1,(
    (#659,#660)
    ,(#661,#662
    )),.UNSPECIFIED.,.F.,.F.,.F.,(2,2),(2,2),(-3.7,3.7),(-2.875,2.875),
  .PIECEWISE_BEZIER_KNOTS.);
#659 = CARTESIAN_POINT('',(3.6995,-2.875,3.4000001));
#660 = CARTESIAN_POINT('',(3.6995,2.875,3.4000001));
#661 = CARTESIAN_POINT('',(-3.7005,-2.875,3.4000001));
#662 = CARTESIAN_POINT('',(-3.7005,2.875,3.4000001));
#663 = ADVANCED_FACE('',(#664),#701,.F.);
#664 = FACE_BOUND('',#665,.T.);
#665 = EDGE_LOOP('',(#666,#667,#674,#682,#687,#688,#689,#696));
#666 = ORIENTED_EDGE('',*,*,#400,.T.);
#667 = ORIENTED_EDGE('',*,*,#668,.T.);
#668 = EDGE_CURVE('',#394,#669,#671,.T.);
#669 = VERTEX_POINT('',#670);
#670 = CARTESIAN_POINT('',(-3.2005,-1.475,7.4000001));
#671 = B_SPLINE_CURVE_WITH_KNOTS('',1,(#672,#673),.UNSPECIFIED.,.F.,.F.,
  (2,2),(-4.4,-1.4),.PIECEWISE_BEZIER_KNOTS.);
#672 = CARTESIAN_POINT('',(-3.2005,-1.475,10.4000001));
#673 = CARTESIAN_POINT('',(-3.2005,-1.475,7.4000001));
#674 = ORIENTED_EDGE('',*,*,#675,.T.);
#675 = EDGE_CURVE('',#669,#676,#678,.T.);
#676 = VERTEX_POINT('',#677);
#677 = CARTESIAN_POINT('',(-3.2005,-2.275,8.2000001));
#678 = ( BOUNDED_CURVE() B_SPLINE_CURVE(2,(#679,#680,#681),
.UNSPECIFIED.,.F.,.F.) B_SPLINE_CURVE_WITH_KNOTS((3,3),(3.14159265359,
4.712388980385),.PIECEWISE_BEZIER_KNOTS.) CURVE() 
GEOMETRIC_REPRESENTATION_ITEM() RATIONAL_B_SPLINE_CURVE((1.,
0.707106781187,1.)) REPRESENTATION_ITEM('') );
#679 = CARTESIAN_POINT('',(-3.2005,-1.475,7.4000001));
#680 = CARTESIAN_POINT('',(-3.2005,-2.275,7.4000001));
#681 = CARTESIAN_POINT('',(-3.2005,-2.275,8.2000001));
#682 = ORIENTED_EDGE('',*,*,#683,.T.);
#683 = EDGE_CURVE('',#676,#564,#684,.T.);
#684 = B_SPLINE_CURVE_WITH_KNOTS('',1,(#685,#686),.UNSPECIFIED.,.F.,.F.,
  (2,2),(2.2,4.4),.PIECEWISE_BEZIER_KNOTS.);
#685 = CARTESIAN_POINT('',(-3.2005,-2.275,8.2000001));
#686 = CARTESIAN_POINT('',(-3.2005,-2.275,10.4000001));
#687 = ORIENTED_EDGE('',*,*,#563,.T.);
#688 = ORIENTED_EDGE('',*,*,#292,.F.);
#689 = ORIENTED_EDGE('',*,*,#690,.F.);
#690 = EDGE_CURVE('',#691,#286,#693,.T.);
#691 = VERTEX_POINT('',#692);
#692 = CARTESIAN_POINT('',(-3.2005,2.375,6.0000001));
#693 = B_SPLINE_CURVE_WITH_KNOTS('',1,(#694,#695),.UNSPECIFIED.,.F.,.F.,
  (2,2),(0.,4.75),.PIECEWISE_BEZIER_KNOTS.);
#694 = CARTESIAN_POINT('',(-3.2005,2.375,6.0000001));
#695 = CARTESIAN_POINT('',(-3.2005,-2.375,6.0000001));
#696 = ORIENTED_EDGE('',*,*,#697,.T.);
#697 = EDGE_CURVE('',#691,#401,#698,.T.);
#698 = B_SPLINE_CURVE_WITH_KNOTS('',1,(#699,#700),.UNSPECIFIED.,.F.,.F.,
  (2,2),(0.,4.4),.PIECEWISE_BEZIER_KNOTS.);
#699 = CARTESIAN_POINT('',(-3.2005,2.375,6.0000001));
#700 = CARTESIAN_POINT('',(-3.2005,2.375,10.4000001));
#701 = B_SPLINE_SURFACE_WITH_KNOTS('',1,1,(
    (#702,#703)
    ,(#704,#705
    )),.UNSPECIFIED.,.F.,.F.,.F.,(2,2),(2,2),(0.,4.4),(-4.75,0.),
  .PIECEWISE_BEZIER_KNOTS.);
#702 = CARTESIAN_POINT('',(-3.2005,-2.375,6.0000001));
#703 = CARTESIAN_POINT('',(-3.2005,2.375,6.0000001));
#704 = CARTESIAN_POINT('',(-3.2005,-2.375,10.4000001));
#705 = CARTESIAN_POINT('',(-3.2005,2.375,10.4000001));
#706 = ADVANCED_FACE('',(#707),#723,.F.);
#707 = FACE_BOUND('',#708,.T.);
#708 = EDGE_LOOP('',(#709,#710,#711,#718));
#709 = ORIENTED_EDGE('',*,*,#407,.T.);
#710 = ORIENTED_EDGE('',*,*,#697,.F.);
#711 = ORIENTED_EDGE('',*,*,#712,.F.);
#712 = EDGE_CURVE('',#713,#691,#715,.T.);
#713 = VERTEX_POINT('',#714);
#714 = CARTESIAN_POINT('',(3.1995,2.375,6.0000001));
#715 = B_SPLINE_CURVE_WITH_KNOTS('',1,(#716,#717),.UNSPECIFIED.,.F.,.F.,
  (2,2),(0.,6.4),.PIECEWISE_BEZIER_KNOTS.);
#716 = CARTESIAN_POINT('',(3.1995,2.375,6.0000001));
#717 = CARTESIAN_POINT('',(-3.2005,2.375,6.0000001));
#718 = ORIENTED_EDGE('',*,*,#719,.T.);
#719 = EDGE_CURVE('',#713,#408,#720,.T.);
#720 = B_SPLINE_CURVE_WITH_KNOTS('',1,(#721,#722),.UNSPECIFIED.,.F.,.F.,
  (2,2),(0.,4.4),.PIECEWISE_BEZIER_KNOTS.);
#721 = CARTESIAN_POINT('',(3.1995,2.375,6.0000001));
#722 = CARTESIAN_POINT('',(3.1995,2.375,10.4000001));
#723 = B_SPLINE_SURFACE_WITH_KNOTS('',1,1,(
    (#724,#725)
    ,(#726,#727
    )),.UNSPECIFIED.,.F.,.F.,.F.,(2,2),(2,2),(0.,4.4),(-6.4,0.),
  .PIECEWISE_BEZIER_KNOTS.);
#724 = CARTESIAN_POINT('',(-3.2005,2.375,6.0000001));
#725 = CARTESIAN_POINT('',(3.1995,2.375,6.0000001));
#726 = CARTESIAN_POINT('',(-3.2005,2.375,10.4000001));
#727 = CARTESIAN_POINT('',(3.1995,2.375,10.4000001));
#728 = ADVANCED_FACE('',(#729),#760,.F.);
#729 = FACE_BOUND('',#730,.T.);
#730 = EDGE_LOOP('',(#731,#738,#746,#751,#752,#753,#758,#759));
#731 = ORIENTED_EDGE('',*,*,#732,.T.);
#732 = EDGE_CURVE('',#130,#733,#735,.T.);
#733 = VERTEX_POINT('',#734);
#734 = CARTESIAN_POINT('',(3.1995,-2.275,8.2000001));
#735 = B_SPLINE_CURVE_WITH_KNOTS('',1,(#736,#737),.UNSPECIFIED.,.F.,.F.,
  (2,2),(-4.4,-2.2),.PIECEWISE_BEZIER_KNOTS.);
#736 = CARTESIAN_POINT('',(3.1995,-2.275,10.4000001));
#737 = CARTESIAN_POINT('',(3.1995,-2.275,8.2000001));
#738 = ORIENTED_EDGE('',*,*,#739,.T.);
#739 = EDGE_CURVE('',#733,#740,#742,.T.);
#740 = VERTEX_POINT('',#741);
#741 = CARTESIAN_POINT('',(3.1995,-1.475,7.4000001));
#742 = ( BOUNDED_CURVE() B_SPLINE_CURVE(2,(#743,#744,#745),
.UNSPECIFIED.,.F.,.F.) B_SPLINE_CURVE_WITH_KNOTS((3,3),(4.712388980385,
6.28318530718),.PIECEWISE_BEZIER_KNOTS.) CURVE() 
GEOMETRIC_REPRESENTATION_ITEM() RATIONAL_B_SPLINE_CURVE((1.,
0.707106781187,1.)) REPRESENTATION_ITEM('') );
#743 = CARTESIAN_POINT('',(3.1995,-2.275,8.2000001));
#744 = CARTESIAN_POINT('',(3.1995,-2.275,7.4000001));
#745 = CARTESIAN_POINT('',(3.1995,-1.475,7.4000001));
#746 = ORIENTED_EDGE('',*,*,#747,.T.);
#747 = EDGE_CURVE('',#740,#415,#748,.T.);
#748 = B_SPLINE_CURVE_WITH_KNOTS('',1,(#749,#750),.UNSPECIFIED.,.F.,.F.,
  (2,2),(1.4,4.4),.PIECEWISE_BEZIER_KNOTS.);
#749 = CARTESIAN_POINT('',(3.1995,-1.475,7.4000001));
#750 = CARTESIAN_POINT('',(3.1995,-1.475,10.4000001));
#751 = ORIENTED_EDGE('',*,*,#414,.T.);
#752 = ORIENTED_EDGE('',*,*,#719,.F.);
#753 = ORIENTED_EDGE('',*,*,#754,.F.);
#754 = EDGE_CURVE('',#279,#713,#755,.T.);
#755 = B_SPLINE_CURVE_WITH_KNOTS('',1,(#756,#757),.UNSPECIFIED.,.F.,.F.,
  (2,2),(0.,4.75),.PIECEWISE_BEZIER_KNOTS.);
#756 = CARTESIAN_POINT('',(3.1995,-2.375,6.0000001));
#757 = CARTESIAN_POINT('',(3.1995,2.375,6.0000001));
#758 = ORIENTED_EDGE('',*,*,#278,.T.);
#759 = ORIENTED_EDGE('',*,*,#136,.T.);
#760 = B_SPLINE_SURFACE_WITH_KNOTS('',1,1,(
    (#761,#762)
    ,(#763,#764
    )),.UNSPECIFIED.,.F.,.F.,.F.,(2,2),(2,2),(-4.4,0.),(0.,4.75),
  .PIECEWISE_BEZIER_KNOTS.);
#761 = CARTESIAN_POINT('',(3.1995,-2.375,10.4000001));
#762 = CARTESIAN_POINT('',(3.1995,2.375,10.4000001));
#763 = CARTESIAN_POINT('',(3.1995,-2.375,6.0000001));
#764 = CARTESIAN_POINT('',(3.1995,2.375,6.0000001));
#765 = ADVANCED_FACE('',(#766,#796,#826),#832,.T.);
#766 = FACE_BOUND('',#767,.T.);
#767 = EDGE_LOOP('',(#768,#777,#784,#791));
#768 = ORIENTED_EDGE('',*,*,#769,.F.);
#769 = EDGE_CURVE('',#770,#772,#774,.T.);
#770 = VERTEX_POINT('',#771);
#771 = CARTESIAN_POINT('',(1.5695,-0.205,6.0000001));
#772 = VERTEX_POINT('',#773);
#773 = CARTESIAN_POINT('',(0.9295,-0.205,6.0000001));
#774 = B_SPLINE_CURVE_WITH_KNOTS('',1,(#775,#776),.UNSPECIFIED.,.F.,.F.,
  (2,2),(-1.57,-0.93),.PIECEWISE_BEZIER_KNOTS.);
#775 = CARTESIAN_POINT('',(1.5695,-0.205,6.0000001));
#776 = CARTESIAN_POINT('',(0.9295,-0.205,6.0000001));
#777 = ORIENTED_EDGE('',*,*,#778,.F.);
#778 = EDGE_CURVE('',#779,#770,#781,.T.);
#779 = VERTEX_POINT('',#780);
#780 = CARTESIAN_POINT('',(1.5695,-0.845,6.0000001));
#781 = B_SPLINE_CURVE_WITH_KNOTS('',1,(#782,#783),.UNSPECIFIED.,.F.,.F.,
  (2,2),(-0.845,-0.205),.PIECEWISE_BEZIER_KNOTS.);
#782 = CARTESIAN_POINT('',(1.5695,-0.845,6.0000001));
#783 = CARTESIAN_POINT('',(1.5695,-0.205,6.0000001));
#784 = ORIENTED_EDGE('',*,*,#785,.F.);
#785 = EDGE_CURVE('',#786,#779,#788,.T.);
#786 = VERTEX_POINT('',#787);
#787 = CARTESIAN_POINT('',(0.9295,-0.845,6.0000001));
#788 = B_SPLINE_CURVE_WITH_KNOTS('',1,(#789,#790),.UNSPECIFIED.,.F.,.F.,
  (2,2),(0.93,1.57),.PIECEWISE_BEZIER_KNOTS.);
#789 = CARTESIAN_POINT('',(0.9295,-0.845,6.0000001));
#790 = CARTESIAN_POINT('',(1.5695,-0.845,6.0000001));
#791 = ORIENTED_EDGE('',*,*,#792,.F.);
#792 = EDGE_CURVE('',#772,#786,#793,.T.);
#793 = B_SPLINE_CURVE_WITH_KNOTS('',1,(#794,#795),.UNSPECIFIED.,.F.,.F.,
  (2,2),(0.205,0.845),.PIECEWISE_BEZIER_KNOTS.);
#794 = CARTESIAN_POINT('',(0.9295,-0.205,6.0000001));
#795 = CARTESIAN_POINT('',(0.9295,-0.845,6.0000001));
#796 = FACE_BOUND('',#797,.T.);
#797 = EDGE_LOOP('',(#798,#807,#814,#821));
#798 = ORIENTED_EDGE('',*,*,#799,.F.);
#799 = EDGE_CURVE('',#800,#802,#804,.T.);
#800 = VERTEX_POINT('',#801);
#801 = CARTESIAN_POINT('',(-0.9305,-0.205,6.0000001));
#802 = VERTEX_POINT('',#803);
#803 = CARTESIAN_POINT('',(-1.5705,-0.205,6.0000001));
#804 = B_SPLINE_CURVE_WITH_KNOTS('',1,(#805,#806),.UNSPECIFIED.,.F.,.F.,
  (2,2),(0.93,1.57),.PIECEWISE_BEZIER_KNOTS.);
#805 = CARTESIAN_POINT('',(-0.9305,-0.205,6.0000001));
#806 = CARTESIAN_POINT('',(-1.5705,-0.205,6.0000001));
#807 = ORIENTED_EDGE('',*,*,#808,.F.);
#808 = EDGE_CURVE('',#809,#800,#811,.T.);
#809 = VERTEX_POINT('',#810);
#810 = CARTESIAN_POINT('',(-0.9305,-0.845,6.0000001));
#811 = B_SPLINE_CURVE_WITH_KNOTS('',1,(#812,#813),.UNSPECIFIED.,.F.,.F.,
  (2,2),(-0.845,-0.205),.PIECEWISE_BEZIER_KNOTS.);
#812 = CARTESIAN_POINT('',(-0.9305,-0.845,6.0000001));
#813 = CARTESIAN_POINT('',(-0.9305,-0.205,6.0000001));
#814 = ORIENTED_EDGE('',*,*,#815,.F.);
#815 = EDGE_CURVE('',#816,#809,#818,.T.);
#816 = VERTEX_POINT('',#817);
#817 = CARTESIAN_POINT('',(-1.5705,-0.845,6.0000001));
#818 = B_SPLINE_CURVE_WITH_KNOTS('',1,(#819,#820),.UNSPECIFIED.,.F.,.F.,
  (2,2),(-1.57,-0.93),.PIECEWISE_BEZIER_KNOTS.);
#819 = CARTESIAN_POINT('',(-1.5705,-0.845,6.0000001));
#820 = CARTESIAN_POINT('',(-0.9305,-0.845,6.0000001));
#821 = ORIENTED_EDGE('',*,*,#822,.F.);
#822 = EDGE_CURVE('',#802,#816,#823,.T.);
#823 = B_SPLINE_CURVE_WITH_KNOTS('',1,(#824,#825),.UNSPECIFIED.,.F.,.F.,
  (2,2),(0.205,0.845),.PIECEWISE_BEZIER_KNOTS.);
#824 = CARTESIAN_POINT('',(-1.5705,-0.205,6.0000001));
#825 = CARTESIAN_POINT('',(-1.5705,-0.845,6.0000001));
#826 = FACE_BOUND('',#827,.T.);
#827 = EDGE_LOOP('',(#828,#829,#830,#831));
#828 = ORIENTED_EDGE('',*,*,#285,.T.);
#829 = ORIENTED_EDGE('',*,*,#754,.T.);
#830 = ORIENTED_EDGE('',*,*,#712,.T.);
#831 = ORIENTED_EDGE('',*,*,#690,.T.);
#832 = B_SPLINE_SURFACE_WITH_KNOTS('',1,1,(
    (#833,#834)
    ,(#835,#836
    )),.UNSPECIFIED.,.F.,.F.,.F.,(2,2),(2,2),(-3.2,3.2),(-2.375,2.375),
  .PIECEWISE_BEZIER_KNOTS.);
#833 = CARTESIAN_POINT('',(-3.2005,-2.375,6.0000001));
#834 = CARTESIAN_POINT('',(-3.2005,2.375,6.0000001));
#835 = CARTESIAN_POINT('',(3.1995,-2.375,6.0000001));
#836 = CARTESIAN_POINT('',(3.1995,2.375,6.0000001));
#837 = ADVANCED_FACE('',(#838),#848,.F.);
#838 = FACE_BOUND('',#839,.T.);
#839 = EDGE_LOOP('',(#840,#841,#846,#847));
#840 = ORIENTED_EDGE('',*,*,#464,.T.);
#841 = ORIENTED_EDGE('',*,*,#842,.T.);
#842 = EDGE_CURVE('',#457,#733,#843,.T.);
#843 = B_SPLINE_CURVE_WITH_KNOTS('',1,(#844,#845),.UNSPECIFIED.,.F.,.F.,
  (2,2),(-0.5,-4.440892098501E-16),.PIECEWISE_BEZIER_KNOTS.);
#844 = CARTESIAN_POINT('',(3.6995,-2.275,8.2000001));
#845 = CARTESIAN_POINT('',(3.1995,-2.275,8.2000001));
#846 = ORIENTED_EDGE('',*,*,#732,.F.);
#847 = ORIENTED_EDGE('',*,*,#129,.T.);
#848 = B_SPLINE_SURFACE_WITH_KNOTS('',1,1,(
    (#849,#850)
    ,(#851,#852
    )),.UNSPECIFIED.,.F.,.F.,.F.,(2,2),(2,2),(0.,2.2),(6.9,7.4),
  .PIECEWISE_BEZIER_KNOTS.);
#849 = CARTESIAN_POINT('',(3.1995,-2.275,10.4000001));
#850 = CARTESIAN_POINT('',(3.6995,-2.275,10.4000001));
#851 = CARTESIAN_POINT('',(3.1995,-2.275,8.2000001));
#852 = CARTESIAN_POINT('',(3.6995,-2.275,8.2000001));
#853 = ADVANCED_FACE('',(#854),#864,.F.);
#854 = FACE_BOUND('',#855,.T.);
#855 = EDGE_LOOP('',(#856,#861,#862,#863));
#856 = ORIENTED_EDGE('',*,*,#857,.T.);
#857 = EDGE_CURVE('',#740,#450,#858,.T.);
#858 = B_SPLINE_CURVE_WITH_KNOTS('',1,(#859,#860),.UNSPECIFIED.,.F.,.F.,
  (2,2),(6.9,7.4),.PIECEWISE_BEZIER_KNOTS.);
#859 = CARTESIAN_POINT('',(3.1995,-1.475,7.4000001));
#860 = CARTESIAN_POINT('',(3.6995,-1.475,7.4000001));
#861 = ORIENTED_EDGE('',*,*,#449,.T.);
#862 = ORIENTED_EDGE('',*,*,#421,.F.);
#863 = ORIENTED_EDGE('',*,*,#747,.F.);
#864 = B_SPLINE_SURFACE_WITH_KNOTS('',1,1,(
    (#865,#866)
    ,(#867,#868
    )),.UNSPECIFIED.,.F.,.F.,.F.,(2,2),(2,2),(-3.,0.),(6.9,7.4),
  .PIECEWISE_BEZIER_KNOTS.);
#865 = CARTESIAN_POINT('',(3.1995,-1.475,7.4000001));
#866 = CARTESIAN_POINT('',(3.6995,-1.475,7.4000001));
#867 = CARTESIAN_POINT('',(3.1995,-1.475,10.4000001));
#868 = CARTESIAN_POINT('',(3.6995,-1.475,10.4000001));
#869 = ADVANCED_FACE('',(#870),#880,.F.);
#870 = FACE_BOUND('',#871,.T.);
#871 = EDGE_LOOP('',(#872,#873,#874,#879));
#872 = ORIENTED_EDGE('',*,*,#393,.F.);
#873 = ORIENTED_EDGE('',*,*,#530,.F.);
#874 = ORIENTED_EDGE('',*,*,#875,.T.);
#875 = EDGE_CURVE('',#523,#669,#876,.T.);
#876 = B_SPLINE_CURVE_WITH_KNOTS('',1,(#877,#878),.UNSPECIFIED.,.F.,.F.,
  (2,2),(0.,0.5),.PIECEWISE_BEZIER_KNOTS.);
#877 = CARTESIAN_POINT('',(-3.7005,-1.475,7.4000001));
#878 = CARTESIAN_POINT('',(-3.2005,-1.475,7.4000001));
#879 = ORIENTED_EDGE('',*,*,#668,.F.);
#880 = B_SPLINE_SURFACE_WITH_KNOTS('',1,1,(
    (#881,#882)
    ,(#883,#884
    )),.UNSPECIFIED.,.F.,.F.,.F.,(2,2),(2,2),(-3.,0.),(0.,0.5),
  .PIECEWISE_BEZIER_KNOTS.);
#881 = CARTESIAN_POINT('',(-3.7005,-1.475,7.4000001));
#882 = CARTESIAN_POINT('',(-3.2005,-1.475,7.4000001));
#883 = CARTESIAN_POINT('',(-3.7005,-1.475,10.4000001));
#884 = CARTESIAN_POINT('',(-3.2005,-1.475,10.4000001));
#885 = ADVANCED_FACE('',(#886),#896,.F.);
#886 = FACE_BOUND('',#887,.T.);
#887 = EDGE_LOOP('',(#888,#889,#894,#895));
#888 = ORIENTED_EDGE('',*,*,#683,.F.);
#889 = ORIENTED_EDGE('',*,*,#890,.T.);
#890 = EDGE_CURVE('',#676,#516,#891,.T.);
#891 = B_SPLINE_CURVE_WITH_KNOTS('',1,(#892,#893),.UNSPECIFIED.,.F.,.F.,
  (2,2),(-0.5,-0.),.PIECEWISE_BEZIER_KNOTS.);
#892 = CARTESIAN_POINT('',(-3.2005,-2.275,8.2000001));
#893 = CARTESIAN_POINT('',(-3.7005,-2.275,8.2000001));
#894 = ORIENTED_EDGE('',*,*,#513,.F.);
#895 = ORIENTED_EDGE('',*,*,#570,.T.);
#896 = B_SPLINE_SURFACE_WITH_KNOTS('',1,1,(
    (#897,#898)
    ,(#899,#900
    )),.UNSPECIFIED.,.F.,.F.,.F.,(2,2),(2,2),(0.,2.2),(0.,0.5),
  .PIECEWISE_BEZIER_KNOTS.);
#897 = CARTESIAN_POINT('',(-3.7005,-2.275,10.4000001));
#898 = CARTESIAN_POINT('',(-3.2005,-2.275,10.4000001));
#899 = CARTESIAN_POINT('',(-3.7005,-2.275,8.2000001));
#900 = CARTESIAN_POINT('',(-3.2005,-2.275,8.2000001));
#901 = ADVANCED_FACE('',(#902),#908,.F.);
#902 = FACE_BOUND('',#903,.F.);
#903 = EDGE_LOOP('',(#904,#905,#906,#907));
#904 = ORIENTED_EDGE('',*,*,#875,.T.);
#905 = ORIENTED_EDGE('',*,*,#675,.T.);
#906 = ORIENTED_EDGE('',*,*,#890,.T.);
#907 = ORIENTED_EDGE('',*,*,#522,.T.);
#908 = ( BOUNDED_SURFACE() B_SPLINE_SURFACE(2,1,(
    (#909,#910)
    ,(#911,#912)
,(#913,#914
    )),.UNSPECIFIED.,.F.,.F.,.F.) B_SPLINE_SURFACE_WITH_KNOTS((3,3),(2,2
    ),(3.14159265359,4.712388980385),(-0.5,0.),
.PIECEWISE_BEZIER_KNOTS.) GEOMETRIC_REPRESENTATION_ITEM() 
RATIONAL_B_SPLINE_SURFACE((
    (1.,1.)
    ,(0.707106781187,0.707106781187)
,(1.,1.))) REPRESENTATION_ITEM('') SURFACE() );
#909 = CARTESIAN_POINT('',(-3.2005,-1.475,7.4000001));
#910 = CARTESIAN_POINT('',(-3.7005,-1.475,7.4000001));
#911 = CARTESIAN_POINT('',(-3.2005,-2.275,7.4000001));
#912 = CARTESIAN_POINT('',(-3.7005,-2.275,7.4000001));
#913 = CARTESIAN_POINT('',(-3.2005,-2.275,8.2000001));
#914 = CARTESIAN_POINT('',(-3.7005,-2.275,8.2000001));
#915 = ADVANCED_FACE('',(#916),#922,.F.);
#916 = FACE_BOUND('',#917,.F.);
#917 = EDGE_LOOP('',(#918,#919,#920,#921));
#918 = ORIENTED_EDGE('',*,*,#857,.T.);
#919 = ORIENTED_EDGE('',*,*,#456,.T.);
#920 = ORIENTED_EDGE('',*,*,#842,.T.);
#921 = ORIENTED_EDGE('',*,*,#739,.T.);
#922 = ( BOUNDED_SURFACE() B_SPLINE_SURFACE(2,1,(
    (#923,#924)
    ,(#925,#926)
,(#927,#928
    )),.UNSPECIFIED.,.F.,.F.,.F.) B_SPLINE_SURFACE_WITH_KNOTS((3,3),(2,2
    ),(3.14159265359,4.712388980385),(-7.4,-6.9),
.PIECEWISE_BEZIER_KNOTS.) GEOMETRIC_REPRESENTATION_ITEM() 
RATIONAL_B_SPLINE_SURFACE((
    (1.,1.)
    ,(0.707106781187,0.707106781187)
,(1.,1.))) REPRESENTATION_ITEM('') SURFACE() );
#923 = CARTESIAN_POINT('',(3.6995,-1.475,7.4000001));
#924 = CARTESIAN_POINT('',(3.1995,-1.475,7.4000001));
#925 = CARTESIAN_POINT('',(3.6995,-2.275,7.4000001));
#926 = CARTESIAN_POINT('',(3.1995,-2.275,7.4000001));
#927 = CARTESIAN_POINT('',(3.6995,-2.275,8.2000001));
#928 = CARTESIAN_POINT('',(3.1995,-2.275,8.2000001));
#929 = ADVANCED_FACE('',(#930),#960,.T.);
#930 = FACE_BOUND('',#931,.T.);
#931 = EDGE_LOOP('',(#932,#941,#948,#955));
#932 = ORIENTED_EDGE('',*,*,#933,.T.);
#933 = EDGE_CURVE('',#934,#936,#938,.T.);
#934 = VERTEX_POINT('',#935);
#935 = CARTESIAN_POINT('',(-1.4205,-0.355,10.3000001));
#936 = VERTEX_POINT('',#937);
#937 = CARTESIAN_POINT('',(-1.4205,-0.695,10.3000001));
#938 = B_SPLINE_CURVE_WITH_KNOTS('',1,(#939,#940),.UNSPECIFIED.,.F.,.F.,
  (2,2),(0.355,0.695),.PIECEWISE_BEZIER_KNOTS.);
#939 = CARTESIAN_POINT('',(-1.4205,-0.355,10.3000001));
#940 = CARTESIAN_POINT('',(-1.4205,-0.695,10.3000001));
#941 = ORIENTED_EDGE('',*,*,#942,.T.);
#942 = EDGE_CURVE('',#936,#943,#945,.T.);
#943 = VERTEX_POINT('',#944);
#944 = CARTESIAN_POINT('',(-1.0805,-0.695,10.3000001));
#945 = B_SPLINE_CURVE_WITH_KNOTS('',1,(#946,#947),.UNSPECIFIED.,.F.,.F.,
  (2,2),(-1.42,-1.08),.PIECEWISE_BEZIER_KNOTS.);
#946 = CARTESIAN_POINT('',(-1.4205,-0.695,10.3000001));
#947 = CARTESIAN_POINT('',(-1.0805,-0.695,10.3000001));
#948 = ORIENTED_EDGE('',*,*,#949,.T.);
#949 = EDGE_CURVE('',#943,#950,#952,.T.);
#950 = VERTEX_POINT('',#951);
#951 = CARTESIAN_POINT('',(-1.0805,-0.355,10.3000001));
#952 = B_SPLINE_CURVE_WITH_KNOTS('',1,(#953,#954),.UNSPECIFIED.,.F.,.F.,
  (2,2),(-0.695,-0.355),.PIECEWISE_BEZIER_KNOTS.);
#953 = CARTESIAN_POINT('',(-1.0805,-0.695,10.3000001));
#954 = CARTESIAN_POINT('',(-1.0805,-0.355,10.3000001));
#955 = ORIENTED_EDGE('',*,*,#956,.T.);
#956 = EDGE_CURVE('',#950,#934,#957,.T.);
#957 = B_SPLINE_CURVE_WITH_KNOTS('',1,(#958,#959),.UNSPECIFIED.,.F.,.F.,
  (2,2),(1.08,1.42),.PIECEWISE_BEZIER_KNOTS.);
#958 = CARTESIAN_POINT('',(-1.0805,-0.355,10.3000001));
#959 = CARTESIAN_POINT('',(-1.4205,-0.355,10.3000001));
#960 = B_SPLINE_SURFACE_WITH_KNOTS('',1,1,(
    (#961,#962)
    ,(#963,#964
    )),.UNSPECIFIED.,.F.,.F.,.F.,(2,2),(2,2),(-1.42,-1.08),(-0.695,
    -0.355),.PIECEWISE_BEZIER_KNOTS.);
#961 = CARTESIAN_POINT('',(-1.4205,-0.695,10.3000001));
#962 = CARTESIAN_POINT('',(-1.4205,-0.355,10.3000001));
#963 = CARTESIAN_POINT('',(-1.0805,-0.695,10.3000001));
#964 = CARTESIAN_POINT('',(-1.0805,-0.355,10.3000001));
#965 = ADVANCED_FACE('',(#966),#988,.T.);
#966 = FACE_BOUND('',#967,.T.);
#967 = EDGE_LOOP('',(#968,#975,#982,#987));
#968 = ORIENTED_EDGE('',*,*,#969,.T.);
#969 = EDGE_CURVE('',#800,#970,#972,.T.);
#970 = VERTEX_POINT('',#971);
#971 = CARTESIAN_POINT('',(-0.9305,-0.205,9.887878487082));
#972 = B_SPLINE_CURVE_WITH_KNOTS('',1,(#973,#974),.UNSPECIFIED.,.F.,.F.,
  (2,2),(10.305096679919,14.192975067001),.PIECEWISE_BEZIER_KNOTS.);
#973 = CARTESIAN_POINT('',(-0.9305,-0.205,6.0000001));
#974 = CARTESIAN_POINT('',(-0.9305,-0.205,9.887878487082));
#975 = ORIENTED_EDGE('',*,*,#976,.T.);
#976 = EDGE_CURVE('',#970,#977,#979,.T.);
#977 = VERTEX_POINT('',#978);
#978 = CARTESIAN_POINT('',(-0.9305,-0.845,9.887878487082));
#979 = B_SPLINE_CURVE_WITH_KNOTS('',1,(#980,#981),.UNSPECIFIED.,.F.,.F.,
  (2,2),(0.,0.64),.PIECEWISE_BEZIER_KNOTS.);
#980 = CARTESIAN_POINT('',(-0.9305,-0.205,9.887878487082));
#981 = CARTESIAN_POINT('',(-0.9305,-0.845,9.887878487082));
#982 = ORIENTED_EDGE('',*,*,#983,.F.);
#983 = EDGE_CURVE('',#809,#977,#984,.T.);
#984 = B_SPLINE_CURVE_WITH_KNOTS('',1,(#985,#986),.UNSPECIFIED.,.F.,.F.,
  (2,2),(10.305096679919,14.192975067001),.PIECEWISE_BEZIER_KNOTS.);
#985 = CARTESIAN_POINT('',(-0.9305,-0.845,6.0000001));
#986 = CARTESIAN_POINT('',(-0.9305,-0.845,9.887878487082));
#987 = ORIENTED_EDGE('',*,*,#808,.T.);
#988 = B_SPLINE_SURFACE_WITH_KNOTS('',1,1,(
    (#989,#990)
    ,(#991,#992
    )),.UNSPECIFIED.,.F.,.F.,.F.,(2,2),(2,2),(-0.64,0.),(10.305096679919
    ,14.192975067001),.PIECEWISE_BEZIER_KNOTS.);
#989 = CARTESIAN_POINT('',(-0.9305,-0.845,6.0000001));
#990 = CARTESIAN_POINT('',(-0.9305,-0.845,9.887878487082));
#991 = CARTESIAN_POINT('',(-0.9305,-0.205,6.0000001));
#992 = CARTESIAN_POINT('',(-0.9305,-0.205,9.887878487082));
#993 = ADVANCED_FACE('',(#994),#1010,.T.);
#994 = FACE_BOUND('',#995,.T.);
#995 = EDGE_LOOP('',(#996,#997,#1004,#1009));
#996 = ORIENTED_EDGE('',*,*,#983,.T.);
#997 = ORIENTED_EDGE('',*,*,#998,.T.);
#998 = EDGE_CURVE('',#977,#999,#1001,.T.);
#999 = VERTEX_POINT('',#1000);
#1000 = CARTESIAN_POINT('',(-1.5705,-0.845,9.887878487082));
#1001 = B_SPLINE_CURVE_WITH_KNOTS('',1,(#1002,#1003),.UNSPECIFIED.,.F.,
  .F.,(2,2),(-0.64,0.),.PIECEWISE_BEZIER_KNOTS.);
#1002 = CARTESIAN_POINT('',(-0.9305,-0.845,9.887878487082));
#1003 = CARTESIAN_POINT('',(-1.5705,-0.845,9.887878487082));
#1004 = ORIENTED_EDGE('',*,*,#1005,.F.);
#1005 = EDGE_CURVE('',#816,#999,#1006,.T.);
#1006 = B_SPLINE_CURVE_WITH_KNOTS('',1,(#1007,#1008),.UNSPECIFIED.,.F.,
  .F.,(2,2),(10.305096679919,14.192975067001),.PIECEWISE_BEZIER_KNOTS.);
#1007 = CARTESIAN_POINT('',(-1.5705,-0.845,6.0000001));
#1008 = CARTESIAN_POINT('',(-1.5705,-0.845,9.887878487082));
#1009 = ORIENTED_EDGE('',*,*,#815,.T.);
#1010 = B_SPLINE_SURFACE_WITH_KNOTS('',1,1,(
    (#1011,#1012)
    ,(#1013,#1014
    )),.UNSPECIFIED.,.F.,.F.,.F.,(2,2),(2,2),(-14.192975067,
    -10.30509667991),(0.,0.64),.PIECEWISE_BEZIER_KNOTS.);
#1011 = CARTESIAN_POINT('',(-1.5705,-0.845,9.887878487082));
#1012 = CARTESIAN_POINT('',(-0.9305,-0.845,9.887878487082));
#1013 = CARTESIAN_POINT('',(-1.5705,-0.845,6.0000001));
#1014 = CARTESIAN_POINT('',(-0.9305,-0.845,6.0000001));
#1015 = ADVANCED_FACE('',(#1016),#1032,.T.);
#1016 = FACE_BOUND('',#1017,.T.);
#1017 = EDGE_LOOP('',(#1018,#1019,#1026,#1031));
#1018 = ORIENTED_EDGE('',*,*,#1005,.T.);
#1019 = ORIENTED_EDGE('',*,*,#1020,.T.);
#1020 = EDGE_CURVE('',#999,#1021,#1023,.T.);
#1021 = VERTEX_POINT('',#1022);
#1022 = CARTESIAN_POINT('',(-1.5705,-0.205,9.887878487082));
#1023 = B_SPLINE_CURVE_WITH_KNOTS('',1,(#1024,#1025),.UNSPECIFIED.,.F.,
  .F.,(2,2),(-0.64,0.),.PIECEWISE_BEZIER_KNOTS.);
#1024 = CARTESIAN_POINT('',(-1.5705,-0.845,9.887878487082));
#1025 = CARTESIAN_POINT('',(-1.5705,-0.205,9.887878487082));
#1026 = ORIENTED_EDGE('',*,*,#1027,.F.);
#1027 = EDGE_CURVE('',#802,#1021,#1028,.T.);
#1028 = B_SPLINE_CURVE_WITH_KNOTS('',1,(#1029,#1030),.UNSPECIFIED.,.F.,
  .F.,(2,2),(10.305096679919,14.192975067001),.PIECEWISE_BEZIER_KNOTS.);
#1029 = CARTESIAN_POINT('',(-1.5705,-0.205,6.0000001));
#1030 = CARTESIAN_POINT('',(-1.5705,-0.205,9.887878487082));
#1031 = ORIENTED_EDGE('',*,*,#822,.T.);
#1032 = B_SPLINE_SURFACE_WITH_KNOTS('',1,1,(
    (#1033,#1034)
    ,(#1035,#1036
    )),.UNSPECIFIED.,.F.,.F.,.F.,(2,2),(2,2),(10.305096679919,
    14.192975067001),(-0.64,0.),.PIECEWISE_BEZIER_KNOTS.);
#1033 = CARTESIAN_POINT('',(-1.5705,-0.845,6.0000001));
#1034 = CARTESIAN_POINT('',(-1.5705,-0.205,6.0000001));
#1035 = CARTESIAN_POINT('',(-1.5705,-0.845,9.887878487082));
#1036 = CARTESIAN_POINT('',(-1.5705,-0.205,9.887878487082));
#1037 = ADVANCED_FACE('',(#1038),#1048,.T.);
#1038 = FACE_BOUND('',#1039,.T.);
#1039 = EDGE_LOOP('',(#1040,#1041,#1046,#1047));
#1040 = ORIENTED_EDGE('',*,*,#1027,.T.);
#1041 = ORIENTED_EDGE('',*,*,#1042,.T.);
#1042 = EDGE_CURVE('',#1021,#970,#1043,.T.);
#1043 = B_SPLINE_CURVE_WITH_KNOTS('',1,(#1044,#1045),.UNSPECIFIED.,.F.,
  .F.,(2,2),(0.,0.64),.PIECEWISE_BEZIER_KNOTS.);
#1044 = CARTESIAN_POINT('',(-1.5705,-0.205,9.887878487082));
#1045 = CARTESIAN_POINT('',(-0.9305,-0.205,9.887878487082));
#1046 = ORIENTED_EDGE('',*,*,#969,.F.);
#1047 = ORIENTED_EDGE('',*,*,#799,.T.);
#1048 = B_SPLINE_SURFACE_WITH_KNOTS('',1,1,(
    (#1049,#1050)
    ,(#1051,#1052
    )),.UNSPECIFIED.,.F.,.F.,.F.,(2,2),(2,2),(10.305096679919,
    14.192975067001),(0.,0.64),.PIECEWISE_BEZIER_KNOTS.);
#1049 = CARTESIAN_POINT('',(-1.5705,-0.205,6.0000001));
#1050 = CARTESIAN_POINT('',(-0.9305,-0.205,6.0000001));
#1051 = CARTESIAN_POINT('',(-1.5705,-0.205,9.887878487082));
#1052 = CARTESIAN_POINT('',(-0.9305,-0.205,9.887878487082));
#1053 = ADVANCED_FACE('',(#1054),#1076,.T.);
#1054 = FACE_BOUND('',#1055,.T.);
#1055 = EDGE_LOOP('',(#1056,#1063,#1070,#1075));
#1056 = ORIENTED_EDGE('',*,*,#1057,.F.);
#1057 = EDGE_CURVE('',#1058,#628,#1060,.T.);
#1058 = VERTEX_POINT('',#1059);
#1059 = CARTESIAN_POINT('',(-0.9305,-0.205,0.412121712918));
#1060 = B_SPLINE_CURVE_WITH_KNOTS('',1,(#1061,#1062),.UNSPECIFIED.,.F.,
  .F.,(2,2),(4.717218292837,7.705096679919),.PIECEWISE_BEZIER_KNOTS.);
#1061 = CARTESIAN_POINT('',(-0.9305,-0.205,0.412121712918));
#1062 = CARTESIAN_POINT('',(-0.9305,-0.205,3.4000001));
#1063 = ORIENTED_EDGE('',*,*,#1064,.T.);
#1064 = EDGE_CURVE('',#1058,#1065,#1067,.T.);
#1065 = VERTEX_POINT('',#1066);
#1066 = CARTESIAN_POINT('',(-1.5705,-0.205,0.412121712918));
#1067 = B_SPLINE_CURVE_WITH_KNOTS('',1,(#1068,#1069),.UNSPECIFIED.,.F.,
  .F.,(2,2),(-0.64,0.),.PIECEWISE_BEZIER_KNOTS.);
#1068 = CARTESIAN_POINT('',(-0.9305,-0.205,0.412121712918));
#1069 = CARTESIAN_POINT('',(-1.5705,-0.205,0.412121712918));
#1070 = ORIENTED_EDGE('',*,*,#1071,.T.);
#1071 = EDGE_CURVE('',#1065,#626,#1072,.T.);
#1072 = B_SPLINE_CURVE_WITH_KNOTS('',1,(#1073,#1074),.UNSPECIFIED.,.F.,
  .F.,(2,2),(4.717218292837,7.705096679919),.PIECEWISE_BEZIER_KNOTS.);
#1073 = CARTESIAN_POINT('',(-1.5705,-0.205,0.412121712918));
#1074 = CARTESIAN_POINT('',(-1.5705,-0.205,3.4000001));
#1075 = ORIENTED_EDGE('',*,*,#625,.T.);
#1076 = B_SPLINE_SURFACE_WITH_KNOTS('',1,1,(
    (#1077,#1078)
    ,(#1079,#1080
    )),.UNSPECIFIED.,.F.,.F.,.F.,(2,2),(2,2),(4.717218292837,
    7.705096679919),(0.,0.64),.PIECEWISE_BEZIER_KNOTS.);
#1077 = CARTESIAN_POINT('',(-1.5705,-0.205,0.412121712918));
#1078 = CARTESIAN_POINT('',(-0.9305,-0.205,0.412121712918));
#1079 = CARTESIAN_POINT('',(-1.5705,-0.205,3.4000001));
#1080 = CARTESIAN_POINT('',(-0.9305,-0.205,3.4000001));
#1081 = ADVANCED_FACE('',(#1082),#1098,.T.);
#1082 = FACE_BOUND('',#1083,.T.);
#1083 = EDGE_LOOP('',(#1084,#1085,#1092,#1097));
#1084 = ORIENTED_EDGE('',*,*,#1071,.F.);
#1085 = ORIENTED_EDGE('',*,*,#1086,.T.);
#1086 = EDGE_CURVE('',#1065,#1087,#1089,.T.);
#1087 = VERTEX_POINT('',#1088);
#1088 = CARTESIAN_POINT('',(-1.5705,-0.845,0.412121712918));
#1089 = B_SPLINE_CURVE_WITH_KNOTS('',1,(#1090,#1091),.UNSPECIFIED.,.F.,
  .F.,(2,2),(0.,0.64),.PIECEWISE_BEZIER_KNOTS.);
#1090 = CARTESIAN_POINT('',(-1.5705,-0.205,0.412121712918));
#1091 = CARTESIAN_POINT('',(-1.5705,-0.845,0.412121712918));
#1092 = ORIENTED_EDGE('',*,*,#1093,.T.);
#1093 = EDGE_CURVE('',#1087,#635,#1094,.T.);
#1094 = B_SPLINE_CURVE_WITH_KNOTS('',1,(#1095,#1096),.UNSPECIFIED.,.F.,
  .F.,(2,2),(4.717218292837,7.705096679919),.PIECEWISE_BEZIER_KNOTS.);
#1095 = CARTESIAN_POINT('',(-1.5705,-0.845,0.412121712918));
#1096 = CARTESIAN_POINT('',(-1.5705,-0.845,3.4000001));
#1097 = ORIENTED_EDGE('',*,*,#634,.T.);
#1098 = B_SPLINE_SURFACE_WITH_KNOTS('',1,1,(
    (#1099,#1100)
    ,(#1101,#1102
    )),.UNSPECIFIED.,.F.,.F.,.F.,(2,2),(2,2),(4.717218292837,
    7.705096679919),(-0.64,0.),.PIECEWISE_BEZIER_KNOTS.);
#1099 = CARTESIAN_POINT('',(-1.5705,-0.845,0.412121712918));
#1100 = CARTESIAN_POINT('',(-1.5705,-0.205,0.412121712918));
#1101 = CARTESIAN_POINT('',(-1.5705,-0.845,3.4000001));
#1102 = CARTESIAN_POINT('',(-1.5705,-0.205,3.4000001));
#1103 = ADVANCED_FACE('',(#1104),#1120,.T.);
#1104 = FACE_BOUND('',#1105,.T.);
#1105 = EDGE_LOOP('',(#1106,#1107,#1114,#1119));
#1106 = ORIENTED_EDGE('',*,*,#1093,.F.);
#1107 = ORIENTED_EDGE('',*,*,#1108,.T.);
#1108 = EDGE_CURVE('',#1087,#1109,#1111,.T.);
#1109 = VERTEX_POINT('',#1110);
#1110 = CARTESIAN_POINT('',(-0.9305,-0.845,0.412121712918));
#1111 = B_SPLINE_CURVE_WITH_KNOTS('',1,(#1112,#1113),.UNSPECIFIED.,.F.,
  .F.,(2,2),(0.,0.64),.PIECEWISE_BEZIER_KNOTS.);
#1112 = CARTESIAN_POINT('',(-1.5705,-0.845,0.412121712918));
#1113 = CARTESIAN_POINT('',(-0.9305,-0.845,0.412121712918));
#1114 = ORIENTED_EDGE('',*,*,#1115,.T.);
#1115 = EDGE_CURVE('',#1109,#642,#1116,.T.);
#1116 = B_SPLINE_CURVE_WITH_KNOTS('',1,(#1117,#1118),.UNSPECIFIED.,.F.,
  .F.,(2,2),(4.717218292837,7.705096679919),.PIECEWISE_BEZIER_KNOTS.);
#1117 = CARTESIAN_POINT('',(-0.9305,-0.845,0.412121712918));
#1118 = CARTESIAN_POINT('',(-0.9305,-0.845,3.4000001));
#1119 = ORIENTED_EDGE('',*,*,#641,.T.);
#1120 = B_SPLINE_SURFACE_WITH_KNOTS('',1,1,(
    (#1121,#1122)
    ,(#1123,#1124
    )),.UNSPECIFIED.,.F.,.F.,.F.,(2,2),(2,2),(-7.705096679919,
    -4.717218292837),(0.,0.64),.PIECEWISE_BEZIER_KNOTS.);
#1121 = CARTESIAN_POINT('',(-1.5705,-0.845,3.4000001));
#1122 = CARTESIAN_POINT('',(-0.9305,-0.845,3.4000001));
#1123 = CARTESIAN_POINT('',(-1.5705,-0.845,0.412121712918));
#1124 = CARTESIAN_POINT('',(-0.9305,-0.845,0.412121712918));
#1125 = ADVANCED_FACE('',(#1126),#1136,.T.);
#1126 = FACE_BOUND('',#1127,.T.);
#1127 = EDGE_LOOP('',(#1128,#1129,#1134,#1135));
#1128 = ORIENTED_EDGE('',*,*,#1115,.F.);
#1129 = ORIENTED_EDGE('',*,*,#1130,.T.);
#1130 = EDGE_CURVE('',#1109,#1058,#1131,.T.);
#1131 = B_SPLINE_CURVE_WITH_KNOTS('',1,(#1132,#1133),.UNSPECIFIED.,.F.,
  .F.,(2,2),(-0.64,0.),.PIECEWISE_BEZIER_KNOTS.);
#1132 = CARTESIAN_POINT('',(-0.9305,-0.845,0.412121712918));
#1133 = CARTESIAN_POINT('',(-0.9305,-0.205,0.412121712918));
#1134 = ORIENTED_EDGE('',*,*,#1057,.T.);
#1135 = ORIENTED_EDGE('',*,*,#648,.T.);
#1136 = B_SPLINE_SURFACE_WITH_KNOTS('',1,1,(
    (#1137,#1138)
    ,(#1139,#1140
    )),.UNSPECIFIED.,.F.,.F.,.F.,(2,2),(2,2),(-0.64,0.),(4.717218292837,
    7.705096679919),.PIECEWISE_BEZIER_KNOTS.);
#1137 = CARTESIAN_POINT('',(-0.9305,-0.845,0.412121712918));
#1138 = CARTESIAN_POINT('',(-0.9305,-0.845,3.4000001));
#1139 = CARTESIAN_POINT('',(-0.9305,-0.205,0.412121712918));
#1140 = CARTESIAN_POINT('',(-0.9305,-0.205,3.4000001));
#1141 = ADVANCED_FACE('',(#1142),#1172,.T.);
#1142 = FACE_BOUND('',#1143,.T.);
#1143 = EDGE_LOOP('',(#1144,#1153,#1160,#1167));
#1144 = ORIENTED_EDGE('',*,*,#1145,.T.);
#1145 = EDGE_CURVE('',#1146,#1148,#1150,.T.);
#1146 = VERTEX_POINT('',#1147);
#1147 = CARTESIAN_POINT('',(-1.4205,-0.695,9.999999983634E-08));
#1148 = VERTEX_POINT('',#1149);
#1149 = CARTESIAN_POINT('',(-1.4205,-0.355,9.999999983634E-08));
#1150 = B_SPLINE_CURVE_WITH_KNOTS('',1,(#1151,#1152),.UNSPECIFIED.,.F.,
  .F.,(2,2),(-0.695,-0.355),.PIECEWISE_BEZIER_KNOTS.);
#1151 = CARTESIAN_POINT('',(-1.4205,-0.695,9.999999983634E-08));
#1152 = CARTESIAN_POINT('',(-1.4205,-0.355,9.999999983634E-08));
#1153 = ORIENTED_EDGE('',*,*,#1154,.T.);
#1154 = EDGE_CURVE('',#1148,#1155,#1157,.T.);
#1155 = VERTEX_POINT('',#1156);
#1156 = CARTESIAN_POINT('',(-1.0805,-0.355,9.999999983634E-08));
#1157 = B_SPLINE_CURVE_WITH_KNOTS('',1,(#1158,#1159),.UNSPECIFIED.,.F.,
  .F.,(2,2),(-1.42,-1.08),.PIECEWISE_BEZIER_KNOTS.);
#1158 = CARTESIAN_POINT('',(-1.4205,-0.355,9.999999983634E-08));
#1159 = CARTESIAN_POINT('',(-1.0805,-0.355,9.999999983634E-08));
#1160 = ORIENTED_EDGE('',*,*,#1161,.T.);
#1161 = EDGE_CURVE('',#1155,#1162,#1164,.T.);
#1162 = VERTEX_POINT('',#1163);
#1163 = CARTESIAN_POINT('',(-1.0805,-0.695,9.999999983634E-08));
#1164 = B_SPLINE_CURVE_WITH_KNOTS('',1,(#1165,#1166),.UNSPECIFIED.,.F.,
  .F.,(2,2),(0.355,0.695),.PIECEWISE_BEZIER_KNOTS.);
#1165 = CARTESIAN_POINT('',(-1.0805,-0.355,9.999999983634E-08));
#1166 = CARTESIAN_POINT('',(-1.0805,-0.695,9.999999983634E-08));
#1167 = ORIENTED_EDGE('',*,*,#1168,.T.);
#1168 = EDGE_CURVE('',#1162,#1146,#1169,.T.);
#1169 = B_SPLINE_CURVE_WITH_KNOTS('',1,(#1170,#1171),.UNSPECIFIED.,.F.,
  .F.,(2,2),(1.08,1.42),.PIECEWISE_BEZIER_KNOTS.);
#1170 = CARTESIAN_POINT('',(-1.0805,-0.695,9.999999983634E-08));
#1171 = CARTESIAN_POINT('',(-1.4205,-0.695,9.999999983634E-08));
#1172 = B_SPLINE_SURFACE_WITH_KNOTS('',1,1,(
    (#1173,#1174)
    ,(#1175,#1176
    )),.UNSPECIFIED.,.F.,.F.,.F.,(2,2),(2,2),(1.08,1.42),(-0.695,-0.355)
  ,.PIECEWISE_BEZIER_KNOTS.);
#1173 = CARTESIAN_POINT('',(-1.0805,-0.695,9.999999983634E-08));
#1174 = CARTESIAN_POINT('',(-1.0805,-0.355,9.999999983634E-08));
#1175 = CARTESIAN_POINT('',(-1.4205,-0.695,9.999999983634E-08));
#1176 = CARTESIAN_POINT('',(-1.4205,-0.355,9.999999983634E-08));
#1177 = ADVANCED_FACE('',(#1178),#1192,.F.);
#1178 = FACE_BOUND('',#1179,.T.);
#1179 = EDGE_LOOP('',(#1180,#1185,#1186,#1191));
#1180 = ORIENTED_EDGE('',*,*,#1181,.F.);
#1181 = EDGE_CURVE('',#1146,#1087,#1182,.T.);
#1182 = B_SPLINE_CURVE_WITH_KNOTS('',1,(#1183,#1184),.UNSPECIFIED.,.F.,
  .F.,(2,2),(-0.463512916578,0.),.PIECEWISE_BEZIER_KNOTS.);
#1183 = CARTESIAN_POINT('',(-1.4205,-0.695,9.999999983634E-08));
#1184 = CARTESIAN_POINT('',(-1.5705,-0.845,0.412121712918));
#1185 = ORIENTED_EDGE('',*,*,#1168,.F.);
#1186 = ORIENTED_EDGE('',*,*,#1187,.F.);
#1187 = EDGE_CURVE('',#1109,#1162,#1188,.T.);
#1188 = B_SPLINE_CURVE_WITH_KNOTS('',1,(#1189,#1190),.UNSPECIFIED.,.F.,
  .F.,(2,2),(-0.207113969356,0.256398947222),.PIECEWISE_BEZIER_KNOTS.);
#1189 = CARTESIAN_POINT('',(-0.9305,-0.845,0.412121712918));
#1190 = CARTESIAN_POINT('',(-1.0805,-0.695,9.999999983634E-08));
#1191 = ORIENTED_EDGE('',*,*,#1108,.F.);
#1192 = B_SPLINE_SURFACE_WITH_KNOTS('',1,1,(
    (#1193,#1194)
    ,(#1195,#1196
    )),.UNSPECIFIED.,.F.,.F.,.F.,(2,2),(2,2),(0.,0.64),(0.,
    0.438570660024),.PIECEWISE_BEZIER_KNOTS.);
#1193 = CARTESIAN_POINT('',(-1.5705,-0.845,0.412121712918));
#1194 = CARTESIAN_POINT('',(-1.5705,-0.695,9.999999983634E-08));
#1195 = CARTESIAN_POINT('',(-0.9305,-0.845,0.412121712918));
#1196 = CARTESIAN_POINT('',(-0.9305,-0.695,9.999999983634E-08));
#1197 = ADVANCED_FACE('',(#1198),#1208,.F.);
#1198 = FACE_BOUND('',#1199,.T.);
#1199 = EDGE_LOOP('',(#1200,#1201,#1202,#1207));
#1200 = ORIENTED_EDGE('',*,*,#1187,.T.);
#1201 = ORIENTED_EDGE('',*,*,#1161,.F.);
#1202 = ORIENTED_EDGE('',*,*,#1203,.F.);
#1203 = EDGE_CURVE('',#1058,#1155,#1204,.T.);
#1204 = B_SPLINE_CURVE_WITH_KNOTS('',1,(#1205,#1206),.UNSPECIFIED.,.F.,
  .F.,(2,2),(-0.,0.463512916578),.PIECEWISE_BEZIER_KNOTS.);
#1205 = CARTESIAN_POINT('',(-0.9305,-0.205,0.412121712918));
#1206 = CARTESIAN_POINT('',(-1.0805,-0.355,9.999999983634E-08));
#1207 = ORIENTED_EDGE('',*,*,#1130,.F.);
#1208 = B_SPLINE_SURFACE_WITH_KNOTS('',1,1,(
    (#1209,#1210)
    ,(#1211,#1212
    )),.UNSPECIFIED.,.F.,.F.,.F.,(2,2),(2,2),(-0.64,0.),(
    -2.775557561563E-17,0.438570660024),.PIECEWISE_BEZIER_KNOTS.);
#1209 = CARTESIAN_POINT('',(-0.9305,-0.845,0.412121712918));
#1210 = CARTESIAN_POINT('',(-1.0805,-0.845,9.999999983634E-08));
#1211 = CARTESIAN_POINT('',(-0.9305,-0.205,0.412121712918));
#1212 = CARTESIAN_POINT('',(-1.0805,-0.205,9.999999983634E-08));
#1213 = ADVANCED_FACE('',(#1214),#1224,.F.);
#1214 = FACE_BOUND('',#1215,.T.);
#1215 = EDGE_LOOP('',(#1216,#1217,#1218,#1223));
#1216 = ORIENTED_EDGE('',*,*,#1181,.T.);
#1217 = ORIENTED_EDGE('',*,*,#1086,.F.);
#1218 = ORIENTED_EDGE('',*,*,#1219,.F.);
#1219 = EDGE_CURVE('',#1148,#1065,#1220,.T.);
#1220 = B_SPLINE_CURVE_WITH_KNOTS('',1,(#1221,#1222),.UNSPECIFIED.,.F.,
  .F.,(2,2),(-0.463512916578,0.),.PIECEWISE_BEZIER_KNOTS.);
#1221 = CARTESIAN_POINT('',(-1.4205,-0.355,9.999999983634E-08));
#1222 = CARTESIAN_POINT('',(-1.5705,-0.205,0.412121712918));
#1223 = ORIENTED_EDGE('',*,*,#1145,.F.);
#1224 = B_SPLINE_SURFACE_WITH_KNOTS('',1,1,(
    (#1225,#1226)
    ,(#1227,#1228
    )),.UNSPECIFIED.,.F.,.F.,.F.,(2,2),(2,2),(0.,0.64),(0.,
    0.438570660024),.PIECEWISE_BEZIER_KNOTS.);
#1225 = CARTESIAN_POINT('',(-1.5705,-0.205,0.412121712918));
#1226 = CARTESIAN_POINT('',(-1.4205,-0.205,9.999999983634E-08));
#1227 = CARTESIAN_POINT('',(-1.5705,-0.845,0.412121712918));
#1228 = CARTESIAN_POINT('',(-1.4205,-0.845,9.999999983634E-08));
#1229 = ADVANCED_FACE('',(#1230),#1236,.F.);
#1230 = FACE_BOUND('',#1231,.T.);
#1231 = EDGE_LOOP('',(#1232,#1233,#1234,#1235));
#1232 = ORIENTED_EDGE('',*,*,#1203,.T.);
#1233 = ORIENTED_EDGE('',*,*,#1154,.F.);
#1234 = ORIENTED_EDGE('',*,*,#1219,.T.);
#1235 = ORIENTED_EDGE('',*,*,#1064,.F.);
#1236 = B_SPLINE_SURFACE_WITH_KNOTS('',1,1,(
    (#1237,#1238)
    ,(#1239,#1240
    )),.UNSPECIFIED.,.F.,.F.,.F.,(2,2),(2,2),(-0.64,0.),(-0.,
    0.438570660024),.PIECEWISE_BEZIER_KNOTS.);
#1237 = CARTESIAN_POINT('',(-0.9305,-0.205,0.412121712918));
#1238 = CARTESIAN_POINT('',(-0.9305,-0.355,9.999999983634E-08));
#1239 = CARTESIAN_POINT('',(-1.5705,-0.205,0.412121712918));
#1240 = CARTESIAN_POINT('',(-1.5705,-0.355,9.999999983634E-08));
#1241 = ADVANCED_FACE('',(#1242),#1256,.F.);
#1242 = FACE_BOUND('',#1243,.T.);
#1243 = EDGE_LOOP('',(#1244,#1249,#1250,#1255));
#1244 = ORIENTED_EDGE('',*,*,#1245,.F.);
#1245 = EDGE_CURVE('',#970,#950,#1246,.T.);
#1246 = B_SPLINE_CURVE_WITH_KNOTS('',1,(#1247,#1248),.UNSPECIFIED.,.F.,
  .F.,(2,2),(-0.348629386701,0.114883529877),.PIECEWISE_BEZIER_KNOTS.);
#1247 = CARTESIAN_POINT('',(-0.9305,-0.205,9.887878487082));
#1248 = CARTESIAN_POINT('',(-1.0805,-0.355,10.3000001));
#1249 = ORIENTED_EDGE('',*,*,#1042,.F.);
#1250 = ORIENTED_EDGE('',*,*,#1251,.F.);
#1251 = EDGE_CURVE('',#934,#1021,#1252,.T.);
#1252 = B_SPLINE_CURVE_WITH_KNOTS('',1,(#1253,#1254),.UNSPECIFIED.,.F.,
  .F.,(2,2),(0.459534119508,0.923047036085),.PIECEWISE_BEZIER_KNOTS.);
#1253 = CARTESIAN_POINT('',(-1.4205,-0.355,10.3000001));
#1254 = CARTESIAN_POINT('',(-1.5705,-0.205,9.887878487082));
#1255 = ORIENTED_EDGE('',*,*,#956,.F.);
#1256 = B_SPLINE_SURFACE_WITH_KNOTS('',1,1,(
    (#1257,#1258)
    ,(#1259,#1260)),.UNSPECIFIED.,.F.,.F.,.F.,(2,2),(2,2),(0.93,1.57),(
    -1.804112415016E-16,0.438570660024),.PIECEWISE_BEZIER_KNOTS.);
#1257 = CARTESIAN_POINT('',(-0.9305,-0.355,10.3000001));
#1258 = CARTESIAN_POINT('',(-0.9305,-0.205,9.887878487082));
#1259 = CARTESIAN_POINT('',(-1.5705,-0.355,10.3000001));
#1260 = CARTESIAN_POINT('',(-1.5705,-0.205,9.887878487082));
#1261 = ADVANCED_FACE('',(#1262),#1272,.F.);
#1262 = FACE_BOUND('',#1263,.T.);
#1263 = EDGE_LOOP('',(#1264,#1265,#1266,#1271));
#1264 = ORIENTED_EDGE('',*,*,#1251,.T.);
#1265 = ORIENTED_EDGE('',*,*,#1020,.F.);
#1266 = ORIENTED_EDGE('',*,*,#1267,.F.);
#1267 = EDGE_CURVE('',#936,#999,#1268,.T.);
#1268 = B_SPLINE_CURVE_WITH_KNOTS('',1,(#1269,#1270),.UNSPECIFIED.,.F.,
  .F.,(2,2),(0.224912826097,0.688425742675),.PIECEWISE_BEZIER_KNOTS.);
#1269 = CARTESIAN_POINT('',(-1.4205,-0.695,10.3000001));
#1270 = CARTESIAN_POINT('',(-1.5705,-0.845,9.887878487082));
#1271 = ORIENTED_EDGE('',*,*,#933,.F.);
#1272 = B_SPLINE_SURFACE_WITH_KNOTS('',1,1,(
    (#1273,#1274)
    ,(#1275,#1276
  )),.UNSPECIFIED.,.F.,.F.,.F.,(2,2),(2,2),(0.205,0.845),(
    -5.551115123126E-17,0.438570660024),.PIECEWISE_BEZIER_KNOTS.);
#1273 = CARTESIAN_POINT('',(-1.4205,-0.205,10.3000001));
#1274 = CARTESIAN_POINT('',(-1.5705,-0.205,9.887878487082));
#1275 = CARTESIAN_POINT('',(-1.4205,-0.845,10.3000001));
#1276 = CARTESIAN_POINT('',(-1.5705,-0.845,9.887878487082));
#1277 = ADVANCED_FACE('',(#1278),#1288,.F.);
#1278 = FACE_BOUND('',#1279,.T.);
#1279 = EDGE_LOOP('',(#1280,#1281,#1282,#1287));
#1280 = ORIENTED_EDGE('',*,*,#1245,.T.);
#1281 = ORIENTED_EDGE('',*,*,#949,.F.);
#1282 = ORIENTED_EDGE('',*,*,#1283,.F.);
#1283 = EDGE_CURVE('',#977,#943,#1284,.T.);
#1284 = B_SPLINE_CURVE_WITH_KNOTS('',1,(#1285,#1286),.UNSPECIFIED.,.F.,
  .F.,(2,2),(-0.688425742675,-0.224912826097),.PIECEWISE_BEZIER_KNOTS.);
#1285 = CARTESIAN_POINT('',(-0.9305,-0.845,9.887878487082));
#1286 = CARTESIAN_POINT('',(-1.0805,-0.695,10.3000001));
#1287 = ORIENTED_EDGE('',*,*,#976,.F.);
#1288 = B_SPLINE_SURFACE_WITH_KNOTS('',1,1,(
    (#1289,#1290)
    ,(#1291,#1292
    )),.UNSPECIFIED.,.F.,.F.,.F.,(2,2),(2,2),(-0.845,-0.205),(
    -1.52655665886E-16,0.438570660024),.PIECEWISE_BEZIER_KNOTS.);
#1289 = CARTESIAN_POINT('',(-1.0805,-0.845,10.3000001));
#1290 = CARTESIAN_POINT('',(-0.9305,-0.845,9.887878487082));
#1291 = CARTESIAN_POINT('',(-1.0805,-0.205,10.3000001));
#1292 = CARTESIAN_POINT('',(-0.9305,-0.205,9.887878487082));
#1293 = ADVANCED_FACE('',(#1294),#1300,.F.);
#1294 = FACE_BOUND('',#1295,.T.);
#1295 = EDGE_LOOP('',(#1296,#1297,#1298,#1299));
#1296 = ORIENTED_EDGE('',*,*,#1267,.T.);
#1297 = ORIENTED_EDGE('',*,*,#998,.F.);
#1298 = ORIENTED_EDGE('',*,*,#1283,.T.);
#1299 = ORIENTED_EDGE('',*,*,#942,.F.);
#1300 = B_SPLINE_SURFACE_WITH_KNOTS('',1,1,(
    (#1301,#1302)
    ,(#1303,#1304
  )),.UNSPECIFIED.,.F.,.F.,.F.,(2,2),(2,2),(-1.57,-0.93),(
    -1.110223024625E-16,0.438570660024),.PIECEWISE_BEZIER_KNOTS.);
#1301 = CARTESIAN_POINT('',(-1.5705,-0.695,10.3000001));
#1302 = CARTESIAN_POINT('',(-1.5705,-0.845,9.887878487082));
#1303 = CARTESIAN_POINT('',(-0.9305,-0.695,10.3000001));
#1304 = CARTESIAN_POINT('',(-0.9305,-0.845,9.887878487082));
#1305 = ADVANCED_FACE('',(#1306),#1336,.T.);
#1306 = FACE_BOUND('',#1307,.T.);
#1307 = EDGE_LOOP('',(#1308,#1317,#1324,#1331));
#1308 = ORIENTED_EDGE('',*,*,#1309,.T.);
#1309 = EDGE_CURVE('',#1310,#1312,#1314,.T.);
#1310 = VERTEX_POINT('',#1311);
#1311 = CARTESIAN_POINT('',(1.0795,-0.355,10.3000001));
#1312 = VERTEX_POINT('',#1313);
#1313 = CARTESIAN_POINT('',(1.0795,-0.695,10.3000001));
#1314 = B_SPLINE_CURVE_WITH_KNOTS('',1,(#1315,#1316),.UNSPECIFIED.,.F.,
  .F.,(2,2),(0.355,0.695),.PIECEWISE_BEZIER_KNOTS.);
#1315 = CARTESIAN_POINT('',(1.0795,-0.355,10.3000001));
#1316 = CARTESIAN_POINT('',(1.0795,-0.695,10.3000001));
#1317 = ORIENTED_EDGE('',*,*,#1318,.T.);
#1318 = EDGE_CURVE('',#1312,#1319,#1321,.T.);
#1319 = VERTEX_POINT('',#1320);
#1320 = CARTESIAN_POINT('',(1.4195,-0.695,10.3000001));
#1321 = B_SPLINE_CURVE_WITH_KNOTS('',1,(#1322,#1323),.UNSPECIFIED.,.F.,
  .F.,(2,2),(-1.42,-1.08),.PIECEWISE_BEZIER_KNOTS.);
#1322 = CARTESIAN_POINT('',(1.0795,-0.695,10.3000001));
#1323 = CARTESIAN_POINT('',(1.4195,-0.695,10.3000001));
#1324 = ORIENTED_EDGE('',*,*,#1325,.T.);
#1325 = EDGE_CURVE('',#1319,#1326,#1328,.T.);
#1326 = VERTEX_POINT('',#1327);
#1327 = CARTESIAN_POINT('',(1.4195,-0.355,10.3000001));
#1328 = B_SPLINE_CURVE_WITH_KNOTS('',1,(#1329,#1330),.UNSPECIFIED.,.F.,
  .F.,(2,2),(-0.695,-0.355),.PIECEWISE_BEZIER_KNOTS.);
#1329 = CARTESIAN_POINT('',(1.4195,-0.695,10.3000001));
#1330 = CARTESIAN_POINT('',(1.4195,-0.355,10.3000001));
#1331 = ORIENTED_EDGE('',*,*,#1332,.T.);
#1332 = EDGE_CURVE('',#1326,#1310,#1333,.T.);
#1333 = B_SPLINE_CURVE_WITH_KNOTS('',1,(#1334,#1335),.UNSPECIFIED.,.F.,
  .F.,(2,2),(1.08,1.42),.PIECEWISE_BEZIER_KNOTS.);
#1334 = CARTESIAN_POINT('',(1.4195,-0.355,10.3000001));
#1335 = CARTESIAN_POINT('',(1.0795,-0.355,10.3000001));
#1336 = B_SPLINE_SURFACE_WITH_KNOTS('',1,1,(
    (#1337,#1338)
    ,(#1339,#1340
  )),.UNSPECIFIED.,.F.,.F.,.F.,(2,2),(2,2),(-1.42,-1.08),(-0.695,-0.355)
  ,.PIECEWISE_BEZIER_KNOTS.);
#1337 = CARTESIAN_POINT('',(1.0795,-0.695,10.3000001));
#1338 = CARTESIAN_POINT('',(1.0795,-0.355,10.3000001));
#1339 = CARTESIAN_POINT('',(1.4195,-0.695,10.3000001));
#1340 = CARTESIAN_POINT('',(1.4195,-0.355,10.3000001));
#1341 = ADVANCED_FACE('',(#1342),#1364,.T.);
#1342 = FACE_BOUND('',#1343,.T.);
#1343 = EDGE_LOOP('',(#1344,#1351,#1358,#1363));
#1344 = ORIENTED_EDGE('',*,*,#1345,.T.);
#1345 = EDGE_CURVE('',#770,#1346,#1348,.T.);
#1346 = VERTEX_POINT('',#1347);
#1347 = CARTESIAN_POINT('',(1.5695,-0.205,9.887878487082));
#1348 = B_SPLINE_CURVE_WITH_KNOTS('',1,(#1349,#1350),.UNSPECIFIED.,.F.,
  .F.,(2,2),(10.305096679919,14.192975067001),.PIECEWISE_BEZIER_KNOTS.);
#1349 = CARTESIAN_POINT('',(1.5695,-0.205,6.0000001));
#1350 = CARTESIAN_POINT('',(1.5695,-0.205,9.887878487082));
#1351 = ORIENTED_EDGE('',*,*,#1352,.T.);
#1352 = EDGE_CURVE('',#1346,#1353,#1355,.T.);
#1353 = VERTEX_POINT('',#1354);
#1354 = CARTESIAN_POINT('',(1.5695,-0.845,9.887878487082));
#1355 = B_SPLINE_CURVE_WITH_KNOTS('',1,(#1356,#1357),.UNSPECIFIED.,.F.,
  .F.,(2,2),(0.,0.64),.PIECEWISE_BEZIER_KNOTS.);
#1356 = CARTESIAN_POINT('',(1.5695,-0.205,9.887878487082));
#1357 = CARTESIAN_POINT('',(1.5695,-0.845,9.887878487082));
#1358 = ORIENTED_EDGE('',*,*,#1359,.F.);
#1359 = EDGE_CURVE('',#779,#1353,#1360,.T.);
#1360 = B_SPLINE_CURVE_WITH_KNOTS('',1,(#1361,#1362),.UNSPECIFIED.,.F.,
  .F.,(2,2),(10.305096679919,14.192975067001),.PIECEWISE_BEZIER_KNOTS.);
#1361 = CARTESIAN_POINT('',(1.5695,-0.845,6.0000001));
#1362 = CARTESIAN_POINT('',(1.5695,-0.845,9.887878487082));
#1363 = ORIENTED_EDGE('',*,*,#778,.T.);
#1364 = B_SPLINE_SURFACE_WITH_KNOTS('',1,1,(
    (#1365,#1366)
    ,(#1367,#1368
    )),.UNSPECIFIED.,.F.,.F.,.F.,(2,2),(2,2),(-0.64,0.),(10.305096679919
    ,14.192975067001),.PIECEWISE_BEZIER_KNOTS.);
#1365 = CARTESIAN_POINT('',(1.5695,-0.845,6.0000001));
#1366 = CARTESIAN_POINT('',(1.5695,-0.845,9.887878487082));
#1367 = CARTESIAN_POINT('',(1.5695,-0.205,6.0000001));
#1368 = CARTESIAN_POINT('',(1.5695,-0.205,9.887878487082));
#1369 = ADVANCED_FACE('',(#1370),#1386,.T.);
#1370 = FACE_BOUND('',#1371,.T.);
#1371 = EDGE_LOOP('',(#1372,#1373,#1380,#1385));
#1372 = ORIENTED_EDGE('',*,*,#1359,.T.);
#1373 = ORIENTED_EDGE('',*,*,#1374,.T.);
#1374 = EDGE_CURVE('',#1353,#1375,#1377,.T.);
#1375 = VERTEX_POINT('',#1376);
#1376 = CARTESIAN_POINT('',(0.9295,-0.845,9.887878487082));
#1377 = B_SPLINE_CURVE_WITH_KNOTS('',1,(#1378,#1379),.UNSPECIFIED.,.F.,
  .F.,(2,2),(-0.64,0.),.PIECEWISE_BEZIER_KNOTS.);
#1378 = CARTESIAN_POINT('',(1.5695,-0.845,9.887878487082));
#1379 = CARTESIAN_POINT('',(0.9295,-0.845,9.887878487082));
#1380 = ORIENTED_EDGE('',*,*,#1381,.F.);
#1381 = EDGE_CURVE('',#786,#1375,#1382,.T.);
#1382 = B_SPLINE_CURVE_WITH_KNOTS('',1,(#1383,#1384),.UNSPECIFIED.,.F.,
  .F.,(2,2),(10.305096679919,14.192975067001),.PIECEWISE_BEZIER_KNOTS.);
#1383 = CARTESIAN_POINT('',(0.9295,-0.845,6.0000001));
#1384 = CARTESIAN_POINT('',(0.9295,-0.845,9.887878487082));
#1385 = ORIENTED_EDGE('',*,*,#785,.T.);
#1386 = B_SPLINE_SURFACE_WITH_KNOTS('',1,1,(
    (#1387,#1388)
    ,(#1389,#1390
    )),.UNSPECIFIED.,.F.,.F.,.F.,(2,2),(2,2),(-14.192975067,
    -10.30509667991),(0.,0.64),.PIECEWISE_BEZIER_KNOTS.);
#1387 = CARTESIAN_POINT('',(0.9295,-0.845,9.887878487082));
#1388 = CARTESIAN_POINT('',(1.5695,-0.845,9.887878487082));
#1389 = CARTESIAN_POINT('',(0.9295,-0.845,6.0000001));
#1390 = CARTESIAN_POINT('',(1.5695,-0.845,6.0000001));
#1391 = ADVANCED_FACE('',(#1392),#1408,.T.);
#1392 = FACE_BOUND('',#1393,.T.);
#1393 = EDGE_LOOP('',(#1394,#1395,#1402,#1407));
#1394 = ORIENTED_EDGE('',*,*,#1381,.T.);
#1395 = ORIENTED_EDGE('',*,*,#1396,.T.);
#1396 = EDGE_CURVE('',#1375,#1397,#1399,.T.);
#1397 = VERTEX_POINT('',#1398);
#1398 = CARTESIAN_POINT('',(0.9295,-0.205,9.887878487082));
#1399 = B_SPLINE_CURVE_WITH_KNOTS('',1,(#1400,#1401),.UNSPECIFIED.,.F.,
  .F.,(2,2),(-0.64,0.),.PIECEWISE_BEZIER_KNOTS.);
#1400 = CARTESIAN_POINT('',(0.9295,-0.845,9.887878487082));
#1401 = CARTESIAN_POINT('',(0.9295,-0.205,9.887878487082));
#1402 = ORIENTED_EDGE('',*,*,#1403,.F.);
#1403 = EDGE_CURVE('',#772,#1397,#1404,.T.);
#1404 = B_SPLINE_CURVE_WITH_KNOTS('',1,(#1405,#1406),.UNSPECIFIED.,.F.,
  .F.,(2,2),(10.305096679919,14.192975067001),.PIECEWISE_BEZIER_KNOTS.);
#1405 = CARTESIAN_POINT('',(0.9295,-0.205,6.0000001));
#1406 = CARTESIAN_POINT('',(0.9295,-0.205,9.887878487082));
#1407 = ORIENTED_EDGE('',*,*,#792,.T.);
#1408 = B_SPLINE_SURFACE_WITH_KNOTS('',1,1,(
    (#1409,#1410)
    ,(#1411,#1412
    )),.UNSPECIFIED.,.F.,.F.,.F.,(2,2),(2,2),(10.305096679919,
    14.192975067001),(-0.64,0.),.PIECEWISE_BEZIER_KNOTS.);
#1409 = CARTESIAN_POINT('',(0.9295,-0.845,6.0000001));
#1410 = CARTESIAN_POINT('',(0.9295,-0.205,6.0000001));
#1411 = CARTESIAN_POINT('',(0.9295,-0.845,9.887878487082));
#1412 = CARTESIAN_POINT('',(0.9295,-0.205,9.887878487082));
#1413 = ADVANCED_FACE('',(#1414),#1424,.T.);
#1414 = FACE_BOUND('',#1415,.T.);
#1415 = EDGE_LOOP('',(#1416,#1417,#1422,#1423));
#1416 = ORIENTED_EDGE('',*,*,#1403,.T.);
#1417 = ORIENTED_EDGE('',*,*,#1418,.T.);
#1418 = EDGE_CURVE('',#1397,#1346,#1419,.T.);
#1419 = B_SPLINE_CURVE_WITH_KNOTS('',1,(#1420,#1421),.UNSPECIFIED.,.F.,
  .F.,(2,2),(0.,0.64),.PIECEWISE_BEZIER_KNOTS.);
#1420 = CARTESIAN_POINT('',(0.9295,-0.205,9.887878487082));
#1421 = CARTESIAN_POINT('',(1.5695,-0.205,9.887878487082));
#1422 = ORIENTED_EDGE('',*,*,#1345,.F.);
#1423 = ORIENTED_EDGE('',*,*,#769,.T.);
#1424 = B_SPLINE_SURFACE_WITH_KNOTS('',1,1,(
    (#1425,#1426)
    ,(#1427,#1428
    )),.UNSPECIFIED.,.F.,.F.,.F.,(2,2),(2,2),(10.305096679919,
    14.192975067001),(0.,0.64),.PIECEWISE_BEZIER_KNOTS.);
#1425 = CARTESIAN_POINT('',(0.9295,-0.205,6.0000001));
#1426 = CARTESIAN_POINT('',(1.5695,-0.205,6.0000001));
#1427 = CARTESIAN_POINT('',(0.9295,-0.205,9.887878487082));
#1428 = CARTESIAN_POINT('',(1.5695,-0.205,9.887878487082));
#1429 = ADVANCED_FACE('',(#1430),#1452,.T.);
#1430 = FACE_BOUND('',#1431,.T.);
#1431 = EDGE_LOOP('',(#1432,#1439,#1446,#1451));
#1432 = ORIENTED_EDGE('',*,*,#1433,.F.);
#1433 = EDGE_CURVE('',#1434,#598,#1436,.T.);
#1434 = VERTEX_POINT('',#1435);
#1435 = CARTESIAN_POINT('',(1.5695,-0.205,0.412121712918));
#1436 = B_SPLINE_CURVE_WITH_KNOTS('',1,(#1437,#1438),.UNSPECIFIED.,.F.,
  .F.,(2,2),(4.717218292837,7.705096679919),.PIECEWISE_BEZIER_KNOTS.);
#1437 = CARTESIAN_POINT('',(1.5695,-0.205,0.412121712918));
#1438 = CARTESIAN_POINT('',(1.5695,-0.205,3.4000001));
#1439 = ORIENTED_EDGE('',*,*,#1440,.T.);
#1440 = EDGE_CURVE('',#1434,#1441,#1443,.T.);
#1441 = VERTEX_POINT('',#1442);
#1442 = CARTESIAN_POINT('',(0.9295,-0.205,0.412121712918));
#1443 = B_SPLINE_CURVE_WITH_KNOTS('',1,(#1444,#1445),.UNSPECIFIED.,.F.,
  .F.,(2,2),(-0.64,0.),.PIECEWISE_BEZIER_KNOTS.);
#1444 = CARTESIAN_POINT('',(1.5695,-0.205,0.412121712918));
#1445 = CARTESIAN_POINT('',(0.9295,-0.205,0.412121712918));
#1446 = ORIENTED_EDGE('',*,*,#1447,.T.);
#1447 = EDGE_CURVE('',#1441,#596,#1448,.T.);
#1448 = B_SPLINE_CURVE_WITH_KNOTS('',1,(#1449,#1450),.UNSPECIFIED.,.F.,
  .F.,(2,2),(4.717218292837,7.705096679919),.PIECEWISE_BEZIER_KNOTS.);
#1449 = CARTESIAN_POINT('',(0.9295,-0.205,0.412121712918));
#1450 = CARTESIAN_POINT('',(0.9295,-0.205,3.4000001));
#1451 = ORIENTED_EDGE('',*,*,#595,.T.);
#1452 = B_SPLINE_SURFACE_WITH_KNOTS('',1,1,(
    (#1453,#1454)
    ,(#1455,#1456
    )),.UNSPECIFIED.,.F.,.F.,.F.,(2,2),(2,2),(4.717218292837,
    7.705096679919),(0.,0.64),.PIECEWISE_BEZIER_KNOTS.);
#1453 = CARTESIAN_POINT('',(0.9295,-0.205,0.412121712918));
#1454 = CARTESIAN_POINT('',(1.5695,-0.205,0.412121712918));
#1455 = CARTESIAN_POINT('',(0.9295,-0.205,3.4000001));
#1456 = CARTESIAN_POINT('',(1.5695,-0.205,3.4000001));
#1457 = ADVANCED_FACE('',(#1458),#1474,.T.);
#1458 = FACE_BOUND('',#1459,.T.);
#1459 = EDGE_LOOP('',(#1460,#1461,#1468,#1473));
#1460 = ORIENTED_EDGE('',*,*,#1447,.F.);
#1461 = ORIENTED_EDGE('',*,*,#1462,.T.);
#1462 = EDGE_CURVE('',#1441,#1463,#1465,.T.);
#1463 = VERTEX_POINT('',#1464);
#1464 = CARTESIAN_POINT('',(0.9295,-0.845,0.412121712918));
#1465 = B_SPLINE_CURVE_WITH_KNOTS('',1,(#1466,#1467),.UNSPECIFIED.,.F.,
  .F.,(2,2),(0.,0.64),.PIECEWISE_BEZIER_KNOTS.);
#1466 = CARTESIAN_POINT('',(0.9295,-0.205,0.412121712918));
#1467 = CARTESIAN_POINT('',(0.9295,-0.845,0.412121712918));
#1468 = ORIENTED_EDGE('',*,*,#1469,.T.);
#1469 = EDGE_CURVE('',#1463,#605,#1470,.T.);
#1470 = B_SPLINE_CURVE_WITH_KNOTS('',1,(#1471,#1472),.UNSPECIFIED.,.F.,
  .F.,(2,2),(4.717218292837,7.705096679919),.PIECEWISE_BEZIER_KNOTS.);
#1471 = CARTESIAN_POINT('',(0.9295,-0.845,0.412121712918));
#1472 = CARTESIAN_POINT('',(0.9295,-0.845,3.4000001));
#1473 = ORIENTED_EDGE('',*,*,#604,.T.);
#1474 = B_SPLINE_SURFACE_WITH_KNOTS('',1,1,(
    (#1475,#1476)
    ,(#1477,#1478
    )),.UNSPECIFIED.,.F.,.F.,.F.,(2,2),(2,2),(4.717218292837,
    7.705096679919),(-0.64,0.),.PIECEWISE_BEZIER_KNOTS.);
#1475 = CARTESIAN_POINT('',(0.9295,-0.845,0.412121712918));
#1476 = CARTESIAN_POINT('',(0.9295,-0.205,0.412121712918));
#1477 = CARTESIAN_POINT('',(0.9295,-0.845,3.4000001));
#1478 = CARTESIAN_POINT('',(0.9295,-0.205,3.4000001));
#1479 = ADVANCED_FACE('',(#1480),#1496,.T.);
#1480 = FACE_BOUND('',#1481,.T.);
#1481 = EDGE_LOOP('',(#1482,#1483,#1490,#1495));
#1482 = ORIENTED_EDGE('',*,*,#1469,.F.);
#1483 = ORIENTED_EDGE('',*,*,#1484,.T.);
#1484 = EDGE_CURVE('',#1463,#1485,#1487,.T.);
#1485 = VERTEX_POINT('',#1486);
#1486 = CARTESIAN_POINT('',(1.5695,-0.845,0.412121712918));
#1487 = B_SPLINE_CURVE_WITH_KNOTS('',1,(#1488,#1489),.UNSPECIFIED.,.F.,
  .F.,(2,2),(0.,0.64),.PIECEWISE_BEZIER_KNOTS.);
#1488 = CARTESIAN_POINT('',(0.9295,-0.845,0.412121712918));
#1489 = CARTESIAN_POINT('',(1.5695,-0.845,0.412121712918));
#1490 = ORIENTED_EDGE('',*,*,#1491,.T.);
#1491 = EDGE_CURVE('',#1485,#612,#1492,.T.);
#1492 = B_SPLINE_CURVE_WITH_KNOTS('',1,(#1493,#1494),.UNSPECIFIED.,.F.,
  .F.,(2,2),(4.717218292837,7.705096679919),.PIECEWISE_BEZIER_KNOTS.);
#1493 = CARTESIAN_POINT('',(1.5695,-0.845,0.412121712918));
#1494 = CARTESIAN_POINT('',(1.5695,-0.845,3.4000001));
#1495 = ORIENTED_EDGE('',*,*,#611,.T.);
#1496 = B_SPLINE_SURFACE_WITH_KNOTS('',1,1,(
    (#1497,#1498)
    ,(#1499,#1500
    )),.UNSPECIFIED.,.F.,.F.,.F.,(2,2),(2,2),(-7.705096679919,
    -4.717218292837),(0.,0.64),.PIECEWISE_BEZIER_KNOTS.);
#1497 = CARTESIAN_POINT('',(0.9295,-0.845,3.4000001));
#1498 = CARTESIAN_POINT('',(1.5695,-0.845,3.4000001));
#1499 = CARTESIAN_POINT('',(0.9295,-0.845,0.412121712918));
#1500 = CARTESIAN_POINT('',(1.5695,-0.845,0.412121712918));
#1501 = ADVANCED_FACE('',(#1502),#1512,.T.);
#1502 = FACE_BOUND('',#1503,.T.);
#1503 = EDGE_LOOP('',(#1504,#1505,#1510,#1511));
#1504 = ORIENTED_EDGE('',*,*,#1491,.F.);
#1505 = ORIENTED_EDGE('',*,*,#1506,.T.);
#1506 = EDGE_CURVE('',#1485,#1434,#1507,.T.);
#1507 = B_SPLINE_CURVE_WITH_KNOTS('',1,(#1508,#1509),.UNSPECIFIED.,.F.,
  .F.,(2,2),(-0.64,0.),.PIECEWISE_BEZIER_KNOTS.);
#1508 = CARTESIAN_POINT('',(1.5695,-0.845,0.412121712918));
#1509 = CARTESIAN_POINT('',(1.5695,-0.205,0.412121712918));
#1510 = ORIENTED_EDGE('',*,*,#1433,.T.);
#1511 = ORIENTED_EDGE('',*,*,#618,.T.);
#1512 = B_SPLINE_SURFACE_WITH_KNOTS('',1,1,(
    (#1513,#1514)
    ,(#1515,#1516
    )),.UNSPECIFIED.,.F.,.F.,.F.,(2,2),(2,2),(-0.64,0.),(4.717218292837,
    7.705096679919),.PIECEWISE_BEZIER_KNOTS.);
#1513 = CARTESIAN_POINT('',(1.5695,-0.845,0.412121712918));
#1514 = CARTESIAN_POINT('',(1.5695,-0.845,3.4000001));
#1515 = CARTESIAN_POINT('',(1.5695,-0.205,0.412121712918));
#1516 = CARTESIAN_POINT('',(1.5695,-0.205,3.4000001));
#1517 = ADVANCED_FACE('',(#1518),#1548,.T.);
#1518 = FACE_BOUND('',#1519,.T.);
#1519 = EDGE_LOOP('',(#1520,#1529,#1536,#1543));
#1520 = ORIENTED_EDGE('',*,*,#1521,.T.);
#1521 = EDGE_CURVE('',#1522,#1524,#1526,.T.);
#1522 = VERTEX_POINT('',#1523);
#1523 = CARTESIAN_POINT('',(1.0795,-0.695,9.999999983634E-08));
#1524 = VERTEX_POINT('',#1525);
#1525 = CARTESIAN_POINT('',(1.0795,-0.355,9.999999983634E-08));
#1526 = B_SPLINE_CURVE_WITH_KNOTS('',1,(#1527,#1528),.UNSPECIFIED.,.F.,
  .F.,(2,2),(-0.695,-0.355),.PIECEWISE_BEZIER_KNOTS.);
#1527 = CARTESIAN_POINT('',(1.0795,-0.695,9.999999983634E-08));
#1528 = CARTESIAN_POINT('',(1.0795,-0.355,9.999999983634E-08));
#1529 = ORIENTED_EDGE('',*,*,#1530,.T.);
#1530 = EDGE_CURVE('',#1524,#1531,#1533,.T.);
#1531 = VERTEX_POINT('',#1532);
#1532 = CARTESIAN_POINT('',(1.4195,-0.355,9.999999983634E-08));
#1533 = B_SPLINE_CURVE_WITH_KNOTS('',1,(#1534,#1535),.UNSPECIFIED.,.F.,
  .F.,(2,2),(1.08,1.42),.PIECEWISE_BEZIER_KNOTS.);
#1534 = CARTESIAN_POINT('',(1.0795,-0.355,9.999999983634E-08));
#1535 = CARTESIAN_POINT('',(1.4195,-0.355,9.999999983634E-08));
#1536 = ORIENTED_EDGE('',*,*,#1537,.T.);
#1537 = EDGE_CURVE('',#1531,#1538,#1540,.T.);
#1538 = VERTEX_POINT('',#1539);
#1539 = CARTESIAN_POINT('',(1.4195,-0.695,9.999999983634E-08));
#1540 = B_SPLINE_CURVE_WITH_KNOTS('',1,(#1541,#1542),.UNSPECIFIED.,.F.,
  .F.,(2,2),(0.355,0.695),.PIECEWISE_BEZIER_KNOTS.);
#1541 = CARTESIAN_POINT('',(1.4195,-0.355,9.999999983634E-08));
#1542 = CARTESIAN_POINT('',(1.4195,-0.695,9.999999983634E-08));
#1543 = ORIENTED_EDGE('',*,*,#1544,.T.);
#1544 = EDGE_CURVE('',#1538,#1522,#1545,.T.);
#1545 = B_SPLINE_CURVE_WITH_KNOTS('',1,(#1546,#1547),.UNSPECIFIED.,.F.,
  .F.,(2,2),(-1.42,-1.08),.PIECEWISE_BEZIER_KNOTS.);
#1546 = CARTESIAN_POINT('',(1.4195,-0.695,9.999999983634E-08));
#1547 = CARTESIAN_POINT('',(1.0795,-0.695,9.999999983634E-08));
#1548 = B_SPLINE_SURFACE_WITH_KNOTS('',1,1,(
    (#1549,#1550)
    ,(#1551,#1552
  )),.UNSPECIFIED.,.F.,.F.,.F.,(2,2),(2,2),(-1.42,-1.08),(-0.695,-0.355)
  ,.PIECEWISE_BEZIER_KNOTS.);
#1549 = CARTESIAN_POINT('',(1.4195,-0.695,9.999999983634E-08));
#1550 = CARTESIAN_POINT('',(1.4195,-0.355,9.999999983634E-08));
#1551 = CARTESIAN_POINT('',(1.0795,-0.695,9.999999983634E-08));
#1552 = CARTESIAN_POINT('',(1.0795,-0.355,9.999999983634E-08));
#1553 = ADVANCED_FACE('',(#1554),#1568,.F.);
#1554 = FACE_BOUND('',#1555,.T.);
#1555 = EDGE_LOOP('',(#1556,#1561,#1562,#1567));
#1556 = ORIENTED_EDGE('',*,*,#1557,.F.);
#1557 = EDGE_CURVE('',#1522,#1463,#1558,.T.);
#1558 = B_SPLINE_CURVE_WITH_KNOTS('',1,(#1559,#1560),.UNSPECIFIED.,.F.,
  .F.,(2,2),(-0.463512916578,0.),.PIECEWISE_BEZIER_KNOTS.);
#1559 = CARTESIAN_POINT('',(1.0795,-0.695,9.999999983634E-08));
#1560 = CARTESIAN_POINT('',(0.9295,-0.845,0.412121712918));
#1561 = ORIENTED_EDGE('',*,*,#1544,.F.);
#1562 = ORIENTED_EDGE('',*,*,#1563,.F.);
#1563 = EDGE_CURVE('',#1485,#1538,#1564,.T.);
#1564 = B_SPLINE_CURVE_WITH_KNOTS('',1,(#1565,#1566),.UNSPECIFIED.,.F.,
  .F.,(2,2),(-0.207113969356,0.256398947222),.PIECEWISE_BEZIER_KNOTS.);
#1565 = CARTESIAN_POINT('',(1.5695,-0.845,0.412121712918));
#1566 = CARTESIAN_POINT('',(1.4195,-0.695,9.999999983634E-08));
#1567 = ORIENTED_EDGE('',*,*,#1484,.F.);
#1568 = B_SPLINE_SURFACE_WITH_KNOTS('',1,1,(
    (#1569,#1570)
    ,(#1571,#1572
    )),.UNSPECIFIED.,.F.,.F.,.F.,(2,2),(2,2),(0.,0.64),(
    -8.326672684689E-17,0.438570660024),.PIECEWISE_BEZIER_KNOTS.);
#1569 = CARTESIAN_POINT('',(0.9295,-0.845,0.412121712918));
#1570 = CARTESIAN_POINT('',(0.9295,-0.695,9.999999983634E-08));
#1571 = CARTESIAN_POINT('',(1.5695,-0.845,0.412121712918));
#1572 = CARTESIAN_POINT('',(1.5695,-0.695,9.999999983634E-08));
#1573 = ADVANCED_FACE('',(#1574),#1584,.F.);
#1574 = FACE_BOUND('',#1575,.T.);
#1575 = EDGE_LOOP('',(#1576,#1577,#1578,#1583));
#1576 = ORIENTED_EDGE('',*,*,#1563,.T.);
#1577 = ORIENTED_EDGE('',*,*,#1537,.F.);
#1578 = ORIENTED_EDGE('',*,*,#1579,.F.);
#1579 = EDGE_CURVE('',#1434,#1531,#1580,.T.);
#1580 = B_SPLINE_CURVE_WITH_KNOTS('',1,(#1581,#1582),.UNSPECIFIED.,.F.,
  .F.,(2,2),(-0.,0.463512916578),.PIECEWISE_BEZIER_KNOTS.);
#1581 = CARTESIAN_POINT('',(1.5695,-0.205,0.412121712918));
#1582 = CARTESIAN_POINT('',(1.4195,-0.355,9.999999983634E-08));
#1583 = ORIENTED_EDGE('',*,*,#1506,.F.);
#1584 = B_SPLINE_SURFACE_WITH_KNOTS('',1,1,(
    (#1585,#1586)
    ,(#1587,#1588
    )),.UNSPECIFIED.,.F.,.F.,.F.,(2,2),(2,2),(-0.64,0.),(
    -5.551115123126E-17,0.438570660024),.PIECEWISE_BEZIER_KNOTS.);
#1585 = CARTESIAN_POINT('',(1.5695,-0.845,0.412121712918));
#1586 = CARTESIAN_POINT('',(1.4195,-0.845,9.999999983634E-08));
#1587 = CARTESIAN_POINT('',(1.5695,-0.205,0.412121712918));
#1588 = CARTESIAN_POINT('',(1.4195,-0.205,9.999999983634E-08));
#1589 = ADVANCED_FACE('',(#1590),#1600,.F.);
#1590 = FACE_BOUND('',#1591,.T.);
#1591 = EDGE_LOOP('',(#1592,#1593,#1594,#1599));
#1592 = ORIENTED_EDGE('',*,*,#1557,.T.);
#1593 = ORIENTED_EDGE('',*,*,#1462,.F.);
#1594 = ORIENTED_EDGE('',*,*,#1595,.F.);
#1595 = EDGE_CURVE('',#1524,#1441,#1596,.T.);
#1596 = B_SPLINE_CURVE_WITH_KNOTS('',1,(#1597,#1598),.UNSPECIFIED.,.F.,
  .F.,(2,2),(-0.463512916578,0.),.PIECEWISE_BEZIER_KNOTS.);
#1597 = CARTESIAN_POINT('',(1.0795,-0.355,9.999999983634E-08));
#1598 = CARTESIAN_POINT('',(0.9295,-0.205,0.412121712918));
#1599 = ORIENTED_EDGE('',*,*,#1521,.F.);
#1600 = B_SPLINE_SURFACE_WITH_KNOTS('',1,1,(
    (#1601,#1602)
    ,(#1603,#1604
    )),.UNSPECIFIED.,.F.,.F.,.F.,(2,2),(2,2),(0.,0.64),(0.,
    0.438570660024),.PIECEWISE_BEZIER_KNOTS.);
#1601 = CARTESIAN_POINT('',(0.9295,-0.205,0.412121712918));
#1602 = CARTESIAN_POINT('',(1.0795,-0.205,9.999999983634E-08));
#1603 = CARTESIAN_POINT('',(0.9295,-0.845,0.412121712918));
#1604 = CARTESIAN_POINT('',(1.0795,-0.845,9.999999983634E-08));
#1605 = ADVANCED_FACE('',(#1606),#1612,.F.);
#1606 = FACE_BOUND('',#1607,.T.);
#1607 = EDGE_LOOP('',(#1608,#1609,#1610,#1611));
#1608 = ORIENTED_EDGE('',*,*,#1579,.T.);
#1609 = ORIENTED_EDGE('',*,*,#1530,.F.);
#1610 = ORIENTED_EDGE('',*,*,#1595,.T.);
#1611 = ORIENTED_EDGE('',*,*,#1440,.F.);
#1612 = B_SPLINE_SURFACE_WITH_KNOTS('',1,1,(
    (#1613,#1614)
    ,(#1615,#1616
    )),.UNSPECIFIED.,.F.,.F.,.F.,(2,2),(2,2),(-0.64,0.),(-0.,
    0.438570660024),.PIECEWISE_BEZIER_KNOTS.);
#1613 = CARTESIAN_POINT('',(1.5695,-0.205,0.412121712918));
#1614 = CARTESIAN_POINT('',(1.5695,-0.355,9.999999983634E-08));
#1615 = CARTESIAN_POINT('',(0.9295,-0.205,0.412121712918));
#1616 = CARTESIAN_POINT('',(0.9295,-0.355,9.999999983634E-08));
#1617 = ADVANCED_FACE('',(#1618),#1632,.F.);
#1618 = FACE_BOUND('',#1619,.T.);
#1619 = EDGE_LOOP('',(#1620,#1625,#1626,#1631));
#1620 = ORIENTED_EDGE('',*,*,#1621,.F.);
#1621 = EDGE_CURVE('',#1346,#1326,#1622,.T.);
#1622 = B_SPLINE_CURVE_WITH_KNOTS('',1,(#1623,#1624),.UNSPECIFIED.,.F.,
  .F.,(2,2),(-0.348629386701,0.114883529877),.PIECEWISE_BEZIER_KNOTS.);
#1623 = CARTESIAN_POINT('',(1.5695,-0.205,9.887878487082));
#1624 = CARTESIAN_POINT('',(1.4195,-0.355,10.3000001));
#1625 = ORIENTED_EDGE('',*,*,#1418,.F.);
#1626 = ORIENTED_EDGE('',*,*,#1627,.F.);
#1627 = EDGE_CURVE('',#1310,#1397,#1628,.T.);
#1628 = B_SPLINE_CURVE_WITH_KNOTS('',1,(#1629,#1630),.UNSPECIFIED.,.F.,
  .F.,(2,2),(0.459534119508,0.923047036085),.PIECEWISE_BEZIER_KNOTS.);
#1629 = CARTESIAN_POINT('',(1.0795,-0.355,10.3000001));
#1630 = CARTESIAN_POINT('',(0.9295,-0.205,9.887878487082));
#1631 = ORIENTED_EDGE('',*,*,#1332,.F.);
#1632 = B_SPLINE_SURFACE_WITH_KNOTS('',1,1,(
    (#1633,#1634)
    ,(#1635,#1636)),.UNSPECIFIED.,.F.,.F.,.F.,(2,2),(2,2),(0.93,1.57),(
    -1.942890293094E-16,0.438570660024),.PIECEWISE_BEZIER_KNOTS.);
#1633 = CARTESIAN_POINT('',(1.5695,-0.355,10.3000001));
#1634 = CARTESIAN_POINT('',(1.5695,-0.205,9.887878487082));
#1635 = CARTESIAN_POINT('',(0.9295,-0.355,10.3000001));
#1636 = CARTESIAN_POINT('',(0.9295,-0.205,9.887878487082));
#1637 = ADVANCED_FACE('',(#1638),#1648,.F.);
#1638 = FACE_BOUND('',#1639,.T.);
#1639 = EDGE_LOOP('',(#1640,#1641,#1642,#1647));
#1640 = ORIENTED_EDGE('',*,*,#1627,.T.);
#1641 = ORIENTED_EDGE('',*,*,#1396,.F.);
#1642 = ORIENTED_EDGE('',*,*,#1643,.F.);
#1643 = EDGE_CURVE('',#1312,#1375,#1644,.T.);
#1644 = B_SPLINE_CURVE_WITH_KNOTS('',1,(#1645,#1646),.UNSPECIFIED.,.F.,
  .F.,(2,2),(0.224912826097,0.688425742675),.PIECEWISE_BEZIER_KNOTS.);
#1645 = CARTESIAN_POINT('',(1.0795,-0.695,10.3000001));
#1646 = CARTESIAN_POINT('',(0.9295,-0.845,9.887878487082));
#1647 = ORIENTED_EDGE('',*,*,#1309,.F.);
#1648 = B_SPLINE_SURFACE_WITH_KNOTS('',1,1,(
    (#1649,#1650)
    ,(#1651,#1652
  )),.UNSPECIFIED.,.F.,.F.,.F.,(2,2),(2,2),(0.205,0.845),(
    -1.110223024625E-16,0.438570660024),.PIECEWISE_BEZIER_KNOTS.);
#1649 = CARTESIAN_POINT('',(1.0795,-0.205,10.3000001));
#1650 = CARTESIAN_POINT('',(0.9295,-0.205,9.887878487082));
#1651 = CARTESIAN_POINT('',(1.0795,-0.845,10.3000001));
#1652 = CARTESIAN_POINT('',(0.9295,-0.845,9.887878487082));
#1653 = ADVANCED_FACE('',(#1654),#1664,.F.);
#1654 = FACE_BOUND('',#1655,.T.);
#1655 = EDGE_LOOP('',(#1656,#1657,#1658,#1663));
#1656 = ORIENTED_EDGE('',*,*,#1621,.T.);
#1657 = ORIENTED_EDGE('',*,*,#1325,.F.);
#1658 = ORIENTED_EDGE('',*,*,#1659,.F.);
#1659 = EDGE_CURVE('',#1353,#1319,#1660,.T.);
#1660 = B_SPLINE_CURVE_WITH_KNOTS('',1,(#1661,#1662),.UNSPECIFIED.,.F.,
  .F.,(2,2),(-0.688425742675,-0.224912826097),.PIECEWISE_BEZIER_KNOTS.);
#1661 = CARTESIAN_POINT('',(1.5695,-0.845,9.887878487082));
#1662 = CARTESIAN_POINT('',(1.4195,-0.695,10.3000001));
#1663 = ORIENTED_EDGE('',*,*,#1352,.F.);
#1664 = B_SPLINE_SURFACE_WITH_KNOTS('',1,1,(
    (#1665,#1666)
    ,(#1667,#1668
    )),.UNSPECIFIED.,.F.,.F.,.F.,(2,2),(2,2),(-0.845,-0.205),(
    -1.665334536938E-16,0.438570660024),.PIECEWISE_BEZIER_KNOTS.);
#1665 = CARTESIAN_POINT('',(1.4195,-0.845,10.3000001));
#1666 = CARTESIAN_POINT('',(1.5695,-0.845,9.887878487082));
#1667 = CARTESIAN_POINT('',(1.4195,-0.205,10.3000001));
#1668 = CARTESIAN_POINT('',(1.5695,-0.205,9.887878487082));
#1669 = ADVANCED_FACE('',(#1670),#1676,.F.);
#1670 = FACE_BOUND('',#1671,.T.);
#1671 = EDGE_LOOP('',(#1672,#1673,#1674,#1675));
#1672 = ORIENTED_EDGE('',*,*,#1643,.T.);
#1673 = ORIENTED_EDGE('',*,*,#1374,.F.);
#1674 = ORIENTED_EDGE('',*,*,#1659,.T.);
#1675 = ORIENTED_EDGE('',*,*,#1318,.F.);
#1676 = B_SPLINE_SURFACE_WITH_KNOTS('',1,1,(
    (#1677,#1678)
    ,(#1679,#1680
  )),.UNSPECIFIED.,.F.,.F.,.F.,(2,2),(2,2),(-1.57,-0.93),(
    -5.551115123126E-17,0.438570660024),.PIECEWISE_BEZIER_KNOTS.);
#1677 = CARTESIAN_POINT('',(0.9295,-0.695,10.3000001));
#1678 = CARTESIAN_POINT('',(0.9295,-0.845,9.887878487082));
#1679 = CARTESIAN_POINT('',(1.5695,-0.695,10.3000001));
#1680 = CARTESIAN_POINT('',(1.5695,-0.845,9.887878487082));
#1681 = ADVANCED_FACE('',(#1682),#1696,.F.);
#1682 = FACE_BOUND('',#1683,.T.);
#1683 = EDGE_LOOP('',(#1684,#1689,#1690,#1695));
#1684 = ORIENTED_EDGE('',*,*,#1685,.T.);
#1685 = EDGE_CURVE('',#335,#193,#1686,.T.);
#1686 = B_SPLINE_CURVE_WITH_KNOTS('',1,(#1687,#1688),.UNSPECIFIED.,.F.,
  .F.,(2,2),(0.3,0.8),.PIECEWISE_BEZIER_KNOTS.);
#1687 = CARTESIAN_POINT('',(-1.3005,-2.375,7.4000001));
#1688 = CARTESIAN_POINT('',(-1.3005,-2.875,7.4000001));
#1689 = ORIENTED_EDGE('',*,*,#192,.T.);
#1690 = ORIENTED_EDGE('',*,*,#1691,.F.);
#1691 = EDGE_CURVE('',#343,#185,#1692,.T.);
#1692 = B_SPLINE_CURVE_WITH_KNOTS('',1,(#1693,#1694),.UNSPECIFIED.,.F.,
  .F.,(2,2),(0.3,0.8),.PIECEWISE_BEZIER_KNOTS.);
#1693 = CARTESIAN_POINT('',(1.2995,-2.375,7.4000001));
#1694 = CARTESIAN_POINT('',(1.2995,-2.875,7.4000001));
#1695 = ORIENTED_EDGE('',*,*,#342,.F.);
#1696 = B_SPLINE_SURFACE_WITH_KNOTS('',1,1,(
    (#1697,#1698)
    ,(#1699,#1700
    )),.UNSPECIFIED.,.F.,.F.,.F.,(2,2),(2,2),(-2.6,2.22044604925E-16),(
    -0.8,-0.3),.PIECEWISE_BEZIER_KNOTS.);
#1697 = CARTESIAN_POINT('',(1.2995,-2.875,7.4000001));
#1698 = CARTESIAN_POINT('',(1.2995,-2.375,7.4000001));
#1699 = CARTESIAN_POINT('',(-1.3005,-2.875,7.4000001));
#1700 = CARTESIAN_POINT('',(-1.3005,-2.375,7.4000001));
#1701 = ADVANCED_FACE('',(#1702),#1712,.F.);
#1702 = FACE_BOUND('',#1703,.F.);
#1703 = EDGE_LOOP('',(#1704,#1705,#1706,#1707));
#1704 = ORIENTED_EDGE('',*,*,#334,.T.);
#1705 = ORIENTED_EDGE('',*,*,#1685,.T.);
#1706 = ORIENTED_EDGE('',*,*,#199,.F.);
#1707 = ORIENTED_EDGE('',*,*,#1708,.F.);
#1708 = EDGE_CURVE('',#328,#200,#1709,.T.);
#1709 = B_SPLINE_CURVE_WITH_KNOTS('',1,(#1710,#1711),.UNSPECIFIED.,.F.,
  .F.,(2,2),(0.3,0.8),.PIECEWISE_BEZIER_KNOTS.);
#1710 = CARTESIAN_POINT('',(-1.6705,-2.375,8.63580544711));
#1711 = CARTESIAN_POINT('',(-1.6705,-2.875,8.63580544711));
#1712 = ( BOUNDED_SURFACE() B_SPLINE_SURFACE(2,1,(
    (#1713,#1714)
    ,(#1715,#1716)
    ,(#1717,#1718
)),.UNSPECIFIED.,.F.,.F.,.F.) B_SPLINE_SURFACE_WITH_KNOTS((3,3),(2,2),(
    4.712388980385,5.294201290585),(0.3,0.8),.PIECEWISE_BEZIER_KNOTS.) 
GEOMETRIC_REPRESENTATION_ITEM() RATIONAL_B_SPLINE_SURFACE((
    (1.,1.)
    ,(0.957984365066,0.957984365066)
,(1.,1.))) REPRESENTATION_ITEM('') SURFACE() );
#1713 = CARTESIAN_POINT('',(-1.6705,-2.375,8.63580544711));
#1714 = CARTESIAN_POINT('',(-1.6705,-2.875,8.63580544711));
#1715 = CARTESIAN_POINT('',(-1.6705,-2.375,7.962513791658));
#1716 = CARTESIAN_POINT('',(-1.6705,-2.875,7.962513791658));
#1717 = CARTESIAN_POINT('',(-1.3005,-2.375,7.4000001));
#1718 = CARTESIAN_POINT('',(-1.3005,-2.875,7.4000001));
#1719 = ADVANCED_FACE('',(#1720),#1730,.F.);
#1720 = FACE_BOUND('',#1721,.T.);
#1721 = EDGE_LOOP('',(#1722,#1727,#1728,#1729));
#1722 = ORIENTED_EDGE('',*,*,#1723,.T.);
#1723 = EDGE_CURVE('',#321,#208,#1724,.T.);
#1724 = B_SPLINE_CURVE_WITH_KNOTS('',1,(#1725,#1726),.UNSPECIFIED.,.F.,
  .F.,(2,2),(0.3,0.8),.PIECEWISE_BEZIER_KNOTS.);
#1725 = CARTESIAN_POINT('',(-1.6705,-2.375,9.702376633345));
#1726 = CARTESIAN_POINT('',(-1.6705,-2.875,9.702376633345));
#1727 = ORIENTED_EDGE('',*,*,#207,.T.);
#1728 = ORIENTED_EDGE('',*,*,#1708,.F.);
#1729 = ORIENTED_EDGE('',*,*,#327,.F.);
#1730 = B_SPLINE_SURFACE_WITH_KNOTS('',1,1,(
    (#1731,#1732)
    ,(#1733,#1734
    )),.UNSPECIFIED.,.F.,.F.,.F.,(2,2),(2,2),(-1.066571186235,0.),(-0.8,
    -0.3),.PIECEWISE_BEZIER_KNOTS.);
#1731 = CARTESIAN_POINT('',(-1.6705,-2.875,8.63580544711));
#1732 = CARTESIAN_POINT('',(-1.6705,-2.375,8.63580544711));
#1733 = CARTESIAN_POINT('',(-1.6705,-2.875,9.702376633345));
#1734 = CARTESIAN_POINT('',(-1.6705,-2.375,9.702376633345));
#1735 = ADVANCED_FACE('',(#1736),#1746,.F.);
#1736 = FACE_BOUND('',#1737,.T.);
#1737 = EDGE_LOOP('',(#1738,#1743,#1744,#1745));
#1738 = ORIENTED_EDGE('',*,*,#1739,.T.);
#1739 = EDGE_CURVE('',#314,#215,#1740,.T.);
#1740 = B_SPLINE_CURVE_WITH_KNOTS('',1,(#1741,#1742),.UNSPECIFIED.,.F.,
  .F.,(2,2),(0.3,0.8),.PIECEWISE_BEZIER_KNOTS.);
#1741 = CARTESIAN_POINT('',(-1.5705,-2.375,9.87304848144));
#1742 = CARTESIAN_POINT('',(-1.5705,-2.875,9.87304848144));
#1743 = ORIENTED_EDGE('',*,*,#214,.T.);
#1744 = ORIENTED_EDGE('',*,*,#1723,.F.);
#1745 = ORIENTED_EDGE('',*,*,#320,.F.);
#1746 = B_SPLINE_SURFACE_WITH_KNOTS('',1,1,(
    (#1747,#1748)
    ,(#1749,#1750
    )),.UNSPECIFIED.,.F.,.F.,.F.,(2,2),(2,2),(-0.197810211395,0.),(-0.8,
    -0.3),.PIECEWISE_BEZIER_KNOTS.);
#1747 = CARTESIAN_POINT('',(-1.6705,-2.875,9.702376633345));
#1748 = CARTESIAN_POINT('',(-1.6705,-2.375,9.702376633345));
#1749 = CARTESIAN_POINT('',(-1.5705,-2.875,9.87304848144));
#1750 = CARTESIAN_POINT('',(-1.5705,-2.375,9.87304848144));
#1751 = ADVANCED_FACE('',(#1752),#1762,.F.);
#1752 = FACE_BOUND('',#1753,.T.);
#1753 = EDGE_LOOP('',(#1754,#1759,#1760,#1761));
#1754 = ORIENTED_EDGE('',*,*,#1755,.T.);
#1755 = EDGE_CURVE('',#307,#222,#1756,.T.);
#1756 = B_SPLINE_CURVE_WITH_KNOTS('',1,(#1757,#1758),.UNSPECIFIED.,.F.,
  .F.,(2,2),(0.3,0.8),.PIECEWISE_BEZIER_KNOTS.);
#1757 = CARTESIAN_POINT('',(-1.5705,-2.375,9.932163794536));
#1758 = CARTESIAN_POINT('',(-1.5705,-2.875,9.932163794536));
#1759 = ORIENTED_EDGE('',*,*,#221,.T.);
#1760 = ORIENTED_EDGE('',*,*,#1739,.F.);
#1761 = ORIENTED_EDGE('',*,*,#313,.F.);
#1762 = B_SPLINE_SURFACE_WITH_KNOTS('',1,1,(
    (#1763,#1764)
    ,(#1765,#1766
    )),.UNSPECIFIED.,.F.,.F.,.F.,(2,2),(2,2),(-5.911531309579E-02,0.),(
    -0.8,-0.3),.PIECEWISE_BEZIER_KNOTS.);
#1763 = CARTESIAN_POINT('',(-1.5705,-2.875,9.87304848144));
#1764 = CARTESIAN_POINT('',(-1.5705,-2.375,9.87304848144));
#1765 = CARTESIAN_POINT('',(-1.5705,-2.875,9.932163794536));
#1766 = CARTESIAN_POINT('',(-1.5705,-2.375,9.932163794536));
#1767 = ADVANCED_FACE('',(#1768),#1774,.F.);
#1768 = FACE_BOUND('',#1769,.T.);
#1769 = EDGE_LOOP('',(#1770,#1771,#1772,#1773));
#1770 = ORIENTED_EDGE('',*,*,#557,.T.);
#1771 = ORIENTED_EDGE('',*,*,#228,.T.);
#1772 = ORIENTED_EDGE('',*,*,#1755,.F.);
#1773 = ORIENTED_EDGE('',*,*,#306,.F.);
#1774 = B_SPLINE_SURFACE_WITH_KNOTS('',1,1,(
    (#1775,#1776)
    ,(#1777,#1778
    )),.UNSPECIFIED.,.F.,.F.,.F.,(2,2),(2,2),(-0.734415689044,
    2.22044604925E-16),(-0.8,-0.3),.PIECEWISE_BEZIER_KNOTS.);
#1775 = CARTESIAN_POINT('',(-1.5705,-2.875,9.932163794536));
#1776 = CARTESIAN_POINT('',(-1.5705,-2.375,9.932163794536));
#1777 = CARTESIAN_POINT('',(-2.136623304241,-2.875,10.4000001));
#1778 = CARTESIAN_POINT('',(-2.136623304241,-2.375,10.4000001));
#1779 = ADVANCED_FACE('',(#1780),#1790,.T.);
#1780 = FACE_BOUND('',#1781,.T.);
#1781 = EDGE_LOOP('',(#1782,#1783,#1788,#1789));
#1782 = ORIENTED_EDGE('',*,*,#270,.T.);
#1783 = ORIENTED_EDGE('',*,*,#1784,.T.);
#1784 = EDGE_CURVE('',#271,#157,#1785,.T.);
#1785 = B_SPLINE_CURVE_WITH_KNOTS('',1,(#1786,#1787),.UNSPECIFIED.,.F.,
  .F.,(2,2),(0.3,0.8),.PIECEWISE_BEZIER_KNOTS.);
#1786 = CARTESIAN_POINT('',(1.5695,-2.375,9.932163794536));
#1787 = CARTESIAN_POINT('',(1.5695,-2.875,9.932163794536));
#1788 = ORIENTED_EDGE('',*,*,#156,.F.);
#1789 = ORIENTED_EDGE('',*,*,#106,.F.);
#1790 = B_SPLINE_SURFACE_WITH_KNOTS('',1,1,(
    (#1791,#1792)
    ,(#1793,#1794
    )),.UNSPECIFIED.,.F.,.F.,.F.,(2,2),(2,2),(-0.734415689044,0.),(-0.8,
    -0.3),.PIECEWISE_BEZIER_KNOTS.);
#1791 = CARTESIAN_POINT('',(1.5695,-2.875,9.932163794536));
#1792 = CARTESIAN_POINT('',(1.5695,-2.375,9.932163794536));
#1793 = CARTESIAN_POINT('',(2.135623304241,-2.875,10.4000001));
#1794 = CARTESIAN_POINT('',(2.135623304241,-2.375,10.4000001));
#1795 = ADVANCED_FACE('',(#1796),#1806,.T.);
#1796 = FACE_BOUND('',#1797,.T.);
#1797 = EDGE_LOOP('',(#1798,#1799,#1804,#1805));
#1798 = ORIENTED_EDGE('',*,*,#371,.T.);
#1799 = ORIENTED_EDGE('',*,*,#1800,.T.);
#1800 = EDGE_CURVE('',#365,#164,#1801,.T.);
#1801 = B_SPLINE_CURVE_WITH_KNOTS('',1,(#1802,#1803),.UNSPECIFIED.,.F.,
  .F.,(2,2),(0.3,0.8),.PIECEWISE_BEZIER_KNOTS.);
#1802 = CARTESIAN_POINT('',(1.5695,-2.375,9.87304848144));
#1803 = CARTESIAN_POINT('',(1.5695,-2.875,9.87304848144));
#1804 = ORIENTED_EDGE('',*,*,#163,.F.);
#1805 = ORIENTED_EDGE('',*,*,#1784,.F.);
#1806 = B_SPLINE_SURFACE_WITH_KNOTS('',1,1,(
    (#1807,#1808)
    ,(#1809,#1810
    )),.UNSPECIFIED.,.F.,.F.,.F.,(2,2),(2,2),(-5.911531309579E-02,0.),(
    -0.8,-0.3),.PIECEWISE_BEZIER_KNOTS.);
#1807 = CARTESIAN_POINT('',(1.5695,-2.875,9.87304848144));
#1808 = CARTESIAN_POINT('',(1.5695,-2.375,9.87304848144));
#1809 = CARTESIAN_POINT('',(1.5695,-2.875,9.932163794536));
#1810 = CARTESIAN_POINT('',(1.5695,-2.375,9.932163794536));
#1811 = ADVANCED_FACE('',(#1812),#1822,.T.);
#1812 = FACE_BOUND('',#1813,.T.);
#1813 = EDGE_LOOP('',(#1814,#1815,#1820,#1821));
#1814 = ORIENTED_EDGE('',*,*,#364,.T.);
#1815 = ORIENTED_EDGE('',*,*,#1816,.T.);
#1816 = EDGE_CURVE('',#358,#171,#1817,.T.);
#1817 = B_SPLINE_CURVE_WITH_KNOTS('',1,(#1818,#1819),.UNSPECIFIED.,.F.,
  .F.,(2,2),(0.3,0.8),.PIECEWISE_BEZIER_KNOTS.);
#1818 = CARTESIAN_POINT('',(1.6695,-2.375,9.702376633345));
#1819 = CARTESIAN_POINT('',(1.6695,-2.875,9.702376633345));
#1820 = ORIENTED_EDGE('',*,*,#170,.F.);
#1821 = ORIENTED_EDGE('',*,*,#1800,.F.);
#1822 = B_SPLINE_SURFACE_WITH_KNOTS('',1,1,(
    (#1823,#1824)
    ,(#1825,#1826
    )),.UNSPECIFIED.,.F.,.F.,.F.,(2,2),(2,2),(-0.197810211395,0.),(-0.8,
    -0.3),.PIECEWISE_BEZIER_KNOTS.);
#1823 = CARTESIAN_POINT('',(1.6695,-2.875,9.702376633345));
#1824 = CARTESIAN_POINT('',(1.6695,-2.375,9.702376633345));
#1825 = CARTESIAN_POINT('',(1.5695,-2.875,9.87304848144));
#1826 = CARTESIAN_POINT('',(1.5695,-2.375,9.87304848144));
#1827 = ADVANCED_FACE('',(#1828),#1838,.T.);
#1828 = FACE_BOUND('',#1829,.T.);
#1829 = EDGE_LOOP('',(#1830,#1831,#1836,#1837));
#1830 = ORIENTED_EDGE('',*,*,#357,.T.);
#1831 = ORIENTED_EDGE('',*,*,#1832,.T.);
#1832 = EDGE_CURVE('',#350,#178,#1833,.T.);
#1833 = B_SPLINE_CURVE_WITH_KNOTS('',1,(#1834,#1835),.UNSPECIFIED.,.F.,
  .F.,(2,2),(0.3,0.8),.PIECEWISE_BEZIER_KNOTS.);
#1834 = CARTESIAN_POINT('',(1.6695,-2.375,8.63580544711));
#1835 = CARTESIAN_POINT('',(1.6695,-2.875,8.63580544711));
#1836 = ORIENTED_EDGE('',*,*,#177,.F.);
#1837 = ORIENTED_EDGE('',*,*,#1816,.F.);
#1838 = B_SPLINE_SURFACE_WITH_KNOTS('',1,1,(
    (#1839,#1840)
    ,(#1841,#1842
    )),.UNSPECIFIED.,.F.,.F.,.F.,(2,2),(2,2),(-1.066571186235,0.),(-0.8,
    -0.3),.PIECEWISE_BEZIER_KNOTS.);
#1839 = CARTESIAN_POINT('',(1.6695,-2.875,8.63580544711));
#1840 = CARTESIAN_POINT('',(1.6695,-2.375,8.63580544711));
#1841 = CARTESIAN_POINT('',(1.6695,-2.875,9.702376633345));
#1842 = CARTESIAN_POINT('',(1.6695,-2.375,9.702376633345));
#1843 = ADVANCED_FACE('',(#1844),#1850,.F.);
#1844 = FACE_BOUND('',#1845,.F.);
#1845 = EDGE_LOOP('',(#1846,#1847,#1848,#1849));
#1846 = ORIENTED_EDGE('',*,*,#1832,.T.);
#1847 = ORIENTED_EDGE('',*,*,#184,.T.);
#1848 = ORIENTED_EDGE('',*,*,#1691,.F.);
#1849 = ORIENTED_EDGE('',*,*,#349,.F.);
#1850 = ( BOUNDED_SURFACE() B_SPLINE_SURFACE(2,1,(
    (#1851,#1852)
    ,(#1853,#1854)
    ,(#1855,#1856
)),.UNSPECIFIED.,.F.,.F.,.F.) B_SPLINE_SURFACE_WITH_KNOTS((3,3),(2,2),(
    0.988984016594,1.570796326795),(0.3,0.8),.PIECEWISE_BEZIER_KNOTS.) 
GEOMETRIC_REPRESENTATION_ITEM() RATIONAL_B_SPLINE_SURFACE((
    (1.,1.)
    ,(0.957984365066,0.957984365066)
,(1.,1.))) REPRESENTATION_ITEM('') SURFACE() );
#1851 = CARTESIAN_POINT('',(1.2995,-2.375,7.4000001));
#1852 = CARTESIAN_POINT('',(1.2995,-2.875,7.4000001));
#1853 = CARTESIAN_POINT('',(1.6695,-2.375,7.962513791658));
#1854 = CARTESIAN_POINT('',(1.6695,-2.875,7.962513791658));
#1855 = CARTESIAN_POINT('',(1.6695,-2.375,8.63580544711));
#1856 = CARTESIAN_POINT('',(1.6695,-2.875,8.63580544711));
#1857 = ADVANCED_FACE('',(#1858),#1871,.T.);
#1858 = FACE_BOUND('',#1859,.T.);
#1859 = EDGE_LOOP('',(#1860,#1861,#1869,#1870));
#1860 = ORIENTED_EDGE('',*,*,#70,.F.);
#1861 = ORIENTED_EDGE('',*,*,#1862,.T.);
#1862 = EDGE_CURVE('',#34,#41,#1863,.T.);
#1863 = ( BOUNDED_CURVE() B_SPLINE_CURVE(2,(#1864,#1865,#1866,#1867,
#1868),.UNSPECIFIED.,.F.,.F.) B_SPLINE_CURVE_WITH_KNOTS((3,2,3),(0.,
1.570796326795,3.14159265359),.PIECEWISE_BEZIER_KNOTS.) CURVE() 
GEOMETRIC_REPRESENTATION_ITEM() RATIONAL_B_SPLINE_CURVE((1.,
0.707106781187,1.,0.707106781187,1.)) REPRESENTATION_ITEM('') );
#1864 = CARTESIAN_POINT('',(2.3495,1.475,2.1000001));
#1865 = CARTESIAN_POINT('',(2.3495,0.975,2.1000001));
#1866 = CARTESIAN_POINT('',(2.8495,0.975,2.1000001));
#1867 = CARTESIAN_POINT('',(3.3495,0.975,2.1000001));
#1868 = CARTESIAN_POINT('',(3.3495,1.475,2.1000001));
#1869 = ORIENTED_EDGE('',*,*,#87,.T.);
#1870 = ORIENTED_EDGE('',*,*,#584,.T.);
#1871 = ( BOUNDED_SURFACE() B_SPLINE_SURFACE(2,1,(
    (#1872,#1873)
    ,(#1874,#1875)
    ,(#1876,#1877)
    ,(#1878,#1879)
    ,(#1880,#1881
)),.UNSPECIFIED.,.F.,.F.,.F.) B_SPLINE_SURFACE_WITH_KNOTS((3,2,3),(2,2),
  (3.14159265359,4.712388980385,6.28318530718),(0.2,1.5),
.PIECEWISE_BEZIER_KNOTS.) GEOMETRIC_REPRESENTATION_ITEM() 
RATIONAL_B_SPLINE_SURFACE((
    (1.,1.)
    ,(0.707106781187,0.707106781187)
    ,(1.,1.)
    ,(0.707106781187,0.707106781187)
,(1.,1.))) REPRESENTATION_ITEM('') SURFACE() );
#1872 = CARTESIAN_POINT('',(2.3495,1.475,2.1000001));
#1873 = CARTESIAN_POINT('',(2.3495,1.475,3.4000001));
#1874 = CARTESIAN_POINT('',(2.3495,0.975,2.1000001));
#1875 = CARTESIAN_POINT('',(2.3495,0.975,3.4000001));
#1876 = CARTESIAN_POINT('',(2.8495,0.975,2.1000001));
#1877 = CARTESIAN_POINT('',(2.8495,0.975,3.4000001));
#1878 = CARTESIAN_POINT('',(3.3495,0.975,2.1000001));
#1879 = CARTESIAN_POINT('',(3.3495,0.975,3.4000001));
#1880 = CARTESIAN_POINT('',(3.3495,1.475,2.1000001));
#1881 = CARTESIAN_POINT('',(3.3495,1.475,3.4000001));
#1882 = ADVANCED_FACE('',(#1883),#1894,.T.);
#1883 = FACE_BOUND('',#1884,.T.);
#1884 = EDGE_LOOP('',(#1885,#1893));
#1885 = ORIENTED_EDGE('',*,*,#1886,.T.);
#1886 = EDGE_CURVE('',#24,#22,#1887,.T.);
#1887 = ( BOUNDED_CURVE() B_SPLINE_CURVE(2,(#1888,#1889,#1890,#1891,
#1892),.UNSPECIFIED.,.F.,.F.) B_SPLINE_CURVE_WITH_KNOTS((3,2,3),(
    3.14159265359,4.712388980385,6.28318530718),
.PIECEWISE_BEZIER_KNOTS.) CURVE() GEOMETRIC_REPRESENTATION_ITEM() 
RATIONAL_B_SPLINE_CURVE((1.,0.707106781187,1.,0.707106781187,1.)) 
REPRESENTATION_ITEM('') );
#1888 = CARTESIAN_POINT('',(3.1495,1.475,1.9000001));
#1889 = CARTESIAN_POINT('',(3.1495,1.175,1.9000001));
#1890 = CARTESIAN_POINT('',(2.8495,1.175,1.9000001));
#1891 = CARTESIAN_POINT('',(2.5495,1.175,1.9000001));
#1892 = CARTESIAN_POINT('',(2.5495,1.475,1.9000001));
#1893 = ORIENTED_EDGE('',*,*,#21,.T.);
#1894 = B_SPLINE_SURFACE_WITH_KNOTS('',1,1,(
    (#1895,#1896)
    ,(#1897,#1898
    )),.UNSPECIFIED.,.F.,.F.,.F.,(2,2),(2,2),(-0.3,0.3),(-0.3,0.3),
  .PIECEWISE_BEZIER_KNOTS.);
#1895 = CARTESIAN_POINT('',(3.1495,1.175,1.9000001));
#1896 = CARTESIAN_POINT('',(3.1495,1.775,1.9000001));
#1897 = CARTESIAN_POINT('',(2.5495,1.175,1.9000001));
#1898 = CARTESIAN_POINT('',(2.5495,1.775,1.9000001));
#1899 = ADVANCED_FACE('',(#1900),#1906,.T.);
#1900 = FACE_BOUND('',#1901,.T.);
#1901 = EDGE_LOOP('',(#1902,#1903,#1904,#1905));
#1902 = ORIENTED_EDGE('',*,*,#33,.F.);
#1903 = ORIENTED_EDGE('',*,*,#1886,.F.);
#1904 = ORIENTED_EDGE('',*,*,#50,.T.);
#1905 = ORIENTED_EDGE('',*,*,#1862,.F.);
#1906 = ( BOUNDED_SURFACE() B_SPLINE_SURFACE(2,1,(
    (#1907,#1908)
    ,(#1909,#1910)
    ,(#1911,#1912)
    ,(#1913,#1914)
    ,(#1915,#1916
)),.UNSPECIFIED.,.F.,.F.,.F.) B_SPLINE_SURFACE_WITH_KNOTS((3,2,3),(2,2),
  (3.14159265359,4.712388980385,6.28318530718),(-7.850462293419E-17,
    0.282842712475),.PIECEWISE_BEZIER_KNOTS.) 
GEOMETRIC_REPRESENTATION_ITEM() RATIONAL_B_SPLINE_SURFACE((
    (1.,1.)
    ,(0.707106781187,0.707106781187)
    ,(1.,1.)
    ,(0.707106781187,0.707106781187)
,(1.,1.))) REPRESENTATION_ITEM('') SURFACE() );
#1907 = CARTESIAN_POINT('',(2.5495,1.475,1.9000001));
#1908 = CARTESIAN_POINT('',(2.3495,1.475,2.1000001));
#1909 = CARTESIAN_POINT('',(2.5495,1.175,1.9000001));
#1910 = CARTESIAN_POINT('',(2.3495,0.975,2.1000001));
#1911 = CARTESIAN_POINT('',(2.8495,1.175,1.9000001));
#1912 = CARTESIAN_POINT('',(2.8495,0.975,2.1000001));
#1913 = CARTESIAN_POINT('',(3.1495,1.175,1.9000001));
#1914 = CARTESIAN_POINT('',(3.3495,0.975,2.1000001));
#1915 = CARTESIAN_POINT('',(3.1495,1.475,1.9000001));
#1916 = CARTESIAN_POINT('',(3.3495,1.475,2.1000001));
#1917 = MANIFOLD_SOLID_BREP('',#1918);
#1918 = CLOSED_SHELL('',(#1919,#1955,#1983,#2011,#2039,#2067,#2087,#2101
    ));
#1919 = ADVANCED_FACE('',(#1920),#1950,.F.);
#1920 = FACE_BOUND('',#1921,.T.);
#1921 = EDGE_LOOP('',(#1922,#1931,#1938,#1945));
#1922 = ORIENTED_EDGE('',*,*,#1923,.T.);
#1923 = EDGE_CURVE('',#1924,#1926,#1928,.T.);
#1924 = VERTEX_POINT('',#1925);
#1925 = CARTESIAN_POINT('',(3.6995,0.988516213845,9.528166134103));
#1926 = VERTEX_POINT('',#1927);
#1927 = CARTESIAN_POINT('',(3.6995,0.988516213845,9.562946036404));
#1928 = B_SPLINE_CURVE_WITH_KNOTS('',1,(#1929,#1930),.UNSPECIFIED.,.F.,
  .F.,(2,2),(-3.477990230068E-02,0.),.PIECEWISE_BEZIER_KNOTS.);
#1929 = CARTESIAN_POINT('',(3.6995,0.988516213845,9.528166134103));
#1930 = CARTESIAN_POINT('',(3.6995,0.988516213845,9.562946036404));
#1931 = ORIENTED_EDGE('',*,*,#1932,.F.);
#1932 = EDGE_CURVE('',#1933,#1926,#1935,.T.);
#1933 = VERTEX_POINT('',#1934);
#1934 = CARTESIAN_POINT('',(3.7005,0.988516213845,9.562946036404));
#1935 = B_SPLINE_CURVE_WITH_KNOTS('',1,(#1936,#1937),.UNSPECIFIED.,.F.,
  .F.,(2,2),(-0.,1.E-03),.PIECEWISE_BEZIER_KNOTS.);
#1936 = CARTESIAN_POINT('',(3.7005,0.988516213845,9.562946036404));
#1937 = CARTESIAN_POINT('',(3.6995,0.988516213845,9.562946036404));
#1938 = ORIENTED_EDGE('',*,*,#1939,.F.);
#1939 = EDGE_CURVE('',#1940,#1933,#1942,.T.);
#1940 = VERTEX_POINT('',#1941);
#1941 = CARTESIAN_POINT('',(3.7005,0.988516213845,9.528166134103));
#1942 = B_SPLINE_CURVE_WITH_KNOTS('',1,(#1943,#1944),.UNSPECIFIED.,.F.,
  .F.,(2,2),(-3.477990230068E-02,0.),.PIECEWISE_BEZIER_KNOTS.);
#1943 = CARTESIAN_POINT('',(3.7005,0.988516213845,9.528166134103));
#1944 = CARTESIAN_POINT('',(3.7005,0.988516213845,9.562946036404));
#1945 = ORIENTED_EDGE('',*,*,#1946,.T.);
#1946 = EDGE_CURVE('',#1940,#1924,#1947,.T.);
#1947 = B_SPLINE_CURVE_WITH_KNOTS('',1,(#1948,#1949),.UNSPECIFIED.,.F.,
  .F.,(2,2),(-0.,1.E-03),.PIECEWISE_BEZIER_KNOTS.);
#1948 = CARTESIAN_POINT('',(3.7005,0.988516213845,9.528166134103));
#1949 = CARTESIAN_POINT('',(3.6995,0.988516213845,9.528166134103));
#1950 = B_SPLINE_SURFACE_WITH_KNOTS('',1,1,(
    (#1951,#1952)
    ,(#1953,#1954
    )),.UNSPECIFIED.,.F.,.F.,.F.,(2,2),(2,2),(-0.,3.477990230068E-02),(
    -1.E-03,0.),.PIECEWISE_BEZIER_KNOTS.);
#1951 = CARTESIAN_POINT('',(3.6995,0.988516213845,9.562946036404));
#1952 = CARTESIAN_POINT('',(3.7005,0.988516213845,9.562946036404));
#1953 = CARTESIAN_POINT('',(3.6995,0.988516213845,9.528166134103));
#1954 = CARTESIAN_POINT('',(3.7005,0.988516213845,9.528166134103));
#1955 = ADVANCED_FACE('',(#1956),#1978,.F.);
#1956 = FACE_BOUND('',#1957,.T.);
#1957 = EDGE_LOOP('',(#1958,#1965,#1972,#1977));
#1958 = ORIENTED_EDGE('',*,*,#1959,.T.);
#1959 = EDGE_CURVE('',#1926,#1960,#1962,.T.);
#1960 = VERTEX_POINT('',#1961);
#1961 = CARTESIAN_POINT('',(3.6995,0.867020501322,9.562946036404));
#1962 = B_SPLINE_CURVE_WITH_KNOTS('',1,(#1963,#1964),.UNSPECIFIED.,.F.,
  .F.,(2,2),(-0.121495712522,-0.),.PIECEWISE_BEZIER_KNOTS.);
#1963 = CARTESIAN_POINT('',(3.6995,0.988516213845,9.562946036404));
#1964 = CARTESIAN_POINT('',(3.6995,0.867020501322,9.562946036404));
#1965 = ORIENTED_EDGE('',*,*,#1966,.F.);
#1966 = EDGE_CURVE('',#1967,#1960,#1969,.T.);
#1967 = VERTEX_POINT('',#1968);
#1968 = CARTESIAN_POINT('',(3.7005,0.867020501322,9.562946036404));
#1969 = B_SPLINE_CURVE_WITH_KNOTS('',1,(#1970,#1971),.UNSPECIFIED.,.F.,
  .F.,(2,2),(-0.,1.E-03),.PIECEWISE_BEZIER_KNOTS.);
#1970 = CARTESIAN_POINT('',(3.7005,0.867020501322,9.562946036404));
#1971 = CARTESIAN_POINT('',(3.6995,0.867020501322,9.562946036404));
#1972 = ORIENTED_EDGE('',*,*,#1973,.F.);
#1973 = EDGE_CURVE('',#1933,#1967,#1974,.T.);
#1974 = B_SPLINE_CURVE_WITH_KNOTS('',1,(#1975,#1976),.UNSPECIFIED.,.F.,
  .F.,(2,2),(-0.121495712522,-0.),.PIECEWISE_BEZIER_KNOTS.);
#1975 = CARTESIAN_POINT('',(3.7005,0.988516213845,9.562946036404));
#1976 = CARTESIAN_POINT('',(3.7005,0.867020501322,9.562946036404));
#1977 = ORIENTED_EDGE('',*,*,#1932,.T.);
#1978 = B_SPLINE_SURFACE_WITH_KNOTS('',1,1,(
    (#1979,#1980)
    ,(#1981,#1982
    )),.UNSPECIFIED.,.F.,.F.,.F.,(2,2),(2,2),(0.,1.E-03),(0.,
    0.121495712522),.PIECEWISE_BEZIER_KNOTS.);
#1979 = CARTESIAN_POINT('',(3.7005,0.867020501322,9.562946036404));
#1980 = CARTESIAN_POINT('',(3.7005,0.988516213845,9.562946036404));
#1981 = CARTESIAN_POINT('',(3.6995,0.867020501322,9.562946036404));
#1982 = CARTESIAN_POINT('',(3.6995,0.988516213845,9.562946036404));
#1983 = ADVANCED_FACE('',(#1984),#2006,.F.);
#1984 = FACE_BOUND('',#1985,.T.);
#1985 = EDGE_LOOP('',(#1986,#1993,#2000,#2005));
#1986 = ORIENTED_EDGE('',*,*,#1987,.T.);
#1987 = EDGE_CURVE('',#1960,#1988,#1990,.T.);
#1988 = VERTEX_POINT('',#1989);
#1989 = CARTESIAN_POINT('',(3.6995,0.867020501322,9.83323110675));
#1990 = B_SPLINE_CURVE_WITH_KNOTS('',1,(#1991,#1992),.UNSPECIFIED.,.F.,
  .F.,(2,2),(-0.270285070346,0.),.PIECEWISE_BEZIER_KNOTS.);
#1991 = CARTESIAN_POINT('',(3.6995,0.867020501322,9.562946036404));
#1992 = CARTESIAN_POINT('',(3.6995,0.867020501322,9.83323110675));
#1993 = ORIENTED_EDGE('',*,*,#1994,.F.);
#1994 = EDGE_CURVE('',#1995,#1988,#1997,.T.);
#1995 = VERTEX_POINT('',#1996);
#1996 = CARTESIAN_POINT('',(3.7005,0.867020501322,9.83323110675));
#1997 = B_SPLINE_CURVE_WITH_KNOTS('',1,(#1998,#1999),.UNSPECIFIED.,.F.,
  .F.,(2,2),(-0.,1.E-03),.PIECEWISE_BEZIER_KNOTS.);
#1998 = CARTESIAN_POINT('',(3.7005,0.867020501322,9.83323110675));
#1999 = CARTESIAN_POINT('',(3.6995,0.867020501322,9.83323110675));
#2000 = ORIENTED_EDGE('',*,*,#2001,.F.);
#2001 = EDGE_CURVE('',#1967,#1995,#2002,.T.);
#2002 = B_SPLINE_CURVE_WITH_KNOTS('',1,(#2003,#2004),.UNSPECIFIED.,.F.,
  .F.,(2,2),(-0.270285070346,0.),.PIECEWISE_BEZIER_KNOTS.);
#2003 = CARTESIAN_POINT('',(3.7005,0.867020501322,9.562946036404));
#2004 = CARTESIAN_POINT('',(3.7005,0.867020501322,9.83323110675));
#2005 = ORIENTED_EDGE('',*,*,#1966,.T.);
#2006 = B_SPLINE_SURFACE_WITH_KNOTS('',1,1,(
    (#2007,#2008)
    ,(#2009,#2010
    )),.UNSPECIFIED.,.F.,.F.,.F.,(2,2),(2,2),(0.,0.270285070346),(
    -1.E-03,0.),.PIECEWISE_BEZIER_KNOTS.);
#2007 = CARTESIAN_POINT('',(3.6995,0.867020501322,9.83323110675));
#2008 = CARTESIAN_POINT('',(3.7005,0.867020501322,9.83323110675));
#2009 = CARTESIAN_POINT('',(3.6995,0.867020501322,9.562946036404));
#2010 = CARTESIAN_POINT('',(3.7005,0.867020501322,9.562946036404));
#2011 = ADVANCED_FACE('',(#2012),#2034,.F.);
#2012 = FACE_BOUND('',#2013,.T.);
#2013 = EDGE_LOOP('',(#2014,#2021,#2028,#2033));
#2014 = ORIENTED_EDGE('',*,*,#2015,.T.);
#2015 = EDGE_CURVE('',#1988,#2016,#2018,.T.);
#2016 = VERTEX_POINT('',#2017);
#2017 = CARTESIAN_POINT('',(3.6995,0.827639670242,9.83323110675));
#2018 = B_SPLINE_CURVE_WITH_KNOTS('',1,(#2019,#2020),.UNSPECIFIED.,.F.,
  .F.,(2,2),(-3.938083108034E-02,-0.),.PIECEWISE_BEZIER_KNOTS.);
#2019 = CARTESIAN_POINT('',(3.6995,0.867020501322,9.83323110675));
#2020 = CARTESIAN_POINT('',(3.6995,0.827639670242,9.83323110675));
#2021 = ORIENTED_EDGE('',*,*,#2022,.F.);
#2022 = EDGE_CURVE('',#2023,#2016,#2025,.T.);
#2023 = VERTEX_POINT('',#2024);
#2024 = CARTESIAN_POINT('',(3.7005,0.827639670242,9.83323110675));
#2025 = B_SPLINE_CURVE_WITH_KNOTS('',1,(#2026,#2027),.UNSPECIFIED.,.F.,
  .F.,(2,2),(-0.,1.E-03),.PIECEWISE_BEZIER_KNOTS.);
#2026 = CARTESIAN_POINT('',(3.7005,0.827639670242,9.83323110675));
#2027 = CARTESIAN_POINT('',(3.6995,0.827639670242,9.83323110675));
#2028 = ORIENTED_EDGE('',*,*,#2029,.F.);
#2029 = EDGE_CURVE('',#1995,#2023,#2030,.T.);
#2030 = B_SPLINE_CURVE_WITH_KNOTS('',1,(#2031,#2032),.UNSPECIFIED.,.F.,
  .F.,(2,2),(-3.938083108034E-02,-0.),.PIECEWISE_BEZIER_KNOTS.);
#2031 = CARTESIAN_POINT('',(3.7005,0.867020501322,9.83323110675));
#2032 = CARTESIAN_POINT('',(3.7005,0.827639670242,9.83323110675));
#2033 = ORIENTED_EDGE('',*,*,#1994,.T.);
#2034 = B_SPLINE_SURFACE_WITH_KNOTS('',1,1,(
    (#2035,#2036)
    ,(#2037,#2038
    )),.UNSPECIFIED.,.F.,.F.,.F.,(2,2),(2,2),(0.,1.E-03),(0.,
    3.938083108034E-02),.PIECEWISE_BEZIER_KNOTS.);
#2035 = CARTESIAN_POINT('',(3.7005,0.827639670242,9.83323110675));
#2036 = CARTESIAN_POINT('',(3.7005,0.867020501322,9.83323110675));
#2037 = CARTESIAN_POINT('',(3.6995,0.827639670242,9.83323110675));
#2038 = CARTESIAN_POINT('',(3.6995,0.867020501322,9.83323110675));
#2039 = ADVANCED_FACE('',(#2040),#2062,.F.);
#2040 = FACE_BOUND('',#2041,.T.);
#2041 = EDGE_LOOP('',(#2042,#2049,#2056,#2061));
#2042 = ORIENTED_EDGE('',*,*,#2043,.T.);
#2043 = EDGE_CURVE('',#2016,#2044,#2046,.T.);
#2044 = VERTEX_POINT('',#2045);
#2045 = CARTESIAN_POINT('',(3.6995,0.827639670242,9.528166134103));
#2046 = B_SPLINE_CURVE_WITH_KNOTS('',1,(#2047,#2048),.UNSPECIFIED.,.F.,
  .F.,(2,2),(-0.305064972647,0.),.PIECEWISE_BEZIER_KNOTS.);
#2047 = CARTESIAN_POINT('',(3.6995,0.827639670242,9.83323110675));
#2048 = CARTESIAN_POINT('',(3.6995,0.827639670242,9.528166134103));
#2049 = ORIENTED_EDGE('',*,*,#2050,.F.);
#2050 = EDGE_CURVE('',#2051,#2044,#2053,.T.);
#2051 = VERTEX_POINT('',#2052);
#2052 = CARTESIAN_POINT('',(3.7005,0.827639670242,9.528166134103));
#2053 = B_SPLINE_CURVE_WITH_KNOTS('',1,(#2054,#2055),.UNSPECIFIED.,.F.,
  .F.,(2,2),(-0.,1.E-03),.PIECEWISE_BEZIER_KNOTS.);
#2054 = CARTESIAN_POINT('',(3.7005,0.827639670242,9.528166134103));
#2055 = CARTESIAN_POINT('',(3.6995,0.827639670242,9.528166134103));
#2056 = ORIENTED_EDGE('',*,*,#2057,.F.);
#2057 = EDGE_CURVE('',#2023,#2051,#2058,.T.);
#2058 = B_SPLINE_CURVE_WITH_KNOTS('',1,(#2059,#2060),.UNSPECIFIED.,.F.,
  .F.,(2,2),(-0.305064972647,0.),.PIECEWISE_BEZIER_KNOTS.);
#2059 = CARTESIAN_POINT('',(3.7005,0.827639670242,9.83323110675));
#2060 = CARTESIAN_POINT('',(3.7005,0.827639670242,9.528166134103));
#2061 = ORIENTED_EDGE('',*,*,#2022,.T.);
#2062 = B_SPLINE_SURFACE_WITH_KNOTS('',1,1,(
    (#2063,#2064)
    ,(#2065,#2066
    )),.UNSPECIFIED.,.F.,.F.,.F.,(2,2),(2,2),(0.,0.305064972647),(
    -1.E-03,0.),.PIECEWISE_BEZIER_KNOTS.);
#2063 = CARTESIAN_POINT('',(3.6995,0.827639670242,9.528166134103));
#2064 = CARTESIAN_POINT('',(3.7005,0.827639670242,9.528166134103));
#2065 = CARTESIAN_POINT('',(3.6995,0.827639670242,9.83323110675));
#2066 = CARTESIAN_POINT('',(3.7005,0.827639670242,9.83323110675));
#2067 = ADVANCED_FACE('',(#2068),#2082,.F.);
#2068 = FACE_BOUND('',#2069,.T.);
#2069 = EDGE_LOOP('',(#2070,#2075,#2076,#2081));
#2070 = ORIENTED_EDGE('',*,*,#2071,.T.);
#2071 = EDGE_CURVE('',#2044,#1924,#2072,.T.);
#2072 = B_SPLINE_CURVE_WITH_KNOTS('',1,(#2073,#2074),.UNSPECIFIED.,.F.,
  .F.,(2,2),(-0.160876543603,0.),.PIECEWISE_BEZIER_KNOTS.);
#2073 = CARTESIAN_POINT('',(3.6995,0.827639670242,9.528166134103));
#2074 = CARTESIAN_POINT('',(3.6995,0.988516213845,9.528166134103));
#2075 = ORIENTED_EDGE('',*,*,#1946,.F.);
#2076 = ORIENTED_EDGE('',*,*,#2077,.F.);
#2077 = EDGE_CURVE('',#2051,#1940,#2078,.T.);
#2078 = B_SPLINE_CURVE_WITH_KNOTS('',1,(#2079,#2080),.UNSPECIFIED.,.F.,
  .F.,(2,2),(-0.160876543603,0.),.PIECEWISE_BEZIER_KNOTS.);
#2079 = CARTESIAN_POINT('',(3.7005,0.827639670242,9.528166134103));
#2080 = CARTESIAN_POINT('',(3.7005,0.988516213845,9.528166134103));
#2081 = ORIENTED_EDGE('',*,*,#2050,.T.);
#2082 = B_SPLINE_SURFACE_WITH_KNOTS('',1,1,(
    (#2083,#2084)
    ,(#2085,#2086
    )),.UNSPECIFIED.,.F.,.F.,.F.,(2,2),(2,2),(-1.E-03,0.),(
    -0.160876543603,0.),.PIECEWISE_BEZIER_KNOTS.);
#2083 = CARTESIAN_POINT('',(3.6995,0.827639670242,9.528166134103));
#2084 = CARTESIAN_POINT('',(3.6995,0.988516213845,9.528166134103));
#2085 = CARTESIAN_POINT('',(3.7005,0.827639670242,9.528166134103));
#2086 = CARTESIAN_POINT('',(3.7005,0.988516213845,9.528166134103));
#2087 = ADVANCED_FACE('',(#2088),#2096,.F.);
#2088 = FACE_BOUND('',#2089,.T.);
#2089 = EDGE_LOOP('',(#2090,#2091,#2092,#2093,#2094,#2095));
#2090 = ORIENTED_EDGE('',*,*,#1939,.T.);
#2091 = ORIENTED_EDGE('',*,*,#1973,.T.);
#2092 = ORIENTED_EDGE('',*,*,#2001,.T.);
#2093 = ORIENTED_EDGE('',*,*,#2029,.T.);
#2094 = ORIENTED_EDGE('',*,*,#2057,.T.);
#2095 = ORIENTED_EDGE('',*,*,#2077,.T.);
#2096 = B_SPLINE_SURFACE_WITH_KNOTS('',1,1,(
    (#2097,#2098)
    ,(#2099,#2100
    )),.UNSPECIFIED.,.F.,.F.,.F.,(2,2),(2,2),(6.128166034103,
    6.43323100675),(0.827639670242,0.988516213845),
  .PIECEWISE_BEZIER_KNOTS.);
#2097 = CARTESIAN_POINT('',(3.7005,0.827639670242,9.528166134103));
#2098 = CARTESIAN_POINT('',(3.7005,0.988516213845,9.528166134103));
#2099 = CARTESIAN_POINT('',(3.7005,0.827639670242,9.83323110675));
#2100 = CARTESIAN_POINT('',(3.7005,0.988516213845,9.83323110675));
#2101 = ADVANCED_FACE('',(#2102),#2110,.T.);
#2102 = FACE_BOUND('',#2103,.T.);
#2103 = EDGE_LOOP('',(#2104,#2105,#2106,#2107,#2108,#2109));
#2104 = ORIENTED_EDGE('',*,*,#1923,.F.);
#2105 = ORIENTED_EDGE('',*,*,#2071,.F.);
#2106 = ORIENTED_EDGE('',*,*,#2043,.F.);
#2107 = ORIENTED_EDGE('',*,*,#2015,.F.);
#2108 = ORIENTED_EDGE('',*,*,#1987,.F.);
#2109 = ORIENTED_EDGE('',*,*,#1959,.F.);
#2110 = B_SPLINE_SURFACE_WITH_KNOTS('',1,1,(
    (#2111,#2112)
    ,(#2113,#2114
    )),.UNSPECIFIED.,.F.,.F.,.F.,(2,2),(2,2),(6.128166034103,
    6.43323100675),(0.827639670242,0.988516213845),
  .PIECEWISE_BEZIER_KNOTS.);
#2111 = CARTESIAN_POINT('',(3.6995,0.827639670242,9.528166134103));
#2112 = CARTESIAN_POINT('',(3.6995,0.988516213845,9.528166134103));
#2113 = CARTESIAN_POINT('',(3.6995,0.827639670242,9.83323110675));
#2114 = CARTESIAN_POINT('',(3.6995,0.988516213845,9.83323110675));
#2115 = MANIFOLD_SOLID_BREP('',#2116);
#2116 = CLOSED_SHELL('',(#2117,#2161,#2189,#2225,#2261,#2297,#2333,#2369
    ,#2405,#2433,#2469,#2505,#2541,#2577,#2605,#2627));
#2117 = ADVANCED_FACE('',(#2118),#2152,.F.);
#2118 = FACE_BOUND('',#2119,.F.);
#2119 = EDGE_LOOP('',(#2120,#2129,#2138,#2145));
#2120 = ORIENTED_EDGE('',*,*,#2121,.F.);
#2121 = EDGE_CURVE('',#2122,#2124,#2126,.T.);
#2122 = VERTEX_POINT('',#2123);
#2123 = CARTESIAN_POINT('',(3.7005,1.144947792354,9.523019332417));
#2124 = VERTEX_POINT('',#2125);
#2125 = CARTESIAN_POINT('',(3.6995,1.144947792354,9.523019332417));
#2126 = B_SPLINE_CURVE_WITH_KNOTS('',1,(#2127,#2128),.UNSPECIFIED.,.F.,
  .F.,(2,2),(-0.,1.E-03),.PIECEWISE_BEZIER_KNOTS.);
#2127 = CARTESIAN_POINT('',(3.7005,1.144947792354,9.523019332417));
#2128 = CARTESIAN_POINT('',(3.6995,1.144947792354,9.523019332417));
#2129 = ORIENTED_EDGE('',*,*,#2130,.T.);
#2130 = EDGE_CURVE('',#2122,#2131,#2133,.T.);
#2131 = VERTEX_POINT('',#2132);
#2132 = CARTESIAN_POINT('',(3.7005,1.229402129108,9.540799192786));
#2133 = B_SPLINE_CURVE_WITH_KNOTS('',3,(#2134,#2135,#2136,#2137),
  .UNSPECIFIED.,.F.,.F.,(4,4),(0.,1.),.PIECEWISE_BEZIER_KNOTS.);
#2134 = CARTESIAN_POINT('',(3.7005,1.144947792354,9.523019332417));
#2135 = CARTESIAN_POINT('',(3.7005,1.17879191253,9.523019332417));
#2136 = CARTESIAN_POINT('',(3.7005,1.206943358115,9.528945952539));
#2137 = CARTESIAN_POINT('',(3.7005,1.229402129108,9.540799192786));
#2138 = ORIENTED_EDGE('',*,*,#2139,.T.);
#2139 = EDGE_CURVE('',#2131,#2140,#2142,.T.);
#2140 = VERTEX_POINT('',#2141);
#2141 = CARTESIAN_POINT('',(3.6995,1.229402129108,9.540799192786));
#2142 = B_SPLINE_CURVE_WITH_KNOTS('',1,(#2143,#2144),.UNSPECIFIED.,.F.,
  .F.,(2,2),(-0.,1.E-03),.PIECEWISE_BEZIER_KNOTS.);
#2143 = CARTESIAN_POINT('',(3.7005,1.229402129108,9.540799192786));
#2144 = CARTESIAN_POINT('',(3.6995,1.229402129108,9.540799192786));
#2145 = ORIENTED_EDGE('',*,*,#2146,.F.);
#2146 = EDGE_CURVE('',#2124,#2140,#2147,.T.);
#2147 = B_SPLINE_CURVE_WITH_KNOTS('',3,(#2148,#2149,#2150,#2151),
  .UNSPECIFIED.,.F.,.F.,(4,4),(0.,1.),.PIECEWISE_BEZIER_KNOTS.);
#2148 = CARTESIAN_POINT('',(3.6995,1.144947792354,9.523019332417));
#2149 = CARTESIAN_POINT('',(3.6995,1.17879191253,9.523019332417));
#2150 = CARTESIAN_POINT('',(3.6995,1.206943358115,9.528945952539));
#2151 = CARTESIAN_POINT('',(3.6995,1.229402129108,9.540799192786));
#2152 = B_SPLINE_SURFACE_WITH_KNOTS('',3,1,(
    (#2153,#2154)
    ,(#2155,#2156)
    ,(#2157,#2158)
    ,(#2159,#2160
    )),.UNSPECIFIED.,.F.,.F.,.F.,(4,4),(2,2),(0.,1.),(0.,1.),
  .PIECEWISE_BEZIER_KNOTS.);
#2153 = CARTESIAN_POINT('',(3.7005,1.144947792354,9.523019332417));
#2154 = CARTESIAN_POINT('',(3.6995,1.144947792354,9.523019332417));
#2155 = CARTESIAN_POINT('',(3.7005,1.17879191253,9.523019332417));
#2156 = CARTESIAN_POINT('',(3.6995,1.17879191253,9.523019332417));
#2157 = CARTESIAN_POINT('',(3.7005,1.206943358115,9.528945952539));
#2158 = CARTESIAN_POINT('',(3.6995,1.206943358115,9.528945952539));
#2159 = CARTESIAN_POINT('',(3.7005,1.229402129108,9.540799192786));
#2160 = CARTESIAN_POINT('',(3.6995,1.229402129108,9.540799192786));
#2161 = ADVANCED_FACE('',(#2162),#2184,.F.);
#2162 = FACE_BOUND('',#2163,.T.);
#2163 = EDGE_LOOP('',(#2164,#2171,#2178,#2183));
#2164 = ORIENTED_EDGE('',*,*,#2165,.T.);
#2165 = EDGE_CURVE('',#2140,#2166,#2168,.T.);
#2166 = VERTEX_POINT('',#2167);
#2167 = CARTESIAN_POINT('',(3.6995,1.229402129108,9.578542405149));
#2168 = B_SPLINE_CURVE_WITH_KNOTS('',1,(#2169,#2170),.UNSPECIFIED.,.F.,
  .F.,(2,2),(-3.774321236296E-02,0.),.PIECEWISE_BEZIER_KNOTS.);
#2169 = CARTESIAN_POINT('',(3.6995,1.229402129108,9.540799192786));
#2170 = CARTESIAN_POINT('',(3.6995,1.229402129108,9.578542405149));
#2171 = ORIENTED_EDGE('',*,*,#2172,.F.);
#2172 = EDGE_CURVE('',#2173,#2166,#2175,.T.);
#2173 = VERTEX_POINT('',#2174);
#2174 = CARTESIAN_POINT('',(3.7005,1.229402129108,9.578542405149));
#2175 = B_SPLINE_CURVE_WITH_KNOTS('',1,(#2176,#2177),.UNSPECIFIED.,.F.,
  .F.,(2,2),(-0.,1.E-03),.PIECEWISE_BEZIER_KNOTS.);
#2176 = CARTESIAN_POINT('',(3.7005,1.229402129108,9.578542405149));
#2177 = CARTESIAN_POINT('',(3.6995,1.229402129108,9.578542405149));
#2178 = ORIENTED_EDGE('',*,*,#2179,.F.);
#2179 = EDGE_CURVE('',#2131,#2173,#2180,.T.);
#2180 = B_SPLINE_CURVE_WITH_KNOTS('',1,(#2181,#2182),.UNSPECIFIED.,.F.,
  .F.,(2,2),(-3.774321236296E-02,0.),.PIECEWISE_BEZIER_KNOTS.);
#2181 = CARTESIAN_POINT('',(3.7005,1.229402129108,9.540799192786));
#2182 = CARTESIAN_POINT('',(3.7005,1.229402129108,9.578542405149));
#2183 = ORIENTED_EDGE('',*,*,#2139,.T.);
#2184 = B_SPLINE_SURFACE_WITH_KNOTS('',1,1,(
    (#2185,#2186)
    ,(#2187,#2188
    )),.UNSPECIFIED.,.F.,.F.,.F.,(2,2),(2,2),(0.,3.774321236296E-02),(
    -1.E-03,0.),.PIECEWISE_BEZIER_KNOTS.);
#2185 = CARTESIAN_POINT('',(3.6995,1.229402129108,9.578542405149));
#2186 = CARTESIAN_POINT('',(3.7005,1.229402129108,9.578542405149));
#2187 = CARTESIAN_POINT('',(3.6995,1.229402129108,9.540799192786));
#2188 = CARTESIAN_POINT('',(3.7005,1.229402129108,9.540799192786));
#2189 = ADVANCED_FACE('',(#2190),#2216,.F.);
#2190 = FACE_BOUND('',#2191,.F.);
#2191 = EDGE_LOOP('',(#2192,#2193,#2202,#2209));
#2192 = ORIENTED_EDGE('',*,*,#2172,.F.);
#2193 = ORIENTED_EDGE('',*,*,#2194,.T.);
#2194 = EDGE_CURVE('',#2173,#2195,#2197,.T.);
#2195 = VERTEX_POINT('',#2196);
#2196 = CARTESIAN_POINT('',(3.7005,1.150640466946,9.558111162092));
#2197 = B_SPLINE_CURVE_WITH_KNOTS('',3,(#2198,#2199,#2200,#2201),
  .UNSPECIFIED.,.F.,.F.,(4,4),(12.,13.),.PIECEWISE_BEZIER_KNOTS.);
#2198 = CARTESIAN_POINT('',(3.7005,1.229402129108,9.578542405149));
#2199 = CARTESIAN_POINT('',(3.7005,1.207099321802,9.56497356434));
#2200 = CARTESIAN_POINT('',(3.7005,1.180819440467,9.558111162092));
#2201 = CARTESIAN_POINT('',(3.7005,1.150640466946,9.558111162092));
#2202 = ORIENTED_EDGE('',*,*,#2203,.T.);
#2203 = EDGE_CURVE('',#2195,#2204,#2206,.T.);
#2204 = VERTEX_POINT('',#2205);
#2205 = CARTESIAN_POINT('',(3.6995,1.150640466946,9.558111162092));
#2206 = B_SPLINE_CURVE_WITH_KNOTS('',1,(#2207,#2208),.UNSPECIFIED.,.F.,
  .F.,(2,2),(-0.,1.E-03),.PIECEWISE_BEZIER_KNOTS.);
#2207 = CARTESIAN_POINT('',(3.7005,1.150640466946,9.558111162092));
#2208 = CARTESIAN_POINT('',(3.6995,1.150640466946,9.558111162092));
#2209 = ORIENTED_EDGE('',*,*,#2210,.F.);
#2210 = EDGE_CURVE('',#2166,#2204,#2211,.T.);
#2211 = B_SPLINE_CURVE_WITH_KNOTS('',3,(#2212,#2213,#2214,#2215),
  .UNSPECIFIED.,.F.,.F.,(4,4),(12.,13.),.PIECEWISE_BEZIER_KNOTS.);
#2212 = CARTESIAN_POINT('',(3.6995,1.229402129108,9.578542405149));
#2213 = CARTESIAN_POINT('',(3.6995,1.207099321802,9.56497356434));
#2214 = CARTESIAN_POINT('',(3.6995,1.180819440467,9.558111162092));
#2215 = CARTESIAN_POINT('',(3.6995,1.150640466946,9.558111162092));
#2216 = B_SPLINE_SURFACE_WITH_KNOTS('',3,1,(
    (#2217,#2218)
    ,(#2219,#2220)
    ,(#2221,#2222)
    ,(#2223,#2224
    )),.UNSPECIFIED.,.F.,.F.,.F.,(4,4),(2,2),(12.,13.),(0.,1.),
  .PIECEWISE_BEZIER_KNOTS.);
#2217 = CARTESIAN_POINT('',(3.7005,1.229402129108,9.578542405149));
#2218 = CARTESIAN_POINT('',(3.6995,1.229402129108,9.578542405149));
#2219 = CARTESIAN_POINT('',(3.7005,1.207099321802,9.56497356434));
#2220 = CARTESIAN_POINT('',(3.6995,1.207099321802,9.56497356434));
#2221 = CARTESIAN_POINT('',(3.7005,1.180819440467,9.558111162092));
#2222 = CARTESIAN_POINT('',(3.6995,1.180819440467,9.558111162092));
#2223 = CARTESIAN_POINT('',(3.7005,1.150640466946,9.558111162092));
#2224 = CARTESIAN_POINT('',(3.6995,1.150640466946,9.558111162092));
#2225 = ADVANCED_FACE('',(#2226),#2252,.F.);
#2226 = FACE_BOUND('',#2227,.F.);
#2227 = EDGE_LOOP('',(#2228,#2229,#2238,#2245));
#2228 = ORIENTED_EDGE('',*,*,#2203,.F.);
#2229 = ORIENTED_EDGE('',*,*,#2230,.T.);
#2230 = EDGE_CURVE('',#2195,#2231,#2233,.T.);
#2231 = VERTEX_POINT('',#2232);
#2232 = CARTESIAN_POINT('',(3.7005,1.072268714003,9.590239681707));
#2233 = B_SPLINE_CURVE_WITH_KNOTS('',3,(#2234,#2235,#2236,#2237),
  .UNSPECIFIED.,.F.,.F.,(4,4),(11.,12.),.PIECEWISE_BEZIER_KNOTS.);
#2234 = CARTESIAN_POINT('',(3.7005,1.150640466946,9.558111162092));
#2235 = CARTESIAN_POINT('',(3.7005,1.118355983645,9.558111162092));
#2236 = CARTESIAN_POINT('',(3.7005,1.092232065997,9.568872656526));
#2237 = CARTESIAN_POINT('',(3.7005,1.072268714003,9.590239681707));
#2238 = ORIENTED_EDGE('',*,*,#2239,.T.);
#2239 = EDGE_CURVE('',#2231,#2240,#2242,.T.);
#2240 = VERTEX_POINT('',#2241);
#2241 = CARTESIAN_POINT('',(3.6995,1.072268714003,9.590239681707));
#2242 = B_SPLINE_CURVE_WITH_KNOTS('',1,(#2243,#2244),.UNSPECIFIED.,.F.,
  .F.,(2,2),(-0.,1.E-03),.PIECEWISE_BEZIER_KNOTS.);
#2243 = CARTESIAN_POINT('',(3.7005,1.072268714003,9.590239681707));
#2244 = CARTESIAN_POINT('',(3.6995,1.072268714003,9.590239681707));
#2245 = ORIENTED_EDGE('',*,*,#2246,.F.);
#2246 = EDGE_CURVE('',#2204,#2240,#2247,.T.);
#2247 = B_SPLINE_CURVE_WITH_KNOTS('',3,(#2248,#2249,#2250,#2251),
  .UNSPECIFIED.,.F.,.F.,(4,4),(11.,12.),.PIECEWISE_BEZIER_KNOTS.);
#2248 = CARTESIAN_POINT('',(3.6995,1.150640466946,9.558111162092));
#2249 = CARTESIAN_POINT('',(3.6995,1.118355983645,9.558111162092));
#2250 = CARTESIAN_POINT('',(3.6995,1.092232065997,9.568872656526));
#2251 = CARTESIAN_POINT('',(3.6995,1.072268714003,9.590239681707));
#2252 = B_SPLINE_SURFACE_WITH_KNOTS('',3,1,(
    (#2253,#2254)
    ,(#2255,#2256)
    ,(#2257,#2258)
    ,(#2259,#2260
    )),.UNSPECIFIED.,.F.,.F.,.F.,(4,4),(2,2),(11.,12.),(0.,1.),
  .PIECEWISE_BEZIER_KNOTS.);
#2253 = CARTESIAN_POINT('',(3.7005,1.150640466946,9.558111162092));
#2254 = CARTESIAN_POINT('',(3.6995,1.150640466946,9.558111162092));
#2255 = CARTESIAN_POINT('',(3.7005,1.118355983645,9.558111162092));
#2256 = CARTESIAN_POINT('',(3.6995,1.118355983645,9.558111162092));
#2257 = CARTESIAN_POINT('',(3.7005,1.092232065997,9.568872656526));
#2258 = CARTESIAN_POINT('',(3.6995,1.092232065997,9.568872656526));
#2259 = CARTESIAN_POINT('',(3.7005,1.072268714003,9.590239681707));
#2260 = CARTESIAN_POINT('',(3.6995,1.072268714003,9.590239681707));
#2261 = ADVANCED_FACE('',(#2262),#2288,.F.);
#2262 = FACE_BOUND('',#2263,.F.);
#2263 = EDGE_LOOP('',(#2264,#2265,#2274,#2281));
#2264 = ORIENTED_EDGE('',*,*,#2239,.F.);
#2265 = ORIENTED_EDGE('',*,*,#2266,.T.);
#2266 = EDGE_CURVE('',#2231,#2267,#2269,.T.);
#2267 = VERTEX_POINT('',#2268);
#2268 = CARTESIAN_POINT('',(3.7005,1.042323686014,9.677267419303));
#2269 = B_SPLINE_CURVE_WITH_KNOTS('',3,(#2270,#2271,#2272,#2273),
  .UNSPECIFIED.,.F.,.F.,(4,4),(10.,11.),.PIECEWISE_BEZIER_KNOTS.);
#2270 = CARTESIAN_POINT('',(3.7005,1.072268714003,9.590239681707));
#2271 = CARTESIAN_POINT('',(3.7005,1.05230536201,9.611762670575));
#2272 = CARTESIAN_POINT('',(3.7005,1.042323686014,9.640771916441));
#2273 = CARTESIAN_POINT('',(3.7005,1.042323686014,9.677267419303));
#2274 = ORIENTED_EDGE('',*,*,#2275,.T.);
#2275 = EDGE_CURVE('',#2267,#2276,#2278,.T.);
#2276 = VERTEX_POINT('',#2277);
#2277 = CARTESIAN_POINT('',(3.6995,1.042323686014,9.677267419303));
#2278 = B_SPLINE_CURVE_WITH_KNOTS('',1,(#2279,#2280),.UNSPECIFIED.,.F.,
  .F.,(2,2),(-0.,1.E-03),.PIECEWISE_BEZIER_KNOTS.);
#2279 = CARTESIAN_POINT('',(3.7005,1.042323686014,9.677267419303));
#2280 = CARTESIAN_POINT('',(3.6995,1.042323686014,9.677267419303));
#2281 = ORIENTED_EDGE('',*,*,#2282,.F.);
#2282 = EDGE_CURVE('',#2240,#2276,#2283,.T.);
#2283 = B_SPLINE_CURVE_WITH_KNOTS('',3,(#2284,#2285,#2286,#2287),
  .UNSPECIFIED.,.F.,.F.,(4,4),(10.,11.),.PIECEWISE_BEZIER_KNOTS.);
#2284 = CARTESIAN_POINT('',(3.6995,1.072268714003,9.590239681707));
#2285 = CARTESIAN_POINT('',(3.6995,1.05230536201,9.611762670575));
#2286 = CARTESIAN_POINT('',(3.6995,1.042323686014,9.640771916441));
#2287 = CARTESIAN_POINT('',(3.6995,1.042323686014,9.677267419303));
#2288 = B_SPLINE_SURFACE_WITH_KNOTS('',3,1,(
    (#2289,#2290)
    ,(#2291,#2292)
    ,(#2293,#2294)
    ,(#2295,#2296
    )),.UNSPECIFIED.,.F.,.F.,.F.,(4,4),(2,2),(10.,11.),(0.,1.),
  .PIECEWISE_BEZIER_KNOTS.);
#2289 = CARTESIAN_POINT('',(3.7005,1.072268714003,9.590239681707));
#2290 = CARTESIAN_POINT('',(3.6995,1.072268714003,9.590239681707));
#2291 = CARTESIAN_POINT('',(3.7005,1.05230536201,9.611762670575));
#2292 = CARTESIAN_POINT('',(3.6995,1.05230536201,9.611762670575));
#2293 = CARTESIAN_POINT('',(3.7005,1.042323686014,9.640771916441));
#2294 = CARTESIAN_POINT('',(3.6995,1.042323686014,9.640771916441));
#2295 = CARTESIAN_POINT('',(3.7005,1.042323686014,9.677267419303));
#2296 = CARTESIAN_POINT('',(3.6995,1.042323686014,9.677267419303));
#2297 = ADVANCED_FACE('',(#2298),#2324,.F.);
#2298 = FACE_BOUND('',#2299,.F.);
#2299 = EDGE_LOOP('',(#2300,#2301,#2310,#2317));
#2300 = ORIENTED_EDGE('',*,*,#2275,.F.);
#2301 = ORIENTED_EDGE('',*,*,#2302,.T.);
#2302 = EDGE_CURVE('',#2267,#2303,#2305,.T.);
#2303 = VERTEX_POINT('',#2304);
#2304 = CARTESIAN_POINT('',(3.7005,1.074374223785,9.768974067522));
#2305 = B_SPLINE_CURVE_WITH_KNOTS('',3,(#2306,#2307,#2308,#2309),
  .UNSPECIFIED.,.F.,.F.,(4,4),(9.,10.),.PIECEWISE_BEZIER_KNOTS.);
#2306 = CARTESIAN_POINT('',(3.7005,1.042323686014,9.677267419303));
#2307 = CARTESIAN_POINT('',(3.7005,1.042323686014,9.715634486415));
#2308 = CARTESIAN_POINT('',(3.7005,1.053007198604,9.746203369154));
#2309 = CARTESIAN_POINT('',(3.7005,1.074374223785,9.768974067522));
#2310 = ORIENTED_EDGE('',*,*,#2311,.T.);
#2311 = EDGE_CURVE('',#2303,#2312,#2314,.T.);
#2312 = VERTEX_POINT('',#2313);
#2313 = CARTESIAN_POINT('',(3.6995,1.074374223785,9.768974067522));
#2314 = B_SPLINE_CURVE_WITH_KNOTS('',1,(#2315,#2316),.UNSPECIFIED.,.F.,
  .F.,(2,2),(-0.,1.E-03),.PIECEWISE_BEZIER_KNOTS.);
#2315 = CARTESIAN_POINT('',(3.7005,1.074374223785,9.768974067522));
#2316 = CARTESIAN_POINT('',(3.6995,1.074374223785,9.768974067522));
#2317 = ORIENTED_EDGE('',*,*,#2318,.F.);
#2318 = EDGE_CURVE('',#2276,#2312,#2319,.T.);
#2319 = B_SPLINE_CURVE_WITH_KNOTS('',3,(#2320,#2321,#2322,#2323),
  .UNSPECIFIED.,.F.,.F.,(4,4),(9.,10.),.PIECEWISE_BEZIER_KNOTS.);
#2320 = CARTESIAN_POINT('',(3.6995,1.042323686014,9.677267419303));
#2321 = CARTESIAN_POINT('',(3.6995,1.042323686014,9.715634486415));
#2322 = CARTESIAN_POINT('',(3.6995,1.053007198604,9.746203369154));
#2323 = CARTESIAN_POINT('',(3.6995,1.074374223785,9.768974067522));
#2324 = B_SPLINE_SURFACE_WITH_KNOTS('',3,1,(
    (#2325,#2326)
    ,(#2327,#2328)
    ,(#2329,#2330)
    ,(#2331,#2332
    )),.UNSPECIFIED.,.F.,.F.,.F.,(4,4),(2,2),(9.,10.),(0.,1.),
  .PIECEWISE_BEZIER_KNOTS.);
#2325 = CARTESIAN_POINT('',(3.7005,1.042323686014,9.677267419303));
#2326 = CARTESIAN_POINT('',(3.6995,1.042323686014,9.677267419303));
#2327 = CARTESIAN_POINT('',(3.7005,1.042323686014,9.715634486415));
#2328 = CARTESIAN_POINT('',(3.6995,1.042323686014,9.715634486415));
#2329 = CARTESIAN_POINT('',(3.7005,1.053007198604,9.746203369154));
#2330 = CARTESIAN_POINT('',(3.6995,1.053007198604,9.746203369154));
#2331 = CARTESIAN_POINT('',(3.7005,1.074374223785,9.768974067522));
#2332 = CARTESIAN_POINT('',(3.6995,1.074374223785,9.768974067522));
#2333 = ADVANCED_FACE('',(#2334),#2360,.F.);
#2334 = FACE_BOUND('',#2335,.F.);
#2335 = EDGE_LOOP('',(#2336,#2337,#2346,#2353));
#2336 = ORIENTED_EDGE('',*,*,#2311,.F.);
#2337 = ORIENTED_EDGE('',*,*,#2338,.T.);
#2338 = EDGE_CURVE('',#2303,#2339,#2341,.T.);
#2339 = VERTEX_POINT('',#2340);
#2340 = CARTESIAN_POINT('',(3.7005,1.157502869194,9.802818187697));
#2341 = B_SPLINE_CURVE_WITH_KNOTS('',3,(#2342,#2343,#2344,#2345),
  .UNSPECIFIED.,.F.,.F.,(4,4),(8.,9.),.PIECEWISE_BEZIER_KNOTS.);
#2342 = CARTESIAN_POINT('',(3.7005,1.074374223785,9.768974067522));
#2343 = CARTESIAN_POINT('',(3.7005,1.095819230808,9.791588802201));
#2344 = CARTESIAN_POINT('',(3.7005,1.123502785331,9.802818187697));
#2345 = CARTESIAN_POINT('',(3.7005,1.157502869194,9.802818187697));
#2346 = ORIENTED_EDGE('',*,*,#2347,.T.);
#2347 = EDGE_CURVE('',#2339,#2348,#2350,.T.);
#2348 = VERTEX_POINT('',#2349);
#2349 = CARTESIAN_POINT('',(3.6995,1.157502869194,9.802818187697));
#2350 = B_SPLINE_CURVE_WITH_KNOTS('',1,(#2351,#2352),.UNSPECIFIED.,.F.,
  .F.,(2,2),(-0.,1.E-03),.PIECEWISE_BEZIER_KNOTS.);
#2351 = CARTESIAN_POINT('',(3.7005,1.157502869194,9.802818187697));
#2352 = CARTESIAN_POINT('',(3.6995,1.157502869194,9.802818187697));
#2353 = ORIENTED_EDGE('',*,*,#2354,.F.);
#2354 = EDGE_CURVE('',#2312,#2348,#2355,.T.);
#2355 = B_SPLINE_CURVE_WITH_KNOTS('',3,(#2356,#2357,#2358,#2359),
  .UNSPECIFIED.,.F.,.F.,(4,4),(8.,9.),.PIECEWISE_BEZIER_KNOTS.);
#2356 = CARTESIAN_POINT('',(3.6995,1.074374223785,9.768974067522));
#2357 = CARTESIAN_POINT('',(3.6995,1.095819230808,9.791588802201));
#2358 = CARTESIAN_POINT('',(3.6995,1.123502785331,9.802818187697));
#2359 = CARTESIAN_POINT('',(3.6995,1.157502869194,9.802818187697));
#2360 = B_SPLINE_SURFACE_WITH_KNOTS('',3,1,(
    (#2361,#2362)
    ,(#2363,#2364)
    ,(#2365,#2366)
    ,(#2367,#2368
    )),.UNSPECIFIED.,.F.,.F.,.F.,(4,4),(2,2),(8.,9.),(0.,1.),
  .PIECEWISE_BEZIER_KNOTS.);
#2361 = CARTESIAN_POINT('',(3.7005,1.074374223785,9.768974067522));
#2362 = CARTESIAN_POINT('',(3.6995,1.074374223785,9.768974067522));
#2363 = CARTESIAN_POINT('',(3.7005,1.095819230808,9.791588802201));
#2364 = CARTESIAN_POINT('',(3.6995,1.095819230808,9.791588802201));
#2365 = CARTESIAN_POINT('',(3.7005,1.123502785331,9.802818187697));
#2366 = CARTESIAN_POINT('',(3.6995,1.123502785331,9.802818187697));
#2367 = CARTESIAN_POINT('',(3.7005,1.157502869194,9.802818187697));
#2368 = CARTESIAN_POINT('',(3.6995,1.157502869194,9.802818187697));
#2369 = ADVANCED_FACE('',(#2370),#2396,.F.);
#2370 = FACE_BOUND('',#2371,.F.);
#2371 = EDGE_LOOP('',(#2372,#2373,#2382,#2389));
#2372 = ORIENTED_EDGE('',*,*,#2347,.F.);
#2373 = ORIENTED_EDGE('',*,*,#2374,.T.);
#2374 = EDGE_CURVE('',#2339,#2375,#2377,.T.);
#2375 = VERTEX_POINT('',#2376);
#2376 = CARTESIAN_POINT('',(3.7005,1.229402129108,9.784726399955));
#2377 = B_SPLINE_CURVE_WITH_KNOTS('',3,(#2378,#2379,#2380,#2381),
  .UNSPECIFIED.,.F.,.F.,(4,4),(7.,8.),.PIECEWISE_BEZIER_KNOTS.);
#2378 = CARTESIAN_POINT('',(3.7005,1.157502869194,9.802818187697));
#2379 = CARTESIAN_POINT('',(3.7005,1.183626786841,9.802818187697));
#2380 = CARTESIAN_POINT('',(3.7005,1.207567212865,9.796891567575));
#2381 = CARTESIAN_POINT('',(3.7005,1.229402129108,9.784726399955));
#2382 = ORIENTED_EDGE('',*,*,#2383,.T.);
#2383 = EDGE_CURVE('',#2375,#2384,#2386,.T.);
#2384 = VERTEX_POINT('',#2385);
#2385 = CARTESIAN_POINT('',(3.6995,1.229402129108,9.784726399955));
#2386 = B_SPLINE_CURVE_WITH_KNOTS('',1,(#2387,#2388),.UNSPECIFIED.,.F.,
  .F.,(2,2),(-0.,1.E-03),.PIECEWISE_BEZIER_KNOTS.);
#2387 = CARTESIAN_POINT('',(3.7005,1.229402129108,9.784726399955));
#2388 = CARTESIAN_POINT('',(3.6995,1.229402129108,9.784726399955));
#2389 = ORIENTED_EDGE('',*,*,#2390,.F.);
#2390 = EDGE_CURVE('',#2348,#2384,#2391,.T.);
#2391 = B_SPLINE_CURVE_WITH_KNOTS('',3,(#2392,#2393,#2394,#2395),
  .UNSPECIFIED.,.F.,.F.,(4,4),(7.,8.),.PIECEWISE_BEZIER_KNOTS.);
#2392 = CARTESIAN_POINT('',(3.6995,1.157502869194,9.802818187697));
#2393 = CARTESIAN_POINT('',(3.6995,1.183626786841,9.802818187697));
#2394 = CARTESIAN_POINT('',(3.6995,1.207567212865,9.796891567575));
#2395 = CARTESIAN_POINT('',(3.6995,1.229402129108,9.784726399955));
#2396 = B_SPLINE_SURFACE_WITH_KNOTS('',3,1,(
    (#2397,#2398)
    ,(#2399,#2400)
    ,(#2401,#2402)
    ,(#2403,#2404
    )),.UNSPECIFIED.,.F.,.F.,.F.,(4,4),(2,2),(7.,8.),(0.,1.),
  .PIECEWISE_BEZIER_KNOTS.);
#2397 = CARTESIAN_POINT('',(3.7005,1.157502869194,9.802818187697));
#2398 = CARTESIAN_POINT('',(3.6995,1.157502869194,9.802818187697));
#2399 = CARTESIAN_POINT('',(3.7005,1.183626786841,9.802818187697));
#2400 = CARTESIAN_POINT('',(3.6995,1.183626786841,9.802818187697));
#2401 = CARTESIAN_POINT('',(3.7005,1.207567212865,9.796891567575));
#2402 = CARTESIAN_POINT('',(3.6995,1.207567212865,9.796891567575));
#2403 = CARTESIAN_POINT('',(3.7005,1.229402129108,9.784726399955));
#2404 = CARTESIAN_POINT('',(3.6995,1.229402129108,9.784726399955));
#2405 = ADVANCED_FACE('',(#2406),#2428,.F.);
#2406 = FACE_BOUND('',#2407,.T.);
#2407 = EDGE_LOOP('',(#2408,#2415,#2422,#2427));
#2408 = ORIENTED_EDGE('',*,*,#2409,.T.);
#2409 = EDGE_CURVE('',#2384,#2410,#2412,.T.);
#2410 = VERTEX_POINT('',#2411);
#2411 = CARTESIAN_POINT('',(3.6995,1.229402129108,9.82590081344));
#2412 = B_SPLINE_CURVE_WITH_KNOTS('',1,(#2413,#2414),.UNSPECIFIED.,.F.,
  .F.,(2,2),(-4.117441348498E-02,0.),.PIECEWISE_BEZIER_KNOTS.);
#2413 = CARTESIAN_POINT('',(3.6995,1.229402129108,9.784726399955));
#2414 = CARTESIAN_POINT('',(3.6995,1.229402129108,9.82590081344));
#2415 = ORIENTED_EDGE('',*,*,#2416,.F.);
#2416 = EDGE_CURVE('',#2417,#2410,#2419,.T.);
#2417 = VERTEX_POINT('',#2418);
#2418 = CARTESIAN_POINT('',(3.7005,1.229402129108,9.82590081344));
#2419 = B_SPLINE_CURVE_WITH_KNOTS('',1,(#2420,#2421),.UNSPECIFIED.,.F.,
  .F.,(2,2),(-0.,1.E-03),.PIECEWISE_BEZIER_KNOTS.);
#2420 = CARTESIAN_POINT('',(3.7005,1.229402129108,9.82590081344));
#2421 = CARTESIAN_POINT('',(3.6995,1.229402129108,9.82590081344));
#2422 = ORIENTED_EDGE('',*,*,#2423,.F.);
#2423 = EDGE_CURVE('',#2375,#2417,#2424,.T.);
#2424 = B_SPLINE_CURVE_WITH_KNOTS('',1,(#2425,#2426),.UNSPECIFIED.,.F.,
  .F.,(2,2),(-4.117441348498E-02,0.),.PIECEWISE_BEZIER_KNOTS.);
#2425 = CARTESIAN_POINT('',(3.7005,1.229402129108,9.784726399955));
#2426 = CARTESIAN_POINT('',(3.7005,1.229402129108,9.82590081344));
#2427 = ORIENTED_EDGE('',*,*,#2383,.T.);
#2428 = B_SPLINE_SURFACE_WITH_KNOTS('',1,1,(
    (#2429,#2430)
    ,(#2431,#2432
    )),.UNSPECIFIED.,.F.,.F.,.F.,(2,2),(2,2),(-0.,4.117441348498E-02),(
    -1.000000000001E-03,0.),.PIECEWISE_BEZIER_KNOTS.);
#2429 = CARTESIAN_POINT('',(3.6995,1.229402129108,9.82590081344));
#2430 = CARTESIAN_POINT('',(3.7005,1.229402129108,9.82590081344));
#2431 = CARTESIAN_POINT('',(3.6995,1.229402129108,9.784726399955));
#2432 = CARTESIAN_POINT('',(3.7005,1.229402129108,9.784726399955));
#2433 = ADVANCED_FACE('',(#2434),#2460,.F.);
#2434 = FACE_BOUND('',#2435,.F.);
#2435 = EDGE_LOOP('',(#2436,#2437,#2446,#2453));
#2436 = ORIENTED_EDGE('',*,*,#2416,.F.);
#2437 = ORIENTED_EDGE('',*,*,#2438,.T.);
#2438 = EDGE_CURVE('',#2417,#2439,#2441,.T.);
#2439 = VERTEX_POINT('',#2440);
#2440 = CARTESIAN_POINT('',(3.7005,1.157112959975,9.838377908436));
#2441 = B_SPLINE_CURVE_WITH_KNOTS('',3,(#2442,#2443,#2444,#2445),
  .UNSPECIFIED.,.F.,.F.,(4,4),(5.,6.),.PIECEWISE_BEZIER_KNOTS.);
#2442 = CARTESIAN_POINT('',(3.7005,1.229402129108,9.82590081344));
#2443 = CARTESIAN_POINT('',(3.7005,1.210374559239,9.834166888876));
#2444 = CARTESIAN_POINT('',(3.7005,1.186278169528,9.838377908436));
#2445 = CARTESIAN_POINT('',(3.7005,1.157112959975,9.838377908436));
#2446 = ORIENTED_EDGE('',*,*,#2447,.T.);
#2447 = EDGE_CURVE('',#2439,#2448,#2450,.T.);
#2448 = VERTEX_POINT('',#2449);
#2449 = CARTESIAN_POINT('',(3.6995,1.157112959975,9.838377908436));
#2450 = B_SPLINE_CURVE_WITH_KNOTS('',1,(#2451,#2452),.UNSPECIFIED.,.F.,
  .F.,(2,2),(-0.,1.E-03),.PIECEWISE_BEZIER_KNOTS.);
#2451 = CARTESIAN_POINT('',(3.7005,1.157112959975,9.838377908436));
#2452 = CARTESIAN_POINT('',(3.6995,1.157112959975,9.838377908436));
#2453 = ORIENTED_EDGE('',*,*,#2454,.F.);
#2454 = EDGE_CURVE('',#2410,#2448,#2455,.T.);
#2455 = B_SPLINE_CURVE_WITH_KNOTS('',3,(#2456,#2457,#2458,#2459),
  .UNSPECIFIED.,.F.,.F.,(4,4),(5.,6.),.PIECEWISE_BEZIER_KNOTS.);
#2456 = CARTESIAN_POINT('',(3.6995,1.229402129108,9.82590081344));
#2457 = CARTESIAN_POINT('',(3.6995,1.210374559239,9.834166888876));
#2458 = CARTESIAN_POINT('',(3.6995,1.186278169528,9.838377908436));
#2459 = CARTESIAN_POINT('',(3.6995,1.157112959975,9.838377908436));
#2460 = B_SPLINE_SURFACE_WITH_KNOTS('',3,1,(
    (#2461,#2462)
    ,(#2463,#2464)
    ,(#2465,#2466)
    ,(#2467,#2468
    )),.UNSPECIFIED.,.F.,.F.,.F.,(4,4),(2,2),(5.,6.),(0.,1.),
  .PIECEWISE_BEZIER_KNOTS.);
#2461 = CARTESIAN_POINT('',(3.7005,1.229402129108,9.82590081344));
#2462 = CARTESIAN_POINT('',(3.6995,1.229402129108,9.82590081344));
#2463 = CARTESIAN_POINT('',(3.7005,1.210374559239,9.834166888876));
#2464 = CARTESIAN_POINT('',(3.6995,1.210374559239,9.834166888876));
#2465 = CARTESIAN_POINT('',(3.7005,1.186278169528,9.838377908436));
#2466 = CARTESIAN_POINT('',(3.6995,1.186278169528,9.838377908436));
#2467 = CARTESIAN_POINT('',(3.7005,1.157112959975,9.838377908436));
#2468 = CARTESIAN_POINT('',(3.6995,1.157112959975,9.838377908436));
#2469 = ADVANCED_FACE('',(#2470),#2496,.F.);
#2470 = FACE_BOUND('',#2471,.F.);
#2471 = EDGE_LOOP('',(#2472,#2473,#2482,#2489));
#2472 = ORIENTED_EDGE('',*,*,#2447,.F.);
#2473 = ORIENTED_EDGE('',*,*,#2474,.T.);
#2474 = EDGE_CURVE('',#2439,#2475,#2477,.T.);
#2475 = VERTEX_POINT('',#2476);
#2476 = CARTESIAN_POINT('',(3.7005,1.045053050544,9.79346036645));
#2477 = B_SPLINE_CURVE_WITH_KNOTS('',3,(#2478,#2479,#2480,#2481),
  .UNSPECIFIED.,.F.,.F.,(4,4),(4.,5.),.PIECEWISE_BEZIER_KNOTS.);
#2478 = CARTESIAN_POINT('',(3.7005,1.157112959975,9.838377908436));
#2479 = CARTESIAN_POINT('',(3.7005,1.111805508772,9.838377908436));
#2480 = CARTESIAN_POINT('',(3.7005,1.074452205628,9.823405394442));
#2481 = CARTESIAN_POINT('',(3.7005,1.045053050544,9.79346036645));
#2482 = ORIENTED_EDGE('',*,*,#2483,.T.);
#2483 = EDGE_CURVE('',#2475,#2484,#2486,.T.);
#2484 = VERTEX_POINT('',#2485);
#2485 = CARTESIAN_POINT('',(3.6995,1.045053050544,9.79346036645));
#2486 = B_SPLINE_CURVE_WITH_KNOTS('',1,(#2487,#2488),.UNSPECIFIED.,.F.,
  .F.,(2,2),(-0.,1.E-03),.PIECEWISE_BEZIER_KNOTS.);
#2487 = CARTESIAN_POINT('',(3.7005,1.045053050544,9.79346036645));
#2488 = CARTESIAN_POINT('',(3.6995,1.045053050544,9.79346036645));
#2489 = ORIENTED_EDGE('',*,*,#2490,.F.);
#2490 = EDGE_CURVE('',#2448,#2484,#2491,.T.);
#2491 = B_SPLINE_CURVE_WITH_KNOTS('',3,(#2492,#2493,#2494,#2495),
  .UNSPECIFIED.,.F.,.F.,(4,4),(4.,5.),.PIECEWISE_BEZIER_KNOTS.);
#2492 = CARTESIAN_POINT('',(3.6995,1.157112959975,9.838377908436));
#2493 = CARTESIAN_POINT('',(3.6995,1.111805508772,9.838377908436));
#2494 = CARTESIAN_POINT('',(3.6995,1.074452205628,9.823405394442));
#2495 = CARTESIAN_POINT('',(3.6995,1.045053050544,9.79346036645));
#2496 = B_SPLINE_SURFACE_WITH_KNOTS('',3,1,(
    (#2497,#2498)
    ,(#2499,#2500)
    ,(#2501,#2502)
    ,(#2503,#2504
    )),.UNSPECIFIED.,.F.,.F.,.F.,(4,4),(2,2),(4.,5.),(0.,1.),
  .PIECEWISE_BEZIER_KNOTS.);
#2497 = CARTESIAN_POINT('',(3.7005,1.157112959975,9.838377908436));
#2498 = CARTESIAN_POINT('',(3.6995,1.157112959975,9.838377908436));
#2499 = CARTESIAN_POINT('',(3.7005,1.111805508772,9.838377908436));
#2500 = CARTESIAN_POINT('',(3.6995,1.111805508772,9.838377908436));
#2501 = CARTESIAN_POINT('',(3.7005,1.074452205628,9.823405394442));
#2502 = CARTESIAN_POINT('',(3.6995,1.074452205628,9.823405394442));
#2503 = CARTESIAN_POINT('',(3.7005,1.045053050544,9.79346036645));
#2504 = CARTESIAN_POINT('',(3.6995,1.045053050544,9.79346036645));
#2505 = ADVANCED_FACE('',(#2506),#2532,.F.);
#2506 = FACE_BOUND('',#2507,.F.);
#2507 = EDGE_LOOP('',(#2508,#2509,#2518,#2525));
#2508 = ORIENTED_EDGE('',*,*,#2483,.F.);
#2509 = ORIENTED_EDGE('',*,*,#2510,.T.);
#2510 = EDGE_CURVE('',#2475,#2511,#2513,.T.);
#2511 = VERTEX_POINT('',#2512);
#2512 = CARTESIAN_POINT('',(3.7005,1.00099330884,9.67492796399));
#2513 = B_SPLINE_CURVE_WITH_KNOTS('',3,(#2514,#2515,#2516,#2517),
  .UNSPECIFIED.,.F.,.F.,(4,4),(3.,4.),.PIECEWISE_BEZIER_KNOTS.);
#2514 = CARTESIAN_POINT('',(3.7005,1.045053050544,9.79346036645));
#2515 = CARTESIAN_POINT('',(3.7005,1.01565389546,9.763515338461));
#2516 = CARTESIAN_POINT('',(3.7005,1.00099330884,9.724056525536));
#2517 = CARTESIAN_POINT('',(3.7005,1.00099330884,9.67492796399));
#2518 = ORIENTED_EDGE('',*,*,#2519,.T.);
#2519 = EDGE_CURVE('',#2511,#2520,#2522,.T.);
#2520 = VERTEX_POINT('',#2521);
#2521 = CARTESIAN_POINT('',(3.6995,1.00099330884,9.67492796399));
#2522 = B_SPLINE_CURVE_WITH_KNOTS('',1,(#2523,#2524),.UNSPECIFIED.,.F.,
  .F.,(2,2),(-0.,1.E-03),.PIECEWISE_BEZIER_KNOTS.);
#2523 = CARTESIAN_POINT('',(3.7005,1.00099330884,9.67492796399));
#2524 = CARTESIAN_POINT('',(3.6995,1.00099330884,9.67492796399));
#2525 = ORIENTED_EDGE('',*,*,#2526,.F.);
#2526 = EDGE_CURVE('',#2484,#2520,#2527,.T.);
#2527 = B_SPLINE_CURVE_WITH_KNOTS('',3,(#2528,#2529,#2530,#2531),
  .UNSPECIFIED.,.F.,.F.,(4,4),(3.,4.),.PIECEWISE_BEZIER_KNOTS.);
#2528 = CARTESIAN_POINT('',(3.6995,1.045053050544,9.79346036645));
#2529 = CARTESIAN_POINT('',(3.6995,1.01565389546,9.763515338461));
#2530 = CARTESIAN_POINT('',(3.6995,1.00099330884,9.724056525536));
#2531 = CARTESIAN_POINT('',(3.6995,1.00099330884,9.67492796399));
#2532 = B_SPLINE_SURFACE_WITH_KNOTS('',3,1,(
    (#2533,#2534)
    ,(#2535,#2536)
    ,(#2537,#2538)
    ,(#2539,#2540
    )),.UNSPECIFIED.,.F.,.F.,.F.,(4,4),(2,2),(3.,4.),(0.,1.),
  .PIECEWISE_BEZIER_KNOTS.);
#2533 = CARTESIAN_POINT('',(3.7005,1.045053050544,9.79346036645));
#2534 = CARTESIAN_POINT('',(3.6995,1.045053050544,9.79346036645));
#2535 = CARTESIAN_POINT('',(3.7005,1.01565389546,9.763515338461));
#2536 = CARTESIAN_POINT('',(3.6995,1.01565389546,9.763515338461));
#2537 = CARTESIAN_POINT('',(3.7005,1.00099330884,9.724056525536));
#2538 = CARTESIAN_POINT('',(3.6995,1.00099330884,9.724056525536));
#2539 = CARTESIAN_POINT('',(3.7005,1.00099330884,9.67492796399));
#2540 = CARTESIAN_POINT('',(3.6995,1.00099330884,9.67492796399));
#2541 = ADVANCED_FACE('',(#2542),#2568,.F.);
#2542 = FACE_BOUND('',#2543,.F.);
#2543 = EDGE_LOOP('',(#2544,#2545,#2554,#2561));
#2544 = ORIENTED_EDGE('',*,*,#2519,.F.);
#2545 = ORIENTED_EDGE('',*,*,#2546,.T.);
#2546 = EDGE_CURVE('',#2511,#2547,#2549,.T.);
#2547 = VERTEX_POINT('',#2548);
#2548 = CARTESIAN_POINT('',(3.7005,1.040140194389,9.564661636966));
#2549 = B_SPLINE_CURVE_WITH_KNOTS('',3,(#2550,#2551,#2552,#2553),
  .UNSPECIFIED.,.F.,.F.,(4,4),(2.,3.),.PIECEWISE_BEZIER_KNOTS.);
#2550 = CARTESIAN_POINT('',(3.7005,1.00099330884,9.67492796399));
#2551 = CARTESIAN_POINT('',(3.7005,1.00099330884,9.629230603568));
#2552 = CARTESIAN_POINT('',(3.7005,1.014016276742,9.592423173331));
#2553 = CARTESIAN_POINT('',(3.7005,1.040140194389,9.564661636966));
#2554 = ORIENTED_EDGE('',*,*,#2555,.T.);
#2555 = EDGE_CURVE('',#2547,#2556,#2558,.T.);
#2556 = VERTEX_POINT('',#2557);
#2557 = CARTESIAN_POINT('',(3.6995,1.040140194389,9.564661636966));
#2558 = B_SPLINE_CURVE_WITH_KNOTS('',1,(#2559,#2560),.UNSPECIFIED.,.F.,
  .F.,(2,2),(-0.,1.E-03),.PIECEWISE_BEZIER_KNOTS.);
#2559 = CARTESIAN_POINT('',(3.7005,1.040140194389,9.564661636966));
#2560 = CARTESIAN_POINT('',(3.6995,1.040140194389,9.564661636966));
#2561 = ORIENTED_EDGE('',*,*,#2562,.F.);
#2562 = EDGE_CURVE('',#2520,#2556,#2563,.T.);
#2563 = B_SPLINE_CURVE_WITH_KNOTS('',3,(#2564,#2565,#2566,#2567),
  .UNSPECIFIED.,.F.,.F.,(4,4),(2.,3.),.PIECEWISE_BEZIER_KNOTS.);
#2564 = CARTESIAN_POINT('',(3.6995,1.00099330884,9.67492796399));
#2565 = CARTESIAN_POINT('',(3.6995,1.00099330884,9.629230603568));
#2566 = CARTESIAN_POINT('',(3.6995,1.014016276742,9.592423173331));
#2567 = CARTESIAN_POINT('',(3.6995,1.040140194389,9.564661636966));
#2568 = B_SPLINE_SURFACE_WITH_KNOTS('',3,1,(
    (#2569,#2570)
    ,(#2571,#2572)
    ,(#2573,#2574)
    ,(#2575,#2576
    )),.UNSPECIFIED.,.F.,.F.,.F.,(4,4),(2,2),(2.,3.),(0.,1.),
  .PIECEWISE_BEZIER_KNOTS.);
#2569 = CARTESIAN_POINT('',(3.7005,1.00099330884,9.67492796399));
#2570 = CARTESIAN_POINT('',(3.6995,1.00099330884,9.67492796399));
#2571 = CARTESIAN_POINT('',(3.7005,1.00099330884,9.629230603568));
#2572 = CARTESIAN_POINT('',(3.6995,1.00099330884,9.629230603568));
#2573 = CARTESIAN_POINT('',(3.7005,1.014016276742,9.592423173331));
#2574 = CARTESIAN_POINT('',(3.6995,1.014016276742,9.592423173331));
#2575 = CARTESIAN_POINT('',(3.7005,1.040140194389,9.564661636966));
#2576 = CARTESIAN_POINT('',(3.6995,1.040140194389,9.564661636966));
#2577 = ADVANCED_FACE('',(#2578),#2596,.F.);
#2578 = FACE_BOUND('',#2579,.F.);
#2579 = EDGE_LOOP('',(#2580,#2581,#2588,#2589));
#2580 = ORIENTED_EDGE('',*,*,#2555,.F.);
#2581 = ORIENTED_EDGE('',*,*,#2582,.T.);
#2582 = EDGE_CURVE('',#2547,#2122,#2583,.T.);
#2583 = B_SPLINE_CURVE_WITH_KNOTS('',3,(#2584,#2585,#2586,#2587),
  .UNSPECIFIED.,.F.,.F.,(4,4),(1.,2.),.PIECEWISE_BEZIER_KNOTS.);
#2584 = CARTESIAN_POINT('',(3.7005,1.040140194389,9.564661636966));
#2585 = CARTESIAN_POINT('',(3.7005,1.066264112037,9.5369001006));
#2586 = CARTESIAN_POINT('',(3.7005,1.101199978025,9.523019332417));
#2587 = CARTESIAN_POINT('',(3.7005,1.144947792354,9.523019332417));
#2588 = ORIENTED_EDGE('',*,*,#2121,.T.);
#2589 = ORIENTED_EDGE('',*,*,#2590,.F.);
#2590 = EDGE_CURVE('',#2556,#2124,#2591,.T.);
#2591 = B_SPLINE_CURVE_WITH_KNOTS('',3,(#2592,#2593,#2594,#2595),
  .UNSPECIFIED.,.F.,.F.,(4,4),(1.,2.),.PIECEWISE_BEZIER_KNOTS.);
#2592 = CARTESIAN_POINT('',(3.6995,1.040140194389,9.564661636966));
#2593 = CARTESIAN_POINT('',(3.6995,1.066264112037,9.5369001006));
#2594 = CARTESIAN_POINT('',(3.6995,1.101199978025,9.523019332417));
#2595 = CARTESIAN_POINT('',(3.6995,1.144947792354,9.523019332417));
#2596 = B_SPLINE_SURFACE_WITH_KNOTS('',3,1,(
    (#2597,#2598)
    ,(#2599,#2600)
    ,(#2601,#2602)
    ,(#2603,#2604
    )),.UNSPECIFIED.,.F.,.F.,.F.,(4,4),(2,2),(1.,2.),(0.,1.),
  .PIECEWISE_BEZIER_KNOTS.);
#2597 = CARTESIAN_POINT('',(3.7005,1.040140194389,9.564661636966));
#2598 = CARTESIAN_POINT('',(3.6995,1.040140194389,9.564661636966));
#2599 = CARTESIAN_POINT('',(3.7005,1.066264112037,9.5369001006));
#2600 = CARTESIAN_POINT('',(3.6995,1.066264112037,9.5369001006));
#2601 = CARTESIAN_POINT('',(3.7005,1.101199978025,9.523019332417));
#2602 = CARTESIAN_POINT('',(3.6995,1.101199978025,9.523019332417));
#2603 = CARTESIAN_POINT('',(3.7005,1.144947792354,9.523019332417));
#2604 = CARTESIAN_POINT('',(3.6995,1.144947792354,9.523019332417));
#2605 = ADVANCED_FACE('',(#2606),#2622,.T.);
#2606 = FACE_BOUND('',#2607,.T.);
#2607 = EDGE_LOOP('',(#2608,#2609,#2610,#2611,#2612,#2613,#2614,#2615,
    #2616,#2617,#2618,#2619,#2620,#2621));
#2608 = ORIENTED_EDGE('',*,*,#2130,.T.);
#2609 = ORIENTED_EDGE('',*,*,#2179,.T.);
#2610 = ORIENTED_EDGE('',*,*,#2194,.T.);
#2611 = ORIENTED_EDGE('',*,*,#2230,.T.);
#2612 = ORIENTED_EDGE('',*,*,#2266,.T.);
#2613 = ORIENTED_EDGE('',*,*,#2302,.T.);
#2614 = ORIENTED_EDGE('',*,*,#2338,.T.);
#2615 = ORIENTED_EDGE('',*,*,#2374,.T.);
#2616 = ORIENTED_EDGE('',*,*,#2423,.T.);
#2617 = ORIENTED_EDGE('',*,*,#2438,.T.);
#2618 = ORIENTED_EDGE('',*,*,#2474,.T.);
#2619 = ORIENTED_EDGE('',*,*,#2510,.T.);
#2620 = ORIENTED_EDGE('',*,*,#2546,.T.);
#2621 = ORIENTED_EDGE('',*,*,#2582,.T.);
#2622 = B_SPLINE_SURFACE_WITH_KNOTS('',1,1,(
    (#2623,#2624)
    ,(#2625,#2626
    )),.UNSPECIFIED.,.F.,.F.,.F.,(2,2),(2,2),(-0.310913610927,
    4.444965092128E-03),(-0.190451157835,3.795766243295E-02),
  .PIECEWISE_BEZIER_KNOTS.);
#2623 = CARTESIAN_POINT('',(3.7005,1.00099330884,9.838377908436));
#2624 = CARTESIAN_POINT('',(3.7005,1.229402129108,9.838377908436));
#2625 = CARTESIAN_POINT('',(3.7005,1.00099330884,9.523019332417));
#2626 = CARTESIAN_POINT('',(3.7005,1.229402129108,9.523019332417));
#2627 = ADVANCED_FACE('',(#2628),#2644,.F.);
#2628 = FACE_BOUND('',#2629,.T.);
#2629 = EDGE_LOOP('',(#2630,#2631,#2632,#2633,#2634,#2635,#2636,#2637,
    #2638,#2639,#2640,#2641,#2642,#2643));
#2630 = ORIENTED_EDGE('',*,*,#2146,.F.);
#2631 = ORIENTED_EDGE('',*,*,#2590,.F.);
#2632 = ORIENTED_EDGE('',*,*,#2562,.F.);
#2633 = ORIENTED_EDGE('',*,*,#2526,.F.);
#2634 = ORIENTED_EDGE('',*,*,#2490,.F.);
#2635 = ORIENTED_EDGE('',*,*,#2454,.F.);
#2636 = ORIENTED_EDGE('',*,*,#2409,.F.);
#2637 = ORIENTED_EDGE('',*,*,#2390,.F.);
#2638 = ORIENTED_EDGE('',*,*,#2354,.F.);
#2639 = ORIENTED_EDGE('',*,*,#2318,.F.);
#2640 = ORIENTED_EDGE('',*,*,#2282,.F.);
#2641 = ORIENTED_EDGE('',*,*,#2246,.F.);
#2642 = ORIENTED_EDGE('',*,*,#2210,.F.);
#2643 = ORIENTED_EDGE('',*,*,#2165,.F.);
#2644 = B_SPLINE_SURFACE_WITH_KNOTS('',1,1,(
    (#2645,#2646)
    ,(#2647,#2648
    )),.UNSPECIFIED.,.F.,.F.,.F.,(2,2),(2,2),(-0.310913610927,
    4.444965092128E-03),(-0.190451157835,3.795766243295E-02),
  .PIECEWISE_BEZIER_KNOTS.);
#2645 = CARTESIAN_POINT('',(3.6995,1.00099330884,9.838377908436));
#2646 = CARTESIAN_POINT('',(3.6995,1.229402129108,9.838377908436));
#2647 = CARTESIAN_POINT('',(3.6995,1.00099330884,9.523019332417));
#2648 = CARTESIAN_POINT('',(3.6995,1.229402129108,9.523019332417));
#2649 = MANIFOLD_SOLID_BREP('',#2650);
#2650 = CLOSED_SHELL('',(#2651,#2687,#2715,#2743,#2771,#2799,#2827,#2855
    ,#2883,#2911,#2939,#2967,#2987,#3007));
#2651 = ADVANCED_FACE('',(#2652),#2682,.F.);
#2652 = FACE_BOUND('',#2653,.T.);
#2653 = EDGE_LOOP('',(#2654,#2663,#2670,#2677));
#2654 = ORIENTED_EDGE('',*,*,#2655,.T.);
#2655 = EDGE_CURVE('',#2656,#2658,#2660,.T.);
#2656 = VERTEX_POINT('',#2657);
#2657 = CARTESIAN_POINT('',(3.6995,1.454535711937,9.528166134103));
#2658 = VERTEX_POINT('',#2659);
#2659 = CARTESIAN_POINT('',(3.6995,1.454535711937,9.562946036404));
#2660 = B_SPLINE_CURVE_WITH_KNOTS('',1,(#2661,#2662),.UNSPECIFIED.,.F.,
  .F.,(2,2),(-3.477990230068E-02,0.),.PIECEWISE_BEZIER_KNOTS.);
#2661 = CARTESIAN_POINT('',(3.6995,1.454535711937,9.528166134103));
#2662 = CARTESIAN_POINT('',(3.6995,1.454535711937,9.562946036404));
#2663 = ORIENTED_EDGE('',*,*,#2664,.F.);
#2664 = EDGE_CURVE('',#2665,#2658,#2667,.T.);
#2665 = VERTEX_POINT('',#2666);
#2666 = CARTESIAN_POINT('',(3.7005,1.454535711937,9.562946036404));
#2667 = B_SPLINE_CURVE_WITH_KNOTS('',1,(#2668,#2669),.UNSPECIFIED.,.F.,
  .F.,(2,2),(-0.,1.E-03),.PIECEWISE_BEZIER_KNOTS.);
#2668 = CARTESIAN_POINT('',(3.7005,1.454535711937,9.562946036404));
#2669 = CARTESIAN_POINT('',(3.6995,1.454535711937,9.562946036404));
#2670 = ORIENTED_EDGE('',*,*,#2671,.F.);
#2671 = EDGE_CURVE('',#2672,#2665,#2674,.T.);
#2672 = VERTEX_POINT('',#2673);
#2673 = CARTESIAN_POINT('',(3.7005,1.454535711937,9.528166134103));
#2674 = B_SPLINE_CURVE_WITH_KNOTS('',1,(#2675,#2676),.UNSPECIFIED.,.F.,
  .F.,(2,2),(-3.477990230068E-02,0.),.PIECEWISE_BEZIER_KNOTS.);
#2675 = CARTESIAN_POINT('',(3.7005,1.454535711937,9.528166134103));
#2676 = CARTESIAN_POINT('',(3.7005,1.454535711937,9.562946036404));
#2677 = ORIENTED_EDGE('',*,*,#2678,.T.);
#2678 = EDGE_CURVE('',#2672,#2656,#2679,.T.);
#2679 = B_SPLINE_CURVE_WITH_KNOTS('',1,(#2680,#2681),.UNSPECIFIED.,.F.,
  .F.,(2,2),(-0.,1.E-03),.PIECEWISE_BEZIER_KNOTS.);
#2680 = CARTESIAN_POINT('',(3.7005,1.454535711937,9.528166134103));
#2681 = CARTESIAN_POINT('',(3.6995,1.454535711937,9.528166134103));
#2682 = B_SPLINE_SURFACE_WITH_KNOTS('',1,1,(
    (#2683,#2684)
    ,(#2685,#2686
    )),.UNSPECIFIED.,.F.,.F.,.F.,(2,2),(2,2),(-0.,3.477990230068E-02),(
    -1.E-03,0.),.PIECEWISE_BEZIER_KNOTS.);
#2683 = CARTESIAN_POINT('',(3.6995,1.454535711937,9.562946036404));
#2684 = CARTESIAN_POINT('',(3.7005,1.454535711937,9.562946036404));
#2685 = CARTESIAN_POINT('',(3.6995,1.454535711937,9.528166134103));
#2686 = CARTESIAN_POINT('',(3.7005,1.454535711937,9.528166134103));
#2687 = ADVANCED_FACE('',(#2688),#2710,.F.);
#2688 = FACE_BOUND('',#2689,.T.);
#2689 = EDGE_LOOP('',(#2690,#2697,#2704,#2709));
#2690 = ORIENTED_EDGE('',*,*,#2691,.T.);
#2691 = EDGE_CURVE('',#2658,#2692,#2694,.T.);
#2692 = VERTEX_POINT('',#2693);
#2693 = CARTESIAN_POINT('',(3.6995,1.329842743824,9.562946036404));
#2694 = B_SPLINE_CURVE_WITH_KNOTS('',1,(#2695,#2696),.UNSPECIFIED.,.F.,
  .F.,(2,2),(-0.124692968114,-0.),.PIECEWISE_BEZIER_KNOTS.);
#2695 = CARTESIAN_POINT('',(3.6995,1.454535711937,9.562946036404));
#2696 = CARTESIAN_POINT('',(3.6995,1.329842743824,9.562946036404));
#2697 = ORIENTED_EDGE('',*,*,#2698,.F.);
#2698 = EDGE_CURVE('',#2699,#2692,#2701,.T.);
#2699 = VERTEX_POINT('',#2700);
#2700 = CARTESIAN_POINT('',(3.7005,1.329842743824,9.562946036404));
#2701 = B_SPLINE_CURVE_WITH_KNOTS('',1,(#2702,#2703),.UNSPECIFIED.,.F.,
  .F.,(2,2),(-0.,1.E-03),.PIECEWISE_BEZIER_KNOTS.);
#2702 = CARTESIAN_POINT('',(3.7005,1.329842743824,9.562946036404));
#2703 = CARTESIAN_POINT('',(3.6995,1.329842743824,9.562946036404));
#2704 = ORIENTED_EDGE('',*,*,#2705,.F.);
#2705 = EDGE_CURVE('',#2665,#2699,#2706,.T.);
#2706 = B_SPLINE_CURVE_WITH_KNOTS('',1,(#2707,#2708),.UNSPECIFIED.,.F.,
  .F.,(2,2),(-0.124692968114,-0.),.PIECEWISE_BEZIER_KNOTS.);
#2707 = CARTESIAN_POINT('',(3.7005,1.454535711937,9.562946036404));
#2708 = CARTESIAN_POINT('',(3.7005,1.329842743824,9.562946036404));
#2709 = ORIENTED_EDGE('',*,*,#2664,.T.);
#2710 = B_SPLINE_SURFACE_WITH_KNOTS('',1,1,(
    (#2711,#2712)
    ,(#2713,#2714
    )),.UNSPECIFIED.,.F.,.F.,.F.,(2,2),(2,2),(0.,1.E-03),(0.,
    0.124692968114),.PIECEWISE_BEZIER_KNOTS.);
#2711 = CARTESIAN_POINT('',(3.7005,1.329842743824,9.562946036404));
#2712 = CARTESIAN_POINT('',(3.7005,1.454535711937,9.562946036404));
#2713 = CARTESIAN_POINT('',(3.6995,1.329842743824,9.562946036404));
#2714 = CARTESIAN_POINT('',(3.6995,1.454535711937,9.562946036404));
#2715 = ADVANCED_FACE('',(#2716),#2738,.F.);
#2716 = FACE_BOUND('',#2717,.T.);
#2717 = EDGE_LOOP('',(#2718,#2725,#2732,#2737));
#2718 = ORIENTED_EDGE('',*,*,#2719,.T.);
#2719 = EDGE_CURVE('',#2692,#2720,#2722,.T.);
#2720 = VERTEX_POINT('',#2721);
#2721 = CARTESIAN_POINT('',(3.6995,1.329842743824,9.665570142744));
#2722 = B_SPLINE_CURVE_WITH_KNOTS('',1,(#2723,#2724),.UNSPECIFIED.,.F.,
  .F.,(2,2),(-0.10262410634,0.),.PIECEWISE_BEZIER_KNOTS.);
#2723 = CARTESIAN_POINT('',(3.6995,1.329842743824,9.562946036404));
#2724 = CARTESIAN_POINT('',(3.6995,1.329842743824,9.665570142744));
#2725 = ORIENTED_EDGE('',*,*,#2726,.F.);
#2726 = EDGE_CURVE('',#2727,#2720,#2729,.T.);
#2727 = VERTEX_POINT('',#2728);
#2728 = CARTESIAN_POINT('',(3.7005,1.329842743824,9.665570142744));
#2729 = B_SPLINE_CURVE_WITH_KNOTS('',1,(#2730,#2731),.UNSPECIFIED.,.F.,
  .F.,(2,2),(-0.,1.E-03),.PIECEWISE_BEZIER_KNOTS.);
#2730 = CARTESIAN_POINT('',(3.7005,1.329842743824,9.665570142744));
#2731 = CARTESIAN_POINT('',(3.6995,1.329842743824,9.665570142744));
#2732 = ORIENTED_EDGE('',*,*,#2733,.F.);
#2733 = EDGE_CURVE('',#2699,#2727,#2734,.T.);
#2734 = B_SPLINE_CURVE_WITH_KNOTS('',1,(#2735,#2736),.UNSPECIFIED.,.F.,
  .F.,(2,2),(-0.10262410634,0.),.PIECEWISE_BEZIER_KNOTS.);
#2735 = CARTESIAN_POINT('',(3.7005,1.329842743824,9.562946036404));
#2736 = CARTESIAN_POINT('',(3.7005,1.329842743824,9.665570142744));
#2737 = ORIENTED_EDGE('',*,*,#2698,.T.);
#2738 = B_SPLINE_SURFACE_WITH_KNOTS('',1,1,(
    (#2739,#2740)
    ,(#2741,#2742
    )),.UNSPECIFIED.,.F.,.F.,.F.,(2,2),(2,2),(0.,0.10262410634),(-1.E-03
    ,0.),.PIECEWISE_BEZIER_KNOTS.);
#2739 = CARTESIAN_POINT('',(3.6995,1.329842743824,9.665570142744));
#2740 = CARTESIAN_POINT('',(3.7005,1.329842743824,9.665570142744));
#2741 = CARTESIAN_POINT('',(3.6995,1.329842743824,9.562946036404));
#2742 = CARTESIAN_POINT('',(3.7005,1.329842743824,9.562946036404));
#2743 = ADVANCED_FACE('',(#2744),#2766,.F.);
#2744 = FACE_BOUND('',#2745,.T.);
#2745 = EDGE_LOOP('',(#2746,#2753,#2760,#2765));
#2746 = ORIENTED_EDGE('',*,*,#2747,.T.);
#2747 = EDGE_CURVE('',#2720,#2748,#2750,.T.);
#2748 = VERTEX_POINT('',#2749);
#2749 = CARTESIAN_POINT('',(3.6995,1.438939343193,9.665570142744));
#2750 = B_SPLINE_CURVE_WITH_KNOTS('',1,(#2751,#2752),.UNSPECIFIED.,.F.,
  .F.,(2,2),(-0.109096599369,0.),.PIECEWISE_BEZIER_KNOTS.);
#2751 = CARTESIAN_POINT('',(3.6995,1.329842743824,9.665570142744));
#2752 = CARTESIAN_POINT('',(3.6995,1.438939343193,9.665570142744));
#2753 = ORIENTED_EDGE('',*,*,#2754,.F.);
#2754 = EDGE_CURVE('',#2755,#2748,#2757,.T.);
#2755 = VERTEX_POINT('',#2756);
#2756 = CARTESIAN_POINT('',(3.7005,1.438939343193,9.665570142744));
#2757 = B_SPLINE_CURVE_WITH_KNOTS('',1,(#2758,#2759),.UNSPECIFIED.,.F.,
  .F.,(2,2),(-0.,1.E-03),.PIECEWISE_BEZIER_KNOTS.);
#2758 = CARTESIAN_POINT('',(3.7005,1.438939343193,9.665570142744));
#2759 = CARTESIAN_POINT('',(3.6995,1.438939343193,9.665570142744));
#2760 = ORIENTED_EDGE('',*,*,#2761,.F.);
#2761 = EDGE_CURVE('',#2727,#2755,#2762,.T.);
#2762 = B_SPLINE_CURVE_WITH_KNOTS('',1,(#2763,#2764),.UNSPECIFIED.,.F.,
  .F.,(2,2),(-0.109096599369,0.),.PIECEWISE_BEZIER_KNOTS.);
#2763 = CARTESIAN_POINT('',(3.7005,1.329842743824,9.665570142744));
#2764 = CARTESIAN_POINT('',(3.7005,1.438939343193,9.665570142744));
#2765 = ORIENTED_EDGE('',*,*,#2726,.T.);
#2766 = B_SPLINE_SURFACE_WITH_KNOTS('',1,1,(
    (#2767,#2768)
    ,(#2769,#2770
    )),.UNSPECIFIED.,.F.,.F.,.F.,(2,2),(2,2),(-1.E-03,0.),(
    -0.109096599369,0.),.PIECEWISE_BEZIER_KNOTS.);
#2767 = CARTESIAN_POINT('',(3.6995,1.329842743824,9.665570142744));
#2768 = CARTESIAN_POINT('',(3.6995,1.438939343193,9.665570142744));
#2769 = CARTESIAN_POINT('',(3.7005,1.329842743824,9.665570142744));
#2770 = CARTESIAN_POINT('',(3.7005,1.438939343193,9.665570142744));
#2771 = ADVANCED_FACE('',(#2772),#2794,.F.);
#2772 = FACE_BOUND('',#2773,.T.);
#2773 = EDGE_LOOP('',(#2774,#2781,#2788,#2793));
#2774 = ORIENTED_EDGE('',*,*,#2775,.T.);
#2775 = EDGE_CURVE('',#2748,#2776,#2778,.T.);
#2776 = VERTEX_POINT('',#2777);
#2777 = CARTESIAN_POINT('',(3.6995,1.438939343193,9.700506008732));
#2778 = B_SPLINE_CURVE_WITH_KNOTS('',1,(#2779,#2780),.UNSPECIFIED.,.F.,
  .F.,(2,2),(-3.493586598795E-02,0.),.PIECEWISE_BEZIER_KNOTS.);
#2779 = CARTESIAN_POINT('',(3.6995,1.438939343193,9.665570142744));
#2780 = CARTESIAN_POINT('',(3.6995,1.438939343193,9.700506008732));
#2781 = ORIENTED_EDGE('',*,*,#2782,.F.);
#2782 = EDGE_CURVE('',#2783,#2776,#2785,.T.);
#2783 = VERTEX_POINT('',#2784);
#2784 = CARTESIAN_POINT('',(3.7005,1.438939343193,9.700506008732));
#2785 = B_SPLINE_CURVE_WITH_KNOTS('',1,(#2786,#2787),.UNSPECIFIED.,.F.,
  .F.,(2,2),(-0.,1.E-03),.PIECEWISE_BEZIER_KNOTS.);
#2786 = CARTESIAN_POINT('',(3.7005,1.438939343193,9.700506008732));
#2787 = CARTESIAN_POINT('',(3.6995,1.438939343193,9.700506008732));
#2788 = ORIENTED_EDGE('',*,*,#2789,.F.);
#2789 = EDGE_CURVE('',#2755,#2783,#2790,.T.);
#2790 = B_SPLINE_CURVE_WITH_KNOTS('',1,(#2791,#2792),.UNSPECIFIED.,.F.,
  .F.,(2,2),(-3.493586598795E-02,0.),.PIECEWISE_BEZIER_KNOTS.);
#2791 = CARTESIAN_POINT('',(3.7005,1.438939343193,9.665570142744));
#2792 = CARTESIAN_POINT('',(3.7005,1.438939343193,9.700506008732));
#2793 = ORIENTED_EDGE('',*,*,#2754,.T.);
#2794 = B_SPLINE_SURFACE_WITH_KNOTS('',1,1,(
    (#2795,#2796)
    ,(#2797,#2798
    )),.UNSPECIFIED.,.F.,.F.,.F.,(2,2),(2,2),(-0.,3.493586598795E-02),(
    -1.E-03,0.),.PIECEWISE_BEZIER_KNOTS.);
#2795 = CARTESIAN_POINT('',(3.6995,1.438939343193,9.700506008732));
#2796 = CARTESIAN_POINT('',(3.7005,1.438939343193,9.700506008732));
#2797 = CARTESIAN_POINT('',(3.6995,1.438939343193,9.665570142744));
#2798 = CARTESIAN_POINT('',(3.7005,1.438939343193,9.665570142744));
#2799 = ADVANCED_FACE('',(#2800),#2822,.F.);
#2800 = FACE_BOUND('',#2801,.T.);
#2801 = EDGE_LOOP('',(#2802,#2809,#2816,#2821));
#2802 = ORIENTED_EDGE('',*,*,#2803,.T.);
#2803 = EDGE_CURVE('',#2776,#2804,#2806,.T.);
#2804 = VERTEX_POINT('',#2805);
#2805 = CARTESIAN_POINT('',(3.6995,1.329842743824,9.700506008732));
#2806 = B_SPLINE_CURVE_WITH_KNOTS('',1,(#2807,#2808),.UNSPECIFIED.,.F.,
  .F.,(2,2),(-0.109096599369,-0.),.PIECEWISE_BEZIER_KNOTS.);
#2807 = CARTESIAN_POINT('',(3.6995,1.438939343193,9.700506008732));
#2808 = CARTESIAN_POINT('',(3.6995,1.329842743824,9.700506008732));
#2809 = ORIENTED_EDGE('',*,*,#2810,.F.);
#2810 = EDGE_CURVE('',#2811,#2804,#2813,.T.);
#2811 = VERTEX_POINT('',#2812);
#2812 = CARTESIAN_POINT('',(3.7005,1.329842743824,9.700506008732));
#2813 = B_SPLINE_CURVE_WITH_KNOTS('',1,(#2814,#2815),.UNSPECIFIED.,.F.,
  .F.,(2,2),(-0.,1.E-03),.PIECEWISE_BEZIER_KNOTS.);
#2814 = CARTESIAN_POINT('',(3.7005,1.329842743824,9.700506008732));
#2815 = CARTESIAN_POINT('',(3.6995,1.329842743824,9.700506008732));
#2816 = ORIENTED_EDGE('',*,*,#2817,.F.);
#2817 = EDGE_CURVE('',#2783,#2811,#2818,.T.);
#2818 = B_SPLINE_CURVE_WITH_KNOTS('',1,(#2819,#2820),.UNSPECIFIED.,.F.,
  .F.,(2,2),(-0.109096599369,-0.),.PIECEWISE_BEZIER_KNOTS.);
#2819 = CARTESIAN_POINT('',(3.7005,1.438939343193,9.700506008732));
#2820 = CARTESIAN_POINT('',(3.7005,1.329842743824,9.700506008732));
#2821 = ORIENTED_EDGE('',*,*,#2782,.T.);
#2822 = B_SPLINE_SURFACE_WITH_KNOTS('',1,1,(
    (#2823,#2824)
    ,(#2825,#2826
    )),.UNSPECIFIED.,.F.,.F.,.F.,(2,2),(2,2),(0.,1.E-03),(0.,
    0.109096599369),.PIECEWISE_BEZIER_KNOTS.);
#2823 = CARTESIAN_POINT('',(3.7005,1.329842743824,9.700506008732));
#2824 = CARTESIAN_POINT('',(3.7005,1.438939343193,9.700506008732));
#2825 = CARTESIAN_POINT('',(3.6995,1.329842743824,9.700506008732));
#2826 = CARTESIAN_POINT('',(3.6995,1.438939343193,9.700506008732));
#2827 = ADVANCED_FACE('',(#2828),#2850,.F.);
#2828 = FACE_BOUND('',#2829,.T.);
#2829 = EDGE_LOOP('',(#2830,#2837,#2844,#2849));
#2830 = ORIENTED_EDGE('',*,*,#2831,.T.);
#2831 = EDGE_CURVE('',#2804,#2832,#2834,.T.);
#2832 = VERTEX_POINT('',#2833);
#2833 = CARTESIAN_POINT('',(3.6995,1.329842743824,9.798139277075));
#2834 = B_SPLINE_CURVE_WITH_KNOTS('',1,(#2835,#2836),.UNSPECIFIED.,.F.,
  .F.,(2,2),(-9.763326834319E-02,0.),.PIECEWISE_BEZIER_KNOTS.);
#2835 = CARTESIAN_POINT('',(3.6995,1.329842743824,9.700506008732));
#2836 = CARTESIAN_POINT('',(3.6995,1.329842743824,9.798139277075));
#2837 = ORIENTED_EDGE('',*,*,#2838,.F.);
#2838 = EDGE_CURVE('',#2839,#2832,#2841,.T.);
#2839 = VERTEX_POINT('',#2840);
#2840 = CARTESIAN_POINT('',(3.7005,1.329842743824,9.798139277075));
#2841 = B_SPLINE_CURVE_WITH_KNOTS('',1,(#2842,#2843),.UNSPECIFIED.,.F.,
  .F.,(2,2),(-0.,1.E-03),.PIECEWISE_BEZIER_KNOTS.);
#2842 = CARTESIAN_POINT('',(3.7005,1.329842743824,9.798139277075));
#2843 = CARTESIAN_POINT('',(3.6995,1.329842743824,9.798139277075));
#2844 = ORIENTED_EDGE('',*,*,#2845,.F.);
#2845 = EDGE_CURVE('',#2811,#2839,#2846,.T.);
#2846 = B_SPLINE_CURVE_WITH_KNOTS('',1,(#2847,#2848),.UNSPECIFIED.,.F.,
  .F.,(2,2),(-9.763326834319E-02,0.),.PIECEWISE_BEZIER_KNOTS.);
#2847 = CARTESIAN_POINT('',(3.7005,1.329842743824,9.700506008732));
#2848 = CARTESIAN_POINT('',(3.7005,1.329842743824,9.798139277075));
#2849 = ORIENTED_EDGE('',*,*,#2810,.T.);
#2850 = B_SPLINE_SURFACE_WITH_KNOTS('',1,1,(
    (#2851,#2852)
    ,(#2853,#2854
    )),.UNSPECIFIED.,.F.,.F.,.F.,(2,2),(2,2),(0.,9.763326834319E-02),(
    -1.E-03,0.),.PIECEWISE_BEZIER_KNOTS.);
#2851 = CARTESIAN_POINT('',(3.6995,1.329842743824,9.798139277075));
#2852 = CARTESIAN_POINT('',(3.7005,1.329842743824,9.798139277075));
#2853 = CARTESIAN_POINT('',(3.6995,1.329842743824,9.700506008732));
#2854 = CARTESIAN_POINT('',(3.7005,1.329842743824,9.700506008732));
#2855 = ADVANCED_FACE('',(#2856),#2878,.F.);
#2856 = FACE_BOUND('',#2857,.T.);
#2857 = EDGE_LOOP('',(#2858,#2865,#2872,#2877));
#2858 = ORIENTED_EDGE('',*,*,#2859,.T.);
#2859 = EDGE_CURVE('',#2832,#2860,#2862,.T.);
#2860 = VERTEX_POINT('',#2861);
#2861 = CARTESIAN_POINT('',(3.6995,1.447595327847,9.798139277075));
#2862 = B_SPLINE_CURVE_WITH_KNOTS('',1,(#2863,#2864),.UNSPECIFIED.,.F.,
  .F.,(2,2),(-0.117752584023,0.),.PIECEWISE_BEZIER_KNOTS.);
#2863 = CARTESIAN_POINT('',(3.6995,1.329842743824,9.798139277075));
#2864 = CARTESIAN_POINT('',(3.6995,1.447595327847,9.798139277075));
#2865 = ORIENTED_EDGE('',*,*,#2866,.F.);
#2866 = EDGE_CURVE('',#2867,#2860,#2869,.T.);
#2867 = VERTEX_POINT('',#2868);
#2868 = CARTESIAN_POINT('',(3.7005,1.447595327847,9.798139277075));
#2869 = B_SPLINE_CURVE_WITH_KNOTS('',1,(#2870,#2871),.UNSPECIFIED.,.F.,
  .F.,(2,2),(-0.,1.E-03),.PIECEWISE_BEZIER_KNOTS.);
#2870 = CARTESIAN_POINT('',(3.7005,1.447595327847,9.798139277075));
#2871 = CARTESIAN_POINT('',(3.6995,1.447595327847,9.798139277075));
#2872 = ORIENTED_EDGE('',*,*,#2873,.F.);
#2873 = EDGE_CURVE('',#2839,#2867,#2874,.T.);
#2874 = B_SPLINE_CURVE_WITH_KNOTS('',1,(#2875,#2876),.UNSPECIFIED.,.F.,
  .F.,(2,2),(-0.117752584023,0.),.PIECEWISE_BEZIER_KNOTS.);
#2875 = CARTESIAN_POINT('',(3.7005,1.329842743824,9.798139277075));
#2876 = CARTESIAN_POINT('',(3.7005,1.447595327847,9.798139277075));
#2877 = ORIENTED_EDGE('',*,*,#2838,.T.);
#2878 = B_SPLINE_SURFACE_WITH_KNOTS('',1,1,(
    (#2879,#2880)
    ,(#2881,#2882
    )),.UNSPECIFIED.,.F.,.F.,.F.,(2,2),(2,2),(-0.,0.117752584023),(
    -1.E-03,0.),.PIECEWISE_BEZIER_KNOTS.);
#2879 = CARTESIAN_POINT('',(3.6995,1.447595327847,9.798139277075));
#2880 = CARTESIAN_POINT('',(3.7005,1.447595327847,9.798139277075));
#2881 = CARTESIAN_POINT('',(3.6995,1.329842743824,9.798139277075));
#2882 = CARTESIAN_POINT('',(3.7005,1.329842743824,9.798139277075));
#2883 = ADVANCED_FACE('',(#2884),#2906,.F.);
#2884 = FACE_BOUND('',#2885,.T.);
#2885 = EDGE_LOOP('',(#2886,#2893,#2900,#2905));
#2886 = ORIENTED_EDGE('',*,*,#2887,.T.);
#2887 = EDGE_CURVE('',#2860,#2888,#2890,.T.);
#2888 = VERTEX_POINT('',#2889);
#2889 = CARTESIAN_POINT('',(3.6995,1.447595327847,9.83323110675));
#2890 = B_SPLINE_CURVE_WITH_KNOTS('',1,(#2891,#2892),.UNSPECIFIED.,.F.,
  .F.,(2,2),(-3.509182967522E-02,0.),.PIECEWISE_BEZIER_KNOTS.);
#2891 = CARTESIAN_POINT('',(3.6995,1.447595327847,9.798139277075));
#2892 = CARTESIAN_POINT('',(3.6995,1.447595327847,9.83323110675));
#2893 = ORIENTED_EDGE('',*,*,#2894,.F.);
#2894 = EDGE_CURVE('',#2895,#2888,#2897,.T.);
#2895 = VERTEX_POINT('',#2896);
#2896 = CARTESIAN_POINT('',(3.7005,1.447595327847,9.83323110675));
#2897 = B_SPLINE_CURVE_WITH_KNOTS('',1,(#2898,#2899),.UNSPECIFIED.,.F.,
  .F.,(2,2),(-0.,1.E-03),.PIECEWISE_BEZIER_KNOTS.);
#2898 = CARTESIAN_POINT('',(3.7005,1.447595327847,9.83323110675));
#2899 = CARTESIAN_POINT('',(3.6995,1.447595327847,9.83323110675));
#2900 = ORIENTED_EDGE('',*,*,#2901,.F.);
#2901 = EDGE_CURVE('',#2867,#2895,#2902,.T.);
#2902 = B_SPLINE_CURVE_WITH_KNOTS('',1,(#2903,#2904),.UNSPECIFIED.,.F.,
  .F.,(2,2),(-3.509182967522E-02,0.),.PIECEWISE_BEZIER_KNOTS.);
#2903 = CARTESIAN_POINT('',(3.7005,1.447595327847,9.798139277075));
#2904 = CARTESIAN_POINT('',(3.7005,1.447595327847,9.83323110675));
#2905 = ORIENTED_EDGE('',*,*,#2866,.T.);
#2906 = B_SPLINE_SURFACE_WITH_KNOTS('',1,1,(
    (#2907,#2908)
    ,(#2909,#2910
    )),.UNSPECIFIED.,.F.,.F.,.F.,(2,2),(2,2),(-0.,3.509182967522E-02),(
    -1.E-03,0.),.PIECEWISE_BEZIER_KNOTS.);
#2907 = CARTESIAN_POINT('',(3.6995,1.447595327847,9.83323110675));
#2908 = CARTESIAN_POINT('',(3.7005,1.447595327847,9.83323110675));
#2909 = CARTESIAN_POINT('',(3.6995,1.447595327847,9.798139277075));
#2910 = CARTESIAN_POINT('',(3.7005,1.447595327847,9.798139277075));
#2911 = ADVANCED_FACE('',(#2912),#2934,.F.);
#2912 = FACE_BOUND('',#2913,.T.);
#2913 = EDGE_LOOP('',(#2914,#2921,#2928,#2933));
#2914 = ORIENTED_EDGE('',*,*,#2915,.T.);
#2915 = EDGE_CURVE('',#2888,#2916,#2918,.T.);
#2916 = VERTEX_POINT('',#2917);
#2917 = CARTESIAN_POINT('',(3.6995,1.290461912743,9.83323110675));
#2918 = B_SPLINE_CURVE_WITH_KNOTS('',1,(#2919,#2920),.UNSPECIFIED.,.F.,
  .F.,(2,2),(-0.157133415103,-0.),.PIECEWISE_BEZIER_KNOTS.);
#2919 = CARTESIAN_POINT('',(3.6995,1.447595327847,9.83323110675));
#2920 = CARTESIAN_POINT('',(3.6995,1.290461912743,9.83323110675));
#2921 = ORIENTED_EDGE('',*,*,#2922,.F.);
#2922 = EDGE_CURVE('',#2923,#2916,#2925,.T.);
#2923 = VERTEX_POINT('',#2924);
#2924 = CARTESIAN_POINT('',(3.7005,1.290461912743,9.83323110675));
#2925 = B_SPLINE_CURVE_WITH_KNOTS('',1,(#2926,#2927),.UNSPECIFIED.,.F.,
  .F.,(2,2),(-0.,1.E-03),.PIECEWISE_BEZIER_KNOTS.);
#2926 = CARTESIAN_POINT('',(3.7005,1.290461912743,9.83323110675));
#2927 = CARTESIAN_POINT('',(3.6995,1.290461912743,9.83323110675));
#2928 = ORIENTED_EDGE('',*,*,#2929,.F.);
#2929 = EDGE_CURVE('',#2895,#2923,#2930,.T.);
#2930 = B_SPLINE_CURVE_WITH_KNOTS('',1,(#2931,#2932),.UNSPECIFIED.,.F.,
  .F.,(2,2),(-0.157133415103,-0.),.PIECEWISE_BEZIER_KNOTS.);
#2931 = CARTESIAN_POINT('',(3.7005,1.447595327847,9.83323110675));
#2932 = CARTESIAN_POINT('',(3.7005,1.290461912743,9.83323110675));
#2933 = ORIENTED_EDGE('',*,*,#2894,.T.);
#2934 = B_SPLINE_SURFACE_WITH_KNOTS('',1,1,(
    (#2935,#2936)
    ,(#2937,#2938
    )),.UNSPECIFIED.,.F.,.F.,.F.,(2,2),(2,2),(0.,1.E-03),(0.,
    0.157133415103),.PIECEWISE_BEZIER_KNOTS.);
#2935 = CARTESIAN_POINT('',(3.7005,1.290461912743,9.83323110675));
#2936 = CARTESIAN_POINT('',(3.7005,1.447595327847,9.83323110675));
#2937 = CARTESIAN_POINT('',(3.6995,1.290461912743,9.83323110675));
#2938 = CARTESIAN_POINT('',(3.6995,1.447595327847,9.83323110675));
#2939 = ADVANCED_FACE('',(#2940),#2962,.F.);
#2940 = FACE_BOUND('',#2941,.T.);
#2941 = EDGE_LOOP('',(#2942,#2949,#2956,#2961));
#2942 = ORIENTED_EDGE('',*,*,#2943,.T.);
#2943 = EDGE_CURVE('',#2916,#2944,#2946,.T.);
#2944 = VERTEX_POINT('',#2945);
#2945 = CARTESIAN_POINT('',(3.6995,1.290461912743,9.528166134103));
#2946 = B_SPLINE_CURVE_WITH_KNOTS('',1,(#2947,#2948),.UNSPECIFIED.,.F.,
  .F.,(2,2),(-0.305064972647,0.),.PIECEWISE_BEZIER_KNOTS.);
#2947 = CARTESIAN_POINT('',(3.6995,1.290461912743,9.83323110675));
#2948 = CARTESIAN_POINT('',(3.6995,1.290461912743,9.528166134103));
#2949 = ORIENTED_EDGE('',*,*,#2950,.F.);
#2950 = EDGE_CURVE('',#2951,#2944,#2953,.T.);
#2951 = VERTEX_POINT('',#2952);
#2952 = CARTESIAN_POINT('',(3.7005,1.290461912743,9.528166134103));
#2953 = B_SPLINE_CURVE_WITH_KNOTS('',1,(#2954,#2955),.UNSPECIFIED.,.F.,
  .F.,(2,2),(-0.,1.E-03),.PIECEWISE_BEZIER_KNOTS.);
#2954 = CARTESIAN_POINT('',(3.7005,1.290461912743,9.528166134103));
#2955 = CARTESIAN_POINT('',(3.6995,1.290461912743,9.528166134103));
#2956 = ORIENTED_EDGE('',*,*,#2957,.F.);
#2957 = EDGE_CURVE('',#2923,#2951,#2958,.T.);
#2958 = B_SPLINE_CURVE_WITH_KNOTS('',1,(#2959,#2960),.UNSPECIFIED.,.F.,
  .F.,(2,2),(-0.305064972647,0.),.PIECEWISE_BEZIER_KNOTS.);
#2959 = CARTESIAN_POINT('',(3.7005,1.290461912743,9.83323110675));
#2960 = CARTESIAN_POINT('',(3.7005,1.290461912743,9.528166134103));
#2961 = ORIENTED_EDGE('',*,*,#2922,.T.);
#2962 = B_SPLINE_SURFACE_WITH_KNOTS('',1,1,(
    (#2963,#2964)
    ,(#2965,#2966
    )),.UNSPECIFIED.,.F.,.F.,.F.,(2,2),(2,2),(0.,0.305064972647),(
    -1.E-03,0.),.PIECEWISE_BEZIER_KNOTS.);
#2963 = CARTESIAN_POINT('',(3.6995,1.290461912743,9.528166134103));
#2964 = CARTESIAN_POINT('',(3.7005,1.290461912743,9.528166134103));
#2965 = CARTESIAN_POINT('',(3.6995,1.290461912743,9.83323110675));
#2966 = CARTESIAN_POINT('',(3.7005,1.290461912743,9.83323110675));
#2967 = ADVANCED_FACE('',(#2968),#2982,.F.);
#2968 = FACE_BOUND('',#2969,.T.);
#2969 = EDGE_LOOP('',(#2970,#2975,#2976,#2981));
#2970 = ORIENTED_EDGE('',*,*,#2971,.T.);
#2971 = EDGE_CURVE('',#2944,#2656,#2972,.T.);
#2972 = B_SPLINE_CURVE_WITH_KNOTS('',1,(#2973,#2974),.UNSPECIFIED.,.F.,
  .F.,(2,2),(-0.164073799194,0.),.PIECEWISE_BEZIER_KNOTS.);
#2973 = CARTESIAN_POINT('',(3.6995,1.290461912743,9.528166134103));
#2974 = CARTESIAN_POINT('',(3.6995,1.454535711937,9.528166134103));
#2975 = ORIENTED_EDGE('',*,*,#2678,.F.);
#2976 = ORIENTED_EDGE('',*,*,#2977,.F.);
#2977 = EDGE_CURVE('',#2951,#2672,#2978,.T.);
#2978 = B_SPLINE_CURVE_WITH_KNOTS('',1,(#2979,#2980),.UNSPECIFIED.,.F.,
  .F.,(2,2),(-0.164073799194,0.),.PIECEWISE_BEZIER_KNOTS.);
#2979 = CARTESIAN_POINT('',(3.7005,1.290461912743,9.528166134103));
#2980 = CARTESIAN_POINT('',(3.7005,1.454535711937,9.528166134103));
#2981 = ORIENTED_EDGE('',*,*,#2950,.T.);
#2982 = B_SPLINE_SURFACE_WITH_KNOTS('',1,1,(
    (#2983,#2984)
    ,(#2985,#2986
    )),.UNSPECIFIED.,.F.,.F.,.F.,(2,2),(2,2),(-1.E-03,0.),(
    -0.164073799194,0.),.PIECEWISE_BEZIER_KNOTS.);
#2983 = CARTESIAN_POINT('',(3.6995,1.290461912743,9.528166134103));
#2984 = CARTESIAN_POINT('',(3.6995,1.454535711937,9.528166134103));
#2985 = CARTESIAN_POINT('',(3.7005,1.290461912743,9.528166134103));
#2986 = CARTESIAN_POINT('',(3.7005,1.454535711937,9.528166134103));
#2987 = ADVANCED_FACE('',(#2988),#3002,.F.);
#2988 = FACE_BOUND('',#2989,.T.);
#2989 = EDGE_LOOP('',(#2990,#2991,#2992,#2993,#2994,#2995,#2996,#2997,
    #2998,#2999,#3000,#3001));
#2990 = ORIENTED_EDGE('',*,*,#2671,.T.);
#2991 = ORIENTED_EDGE('',*,*,#2705,.T.);
#2992 = ORIENTED_EDGE('',*,*,#2733,.T.);
#2993 = ORIENTED_EDGE('',*,*,#2761,.T.);
#2994 = ORIENTED_EDGE('',*,*,#2789,.T.);
#2995 = ORIENTED_EDGE('',*,*,#2817,.T.);
#2996 = ORIENTED_EDGE('',*,*,#2845,.T.);
#2997 = ORIENTED_EDGE('',*,*,#2873,.T.);
#2998 = ORIENTED_EDGE('',*,*,#2901,.T.);
#2999 = ORIENTED_EDGE('',*,*,#2929,.T.);
#3000 = ORIENTED_EDGE('',*,*,#2957,.T.);
#3001 = ORIENTED_EDGE('',*,*,#2977,.T.);
#3002 = B_SPLINE_SURFACE_WITH_KNOTS('',1,1,(
    (#3003,#3004)
    ,(#3005,#3006
    )),.UNSPECIFIED.,.F.,.F.,.F.,(2,2),(2,2),(6.128166034103,
    6.43323100675),(1.290461912743,1.454535711937),
  .PIECEWISE_BEZIER_KNOTS.);
#3003 = CARTESIAN_POINT('',(3.7005,1.290461912743,9.528166134103));
#3004 = CARTESIAN_POINT('',(3.7005,1.454535711937,9.528166134103));
#3005 = CARTESIAN_POINT('',(3.7005,1.290461912743,9.83323110675));
#3006 = CARTESIAN_POINT('',(3.7005,1.454535711937,9.83323110675));
#3007 = ADVANCED_FACE('',(#3008),#3022,.T.);
#3008 = FACE_BOUND('',#3009,.T.);
#3009 = EDGE_LOOP('',(#3010,#3011,#3012,#3013,#3014,#3015,#3016,#3017,
    #3018,#3019,#3020,#3021));
#3010 = ORIENTED_EDGE('',*,*,#2655,.F.);
#3011 = ORIENTED_EDGE('',*,*,#2971,.F.);
#3012 = ORIENTED_EDGE('',*,*,#2943,.F.);
#3013 = ORIENTED_EDGE('',*,*,#2915,.F.);
#3014 = ORIENTED_EDGE('',*,*,#2887,.F.);
#3015 = ORIENTED_EDGE('',*,*,#2859,.F.);
#3016 = ORIENTED_EDGE('',*,*,#2831,.F.);
#3017 = ORIENTED_EDGE('',*,*,#2803,.F.);
#3018 = ORIENTED_EDGE('',*,*,#2775,.F.);
#3019 = ORIENTED_EDGE('',*,*,#2747,.F.);
#3020 = ORIENTED_EDGE('',*,*,#2719,.F.);
#3021 = ORIENTED_EDGE('',*,*,#2691,.F.);
#3022 = B_SPLINE_SURFACE_WITH_KNOTS('',1,1,(
    (#3023,#3024)
    ,(#3025,#3026
    )),.UNSPECIFIED.,.F.,.F.,.F.,(2,2),(2,2),(6.128166034103,
    6.43323100675),(1.290461912743,1.454535711937),
  .PIECEWISE_BEZIER_KNOTS.);
#3023 = CARTESIAN_POINT('',(3.6995,1.290461912743,9.528166134103));
#3024 = CARTESIAN_POINT('',(3.6995,1.454535711937,9.528166134103));
#3025 = CARTESIAN_POINT('',(3.6995,1.290461912743,9.83323110675));
#3026 = CARTESIAN_POINT('',(3.6995,1.454535711937,9.83323110675));
#3027 = MANIFOLD_SOLID_BREP('',#3028);
#3028 = CLOSED_SHELL('',(#3029,#3153,#3277,#3297,#3317,#3337,#3357,#3377
    ,#3393,#3405,#3425,#3441,#3457,#3477,#3497,#3517));
#3029 = ADVANCED_FACE('',(#3030,#3089),#3148,.T.);
#3030 = FACE_BOUND('',#3031,.T.);
#3031 = EDGE_LOOP('',(#3032,#3041,#3050,#3059,#3068,#3077,#3084));
#3032 = ORIENTED_EDGE('',*,*,#3033,.T.);
#3033 = EDGE_CURVE('',#3034,#3036,#3038,.T.);
#3034 = VERTEX_POINT('',#3035);
#3035 = CARTESIAN_POINT('',(3.7005,1.51216429445,9.528166134103));
#3036 = VERTEX_POINT('',#3037);
#3037 = CARTESIAN_POINT('',(3.7005,1.596072758297,9.528166134103));
#3038 = B_SPLINE_CURVE_WITH_KNOTS('',1,(#3039,#3040),.UNSPECIFIED.,.F.,
  .F.,(2,2),(-8.390846384681E-02,-2.22044604925E-16),
  .PIECEWISE_BEZIER_KNOTS.);
#3039 = CARTESIAN_POINT('',(3.7005,1.51216429445,9.528166134103));
#3040 = CARTESIAN_POINT('',(3.7005,1.596072758297,9.528166134103));
#3041 = ORIENTED_EDGE('',*,*,#3042,.T.);
#3042 = EDGE_CURVE('',#3036,#3043,#3045,.T.);
#3043 = VERTEX_POINT('',#3044);
#3044 = CARTESIAN_POINT('',(3.7005,1.714527178914,9.570900184463));
#3045 = B_SPLINE_CURVE_WITH_KNOTS('',3,(#3046,#3047,#3048,#3049),
  .UNSPECIFIED.,.F.,.F.,(4,4),(5.,6.),.PIECEWISE_BEZIER_KNOTS.);
#3046 = CARTESIAN_POINT('',(3.7005,1.596072758297,9.528166134103));
#3047 = CARTESIAN_POINT('',(3.7005,1.644343519561,9.528166134103));
#3048 = CARTESIAN_POINT('',(3.7005,1.68388031433,9.542358829661));
#3049 = CARTESIAN_POINT('',(3.7005,1.714527178914,9.570900184463));
#3050 = ORIENTED_EDGE('',*,*,#3051,.T.);
#3051 = EDGE_CURVE('',#3043,#3052,#3054,.T.);
#3052 = VERTEX_POINT('',#3053);
#3053 = CARTESIAN_POINT('',(3.7005,1.76053646671,9.684597712613));
#3054 = B_SPLINE_CURVE_WITH_KNOTS('',3,(#3055,#3056,#3057,#3058),
  .UNSPECIFIED.,.F.,.F.,(4,4),(4.,5.),.PIECEWISE_BEZIER_KNOTS.);
#3055 = CARTESIAN_POINT('',(3.7005,1.714527178914,9.570900184463));
#3056 = CARTESIAN_POINT('',(3.7005,1.745174043497,9.599441539266));
#3057 = CARTESIAN_POINT('',(3.7005,1.76053646671,9.637340715317));
#3058 = CARTESIAN_POINT('',(3.7005,1.76053646671,9.684597712613));
#3059 = ORIENTED_EDGE('',*,*,#3060,.T.);
#3060 = EDGE_CURVE('',#3052,#3061,#3063,.T.);
#3061 = VERTEX_POINT('',#3062);
#3062 = CARTESIAN_POINT('',(3.7005,1.714527178914,9.792836511701));
#3063 = B_SPLINE_CURVE_WITH_KNOTS('',3,(#3064,#3065,#3066,#3067),
  .UNSPECIFIED.,.F.,.F.,(4,4),(3.,4.),.PIECEWISE_BEZIER_KNOTS.);
#3064 = CARTESIAN_POINT('',(3.7005,1.76053646671,9.684597712613));
#3065 = CARTESIAN_POINT('',(3.7005,1.76053646671,9.729827181972));
#3066 = CARTESIAN_POINT('',(3.7005,1.745174043497,9.765854793772));
#3067 = CARTESIAN_POINT('',(3.7005,1.714527178914,9.792836511701));
#3068 = ORIENTED_EDGE('',*,*,#3069,.T.);
#3069 = EDGE_CURVE('',#3061,#3070,#3072,.T.);
#3070 = VERTEX_POINT('',#3071);
#3071 = CARTESIAN_POINT('',(3.7005,1.599192032046,9.83323110675));
#3072 = B_SPLINE_CURVE_WITH_KNOTS('',3,(#3073,#3074,#3075,#3076),
  .UNSPECIFIED.,.F.,.F.,(4,4),(2.,3.),.PIECEWISE_BEZIER_KNOTS.);
#3073 = CARTESIAN_POINT('',(3.7005,1.714527178914,9.792836511701));
#3074 = CARTESIAN_POINT('',(3.7005,1.68388031433,9.81981822963));
#3075 = CARTESIAN_POINT('',(3.7005,1.645435265374,9.83323110675));
#3076 = CARTESIAN_POINT('',(3.7005,1.599192032046,9.83323110675));
#3077 = ORIENTED_EDGE('',*,*,#3078,.T.);
#3078 = EDGE_CURVE('',#3070,#3079,#3081,.T.);
#3079 = VERTEX_POINT('',#3080);
#3080 = CARTESIAN_POINT('',(3.7005,1.51216429445,9.83323110675));
#3081 = B_SPLINE_CURVE_WITH_KNOTS('',1,(#3082,#3083),.UNSPECIFIED.,.F.,
  .F.,(2,2),(-8.702773759636E-02,-0.),.PIECEWISE_BEZIER_KNOTS.);
#3082 = CARTESIAN_POINT('',(3.7005,1.599192032046,9.83323110675));
#3083 = CARTESIAN_POINT('',(3.7005,1.51216429445,9.83323110675));
#3084 = ORIENTED_EDGE('',*,*,#3085,.T.);
#3085 = EDGE_CURVE('',#3079,#3034,#3086,.T.);
#3086 = B_SPLINE_CURVE_WITH_KNOTS('',1,(#3087,#3088),.UNSPECIFIED.,.F.,
  .F.,(2,2),(-0.305064972647,0.),.PIECEWISE_BEZIER_KNOTS.);
#3087 = CARTESIAN_POINT('',(3.7005,1.51216429445,9.83323110675));
#3088 = CARTESIAN_POINT('',(3.7005,1.51216429445,9.528166134103));
#3089 = FACE_BOUND('',#3090,.T.);
#3090 = EDGE_LOOP('',(#3091,#3100,#3107,#3116,#3125,#3134,#3143));
#3091 = ORIENTED_EDGE('',*,*,#3092,.F.);
#3092 = EDGE_CURVE('',#3093,#3095,#3097,.T.);
#3093 = VERTEX_POINT('',#3094);
#3094 = CARTESIAN_POINT('',(3.7005,1.551545125532,9.798139277075));
#3095 = VERTEX_POINT('',#3096);
#3096 = CARTESIAN_POINT('',(3.7005,1.551545125532,9.562946036404));
#3097 = B_SPLINE_CURVE_WITH_KNOTS('',1,(#3098,#3099),.UNSPECIFIED.,.F.,
  .F.,(2,2),(0.,0.235193240671),.PIECEWISE_BEZIER_KNOTS.);
#3098 = CARTESIAN_POINT('',(3.7005,1.551545125532,9.798139277075));
#3099 = CARTESIAN_POINT('',(3.7005,1.551545125532,9.562946036404));
#3100 = ORIENTED_EDGE('',*,*,#3101,.F.);
#3101 = EDGE_CURVE('',#3102,#3093,#3104,.T.);
#3102 = VERTEX_POINT('',#3103);
#3103 = CARTESIAN_POINT('',(3.7005,1.59763239517,9.798139277075));
#3104 = B_SPLINE_CURVE_WITH_KNOTS('',1,(#3105,#3106),.UNSPECIFIED.,.F.,
  .F.,(2,2),(2.22044604925E-16,4.608726963813E-02),
  .PIECEWISE_BEZIER_KNOTS.);
#3105 = CARTESIAN_POINT('',(3.7005,1.59763239517,9.798139277075));
#3106 = CARTESIAN_POINT('',(3.7005,1.551545125532,9.798139277075));
#3107 = ORIENTED_EDGE('',*,*,#3108,.F.);
#3108 = EDGE_CURVE('',#3109,#3102,#3111,.T.);
#3109 = VERTEX_POINT('',#3110);
#3110 = CARTESIAN_POINT('',(3.7005,1.685673896735,9.769441958584));
#3111 = B_SPLINE_CURVE_WITH_KNOTS('',3,(#3112,#3113,#3114,#3115),
  .UNSPECIFIED.,.F.,.F.,(4,4),(5.,6.),.PIECEWISE_BEZIER_KNOTS.);
#3112 = CARTESIAN_POINT('',(3.7005,1.685673896735,9.769441958584));
#3113 = CARTESIAN_POINT('',(3.7005,1.663371089429,9.788625492141));
#3114 = CARTESIAN_POINT('',(3.7005,1.633971934345,9.798139277075));
#3115 = CARTESIAN_POINT('',(3.7005,1.59763239517,9.798139277075));
#3116 = ORIENTED_EDGE('',*,*,#3117,.F.);
#3117 = EDGE_CURVE('',#3118,#3109,#3120,.T.);
#3118 = VERTEX_POINT('',#3119);
#3119 = CARTESIAN_POINT('',(3.7005,1.719128107694,9.6835059668));
#3120 = B_SPLINE_CURVE_WITH_KNOTS('',3,(#3121,#3122,#3123,#3124),
  .UNSPECIFIED.,.F.,.F.,(4,4),(4.,5.),.PIECEWISE_BEZIER_KNOTS.);
#3121 = CARTESIAN_POINT('',(3.7005,1.719128107694,9.6835059668));
#3122 = CARTESIAN_POINT('',(3.7005,1.719128107694,9.721561106538));
#3123 = CARTESIAN_POINT('',(3.7005,1.70797670404,9.750258425029));
#3124 = CARTESIAN_POINT('',(3.7005,1.685673896735,9.769441958584));
#3125 = ORIENTED_EDGE('',*,*,#3126,.F.);
#3126 = EDGE_CURVE('',#3127,#3118,#3129,.T.);
#3127 = VERTEX_POINT('',#3128);
#3128 = CARTESIAN_POINT('',(3.7005,1.686531697017,9.594762628642));
#3129 = B_SPLINE_CURVE_WITH_KNOTS('',3,(#3130,#3131,#3132,#3133),
  .UNSPECIFIED.,.F.,.F.,(4,4),(3.,4.),.PIECEWISE_BEZIER_KNOTS.);
#3130 = CARTESIAN_POINT('',(3.7005,1.686531697017,9.594762628642));
#3131 = CARTESIAN_POINT('',(3.7005,1.708288631416,9.615817726448));
#3132 = CARTESIAN_POINT('',(3.7005,1.719128107694,9.645450827063));
#3133 = CARTESIAN_POINT('',(3.7005,1.719128107694,9.6835059668));
#3134 = ORIENTED_EDGE('',*,*,#3135,.F.);
#3135 = EDGE_CURVE('',#3136,#3127,#3138,.T.);
#3136 = VERTEX_POINT('',#3137);
#3137 = CARTESIAN_POINT('',(3.7005,1.595838812766,9.562946036404));
#3138 = B_SPLINE_CURVE_WITH_KNOTS('',3,(#3139,#3140,#3141,#3142),
  .UNSPECIFIED.,.F.,.F.,(4,4),(2.,3.),.PIECEWISE_BEZIER_KNOTS.);
#3139 = CARTESIAN_POINT('',(3.7005,1.595838812766,9.562946036404));
#3140 = CARTESIAN_POINT('',(3.7005,1.634595789096,9.562946036404));
#3141 = CARTESIAN_POINT('',(3.7005,1.664852744462,9.57355156715));
#3142 = CARTESIAN_POINT('',(3.7005,1.686531697017,9.594762628642));
#3143 = ORIENTED_EDGE('',*,*,#3144,.F.);
#3144 = EDGE_CURVE('',#3095,#3136,#3145,.T.);
#3145 = B_SPLINE_CURVE_WITH_KNOTS('',1,(#3146,#3147),.UNSPECIFIED.,.F.,
  .F.,(2,2),(0.,4.429368723452E-02),.PIECEWISE_BEZIER_KNOTS.);
#3146 = CARTESIAN_POINT('',(3.7005,1.551545125532,9.562946036404));
#3147 = CARTESIAN_POINT('',(3.7005,1.595838812766,9.562946036404));
#3148 = B_SPLINE_SURFACE_WITH_KNOTS('',1,1,(
    (#3149,#3150)
    ,(#3151,#3152
    )),.UNSPECIFIED.,.F.,.F.,.F.,(2,2),(2,2),(-1.007915330099E-02,
    0.294985819346),(-0.150543949309,9.782822295123E-02),
  .PIECEWISE_BEZIER_KNOTS.);
#3149 = CARTESIAN_POINT('',(3.7005,1.51216429445,9.83323110675));
#3150 = CARTESIAN_POINT('',(3.7005,1.76053646671,9.83323110675));
#3151 = CARTESIAN_POINT('',(3.7005,1.51216429445,9.528166134103));
#3152 = CARTESIAN_POINT('',(3.7005,1.76053646671,9.528166134103));
#3153 = ADVANCED_FACE('',(#3154,#3213),#3272,.F.);
#3154 = FACE_BOUND('',#3155,.T.);
#3155 = EDGE_LOOP('',(#3156,#3165,#3172,#3179,#3188,#3197,#3206));
#3156 = ORIENTED_EDGE('',*,*,#3157,.F.);
#3157 = EDGE_CURVE('',#3158,#3160,#3162,.T.);
#3158 = VERTEX_POINT('',#3159);
#3159 = CARTESIAN_POINT('',(3.6995,1.51216429445,9.528166134103));
#3160 = VERTEX_POINT('',#3161);
#3161 = CARTESIAN_POINT('',(3.6995,1.596072758297,9.528166134103));
#3162 = B_SPLINE_CURVE_WITH_KNOTS('',1,(#3163,#3164),.UNSPECIFIED.,.F.,
  .F.,(2,2),(-8.390846384681E-02,-2.22044604925E-16),
  .PIECEWISE_BEZIER_KNOTS.);
#3163 = CARTESIAN_POINT('',(3.6995,1.51216429445,9.528166134103));
#3164 = CARTESIAN_POINT('',(3.6995,1.596072758297,9.528166134103));
#3165 = ORIENTED_EDGE('',*,*,#3166,.F.);
#3166 = EDGE_CURVE('',#3167,#3158,#3169,.T.);
#3167 = VERTEX_POINT('',#3168);
#3168 = CARTESIAN_POINT('',(3.6995,1.51216429445,9.83323110675));
#3169 = B_SPLINE_CURVE_WITH_KNOTS('',1,(#3170,#3171),.UNSPECIFIED.,.F.,
  .F.,(2,2),(-0.305064972647,0.),.PIECEWISE_BEZIER_KNOTS.);
#3170 = CARTESIAN_POINT('',(3.6995,1.51216429445,9.83323110675));
#3171 = CARTESIAN_POINT('',(3.6995,1.51216429445,9.528166134103));
#3172 = ORIENTED_EDGE('',*,*,#3173,.F.);
#3173 = EDGE_CURVE('',#3174,#3167,#3176,.T.);
#3174 = VERTEX_POINT('',#3175);
#3175 = CARTESIAN_POINT('',(3.6995,1.599192032046,9.83323110675));
#3176 = B_SPLINE_CURVE_WITH_KNOTS('',1,(#3177,#3178),.UNSPECIFIED.,.F.,
  .F.,(2,2),(-8.702773759636E-02,-0.),.PIECEWISE_BEZIER_KNOTS.);
#3177 = CARTESIAN_POINT('',(3.6995,1.599192032046,9.83323110675));
#3178 = CARTESIAN_POINT('',(3.6995,1.51216429445,9.83323110675));
#3179 = ORIENTED_EDGE('',*,*,#3180,.F.);
#3180 = EDGE_CURVE('',#3181,#3174,#3183,.T.);
#3181 = VERTEX_POINT('',#3182);
#3182 = CARTESIAN_POINT('',(3.6995,1.714527178914,9.792836511701));
#3183 = B_SPLINE_CURVE_WITH_KNOTS('',3,(#3184,#3185,#3186,#3187),
  .UNSPECIFIED.,.F.,.F.,(4,4),(2.,3.),.PIECEWISE_BEZIER_KNOTS.);
#3184 = CARTESIAN_POINT('',(3.6995,1.714527178914,9.792836511701));
#3185 = CARTESIAN_POINT('',(3.6995,1.68388031433,9.81981822963));
#3186 = CARTESIAN_POINT('',(3.6995,1.645435265374,9.83323110675));
#3187 = CARTESIAN_POINT('',(3.6995,1.599192032046,9.83323110675));
#3188 = ORIENTED_EDGE('',*,*,#3189,.F.);
#3189 = EDGE_CURVE('',#3190,#3181,#3192,.T.);
#3190 = VERTEX_POINT('',#3191);
#3191 = CARTESIAN_POINT('',(3.6995,1.76053646671,9.684597712613));
#3192 = B_SPLINE_CURVE_WITH_KNOTS('',3,(#3193,#3194,#3195,#3196),
  .UNSPECIFIED.,.F.,.F.,(4,4),(3.,4.),.PIECEWISE_BEZIER_KNOTS.);
#3193 = CARTESIAN_POINT('',(3.6995,1.76053646671,9.684597712613));
#3194 = CARTESIAN_POINT('',(3.6995,1.76053646671,9.729827181972));
#3195 = CARTESIAN_POINT('',(3.6995,1.745174043497,9.765854793772));
#3196 = CARTESIAN_POINT('',(3.6995,1.714527178914,9.792836511701));
#3197 = ORIENTED_EDGE('',*,*,#3198,.F.);
#3198 = EDGE_CURVE('',#3199,#3190,#3201,.T.);
#3199 = VERTEX_POINT('',#3200);
#3200 = CARTESIAN_POINT('',(3.6995,1.714527178914,9.570900184463));
#3201 = B_SPLINE_CURVE_WITH_KNOTS('',3,(#3202,#3203,#3204,#3205),
  .UNSPECIFIED.,.F.,.F.,(4,4),(4.,5.),.PIECEWISE_BEZIER_KNOTS.);
#3202 = CARTESIAN_POINT('',(3.6995,1.714527178914,9.570900184463));
#3203 = CARTESIAN_POINT('',(3.6995,1.745174043497,9.599441539266));
#3204 = CARTESIAN_POINT('',(3.6995,1.76053646671,9.637340715317));
#3205 = CARTESIAN_POINT('',(3.6995,1.76053646671,9.684597712613));
#3206 = ORIENTED_EDGE('',*,*,#3207,.F.);
#3207 = EDGE_CURVE('',#3160,#3199,#3208,.T.);
#3208 = B_SPLINE_CURVE_WITH_KNOTS('',3,(#3209,#3210,#3211,#3212),
  .UNSPECIFIED.,.F.,.F.,(4,4),(5.,6.),.PIECEWISE_BEZIER_KNOTS.);
#3209 = CARTESIAN_POINT('',(3.6995,1.596072758297,9.528166134103));
#3210 = CARTESIAN_POINT('',(3.6995,1.644343519561,9.528166134103));
#3211 = CARTESIAN_POINT('',(3.6995,1.68388031433,9.542358829661));
#3212 = CARTESIAN_POINT('',(3.6995,1.714527178914,9.570900184463));
#3213 = FACE_BOUND('',#3214,.T.);
#3214 = EDGE_LOOP('',(#3215,#3224,#3231,#3238,#3247,#3256,#3265));
#3215 = ORIENTED_EDGE('',*,*,#3216,.T.);
#3216 = EDGE_CURVE('',#3217,#3219,#3221,.T.);
#3217 = VERTEX_POINT('',#3218);
#3218 = CARTESIAN_POINT('',(3.6995,1.59763239517,9.798139277075));
#3219 = VERTEX_POINT('',#3220);
#3220 = CARTESIAN_POINT('',(3.6995,1.551545125532,9.798139277075));
#3221 = B_SPLINE_CURVE_WITH_KNOTS('',1,(#3222,#3223),.UNSPECIFIED.,.F.,
  .F.,(2,2),(2.22044604925E-16,4.608726963813E-02),
  .PIECEWISE_BEZIER_KNOTS.);
#3222 = CARTESIAN_POINT('',(3.6995,1.59763239517,9.798139277075));
#3223 = CARTESIAN_POINT('',(3.6995,1.551545125532,9.798139277075));
#3224 = ORIENTED_EDGE('',*,*,#3225,.T.);
#3225 = EDGE_CURVE('',#3219,#3226,#3228,.T.);
#3226 = VERTEX_POINT('',#3227);
#3227 = CARTESIAN_POINT('',(3.6995,1.551545125532,9.562946036404));
#3228 = B_SPLINE_CURVE_WITH_KNOTS('',1,(#3229,#3230),.UNSPECIFIED.,.F.,
  .F.,(2,2),(0.,0.235193240671),.PIECEWISE_BEZIER_KNOTS.);
#3229 = CARTESIAN_POINT('',(3.6995,1.551545125532,9.798139277075));
#3230 = CARTESIAN_POINT('',(3.6995,1.551545125532,9.562946036404));
#3231 = ORIENTED_EDGE('',*,*,#3232,.T.);
#3232 = EDGE_CURVE('',#3226,#3233,#3235,.T.);
#3233 = VERTEX_POINT('',#3234);
#3234 = CARTESIAN_POINT('',(3.6995,1.595838812766,9.562946036404));
#3235 = B_SPLINE_CURVE_WITH_KNOTS('',1,(#3236,#3237),.UNSPECIFIED.,.F.,
  .F.,(2,2),(0.,4.429368723452E-02),.PIECEWISE_BEZIER_KNOTS.);
#3236 = CARTESIAN_POINT('',(3.6995,1.551545125532,9.562946036404));
#3237 = CARTESIAN_POINT('',(3.6995,1.595838812766,9.562946036404));
#3238 = ORIENTED_EDGE('',*,*,#3239,.T.);
#3239 = EDGE_CURVE('',#3233,#3240,#3242,.T.);
#3240 = VERTEX_POINT('',#3241);
#3241 = CARTESIAN_POINT('',(3.6995,1.686531697017,9.594762628642));
#3242 = B_SPLINE_CURVE_WITH_KNOTS('',3,(#3243,#3244,#3245,#3246),
  .UNSPECIFIED.,.F.,.F.,(4,4),(2.,3.),.PIECEWISE_BEZIER_KNOTS.);
#3243 = CARTESIAN_POINT('',(3.6995,1.595838812766,9.562946036404));
#3244 = CARTESIAN_POINT('',(3.6995,1.634595789096,9.562946036404));
#3245 = CARTESIAN_POINT('',(3.6995,1.664852744462,9.57355156715));
#3246 = CARTESIAN_POINT('',(3.6995,1.686531697017,9.594762628642));
#3247 = ORIENTED_EDGE('',*,*,#3248,.T.);
#3248 = EDGE_CURVE('',#3240,#3249,#3251,.T.);
#3249 = VERTEX_POINT('',#3250);
#3250 = CARTESIAN_POINT('',(3.6995,1.719128107694,9.6835059668));
#3251 = B_SPLINE_CURVE_WITH_KNOTS('',3,(#3252,#3253,#3254,#3255),
  .UNSPECIFIED.,.F.,.F.,(4,4),(3.,4.),.PIECEWISE_BEZIER_KNOTS.);
#3252 = CARTESIAN_POINT('',(3.6995,1.686531697017,9.594762628642));
#3253 = CARTESIAN_POINT('',(3.6995,1.708288631416,9.615817726448));
#3254 = CARTESIAN_POINT('',(3.6995,1.719128107694,9.645450827063));
#3255 = CARTESIAN_POINT('',(3.6995,1.719128107694,9.6835059668));
#3256 = ORIENTED_EDGE('',*,*,#3257,.T.);
#3257 = EDGE_CURVE('',#3249,#3258,#3260,.T.);
#3258 = VERTEX_POINT('',#3259);
#3259 = CARTESIAN_POINT('',(3.6995,1.685673896735,9.769441958584));
#3260 = B_SPLINE_CURVE_WITH_KNOTS('',3,(#3261,#3262,#3263,#3264),
  .UNSPECIFIED.,.F.,.F.,(4,4),(4.,5.),.PIECEWISE_BEZIER_KNOTS.);
#3261 = CARTESIAN_POINT('',(3.6995,1.719128107694,9.6835059668));
#3262 = CARTESIAN_POINT('',(3.6995,1.719128107694,9.721561106538));
#3263 = CARTESIAN_POINT('',(3.6995,1.70797670404,9.750258425029));
#3264 = CARTESIAN_POINT('',(3.6995,1.685673896735,9.769441958584));
#3265 = ORIENTED_EDGE('',*,*,#3266,.T.);
#3266 = EDGE_CURVE('',#3258,#3217,#3267,.T.);
#3267 = B_SPLINE_CURVE_WITH_KNOTS('',3,(#3268,#3269,#3270,#3271),
  .UNSPECIFIED.,.F.,.F.,(4,4),(5.,6.),.PIECEWISE_BEZIER_KNOTS.);
#3268 = CARTESIAN_POINT('',(3.6995,1.685673896735,9.769441958584));
#3269 = CARTESIAN_POINT('',(3.6995,1.663371089429,9.788625492141));
#3270 = CARTESIAN_POINT('',(3.6995,1.633971934345,9.798139277075));
#3271 = CARTESIAN_POINT('',(3.6995,1.59763239517,9.798139277075));
#3272 = B_SPLINE_SURFACE_WITH_KNOTS('',1,1,(
    (#3273,#3274)
    ,(#3275,#3276
    )),.UNSPECIFIED.,.F.,.F.,.F.,(2,2),(2,2),(-1.007915330099E-02,
    0.294985819346),(-0.150543949309,9.782822295123E-02),
  .PIECEWISE_BEZIER_KNOTS.);
#3273 = CARTESIAN_POINT('',(3.6995,1.51216429445,9.83323110675));
#3274 = CARTESIAN_POINT('',(3.6995,1.76053646671,9.83323110675));
#3275 = CARTESIAN_POINT('',(3.6995,1.51216429445,9.528166134103));
#3276 = CARTESIAN_POINT('',(3.6995,1.76053646671,9.528166134103));
#3277 = ADVANCED_FACE('',(#3278),#3292,.F.);
#3278 = FACE_BOUND('',#3279,.T.);
#3279 = EDGE_LOOP('',(#3280,#3281,#3286,#3287));
#3280 = ORIENTED_EDGE('',*,*,#3157,.T.);
#3281 = ORIENTED_EDGE('',*,*,#3282,.F.);
#3282 = EDGE_CURVE('',#3036,#3160,#3283,.T.);
#3283 = B_SPLINE_CURVE_WITH_KNOTS('',1,(#3284,#3285),.UNSPECIFIED.,.F.,
  .F.,(2,2),(-0.,1.E-03),.PIECEWISE_BEZIER_KNOTS.);
#3284 = CARTESIAN_POINT('',(3.7005,1.596072758297,9.528166134103));
#3285 = CARTESIAN_POINT('',(3.6995,1.596072758297,9.528166134103));
#3286 = ORIENTED_EDGE('',*,*,#3033,.F.);
#3287 = ORIENTED_EDGE('',*,*,#3288,.T.);
#3288 = EDGE_CURVE('',#3034,#3158,#3289,.T.);
#3289 = B_SPLINE_CURVE_WITH_KNOTS('',1,(#3290,#3291),.UNSPECIFIED.,.F.,
  .F.,(2,2),(-0.,1.E-03),.PIECEWISE_BEZIER_KNOTS.);
#3290 = CARTESIAN_POINT('',(3.7005,1.51216429445,9.528166134103));
#3291 = CARTESIAN_POINT('',(3.6995,1.51216429445,9.528166134103));
#3292 = B_SPLINE_SURFACE_WITH_KNOTS('',1,1,(
    (#3293,#3294)
    ,(#3295,#3296
    )),.UNSPECIFIED.,.F.,.F.,.F.,(2,2),(2,2),(-1.000000000001E-03,0.),(
    -8.390846384681E-02,-2.22044604925E-16),.PIECEWISE_BEZIER_KNOTS.);
#3293 = CARTESIAN_POINT('',(3.6995,1.51216429445,9.528166134103));
#3294 = CARTESIAN_POINT('',(3.6995,1.596072758297,9.528166134103));
#3295 = CARTESIAN_POINT('',(3.7005,1.51216429445,9.528166134103));
#3296 = CARTESIAN_POINT('',(3.7005,1.596072758297,9.528166134103));
#3297 = ADVANCED_FACE('',(#3298),#3308,.F.);
#3298 = FACE_BOUND('',#3299,.F.);
#3299 = EDGE_LOOP('',(#3300,#3301,#3302,#3307));
#3300 = ORIENTED_EDGE('',*,*,#3282,.F.);
#3301 = ORIENTED_EDGE('',*,*,#3042,.T.);
#3302 = ORIENTED_EDGE('',*,*,#3303,.T.);
#3303 = EDGE_CURVE('',#3043,#3199,#3304,.T.);
#3304 = B_SPLINE_CURVE_WITH_KNOTS('',1,(#3305,#3306),.UNSPECIFIED.,.F.,
  .F.,(2,2),(-0.,1.E-03),.PIECEWISE_BEZIER_KNOTS.);
#3305 = CARTESIAN_POINT('',(3.7005,1.714527178914,9.570900184463));
#3306 = CARTESIAN_POINT('',(3.6995,1.714527178914,9.570900184463));
#3307 = ORIENTED_EDGE('',*,*,#3207,.F.);
#3308 = B_SPLINE_SURFACE_WITH_KNOTS('',3,1,(
    (#3309,#3310)
    ,(#3311,#3312)
    ,(#3313,#3314)
    ,(#3315,#3316
    )),.UNSPECIFIED.,.F.,.F.,.F.,(4,4),(2,2),(5.,6.),(0.,1.),
  .PIECEWISE_BEZIER_KNOTS.);
#3309 = CARTESIAN_POINT('',(3.7005,1.596072758297,9.528166134103));
#3310 = CARTESIAN_POINT('',(3.6995,1.596072758297,9.528166134103));
#3311 = CARTESIAN_POINT('',(3.7005,1.644343519561,9.528166134103));
#3312 = CARTESIAN_POINT('',(3.6995,1.644343519561,9.528166134103));
#3313 = CARTESIAN_POINT('',(3.7005,1.68388031433,9.542358829661));
#3314 = CARTESIAN_POINT('',(3.6995,1.68388031433,9.542358829661));
#3315 = CARTESIAN_POINT('',(3.7005,1.714527178914,9.570900184463));
#3316 = CARTESIAN_POINT('',(3.6995,1.714527178914,9.570900184463));
#3317 = ADVANCED_FACE('',(#3318),#3328,.F.);
#3318 = FACE_BOUND('',#3319,.F.);
#3319 = EDGE_LOOP('',(#3320,#3321,#3322,#3327));
#3320 = ORIENTED_EDGE('',*,*,#3303,.F.);
#3321 = ORIENTED_EDGE('',*,*,#3051,.T.);
#3322 = ORIENTED_EDGE('',*,*,#3323,.T.);
#3323 = EDGE_CURVE('',#3052,#3190,#3324,.T.);
#3324 = B_SPLINE_CURVE_WITH_KNOTS('',1,(#3325,#3326),.UNSPECIFIED.,.F.,
  .F.,(2,2),(-0.,1.E-03),.PIECEWISE_BEZIER_KNOTS.);
#3325 = CARTESIAN_POINT('',(3.7005,1.76053646671,9.684597712613));
#3326 = CARTESIAN_POINT('',(3.6995,1.76053646671,9.684597712613));
#3327 = ORIENTED_EDGE('',*,*,#3198,.F.);
#3328 = B_SPLINE_SURFACE_WITH_KNOTS('',3,1,(
    (#3329,#3330)
    ,(#3331,#3332)
    ,(#3333,#3334)
    ,(#3335,#3336
    )),.UNSPECIFIED.,.F.,.F.,.F.,(4,4),(2,2),(4.,5.),(0.,1.),
  .PIECEWISE_BEZIER_KNOTS.);
#3329 = CARTESIAN_POINT('',(3.7005,1.714527178914,9.570900184463));
#3330 = CARTESIAN_POINT('',(3.6995,1.714527178914,9.570900184463));
#3331 = CARTESIAN_POINT('',(3.7005,1.745174043497,9.599441539266));
#3332 = CARTESIAN_POINT('',(3.6995,1.745174043497,9.599441539266));
#3333 = CARTESIAN_POINT('',(3.7005,1.76053646671,9.637340715317));
#3334 = CARTESIAN_POINT('',(3.6995,1.76053646671,9.637340715317));
#3335 = CARTESIAN_POINT('',(3.7005,1.76053646671,9.684597712613));
#3336 = CARTESIAN_POINT('',(3.6995,1.76053646671,9.684597712613));
#3337 = ADVANCED_FACE('',(#3338),#3348,.F.);
#3338 = FACE_BOUND('',#3339,.F.);
#3339 = EDGE_LOOP('',(#3340,#3341,#3342,#3347));
#3340 = ORIENTED_EDGE('',*,*,#3323,.F.);
#3341 = ORIENTED_EDGE('',*,*,#3060,.T.);
#3342 = ORIENTED_EDGE('',*,*,#3343,.T.);
#3343 = EDGE_CURVE('',#3061,#3181,#3344,.T.);
#3344 = B_SPLINE_CURVE_WITH_KNOTS('',1,(#3345,#3346),.UNSPECIFIED.,.F.,
  .F.,(2,2),(-0.,1.E-03),.PIECEWISE_BEZIER_KNOTS.);
#3345 = CARTESIAN_POINT('',(3.7005,1.714527178914,9.792836511701));
#3346 = CARTESIAN_POINT('',(3.6995,1.714527178914,9.792836511701));
#3347 = ORIENTED_EDGE('',*,*,#3189,.F.);
#3348 = B_SPLINE_SURFACE_WITH_KNOTS('',3,1,(
    (#3349,#3350)
    ,(#3351,#3352)
    ,(#3353,#3354)
    ,(#3355,#3356
    )),.UNSPECIFIED.,.F.,.F.,.F.,(4,4),(2,2),(3.,4.),(0.,1.),
  .PIECEWISE_BEZIER_KNOTS.);
#3349 = CARTESIAN_POINT('',(3.7005,1.76053646671,9.684597712613));
#3350 = CARTESIAN_POINT('',(3.6995,1.76053646671,9.684597712613));
#3351 = CARTESIAN_POINT('',(3.7005,1.76053646671,9.729827181972));
#3352 = CARTESIAN_POINT('',(3.6995,1.76053646671,9.729827181972));
#3353 = CARTESIAN_POINT('',(3.7005,1.745174043497,9.765854793772));
#3354 = CARTESIAN_POINT('',(3.6995,1.745174043497,9.765854793772));
#3355 = CARTESIAN_POINT('',(3.7005,1.714527178914,9.792836511701));
#3356 = CARTESIAN_POINT('',(3.6995,1.714527178914,9.792836511701));
#3357 = ADVANCED_FACE('',(#3358),#3368,.F.);
#3358 = FACE_BOUND('',#3359,.F.);
#3359 = EDGE_LOOP('',(#3360,#3361,#3362,#3367));
#3360 = ORIENTED_EDGE('',*,*,#3343,.F.);
#3361 = ORIENTED_EDGE('',*,*,#3069,.T.);
#3362 = ORIENTED_EDGE('',*,*,#3363,.T.);
#3363 = EDGE_CURVE('',#3070,#3174,#3364,.T.);
#3364 = B_SPLINE_CURVE_WITH_KNOTS('',1,(#3365,#3366),.UNSPECIFIED.,.F.,
  .F.,(2,2),(-0.,1.E-03),.PIECEWISE_BEZIER_KNOTS.);
#3365 = CARTESIAN_POINT('',(3.7005,1.599192032046,9.83323110675));
#3366 = CARTESIAN_POINT('',(3.6995,1.599192032046,9.83323110675));
#3367 = ORIENTED_EDGE('',*,*,#3180,.F.);
#3368 = B_SPLINE_SURFACE_WITH_KNOTS('',3,1,(
    (#3369,#3370)
    ,(#3371,#3372)
    ,(#3373,#3374)
    ,(#3375,#3376
    )),.UNSPECIFIED.,.F.,.F.,.F.,(4,4),(2,2),(2.,3.),(0.,1.),
  .PIECEWISE_BEZIER_KNOTS.);
#3369 = CARTESIAN_POINT('',(3.7005,1.714527178914,9.792836511701));
#3370 = CARTESIAN_POINT('',(3.6995,1.714527178914,9.792836511701));
#3371 = CARTESIAN_POINT('',(3.7005,1.68388031433,9.81981822963));
#3372 = CARTESIAN_POINT('',(3.6995,1.68388031433,9.81981822963));
#3373 = CARTESIAN_POINT('',(3.7005,1.645435265374,9.83323110675));
#3374 = CARTESIAN_POINT('',(3.6995,1.645435265374,9.83323110675));
#3375 = CARTESIAN_POINT('',(3.7005,1.599192032046,9.83323110675));
#3376 = CARTESIAN_POINT('',(3.6995,1.599192032046,9.83323110675));
#3377 = ADVANCED_FACE('',(#3378),#3388,.F.);
#3378 = FACE_BOUND('',#3379,.T.);
#3379 = EDGE_LOOP('',(#3380,#3381,#3386,#3387));
#3380 = ORIENTED_EDGE('',*,*,#3173,.T.);
#3381 = ORIENTED_EDGE('',*,*,#3382,.F.);
#3382 = EDGE_CURVE('',#3079,#3167,#3383,.T.);
#3383 = B_SPLINE_CURVE_WITH_KNOTS('',1,(#3384,#3385),.UNSPECIFIED.,.F.,
  .F.,(2,2),(-0.,1.E-03),.PIECEWISE_BEZIER_KNOTS.);
#3384 = CARTESIAN_POINT('',(3.7005,1.51216429445,9.83323110675));
#3385 = CARTESIAN_POINT('',(3.6995,1.51216429445,9.83323110675));
#3386 = ORIENTED_EDGE('',*,*,#3078,.F.);
#3387 = ORIENTED_EDGE('',*,*,#3363,.T.);
#3388 = B_SPLINE_SURFACE_WITH_KNOTS('',1,1,(
    (#3389,#3390)
    ,(#3391,#3392
    )),.UNSPECIFIED.,.F.,.F.,.F.,(2,2),(2,2),(0.,1.E-03),(0.,
    8.702773759636E-02),.PIECEWISE_BEZIER_KNOTS.);
#3389 = CARTESIAN_POINT('',(3.7005,1.51216429445,9.83323110675));
#3390 = CARTESIAN_POINT('',(3.7005,1.599192032046,9.83323110675));
#3391 = CARTESIAN_POINT('',(3.6995,1.51216429445,9.83323110675));
#3392 = CARTESIAN_POINT('',(3.6995,1.599192032046,9.83323110675));
#3393 = ADVANCED_FACE('',(#3394),#3400,.F.);
#3394 = FACE_BOUND('',#3395,.T.);
#3395 = EDGE_LOOP('',(#3396,#3397,#3398,#3399));
#3396 = ORIENTED_EDGE('',*,*,#3166,.T.);
#3397 = ORIENTED_EDGE('',*,*,#3288,.F.);
#3398 = ORIENTED_EDGE('',*,*,#3085,.F.);
#3399 = ORIENTED_EDGE('',*,*,#3382,.T.);
#3400 = B_SPLINE_SURFACE_WITH_KNOTS('',1,1,(
    (#3401,#3402)
    ,(#3403,#3404
    )),.UNSPECIFIED.,.F.,.F.,.F.,(2,2),(2,2),(0.,0.305064972647),(
    -1.E-03,0.),.PIECEWISE_BEZIER_KNOTS.);
#3401 = CARTESIAN_POINT('',(3.6995,1.51216429445,9.528166134103));
#3402 = CARTESIAN_POINT('',(3.7005,1.51216429445,9.528166134103));
#3403 = CARTESIAN_POINT('',(3.6995,1.51216429445,9.83323110675));
#3404 = CARTESIAN_POINT('',(3.7005,1.51216429445,9.83323110675));
#3405 = ADVANCED_FACE('',(#3406),#3420,.T.);
#3406 = FACE_BOUND('',#3407,.T.);
#3407 = EDGE_LOOP('',(#3408,#3409,#3414,#3415));
#3408 = ORIENTED_EDGE('',*,*,#3216,.F.);
#3409 = ORIENTED_EDGE('',*,*,#3410,.F.);
#3410 = EDGE_CURVE('',#3102,#3217,#3411,.T.);
#3411 = B_SPLINE_CURVE_WITH_KNOTS('',1,(#3412,#3413),.UNSPECIFIED.,.F.,
  .F.,(2,2),(-0.,1.E-03),.PIECEWISE_BEZIER_KNOTS.);
#3412 = CARTESIAN_POINT('',(3.7005,1.59763239517,9.798139277075));
#3413 = CARTESIAN_POINT('',(3.6995,1.59763239517,9.798139277075));
#3414 = ORIENTED_EDGE('',*,*,#3101,.T.);
#3415 = ORIENTED_EDGE('',*,*,#3416,.T.);
#3416 = EDGE_CURVE('',#3093,#3219,#3417,.T.);
#3417 = B_SPLINE_CURVE_WITH_KNOTS('',1,(#3418,#3419),.UNSPECIFIED.,.F.,
  .F.,(2,2),(-0.,1.E-03),.PIECEWISE_BEZIER_KNOTS.);
#3418 = CARTESIAN_POINT('',(3.7005,1.551545125532,9.798139277075));
#3419 = CARTESIAN_POINT('',(3.6995,1.551545125532,9.798139277075));
#3420 = B_SPLINE_SURFACE_WITH_KNOTS('',1,1,(
    (#3421,#3422)
    ,(#3423,#3424
    )),.UNSPECIFIED.,.F.,.F.,.F.,(2,2),(2,2),(-4.608726963813E-02,
    -2.22044604925E-16),(-1.000000000001E-03,0.),
  .PIECEWISE_BEZIER_KNOTS.);
#3421 = CARTESIAN_POINT('',(3.6995,1.551545125532,9.798139277075));
#3422 = CARTESIAN_POINT('',(3.7005,1.551545125532,9.798139277075));
#3423 = CARTESIAN_POINT('',(3.6995,1.59763239517,9.798139277075));
#3424 = CARTESIAN_POINT('',(3.7005,1.59763239517,9.798139277075));
#3425 = ADVANCED_FACE('',(#3426),#3436,.T.);
#3426 = FACE_BOUND('',#3427,.T.);
#3427 = EDGE_LOOP('',(#3428,#3429,#3430,#3431));
#3428 = ORIENTED_EDGE('',*,*,#3225,.F.);
#3429 = ORIENTED_EDGE('',*,*,#3416,.F.);
#3430 = ORIENTED_EDGE('',*,*,#3092,.T.);
#3431 = ORIENTED_EDGE('',*,*,#3432,.T.);
#3432 = EDGE_CURVE('',#3095,#3226,#3433,.T.);
#3433 = B_SPLINE_CURVE_WITH_KNOTS('',1,(#3434,#3435),.UNSPECIFIED.,.F.,
  .F.,(2,2),(-0.,1.E-03),.PIECEWISE_BEZIER_KNOTS.);
#3434 = CARTESIAN_POINT('',(3.7005,1.551545125532,9.562946036404));
#3435 = CARTESIAN_POINT('',(3.6995,1.551545125532,9.562946036404));
#3436 = B_SPLINE_SURFACE_WITH_KNOTS('',1,1,(
    (#3437,#3438)
    ,(#3439,#3440
    )),.UNSPECIFIED.,.F.,.F.,.F.,(2,2),(2,2),(-0.235193240671,0.),(
    -1.E-03,0.),.PIECEWISE_BEZIER_KNOTS.);
#3437 = CARTESIAN_POINT('',(3.6995,1.551545125532,9.562946036404));
#3438 = CARTESIAN_POINT('',(3.7005,1.551545125532,9.562946036404));
#3439 = CARTESIAN_POINT('',(3.6995,1.551545125532,9.798139277075));
#3440 = CARTESIAN_POINT('',(3.7005,1.551545125532,9.798139277075));
#3441 = ADVANCED_FACE('',(#3442),#3452,.T.);
#3442 = FACE_BOUND('',#3443,.T.);
#3443 = EDGE_LOOP('',(#3444,#3445,#3446,#3447));
#3444 = ORIENTED_EDGE('',*,*,#3232,.F.);
#3445 = ORIENTED_EDGE('',*,*,#3432,.F.);
#3446 = ORIENTED_EDGE('',*,*,#3144,.T.);
#3447 = ORIENTED_EDGE('',*,*,#3448,.T.);
#3448 = EDGE_CURVE('',#3136,#3233,#3449,.T.);
#3449 = B_SPLINE_CURVE_WITH_KNOTS('',1,(#3450,#3451),.UNSPECIFIED.,.F.,
  .F.,(2,2),(-0.,1.E-03),.PIECEWISE_BEZIER_KNOTS.);
#3450 = CARTESIAN_POINT('',(3.7005,1.595838812766,9.562946036404));
#3451 = CARTESIAN_POINT('',(3.6995,1.595838812766,9.562946036404));
#3452 = B_SPLINE_SURFACE_WITH_KNOTS('',1,1,(
    (#3453,#3454)
    ,(#3455,#3456
    )),.UNSPECIFIED.,.F.,.F.,.F.,(2,2),(2,2),(-1.E-03,0.),(0.,
    4.429368723452E-02),.PIECEWISE_BEZIER_KNOTS.);
#3453 = CARTESIAN_POINT('',(3.6995,1.551545125532,9.562946036404));
#3454 = CARTESIAN_POINT('',(3.6995,1.595838812766,9.562946036404));
#3455 = CARTESIAN_POINT('',(3.7005,1.551545125532,9.562946036404));
#3456 = CARTESIAN_POINT('',(3.7005,1.595838812766,9.562946036404));
#3457 = ADVANCED_FACE('',(#3458),#3468,.T.);
#3458 = FACE_BOUND('',#3459,.T.);
#3459 = EDGE_LOOP('',(#3460,#3461,#3462,#3463));
#3460 = ORIENTED_EDGE('',*,*,#3239,.F.);
#3461 = ORIENTED_EDGE('',*,*,#3448,.F.);
#3462 = ORIENTED_EDGE('',*,*,#3135,.T.);
#3463 = ORIENTED_EDGE('',*,*,#3464,.T.);
#3464 = EDGE_CURVE('',#3127,#3240,#3465,.T.);
#3465 = B_SPLINE_CURVE_WITH_KNOTS('',1,(#3466,#3467),.UNSPECIFIED.,.F.,
  .F.,(2,2),(-0.,1.E-03),.PIECEWISE_BEZIER_KNOTS.);
#3466 = CARTESIAN_POINT('',(3.7005,1.686531697017,9.594762628642));
#3467 = CARTESIAN_POINT('',(3.6995,1.686531697017,9.594762628642));
#3468 = B_SPLINE_SURFACE_WITH_KNOTS('',3,1,(
    (#3469,#3470)
    ,(#3471,#3472)
    ,(#3473,#3474)
    ,(#3475,#3476
    )),.UNSPECIFIED.,.F.,.F.,.F.,(4,4),(2,2),(2.,3.),(0.,1.),
  .PIECEWISE_BEZIER_KNOTS.);
#3469 = CARTESIAN_POINT('',(3.7005,1.595838812766,9.562946036404));
#3470 = CARTESIAN_POINT('',(3.6995,1.595838812766,9.562946036404));
#3471 = CARTESIAN_POINT('',(3.7005,1.634595789096,9.562946036404));
#3472 = CARTESIAN_POINT('',(3.6995,1.634595789096,9.562946036404));
#3473 = CARTESIAN_POINT('',(3.7005,1.664852744462,9.57355156715));
#3474 = CARTESIAN_POINT('',(3.6995,1.664852744462,9.57355156715));
#3475 = CARTESIAN_POINT('',(3.7005,1.686531697017,9.594762628642));
#3476 = CARTESIAN_POINT('',(3.6995,1.686531697017,9.594762628642));
#3477 = ADVANCED_FACE('',(#3478),#3488,.T.);
#3478 = FACE_BOUND('',#3479,.T.);
#3479 = EDGE_LOOP('',(#3480,#3481,#3482,#3483));
#3480 = ORIENTED_EDGE('',*,*,#3248,.F.);
#3481 = ORIENTED_EDGE('',*,*,#3464,.F.);
#3482 = ORIENTED_EDGE('',*,*,#3126,.T.);
#3483 = ORIENTED_EDGE('',*,*,#3484,.T.);
#3484 = EDGE_CURVE('',#3118,#3249,#3485,.T.);
#3485 = B_SPLINE_CURVE_WITH_KNOTS('',1,(#3486,#3487),.UNSPECIFIED.,.F.,
  .F.,(2,2),(-0.,1.E-03),.PIECEWISE_BEZIER_KNOTS.);
#3486 = CARTESIAN_POINT('',(3.7005,1.719128107694,9.6835059668));
#3487 = CARTESIAN_POINT('',(3.6995,1.719128107694,9.6835059668));
#3488 = B_SPLINE_SURFACE_WITH_KNOTS('',3,1,(
    (#3489,#3490)
    ,(#3491,#3492)
    ,(#3493,#3494)
    ,(#3495,#3496
    )),.UNSPECIFIED.,.F.,.F.,.F.,(4,4),(2,2),(3.,4.),(0.,1.),
  .PIECEWISE_BEZIER_KNOTS.);
#3489 = CARTESIAN_POINT('',(3.7005,1.686531697017,9.594762628642));
#3490 = CARTESIAN_POINT('',(3.6995,1.686531697017,9.594762628642));
#3491 = CARTESIAN_POINT('',(3.7005,1.708288631416,9.615817726448));
#3492 = CARTESIAN_POINT('',(3.6995,1.708288631416,9.615817726448));
#3493 = CARTESIAN_POINT('',(3.7005,1.719128107694,9.645450827063));
#3494 = CARTESIAN_POINT('',(3.6995,1.719128107694,9.645450827063));
#3495 = CARTESIAN_POINT('',(3.7005,1.719128107694,9.6835059668));
#3496 = CARTESIAN_POINT('',(3.6995,1.719128107694,9.6835059668));
#3497 = ADVANCED_FACE('',(#3498),#3508,.T.);
#3498 = FACE_BOUND('',#3499,.T.);
#3499 = EDGE_LOOP('',(#3500,#3501,#3502,#3503));
#3500 = ORIENTED_EDGE('',*,*,#3257,.F.);
#3501 = ORIENTED_EDGE('',*,*,#3484,.F.);
#3502 = ORIENTED_EDGE('',*,*,#3117,.T.);
#3503 = ORIENTED_EDGE('',*,*,#3504,.T.);
#3504 = EDGE_CURVE('',#3109,#3258,#3505,.T.);
#3505 = B_SPLINE_CURVE_WITH_KNOTS('',1,(#3506,#3507),.UNSPECIFIED.,.F.,
  .F.,(2,2),(-0.,1.E-03),.PIECEWISE_BEZIER_KNOTS.);
#3506 = CARTESIAN_POINT('',(3.7005,1.685673896735,9.769441958584));
#3507 = CARTESIAN_POINT('',(3.6995,1.685673896735,9.769441958584));
#3508 = B_SPLINE_SURFACE_WITH_KNOTS('',3,1,(
    (#3509,#3510)
    ,(#3511,#3512)
    ,(#3513,#3514)
    ,(#3515,#3516
    )),.UNSPECIFIED.,.F.,.F.,.F.,(4,4),(2,2),(4.,5.),(0.,1.),
  .PIECEWISE_BEZIER_KNOTS.);
#3509 = CARTESIAN_POINT('',(3.7005,1.719128107694,9.6835059668));
#3510 = CARTESIAN_POINT('',(3.6995,1.719128107694,9.6835059668));
#3511 = CARTESIAN_POINT('',(3.7005,1.719128107694,9.721561106538));
#3512 = CARTESIAN_POINT('',(3.6995,1.719128107694,9.721561106538));
#3513 = CARTESIAN_POINT('',(3.7005,1.70797670404,9.750258425029));
#3514 = CARTESIAN_POINT('',(3.6995,1.70797670404,9.750258425029));
#3515 = CARTESIAN_POINT('',(3.7005,1.685673896735,9.769441958584));
#3516 = CARTESIAN_POINT('',(3.6995,1.685673896735,9.769441958584));
#3517 = ADVANCED_FACE('',(#3518),#3524,.T.);
#3518 = FACE_BOUND('',#3519,.T.);
#3519 = EDGE_LOOP('',(#3520,#3521,#3522,#3523));
#3520 = ORIENTED_EDGE('',*,*,#3266,.F.);
#3521 = ORIENTED_EDGE('',*,*,#3504,.F.);
#3522 = ORIENTED_EDGE('',*,*,#3108,.T.);
#3523 = ORIENTED_EDGE('',*,*,#3410,.T.);
#3524 = B_SPLINE_SURFACE_WITH_KNOTS('',3,1,(
    (#3525,#3526)
    ,(#3527,#3528)
    ,(#3529,#3530)
    ,(#3531,#3532
    )),.UNSPECIFIED.,.F.,.F.,.F.,(4,4),(2,2),(5.,6.),(0.,1.),
  .PIECEWISE_BEZIER_KNOTS.);
#3525 = CARTESIAN_POINT('',(3.7005,1.685673896735,9.769441958584));
#3526 = CARTESIAN_POINT('',(3.6995,1.685673896735,9.769441958584));
#3527 = CARTESIAN_POINT('',(3.7005,1.663371089429,9.788625492141));
#3528 = CARTESIAN_POINT('',(3.6995,1.663371089429,9.788625492141));
#3529 = CARTESIAN_POINT('',(3.7005,1.633971934345,9.798139277075));
#3530 = CARTESIAN_POINT('',(3.6995,1.633971934345,9.798139277075));
#3531 = CARTESIAN_POINT('',(3.7005,1.59763239517,9.798139277075));
#3532 = CARTESIAN_POINT('',(3.6995,1.59763239517,9.798139277075));
#3533 = MANIFOLD_SOLID_BREP('',#3534);
#3534 = CLOSED_SHELL('',(#3535,#3647,#3759,#3779,#3795,#3811,#3827,#3843
    ,#3859,#3875,#3887,#3907,#3923,#3943,#3959,#3979));
#3535 = ADVANCED_FACE('',(#3536,#3594),#3642,.F.);
#3536 = FACE_BOUND('',#3537,.T.);
#3537 = EDGE_LOOP('',(#3538,#3547,#3554,#3561,#3568,#3575,#3582,#3589));
#3538 = ORIENTED_EDGE('',*,*,#3539,.T.);
#3539 = EDGE_CURVE('',#3540,#3542,#3544,.T.);
#3540 = VERTEX_POINT('',#3541);
#3541 = CARTESIAN_POINT('',(3.7005,2.051954616706,9.528166134103));
#3542 = VERTEX_POINT('',#3543);
#3543 = CARTESIAN_POINT('',(3.7005,1.935761669557,9.83323110675));
#3544 = B_SPLINE_CURVE_WITH_KNOTS('',1,(#3545,#3546),.UNSPECIFIED.,.F.,
  .F.,(2,2),(-0.326443622243,0.),.PIECEWISE_BEZIER_KNOTS.);
#3545 = CARTESIAN_POINT('',(3.7005,2.051954616706,9.528166134103));
#3546 = CARTESIAN_POINT('',(3.7005,1.935761669557,9.83323110675));
#3547 = ORIENTED_EDGE('',*,*,#3548,.T.);
#3548 = EDGE_CURVE('',#3542,#3549,#3551,.T.);
#3549 = VERTEX_POINT('',#3550);
#3550 = CARTESIAN_POINT('',(3.7005,1.893651473947,9.83323110675));
#3551 = B_SPLINE_CURVE_WITH_KNOTS('',1,(#3552,#3553),.UNSPECIFIED.,.F.,
  .F.,(2,2),(-4.211019561068E-02,-0.),.PIECEWISE_BEZIER_KNOTS.);
#3552 = CARTESIAN_POINT('',(3.7005,1.935761669557,9.83323110675));
#3553 = CARTESIAN_POINT('',(3.7005,1.893651473947,9.83323110675));
#3554 = ORIENTED_EDGE('',*,*,#3555,.T.);
#3555 = EDGE_CURVE('',#3549,#3556,#3558,.T.);
#3556 = VERTEX_POINT('',#3557);
#3557 = CARTESIAN_POINT('',(3.7005,1.7774585268,9.528166134103));
#3558 = B_SPLINE_CURVE_WITH_KNOTS('',1,(#3559,#3560),.UNSPECIFIED.,.F.,
  .F.,(2,2),(-0.326443622243,-0.),.PIECEWISE_BEZIER_KNOTS.);
#3559 = CARTESIAN_POINT('',(3.7005,1.893651473947,9.83323110675));
#3560 = CARTESIAN_POINT('',(3.7005,1.7774585268,9.528166134103));
#3561 = ORIENTED_EDGE('',*,*,#3562,.T.);
#3562 = EDGE_CURVE('',#3556,#3563,#3565,.T.);
#3563 = VERTEX_POINT('',#3564);
#3564 = CARTESIAN_POINT('',(3.7005,1.820972395596,9.528166134103));
#3565 = B_SPLINE_CURVE_WITH_KNOTS('',1,(#3566,#3567),.UNSPECIFIED.,.F.,
  .F.,(2,2),(-4.35138687961E-02,0.),.PIECEWISE_BEZIER_KNOTS.);
#3566 = CARTESIAN_POINT('',(3.7005,1.7774585268,9.528166134103));
#3567 = CARTESIAN_POINT('',(3.7005,1.820972395596,9.528166134103));
#3568 = ORIENTED_EDGE('',*,*,#3569,.T.);
#3569 = EDGE_CURVE('',#3563,#3570,#3572,.T.);
#3570 = VERTEX_POINT('',#3571);
#3571 = CARTESIAN_POINT('',(3.7005,1.850293568836,9.611606706888));
#3572 = B_SPLINE_CURVE_WITH_KNOTS('',1,(#3573,#3574),.UNSPECIFIED.,.F.,
  .F.,(2,2),(-8.844241282811E-02,0.),.PIECEWISE_BEZIER_KNOTS.);
#3573 = CARTESIAN_POINT('',(3.7005,1.820972395596,9.528166134103));
#3574 = CARTESIAN_POINT('',(3.7005,1.850293568836,9.611606706888));
#3575 = ORIENTED_EDGE('',*,*,#3576,.T.);
#3576 = EDGE_CURVE('',#3570,#3577,#3579,.T.);
#3577 = VERTEX_POINT('',#3578);
#3578 = CARTESIAN_POINT('',(3.7005,1.977325992263,9.611606706888));
#3579 = B_SPLINE_CURVE_WITH_KNOTS('',1,(#3580,#3581),.UNSPECIFIED.,.F.,
  .F.,(2,2),(-0.127032423427,0.),.PIECEWISE_BEZIER_KNOTS.);
#3580 = CARTESIAN_POINT('',(3.7005,1.850293568836,9.611606706888));
#3581 = CARTESIAN_POINT('',(3.7005,1.977325992263,9.611606706888));
#3582 = ORIENTED_EDGE('',*,*,#3583,.T.);
#3583 = EDGE_CURVE('',#3577,#3584,#3586,.T.);
#3584 = VERTEX_POINT('',#3585);
#3585 = CARTESIAN_POINT('',(3.7005,2.008440747908,9.528166134103));
#3586 = B_SPLINE_CURVE_WITH_KNOTS('',1,(#3587,#3588),.UNSPECIFIED.,.F.,
  .F.,(2,2),(-8.905311451925E-02,0.),.PIECEWISE_BEZIER_KNOTS.);
#3587 = CARTESIAN_POINT('',(3.7005,1.977325992263,9.611606706888));
#3588 = CARTESIAN_POINT('',(3.7005,2.008440747908,9.528166134103));
#3589 = ORIENTED_EDGE('',*,*,#3590,.T.);
#3590 = EDGE_CURVE('',#3584,#3540,#3591,.T.);
#3591 = B_SPLINE_CURVE_WITH_KNOTS('',1,(#3592,#3593),.UNSPECIFIED.,.F.,
  .F.,(2,2),(-4.351386879818E-02,0.),.PIECEWISE_BEZIER_KNOTS.);
#3592 = CARTESIAN_POINT('',(3.7005,2.008440747908,9.528166134103));
#3593 = CARTESIAN_POINT('',(3.7005,2.051954616706,9.528166134103));
#3594 = FACE_BOUND('',#3595,.T.);
#3595 = EDGE_LOOP('',(#3596,#3605,#3612,#3621,#3628,#3637));
#3596 = ORIENTED_EDGE('',*,*,#3597,.F.);
#3597 = EDGE_CURVE('',#3598,#3600,#3602,.T.);
#3598 = VERTEX_POINT('',#3599);
#3599 = CARTESIAN_POINT('',(3.7005,1.862770663832,9.646074681814));
#3600 = VERTEX_POINT('',#3601);
#3601 = CARTESIAN_POINT('',(3.7005,1.965160824641,9.646074681814));
#3602 = B_SPLINE_CURVE_WITH_KNOTS('',1,(#3603,#3604),.UNSPECIFIED.,.F.,
  .F.,(2,2),(0.,0.102390160809),.PIECEWISE_BEZIER_KNOTS.);
#3603 = CARTESIAN_POINT('',(3.7005,1.862770663832,9.646074681814));
#3604 = CARTESIAN_POINT('',(3.7005,1.965160824641,9.646074681814));
#3605 = ORIENTED_EDGE('',*,*,#3606,.F.);
#3606 = EDGE_CURVE('',#3607,#3598,#3609,.T.);
#3607 = VERTEX_POINT('',#3608);
#3608 = CARTESIAN_POINT('',(3.7005,1.90839004241,9.772873159708));
#3609 = B_SPLINE_CURVE_WITH_KNOTS('',1,(#3610,#3611),.UNSPECIFIED.,.F.,
  .F.,(2,2),(1.061244481992E-15,0.134755265938),
  .PIECEWISE_BEZIER_KNOTS.);
#3610 = CARTESIAN_POINT('',(3.7005,1.90839004241,9.772873159708));
#3611 = CARTESIAN_POINT('',(3.7005,1.862770663832,9.646074681814));
#3612 = ORIENTED_EDGE('',*,*,#3613,.F.);
#3613 = EDGE_CURVE('',#3614,#3607,#3616,.T.);
#3614 = VERTEX_POINT('',#3615);
#3615 = CARTESIAN_POINT('',(3.7005,1.913380880409,9.794240184889));
#3616 = B_SPLINE_CURVE_WITH_KNOTS('',3,(#3617,#3618,#3619,#3620),
  .UNSPECIFIED.,.F.,.F.,(4,4),(3.,4.),.PIECEWISE_BEZIER_KNOTS.);
#3617 = CARTESIAN_POINT('',(3.7005,1.913380880409,9.794240184889));
#3618 = CARTESIAN_POINT('',(3.7005,1.911899225378,9.78503832733));
#3619 = CARTESIAN_POINT('',(3.7005,1.91026160666,9.777863997707));
#3620 = CARTESIAN_POINT('',(3.7005,1.90839004241,9.772873159708));
#3621 = ORIENTED_EDGE('',*,*,#3622,.F.);
#3622 = EDGE_CURVE('',#3623,#3614,#3625,.T.);
#3623 = VERTEX_POINT('',#3624);
#3624 = CARTESIAN_POINT('',(3.7005,1.914316662533,9.794240184889));
#3625 = B_SPLINE_CURVE_WITH_KNOTS('',1,(#3626,#3627),.UNSPECIFIED.,.F.,
  .F.,(2,2),(2.22044604925E-16,9.357821236191E-04),
  .PIECEWISE_BEZIER_KNOTS.);
#3626 = CARTESIAN_POINT('',(3.7005,1.914316662533,9.794240184889));
#3627 = CARTESIAN_POINT('',(3.7005,1.913380880409,9.794240184889));
#3628 = ORIENTED_EDGE('',*,*,#3629,.F.);
#3629 = EDGE_CURVE('',#3630,#3623,#3632,.T.);
#3630 = VERTEX_POINT('',#3631);
#3631 = CARTESIAN_POINT('',(3.7005,1.919073555001,9.772873159708));
#3632 = B_SPLINE_CURVE_WITH_KNOTS('',3,(#3633,#3634,#3635,#3636),
  .UNSPECIFIED.,.F.,.F.,(4,4),(1.,2.),.PIECEWISE_BEZIER_KNOTS.);
#3633 = CARTESIAN_POINT('',(3.7005,1.919073555001,9.772873159708));
#3634 = CARTESIAN_POINT('',(3.7005,1.91759189997,9.777084179268));
#3635 = CARTESIAN_POINT('',(3.7005,1.916032263095,9.784102545204));
#3636 = CARTESIAN_POINT('',(3.7005,1.914316662533,9.794240184889));
#3637 = ORIENTED_EDGE('',*,*,#3638,.F.);
#3638 = EDGE_CURVE('',#3600,#3630,#3639,.T.);
#3639 = B_SPLINE_CURVE_WITH_KNOTS('',1,(#3640,#3641),.UNSPECIFIED.,.F.,
  .F.,(2,2),(0.,0.13491438181),.PIECEWISE_BEZIER_KNOTS.);
#3640 = CARTESIAN_POINT('',(3.7005,1.965160824641,9.646074681814));
#3641 = CARTESIAN_POINT('',(3.7005,1.919073555001,9.772873159708));
#3642 = B_SPLINE_SURFACE_WITH_KNOTS('',1,1,(
    (#3643,#3644)
    ,(#3645,#3646
    )),.UNSPECIFIED.,.F.,.F.,.F.,(2,2),(2,2),(6.128166034103,
    6.43323100675),(1.7774585268,2.051954616706),
  .PIECEWISE_BEZIER_KNOTS.);
#3643 = CARTESIAN_POINT('',(3.7005,1.7774585268,9.528166134103));
#3644 = CARTESIAN_POINT('',(3.7005,2.051954616706,9.528166134103));
#3645 = CARTESIAN_POINT('',(3.7005,1.7774585268,9.83323110675));
#3646 = CARTESIAN_POINT('',(3.7005,2.051954616706,9.83323110675));
#3647 = ADVANCED_FACE('',(#3648,#3706),#3754,.T.);
#3648 = FACE_BOUND('',#3649,.T.);
#3649 = EDGE_LOOP('',(#3650,#3659,#3666,#3673,#3680,#3687,#3694,#3701));
#3650 = ORIENTED_EDGE('',*,*,#3651,.F.);
#3651 = EDGE_CURVE('',#3652,#3654,#3656,.T.);
#3652 = VERTEX_POINT('',#3653);
#3653 = CARTESIAN_POINT('',(3.6995,2.051954616706,9.528166134103));
#3654 = VERTEX_POINT('',#3655);
#3655 = CARTESIAN_POINT('',(3.6995,1.935761669557,9.83323110675));
#3656 = B_SPLINE_CURVE_WITH_KNOTS('',1,(#3657,#3658),.UNSPECIFIED.,.F.,
  .F.,(2,2),(-0.326443622243,0.),.PIECEWISE_BEZIER_KNOTS.);
#3657 = CARTESIAN_POINT('',(3.6995,2.051954616706,9.528166134103));
#3658 = CARTESIAN_POINT('',(3.6995,1.935761669557,9.83323110675));
#3659 = ORIENTED_EDGE('',*,*,#3660,.F.);
#3660 = EDGE_CURVE('',#3661,#3652,#3663,.T.);
#3661 = VERTEX_POINT('',#3662);
#3662 = CARTESIAN_POINT('',(3.6995,2.008440747908,9.528166134103));
#3663 = B_SPLINE_CURVE_WITH_KNOTS('',1,(#3664,#3665),.UNSPECIFIED.,.F.,
  .F.,(2,2),(-4.351386879818E-02,0.),.PIECEWISE_BEZIER_KNOTS.);
#3664 = CARTESIAN_POINT('',(3.6995,2.008440747908,9.528166134103));
#3665 = CARTESIAN_POINT('',(3.6995,2.051954616706,9.528166134103));
#3666 = ORIENTED_EDGE('',*,*,#3667,.F.);
#3667 = EDGE_CURVE('',#3668,#3661,#3670,.T.);
#3668 = VERTEX_POINT('',#3669);
#3669 = CARTESIAN_POINT('',(3.6995,1.977325992263,9.611606706888));
#3670 = B_SPLINE_CURVE_WITH_KNOTS('',1,(#3671,#3672),.UNSPECIFIED.,.F.,
  .F.,(2,2),(-8.905311451925E-02,0.),.PIECEWISE_BEZIER_KNOTS.);
#3671 = CARTESIAN_POINT('',(3.6995,1.977325992263,9.611606706888));
#3672 = CARTESIAN_POINT('',(3.6995,2.008440747908,9.528166134103));
#3673 = ORIENTED_EDGE('',*,*,#3674,.F.);
#3674 = EDGE_CURVE('',#3675,#3668,#3677,.T.);
#3675 = VERTEX_POINT('',#3676);
#3676 = CARTESIAN_POINT('',(3.6995,1.850293568836,9.611606706888));
#3677 = B_SPLINE_CURVE_WITH_KNOTS('',1,(#3678,#3679),.UNSPECIFIED.,.F.,
  .F.,(2,2),(-0.127032423427,0.),.PIECEWISE_BEZIER_KNOTS.);
#3678 = CARTESIAN_POINT('',(3.6995,1.850293568836,9.611606706888));
#3679 = CARTESIAN_POINT('',(3.6995,1.977325992263,9.611606706888));
#3680 = ORIENTED_EDGE('',*,*,#3681,.F.);
#3681 = EDGE_CURVE('',#3682,#3675,#3684,.T.);
#3682 = VERTEX_POINT('',#3683);
#3683 = CARTESIAN_POINT('',(3.6995,1.820972395596,9.528166134103));
#3684 = B_SPLINE_CURVE_WITH_KNOTS('',1,(#3685,#3686),.UNSPECIFIED.,.F.,
  .F.,(2,2),(-8.844241282811E-02,0.),.PIECEWISE_BEZIER_KNOTS.);
#3685 = CARTESIAN_POINT('',(3.6995,1.820972395596,9.528166134103));
#3686 = CARTESIAN_POINT('',(3.6995,1.850293568836,9.611606706888));
#3687 = ORIENTED_EDGE('',*,*,#3688,.F.);
#3688 = EDGE_CURVE('',#3689,#3682,#3691,.T.);
#3689 = VERTEX_POINT('',#3690);
#3690 = CARTESIAN_POINT('',(3.6995,1.7774585268,9.528166134103));
#3691 = B_SPLINE_CURVE_WITH_KNOTS('',1,(#3692,#3693),.UNSPECIFIED.,.F.,
  .F.,(2,2),(-4.35138687961E-02,0.),.PIECEWISE_BEZIER_KNOTS.);
#3692 = CARTESIAN_POINT('',(3.6995,1.7774585268,9.528166134103));
#3693 = CARTESIAN_POINT('',(3.6995,1.820972395596,9.528166134103));
#3694 = ORIENTED_EDGE('',*,*,#3695,.F.);
#3695 = EDGE_CURVE('',#3696,#3689,#3698,.T.);
#3696 = VERTEX_POINT('',#3697);
#3697 = CARTESIAN_POINT('',(3.6995,1.893651473947,9.83323110675));
#3698 = B_SPLINE_CURVE_WITH_KNOTS('',1,(#3699,#3700),.UNSPECIFIED.,.F.,
  .F.,(2,2),(-0.326443622243,-0.),.PIECEWISE_BEZIER_KNOTS.);
#3699 = CARTESIAN_POINT('',(3.6995,1.893651473947,9.83323110675));
#3700 = CARTESIAN_POINT('',(3.6995,1.7774585268,9.528166134103));
#3701 = ORIENTED_EDGE('',*,*,#3702,.F.);
#3702 = EDGE_CURVE('',#3654,#3696,#3703,.T.);
#3703 = B_SPLINE_CURVE_WITH_KNOTS('',1,(#3704,#3705),.UNSPECIFIED.,.F.,
  .F.,(2,2),(-4.211019561068E-02,-0.),.PIECEWISE_BEZIER_KNOTS.);
#3704 = CARTESIAN_POINT('',(3.6995,1.935761669557,9.83323110675));
#3705 = CARTESIAN_POINT('',(3.6995,1.893651473947,9.83323110675));
#3706 = FACE_BOUND('',#3707,.T.);
#3707 = EDGE_LOOP('',(#3708,#3717,#3724,#3731,#3740,#3747));
#3708 = ORIENTED_EDGE('',*,*,#3709,.T.);
#3709 = EDGE_CURVE('',#3710,#3712,#3714,.T.);
#3710 = VERTEX_POINT('',#3711);
#3711 = CARTESIAN_POINT('',(3.6995,1.90839004241,9.772873159708));
#3712 = VERTEX_POINT('',#3713);
#3713 = CARTESIAN_POINT('',(3.6995,1.862770663832,9.646074681814));
#3714 = B_SPLINE_CURVE_WITH_KNOTS('',1,(#3715,#3716),.UNSPECIFIED.,.F.,
  .F.,(2,2),(9.109047260965E-16,0.134755265938),
  .PIECEWISE_BEZIER_KNOTS.);
#3715 = CARTESIAN_POINT('',(3.6995,1.90839004241,9.772873159708));
#3716 = CARTESIAN_POINT('',(3.6995,1.862770663832,9.646074681814));
#3717 = ORIENTED_EDGE('',*,*,#3718,.T.);
#3718 = EDGE_CURVE('',#3712,#3719,#3721,.T.);
#3719 = VERTEX_POINT('',#3720);
#3720 = CARTESIAN_POINT('',(3.6995,1.965160824641,9.646074681814));
#3721 = B_SPLINE_CURVE_WITH_KNOTS('',1,(#3722,#3723),.UNSPECIFIED.,.F.,
  .F.,(2,2),(2.22044604925E-16,0.102390160809),
  .PIECEWISE_BEZIER_KNOTS.);
#3722 = CARTESIAN_POINT('',(3.6995,1.862770663832,9.646074681814));
#3723 = CARTESIAN_POINT('',(3.6995,1.965160824641,9.646074681814));
#3724 = ORIENTED_EDGE('',*,*,#3725,.T.);
#3725 = EDGE_CURVE('',#3719,#3726,#3728,.T.);
#3726 = VERTEX_POINT('',#3727);
#3727 = CARTESIAN_POINT('',(3.6995,1.919073555001,9.772873159708));
#3728 = B_SPLINE_CURVE_WITH_KNOTS('',1,(#3729,#3730),.UNSPECIFIED.,.F.,
  .F.,(2,2),(0.,0.13491438181),.PIECEWISE_BEZIER_KNOTS.);
#3729 = CARTESIAN_POINT('',(3.6995,1.965160824641,9.646074681814));
#3730 = CARTESIAN_POINT('',(3.6995,1.919073555001,9.772873159708));
#3731 = ORIENTED_EDGE('',*,*,#3732,.T.);
#3732 = EDGE_CURVE('',#3726,#3733,#3735,.T.);
#3733 = VERTEX_POINT('',#3734);
#3734 = CARTESIAN_POINT('',(3.6995,1.914316662533,9.794240184889));
#3735 = B_SPLINE_CURVE_WITH_KNOTS('',3,(#3736,#3737,#3738,#3739),
  .UNSPECIFIED.,.F.,.F.,(4,4),(1.,2.),.PIECEWISE_BEZIER_KNOTS.);
#3736 = CARTESIAN_POINT('',(3.6995,1.919073555001,9.772873159708));
#3737 = CARTESIAN_POINT('',(3.6995,1.91759189997,9.777084179268));
#3738 = CARTESIAN_POINT('',(3.6995,1.916032263095,9.784102545204));
#3739 = CARTESIAN_POINT('',(3.6995,1.914316662533,9.794240184889));
#3740 = ORIENTED_EDGE('',*,*,#3741,.T.);
#3741 = EDGE_CURVE('',#3733,#3742,#3744,.T.);
#3742 = VERTEX_POINT('',#3743);
#3743 = CARTESIAN_POINT('',(3.6995,1.913380880409,9.794240184889));
#3744 = B_SPLINE_CURVE_WITH_KNOTS('',1,(#3745,#3746),.UNSPECIFIED.,.F.,
  .F.,(2,2),(2.22044604925E-16,9.357821236191E-04),
  .PIECEWISE_BEZIER_KNOTS.);
#3745 = CARTESIAN_POINT('',(3.6995,1.914316662533,9.794240184889));
#3746 = CARTESIAN_POINT('',(3.6995,1.913380880409,9.794240184889));
#3747 = ORIENTED_EDGE('',*,*,#3748,.T.);
#3748 = EDGE_CURVE('',#3742,#3710,#3749,.T.);
#3749 = B_SPLINE_CURVE_WITH_KNOTS('',3,(#3750,#3751,#3752,#3753),
  .UNSPECIFIED.,.F.,.F.,(4,4),(3.,4.),.PIECEWISE_BEZIER_KNOTS.);
#3750 = CARTESIAN_POINT('',(3.6995,1.913380880409,9.794240184889));
#3751 = CARTESIAN_POINT('',(3.6995,1.911899225378,9.78503832733));
#3752 = CARTESIAN_POINT('',(3.6995,1.91026160666,9.777863997707));
#3753 = CARTESIAN_POINT('',(3.6995,1.90839004241,9.772873159708));
#3754 = B_SPLINE_SURFACE_WITH_KNOTS('',1,1,(
    (#3755,#3756)
    ,(#3757,#3758
    )),.UNSPECIFIED.,.F.,.F.,.F.,(2,2),(2,2),(6.128166034103,
    6.43323100675),(1.7774585268,2.051954616706),
  .PIECEWISE_BEZIER_KNOTS.);
#3755 = CARTESIAN_POINT('',(3.6995,1.7774585268,9.528166134103));
#3756 = CARTESIAN_POINT('',(3.6995,2.051954616706,9.528166134103));
#3757 = CARTESIAN_POINT('',(3.6995,1.7774585268,9.83323110675));
#3758 = CARTESIAN_POINT('',(3.6995,2.051954616706,9.83323110675));
#3759 = ADVANCED_FACE('',(#3760),#3774,.F.);
#3760 = FACE_BOUND('',#3761,.T.);
#3761 = EDGE_LOOP('',(#3762,#3763,#3768,#3769));
#3762 = ORIENTED_EDGE('',*,*,#3651,.T.);
#3763 = ORIENTED_EDGE('',*,*,#3764,.F.);
#3764 = EDGE_CURVE('',#3542,#3654,#3765,.T.);
#3765 = B_SPLINE_CURVE_WITH_KNOTS('',1,(#3766,#3767),.UNSPECIFIED.,.F.,
  .F.,(2,2),(-0.,1.E-03),.PIECEWISE_BEZIER_KNOTS.);
#3766 = CARTESIAN_POINT('',(3.7005,1.935761669557,9.83323110675));
#3767 = CARTESIAN_POINT('',(3.6995,1.935761669557,9.83323110675));
#3768 = ORIENTED_EDGE('',*,*,#3539,.F.);
#3769 = ORIENTED_EDGE('',*,*,#3770,.T.);
#3770 = EDGE_CURVE('',#3540,#3652,#3771,.T.);
#3771 = B_SPLINE_CURVE_WITH_KNOTS('',1,(#3772,#3773),.UNSPECIFIED.,.F.,
  .F.,(2,2),(-0.,1.E-03),.PIECEWISE_BEZIER_KNOTS.);
#3772 = CARTESIAN_POINT('',(3.7005,2.051954616706,9.528166134103));
#3773 = CARTESIAN_POINT('',(3.6995,2.051954616706,9.528166134103));
#3774 = B_SPLINE_SURFACE_WITH_KNOTS('',1,1,(
    (#3775,#3776)
    ,(#3777,#3778
    )),.UNSPECIFIED.,.F.,.F.,.F.,(2,2),(2,2),(0.,0.326443622243),(
    -1.E-03,0.),.PIECEWISE_BEZIER_KNOTS.);
#3775 = CARTESIAN_POINT('',(3.6995,1.935761669557,9.83323110675));
#3776 = CARTESIAN_POINT('',(3.7005,1.935761669557,9.83323110675));
#3777 = CARTESIAN_POINT('',(3.6995,2.051954616706,9.528166134103));
#3778 = CARTESIAN_POINT('',(3.7005,2.051954616706,9.528166134103));
#3779 = ADVANCED_FACE('',(#3780),#3790,.F.);
#3780 = FACE_BOUND('',#3781,.T.);
#3781 = EDGE_LOOP('',(#3782,#3783,#3788,#3789));
#3782 = ORIENTED_EDGE('',*,*,#3702,.T.);
#3783 = ORIENTED_EDGE('',*,*,#3784,.F.);
#3784 = EDGE_CURVE('',#3549,#3696,#3785,.T.);
#3785 = B_SPLINE_CURVE_WITH_KNOTS('',1,(#3786,#3787),.UNSPECIFIED.,.F.,
  .F.,(2,2),(-0.,1.E-03),.PIECEWISE_BEZIER_KNOTS.);
#3786 = CARTESIAN_POINT('',(3.7005,1.893651473947,9.83323110675));
#3787 = CARTESIAN_POINT('',(3.6995,1.893651473947,9.83323110675));
#3788 = ORIENTED_EDGE('',*,*,#3548,.F.);
#3789 = ORIENTED_EDGE('',*,*,#3764,.T.);
#3790 = B_SPLINE_SURFACE_WITH_KNOTS('',1,1,(
    (#3791,#3792)
    ,(#3793,#3794
    )),.UNSPECIFIED.,.F.,.F.,.F.,(2,2),(2,2),(0.,1.E-03),(0.,
    4.211019561068E-02),.PIECEWISE_BEZIER_KNOTS.);
#3791 = CARTESIAN_POINT('',(3.7005,1.893651473947,9.83323110675));
#3792 = CARTESIAN_POINT('',(3.7005,1.935761669557,9.83323110675));
#3793 = CARTESIAN_POINT('',(3.6995,1.893651473947,9.83323110675));
#3794 = CARTESIAN_POINT('',(3.6995,1.935761669557,9.83323110675));
#3795 = ADVANCED_FACE('',(#3796),#3806,.F.);
#3796 = FACE_BOUND('',#3797,.T.);
#3797 = EDGE_LOOP('',(#3798,#3799,#3804,#3805));
#3798 = ORIENTED_EDGE('',*,*,#3695,.T.);
#3799 = ORIENTED_EDGE('',*,*,#3800,.F.);
#3800 = EDGE_CURVE('',#3556,#3689,#3801,.T.);
#3801 = B_SPLINE_CURVE_WITH_KNOTS('',1,(#3802,#3803),.UNSPECIFIED.,.F.,
  .F.,(2,2),(-0.,1.E-03),.PIECEWISE_BEZIER_KNOTS.);
#3802 = CARTESIAN_POINT('',(3.7005,1.7774585268,9.528166134103));
#3803 = CARTESIAN_POINT('',(3.6995,1.7774585268,9.528166134103));
#3804 = ORIENTED_EDGE('',*,*,#3555,.F.);
#3805 = ORIENTED_EDGE('',*,*,#3784,.T.);
#3806 = B_SPLINE_SURFACE_WITH_KNOTS('',1,1,(
    (#3807,#3808)
    ,(#3809,#3810
    )),.UNSPECIFIED.,.F.,.F.,.F.,(2,2),(2,2),(0.,0.326443622243),(
    -1.E-03,0.),.PIECEWISE_BEZIER_KNOTS.);
#3807 = CARTESIAN_POINT('',(3.6995,1.7774585268,9.528166134103));
#3808 = CARTESIAN_POINT('',(3.7005,1.7774585268,9.528166134103));
#3809 = CARTESIAN_POINT('',(3.6995,1.893651473947,9.83323110675));
#3810 = CARTESIAN_POINT('',(3.7005,1.893651473947,9.83323110675));
#3811 = ADVANCED_FACE('',(#3812),#3822,.F.);
#3812 = FACE_BOUND('',#3813,.T.);
#3813 = EDGE_LOOP('',(#3814,#3815,#3820,#3821));
#3814 = ORIENTED_EDGE('',*,*,#3688,.T.);
#3815 = ORIENTED_EDGE('',*,*,#3816,.F.);
#3816 = EDGE_CURVE('',#3563,#3682,#3817,.T.);
#3817 = B_SPLINE_CURVE_WITH_KNOTS('',1,(#3818,#3819),.UNSPECIFIED.,.F.,
  .F.,(2,2),(-0.,1.E-03),.PIECEWISE_BEZIER_KNOTS.);
#3818 = CARTESIAN_POINT('',(3.7005,1.820972395596,9.528166134103));
#3819 = CARTESIAN_POINT('',(3.6995,1.820972395596,9.528166134103));
#3820 = ORIENTED_EDGE('',*,*,#3562,.F.);
#3821 = ORIENTED_EDGE('',*,*,#3800,.T.);
#3822 = B_SPLINE_SURFACE_WITH_KNOTS('',1,1,(
    (#3823,#3824)
    ,(#3825,#3826
    )),.UNSPECIFIED.,.F.,.F.,.F.,(2,2),(2,2),(-0.,4.35138687961E-02),(
    -1.E-03,0.),.PIECEWISE_BEZIER_KNOTS.);
#3823 = CARTESIAN_POINT('',(3.6995,1.820972395596,9.528166134103));
#3824 = CARTESIAN_POINT('',(3.7005,1.820972395596,9.528166134103));
#3825 = CARTESIAN_POINT('',(3.6995,1.7774585268,9.528166134103));
#3826 = CARTESIAN_POINT('',(3.7005,1.7774585268,9.528166134103));
#3827 = ADVANCED_FACE('',(#3828),#3838,.F.);
#3828 = FACE_BOUND('',#3829,.T.);
#3829 = EDGE_LOOP('',(#3830,#3831,#3836,#3837));
#3830 = ORIENTED_EDGE('',*,*,#3681,.T.);
#3831 = ORIENTED_EDGE('',*,*,#3832,.F.);
#3832 = EDGE_CURVE('',#3570,#3675,#3833,.T.);
#3833 = B_SPLINE_CURVE_WITH_KNOTS('',1,(#3834,#3835),.UNSPECIFIED.,.F.,
  .F.,(2,2),(-0.,1.E-03),.PIECEWISE_BEZIER_KNOTS.);
#3834 = CARTESIAN_POINT('',(3.7005,1.850293568836,9.611606706888));
#3835 = CARTESIAN_POINT('',(3.6995,1.850293568836,9.611606706888));
#3836 = ORIENTED_EDGE('',*,*,#3569,.F.);
#3837 = ORIENTED_EDGE('',*,*,#3816,.T.);
#3838 = B_SPLINE_SURFACE_WITH_KNOTS('',1,1,(
    (#3839,#3840)
    ,(#3841,#3842
    )),.UNSPECIFIED.,.F.,.F.,.F.,(2,2),(2,2),(-0.,8.844241282811E-02),(
    -1.E-03,0.),.PIECEWISE_BEZIER_KNOTS.);
#3839 = CARTESIAN_POINT('',(3.6995,1.850293568836,9.611606706888));
#3840 = CARTESIAN_POINT('',(3.7005,1.850293568836,9.611606706888));
#3841 = CARTESIAN_POINT('',(3.6995,1.820972395596,9.528166134103));
#3842 = CARTESIAN_POINT('',(3.7005,1.820972395596,9.528166134103));
#3843 = ADVANCED_FACE('',(#3844),#3854,.F.);
#3844 = FACE_BOUND('',#3845,.T.);
#3845 = EDGE_LOOP('',(#3846,#3847,#3852,#3853));
#3846 = ORIENTED_EDGE('',*,*,#3674,.T.);
#3847 = ORIENTED_EDGE('',*,*,#3848,.F.);
#3848 = EDGE_CURVE('',#3577,#3668,#3849,.T.);
#3849 = B_SPLINE_CURVE_WITH_KNOTS('',1,(#3850,#3851),.UNSPECIFIED.,.F.,
  .F.,(2,2),(-0.,1.E-03),.PIECEWISE_BEZIER_KNOTS.);
#3850 = CARTESIAN_POINT('',(3.7005,1.977325992263,9.611606706888));
#3851 = CARTESIAN_POINT('',(3.6995,1.977325992263,9.611606706888));
#3852 = ORIENTED_EDGE('',*,*,#3576,.F.);
#3853 = ORIENTED_EDGE('',*,*,#3832,.T.);
#3854 = B_SPLINE_SURFACE_WITH_KNOTS('',1,1,(
    (#3855,#3856)
    ,(#3857,#3858
    )),.UNSPECIFIED.,.F.,.F.,.F.,(2,2),(2,2),(-1.E-03,0.),(
    -0.127032423427,0.),.PIECEWISE_BEZIER_KNOTS.);
#3855 = CARTESIAN_POINT('',(3.6995,1.850293568836,9.611606706888));
#3856 = CARTESIAN_POINT('',(3.6995,1.977325992263,9.611606706888));
#3857 = CARTESIAN_POINT('',(3.7005,1.850293568836,9.611606706888));
#3858 = CARTESIAN_POINT('',(3.7005,1.977325992263,9.611606706888));
#3859 = ADVANCED_FACE('',(#3860),#3870,.F.);
#3860 = FACE_BOUND('',#3861,.T.);
#3861 = EDGE_LOOP('',(#3862,#3863,#3868,#3869));
#3862 = ORIENTED_EDGE('',*,*,#3667,.T.);
#3863 = ORIENTED_EDGE('',*,*,#3864,.F.);
#3864 = EDGE_CURVE('',#3584,#3661,#3865,.T.);
#3865 = B_SPLINE_CURVE_WITH_KNOTS('',1,(#3866,#3867),.UNSPECIFIED.,.F.,
  .F.,(2,2),(-0.,1.E-03),.PIECEWISE_BEZIER_KNOTS.);
#3866 = CARTESIAN_POINT('',(3.7005,2.008440747908,9.528166134103));
#3867 = CARTESIAN_POINT('',(3.6995,2.008440747908,9.528166134103));
#3868 = ORIENTED_EDGE('',*,*,#3583,.F.);
#3869 = ORIENTED_EDGE('',*,*,#3848,.T.);
#3870 = B_SPLINE_SURFACE_WITH_KNOTS('',1,1,(
    (#3871,#3872)
    ,(#3873,#3874
    )),.UNSPECIFIED.,.F.,.F.,.F.,(2,2),(2,2),(0.,8.905311451925E-02),(
    -1.E-03,0.),.PIECEWISE_BEZIER_KNOTS.);
#3871 = CARTESIAN_POINT('',(3.6995,2.008440747908,9.528166134103));
#3872 = CARTESIAN_POINT('',(3.7005,2.008440747908,9.528166134103));
#3873 = CARTESIAN_POINT('',(3.6995,1.977325992263,9.611606706888));
#3874 = CARTESIAN_POINT('',(3.7005,1.977325992263,9.611606706888));
#3875 = ADVANCED_FACE('',(#3876),#3882,.F.);
#3876 = FACE_BOUND('',#3877,.T.);
#3877 = EDGE_LOOP('',(#3878,#3879,#3880,#3881));
#3878 = ORIENTED_EDGE('',*,*,#3660,.T.);
#3879 = ORIENTED_EDGE('',*,*,#3770,.F.);
#3880 = ORIENTED_EDGE('',*,*,#3590,.F.);
#3881 = ORIENTED_EDGE('',*,*,#3864,.T.);
#3882 = B_SPLINE_SURFACE_WITH_KNOTS('',1,1,(
    (#3883,#3884)
    ,(#3885,#3886)),.UNSPECIFIED.,.F.,.F.,.F.,(2,2),(2,2),(-1.E-03,0.),(
    -4.351386879818E-02,0.),.PIECEWISE_BEZIER_KNOTS.);
#3883 = CARTESIAN_POINT('',(3.6995,2.008440747908,9.528166134103));
#3884 = CARTESIAN_POINT('',(3.6995,2.051954616706,9.528166134103));
#3885 = CARTESIAN_POINT('',(3.7005,2.008440747908,9.528166134103));
#3886 = CARTESIAN_POINT('',(3.7005,2.051954616706,9.528166134103));
#3887 = ADVANCED_FACE('',(#3888),#3902,.T.);
#3888 = FACE_BOUND('',#3889,.T.);
#3889 = EDGE_LOOP('',(#3890,#3891,#3896,#3897));
#3890 = ORIENTED_EDGE('',*,*,#3718,.F.);
#3891 = ORIENTED_EDGE('',*,*,#3892,.F.);
#3892 = EDGE_CURVE('',#3598,#3712,#3893,.T.);
#3893 = B_SPLINE_CURVE_WITH_KNOTS('',1,(#3894,#3895),.UNSPECIFIED.,.F.,
  .F.,(2,2),(-0.,1.E-03),.PIECEWISE_BEZIER_KNOTS.);
#3894 = CARTESIAN_POINT('',(3.7005,1.862770663832,9.646074681814));
#3895 = CARTESIAN_POINT('',(3.6995,1.862770663832,9.646074681814));
#3896 = ORIENTED_EDGE('',*,*,#3597,.T.);
#3897 = ORIENTED_EDGE('',*,*,#3898,.T.);
#3898 = EDGE_CURVE('',#3600,#3719,#3899,.T.);
#3899 = B_SPLINE_CURVE_WITH_KNOTS('',1,(#3900,#3901),.UNSPECIFIED.,.F.,
  .F.,(2,2),(-0.,1.E-03),.PIECEWISE_BEZIER_KNOTS.);
#3900 = CARTESIAN_POINT('',(3.7005,1.965160824641,9.646074681814));
#3901 = CARTESIAN_POINT('',(3.6995,1.965160824641,9.646074681814));
#3902 = B_SPLINE_SURFACE_WITH_KNOTS('',1,1,(
    (#3903,#3904)
    ,(#3905,#3906
    )),.UNSPECIFIED.,.F.,.F.,.F.,(2,2),(2,2),(-1.E-03,0.),(0.,
    0.102390160809),.PIECEWISE_BEZIER_KNOTS.);
#3903 = CARTESIAN_POINT('',(3.6995,1.862770663832,9.646074681814));
#3904 = CARTESIAN_POINT('',(3.6995,1.965160824641,9.646074681814));
#3905 = CARTESIAN_POINT('',(3.7005,1.862770663832,9.646074681814));
#3906 = CARTESIAN_POINT('',(3.7005,1.965160824641,9.646074681814));
#3907 = ADVANCED_FACE('',(#3908),#3918,.T.);
#3908 = FACE_BOUND('',#3909,.T.);
#3909 = EDGE_LOOP('',(#3910,#3911,#3912,#3913));
#3910 = ORIENTED_EDGE('',*,*,#3725,.F.);
#3911 = ORIENTED_EDGE('',*,*,#3898,.F.);
#3912 = ORIENTED_EDGE('',*,*,#3638,.T.);
#3913 = ORIENTED_EDGE('',*,*,#3914,.T.);
#3914 = EDGE_CURVE('',#3630,#3726,#3915,.T.);
#3915 = B_SPLINE_CURVE_WITH_KNOTS('',1,(#3916,#3917),.UNSPECIFIED.,.F.,
  .F.,(2,2),(-0.,1.E-03),.PIECEWISE_BEZIER_KNOTS.);
#3916 = CARTESIAN_POINT('',(3.7005,1.919073555001,9.772873159708));
#3917 = CARTESIAN_POINT('',(3.6995,1.919073555001,9.772873159708));
#3918 = B_SPLINE_SURFACE_WITH_KNOTS('',1,1,(
    (#3919,#3920)
    ,(#3921,#3922
    )),.UNSPECIFIED.,.F.,.F.,.F.,(2,2),(2,2),(-0.13491438181,0.),(
    -1.E-03,0.),.PIECEWISE_BEZIER_KNOTS.);
#3919 = CARTESIAN_POINT('',(3.6995,1.919073555001,9.772873159708));
#3920 = CARTESIAN_POINT('',(3.7005,1.919073555001,9.772873159708));
#3921 = CARTESIAN_POINT('',(3.6995,1.965160824641,9.646074681814));
#3922 = CARTESIAN_POINT('',(3.7005,1.965160824641,9.646074681814));
#3923 = ADVANCED_FACE('',(#3924),#3934,.T.);
#3924 = FACE_BOUND('',#3925,.T.);
#3925 = EDGE_LOOP('',(#3926,#3927,#3928,#3929));
#3926 = ORIENTED_EDGE('',*,*,#3732,.F.);
#3927 = ORIENTED_EDGE('',*,*,#3914,.F.);
#3928 = ORIENTED_EDGE('',*,*,#3629,.T.);
#3929 = ORIENTED_EDGE('',*,*,#3930,.T.);
#3930 = EDGE_CURVE('',#3623,#3733,#3931,.T.);
#3931 = B_SPLINE_CURVE_WITH_KNOTS('',1,(#3932,#3933),.UNSPECIFIED.,.F.,
  .F.,(2,2),(-0.,1.E-03),.PIECEWISE_BEZIER_KNOTS.);
#3932 = CARTESIAN_POINT('',(3.7005,1.914316662533,9.794240184889));
#3933 = CARTESIAN_POINT('',(3.6995,1.914316662533,9.794240184889));
#3934 = B_SPLINE_SURFACE_WITH_KNOTS('',3,1,(
    (#3935,#3936)
    ,(#3937,#3938)
    ,(#3939,#3940)
    ,(#3941,#3942
    )),.UNSPECIFIED.,.F.,.F.,.F.,(4,4),(2,2),(1.,2.),(0.,1.),
  .PIECEWISE_BEZIER_KNOTS.);
#3935 = CARTESIAN_POINT('',(3.7005,1.919073555001,9.772873159708));
#3936 = CARTESIAN_POINT('',(3.6995,1.919073555001,9.772873159708));
#3937 = CARTESIAN_POINT('',(3.7005,1.91759189997,9.777084179268));
#3938 = CARTESIAN_POINT('',(3.6995,1.91759189997,9.777084179268));
#3939 = CARTESIAN_POINT('',(3.7005,1.916032263095,9.784102545204));
#3940 = CARTESIAN_POINT('',(3.6995,1.916032263095,9.784102545204));
#3941 = CARTESIAN_POINT('',(3.7005,1.914316662533,9.794240184889));
#3942 = CARTESIAN_POINT('',(3.6995,1.914316662533,9.794240184889));
#3943 = ADVANCED_FACE('',(#3944),#3954,.T.);
#3944 = FACE_BOUND('',#3945,.T.);
#3945 = EDGE_LOOP('',(#3946,#3947,#3948,#3949));
#3946 = ORIENTED_EDGE('',*,*,#3741,.F.);
#3947 = ORIENTED_EDGE('',*,*,#3930,.F.);
#3948 = ORIENTED_EDGE('',*,*,#3622,.T.);
#3949 = ORIENTED_EDGE('',*,*,#3950,.T.);
#3950 = EDGE_CURVE('',#3614,#3742,#3951,.T.);
#3951 = B_SPLINE_CURVE_WITH_KNOTS('',1,(#3952,#3953),.UNSPECIFIED.,.F.,
  .F.,(2,2),(-0.,1.E-03),.PIECEWISE_BEZIER_KNOTS.);
#3952 = CARTESIAN_POINT('',(3.7005,1.913380880409,9.794240184889));
#3953 = CARTESIAN_POINT('',(3.6995,1.913380880409,9.794240184889));
#3954 = B_SPLINE_SURFACE_WITH_KNOTS('',1,1,(
    (#3955,#3956)
    ,(#3957,#3958
    )),.UNSPECIFIED.,.F.,.F.,.F.,(2,2),(2,2),(0.,1.000000000001E-03),(
    -9.357821236191E-04,-2.22044604925E-16),.PIECEWISE_BEZIER_KNOTS.);
#3955 = CARTESIAN_POINT('',(3.7005,1.913380880409,9.794240184889));
#3956 = CARTESIAN_POINT('',(3.7005,1.914316662533,9.794240184889));
#3957 = CARTESIAN_POINT('',(3.6995,1.913380880409,9.794240184889));
#3958 = CARTESIAN_POINT('',(3.6995,1.914316662533,9.794240184889));
#3959 = ADVANCED_FACE('',(#3960),#3970,.T.);
#3960 = FACE_BOUND('',#3961,.T.);
#3961 = EDGE_LOOP('',(#3962,#3963,#3964,#3965));
#3962 = ORIENTED_EDGE('',*,*,#3748,.F.);
#3963 = ORIENTED_EDGE('',*,*,#3950,.F.);
#3964 = ORIENTED_EDGE('',*,*,#3613,.T.);
#3965 = ORIENTED_EDGE('',*,*,#3966,.T.);
#3966 = EDGE_CURVE('',#3607,#3710,#3967,.T.);
#3967 = B_SPLINE_CURVE_WITH_KNOTS('',1,(#3968,#3969),.UNSPECIFIED.,.F.,
  .F.,(2,2),(-4.440892098501E-16,1.E-03),.PIECEWISE_BEZIER_KNOTS.);
#3968 = CARTESIAN_POINT('',(3.7005,1.90839004241,9.772873159708));
#3969 = CARTESIAN_POINT('',(3.6995,1.90839004241,9.772873159708));
#3970 = B_SPLINE_SURFACE_WITH_KNOTS('',3,1,(
    (#3971,#3972)
    ,(#3973,#3974)
    ,(#3975,#3976)
    ,(#3977,#3978
    )),.UNSPECIFIED.,.F.,.F.,.F.,(4,4),(2,2),(3.,4.),(0.,1.),
  .PIECEWISE_BEZIER_KNOTS.);
#3971 = CARTESIAN_POINT('',(3.7005,1.913380880409,9.794240184889));
#3972 = CARTESIAN_POINT('',(3.6995,1.913380880409,9.794240184889));
#3973 = CARTESIAN_POINT('',(3.7005,1.911899225378,9.78503832733));
#3974 = CARTESIAN_POINT('',(3.6995,1.911899225378,9.78503832733));
#3975 = CARTESIAN_POINT('',(3.7005,1.91026160666,9.777863997707));
#3976 = CARTESIAN_POINT('',(3.6995,1.91026160666,9.777863997707));
#3977 = CARTESIAN_POINT('',(3.7005,1.90839004241,9.772873159708));
#3978 = CARTESIAN_POINT('',(3.6995,1.90839004241,9.772873159708));
#3979 = ADVANCED_FACE('',(#3980),#3986,.T.);
#3980 = FACE_BOUND('',#3981,.T.);
#3981 = EDGE_LOOP('',(#3982,#3983,#3984,#3985));
#3982 = ORIENTED_EDGE('',*,*,#3709,.F.);
#3983 = ORIENTED_EDGE('',*,*,#3966,.F.);
#3984 = ORIENTED_EDGE('',*,*,#3606,.T.);
#3985 = ORIENTED_EDGE('',*,*,#3892,.T.);
#3986 = B_SPLINE_SURFACE_WITH_KNOTS('',1,1,(
    (#3987,#3988)
    ,(#3989,#3990
    )),.UNSPECIFIED.,.F.,.F.,.F.,(2,2),(2,2),(-0.134755265938,
    -9.109047260965E-16),(-1.000000000001E-03,0.),
  .PIECEWISE_BEZIER_KNOTS.);
#3987 = CARTESIAN_POINT('',(3.6995,1.862770663832,9.646074681814));
#3988 = CARTESIAN_POINT('',(3.7005,1.862770663832,9.646074681814));
#3989 = CARTESIAN_POINT('',(3.6995,1.90839004241,9.772873159708));
#3990 = CARTESIAN_POINT('',(3.7005,1.90839004241,9.772873159708));
#3991 = MANIFOLD_SOLID_BREP('',#3992);
#3992 = CLOSED_SHELL('',(#3993,#4029,#4057,#4085,#4113,#4141,#4169,#4197
    ,#4225,#4253,#4281,#4309,#4329,#4349));
#3993 = ADVANCED_FACE('',(#3994),#4024,.F.);
#3994 = FACE_BOUND('',#3995,.T.);
#3995 = EDGE_LOOP('',(#3996,#4005,#4012,#4019));
#3996 = ORIENTED_EDGE('',*,*,#3997,.T.);
#3997 = EDGE_CURVE('',#3998,#4000,#4002,.T.);
#3998 = VERTEX_POINT('',#3999);
#3999 = CARTESIAN_POINT('',(3.6995,0.991713469437,9.044210811954));
#4000 = VERTEX_POINT('',#4001);
#4001 = CARTESIAN_POINT('',(3.6995,0.991713469437,9.078990714254));
#4002 = B_SPLINE_CURVE_WITH_KNOTS('',1,(#4003,#4004),.UNSPECIFIED.,.F.,
  .F.,(2,2),(-3.477990230068E-02,0.),.PIECEWISE_BEZIER_KNOTS.);
#4003 = CARTESIAN_POINT('',(3.6995,0.991713469437,9.044210811954));
#4004 = CARTESIAN_POINT('',(3.6995,0.991713469437,9.078990714254));
#4005 = ORIENTED_EDGE('',*,*,#4006,.F.);
#4006 = EDGE_CURVE('',#4007,#4000,#4009,.T.);
#4007 = VERTEX_POINT('',#4008);
#4008 = CARTESIAN_POINT('',(3.7005,0.991713469437,9.078990714254));
#4009 = B_SPLINE_CURVE_WITH_KNOTS('',1,(#4010,#4011),.UNSPECIFIED.,.F.,
  .F.,(2,2),(-0.,1.E-03),.PIECEWISE_BEZIER_KNOTS.);
#4010 = CARTESIAN_POINT('',(3.7005,0.991713469437,9.078990714254));
#4011 = CARTESIAN_POINT('',(3.6995,0.991713469437,9.078990714254));
#4012 = ORIENTED_EDGE('',*,*,#4013,.F.);
#4013 = EDGE_CURVE('',#4014,#4007,#4016,.T.);
#4014 = VERTEX_POINT('',#4015);
#4015 = CARTESIAN_POINT('',(3.7005,0.991713469437,9.044210811954));
#4016 = B_SPLINE_CURVE_WITH_KNOTS('',1,(#4017,#4018),.UNSPECIFIED.,.F.,
  .F.,(2,2),(-3.477990230068E-02,0.),.PIECEWISE_BEZIER_KNOTS.);
#4017 = CARTESIAN_POINT('',(3.7005,0.991713469437,9.044210811954));
#4018 = CARTESIAN_POINT('',(3.7005,0.991713469437,9.078990714254));
#4019 = ORIENTED_EDGE('',*,*,#4020,.T.);
#4020 = EDGE_CURVE('',#4014,#3998,#4021,.T.);
#4021 = B_SPLINE_CURVE_WITH_KNOTS('',1,(#4022,#4023),.UNSPECIFIED.,.F.,
  .F.,(2,2),(-0.,1.E-03),.PIECEWISE_BEZIER_KNOTS.);
#4022 = CARTESIAN_POINT('',(3.7005,0.991713469437,9.044210811954));
#4023 = CARTESIAN_POINT('',(3.6995,0.991713469437,9.044210811954));
#4024 = B_SPLINE_SURFACE_WITH_KNOTS('',1,1,(
    (#4025,#4026)
    ,(#4027,#4028
    )),.UNSPECIFIED.,.F.,.F.,.F.,(2,2),(2,2),(-0.,3.477990230068E-02),(
    -1.E-03,0.),.PIECEWISE_BEZIER_KNOTS.);
#4025 = CARTESIAN_POINT('',(3.6995,0.991713469437,9.078990714254));
#4026 = CARTESIAN_POINT('',(3.7005,0.991713469437,9.078990714254));
#4027 = CARTESIAN_POINT('',(3.6995,0.991713469437,9.044210811954));
#4028 = CARTESIAN_POINT('',(3.7005,0.991713469437,9.044210811954));
#4029 = ADVANCED_FACE('',(#4030),#4052,.F.);
#4030 = FACE_BOUND('',#4031,.T.);
#4031 = EDGE_LOOP('',(#4032,#4039,#4046,#4051));
#4032 = ORIENTED_EDGE('',*,*,#4033,.T.);
#4033 = EDGE_CURVE('',#4000,#4034,#4036,.T.);
#4034 = VERTEX_POINT('',#4035);
#4035 = CARTESIAN_POINT('',(3.6995,0.867020501322,9.078990714254));
#4036 = B_SPLINE_CURVE_WITH_KNOTS('',1,(#4037,#4038),.UNSPECIFIED.,.F.,
  .F.,(2,2),(-0.124692968115,-0.),.PIECEWISE_BEZIER_KNOTS.);
#4037 = CARTESIAN_POINT('',(3.6995,0.991713469437,9.078990714254));
#4038 = CARTESIAN_POINT('',(3.6995,0.867020501322,9.078990714254));
#4039 = ORIENTED_EDGE('',*,*,#4040,.F.);
#4040 = EDGE_CURVE('',#4041,#4034,#4043,.T.);
#4041 = VERTEX_POINT('',#4042);
#4042 = CARTESIAN_POINT('',(3.7005,0.867020501322,9.078990714254));
#4043 = B_SPLINE_CURVE_WITH_KNOTS('',1,(#4044,#4045),.UNSPECIFIED.,.F.,
  .F.,(2,2),(-0.,1.E-03),.PIECEWISE_BEZIER_KNOTS.);
#4044 = CARTESIAN_POINT('',(3.7005,0.867020501322,9.078990714254));
#4045 = CARTESIAN_POINT('',(3.6995,0.867020501322,9.078990714254));
#4046 = ORIENTED_EDGE('',*,*,#4047,.F.);
#4047 = EDGE_CURVE('',#4007,#4041,#4048,.T.);
#4048 = B_SPLINE_CURVE_WITH_KNOTS('',1,(#4049,#4050),.UNSPECIFIED.,.F.,
  .F.,(2,2),(-0.124692968115,-0.),.PIECEWISE_BEZIER_KNOTS.);
#4049 = CARTESIAN_POINT('',(3.7005,0.991713469437,9.078990714254));
#4050 = CARTESIAN_POINT('',(3.7005,0.867020501322,9.078990714254));
#4051 = ORIENTED_EDGE('',*,*,#4006,.T.);
#4052 = B_SPLINE_SURFACE_WITH_KNOTS('',1,1,(
    (#4053,#4054)
    ,(#4055,#4056
    )),.UNSPECIFIED.,.F.,.F.,.F.,(2,2),(2,2),(0.,1.E-03),(0.,
    0.124692968115),.PIECEWISE_BEZIER_KNOTS.);
#4053 = CARTESIAN_POINT('',(3.7005,0.867020501322,9.078990714254));
#4054 = CARTESIAN_POINT('',(3.7005,0.991713469437,9.078990714254));
#4055 = CARTESIAN_POINT('',(3.6995,0.867020501322,9.078990714254));
#4056 = CARTESIAN_POINT('',(3.6995,0.991713469437,9.078990714254));
#4057 = ADVANCED_FACE('',(#4058),#4080,.F.);
#4058 = FACE_BOUND('',#4059,.T.);
#4059 = EDGE_LOOP('',(#4060,#4067,#4074,#4079));
#4060 = ORIENTED_EDGE('',*,*,#4061,.T.);
#4061 = EDGE_CURVE('',#4034,#4062,#4064,.T.);
#4062 = VERTEX_POINT('',#4063);
#4063 = CARTESIAN_POINT('',(3.6995,0.867020501322,9.181614820594));
#4064 = B_SPLINE_CURVE_WITH_KNOTS('',1,(#4065,#4066),.UNSPECIFIED.,.F.,
  .F.,(2,2),(-0.10262410634,0.),.PIECEWISE_BEZIER_KNOTS.);
#4065 = CARTESIAN_POINT('',(3.6995,0.867020501322,9.078990714254));
#4066 = CARTESIAN_POINT('',(3.6995,0.867020501322,9.181614820594));
#4067 = ORIENTED_EDGE('',*,*,#4068,.F.);
#4068 = EDGE_CURVE('',#4069,#4062,#4071,.T.);
#4069 = VERTEX_POINT('',#4070);
#4070 = CARTESIAN_POINT('',(3.7005,0.867020501322,9.181614820594));
#4071 = B_SPLINE_CURVE_WITH_KNOTS('',1,(#4072,#4073),.UNSPECIFIED.,.F.,
  .F.,(2,2),(-0.,1.E-03),.PIECEWISE_BEZIER_KNOTS.);
#4072 = CARTESIAN_POINT('',(3.7005,0.867020501322,9.181614820594));
#4073 = CARTESIAN_POINT('',(3.6995,0.867020501322,9.181614820594));
#4074 = ORIENTED_EDGE('',*,*,#4075,.F.);
#4075 = EDGE_CURVE('',#4041,#4069,#4076,.T.);
#4076 = B_SPLINE_CURVE_WITH_KNOTS('',1,(#4077,#4078),.UNSPECIFIED.,.F.,
  .F.,(2,2),(-0.10262410634,0.),.PIECEWISE_BEZIER_KNOTS.);
#4077 = CARTESIAN_POINT('',(3.7005,0.867020501322,9.078990714254));
#4078 = CARTESIAN_POINT('',(3.7005,0.867020501322,9.181614820594));
#4079 = ORIENTED_EDGE('',*,*,#4040,.T.);
#4080 = B_SPLINE_SURFACE_WITH_KNOTS('',1,1,(
    (#4081,#4082)
    ,(#4083,#4084
    )),.UNSPECIFIED.,.F.,.F.,.F.,(2,2),(2,2),(0.,0.10262410634),(-1.E-03
    ,0.),.PIECEWISE_BEZIER_KNOTS.);
#4081 = CARTESIAN_POINT('',(3.6995,0.867020501322,9.181614820594));
#4082 = CARTESIAN_POINT('',(3.7005,0.867020501322,9.181614820594));
#4083 = CARTESIAN_POINT('',(3.6995,0.867020501322,9.078990714254));
#4084 = CARTESIAN_POINT('',(3.7005,0.867020501322,9.078990714254));
#4085 = ADVANCED_FACE('',(#4086),#4108,.F.);
#4086 = FACE_BOUND('',#4087,.T.);
#4087 = EDGE_LOOP('',(#4088,#4095,#4102,#4107));
#4088 = ORIENTED_EDGE('',*,*,#4089,.T.);
#4089 = EDGE_CURVE('',#4062,#4090,#4092,.T.);
#4090 = VERTEX_POINT('',#4091);
#4091 = CARTESIAN_POINT('',(3.6995,0.976117100692,9.181614820594));
#4092 = B_SPLINE_CURVE_WITH_KNOTS('',1,(#4093,#4094),.UNSPECIFIED.,.F.,
  .F.,(2,2),(-0.10909659937,0.),.PIECEWISE_BEZIER_KNOTS.);
#4093 = CARTESIAN_POINT('',(3.6995,0.867020501322,9.181614820594));
#4094 = CARTESIAN_POINT('',(3.6995,0.976117100692,9.181614820594));
#4095 = ORIENTED_EDGE('',*,*,#4096,.F.);
#4096 = EDGE_CURVE('',#4097,#4090,#4099,.T.);
#4097 = VERTEX_POINT('',#4098);
#4098 = CARTESIAN_POINT('',(3.7005,0.976117100692,9.181614820594));
#4099 = B_SPLINE_CURVE_WITH_KNOTS('',1,(#4100,#4101),.UNSPECIFIED.,.F.,
  .F.,(2,2),(-0.,1.E-03),.PIECEWISE_BEZIER_KNOTS.);
#4100 = CARTESIAN_POINT('',(3.7005,0.976117100692,9.181614820594));
#4101 = CARTESIAN_POINT('',(3.6995,0.976117100692,9.181614820594));
#4102 = ORIENTED_EDGE('',*,*,#4103,.F.);
#4103 = EDGE_CURVE('',#4069,#4097,#4104,.T.);
#4104 = B_SPLINE_CURVE_WITH_KNOTS('',1,(#4105,#4106),.UNSPECIFIED.,.F.,
  .F.,(2,2),(-0.10909659937,0.),.PIECEWISE_BEZIER_KNOTS.);
#4105 = CARTESIAN_POINT('',(3.7005,0.867020501322,9.181614820594));
#4106 = CARTESIAN_POINT('',(3.7005,0.976117100692,9.181614820594));
#4107 = ORIENTED_EDGE('',*,*,#4068,.T.);
#4108 = B_SPLINE_SURFACE_WITH_KNOTS('',1,1,(
    (#4109,#4110)
    ,(#4111,#4112
    )),.UNSPECIFIED.,.F.,.F.,.F.,(2,2),(2,2),(-0.,0.10909659937),(
    -1.E-03,0.),.PIECEWISE_BEZIER_KNOTS.);
#4109 = CARTESIAN_POINT('',(3.6995,0.976117100692,9.181614820594));
#4110 = CARTESIAN_POINT('',(3.7005,0.976117100692,9.181614820594));
#4111 = CARTESIAN_POINT('',(3.6995,0.867020501322,9.181614820594));
#4112 = CARTESIAN_POINT('',(3.7005,0.867020501322,9.181614820594));
#4113 = ADVANCED_FACE('',(#4114),#4136,.F.);
#4114 = FACE_BOUND('',#4115,.T.);
#4115 = EDGE_LOOP('',(#4116,#4123,#4130,#4135));
#4116 = ORIENTED_EDGE('',*,*,#4117,.T.);
#4117 = EDGE_CURVE('',#4090,#4118,#4120,.T.);
#4118 = VERTEX_POINT('',#4119);
#4119 = CARTESIAN_POINT('',(3.6995,0.976117100692,9.216550686582));
#4120 = B_SPLINE_CURVE_WITH_KNOTS('',1,(#4121,#4122),.UNSPECIFIED.,.F.,
  .F.,(2,2),(-3.493586598795E-02,0.),.PIECEWISE_BEZIER_KNOTS.);
#4121 = CARTESIAN_POINT('',(3.6995,0.976117100692,9.181614820594));
#4122 = CARTESIAN_POINT('',(3.6995,0.976117100692,9.216550686582));
#4123 = ORIENTED_EDGE('',*,*,#4124,.F.);
#4124 = EDGE_CURVE('',#4125,#4118,#4127,.T.);
#4125 = VERTEX_POINT('',#4126);
#4126 = CARTESIAN_POINT('',(3.7005,0.976117100692,9.216550686582));
#4127 = B_SPLINE_CURVE_WITH_KNOTS('',1,(#4128,#4129),.UNSPECIFIED.,.F.,
  .F.,(2,2),(-0.,1.E-03),.PIECEWISE_BEZIER_KNOTS.);
#4128 = CARTESIAN_POINT('',(3.7005,0.976117100692,9.216550686582));
#4129 = CARTESIAN_POINT('',(3.6995,0.976117100692,9.216550686582));
#4130 = ORIENTED_EDGE('',*,*,#4131,.F.);
#4131 = EDGE_CURVE('',#4097,#4125,#4132,.T.);
#4132 = B_SPLINE_CURVE_WITH_KNOTS('',1,(#4133,#4134),.UNSPECIFIED.,.F.,
  .F.,(2,2),(-3.493586598795E-02,0.),.PIECEWISE_BEZIER_KNOTS.);
#4133 = CARTESIAN_POINT('',(3.7005,0.976117100692,9.181614820594));
#4134 = CARTESIAN_POINT('',(3.7005,0.976117100692,9.216550686582));
#4135 = ORIENTED_EDGE('',*,*,#4096,.T.);
#4136 = B_SPLINE_SURFACE_WITH_KNOTS('',1,1,(
    (#4137,#4138)
    ,(#4139,#4140
    )),.UNSPECIFIED.,.F.,.F.,.F.,(2,2),(2,2),(0.,3.493586598795E-02),(
    -1.E-03,0.),.PIECEWISE_BEZIER_KNOTS.);
#4137 = CARTESIAN_POINT('',(3.6995,0.976117100692,9.216550686582));
#4138 = CARTESIAN_POINT('',(3.7005,0.976117100692,9.216550686582));
#4139 = CARTESIAN_POINT('',(3.6995,0.976117100692,9.181614820594));
#4140 = CARTESIAN_POINT('',(3.7005,0.976117100692,9.181614820594));
#4141 = ADVANCED_FACE('',(#4142),#4164,.F.);
#4142 = FACE_BOUND('',#4143,.T.);
#4143 = EDGE_LOOP('',(#4144,#4151,#4158,#4163));
#4144 = ORIENTED_EDGE('',*,*,#4145,.T.);
#4145 = EDGE_CURVE('',#4118,#4146,#4148,.T.);
#4146 = VERTEX_POINT('',#4147);
#4147 = CARTESIAN_POINT('',(3.6995,0.867020501322,9.216550686582));
#4148 = B_SPLINE_CURVE_WITH_KNOTS('',1,(#4149,#4150),.UNSPECIFIED.,.F.,
  .F.,(2,2),(-0.10909659937,-0.),.PIECEWISE_BEZIER_KNOTS.);
#4149 = CARTESIAN_POINT('',(3.6995,0.976117100692,9.216550686582));
#4150 = CARTESIAN_POINT('',(3.6995,0.867020501322,9.216550686582));
#4151 = ORIENTED_EDGE('',*,*,#4152,.F.);
#4152 = EDGE_CURVE('',#4153,#4146,#4155,.T.);
#4153 = VERTEX_POINT('',#4154);
#4154 = CARTESIAN_POINT('',(3.7005,0.867020501322,9.216550686582));
#4155 = B_SPLINE_CURVE_WITH_KNOTS('',1,(#4156,#4157),.UNSPECIFIED.,.F.,
  .F.,(2,2),(-0.,1.E-03),.PIECEWISE_BEZIER_KNOTS.);
#4156 = CARTESIAN_POINT('',(3.7005,0.867020501322,9.216550686582));
#4157 = CARTESIAN_POINT('',(3.6995,0.867020501322,9.216550686582));
#4158 = ORIENTED_EDGE('',*,*,#4159,.F.);
#4159 = EDGE_CURVE('',#4125,#4153,#4160,.T.);
#4160 = B_SPLINE_CURVE_WITH_KNOTS('',1,(#4161,#4162),.UNSPECIFIED.,.F.,
  .F.,(2,2),(-0.10909659937,-0.),.PIECEWISE_BEZIER_KNOTS.);
#4161 = CARTESIAN_POINT('',(3.7005,0.976117100692,9.216550686582));
#4162 = CARTESIAN_POINT('',(3.7005,0.867020501322,9.216550686582));
#4163 = ORIENTED_EDGE('',*,*,#4124,.T.);
#4164 = B_SPLINE_SURFACE_WITH_KNOTS('',1,1,(
    (#4165,#4166)
    ,(#4167,#4168
    )),.UNSPECIFIED.,.F.,.F.,.F.,(2,2),(2,2),(0.,0.10909659937),(-1.E-03
    ,0.),.PIECEWISE_BEZIER_KNOTS.);
#4165 = CARTESIAN_POINT('',(3.6995,0.867020501322,9.216550686582));
#4166 = CARTESIAN_POINT('',(3.7005,0.867020501322,9.216550686582));
#4167 = CARTESIAN_POINT('',(3.6995,0.976117100692,9.216550686582));
#4168 = CARTESIAN_POINT('',(3.7005,0.976117100692,9.216550686582));
#4169 = ADVANCED_FACE('',(#4170),#4192,.F.);
#4170 = FACE_BOUND('',#4171,.T.);
#4171 = EDGE_LOOP('',(#4172,#4179,#4186,#4191));
#4172 = ORIENTED_EDGE('',*,*,#4173,.T.);
#4173 = EDGE_CURVE('',#4146,#4174,#4176,.T.);
#4174 = VERTEX_POINT('',#4175);
#4175 = CARTESIAN_POINT('',(3.6995,0.867020501322,9.314183954926));
#4176 = B_SPLINE_CURVE_WITH_KNOTS('',1,(#4177,#4178),.UNSPECIFIED.,.F.,
  .F.,(2,2),(-9.763326834319E-02,0.),.PIECEWISE_BEZIER_KNOTS.);
#4177 = CARTESIAN_POINT('',(3.6995,0.867020501322,9.216550686582));
#4178 = CARTESIAN_POINT('',(3.6995,0.867020501322,9.314183954926));
#4179 = ORIENTED_EDGE('',*,*,#4180,.F.);
#4180 = EDGE_CURVE('',#4181,#4174,#4183,.T.);
#4181 = VERTEX_POINT('',#4182);
#4182 = CARTESIAN_POINT('',(3.7005,0.867020501322,9.314183954926));
#4183 = B_SPLINE_CURVE_WITH_KNOTS('',1,(#4184,#4185),.UNSPECIFIED.,.F.,
  .F.,(2,2),(-0.,1.E-03),.PIECEWISE_BEZIER_KNOTS.);
#4184 = CARTESIAN_POINT('',(3.7005,0.867020501322,9.314183954926));
#4185 = CARTESIAN_POINT('',(3.6995,0.867020501322,9.314183954926));
#4186 = ORIENTED_EDGE('',*,*,#4187,.F.);
#4187 = EDGE_CURVE('',#4153,#4181,#4188,.T.);
#4188 = B_SPLINE_CURVE_WITH_KNOTS('',1,(#4189,#4190),.UNSPECIFIED.,.F.,
  .F.,(2,2),(-9.763326834319E-02,0.),.PIECEWISE_BEZIER_KNOTS.);
#4189 = CARTESIAN_POINT('',(3.7005,0.867020501322,9.216550686582));
#4190 = CARTESIAN_POINT('',(3.7005,0.867020501322,9.314183954926));
#4191 = ORIENTED_EDGE('',*,*,#4152,.T.);
#4192 = B_SPLINE_SURFACE_WITH_KNOTS('',1,1,(
    (#4193,#4194)
    ,(#4195,#4196
    )),.UNSPECIFIED.,.F.,.F.,.F.,(2,2),(2,2),(0.,9.763326834319E-02),(
    -1.E-03,0.),.PIECEWISE_BEZIER_KNOTS.);
#4193 = CARTESIAN_POINT('',(3.6995,0.867020501322,9.314183954926));
#4194 = CARTESIAN_POINT('',(3.7005,0.867020501322,9.314183954926));
#4195 = CARTESIAN_POINT('',(3.6995,0.867020501322,9.216550686582));
#4196 = CARTESIAN_POINT('',(3.7005,0.867020501322,9.216550686582));
#4197 = ADVANCED_FACE('',(#4198),#4220,.F.);
#4198 = FACE_BOUND('',#4199,.T.);
#4199 = EDGE_LOOP('',(#4200,#4207,#4214,#4219));
#4200 = ORIENTED_EDGE('',*,*,#4201,.T.);
#4201 = EDGE_CURVE('',#4174,#4202,#4204,.T.);
#4202 = VERTEX_POINT('',#4203);
#4203 = CARTESIAN_POINT('',(3.6995,0.984773085345,9.314183954926));
#4204 = B_SPLINE_CURVE_WITH_KNOTS('',1,(#4205,#4206),.UNSPECIFIED.,.F.,
  .F.,(2,2),(-0.117752584023,0.),.PIECEWISE_BEZIER_KNOTS.);
#4205 = CARTESIAN_POINT('',(3.6995,0.867020501322,9.314183954926));
#4206 = CARTESIAN_POINT('',(3.6995,0.984773085345,9.314183954926));
#4207 = ORIENTED_EDGE('',*,*,#4208,.F.);
#4208 = EDGE_CURVE('',#4209,#4202,#4211,.T.);
#4209 = VERTEX_POINT('',#4210);
#4210 = CARTESIAN_POINT('',(3.7005,0.984773085345,9.314183954926));
#4211 = B_SPLINE_CURVE_WITH_KNOTS('',1,(#4212,#4213),.UNSPECIFIED.,.F.,
  .F.,(2,2),(-0.,1.E-03),.PIECEWISE_BEZIER_KNOTS.);
#4212 = CARTESIAN_POINT('',(3.7005,0.984773085345,9.314183954926));
#4213 = CARTESIAN_POINT('',(3.6995,0.984773085345,9.314183954926));
#4214 = ORIENTED_EDGE('',*,*,#4215,.F.);
#4215 = EDGE_CURVE('',#4181,#4209,#4216,.T.);
#4216 = B_SPLINE_CURVE_WITH_KNOTS('',1,(#4217,#4218),.UNSPECIFIED.,.F.,
  .F.,(2,2),(-0.117752584023,0.),.PIECEWISE_BEZIER_KNOTS.);
#4217 = CARTESIAN_POINT('',(3.7005,0.867020501322,9.314183954926));
#4218 = CARTESIAN_POINT('',(3.7005,0.984773085345,9.314183954926));
#4219 = ORIENTED_EDGE('',*,*,#4180,.T.);
#4220 = B_SPLINE_SURFACE_WITH_KNOTS('',1,1,(
    (#4221,#4222)
    ,(#4223,#4224
    )),.UNSPECIFIED.,.F.,.F.,.F.,(2,2),(2,2),(-1.E-03,0.),(
    -0.117752584023,0.),.PIECEWISE_BEZIER_KNOTS.);
#4221 = CARTESIAN_POINT('',(3.6995,0.867020501322,9.314183954926));
#4222 = CARTESIAN_POINT('',(3.6995,0.984773085345,9.314183954926));
#4223 = CARTESIAN_POINT('',(3.7005,0.867020501322,9.314183954926));
#4224 = CARTESIAN_POINT('',(3.7005,0.984773085345,9.314183954926));
#4225 = ADVANCED_FACE('',(#4226),#4248,.F.);
#4226 = FACE_BOUND('',#4227,.T.);
#4227 = EDGE_LOOP('',(#4228,#4235,#4242,#4247));
#4228 = ORIENTED_EDGE('',*,*,#4229,.T.);
#4229 = EDGE_CURVE('',#4202,#4230,#4232,.T.);
#4230 = VERTEX_POINT('',#4231);
#4231 = CARTESIAN_POINT('',(3.6995,0.984773085345,9.349275784601));
#4232 = B_SPLINE_CURVE_WITH_KNOTS('',1,(#4233,#4234),.UNSPECIFIED.,.F.,
  .F.,(2,2),(-3.509182967521E-02,0.),.PIECEWISE_BEZIER_KNOTS.);
#4233 = CARTESIAN_POINT('',(3.6995,0.984773085345,9.314183954926));
#4234 = CARTESIAN_POINT('',(3.6995,0.984773085345,9.349275784601));
#4235 = ORIENTED_EDGE('',*,*,#4236,.F.);
#4236 = EDGE_CURVE('',#4237,#4230,#4239,.T.);
#4237 = VERTEX_POINT('',#4238);
#4238 = CARTESIAN_POINT('',(3.7005,0.984773085345,9.349275784601));
#4239 = B_SPLINE_CURVE_WITH_KNOTS('',1,(#4240,#4241),.UNSPECIFIED.,.F.,
  .F.,(2,2),(-0.,1.E-03),.PIECEWISE_BEZIER_KNOTS.);
#4240 = CARTESIAN_POINT('',(3.7005,0.984773085345,9.349275784601));
#4241 = CARTESIAN_POINT('',(3.6995,0.984773085345,9.349275784601));
#4242 = ORIENTED_EDGE('',*,*,#4243,.F.);
#4243 = EDGE_CURVE('',#4209,#4237,#4244,.T.);
#4244 = B_SPLINE_CURVE_WITH_KNOTS('',1,(#4245,#4246),.UNSPECIFIED.,.F.,
  .F.,(2,2),(-3.509182967521E-02,0.),.PIECEWISE_BEZIER_KNOTS.);
#4245 = CARTESIAN_POINT('',(3.7005,0.984773085345,9.314183954926));
#4246 = CARTESIAN_POINT('',(3.7005,0.984773085345,9.349275784601));
#4247 = ORIENTED_EDGE('',*,*,#4208,.T.);
#4248 = B_SPLINE_SURFACE_WITH_KNOTS('',1,1,(
    (#4249,#4250)
    ,(#4251,#4252
    )),.UNSPECIFIED.,.F.,.F.,.F.,(2,2),(2,2),(-0.,3.509182967521E-02),(
    -1.E-03,0.),.PIECEWISE_BEZIER_KNOTS.);
#4249 = CARTESIAN_POINT('',(3.6995,0.984773085345,9.349275784601));
#4250 = CARTESIAN_POINT('',(3.7005,0.984773085345,9.349275784601));
#4251 = CARTESIAN_POINT('',(3.6995,0.984773085345,9.314183954926));
#4252 = CARTESIAN_POINT('',(3.7005,0.984773085345,9.314183954926));
#4253 = ADVANCED_FACE('',(#4254),#4276,.F.);
#4254 = FACE_BOUND('',#4255,.T.);
#4255 = EDGE_LOOP('',(#4256,#4263,#4270,#4275));
#4256 = ORIENTED_EDGE('',*,*,#4257,.T.);
#4257 = EDGE_CURVE('',#4230,#4258,#4260,.T.);
#4258 = VERTEX_POINT('',#4259);
#4259 = CARTESIAN_POINT('',(3.6995,0.827639670242,9.349275784601));
#4260 = B_SPLINE_CURVE_WITH_KNOTS('',1,(#4261,#4262),.UNSPECIFIED.,.F.,
  .F.,(2,2),(-0.157133415103,-0.),.PIECEWISE_BEZIER_KNOTS.);
#4261 = CARTESIAN_POINT('',(3.6995,0.984773085345,9.349275784601));
#4262 = CARTESIAN_POINT('',(3.6995,0.827639670242,9.349275784601));
#4263 = ORIENTED_EDGE('',*,*,#4264,.F.);
#4264 = EDGE_CURVE('',#4265,#4258,#4267,.T.);
#4265 = VERTEX_POINT('',#4266);
#4266 = CARTESIAN_POINT('',(3.7005,0.827639670242,9.349275784601));
#4267 = B_SPLINE_CURVE_WITH_KNOTS('',1,(#4268,#4269),.UNSPECIFIED.,.F.,
  .F.,(2,2),(-0.,1.E-03),.PIECEWISE_BEZIER_KNOTS.);
#4268 = CARTESIAN_POINT('',(3.7005,0.827639670242,9.349275784601));
#4269 = CARTESIAN_POINT('',(3.6995,0.827639670242,9.349275784601));
#4270 = ORIENTED_EDGE('',*,*,#4271,.F.);
#4271 = EDGE_CURVE('',#4237,#4265,#4272,.T.);
#4272 = B_SPLINE_CURVE_WITH_KNOTS('',1,(#4273,#4274),.UNSPECIFIED.,.F.,
  .F.,(2,2),(-0.157133415103,-0.),.PIECEWISE_BEZIER_KNOTS.);
#4273 = CARTESIAN_POINT('',(3.7005,0.984773085345,9.349275784601));
#4274 = CARTESIAN_POINT('',(3.7005,0.827639670242,9.349275784601));
#4275 = ORIENTED_EDGE('',*,*,#4236,.T.);
#4276 = B_SPLINE_SURFACE_WITH_KNOTS('',1,1,(
    (#4277,#4278)
    ,(#4279,#4280
    )),.UNSPECIFIED.,.F.,.F.,.F.,(2,2),(2,2),(0.,0.157133415103),(
    -1.E-03,0.),.PIECEWISE_BEZIER_KNOTS.);
#4277 = CARTESIAN_POINT('',(3.6995,0.827639670242,9.349275784601));
#4278 = CARTESIAN_POINT('',(3.7005,0.827639670242,9.349275784601));
#4279 = CARTESIAN_POINT('',(3.6995,0.984773085345,9.349275784601));
#4280 = CARTESIAN_POINT('',(3.7005,0.984773085345,9.349275784601));
#4281 = ADVANCED_FACE('',(#4282),#4304,.F.);
#4282 = FACE_BOUND('',#4283,.T.);
#4283 = EDGE_LOOP('',(#4284,#4291,#4298,#4303));
#4284 = ORIENTED_EDGE('',*,*,#4285,.T.);
#4285 = EDGE_CURVE('',#4258,#4286,#4288,.T.);
#4286 = VERTEX_POINT('',#4287);
#4287 = CARTESIAN_POINT('',(3.6995,0.827639670242,9.044210811954));
#4288 = B_SPLINE_CURVE_WITH_KNOTS('',1,(#4289,#4290),.UNSPECIFIED.,.F.,
  .F.,(2,2),(-0.305064972647,0.),.PIECEWISE_BEZIER_KNOTS.);
#4289 = CARTESIAN_POINT('',(3.6995,0.827639670242,9.349275784601));
#4290 = CARTESIAN_POINT('',(3.6995,0.827639670242,9.044210811954));
#4291 = ORIENTED_EDGE('',*,*,#4292,.F.);
#4292 = EDGE_CURVE('',#4293,#4286,#4295,.T.);
#4293 = VERTEX_POINT('',#4294);
#4294 = CARTESIAN_POINT('',(3.7005,0.827639670242,9.044210811954));
#4295 = B_SPLINE_CURVE_WITH_KNOTS('',1,(#4296,#4297),.UNSPECIFIED.,.F.,
  .F.,(2,2),(-0.,1.E-03),.PIECEWISE_BEZIER_KNOTS.);
#4296 = CARTESIAN_POINT('',(3.7005,0.827639670242,9.044210811954));
#4297 = CARTESIAN_POINT('',(3.6995,0.827639670242,9.044210811954));
#4298 = ORIENTED_EDGE('',*,*,#4299,.F.);
#4299 = EDGE_CURVE('',#4265,#4293,#4300,.T.);
#4300 = B_SPLINE_CURVE_WITH_KNOTS('',1,(#4301,#4302),.UNSPECIFIED.,.F.,
  .F.,(2,2),(-0.305064972647,0.),.PIECEWISE_BEZIER_KNOTS.);
#4301 = CARTESIAN_POINT('',(3.7005,0.827639670242,9.349275784601));
#4302 = CARTESIAN_POINT('',(3.7005,0.827639670242,9.044210811954));
#4303 = ORIENTED_EDGE('',*,*,#4264,.T.);
#4304 = B_SPLINE_SURFACE_WITH_KNOTS('',1,1,(
    (#4305,#4306)
    ,(#4307,#4308
    )),.UNSPECIFIED.,.F.,.F.,.F.,(2,2),(2,2),(0.,0.305064972647),(
    -1.E-03,0.),.PIECEWISE_BEZIER_KNOTS.);
#4305 = CARTESIAN_POINT('',(3.6995,0.827639670242,9.044210811954));
#4306 = CARTESIAN_POINT('',(3.7005,0.827639670242,9.044210811954));
#4307 = CARTESIAN_POINT('',(3.6995,0.827639670242,9.349275784601));
#4308 = CARTESIAN_POINT('',(3.7005,0.827639670242,9.349275784601));
#4309 = ADVANCED_FACE('',(#4310),#4324,.F.);
#4310 = FACE_BOUND('',#4311,.T.);
#4311 = EDGE_LOOP('',(#4312,#4317,#4318,#4323));
#4312 = ORIENTED_EDGE('',*,*,#4313,.T.);
#4313 = EDGE_CURVE('',#4286,#3998,#4314,.T.);
#4314 = B_SPLINE_CURVE_WITH_KNOTS('',1,(#4315,#4316),.UNSPECIFIED.,.F.,
  .F.,(2,2),(-0.164073799195,0.),.PIECEWISE_BEZIER_KNOTS.);
#4315 = CARTESIAN_POINT('',(3.6995,0.827639670242,9.044210811954));
#4316 = CARTESIAN_POINT('',(3.6995,0.991713469437,9.044210811954));
#4317 = ORIENTED_EDGE('',*,*,#4020,.F.);
#4318 = ORIENTED_EDGE('',*,*,#4319,.F.);
#4319 = EDGE_CURVE('',#4293,#4014,#4320,.T.);
#4320 = B_SPLINE_CURVE_WITH_KNOTS('',1,(#4321,#4322),.UNSPECIFIED.,.F.,
  .F.,(2,2),(-0.164073799195,0.),.PIECEWISE_BEZIER_KNOTS.);
#4321 = CARTESIAN_POINT('',(3.7005,0.827639670242,9.044210811954));
#4322 = CARTESIAN_POINT('',(3.7005,0.991713469437,9.044210811954));
#4323 = ORIENTED_EDGE('',*,*,#4292,.T.);
#4324 = B_SPLINE_SURFACE_WITH_KNOTS('',1,1,(
    (#4325,#4326)
    ,(#4327,#4328
    )),.UNSPECIFIED.,.F.,.F.,.F.,(2,2),(2,2),(-1.E-03,0.),(
    -0.164073799195,0.),.PIECEWISE_BEZIER_KNOTS.);
#4325 = CARTESIAN_POINT('',(3.6995,0.827639670242,9.044210811954));
#4326 = CARTESIAN_POINT('',(3.6995,0.991713469437,9.044210811954));
#4327 = CARTESIAN_POINT('',(3.7005,0.827639670242,9.044210811954));
#4328 = CARTESIAN_POINT('',(3.7005,0.991713469437,9.044210811954));
#4329 = ADVANCED_FACE('',(#4330),#4344,.F.);
#4330 = FACE_BOUND('',#4331,.T.);
#4331 = EDGE_LOOP('',(#4332,#4333,#4334,#4335,#4336,#4337,#4338,#4339,
    #4340,#4341,#4342,#4343));
#4332 = ORIENTED_EDGE('',*,*,#4013,.T.);
#4333 = ORIENTED_EDGE('',*,*,#4047,.T.);
#4334 = ORIENTED_EDGE('',*,*,#4075,.T.);
#4335 = ORIENTED_EDGE('',*,*,#4103,.T.);
#4336 = ORIENTED_EDGE('',*,*,#4131,.T.);
#4337 = ORIENTED_EDGE('',*,*,#4159,.T.);
#4338 = ORIENTED_EDGE('',*,*,#4187,.T.);
#4339 = ORIENTED_EDGE('',*,*,#4215,.T.);
#4340 = ORIENTED_EDGE('',*,*,#4243,.T.);
#4341 = ORIENTED_EDGE('',*,*,#4271,.T.);
#4342 = ORIENTED_EDGE('',*,*,#4299,.T.);
#4343 = ORIENTED_EDGE('',*,*,#4319,.T.);
#4344 = B_SPLINE_SURFACE_WITH_KNOTS('',1,1,(
    (#4345,#4346)
    ,(#4347,#4348
    )),.UNSPECIFIED.,.F.,.F.,.F.,(2,2),(2,2),(5.644210711954,
    5.949275684601),(0.827639670242,0.991713469437),
  .PIECEWISE_BEZIER_KNOTS.);
#4345 = CARTESIAN_POINT('',(3.7005,0.827639670242,9.044210811954));
#4346 = CARTESIAN_POINT('',(3.7005,0.991713469437,9.044210811954));
#4347 = CARTESIAN_POINT('',(3.7005,0.827639670242,9.349275784601));
#4348 = CARTESIAN_POINT('',(3.7005,0.991713469437,9.349275784601));
#4349 = ADVANCED_FACE('',(#4350),#4364,.T.);
#4350 = FACE_BOUND('',#4351,.T.);
#4351 = EDGE_LOOP('',(#4352,#4353,#4354,#4355,#4356,#4357,#4358,#4359,
    #4360,#4361,#4362,#4363));
#4352 = ORIENTED_EDGE('',*,*,#3997,.F.);
#4353 = ORIENTED_EDGE('',*,*,#4313,.F.);
#4354 = ORIENTED_EDGE('',*,*,#4285,.F.);
#4355 = ORIENTED_EDGE('',*,*,#4257,.F.);
#4356 = ORIENTED_EDGE('',*,*,#4229,.F.);
#4357 = ORIENTED_EDGE('',*,*,#4201,.F.);
#4358 = ORIENTED_EDGE('',*,*,#4173,.F.);
#4359 = ORIENTED_EDGE('',*,*,#4145,.F.);
#4360 = ORIENTED_EDGE('',*,*,#4117,.F.);
#4361 = ORIENTED_EDGE('',*,*,#4089,.F.);
#4362 = ORIENTED_EDGE('',*,*,#4061,.F.);
#4363 = ORIENTED_EDGE('',*,*,#4033,.F.);
#4364 = B_SPLINE_SURFACE_WITH_KNOTS('',1,1,(
    (#4365,#4366)
    ,(#4367,#4368
    )),.UNSPECIFIED.,.F.,.F.,.F.,(2,2),(2,2),(5.644210711954,
    5.949275684601),(0.827639670242,0.991713469437),
  .PIECEWISE_BEZIER_KNOTS.);
#4365 = CARTESIAN_POINT('',(3.6995,0.827639670242,9.044210811954));
#4366 = CARTESIAN_POINT('',(3.6995,0.991713469437,9.044210811954));
#4367 = CARTESIAN_POINT('',(3.6995,0.827639670242,9.349275784601));
#4368 = CARTESIAN_POINT('',(3.6995,0.991713469437,9.349275784601));
#4369 = MANIFOLD_SOLID_BREP('',#4370);
#4370 = CLOSED_SHELL('',(#4371,#4563,#4755,#4779,#4795,#4815,#4835,#4851
    ,#4871,#4891,#4911,#4931,#4947,#4963,#4979,#4995,#5011,#5035,#5055,
    #5075,#5095,#5115,#5135,#5151));
#4371 = ADVANCED_FACE('',(#4372,#4488),#4558,.T.);
#4372 = FACE_BOUND('',#4373,.T.);
#4373 = EDGE_LOOP('',(#4374,#4385,#4392,#4401,#4410,#4417,#4426,#4435,
    #4444,#4453,#4460,#4467,#4474,#4481));
#4374 = ORIENTED_EDGE('',*,*,#4375,.T.);
#4375 = EDGE_CURVE('',#4376,#4378,#4380,.T.);
#4376 = VERTEX_POINT('',#4377);
#4377 = CARTESIAN_POINT('',(3.7005,1.124594531143,9.267082921316));
#4378 = VERTEX_POINT('',#4379);
#4379 = CARTESIAN_POINT('',(3.7005,1.04957599748,9.246807641948));
#4380 = B_SPLINE_CURVE_WITH_KNOTS('',3,(#4381,#4382,#4383,#4384),
  .UNSPECIFIED.,.F.,.F.,(4,4),(0.,1.),.PIECEWISE_BEZIER_KNOTS.);
#4381 = CARTESIAN_POINT('',(3.7005,1.124594531143,9.267082921316));
#4382 = CARTESIAN_POINT('',(3.7005,1.096209140027,9.267082921316));
#4383 = CARTESIAN_POINT('',(3.7005,1.071176968192,9.260376482755));
#4384 = CARTESIAN_POINT('',(3.7005,1.04957599748,9.246807641948));
#4385 = ORIENTED_EDGE('',*,*,#4386,.T.);
#4386 = EDGE_CURVE('',#4378,#4387,#4389,.T.);
#4387 = VERTEX_POINT('',#4388);
#4388 = CARTESIAN_POINT('',(3.7005,1.04957599748,9.209688284334));
#4389 = B_SPLINE_CURVE_WITH_KNOTS('',1,(#4390,#4391),.UNSPECIFIED.,.F.,
  .F.,(2,2),(-3.711935761389E-02,0.),.PIECEWISE_BEZIER_KNOTS.);
#4390 = CARTESIAN_POINT('',(3.7005,1.04957599748,9.246807641948));
#4391 = CARTESIAN_POINT('',(3.7005,1.04957599748,9.209688284334));
#4392 = ORIENTED_EDGE('',*,*,#4393,.T.);
#4393 = EDGE_CURVE('',#4387,#4394,#4396,.T.);
#4394 = VERTEX_POINT('',#4395);
#4395 = CARTESIAN_POINT('',(3.7005,1.121007366331,9.236046147514));
#4396 = B_SPLINE_CURVE_WITH_KNOTS('',3,(#4397,#4398,#4399,#4400),
  .UNSPECIFIED.,.F.,.F.,(4,4),(12.,13.),.PIECEWISE_BEZIER_KNOTS.);
#4397 = CARTESIAN_POINT('',(3.7005,1.04957599748,9.209688284334));
#4398 = CARTESIAN_POINT('',(3.7005,1.071098986348,9.227156217329));
#4399 = CARTESIAN_POINT('',(3.7005,1.094883448684,9.236046147514));
#4400 = CARTESIAN_POINT('',(3.7005,1.121007366331,9.236046147514));
#4401 = ORIENTED_EDGE('',*,*,#4402,.T.);
#4402 = EDGE_CURVE('',#4394,#4403,#4405,.T.);
#4403 = VERTEX_POINT('',#4404);
#4404 = CARTESIAN_POINT('',(3.7005,1.165145089879,9.182706566407));
#4405 = B_SPLINE_CURVE_WITH_KNOTS('',3,(#4406,#4407,#4408,#4409),
  .UNSPECIFIED.,.F.,.F.,(4,4),(11.,12.),.PIECEWISE_BEZIER_KNOTS.);
#4406 = CARTESIAN_POINT('',(3.7005,1.121007366331,9.236046147514));
#4407 = CARTESIAN_POINT('',(3.7005,1.150406521415,9.236046147514));
#4408 = CARTESIAN_POINT('',(3.7005,1.165145089879,9.218266287144));
#4409 = CARTESIAN_POINT('',(3.7005,1.165145089879,9.182706566407));
#4410 = ORIENTED_EDGE('',*,*,#4411,.T.);
#4411 = EDGE_CURVE('',#4403,#4412,#4414,.T.);
#4412 = VERTEX_POINT('',#4413);
#4413 = CARTESIAN_POINT('',(3.7005,1.100576123275,9.173660672535));
#4414 = B_SPLINE_CURVE_WITH_KNOTS('',1,(#4415,#4416),.UNSPECIFIED.,.F.,
  .F.,(2,2),(-6.519953714706E-02,-0.),.PIECEWISE_BEZIER_KNOTS.);
#4415 = CARTESIAN_POINT('',(3.7005,1.165145089879,9.182706566407));
#4416 = CARTESIAN_POINT('',(3.7005,1.100576123275,9.173660672535));
#4417 = ORIENTED_EDGE('',*,*,#4418,.T.);
#4418 = EDGE_CURVE('',#4412,#4419,#4421,.T.);
#4419 = VERTEX_POINT('',#4420);
#4420 = CARTESIAN_POINT('',(3.7005,1.028286954143,9.102541231059));
#4421 = B_SPLINE_CURVE_WITH_KNOTS('',3,(#4422,#4423,#4424,#4425),
  .UNSPECIFIED.,.F.,.F.,(4,4),(9.,10.),.PIECEWISE_BEZIER_KNOTS.);
#4422 = CARTESIAN_POINT('',(3.7005,1.100576123275,9.173660672535));
#4423 = CARTESIAN_POINT('',(3.7005,1.052383343855,9.166954233974));
#4424 = CARTESIAN_POINT('',(3.7005,1.028286954143,9.143247753482));
#4425 = CARTESIAN_POINT('',(3.7005,1.028286954143,9.102541231059));
#4426 = ORIENTED_EDGE('',*,*,#4427,.T.);
#4427 = EDGE_CURVE('',#4419,#4428,#4430,.T.);
#4428 = VERTEX_POINT('',#4429);
#4429 = CARTESIAN_POINT('',(3.7005,1.047002596638,9.056220015886));
#4430 = B_SPLINE_CURVE_WITH_KNOTS('',3,(#4431,#4432,#4433,#4434),
  .UNSPECIFIED.,.F.,.F.,(4,4),(8.,9.),.PIECEWISE_BEZIER_KNOTS.);
#4431 = CARTESIAN_POINT('',(3.7005,1.028286954143,9.102541231059));
#4432 = CARTESIAN_POINT('',(3.7005,1.028286954143,9.083045770128));
#4433 = CARTESIAN_POINT('',(3.7005,1.034525501642,9.067605365069));
#4434 = CARTESIAN_POINT('',(3.7005,1.047002596638,9.056220015886));
#4435 = ORIENTED_EDGE('',*,*,#4436,.T.);
#4436 = EDGE_CURVE('',#4428,#4437,#4439,.T.);
#4437 = VERTEX_POINT('',#4438);
#4438 = CARTESIAN_POINT('',(3.7005,1.097378867683,9.039064010268));
#4439 = B_SPLINE_CURVE_WITH_KNOTS('',3,(#4440,#4441,#4442,#4443),
  .UNSPECIFIED.,.F.,.F.,(4,4),(7.,8.),.PIECEWISE_BEZIER_KNOTS.);
#4440 = CARTESIAN_POINT('',(3.7005,1.047002596638,9.056220015886));
#4441 = CARTESIAN_POINT('',(3.7005,1.059479691633,9.044834666703));
#4442 = CARTESIAN_POINT('',(3.7005,1.076245788034,9.039064010268));
#4443 = CARTESIAN_POINT('',(3.7005,1.097378867683,9.039064010268));
#4444 = ORIENTED_EDGE('',*,*,#4445,.T.);
#4445 = EDGE_CURVE('',#4437,#4446,#4448,.T.);
#4446 = VERTEX_POINT('',#4447);
#4447 = CARTESIAN_POINT('',(3.7005,1.16413132591,9.077898968441));
#4448 = B_SPLINE_CURVE_WITH_KNOTS('',3,(#4449,#4450,#4451,#4452),
  .UNSPECIFIED.,.F.,.F.,(4,4),(6.,7.),.PIECEWISE_BEZIER_KNOTS.);
#4449 = CARTESIAN_POINT('',(3.7005,1.097378867683,9.039064010268));
#4450 = CARTESIAN_POINT('',(3.7005,1.126778022767,9.039064010268));
#4451 = CARTESIAN_POINT('',(3.7005,1.149080830072,9.052008996326));
#4452 = CARTESIAN_POINT('',(3.7005,1.16413132591,9.077898968441));
#4453 = ORIENTED_EDGE('',*,*,#4454,.T.);
#4454 = EDGE_CURVE('',#4446,#4455,#4457,.T.);
#4455 = VERTEX_POINT('',#4456);
#4456 = CARTESIAN_POINT('',(3.7005,1.165145089879,9.077898968441));
#4457 = B_SPLINE_CURVE_WITH_KNOTS('',1,(#4458,#4459),.UNSPECIFIED.,.F.,
  .F.,(2,2),(-1.013763968292E-03,0.),.PIECEWISE_BEZIER_KNOTS.);
#4458 = CARTESIAN_POINT('',(3.7005,1.16413132591,9.077898968441));
#4459 = CARTESIAN_POINT('',(3.7005,1.165145089879,9.077898968441));
#4460 = ORIENTED_EDGE('',*,*,#4461,.T.);
#4461 = EDGE_CURVE('',#4455,#4462,#4464,.T.);
#4462 = VERTEX_POINT('',#4463);
#4463 = CARTESIAN_POINT('',(3.7005,1.165145089879,9.044210811954));
#4464 = B_SPLINE_CURVE_WITH_KNOTS('',1,(#4465,#4466),.UNSPECIFIED.,.F.,
  .F.,(2,2),(-3.368815648771E-02,-0.),.PIECEWISE_BEZIER_KNOTS.);
#4465 = CARTESIAN_POINT('',(3.7005,1.165145089879,9.077898968441));
#4466 = CARTESIAN_POINT('',(3.7005,1.165145089879,9.044210811954));
#4467 = ORIENTED_EDGE('',*,*,#4468,.T.);
#4468 = EDGE_CURVE('',#4462,#4469,#4471,.T.);
#4469 = VERTEX_POINT('',#4470);
#4470 = CARTESIAN_POINT('',(3.7005,1.203356193303,9.044210811954));
#4471 = B_SPLINE_CURVE_WITH_KNOTS('',1,(#4472,#4473),.UNSPECIFIED.,.F.,
  .F.,(2,2),(-3.821110342477E-02,0.),.PIECEWISE_BEZIER_KNOTS.);
#4472 = CARTESIAN_POINT('',(3.7005,1.165145089879,9.044210811954));
#4473 = CARTESIAN_POINT('',(3.7005,1.203356193303,9.044210811954));
#4474 = ORIENTED_EDGE('',*,*,#4475,.T.);
#4475 = EDGE_CURVE('',#4469,#4476,#4478,.T.);
#4476 = VERTEX_POINT('',#4477);
#4477 = CARTESIAN_POINT('',(3.7005,1.203356193303,9.184422166967));
#4478 = B_SPLINE_CURVE_WITH_KNOTS('',1,(#4479,#4480),.UNSPECIFIED.,.F.,
  .F.,(2,2),(-0.140211355014,0.),.PIECEWISE_BEZIER_KNOTS.);
#4479 = CARTESIAN_POINT('',(3.7005,1.203356193303,9.044210811954));
#4480 = CARTESIAN_POINT('',(3.7005,1.203356193303,9.184422166967));
#4481 = ORIENTED_EDGE('',*,*,#4482,.T.);
#4482 = EDGE_CURVE('',#4476,#4376,#4483,.T.);
#4483 = B_SPLINE_CURVE_WITH_KNOTS('',3,(#4484,#4485,#4486,#4487),
  .UNSPECIFIED.,.F.,.F.,(4,4),(1.,2.),.PIECEWISE_BEZIER_KNOTS.);
#4484 = CARTESIAN_POINT('',(3.7005,1.203356193303,9.184422166967));
#4485 = CARTESIAN_POINT('',(3.7005,1.203356193303,9.239633312325));
#4486 = CARTESIAN_POINT('',(3.7005,1.177076311968,9.267082921316));
#4487 = CARTESIAN_POINT('',(3.7005,1.124594531143,9.267082921316));
#4488 = FACE_BOUND('',#4489,.T.);
#4489 = EDGE_LOOP('',(#4490,#4501,#4510,#4517,#4524,#4533,#4542,#4551));
#4490 = ORIENTED_EDGE('',*,*,#4491,.F.);
#4491 = EDGE_CURVE('',#4492,#4494,#4496,.T.);
#4492 = VERTEX_POINT('',#4493);
#4493 = CARTESIAN_POINT('',(3.7005,1.077181570159,9.133266077485));
#4494 = VERTEX_POINT('',#4495);
#4495 = CARTESIAN_POINT('',(3.7005,1.067043930475,9.105660504807));
#4496 = B_SPLINE_CURVE_WITH_KNOTS('',3,(#4497,#4498,#4499,#4500),
  .UNSPECIFIED.,.F.,.F.,(4,4),(1.,2.),.PIECEWISE_BEZIER_KNOTS.);
#4497 = CARTESIAN_POINT('',(3.7005,1.077181570159,9.133266077485));
#4498 = CARTESIAN_POINT('',(3.7005,1.070475131598,9.126715602613));
#4499 = CARTESIAN_POINT('',(3.7005,1.067043930475,9.117513745054));
#4500 = CARTESIAN_POINT('',(3.7005,1.067043930475,9.105660504807));
#4501 = ORIENTED_EDGE('',*,*,#4502,.F.);
#4502 = EDGE_CURVE('',#4503,#4492,#4505,.T.);
#4503 = VERTEX_POINT('',#4504);
#4504 = CARTESIAN_POINT('',(3.7005,1.114144964083,9.146678954606));
#4505 = B_SPLINE_CURVE_WITH_KNOTS('',3,(#4506,#4507,#4508,#4509),
  .UNSPECIFIED.,.F.,.F.,(4,4),(0.,1.),.PIECEWISE_BEZIER_KNOTS.);
#4506 = CARTESIAN_POINT('',(3.7005,1.114144964083,9.146678954606));
#4507 = CARTESIAN_POINT('',(3.7005,1.096287121871,9.144183535606));
#4508 = CARTESIAN_POINT('',(3.7005,1.083965990562,9.139816552358));
#4509 = CARTESIAN_POINT('',(3.7005,1.077181570159,9.133266077485));
#4510 = ORIENTED_EDGE('',*,*,#4511,.F.);
#4511 = EDGE_CURVE('',#4512,#4503,#4514,.T.);
#4512 = VERTEX_POINT('',#4513);
#4513 = CARTESIAN_POINT('',(3.7005,1.165145089879,9.153541356855));
#4514 = B_SPLINE_CURVE_WITH_KNOTS('',1,(#4515,#4516),.UNSPECIFIED.,.F.,
  .F.,(2,2),(-0.,5.145974539159E-02),.PIECEWISE_BEZIER_KNOTS.);
#4515 = CARTESIAN_POINT('',(3.7005,1.165145089879,9.153541356855));
#4516 = CARTESIAN_POINT('',(3.7005,1.114144964083,9.146678954606));
#4517 = ORIENTED_EDGE('',*,*,#4518,.F.);
#4518 = EDGE_CURVE('',#4519,#4512,#4521,.T.);
#4519 = VERTEX_POINT('',#4520);
#4520 = CARTESIAN_POINT('',(3.7005,1.165145089879,9.132642222736));
#4521 = B_SPLINE_CURVE_WITH_KNOTS('',1,(#4522,#4523),.UNSPECIFIED.,.F.,
  .F.,(2,2),(0.,2.08991341191E-02),.PIECEWISE_BEZIER_KNOTS.);
#4522 = CARTESIAN_POINT('',(3.7005,1.165145089879,9.132642222736));
#4523 = CARTESIAN_POINT('',(3.7005,1.165145089879,9.153541356855));
#4524 = ORIENTED_EDGE('',*,*,#4525,.F.);
#4525 = EDGE_CURVE('',#4526,#4519,#4528,.T.);
#4526 = VERTEX_POINT('',#4527);
#4527 = CARTESIAN_POINT('',(3.7005,1.148768902697,9.088192571814));
#4528 = B_SPLINE_CURVE_WITH_KNOTS('',3,(#4529,#4530,#4531,#4532),
  .UNSPECIFIED.,.F.,.F.,(4,4),(5.,6.),.PIECEWISE_BEZIER_KNOTS.);
#4529 = CARTESIAN_POINT('',(3.7005,1.148768902697,9.088192571814));
#4530 = CARTESIAN_POINT('',(3.7005,1.159686360818,9.099889848371));
#4531 = CARTESIAN_POINT('',(3.7005,1.165145089879,9.114706398679));
#4532 = CARTESIAN_POINT('',(3.7005,1.165145089879,9.132642222736));
#4533 = ORIENTED_EDGE('',*,*,#4534,.F.);
#4534 = EDGE_CURVE('',#4535,#4526,#4537,.T.);
#4535 = VERTEX_POINT('',#4536);
#4536 = CARTESIAN_POINT('',(3.7005,1.107282561836,9.070412711444));
#4537 = B_SPLINE_CURVE_WITH_KNOTS('',3,(#4538,#4539,#4540,#4541),
  .UNSPECIFIED.,.F.,.F.,(4,4),(4.,5.),.PIECEWISE_BEZIER_KNOTS.);
#4538 = CARTESIAN_POINT('',(3.7005,1.107282561836,9.070412711444));
#4539 = CARTESIAN_POINT('',(3.7005,1.124048658236,9.070412711444));
#4540 = CARTESIAN_POINT('',(3.7005,1.137929426419,9.076339331567));
#4541 = CARTESIAN_POINT('',(3.7005,1.148768902697,9.088192571814));
#4542 = ORIENTED_EDGE('',*,*,#4543,.F.);
#4543 = EDGE_CURVE('',#4544,#4535,#4546,.T.);
#4544 = VERTEX_POINT('',#4545);
#4545 = CARTESIAN_POINT('',(3.7005,1.078117352283,9.080238423753));
#4546 = B_SPLINE_CURVE_WITH_KNOTS('',3,(#4547,#4548,#4549,#4550),
  .UNSPECIFIED.,.F.,.F.,(4,4),(3.,4.),.PIECEWISE_BEZIER_KNOTS.);
#4547 = CARTESIAN_POINT('',(3.7005,1.078117352283,9.080238423753));
#4548 = CARTESIAN_POINT('',(3.7005,1.085447645593,9.073687948881));
#4549 = CARTESIAN_POINT('',(3.7005,1.095195376058,9.070412711444));
#4550 = CARTESIAN_POINT('',(3.7005,1.107282561836,9.070412711444));
#4551 = ORIENTED_EDGE('',*,*,#4552,.F.);
#4552 = EDGE_CURVE('',#4494,#4544,#4553,.T.);
#4553 = B_SPLINE_CURVE_WITH_KNOTS('',3,(#4554,#4555,#4556,#4557),
  .UNSPECIFIED.,.F.,.F.,(4,4),(2.,3.),.PIECEWISE_BEZIER_KNOTS.);
#4554 = CARTESIAN_POINT('',(3.7005,1.067043930475,9.105660504807));
#4555 = CARTESIAN_POINT('',(3.7005,1.067043930475,9.095210937749));
#4556 = CARTESIAN_POINT('',(3.7005,1.07070907713,9.086788898626));
#4557 = CARTESIAN_POINT('',(3.7005,1.078117352283,9.080238423753));
#4558 = B_SPLINE_SURFACE_WITH_KNOTS('',1,1,(
    (#4559,#4560)
    ,(#4561,#4562
    )),.UNSPECIFIED.,.F.,.F.,.F.,(2,2),(2,2),(-5.049324381341E-03,
    0.222969586667),(-5.625415251646E-02,0.118815086644),
  .PIECEWISE_BEZIER_KNOTS.);
#4559 = CARTESIAN_POINT('',(3.7005,1.028286954143,9.267082921316));
#4560 = CARTESIAN_POINT('',(3.7005,1.203356193303,9.267082921316));
#4561 = CARTESIAN_POINT('',(3.7005,1.028286954143,9.039064010268));
#4562 = CARTESIAN_POINT('',(3.7005,1.203356193303,9.039064010268));
#4563 = ADVANCED_FACE('',(#4564,#4680),#4750,.F.);
#4564 = FACE_BOUND('',#4565,.T.);
#4565 = EDGE_LOOP('',(#4566,#4577,#4586,#4593,#4600,#4607,#4614,#4623,
    #4632,#4641,#4650,#4657,#4666,#4675));
#4566 = ORIENTED_EDGE('',*,*,#4567,.F.);
#4567 = EDGE_CURVE('',#4568,#4570,#4572,.T.);
#4568 = VERTEX_POINT('',#4569);
#4569 = CARTESIAN_POINT('',(3.6995,1.124594531143,9.267082921316));
#4570 = VERTEX_POINT('',#4571);
#4571 = CARTESIAN_POINT('',(3.6995,1.04957599748,9.246807641948));
#4572 = B_SPLINE_CURVE_WITH_KNOTS('',3,(#4573,#4574,#4575,#4576),
  .UNSPECIFIED.,.F.,.F.,(4,4),(0.,1.),.PIECEWISE_BEZIER_KNOTS.);
#4573 = CARTESIAN_POINT('',(3.6995,1.124594531143,9.267082921316));
#4574 = CARTESIAN_POINT('',(3.6995,1.096209140027,9.267082921316));
#4575 = CARTESIAN_POINT('',(3.6995,1.071176968192,9.260376482755));
#4576 = CARTESIAN_POINT('',(3.6995,1.04957599748,9.246807641948));
#4577 = ORIENTED_EDGE('',*,*,#4578,.F.);
#4578 = EDGE_CURVE('',#4579,#4568,#4581,.T.);
#4579 = VERTEX_POINT('',#4580);
#4580 = CARTESIAN_POINT('',(3.6995,1.203356193303,9.184422166967));
#4581 = B_SPLINE_CURVE_WITH_KNOTS('',3,(#4582,#4583,#4584,#4585),
  .UNSPECIFIED.,.F.,.F.,(4,4),(1.,2.),.PIECEWISE_BEZIER_KNOTS.);
#4582 = CARTESIAN_POINT('',(3.6995,1.203356193303,9.184422166967));
#4583 = CARTESIAN_POINT('',(3.6995,1.203356193303,9.239633312325));
#4584 = CARTESIAN_POINT('',(3.6995,1.177076311968,9.267082921316));
#4585 = CARTESIAN_POINT('',(3.6995,1.124594531143,9.267082921316));
#4586 = ORIENTED_EDGE('',*,*,#4587,.F.);
#4587 = EDGE_CURVE('',#4588,#4579,#4590,.T.);
#4588 = VERTEX_POINT('',#4589);
#4589 = CARTESIAN_POINT('',(3.6995,1.203356193303,9.044210811954));
#4590 = B_SPLINE_CURVE_WITH_KNOTS('',1,(#4591,#4592),.UNSPECIFIED.,.F.,
  .F.,(2,2),(-0.140211355014,0.),.PIECEWISE_BEZIER_KNOTS.);
#4591 = CARTESIAN_POINT('',(3.6995,1.203356193303,9.044210811954));
#4592 = CARTESIAN_POINT('',(3.6995,1.203356193303,9.184422166967));
#4593 = ORIENTED_EDGE('',*,*,#4594,.F.);
#4594 = EDGE_CURVE('',#4595,#4588,#4597,.T.);
#4595 = VERTEX_POINT('',#4596);
#4596 = CARTESIAN_POINT('',(3.6995,1.165145089879,9.044210811954));
#4597 = B_SPLINE_CURVE_WITH_KNOTS('',1,(#4598,#4599),.UNSPECIFIED.,.F.,
  .F.,(2,2),(-3.821110342477E-02,0.),.PIECEWISE_BEZIER_KNOTS.);
#4598 = CARTESIAN_POINT('',(3.6995,1.165145089879,9.044210811954));
#4599 = CARTESIAN_POINT('',(3.6995,1.203356193303,9.044210811954));
#4600 = ORIENTED_EDGE('',*,*,#4601,.F.);
#4601 = EDGE_CURVE('',#4602,#4595,#4604,.T.);
#4602 = VERTEX_POINT('',#4603);
#4603 = CARTESIAN_POINT('',(3.6995,1.165145089879,9.077898968441));
#4604 = B_SPLINE_CURVE_WITH_KNOTS('',1,(#4605,#4606),.UNSPECIFIED.,.F.,
  .F.,(2,2),(-3.368815648771E-02,-0.),.PIECEWISE_BEZIER_KNOTS.);
#4605 = CARTESIAN_POINT('',(3.6995,1.165145089879,9.077898968441));
#4606 = CARTESIAN_POINT('',(3.6995,1.165145089879,9.044210811954));
#4607 = ORIENTED_EDGE('',*,*,#4608,.F.);
#4608 = EDGE_CURVE('',#4609,#4602,#4611,.T.);
#4609 = VERTEX_POINT('',#4610);
#4610 = CARTESIAN_POINT('',(3.6995,1.16413132591,9.077898968441));
#4611 = B_SPLINE_CURVE_WITH_KNOTS('',1,(#4612,#4613),.UNSPECIFIED.,.F.,
  .F.,(2,2),(-1.013763968292E-03,0.),.PIECEWISE_BEZIER_KNOTS.);
#4612 = CARTESIAN_POINT('',(3.6995,1.16413132591,9.077898968441));
#4613 = CARTESIAN_POINT('',(3.6995,1.165145089879,9.077898968441));
#4614 = ORIENTED_EDGE('',*,*,#4615,.F.);
#4615 = EDGE_CURVE('',#4616,#4609,#4618,.T.);
#4616 = VERTEX_POINT('',#4617);
#4617 = CARTESIAN_POINT('',(3.6995,1.097378867683,9.039064010268));
#4618 = B_SPLINE_CURVE_WITH_KNOTS('',3,(#4619,#4620,#4621,#4622),
  .UNSPECIFIED.,.F.,.F.,(4,4),(6.,7.),.PIECEWISE_BEZIER_KNOTS.);
#4619 = CARTESIAN_POINT('',(3.6995,1.097378867683,9.039064010268));
#4620 = CARTESIAN_POINT('',(3.6995,1.126778022767,9.039064010268));
#4621 = CARTESIAN_POINT('',(3.6995,1.149080830072,9.052008996326));
#4622 = CARTESIAN_POINT('',(3.6995,1.16413132591,9.077898968441));
#4623 = ORIENTED_EDGE('',*,*,#4624,.F.);
#4624 = EDGE_CURVE('',#4625,#4616,#4627,.T.);
#4625 = VERTEX_POINT('',#4626);
#4626 = CARTESIAN_POINT('',(3.6995,1.047002596638,9.056220015886));
#4627 = B_SPLINE_CURVE_WITH_KNOTS('',3,(#4628,#4629,#4630,#4631),
  .UNSPECIFIED.,.F.,.F.,(4,4),(7.,8.),.PIECEWISE_BEZIER_KNOTS.);
#4628 = CARTESIAN_POINT('',(3.6995,1.047002596638,9.056220015886));
#4629 = CARTESIAN_POINT('',(3.6995,1.059479691633,9.044834666703));
#4630 = CARTESIAN_POINT('',(3.6995,1.076245788034,9.039064010268));
#4631 = CARTESIAN_POINT('',(3.6995,1.097378867683,9.039064010268));
#4632 = ORIENTED_EDGE('',*,*,#4633,.F.);
#4633 = EDGE_CURVE('',#4634,#4625,#4636,.T.);
#4634 = VERTEX_POINT('',#4635);
#4635 = CARTESIAN_POINT('',(3.6995,1.028286954143,9.102541231059));
#4636 = B_SPLINE_CURVE_WITH_KNOTS('',3,(#4637,#4638,#4639,#4640),
  .UNSPECIFIED.,.F.,.F.,(4,4),(8.,9.),.PIECEWISE_BEZIER_KNOTS.);
#4637 = CARTESIAN_POINT('',(3.6995,1.028286954143,9.102541231059));
#4638 = CARTESIAN_POINT('',(3.6995,1.028286954143,9.083045770128));
#4639 = CARTESIAN_POINT('',(3.6995,1.034525501642,9.067605365069));
#4640 = CARTESIAN_POINT('',(3.6995,1.047002596638,9.056220015886));
#4641 = ORIENTED_EDGE('',*,*,#4642,.F.);
#4642 = EDGE_CURVE('',#4643,#4634,#4645,.T.);
#4643 = VERTEX_POINT('',#4644);
#4644 = CARTESIAN_POINT('',(3.6995,1.100576123275,9.173660672535));
#4645 = B_SPLINE_CURVE_WITH_KNOTS('',3,(#4646,#4647,#4648,#4649),
  .UNSPECIFIED.,.F.,.F.,(4,4),(9.,10.),.PIECEWISE_BEZIER_KNOTS.);
#4646 = CARTESIAN_POINT('',(3.6995,1.100576123275,9.173660672535));
#4647 = CARTESIAN_POINT('',(3.6995,1.052383343855,9.166954233974));
#4648 = CARTESIAN_POINT('',(3.6995,1.028286954143,9.143247753482));
#4649 = CARTESIAN_POINT('',(3.6995,1.028286954143,9.102541231059));
#4650 = ORIENTED_EDGE('',*,*,#4651,.F.);
#4651 = EDGE_CURVE('',#4652,#4643,#4654,.T.);
#4652 = VERTEX_POINT('',#4653);
#4653 = CARTESIAN_POINT('',(3.6995,1.165145089879,9.182706566407));
#4654 = B_SPLINE_CURVE_WITH_KNOTS('',1,(#4655,#4656),.UNSPECIFIED.,.F.,
  .F.,(2,2),(-6.519953714706E-02,-0.),.PIECEWISE_BEZIER_KNOTS.);
#4655 = CARTESIAN_POINT('',(3.6995,1.165145089879,9.182706566407));
#4656 = CARTESIAN_POINT('',(3.6995,1.100576123275,9.173660672535));
#4657 = ORIENTED_EDGE('',*,*,#4658,.F.);
#4658 = EDGE_CURVE('',#4659,#4652,#4661,.T.);
#4659 = VERTEX_POINT('',#4660);
#4660 = CARTESIAN_POINT('',(3.6995,1.121007366331,9.236046147514));
#4661 = B_SPLINE_CURVE_WITH_KNOTS('',3,(#4662,#4663,#4664,#4665),
  .UNSPECIFIED.,.F.,.F.,(4,4),(11.,12.),.PIECEWISE_BEZIER_KNOTS.);
#4662 = CARTESIAN_POINT('',(3.6995,1.121007366331,9.236046147514));
#4663 = CARTESIAN_POINT('',(3.6995,1.150406521415,9.236046147514));
#4664 = CARTESIAN_POINT('',(3.6995,1.165145089879,9.218266287144));
#4665 = CARTESIAN_POINT('',(3.6995,1.165145089879,9.182706566407));
#4666 = ORIENTED_EDGE('',*,*,#4667,.F.);
#4667 = EDGE_CURVE('',#4668,#4659,#4670,.T.);
#4668 = VERTEX_POINT('',#4669);
#4669 = CARTESIAN_POINT('',(3.6995,1.04957599748,9.209688284334));
#4670 = B_SPLINE_CURVE_WITH_KNOTS('',3,(#4671,#4672,#4673,#4674),
  .UNSPECIFIED.,.F.,.F.,(4,4),(12.,13.),.PIECEWISE_BEZIER_KNOTS.);
#4671 = CARTESIAN_POINT('',(3.6995,1.04957599748,9.209688284334));
#4672 = CARTESIAN_POINT('',(3.6995,1.071098986348,9.227156217329));
#4673 = CARTESIAN_POINT('',(3.6995,1.094883448684,9.236046147514));
#4674 = CARTESIAN_POINT('',(3.6995,1.121007366331,9.236046147514));
#4675 = ORIENTED_EDGE('',*,*,#4676,.F.);
#4676 = EDGE_CURVE('',#4570,#4668,#4677,.T.);
#4677 = B_SPLINE_CURVE_WITH_KNOTS('',1,(#4678,#4679),.UNSPECIFIED.,.F.,
  .F.,(2,2),(-3.711935761389E-02,0.),.PIECEWISE_BEZIER_KNOTS.);
#4678 = CARTESIAN_POINT('',(3.6995,1.04957599748,9.246807641948));
#4679 = CARTESIAN_POINT('',(3.6995,1.04957599748,9.209688284334));
#4680 = FACE_BOUND('',#4681,.T.);
#4681 = EDGE_LOOP('',(#4682,#4693,#4702,#4711,#4720,#4729,#4738,#4745));
#4682 = ORIENTED_EDGE('',*,*,#4683,.T.);
#4683 = EDGE_CURVE('',#4684,#4686,#4688,.T.);
#4684 = VERTEX_POINT('',#4685);
#4685 = CARTESIAN_POINT('',(3.6995,1.114144964083,9.146678954606));
#4686 = VERTEX_POINT('',#4687);
#4687 = CARTESIAN_POINT('',(3.6995,1.077181570159,9.133266077485));
#4688 = B_SPLINE_CURVE_WITH_KNOTS('',3,(#4689,#4690,#4691,#4692),
  .UNSPECIFIED.,.F.,.F.,(4,4),(0.,1.),.PIECEWISE_BEZIER_KNOTS.);
#4689 = CARTESIAN_POINT('',(3.6995,1.114144964083,9.146678954606));
#4690 = CARTESIAN_POINT('',(3.6995,1.096287121871,9.144183535606));
#4691 = CARTESIAN_POINT('',(3.6995,1.083965990562,9.139816552358));
#4692 = CARTESIAN_POINT('',(3.6995,1.077181570159,9.133266077485));
#4693 = ORIENTED_EDGE('',*,*,#4694,.T.);
#4694 = EDGE_CURVE('',#4686,#4695,#4697,.T.);
#4695 = VERTEX_POINT('',#4696);
#4696 = CARTESIAN_POINT('',(3.6995,1.067043930475,9.105660504807));
#4697 = B_SPLINE_CURVE_WITH_KNOTS('',3,(#4698,#4699,#4700,#4701),
  .UNSPECIFIED.,.F.,.F.,(4,4),(1.,2.),.PIECEWISE_BEZIER_KNOTS.);
#4698 = CARTESIAN_POINT('',(3.6995,1.077181570159,9.133266077485));
#4699 = CARTESIAN_POINT('',(3.6995,1.070475131598,9.126715602613));
#4700 = CARTESIAN_POINT('',(3.6995,1.067043930475,9.117513745054));
#4701 = CARTESIAN_POINT('',(3.6995,1.067043930475,9.105660504807));
#4702 = ORIENTED_EDGE('',*,*,#4703,.T.);
#4703 = EDGE_CURVE('',#4695,#4704,#4706,.T.);
#4704 = VERTEX_POINT('',#4705);
#4705 = CARTESIAN_POINT('',(3.6995,1.078117352283,9.080238423753));
#4706 = B_SPLINE_CURVE_WITH_KNOTS('',3,(#4707,#4708,#4709,#4710),
  .UNSPECIFIED.,.F.,.F.,(4,4),(2.,3.),.PIECEWISE_BEZIER_KNOTS.);
#4707 = CARTESIAN_POINT('',(3.6995,1.067043930475,9.105660504807));
#4708 = CARTESIAN_POINT('',(3.6995,1.067043930475,9.095210937749));
#4709 = CARTESIAN_POINT('',(3.6995,1.07070907713,9.086788898626));
#4710 = CARTESIAN_POINT('',(3.6995,1.078117352283,9.080238423753));
#4711 = ORIENTED_EDGE('',*,*,#4712,.T.);
#4712 = EDGE_CURVE('',#4704,#4713,#4715,.T.);
#4713 = VERTEX_POINT('',#4714);
#4714 = CARTESIAN_POINT('',(3.6995,1.107282561836,9.070412711444));
#4715 = B_SPLINE_CURVE_WITH_KNOTS('',3,(#4716,#4717,#4718,#4719),
  .UNSPECIFIED.,.F.,.F.,(4,4),(3.,4.),.PIECEWISE_BEZIER_KNOTS.);
#4716 = CARTESIAN_POINT('',(3.6995,1.078117352283,9.080238423753));
#4717 = CARTESIAN_POINT('',(3.6995,1.085447645593,9.073687948881));
#4718 = CARTESIAN_POINT('',(3.6995,1.095195376058,9.070412711444));
#4719 = CARTESIAN_POINT('',(3.6995,1.107282561836,9.070412711444));
#4720 = ORIENTED_EDGE('',*,*,#4721,.T.);
#4721 = EDGE_CURVE('',#4713,#4722,#4724,.T.);
#4722 = VERTEX_POINT('',#4723);
#4723 = CARTESIAN_POINT('',(3.6995,1.148768902697,9.088192571814));
#4724 = B_SPLINE_CURVE_WITH_KNOTS('',3,(#4725,#4726,#4727,#4728),
  .UNSPECIFIED.,.F.,.F.,(4,4),(4.,5.),.PIECEWISE_BEZIER_KNOTS.);
#4725 = CARTESIAN_POINT('',(3.6995,1.107282561836,9.070412711444));
#4726 = CARTESIAN_POINT('',(3.6995,1.124048658236,9.070412711444));
#4727 = CARTESIAN_POINT('',(3.6995,1.137929426419,9.076339331567));
#4728 = CARTESIAN_POINT('',(3.6995,1.148768902697,9.088192571814));
#4729 = ORIENTED_EDGE('',*,*,#4730,.T.);
#4730 = EDGE_CURVE('',#4722,#4731,#4733,.T.);
#4731 = VERTEX_POINT('',#4732);
#4732 = CARTESIAN_POINT('',(3.6995,1.165145089879,9.132642222736));
#4733 = B_SPLINE_CURVE_WITH_KNOTS('',3,(#4734,#4735,#4736,#4737),
  .UNSPECIFIED.,.F.,.F.,(4,4),(5.,6.),.PIECEWISE_BEZIER_KNOTS.);
#4734 = CARTESIAN_POINT('',(3.6995,1.148768902697,9.088192571814));
#4735 = CARTESIAN_POINT('',(3.6995,1.159686360818,9.099889848371));
#4736 = CARTESIAN_POINT('',(3.6995,1.165145089879,9.114706398679));
#4737 = CARTESIAN_POINT('',(3.6995,1.165145089879,9.132642222736));
#4738 = ORIENTED_EDGE('',*,*,#4739,.T.);
#4739 = EDGE_CURVE('',#4731,#4740,#4742,.T.);
#4740 = VERTEX_POINT('',#4741);
#4741 = CARTESIAN_POINT('',(3.6995,1.165145089879,9.153541356855));
#4742 = B_SPLINE_CURVE_WITH_KNOTS('',1,(#4743,#4744),.UNSPECIFIED.,.F.,
  .F.,(2,2),(0.,2.08991341191E-02),.PIECEWISE_BEZIER_KNOTS.);
#4743 = CARTESIAN_POINT('',(3.6995,1.165145089879,9.132642222736));
#4744 = CARTESIAN_POINT('',(3.6995,1.165145089879,9.153541356855));
#4745 = ORIENTED_EDGE('',*,*,#4746,.T.);
#4746 = EDGE_CURVE('',#4740,#4684,#4747,.T.);
#4747 = B_SPLINE_CURVE_WITH_KNOTS('',1,(#4748,#4749),.UNSPECIFIED.,.F.,
  .F.,(2,2),(0.,5.145974539159E-02),.PIECEWISE_BEZIER_KNOTS.);
#4748 = CARTESIAN_POINT('',(3.6995,1.165145089879,9.153541356855));
#4749 = CARTESIAN_POINT('',(3.6995,1.114144964083,9.146678954606));
#4750 = B_SPLINE_SURFACE_WITH_KNOTS('',1,1,(
    (#4751,#4752)
    ,(#4753,#4754
    )),.UNSPECIFIED.,.F.,.F.,.F.,(2,2),(2,2),(-5.049324381341E-03,
    0.222969586667),(-5.625415251646E-02,0.118815086644),
  .PIECEWISE_BEZIER_KNOTS.);
#4751 = CARTESIAN_POINT('',(3.6995,1.028286954143,9.267082921316));
#4752 = CARTESIAN_POINT('',(3.6995,1.203356193303,9.267082921316));
#4753 = CARTESIAN_POINT('',(3.6995,1.028286954143,9.039064010268));
#4754 = CARTESIAN_POINT('',(3.6995,1.203356193303,9.039064010268));
#4755 = ADVANCED_FACE('',(#4756),#4770,.F.);
#4756 = FACE_BOUND('',#4757,.F.);
#4757 = EDGE_LOOP('',(#4758,#4763,#4764,#4769));
#4758 = ORIENTED_EDGE('',*,*,#4759,.F.);
#4759 = EDGE_CURVE('',#4376,#4568,#4760,.T.);
#4760 = B_SPLINE_CURVE_WITH_KNOTS('',1,(#4761,#4762),.UNSPECIFIED.,.F.,
  .F.,(2,2),(-0.,1.E-03),.PIECEWISE_BEZIER_KNOTS.);
#4761 = CARTESIAN_POINT('',(3.7005,1.124594531143,9.267082921316));
#4762 = CARTESIAN_POINT('',(3.6995,1.124594531143,9.267082921316));
#4763 = ORIENTED_EDGE('',*,*,#4375,.T.);
#4764 = ORIENTED_EDGE('',*,*,#4765,.T.);
#4765 = EDGE_CURVE('',#4378,#4570,#4766,.T.);
#4766 = B_SPLINE_CURVE_WITH_KNOTS('',1,(#4767,#4768),.UNSPECIFIED.,.F.,
  .F.,(2,2),(-0.,1.E-03),.PIECEWISE_BEZIER_KNOTS.);
#4767 = CARTESIAN_POINT('',(3.7005,1.04957599748,9.246807641948));
#4768 = CARTESIAN_POINT('',(3.6995,1.04957599748,9.246807641948));
#4769 = ORIENTED_EDGE('',*,*,#4567,.F.);
#4770 = B_SPLINE_SURFACE_WITH_KNOTS('',3,1,(
    (#4771,#4772)
    ,(#4773,#4774)
    ,(#4775,#4776)
    ,(#4777,#4778
    )),.UNSPECIFIED.,.F.,.F.,.F.,(4,4),(2,2),(0.,1.),(0.,1.),
  .PIECEWISE_BEZIER_KNOTS.);
#4771 = CARTESIAN_POINT('',(3.7005,1.124594531143,9.267082921316));
#4772 = CARTESIAN_POINT('',(3.6995,1.124594531143,9.267082921316));
#4773 = CARTESIAN_POINT('',(3.7005,1.096209140027,9.267082921316));
#4774 = CARTESIAN_POINT('',(3.6995,1.096209140027,9.267082921316));
#4775 = CARTESIAN_POINT('',(3.7005,1.071176968192,9.260376482755));
#4776 = CARTESIAN_POINT('',(3.6995,1.071176968192,9.260376482755));
#4777 = CARTESIAN_POINT('',(3.7005,1.04957599748,9.246807641948));
#4778 = CARTESIAN_POINT('',(3.6995,1.04957599748,9.246807641948));
#4779 = ADVANCED_FACE('',(#4780),#4790,.F.);
#4780 = FACE_BOUND('',#4781,.T.);
#4781 = EDGE_LOOP('',(#4782,#4783,#4788,#4789));
#4782 = ORIENTED_EDGE('',*,*,#4676,.T.);
#4783 = ORIENTED_EDGE('',*,*,#4784,.F.);
#4784 = EDGE_CURVE('',#4387,#4668,#4785,.T.);
#4785 = B_SPLINE_CURVE_WITH_KNOTS('',1,(#4786,#4787),.UNSPECIFIED.,.F.,
  .F.,(2,2),(-0.,1.E-03),.PIECEWISE_BEZIER_KNOTS.);
#4786 = CARTESIAN_POINT('',(3.7005,1.04957599748,9.209688284334));
#4787 = CARTESIAN_POINT('',(3.6995,1.04957599748,9.209688284334));
#4788 = ORIENTED_EDGE('',*,*,#4386,.F.);
#4789 = ORIENTED_EDGE('',*,*,#4765,.T.);
#4790 = B_SPLINE_SURFACE_WITH_KNOTS('',1,1,(
    (#4791,#4792)
    ,(#4793,#4794
    )),.UNSPECIFIED.,.F.,.F.,.F.,(2,2),(2,2),(0.,3.711935761389E-02),(
    -1.E-03,0.),.PIECEWISE_BEZIER_KNOTS.);
#4791 = CARTESIAN_POINT('',(3.6995,1.04957599748,9.209688284334));
#4792 = CARTESIAN_POINT('',(3.7005,1.04957599748,9.209688284334));
#4793 = CARTESIAN_POINT('',(3.6995,1.04957599748,9.246807641948));
#4794 = CARTESIAN_POINT('',(3.7005,1.04957599748,9.246807641948));
#4795 = ADVANCED_FACE('',(#4796),#4806,.F.);
#4796 = FACE_BOUND('',#4797,.F.);
#4797 = EDGE_LOOP('',(#4798,#4799,#4800,#4805));
#4798 = ORIENTED_EDGE('',*,*,#4784,.F.);
#4799 = ORIENTED_EDGE('',*,*,#4393,.T.);
#4800 = ORIENTED_EDGE('',*,*,#4801,.T.);
#4801 = EDGE_CURVE('',#4394,#4659,#4802,.T.);
#4802 = B_SPLINE_CURVE_WITH_KNOTS('',1,(#4803,#4804),.UNSPECIFIED.,.F.,
  .F.,(2,2),(-0.,1.E-03),.PIECEWISE_BEZIER_KNOTS.);
#4803 = CARTESIAN_POINT('',(3.7005,1.121007366331,9.236046147514));
#4804 = CARTESIAN_POINT('',(3.6995,1.121007366331,9.236046147514));
#4805 = ORIENTED_EDGE('',*,*,#4667,.F.);
#4806 = B_SPLINE_SURFACE_WITH_KNOTS('',3,1,(
    (#4807,#4808)
    ,(#4809,#4810)
    ,(#4811,#4812)
    ,(#4813,#4814
    )),.UNSPECIFIED.,.F.,.F.,.F.,(4,4),(2,2),(12.,13.),(0.,1.),
  .PIECEWISE_BEZIER_KNOTS.);
#4807 = CARTESIAN_POINT('',(3.7005,1.04957599748,9.209688284334));
#4808 = CARTESIAN_POINT('',(3.6995,1.04957599748,9.209688284334));
#4809 = CARTESIAN_POINT('',(3.7005,1.071098986348,9.227156217329));
#4810 = CARTESIAN_POINT('',(3.6995,1.071098986348,9.227156217329));
#4811 = CARTESIAN_POINT('',(3.7005,1.094883448684,9.236046147514));
#4812 = CARTESIAN_POINT('',(3.6995,1.094883448684,9.236046147514));
#4813 = CARTESIAN_POINT('',(3.7005,1.121007366331,9.236046147514));
#4814 = CARTESIAN_POINT('',(3.6995,1.121007366331,9.236046147514));
#4815 = ADVANCED_FACE('',(#4816),#4826,.F.);
#4816 = FACE_BOUND('',#4817,.F.);
#4817 = EDGE_LOOP('',(#4818,#4819,#4820,#4825));
#4818 = ORIENTED_EDGE('',*,*,#4801,.F.);
#4819 = ORIENTED_EDGE('',*,*,#4402,.T.);
#4820 = ORIENTED_EDGE('',*,*,#4821,.T.);
#4821 = EDGE_CURVE('',#4403,#4652,#4822,.T.);
#4822 = B_SPLINE_CURVE_WITH_KNOTS('',1,(#4823,#4824),.UNSPECIFIED.,.F.,
  .F.,(2,2),(-0.,1.E-03),.PIECEWISE_BEZIER_KNOTS.);
#4823 = CARTESIAN_POINT('',(3.7005,1.165145089879,9.182706566407));
#4824 = CARTESIAN_POINT('',(3.6995,1.165145089879,9.182706566407));
#4825 = ORIENTED_EDGE('',*,*,#4658,.F.);
#4826 = B_SPLINE_SURFACE_WITH_KNOTS('',3,1,(
    (#4827,#4828)
    ,(#4829,#4830)
    ,(#4831,#4832)
    ,(#4833,#4834
    )),.UNSPECIFIED.,.F.,.F.,.F.,(4,4),(2,2),(11.,12.),(0.,1.),
  .PIECEWISE_BEZIER_KNOTS.);
#4827 = CARTESIAN_POINT('',(3.7005,1.121007366331,9.236046147514));
#4828 = CARTESIAN_POINT('',(3.6995,1.121007366331,9.236046147514));
#4829 = CARTESIAN_POINT('',(3.7005,1.150406521415,9.236046147514));
#4830 = CARTESIAN_POINT('',(3.6995,1.150406521415,9.236046147514));
#4831 = CARTESIAN_POINT('',(3.7005,1.165145089879,9.218266287144));
#4832 = CARTESIAN_POINT('',(3.6995,1.165145089879,9.218266287144));
#4833 = CARTESIAN_POINT('',(3.7005,1.165145089879,9.182706566407));
#4834 = CARTESIAN_POINT('',(3.6995,1.165145089879,9.182706566407));
#4835 = ADVANCED_FACE('',(#4836),#4846,.F.);
#4836 = FACE_BOUND('',#4837,.T.);
#4837 = EDGE_LOOP('',(#4838,#4839,#4844,#4845));
#4838 = ORIENTED_EDGE('',*,*,#4651,.T.);
#4839 = ORIENTED_EDGE('',*,*,#4840,.F.);
#4840 = EDGE_CURVE('',#4412,#4643,#4841,.T.);
#4841 = B_SPLINE_CURVE_WITH_KNOTS('',1,(#4842,#4843),.UNSPECIFIED.,.F.,
  .F.,(2,2),(-0.,1.E-03),.PIECEWISE_BEZIER_KNOTS.);
#4842 = CARTESIAN_POINT('',(3.7005,1.100576123275,9.173660672535));
#4843 = CARTESIAN_POINT('',(3.6995,1.100576123275,9.173660672535));
#4844 = ORIENTED_EDGE('',*,*,#4411,.F.);
#4845 = ORIENTED_EDGE('',*,*,#4821,.T.);
#4846 = B_SPLINE_SURFACE_WITH_KNOTS('',1,1,(
    (#4847,#4848)
    ,(#4849,#4850
    )),.UNSPECIFIED.,.F.,.F.,.F.,(2,2),(2,2),(0.,6.519953714706E-02),(
    -1.000000000001E-03,0.),.PIECEWISE_BEZIER_KNOTS.);
#4847 = CARTESIAN_POINT('',(3.6995,1.100576123275,9.173660672535));
#4848 = CARTESIAN_POINT('',(3.7005,1.100576123275,9.173660672535));
#4849 = CARTESIAN_POINT('',(3.6995,1.165145089879,9.182706566407));
#4850 = CARTESIAN_POINT('',(3.7005,1.165145089879,9.182706566407));
#4851 = ADVANCED_FACE('',(#4852),#4862,.F.);
#4852 = FACE_BOUND('',#4853,.F.);
#4853 = EDGE_LOOP('',(#4854,#4855,#4856,#4861));
#4854 = ORIENTED_EDGE('',*,*,#4840,.F.);
#4855 = ORIENTED_EDGE('',*,*,#4418,.T.);
#4856 = ORIENTED_EDGE('',*,*,#4857,.T.);
#4857 = EDGE_CURVE('',#4419,#4634,#4858,.T.);
#4858 = B_SPLINE_CURVE_WITH_KNOTS('',1,(#4859,#4860),.UNSPECIFIED.,.F.,
  .F.,(2,2),(-0.,1.E-03),.PIECEWISE_BEZIER_KNOTS.);
#4859 = CARTESIAN_POINT('',(3.7005,1.028286954143,9.102541231059));
#4860 = CARTESIAN_POINT('',(3.6995,1.028286954143,9.102541231059));
#4861 = ORIENTED_EDGE('',*,*,#4642,.F.);
#4862 = B_SPLINE_SURFACE_WITH_KNOTS('',3,1,(
    (#4863,#4864)
    ,(#4865,#4866)
    ,(#4867,#4868)
    ,(#4869,#4870
    )),.UNSPECIFIED.,.F.,.F.,.F.,(4,4),(2,2),(9.,10.),(0.,1.),
  .PIECEWISE_BEZIER_KNOTS.);
#4863 = CARTESIAN_POINT('',(3.7005,1.100576123275,9.173660672535));
#4864 = CARTESIAN_POINT('',(3.6995,1.100576123275,9.173660672535));
#4865 = CARTESIAN_POINT('',(3.7005,1.052383343855,9.166954233974));
#4866 = CARTESIAN_POINT('',(3.6995,1.052383343855,9.166954233974));
#4867 = CARTESIAN_POINT('',(3.7005,1.028286954143,9.143247753482));
#4868 = CARTESIAN_POINT('',(3.6995,1.028286954143,9.143247753482));
#4869 = CARTESIAN_POINT('',(3.7005,1.028286954143,9.102541231059));
#4870 = CARTESIAN_POINT('',(3.6995,1.028286954143,9.102541231059));
#4871 = ADVANCED_FACE('',(#4872),#4882,.F.);
#4872 = FACE_BOUND('',#4873,.F.);
#4873 = EDGE_LOOP('',(#4874,#4875,#4876,#4881));
#4874 = ORIENTED_EDGE('',*,*,#4857,.F.);
#4875 = ORIENTED_EDGE('',*,*,#4427,.T.);
#4876 = ORIENTED_EDGE('',*,*,#4877,.T.);
#4877 = EDGE_CURVE('',#4428,#4625,#4878,.T.);
#4878 = B_SPLINE_CURVE_WITH_KNOTS('',1,(#4879,#4880),.UNSPECIFIED.,.F.,
  .F.,(2,2),(-0.,1.E-03),.PIECEWISE_BEZIER_KNOTS.);
#4879 = CARTESIAN_POINT('',(3.7005,1.047002596638,9.056220015886));
#4880 = CARTESIAN_POINT('',(3.6995,1.047002596638,9.056220015886));
#4881 = ORIENTED_EDGE('',*,*,#4633,.F.);
#4882 = B_SPLINE_SURFACE_WITH_KNOTS('',3,1,(
    (#4883,#4884)
    ,(#4885,#4886)
    ,(#4887,#4888)
    ,(#4889,#4890
    )),.UNSPECIFIED.,.F.,.F.,.F.,(4,4),(2,2),(8.,9.),(0.,1.),
  .PIECEWISE_BEZIER_KNOTS.);
#4883 = CARTESIAN_POINT('',(3.7005,1.028286954143,9.102541231059));
#4884 = CARTESIAN_POINT('',(3.6995,1.028286954143,9.102541231059));
#4885 = CARTESIAN_POINT('',(3.7005,1.028286954143,9.083045770128));
#4886 = CARTESIAN_POINT('',(3.6995,1.028286954143,9.083045770128));
#4887 = CARTESIAN_POINT('',(3.7005,1.034525501642,9.067605365069));
#4888 = CARTESIAN_POINT('',(3.6995,1.034525501642,9.067605365069));
#4889 = CARTESIAN_POINT('',(3.7005,1.047002596638,9.056220015886));
#4890 = CARTESIAN_POINT('',(3.6995,1.047002596638,9.056220015886));
#4891 = ADVANCED_FACE('',(#4892),#4902,.F.);
#4892 = FACE_BOUND('',#4893,.F.);
#4893 = EDGE_LOOP('',(#4894,#4895,#4896,#4901));
#4894 = ORIENTED_EDGE('',*,*,#4877,.F.);
#4895 = ORIENTED_EDGE('',*,*,#4436,.T.);
#4896 = ORIENTED_EDGE('',*,*,#4897,.T.);
#4897 = EDGE_CURVE('',#4437,#4616,#4898,.T.);
#4898 = B_SPLINE_CURVE_WITH_KNOTS('',1,(#4899,#4900),.UNSPECIFIED.,.F.,
  .F.,(2,2),(-0.,1.E-03),.PIECEWISE_BEZIER_KNOTS.);
#4899 = CARTESIAN_POINT('',(3.7005,1.097378867683,9.039064010268));
#4900 = CARTESIAN_POINT('',(3.6995,1.097378867683,9.039064010268));
#4901 = ORIENTED_EDGE('',*,*,#4624,.F.);
#4902 = B_SPLINE_SURFACE_WITH_KNOTS('',3,1,(
    (#4903,#4904)
    ,(#4905,#4906)
    ,(#4907,#4908)
    ,(#4909,#4910
    )),.UNSPECIFIED.,.F.,.F.,.F.,(4,4),(2,2),(7.,8.),(0.,1.),
  .PIECEWISE_BEZIER_KNOTS.);
#4903 = CARTESIAN_POINT('',(3.7005,1.047002596638,9.056220015886));
#4904 = CARTESIAN_POINT('',(3.6995,1.047002596638,9.056220015886));
#4905 = CARTESIAN_POINT('',(3.7005,1.059479691633,9.044834666703));
#4906 = CARTESIAN_POINT('',(3.6995,1.059479691633,9.044834666703));
#4907 = CARTESIAN_POINT('',(3.7005,1.076245788034,9.039064010268));
#4908 = CARTESIAN_POINT('',(3.6995,1.076245788034,9.039064010268));
#4909 = CARTESIAN_POINT('',(3.7005,1.097378867683,9.039064010268));
#4910 = CARTESIAN_POINT('',(3.6995,1.097378867683,9.039064010268));
#4911 = ADVANCED_FACE('',(#4912),#4922,.F.);
#4912 = FACE_BOUND('',#4913,.F.);
#4913 = EDGE_LOOP('',(#4914,#4915,#4916,#4921));
#4914 = ORIENTED_EDGE('',*,*,#4897,.F.);
#4915 = ORIENTED_EDGE('',*,*,#4445,.T.);
#4916 = ORIENTED_EDGE('',*,*,#4917,.T.);
#4917 = EDGE_CURVE('',#4446,#4609,#4918,.T.);
#4918 = B_SPLINE_CURVE_WITH_KNOTS('',1,(#4919,#4920),.UNSPECIFIED.,.F.,
  .F.,(2,2),(-0.,1.E-03),.PIECEWISE_BEZIER_KNOTS.);
#4919 = CARTESIAN_POINT('',(3.7005,1.16413132591,9.077898968441));
#4920 = CARTESIAN_POINT('',(3.6995,1.16413132591,9.077898968441));
#4921 = ORIENTED_EDGE('',*,*,#4615,.F.);
#4922 = B_SPLINE_SURFACE_WITH_KNOTS('',3,1,(
    (#4923,#4924)
    ,(#4925,#4926)
    ,(#4927,#4928)
    ,(#4929,#4930
    )),.UNSPECIFIED.,.F.,.F.,.F.,(4,4),(2,2),(6.,7.),(0.,1.),
  .PIECEWISE_BEZIER_KNOTS.);
#4923 = CARTESIAN_POINT('',(3.7005,1.097378867683,9.039064010268));
#4924 = CARTESIAN_POINT('',(3.6995,1.097378867683,9.039064010268));
#4925 = CARTESIAN_POINT('',(3.7005,1.126778022767,9.039064010268));
#4926 = CARTESIAN_POINT('',(3.6995,1.126778022767,9.039064010268));
#4927 = CARTESIAN_POINT('',(3.7005,1.149080830072,9.052008996326));
#4928 = CARTESIAN_POINT('',(3.6995,1.149080830072,9.052008996326));
#4929 = CARTESIAN_POINT('',(3.7005,1.16413132591,9.077898968441));
#4930 = CARTESIAN_POINT('',(3.6995,1.16413132591,9.077898968441));
#4931 = ADVANCED_FACE('',(#4932),#4942,.F.);
#4932 = FACE_BOUND('',#4933,.T.);
#4933 = EDGE_LOOP('',(#4934,#4935,#4940,#4941));
#4934 = ORIENTED_EDGE('',*,*,#4608,.T.);
#4935 = ORIENTED_EDGE('',*,*,#4936,.F.);
#4936 = EDGE_CURVE('',#4455,#4602,#4937,.T.);
#4937 = B_SPLINE_CURVE_WITH_KNOTS('',1,(#4938,#4939),.UNSPECIFIED.,.F.,
  .F.,(2,2),(-0.,1.E-03),.PIECEWISE_BEZIER_KNOTS.);
#4938 = CARTESIAN_POINT('',(3.7005,1.165145089879,9.077898968441));
#4939 = CARTESIAN_POINT('',(3.6995,1.165145089879,9.077898968441));
#4940 = ORIENTED_EDGE('',*,*,#4454,.F.);
#4941 = ORIENTED_EDGE('',*,*,#4917,.T.);
#4942 = B_SPLINE_SURFACE_WITH_KNOTS('',1,1,(
    (#4943,#4944)
    ,(#4945,#4946
    )),.UNSPECIFIED.,.F.,.F.,.F.,(2,2),(2,2),(-1.000000000001E-03,0.),(
    -1.013763968292E-03,0.),.PIECEWISE_BEZIER_KNOTS.);
#4943 = CARTESIAN_POINT('',(3.6995,1.16413132591,9.077898968441));
#4944 = CARTESIAN_POINT('',(3.6995,1.165145089879,9.077898968441));
#4945 = CARTESIAN_POINT('',(3.7005,1.16413132591,9.077898968441));
#4946 = CARTESIAN_POINT('',(3.7005,1.165145089879,9.077898968441));
#4947 = ADVANCED_FACE('',(#4948),#4958,.F.);
#4948 = FACE_BOUND('',#4949,.T.);
#4949 = EDGE_LOOP('',(#4950,#4951,#4956,#4957));
#4950 = ORIENTED_EDGE('',*,*,#4601,.T.);
#4951 = ORIENTED_EDGE('',*,*,#4952,.F.);
#4952 = EDGE_CURVE('',#4462,#4595,#4953,.T.);
#4953 = B_SPLINE_CURVE_WITH_KNOTS('',1,(#4954,#4955),.UNSPECIFIED.,.F.,
  .F.,(2,2),(-0.,1.E-03),.PIECEWISE_BEZIER_KNOTS.);
#4954 = CARTESIAN_POINT('',(3.7005,1.165145089879,9.044210811954));
#4955 = CARTESIAN_POINT('',(3.6995,1.165145089879,9.044210811954));
#4956 = ORIENTED_EDGE('',*,*,#4461,.F.);
#4957 = ORIENTED_EDGE('',*,*,#4936,.T.);
#4958 = B_SPLINE_SURFACE_WITH_KNOTS('',1,1,(
    (#4959,#4960)
    ,(#4961,#4962
    )),.UNSPECIFIED.,.F.,.F.,.F.,(2,2),(2,2),(0.,3.368815648771E-02),(
    -1.E-03,0.),.PIECEWISE_BEZIER_KNOTS.);
#4959 = CARTESIAN_POINT('',(3.6995,1.165145089879,9.044210811954));
#4960 = CARTESIAN_POINT('',(3.7005,1.165145089879,9.044210811954));
#4961 = CARTESIAN_POINT('',(3.6995,1.165145089879,9.077898968441));
#4962 = CARTESIAN_POINT('',(3.7005,1.165145089879,9.077898968441));
#4963 = ADVANCED_FACE('',(#4964),#4974,.F.);
#4964 = FACE_BOUND('',#4965,.T.);
#4965 = EDGE_LOOP('',(#4966,#4967,#4972,#4973));
#4966 = ORIENTED_EDGE('',*,*,#4594,.T.);
#4967 = ORIENTED_EDGE('',*,*,#4968,.F.);
#4968 = EDGE_CURVE('',#4469,#4588,#4969,.T.);
#4969 = B_SPLINE_CURVE_WITH_KNOTS('',1,(#4970,#4971),.UNSPECIFIED.,.F.,
  .F.,(2,2),(-0.,1.E-03),.PIECEWISE_BEZIER_KNOTS.);
#4970 = CARTESIAN_POINT('',(3.7005,1.203356193303,9.044210811954));
#4971 = CARTESIAN_POINT('',(3.6995,1.203356193303,9.044210811954));
#4972 = ORIENTED_EDGE('',*,*,#4468,.F.);
#4973 = ORIENTED_EDGE('',*,*,#4952,.T.);
#4974 = B_SPLINE_SURFACE_WITH_KNOTS('',1,1,(
    (#4975,#4976)
    ,(#4977,#4978)),.UNSPECIFIED.,.F.,.F.,.F.,(2,2),(2,2),(-1.E-03,0.),(
    -3.821110342477E-02,0.),.PIECEWISE_BEZIER_KNOTS.);
#4975 = CARTESIAN_POINT('',(3.6995,1.165145089879,9.044210811954));
#4976 = CARTESIAN_POINT('',(3.6995,1.203356193303,9.044210811954));
#4977 = CARTESIAN_POINT('',(3.7005,1.165145089879,9.044210811954));
#4978 = CARTESIAN_POINT('',(3.7005,1.203356193303,9.044210811954));
#4979 = ADVANCED_FACE('',(#4980),#4990,.F.);
#4980 = FACE_BOUND('',#4981,.T.);
#4981 = EDGE_LOOP('',(#4982,#4983,#4988,#4989));
#4982 = ORIENTED_EDGE('',*,*,#4587,.T.);
#4983 = ORIENTED_EDGE('',*,*,#4984,.F.);
#4984 = EDGE_CURVE('',#4476,#4579,#4985,.T.);
#4985 = B_SPLINE_CURVE_WITH_KNOTS('',1,(#4986,#4987),.UNSPECIFIED.,.F.,
  .F.,(2,2),(-0.,1.E-03),.PIECEWISE_BEZIER_KNOTS.);
#4986 = CARTESIAN_POINT('',(3.7005,1.203356193303,9.184422166967));
#4987 = CARTESIAN_POINT('',(3.6995,1.203356193303,9.184422166967));
#4988 = ORIENTED_EDGE('',*,*,#4475,.F.);
#4989 = ORIENTED_EDGE('',*,*,#4968,.T.);
#4990 = B_SPLINE_SURFACE_WITH_KNOTS('',1,1,(
    (#4991,#4992)
    ,(#4993,#4994
    )),.UNSPECIFIED.,.F.,.F.,.F.,(2,2),(2,2),(-0.,0.140211355014),(
    -1.E-03,0.),.PIECEWISE_BEZIER_KNOTS.);
#4991 = CARTESIAN_POINT('',(3.6995,1.203356193303,9.184422166967));
#4992 = CARTESIAN_POINT('',(3.7005,1.203356193303,9.184422166967));
#4993 = CARTESIAN_POINT('',(3.6995,1.203356193303,9.044210811954));
#4994 = CARTESIAN_POINT('',(3.7005,1.203356193303,9.044210811954));
#4995 = ADVANCED_FACE('',(#4996),#5002,.F.);
#4996 = FACE_BOUND('',#4997,.F.);
#4997 = EDGE_LOOP('',(#4998,#4999,#5000,#5001));
#4998 = ORIENTED_EDGE('',*,*,#4984,.F.);
#4999 = ORIENTED_EDGE('',*,*,#4482,.T.);
#5000 = ORIENTED_EDGE('',*,*,#4759,.T.);
#5001 = ORIENTED_EDGE('',*,*,#4578,.F.);
#5002 = B_SPLINE_SURFACE_WITH_KNOTS('',3,1,(
    (#5003,#5004)
    ,(#5005,#5006)
    ,(#5007,#5008)
    ,(#5009,#5010
    )),.UNSPECIFIED.,.F.,.F.,.F.,(4,4),(2,2),(1.,2.),(0.,1.),
  .PIECEWISE_BEZIER_KNOTS.);
#5003 = CARTESIAN_POINT('',(3.7005,1.203356193303,9.184422166967));
#5004 = CARTESIAN_POINT('',(3.6995,1.203356193303,9.184422166967));
#5005 = CARTESIAN_POINT('',(3.7005,1.203356193303,9.239633312325));
#5006 = CARTESIAN_POINT('',(3.6995,1.203356193303,9.239633312325));
#5007 = CARTESIAN_POINT('',(3.7005,1.177076311968,9.267082921316));
#5008 = CARTESIAN_POINT('',(3.6995,1.177076311968,9.267082921316));
#5009 = CARTESIAN_POINT('',(3.7005,1.124594531143,9.267082921316));
#5010 = CARTESIAN_POINT('',(3.6995,1.124594531143,9.267082921316));
#5011 = ADVANCED_FACE('',(#5012),#5026,.T.);
#5012 = FACE_BOUND('',#5013,.T.);
#5013 = EDGE_LOOP('',(#5014,#5015,#5020,#5021));
#5014 = ORIENTED_EDGE('',*,*,#4683,.F.);
#5015 = ORIENTED_EDGE('',*,*,#5016,.F.);
#5016 = EDGE_CURVE('',#4503,#4684,#5017,.T.);
#5017 = B_SPLINE_CURVE_WITH_KNOTS('',1,(#5018,#5019),.UNSPECIFIED.,.F.,
  .F.,(2,2),(-0.,1.000000000001E-03),.PIECEWISE_BEZIER_KNOTS.);
#5018 = CARTESIAN_POINT('',(3.7005,1.114144964083,9.146678954606));
#5019 = CARTESIAN_POINT('',(3.6995,1.114144964083,9.146678954606));
#5020 = ORIENTED_EDGE('',*,*,#4502,.T.);
#5021 = ORIENTED_EDGE('',*,*,#5022,.T.);
#5022 = EDGE_CURVE('',#4492,#4686,#5023,.T.);
#5023 = B_SPLINE_CURVE_WITH_KNOTS('',1,(#5024,#5025),.UNSPECIFIED.,.F.,
  .F.,(2,2),(-0.,1.E-03),.PIECEWISE_BEZIER_KNOTS.);
#5024 = CARTESIAN_POINT('',(3.7005,1.077181570159,9.133266077485));
#5025 = CARTESIAN_POINT('',(3.6995,1.077181570159,9.133266077485));
#5026 = B_SPLINE_SURFACE_WITH_KNOTS('',3,1,(
    (#5027,#5028)
    ,(#5029,#5030)
    ,(#5031,#5032)
    ,(#5033,#5034
    )),.UNSPECIFIED.,.F.,.F.,.F.,(4,4),(2,2),(0.,1.),(0.,1.),
  .PIECEWISE_BEZIER_KNOTS.);
#5027 = CARTESIAN_POINT('',(3.7005,1.114144964083,9.146678954606));
#5028 = CARTESIAN_POINT('',(3.6995,1.114144964083,9.146678954606));
#5029 = CARTESIAN_POINT('',(3.7005,1.096287121871,9.144183535606));
#5030 = CARTESIAN_POINT('',(3.6995,1.096287121871,9.144183535606));
#5031 = CARTESIAN_POINT('',(3.7005,1.083965990562,9.139816552358));
#5032 = CARTESIAN_POINT('',(3.6995,1.083965990562,9.139816552358));
#5033 = CARTESIAN_POINT('',(3.7005,1.077181570159,9.133266077485));
#5034 = CARTESIAN_POINT('',(3.6995,1.077181570159,9.133266077485));
#5035 = ADVANCED_FACE('',(#5036),#5046,.T.);
#5036 = FACE_BOUND('',#5037,.T.);
#5037 = EDGE_LOOP('',(#5038,#5039,#5040,#5041));
#5038 = ORIENTED_EDGE('',*,*,#4694,.F.);
#5039 = ORIENTED_EDGE('',*,*,#5022,.F.);
#5040 = ORIENTED_EDGE('',*,*,#4491,.T.);
#5041 = ORIENTED_EDGE('',*,*,#5042,.T.);
#5042 = EDGE_CURVE('',#4494,#4695,#5043,.T.);
#5043 = B_SPLINE_CURVE_WITH_KNOTS('',1,(#5044,#5045),.UNSPECIFIED.,.F.,
  .F.,(2,2),(-0.,1.E-03),.PIECEWISE_BEZIER_KNOTS.);
#5044 = CARTESIAN_POINT('',(3.7005,1.067043930475,9.105660504807));
#5045 = CARTESIAN_POINT('',(3.6995,1.067043930475,9.105660504807));
#5046 = B_SPLINE_SURFACE_WITH_KNOTS('',3,1,(
    (#5047,#5048)
    ,(#5049,#5050)
    ,(#5051,#5052)
    ,(#5053,#5054
    )),.UNSPECIFIED.,.F.,.F.,.F.,(4,4),(2,2),(1.,2.),(0.,1.),
  .PIECEWISE_BEZIER_KNOTS.);
#5047 = CARTESIAN_POINT('',(3.7005,1.077181570159,9.133266077485));
#5048 = CARTESIAN_POINT('',(3.6995,1.077181570159,9.133266077485));
#5049 = CARTESIAN_POINT('',(3.7005,1.070475131598,9.126715602613));
#5050 = CARTESIAN_POINT('',(3.6995,1.070475131598,9.126715602613));
#5051 = CARTESIAN_POINT('',(3.7005,1.067043930475,9.117513745054));
#5052 = CARTESIAN_POINT('',(3.6995,1.067043930475,9.117513745054));
#5053 = CARTESIAN_POINT('',(3.7005,1.067043930475,9.105660504807));
#5054 = CARTESIAN_POINT('',(3.6995,1.067043930475,9.105660504807));
#5055 = ADVANCED_FACE('',(#5056),#5066,.T.);
#5056 = FACE_BOUND('',#5057,.T.);
#5057 = EDGE_LOOP('',(#5058,#5059,#5060,#5061));
#5058 = ORIENTED_EDGE('',*,*,#4703,.F.);
#5059 = ORIENTED_EDGE('',*,*,#5042,.F.);
#5060 = ORIENTED_EDGE('',*,*,#4552,.T.);
#5061 = ORIENTED_EDGE('',*,*,#5062,.T.);
#5062 = EDGE_CURVE('',#4544,#4704,#5063,.T.);
#5063 = B_SPLINE_CURVE_WITH_KNOTS('',1,(#5064,#5065),.UNSPECIFIED.,.F.,
  .F.,(2,2),(-0.,1.E-03),.PIECEWISE_BEZIER_KNOTS.);
#5064 = CARTESIAN_POINT('',(3.7005,1.078117352283,9.080238423753));
#5065 = CARTESIAN_POINT('',(3.6995,1.078117352283,9.080238423753));
#5066 = B_SPLINE_SURFACE_WITH_KNOTS('',3,1,(
    (#5067,#5068)
    ,(#5069,#5070)
    ,(#5071,#5072)
    ,(#5073,#5074
    )),.UNSPECIFIED.,.F.,.F.,.F.,(4,4),(2,2),(2.,3.),(0.,1.),
  .PIECEWISE_BEZIER_KNOTS.);
#5067 = CARTESIAN_POINT('',(3.7005,1.067043930475,9.105660504807));
#5068 = CARTESIAN_POINT('',(3.6995,1.067043930475,9.105660504807));
#5069 = CARTESIAN_POINT('',(3.7005,1.067043930475,9.095210937749));
#5070 = CARTESIAN_POINT('',(3.6995,1.067043930475,9.095210937749));
#5071 = CARTESIAN_POINT('',(3.7005,1.07070907713,9.086788898626));
#5072 = CARTESIAN_POINT('',(3.6995,1.07070907713,9.086788898626));
#5073 = CARTESIAN_POINT('',(3.7005,1.078117352283,9.080238423753));
#5074 = CARTESIAN_POINT('',(3.6995,1.078117352283,9.080238423753));
#5075 = ADVANCED_FACE('',(#5076),#5086,.T.);
#5076 = FACE_BOUND('',#5077,.T.);
#5077 = EDGE_LOOP('',(#5078,#5079,#5080,#5081));
#5078 = ORIENTED_EDGE('',*,*,#4712,.F.);
#5079 = ORIENTED_EDGE('',*,*,#5062,.F.);
#5080 = ORIENTED_EDGE('',*,*,#4543,.T.);
#5081 = ORIENTED_EDGE('',*,*,#5082,.T.);
#5082 = EDGE_CURVE('',#4535,#4713,#5083,.T.);
#5083 = B_SPLINE_CURVE_WITH_KNOTS('',1,(#5084,#5085),.UNSPECIFIED.,.F.,
  .F.,(2,2),(-0.,1.E-03),.PIECEWISE_BEZIER_KNOTS.);
#5084 = CARTESIAN_POINT('',(3.7005,1.107282561836,9.070412711444));
#5085 = CARTESIAN_POINT('',(3.6995,1.107282561836,9.070412711444));
#5086 = B_SPLINE_SURFACE_WITH_KNOTS('',3,1,(
    (#5087,#5088)
    ,(#5089,#5090)
    ,(#5091,#5092)
    ,(#5093,#5094
    )),.UNSPECIFIED.,.F.,.F.,.F.,(4,4),(2,2),(3.,4.),(0.,1.),
  .PIECEWISE_BEZIER_KNOTS.);
#5087 = CARTESIAN_POINT('',(3.7005,1.078117352283,9.080238423753));
#5088 = CARTESIAN_POINT('',(3.6995,1.078117352283,9.080238423753));
#5089 = CARTESIAN_POINT('',(3.7005,1.085447645593,9.073687948881));
#5090 = CARTESIAN_POINT('',(3.6995,1.085447645593,9.073687948881));
#5091 = CARTESIAN_POINT('',(3.7005,1.095195376058,9.070412711444));
#5092 = CARTESIAN_POINT('',(3.6995,1.095195376058,9.070412711444));
#5093 = CARTESIAN_POINT('',(3.7005,1.107282561836,9.070412711444));
#5094 = CARTESIAN_POINT('',(3.6995,1.107282561836,9.070412711444));
#5095 = ADVANCED_FACE('',(#5096),#5106,.T.);
#5096 = FACE_BOUND('',#5097,.T.);
#5097 = EDGE_LOOP('',(#5098,#5099,#5100,#5101));
#5098 = ORIENTED_EDGE('',*,*,#4721,.F.);
#5099 = ORIENTED_EDGE('',*,*,#5082,.F.);
#5100 = ORIENTED_EDGE('',*,*,#4534,.T.);
#5101 = ORIENTED_EDGE('',*,*,#5102,.T.);
#5102 = EDGE_CURVE('',#4526,#4722,#5103,.T.);
#5103 = B_SPLINE_CURVE_WITH_KNOTS('',1,(#5104,#5105),.UNSPECIFIED.,.F.,
  .F.,(2,2),(-0.,1.E-03),.PIECEWISE_BEZIER_KNOTS.);
#5104 = CARTESIAN_POINT('',(3.7005,1.148768902697,9.088192571814));
#5105 = CARTESIAN_POINT('',(3.6995,1.148768902697,9.088192571814));
#5106 = B_SPLINE_SURFACE_WITH_KNOTS('',3,1,(
    (#5107,#5108)
    ,(#5109,#5110)
    ,(#5111,#5112)
    ,(#5113,#5114
    )),.UNSPECIFIED.,.F.,.F.,.F.,(4,4),(2,2),(4.,5.),(0.,1.),
  .PIECEWISE_BEZIER_KNOTS.);
#5107 = CARTESIAN_POINT('',(3.7005,1.107282561836,9.070412711444));
#5108 = CARTESIAN_POINT('',(3.6995,1.107282561836,9.070412711444));
#5109 = CARTESIAN_POINT('',(3.7005,1.124048658236,9.070412711444));
#5110 = CARTESIAN_POINT('',(3.6995,1.124048658236,9.070412711444));
#5111 = CARTESIAN_POINT('',(3.7005,1.137929426419,9.076339331567));
#5112 = CARTESIAN_POINT('',(3.6995,1.137929426419,9.076339331567));
#5113 = CARTESIAN_POINT('',(3.7005,1.148768902697,9.088192571814));
#5114 = CARTESIAN_POINT('',(3.6995,1.148768902697,9.088192571814));
#5115 = ADVANCED_FACE('',(#5116),#5126,.T.);
#5116 = FACE_BOUND('',#5117,.T.);
#5117 = EDGE_LOOP('',(#5118,#5119,#5120,#5121));
#5118 = ORIENTED_EDGE('',*,*,#4730,.F.);
#5119 = ORIENTED_EDGE('',*,*,#5102,.F.);
#5120 = ORIENTED_EDGE('',*,*,#4525,.T.);
#5121 = ORIENTED_EDGE('',*,*,#5122,.T.);
#5122 = EDGE_CURVE('',#4519,#4731,#5123,.T.);
#5123 = B_SPLINE_CURVE_WITH_KNOTS('',1,(#5124,#5125),.UNSPECIFIED.,.F.,
  .F.,(2,2),(-0.,1.E-03),.PIECEWISE_BEZIER_KNOTS.);
#5124 = CARTESIAN_POINT('',(3.7005,1.165145089879,9.132642222736));
#5125 = CARTESIAN_POINT('',(3.6995,1.165145089879,9.132642222736));
#5126 = B_SPLINE_SURFACE_WITH_KNOTS('',3,1,(
    (#5127,#5128)
    ,(#5129,#5130)
    ,(#5131,#5132)
    ,(#5133,#5134
    )),.UNSPECIFIED.,.F.,.F.,.F.,(4,4),(2,2),(5.,6.),(0.,1.),
  .PIECEWISE_BEZIER_KNOTS.);
#5127 = CARTESIAN_POINT('',(3.7005,1.148768902697,9.088192571814));
#5128 = CARTESIAN_POINT('',(3.6995,1.148768902697,9.088192571814));
#5129 = CARTESIAN_POINT('',(3.7005,1.159686360818,9.099889848371));
#5130 = CARTESIAN_POINT('',(3.6995,1.159686360818,9.099889848371));
#5131 = CARTESIAN_POINT('',(3.7005,1.165145089879,9.114706398679));
#5132 = CARTESIAN_POINT('',(3.6995,1.165145089879,9.114706398679));
#5133 = CARTESIAN_POINT('',(3.7005,1.165145089879,9.132642222736));
#5134 = CARTESIAN_POINT('',(3.6995,1.165145089879,9.132642222736));
#5135 = ADVANCED_FACE('',(#5136),#5146,.T.);
#5136 = FACE_BOUND('',#5137,.T.);
#5137 = EDGE_LOOP('',(#5138,#5139,#5140,#5141));
#5138 = ORIENTED_EDGE('',*,*,#4739,.F.);
#5139 = ORIENTED_EDGE('',*,*,#5122,.F.);
#5140 = ORIENTED_EDGE('',*,*,#4518,.T.);
#5141 = ORIENTED_EDGE('',*,*,#5142,.T.);
#5142 = EDGE_CURVE('',#4512,#4740,#5143,.T.);
#5143 = B_SPLINE_CURVE_WITH_KNOTS('',1,(#5144,#5145),.UNSPECIFIED.,.F.,
  .F.,(2,2),(4.440892098501E-16,1.E-03),.PIECEWISE_BEZIER_KNOTS.);
#5144 = CARTESIAN_POINT('',(3.7005,1.165145089879,9.153541356855));
#5145 = CARTESIAN_POINT('',(3.6995,1.165145089879,9.153541356855));
#5146 = B_SPLINE_SURFACE_WITH_KNOTS('',1,1,(
    (#5147,#5148)
    ,(#5149,#5150
    )),.UNSPECIFIED.,.F.,.F.,.F.,(2,2),(2,2),(-2.08991341191E-02,0.),(
    -1.E-03,0.),.PIECEWISE_BEZIER_KNOTS.);
#5147 = CARTESIAN_POINT('',(3.6995,1.165145089879,9.153541356855));
#5148 = CARTESIAN_POINT('',(3.7005,1.165145089879,9.153541356855));
#5149 = CARTESIAN_POINT('',(3.6995,1.165145089879,9.132642222736));
#5150 = CARTESIAN_POINT('',(3.7005,1.165145089879,9.132642222736));
#5151 = ADVANCED_FACE('',(#5152),#5158,.T.);
#5152 = FACE_BOUND('',#5153,.T.);
#5153 = EDGE_LOOP('',(#5154,#5155,#5156,#5157));
#5154 = ORIENTED_EDGE('',*,*,#4746,.F.);
#5155 = ORIENTED_EDGE('',*,*,#5142,.F.);
#5156 = ORIENTED_EDGE('',*,*,#4511,.T.);
#5157 = ORIENTED_EDGE('',*,*,#5016,.T.);
#5158 = B_SPLINE_SURFACE_WITH_KNOTS('',1,1,(
    (#5159,#5160)
    ,(#5161,#5162
    )),.UNSPECIFIED.,.F.,.F.,.F.,(2,2),(2,2),(-5.145974539159E-02,0.),(
    -1.000000000001E-03,0.),.PIECEWISE_BEZIER_KNOTS.);
#5159 = CARTESIAN_POINT('',(3.6995,1.114144964083,9.146678954606));
#5160 = CARTESIAN_POINT('',(3.7005,1.114144964083,9.146678954606));
#5161 = CARTESIAN_POINT('',(3.6995,1.165145089879,9.153541356855));
#5162 = CARTESIAN_POINT('',(3.7005,1.165145089879,9.153541356855));
#5163 = MANIFOLD_SOLID_BREP('',#5164);
#5164 = CLOSED_SHELL('',(#5165,#5209,#5237,#5273,#5309,#5345,#5381,#5417
    ,#5453,#5489,#5525,#5561,#5597,#5625,#5661,#5697,#5733,#5769,#5805,
    #5841,#5877,#5905,#5934));
#5165 = ADVANCED_FACE('',(#5166),#5200,.F.);
#5166 = FACE_BOUND('',#5167,.F.);
#5167 = EDGE_LOOP('',(#5168,#5177,#5186,#5193));
#5168 = ORIENTED_EDGE('',*,*,#5169,.F.);
#5169 = EDGE_CURVE('',#5170,#5172,#5174,.T.);
#5170 = VERTEX_POINT('',#5171);
#5171 = CARTESIAN_POINT('',(3.7005,1.317989503578,9.070256747757));
#5172 = VERTEX_POINT('',#5173);
#5173 = CARTESIAN_POINT('',(3.6995,1.317989503578,9.070256747757));
#5174 = B_SPLINE_CURVE_WITH_KNOTS('',1,(#5175,#5176),.UNSPECIFIED.,.F.,
  .F.,(2,2),(-0.,1.E-03),.PIECEWISE_BEZIER_KNOTS.);
#5175 = CARTESIAN_POINT('',(3.7005,1.317989503578,9.070256747757));
#5176 = CARTESIAN_POINT('',(3.6995,1.317989503578,9.070256747757));
#5177 = ORIENTED_EDGE('',*,*,#5178,.T.);
#5178 = EDGE_CURVE('',#5170,#5179,#5181,.T.);
#5179 = VERTEX_POINT('',#5180);
#5180 = CARTESIAN_POINT('',(3.7005,1.255136137536,9.091311845561));
#5181 = B_SPLINE_CURVE_WITH_KNOTS('',3,(#5182,#5183,#5184,#5185),
  .UNSPECIFIED.,.F.,.F.,(4,4),(0.,1.),.PIECEWISE_BEZIER_KNOTS.);
#5182 = CARTESIAN_POINT('',(3.7005,1.317989503578,9.070256747757));
#5183 = CARTESIAN_POINT('',(3.7005,1.295530732585,9.070256747757));
#5184 = CARTESIAN_POINT('',(3.7005,1.274631598467,9.077275113692));
#5185 = CARTESIAN_POINT('',(3.7005,1.255136137536,9.091311845561));
#5186 = ORIENTED_EDGE('',*,*,#5187,.T.);
#5187 = EDGE_CURVE('',#5179,#5188,#5190,.T.);
#5188 = VERTEX_POINT('',#5189);
#5189 = CARTESIAN_POINT('',(3.6995,1.255136137536,9.091311845561));
#5190 = B_SPLINE_CURVE_WITH_KNOTS('',1,(#5191,#5192),.UNSPECIFIED.,.F.,
  .F.,(2,2),(-0.,1.E-03),.PIECEWISE_BEZIER_KNOTS.);
#5191 = CARTESIAN_POINT('',(3.7005,1.255136137536,9.091311845561));
#5192 = CARTESIAN_POINT('',(3.6995,1.255136137536,9.091311845561));
#5193 = ORIENTED_EDGE('',*,*,#5194,.F.);
#5194 = EDGE_CURVE('',#5172,#5188,#5195,.T.);
#5195 = B_SPLINE_CURVE_WITH_KNOTS('',3,(#5196,#5197,#5198,#5199),
  .UNSPECIFIED.,.F.,.F.,(4,4),(0.,1.),.PIECEWISE_BEZIER_KNOTS.);
#5196 = CARTESIAN_POINT('',(3.6995,1.317989503578,9.070256747757));
#5197 = CARTESIAN_POINT('',(3.6995,1.295530732585,9.070256747757));
#5198 = CARTESIAN_POINT('',(3.6995,1.274631598467,9.077275113692));
#5199 = CARTESIAN_POINT('',(3.6995,1.255136137536,9.091311845561));
#5200 = B_SPLINE_SURFACE_WITH_KNOTS('',3,1,(
    (#5201,#5202)
    ,(#5203,#5204)
    ,(#5205,#5206)
    ,(#5207,#5208
    )),.UNSPECIFIED.,.F.,.F.,.F.,(4,4),(2,2),(0.,1.),(0.,1.),
  .PIECEWISE_BEZIER_KNOTS.);
#5201 = CARTESIAN_POINT('',(3.7005,1.317989503578,9.070256747757));
#5202 = CARTESIAN_POINT('',(3.6995,1.317989503578,9.070256747757));
#5203 = CARTESIAN_POINT('',(3.7005,1.295530732585,9.070256747757));
#5204 = CARTESIAN_POINT('',(3.6995,1.295530732585,9.070256747757));
#5205 = CARTESIAN_POINT('',(3.7005,1.274631598467,9.077275113692));
#5206 = CARTESIAN_POINT('',(3.6995,1.274631598467,9.077275113692));
#5207 = CARTESIAN_POINT('',(3.7005,1.255136137536,9.091311845561));
#5208 = CARTESIAN_POINT('',(3.6995,1.255136137536,9.091311845561));
#5209 = ADVANCED_FACE('',(#5210),#5232,.F.);
#5210 = FACE_BOUND('',#5211,.T.);
#5211 = EDGE_LOOP('',(#5212,#5219,#5226,#5231));
#5212 = ORIENTED_EDGE('',*,*,#5213,.T.);
#5213 = EDGE_CURVE('',#5188,#5214,#5216,.T.);
#5214 = VERTEX_POINT('',#5215);
#5215 = CARTESIAN_POINT('',(3.6995,1.255136137536,9.051853032638));
#5216 = B_SPLINE_CURVE_WITH_KNOTS('',1,(#5217,#5218),.UNSPECIFIED.,.F.,
  .F.,(2,2),(-3.945881292292E-02,-0.),.PIECEWISE_BEZIER_KNOTS.);
#5217 = CARTESIAN_POINT('',(3.6995,1.255136137536,9.091311845561));
#5218 = CARTESIAN_POINT('',(3.6995,1.255136137536,9.051853032638));
#5219 = ORIENTED_EDGE('',*,*,#5220,.F.);
#5220 = EDGE_CURVE('',#5221,#5214,#5223,.T.);
#5221 = VERTEX_POINT('',#5222);
#5222 = CARTESIAN_POINT('',(3.7005,1.255136137536,9.051853032638));
#5223 = B_SPLINE_CURVE_WITH_KNOTS('',1,(#5224,#5225),.UNSPECIFIED.,.F.,
  .F.,(2,2),(-0.,1.E-03),.PIECEWISE_BEZIER_KNOTS.);
#5224 = CARTESIAN_POINT('',(3.7005,1.255136137536,9.051853032638));
#5225 = CARTESIAN_POINT('',(3.6995,1.255136137536,9.051853032638));
#5226 = ORIENTED_EDGE('',*,*,#5227,.F.);
#5227 = EDGE_CURVE('',#5179,#5221,#5228,.T.);
#5228 = B_SPLINE_CURVE_WITH_KNOTS('',1,(#5229,#5230),.UNSPECIFIED.,.F.,
  .F.,(2,2),(-3.945881292292E-02,-0.),.PIECEWISE_BEZIER_KNOTS.);
#5229 = CARTESIAN_POINT('',(3.7005,1.255136137536,9.091311845561));
#5230 = CARTESIAN_POINT('',(3.7005,1.255136137536,9.051853032638));
#5231 = ORIENTED_EDGE('',*,*,#5187,.T.);
#5232 = B_SPLINE_SURFACE_WITH_KNOTS('',1,1,(
    (#5233,#5234)
    ,(#5235,#5236
    )),.UNSPECIFIED.,.F.,.F.,.F.,(2,2),(2,2),(0.,3.945881292292E-02),(
    -1.E-03,0.),.PIECEWISE_BEZIER_KNOTS.);
#5233 = CARTESIAN_POINT('',(3.6995,1.255136137536,9.051853032638));
#5234 = CARTESIAN_POINT('',(3.7005,1.255136137536,9.051853032638));
#5235 = CARTESIAN_POINT('',(3.6995,1.255136137536,9.091311845561));
#5236 = CARTESIAN_POINT('',(3.7005,1.255136137536,9.091311845561));
#5237 = ADVANCED_FACE('',(#5238),#5264,.F.);
#5238 = FACE_BOUND('',#5239,.F.);
#5239 = EDGE_LOOP('',(#5240,#5241,#5250,#5257));
#5240 = ORIENTED_EDGE('',*,*,#5220,.F.);
#5241 = ORIENTED_EDGE('',*,*,#5242,.T.);
#5242 = EDGE_CURVE('',#5221,#5243,#5245,.T.);
#5243 = VERTEX_POINT('',#5244);
#5244 = CARTESIAN_POINT('',(3.7005,1.314246375079,9.039064010268));
#5245 = B_SPLINE_CURVE_WITH_KNOTS('',3,(#5246,#5247,#5248,#5249),
  .UNSPECIFIED.,.F.,.F.,(4,4),(19.,20.),.PIECEWISE_BEZIER_KNOTS.);
#5246 = CARTESIAN_POINT('',(3.7005,1.255136137536,9.051853032638));
#5247 = CARTESIAN_POINT('',(3.7005,1.27198021578,9.043430993515));
#5248 = CARTESIAN_POINT('',(3.7005,1.291631640399,9.039064010268));
#5249 = CARTESIAN_POINT('',(3.7005,1.314246375079,9.039064010268));
#5250 = ORIENTED_EDGE('',*,*,#5251,.T.);
#5251 = EDGE_CURVE('',#5243,#5252,#5254,.T.);
#5252 = VERTEX_POINT('',#5253);
#5253 = CARTESIAN_POINT('',(3.6995,1.314246375079,9.039064010268));
#5254 = B_SPLINE_CURVE_WITH_KNOTS('',1,(#5255,#5256),.UNSPECIFIED.,.F.,
  .F.,(2,2),(-0.,1.E-03),.PIECEWISE_BEZIER_KNOTS.);
#5255 = CARTESIAN_POINT('',(3.7005,1.314246375079,9.039064010268));
#5256 = CARTESIAN_POINT('',(3.6995,1.314246375079,9.039064010268));
#5257 = ORIENTED_EDGE('',*,*,#5258,.F.);
#5258 = EDGE_CURVE('',#5214,#5252,#5259,.T.);
#5259 = B_SPLINE_CURVE_WITH_KNOTS('',3,(#5260,#5261,#5262,#5263),
  .UNSPECIFIED.,.F.,.F.,(4,4),(19.,20.),.PIECEWISE_BEZIER_KNOTS.);
#5260 = CARTESIAN_POINT('',(3.6995,1.255136137536,9.051853032638));
#5261 = CARTESIAN_POINT('',(3.6995,1.27198021578,9.043430993515));
#5262 = CARTESIAN_POINT('',(3.6995,1.291631640399,9.039064010268));
#5263 = CARTESIAN_POINT('',(3.6995,1.314246375079,9.039064010268));
#5264 = B_SPLINE_SURFACE_WITH_KNOTS('',3,1,(
    (#5265,#5266)
    ,(#5267,#5268)
    ,(#5269,#5270)
    ,(#5271,#5272
    )),.UNSPECIFIED.,.F.,.F.,.F.,(4,4),(2,2),(19.,20.),(0.,1.),
  .PIECEWISE_BEZIER_KNOTS.);
#5265 = CARTESIAN_POINT('',(3.7005,1.255136137536,9.051853032638));
#5266 = CARTESIAN_POINT('',(3.6995,1.255136137536,9.051853032638));
#5267 = CARTESIAN_POINT('',(3.7005,1.27198021578,9.043430993515));
#5268 = CARTESIAN_POINT('',(3.6995,1.27198021578,9.043430993515));
#5269 = CARTESIAN_POINT('',(3.7005,1.291631640399,9.039064010268));
#5270 = CARTESIAN_POINT('',(3.6995,1.291631640399,9.039064010268));
#5271 = CARTESIAN_POINT('',(3.7005,1.314246375079,9.039064010268));
#5272 = CARTESIAN_POINT('',(3.6995,1.314246375079,9.039064010268));
#5273 = ADVANCED_FACE('',(#5274),#5300,.F.);
#5274 = FACE_BOUND('',#5275,.F.);
#5275 = EDGE_LOOP('',(#5276,#5277,#5286,#5293));
#5276 = ORIENTED_EDGE('',*,*,#5251,.F.);
#5277 = ORIENTED_EDGE('',*,*,#5278,.T.);
#5278 = EDGE_CURVE('',#5243,#5279,#5281,.T.);
#5279 = VERTEX_POINT('',#5280);
#5280 = CARTESIAN_POINT('',(3.7005,1.37772359587,9.056375979573));
#5281 = B_SPLINE_CURVE_WITH_KNOTS('',3,(#5282,#5283,#5284,#5285),
  .UNSPECIFIED.,.F.,.F.,(4,4),(18.,19.),.PIECEWISE_BEZIER_KNOTS.);
#5282 = CARTESIAN_POINT('',(3.7005,1.314246375079,9.039064010268));
#5283 = CARTESIAN_POINT('',(3.7005,1.340214329039,9.039064010268));
#5284 = CARTESIAN_POINT('',(3.7005,1.361425390531,9.044834666703));
#5285 = CARTESIAN_POINT('',(3.7005,1.37772359587,9.056375979573));
#5286 = ORIENTED_EDGE('',*,*,#5287,.T.);
#5287 = EDGE_CURVE('',#5279,#5288,#5290,.T.);
#5288 = VERTEX_POINT('',#5289);
#5289 = CARTESIAN_POINT('',(3.6995,1.37772359587,9.056375979573));
#5290 = B_SPLINE_CURVE_WITH_KNOTS('',1,(#5291,#5292),.UNSPECIFIED.,.F.,
  .F.,(2,2),(-0.,1.E-03),.PIECEWISE_BEZIER_KNOTS.);
#5291 = CARTESIAN_POINT('',(3.7005,1.37772359587,9.056375979573));
#5292 = CARTESIAN_POINT('',(3.6995,1.37772359587,9.056375979573));
#5293 = ORIENTED_EDGE('',*,*,#5294,.F.);
#5294 = EDGE_CURVE('',#5252,#5288,#5295,.T.);
#5295 = B_SPLINE_CURVE_WITH_KNOTS('',3,(#5296,#5297,#5298,#5299),
  .UNSPECIFIED.,.F.,.F.,(4,4),(18.,19.),.PIECEWISE_BEZIER_KNOTS.);
#5296 = CARTESIAN_POINT('',(3.6995,1.314246375079,9.039064010268));
#5297 = CARTESIAN_POINT('',(3.6995,1.340214329039,9.039064010268));
#5298 = CARTESIAN_POINT('',(3.6995,1.361425390531,9.044834666703));
#5299 = CARTESIAN_POINT('',(3.6995,1.37772359587,9.056375979573));
#5300 = B_SPLINE_SURFACE_WITH_KNOTS('',3,1,(
    (#5301,#5302)
    ,(#5303,#5304)
    ,(#5305,#5306)
    ,(#5307,#5308
    )),.UNSPECIFIED.,.F.,.F.,.F.,(4,4),(2,2),(18.,19.),(0.,1.),
  .PIECEWISE_BEZIER_KNOTS.);
#5301 = CARTESIAN_POINT('',(3.7005,1.314246375079,9.039064010268));
#5302 = CARTESIAN_POINT('',(3.6995,1.314246375079,9.039064010268));
#5303 = CARTESIAN_POINT('',(3.7005,1.340214329039,9.039064010268));
#5304 = CARTESIAN_POINT('',(3.6995,1.340214329039,9.039064010268));
#5305 = CARTESIAN_POINT('',(3.7005,1.361425390531,9.044834666703));
#5306 = CARTESIAN_POINT('',(3.6995,1.361425390531,9.044834666703));
#5307 = CARTESIAN_POINT('',(3.7005,1.37772359587,9.056375979573));
#5308 = CARTESIAN_POINT('',(3.6995,1.37772359587,9.056375979573));
#5309 = ADVANCED_FACE('',(#5310),#5336,.F.);
#5310 = FACE_BOUND('',#5311,.F.);
#5311 = EDGE_LOOP('',(#5312,#5313,#5322,#5329));
#5312 = ORIENTED_EDGE('',*,*,#5287,.F.);
#5313 = ORIENTED_EDGE('',*,*,#5314,.T.);
#5314 = EDGE_CURVE('',#5279,#5315,#5317,.T.);
#5315 = VERTEX_POINT('',#5316);
#5316 = CARTESIAN_POINT('',(3.7005,1.402287876643,9.103477013183));
#5317 = B_SPLINE_CURVE_WITH_KNOTS('',3,(#5318,#5319,#5320,#5321),
  .UNSPECIFIED.,.F.,.F.,(4,4),(17.,18.),.PIECEWISE_BEZIER_KNOTS.);
#5318 = CARTESIAN_POINT('',(3.7005,1.37772359587,9.056375979573));
#5319 = CARTESIAN_POINT('',(3.7005,1.394099783052,9.067761328759));
#5320 = CARTESIAN_POINT('',(3.7005,1.402287876643,9.083513661189));
#5321 = CARTESIAN_POINT('',(3.7005,1.402287876643,9.103477013183));
#5322 = ORIENTED_EDGE('',*,*,#5323,.T.);
#5323 = EDGE_CURVE('',#5315,#5324,#5326,.T.);
#5324 = VERTEX_POINT('',#5325);
#5325 = CARTESIAN_POINT('',(3.6995,1.402287876643,9.103477013183));
#5326 = B_SPLINE_CURVE_WITH_KNOTS('',1,(#5327,#5328),.UNSPECIFIED.,.F.,
  .F.,(2,2),(-0.,1.E-03),.PIECEWISE_BEZIER_KNOTS.);
#5327 = CARTESIAN_POINT('',(3.7005,1.402287876643,9.103477013183));
#5328 = CARTESIAN_POINT('',(3.6995,1.402287876643,9.103477013183));
#5329 = ORIENTED_EDGE('',*,*,#5330,.F.);
#5330 = EDGE_CURVE('',#5288,#5324,#5331,.T.);
#5331 = B_SPLINE_CURVE_WITH_KNOTS('',3,(#5332,#5333,#5334,#5335),
  .UNSPECIFIED.,.F.,.F.,(4,4),(17.,18.),.PIECEWISE_BEZIER_KNOTS.);
#5332 = CARTESIAN_POINT('',(3.6995,1.37772359587,9.056375979573));
#5333 = CARTESIAN_POINT('',(3.6995,1.394099783052,9.067761328759));
#5334 = CARTESIAN_POINT('',(3.6995,1.402287876643,9.083513661189));
#5335 = CARTESIAN_POINT('',(3.6995,1.402287876643,9.103477013183));
#5336 = B_SPLINE_SURFACE_WITH_KNOTS('',3,1,(
    (#5337,#5338)
    ,(#5339,#5340)
    ,(#5341,#5342)
    ,(#5343,#5344
    )),.UNSPECIFIED.,.F.,.F.,.F.,(4,4),(2,2),(17.,18.),(0.,1.),
  .PIECEWISE_BEZIER_KNOTS.);
#5337 = CARTESIAN_POINT('',(3.7005,1.37772359587,9.056375979573));
#5338 = CARTESIAN_POINT('',(3.6995,1.37772359587,9.056375979573));
#5339 = CARTESIAN_POINT('',(3.7005,1.394099783052,9.067761328759));
#5340 = CARTESIAN_POINT('',(3.6995,1.394099783052,9.067761328759));
#5341 = CARTESIAN_POINT('',(3.7005,1.402287876643,9.083513661189));
#5342 = CARTESIAN_POINT('',(3.6995,1.402287876643,9.083513661189));
#5343 = CARTESIAN_POINT('',(3.7005,1.402287876643,9.103477013183));
#5344 = CARTESIAN_POINT('',(3.6995,1.402287876643,9.103477013183));
#5345 = ADVANCED_FACE('',(#5346),#5372,.F.);
#5346 = FACE_BOUND('',#5347,.F.);
#5347 = EDGE_LOOP('',(#5348,#5349,#5358,#5365));
#5348 = ORIENTED_EDGE('',*,*,#5323,.F.);
#5349 = ORIENTED_EDGE('',*,*,#5350,.T.);
#5350 = EDGE_CURVE('',#5315,#5351,#5353,.T.);
#5351 = VERTEX_POINT('',#5352);
#5352 = CARTESIAN_POINT('',(3.7005,1.389498854272,9.139504624984));
#5353 = B_SPLINE_CURVE_WITH_KNOTS('',3,(#5354,#5355,#5356,#5357),
  .UNSPECIFIED.,.F.,.F.,(4,4),(16.,17.),.PIECEWISE_BEZIER_KNOTS.);
#5354 = CARTESIAN_POINT('',(3.7005,1.402287876643,9.103477013183));
#5355 = CARTESIAN_POINT('',(3.7005,1.402287876643,9.117825672428));
#5356 = CARTESIAN_POINT('',(3.7005,1.397998875238,9.129834876363));
#5357 = CARTESIAN_POINT('',(3.7005,1.389498854272,9.139504624984));
#5358 = ORIENTED_EDGE('',*,*,#5359,.T.);
#5359 = EDGE_CURVE('',#5351,#5360,#5362,.T.);
#5360 = VERTEX_POINT('',#5361);
#5361 = CARTESIAN_POINT('',(3.6995,1.389498854272,9.139504624984));
#5362 = B_SPLINE_CURVE_WITH_KNOTS('',1,(#5363,#5364),.UNSPECIFIED.,.F.,
  .F.,(2,2),(-0.,1.E-03),.PIECEWISE_BEZIER_KNOTS.);
#5363 = CARTESIAN_POINT('',(3.7005,1.389498854272,9.139504624984));
#5364 = CARTESIAN_POINT('',(3.6995,1.389498854272,9.139504624984));
#5365 = ORIENTED_EDGE('',*,*,#5366,.F.);
#5366 = EDGE_CURVE('',#5324,#5360,#5367,.T.);
#5367 = B_SPLINE_CURVE_WITH_KNOTS('',3,(#5368,#5369,#5370,#5371),
  .UNSPECIFIED.,.F.,.F.,(4,4),(16.,17.),.PIECEWISE_BEZIER_KNOTS.);
#5368 = CARTESIAN_POINT('',(3.6995,1.402287876643,9.103477013183));
#5369 = CARTESIAN_POINT('',(3.6995,1.402287876643,9.117825672428));
#5370 = CARTESIAN_POINT('',(3.6995,1.397998875238,9.129834876363));
#5371 = CARTESIAN_POINT('',(3.6995,1.389498854272,9.139504624984));
#5372 = B_SPLINE_SURFACE_WITH_KNOTS('',3,1,(
    (#5373,#5374)
    ,(#5375,#5376)
    ,(#5377,#5378)
    ,(#5379,#5380
    )),.UNSPECIFIED.,.F.,.F.,.F.,(4,4),(2,2),(16.,17.),(0.,1.),
  .PIECEWISE_BEZIER_KNOTS.);
#5373 = CARTESIAN_POINT('',(3.7005,1.402287876643,9.103477013183));
#5374 = CARTESIAN_POINT('',(3.6995,1.402287876643,9.103477013183));
#5375 = CARTESIAN_POINT('',(3.7005,1.402287876643,9.117825672428));
#5376 = CARTESIAN_POINT('',(3.6995,1.402287876643,9.117825672428));
#5377 = CARTESIAN_POINT('',(3.7005,1.397998875238,9.129834876363));
#5378 = CARTESIAN_POINT('',(3.6995,1.397998875238,9.129834876363));
#5379 = CARTESIAN_POINT('',(3.7005,1.389498854272,9.139504624984));
#5380 = CARTESIAN_POINT('',(3.6995,1.389498854272,9.139504624984));
#5381 = ADVANCED_FACE('',(#5382),#5408,.F.);
#5382 = FACE_BOUND('',#5383,.F.);
#5383 = EDGE_LOOP('',(#5384,#5385,#5394,#5401));
#5384 = ORIENTED_EDGE('',*,*,#5359,.F.);
#5385 = ORIENTED_EDGE('',*,*,#5386,.T.);
#5386 = EDGE_CURVE('',#5351,#5387,#5389,.T.);
#5387 = VERTEX_POINT('',#5388);
#5388 = CARTESIAN_POINT('',(3.7005,1.340214329039,9.167734052411));
#5389 = B_SPLINE_CURVE_WITH_KNOTS('',3,(#5390,#5391,#5392,#5393),
  .UNSPECIFIED.,.F.,.F.,(4,4),(15.,16.),.PIECEWISE_BEZIER_KNOTS.);
#5390 = CARTESIAN_POINT('',(3.7005,1.389498854272,9.139504624984));
#5391 = CARTESIAN_POINT('',(3.7005,1.380920851463,9.149174373605));
#5392 = CARTESIAN_POINT('',(3.7005,1.364544664281,9.158688158539));
#5393 = CARTESIAN_POINT('',(3.7005,1.340214329039,9.167734052411));
#5394 = ORIENTED_EDGE('',*,*,#5395,.T.);
#5395 = EDGE_CURVE('',#5387,#5396,#5398,.T.);
#5396 = VERTEX_POINT('',#5397);
#5397 = CARTESIAN_POINT('',(3.6995,1.340214329039,9.167734052411));
#5398 = B_SPLINE_CURVE_WITH_KNOTS('',1,(#5399,#5400),.UNSPECIFIED.,.F.,
  .F.,(2,2),(-0.,1.E-03),.PIECEWISE_BEZIER_KNOTS.);
#5399 = CARTESIAN_POINT('',(3.7005,1.340214329039,9.167734052411));
#5400 = CARTESIAN_POINT('',(3.6995,1.340214329039,9.167734052411));
#5401 = ORIENTED_EDGE('',*,*,#5402,.F.);
#5402 = EDGE_CURVE('',#5360,#5396,#5403,.T.);
#5403 = B_SPLINE_CURVE_WITH_KNOTS('',3,(#5404,#5405,#5406,#5407),
  .UNSPECIFIED.,.F.,.F.,(4,4),(15.,16.),.PIECEWISE_BEZIER_KNOTS.);
#5404 = CARTESIAN_POINT('',(3.6995,1.389498854272,9.139504624984));
#5405 = CARTESIAN_POINT('',(3.6995,1.380920851463,9.149174373605));
#5406 = CARTESIAN_POINT('',(3.6995,1.364544664281,9.158688158539));
#5407 = CARTESIAN_POINT('',(3.6995,1.340214329039,9.167734052411));
#5408 = B_SPLINE_SURFACE_WITH_KNOTS('',3,1,(
    (#5409,#5410)
    ,(#5411,#5412)
    ,(#5413,#5414)
    ,(#5415,#5416
    )),.UNSPECIFIED.,.F.,.F.,.F.,(4,4),(2,2),(15.,16.),(0.,1.),
  .PIECEWISE_BEZIER_KNOTS.);
#5409 = CARTESIAN_POINT('',(3.7005,1.389498854272,9.139504624984));
#5410 = CARTESIAN_POINT('',(3.6995,1.389498854272,9.139504624984));
#5411 = CARTESIAN_POINT('',(3.7005,1.380920851463,9.149174373605));
#5412 = CARTESIAN_POINT('',(3.6995,1.380920851463,9.149174373605));
#5413 = CARTESIAN_POINT('',(3.7005,1.364544664281,9.158688158539));
#5414 = CARTESIAN_POINT('',(3.6995,1.364544664281,9.158688158539));
#5415 = CARTESIAN_POINT('',(3.7005,1.340214329039,9.167734052411));
#5416 = CARTESIAN_POINT('',(3.6995,1.340214329039,9.167734052411));
#5417 = ADVANCED_FACE('',(#5418),#5444,.F.);
#5418 = FACE_BOUND('',#5419,.F.);
#5419 = EDGE_LOOP('',(#5420,#5421,#5430,#5437));
#5420 = ORIENTED_EDGE('',*,*,#5395,.F.);
#5421 = ORIENTED_EDGE('',*,*,#5422,.T.);
#5422 = EDGE_CURVE('',#5387,#5423,#5425,.T.);
#5423 = VERTEX_POINT('',#5424);
#5424 = CARTESIAN_POINT('',(3.7005,1.303094971426,9.186449694906));
#5425 = B_SPLINE_CURVE_WITH_KNOTS('',3,(#5426,#5427,#5428,#5429),
  .UNSPECIFIED.,.F.,.F.,(4,4),(14.,15.),.PIECEWISE_BEZIER_KNOTS.);
#5426 = CARTESIAN_POINT('',(3.7005,1.340214329039,9.167734052411));
#5427 = CARTESIAN_POINT('',(3.7005,1.321030795483,9.175220309408));
#5428 = CARTESIAN_POINT('',(3.7005,1.308709664175,9.181458856907));
#5429 = CARTESIAN_POINT('',(3.7005,1.303094971426,9.186449694906));
#5430 = ORIENTED_EDGE('',*,*,#5431,.T.);
#5431 = EDGE_CURVE('',#5423,#5432,#5434,.T.);
#5432 = VERTEX_POINT('',#5433);
#5433 = CARTESIAN_POINT('',(3.6995,1.303094971426,9.186449694906));
#5434 = B_SPLINE_CURVE_WITH_KNOTS('',1,(#5435,#5436),.UNSPECIFIED.,.F.,
  .F.,(2,2),(-0.,1.E-03),.PIECEWISE_BEZIER_KNOTS.);
#5435 = CARTESIAN_POINT('',(3.7005,1.303094971426,9.186449694906));
#5436 = CARTESIAN_POINT('',(3.6995,1.303094971426,9.186449694906));
#5437 = ORIENTED_EDGE('',*,*,#5438,.F.);
#5438 = EDGE_CURVE('',#5396,#5432,#5439,.T.);
#5439 = B_SPLINE_CURVE_WITH_KNOTS('',3,(#5440,#5441,#5442,#5443),
  .UNSPECIFIED.,.F.,.F.,(4,4),(14.,15.),.PIECEWISE_BEZIER_KNOTS.);
#5440 = CARTESIAN_POINT('',(3.6995,1.340214329039,9.167734052411));
#5441 = CARTESIAN_POINT('',(3.6995,1.321030795483,9.175220309408));
#5442 = CARTESIAN_POINT('',(3.6995,1.308709664175,9.181458856907));
#5443 = CARTESIAN_POINT('',(3.6995,1.303094971426,9.186449694906));
#5444 = B_SPLINE_SURFACE_WITH_KNOTS('',3,1,(
    (#5445,#5446)
    ,(#5447,#5448)
    ,(#5449,#5450)
    ,(#5451,#5452
    )),.UNSPECIFIED.,.F.,.F.,.F.,(4,4),(2,2),(14.,15.),(0.,1.),
  .PIECEWISE_BEZIER_KNOTS.);
#5445 = CARTESIAN_POINT('',(3.7005,1.340214329039,9.167734052411));
#5446 = CARTESIAN_POINT('',(3.6995,1.340214329039,9.167734052411));
#5447 = CARTESIAN_POINT('',(3.7005,1.321030795483,9.175220309408));
#5448 = CARTESIAN_POINT('',(3.6995,1.321030795483,9.175220309408));
#5449 = CARTESIAN_POINT('',(3.7005,1.308709664175,9.181458856907));
#5450 = CARTESIAN_POINT('',(3.6995,1.308709664175,9.181458856907));
#5451 = CARTESIAN_POINT('',(3.7005,1.303094971426,9.186449694906));
#5452 = CARTESIAN_POINT('',(3.6995,1.303094971426,9.186449694906));
#5453 = ADVANCED_FACE('',(#5454),#5480,.F.);
#5454 = FACE_BOUND('',#5455,.F.);
#5455 = EDGE_LOOP('',(#5456,#5457,#5466,#5473));
#5456 = ORIENTED_EDGE('',*,*,#5431,.F.);
#5457 = ORIENTED_EDGE('',*,*,#5458,.T.);
#5458 = EDGE_CURVE('',#5423,#5459,#5461,.T.);
#5459 = VERTEX_POINT('',#5460);
#5460 = CARTESIAN_POINT('',(3.7005,1.294750914148,9.206724974274));
#5461 = B_SPLINE_CURVE_WITH_KNOTS('',3,(#5462,#5463,#5464,#5465),
  .UNSPECIFIED.,.F.,.F.,(4,4),(13.,14.),.PIECEWISE_BEZIER_KNOTS.);
#5462 = CARTESIAN_POINT('',(3.7005,1.303094971426,9.186449694906));
#5463 = CARTESIAN_POINT('',(3.7005,1.297558260522,9.191284569216));
#5464 = CARTESIAN_POINT('',(3.7005,1.294750914148,9.197991007776));
#5465 = CARTESIAN_POINT('',(3.7005,1.294750914148,9.206724974274));
#5466 = ORIENTED_EDGE('',*,*,#5467,.T.);
#5467 = EDGE_CURVE('',#5459,#5468,#5470,.T.);
#5468 = VERTEX_POINT('',#5469);
#5469 = CARTESIAN_POINT('',(3.6995,1.294750914148,9.206724974274));
#5470 = B_SPLINE_CURVE_WITH_KNOTS('',1,(#5471,#5472),.UNSPECIFIED.,.F.,
  .F.,(2,2),(-0.,1.E-03),.PIECEWISE_BEZIER_KNOTS.);
#5471 = CARTESIAN_POINT('',(3.7005,1.294750914148,9.206724974274));
#5472 = CARTESIAN_POINT('',(3.6995,1.294750914148,9.206724974274));
#5473 = ORIENTED_EDGE('',*,*,#5474,.F.);
#5474 = EDGE_CURVE('',#5432,#5468,#5475,.T.);
#5475 = B_SPLINE_CURVE_WITH_KNOTS('',3,(#5476,#5477,#5478,#5479),
  .UNSPECIFIED.,.F.,.F.,(4,4),(13.,14.),.PIECEWISE_BEZIER_KNOTS.);
#5476 = CARTESIAN_POINT('',(3.6995,1.303094971426,9.186449694906));
#5477 = CARTESIAN_POINT('',(3.6995,1.297558260522,9.191284569216));
#5478 = CARTESIAN_POINT('',(3.6995,1.294750914148,9.197991007776));
#5479 = CARTESIAN_POINT('',(3.6995,1.294750914148,9.206724974274));
#5480 = B_SPLINE_SURFACE_WITH_KNOTS('',3,1,(
    (#5481,#5482)
    ,(#5483,#5484)
    ,(#5485,#5486)
    ,(#5487,#5488
    )),.UNSPECIFIED.,.F.,.F.,.F.,(4,4),(2,2),(13.,14.),(0.,1.),
  .PIECEWISE_BEZIER_KNOTS.);
#5481 = CARTESIAN_POINT('',(3.7005,1.303094971426,9.186449694906));
#5482 = CARTESIAN_POINT('',(3.6995,1.303094971426,9.186449694906));
#5483 = CARTESIAN_POINT('',(3.7005,1.297558260522,9.191284569216));
#5484 = CARTESIAN_POINT('',(3.6995,1.297558260522,9.191284569216));
#5485 = CARTESIAN_POINT('',(3.7005,1.294750914148,9.197991007776));
#5486 = CARTESIAN_POINT('',(3.6995,1.294750914148,9.197991007776));
#5487 = CARTESIAN_POINT('',(3.7005,1.294750914148,9.206724974274));
#5488 = CARTESIAN_POINT('',(3.6995,1.294750914148,9.206724974274));
#5489 = ADVANCED_FACE('',(#5490),#5516,.F.);
#5490 = FACE_BOUND('',#5491,.F.);
#5491 = EDGE_LOOP('',(#5492,#5493,#5502,#5509));
#5492 = ORIENTED_EDGE('',*,*,#5467,.F.);
#5493 = ORIENTED_EDGE('',*,*,#5494,.T.);
#5494 = EDGE_CURVE('',#5459,#5495,#5497,.T.);
#5495 = VERTEX_POINT('',#5496);
#5496 = CARTESIAN_POINT('',(3.7005,1.306370208863,9.227936035765));
#5497 = B_SPLINE_CURVE_WITH_KNOTS('',3,(#5498,#5499,#5500,#5501),
  .UNSPECIFIED.,.F.,.F.,(4,4),(12.,13.),.PIECEWISE_BEZIER_KNOTS.);
#5498 = CARTESIAN_POINT('',(3.7005,1.294750914148,9.206724974274));
#5499 = CARTESIAN_POINT('',(3.7005,1.294750914148,9.215458940769));
#5500 = CARTESIAN_POINT('',(3.7005,1.298650006334,9.222633270392));
#5501 = CARTESIAN_POINT('',(3.7005,1.306370208863,9.227936035765));
#5502 = ORIENTED_EDGE('',*,*,#5503,.T.);
#5503 = EDGE_CURVE('',#5495,#5504,#5506,.T.);
#5504 = VERTEX_POINT('',#5505);
#5505 = CARTESIAN_POINT('',(3.6995,1.306370208863,9.227936035765));
#5506 = B_SPLINE_CURVE_WITH_KNOTS('',1,(#5507,#5508),.UNSPECIFIED.,.F.,
  .F.,(2,2),(-0.,1.E-03),.PIECEWISE_BEZIER_KNOTS.);
#5507 = CARTESIAN_POINT('',(3.7005,1.306370208863,9.227936035765));
#5508 = CARTESIAN_POINT('',(3.6995,1.306370208863,9.227936035765));
#5509 = ORIENTED_EDGE('',*,*,#5510,.F.);
#5510 = EDGE_CURVE('',#5468,#5504,#5511,.T.);
#5511 = B_SPLINE_CURVE_WITH_KNOTS('',3,(#5512,#5513,#5514,#5515),
  .UNSPECIFIED.,.F.,.F.,(4,4),(12.,13.),.PIECEWISE_BEZIER_KNOTS.);
#5512 = CARTESIAN_POINT('',(3.6995,1.294750914148,9.206724974274));
#5513 = CARTESIAN_POINT('',(3.6995,1.294750914148,9.215458940769));
#5514 = CARTESIAN_POINT('',(3.6995,1.298650006334,9.222633270392));
#5515 = CARTESIAN_POINT('',(3.6995,1.306370208863,9.227936035765));
#5516 = B_SPLINE_SURFACE_WITH_KNOTS('',3,1,(
    (#5517,#5518)
    ,(#5519,#5520)
    ,(#5521,#5522)
    ,(#5523,#5524
    )),.UNSPECIFIED.,.F.,.F.,.F.,(4,4),(2,2),(12.,13.),(0.,1.),
  .PIECEWISE_BEZIER_KNOTS.);
#5517 = CARTESIAN_POINT('',(3.7005,1.294750914148,9.206724974274));
#5518 = CARTESIAN_POINT('',(3.6995,1.294750914148,9.206724974274));
#5519 = CARTESIAN_POINT('',(3.7005,1.294750914148,9.215458940769));
#5520 = CARTESIAN_POINT('',(3.6995,1.294750914148,9.215458940769));
#5521 = CARTESIAN_POINT('',(3.7005,1.298650006334,9.222633270392));
#5522 = CARTESIAN_POINT('',(3.6995,1.298650006334,9.222633270392));
#5523 = CARTESIAN_POINT('',(3.7005,1.306370208863,9.227936035765));
#5524 = CARTESIAN_POINT('',(3.6995,1.306370208863,9.227936035765));
#5525 = ADVANCED_FACE('',(#5526),#5552,.F.);
#5526 = FACE_BOUND('',#5527,.F.);
#5527 = EDGE_LOOP('',(#5528,#5529,#5538,#5545));
#5528 = ORIENTED_EDGE('',*,*,#5503,.F.);
#5529 = ORIENTED_EDGE('',*,*,#5530,.T.);
#5530 = EDGE_CURVE('',#5495,#5531,#5533,.T.);
#5531 = VERTEX_POINT('',#5532);
#5532 = CARTESIAN_POINT('',(3.7005,1.33647120054,9.236046147514));
#5533 = B_SPLINE_CURVE_WITH_KNOTS('',3,(#5534,#5535,#5536,#5537),
  .UNSPECIFIED.,.F.,.F.,(4,4),(11.,12.),.PIECEWISE_BEZIER_KNOTS.);
#5534 = CARTESIAN_POINT('',(3.7005,1.306370208863,9.227936035765));
#5535 = CARTESIAN_POINT('',(3.7005,1.314090411391,9.233394764826));
#5536 = CARTESIAN_POINT('',(3.7005,1.324150069232,9.236046147514));
#5537 = CARTESIAN_POINT('',(3.7005,1.33647120054,9.236046147514));
#5538 = ORIENTED_EDGE('',*,*,#5539,.T.);
#5539 = EDGE_CURVE('',#5531,#5540,#5542,.T.);
#5540 = VERTEX_POINT('',#5541);
#5541 = CARTESIAN_POINT('',(3.6995,1.33647120054,9.236046147514));
#5542 = B_SPLINE_CURVE_WITH_KNOTS('',1,(#5543,#5544),.UNSPECIFIED.,.F.,
  .F.,(2,2),(-0.,1.E-03),.PIECEWISE_BEZIER_KNOTS.);
#5543 = CARTESIAN_POINT('',(3.7005,1.33647120054,9.236046147514));
#5544 = CARTESIAN_POINT('',(3.6995,1.33647120054,9.236046147514));
#5545 = ORIENTED_EDGE('',*,*,#5546,.F.);
#5546 = EDGE_CURVE('',#5504,#5540,#5547,.T.);
#5547 = B_SPLINE_CURVE_WITH_KNOTS('',3,(#5548,#5549,#5550,#5551),
  .UNSPECIFIED.,.F.,.F.,(4,4),(11.,12.),.PIECEWISE_BEZIER_KNOTS.);
#5548 = CARTESIAN_POINT('',(3.6995,1.306370208863,9.227936035765));
#5549 = CARTESIAN_POINT('',(3.6995,1.314090411391,9.233394764826));
#5550 = CARTESIAN_POINT('',(3.6995,1.324150069232,9.236046147514));
#5551 = CARTESIAN_POINT('',(3.6995,1.33647120054,9.236046147514));
#5552 = B_SPLINE_SURFACE_WITH_KNOTS('',3,1,(
    (#5553,#5554)
    ,(#5555,#5556)
    ,(#5557,#5558)
    ,(#5559,#5560
    )),.UNSPECIFIED.,.F.,.F.,.F.,(4,4),(2,2),(11.,12.),(0.,1.),
  .PIECEWISE_BEZIER_KNOTS.);
#5553 = CARTESIAN_POINT('',(3.7005,1.306370208863,9.227936035765));
#5554 = CARTESIAN_POINT('',(3.6995,1.306370208863,9.227936035765));
#5555 = CARTESIAN_POINT('',(3.7005,1.314090411391,9.233394764826));
#5556 = CARTESIAN_POINT('',(3.6995,1.314090411391,9.233394764826));
#5557 = CARTESIAN_POINT('',(3.7005,1.324150069232,9.236046147514));
#5558 = CARTESIAN_POINT('',(3.6995,1.324150069232,9.236046147514));
#5559 = CARTESIAN_POINT('',(3.7005,1.33647120054,9.236046147514));
#5560 = CARTESIAN_POINT('',(3.6995,1.33647120054,9.236046147514));
#5561 = ADVANCED_FACE('',(#5562),#5588,.F.);
#5562 = FACE_BOUND('',#5563,.F.);
#5563 = EDGE_LOOP('',(#5564,#5565,#5574,#5581));
#5564 = ORIENTED_EDGE('',*,*,#5539,.F.);
#5565 = ORIENTED_EDGE('',*,*,#5566,.T.);
#5566 = EDGE_CURVE('',#5531,#5567,#5569,.T.);
#5567 = VERTEX_POINT('',#5568);
#5568 = CARTESIAN_POINT('',(3.7005,1.391838309584,9.220293815081));
#5569 = B_SPLINE_CURVE_WITH_KNOTS('',3,(#5570,#5571,#5572,#5573),
  .UNSPECIFIED.,.F.,.F.,(4,4),(10.,11.),.PIECEWISE_BEZIER_KNOTS.);
#5570 = CARTESIAN_POINT('',(3.7005,1.33647120054,9.236046147514));
#5571 = CARTESIAN_POINT('',(3.7005,1.357136389127,9.236046147514));
#5572 = CARTESIAN_POINT('',(3.7005,1.375540104246,9.230743382141));
#5573 = CARTESIAN_POINT('',(3.7005,1.391838309584,9.220293815081));
#5574 = ORIENTED_EDGE('',*,*,#5575,.T.);
#5575 = EDGE_CURVE('',#5567,#5576,#5578,.T.);
#5576 = VERTEX_POINT('',#5577);
#5577 = CARTESIAN_POINT('',(3.6995,1.391838309584,9.220293815081));
#5578 = B_SPLINE_CURVE_WITH_KNOTS('',1,(#5579,#5580),.UNSPECIFIED.,.F.,
  .F.,(2,2),(-0.,1.E-03),.PIECEWISE_BEZIER_KNOTS.);
#5579 = CARTESIAN_POINT('',(3.7005,1.391838309584,9.220293815081));
#5580 = CARTESIAN_POINT('',(3.6995,1.391838309584,9.220293815081));
#5581 = ORIENTED_EDGE('',*,*,#5582,.F.);
#5582 = EDGE_CURVE('',#5540,#5576,#5583,.T.);
#5583 = B_SPLINE_CURVE_WITH_KNOTS('',3,(#5584,#5585,#5586,#5587),
  .UNSPECIFIED.,.F.,.F.,(4,4),(10.,11.),.PIECEWISE_BEZIER_KNOTS.);
#5584 = CARTESIAN_POINT('',(3.6995,1.33647120054,9.236046147514));
#5585 = CARTESIAN_POINT('',(3.6995,1.357136389127,9.236046147514));
#5586 = CARTESIAN_POINT('',(3.6995,1.375540104246,9.230743382141));
#5587 = CARTESIAN_POINT('',(3.6995,1.391838309584,9.220293815081));
#5588 = B_SPLINE_SURFACE_WITH_KNOTS('',3,1,(
    (#5589,#5590)
    ,(#5591,#5592)
    ,(#5593,#5594)
    ,(#5595,#5596
    )),.UNSPECIFIED.,.F.,.F.,.F.,(4,4),(2,2),(10.,11.),(0.,1.),
  .PIECEWISE_BEZIER_KNOTS.);
#5589 = CARTESIAN_POINT('',(3.7005,1.33647120054,9.236046147514));
#5590 = CARTESIAN_POINT('',(3.6995,1.33647120054,9.236046147514));
#5591 = CARTESIAN_POINT('',(3.7005,1.357136389127,9.236046147514));
#5592 = CARTESIAN_POINT('',(3.6995,1.357136389127,9.236046147514));
#5593 = CARTESIAN_POINT('',(3.7005,1.375540104246,9.230743382141));
#5594 = CARTESIAN_POINT('',(3.6995,1.375540104246,9.230743382141));
#5595 = CARTESIAN_POINT('',(3.7005,1.391838309584,9.220293815081));
#5596 = CARTESIAN_POINT('',(3.6995,1.391838309584,9.220293815081));
#5597 = ADVANCED_FACE('',(#5598),#5620,.F.);
#5598 = FACE_BOUND('',#5599,.T.);
#5599 = EDGE_LOOP('',(#5600,#5607,#5614,#5619));
#5600 = ORIENTED_EDGE('',*,*,#5601,.T.);
#5601 = EDGE_CURVE('',#5576,#5602,#5604,.T.);
#5602 = VERTEX_POINT('',#5603);
#5603 = CARTESIAN_POINT('',(3.6995,1.391838309584,9.257413172693));
#5604 = B_SPLINE_CURVE_WITH_KNOTS('',1,(#5605,#5606),.UNSPECIFIED.,.F.,
  .F.,(2,2),(-3.711935761179E-02,0.),.PIECEWISE_BEZIER_KNOTS.);
#5605 = CARTESIAN_POINT('',(3.6995,1.391838309584,9.220293815081));
#5606 = CARTESIAN_POINT('',(3.6995,1.391838309584,9.257413172693));
#5607 = ORIENTED_EDGE('',*,*,#5608,.F.);
#5608 = EDGE_CURVE('',#5609,#5602,#5611,.T.);
#5609 = VERTEX_POINT('',#5610);
#5610 = CARTESIAN_POINT('',(3.7005,1.391838309584,9.257413172693));
#5611 = B_SPLINE_CURVE_WITH_KNOTS('',1,(#5612,#5613),.UNSPECIFIED.,.F.,
  .F.,(2,2),(-0.,1.E-03),.PIECEWISE_BEZIER_KNOTS.);
#5612 = CARTESIAN_POINT('',(3.7005,1.391838309584,9.257413172693));
#5613 = CARTESIAN_POINT('',(3.6995,1.391838309584,9.257413172693));
#5614 = ORIENTED_EDGE('',*,*,#5615,.F.);
#5615 = EDGE_CURVE('',#5567,#5609,#5616,.T.);
#5616 = B_SPLINE_CURVE_WITH_KNOTS('',1,(#5617,#5618),.UNSPECIFIED.,.F.,
  .F.,(2,2),(-3.711935761179E-02,0.),.PIECEWISE_BEZIER_KNOTS.);
#5617 = CARTESIAN_POINT('',(3.7005,1.391838309584,9.220293815081));
#5618 = CARTESIAN_POINT('',(3.7005,1.391838309584,9.257413172693));
#5619 = ORIENTED_EDGE('',*,*,#5575,.T.);
#5620 = B_SPLINE_SURFACE_WITH_KNOTS('',1,1,(
    (#5621,#5622)
    ,(#5623,#5624
    )),.UNSPECIFIED.,.F.,.F.,.F.,(2,2),(2,2),(-0.,3.711935761179E-02),(
    -1.000000000001E-03,0.),.PIECEWISE_BEZIER_KNOTS.);
#5621 = CARTESIAN_POINT('',(3.6995,1.391838309584,9.257413172693));
#5622 = CARTESIAN_POINT('',(3.7005,1.391838309584,9.257413172693));
#5623 = CARTESIAN_POINT('',(3.6995,1.391838309584,9.220293815081));
#5624 = CARTESIAN_POINT('',(3.7005,1.391838309584,9.220293815081));
#5625 = ADVANCED_FACE('',(#5626),#5652,.F.);
#5626 = FACE_BOUND('',#5627,.F.);
#5627 = EDGE_LOOP('',(#5628,#5629,#5638,#5645));
#5628 = ORIENTED_EDGE('',*,*,#5608,.F.);
#5629 = ORIENTED_EDGE('',*,*,#5630,.T.);
#5630 = EDGE_CURVE('',#5609,#5631,#5633,.T.);
#5631 = VERTEX_POINT('',#5632);
#5632 = CARTESIAN_POINT('',(3.7005,1.340214329039,9.267082921316));
#5633 = B_SPLINE_CURVE_WITH_KNOTS('',3,(#5634,#5635,#5636,#5637),
  .UNSPECIFIED.,.F.,.F.,(4,4),(8.,9.),.PIECEWISE_BEZIER_KNOTS.);
#5634 = CARTESIAN_POINT('',(3.7005,1.391838309584,9.257413172693));
#5635 = CARTESIAN_POINT('',(3.7005,1.375930013464,9.263963647566));
#5636 = CARTESIAN_POINT('',(3.7005,1.358774007845,9.267082921316));
#5637 = CARTESIAN_POINT('',(3.7005,1.340214329039,9.267082921316));
#5638 = ORIENTED_EDGE('',*,*,#5639,.T.);
#5639 = EDGE_CURVE('',#5631,#5640,#5642,.T.);
#5640 = VERTEX_POINT('',#5641);
#5641 = CARTESIAN_POINT('',(3.6995,1.340214329039,9.267082921316));
#5642 = B_SPLINE_CURVE_WITH_KNOTS('',1,(#5643,#5644),.UNSPECIFIED.,.F.,
  .F.,(2,2),(-0.,1.E-03),.PIECEWISE_BEZIER_KNOTS.);
#5643 = CARTESIAN_POINT('',(3.7005,1.340214329039,9.267082921316));
#5644 = CARTESIAN_POINT('',(3.6995,1.340214329039,9.267082921316));
#5645 = ORIENTED_EDGE('',*,*,#5646,.F.);
#5646 = EDGE_CURVE('',#5602,#5640,#5647,.T.);
#5647 = B_SPLINE_CURVE_WITH_KNOTS('',3,(#5648,#5649,#5650,#5651),
  .UNSPECIFIED.,.F.,.F.,(4,4),(8.,9.),.PIECEWISE_BEZIER_KNOTS.);
#5648 = CARTESIAN_POINT('',(3.6995,1.391838309584,9.257413172693));
#5649 = CARTESIAN_POINT('',(3.6995,1.375930013464,9.263963647566));
#5650 = CARTESIAN_POINT('',(3.6995,1.358774007845,9.267082921316));
#5651 = CARTESIAN_POINT('',(3.6995,1.340214329039,9.267082921316));
#5652 = B_SPLINE_SURFACE_WITH_KNOTS('',3,1,(
    (#5653,#5654)
    ,(#5655,#5656)
    ,(#5657,#5658)
    ,(#5659,#5660
    )),.UNSPECIFIED.,.F.,.F.,.F.,(4,4),(2,2),(8.,9.),(0.,1.),
  .PIECEWISE_BEZIER_KNOTS.);
#5653 = CARTESIAN_POINT('',(3.7005,1.391838309584,9.257413172693));
#5654 = CARTESIAN_POINT('',(3.6995,1.391838309584,9.257413172693));
#5655 = CARTESIAN_POINT('',(3.7005,1.375930013464,9.263963647566));
#5656 = CARTESIAN_POINT('',(3.6995,1.375930013464,9.263963647566));
#5657 = CARTESIAN_POINT('',(3.7005,1.358774007845,9.267082921316));
#5658 = CARTESIAN_POINT('',(3.6995,1.358774007845,9.267082921316));
#5659 = CARTESIAN_POINT('',(3.7005,1.340214329039,9.267082921316));
#5660 = CARTESIAN_POINT('',(3.6995,1.340214329039,9.267082921316));
#5661 = ADVANCED_FACE('',(#5662),#5688,.F.);
#5662 = FACE_BOUND('',#5663,.F.);
#5663 = EDGE_LOOP('',(#5664,#5665,#5674,#5681));
#5664 = ORIENTED_EDGE('',*,*,#5639,.F.);
#5665 = ORIENTED_EDGE('',*,*,#5666,.T.);
#5666 = EDGE_CURVE('',#5631,#5667,#5669,.T.);
#5667 = VERTEX_POINT('',#5668);
#5668 = CARTESIAN_POINT('',(3.7005,1.279856381997,9.249770952008));
#5669 = B_SPLINE_CURVE_WITH_KNOTS('',3,(#5670,#5671,#5672,#5673),
  .UNSPECIFIED.,.F.,.F.,(4,4),(7.,8.),.PIECEWISE_BEZIER_KNOTS.);
#5670 = CARTESIAN_POINT('',(3.7005,1.340214329039,9.267082921316));
#5671 = CARTESIAN_POINT('',(3.7005,1.316351884859,9.267082921316));
#5672 = CARTESIAN_POINT('',(3.7005,1.296232569179,9.261312264881));
#5673 = CARTESIAN_POINT('',(3.7005,1.279856381997,9.249770952008));
#5674 = ORIENTED_EDGE('',*,*,#5675,.T.);
#5675 = EDGE_CURVE('',#5667,#5676,#5678,.T.);
#5676 = VERTEX_POINT('',#5677);
#5677 = CARTESIAN_POINT('',(3.6995,1.279856381997,9.249770952008));
#5678 = B_SPLINE_CURVE_WITH_KNOTS('',1,(#5679,#5680),.UNSPECIFIED.,.F.,
  .F.,(2,2),(-0.,1.E-03),.PIECEWISE_BEZIER_KNOTS.);
#5679 = CARTESIAN_POINT('',(3.7005,1.279856381997,9.249770952008));
#5680 = CARTESIAN_POINT('',(3.6995,1.279856381997,9.249770952008));
#5681 = ORIENTED_EDGE('',*,*,#5682,.F.);
#5682 = EDGE_CURVE('',#5640,#5676,#5683,.T.);
#5683 = B_SPLINE_CURVE_WITH_KNOTS('',3,(#5684,#5685,#5686,#5687),
  .UNSPECIFIED.,.F.,.F.,(4,4),(7.,8.),.PIECEWISE_BEZIER_KNOTS.);
#5684 = CARTESIAN_POINT('',(3.6995,1.340214329039,9.267082921316));
#5685 = CARTESIAN_POINT('',(3.6995,1.316351884859,9.267082921316));
#5686 = CARTESIAN_POINT('',(3.6995,1.296232569179,9.261312264881));
#5687 = CARTESIAN_POINT('',(3.6995,1.279856381997,9.249770952008));
#5688 = B_SPLINE_SURFACE_WITH_KNOTS('',3,1,(
    (#5689,#5690)
    ,(#5691,#5692)
    ,(#5693,#5694)
    ,(#5695,#5696
    )),.UNSPECIFIED.,.F.,.F.,.F.,(4,4),(2,2),(7.,8.),(0.,1.),
  .PIECEWISE_BEZIER_KNOTS.);
#5689 = CARTESIAN_POINT('',(3.7005,1.340214329039,9.267082921316));
#5690 = CARTESIAN_POINT('',(3.6995,1.340214329039,9.267082921316));
#5691 = CARTESIAN_POINT('',(3.7005,1.316351884859,9.267082921316));
#5692 = CARTESIAN_POINT('',(3.6995,1.316351884859,9.267082921316));
#5693 = CARTESIAN_POINT('',(3.7005,1.296232569179,9.261312264881));
#5694 = CARTESIAN_POINT('',(3.6995,1.296232569179,9.261312264881));
#5695 = CARTESIAN_POINT('',(3.7005,1.279856381997,9.249770952008));
#5696 = CARTESIAN_POINT('',(3.6995,1.279856381997,9.249770952008));
#5697 = ADVANCED_FACE('',(#5698),#5724,.F.);
#5698 = FACE_BOUND('',#5699,.F.);
#5699 = EDGE_LOOP('',(#5700,#5701,#5710,#5717));
#5700 = ORIENTED_EDGE('',*,*,#5675,.F.);
#5701 = ORIENTED_EDGE('',*,*,#5702,.T.);
#5702 = EDGE_CURVE('',#5667,#5703,#5705,.T.);
#5703 = VERTEX_POINT('',#5704);
#5704 = CARTESIAN_POINT('',(3.7005,1.255370083067,9.20329377315));
#5705 = B_SPLINE_CURVE_WITH_KNOTS('',3,(#5706,#5707,#5708,#5709),
  .UNSPECIFIED.,.F.,.F.,(4,4),(6.,7.),.PIECEWISE_BEZIER_KNOTS.);
#5706 = CARTESIAN_POINT('',(3.7005,1.279856381997,9.249770952008));
#5707 = CARTESIAN_POINT('',(3.7005,1.263558176658,9.238073675451));
#5708 = CARTESIAN_POINT('',(3.7005,1.255370083067,9.222633270392));
#5709 = CARTESIAN_POINT('',(3.7005,1.255370083067,9.20329377315));
#5710 = ORIENTED_EDGE('',*,*,#5711,.T.);
#5711 = EDGE_CURVE('',#5703,#5712,#5714,.T.);
#5712 = VERTEX_POINT('',#5713);
#5713 = CARTESIAN_POINT('',(3.6995,1.255370083067,9.20329377315));
#5714 = B_SPLINE_CURVE_WITH_KNOTS('',1,(#5715,#5716),.UNSPECIFIED.,.F.,
  .F.,(2,2),(-0.,1.E-03),.PIECEWISE_BEZIER_KNOTS.);
#5715 = CARTESIAN_POINT('',(3.7005,1.255370083067,9.20329377315));
#5716 = CARTESIAN_POINT('',(3.6995,1.255370083067,9.20329377315));
#5717 = ORIENTED_EDGE('',*,*,#5718,.F.);
#5718 = EDGE_CURVE('',#5676,#5712,#5719,.T.);
#5719 = B_SPLINE_CURVE_WITH_KNOTS('',3,(#5720,#5721,#5722,#5723),
  .UNSPECIFIED.,.F.,.F.,(4,4),(6.,7.),.PIECEWISE_BEZIER_KNOTS.);
#5720 = CARTESIAN_POINT('',(3.6995,1.279856381997,9.249770952008));
#5721 = CARTESIAN_POINT('',(3.6995,1.263558176658,9.238073675451));
#5722 = CARTESIAN_POINT('',(3.6995,1.255370083067,9.222633270392));
#5723 = CARTESIAN_POINT('',(3.6995,1.255370083067,9.20329377315));
#5724 = B_SPLINE_SURFACE_WITH_KNOTS('',3,1,(
    (#5725,#5726)
    ,(#5727,#5728)
    ,(#5729,#5730)
    ,(#5731,#5732
    )),.UNSPECIFIED.,.F.,.F.,.F.,(4,4),(2,2),(6.,7.),(0.,1.),
  .PIECEWISE_BEZIER_KNOTS.);
#5725 = CARTESIAN_POINT('',(3.7005,1.279856381997,9.249770952008));
#5726 = CARTESIAN_POINT('',(3.6995,1.279856381997,9.249770952008));
#5727 = CARTESIAN_POINT('',(3.7005,1.263558176658,9.238073675451));
#5728 = CARTESIAN_POINT('',(3.6995,1.263558176658,9.238073675451));
#5729 = CARTESIAN_POINT('',(3.7005,1.255370083067,9.222633270392));
#5730 = CARTESIAN_POINT('',(3.6995,1.255370083067,9.222633270392));
#5731 = CARTESIAN_POINT('',(3.7005,1.255370083067,9.20329377315));
#5732 = CARTESIAN_POINT('',(3.6995,1.255370083067,9.20329377315));
#5733 = ADVANCED_FACE('',(#5734),#5760,.F.);
#5734 = FACE_BOUND('',#5735,.F.);
#5735 = EDGE_LOOP('',(#5736,#5737,#5746,#5753));
#5736 = ORIENTED_EDGE('',*,*,#5711,.F.);
#5737 = ORIENTED_EDGE('',*,*,#5738,.T.);
#5738 = EDGE_CURVE('',#5703,#5739,#5741,.T.);
#5739 = VERTEX_POINT('',#5740);
#5740 = CARTESIAN_POINT('',(3.7005,1.266209559345,9.168825798224));
#5741 = B_SPLINE_CURVE_WITH_KNOTS('',3,(#5742,#5743,#5744,#5745),
  .UNSPECIFIED.,.F.,.F.,(4,4),(5.,6.),.PIECEWISE_BEZIER_KNOTS.);
#5742 = CARTESIAN_POINT('',(3.7005,1.255370083067,9.20329377315));
#5743 = CARTESIAN_POINT('',(3.7005,1.255370083067,9.189880896028));
#5744 = CARTESIAN_POINT('',(3.7005,1.258957247879,9.178339583158));
#5745 = CARTESIAN_POINT('',(3.7005,1.266209559345,9.168825798224));
#5746 = ORIENTED_EDGE('',*,*,#5747,.T.);
#5747 = EDGE_CURVE('',#5739,#5748,#5750,.T.);
#5748 = VERTEX_POINT('',#5749);
#5749 = CARTESIAN_POINT('',(3.6995,1.266209559345,9.168825798224));
#5750 = B_SPLINE_CURVE_WITH_KNOTS('',1,(#5751,#5752),.UNSPECIFIED.,.F.,
  .F.,(2,2),(-0.,1.E-03),.PIECEWISE_BEZIER_KNOTS.);
#5751 = CARTESIAN_POINT('',(3.7005,1.266209559345,9.168825798224));
#5752 = CARTESIAN_POINT('',(3.6995,1.266209559345,9.168825798224));
#5753 = ORIENTED_EDGE('',*,*,#5754,.F.);
#5754 = EDGE_CURVE('',#5712,#5748,#5755,.T.);
#5755 = B_SPLINE_CURVE_WITH_KNOTS('',3,(#5756,#5757,#5758,#5759),
  .UNSPECIFIED.,.F.,.F.,(4,4),(5.,6.),.PIECEWISE_BEZIER_KNOTS.);
#5756 = CARTESIAN_POINT('',(3.6995,1.255370083067,9.20329377315));
#5757 = CARTESIAN_POINT('',(3.6995,1.255370083067,9.189880896028));
#5758 = CARTESIAN_POINT('',(3.6995,1.258957247879,9.178339583158));
#5759 = CARTESIAN_POINT('',(3.6995,1.266209559345,9.168825798224));
#5760 = B_SPLINE_SURFACE_WITH_KNOTS('',3,1,(
    (#5761,#5762)
    ,(#5763,#5764)
    ,(#5765,#5766)
    ,(#5767,#5768
    )),.UNSPECIFIED.,.F.,.F.,.F.,(4,4),(2,2),(5.,6.),(0.,1.),
  .PIECEWISE_BEZIER_KNOTS.);
#5761 = CARTESIAN_POINT('',(3.7005,1.255370083067,9.20329377315));
#5762 = CARTESIAN_POINT('',(3.6995,1.255370083067,9.20329377315));
#5763 = CARTESIAN_POINT('',(3.7005,1.255370083067,9.189880896028));
#5764 = CARTESIAN_POINT('',(3.6995,1.255370083067,9.189880896028));
#5765 = CARTESIAN_POINT('',(3.7005,1.258957247879,9.178339583158));
#5766 = CARTESIAN_POINT('',(3.6995,1.258957247879,9.178339583158));
#5767 = CARTESIAN_POINT('',(3.7005,1.266209559345,9.168825798224));
#5768 = CARTESIAN_POINT('',(3.6995,1.266209559345,9.168825798224));
#5769 = ADVANCED_FACE('',(#5770),#5796,.F.);
#5770 = FACE_BOUND('',#5771,.F.);
#5771 = EDGE_LOOP('',(#5772,#5773,#5782,#5789));
#5772 = ORIENTED_EDGE('',*,*,#5747,.F.);
#5773 = ORIENTED_EDGE('',*,*,#5774,.T.);
#5774 = EDGE_CURVE('',#5739,#5775,#5777,.T.);
#5775 = VERTEX_POINT('',#5776);
#5776 = CARTESIAN_POINT('',(3.7005,1.313232611111,9.139972516046));
#5777 = B_SPLINE_CURVE_WITH_KNOTS('',3,(#5778,#5779,#5780,#5781),
  .UNSPECIFIED.,.F.,.F.,(4,4),(4.,5.),.PIECEWISE_BEZIER_KNOTS.);
#5778 = CARTESIAN_POINT('',(3.7005,1.266209559345,9.168825798224));
#5779 = CARTESIAN_POINT('',(3.7005,1.273383888968,9.15931201329));
#5780 = CARTESIAN_POINT('',(3.7005,1.2891362214,9.149642264667));
#5781 = CARTESIAN_POINT('',(3.7005,1.313232611111,9.139972516046));
#5782 = ORIENTED_EDGE('',*,*,#5783,.T.);
#5783 = EDGE_CURVE('',#5775,#5784,#5786,.T.);
#5784 = VERTEX_POINT('',#5785);
#5785 = CARTESIAN_POINT('',(3.6995,1.313232611111,9.139972516046));
#5786 = B_SPLINE_CURVE_WITH_KNOTS('',1,(#5787,#5788),.UNSPECIFIED.,.F.,
  .F.,(2,2),(-0.,1.E-03),.PIECEWISE_BEZIER_KNOTS.);
#5787 = CARTESIAN_POINT('',(3.7005,1.313232611111,9.139972516046));
#5788 = CARTESIAN_POINT('',(3.6995,1.313232611111,9.139972516046));
#5789 = ORIENTED_EDGE('',*,*,#5790,.F.);
#5790 = EDGE_CURVE('',#5748,#5784,#5791,.T.);
#5791 = B_SPLINE_CURVE_WITH_KNOTS('',3,(#5792,#5793,#5794,#5795),
  .UNSPECIFIED.,.F.,.F.,(4,4),(4.,5.),.PIECEWISE_BEZIER_KNOTS.);
#5792 = CARTESIAN_POINT('',(3.6995,1.266209559345,9.168825798224));
#5793 = CARTESIAN_POINT('',(3.6995,1.273383888968,9.15931201329));
#5794 = CARTESIAN_POINT('',(3.6995,1.2891362214,9.149642264667));
#5795 = CARTESIAN_POINT('',(3.6995,1.313232611111,9.139972516046));
#5796 = B_SPLINE_SURFACE_WITH_KNOTS('',3,1,(
    (#5797,#5798)
    ,(#5799,#5800)
    ,(#5801,#5802)
    ,(#5803,#5804
    )),.UNSPECIFIED.,.F.,.F.,.F.,(4,4),(2,2),(4.,5.),(0.,1.),
  .PIECEWISE_BEZIER_KNOTS.);
#5797 = CARTESIAN_POINT('',(3.7005,1.266209559345,9.168825798224));
#5798 = CARTESIAN_POINT('',(3.6995,1.266209559345,9.168825798224));
#5799 = CARTESIAN_POINT('',(3.7005,1.273383888968,9.15931201329));
#5800 = CARTESIAN_POINT('',(3.6995,1.273383888968,9.15931201329));
#5801 = CARTESIAN_POINT('',(3.7005,1.2891362214,9.149642264667));
#5802 = CARTESIAN_POINT('',(3.6995,1.2891362214,9.149642264667));
#5803 = CARTESIAN_POINT('',(3.7005,1.313232611111,9.139972516046));
#5804 = CARTESIAN_POINT('',(3.6995,1.313232611111,9.139972516046));
#5805 = ADVANCED_FACE('',(#5806),#5832,.F.);
#5806 = FACE_BOUND('',#5807,.F.);
#5807 = EDGE_LOOP('',(#5808,#5809,#5818,#5825));
#5808 = ORIENTED_EDGE('',*,*,#5783,.F.);
#5809 = ORIENTED_EDGE('',*,*,#5810,.T.);
#5810 = EDGE_CURVE('',#5775,#5811,#5813,.T.);
#5811 = VERTEX_POINT('',#5812);
#5812 = CARTESIAN_POINT('',(3.7005,1.35323729694,9.120477055114));
#5813 = B_SPLINE_CURVE_WITH_KNOTS('',3,(#5814,#5815,#5816,#5817),
  .UNSPECIFIED.,.F.,.F.,(4,4),(3.,4.),.PIECEWISE_BEZIER_KNOTS.);
#5814 = CARTESIAN_POINT('',(3.7005,1.313232611111,9.139972516046));
#5815 = CARTESIAN_POINT('',(3.7005,1.333351926792,9.132486259048));
#5816 = CARTESIAN_POINT('',(3.7005,1.346686822068,9.125935784175));
#5817 = CARTESIAN_POINT('',(3.7005,1.35323729694,9.120477055114));
#5818 = ORIENTED_EDGE('',*,*,#5819,.T.);
#5819 = EDGE_CURVE('',#5811,#5820,#5822,.T.);
#5820 = VERTEX_POINT('',#5821);
#5821 = CARTESIAN_POINT('',(3.6995,1.35323729694,9.120477055114));
#5822 = B_SPLINE_CURVE_WITH_KNOTS('',1,(#5823,#5824),.UNSPECIFIED.,.F.,
  .F.,(2,2),(-0.,1.E-03),.PIECEWISE_BEZIER_KNOTS.);
#5823 = CARTESIAN_POINT('',(3.7005,1.35323729694,9.120477055114));
#5824 = CARTESIAN_POINT('',(3.6995,1.35323729694,9.120477055114));
#5825 = ORIENTED_EDGE('',*,*,#5826,.F.);
#5826 = EDGE_CURVE('',#5784,#5820,#5827,.T.);
#5827 = B_SPLINE_CURVE_WITH_KNOTS('',3,(#5828,#5829,#5830,#5831),
  .UNSPECIFIED.,.F.,.F.,(4,4),(3.,4.),.PIECEWISE_BEZIER_KNOTS.);
#5828 = CARTESIAN_POINT('',(3.6995,1.313232611111,9.139972516046));
#5829 = CARTESIAN_POINT('',(3.6995,1.333351926792,9.132486259048));
#5830 = CARTESIAN_POINT('',(3.6995,1.346686822068,9.125935784175));
#5831 = CARTESIAN_POINT('',(3.6995,1.35323729694,9.120477055114));
#5832 = B_SPLINE_SURFACE_WITH_KNOTS('',3,1,(
    (#5833,#5834)
    ,(#5835,#5836)
    ,(#5837,#5838)
    ,(#5839,#5840
    )),.UNSPECIFIED.,.F.,.F.,.F.,(4,4),(2,2),(3.,4.),(0.,1.),
  .PIECEWISE_BEZIER_KNOTS.);
#5833 = CARTESIAN_POINT('',(3.7005,1.313232611111,9.139972516046));
#5834 = CARTESIAN_POINT('',(3.6995,1.313232611111,9.139972516046));
#5835 = CARTESIAN_POINT('',(3.7005,1.333351926792,9.132486259048));
#5836 = CARTESIAN_POINT('',(3.6995,1.333351926792,9.132486259048));
#5837 = CARTESIAN_POINT('',(3.7005,1.346686822068,9.125935784175));
#5838 = CARTESIAN_POINT('',(3.6995,1.346686822068,9.125935784175));
#5839 = CARTESIAN_POINT('',(3.7005,1.35323729694,9.120477055114));
#5840 = CARTESIAN_POINT('',(3.6995,1.35323729694,9.120477055114));
#5841 = ADVANCED_FACE('',(#5842),#5868,.F.);
#5842 = FACE_BOUND('',#5843,.F.);
#5843 = EDGE_LOOP('',(#5844,#5845,#5854,#5861));
#5844 = ORIENTED_EDGE('',*,*,#5819,.F.);
#5845 = ORIENTED_EDGE('',*,*,#5846,.T.);
#5846 = EDGE_CURVE('',#5811,#5847,#5849,.T.);
#5847 = VERTEX_POINT('',#5848);
#5848 = CARTESIAN_POINT('',(3.7005,1.36306300925,9.099733884684));
#5849 = B_SPLINE_CURVE_WITH_KNOTS('',3,(#5850,#5851,#5852,#5853),
  .UNSPECIFIED.,.F.,.F.,(4,4),(2.,3.),.PIECEWISE_BEZIER_KNOTS.);
#5850 = CARTESIAN_POINT('',(3.7005,1.35323729694,9.120477055114));
#5851 = CARTESIAN_POINT('',(3.7005,1.359787771814,9.115018326053));
#5852 = CARTESIAN_POINT('',(3.7005,1.36306300925,9.108155923807));
#5853 = CARTESIAN_POINT('',(3.7005,1.36306300925,9.099733884684));
#5854 = ORIENTED_EDGE('',*,*,#5855,.T.);
#5855 = EDGE_CURVE('',#5847,#5856,#5858,.T.);
#5856 = VERTEX_POINT('',#5857);
#5857 = CARTESIAN_POINT('',(3.6995,1.36306300925,9.099733884684));
#5858 = B_SPLINE_CURVE_WITH_KNOTS('',1,(#5859,#5860),.UNSPECIFIED.,.F.,
  .F.,(2,2),(-0.,1.E-03),.PIECEWISE_BEZIER_KNOTS.);
#5859 = CARTESIAN_POINT('',(3.7005,1.36306300925,9.099733884684));
#5860 = CARTESIAN_POINT('',(3.6995,1.36306300925,9.099733884684));
#5861 = ORIENTED_EDGE('',*,*,#5862,.F.);
#5862 = EDGE_CURVE('',#5820,#5856,#5863,.T.);
#5863 = B_SPLINE_CURVE_WITH_KNOTS('',3,(#5864,#5865,#5866,#5867),
  .UNSPECIFIED.,.F.,.F.,(4,4),(2.,3.),.PIECEWISE_BEZIER_KNOTS.);
#5864 = CARTESIAN_POINT('',(3.6995,1.35323729694,9.120477055114));
#5865 = CARTESIAN_POINT('',(3.6995,1.359787771814,9.115018326053));
#5866 = CARTESIAN_POINT('',(3.6995,1.36306300925,9.108155923807));
#5867 = CARTESIAN_POINT('',(3.6995,1.36306300925,9.099733884684));
#5868 = B_SPLINE_SURFACE_WITH_KNOTS('',3,1,(
    (#5869,#5870)
    ,(#5871,#5872)
    ,(#5873,#5874)
    ,(#5875,#5876
    )),.UNSPECIFIED.,.F.,.F.,.F.,(4,4),(2,2),(2.,3.),(0.,1.),
  .PIECEWISE_BEZIER_KNOTS.);
#5869 = CARTESIAN_POINT('',(3.7005,1.35323729694,9.120477055114));
#5870 = CARTESIAN_POINT('',(3.6995,1.35323729694,9.120477055114));
#5871 = CARTESIAN_POINT('',(3.7005,1.359787771814,9.115018326053));
#5872 = CARTESIAN_POINT('',(3.6995,1.359787771814,9.115018326053));
#5873 = CARTESIAN_POINT('',(3.7005,1.36306300925,9.108155923807));
#5874 = CARTESIAN_POINT('',(3.6995,1.36306300925,9.108155923807));
#5875 = CARTESIAN_POINT('',(3.7005,1.36306300925,9.099733884684));
#5876 = CARTESIAN_POINT('',(3.6995,1.36306300925,9.099733884684));
#5877 = ADVANCED_FACE('',(#5878),#5896,.F.);
#5878 = FACE_BOUND('',#5879,.F.);
#5879 = EDGE_LOOP('',(#5880,#5881,#5888,#5889));
#5880 = ORIENTED_EDGE('',*,*,#5855,.F.);
#5881 = ORIENTED_EDGE('',*,*,#5882,.T.);
#5882 = EDGE_CURVE('',#5847,#5170,#5883,.T.);
#5883 = B_SPLINE_CURVE_WITH_KNOTS('',3,(#5884,#5885,#5886,#5887),
  .UNSPECIFIED.,.F.,.F.,(4,4),(1.,2.),.PIECEWISE_BEZIER_KNOTS.);
#5884 = CARTESIAN_POINT('',(3.7005,1.36306300925,9.099733884684));
#5885 = CARTESIAN_POINT('',(3.7005,1.36306300925,9.080082460065));
#5886 = CARTESIAN_POINT('',(3.7005,1.348012513412,9.070256747757));
#5887 = CARTESIAN_POINT('',(3.7005,1.317989503578,9.070256747757));
#5888 = ORIENTED_EDGE('',*,*,#5169,.T.);
#5889 = ORIENTED_EDGE('',*,*,#5890,.F.);
#5890 = EDGE_CURVE('',#5856,#5172,#5891,.T.);
#5891 = B_SPLINE_CURVE_WITH_KNOTS('',3,(#5892,#5893,#5894,#5895),
  .UNSPECIFIED.,.F.,.F.,(4,4),(1.,2.),.PIECEWISE_BEZIER_KNOTS.);
#5892 = CARTESIAN_POINT('',(3.6995,1.36306300925,9.099733884684));
#5893 = CARTESIAN_POINT('',(3.6995,1.36306300925,9.080082460065));
#5894 = CARTESIAN_POINT('',(3.6995,1.348012513412,9.070256747757));
#5895 = CARTESIAN_POINT('',(3.6995,1.317989503578,9.070256747757));
#5896 = B_SPLINE_SURFACE_WITH_KNOTS('',3,1,(
    (#5897,#5898)
    ,(#5899,#5900)
    ,(#5901,#5902)
    ,(#5903,#5904
    )),.UNSPECIFIED.,.F.,.F.,.F.,(4,4),(2,2),(1.,2.),(0.,1.),
  .PIECEWISE_BEZIER_KNOTS.);
#5897 = CARTESIAN_POINT('',(3.7005,1.36306300925,9.099733884684));
#5898 = CARTESIAN_POINT('',(3.6995,1.36306300925,9.099733884684));
#5899 = CARTESIAN_POINT('',(3.7005,1.36306300925,9.080082460065));
#5900 = CARTESIAN_POINT('',(3.6995,1.36306300925,9.080082460065));
#5901 = CARTESIAN_POINT('',(3.7005,1.348012513412,9.070256747757));
#5902 = CARTESIAN_POINT('',(3.6995,1.348012513412,9.070256747757));
#5903 = CARTESIAN_POINT('',(3.7005,1.317989503578,9.070256747757));
#5904 = CARTESIAN_POINT('',(3.6995,1.317989503578,9.070256747757));
#5905 = ADVANCED_FACE('',(#5906),#5929,.F.);
#5906 = FACE_BOUND('',#5907,.T.);
#5907 = EDGE_LOOP('',(#5908,#5909,#5910,#5911,#5912,#5913,#5914,#5915,
    #5916,#5917,#5918,#5919,#5920,#5921,#5922,#5923,#5924,#5925,#5926,
    #5927,#5928));
#5908 = ORIENTED_EDGE('',*,*,#5178,.T.);
#5909 = ORIENTED_EDGE('',*,*,#5227,.T.);
#5910 = ORIENTED_EDGE('',*,*,#5242,.T.);
#5911 = ORIENTED_EDGE('',*,*,#5278,.T.);
#5912 = ORIENTED_EDGE('',*,*,#5314,.T.);
#5913 = ORIENTED_EDGE('',*,*,#5350,.T.);
#5914 = ORIENTED_EDGE('',*,*,#5386,.T.);
#5915 = ORIENTED_EDGE('',*,*,#5422,.T.);
#5916 = ORIENTED_EDGE('',*,*,#5458,.T.);
#5917 = ORIENTED_EDGE('',*,*,#5494,.T.);
#5918 = ORIENTED_EDGE('',*,*,#5530,.T.);
#5919 = ORIENTED_EDGE('',*,*,#5566,.T.);
#5920 = ORIENTED_EDGE('',*,*,#5615,.T.);
#5921 = ORIENTED_EDGE('',*,*,#5630,.T.);
#5922 = ORIENTED_EDGE('',*,*,#5666,.T.);
#5923 = ORIENTED_EDGE('',*,*,#5702,.T.);
#5924 = ORIENTED_EDGE('',*,*,#5738,.T.);
#5925 = ORIENTED_EDGE('',*,*,#5774,.T.);
#5926 = ORIENTED_EDGE('',*,*,#5810,.T.);
#5927 = ORIENTED_EDGE('',*,*,#5846,.T.);
#5928 = ORIENTED_EDGE('',*,*,#5882,.T.);
#5929 = B_SPLINE_SURFACE_WITH_KNOTS('',1,1,(
    (#5930,#5931)
    ,(#5932,#5933
    )),.UNSPECIFIED.,.F.,.F.,.F.,(2,2),(2,2),(-3.645651194065E-02,
    0.191562399108),(-3.031544174738E-02,0.116836297359),
  .PIECEWISE_BEZIER_KNOTS.);
#5930 = CARTESIAN_POINT('',(3.7005,1.255136137536,9.039064010268));
#5931 = CARTESIAN_POINT('',(3.7005,1.402287876643,9.039064010268));
#5932 = CARTESIAN_POINT('',(3.7005,1.255136137536,9.267082921316));
#5933 = CARTESIAN_POINT('',(3.7005,1.402287876643,9.267082921316));
#5934 = ADVANCED_FACE('',(#5935),#5958,.T.);
#5935 = FACE_BOUND('',#5936,.T.);
#5936 = EDGE_LOOP('',(#5937,#5938,#5939,#5940,#5941,#5942,#5943,#5944,
    #5945,#5946,#5947,#5948,#5949,#5950,#5951,#5952,#5953,#5954,#5955,
    #5956,#5957));
#5937 = ORIENTED_EDGE('',*,*,#5194,.F.);
#5938 = ORIENTED_EDGE('',*,*,#5890,.F.);
#5939 = ORIENTED_EDGE('',*,*,#5862,.F.);
#5940 = ORIENTED_EDGE('',*,*,#5826,.F.);
#5941 = ORIENTED_EDGE('',*,*,#5790,.F.);
#5942 = ORIENTED_EDGE('',*,*,#5754,.F.);
#5943 = ORIENTED_EDGE('',*,*,#5718,.F.);
#5944 = ORIENTED_EDGE('',*,*,#5682,.F.);
#5945 = ORIENTED_EDGE('',*,*,#5646,.F.);
#5946 = ORIENTED_EDGE('',*,*,#5601,.F.);
#5947 = ORIENTED_EDGE('',*,*,#5582,.F.);
#5948 = ORIENTED_EDGE('',*,*,#5546,.F.);
#5949 = ORIENTED_EDGE('',*,*,#5510,.F.);
#5950 = ORIENTED_EDGE('',*,*,#5474,.F.);
#5951 = ORIENTED_EDGE('',*,*,#5438,.F.);
#5952 = ORIENTED_EDGE('',*,*,#5402,.F.);
#5953 = ORIENTED_EDGE('',*,*,#5366,.F.);
#5954 = ORIENTED_EDGE('',*,*,#5330,.F.);
#5955 = ORIENTED_EDGE('',*,*,#5294,.F.);
#5956 = ORIENTED_EDGE('',*,*,#5258,.F.);
#5957 = ORIENTED_EDGE('',*,*,#5213,.F.);
#5958 = B_SPLINE_SURFACE_WITH_KNOTS('',1,1,(
    (#5959,#5960)
    ,(#5961,#5962
    )),.UNSPECIFIED.,.F.,.F.,.F.,(2,2),(2,2),(-3.645651194065E-02,
    0.191562399108),(-3.031544174738E-02,0.116836297359),
  .PIECEWISE_BEZIER_KNOTS.);
#5959 = CARTESIAN_POINT('',(3.6995,1.255136137536,9.039064010268));
#5960 = CARTESIAN_POINT('',(3.6995,1.402287876643,9.039064010268));
#5961 = CARTESIAN_POINT('',(3.6995,1.255136137536,9.267082921316));
#5962 = CARTESIAN_POINT('',(3.6995,1.402287876643,9.267082921316));
#5963 = MANIFOLD_SOLID_BREP('',#5964);
#5964 = CLOSED_SHELL('',(#5965,#6001,#6029,#6065,#6093,#6121,#6149,#6177
    ,#6205,#6233,#6269,#6305,#6333,#6369,#6405,#6425,#6448));
#5965 = ADVANCED_FACE('',(#5966),#5996,.F.);
#5966 = FACE_BOUND('',#5967,.T.);
#5967 = EDGE_LOOP('',(#5968,#5977,#5984,#5991));
#5968 = ORIENTED_EDGE('',*,*,#5969,.T.);
#5969 = EDGE_CURVE('',#5970,#5972,#5974,.T.);
#5970 = VERTEX_POINT('',#5971);
#5971 = CARTESIAN_POINT('',(3.6995,1.631320551659,9.262092083317));
#5972 = VERTEX_POINT('',#5973);
#5973 = CARTESIAN_POINT('',(3.6995,1.591705775049,9.262092083317));
#5974 = B_SPLINE_CURVE_WITH_KNOTS('',1,(#5975,#5976),.UNSPECIFIED.,.F.,
  .F.,(2,2),(-3.961477661021E-02,-0.),.PIECEWISE_BEZIER_KNOTS.);
#5975 = CARTESIAN_POINT('',(3.6995,1.631320551659,9.262092083317));
#5976 = CARTESIAN_POINT('',(3.6995,1.591705775049,9.262092083317));
#5977 = ORIENTED_EDGE('',*,*,#5978,.F.);
#5978 = EDGE_CURVE('',#5979,#5972,#5981,.T.);
#5979 = VERTEX_POINT('',#5980);
#5980 = CARTESIAN_POINT('',(3.7005,1.591705775049,9.262092083317));
#5981 = B_SPLINE_CURVE_WITH_KNOTS('',1,(#5982,#5983),.UNSPECIFIED.,.F.,
  .F.,(2,2),(-0.,1.E-03),.PIECEWISE_BEZIER_KNOTS.);
#5982 = CARTESIAN_POINT('',(3.7005,1.591705775049,9.262092083317));
#5983 = CARTESIAN_POINT('',(3.6995,1.591705775049,9.262092083317));
#5984 = ORIENTED_EDGE('',*,*,#5985,.F.);
#5985 = EDGE_CURVE('',#5986,#5979,#5988,.T.);
#5986 = VERTEX_POINT('',#5987);
#5987 = CARTESIAN_POINT('',(3.7005,1.631320551659,9.262092083317));
#5988 = B_SPLINE_CURVE_WITH_KNOTS('',1,(#5989,#5990),.UNSPECIFIED.,.F.,
  .F.,(2,2),(-3.961477661021E-02,-0.),.PIECEWISE_BEZIER_KNOTS.);
#5989 = CARTESIAN_POINT('',(3.7005,1.631320551659,9.262092083317));
#5990 = CARTESIAN_POINT('',(3.7005,1.591705775049,9.262092083317));
#5991 = ORIENTED_EDGE('',*,*,#5992,.T.);
#5992 = EDGE_CURVE('',#5986,#5970,#5993,.T.);
#5993 = B_SPLINE_CURVE_WITH_KNOTS('',1,(#5994,#5995),.UNSPECIFIED.,.F.,
  .F.,(2,2),(-0.,1.E-03),.PIECEWISE_BEZIER_KNOTS.);
#5994 = CARTESIAN_POINT('',(3.7005,1.631320551659,9.262092083317));
#5995 = CARTESIAN_POINT('',(3.6995,1.631320551659,9.262092083317));
#5996 = B_SPLINE_SURFACE_WITH_KNOTS('',1,1,(
    (#5997,#5998)
    ,(#5999,#6000
    )),.UNSPECIFIED.,.F.,.F.,.F.,(2,2),(2,2),(0.,1.E-03),(0.,
    3.961477661021E-02),.PIECEWISE_BEZIER_KNOTS.);
#5997 = CARTESIAN_POINT('',(3.7005,1.591705775049,9.262092083317));
#5998 = CARTESIAN_POINT('',(3.7005,1.631320551659,9.262092083317));
#5999 = CARTESIAN_POINT('',(3.6995,1.591705775049,9.262092083317));
#6000 = CARTESIAN_POINT('',(3.6995,1.631320551659,9.262092083317));
#6001 = ADVANCED_FACE('',(#6002),#6024,.F.);
#6002 = FACE_BOUND('',#6003,.T.);
#6003 = EDGE_LOOP('',(#6004,#6011,#6018,#6023));
#6004 = ORIENTED_EDGE('',*,*,#6005,.T.);
#6005 = EDGE_CURVE('',#5972,#6006,#6008,.T.);
#6006 = VERTEX_POINT('',#6007);
#6007 = CARTESIAN_POINT('',(3.6995,1.532205628287,9.098018284122));
#6008 = B_SPLINE_CURVE_WITH_KNOTS('',1,(#6009,#6010),.UNSPECIFIED.,.F.,
  .F.,(2,2),(-0.174529307129,8.34970413166E-16),
  .PIECEWISE_BEZIER_KNOTS.);
#6009 = CARTESIAN_POINT('',(3.6995,1.591705775049,9.262092083317));
#6010 = CARTESIAN_POINT('',(3.6995,1.532205628287,9.098018284122));
#6011 = ORIENTED_EDGE('',*,*,#6012,.F.);
#6012 = EDGE_CURVE('',#6013,#6006,#6015,.T.);
#6013 = VERTEX_POINT('',#6014);
#6014 = CARTESIAN_POINT('',(3.7005,1.532205628287,9.098018284122));
#6015 = B_SPLINE_CURVE_WITH_KNOTS('',1,(#6016,#6017),.UNSPECIFIED.,.F.,
  .F.,(2,2),(-0.,1.E-03),.PIECEWISE_BEZIER_KNOTS.);
#6016 = CARTESIAN_POINT('',(3.7005,1.532205628287,9.098018284122));
#6017 = CARTESIAN_POINT('',(3.6995,1.532205628287,9.098018284122));
#6018 = ORIENTED_EDGE('',*,*,#6019,.F.);
#6019 = EDGE_CURVE('',#5979,#6013,#6020,.T.);
#6020 = B_SPLINE_CURVE_WITH_KNOTS('',1,(#6021,#6022),.UNSPECIFIED.,.F.,
  .F.,(2,2),(-0.174529307129,8.34970413166E-16),
  .PIECEWISE_BEZIER_KNOTS.);
#6021 = CARTESIAN_POINT('',(3.7005,1.591705775049,9.262092083317));
#6022 = CARTESIAN_POINT('',(3.7005,1.532205628287,9.098018284122));
#6023 = ORIENTED_EDGE('',*,*,#5978,.T.);
#6024 = B_SPLINE_SURFACE_WITH_KNOTS('',1,1,(
    (#6025,#6026)
    ,(#6027,#6028
    )),.UNSPECIFIED.,.F.,.F.,.F.,(2,2),(2,2),(-9.106693705393E-16,
    0.174529307129),(-1.000000000001E-03,0.),.PIECEWISE_BEZIER_KNOTS.);
#6025 = CARTESIAN_POINT('',(3.6995,1.532205628287,9.098018284122));
#6026 = CARTESIAN_POINT('',(3.7005,1.532205628287,9.098018284122));
#6027 = CARTESIAN_POINT('',(3.6995,1.591705775049,9.262092083317));
#6028 = CARTESIAN_POINT('',(3.7005,1.591705775049,9.262092083317));
#6029 = ADVANCED_FACE('',(#6030),#6056,.F.);
#6030 = FACE_BOUND('',#6031,.F.);
#6031 = EDGE_LOOP('',(#6032,#6033,#6042,#6049));
#6032 = ORIENTED_EDGE('',*,*,#6012,.F.);
#6033 = ORIENTED_EDGE('',*,*,#6034,.T.);
#6034 = EDGE_CURVE('',#6013,#6035,#6037,.T.);
#6035 = VERTEX_POINT('',#6036);
#6036 = CARTESIAN_POINT('',(3.7005,1.527526717663,9.08039438744));
#6037 = B_SPLINE_CURVE_WITH_KNOTS('',3,(#6038,#6039,#6040,#6041),
  .UNSPECIFIED.,.F.,.F.,(4,4),(12.,13.),.PIECEWISE_BEZIER_KNOTS.);
#6038 = CARTESIAN_POINT('',(3.7005,1.532205628287,9.098018284122));
#6039 = CARTESIAN_POINT('',(3.7005,1.529866172976,9.090376063438));
#6040 = CARTESIAN_POINT('',(3.7005,1.528306536099,9.084449443315));
#6041 = CARTESIAN_POINT('',(3.7005,1.527526717663,9.08039438744));
#6042 = ORIENTED_EDGE('',*,*,#6043,.T.);
#6043 = EDGE_CURVE('',#6035,#6044,#6046,.T.);
#6044 = VERTEX_POINT('',#6045);
#6045 = CARTESIAN_POINT('',(3.6995,1.527526717663,9.08039438744));
#6046 = B_SPLINE_CURVE_WITH_KNOTS('',1,(#6047,#6048),.UNSPECIFIED.,.F.,
  .F.,(2,2),(-0.,1.E-03),.PIECEWISE_BEZIER_KNOTS.);
#6047 = CARTESIAN_POINT('',(3.7005,1.527526717663,9.08039438744));
#6048 = CARTESIAN_POINT('',(3.6995,1.527526717663,9.08039438744));
#6049 = ORIENTED_EDGE('',*,*,#6050,.F.);
#6050 = EDGE_CURVE('',#6006,#6044,#6051,.T.);
#6051 = B_SPLINE_CURVE_WITH_KNOTS('',3,(#6052,#6053,#6054,#6055),
  .UNSPECIFIED.,.F.,.F.,(4,4),(12.,13.),.PIECEWISE_BEZIER_KNOTS.);
#6052 = CARTESIAN_POINT('',(3.6995,1.532205628287,9.098018284122));
#6053 = CARTESIAN_POINT('',(3.6995,1.529866172976,9.090376063438));
#6054 = CARTESIAN_POINT('',(3.6995,1.528306536099,9.084449443315));
#6055 = CARTESIAN_POINT('',(3.6995,1.527526717663,9.08039438744));
#6056 = B_SPLINE_SURFACE_WITH_KNOTS('',3,1,(
    (#6057,#6058)
    ,(#6059,#6060)
    ,(#6061,#6062)
    ,(#6063,#6064
    )),.UNSPECIFIED.,.F.,.F.,.F.,(4,4),(2,2),(12.,13.),(0.,1.),
  .PIECEWISE_BEZIER_KNOTS.);
#6057 = CARTESIAN_POINT('',(3.7005,1.532205628287,9.098018284122));
#6058 = CARTESIAN_POINT('',(3.6995,1.532205628287,9.098018284122));
#6059 = CARTESIAN_POINT('',(3.7005,1.529866172976,9.090376063438));
#6060 = CARTESIAN_POINT('',(3.6995,1.529866172976,9.090376063438));
#6061 = CARTESIAN_POINT('',(3.7005,1.528306536099,9.084449443315));
#6062 = CARTESIAN_POINT('',(3.6995,1.528306536099,9.084449443315));
#6063 = CARTESIAN_POINT('',(3.7005,1.527526717663,9.08039438744));
#6064 = CARTESIAN_POINT('',(3.6995,1.527526717663,9.08039438744));
#6065 = ADVANCED_FACE('',(#6066),#6088,.F.);
#6066 = FACE_BOUND('',#6067,.T.);
#6067 = EDGE_LOOP('',(#6068,#6075,#6082,#6087));
#6068 = ORIENTED_EDGE('',*,*,#6069,.T.);
#6069 = EDGE_CURVE('',#6044,#6070,#6072,.T.);
#6070 = VERTEX_POINT('',#6071);
#6071 = CARTESIAN_POINT('',(3.6995,1.526512953696,9.08039438744));
#6072 = B_SPLINE_CURVE_WITH_KNOTS('',1,(#6073,#6074),.UNSPECIFIED.,.F.,
  .F.,(2,2),(-1.013763967252E-03,-0.),.PIECEWISE_BEZIER_KNOTS.);
#6073 = CARTESIAN_POINT('',(3.6995,1.527526717663,9.08039438744));
#6074 = CARTESIAN_POINT('',(3.6995,1.526512953696,9.08039438744));
#6075 = ORIENTED_EDGE('',*,*,#6076,.F.);
#6076 = EDGE_CURVE('',#6077,#6070,#6079,.T.);
#6077 = VERTEX_POINT('',#6078);
#6078 = CARTESIAN_POINT('',(3.7005,1.526512953696,9.08039438744));
#6079 = B_SPLINE_CURVE_WITH_KNOTS('',1,(#6080,#6081),.UNSPECIFIED.,.F.,
  .F.,(2,2),(-0.,1.E-03),.PIECEWISE_BEZIER_KNOTS.);
#6080 = CARTESIAN_POINT('',(3.7005,1.526512953696,9.08039438744));
#6081 = CARTESIAN_POINT('',(3.6995,1.526512953696,9.08039438744));
#6082 = ORIENTED_EDGE('',*,*,#6083,.F.);
#6083 = EDGE_CURVE('',#6035,#6077,#6084,.T.);
#6084 = B_SPLINE_CURVE_WITH_KNOTS('',1,(#6085,#6086),.UNSPECIFIED.,.F.,
  .F.,(2,2),(-1.013763967252E-03,-0.),.PIECEWISE_BEZIER_KNOTS.);
#6085 = CARTESIAN_POINT('',(3.7005,1.527526717663,9.08039438744));
#6086 = CARTESIAN_POINT('',(3.7005,1.526512953696,9.08039438744));
#6087 = ORIENTED_EDGE('',*,*,#6043,.T.);
#6088 = B_SPLINE_SURFACE_WITH_KNOTS('',1,1,(
    (#6089,#6090)
    ,(#6091,#6092
    )),.UNSPECIFIED.,.F.,.F.,.F.,(2,2),(2,2),(0.,1.E-03),(0.,
    1.013763967252E-03),.PIECEWISE_BEZIER_KNOTS.);
#6089 = CARTESIAN_POINT('',(3.7005,1.526512953696,9.08039438744));
#6090 = CARTESIAN_POINT('',(3.7005,1.527526717663,9.08039438744));
#6091 = CARTESIAN_POINT('',(3.6995,1.526512953696,9.08039438744));
#6092 = CARTESIAN_POINT('',(3.6995,1.527526717663,9.08039438744));
#6093 = ADVANCED_FACE('',(#6094),#6116,.F.);
#6094 = FACE_BOUND('',#6095,.T.);
#6095 = EDGE_LOOP('',(#6096,#6103,#6110,#6115));
#6096 = ORIENTED_EDGE('',*,*,#6097,.T.);
#6097 = EDGE_CURVE('',#6070,#6098,#6100,.T.);
#6098 = VERTEX_POINT('',#6099);
#6099 = CARTESIAN_POINT('',(3.6995,1.521834043071,9.098330211497));
#6100 = B_SPLINE_CURVE_WITH_KNOTS('',1,(#6101,#6102),.UNSPECIFIED.,.F.,
  .F.,(2,2),(-1.853607264843E-02,0.),.PIECEWISE_BEZIER_KNOTS.);
#6101 = CARTESIAN_POINT('',(3.6995,1.526512953696,9.08039438744));
#6102 = CARTESIAN_POINT('',(3.6995,1.521834043071,9.098330211497));
#6103 = ORIENTED_EDGE('',*,*,#6104,.F.);
#6104 = EDGE_CURVE('',#6105,#6098,#6107,.T.);
#6105 = VERTEX_POINT('',#6106);
#6106 = CARTESIAN_POINT('',(3.7005,1.521834043071,9.098330211497));
#6107 = B_SPLINE_CURVE_WITH_KNOTS('',1,(#6108,#6109),.UNSPECIFIED.,.F.,
  .F.,(2,2),(-0.,1.E-03),.PIECEWISE_BEZIER_KNOTS.);
#6108 = CARTESIAN_POINT('',(3.7005,1.521834043071,9.098330211497));
#6109 = CARTESIAN_POINT('',(3.6995,1.521834043071,9.098330211497));
#6110 = ORIENTED_EDGE('',*,*,#6111,.F.);
#6111 = EDGE_CURVE('',#6077,#6105,#6112,.T.);
#6112 = B_SPLINE_CURVE_WITH_KNOTS('',1,(#6113,#6114),.UNSPECIFIED.,.F.,
  .F.,(2,2),(-1.853607264843E-02,0.),.PIECEWISE_BEZIER_KNOTS.);
#6113 = CARTESIAN_POINT('',(3.7005,1.526512953696,9.08039438744));
#6114 = CARTESIAN_POINT('',(3.7005,1.521834043071,9.098330211497));
#6115 = ORIENTED_EDGE('',*,*,#6076,.T.);
#6116 = B_SPLINE_SURFACE_WITH_KNOTS('',1,1,(
    (#6117,#6118)
    ,(#6119,#6120
    )),.UNSPECIFIED.,.F.,.F.,.F.,(2,2),(2,2),(0.,1.853607264843E-02),(
    -1.E-03,0.),.PIECEWISE_BEZIER_KNOTS.);
#6117 = CARTESIAN_POINT('',(3.6995,1.521834043071,9.098330211497));
#6118 = CARTESIAN_POINT('',(3.7005,1.521834043071,9.098330211497));
#6119 = CARTESIAN_POINT('',(3.6995,1.526512953696,9.08039438744));
#6120 = CARTESIAN_POINT('',(3.7005,1.526512953696,9.08039438744));
#6121 = ADVANCED_FACE('',(#6122),#6144,.F.);
#6122 = FACE_BOUND('',#6123,.T.);
#6123 = EDGE_LOOP('',(#6124,#6131,#6138,#6143));
#6124 = ORIENTED_EDGE('',*,*,#6125,.T.);
#6125 = EDGE_CURVE('',#6098,#6126,#6128,.T.);
#6126 = VERTEX_POINT('',#6127);
#6127 = CARTESIAN_POINT('',(3.6995,1.464907297153,9.262092083317));
#6128 = B_SPLINE_CURVE_WITH_KNOTS('',1,(#6129,#6130),.UNSPECIFIED.,.F.,
  .F.,(2,2),(-0.173374176459,0.),.PIECEWISE_BEZIER_KNOTS.);
#6129 = CARTESIAN_POINT('',(3.6995,1.521834043071,9.098330211497));
#6130 = CARTESIAN_POINT('',(3.6995,1.464907297153,9.262092083317));
#6131 = ORIENTED_EDGE('',*,*,#6132,.F.);
#6132 = EDGE_CURVE('',#6133,#6126,#6135,.T.);
#6133 = VERTEX_POINT('',#6134);
#6134 = CARTESIAN_POINT('',(3.7005,1.464907297153,9.262092083317));
#6135 = B_SPLINE_CURVE_WITH_KNOTS('',1,(#6136,#6137),.UNSPECIFIED.,.F.,
  .F.,(2,2),(-0.,1.E-03),.PIECEWISE_BEZIER_KNOTS.);
#6136 = CARTESIAN_POINT('',(3.7005,1.464907297153,9.262092083317));
#6137 = CARTESIAN_POINT('',(3.6995,1.464907297153,9.262092083317));
#6138 = ORIENTED_EDGE('',*,*,#6139,.F.);
#6139 = EDGE_CURVE('',#6105,#6133,#6140,.T.);
#6140 = B_SPLINE_CURVE_WITH_KNOTS('',1,(#6141,#6142),.UNSPECIFIED.,.F.,
  .F.,(2,2),(-0.173374176459,0.),.PIECEWISE_BEZIER_KNOTS.);
#6141 = CARTESIAN_POINT('',(3.7005,1.521834043071,9.098330211497));
#6142 = CARTESIAN_POINT('',(3.7005,1.464907297153,9.262092083317));
#6143 = ORIENTED_EDGE('',*,*,#6104,.T.);
#6144 = B_SPLINE_SURFACE_WITH_KNOTS('',1,1,(
    (#6145,#6146)
    ,(#6147,#6148
    )),.UNSPECIFIED.,.F.,.F.,.F.,(2,2),(2,2),(0.,0.173374176459),(
    -1.E-03,0.),.PIECEWISE_BEZIER_KNOTS.);
#6145 = CARTESIAN_POINT('',(3.6995,1.464907297153,9.262092083317));
#6146 = CARTESIAN_POINT('',(3.7005,1.464907297153,9.262092083317));
#6147 = CARTESIAN_POINT('',(3.6995,1.521834043071,9.098330211497));
#6148 = CARTESIAN_POINT('',(3.7005,1.521834043071,9.098330211497));
#6149 = ADVANCED_FACE('',(#6150),#6172,.F.);
#6150 = FACE_BOUND('',#6151,.T.);
#6151 = EDGE_LOOP('',(#6152,#6159,#6166,#6171));
#6152 = ORIENTED_EDGE('',*,*,#6153,.T.);
#6153 = EDGE_CURVE('',#6126,#6154,#6156,.T.);
#6154 = VERTEX_POINT('',#6155);
#6155 = CARTESIAN_POINT('',(3.6995,1.422173246793,9.262092083317));
#6156 = B_SPLINE_CURVE_WITH_KNOTS('',1,(#6157,#6158),.UNSPECIFIED.,.F.,
  .F.,(2,2),(-4.27340503608E-02,-0.),.PIECEWISE_BEZIER_KNOTS.);
#6157 = CARTESIAN_POINT('',(3.6995,1.464907297153,9.262092083317));
#6158 = CARTESIAN_POINT('',(3.6995,1.422173246793,9.262092083317));
#6159 = ORIENTED_EDGE('',*,*,#6160,.F.);
#6160 = EDGE_CURVE('',#6161,#6154,#6163,.T.);
#6161 = VERTEX_POINT('',#6162);
#6162 = CARTESIAN_POINT('',(3.7005,1.422173246793,9.262092083317));
#6163 = B_SPLINE_CURVE_WITH_KNOTS('',1,(#6164,#6165),.UNSPECIFIED.,.F.,
  .F.,(2,2),(-0.,1.E-03),.PIECEWISE_BEZIER_KNOTS.);
#6164 = CARTESIAN_POINT('',(3.7005,1.422173246793,9.262092083317));
#6165 = CARTESIAN_POINT('',(3.6995,1.422173246793,9.262092083317));
#6166 = ORIENTED_EDGE('',*,*,#6167,.F.);
#6167 = EDGE_CURVE('',#6133,#6161,#6168,.T.);
#6168 = B_SPLINE_CURVE_WITH_KNOTS('',1,(#6169,#6170),.UNSPECIFIED.,.F.,
  .F.,(2,2),(-4.27340503608E-02,-0.),.PIECEWISE_BEZIER_KNOTS.);
#6169 = CARTESIAN_POINT('',(3.7005,1.464907297153,9.262092083317));
#6170 = CARTESIAN_POINT('',(3.7005,1.422173246793,9.262092083317));
#6171 = ORIENTED_EDGE('',*,*,#6132,.T.);
#6172 = B_SPLINE_SURFACE_WITH_KNOTS('',1,1,(
    (#6173,#6174)
    ,(#6175,#6176
    )),.UNSPECIFIED.,.F.,.F.,.F.,(2,2),(2,2),(0.,1.E-03),(0.,
    4.27340503608E-02),.PIECEWISE_BEZIER_KNOTS.);
#6173 = CARTESIAN_POINT('',(3.7005,1.422173246793,9.262092083317));
#6174 = CARTESIAN_POINT('',(3.7005,1.464907297153,9.262092083317));
#6175 = CARTESIAN_POINT('',(3.6995,1.422173246793,9.262092083317));
#6176 = CARTESIAN_POINT('',(3.6995,1.464907297153,9.262092083317));
#6177 = ADVANCED_FACE('',(#6178),#6200,.F.);
#6178 = FACE_BOUND('',#6179,.T.);
#6179 = EDGE_LOOP('',(#6180,#6187,#6194,#6199));
#6180 = ORIENTED_EDGE('',*,*,#6181,.T.);
#6181 = EDGE_CURVE('',#6154,#6182,#6184,.T.);
#6182 = VERTEX_POINT('',#6183);
#6183 = CARTESIAN_POINT('',(3.6995,1.507641347514,9.044678703016));
#6184 = B_SPLINE_CURVE_WITH_KNOTS('',1,(#6185,#6186),.UNSPECIFIED.,.F.,
  .F.,(2,2),(-0.233609447958,0.),.PIECEWISE_BEZIER_KNOTS.);
#6185 = CARTESIAN_POINT('',(3.6995,1.422173246793,9.262092083317));
#6186 = CARTESIAN_POINT('',(3.6995,1.507641347514,9.044678703016));
#6187 = ORIENTED_EDGE('',*,*,#6188,.F.);
#6188 = EDGE_CURVE('',#6189,#6182,#6191,.T.);
#6189 = VERTEX_POINT('',#6190);
#6190 = CARTESIAN_POINT('',(3.7005,1.507641347514,9.044678703016));
#6191 = B_SPLINE_CURVE_WITH_KNOTS('',1,(#6192,#6193),.UNSPECIFIED.,.F.,
  .F.,(2,2),(-0.,1.E-03),.PIECEWISE_BEZIER_KNOTS.);
#6192 = CARTESIAN_POINT('',(3.7005,1.507641347514,9.044678703016));
#6193 = CARTESIAN_POINT('',(3.6995,1.507641347514,9.044678703016));
#6194 = ORIENTED_EDGE('',*,*,#6195,.F.);
#6195 = EDGE_CURVE('',#6161,#6189,#6196,.T.);
#6196 = B_SPLINE_CURVE_WITH_KNOTS('',1,(#6197,#6198),.UNSPECIFIED.,.F.,
  .F.,(2,2),(-0.233609447958,0.),.PIECEWISE_BEZIER_KNOTS.);
#6197 = CARTESIAN_POINT('',(3.7005,1.422173246793,9.262092083317));
#6198 = CARTESIAN_POINT('',(3.7005,1.507641347514,9.044678703016));
#6199 = ORIENTED_EDGE('',*,*,#6160,.T.);
#6200 = B_SPLINE_SURFACE_WITH_KNOTS('',1,1,(
    (#6201,#6202)
    ,(#6203,#6204
    )),.UNSPECIFIED.,.F.,.F.,.F.,(2,2),(2,2),(0.,0.233609447958),(
    -1.E-03,0.),.PIECEWISE_BEZIER_KNOTS.);
#6201 = CARTESIAN_POINT('',(3.6995,1.507641347514,9.044678703016));
#6202 = CARTESIAN_POINT('',(3.7005,1.507641347514,9.044678703016));
#6203 = CARTESIAN_POINT('',(3.6995,1.422173246793,9.262092083317));
#6204 = CARTESIAN_POINT('',(3.7005,1.422173246793,9.262092083317));
#6205 = ADVANCED_FACE('',(#6206),#6228,.F.);
#6206 = FACE_BOUND('',#6207,.T.);
#6207 = EDGE_LOOP('',(#6208,#6215,#6222,#6227));
#6208 = ORIENTED_EDGE('',*,*,#6209,.T.);
#6209 = EDGE_CURVE('',#6182,#6210,#6212,.T.);
#6210 = VERTEX_POINT('',#6211);
#6211 = CARTESIAN_POINT('',(3.6995,1.490875251113,9.005063926403));
#6212 = B_SPLINE_CURVE_WITH_KNOTS('',1,(#6213,#6214),.UNSPECIFIED.,.F.,
  .F.,(2,2),(-4.301665392122E-02,8.179387860505E-16),
  .PIECEWISE_BEZIER_KNOTS.);
#6213 = CARTESIAN_POINT('',(3.6995,1.507641347514,9.044678703016));
#6214 = CARTESIAN_POINT('',(3.6995,1.490875251113,9.005063926403));
#6215 = ORIENTED_EDGE('',*,*,#6216,.F.);
#6216 = EDGE_CURVE('',#6217,#6210,#6219,.T.);
#6217 = VERTEX_POINT('',#6218);
#6218 = CARTESIAN_POINT('',(3.7005,1.490875251113,9.005063926403));
#6219 = B_SPLINE_CURVE_WITH_KNOTS('',1,(#6220,#6221),.UNSPECIFIED.,.F.,
  .F.,(2,2),(-0.,1.E-03),.PIECEWISE_BEZIER_KNOTS.);
#6220 = CARTESIAN_POINT('',(3.7005,1.490875251113,9.005063926403));
#6221 = CARTESIAN_POINT('',(3.6995,1.490875251113,9.005063926403));
#6222 = ORIENTED_EDGE('',*,*,#6223,.F.);
#6223 = EDGE_CURVE('',#6189,#6217,#6224,.T.);
#6224 = B_SPLINE_CURVE_WITH_KNOTS('',1,(#6225,#6226),.UNSPECIFIED.,.F.,
  .F.,(2,2),(-4.301665392122E-02,8.179387860505E-16),
  .PIECEWISE_BEZIER_KNOTS.);
#6225 = CARTESIAN_POINT('',(3.7005,1.507641347514,9.044678703016));
#6226 = CARTESIAN_POINT('',(3.7005,1.490875251113,9.005063926403));
#6227 = ORIENTED_EDGE('',*,*,#6188,.T.);
#6228 = B_SPLINE_SURFACE_WITH_KNOTS('',1,1,(
    (#6229,#6230)
    ,(#6231,#6232
    )),.UNSPECIFIED.,.F.,.F.,.F.,(2,2),(2,2),(-9.044825060333E-16,
    4.301665392122E-02),(-1.000000000001E-03,0.),
  .PIECEWISE_BEZIER_KNOTS.);
#6229 = CARTESIAN_POINT('',(3.6995,1.490875251113,9.005063926403));
#6230 = CARTESIAN_POINT('',(3.7005,1.490875251113,9.005063926403));
#6231 = CARTESIAN_POINT('',(3.6995,1.507641347514,9.044678703016));
#6232 = CARTESIAN_POINT('',(3.7005,1.507641347514,9.044678703016));
#6233 = ADVANCED_FACE('',(#6234),#6260,.F.);
#6234 = FACE_BOUND('',#6235,.F.);
#6235 = EDGE_LOOP('',(#6236,#6237,#6246,#6253));
#6236 = ORIENTED_EDGE('',*,*,#6216,.F.);
#6237 = ORIENTED_EDGE('',*,*,#6238,.T.);
#6238 = EDGE_CURVE('',#6217,#6239,#6241,.T.);
#6239 = VERTEX_POINT('',#6240);
#6240 = CARTESIAN_POINT('',(3.7005,1.451728365563,8.974339079976));
#6241 = B_SPLINE_CURVE_WITH_KNOTS('',3,(#6242,#6243,#6244,#6245),
  .UNSPECIFIED.,.F.,.F.,(4,4),(5.,6.),.PIECEWISE_BEZIER_KNOTS.);
#6242 = CARTESIAN_POINT('',(3.7005,1.490875251113,9.005063926403));
#6243 = CARTESIAN_POINT('',(3.7005,1.48221926646,8.984476719661));
#6244 = CARTESIAN_POINT('',(3.7005,1.469196298558,8.974339079976));
#6245 = CARTESIAN_POINT('',(3.7005,1.451728365563,8.974339079976));
#6246 = ORIENTED_EDGE('',*,*,#6247,.T.);
#6247 = EDGE_CURVE('',#6239,#6248,#6250,.T.);
#6248 = VERTEX_POINT('',#6249);
#6249 = CARTESIAN_POINT('',(3.6995,1.451728365563,8.974339079976));
#6250 = B_SPLINE_CURVE_WITH_KNOTS('',1,(#6251,#6252),.UNSPECIFIED.,.F.,
  .F.,(2,2),(-0.,1.E-03),.PIECEWISE_BEZIER_KNOTS.);
#6251 = CARTESIAN_POINT('',(3.7005,1.451728365563,8.974339079976));
#6252 = CARTESIAN_POINT('',(3.6995,1.451728365563,8.974339079976));
#6253 = ORIENTED_EDGE('',*,*,#6254,.F.);
#6254 = EDGE_CURVE('',#6210,#6248,#6255,.T.);
#6255 = B_SPLINE_CURVE_WITH_KNOTS('',3,(#6256,#6257,#6258,#6259),
  .UNSPECIFIED.,.F.,.F.,(4,4),(5.,6.),.PIECEWISE_BEZIER_KNOTS.);
#6256 = CARTESIAN_POINT('',(3.6995,1.490875251113,9.005063926403));
#6257 = CARTESIAN_POINT('',(3.6995,1.48221926646,8.984476719661));
#6258 = CARTESIAN_POINT('',(3.6995,1.469196298558,8.974339079976));
#6259 = CARTESIAN_POINT('',(3.6995,1.451728365563,8.974339079976));
#6260 = B_SPLINE_SURFACE_WITH_KNOTS('',3,1,(
    (#6261,#6262)
    ,(#6263,#6264)
    ,(#6265,#6266)
    ,(#6267,#6268
    )),.UNSPECIFIED.,.F.,.F.,.F.,(4,4),(2,2),(5.,6.),(0.,1.),
  .PIECEWISE_BEZIER_KNOTS.);
#6261 = CARTESIAN_POINT('',(3.7005,1.490875251113,9.005063926403));
#6262 = CARTESIAN_POINT('',(3.6995,1.490875251113,9.005063926403));
#6263 = CARTESIAN_POINT('',(3.7005,1.48221926646,8.984476719661));
#6264 = CARTESIAN_POINT('',(3.6995,1.48221926646,8.984476719661));
#6265 = CARTESIAN_POINT('',(3.7005,1.469196298558,8.974339079976));
#6266 = CARTESIAN_POINT('',(3.6995,1.469196298558,8.974339079976));
#6267 = CARTESIAN_POINT('',(3.7005,1.451728365563,8.974339079976));
#6268 = CARTESIAN_POINT('',(3.6995,1.451728365563,8.974339079976));
#6269 = ADVANCED_FACE('',(#6270),#6296,.F.);
#6270 = FACE_BOUND('',#6271,.F.);
#6271 = EDGE_LOOP('',(#6272,#6273,#6282,#6289));
#6272 = ORIENTED_EDGE('',*,*,#6247,.F.);
#6273 = ORIENTED_EDGE('',*,*,#6274,.T.);
#6274 = EDGE_CURVE('',#6239,#6275,#6277,.T.);
#6275 = VERTEX_POINT('',#6276);
#6276 = CARTESIAN_POINT('',(3.7005,1.430049413009,8.978706063226));
#6277 = B_SPLINE_CURVE_WITH_KNOTS('',3,(#6278,#6279,#6280,#6281),
  .UNSPECIFIED.,.F.,.F.,(4,4),(4.,5.),.PIECEWISE_BEZIER_KNOTS.);
#6278 = CARTESIAN_POINT('',(3.7005,1.451728365563,8.974339079976));
#6279 = CARTESIAN_POINT('',(3.7005,1.444709999629,8.974339079976));
#6280 = CARTESIAN_POINT('',(3.7005,1.437535670006,8.975742753163));
#6281 = CARTESIAN_POINT('',(3.7005,1.430049413009,8.978706063226));
#6282 = ORIENTED_EDGE('',*,*,#6283,.T.);
#6283 = EDGE_CURVE('',#6275,#6284,#6286,.T.);
#6284 = VERTEX_POINT('',#6285);
#6285 = CARTESIAN_POINT('',(3.6995,1.430049413009,8.978706063226));
#6286 = B_SPLINE_CURVE_WITH_KNOTS('',1,(#6287,#6288),.UNSPECIFIED.,.F.,
  .F.,(2,2),(-0.,1.E-03),.PIECEWISE_BEZIER_KNOTS.);
#6287 = CARTESIAN_POINT('',(3.7005,1.430049413009,8.978706063226));
#6288 = CARTESIAN_POINT('',(3.6995,1.430049413009,8.978706063226));
#6289 = ORIENTED_EDGE('',*,*,#6290,.F.);
#6290 = EDGE_CURVE('',#6248,#6284,#6291,.T.);
#6291 = B_SPLINE_CURVE_WITH_KNOTS('',3,(#6292,#6293,#6294,#6295),
  .UNSPECIFIED.,.F.,.F.,(4,4),(4.,5.),.PIECEWISE_BEZIER_KNOTS.);
#6292 = CARTESIAN_POINT('',(3.6995,1.451728365563,8.974339079976));
#6293 = CARTESIAN_POINT('',(3.6995,1.444709999629,8.974339079976));
#6294 = CARTESIAN_POINT('',(3.6995,1.437535670006,8.975742753163));
#6295 = CARTESIAN_POINT('',(3.6995,1.430049413009,8.978706063226));
#6296 = B_SPLINE_SURFACE_WITH_KNOTS('',3,1,(
    (#6297,#6298)
    ,(#6299,#6300)
    ,(#6301,#6302)
    ,(#6303,#6304
    )),.UNSPECIFIED.,.F.,.F.,.F.,(4,4),(2,2),(4.,5.),(0.,1.),
  .PIECEWISE_BEZIER_KNOTS.);
#6297 = CARTESIAN_POINT('',(3.7005,1.451728365563,8.974339079976));
#6298 = CARTESIAN_POINT('',(3.6995,1.451728365563,8.974339079976));
#6299 = CARTESIAN_POINT('',(3.7005,1.444709999629,8.974339079976));
#6300 = CARTESIAN_POINT('',(3.6995,1.444709999629,8.974339079976));
#6301 = CARTESIAN_POINT('',(3.7005,1.437535670006,8.975742753163));
#6302 = CARTESIAN_POINT('',(3.6995,1.437535670006,8.975742753163));
#6303 = CARTESIAN_POINT('',(3.7005,1.430049413009,8.978706063226));
#6304 = CARTESIAN_POINT('',(3.6995,1.430049413009,8.978706063226));
#6305 = ADVANCED_FACE('',(#6306),#6328,.F.);
#6306 = FACE_BOUND('',#6307,.T.);
#6307 = EDGE_LOOP('',(#6308,#6315,#6322,#6327));
#6308 = ORIENTED_EDGE('',*,*,#6309,.T.);
#6309 = EDGE_CURVE('',#6284,#6310,#6312,.T.);
#6310 = VERTEX_POINT('',#6311);
#6311 = CARTESIAN_POINT('',(3.6995,1.430049413009,8.944705979361));
#6312 = B_SPLINE_CURVE_WITH_KNOTS('',1,(#6313,#6314),.UNSPECIFIED.,.F.,
  .F.,(2,2),(-3.400008386433E-02,-2.832242932212E-30),
  .PIECEWISE_BEZIER_KNOTS.);
#6313 = CARTESIAN_POINT('',(3.6995,1.430049413009,8.978706063226));
#6314 = CARTESIAN_POINT('',(3.6995,1.430049413009,8.944705979361));
#6315 = ORIENTED_EDGE('',*,*,#6316,.F.);
#6316 = EDGE_CURVE('',#6317,#6310,#6319,.T.);
#6317 = VERTEX_POINT('',#6318);
#6318 = CARTESIAN_POINT('',(3.7005,1.430049413009,8.944705979361));
#6319 = B_SPLINE_CURVE_WITH_KNOTS('',1,(#6320,#6321),.UNSPECIFIED.,.F.,
  .F.,(2,2),(-0.,1.E-03),.PIECEWISE_BEZIER_KNOTS.);
#6320 = CARTESIAN_POINT('',(3.7005,1.430049413009,8.944705979361));
#6321 = CARTESIAN_POINT('',(3.6995,1.430049413009,8.944705979361));
#6322 = ORIENTED_EDGE('',*,*,#6323,.F.);
#6323 = EDGE_CURVE('',#6275,#6317,#6324,.T.);
#6324 = B_SPLINE_CURVE_WITH_KNOTS('',1,(#6325,#6326),.UNSPECIFIED.,.F.,
  .F.,(2,2),(-3.400008386433E-02,-2.832242932212E-30),
  .PIECEWISE_BEZIER_KNOTS.);
#6325 = CARTESIAN_POINT('',(3.7005,1.430049413009,8.978706063226));
#6326 = CARTESIAN_POINT('',(3.7005,1.430049413009,8.944705979361));
#6327 = ORIENTED_EDGE('',*,*,#6283,.T.);
#6328 = B_SPLINE_SURFACE_WITH_KNOTS('',1,1,(
    (#6329,#6330)
    ,(#6331,#6332
    )),.UNSPECIFIED.,.F.,.F.,.F.,(2,2),(2,2),(0.,3.400008386433E-02),(
    -1.000000000001E-03,0.),.PIECEWISE_BEZIER_KNOTS.);
#6329 = CARTESIAN_POINT('',(3.6995,1.430049413009,8.944705979361));
#6330 = CARTESIAN_POINT('',(3.7005,1.430049413009,8.944705979361));
#6331 = CARTESIAN_POINT('',(3.6995,1.430049413009,8.978706063226));
#6332 = CARTESIAN_POINT('',(3.7005,1.430049413009,8.978706063226));
#6333 = ADVANCED_FACE('',(#6334),#6360,.F.);
#6334 = FACE_BOUND('',#6335,.F.);
#6335 = EDGE_LOOP('',(#6336,#6337,#6346,#6353));
#6336 = ORIENTED_EDGE('',*,*,#6316,.F.);
#6337 = ORIENTED_EDGE('',*,*,#6338,.T.);
#6338 = EDGE_CURVE('',#6317,#6339,#6341,.T.);
#6339 = VERTEX_POINT('',#6340);
#6340 = CARTESIAN_POINT('',(3.7005,1.454691675626,8.941586705612));
#6341 = B_SPLINE_CURVE_WITH_KNOTS('',3,(#6342,#6343,#6344,#6345),
  .UNSPECIFIED.,.F.,.F.,(4,4),(2.,3.),.PIECEWISE_BEZIER_KNOTS.);
#6342 = CARTESIAN_POINT('',(3.7005,1.430049413009,8.944705979361));
#6343 = CARTESIAN_POINT('',(3.7005,1.436833833413,8.942678451425));
#6344 = CARTESIAN_POINT('',(3.7005,1.445099908847,8.941586705612));
#6345 = CARTESIAN_POINT('',(3.7005,1.454691675626,8.941586705612));
#6346 = ORIENTED_EDGE('',*,*,#6347,.T.);
#6347 = EDGE_CURVE('',#6339,#6348,#6350,.T.);
#6348 = VERTEX_POINT('',#6349);
#6349 = CARTESIAN_POINT('',(3.6995,1.454691675626,8.941586705612));
#6350 = B_SPLINE_CURVE_WITH_KNOTS('',1,(#6351,#6352),.UNSPECIFIED.,.F.,
  .F.,(2,2),(-0.,1.E-03),.PIECEWISE_BEZIER_KNOTS.);
#6351 = CARTESIAN_POINT('',(3.7005,1.454691675626,8.941586705612));
#6352 = CARTESIAN_POINT('',(3.6995,1.454691675626,8.941586705612));
#6353 = ORIENTED_EDGE('',*,*,#6354,.F.);
#6354 = EDGE_CURVE('',#6310,#6348,#6355,.T.);
#6355 = B_SPLINE_CURVE_WITH_KNOTS('',3,(#6356,#6357,#6358,#6359),
  .UNSPECIFIED.,.F.,.F.,(4,4),(2.,3.),.PIECEWISE_BEZIER_KNOTS.);
#6356 = CARTESIAN_POINT('',(3.6995,1.430049413009,8.944705979361));
#6357 = CARTESIAN_POINT('',(3.6995,1.436833833413,8.942678451425));
#6358 = CARTESIAN_POINT('',(3.6995,1.445099908847,8.941586705612));
#6359 = CARTESIAN_POINT('',(3.6995,1.454691675626,8.941586705612));
#6360 = B_SPLINE_SURFACE_WITH_KNOTS('',3,1,(
    (#6361,#6362)
    ,(#6363,#6364)
    ,(#6365,#6366)
    ,(#6367,#6368
    )),.UNSPECIFIED.,.F.,.F.,.F.,(4,4),(2,2),(2.,3.),(0.,1.),
  .PIECEWISE_BEZIER_KNOTS.);
#6361 = CARTESIAN_POINT('',(3.7005,1.430049413009,8.944705979361));
#6362 = CARTESIAN_POINT('',(3.6995,1.430049413009,8.944705979361));
#6363 = CARTESIAN_POINT('',(3.7005,1.436833833413,8.942678451425));
#6364 = CARTESIAN_POINT('',(3.6995,1.436833833413,8.942678451425));
#6365 = CARTESIAN_POINT('',(3.7005,1.445099908847,8.941586705612));
#6366 = CARTESIAN_POINT('',(3.6995,1.445099908847,8.941586705612));
#6367 = CARTESIAN_POINT('',(3.7005,1.454691675626,8.941586705612));
#6368 = CARTESIAN_POINT('',(3.6995,1.454691675626,8.941586705612));
#6369 = ADVANCED_FACE('',(#6370),#6396,.F.);
#6370 = FACE_BOUND('',#6371,.F.);
#6371 = EDGE_LOOP('',(#6372,#6373,#6382,#6389));
#6372 = ORIENTED_EDGE('',*,*,#6347,.F.);
#6373 = ORIENTED_EDGE('',*,*,#6374,.T.);
#6374 = EDGE_CURVE('',#6339,#6375,#6377,.T.);
#6375 = VERTEX_POINT('',#6376);
#6376 = CARTESIAN_POINT('',(3.7005,1.532439573818,9.011302473902));
#6377 = B_SPLINE_CURVE_WITH_KNOTS('',3,(#6378,#6379,#6380,#6381),
  .UNSPECIFIED.,.F.,.F.,(4,4),(1.,2.),.PIECEWISE_BEZIER_KNOTS.);
#6378 = CARTESIAN_POINT('',(3.7005,1.454691675626,8.941586705612));
#6379 = CARTESIAN_POINT('',(3.7005,1.488145886583,8.941586705612));
#6380 = CARTESIAN_POINT('',(3.7005,1.514035858699,8.964825295042));
#6381 = CARTESIAN_POINT('',(3.7005,1.532439573818,9.011302473902));
#6382 = ORIENTED_EDGE('',*,*,#6383,.T.);
#6383 = EDGE_CURVE('',#6375,#6384,#6386,.T.);
#6384 = VERTEX_POINT('',#6385);
#6385 = CARTESIAN_POINT('',(3.6995,1.532439573818,9.011302473902));
#6386 = B_SPLINE_CURVE_WITH_KNOTS('',1,(#6387,#6388),.UNSPECIFIED.,.F.,
  .F.,(2,2),(-0.,1.E-03),.PIECEWISE_BEZIER_KNOTS.);
#6387 = CARTESIAN_POINT('',(3.7005,1.532439573818,9.011302473902));
#6388 = CARTESIAN_POINT('',(3.6995,1.532439573818,9.011302473902));
#6389 = ORIENTED_EDGE('',*,*,#6390,.F.);
#6390 = EDGE_CURVE('',#6348,#6384,#6391,.T.);
#6391 = B_SPLINE_CURVE_WITH_KNOTS('',3,(#6392,#6393,#6394,#6395),
  .UNSPECIFIED.,.F.,.F.,(4,4),(1.,2.),.PIECEWISE_BEZIER_KNOTS.);
#6392 = CARTESIAN_POINT('',(3.6995,1.454691675626,8.941586705612));
#6393 = CARTESIAN_POINT('',(3.6995,1.488145886583,8.941586705612));
#6394 = CARTESIAN_POINT('',(3.6995,1.514035858699,8.964825295042));
#6395 = CARTESIAN_POINT('',(3.6995,1.532439573818,9.011302473902));
#6396 = B_SPLINE_SURFACE_WITH_KNOTS('',3,1,(
    (#6397,#6398)
    ,(#6399,#6400)
    ,(#6401,#6402)
    ,(#6403,#6404
    )),.UNSPECIFIED.,.F.,.F.,.F.,(4,4),(2,2),(1.,2.),(0.,1.),
  .PIECEWISE_BEZIER_KNOTS.);
#6397 = CARTESIAN_POINT('',(3.7005,1.454691675626,8.941586705612));
#6398 = CARTESIAN_POINT('',(3.6995,1.454691675626,8.941586705612));
#6399 = CARTESIAN_POINT('',(3.7005,1.488145886583,8.941586705612));
#6400 = CARTESIAN_POINT('',(3.6995,1.488145886583,8.941586705612));
#6401 = CARTESIAN_POINT('',(3.7005,1.514035858699,8.964825295042));
#6402 = CARTESIAN_POINT('',(3.6995,1.514035858699,8.964825295042));
#6403 = CARTESIAN_POINT('',(3.7005,1.532439573818,9.011302473902));
#6404 = CARTESIAN_POINT('',(3.6995,1.532439573818,9.011302473902));
#6405 = ADVANCED_FACE('',(#6406),#6420,.F.);
#6406 = FACE_BOUND('',#6407,.T.);
#6407 = EDGE_LOOP('',(#6408,#6413,#6414,#6419));
#6408 = ORIENTED_EDGE('',*,*,#6409,.T.);
#6409 = EDGE_CURVE('',#6384,#5970,#6410,.T.);
#6410 = B_SPLINE_CURVE_WITH_KNOTS('',1,(#6411,#6412),.UNSPECIFIED.,.F.,
  .F.,(2,2),(-0.269579071831,0.),.PIECEWISE_BEZIER_KNOTS.);
#6411 = CARTESIAN_POINT('',(3.6995,1.532439573818,9.011302473902));
#6412 = CARTESIAN_POINT('',(3.6995,1.631320551659,9.262092083317));
#6413 = ORIENTED_EDGE('',*,*,#5992,.F.);
#6414 = ORIENTED_EDGE('',*,*,#6415,.F.);
#6415 = EDGE_CURVE('',#6375,#5986,#6416,.T.);
#6416 = B_SPLINE_CURVE_WITH_KNOTS('',1,(#6417,#6418),.UNSPECIFIED.,.F.,
  .F.,(2,2),(-0.269579071831,0.),.PIECEWISE_BEZIER_KNOTS.);
#6417 = CARTESIAN_POINT('',(3.7005,1.532439573818,9.011302473902));
#6418 = CARTESIAN_POINT('',(3.7005,1.631320551659,9.262092083317));
#6419 = ORIENTED_EDGE('',*,*,#6383,.T.);
#6420 = B_SPLINE_SURFACE_WITH_KNOTS('',1,1,(
    (#6421,#6422)
    ,(#6423,#6424
    )),.UNSPECIFIED.,.F.,.F.,.F.,(2,2),(2,2),(-0.,0.269579071831),(
    -1.E-03,0.),.PIECEWISE_BEZIER_KNOTS.);
#6421 = CARTESIAN_POINT('',(3.6995,1.631320551659,9.262092083317));
#6422 = CARTESIAN_POINT('',(3.7005,1.631320551659,9.262092083317));
#6423 = CARTESIAN_POINT('',(3.6995,1.532439573818,9.011302473902));
#6424 = CARTESIAN_POINT('',(3.7005,1.532439573818,9.011302473902));
#6425 = ADVANCED_FACE('',(#6426),#6443,.T.);
#6426 = FACE_BOUND('',#6427,.T.);
#6427 = EDGE_LOOP('',(#6428,#6429,#6430,#6431,#6432,#6433,#6434,#6435,
    #6436,#6437,#6438,#6439,#6440,#6441,#6442));
#6428 = ORIENTED_EDGE('',*,*,#5985,.T.);
#6429 = ORIENTED_EDGE('',*,*,#6019,.T.);
#6430 = ORIENTED_EDGE('',*,*,#6034,.T.);
#6431 = ORIENTED_EDGE('',*,*,#6083,.T.);
#6432 = ORIENTED_EDGE('',*,*,#6111,.T.);
#6433 = ORIENTED_EDGE('',*,*,#6139,.T.);
#6434 = ORIENTED_EDGE('',*,*,#6167,.T.);
#6435 = ORIENTED_EDGE('',*,*,#6195,.T.);
#6436 = ORIENTED_EDGE('',*,*,#6223,.T.);
#6437 = ORIENTED_EDGE('',*,*,#6238,.T.);
#6438 = ORIENTED_EDGE('',*,*,#6274,.T.);
#6439 = ORIENTED_EDGE('',*,*,#6323,.T.);
#6440 = ORIENTED_EDGE('',*,*,#6338,.T.);
#6441 = ORIENTED_EDGE('',*,*,#6374,.T.);
#6442 = ORIENTED_EDGE('',*,*,#6415,.T.);
#6443 = B_SPLINE_SURFACE_WITH_KNOTS('',1,1,(
    (#6444,#6445)
    ,(#6446,#6447
    )),.UNSPECIFIED.,.F.,.F.,.F.,(2,2),(2,2),(-0.303076435633,
    1.742894207267E-02),(-7.703631386869E-02,0.132110990998),
  .PIECEWISE_BEZIER_KNOTS.);
#6444 = CARTESIAN_POINT('',(3.7005,1.422173246793,9.262092083317));
#6445 = CARTESIAN_POINT('',(3.7005,1.631320551659,9.262092083317));
#6446 = CARTESIAN_POINT('',(3.7005,1.422173246793,8.941586705612));
#6447 = CARTESIAN_POINT('',(3.7005,1.631320551659,8.941586705612));
#6448 = ADVANCED_FACE('',(#6449),#6466,.F.);
#6449 = FACE_BOUND('',#6450,.T.);
#6450 = EDGE_LOOP('',(#6451,#6452,#6453,#6454,#6455,#6456,#6457,#6458,
    #6459,#6460,#6461,#6462,#6463,#6464,#6465));
#6451 = ORIENTED_EDGE('',*,*,#5969,.F.);
#6452 = ORIENTED_EDGE('',*,*,#6409,.F.);
#6453 = ORIENTED_EDGE('',*,*,#6390,.F.);
#6454 = ORIENTED_EDGE('',*,*,#6354,.F.);
#6455 = ORIENTED_EDGE('',*,*,#6309,.F.);
#6456 = ORIENTED_EDGE('',*,*,#6290,.F.);
#6457 = ORIENTED_EDGE('',*,*,#6254,.F.);
#6458 = ORIENTED_EDGE('',*,*,#6209,.F.);
#6459 = ORIENTED_EDGE('',*,*,#6181,.F.);
#6460 = ORIENTED_EDGE('',*,*,#6153,.F.);
#6461 = ORIENTED_EDGE('',*,*,#6125,.F.);
#6462 = ORIENTED_EDGE('',*,*,#6097,.F.);
#6463 = ORIENTED_EDGE('',*,*,#6069,.F.);
#6464 = ORIENTED_EDGE('',*,*,#6050,.F.);
#6465 = ORIENTED_EDGE('',*,*,#6005,.F.);
#6466 = B_SPLINE_SURFACE_WITH_KNOTS('',1,1,(
    (#6467,#6468)
    ,(#6469,#6470
    )),.UNSPECIFIED.,.F.,.F.,.F.,(2,2),(2,2),(-0.303076435633,
    1.742894207267E-02),(-7.703631386869E-02,0.132110990998),
  .PIECEWISE_BEZIER_KNOTS.);
#6467 = CARTESIAN_POINT('',(3.6995,1.422173246793,9.262092083317));
#6468 = CARTESIAN_POINT('',(3.6995,1.631320551659,9.262092083317));
#6469 = CARTESIAN_POINT('',(3.6995,1.422173246793,8.941586705612));
#6470 = CARTESIAN_POINT('',(3.6995,1.631320551659,8.941586705612));
#6471 = MANIFOLD_SOLID_BREP('',#6472);
#6472 = CLOSED_SHELL('',(#6473,#6509,#6537,#6565,#6593,#6621,#6649,#6677
    ,#6705,#6733,#6761,#6789,#6809,#6829));
#6473 = ADVANCED_FACE('',(#6474),#6504,.F.);
#6474 = FACE_BOUND('',#6475,.T.);
#6475 = EDGE_LOOP('',(#6476,#6485,#6492,#6499));
#6476 = ORIENTED_EDGE('',*,*,#6477,.T.);
#6477 = EDGE_CURVE('',#6478,#6480,#6482,.T.);
#6478 = VERTEX_POINT('',#6479);
#6479 = CARTESIAN_POINT('',(3.6995,1.836568764341,9.044210811954));
#6480 = VERTEX_POINT('',#6481);
#6481 = CARTESIAN_POINT('',(3.6995,1.836568764341,9.078990714254));
#6482 = B_SPLINE_CURVE_WITH_KNOTS('',1,(#6483,#6484),.UNSPECIFIED.,.F.,
  .F.,(2,2),(-3.477990230068E-02,0.),.PIECEWISE_BEZIER_KNOTS.);
#6483 = CARTESIAN_POINT('',(3.6995,1.836568764341,9.044210811954));
#6484 = CARTESIAN_POINT('',(3.6995,1.836568764341,9.078990714254));
#6485 = ORIENTED_EDGE('',*,*,#6486,.F.);
#6486 = EDGE_CURVE('',#6487,#6480,#6489,.T.);
#6487 = VERTEX_POINT('',#6488);
#6488 = CARTESIAN_POINT('',(3.7005,1.836568764341,9.078990714254));
#6489 = B_SPLINE_CURVE_WITH_KNOTS('',1,(#6490,#6491),.UNSPECIFIED.,.F.,
  .F.,(2,2),(-0.,1.E-03),.PIECEWISE_BEZIER_KNOTS.);
#6490 = CARTESIAN_POINT('',(3.7005,1.836568764341,9.078990714254));
#6491 = CARTESIAN_POINT('',(3.6995,1.836568764341,9.078990714254));
#6492 = ORIENTED_EDGE('',*,*,#6493,.F.);
#6493 = EDGE_CURVE('',#6494,#6487,#6496,.T.);
#6494 = VERTEX_POINT('',#6495);
#6495 = CARTESIAN_POINT('',(3.7005,1.836568764341,9.044210811954));
#6496 = B_SPLINE_CURVE_WITH_KNOTS('',1,(#6497,#6498),.UNSPECIFIED.,.F.,
  .F.,(2,2),(-3.477990230068E-02,0.),.PIECEWISE_BEZIER_KNOTS.);
#6497 = CARTESIAN_POINT('',(3.7005,1.836568764341,9.044210811954));
#6498 = CARTESIAN_POINT('',(3.7005,1.836568764341,9.078990714254));
#6499 = ORIENTED_EDGE('',*,*,#6500,.T.);
#6500 = EDGE_CURVE('',#6494,#6478,#6501,.T.);
#6501 = B_SPLINE_CURVE_WITH_KNOTS('',1,(#6502,#6503),.UNSPECIFIED.,.F.,
  .F.,(2,2),(-0.,1.E-03),.PIECEWISE_BEZIER_KNOTS.);
#6502 = CARTESIAN_POINT('',(3.7005,1.836568764341,9.044210811954));
#6503 = CARTESIAN_POINT('',(3.6995,1.836568764341,9.044210811954));
#6504 = B_SPLINE_SURFACE_WITH_KNOTS('',1,1,(
    (#6505,#6506)
    ,(#6507,#6508
    )),.UNSPECIFIED.,.F.,.F.,.F.,(2,2),(2,2),(-0.,3.477990230068E-02),(
    -1.E-03,0.),.PIECEWISE_BEZIER_KNOTS.);
#6505 = CARTESIAN_POINT('',(3.6995,1.836568764341,9.078990714254));
#6506 = CARTESIAN_POINT('',(3.7005,1.836568764341,9.078990714254));
#6507 = CARTESIAN_POINT('',(3.6995,1.836568764341,9.044210811954));
#6508 = CARTESIAN_POINT('',(3.7005,1.836568764341,9.044210811954));
#6509 = ADVANCED_FACE('',(#6510),#6532,.F.);
#6510 = FACE_BOUND('',#6511,.T.);
#6511 = EDGE_LOOP('',(#6512,#6519,#6526,#6531));
#6512 = ORIENTED_EDGE('',*,*,#6513,.T.);
#6513 = EDGE_CURVE('',#6480,#6514,#6516,.T.);
#6514 = VERTEX_POINT('',#6515);
#6515 = CARTESIAN_POINT('',(3.6995,1.711875796228,9.078990714254));
#6516 = B_SPLINE_CURVE_WITH_KNOTS('',1,(#6517,#6518),.UNSPECIFIED.,.F.,
  .F.,(2,2),(-0.124692968114,-0.),.PIECEWISE_BEZIER_KNOTS.);
#6517 = CARTESIAN_POINT('',(3.6995,1.836568764341,9.078990714254));
#6518 = CARTESIAN_POINT('',(3.6995,1.711875796228,9.078990714254));
#6519 = ORIENTED_EDGE('',*,*,#6520,.F.);
#6520 = EDGE_CURVE('',#6521,#6514,#6523,.T.);
#6521 = VERTEX_POINT('',#6522);
#6522 = CARTESIAN_POINT('',(3.7005,1.711875796228,9.078990714254));
#6523 = B_SPLINE_CURVE_WITH_KNOTS('',1,(#6524,#6525),.UNSPECIFIED.,.F.,
  .F.,(2,2),(-0.,1.E-03),.PIECEWISE_BEZIER_KNOTS.);
#6524 = CARTESIAN_POINT('',(3.7005,1.711875796228,9.078990714254));
#6525 = CARTESIAN_POINT('',(3.6995,1.711875796228,9.078990714254));
#6526 = ORIENTED_EDGE('',*,*,#6527,.F.);
#6527 = EDGE_CURVE('',#6487,#6521,#6528,.T.);
#6528 = B_SPLINE_CURVE_WITH_KNOTS('',1,(#6529,#6530),.UNSPECIFIED.,.F.,
  .F.,(2,2),(-0.124692968114,-0.),.PIECEWISE_BEZIER_KNOTS.);
#6529 = CARTESIAN_POINT('',(3.7005,1.836568764341,9.078990714254));
#6530 = CARTESIAN_POINT('',(3.7005,1.711875796228,9.078990714254));
#6531 = ORIENTED_EDGE('',*,*,#6486,.T.);
#6532 = B_SPLINE_SURFACE_WITH_KNOTS('',1,1,(
    (#6533,#6534)
    ,(#6535,#6536
    )),.UNSPECIFIED.,.F.,.F.,.F.,(2,2),(2,2),(0.,0.124692968114),(
    -1.E-03,0.),.PIECEWISE_BEZIER_KNOTS.);
#6533 = CARTESIAN_POINT('',(3.6995,1.711875796228,9.078990714254));
#6534 = CARTESIAN_POINT('',(3.7005,1.711875796228,9.078990714254));
#6535 = CARTESIAN_POINT('',(3.6995,1.836568764341,9.078990714254));
#6536 = CARTESIAN_POINT('',(3.7005,1.836568764341,9.078990714254));
#6537 = ADVANCED_FACE('',(#6538),#6560,.F.);
#6538 = FACE_BOUND('',#6539,.T.);
#6539 = EDGE_LOOP('',(#6540,#6547,#6554,#6559));
#6540 = ORIENTED_EDGE('',*,*,#6541,.T.);
#6541 = EDGE_CURVE('',#6514,#6542,#6544,.T.);
#6542 = VERTEX_POINT('',#6543);
#6543 = CARTESIAN_POINT('',(3.6995,1.711875796228,9.181614820594));
#6544 = B_SPLINE_CURVE_WITH_KNOTS('',1,(#6545,#6546),.UNSPECIFIED.,.F.,
  .F.,(2,2),(-0.10262410634,0.),.PIECEWISE_BEZIER_KNOTS.);
#6545 = CARTESIAN_POINT('',(3.6995,1.711875796228,9.078990714254));
#6546 = CARTESIAN_POINT('',(3.6995,1.711875796228,9.181614820594));
#6547 = ORIENTED_EDGE('',*,*,#6548,.F.);
#6548 = EDGE_CURVE('',#6549,#6542,#6551,.T.);
#6549 = VERTEX_POINT('',#6550);
#6550 = CARTESIAN_POINT('',(3.7005,1.711875796228,9.181614820594));
#6551 = B_SPLINE_CURVE_WITH_KNOTS('',1,(#6552,#6553),.UNSPECIFIED.,.F.,
  .F.,(2,2),(-0.,1.E-03),.PIECEWISE_BEZIER_KNOTS.);
#6552 = CARTESIAN_POINT('',(3.7005,1.711875796228,9.181614820594));
#6553 = CARTESIAN_POINT('',(3.6995,1.711875796228,9.181614820594));
#6554 = ORIENTED_EDGE('',*,*,#6555,.F.);
#6555 = EDGE_CURVE('',#6521,#6549,#6556,.T.);
#6556 = B_SPLINE_CURVE_WITH_KNOTS('',1,(#6557,#6558),.UNSPECIFIED.,.F.,
  .F.,(2,2),(-0.10262410634,0.),.PIECEWISE_BEZIER_KNOTS.);
#6557 = CARTESIAN_POINT('',(3.7005,1.711875796228,9.078990714254));
#6558 = CARTESIAN_POINT('',(3.7005,1.711875796228,9.181614820594));
#6559 = ORIENTED_EDGE('',*,*,#6520,.T.);
#6560 = B_SPLINE_SURFACE_WITH_KNOTS('',1,1,(
    (#6561,#6562)
    ,(#6563,#6564
    )),.UNSPECIFIED.,.F.,.F.,.F.,(2,2),(2,2),(0.,0.10262410634),(-1.E-03
    ,0.),.PIECEWISE_BEZIER_KNOTS.);
#6561 = CARTESIAN_POINT('',(3.6995,1.711875796228,9.181614820594));
#6562 = CARTESIAN_POINT('',(3.7005,1.711875796228,9.181614820594));
#6563 = CARTESIAN_POINT('',(3.6995,1.711875796228,9.078990714254));
#6564 = CARTESIAN_POINT('',(3.7005,1.711875796228,9.078990714254));
#6565 = ADVANCED_FACE('',(#6566),#6588,.F.);
#6566 = FACE_BOUND('',#6567,.T.);
#6567 = EDGE_LOOP('',(#6568,#6575,#6582,#6587));
#6568 = ORIENTED_EDGE('',*,*,#6569,.T.);
#6569 = EDGE_CURVE('',#6542,#6570,#6572,.T.);
#6570 = VERTEX_POINT('',#6571);
#6571 = CARTESIAN_POINT('',(3.6995,1.820972395596,9.181614820594));
#6572 = B_SPLINE_CURVE_WITH_KNOTS('',1,(#6573,#6574),.UNSPECIFIED.,.F.,
  .F.,(2,2),(-0.109096599368,0.),.PIECEWISE_BEZIER_KNOTS.);
#6573 = CARTESIAN_POINT('',(3.6995,1.711875796228,9.181614820594));
#6574 = CARTESIAN_POINT('',(3.6995,1.820972395596,9.181614820594));
#6575 = ORIENTED_EDGE('',*,*,#6576,.F.);
#6576 = EDGE_CURVE('',#6577,#6570,#6579,.T.);
#6577 = VERTEX_POINT('',#6578);
#6578 = CARTESIAN_POINT('',(3.7005,1.820972395596,9.181614820594));
#6579 = B_SPLINE_CURVE_WITH_KNOTS('',1,(#6580,#6581),.UNSPECIFIED.,.F.,
  .F.,(2,2),(-0.,1.E-03),.PIECEWISE_BEZIER_KNOTS.);
#6580 = CARTESIAN_POINT('',(3.7005,1.820972395596,9.181614820594));
#6581 = CARTESIAN_POINT('',(3.6995,1.820972395596,9.181614820594));
#6582 = ORIENTED_EDGE('',*,*,#6583,.F.);
#6583 = EDGE_CURVE('',#6549,#6577,#6584,.T.);
#6584 = B_SPLINE_CURVE_WITH_KNOTS('',1,(#6585,#6586),.UNSPECIFIED.,.F.,
  .F.,(2,2),(-0.109096599368,0.),.PIECEWISE_BEZIER_KNOTS.);
#6585 = CARTESIAN_POINT('',(3.7005,1.711875796228,9.181614820594));
#6586 = CARTESIAN_POINT('',(3.7005,1.820972395596,9.181614820594));
#6587 = ORIENTED_EDGE('',*,*,#6548,.T.);
#6588 = B_SPLINE_SURFACE_WITH_KNOTS('',1,1,(
    (#6589,#6590)
    ,(#6591,#6592
    )),.UNSPECIFIED.,.F.,.F.,.F.,(2,2),(2,2),(-1.E-03,0.),(
    -0.109096599368,0.),.PIECEWISE_BEZIER_KNOTS.);
#6589 = CARTESIAN_POINT('',(3.6995,1.711875796228,9.181614820594));
#6590 = CARTESIAN_POINT('',(3.6995,1.820972395596,9.181614820594));
#6591 = CARTESIAN_POINT('',(3.7005,1.711875796228,9.181614820594));
#6592 = CARTESIAN_POINT('',(3.7005,1.820972395596,9.181614820594));
#6593 = ADVANCED_FACE('',(#6594),#6616,.F.);
#6594 = FACE_BOUND('',#6595,.T.);
#6595 = EDGE_LOOP('',(#6596,#6603,#6610,#6615));
#6596 = ORIENTED_EDGE('',*,*,#6597,.T.);
#6597 = EDGE_CURVE('',#6570,#6598,#6600,.T.);
#6598 = VERTEX_POINT('',#6599);
#6599 = CARTESIAN_POINT('',(3.6995,1.820972395596,9.216550686582));
#6600 = B_SPLINE_CURVE_WITH_KNOTS('',1,(#6601,#6602),.UNSPECIFIED.,.F.,
  .F.,(2,2),(-3.493586598795E-02,0.),.PIECEWISE_BEZIER_KNOTS.);
#6601 = CARTESIAN_POINT('',(3.6995,1.820972395596,9.181614820594));
#6602 = CARTESIAN_POINT('',(3.6995,1.820972395596,9.216550686582));
#6603 = ORIENTED_EDGE('',*,*,#6604,.F.);
#6604 = EDGE_CURVE('',#6605,#6598,#6607,.T.);
#6605 = VERTEX_POINT('',#6606);
#6606 = CARTESIAN_POINT('',(3.7005,1.820972395596,9.216550686582));
#6607 = B_SPLINE_CURVE_WITH_KNOTS('',1,(#6608,#6609),.UNSPECIFIED.,.F.,
  .F.,(2,2),(-0.,1.E-03),.PIECEWISE_BEZIER_KNOTS.);
#6608 = CARTESIAN_POINT('',(3.7005,1.820972395596,9.216550686582));
#6609 = CARTESIAN_POINT('',(3.6995,1.820972395596,9.216550686582));
#6610 = ORIENTED_EDGE('',*,*,#6611,.F.);
#6611 = EDGE_CURVE('',#6577,#6605,#6612,.T.);
#6612 = B_SPLINE_CURVE_WITH_KNOTS('',1,(#6613,#6614),.UNSPECIFIED.,.F.,
  .F.,(2,2),(-3.493586598795E-02,0.),.PIECEWISE_BEZIER_KNOTS.);
#6613 = CARTESIAN_POINT('',(3.7005,1.820972395596,9.181614820594));
#6614 = CARTESIAN_POINT('',(3.7005,1.820972395596,9.216550686582));
#6615 = ORIENTED_EDGE('',*,*,#6576,.T.);
#6616 = B_SPLINE_SURFACE_WITH_KNOTS('',1,1,(
    (#6617,#6618)
    ,(#6619,#6620
    )),.UNSPECIFIED.,.F.,.F.,.F.,(2,2),(2,2),(0.,3.493586598795E-02),(
    -1.E-03,0.),.PIECEWISE_BEZIER_KNOTS.);
#6617 = CARTESIAN_POINT('',(3.6995,1.820972395596,9.216550686582));
#6618 = CARTESIAN_POINT('',(3.7005,1.820972395596,9.216550686582));
#6619 = CARTESIAN_POINT('',(3.6995,1.820972395596,9.181614820594));
#6620 = CARTESIAN_POINT('',(3.7005,1.820972395596,9.181614820594));
#6621 = ADVANCED_FACE('',(#6622),#6644,.F.);
#6622 = FACE_BOUND('',#6623,.T.);
#6623 = EDGE_LOOP('',(#6624,#6631,#6638,#6643));
#6624 = ORIENTED_EDGE('',*,*,#6625,.T.);
#6625 = EDGE_CURVE('',#6598,#6626,#6628,.T.);
#6626 = VERTEX_POINT('',#6627);
#6627 = CARTESIAN_POINT('',(3.6995,1.711875796228,9.216550686582));
#6628 = B_SPLINE_CURVE_WITH_KNOTS('',1,(#6629,#6630),.UNSPECIFIED.,.F.,
  .F.,(2,2),(-0.109096599368,-0.),.PIECEWISE_BEZIER_KNOTS.);
#6629 = CARTESIAN_POINT('',(3.6995,1.820972395596,9.216550686582));
#6630 = CARTESIAN_POINT('',(3.6995,1.711875796228,9.216550686582));
#6631 = ORIENTED_EDGE('',*,*,#6632,.F.);
#6632 = EDGE_CURVE('',#6633,#6626,#6635,.T.);
#6633 = VERTEX_POINT('',#6634);
#6634 = CARTESIAN_POINT('',(3.7005,1.711875796228,9.216550686582));
#6635 = B_SPLINE_CURVE_WITH_KNOTS('',1,(#6636,#6637),.UNSPECIFIED.,.F.,
  .F.,(2,2),(-0.,1.E-03),.PIECEWISE_BEZIER_KNOTS.);
#6636 = CARTESIAN_POINT('',(3.7005,1.711875796228,9.216550686582));
#6637 = CARTESIAN_POINT('',(3.6995,1.711875796228,9.216550686582));
#6638 = ORIENTED_EDGE('',*,*,#6639,.F.);
#6639 = EDGE_CURVE('',#6605,#6633,#6640,.T.);
#6640 = B_SPLINE_CURVE_WITH_KNOTS('',1,(#6641,#6642),.UNSPECIFIED.,.F.,
  .F.,(2,2),(-0.109096599368,-0.),.PIECEWISE_BEZIER_KNOTS.);
#6641 = CARTESIAN_POINT('',(3.7005,1.820972395596,9.216550686582));
#6642 = CARTESIAN_POINT('',(3.7005,1.711875796228,9.216550686582));
#6643 = ORIENTED_EDGE('',*,*,#6604,.T.);
#6644 = B_SPLINE_SURFACE_WITH_KNOTS('',1,1,(
    (#6645,#6646)
    ,(#6647,#6648
    )),.UNSPECIFIED.,.F.,.F.,.F.,(2,2),(2,2),(0.,1.E-03),(0.,
    0.109096599368),.PIECEWISE_BEZIER_KNOTS.);
#6645 = CARTESIAN_POINT('',(3.7005,1.711875796228,9.216550686582));
#6646 = CARTESIAN_POINT('',(3.7005,1.820972395596,9.216550686582));
#6647 = CARTESIAN_POINT('',(3.6995,1.711875796228,9.216550686582));
#6648 = CARTESIAN_POINT('',(3.6995,1.820972395596,9.216550686582));
#6649 = ADVANCED_FACE('',(#6650),#6672,.F.);
#6650 = FACE_BOUND('',#6651,.T.);
#6651 = EDGE_LOOP('',(#6652,#6659,#6666,#6671));
#6652 = ORIENTED_EDGE('',*,*,#6653,.T.);
#6653 = EDGE_CURVE('',#6626,#6654,#6656,.T.);
#6654 = VERTEX_POINT('',#6655);
#6655 = CARTESIAN_POINT('',(3.6995,1.711875796228,9.314183954926));
#6656 = B_SPLINE_CURVE_WITH_KNOTS('',1,(#6657,#6658),.UNSPECIFIED.,.F.,
  .F.,(2,2),(-9.763326834319E-02,0.),.PIECEWISE_BEZIER_KNOTS.);
#6657 = CARTESIAN_POINT('',(3.6995,1.711875796228,9.216550686582));
#6658 = CARTESIAN_POINT('',(3.6995,1.711875796228,9.314183954926));
#6659 = ORIENTED_EDGE('',*,*,#6660,.F.);
#6660 = EDGE_CURVE('',#6661,#6654,#6663,.T.);
#6661 = VERTEX_POINT('',#6662);
#6662 = CARTESIAN_POINT('',(3.7005,1.711875796228,9.314183954926));
#6663 = B_SPLINE_CURVE_WITH_KNOTS('',1,(#6664,#6665),.UNSPECIFIED.,.F.,
  .F.,(2,2),(-0.,1.E-03),.PIECEWISE_BEZIER_KNOTS.);
#6664 = CARTESIAN_POINT('',(3.7005,1.711875796228,9.314183954926));
#6665 = CARTESIAN_POINT('',(3.6995,1.711875796228,9.314183954926));
#6666 = ORIENTED_EDGE('',*,*,#6667,.F.);
#6667 = EDGE_CURVE('',#6633,#6661,#6668,.T.);
#6668 = B_SPLINE_CURVE_WITH_KNOTS('',1,(#6669,#6670),.UNSPECIFIED.,.F.,
  .F.,(2,2),(-9.763326834319E-02,0.),.PIECEWISE_BEZIER_KNOTS.);
#6669 = CARTESIAN_POINT('',(3.7005,1.711875796228,9.216550686582));
#6670 = CARTESIAN_POINT('',(3.7005,1.711875796228,9.314183954926));
#6671 = ORIENTED_EDGE('',*,*,#6632,.T.);
#6672 = B_SPLINE_SURFACE_WITH_KNOTS('',1,1,(
    (#6673,#6674)
    ,(#6675,#6676
    )),.UNSPECIFIED.,.F.,.F.,.F.,(2,2),(2,2),(0.,9.763326834319E-02),(
    -1.E-03,0.),.PIECEWISE_BEZIER_KNOTS.);
#6673 = CARTESIAN_POINT('',(3.6995,1.711875796228,9.314183954926));
#6674 = CARTESIAN_POINT('',(3.7005,1.711875796228,9.314183954926));
#6675 = CARTESIAN_POINT('',(3.6995,1.711875796228,9.216550686582));
#6676 = CARTESIAN_POINT('',(3.7005,1.711875796228,9.216550686582));
#6677 = ADVANCED_FACE('',(#6678),#6700,.F.);
#6678 = FACE_BOUND('',#6679,.T.);
#6679 = EDGE_LOOP('',(#6680,#6687,#6694,#6699));
#6680 = ORIENTED_EDGE('',*,*,#6681,.T.);
#6681 = EDGE_CURVE('',#6654,#6682,#6684,.T.);
#6682 = VERTEX_POINT('',#6683);
#6683 = CARTESIAN_POINT('',(3.6995,1.82962838025,9.314183954926));
#6684 = B_SPLINE_CURVE_WITH_KNOTS('',1,(#6685,#6686),.UNSPECIFIED.,.F.,
  .F.,(2,2),(-0.117752584022,0.),.PIECEWISE_BEZIER_KNOTS.);
#6685 = CARTESIAN_POINT('',(3.6995,1.711875796228,9.314183954926));
#6686 = CARTESIAN_POINT('',(3.6995,1.82962838025,9.314183954926));
#6687 = ORIENTED_EDGE('',*,*,#6688,.F.);
#6688 = EDGE_CURVE('',#6689,#6682,#6691,.T.);
#6689 = VERTEX_POINT('',#6690);
#6690 = CARTESIAN_POINT('',(3.7005,1.82962838025,9.314183954926));
#6691 = B_SPLINE_CURVE_WITH_KNOTS('',1,(#6692,#6693),.UNSPECIFIED.,.F.,
  .F.,(2,2),(-0.,1.E-03),.PIECEWISE_BEZIER_KNOTS.);
#6692 = CARTESIAN_POINT('',(3.7005,1.82962838025,9.314183954926));
#6693 = CARTESIAN_POINT('',(3.6995,1.82962838025,9.314183954926));
#6694 = ORIENTED_EDGE('',*,*,#6695,.F.);
#6695 = EDGE_CURVE('',#6661,#6689,#6696,.T.);
#6696 = B_SPLINE_CURVE_WITH_KNOTS('',1,(#6697,#6698),.UNSPECIFIED.,.F.,
  .F.,(2,2),(-0.117752584022,0.),.PIECEWISE_BEZIER_KNOTS.);
#6697 = CARTESIAN_POINT('',(3.7005,1.711875796228,9.314183954926));
#6698 = CARTESIAN_POINT('',(3.7005,1.82962838025,9.314183954926));
#6699 = ORIENTED_EDGE('',*,*,#6660,.T.);
#6700 = B_SPLINE_SURFACE_WITH_KNOTS('',1,1,(
    (#6701,#6702)
    ,(#6703,#6704
    )),.UNSPECIFIED.,.F.,.F.,.F.,(2,2),(2,2),(-1.E-03,0.),(
    -0.117752584022,0.),.PIECEWISE_BEZIER_KNOTS.);
#6701 = CARTESIAN_POINT('',(3.6995,1.711875796228,9.314183954926));
#6702 = CARTESIAN_POINT('',(3.6995,1.82962838025,9.314183954926));
#6703 = CARTESIAN_POINT('',(3.7005,1.711875796228,9.314183954926));
#6704 = CARTESIAN_POINT('',(3.7005,1.82962838025,9.314183954926));
#6705 = ADVANCED_FACE('',(#6706),#6728,.F.);
#6706 = FACE_BOUND('',#6707,.T.);
#6707 = EDGE_LOOP('',(#6708,#6715,#6722,#6727));
#6708 = ORIENTED_EDGE('',*,*,#6709,.T.);
#6709 = EDGE_CURVE('',#6682,#6710,#6712,.T.);
#6710 = VERTEX_POINT('',#6711);
#6711 = CARTESIAN_POINT('',(3.6995,1.82962838025,9.349275784601));
#6712 = B_SPLINE_CURVE_WITH_KNOTS('',1,(#6713,#6714),.UNSPECIFIED.,.F.,
  .F.,(2,2),(-3.509182967521E-02,0.),.PIECEWISE_BEZIER_KNOTS.);
#6713 = CARTESIAN_POINT('',(3.6995,1.82962838025,9.314183954926));
#6714 = CARTESIAN_POINT('',(3.6995,1.82962838025,9.349275784601));
#6715 = ORIENTED_EDGE('',*,*,#6716,.F.);
#6716 = EDGE_CURVE('',#6717,#6710,#6719,.T.);
#6717 = VERTEX_POINT('',#6718);
#6718 = CARTESIAN_POINT('',(3.7005,1.82962838025,9.349275784601));
#6719 = B_SPLINE_CURVE_WITH_KNOTS('',1,(#6720,#6721),.UNSPECIFIED.,.F.,
  .F.,(2,2),(-0.,1.E-03),.PIECEWISE_BEZIER_KNOTS.);
#6720 = CARTESIAN_POINT('',(3.7005,1.82962838025,9.349275784601));
#6721 = CARTESIAN_POINT('',(3.6995,1.82962838025,9.349275784601));
#6722 = ORIENTED_EDGE('',*,*,#6723,.F.);
#6723 = EDGE_CURVE('',#6689,#6717,#6724,.T.);
#6724 = B_SPLINE_CURVE_WITH_KNOTS('',1,(#6725,#6726),.UNSPECIFIED.,.F.,
  .F.,(2,2),(-3.509182967521E-02,0.),.PIECEWISE_BEZIER_KNOTS.);
#6725 = CARTESIAN_POINT('',(3.7005,1.82962838025,9.314183954926));
#6726 = CARTESIAN_POINT('',(3.7005,1.82962838025,9.349275784601));
#6727 = ORIENTED_EDGE('',*,*,#6688,.T.);
#6728 = B_SPLINE_SURFACE_WITH_KNOTS('',1,1,(
    (#6729,#6730)
    ,(#6731,#6732
    )),.UNSPECIFIED.,.F.,.F.,.F.,(2,2),(2,2),(-0.,3.509182967521E-02),(
    -1.E-03,0.),.PIECEWISE_BEZIER_KNOTS.);
#6729 = CARTESIAN_POINT('',(3.6995,1.82962838025,9.349275784601));
#6730 = CARTESIAN_POINT('',(3.7005,1.82962838025,9.349275784601));
#6731 = CARTESIAN_POINT('',(3.6995,1.82962838025,9.314183954926));
#6732 = CARTESIAN_POINT('',(3.7005,1.82962838025,9.314183954926));
#6733 = ADVANCED_FACE('',(#6734),#6756,.F.);
#6734 = FACE_BOUND('',#6735,.T.);
#6735 = EDGE_LOOP('',(#6736,#6743,#6750,#6755));
#6736 = ORIENTED_EDGE('',*,*,#6737,.T.);
#6737 = EDGE_CURVE('',#6710,#6738,#6740,.T.);
#6738 = VERTEX_POINT('',#6739);
#6739 = CARTESIAN_POINT('',(3.6995,1.672494965146,9.349275784601));
#6740 = B_SPLINE_CURVE_WITH_KNOTS('',1,(#6741,#6742),.UNSPECIFIED.,.F.,
  .F.,(2,2),(-0.157133415103,-0.),.PIECEWISE_BEZIER_KNOTS.);
#6741 = CARTESIAN_POINT('',(3.6995,1.82962838025,9.349275784601));
#6742 = CARTESIAN_POINT('',(3.6995,1.672494965146,9.349275784601));
#6743 = ORIENTED_EDGE('',*,*,#6744,.F.);
#6744 = EDGE_CURVE('',#6745,#6738,#6747,.T.);
#6745 = VERTEX_POINT('',#6746);
#6746 = CARTESIAN_POINT('',(3.7005,1.672494965146,9.349275784601));
#6747 = B_SPLINE_CURVE_WITH_KNOTS('',1,(#6748,#6749),.UNSPECIFIED.,.F.,
  .F.,(2,2),(-0.,1.E-03),.PIECEWISE_BEZIER_KNOTS.);
#6748 = CARTESIAN_POINT('',(3.7005,1.672494965146,9.349275784601));
#6749 = CARTESIAN_POINT('',(3.6995,1.672494965146,9.349275784601));
#6750 = ORIENTED_EDGE('',*,*,#6751,.F.);
#6751 = EDGE_CURVE('',#6717,#6745,#6752,.T.);
#6752 = B_SPLINE_CURVE_WITH_KNOTS('',1,(#6753,#6754),.UNSPECIFIED.,.F.,
  .F.,(2,2),(-0.157133415103,-0.),.PIECEWISE_BEZIER_KNOTS.);
#6753 = CARTESIAN_POINT('',(3.7005,1.82962838025,9.349275784601));
#6754 = CARTESIAN_POINT('',(3.7005,1.672494965146,9.349275784601));
#6755 = ORIENTED_EDGE('',*,*,#6716,.T.);
#6756 = B_SPLINE_SURFACE_WITH_KNOTS('',1,1,(
    (#6757,#6758)
    ,(#6759,#6760
    )),.UNSPECIFIED.,.F.,.F.,.F.,(2,2),(2,2),(0.,1.E-03),(0.,
    0.157133415103),.PIECEWISE_BEZIER_KNOTS.);
#6757 = CARTESIAN_POINT('',(3.7005,1.672494965146,9.349275784601));
#6758 = CARTESIAN_POINT('',(3.7005,1.82962838025,9.349275784601));
#6759 = CARTESIAN_POINT('',(3.6995,1.672494965146,9.349275784601));
#6760 = CARTESIAN_POINT('',(3.6995,1.82962838025,9.349275784601));
#6761 = ADVANCED_FACE('',(#6762),#6784,.F.);
#6762 = FACE_BOUND('',#6763,.T.);
#6763 = EDGE_LOOP('',(#6764,#6771,#6778,#6783));
#6764 = ORIENTED_EDGE('',*,*,#6765,.T.);
#6765 = EDGE_CURVE('',#6738,#6766,#6768,.T.);
#6766 = VERTEX_POINT('',#6767);
#6767 = CARTESIAN_POINT('',(3.6995,1.672494965146,9.044210811954));
#6768 = B_SPLINE_CURVE_WITH_KNOTS('',1,(#6769,#6770),.UNSPECIFIED.,.F.,
  .F.,(2,2),(-0.305064972647,0.),.PIECEWISE_BEZIER_KNOTS.);
#6769 = CARTESIAN_POINT('',(3.6995,1.672494965146,9.349275784601));
#6770 = CARTESIAN_POINT('',(3.6995,1.672494965146,9.044210811954));
#6771 = ORIENTED_EDGE('',*,*,#6772,.F.);
#6772 = EDGE_CURVE('',#6773,#6766,#6775,.T.);
#6773 = VERTEX_POINT('',#6774);
#6774 = CARTESIAN_POINT('',(3.7005,1.672494965146,9.044210811954));
#6775 = B_SPLINE_CURVE_WITH_KNOTS('',1,(#6776,#6777),.UNSPECIFIED.,.F.,
  .F.,(2,2),(-0.,1.E-03),.PIECEWISE_BEZIER_KNOTS.);
#6776 = CARTESIAN_POINT('',(3.7005,1.672494965146,9.044210811954));
#6777 = CARTESIAN_POINT('',(3.6995,1.672494965146,9.044210811954));
#6778 = ORIENTED_EDGE('',*,*,#6779,.F.);
#6779 = EDGE_CURVE('',#6745,#6773,#6780,.T.);
#6780 = B_SPLINE_CURVE_WITH_KNOTS('',1,(#6781,#6782),.UNSPECIFIED.,.F.,
  .F.,(2,2),(-0.305064972647,0.),.PIECEWISE_BEZIER_KNOTS.);
#6781 = CARTESIAN_POINT('',(3.7005,1.672494965146,9.349275784601));
#6782 = CARTESIAN_POINT('',(3.7005,1.672494965146,9.044210811954));
#6783 = ORIENTED_EDGE('',*,*,#6744,.T.);
#6784 = B_SPLINE_SURFACE_WITH_KNOTS('',1,1,(
    (#6785,#6786)
    ,(#6787,#6788
    )),.UNSPECIFIED.,.F.,.F.,.F.,(2,2),(2,2),(0.,0.305064972647),(
    -1.E-03,0.),.PIECEWISE_BEZIER_KNOTS.);
#6785 = CARTESIAN_POINT('',(3.6995,1.672494965146,9.044210811954));
#6786 = CARTESIAN_POINT('',(3.7005,1.672494965146,9.044210811954));
#6787 = CARTESIAN_POINT('',(3.6995,1.672494965146,9.349275784601));
#6788 = CARTESIAN_POINT('',(3.7005,1.672494965146,9.349275784601));
#6789 = ADVANCED_FACE('',(#6790),#6804,.F.);
#6790 = FACE_BOUND('',#6791,.T.);
#6791 = EDGE_LOOP('',(#6792,#6797,#6798,#6803));
#6792 = ORIENTED_EDGE('',*,*,#6793,.T.);
#6793 = EDGE_CURVE('',#6766,#6478,#6794,.T.);
#6794 = B_SPLINE_CURVE_WITH_KNOTS('',1,(#6795,#6796),.UNSPECIFIED.,.F.,
  .F.,(2,2),(-0.164073799195,0.),.PIECEWISE_BEZIER_KNOTS.);
#6795 = CARTESIAN_POINT('',(3.6995,1.672494965146,9.044210811954));
#6796 = CARTESIAN_POINT('',(3.6995,1.836568764341,9.044210811954));
#6797 = ORIENTED_EDGE('',*,*,#6500,.F.);
#6798 = ORIENTED_EDGE('',*,*,#6799,.F.);
#6799 = EDGE_CURVE('',#6773,#6494,#6800,.T.);
#6800 = B_SPLINE_CURVE_WITH_KNOTS('',1,(#6801,#6802),.UNSPECIFIED.,.F.,
  .F.,(2,2),(-0.164073799195,0.),.PIECEWISE_BEZIER_KNOTS.);
#6801 = CARTESIAN_POINT('',(3.7005,1.672494965146,9.044210811954));
#6802 = CARTESIAN_POINT('',(3.7005,1.836568764341,9.044210811954));
#6803 = ORIENTED_EDGE('',*,*,#6772,.T.);
#6804 = B_SPLINE_SURFACE_WITH_KNOTS('',1,1,(
    (#6805,#6806)
    ,(#6807,#6808
    )),.UNSPECIFIED.,.F.,.F.,.F.,(2,2),(2,2),(-0.,0.164073799195),(
    -1.E-03,0.),.PIECEWISE_BEZIER_KNOTS.);
#6805 = CARTESIAN_POINT('',(3.6995,1.836568764341,9.044210811954));
#6806 = CARTESIAN_POINT('',(3.7005,1.836568764341,9.044210811954));
#6807 = CARTESIAN_POINT('',(3.6995,1.672494965146,9.044210811954));
#6808 = CARTESIAN_POINT('',(3.7005,1.672494965146,9.044210811954));
#6809 = ADVANCED_FACE('',(#6810),#6824,.F.);
#6810 = FACE_BOUND('',#6811,.T.);
#6811 = EDGE_LOOP('',(#6812,#6813,#6814,#6815,#6816,#6817,#6818,#6819,
    #6820,#6821,#6822,#6823));
#6812 = ORIENTED_EDGE('',*,*,#6493,.T.);
#6813 = ORIENTED_EDGE('',*,*,#6527,.T.);
#6814 = ORIENTED_EDGE('',*,*,#6555,.T.);
#6815 = ORIENTED_EDGE('',*,*,#6583,.T.);
#6816 = ORIENTED_EDGE('',*,*,#6611,.T.);
#6817 = ORIENTED_EDGE('',*,*,#6639,.T.);
#6818 = ORIENTED_EDGE('',*,*,#6667,.T.);
#6819 = ORIENTED_EDGE('',*,*,#6695,.T.);
#6820 = ORIENTED_EDGE('',*,*,#6723,.T.);
#6821 = ORIENTED_EDGE('',*,*,#6751,.T.);
#6822 = ORIENTED_EDGE('',*,*,#6779,.T.);
#6823 = ORIENTED_EDGE('',*,*,#6799,.T.);
#6824 = B_SPLINE_SURFACE_WITH_KNOTS('',1,1,(
    (#6825,#6826)
    ,(#6827,#6828
    )),.UNSPECIFIED.,.F.,.F.,.F.,(2,2),(2,2),(5.644210711954,
    5.949275684601),(1.672494965146,1.836568764341),
  .PIECEWISE_BEZIER_KNOTS.);
#6825 = CARTESIAN_POINT('',(3.7005,1.672494965146,9.044210811954));
#6826 = CARTESIAN_POINT('',(3.7005,1.836568764341,9.044210811954));
#6827 = CARTESIAN_POINT('',(3.7005,1.672494965146,9.349275784601));
#6828 = CARTESIAN_POINT('',(3.7005,1.836568764341,9.349275784601));
#6829 = ADVANCED_FACE('',(#6830),#6844,.T.);
#6830 = FACE_BOUND('',#6831,.T.);
#6831 = EDGE_LOOP('',(#6832,#6833,#6834,#6835,#6836,#6837,#6838,#6839,
    #6840,#6841,#6842,#6843));
#6832 = ORIENTED_EDGE('',*,*,#6477,.F.);
#6833 = ORIENTED_EDGE('',*,*,#6793,.F.);
#6834 = ORIENTED_EDGE('',*,*,#6765,.F.);
#6835 = ORIENTED_EDGE('',*,*,#6737,.F.);
#6836 = ORIENTED_EDGE('',*,*,#6709,.F.);
#6837 = ORIENTED_EDGE('',*,*,#6681,.F.);
#6838 = ORIENTED_EDGE('',*,*,#6653,.F.);
#6839 = ORIENTED_EDGE('',*,*,#6625,.F.);
#6840 = ORIENTED_EDGE('',*,*,#6597,.F.);
#6841 = ORIENTED_EDGE('',*,*,#6569,.F.);
#6842 = ORIENTED_EDGE('',*,*,#6541,.F.);
#6843 = ORIENTED_EDGE('',*,*,#6513,.F.);
#6844 = B_SPLINE_SURFACE_WITH_KNOTS('',1,1,(
    (#6845,#6846)
    ,(#6847,#6848
    )),.UNSPECIFIED.,.F.,.F.,.F.,(2,2),(2,2),(5.644210711954,
    5.949275684601),(1.672494965146,1.836568764341),
  .PIECEWISE_BEZIER_KNOTS.);
#6845 = CARTESIAN_POINT('',(3.6995,1.672494965146,9.044210811954));
#6846 = CARTESIAN_POINT('',(3.6995,1.836568764341,9.044210811954));
#6847 = CARTESIAN_POINT('',(3.6995,1.672494965146,9.349275784601));
#6848 = CARTESIAN_POINT('',(3.6995,1.836568764341,9.349275784601));
#6849 = MANIFOLD_SOLID_BREP('',#6850);
#6850 = CLOSED_SHELL('',(#6851,#6975,#7099,#7119,#7139,#7159,#7179,#7199
    ,#7215,#7227,#7247,#7263,#7279,#7299,#7319,#7339));
#6851 = ADVANCED_FACE('',(#6852,#6911),#6970,.T.);
#6852 = FACE_BOUND('',#6853,.T.);
#6853 = EDGE_LOOP('',(#6854,#6863,#6872,#6881,#6890,#6899,#6906));
#6854 = ORIENTED_EDGE('',*,*,#6855,.T.);
#6855 = EDGE_CURVE('',#6856,#6858,#6860,.T.);
#6856 = VERTEX_POINT('',#6857);
#6857 = CARTESIAN_POINT('',(3.7005,1.894197346854,9.044210811954));
#6858 = VERTEX_POINT('',#6859);
#6859 = CARTESIAN_POINT('',(3.7005,1.978105810701,9.044210811954));
#6860 = B_SPLINE_CURVE_WITH_KNOTS('',1,(#6861,#6862),.UNSPECIFIED.,.F.,
  .F.,(2,2),(-8.390846384681E-02,0.),.PIECEWISE_BEZIER_KNOTS.);
#6861 = CARTESIAN_POINT('',(3.7005,1.894197346854,9.044210811954));
#6862 = CARTESIAN_POINT('',(3.7005,1.978105810701,9.044210811954));
#6863 = ORIENTED_EDGE('',*,*,#6864,.T.);
#6864 = EDGE_CURVE('',#6858,#6865,#6867,.T.);
#6865 = VERTEX_POINT('',#6866);
#6866 = CARTESIAN_POINT('',(3.7005,2.096560231316,9.086944862313));
#6867 = B_SPLINE_CURVE_WITH_KNOTS('',3,(#6868,#6869,#6870,#6871),
  .UNSPECIFIED.,.F.,.F.,(4,4),(5.,6.),.PIECEWISE_BEZIER_KNOTS.);
#6868 = CARTESIAN_POINT('',(3.7005,1.978105810701,9.044210811954));
#6869 = CARTESIAN_POINT('',(3.7005,2.026376571965,9.044210811954));
#6870 = CARTESIAN_POINT('',(3.7005,2.065913366734,9.05840350751));
#6871 = CARTESIAN_POINT('',(3.7005,2.096560231316,9.086944862313));
#6872 = ORIENTED_EDGE('',*,*,#6873,.T.);
#6873 = EDGE_CURVE('',#6865,#6874,#6876,.T.);
#6874 = VERTEX_POINT('',#6875);
#6875 = CARTESIAN_POINT('',(3.7005,2.142569519114,9.200642390462));
#6876 = B_SPLINE_CURVE_WITH_KNOTS('',3,(#6877,#6878,#6879,#6880),
  .UNSPECIFIED.,.F.,.F.,(4,4),(4.,5.),.PIECEWISE_BEZIER_KNOTS.);
#6877 = CARTESIAN_POINT('',(3.7005,2.096560231316,9.086944862313));
#6878 = CARTESIAN_POINT('',(3.7005,2.127207095899,9.115486217117));
#6879 = CARTESIAN_POINT('',(3.7005,2.142569519114,9.153385393165));
#6880 = CARTESIAN_POINT('',(3.7005,2.142569519114,9.200642390462));
#6881 = ORIENTED_EDGE('',*,*,#6882,.T.);
#6882 = EDGE_CURVE('',#6874,#6883,#6885,.T.);
#6883 = VERTEX_POINT('',#6884);
#6884 = CARTESIAN_POINT('',(3.7005,2.096560231316,9.308881189552));
#6885 = B_SPLINE_CURVE_WITH_KNOTS('',3,(#6886,#6887,#6888,#6889),
  .UNSPECIFIED.,.F.,.F.,(4,4),(3.,4.),.PIECEWISE_BEZIER_KNOTS.);
#6886 = CARTESIAN_POINT('',(3.7005,2.142569519114,9.200642390462));
#6887 = CARTESIAN_POINT('',(3.7005,2.142569519114,9.245871859822));
#6888 = CARTESIAN_POINT('',(3.7005,2.127207095899,9.281899471623));
#6889 = CARTESIAN_POINT('',(3.7005,2.096560231316,9.308881189552));
#6890 = ORIENTED_EDGE('',*,*,#6891,.T.);
#6891 = EDGE_CURVE('',#6883,#6892,#6894,.T.);
#6892 = VERTEX_POINT('',#6893);
#6893 = CARTESIAN_POINT('',(3.7005,1.981225084448,9.349275784601));
#6894 = B_SPLINE_CURVE_WITH_KNOTS('',3,(#6895,#6896,#6897,#6898),
  .UNSPECIFIED.,.F.,.F.,(4,4),(2.,3.),.PIECEWISE_BEZIER_KNOTS.);
#6895 = CARTESIAN_POINT('',(3.7005,2.096560231316,9.308881189552));
#6896 = CARTESIAN_POINT('',(3.7005,2.065913366734,9.335862907479));
#6897 = CARTESIAN_POINT('',(3.7005,2.027468317776,9.349275784601));
#6898 = CARTESIAN_POINT('',(3.7005,1.981225084448,9.349275784601));
#6899 = ORIENTED_EDGE('',*,*,#6900,.T.);
#6900 = EDGE_CURVE('',#6892,#6901,#6903,.T.);
#6901 = VERTEX_POINT('',#6902);
#6902 = CARTESIAN_POINT('',(3.7005,1.894197346854,9.349275784601));
#6903 = B_SPLINE_CURVE_WITH_KNOTS('',1,(#6904,#6905),.UNSPECIFIED.,.F.,
  .F.,(2,2),(-8.702773759428E-02,-0.),.PIECEWISE_BEZIER_KNOTS.);
#6904 = CARTESIAN_POINT('',(3.7005,1.981225084448,9.349275784601));
#6905 = CARTESIAN_POINT('',(3.7005,1.894197346854,9.349275784601));
#6906 = ORIENTED_EDGE('',*,*,#6907,.T.);
#6907 = EDGE_CURVE('',#6901,#6856,#6908,.T.);
#6908 = B_SPLINE_CURVE_WITH_KNOTS('',1,(#6909,#6910),.UNSPECIFIED.,.F.,
  .F.,(2,2),(-0.305064972647,0.),.PIECEWISE_BEZIER_KNOTS.);
#6909 = CARTESIAN_POINT('',(3.7005,1.894197346854,9.349275784601));
#6910 = CARTESIAN_POINT('',(3.7005,1.894197346854,9.044210811954));
#6911 = FACE_BOUND('',#6912,.T.);
#6912 = EDGE_LOOP('',(#6913,#6922,#6929,#6938,#6947,#6956,#6965));
#6913 = ORIENTED_EDGE('',*,*,#6914,.F.);
#6914 = EDGE_CURVE('',#6915,#6917,#6919,.T.);
#6915 = VERTEX_POINT('',#6916);
#6916 = CARTESIAN_POINT('',(3.7005,1.933578177933,9.314183954926));
#6917 = VERTEX_POINT('',#6918);
#6918 = CARTESIAN_POINT('',(3.7005,1.933578177933,9.078990714254));
#6919 = B_SPLINE_CURVE_WITH_KNOTS('',1,(#6920,#6921),.UNSPECIFIED.,.F.,
  .F.,(2,2),(0.,0.235193240671),.PIECEWISE_BEZIER_KNOTS.);
#6920 = CARTESIAN_POINT('',(3.7005,1.933578177933,9.314183954926));
#6921 = CARTESIAN_POINT('',(3.7005,1.933578177933,9.078990714254));
#6922 = ORIENTED_EDGE('',*,*,#6923,.F.);
#6923 = EDGE_CURVE('',#6924,#6915,#6926,.T.);
#6924 = VERTEX_POINT('',#6925);
#6925 = CARTESIAN_POINT('',(3.7005,1.979665447574,9.314183954926));
#6926 = B_SPLINE_CURVE_WITH_KNOTS('',1,(#6927,#6928),.UNSPECIFIED.,.F.,
  .F.,(2,2),(-0.,4.608726964021E-02),.PIECEWISE_BEZIER_KNOTS.);
#6927 = CARTESIAN_POINT('',(3.7005,1.979665447574,9.314183954926));
#6928 = CARTESIAN_POINT('',(3.7005,1.933578177933,9.314183954926));
#6929 = ORIENTED_EDGE('',*,*,#6930,.F.);
#6930 = EDGE_CURVE('',#6931,#6924,#6933,.T.);
#6931 = VERTEX_POINT('',#6932);
#6932 = CARTESIAN_POINT('',(3.7005,2.067706949137,9.285486636435));
#6933 = B_SPLINE_CURVE_WITH_KNOTS('',3,(#6934,#6935,#6936,#6937),
  .UNSPECIFIED.,.F.,.F.,(4,4),(5.,6.),.PIECEWISE_BEZIER_KNOTS.);
#6934 = CARTESIAN_POINT('',(3.7005,2.067706949137,9.285486636435));
#6935 = CARTESIAN_POINT('',(3.7005,2.045404141833,9.30467016999));
#6936 = CARTESIAN_POINT('',(3.7005,2.016004986749,9.314183954926));
#6937 = CARTESIAN_POINT('',(3.7005,1.979665447574,9.314183954926));
#6938 = ORIENTED_EDGE('',*,*,#6939,.F.);
#6939 = EDGE_CURVE('',#6940,#6931,#6942,.T.);
#6940 = VERTEX_POINT('',#6941);
#6941 = CARTESIAN_POINT('',(3.7005,2.101161160094,9.199550644651));
#6942 = B_SPLINE_CURVE_WITH_KNOTS('',3,(#6943,#6944,#6945,#6946),
  .UNSPECIFIED.,.F.,.F.,(4,4),(4.,5.),.PIECEWISE_BEZIER_KNOTS.);
#6943 = CARTESIAN_POINT('',(3.7005,2.101161160094,9.199550644651));
#6944 = CARTESIAN_POINT('',(3.7005,2.101161160094,9.237605784389));
#6945 = CARTESIAN_POINT('',(3.7005,2.090009756442,9.266303102878));
#6946 = CARTESIAN_POINT('',(3.7005,2.067706949137,9.285486636435));
#6947 = ORIENTED_EDGE('',*,*,#6948,.F.);
#6948 = EDGE_CURVE('',#6949,#6940,#6951,.T.);
#6949 = VERTEX_POINT('',#6950);
#6950 = CARTESIAN_POINT('',(3.7005,2.068564749419,9.110807306493));
#6951 = B_SPLINE_CURVE_WITH_KNOTS('',3,(#6952,#6953,#6954,#6955),
  .UNSPECIFIED.,.F.,.F.,(4,4),(3.,4.),.PIECEWISE_BEZIER_KNOTS.);
#6952 = CARTESIAN_POINT('',(3.7005,2.068564749419,9.110807306493));
#6953 = CARTESIAN_POINT('',(3.7005,2.090321683818,9.131862404299));
#6954 = CARTESIAN_POINT('',(3.7005,2.101161160094,9.161495504914));
#6955 = CARTESIAN_POINT('',(3.7005,2.101161160094,9.199550644651));
#6956 = ORIENTED_EDGE('',*,*,#6957,.F.);
#6957 = EDGE_CURVE('',#6958,#6949,#6960,.T.);
#6958 = VERTEX_POINT('',#6959);
#6959 = CARTESIAN_POINT('',(3.7005,1.977871865168,9.078990714254));
#6960 = B_SPLINE_CURVE_WITH_KNOTS('',3,(#6961,#6962,#6963,#6964),
  .UNSPECIFIED.,.F.,.F.,(4,4),(2.,3.),.PIECEWISE_BEZIER_KNOTS.);
#6961 = CARTESIAN_POINT('',(3.7005,1.977871865168,9.078990714254));
#6962 = CARTESIAN_POINT('',(3.7005,2.016628841498,9.078990714254));
#6963 = CARTESIAN_POINT('',(3.7005,2.046885796864,9.089596244999));
#6964 = CARTESIAN_POINT('',(3.7005,2.068564749419,9.110807306493));
#6965 = ORIENTED_EDGE('',*,*,#6966,.F.);
#6966 = EDGE_CURVE('',#6917,#6958,#6967,.T.);
#6967 = B_SPLINE_CURVE_WITH_KNOTS('',1,(#6968,#6969),.UNSPECIFIED.,.F.,
  .F.,(2,2),(0.,4.429368723454E-02),.PIECEWISE_BEZIER_KNOTS.);
#6968 = CARTESIAN_POINT('',(3.7005,1.933578177933,9.078990714254));
#6969 = CARTESIAN_POINT('',(3.7005,1.977871865168,9.078990714254));
#6970 = B_SPLINE_SURFACE_WITH_KNOTS('',1,1,(
    (#6971,#6972)
    ,(#6973,#6974
    )),.UNSPECIFIED.,.F.,.F.,.F.,(2,2),(2,2),(-1.007915330177E-02,
    0.294985819345),(-0.150543949307,9.782822295254E-02),
  .PIECEWISE_BEZIER_KNOTS.);
#6971 = CARTESIAN_POINT('',(3.7005,1.894197346854,9.349275784601));
#6972 = CARTESIAN_POINT('',(3.7005,2.142569519114,9.349275784601));
#6973 = CARTESIAN_POINT('',(3.7005,1.894197346854,9.044210811954));
#6974 = CARTESIAN_POINT('',(3.7005,2.142569519114,9.044210811954));
#6975 = ADVANCED_FACE('',(#6976,#7035),#7094,.F.);
#6976 = FACE_BOUND('',#6977,.T.);
#6977 = EDGE_LOOP('',(#6978,#6987,#6994,#7001,#7010,#7019,#7028));
#6978 = ORIENTED_EDGE('',*,*,#6979,.F.);
#6979 = EDGE_CURVE('',#6980,#6982,#6984,.T.);
#6980 = VERTEX_POINT('',#6981);
#6981 = CARTESIAN_POINT('',(3.6995,1.894197346854,9.044210811954));
#6982 = VERTEX_POINT('',#6983);
#6983 = CARTESIAN_POINT('',(3.6995,1.978105810701,9.044210811954));
#6984 = B_SPLINE_CURVE_WITH_KNOTS('',1,(#6985,#6986),.UNSPECIFIED.,.F.,
  .F.,(2,2),(-8.390846384681E-02,0.),.PIECEWISE_BEZIER_KNOTS.);
#6985 = CARTESIAN_POINT('',(3.6995,1.894197346854,9.044210811954));
#6986 = CARTESIAN_POINT('',(3.6995,1.978105810701,9.044210811954));
#6987 = ORIENTED_EDGE('',*,*,#6988,.F.);
#6988 = EDGE_CURVE('',#6989,#6980,#6991,.T.);
#6989 = VERTEX_POINT('',#6990);
#6990 = CARTESIAN_POINT('',(3.6995,1.894197346854,9.349275784601));
#6991 = B_SPLINE_CURVE_WITH_KNOTS('',1,(#6992,#6993),.UNSPECIFIED.,.F.,
  .F.,(2,2),(-0.305064972647,0.),.PIECEWISE_BEZIER_KNOTS.);
#6992 = CARTESIAN_POINT('',(3.6995,1.894197346854,9.349275784601));
#6993 = CARTESIAN_POINT('',(3.6995,1.894197346854,9.044210811954));
#6994 = ORIENTED_EDGE('',*,*,#6995,.F.);
#6995 = EDGE_CURVE('',#6996,#6989,#6998,.T.);
#6996 = VERTEX_POINT('',#6997);
#6997 = CARTESIAN_POINT('',(3.6995,1.981225084448,9.349275784601));
#6998 = B_SPLINE_CURVE_WITH_KNOTS('',1,(#6999,#7000),.UNSPECIFIED.,.F.,
  .F.,(2,2),(-8.702773759428E-02,-0.),.PIECEWISE_BEZIER_KNOTS.);
#6999 = CARTESIAN_POINT('',(3.6995,1.981225084448,9.349275784601));
#7000 = CARTESIAN_POINT('',(3.6995,1.894197346854,9.349275784601));
#7001 = ORIENTED_EDGE('',*,*,#7002,.F.);
#7002 = EDGE_CURVE('',#7003,#6996,#7005,.T.);
#7003 = VERTEX_POINT('',#7004);
#7004 = CARTESIAN_POINT('',(3.6995,2.096560231316,9.308881189552));
#7005 = B_SPLINE_CURVE_WITH_KNOTS('',3,(#7006,#7007,#7008,#7009),
  .UNSPECIFIED.,.F.,.F.,(4,4),(2.,3.),.PIECEWISE_BEZIER_KNOTS.);
#7006 = CARTESIAN_POINT('',(3.6995,2.096560231316,9.308881189552));
#7007 = CARTESIAN_POINT('',(3.6995,2.065913366734,9.335862907479));
#7008 = CARTESIAN_POINT('',(3.6995,2.027468317776,9.349275784601));
#7009 = CARTESIAN_POINT('',(3.6995,1.981225084448,9.349275784601));
#7010 = ORIENTED_EDGE('',*,*,#7011,.F.);
#7011 = EDGE_CURVE('',#7012,#7003,#7014,.T.);
#7012 = VERTEX_POINT('',#7013);
#7013 = CARTESIAN_POINT('',(3.6995,2.142569519114,9.200642390462));
#7014 = B_SPLINE_CURVE_WITH_KNOTS('',3,(#7015,#7016,#7017,#7018),
  .UNSPECIFIED.,.F.,.F.,(4,4),(3.,4.),.PIECEWISE_BEZIER_KNOTS.);
#7015 = CARTESIAN_POINT('',(3.6995,2.142569519114,9.200642390462));
#7016 = CARTESIAN_POINT('',(3.6995,2.142569519114,9.245871859822));
#7017 = CARTESIAN_POINT('',(3.6995,2.127207095899,9.281899471623));
#7018 = CARTESIAN_POINT('',(3.6995,2.096560231316,9.308881189552));
#7019 = ORIENTED_EDGE('',*,*,#7020,.F.);
#7020 = EDGE_CURVE('',#7021,#7012,#7023,.T.);
#7021 = VERTEX_POINT('',#7022);
#7022 = CARTESIAN_POINT('',(3.6995,2.096560231316,9.086944862313));
#7023 = B_SPLINE_CURVE_WITH_KNOTS('',3,(#7024,#7025,#7026,#7027),
  .UNSPECIFIED.,.F.,.F.,(4,4),(4.,5.),.PIECEWISE_BEZIER_KNOTS.);
#7024 = CARTESIAN_POINT('',(3.6995,2.096560231316,9.086944862313));
#7025 = CARTESIAN_POINT('',(3.6995,2.127207095899,9.115486217117));
#7026 = CARTESIAN_POINT('',(3.6995,2.142569519114,9.153385393165));
#7027 = CARTESIAN_POINT('',(3.6995,2.142569519114,9.200642390462));
#7028 = ORIENTED_EDGE('',*,*,#7029,.F.);
#7029 = EDGE_CURVE('',#6982,#7021,#7030,.T.);
#7030 = B_SPLINE_CURVE_WITH_KNOTS('',3,(#7031,#7032,#7033,#7034),
  .UNSPECIFIED.,.F.,.F.,(4,4),(5.,6.),.PIECEWISE_BEZIER_KNOTS.);
#7031 = CARTESIAN_POINT('',(3.6995,1.978105810701,9.044210811954));
#7032 = CARTESIAN_POINT('',(3.6995,2.026376571965,9.044210811954));
#7033 = CARTESIAN_POINT('',(3.6995,2.065913366734,9.05840350751));
#7034 = CARTESIAN_POINT('',(3.6995,2.096560231316,9.086944862313));
#7035 = FACE_BOUND('',#7036,.T.);
#7036 = EDGE_LOOP('',(#7037,#7046,#7053,#7060,#7069,#7078,#7087));
#7037 = ORIENTED_EDGE('',*,*,#7038,.T.);
#7038 = EDGE_CURVE('',#7039,#7041,#7043,.T.);
#7039 = VERTEX_POINT('',#7040);
#7040 = CARTESIAN_POINT('',(3.6995,1.979665447574,9.314183954926));
#7041 = VERTEX_POINT('',#7042);
#7042 = CARTESIAN_POINT('',(3.6995,1.933578177933,9.314183954926));
#7043 = B_SPLINE_CURVE_WITH_KNOTS('',1,(#7044,#7045),.UNSPECIFIED.,.F.,
  .F.,(2,2),(-0.,4.608726964021E-02),.PIECEWISE_BEZIER_KNOTS.);
#7044 = CARTESIAN_POINT('',(3.6995,1.979665447574,9.314183954926));
#7045 = CARTESIAN_POINT('',(3.6995,1.933578177933,9.314183954926));
#7046 = ORIENTED_EDGE('',*,*,#7047,.T.);
#7047 = EDGE_CURVE('',#7041,#7048,#7050,.T.);
#7048 = VERTEX_POINT('',#7049);
#7049 = CARTESIAN_POINT('',(3.6995,1.933578177933,9.078990714254));
#7050 = B_SPLINE_CURVE_WITH_KNOTS('',1,(#7051,#7052),.UNSPECIFIED.,.F.,
  .F.,(2,2),(0.,0.235193240671),.PIECEWISE_BEZIER_KNOTS.);
#7051 = CARTESIAN_POINT('',(3.6995,1.933578177933,9.314183954926));
#7052 = CARTESIAN_POINT('',(3.6995,1.933578177933,9.078990714254));
#7053 = ORIENTED_EDGE('',*,*,#7054,.T.);
#7054 = EDGE_CURVE('',#7048,#7055,#7057,.T.);
#7055 = VERTEX_POINT('',#7056);
#7056 = CARTESIAN_POINT('',(3.6995,1.977871865168,9.078990714254));
#7057 = B_SPLINE_CURVE_WITH_KNOTS('',1,(#7058,#7059),.UNSPECIFIED.,.F.,
  .F.,(2,2),(0.,4.429368723454E-02),.PIECEWISE_BEZIER_KNOTS.);
#7058 = CARTESIAN_POINT('',(3.6995,1.933578177933,9.078990714254));
#7059 = CARTESIAN_POINT('',(3.6995,1.977871865168,9.078990714254));
#7060 = ORIENTED_EDGE('',*,*,#7061,.T.);
#7061 = EDGE_CURVE('',#7055,#7062,#7064,.T.);
#7062 = VERTEX_POINT('',#7063);
#7063 = CARTESIAN_POINT('',(3.6995,2.068564749419,9.110807306493));
#7064 = B_SPLINE_CURVE_WITH_KNOTS('',3,(#7065,#7066,#7067,#7068),
  .UNSPECIFIED.,.F.,.F.,(4,4),(2.,3.),.PIECEWISE_BEZIER_KNOTS.);
#7065 = CARTESIAN_POINT('',(3.6995,1.977871865168,9.078990714254));
#7066 = CARTESIAN_POINT('',(3.6995,2.016628841498,9.078990714254));
#7067 = CARTESIAN_POINT('',(3.6995,2.046885796864,9.089596244999));
#7068 = CARTESIAN_POINT('',(3.6995,2.068564749419,9.110807306493));
#7069 = ORIENTED_EDGE('',*,*,#7070,.T.);
#7070 = EDGE_CURVE('',#7062,#7071,#7073,.T.);
#7071 = VERTEX_POINT('',#7072);
#7072 = CARTESIAN_POINT('',(3.6995,2.101161160094,9.199550644651));
#7073 = B_SPLINE_CURVE_WITH_KNOTS('',3,(#7074,#7075,#7076,#7077),
  .UNSPECIFIED.,.F.,.F.,(4,4),(3.,4.),.PIECEWISE_BEZIER_KNOTS.);
#7074 = CARTESIAN_POINT('',(3.6995,2.068564749419,9.110807306493));
#7075 = CARTESIAN_POINT('',(3.6995,2.090321683818,9.131862404299));
#7076 = CARTESIAN_POINT('',(3.6995,2.101161160094,9.161495504914));
#7077 = CARTESIAN_POINT('',(3.6995,2.101161160094,9.199550644651));
#7078 = ORIENTED_EDGE('',*,*,#7079,.T.);
#7079 = EDGE_CURVE('',#7071,#7080,#7082,.T.);
#7080 = VERTEX_POINT('',#7081);
#7081 = CARTESIAN_POINT('',(3.6995,2.067706949137,9.285486636435));
#7082 = B_SPLINE_CURVE_WITH_KNOTS('',3,(#7083,#7084,#7085,#7086),
  .UNSPECIFIED.,.F.,.F.,(4,4),(4.,5.),.PIECEWISE_BEZIER_KNOTS.);
#7083 = CARTESIAN_POINT('',(3.6995,2.101161160094,9.199550644651));
#7084 = CARTESIAN_POINT('',(3.6995,2.101161160094,9.237605784389));
#7085 = CARTESIAN_POINT('',(3.6995,2.090009756442,9.266303102878));
#7086 = CARTESIAN_POINT('',(3.6995,2.067706949137,9.285486636435));
#7087 = ORIENTED_EDGE('',*,*,#7088,.T.);
#7088 = EDGE_CURVE('',#7080,#7039,#7089,.T.);
#7089 = B_SPLINE_CURVE_WITH_KNOTS('',3,(#7090,#7091,#7092,#7093),
  .UNSPECIFIED.,.F.,.F.,(4,4),(5.,6.),.PIECEWISE_BEZIER_KNOTS.);
#7090 = CARTESIAN_POINT('',(3.6995,2.067706949137,9.285486636435));
#7091 = CARTESIAN_POINT('',(3.6995,2.045404141833,9.30467016999));
#7092 = CARTESIAN_POINT('',(3.6995,2.016004986749,9.314183954926));
#7093 = CARTESIAN_POINT('',(3.6995,1.979665447574,9.314183954926));
#7094 = B_SPLINE_SURFACE_WITH_KNOTS('',1,1,(
    (#7095,#7096)
    ,(#7097,#7098
    )),.UNSPECIFIED.,.F.,.F.,.F.,(2,2),(2,2),(-1.007915330177E-02,
    0.294985819345),(-0.150543949307,9.782822295254E-02),
  .PIECEWISE_BEZIER_KNOTS.);
#7095 = CARTESIAN_POINT('',(3.6995,1.894197346854,9.349275784601));
#7096 = CARTESIAN_POINT('',(3.6995,2.142569519114,9.349275784601));
#7097 = CARTESIAN_POINT('',(3.6995,1.894197346854,9.044210811954));
#7098 = CARTESIAN_POINT('',(3.6995,2.142569519114,9.044210811954));
#7099 = ADVANCED_FACE('',(#7100),#7114,.F.);
#7100 = FACE_BOUND('',#7101,.T.);
#7101 = EDGE_LOOP('',(#7102,#7103,#7108,#7109));
#7102 = ORIENTED_EDGE('',*,*,#6979,.T.);
#7103 = ORIENTED_EDGE('',*,*,#7104,.F.);
#7104 = EDGE_CURVE('',#6858,#6982,#7105,.T.);
#7105 = B_SPLINE_CURVE_WITH_KNOTS('',1,(#7106,#7107),.UNSPECIFIED.,.F.,
  .F.,(2,2),(-0.,1.E-03),.PIECEWISE_BEZIER_KNOTS.);
#7106 = CARTESIAN_POINT('',(3.7005,1.978105810701,9.044210811954));
#7107 = CARTESIAN_POINT('',(3.6995,1.978105810701,9.044210811954));
#7108 = ORIENTED_EDGE('',*,*,#6855,.F.);
#7109 = ORIENTED_EDGE('',*,*,#7110,.T.);
#7110 = EDGE_CURVE('',#6856,#6980,#7111,.T.);
#7111 = B_SPLINE_CURVE_WITH_KNOTS('',1,(#7112,#7113),.UNSPECIFIED.,.F.,
  .F.,(2,2),(-0.,1.E-03),.PIECEWISE_BEZIER_KNOTS.);
#7112 = CARTESIAN_POINT('',(3.7005,1.894197346854,9.044210811954));
#7113 = CARTESIAN_POINT('',(3.6995,1.894197346854,9.044210811954));
#7114 = B_SPLINE_SURFACE_WITH_KNOTS('',1,1,(
    (#7115,#7116)
    ,(#7117,#7118
    )),.UNSPECIFIED.,.F.,.F.,.F.,(2,2),(2,2),(-1.000000000001E-03,0.),(
    -8.390846384681E-02,0.),.PIECEWISE_BEZIER_KNOTS.);
#7115 = CARTESIAN_POINT('',(3.6995,1.894197346854,9.044210811954));
#7116 = CARTESIAN_POINT('',(3.6995,1.978105810701,9.044210811954));
#7117 = CARTESIAN_POINT('',(3.7005,1.894197346854,9.044210811954));
#7118 = CARTESIAN_POINT('',(3.7005,1.978105810701,9.044210811954));
#7119 = ADVANCED_FACE('',(#7120),#7130,.F.);
#7120 = FACE_BOUND('',#7121,.F.);
#7121 = EDGE_LOOP('',(#7122,#7123,#7124,#7129));
#7122 = ORIENTED_EDGE('',*,*,#7104,.F.);
#7123 = ORIENTED_EDGE('',*,*,#6864,.T.);
#7124 = ORIENTED_EDGE('',*,*,#7125,.T.);
#7125 = EDGE_CURVE('',#6865,#7021,#7126,.T.);
#7126 = B_SPLINE_CURVE_WITH_KNOTS('',1,(#7127,#7128),.UNSPECIFIED.,.F.,
  .F.,(2,2),(-0.,1.E-03),.PIECEWISE_BEZIER_KNOTS.);
#7127 = CARTESIAN_POINT('',(3.7005,2.096560231316,9.086944862313));
#7128 = CARTESIAN_POINT('',(3.6995,2.096560231316,9.086944862313));
#7129 = ORIENTED_EDGE('',*,*,#7029,.F.);
#7130 = B_SPLINE_SURFACE_WITH_KNOTS('',3,1,(
    (#7131,#7132)
    ,(#7133,#7134)
    ,(#7135,#7136)
    ,(#7137,#7138
    )),.UNSPECIFIED.,.F.,.F.,.F.,(4,4),(2,2),(5.,6.),(0.,1.),
  .PIECEWISE_BEZIER_KNOTS.);
#7131 = CARTESIAN_POINT('',(3.7005,1.978105810701,9.044210811954));
#7132 = CARTESIAN_POINT('',(3.6995,1.978105810701,9.044210811954));
#7133 = CARTESIAN_POINT('',(3.7005,2.026376571965,9.044210811954));
#7134 = CARTESIAN_POINT('',(3.6995,2.026376571965,9.044210811954));
#7135 = CARTESIAN_POINT('',(3.7005,2.065913366734,9.05840350751));
#7136 = CARTESIAN_POINT('',(3.6995,2.065913366734,9.05840350751));
#7137 = CARTESIAN_POINT('',(3.7005,2.096560231316,9.086944862313));
#7138 = CARTESIAN_POINT('',(3.6995,2.096560231316,9.086944862313));
#7139 = ADVANCED_FACE('',(#7140),#7150,.F.);
#7140 = FACE_BOUND('',#7141,.F.);
#7141 = EDGE_LOOP('',(#7142,#7143,#7144,#7149));
#7142 = ORIENTED_EDGE('',*,*,#7125,.F.);
#7143 = ORIENTED_EDGE('',*,*,#6873,.T.);
#7144 = ORIENTED_EDGE('',*,*,#7145,.T.);
#7145 = EDGE_CURVE('',#6874,#7012,#7146,.T.);
#7146 = B_SPLINE_CURVE_WITH_KNOTS('',1,(#7147,#7148),.UNSPECIFIED.,.F.,
  .F.,(2,2),(-0.,1.E-03),.PIECEWISE_BEZIER_KNOTS.);
#7147 = CARTESIAN_POINT('',(3.7005,2.142569519114,9.200642390462));
#7148 = CARTESIAN_POINT('',(3.6995,2.142569519114,9.200642390462));
#7149 = ORIENTED_EDGE('',*,*,#7020,.F.);
#7150 = B_SPLINE_SURFACE_WITH_KNOTS('',3,1,(
    (#7151,#7152)
    ,(#7153,#7154)
    ,(#7155,#7156)
    ,(#7157,#7158
    )),.UNSPECIFIED.,.F.,.F.,.F.,(4,4),(2,2),(4.,5.),(0.,1.),
  .PIECEWISE_BEZIER_KNOTS.);
#7151 = CARTESIAN_POINT('',(3.7005,2.096560231316,9.086944862313));
#7152 = CARTESIAN_POINT('',(3.6995,2.096560231316,9.086944862313));
#7153 = CARTESIAN_POINT('',(3.7005,2.127207095899,9.115486217117));
#7154 = CARTESIAN_POINT('',(3.6995,2.127207095899,9.115486217117));
#7155 = CARTESIAN_POINT('',(3.7005,2.142569519114,9.153385393165));
#7156 = CARTESIAN_POINT('',(3.6995,2.142569519114,9.153385393165));
#7157 = CARTESIAN_POINT('',(3.7005,2.142569519114,9.200642390462));
#7158 = CARTESIAN_POINT('',(3.6995,2.142569519114,9.200642390462));
#7159 = ADVANCED_FACE('',(#7160),#7170,.F.);
#7160 = FACE_BOUND('',#7161,.F.);
#7161 = EDGE_LOOP('',(#7162,#7163,#7164,#7169));
#7162 = ORIENTED_EDGE('',*,*,#7145,.F.);
#7163 = ORIENTED_EDGE('',*,*,#6882,.T.);
#7164 = ORIENTED_EDGE('',*,*,#7165,.T.);
#7165 = EDGE_CURVE('',#6883,#7003,#7166,.T.);
#7166 = B_SPLINE_CURVE_WITH_KNOTS('',1,(#7167,#7168),.UNSPECIFIED.,.F.,
  .F.,(2,2),(-0.,1.E-03),.PIECEWISE_BEZIER_KNOTS.);
#7167 = CARTESIAN_POINT('',(3.7005,2.096560231316,9.308881189552));
#7168 = CARTESIAN_POINT('',(3.6995,2.096560231316,9.308881189552));
#7169 = ORIENTED_EDGE('',*,*,#7011,.F.);
#7170 = B_SPLINE_SURFACE_WITH_KNOTS('',3,1,(
    (#7171,#7172)
    ,(#7173,#7174)
    ,(#7175,#7176)
    ,(#7177,#7178
    )),.UNSPECIFIED.,.F.,.F.,.F.,(4,4),(2,2),(3.,4.),(0.,1.),
  .PIECEWISE_BEZIER_KNOTS.);
#7171 = CARTESIAN_POINT('',(3.7005,2.142569519114,9.200642390462));
#7172 = CARTESIAN_POINT('',(3.6995,2.142569519114,9.200642390462));
#7173 = CARTESIAN_POINT('',(3.7005,2.142569519114,9.245871859822));
#7174 = CARTESIAN_POINT('',(3.6995,2.142569519114,9.245871859822));
#7175 = CARTESIAN_POINT('',(3.7005,2.127207095899,9.281899471623));
#7176 = CARTESIAN_POINT('',(3.6995,2.127207095899,9.281899471623));
#7177 = CARTESIAN_POINT('',(3.7005,2.096560231316,9.308881189552));
#7178 = CARTESIAN_POINT('',(3.6995,2.096560231316,9.308881189552));
#7179 = ADVANCED_FACE('',(#7180),#7190,.F.);
#7180 = FACE_BOUND('',#7181,.F.);
#7181 = EDGE_LOOP('',(#7182,#7183,#7184,#7189));
#7182 = ORIENTED_EDGE('',*,*,#7165,.F.);
#7183 = ORIENTED_EDGE('',*,*,#6891,.T.);
#7184 = ORIENTED_EDGE('',*,*,#7185,.T.);
#7185 = EDGE_CURVE('',#6892,#6996,#7186,.T.);
#7186 = B_SPLINE_CURVE_WITH_KNOTS('',1,(#7187,#7188),.UNSPECIFIED.,.F.,
  .F.,(2,2),(-0.,1.E-03),.PIECEWISE_BEZIER_KNOTS.);
#7187 = CARTESIAN_POINT('',(3.7005,1.981225084448,9.349275784601));
#7188 = CARTESIAN_POINT('',(3.6995,1.981225084448,9.349275784601));
#7189 = ORIENTED_EDGE('',*,*,#7002,.F.);
#7190 = B_SPLINE_SURFACE_WITH_KNOTS('',3,1,(
    (#7191,#7192)
    ,(#7193,#7194)
    ,(#7195,#7196)
    ,(#7197,#7198
    )),.UNSPECIFIED.,.F.,.F.,.F.,(4,4),(2,2),(2.,3.),(0.,1.),
  .PIECEWISE_BEZIER_KNOTS.);
#7191 = CARTESIAN_POINT('',(3.7005,2.096560231316,9.308881189552));
#7192 = CARTESIAN_POINT('',(3.6995,2.096560231316,9.308881189552));
#7193 = CARTESIAN_POINT('',(3.7005,2.065913366734,9.335862907479));
#7194 = CARTESIAN_POINT('',(3.6995,2.065913366734,9.335862907479));
#7195 = CARTESIAN_POINT('',(3.7005,2.027468317776,9.349275784601));
#7196 = CARTESIAN_POINT('',(3.6995,2.027468317776,9.349275784601));
#7197 = CARTESIAN_POINT('',(3.7005,1.981225084448,9.349275784601));
#7198 = CARTESIAN_POINT('',(3.6995,1.981225084448,9.349275784601));
#7199 = ADVANCED_FACE('',(#7200),#7210,.F.);
#7200 = FACE_BOUND('',#7201,.T.);
#7201 = EDGE_LOOP('',(#7202,#7203,#7208,#7209));
#7202 = ORIENTED_EDGE('',*,*,#6995,.T.);
#7203 = ORIENTED_EDGE('',*,*,#7204,.F.);
#7204 = EDGE_CURVE('',#6901,#6989,#7205,.T.);
#7205 = B_SPLINE_CURVE_WITH_KNOTS('',1,(#7206,#7207),.UNSPECIFIED.,.F.,
  .F.,(2,2),(-0.,1.E-03),.PIECEWISE_BEZIER_KNOTS.);
#7206 = CARTESIAN_POINT('',(3.7005,1.894197346854,9.349275784601));
#7207 = CARTESIAN_POINT('',(3.6995,1.894197346854,9.349275784601));
#7208 = ORIENTED_EDGE('',*,*,#6900,.F.);
#7209 = ORIENTED_EDGE('',*,*,#7185,.T.);
#7210 = B_SPLINE_SURFACE_WITH_KNOTS('',1,1,(
    (#7211,#7212)
    ,(#7213,#7214
    )),.UNSPECIFIED.,.F.,.F.,.F.,(2,2),(2,2),(0.,1.E-03),(0.,
    8.702773759428E-02),.PIECEWISE_BEZIER_KNOTS.);
#7211 = CARTESIAN_POINT('',(3.7005,1.894197346854,9.349275784601));
#7212 = CARTESIAN_POINT('',(3.7005,1.981225084448,9.349275784601));
#7213 = CARTESIAN_POINT('',(3.6995,1.894197346854,9.349275784601));
#7214 = CARTESIAN_POINT('',(3.6995,1.981225084448,9.349275784601));
#7215 = ADVANCED_FACE('',(#7216),#7222,.F.);
#7216 = FACE_BOUND('',#7217,.T.);
#7217 = EDGE_LOOP('',(#7218,#7219,#7220,#7221));
#7218 = ORIENTED_EDGE('',*,*,#6988,.T.);
#7219 = ORIENTED_EDGE('',*,*,#7110,.F.);
#7220 = ORIENTED_EDGE('',*,*,#6907,.F.);
#7221 = ORIENTED_EDGE('',*,*,#7204,.T.);
#7222 = B_SPLINE_SURFACE_WITH_KNOTS('',1,1,(
    (#7223,#7224)
    ,(#7225,#7226
    )),.UNSPECIFIED.,.F.,.F.,.F.,(2,2),(2,2),(0.,0.305064972647),(
    -1.E-03,0.),.PIECEWISE_BEZIER_KNOTS.);
#7223 = CARTESIAN_POINT('',(3.6995,1.894197346854,9.044210811954));
#7224 = CARTESIAN_POINT('',(3.7005,1.894197346854,9.044210811954));
#7225 = CARTESIAN_POINT('',(3.6995,1.894197346854,9.349275784601));
#7226 = CARTESIAN_POINT('',(3.7005,1.894197346854,9.349275784601));
#7227 = ADVANCED_FACE('',(#7228),#7242,.T.);
#7228 = FACE_BOUND('',#7229,.T.);
#7229 = EDGE_LOOP('',(#7230,#7231,#7236,#7237));
#7230 = ORIENTED_EDGE('',*,*,#7038,.F.);
#7231 = ORIENTED_EDGE('',*,*,#7232,.F.);
#7232 = EDGE_CURVE('',#6924,#7039,#7233,.T.);
#7233 = B_SPLINE_CURVE_WITH_KNOTS('',1,(#7234,#7235),.UNSPECIFIED.,.F.,
  .F.,(2,2),(-0.,1.E-03),.PIECEWISE_BEZIER_KNOTS.);
#7234 = CARTESIAN_POINT('',(3.7005,1.979665447574,9.314183954926));
#7235 = CARTESIAN_POINT('',(3.6995,1.979665447574,9.314183954926));
#7236 = ORIENTED_EDGE('',*,*,#6923,.T.);
#7237 = ORIENTED_EDGE('',*,*,#7238,.T.);
#7238 = EDGE_CURVE('',#6915,#7041,#7239,.T.);
#7239 = B_SPLINE_CURVE_WITH_KNOTS('',1,(#7240,#7241),.UNSPECIFIED.,.F.,
  .F.,(2,2),(-0.,1.E-03),.PIECEWISE_BEZIER_KNOTS.);
#7240 = CARTESIAN_POINT('',(3.7005,1.933578177933,9.314183954926));
#7241 = CARTESIAN_POINT('',(3.6995,1.933578177933,9.314183954926));
#7242 = B_SPLINE_SURFACE_WITH_KNOTS('',1,1,(
    (#7243,#7244)
    ,(#7245,#7246
    )),.UNSPECIFIED.,.F.,.F.,.F.,(2,2),(2,2),(0.,1.000000000001E-03),(
    -4.608726964021E-02,0.),.PIECEWISE_BEZIER_KNOTS.);
#7243 = CARTESIAN_POINT('',(3.7005,1.933578177933,9.314183954926));
#7244 = CARTESIAN_POINT('',(3.7005,1.979665447574,9.314183954926));
#7245 = CARTESIAN_POINT('',(3.6995,1.933578177933,9.314183954926));
#7246 = CARTESIAN_POINT('',(3.6995,1.979665447574,9.314183954926));
#7247 = ADVANCED_FACE('',(#7248),#7258,.T.);
#7248 = FACE_BOUND('',#7249,.T.);
#7249 = EDGE_LOOP('',(#7250,#7251,#7252,#7253));
#7250 = ORIENTED_EDGE('',*,*,#7047,.F.);
#7251 = ORIENTED_EDGE('',*,*,#7238,.F.);
#7252 = ORIENTED_EDGE('',*,*,#6914,.T.);
#7253 = ORIENTED_EDGE('',*,*,#7254,.T.);
#7254 = EDGE_CURVE('',#6917,#7048,#7255,.T.);
#7255 = B_SPLINE_CURVE_WITH_KNOTS('',1,(#7256,#7257),.UNSPECIFIED.,.F.,
  .F.,(2,2),(-0.,1.E-03),.PIECEWISE_BEZIER_KNOTS.);
#7256 = CARTESIAN_POINT('',(3.7005,1.933578177933,9.078990714254));
#7257 = CARTESIAN_POINT('',(3.6995,1.933578177933,9.078990714254));
#7258 = B_SPLINE_SURFACE_WITH_KNOTS('',1,1,(
    (#7259,#7260)
    ,(#7261,#7262
    )),.UNSPECIFIED.,.F.,.F.,.F.,(2,2),(2,2),(-0.235193240671,0.),(
    -1.E-03,0.),.PIECEWISE_BEZIER_KNOTS.);
#7259 = CARTESIAN_POINT('',(3.6995,1.933578177933,9.078990714254));
#7260 = CARTESIAN_POINT('',(3.7005,1.933578177933,9.078990714254));
#7261 = CARTESIAN_POINT('',(3.6995,1.933578177933,9.314183954926));
#7262 = CARTESIAN_POINT('',(3.7005,1.933578177933,9.314183954926));
#7263 = ADVANCED_FACE('',(#7264),#7274,.T.);
#7264 = FACE_BOUND('',#7265,.T.);
#7265 = EDGE_LOOP('',(#7266,#7267,#7268,#7269));
#7266 = ORIENTED_EDGE('',*,*,#7054,.F.);
#7267 = ORIENTED_EDGE('',*,*,#7254,.F.);
#7268 = ORIENTED_EDGE('',*,*,#6966,.T.);
#7269 = ORIENTED_EDGE('',*,*,#7270,.T.);
#7270 = EDGE_CURVE('',#6958,#7055,#7271,.T.);
#7271 = B_SPLINE_CURVE_WITH_KNOTS('',1,(#7272,#7273),.UNSPECIFIED.,.F.,
  .F.,(2,2),(-0.,1.E-03),.PIECEWISE_BEZIER_KNOTS.);
#7272 = CARTESIAN_POINT('',(3.7005,1.977871865168,9.078990714254));
#7273 = CARTESIAN_POINT('',(3.6995,1.977871865168,9.078990714254));
#7274 = B_SPLINE_SURFACE_WITH_KNOTS('',1,1,(
    (#7275,#7276)
    ,(#7277,#7278
    )),.UNSPECIFIED.,.F.,.F.,.F.,(2,2),(2,2),(-1.E-03,0.),(0.,
    4.429368723454E-02),.PIECEWISE_BEZIER_KNOTS.);
#7275 = CARTESIAN_POINT('',(3.6995,1.933578177933,9.078990714254));
#7276 = CARTESIAN_POINT('',(3.6995,1.977871865168,9.078990714254));
#7277 = CARTESIAN_POINT('',(3.7005,1.933578177933,9.078990714254));
#7278 = CARTESIAN_POINT('',(3.7005,1.977871865168,9.078990714254));
#7279 = ADVANCED_FACE('',(#7280),#7290,.T.);
#7280 = FACE_BOUND('',#7281,.T.);
#7281 = EDGE_LOOP('',(#7282,#7283,#7284,#7285));
#7282 = ORIENTED_EDGE('',*,*,#7061,.F.);
#7283 = ORIENTED_EDGE('',*,*,#7270,.F.);
#7284 = ORIENTED_EDGE('',*,*,#6957,.T.);
#7285 = ORIENTED_EDGE('',*,*,#7286,.T.);
#7286 = EDGE_CURVE('',#6949,#7062,#7287,.T.);
#7287 = B_SPLINE_CURVE_WITH_KNOTS('',1,(#7288,#7289),.UNSPECIFIED.,.F.,
  .F.,(2,2),(-0.,1.E-03),.PIECEWISE_BEZIER_KNOTS.);
#7288 = CARTESIAN_POINT('',(3.7005,2.068564749419,9.110807306493));
#7289 = CARTESIAN_POINT('',(3.6995,2.068564749419,9.110807306493));
#7290 = B_SPLINE_SURFACE_WITH_KNOTS('',3,1,(
    (#7291,#7292)
    ,(#7293,#7294)
    ,(#7295,#7296)
    ,(#7297,#7298
    )),.UNSPECIFIED.,.F.,.F.,.F.,(4,4),(2,2),(2.,3.),(0.,1.),
  .PIECEWISE_BEZIER_KNOTS.);
#7291 = CARTESIAN_POINT('',(3.7005,1.977871865168,9.078990714254));
#7292 = CARTESIAN_POINT('',(3.6995,1.977871865168,9.078990714254));
#7293 = CARTESIAN_POINT('',(3.7005,2.016628841498,9.078990714254));
#7294 = CARTESIAN_POINT('',(3.6995,2.016628841498,9.078990714254));
#7295 = CARTESIAN_POINT('',(3.7005,2.046885796864,9.089596244999));
#7296 = CARTESIAN_POINT('',(3.6995,2.046885796864,9.089596244999));
#7297 = CARTESIAN_POINT('',(3.7005,2.068564749419,9.110807306493));
#7298 = CARTESIAN_POINT('',(3.6995,2.068564749419,9.110807306493));
#7299 = ADVANCED_FACE('',(#7300),#7310,.T.);
#7300 = FACE_BOUND('',#7301,.T.);
#7301 = EDGE_LOOP('',(#7302,#7303,#7304,#7305));
#7302 = ORIENTED_EDGE('',*,*,#7070,.F.);
#7303 = ORIENTED_EDGE('',*,*,#7286,.F.);
#7304 = ORIENTED_EDGE('',*,*,#6948,.T.);
#7305 = ORIENTED_EDGE('',*,*,#7306,.T.);
#7306 = EDGE_CURVE('',#6940,#7071,#7307,.T.);
#7307 = B_SPLINE_CURVE_WITH_KNOTS('',1,(#7308,#7309),.UNSPECIFIED.,.F.,
  .F.,(2,2),(-0.,1.E-03),.PIECEWISE_BEZIER_KNOTS.);
#7308 = CARTESIAN_POINT('',(3.7005,2.101161160094,9.199550644651));
#7309 = CARTESIAN_POINT('',(3.6995,2.101161160094,9.199550644651));
#7310 = B_SPLINE_SURFACE_WITH_KNOTS('',3,1,(
    (#7311,#7312)
    ,(#7313,#7314)
    ,(#7315,#7316)
    ,(#7317,#7318
    )),.UNSPECIFIED.,.F.,.F.,.F.,(4,4),(2,2),(3.,4.),(0.,1.),
  .PIECEWISE_BEZIER_KNOTS.);
#7311 = CARTESIAN_POINT('',(3.7005,2.068564749419,9.110807306493));
#7312 = CARTESIAN_POINT('',(3.6995,2.068564749419,9.110807306493));
#7313 = CARTESIAN_POINT('',(3.7005,2.090321683818,9.131862404299));
#7314 = CARTESIAN_POINT('',(3.6995,2.090321683818,9.131862404299));
#7315 = CARTESIAN_POINT('',(3.7005,2.101161160094,9.161495504914));
#7316 = CARTESIAN_POINT('',(3.6995,2.101161160094,9.161495504914));
#7317 = CARTESIAN_POINT('',(3.7005,2.101161160094,9.199550644651));
#7318 = CARTESIAN_POINT('',(3.6995,2.101161160094,9.199550644651));
#7319 = ADVANCED_FACE('',(#7320),#7330,.T.);
#7320 = FACE_BOUND('',#7321,.T.);
#7321 = EDGE_LOOP('',(#7322,#7323,#7324,#7325));
#7322 = ORIENTED_EDGE('',*,*,#7079,.F.);
#7323 = ORIENTED_EDGE('',*,*,#7306,.F.);
#7324 = ORIENTED_EDGE('',*,*,#6939,.T.);
#7325 = ORIENTED_EDGE('',*,*,#7326,.T.);
#7326 = EDGE_CURVE('',#6931,#7080,#7327,.T.);
#7327 = B_SPLINE_CURVE_WITH_KNOTS('',1,(#7328,#7329),.UNSPECIFIED.,.F.,
  .F.,(2,2),(-0.,1.E-03),.PIECEWISE_BEZIER_KNOTS.);
#7328 = CARTESIAN_POINT('',(3.7005,2.067706949137,9.285486636435));
#7329 = CARTESIAN_POINT('',(3.6995,2.067706949137,9.285486636435));
#7330 = B_SPLINE_SURFACE_WITH_KNOTS('',3,1,(
    (#7331,#7332)
    ,(#7333,#7334)
    ,(#7335,#7336)
    ,(#7337,#7338
    )),.UNSPECIFIED.,.F.,.F.,.F.,(4,4),(2,2),(4.,5.),(0.,1.),
  .PIECEWISE_BEZIER_KNOTS.);
#7331 = CARTESIAN_POINT('',(3.7005,2.101161160094,9.199550644651));
#7332 = CARTESIAN_POINT('',(3.6995,2.101161160094,9.199550644651));
#7333 = CARTESIAN_POINT('',(3.7005,2.101161160094,9.237605784389));
#7334 = CARTESIAN_POINT('',(3.6995,2.101161160094,9.237605784389));
#7335 = CARTESIAN_POINT('',(3.7005,2.090009756442,9.266303102878));
#7336 = CARTESIAN_POINT('',(3.6995,2.090009756442,9.266303102878));
#7337 = CARTESIAN_POINT('',(3.7005,2.067706949137,9.285486636435));
#7338 = CARTESIAN_POINT('',(3.6995,2.067706949137,9.285486636435));
#7339 = ADVANCED_FACE('',(#7340),#7346,.T.);
#7340 = FACE_BOUND('',#7341,.T.);
#7341 = EDGE_LOOP('',(#7342,#7343,#7344,#7345));
#7342 = ORIENTED_EDGE('',*,*,#7088,.F.);
#7343 = ORIENTED_EDGE('',*,*,#7326,.F.);
#7344 = ORIENTED_EDGE('',*,*,#6930,.T.);
#7345 = ORIENTED_EDGE('',*,*,#7232,.T.);
#7346 = B_SPLINE_SURFACE_WITH_KNOTS('',3,1,(
    (#7347,#7348)
    ,(#7349,#7350)
    ,(#7351,#7352)
    ,(#7353,#7354
    )),.UNSPECIFIED.,.F.,.F.,.F.,(4,4),(2,2),(5.,6.),(0.,1.),
  .PIECEWISE_BEZIER_KNOTS.);
#7347 = CARTESIAN_POINT('',(3.7005,2.067706949137,9.285486636435));
#7348 = CARTESIAN_POINT('',(3.6995,2.067706949137,9.285486636435));
#7349 = CARTESIAN_POINT('',(3.7005,2.045404141833,9.30467016999));
#7350 = CARTESIAN_POINT('',(3.6995,2.045404141833,9.30467016999));
#7351 = CARTESIAN_POINT('',(3.7005,2.016004986749,9.314183954926));
#7352 = CARTESIAN_POINT('',(3.6995,2.016004986749,9.314183954926));
#7353 = CARTESIAN_POINT('',(3.7005,1.979665447574,9.314183954926));
#7354 = CARTESIAN_POINT('',(3.6995,1.979665447574,9.314183954926));
#7355 = MANIFOLD_SOLID_BREP('',#7356);
#7356 = CLOSED_SHELL('',(#7357,#7469,#7581,#7601,#7617,#7633,#7649,#7665
    ,#7681,#7697,#7709,#7729,#7745,#7765,#7781,#7801));
#7357 = ADVANCED_FACE('',(#7358,#7416),#7464,.F.);
#7358 = FACE_BOUND('',#7359,.T.);
#7359 = EDGE_LOOP('',(#7360,#7369,#7376,#7383,#7390,#7397,#7404,#7411));
#7360 = ORIENTED_EDGE('',*,*,#7361,.T.);
#7361 = EDGE_CURVE('',#7362,#7364,#7366,.T.);
#7362 = VERTEX_POINT('',#7363);
#7363 = CARTESIAN_POINT('',(3.7005,2.433987669108,9.044210811954));
#7364 = VERTEX_POINT('',#7365);
#7365 = CARTESIAN_POINT('',(3.7005,2.317794721961,9.349275784601));
#7366 = B_SPLINE_CURVE_WITH_KNOTS('',1,(#7367,#7368),.UNSPECIFIED.,.F.,
  .F.,(2,2),(-0.326443622243,0.),.PIECEWISE_BEZIER_KNOTS.);
#7367 = CARTESIAN_POINT('',(3.7005,2.433987669108,9.044210811954));
#7368 = CARTESIAN_POINT('',(3.7005,2.317794721961,9.349275784601));
#7369 = ORIENTED_EDGE('',*,*,#7370,.T.);
#7370 = EDGE_CURVE('',#7364,#7371,#7373,.T.);
#7371 = VERTEX_POINT('',#7372);
#7372 = CARTESIAN_POINT('',(3.7005,2.275684526349,9.349275784601));
#7373 = B_SPLINE_CURVE_WITH_KNOTS('',1,(#7374,#7375),.UNSPECIFIED.,.F.,
  .F.,(2,2),(-4.211019561276E-02,-0.),.PIECEWISE_BEZIER_KNOTS.);
#7374 = CARTESIAN_POINT('',(3.7005,2.317794721961,9.349275784601));
#7375 = CARTESIAN_POINT('',(3.7005,2.275684526349,9.349275784601));
#7376 = ORIENTED_EDGE('',*,*,#7377,.T.);
#7377 = EDGE_CURVE('',#7371,#7378,#7380,.T.);
#7378 = VERTEX_POINT('',#7379);
#7379 = CARTESIAN_POINT('',(3.7005,2.1594915792,9.044210811954));
#7380 = B_SPLINE_CURVE_WITH_KNOTS('',1,(#7381,#7382),.UNSPECIFIED.,.F.,
  .F.,(2,2),(-0.326443622243,-0.),.PIECEWISE_BEZIER_KNOTS.);
#7381 = CARTESIAN_POINT('',(3.7005,2.275684526349,9.349275784601));
#7382 = CARTESIAN_POINT('',(3.7005,2.1594915792,9.044210811954));
#7383 = ORIENTED_EDGE('',*,*,#7384,.T.);
#7384 = EDGE_CURVE('',#7378,#7385,#7387,.T.);
#7385 = VERTEX_POINT('',#7386);
#7386 = CARTESIAN_POINT('',(3.7005,2.203005447998,9.044210811954));
#7387 = B_SPLINE_CURVE_WITH_KNOTS('',1,(#7388,#7389),.UNSPECIFIED.,.F.,
  .F.,(2,2),(-4.351386879818E-02,0.),.PIECEWISE_BEZIER_KNOTS.);
#7388 = CARTESIAN_POINT('',(3.7005,2.1594915792,9.044210811954));
#7389 = CARTESIAN_POINT('',(3.7005,2.203005447998,9.044210811954));
#7390 = ORIENTED_EDGE('',*,*,#7391,.T.);
#7391 = EDGE_CURVE('',#7385,#7392,#7394,.T.);
#7392 = VERTEX_POINT('',#7393);
#7393 = CARTESIAN_POINT('',(3.7005,2.232326621238,9.127651384737));
#7394 = B_SPLINE_CURVE_WITH_KNOTS('',1,(#7395,#7396),.UNSPECIFIED.,.F.,
  .F.,(2,2),(-8.844241282615E-02,0.),.PIECEWISE_BEZIER_KNOTS.);
#7395 = CARTESIAN_POINT('',(3.7005,2.203005447998,9.044210811954));
#7396 = CARTESIAN_POINT('',(3.7005,2.232326621238,9.127651384737));
#7397 = ORIENTED_EDGE('',*,*,#7398,.T.);
#7398 = EDGE_CURVE('',#7392,#7399,#7401,.T.);
#7399 = VERTEX_POINT('',#7400);
#7400 = CARTESIAN_POINT('',(3.7005,2.359359044665,9.127651384737));
#7401 = B_SPLINE_CURVE_WITH_KNOTS('',1,(#7402,#7403),.UNSPECIFIED.,.F.,
  .F.,(2,2),(-0.127032423427,0.),.PIECEWISE_BEZIER_KNOTS.);
#7402 = CARTESIAN_POINT('',(3.7005,2.232326621238,9.127651384737));
#7403 = CARTESIAN_POINT('',(3.7005,2.359359044665,9.127651384737));
#7404 = ORIENTED_EDGE('',*,*,#7405,.T.);
#7405 = EDGE_CURVE('',#7399,#7406,#7408,.T.);
#7406 = VERTEX_POINT('',#7407);
#7407 = CARTESIAN_POINT('',(3.7005,2.390473800312,9.044210811954));
#7408 = B_SPLINE_CURVE_WITH_KNOTS('',1,(#7409,#7410),.UNSPECIFIED.,.F.,
  .F.,(2,2),(-8.905311451802E-02,0.),.PIECEWISE_BEZIER_KNOTS.);
#7409 = CARTESIAN_POINT('',(3.7005,2.359359044665,9.127651384737));
#7410 = CARTESIAN_POINT('',(3.7005,2.390473800312,9.044210811954));
#7411 = ORIENTED_EDGE('',*,*,#7412,.T.);
#7412 = EDGE_CURVE('',#7406,#7362,#7413,.T.);
#7413 = B_SPLINE_CURVE_WITH_KNOTS('',1,(#7414,#7415),.UNSPECIFIED.,.F.,
  .F.,(2,2),(-4.35138687961E-02,0.),.PIECEWISE_BEZIER_KNOTS.);
#7414 = CARTESIAN_POINT('',(3.7005,2.390473800312,9.044210811954));
#7415 = CARTESIAN_POINT('',(3.7005,2.433987669108,9.044210811954));
#7416 = FACE_BOUND('',#7417,.T.);
#7417 = EDGE_LOOP('',(#7418,#7427,#7434,#7443,#7450,#7459));
#7418 = ORIENTED_EDGE('',*,*,#7419,.F.);
#7419 = EDGE_CURVE('',#7420,#7422,#7424,.T.);
#7420 = VERTEX_POINT('',#7421);
#7421 = CARTESIAN_POINT('',(3.7005,2.244803716236,9.162119359663));
#7422 = VERTEX_POINT('',#7423);
#7423 = CARTESIAN_POINT('',(3.7005,2.347193877045,9.162119359663));
#7424 = B_SPLINE_CURVE_WITH_KNOTS('',1,(#7425,#7426),.UNSPECIFIED.,.F.,
  .F.,(2,2),(0.,0.102390160809),.PIECEWISE_BEZIER_KNOTS.);
#7425 = CARTESIAN_POINT('',(3.7005,2.244803716236,9.162119359663));
#7426 = CARTESIAN_POINT('',(3.7005,2.347193877045,9.162119359663));
#7427 = ORIENTED_EDGE('',*,*,#7428,.F.);
#7428 = EDGE_CURVE('',#7429,#7420,#7431,.T.);
#7429 = VERTEX_POINT('',#7430);
#7430 = CARTESIAN_POINT('',(3.7005,2.290423094812,9.288917837559));
#7431 = B_SPLINE_CURVE_WITH_KNOTS('',1,(#7432,#7433),.UNSPECIFIED.,.F.,
  .F.,(2,2),(1.136414359929E-15,0.134755265939),
  .PIECEWISE_BEZIER_KNOTS.);
#7432 = CARTESIAN_POINT('',(3.7005,2.290423094812,9.288917837559));
#7433 = CARTESIAN_POINT('',(3.7005,2.244803716236,9.162119359663));
#7434 = ORIENTED_EDGE('',*,*,#7435,.F.);
#7435 = EDGE_CURVE('',#7436,#7429,#7438,.T.);
#7436 = VERTEX_POINT('',#7437);
#7437 = CARTESIAN_POINT('',(3.7005,2.295413932811,9.310284862738));
#7438 = B_SPLINE_CURVE_WITH_KNOTS('',3,(#7439,#7440,#7441,#7442),
  .UNSPECIFIED.,.F.,.F.,(4,4),(3.,4.),.PIECEWISE_BEZIER_KNOTS.);
#7439 = CARTESIAN_POINT('',(3.7005,2.295413932811,9.310284862738));
#7440 = CARTESIAN_POINT('',(3.7005,2.29393227778,9.301083005178));
#7441 = CARTESIAN_POINT('',(3.7005,2.292294659064,9.293908675555));
#7442 = CARTESIAN_POINT('',(3.7005,2.290423094812,9.288917837559));
#7443 = ORIENTED_EDGE('',*,*,#7444,.F.);
#7444 = EDGE_CURVE('',#7445,#7436,#7447,.T.);
#7445 = VERTEX_POINT('',#7446);
#7446 = CARTESIAN_POINT('',(3.7005,2.296349714937,9.310284862738));
#7447 = B_SPLINE_CURVE_WITH_KNOTS('',1,(#7448,#7449),.UNSPECIFIED.,.F.,
  .F.,(2,2),(-0.,9.357821257003E-04),.PIECEWISE_BEZIER_KNOTS.);
#7448 = CARTESIAN_POINT('',(3.7005,2.296349714937,9.310284862738));
#7449 = CARTESIAN_POINT('',(3.7005,2.295413932811,9.310284862738));
#7450 = ORIENTED_EDGE('',*,*,#7451,.F.);
#7451 = EDGE_CURVE('',#7452,#7445,#7454,.T.);
#7452 = VERTEX_POINT('',#7453);
#7453 = CARTESIAN_POINT('',(3.7005,2.301106607403,9.288917837559));
#7454 = B_SPLINE_CURVE_WITH_KNOTS('',3,(#7455,#7456,#7457,#7458),
  .UNSPECIFIED.,.F.,.F.,(4,4),(1.,2.),.PIECEWISE_BEZIER_KNOTS.);
#7455 = CARTESIAN_POINT('',(3.7005,2.301106607403,9.288917837559));
#7456 = CARTESIAN_POINT('',(3.7005,2.299624952374,9.293128857119));
#7457 = CARTESIAN_POINT('',(3.7005,2.298065315497,9.300147223055));
#7458 = CARTESIAN_POINT('',(3.7005,2.296349714937,9.310284862738));
#7459 = ORIENTED_EDGE('',*,*,#7460,.F.);
#7460 = EDGE_CURVE('',#7422,#7452,#7461,.T.);
#7461 = B_SPLINE_CURVE_WITH_KNOTS('',1,(#7462,#7463),.UNSPECIFIED.,.F.,
  .F.,(2,2),(0.,0.134914381812),.PIECEWISE_BEZIER_KNOTS.);
#7462 = CARTESIAN_POINT('',(3.7005,2.347193877045,9.162119359663));
#7463 = CARTESIAN_POINT('',(3.7005,2.301106607403,9.288917837559));
#7464 = B_SPLINE_SURFACE_WITH_KNOTS('',1,1,(
    (#7465,#7466)
    ,(#7467,#7468
    )),.UNSPECIFIED.,.F.,.F.,.F.,(2,2),(2,2),(5.644210711954,
    5.949275684601),(2.1594915792,2.433987669108),
  .PIECEWISE_BEZIER_KNOTS.);
#7465 = CARTESIAN_POINT('',(3.7005,2.1594915792,9.044210811954));
#7466 = CARTESIAN_POINT('',(3.7005,2.433987669108,9.044210811954));
#7467 = CARTESIAN_POINT('',(3.7005,2.1594915792,9.349275784601));
#7468 = CARTESIAN_POINT('',(3.7005,2.433987669108,9.349275784601));
#7469 = ADVANCED_FACE('',(#7470,#7528),#7576,.T.);
#7470 = FACE_BOUND('',#7471,.T.);
#7471 = EDGE_LOOP('',(#7472,#7481,#7488,#7495,#7502,#7509,#7516,#7523));
#7472 = ORIENTED_EDGE('',*,*,#7473,.F.);
#7473 = EDGE_CURVE('',#7474,#7476,#7478,.T.);
#7474 = VERTEX_POINT('',#7475);
#7475 = CARTESIAN_POINT('',(3.6995,2.433987669108,9.044210811954));
#7476 = VERTEX_POINT('',#7477);
#7477 = CARTESIAN_POINT('',(3.6995,2.317794721961,9.349275784601));
#7478 = B_SPLINE_CURVE_WITH_KNOTS('',1,(#7479,#7480),.UNSPECIFIED.,.F.,
  .F.,(2,2),(-0.326443622243,0.),.PIECEWISE_BEZIER_KNOTS.);
#7479 = CARTESIAN_POINT('',(3.6995,2.433987669108,9.044210811954));
#7480 = CARTESIAN_POINT('',(3.6995,2.317794721961,9.349275784601));
#7481 = ORIENTED_EDGE('',*,*,#7482,.F.);
#7482 = EDGE_CURVE('',#7483,#7474,#7485,.T.);
#7483 = VERTEX_POINT('',#7484);
#7484 = CARTESIAN_POINT('',(3.6995,2.390473800312,9.044210811954));
#7485 = B_SPLINE_CURVE_WITH_KNOTS('',1,(#7486,#7487),.UNSPECIFIED.,.F.,
  .F.,(2,2),(-4.35138687961E-02,0.),.PIECEWISE_BEZIER_KNOTS.);
#7486 = CARTESIAN_POINT('',(3.6995,2.390473800312,9.044210811954));
#7487 = CARTESIAN_POINT('',(3.6995,2.433987669108,9.044210811954));
#7488 = ORIENTED_EDGE('',*,*,#7489,.F.);
#7489 = EDGE_CURVE('',#7490,#7483,#7492,.T.);
#7490 = VERTEX_POINT('',#7491);
#7491 = CARTESIAN_POINT('',(3.6995,2.359359044665,9.127651384737));
#7492 = B_SPLINE_CURVE_WITH_KNOTS('',1,(#7493,#7494),.UNSPECIFIED.,.F.,
  .F.,(2,2),(-8.905311451802E-02,0.),.PIECEWISE_BEZIER_KNOTS.);
#7493 = CARTESIAN_POINT('',(3.6995,2.359359044665,9.127651384737));
#7494 = CARTESIAN_POINT('',(3.6995,2.390473800312,9.044210811954));
#7495 = ORIENTED_EDGE('',*,*,#7496,.F.);
#7496 = EDGE_CURVE('',#7497,#7490,#7499,.T.);
#7497 = VERTEX_POINT('',#7498);
#7498 = CARTESIAN_POINT('',(3.6995,2.232326621238,9.127651384737));
#7499 = B_SPLINE_CURVE_WITH_KNOTS('',1,(#7500,#7501),.UNSPECIFIED.,.F.,
  .F.,(2,2),(-0.127032423427,0.),.PIECEWISE_BEZIER_KNOTS.);
#7500 = CARTESIAN_POINT('',(3.6995,2.232326621238,9.127651384737));
#7501 = CARTESIAN_POINT('',(3.6995,2.359359044665,9.127651384737));
#7502 = ORIENTED_EDGE('',*,*,#7503,.F.);
#7503 = EDGE_CURVE('',#7504,#7497,#7506,.T.);
#7504 = VERTEX_POINT('',#7505);
#7505 = CARTESIAN_POINT('',(3.6995,2.203005447998,9.044210811954));
#7506 = B_SPLINE_CURVE_WITH_KNOTS('',1,(#7507,#7508),.UNSPECIFIED.,.F.,
  .F.,(2,2),(-8.844241282615E-02,0.),.PIECEWISE_BEZIER_KNOTS.);
#7507 = CARTESIAN_POINT('',(3.6995,2.203005447998,9.044210811954));
#7508 = CARTESIAN_POINT('',(3.6995,2.232326621238,9.127651384737));
#7509 = ORIENTED_EDGE('',*,*,#7510,.F.);
#7510 = EDGE_CURVE('',#7511,#7504,#7513,.T.);
#7511 = VERTEX_POINT('',#7512);
#7512 = CARTESIAN_POINT('',(3.6995,2.1594915792,9.044210811954));
#7513 = B_SPLINE_CURVE_WITH_KNOTS('',1,(#7514,#7515),.UNSPECIFIED.,.F.,
  .F.,(2,2),(-4.351386879818E-02,0.),.PIECEWISE_BEZIER_KNOTS.);
#7514 = CARTESIAN_POINT('',(3.6995,2.1594915792,9.044210811954));
#7515 = CARTESIAN_POINT('',(3.6995,2.203005447998,9.044210811954));
#7516 = ORIENTED_EDGE('',*,*,#7517,.F.);
#7517 = EDGE_CURVE('',#7518,#7511,#7520,.T.);
#7518 = VERTEX_POINT('',#7519);
#7519 = CARTESIAN_POINT('',(3.6995,2.275684526349,9.349275784601));
#7520 = B_SPLINE_CURVE_WITH_KNOTS('',1,(#7521,#7522),.UNSPECIFIED.,.F.,
  .F.,(2,2),(-0.326443622243,-0.),.PIECEWISE_BEZIER_KNOTS.);
#7521 = CARTESIAN_POINT('',(3.6995,2.275684526349,9.349275784601));
#7522 = CARTESIAN_POINT('',(3.6995,2.1594915792,9.044210811954));
#7523 = ORIENTED_EDGE('',*,*,#7524,.F.);
#7524 = EDGE_CURVE('',#7476,#7518,#7525,.T.);
#7525 = B_SPLINE_CURVE_WITH_KNOTS('',1,(#7526,#7527),.UNSPECIFIED.,.F.,
  .F.,(2,2),(-4.211019561276E-02,-0.),.PIECEWISE_BEZIER_KNOTS.);
#7526 = CARTESIAN_POINT('',(3.6995,2.317794721961,9.349275784601));
#7527 = CARTESIAN_POINT('',(3.6995,2.275684526349,9.349275784601));
#7528 = FACE_BOUND('',#7529,.T.);
#7529 = EDGE_LOOP('',(#7530,#7539,#7546,#7553,#7562,#7569));
#7530 = ORIENTED_EDGE('',*,*,#7531,.T.);
#7531 = EDGE_CURVE('',#7532,#7534,#7536,.T.);
#7532 = VERTEX_POINT('',#7533);
#7533 = CARTESIAN_POINT('',(3.6995,2.290423094812,9.288917837559));
#7534 = VERTEX_POINT('',#7535);
#7535 = CARTESIAN_POINT('',(3.6995,2.244803716236,9.162119359663));
#7536 = B_SPLINE_CURVE_WITH_KNOTS('',1,(#7537,#7538),.UNSPECIFIED.,.F.,
  .F.,(2,2),(9.860746040418E-16,0.134755265939),
  .PIECEWISE_BEZIER_KNOTS.);
#7537 = CARTESIAN_POINT('',(3.6995,2.290423094812,9.288917837559));
#7538 = CARTESIAN_POINT('',(3.6995,2.244803716236,9.162119359663));
#7539 = ORIENTED_EDGE('',*,*,#7540,.T.);
#7540 = EDGE_CURVE('',#7534,#7541,#7543,.T.);
#7541 = VERTEX_POINT('',#7542);
#7542 = CARTESIAN_POINT('',(3.6995,2.347193877045,9.162119359663));
#7543 = B_SPLINE_CURVE_WITH_KNOTS('',1,(#7544,#7545),.UNSPECIFIED.,.F.,
  .F.,(2,2),(-4.440892098501E-16,0.102390160809),
  .PIECEWISE_BEZIER_KNOTS.);
#7544 = CARTESIAN_POINT('',(3.6995,2.244803716236,9.162119359663));
#7545 = CARTESIAN_POINT('',(3.6995,2.347193877045,9.162119359663));
#7546 = ORIENTED_EDGE('',*,*,#7547,.T.);
#7547 = EDGE_CURVE('',#7541,#7548,#7550,.T.);
#7548 = VERTEX_POINT('',#7549);
#7549 = CARTESIAN_POINT('',(3.6995,2.301106607403,9.288917837559));
#7550 = B_SPLINE_CURVE_WITH_KNOTS('',1,(#7551,#7552),.UNSPECIFIED.,.F.,
  .F.,(2,2),(0.,0.134914381812),.PIECEWISE_BEZIER_KNOTS.);
#7551 = CARTESIAN_POINT('',(3.6995,2.347193877045,9.162119359663));
#7552 = CARTESIAN_POINT('',(3.6995,2.301106607403,9.288917837559));
#7553 = ORIENTED_EDGE('',*,*,#7554,.T.);
#7554 = EDGE_CURVE('',#7548,#7555,#7557,.T.);
#7555 = VERTEX_POINT('',#7556);
#7556 = CARTESIAN_POINT('',(3.6995,2.296349714937,9.310284862738));
#7557 = B_SPLINE_CURVE_WITH_KNOTS('',3,(#7558,#7559,#7560,#7561),
  .UNSPECIFIED.,.F.,.F.,(4,4),(1.,2.),.PIECEWISE_BEZIER_KNOTS.);
#7558 = CARTESIAN_POINT('',(3.6995,2.301106607403,9.288917837559));
#7559 = CARTESIAN_POINT('',(3.6995,2.299624952374,9.293128857119));
#7560 = CARTESIAN_POINT('',(3.6995,2.298065315497,9.300147223055));
#7561 = CARTESIAN_POINT('',(3.6995,2.296349714937,9.310284862738));
#7562 = ORIENTED_EDGE('',*,*,#7563,.T.);
#7563 = EDGE_CURVE('',#7555,#7564,#7566,.T.);
#7564 = VERTEX_POINT('',#7565);
#7565 = CARTESIAN_POINT('',(3.6995,2.295413932811,9.310284862738));
#7566 = B_SPLINE_CURVE_WITH_KNOTS('',1,(#7567,#7568),.UNSPECIFIED.,.F.,
  .F.,(2,2),(-0.,9.357821257003E-04),.PIECEWISE_BEZIER_KNOTS.);
#7567 = CARTESIAN_POINT('',(3.6995,2.296349714937,9.310284862738));
#7568 = CARTESIAN_POINT('',(3.6995,2.295413932811,9.310284862738));
#7569 = ORIENTED_EDGE('',*,*,#7570,.T.);
#7570 = EDGE_CURVE('',#7564,#7532,#7571,.T.);
#7571 = B_SPLINE_CURVE_WITH_KNOTS('',3,(#7572,#7573,#7574,#7575),
  .UNSPECIFIED.,.F.,.F.,(4,4),(3.,4.),.PIECEWISE_BEZIER_KNOTS.);
#7572 = CARTESIAN_POINT('',(3.6995,2.295413932811,9.310284862738));
#7573 = CARTESIAN_POINT('',(3.6995,2.29393227778,9.301083005178));
#7574 = CARTESIAN_POINT('',(3.6995,2.292294659064,9.293908675555));
#7575 = CARTESIAN_POINT('',(3.6995,2.290423094812,9.288917837559));
#7576 = B_SPLINE_SURFACE_WITH_KNOTS('',1,1,(
    (#7577,#7578)
    ,(#7579,#7580
    )),.UNSPECIFIED.,.F.,.F.,.F.,(2,2),(2,2),(5.644210711954,
    5.949275684601),(2.1594915792,2.433987669108),
  .PIECEWISE_BEZIER_KNOTS.);
#7577 = CARTESIAN_POINT('',(3.6995,2.1594915792,9.044210811954));
#7578 = CARTESIAN_POINT('',(3.6995,2.433987669108,9.044210811954));
#7579 = CARTESIAN_POINT('',(3.6995,2.1594915792,9.349275784601));
#7580 = CARTESIAN_POINT('',(3.6995,2.433987669108,9.349275784601));
#7581 = ADVANCED_FACE('',(#7582),#7596,.F.);
#7582 = FACE_BOUND('',#7583,.T.);
#7583 = EDGE_LOOP('',(#7584,#7585,#7590,#7591));
#7584 = ORIENTED_EDGE('',*,*,#7473,.T.);
#7585 = ORIENTED_EDGE('',*,*,#7586,.F.);
#7586 = EDGE_CURVE('',#7364,#7476,#7587,.T.);
#7587 = B_SPLINE_CURVE_WITH_KNOTS('',1,(#7588,#7589),.UNSPECIFIED.,.F.,
  .F.,(2,2),(-0.,1.E-03),.PIECEWISE_BEZIER_KNOTS.);
#7588 = CARTESIAN_POINT('',(3.7005,2.317794721961,9.349275784601));
#7589 = CARTESIAN_POINT('',(3.6995,2.317794721961,9.349275784601));
#7590 = ORIENTED_EDGE('',*,*,#7361,.F.);
#7591 = ORIENTED_EDGE('',*,*,#7592,.T.);
#7592 = EDGE_CURVE('',#7362,#7474,#7593,.T.);
#7593 = B_SPLINE_CURVE_WITH_KNOTS('',1,(#7594,#7595),.UNSPECIFIED.,.F.,
  .F.,(2,2),(-0.,1.E-03),.PIECEWISE_BEZIER_KNOTS.);
#7594 = CARTESIAN_POINT('',(3.7005,2.433987669108,9.044210811954));
#7595 = CARTESIAN_POINT('',(3.6995,2.433987669108,9.044210811954));
#7596 = B_SPLINE_SURFACE_WITH_KNOTS('',1,1,(
    (#7597,#7598)
    ,(#7599,#7600
    )),.UNSPECIFIED.,.F.,.F.,.F.,(2,2),(2,2),(0.,0.326443622243),(
    -1.E-03,0.),.PIECEWISE_BEZIER_KNOTS.);
#7597 = CARTESIAN_POINT('',(3.6995,2.317794721961,9.349275784601));
#7598 = CARTESIAN_POINT('',(3.7005,2.317794721961,9.349275784601));
#7599 = CARTESIAN_POINT('',(3.6995,2.433987669108,9.044210811954));
#7600 = CARTESIAN_POINT('',(3.7005,2.433987669108,9.044210811954));
#7601 = ADVANCED_FACE('',(#7602),#7612,.F.);
#7602 = FACE_BOUND('',#7603,.T.);
#7603 = EDGE_LOOP('',(#7604,#7605,#7610,#7611));
#7604 = ORIENTED_EDGE('',*,*,#7524,.T.);
#7605 = ORIENTED_EDGE('',*,*,#7606,.F.);
#7606 = EDGE_CURVE('',#7371,#7518,#7607,.T.);
#7607 = B_SPLINE_CURVE_WITH_KNOTS('',1,(#7608,#7609),.UNSPECIFIED.,.F.,
  .F.,(2,2),(-0.,1.E-03),.PIECEWISE_BEZIER_KNOTS.);
#7608 = CARTESIAN_POINT('',(3.7005,2.275684526349,9.349275784601));
#7609 = CARTESIAN_POINT('',(3.6995,2.275684526349,9.349275784601));
#7610 = ORIENTED_EDGE('',*,*,#7370,.F.);
#7611 = ORIENTED_EDGE('',*,*,#7586,.T.);
#7612 = B_SPLINE_SURFACE_WITH_KNOTS('',1,1,(
    (#7613,#7614)
    ,(#7615,#7616
    )),.UNSPECIFIED.,.F.,.F.,.F.,(2,2),(2,2),(0.,1.E-03),(0.,
    4.211019561276E-02),.PIECEWISE_BEZIER_KNOTS.);
#7613 = CARTESIAN_POINT('',(3.7005,2.275684526349,9.349275784601));
#7614 = CARTESIAN_POINT('',(3.7005,2.317794721961,9.349275784601));
#7615 = CARTESIAN_POINT('',(3.6995,2.275684526349,9.349275784601));
#7616 = CARTESIAN_POINT('',(3.6995,2.317794721961,9.349275784601));
#7617 = ADVANCED_FACE('',(#7618),#7628,.F.);
#7618 = FACE_BOUND('',#7619,.T.);
#7619 = EDGE_LOOP('',(#7620,#7621,#7626,#7627));
#7620 = ORIENTED_EDGE('',*,*,#7517,.T.);
#7621 = ORIENTED_EDGE('',*,*,#7622,.F.);
#7622 = EDGE_CURVE('',#7378,#7511,#7623,.T.);
#7623 = B_SPLINE_CURVE_WITH_KNOTS('',1,(#7624,#7625),.UNSPECIFIED.,.F.,
  .F.,(2,2),(-0.,1.E-03),.PIECEWISE_BEZIER_KNOTS.);
#7624 = CARTESIAN_POINT('',(3.7005,2.1594915792,9.044210811954));
#7625 = CARTESIAN_POINT('',(3.6995,2.1594915792,9.044210811954));
#7626 = ORIENTED_EDGE('',*,*,#7377,.F.);
#7627 = ORIENTED_EDGE('',*,*,#7606,.T.);
#7628 = B_SPLINE_SURFACE_WITH_KNOTS('',1,1,(
    (#7629,#7630)
    ,(#7631,#7632
    )),.UNSPECIFIED.,.F.,.F.,.F.,(2,2),(2,2),(0.,0.326443622243),(
    -1.E-03,0.),.PIECEWISE_BEZIER_KNOTS.);
#7629 = CARTESIAN_POINT('',(3.6995,2.1594915792,9.044210811954));
#7630 = CARTESIAN_POINT('',(3.7005,2.1594915792,9.044210811954));
#7631 = CARTESIAN_POINT('',(3.6995,2.275684526349,9.349275784601));
#7632 = CARTESIAN_POINT('',(3.7005,2.275684526349,9.349275784601));
#7633 = ADVANCED_FACE('',(#7634),#7644,.F.);
#7634 = FACE_BOUND('',#7635,.T.);
#7635 = EDGE_LOOP('',(#7636,#7637,#7642,#7643));
#7636 = ORIENTED_EDGE('',*,*,#7510,.T.);
#7637 = ORIENTED_EDGE('',*,*,#7638,.F.);
#7638 = EDGE_CURVE('',#7385,#7504,#7639,.T.);
#7639 = B_SPLINE_CURVE_WITH_KNOTS('',1,(#7640,#7641),.UNSPECIFIED.,.F.,
  .F.,(2,2),(-0.,1.E-03),.PIECEWISE_BEZIER_KNOTS.);
#7640 = CARTESIAN_POINT('',(3.7005,2.203005447998,9.044210811954));
#7641 = CARTESIAN_POINT('',(3.6995,2.203005447998,9.044210811954));
#7642 = ORIENTED_EDGE('',*,*,#7384,.F.);
#7643 = ORIENTED_EDGE('',*,*,#7622,.T.);
#7644 = B_SPLINE_SURFACE_WITH_KNOTS('',1,1,(
    (#7645,#7646)
    ,(#7647,#7648)),.UNSPECIFIED.,.F.,.F.,.F.,(2,2),(2,2),(-1.E-03,0.),(
    -4.351386879818E-02,0.),.PIECEWISE_BEZIER_KNOTS.);
#7645 = CARTESIAN_POINT('',(3.6995,2.1594915792,9.044210811954));
#7646 = CARTESIAN_POINT('',(3.6995,2.203005447998,9.044210811954));
#7647 = CARTESIAN_POINT('',(3.7005,2.1594915792,9.044210811954));
#7648 = CARTESIAN_POINT('',(3.7005,2.203005447998,9.044210811954));
#7649 = ADVANCED_FACE('',(#7650),#7660,.F.);
#7650 = FACE_BOUND('',#7651,.T.);
#7651 = EDGE_LOOP('',(#7652,#7653,#7658,#7659));
#7652 = ORIENTED_EDGE('',*,*,#7503,.T.);
#7653 = ORIENTED_EDGE('',*,*,#7654,.F.);
#7654 = EDGE_CURVE('',#7392,#7497,#7655,.T.);
#7655 = B_SPLINE_CURVE_WITH_KNOTS('',1,(#7656,#7657),.UNSPECIFIED.,.F.,
  .F.,(2,2),(-0.,1.E-03),.PIECEWISE_BEZIER_KNOTS.);
#7656 = CARTESIAN_POINT('',(3.7005,2.232326621238,9.127651384737));
#7657 = CARTESIAN_POINT('',(3.6995,2.232326621238,9.127651384737));
#7658 = ORIENTED_EDGE('',*,*,#7391,.F.);
#7659 = ORIENTED_EDGE('',*,*,#7638,.T.);
#7660 = B_SPLINE_SURFACE_WITH_KNOTS('',1,1,(
    (#7661,#7662)
    ,(#7663,#7664
    )),.UNSPECIFIED.,.F.,.F.,.F.,(2,2),(2,2),(-0.,8.844241282615E-02),(
    -1.E-03,0.),.PIECEWISE_BEZIER_KNOTS.);
#7661 = CARTESIAN_POINT('',(3.6995,2.232326621238,9.127651384737));
#7662 = CARTESIAN_POINT('',(3.7005,2.232326621238,9.127651384737));
#7663 = CARTESIAN_POINT('',(3.6995,2.203005447998,9.044210811954));
#7664 = CARTESIAN_POINT('',(3.7005,2.203005447998,9.044210811954));
#7665 = ADVANCED_FACE('',(#7666),#7676,.F.);
#7666 = FACE_BOUND('',#7667,.T.);
#7667 = EDGE_LOOP('',(#7668,#7669,#7674,#7675));
#7668 = ORIENTED_EDGE('',*,*,#7496,.T.);
#7669 = ORIENTED_EDGE('',*,*,#7670,.F.);
#7670 = EDGE_CURVE('',#7399,#7490,#7671,.T.);
#7671 = B_SPLINE_CURVE_WITH_KNOTS('',1,(#7672,#7673),.UNSPECIFIED.,.F.,
  .F.,(2,2),(-0.,1.E-03),.PIECEWISE_BEZIER_KNOTS.);
#7672 = CARTESIAN_POINT('',(3.7005,2.359359044665,9.127651384737));
#7673 = CARTESIAN_POINT('',(3.6995,2.359359044665,9.127651384737));
#7674 = ORIENTED_EDGE('',*,*,#7398,.F.);
#7675 = ORIENTED_EDGE('',*,*,#7654,.T.);
#7676 = B_SPLINE_SURFACE_WITH_KNOTS('',1,1,(
    (#7677,#7678)
    ,(#7679,#7680
    )),.UNSPECIFIED.,.F.,.F.,.F.,(2,2),(2,2),(-1.E-03,0.),(
    -0.127032423427,0.),.PIECEWISE_BEZIER_KNOTS.);
#7677 = CARTESIAN_POINT('',(3.6995,2.232326621238,9.127651384737));
#7678 = CARTESIAN_POINT('',(3.6995,2.359359044665,9.127651384737));
#7679 = CARTESIAN_POINT('',(3.7005,2.232326621238,9.127651384737));
#7680 = CARTESIAN_POINT('',(3.7005,2.359359044665,9.127651384737));
#7681 = ADVANCED_FACE('',(#7682),#7692,.F.);
#7682 = FACE_BOUND('',#7683,.T.);
#7683 = EDGE_LOOP('',(#7684,#7685,#7690,#7691));
#7684 = ORIENTED_EDGE('',*,*,#7489,.T.);
#7685 = ORIENTED_EDGE('',*,*,#7686,.F.);
#7686 = EDGE_CURVE('',#7406,#7483,#7687,.T.);
#7687 = B_SPLINE_CURVE_WITH_KNOTS('',1,(#7688,#7689),.UNSPECIFIED.,.F.,
  .F.,(2,2),(-0.,1.E-03),.PIECEWISE_BEZIER_KNOTS.);
#7688 = CARTESIAN_POINT('',(3.7005,2.390473800312,9.044210811954));
#7689 = CARTESIAN_POINT('',(3.6995,2.390473800312,9.044210811954));
#7690 = ORIENTED_EDGE('',*,*,#7405,.F.);
#7691 = ORIENTED_EDGE('',*,*,#7670,.T.);
#7692 = B_SPLINE_SURFACE_WITH_KNOTS('',1,1,(
    (#7693,#7694)
    ,(#7695,#7696
    )),.UNSPECIFIED.,.F.,.F.,.F.,(2,2),(2,2),(0.,8.905311451802E-02),(
    -1.E-03,0.),.PIECEWISE_BEZIER_KNOTS.);
#7693 = CARTESIAN_POINT('',(3.6995,2.390473800312,9.044210811954));
#7694 = CARTESIAN_POINT('',(3.7005,2.390473800312,9.044210811954));
#7695 = CARTESIAN_POINT('',(3.6995,2.359359044665,9.127651384737));
#7696 = CARTESIAN_POINT('',(3.7005,2.359359044665,9.127651384737));
#7697 = ADVANCED_FACE('',(#7698),#7704,.F.);
#7698 = FACE_BOUND('',#7699,.T.);
#7699 = EDGE_LOOP('',(#7700,#7701,#7702,#7703));
#7700 = ORIENTED_EDGE('',*,*,#7482,.T.);
#7701 = ORIENTED_EDGE('',*,*,#7592,.F.);
#7702 = ORIENTED_EDGE('',*,*,#7412,.F.);
#7703 = ORIENTED_EDGE('',*,*,#7686,.T.);
#7704 = B_SPLINE_SURFACE_WITH_KNOTS('',1,1,(
    (#7705,#7706)
    ,(#7707,#7708)),.UNSPECIFIED.,.F.,.F.,.F.,(2,2),(2,2),(-1.E-03,0.),(
    -4.35138687961E-02,0.),.PIECEWISE_BEZIER_KNOTS.);
#7705 = CARTESIAN_POINT('',(3.6995,2.390473800312,9.044210811954));
#7706 = CARTESIAN_POINT('',(3.6995,2.433987669108,9.044210811954));
#7707 = CARTESIAN_POINT('',(3.7005,2.390473800312,9.044210811954));
#7708 = CARTESIAN_POINT('',(3.7005,2.433987669108,9.044210811954));
#7709 = ADVANCED_FACE('',(#7710),#7724,.T.);
#7710 = FACE_BOUND('',#7711,.T.);
#7711 = EDGE_LOOP('',(#7712,#7713,#7718,#7719));
#7712 = ORIENTED_EDGE('',*,*,#7540,.F.);
#7713 = ORIENTED_EDGE('',*,*,#7714,.F.);
#7714 = EDGE_CURVE('',#7420,#7534,#7715,.T.);
#7715 = B_SPLINE_CURVE_WITH_KNOTS('',1,(#7716,#7717),.UNSPECIFIED.,.F.,
  .F.,(2,2),(-0.,1.000000000001E-03),.PIECEWISE_BEZIER_KNOTS.);
#7716 = CARTESIAN_POINT('',(3.7005,2.244803716236,9.162119359663));
#7717 = CARTESIAN_POINT('',(3.6995,2.244803716236,9.162119359663));
#7718 = ORIENTED_EDGE('',*,*,#7419,.T.);
#7719 = ORIENTED_EDGE('',*,*,#7720,.T.);
#7720 = EDGE_CURVE('',#7422,#7541,#7721,.T.);
#7721 = B_SPLINE_CURVE_WITH_KNOTS('',1,(#7722,#7723),.UNSPECIFIED.,.F.,
  .F.,(2,2),(-0.,1.E-03),.PIECEWISE_BEZIER_KNOTS.);
#7722 = CARTESIAN_POINT('',(3.7005,2.347193877045,9.162119359663));
#7723 = CARTESIAN_POINT('',(3.6995,2.347193877045,9.162119359663));
#7724 = B_SPLINE_SURFACE_WITH_KNOTS('',1,1,(
    (#7725,#7726)
    ,(#7727,#7728
    )),.UNSPECIFIED.,.F.,.F.,.F.,(2,2),(2,2),(-0.102390160809,
    4.440892098501E-16),(-1.000000000001E-03,0.),
  .PIECEWISE_BEZIER_KNOTS.);
#7725 = CARTESIAN_POINT('',(3.6995,2.347193877045,9.162119359663));
#7726 = CARTESIAN_POINT('',(3.7005,2.347193877045,9.162119359663));
#7727 = CARTESIAN_POINT('',(3.6995,2.244803716236,9.162119359663));
#7728 = CARTESIAN_POINT('',(3.7005,2.244803716236,9.162119359663));
#7729 = ADVANCED_FACE('',(#7730),#7740,.T.);
#7730 = FACE_BOUND('',#7731,.T.);
#7731 = EDGE_LOOP('',(#7732,#7733,#7734,#7735));
#7732 = ORIENTED_EDGE('',*,*,#7547,.F.);
#7733 = ORIENTED_EDGE('',*,*,#7720,.F.);
#7734 = ORIENTED_EDGE('',*,*,#7460,.T.);
#7735 = ORIENTED_EDGE('',*,*,#7736,.T.);
#7736 = EDGE_CURVE('',#7452,#7548,#7737,.T.);
#7737 = B_SPLINE_CURVE_WITH_KNOTS('',1,(#7738,#7739),.UNSPECIFIED.,.F.,
  .F.,(2,2),(-0.,1.E-03),.PIECEWISE_BEZIER_KNOTS.);
#7738 = CARTESIAN_POINT('',(3.7005,2.301106607403,9.288917837559));
#7739 = CARTESIAN_POINT('',(3.6995,2.301106607403,9.288917837559));
#7740 = B_SPLINE_SURFACE_WITH_KNOTS('',1,1,(
    (#7741,#7742)
    ,(#7743,#7744
    )),.UNSPECIFIED.,.F.,.F.,.F.,(2,2),(2,2),(-0.134914381812,0.),(
    -1.E-03,0.),.PIECEWISE_BEZIER_KNOTS.);
#7741 = CARTESIAN_POINT('',(3.6995,2.301106607403,9.288917837559));
#7742 = CARTESIAN_POINT('',(3.7005,2.301106607403,9.288917837559));
#7743 = CARTESIAN_POINT('',(3.6995,2.347193877045,9.162119359663));
#7744 = CARTESIAN_POINT('',(3.7005,2.347193877045,9.162119359663));
#7745 = ADVANCED_FACE('',(#7746),#7756,.T.);
#7746 = FACE_BOUND('',#7747,.T.);
#7747 = EDGE_LOOP('',(#7748,#7749,#7750,#7751));
#7748 = ORIENTED_EDGE('',*,*,#7554,.F.);
#7749 = ORIENTED_EDGE('',*,*,#7736,.F.);
#7750 = ORIENTED_EDGE('',*,*,#7451,.T.);
#7751 = ORIENTED_EDGE('',*,*,#7752,.T.);
#7752 = EDGE_CURVE('',#7445,#7555,#7753,.T.);
#7753 = B_SPLINE_CURVE_WITH_KNOTS('',1,(#7754,#7755),.UNSPECIFIED.,.F.,
  .F.,(2,2),(-0.,1.E-03),.PIECEWISE_BEZIER_KNOTS.);
#7754 = CARTESIAN_POINT('',(3.7005,2.296349714937,9.310284862738));
#7755 = CARTESIAN_POINT('',(3.6995,2.296349714937,9.310284862738));
#7756 = B_SPLINE_SURFACE_WITH_KNOTS('',3,1,(
    (#7757,#7758)
    ,(#7759,#7760)
    ,(#7761,#7762)
    ,(#7763,#7764
    )),.UNSPECIFIED.,.F.,.F.,.F.,(4,4),(2,2),(1.,2.),(0.,1.),
  .PIECEWISE_BEZIER_KNOTS.);
#7757 = CARTESIAN_POINT('',(3.7005,2.301106607403,9.288917837559));
#7758 = CARTESIAN_POINT('',(3.6995,2.301106607403,9.288917837559));
#7759 = CARTESIAN_POINT('',(3.7005,2.299624952374,9.293128857119));
#7760 = CARTESIAN_POINT('',(3.6995,2.299624952374,9.293128857119));
#7761 = CARTESIAN_POINT('',(3.7005,2.298065315497,9.300147223055));
#7762 = CARTESIAN_POINT('',(3.6995,2.298065315497,9.300147223055));
#7763 = CARTESIAN_POINT('',(3.7005,2.296349714937,9.310284862738));
#7764 = CARTESIAN_POINT('',(3.6995,2.296349714937,9.310284862738));
#7765 = ADVANCED_FACE('',(#7766),#7776,.T.);
#7766 = FACE_BOUND('',#7767,.T.);
#7767 = EDGE_LOOP('',(#7768,#7769,#7770,#7771));
#7768 = ORIENTED_EDGE('',*,*,#7563,.F.);
#7769 = ORIENTED_EDGE('',*,*,#7752,.F.);
#7770 = ORIENTED_EDGE('',*,*,#7444,.T.);
#7771 = ORIENTED_EDGE('',*,*,#7772,.T.);
#7772 = EDGE_CURVE('',#7436,#7564,#7773,.T.);
#7773 = B_SPLINE_CURVE_WITH_KNOTS('',1,(#7774,#7775),.UNSPECIFIED.,.F.,
  .F.,(2,2),(-0.,1.E-03),.PIECEWISE_BEZIER_KNOTS.);
#7774 = CARTESIAN_POINT('',(3.7005,2.295413932811,9.310284862738));
#7775 = CARTESIAN_POINT('',(3.6995,2.295413932811,9.310284862738));
#7776 = B_SPLINE_SURFACE_WITH_KNOTS('',1,1,(
    (#7777,#7778)
    ,(#7779,#7780
    )),.UNSPECIFIED.,.F.,.F.,.F.,(2,2),(2,2),(0.,1.000000000001E-03),(
    -9.357821257003E-04,0.),.PIECEWISE_BEZIER_KNOTS.);
#7777 = CARTESIAN_POINT('',(3.7005,2.295413932811,9.310284862738));
#7778 = CARTESIAN_POINT('',(3.7005,2.296349714937,9.310284862738));
#7779 = CARTESIAN_POINT('',(3.6995,2.295413932811,9.310284862738));
#7780 = CARTESIAN_POINT('',(3.6995,2.296349714937,9.310284862738));
#7781 = ADVANCED_FACE('',(#7782),#7792,.T.);
#7782 = FACE_BOUND('',#7783,.T.);
#7783 = EDGE_LOOP('',(#7784,#7785,#7786,#7787));
#7784 = ORIENTED_EDGE('',*,*,#7570,.F.);
#7785 = ORIENTED_EDGE('',*,*,#7772,.F.);
#7786 = ORIENTED_EDGE('',*,*,#7435,.T.);
#7787 = ORIENTED_EDGE('',*,*,#7788,.T.);
#7788 = EDGE_CURVE('',#7429,#7532,#7789,.T.);
#7789 = B_SPLINE_CURVE_WITH_KNOTS('',1,(#7790,#7791),.UNSPECIFIED.,.F.,
  .F.,(2,2),(4.440892098501E-16,1.E-03),.PIECEWISE_BEZIER_KNOTS.);
#7790 = CARTESIAN_POINT('',(3.7005,2.290423094812,9.288917837559));
#7791 = CARTESIAN_POINT('',(3.6995,2.290423094812,9.288917837559));
#7792 = B_SPLINE_SURFACE_WITH_KNOTS('',3,1,(
    (#7793,#7794)
    ,(#7795,#7796)
    ,(#7797,#7798)
    ,(#7799,#7800
    )),.UNSPECIFIED.,.F.,.F.,.F.,(4,4),(2,2),(3.,4.),(0.,1.),
  .PIECEWISE_BEZIER_KNOTS.);
#7793 = CARTESIAN_POINT('',(3.7005,2.295413932811,9.310284862738));
#7794 = CARTESIAN_POINT('',(3.6995,2.295413932811,9.310284862738));
#7795 = CARTESIAN_POINT('',(3.7005,2.29393227778,9.301083005178));
#7796 = CARTESIAN_POINT('',(3.6995,2.29393227778,9.301083005178));
#7797 = CARTESIAN_POINT('',(3.7005,2.292294659064,9.293908675555));
#7798 = CARTESIAN_POINT('',(3.6995,2.292294659064,9.293908675555));
#7799 = CARTESIAN_POINT('',(3.7005,2.290423094812,9.288917837559));
#7800 = CARTESIAN_POINT('',(3.6995,2.290423094812,9.288917837559));
#7801 = ADVANCED_FACE('',(#7802),#7808,.T.);
#7802 = FACE_BOUND('',#7803,.T.);
#7803 = EDGE_LOOP('',(#7804,#7805,#7806,#7807));
#7804 = ORIENTED_EDGE('',*,*,#7531,.F.);
#7805 = ORIENTED_EDGE('',*,*,#7788,.F.);
#7806 = ORIENTED_EDGE('',*,*,#7428,.T.);
#7807 = ORIENTED_EDGE('',*,*,#7714,.T.);
#7808 = B_SPLINE_SURFACE_WITH_KNOTS('',1,1,(
    (#7809,#7810)
    ,(#7811,#7812
    )),.UNSPECIFIED.,.F.,.F.,.F.,(2,2),(2,2),(-0.134755265939,
    -9.860746040418E-16),(-1.000000000001E-03,0.),
  .PIECEWISE_BEZIER_KNOTS.);
#7809 = CARTESIAN_POINT('',(3.6995,2.244803716236,9.162119359663));
#7810 = CARTESIAN_POINT('',(3.7005,2.244803716236,9.162119359663));
#7811 = CARTESIAN_POINT('',(3.6995,2.290423094812,9.288917837559));
#7812 = CARTESIAN_POINT('',(3.7005,2.290423094812,9.288917837559));
#7813 = MANIFOLD_SOLID_BREP('',#7814);
#7814 = CLOSED_SHELL('',(#7815,#8135,#8455,#8479,#8499,#8519,#8539,#8559
    ,#8579,#8599,#8619,#8639,#8659,#8679,#8699,#8715,#8731,#8747,#8763,
    #8783,#8803,#8823,#8843,#8863,#8883,#8903,#8919,#8939,#8959,#8975,
    #8995,#9015,#9035,#9051,#9071,#9087,#9117));
#7815 = ADVANCED_FACE('',(#7816,#8105),#8130,.F.);
#7816 = FACE_BOUND('',#7817,.T.);
#7817 = EDGE_LOOP('',(#7818,#7829,#7838,#7847,#7856,#7865,#7874,#7883,
    #7892,#7901,#7910,#7919,#7928,#7937,#7944,#7951,#7958,#7967,#7976,
    #7985,#7994,#8003,#8012,#8021,#8030,#8039,#8048,#8055,#8064,#8073,
    #8082,#8089,#8098));
#7818 = ORIENTED_EDGE('',*,*,#7819,.T.);
#7819 = EDGE_CURVE('',#7820,#7822,#7824,.T.);
#7820 = VERTEX_POINT('',#7821);
#7821 = CARTESIAN_POINT('',(3.7005,0.5777973748,9.346810102611));
#7822 = VERTEX_POINT('',#7823);
#7823 = CARTESIAN_POINT('',(3.7005,0.363068329614,9.630946507164));
#7824 = B_SPLINE_CURVE_WITH_KNOTS('',3,(#7825,#7826,#7827,#7828),
  .UNSPECIFIED.,.F.,.F.,(4,4),(35.,36.),.PIECEWISE_BEZIER_KNOTS.);
#7825 = CARTESIAN_POINT('',(3.7005,0.5777973748,9.346810102611));
#7826 = CARTESIAN_POINT('',(3.7005,0.575628427139,9.476948865223));
#7827 = CARTESIAN_POINT('',(3.7005,0.486700166505,9.591904870105));
#7828 = CARTESIAN_POINT('',(3.7005,0.363068329614,9.630946507164));
#7829 = ORIENTED_EDGE('',*,*,#7830,.T.);
#7830 = EDGE_CURVE('',#7822,#7831,#7833,.T.);
#7831 = VERTEX_POINT('',#7832);
#7832 = CARTESIAN_POINT('',(3.7005,0.245943335702,9.802295988944));
#7833 = B_SPLINE_CURVE_WITH_KNOTS('',3,(#7834,#7835,#7836,#7837),
  .UNSPECIFIED.,.F.,.F.,(4,4),(0.,1.),.PIECEWISE_BEZIER_KNOTS.);
#7834 = CARTESIAN_POINT('',(3.7005,0.363068329614,9.630946507164));
#7835 = CARTESIAN_POINT('',(3.7005,0.339209574396,9.696015929838));
#7836 = CARTESIAN_POINT('',(3.7005,0.297998906938,9.75457840611));
#7837 = CARTESIAN_POINT('',(3.7005,0.245943335702,9.802295988944));
#7838 = ORIENTED_EDGE('',*,*,#7839,.T.);
#7839 = EDGE_CURVE('',#7831,#7840,#7842,.T.);
#7840 = VERTEX_POINT('',#7841);
#7841 = CARTESIAN_POINT('',(3.7005,-4.903801400015E-02,9.915082994455));
#7842 = B_SPLINE_CURVE_WITH_KNOTS('',3,(#7843,#7844,#7845,#7846),
  .UNSPECIFIED.,.F.,.F.,(4,4),(1.,2.),.PIECEWISE_BEZIER_KNOTS.);
#7843 = CARTESIAN_POINT('',(3.7005,0.245943335702,9.802295988944));
#7844 = CARTESIAN_POINT('',(3.7005,0.163522083527,9.873872360611));
#7845 = CARTESIAN_POINT('',(3.7005,5.941102379256E-02,9.915082994455));
#7846 = CARTESIAN_POINT('',(3.7005,-4.903801400015E-02,9.915082994455));
#7847 = ORIENTED_EDGE('',*,*,#7848,.T.);
#7848 = EDGE_CURVE('',#7840,#7849,#7851,.T.);
#7849 = VERTEX_POINT('',#7850);
#7850 = CARTESIAN_POINT('',(3.7005,-0.309315704703,9.830492742907));
#7851 = B_SPLINE_CURVE_WITH_KNOTS('',3,(#7852,#7853,#7854,#7855),
  .UNSPECIFIED.,.F.,.F.,(4,4),(2.,3.),.PIECEWISE_BEZIER_KNOTS.);
#7852 = CARTESIAN_POINT('',(3.7005,-4.903801400015E-02,9.915082994455));
#7853 = CARTESIAN_POINT('',(3.7005,-0.144473158983,9.915082994455));
#7854 = CARTESIAN_POINT('',(3.7005,-0.233401378248,9.88471726439));
#7855 = CARTESIAN_POINT('',(3.7005,-0.309315704703,9.830492742907));
#7856 = ORIENTED_EDGE('',*,*,#7857,.T.);
#7857 = EDGE_CURVE('',#7849,#7858,#7860,.T.);
#7858 = VERTEX_POINT('',#7859);
#7859 = CARTESIAN_POINT('',(3.7005,-0.404750849687,9.735057587582));
#7860 = B_SPLINE_CURVE_WITH_KNOTS('',3,(#7861,#7862,#7863,#7864),
  .UNSPECIFIED.,.F.,.F.,(4,4),(3.,4.),.PIECEWISE_BEZIER_KNOTS.);
#7861 = CARTESIAN_POINT('',(3.7005,-0.309315704703,9.830492742907));
#7862 = CARTESIAN_POINT('',(3.7005,-0.346188394101,9.804464967631));
#7863 = CARTESIAN_POINT('',(3.7005,-0.376554116409,9.771930256295));
#7864 = CARTESIAN_POINT('',(3.7005,-0.404750849687,9.735057587582));
#7865 = ORIENTED_EDGE('',*,*,#7866,.T.);
#7866 = EDGE_CURVE('',#7858,#7867,#7869,.T.);
#7867 = VERTEX_POINT('',#7868);
#7868 = CARTESIAN_POINT('',(3.7005,-0.454637390524,9.739395544956));
#7869 = B_SPLINE_CURVE_WITH_KNOTS('',3,(#7870,#7871,#7872,#7873),
  .UNSPECIFIED.,.F.,.F.,(4,4),(4.,5.),.PIECEWISE_BEZIER_KNOTS.);
#7870 = CARTESIAN_POINT('',(3.7005,-0.404750849687,9.735057587582));
#7871 = CARTESIAN_POINT('',(3.7005,-0.422102679186,9.737226576611));
#7872 = CARTESIAN_POINT('',(3.7005,-0.437285561025,9.739395544956));
#7873 = CARTESIAN_POINT('',(3.7005,-0.454637390524,9.739395544956));
#7874 = ORIENTED_EDGE('',*,*,#7875,.T.);
#7875 = EDGE_CURVE('',#7867,#7876,#7878,.T.);
#7876 = VERTEX_POINT('',#7877);
#7877 = CARTESIAN_POINT('',(3.7005,-0.704070177447,9.635284464538));
#7878 = B_SPLINE_CURVE_WITH_KNOTS('',3,(#7879,#7880,#7881,#7882),
  .UNSPECIFIED.,.F.,.F.,(4,4),(5.,6.),.PIECEWISE_BEZIER_KNOTS.);
#7879 = CARTESIAN_POINT('',(3.7005,-0.454637390524,9.739395544956));
#7880 = CARTESIAN_POINT('',(3.7005,-0.547903567163,9.739395544956));
#7881 = CARTESIAN_POINT('',(3.7005,-0.636831765742,9.702522876245));
#7882 = CARTESIAN_POINT('',(3.7005,-0.704070177447,9.635284464538));
#7883 = ORIENTED_EDGE('',*,*,#7884,.T.);
#7884 = EDGE_CURVE('',#7876,#7885,#7887,.T.);
#7885 = VERTEX_POINT('',#7886);
#7886 = CARTESIAN_POINT('',(3.7005,-0.806012330891,9.38802068733));
#7887 = B_SPLINE_CURVE_WITH_KNOTS('',3,(#7888,#7889,#7890,#7891),
  .UNSPECIFIED.,.F.,.F.,(4,4),(6.,7.),.PIECEWISE_BEZIER_KNOTS.);
#7888 = CARTESIAN_POINT('',(3.7005,-0.704070177447,9.635284464538));
#7889 = CARTESIAN_POINT('',(3.7005,-0.769139657007,9.570215062547));
#7890 = CARTESIAN_POINT('',(3.7005,-0.806012330891,9.481286843282));
#7891 = CARTESIAN_POINT('',(3.7005,-0.806012330891,9.38802068733));
#7892 = ORIENTED_EDGE('',*,*,#7893,.T.);
#7893 = EDGE_CURVE('',#7885,#7894,#7896,.T.);
#7894 = VERTEX_POINT('',#7895);
#7895 = CARTESIAN_POINT('',(3.7005,-0.714915143281,9.151601834584));
#7896 = B_SPLINE_CURVE_WITH_KNOTS('',3,(#7897,#7898,#7899,#7900),
  .UNSPECIFIED.,.F.,.F.,(4,4),(7.,8.),.PIECEWISE_BEZIER_KNOTS.);
#7897 = CARTESIAN_POINT('',(3.7005,-0.806012330891,9.38802068733));
#7898 = CARTESIAN_POINT('',(3.7005,-0.806012330891,9.301261457094));
#7899 = CARTESIAN_POINT('',(3.7005,-0.773477619554,9.21667117452));
#7900 = CARTESIAN_POINT('',(3.7005,-0.714915143281,9.151601834584));
#7901 = ORIENTED_EDGE('',*,*,#7902,.T.);
#7902 = EDGE_CURVE('',#7894,#7903,#7905,.T.);
#7903 = VERTEX_POINT('',#7904);
#7904 = CARTESIAN_POINT('',(3.7005,-0.541396682814,9.047490774851));
#7905 = B_SPLINE_CURVE_WITH_KNOTS('',3,(#7906,#7907,#7908,#7909),
  .UNSPECIFIED.,.F.,.F.,(4,4),(8.,9.),.PIECEWISE_BEZIER_KNOTS.);
#7906 = CARTESIAN_POINT('',(3.7005,-0.714915143281,9.151601834584));
#7907 = CARTESIAN_POINT('',(3.7005,-0.667197570791,9.099546263346));
#7908 = CARTESIAN_POINT('',(3.7005,-0.608635073834,9.06484260435));
#7909 = CARTESIAN_POINT('',(3.7005,-0.541396682814,9.047490774851));
#7910 = ORIENTED_EDGE('',*,*,#7911,.T.);
#7911 = EDGE_CURVE('',#7903,#7912,#7914,.T.);
#7912 = VERTEX_POINT('',#7913);
#7913 = CARTESIAN_POINT('',(3.7005,-0.335343490321,8.9000001));
#7914 = B_SPLINE_CURVE_WITH_KNOTS('',3,(#7915,#7916,#7917,#7918),
  .UNSPECIFIED.,.F.,.F.,(4,4),(9.,10.),.PIECEWISE_BEZIER_KNOTS.);
#7915 = CARTESIAN_POINT('',(3.7005,-0.541396682814,9.047490774851));
#7916 = CARTESIAN_POINT('',(3.7005,-0.513199928851,8.960731544615));
#7917 = CARTESIAN_POINT('',(3.7005,-0.430778676676,8.9000001));
#7918 = CARTESIAN_POINT('',(3.7005,-0.335343490321,8.9000001));
#7919 = ORIENTED_EDGE('',*,*,#7920,.T.);
#7920 = EDGE_CURVE('',#7912,#7921,#7923,.T.);
#7921 = VERTEX_POINT('',#7922);
#7922 = CARTESIAN_POINT('',(3.7005,-0.118445414735,9.116898175585));
#7923 = B_SPLINE_CURVE_WITH_KNOTS('',3,(#7924,#7925,#7926,#7927),
  .UNSPECIFIED.,.F.,.F.,(4,4),(10.,11.),.PIECEWISE_BEZIER_KNOTS.);
#7924 = CARTESIAN_POINT('',(3.7005,-0.335343490321,8.9000001));
#7925 = CARTESIAN_POINT('',(3.7005,-0.21604954875,8.9000001));
#7926 = CARTESIAN_POINT('',(3.7005,-0.118445414735,8.997604234013));
#7927 = CARTESIAN_POINT('',(3.7005,-0.118445414735,9.116898175585));
#7928 = ORIENTED_EDGE('',*,*,#7929,.T.);
#7929 = EDGE_CURVE('',#7921,#7930,#7932,.T.);
#7930 = VERTEX_POINT('',#7931);
#7931 = CARTESIAN_POINT('',(3.7005,-0.118445414735,9.138587983145));
#7932 = B_SPLINE_CURVE_WITH_KNOTS('',3,(#7933,#7934,#7935,#7936),
  .UNSPECIFIED.,.F.,.F.,(4,4),(11.,12.),.PIECEWISE_BEZIER_KNOTS.);
#7933 = CARTESIAN_POINT('',(3.7005,-0.118445414735,9.116898175585));
#7934 = CARTESIAN_POINT('',(3.7005,-0.118445414735,9.123405101306));
#7935 = CARTESIAN_POINT('',(3.7005,-0.118445414735,9.129912027026));
#7936 = CARTESIAN_POINT('',(3.7005,-0.118445414735,9.138587983145));
#7937 = ORIENTED_EDGE('',*,*,#7938,.T.);
#7938 = EDGE_CURVE('',#7930,#7939,#7941,.T.);
#7939 = VERTEX_POINT('',#7940);
#7940 = CARTESIAN_POINT('',(3.7005,0.185211891085,9.299092550805));
#7941 = B_SPLINE_CURVE_WITH_KNOTS('',1,(#7942,#7943),.UNSPECIFIED.,.F.,
  .F.,(2,2),(-4.150522652276E-16,0.343466847916),
  .PIECEWISE_BEZIER_KNOTS.);
#7942 = CARTESIAN_POINT('',(3.7005,-0.118445414735,9.138587983145));
#7943 = CARTESIAN_POINT('',(3.7005,0.185211891085,9.299092550805));
#7944 = ORIENTED_EDGE('',*,*,#7945,.T.);
#7945 = EDGE_CURVE('',#7939,#7946,#7948,.T.);
#7946 = VERTEX_POINT('',#7947);
#7947 = CARTESIAN_POINT('',(3.7005,0.117973520749,9.414048555686));
#7948 = B_SPLINE_CURVE_WITH_KNOTS('',1,(#7949,#7950),.UNSPECIFIED.,.F.,
  .F.,(2,2),(0.,0.133176129632),.PIECEWISE_BEZIER_KNOTS.);
#7949 = CARTESIAN_POINT('',(3.7005,0.185211891085,9.299092550805));
#7950 = CARTESIAN_POINT('',(3.7005,0.117973520749,9.414048555686));
#7951 = ORIENTED_EDGE('',*,*,#7952,.T.);
#7952 = EDGE_CURVE('',#7946,#7953,#7955,.T.);
#7953 = VERTEX_POINT('',#7954);
#7954 = CARTESIAN_POINT('',(3.7005,-0.172669892262,9.262219902777));
#7955 = B_SPLINE_CURVE_WITH_KNOTS('',1,(#7956,#7957),.UNSPECIFIED.,.F.,
  .F.,(2,2),(0.,0.327910861929),.PIECEWISE_BEZIER_KNOTS.);
#7956 = CARTESIAN_POINT('',(3.7005,0.117973520749,9.414048555686));
#7957 = CARTESIAN_POINT('',(3.7005,-0.172669892262,9.262219902777));
#7958 = ORIENTED_EDGE('',*,*,#7959,.T.);
#7959 = EDGE_CURVE('',#7953,#7960,#7962,.T.);
#7960 = VERTEX_POINT('',#7961);
#7961 = CARTESIAN_POINT('',(3.7005,-0.335343448951,9.335965240202));
#7962 = B_SPLINE_CURVE_WITH_KNOTS('',3,(#7963,#7964,#7965,#7966),
  .UNSPECIFIED.,.F.,.F.,(4,4),(15.,16.),.PIECEWISE_BEZIER_KNOTS.);
#7963 = CARTESIAN_POINT('',(3.7005,-0.172669892262,9.262219902777));
#7964 = CARTESIAN_POINT('',(3.7005,-0.21171152932,9.307768506924));
#7965 = CARTESIAN_POINT('',(3.7005,-0.270274026275,9.335965240202));
#7966 = CARTESIAN_POINT('',(3.7005,-0.335343448951,9.335965240202));
#7967 = ORIENTED_EDGE('',*,*,#7968,.T.);
#7968 = EDGE_CURVE('',#7960,#7969,#7971,.T.);
#7969 = VERTEX_POINT('',#7970);
#7970 = CARTESIAN_POINT('',(3.7005,-0.539227631728,9.192812502042));
#7971 = B_SPLINE_CURVE_WITH_KNOTS('',3,(#7972,#7973,#7974,#7975),
  .UNSPECIFIED.,.F.,.F.,(4,4),(16.,17.),.PIECEWISE_BEZIER_KNOTS.);
#7972 = CARTESIAN_POINT('',(3.7005,-0.335343448951,9.335965240202));
#7973 = CARTESIAN_POINT('',(3.7005,-0.428609646275,9.335965240202));
#7974 = CARTESIAN_POINT('',(3.7005,-0.50886190942,9.275233795587));
#7975 = CARTESIAN_POINT('',(3.7005,-0.539227631728,9.192812502042));
#7976 = ORIENTED_EDGE('',*,*,#7977,.T.);
#7977 = EDGE_CURVE('',#7969,#7978,#7980,.T.);
#7978 = VERTEX_POINT('',#7979);
#7979 = CARTESIAN_POINT('',(3.7005,-0.66936647708,9.392358748129));
#7980 = B_SPLINE_CURVE_WITH_KNOTS('',3,(#7981,#7982,#7983,#7984),
  .UNSPECIFIED.,.F.,.F.,(4,4),(17.,18.),.PIECEWISE_BEZIER_KNOTS.);
#7981 = CARTESIAN_POINT('',(3.7005,-0.539227631728,9.192812502042));
#7982 = CARTESIAN_POINT('',(3.7005,-0.615141958183,9.227516202409));
#7983 = CARTESIAN_POINT('',(3.7005,-0.66936647708,9.303430528863));
#7984 = CARTESIAN_POINT('',(3.7005,-0.66936647708,9.392358748129));
#7985 = ORIENTED_EDGE('',*,*,#7986,.T.);
#7986 = EDGE_CURVE('',#7978,#7987,#7989,.T.);
#7987 = VERTEX_POINT('',#7988);
#7988 = CARTESIAN_POINT('',(3.7005,-0.452468401495,9.609256823714));
#7989 = B_SPLINE_CURVE_WITH_KNOTS('',3,(#7990,#7991,#7992,#7993),
  .UNSPECIFIED.,.F.,.F.,(4,4),(18.,19.),.PIECEWISE_BEZIER_KNOTS.);
#7990 = CARTESIAN_POINT('',(3.7005,-0.66936647708,9.392358748129));
#7991 = CARTESIAN_POINT('',(3.7005,-0.66936647708,9.511652689701));
#7992 = CARTESIAN_POINT('',(3.7005,-0.571762343066,9.609256823714));
#7993 = CARTESIAN_POINT('',(3.7005,-0.452468401495,9.609256823714));
#7994 = ORIENTED_EDGE('',*,*,#7995,.T.);
#7995 = EDGE_CURVE('',#7987,#7996,#7998,.T.);
#7996 = VERTEX_POINT('',#7997);
#7997 = CARTESIAN_POINT('',(3.7005,-0.337512437982,9.576722112375));
#7998 = B_SPLINE_CURVE_WITH_KNOTS('',3,(#7999,#8000,#8001,#8002),
  .UNSPECIFIED.,.F.,.F.,(4,4),(19.,20.),.PIECEWISE_BEZIER_KNOTS.);
#7999 = CARTESIAN_POINT('',(3.7005,-0.452468401495,9.609256823714));
#8000 = CARTESIAN_POINT('',(3.7005,-0.411257775406,9.609256823714));
#8001 = CARTESIAN_POINT('',(3.7005,-0.370047149318,9.596242930906));
#8002 = CARTESIAN_POINT('',(3.7005,-0.337512437982,9.576722112375));
#8003 = ORIENTED_EDGE('',*,*,#8004,.T.);
#8004 = EDGE_CURVE('',#7996,#8005,#8007,.T.);
#8005 = VERTEX_POINT('',#8006);
#8006 = CARTESIAN_POINT('',(3.7005,-4.686906633976E-02,9.784944149103));
#8007 = B_SPLINE_CURVE_WITH_KNOTS('',3,(#8008,#8009,#8010,#8011),
  .UNSPECIFIED.,.F.,.F.,(4,4),(20.,21.),.PIECEWISE_BEZIER_KNOTS.);
#8008 = CARTESIAN_POINT('',(3.7005,-0.337512437982,9.576722112375));
#8009 = CARTESIAN_POINT('',(3.7005,-0.296301853264,9.698184918869));
#8010 = CARTESIAN_POINT('',(3.7005,-0.183514837412,9.784944149103));
#8011 = CARTESIAN_POINT('',(3.7005,-4.686906633976E-02,9.784944149103));
#8012 = ORIENTED_EDGE('',*,*,#8013,.T.);
#8013 = EDGE_CURVE('',#8005,#8014,#8016,.T.);
#8014 = VERTEX_POINT('',#8015);
#8015 = CARTESIAN_POINT('',(3.7005,0.25678823948,9.513821554621));
#8016 = B_SPLINE_CURVE_WITH_KNOTS('',3,(#8017,#8018,#8019,#8020),
  .UNSPECIFIED.,.F.,.F.,(4,4),(21.,22.),.PIECEWISE_BEZIER_KNOTS.);
#8017 = CARTESIAN_POINT('',(3.7005,-4.686906633976E-02,9.784944149103));
#8018 = CARTESIAN_POINT('',(3.7005,0.109297564631,9.784944149103));
#8019 = CARTESIAN_POINT('',(3.7005,0.239436409981,9.66565020753));
#8020 = CARTESIAN_POINT('',(3.7005,0.25678823948,9.513821554621));
#8021 = ORIENTED_EDGE('',*,*,#8022,.T.);
#8022 = EDGE_CURVE('',#8014,#8023,#8025,.T.);
#8023 = VERTEX_POINT('',#8024);
#8024 = CARTESIAN_POINT('',(3.7005,0.27414006898,9.513821554621));
#8025 = B_SPLINE_CURVE_WITH_KNOTS('',3,(#8026,#8027,#8028,#8029),
  .UNSPECIFIED.,.F.,.F.,(4,4),(22.,23.),.PIECEWISE_BEZIER_KNOTS.);
#8026 = CARTESIAN_POINT('',(3.7005,0.25678823948,9.513821554621));
#8027 = CARTESIAN_POINT('',(3.7005,0.2632951652,9.513821554621));
#8028 = CARTESIAN_POINT('',(3.7005,0.267633143259,9.513821554621));
#8029 = CARTESIAN_POINT('',(3.7005,0.27414006898,9.513821554621));
#8030 = ORIENTED_EDGE('',*,*,#8031,.T.);
#8031 = EDGE_CURVE('',#8023,#8032,#8034,.T.);
#8032 = VERTEX_POINT('',#8033);
#8033 = CARTESIAN_POINT('',(3.7005,0.443320551388,9.344641072212));
#8034 = B_SPLINE_CURVE_WITH_KNOTS('',3,(#8035,#8036,#8037,#8038),
  .UNSPECIFIED.,.F.,.F.,(4,4),(23.,24.),.PIECEWISE_BEZIER_KNOTS.);
#8035 = CARTESIAN_POINT('',(3.7005,0.27414006898,9.513821554621));
#8036 = CARTESIAN_POINT('',(3.7005,0.367406224934,9.513821554621));
#8037 = CARTESIAN_POINT('',(3.7005,0.443320551388,9.437907228166));
#8038 = CARTESIAN_POINT('',(3.7005,0.443320551388,9.344641072212));
#8039 = ORIENTED_EDGE('',*,*,#8040,.T.);
#8040 = EDGE_CURVE('',#8032,#8041,#8043,.T.);
#8041 = VERTEX_POINT('',#8042);
#8042 = CARTESIAN_POINT('',(3.7005,0.287153920419,9.175460589803));
#8043 = B_SPLINE_CURVE_WITH_KNOTS('',3,(#8044,#8045,#8046,#8047),
  .UNSPECIFIED.,.F.,.F.,(4,4),(24.,25.),.PIECEWISE_BEZIER_KNOTS.);
#8044 = CARTESIAN_POINT('',(3.7005,0.443320551388,9.344641072212));
#8045 = CARTESIAN_POINT('',(3.7005,0.443320551388,9.255712852947));
#8046 = CARTESIAN_POINT('',(3.7005,0.376082181052,9.181967515523));
#8047 = CARTESIAN_POINT('',(3.7005,0.287153920419,9.175460589803));
#8048 = ORIENTED_EDGE('',*,*,#8049,.T.);
#8049 = EDGE_CURVE('',#8041,#8050,#8052,.T.);
#8050 = VERTEX_POINT('',#8051);
#8051 = CARTESIAN_POINT('',(3.7005,0.189549786405,9.175460589803));
#8052 = B_SPLINE_CURVE_WITH_KNOTS('',1,(#8053,#8054),.UNSPECIFIED.,.F.,
  .F.,(2,2),(0.,9.760413401376E-02),.PIECEWISE_BEZIER_KNOTS.);
#8053 = CARTESIAN_POINT('',(3.7005,0.287153920419,9.175460589803));
#8054 = CARTESIAN_POINT('',(3.7005,0.189549786405,9.175460589803));
#8055 = ORIENTED_EDGE('',*,*,#8056,.T.);
#8056 = EDGE_CURVE('',#8050,#8057,#8059,.T.);
#8057 = VERTEX_POINT('',#8058);
#8058 = CARTESIAN_POINT('',(3.7005,0.176535934966,9.177629537462));
#8059 = B_SPLINE_CURVE_WITH_KNOTS('',3,(#8060,#8061,#8062,#8063),
  .UNSPECIFIED.,.F.,.F.,(4,4),(26.,27.),.PIECEWISE_BEZIER_KNOTS.);
#8060 = CARTESIAN_POINT('',(3.7005,0.189549786405,9.175460589803));
#8061 = CARTESIAN_POINT('',(3.7005,0.185211808345,9.175460589803));
#8062 = CARTESIAN_POINT('',(3.7005,0.180873830286,9.177629537462));
#8063 = CARTESIAN_POINT('',(3.7005,0.176535934966,9.177629537462));
#8064 = ORIENTED_EDGE('',*,*,#8065,.T.);
#8065 = EDGE_CURVE('',#8057,#8066,#8068,.T.);
#8066 = VERTEX_POINT('',#8067);
#8067 = CARTESIAN_POINT('',(3.7005,0.109297564631,9.110391167127));
#8068 = B_SPLINE_CURVE_WITH_KNOTS('',3,(#8069,#8070,#8071,#8072),
  .UNSPECIFIED.,.F.,.F.,(4,4),(27.,28.),.PIECEWISE_BEZIER_KNOTS.);
#8069 = CARTESIAN_POINT('',(3.7005,0.176535934966,9.177629537462));
#8070 = CARTESIAN_POINT('',(3.7005,0.139663245568,9.177629537462));
#8071 = CARTESIAN_POINT('',(3.7005,0.109297564631,9.147263773785));
#8072 = CARTESIAN_POINT('',(3.7005,0.109297564631,9.110391167127));
#8073 = ORIENTED_EDGE('',*,*,#8074,.T.);
#8074 = EDGE_CURVE('',#8066,#8075,#8077,.T.);
#8075 = VERTEX_POINT('',#8076);
#8076 = CARTESIAN_POINT('',(3.7005,0.172198039646,9.04315279679));
#8077 = B_SPLINE_CURVE_WITH_KNOTS('',3,(#8078,#8079,#8080,#8081),
  .UNSPECIFIED.,.F.,.F.,(4,4),(28.,29.),.PIECEWISE_BEZIER_KNOTS.);
#8078 = CARTESIAN_POINT('',(3.7005,0.109297564631,9.110391167127));
#8079 = CARTESIAN_POINT('',(3.7005,0.109297564631,9.075687508129));
#8080 = CARTESIAN_POINT('',(3.7005,0.137494297908,9.045321744449));
#8081 = CARTESIAN_POINT('',(3.7005,0.172198039646,9.04315279679));
#8082 = ORIENTED_EDGE('',*,*,#8083,.T.);
#8083 = EDGE_CURVE('',#8075,#8084,#8086,.T.);
#8084 = VERTEX_POINT('',#8085);
#8085 = CARTESIAN_POINT('',(3.7005,0.300167854598,9.04315279679));
#8086 = B_SPLINE_CURVE_WITH_KNOTS('',1,(#8087,#8088),.UNSPECIFIED.,.F.,
  .F.,(2,2),(-2.775557561563E-17,0.127969814952),
  .PIECEWISE_BEZIER_KNOTS.);
#8087 = CARTESIAN_POINT('',(3.7005,0.172198039646,9.04315279679));
#8088 = CARTESIAN_POINT('',(3.7005,0.300167854598,9.04315279679));
#8089 = ORIENTED_EDGE('',*,*,#8090,.T.);
#8090 = EDGE_CURVE('',#8084,#8091,#8093,.T.);
#8091 = VERTEX_POINT('',#8092);
#8092 = CARTESIAN_POINT('',(3.7005,0.497545070284,9.140756930805));
#8093 = B_SPLINE_CURVE_WITH_KNOTS('',3,(#8094,#8095,#8096,#8097),
  .UNSPECIFIED.,.F.,.F.,(4,4),(33.,34.),.PIECEWISE_BEZIER_KNOTS.);
#8094 = CARTESIAN_POINT('',(3.7005,0.300167854598,9.04315279679));
#8095 = CARTESIAN_POINT('',(3.7005,0.376082181052,9.04965972251));
#8096 = CARTESIAN_POINT('',(3.7005,0.445489581789,9.084363464249));
#8097 = CARTESIAN_POINT('',(3.7005,0.497545070284,9.140756930805));
#8098 = ORIENTED_EDGE('',*,*,#8099,.T.);
#8099 = EDGE_CURVE('',#8091,#7820,#8100,.T.);
#8100 = B_SPLINE_CURVE_WITH_KNOTS('',3,(#8101,#8102,#8103,#8104),
  .UNSPECIFIED.,.F.,.F.,(4,4),(34.,35.),.PIECEWISE_BEZIER_KNOTS.);
#8101 = CARTESIAN_POINT('',(3.7005,0.497545070284,9.140756930805));
#8102 = CARTESIAN_POINT('',(3.7005,0.549600641522,9.197150397361));
#8103 = CARTESIAN_POINT('',(3.7005,0.5777973748,9.270895776156));
#8104 = CARTESIAN_POINT('',(3.7005,0.5777973748,9.346810102611));
#8105 = FACE_BOUND('',#8106,.T.);
#8106 = EDGE_LOOP('',(#8107,#8121));
#8107 = ORIENTED_EDGE('',*,*,#8108,.F.);
#8108 = EDGE_CURVE('',#8109,#8111,#8113,.T.);
#8109 = VERTEX_POINT('',#8110);
#8110 = CARTESIAN_POINT('',(3.7005,-0.337512479352,9.030138779872));
#8111 = VERTEX_POINT('',#8112);
#8112 = CARTESIAN_POINT('',(3.7005,-0.337512479352,9.19931934502));
#8113 = B_SPLINE_CURVE_WITH_KNOTS('',3,(#8114,#8115,#8116,#8117,#8118,
    #8119,#8120),.UNSPECIFIED.,.F.,.F.,(4,3,4),(0.,1.,2.),
  .PIECEWISE_BEZIER_KNOTS.);
#8114 = CARTESIAN_POINT('',(3.7005,-0.337512479352,9.030138779872));
#8115 = CARTESIAN_POINT('',(3.7005,-0.289794927545,9.030138779872));
#8116 = CARTESIAN_POINT('',(3.7005,-0.252922238147,9.069180499669));
#8117 = CARTESIAN_POINT('',(3.7005,-0.252922238147,9.114729062446));
#8118 = CARTESIAN_POINT('',(3.7005,-0.252922238147,9.162446655623));
#8119 = CARTESIAN_POINT('',(3.7005,-0.291963875204,9.19931934502));
#8120 = CARTESIAN_POINT('',(3.7005,-0.337512479352,9.19931934502));
#8121 = ORIENTED_EDGE('',*,*,#8122,.F.);
#8122 = EDGE_CURVE('',#8111,#8109,#8123,.T.);
#8123 = B_SPLINE_CURVE_WITH_KNOTS('',3,(#8124,#8125,#8126,#8127,#8128,
    #8129),.UNSPECIFIED.,.F.,.F.,(4,2,4),(2.,3.,4.),.UNSPECIFIED.);
#8124 = CARTESIAN_POINT('',(3.7005,-0.337512479352,9.19931934502));
#8125 = CARTESIAN_POINT('',(3.7005,-0.383061083498,9.19931934502));
#8126 = CARTESIAN_POINT('',(3.7005,-0.422102720556,9.162446655623));
#8127 = CARTESIAN_POINT('',(3.7005,-0.422102720556,9.067011469269));
#8128 = CARTESIAN_POINT('',(3.7005,-0.383061083498,9.030138779872));
#8129 = CARTESIAN_POINT('',(3.7005,-0.337512479352,9.030138779872));
#8130 = B_SPLINE_SURFACE_WITH_KNOTS('',1,1,(
    (#8131,#8132)
    ,(#8133,#8134
    )),.UNSPECIFIED.,.F.,.F.,.F.,(2,2),(2,2),(-0.62303962697,
    0.392043267485),(-1.321993766559,6.181593913137E-02),
  .PIECEWISE_BEZIER_KNOTS.);
#8131 = CARTESIAN_POINT('',(3.7005,-0.806012330891,8.9000001));
#8132 = CARTESIAN_POINT('',(3.7005,0.5777973748,8.9000001));
#8133 = CARTESIAN_POINT('',(3.7005,-0.806012330891,9.915082994455));
#8134 = CARTESIAN_POINT('',(3.7005,0.5777973748,9.915082994455));
#8135 = ADVANCED_FACE('',(#8136,#8425),#8450,.T.);
#8136 = FACE_BOUND('',#8137,.T.);
#8137 = EDGE_LOOP('',(#8138,#8149,#8158,#8167,#8174,#8183,#8192,#8201,
    #8208,#8217,#8226,#8235,#8244,#8253,#8262,#8271,#8280,#8289,#8298,
    #8305,#8312,#8319,#8328,#8337,#8346,#8355,#8364,#8373,#8382,#8391,
    #8400,#8409,#8418));
#8138 = ORIENTED_EDGE('',*,*,#8139,.F.);
#8139 = EDGE_CURVE('',#8140,#8142,#8144,.T.);
#8140 = VERTEX_POINT('',#8141);
#8141 = CARTESIAN_POINT('',(3.6995,0.5777973748,9.346810102611));
#8142 = VERTEX_POINT('',#8143);
#8143 = CARTESIAN_POINT('',(3.6995,0.363068329614,9.630946507164));
#8144 = B_SPLINE_CURVE_WITH_KNOTS('',3,(#8145,#8146,#8147,#8148),
  .UNSPECIFIED.,.F.,.F.,(4,4),(35.,36.),.PIECEWISE_BEZIER_KNOTS.);
#8145 = CARTESIAN_POINT('',(3.6995,0.5777973748,9.346810102611));
#8146 = CARTESIAN_POINT('',(3.6995,0.575628427139,9.476948865223));
#8147 = CARTESIAN_POINT('',(3.6995,0.486700166505,9.591904870105));
#8148 = CARTESIAN_POINT('',(3.6995,0.363068329614,9.630946507164));
#8149 = ORIENTED_EDGE('',*,*,#8150,.F.);
#8150 = EDGE_CURVE('',#8151,#8140,#8153,.T.);
#8151 = VERTEX_POINT('',#8152);
#8152 = CARTESIAN_POINT('',(3.6995,0.497545070284,9.140756930805));
#8153 = B_SPLINE_CURVE_WITH_KNOTS('',3,(#8154,#8155,#8156,#8157),
  .UNSPECIFIED.,.F.,.F.,(4,4),(34.,35.),.PIECEWISE_BEZIER_KNOTS.);
#8154 = CARTESIAN_POINT('',(3.6995,0.497545070284,9.140756930805));
#8155 = CARTESIAN_POINT('',(3.6995,0.549600641522,9.197150397361));
#8156 = CARTESIAN_POINT('',(3.6995,0.5777973748,9.270895776156));
#8157 = CARTESIAN_POINT('',(3.6995,0.5777973748,9.346810102611));
#8158 = ORIENTED_EDGE('',*,*,#8159,.F.);
#8159 = EDGE_CURVE('',#8160,#8151,#8162,.T.);
#8160 = VERTEX_POINT('',#8161);
#8161 = CARTESIAN_POINT('',(3.6995,0.300167854598,9.04315279679));
#8162 = B_SPLINE_CURVE_WITH_KNOTS('',3,(#8163,#8164,#8165,#8166),
  .UNSPECIFIED.,.F.,.F.,(4,4),(33.,34.),.PIECEWISE_BEZIER_KNOTS.);
#8163 = CARTESIAN_POINT('',(3.6995,0.300167854598,9.04315279679));
#8164 = CARTESIAN_POINT('',(3.6995,0.376082181052,9.04965972251));
#8165 = CARTESIAN_POINT('',(3.6995,0.445489581789,9.084363464249));
#8166 = CARTESIAN_POINT('',(3.6995,0.497545070284,9.140756930805));
#8167 = ORIENTED_EDGE('',*,*,#8168,.F.);
#8168 = EDGE_CURVE('',#8169,#8160,#8171,.T.);
#8169 = VERTEX_POINT('',#8170);
#8170 = CARTESIAN_POINT('',(3.6995,0.172198039646,9.04315279679));
#8171 = B_SPLINE_CURVE_WITH_KNOTS('',1,(#8172,#8173),.UNSPECIFIED.,.F.,
  .F.,(2,2),(-0.121462889232,6.506925720194E-03),
  .PIECEWISE_BEZIER_KNOTS.);
#8172 = CARTESIAN_POINT('',(3.6995,0.172198039646,9.04315279679));
#8173 = CARTESIAN_POINT('',(3.6995,0.300167854598,9.04315279679));
#8174 = ORIENTED_EDGE('',*,*,#8175,.F.);
#8175 = EDGE_CURVE('',#8176,#8169,#8178,.T.);
#8176 = VERTEX_POINT('',#8177);
#8177 = CARTESIAN_POINT('',(3.6995,0.109297564631,9.110391167127));
#8178 = B_SPLINE_CURVE_WITH_KNOTS('',3,(#8179,#8180,#8181,#8182),
  .UNSPECIFIED.,.F.,.F.,(4,4),(28.,29.),.PIECEWISE_BEZIER_KNOTS.);
#8179 = CARTESIAN_POINT('',(3.6995,0.109297564631,9.110391167127));
#8180 = CARTESIAN_POINT('',(3.6995,0.109297564631,9.075687508129));
#8181 = CARTESIAN_POINT('',(3.6995,0.137494297908,9.045321744449));
#8182 = CARTESIAN_POINT('',(3.6995,0.172198039646,9.04315279679));
#8183 = ORIENTED_EDGE('',*,*,#8184,.F.);
#8184 = EDGE_CURVE('',#8185,#8176,#8187,.T.);
#8185 = VERTEX_POINT('',#8186);
#8186 = CARTESIAN_POINT('',(3.6995,0.176535934966,9.177629537462));
#8187 = B_SPLINE_CURVE_WITH_KNOTS('',3,(#8188,#8189,#8190,#8191),
  .UNSPECIFIED.,.F.,.F.,(4,4),(27.,28.),.PIECEWISE_BEZIER_KNOTS.);
#8188 = CARTESIAN_POINT('',(3.6995,0.176535934966,9.177629537462));
#8189 = CARTESIAN_POINT('',(3.6995,0.139663245568,9.177629537462));
#8190 = CARTESIAN_POINT('',(3.6995,0.109297564631,9.147263773785));
#8191 = CARTESIAN_POINT('',(3.6995,0.109297564631,9.110391167127));
#8192 = ORIENTED_EDGE('',*,*,#8193,.F.);
#8193 = EDGE_CURVE('',#8194,#8185,#8196,.T.);
#8194 = VERTEX_POINT('',#8195);
#8195 = CARTESIAN_POINT('',(3.6995,0.189549786405,9.175460589803));
#8196 = B_SPLINE_CURVE_WITH_KNOTS('',3,(#8197,#8198,#8199,#8200),
  .UNSPECIFIED.,.F.,.F.,(4,4),(26.,27.),.PIECEWISE_BEZIER_KNOTS.);
#8197 = CARTESIAN_POINT('',(3.6995,0.189549786405,9.175460589803));
#8198 = CARTESIAN_POINT('',(3.6995,0.185211808345,9.175460589803));
#8199 = CARTESIAN_POINT('',(3.6995,0.180873830286,9.177629537462));
#8200 = CARTESIAN_POINT('',(3.6995,0.176535934966,9.177629537462));
#8201 = ORIENTED_EDGE('',*,*,#8202,.F.);
#8202 = EDGE_CURVE('',#8203,#8194,#8205,.T.);
#8203 = VERTEX_POINT('',#8204);
#8204 = CARTESIAN_POINT('',(3.6995,0.287153920419,9.175460589803));
#8205 = B_SPLINE_CURVE_WITH_KNOTS('',1,(#8206,#8207),.UNSPECIFIED.,.F.,
  .F.,(2,2),(0.,9.760413401376E-02),.PIECEWISE_BEZIER_KNOTS.);
#8206 = CARTESIAN_POINT('',(3.6995,0.287153920419,9.175460589803));
#8207 = CARTESIAN_POINT('',(3.6995,0.189549786405,9.175460589803));
#8208 = ORIENTED_EDGE('',*,*,#8209,.F.);
#8209 = EDGE_CURVE('',#8210,#8203,#8212,.T.);
#8210 = VERTEX_POINT('',#8211);
#8211 = CARTESIAN_POINT('',(3.6995,0.443320551388,9.344641072212));
#8212 = B_SPLINE_CURVE_WITH_KNOTS('',3,(#8213,#8214,#8215,#8216),
  .UNSPECIFIED.,.F.,.F.,(4,4),(24.,25.),.PIECEWISE_BEZIER_KNOTS.);
#8213 = CARTESIAN_POINT('',(3.6995,0.443320551388,9.344641072212));
#8214 = CARTESIAN_POINT('',(3.6995,0.443320551388,9.255712852947));
#8215 = CARTESIAN_POINT('',(3.6995,0.376082181052,9.181967515523));
#8216 = CARTESIAN_POINT('',(3.6995,0.287153920419,9.175460589803));
#8217 = ORIENTED_EDGE('',*,*,#8218,.F.);
#8218 = EDGE_CURVE('',#8219,#8210,#8221,.T.);
#8219 = VERTEX_POINT('',#8220);
#8220 = CARTESIAN_POINT('',(3.6995,0.27414006898,9.513821554621));
#8221 = B_SPLINE_CURVE_WITH_KNOTS('',3,(#8222,#8223,#8224,#8225),
  .UNSPECIFIED.,.F.,.F.,(4,4),(23.,24.),.PIECEWISE_BEZIER_KNOTS.);
#8222 = CARTESIAN_POINT('',(3.6995,0.27414006898,9.513821554621));
#8223 = CARTESIAN_POINT('',(3.6995,0.367406224934,9.513821554621));
#8224 = CARTESIAN_POINT('',(3.6995,0.443320551388,9.437907228166));
#8225 = CARTESIAN_POINT('',(3.6995,0.443320551388,9.344641072212));
#8226 = ORIENTED_EDGE('',*,*,#8227,.F.);
#8227 = EDGE_CURVE('',#8228,#8219,#8230,.T.);
#8228 = VERTEX_POINT('',#8229);
#8229 = CARTESIAN_POINT('',(3.6995,0.25678823948,9.513821554621));
#8230 = B_SPLINE_CURVE_WITH_KNOTS('',3,(#8231,#8232,#8233,#8234),
  .UNSPECIFIED.,.F.,.F.,(4,4),(22.,23.),.PIECEWISE_BEZIER_KNOTS.);
#8231 = CARTESIAN_POINT('',(3.6995,0.25678823948,9.513821554621));
#8232 = CARTESIAN_POINT('',(3.6995,0.2632951652,9.513821554621));
#8233 = CARTESIAN_POINT('',(3.6995,0.267633143259,9.513821554621));
#8234 = CARTESIAN_POINT('',(3.6995,0.27414006898,9.513821554621));
#8235 = ORIENTED_EDGE('',*,*,#8236,.F.);
#8236 = EDGE_CURVE('',#8237,#8228,#8239,.T.);
#8237 = VERTEX_POINT('',#8238);
#8238 = CARTESIAN_POINT('',(3.6995,-4.686906633976E-02,9.784944149103));
#8239 = B_SPLINE_CURVE_WITH_KNOTS('',3,(#8240,#8241,#8242,#8243),
  .UNSPECIFIED.,.F.,.F.,(4,4),(21.,22.),.PIECEWISE_BEZIER_KNOTS.);
#8240 = CARTESIAN_POINT('',(3.6995,-4.686906633976E-02,9.784944149103));
#8241 = CARTESIAN_POINT('',(3.6995,0.109297564631,9.784944149103));
#8242 = CARTESIAN_POINT('',(3.6995,0.239436409981,9.66565020753));
#8243 = CARTESIAN_POINT('',(3.6995,0.25678823948,9.513821554621));
#8244 = ORIENTED_EDGE('',*,*,#8245,.F.);
#8245 = EDGE_CURVE('',#8246,#8237,#8248,.T.);
#8246 = VERTEX_POINT('',#8247);
#8247 = CARTESIAN_POINT('',(3.6995,-0.337512437982,9.576722112375));
#8248 = B_SPLINE_CURVE_WITH_KNOTS('',3,(#8249,#8250,#8251,#8252),
  .UNSPECIFIED.,.F.,.F.,(4,4),(20.,21.),.PIECEWISE_BEZIER_KNOTS.);
#8249 = CARTESIAN_POINT('',(3.6995,-0.337512437982,9.576722112375));
#8250 = CARTESIAN_POINT('',(3.6995,-0.296301853264,9.698184918869));
#8251 = CARTESIAN_POINT('',(3.6995,-0.183514837412,9.784944149103));
#8252 = CARTESIAN_POINT('',(3.6995,-4.686906633976E-02,9.784944149103));
#8253 = ORIENTED_EDGE('',*,*,#8254,.F.);
#8254 = EDGE_CURVE('',#8255,#8246,#8257,.T.);
#8255 = VERTEX_POINT('',#8256);
#8256 = CARTESIAN_POINT('',(3.6995,-0.452468401495,9.609256823714));
#8257 = B_SPLINE_CURVE_WITH_KNOTS('',3,(#8258,#8259,#8260,#8261),
  .UNSPECIFIED.,.F.,.F.,(4,4),(19.,20.),.PIECEWISE_BEZIER_KNOTS.);
#8258 = CARTESIAN_POINT('',(3.6995,-0.452468401495,9.609256823714));
#8259 = CARTESIAN_POINT('',(3.6995,-0.411257775406,9.609256823714));
#8260 = CARTESIAN_POINT('',(3.6995,-0.370047149318,9.596242930906));
#8261 = CARTESIAN_POINT('',(3.6995,-0.337512437982,9.576722112375));
#8262 = ORIENTED_EDGE('',*,*,#8263,.F.);
#8263 = EDGE_CURVE('',#8264,#8255,#8266,.T.);
#8264 = VERTEX_POINT('',#8265);
#8265 = CARTESIAN_POINT('',(3.6995,-0.66936647708,9.392358748129));
#8266 = B_SPLINE_CURVE_WITH_KNOTS('',3,(#8267,#8268,#8269,#8270),
  .UNSPECIFIED.,.F.,.F.,(4,4),(18.,19.),.PIECEWISE_BEZIER_KNOTS.);
#8267 = CARTESIAN_POINT('',(3.6995,-0.66936647708,9.392358748129));
#8268 = CARTESIAN_POINT('',(3.6995,-0.66936647708,9.511652689701));
#8269 = CARTESIAN_POINT('',(3.6995,-0.571762343066,9.609256823714));
#8270 = CARTESIAN_POINT('',(3.6995,-0.452468401495,9.609256823714));
#8271 = ORIENTED_EDGE('',*,*,#8272,.F.);
#8272 = EDGE_CURVE('',#8273,#8264,#8275,.T.);
#8273 = VERTEX_POINT('',#8274);
#8274 = CARTESIAN_POINT('',(3.6995,-0.539227631728,9.192812502042));
#8275 = B_SPLINE_CURVE_WITH_KNOTS('',3,(#8276,#8277,#8278,#8279),
  .UNSPECIFIED.,.F.,.F.,(4,4),(17.,18.),.PIECEWISE_BEZIER_KNOTS.);
#8276 = CARTESIAN_POINT('',(3.6995,-0.539227631728,9.192812502042));
#8277 = CARTESIAN_POINT('',(3.6995,-0.615141958183,9.227516202409));
#8278 = CARTESIAN_POINT('',(3.6995,-0.66936647708,9.303430528863));
#8279 = CARTESIAN_POINT('',(3.6995,-0.66936647708,9.392358748129));
#8280 = ORIENTED_EDGE('',*,*,#8281,.F.);
#8281 = EDGE_CURVE('',#8282,#8273,#8284,.T.);
#8282 = VERTEX_POINT('',#8283);
#8283 = CARTESIAN_POINT('',(3.6995,-0.335343448951,9.335965240202));
#8284 = B_SPLINE_CURVE_WITH_KNOTS('',3,(#8285,#8286,#8287,#8288),
  .UNSPECIFIED.,.F.,.F.,(4,4),(16.,17.),.PIECEWISE_BEZIER_KNOTS.);
#8285 = CARTESIAN_POINT('',(3.6995,-0.335343448951,9.335965240202));
#8286 = CARTESIAN_POINT('',(3.6995,-0.428609646275,9.335965240202));
#8287 = CARTESIAN_POINT('',(3.6995,-0.50886190942,9.275233795587));
#8288 = CARTESIAN_POINT('',(3.6995,-0.539227631728,9.192812502042));
#8289 = ORIENTED_EDGE('',*,*,#8290,.F.);
#8290 = EDGE_CURVE('',#8291,#8282,#8293,.T.);
#8291 = VERTEX_POINT('',#8292);
#8292 = CARTESIAN_POINT('',(3.6995,-0.172669892262,9.262219902777));
#8293 = B_SPLINE_CURVE_WITH_KNOTS('',3,(#8294,#8295,#8296,#8297),
  .UNSPECIFIED.,.F.,.F.,(4,4),(15.,16.),.PIECEWISE_BEZIER_KNOTS.);
#8294 = CARTESIAN_POINT('',(3.6995,-0.172669892262,9.262219902777));
#8295 = CARTESIAN_POINT('',(3.6995,-0.21171152932,9.307768506924));
#8296 = CARTESIAN_POINT('',(3.6995,-0.270274026275,9.335965240202));
#8297 = CARTESIAN_POINT('',(3.6995,-0.335343448951,9.335965240202));
#8298 = ORIENTED_EDGE('',*,*,#8299,.F.);
#8299 = EDGE_CURVE('',#8300,#8291,#8302,.T.);
#8300 = VERTEX_POINT('',#8301);
#8301 = CARTESIAN_POINT('',(3.6995,0.117973520749,9.414048555686));
#8302 = B_SPLINE_CURVE_WITH_KNOTS('',1,(#8303,#8304),.UNSPECIFIED.,.F.,
  .F.,(2,2),(0.,0.327910861929),.PIECEWISE_BEZIER_KNOTS.);
#8303 = CARTESIAN_POINT('',(3.6995,0.117973520749,9.414048555686));
#8304 = CARTESIAN_POINT('',(3.6995,-0.172669892262,9.262219902777));
#8305 = ORIENTED_EDGE('',*,*,#8306,.F.);
#8306 = EDGE_CURVE('',#8307,#8300,#8309,.T.);
#8307 = VERTEX_POINT('',#8308);
#8308 = CARTESIAN_POINT('',(3.6995,0.185211891085,9.299092550805));
#8309 = B_SPLINE_CURVE_WITH_KNOTS('',1,(#8310,#8311),.UNSPECIFIED.,.F.,
  .F.,(2,2),(0.,0.133176129632),.PIECEWISE_BEZIER_KNOTS.);
#8310 = CARTESIAN_POINT('',(3.6995,0.185211891085,9.299092550805));
#8311 = CARTESIAN_POINT('',(3.6995,0.117973520749,9.414048555686));
#8312 = ORIENTED_EDGE('',*,*,#8313,.F.);
#8313 = EDGE_CURVE('',#8314,#8307,#8316,.T.);
#8314 = VERTEX_POINT('',#8315);
#8315 = CARTESIAN_POINT('',(3.6995,-0.118445414735,9.138587983145));
#8316 = B_SPLINE_CURVE_WITH_KNOTS('',1,(#8317,#8318),.UNSPECIFIED.,.F.,
  .F.,(2,2),(-4.150522652276E-16,0.343466847916),
  .PIECEWISE_BEZIER_KNOTS.);
#8317 = CARTESIAN_POINT('',(3.6995,-0.118445414735,9.138587983145));
#8318 = CARTESIAN_POINT('',(3.6995,0.185211891085,9.299092550805));
#8319 = ORIENTED_EDGE('',*,*,#8320,.F.);
#8320 = EDGE_CURVE('',#8321,#8314,#8323,.T.);
#8321 = VERTEX_POINT('',#8322);
#8322 = CARTESIAN_POINT('',(3.6995,-0.118445414735,9.116898175585));
#8323 = B_SPLINE_CURVE_WITH_KNOTS('',3,(#8324,#8325,#8326,#8327),
  .UNSPECIFIED.,.F.,.F.,(4,4),(11.,12.),.PIECEWISE_BEZIER_KNOTS.);
#8324 = CARTESIAN_POINT('',(3.6995,-0.118445414735,9.116898175585));
#8325 = CARTESIAN_POINT('',(3.6995,-0.118445414735,9.123405101306));
#8326 = CARTESIAN_POINT('',(3.6995,-0.118445414735,9.129912027026));
#8327 = CARTESIAN_POINT('',(3.6995,-0.118445414735,9.138587983145));
#8328 = ORIENTED_EDGE('',*,*,#8329,.F.);
#8329 = EDGE_CURVE('',#8330,#8321,#8332,.T.);
#8330 = VERTEX_POINT('',#8331);
#8331 = CARTESIAN_POINT('',(3.6995,-0.335343490321,8.9000001));
#8332 = B_SPLINE_CURVE_WITH_KNOTS('',3,(#8333,#8334,#8335,#8336),
  .UNSPECIFIED.,.F.,.F.,(4,4),(10.,11.),.PIECEWISE_BEZIER_KNOTS.);
#8333 = CARTESIAN_POINT('',(3.6995,-0.335343490321,8.9000001));
#8334 = CARTESIAN_POINT('',(3.6995,-0.21604954875,8.9000001));
#8335 = CARTESIAN_POINT('',(3.6995,-0.118445414735,8.997604234013));
#8336 = CARTESIAN_POINT('',(3.6995,-0.118445414735,9.116898175585));
#8337 = ORIENTED_EDGE('',*,*,#8338,.F.);
#8338 = EDGE_CURVE('',#8339,#8330,#8341,.T.);
#8339 = VERTEX_POINT('',#8340);
#8340 = CARTESIAN_POINT('',(3.6995,-0.541396682814,9.047490774851));
#8341 = B_SPLINE_CURVE_WITH_KNOTS('',3,(#8342,#8343,#8344,#8345),
  .UNSPECIFIED.,.F.,.F.,(4,4),(9.,10.),.PIECEWISE_BEZIER_KNOTS.);
#8342 = CARTESIAN_POINT('',(3.6995,-0.541396682814,9.047490774851));
#8343 = CARTESIAN_POINT('',(3.6995,-0.513199928851,8.960731544615));
#8344 = CARTESIAN_POINT('',(3.6995,-0.430778676676,8.9000001));
#8345 = CARTESIAN_POINT('',(3.6995,-0.335343490321,8.9000001));
#8346 = ORIENTED_EDGE('',*,*,#8347,.F.);
#8347 = EDGE_CURVE('',#8348,#8339,#8350,.T.);
#8348 = VERTEX_POINT('',#8349);
#8349 = CARTESIAN_POINT('',(3.6995,-0.714915143281,9.151601834584));
#8350 = B_SPLINE_CURVE_WITH_KNOTS('',3,(#8351,#8352,#8353,#8354),
  .UNSPECIFIED.,.F.,.F.,(4,4),(8.,9.),.PIECEWISE_BEZIER_KNOTS.);
#8351 = CARTESIAN_POINT('',(3.6995,-0.714915143281,9.151601834584));
#8352 = CARTESIAN_POINT('',(3.6995,-0.667197570791,9.099546263346));
#8353 = CARTESIAN_POINT('',(3.6995,-0.608635073834,9.06484260435));
#8354 = CARTESIAN_POINT('',(3.6995,-0.541396682814,9.047490774851));
#8355 = ORIENTED_EDGE('',*,*,#8356,.F.);
#8356 = EDGE_CURVE('',#8357,#8348,#8359,.T.);
#8357 = VERTEX_POINT('',#8358);
#8358 = CARTESIAN_POINT('',(3.6995,-0.806012330891,9.38802068733));
#8359 = B_SPLINE_CURVE_WITH_KNOTS('',3,(#8360,#8361,#8362,#8363),
  .UNSPECIFIED.,.F.,.F.,(4,4),(7.,8.),.PIECEWISE_BEZIER_KNOTS.);
#8360 = CARTESIAN_POINT('',(3.6995,-0.806012330891,9.38802068733));
#8361 = CARTESIAN_POINT('',(3.6995,-0.806012330891,9.301261457094));
#8362 = CARTESIAN_POINT('',(3.6995,-0.773477619554,9.21667117452));
#8363 = CARTESIAN_POINT('',(3.6995,-0.714915143281,9.151601834584));
#8364 = ORIENTED_EDGE('',*,*,#8365,.F.);
#8365 = EDGE_CURVE('',#8366,#8357,#8368,.T.);
#8366 = VERTEX_POINT('',#8367);
#8367 = CARTESIAN_POINT('',(3.6995,-0.704070177447,9.635284464538));
#8368 = B_SPLINE_CURVE_WITH_KNOTS('',3,(#8369,#8370,#8371,#8372),
  .UNSPECIFIED.,.F.,.F.,(4,4),(6.,7.),.PIECEWISE_BEZIER_KNOTS.);
#8369 = CARTESIAN_POINT('',(3.6995,-0.704070177447,9.635284464538));
#8370 = CARTESIAN_POINT('',(3.6995,-0.769139657007,9.570215062547));
#8371 = CARTESIAN_POINT('',(3.6995,-0.806012330891,9.481286843282));
#8372 = CARTESIAN_POINT('',(3.6995,-0.806012330891,9.38802068733));
#8373 = ORIENTED_EDGE('',*,*,#8374,.F.);
#8374 = EDGE_CURVE('',#8375,#8366,#8377,.T.);
#8375 = VERTEX_POINT('',#8376);
#8376 = CARTESIAN_POINT('',(3.6995,-0.454637390524,9.739395544956));
#8377 = B_SPLINE_CURVE_WITH_KNOTS('',3,(#8378,#8379,#8380,#8381),
  .UNSPECIFIED.,.F.,.F.,(4,4),(5.,6.),.PIECEWISE_BEZIER_KNOTS.);
#8378 = CARTESIAN_POINT('',(3.6995,-0.454637390524,9.739395544956));
#8379 = CARTESIAN_POINT('',(3.6995,-0.547903567163,9.739395544956));
#8380 = CARTESIAN_POINT('',(3.6995,-0.636831765742,9.702522876245));
#8381 = CARTESIAN_POINT('',(3.6995,-0.704070177447,9.635284464538));
#8382 = ORIENTED_EDGE('',*,*,#8383,.F.);
#8383 = EDGE_CURVE('',#8384,#8375,#8386,.T.);
#8384 = VERTEX_POINT('',#8385);
#8385 = CARTESIAN_POINT('',(3.6995,-0.404750849687,9.735057587582));
#8386 = B_SPLINE_CURVE_WITH_KNOTS('',3,(#8387,#8388,#8389,#8390),
  .UNSPECIFIED.,.F.,.F.,(4,4),(4.,5.),.PIECEWISE_BEZIER_KNOTS.);
#8387 = CARTESIAN_POINT('',(3.6995,-0.404750849687,9.735057587582));
#8388 = CARTESIAN_POINT('',(3.6995,-0.422102679186,9.737226576611));
#8389 = CARTESIAN_POINT('',(3.6995,-0.437285561025,9.739395544956));
#8390 = CARTESIAN_POINT('',(3.6995,-0.454637390524,9.739395544956));
#8391 = ORIENTED_EDGE('',*,*,#8392,.F.);
#8392 = EDGE_CURVE('',#8393,#8384,#8395,.T.);
#8393 = VERTEX_POINT('',#8394);
#8394 = CARTESIAN_POINT('',(3.6995,-0.309315704703,9.830492742907));
#8395 = B_SPLINE_CURVE_WITH_KNOTS('',3,(#8396,#8397,#8398,#8399),
  .UNSPECIFIED.,.F.,.F.,(4,4),(3.,4.),.PIECEWISE_BEZIER_KNOTS.);
#8396 = CARTESIAN_POINT('',(3.6995,-0.309315704703,9.830492742907));
#8397 = CARTESIAN_POINT('',(3.6995,-0.346188394101,9.804464967631));
#8398 = CARTESIAN_POINT('',(3.6995,-0.376554116409,9.771930256295));
#8399 = CARTESIAN_POINT('',(3.6995,-0.404750849687,9.735057587582));
#8400 = ORIENTED_EDGE('',*,*,#8401,.F.);
#8401 = EDGE_CURVE('',#8402,#8393,#8404,.T.);
#8402 = VERTEX_POINT('',#8403);
#8403 = CARTESIAN_POINT('',(3.6995,-4.903801400015E-02,9.915082994455));
#8404 = B_SPLINE_CURVE_WITH_KNOTS('',3,(#8405,#8406,#8407,#8408),
  .UNSPECIFIED.,.F.,.F.,(4,4),(2.,3.),.PIECEWISE_BEZIER_KNOTS.);
#8405 = CARTESIAN_POINT('',(3.6995,-4.903801400015E-02,9.915082994455));
#8406 = CARTESIAN_POINT('',(3.6995,-0.144473158983,9.915082994455));
#8407 = CARTESIAN_POINT('',(3.6995,-0.233401378248,9.88471726439));
#8408 = CARTESIAN_POINT('',(3.6995,-0.309315704703,9.830492742907));
#8409 = ORIENTED_EDGE('',*,*,#8410,.F.);
#8410 = EDGE_CURVE('',#8411,#8402,#8413,.T.);
#8411 = VERTEX_POINT('',#8412);
#8412 = CARTESIAN_POINT('',(3.6995,0.245943335702,9.802295988944));
#8413 = B_SPLINE_CURVE_WITH_KNOTS('',3,(#8414,#8415,#8416,#8417),
  .UNSPECIFIED.,.F.,.F.,(4,4),(1.,2.),.PIECEWISE_BEZIER_KNOTS.);
#8414 = CARTESIAN_POINT('',(3.6995,0.245943335702,9.802295988944));
#8415 = CARTESIAN_POINT('',(3.6995,0.163522083527,9.873872360611));
#8416 = CARTESIAN_POINT('',(3.6995,5.941102379256E-02,9.915082994455));
#8417 = CARTESIAN_POINT('',(3.6995,-4.903801400015E-02,9.915082994455));
#8418 = ORIENTED_EDGE('',*,*,#8419,.F.);
#8419 = EDGE_CURVE('',#8142,#8411,#8420,.T.);
#8420 = B_SPLINE_CURVE_WITH_KNOTS('',3,(#8421,#8422,#8423,#8424),
  .UNSPECIFIED.,.F.,.F.,(4,4),(0.,1.),.PIECEWISE_BEZIER_KNOTS.);
#8421 = CARTESIAN_POINT('',(3.6995,0.363068329614,9.630946507164));
#8422 = CARTESIAN_POINT('',(3.6995,0.339209574396,9.696015929838));
#8423 = CARTESIAN_POINT('',(3.6995,0.297998906938,9.75457840611));
#8424 = CARTESIAN_POINT('',(3.6995,0.245943335702,9.802295988944));
#8425 = FACE_BOUND('',#8426,.T.);
#8426 = EDGE_LOOP('',(#8427,#8440));
#8427 = ORIENTED_EDGE('',*,*,#8428,.T.);
#8428 = EDGE_CURVE('',#8429,#8431,#8433,.T.);
#8429 = VERTEX_POINT('',#8430);
#8430 = CARTESIAN_POINT('',(3.6995,-0.337512479352,9.19931934502));
#8431 = VERTEX_POINT('',#8432);
#8432 = CARTESIAN_POINT('',(3.6995,-0.337512479352,9.030138779872));
#8433 = B_SPLINE_CURVE_WITH_KNOTS('',3,(#8434,#8435,#8436,#8437,#8438,
    #8439),.UNSPECIFIED.,.F.,.F.,(4,2,4),(2.,3.,4.),.UNSPECIFIED.);
#8434 = CARTESIAN_POINT('',(3.6995,-0.337512479352,9.19931934502));
#8435 = CARTESIAN_POINT('',(3.6995,-0.383061083498,9.19931934502));
#8436 = CARTESIAN_POINT('',(3.6995,-0.422102720556,9.162446655623));
#8437 = CARTESIAN_POINT('',(3.6995,-0.422102720556,9.067011469269));
#8438 = CARTESIAN_POINT('',(3.6995,-0.383061083498,9.030138779872));
#8439 = CARTESIAN_POINT('',(3.6995,-0.337512479352,9.030138779872));
#8440 = ORIENTED_EDGE('',*,*,#8441,.T.);
#8441 = EDGE_CURVE('',#8431,#8429,#8442,.T.);
#8442 = B_SPLINE_CURVE_WITH_KNOTS('',3,(#8443,#8444,#8445,#8446,#8447,
    #8448,#8449),.UNSPECIFIED.,.F.,.F.,(4,3,4),(0.,1.,2.),
  .PIECEWISE_BEZIER_KNOTS.);
#8443 = CARTESIAN_POINT('',(3.6995,-0.337512479352,9.030138779872));
#8444 = CARTESIAN_POINT('',(3.6995,-0.289794927545,9.030138779872));
#8445 = CARTESIAN_POINT('',(3.6995,-0.252922238147,9.069180499669));
#8446 = CARTESIAN_POINT('',(3.6995,-0.252922238147,9.114729062446));
#8447 = CARTESIAN_POINT('',(3.6995,-0.252922238147,9.162446655623));
#8448 = CARTESIAN_POINT('',(3.6995,-0.291963875204,9.19931934502));
#8449 = CARTESIAN_POINT('',(3.6995,-0.337512479352,9.19931934502));
#8450 = B_SPLINE_SURFACE_WITH_KNOTS('',1,1,(
    (#8451,#8452)
    ,(#8453,#8454
    )),.UNSPECIFIED.,.F.,.F.,.F.,(2,2),(2,2),(-0.62303962697,
    0.392043267485),(-1.321993766559,6.181593913137E-02),
  .PIECEWISE_BEZIER_KNOTS.);
#8451 = CARTESIAN_POINT('',(3.6995,-0.806012330891,8.9000001));
#8452 = CARTESIAN_POINT('',(3.6995,0.5777973748,8.9000001));
#8453 = CARTESIAN_POINT('',(3.6995,-0.806012330891,9.915082994455));
#8454 = CARTESIAN_POINT('',(3.6995,0.5777973748,9.915082994455));
#8455 = ADVANCED_FACE('',(#8456),#8470,.F.);
#8456 = FACE_BOUND('',#8457,.F.);
#8457 = EDGE_LOOP('',(#8458,#8463,#8464,#8469));
#8458 = ORIENTED_EDGE('',*,*,#8459,.F.);
#8459 = EDGE_CURVE('',#7820,#8140,#8460,.T.);
#8460 = B_SPLINE_CURVE_WITH_KNOTS('',1,(#8461,#8462),.UNSPECIFIED.,.F.,
  .F.,(2,2),(-0.,1.E-03),.PIECEWISE_BEZIER_KNOTS.);
#8461 = CARTESIAN_POINT('',(3.7005,0.5777973748,9.346810102611));
#8462 = CARTESIAN_POINT('',(3.6995,0.5777973748,9.346810102611));
#8463 = ORIENTED_EDGE('',*,*,#7819,.T.);
#8464 = ORIENTED_EDGE('',*,*,#8465,.T.);
#8465 = EDGE_CURVE('',#7822,#8142,#8466,.T.);
#8466 = B_SPLINE_CURVE_WITH_KNOTS('',1,(#8467,#8468),.UNSPECIFIED.,.F.,
  .F.,(2,2),(-0.,1.E-03),.PIECEWISE_BEZIER_KNOTS.);
#8467 = CARTESIAN_POINT('',(3.7005,0.363068329614,9.630946507164));
#8468 = CARTESIAN_POINT('',(3.6995,0.363068329614,9.630946507164));
#8469 = ORIENTED_EDGE('',*,*,#8139,.F.);
#8470 = B_SPLINE_SURFACE_WITH_KNOTS('',3,1,(
    (#8471,#8472)
    ,(#8473,#8474)
    ,(#8475,#8476)
    ,(#8477,#8478
    )),.UNSPECIFIED.,.F.,.F.,.F.,(4,4),(2,2),(35.,36.),(0.,1.),
  .PIECEWISE_BEZIER_KNOTS.);
#8471 = CARTESIAN_POINT('',(3.7005,0.5777973748,9.346810102611));
#8472 = CARTESIAN_POINT('',(3.6995,0.5777973748,9.346810102611));
#8473 = CARTESIAN_POINT('',(3.7005,0.575628427139,9.476948865223));
#8474 = CARTESIAN_POINT('',(3.6995,0.575628427139,9.476948865223));
#8475 = CARTESIAN_POINT('',(3.7005,0.486700166505,9.591904870105));
#8476 = CARTESIAN_POINT('',(3.6995,0.486700166505,9.591904870105));
#8477 = CARTESIAN_POINT('',(3.7005,0.363068329614,9.630946507164));
#8478 = CARTESIAN_POINT('',(3.6995,0.363068329614,9.630946507164));
#8479 = ADVANCED_FACE('',(#8480),#8490,.F.);
#8480 = FACE_BOUND('',#8481,.F.);
#8481 = EDGE_LOOP('',(#8482,#8483,#8484,#8489));
#8482 = ORIENTED_EDGE('',*,*,#8465,.F.);
#8483 = ORIENTED_EDGE('',*,*,#7830,.T.);
#8484 = ORIENTED_EDGE('',*,*,#8485,.T.);
#8485 = EDGE_CURVE('',#7831,#8411,#8486,.T.);
#8486 = B_SPLINE_CURVE_WITH_KNOTS('',1,(#8487,#8488),.UNSPECIFIED.,.F.,
  .F.,(2,2),(-0.,1.E-03),.PIECEWISE_BEZIER_KNOTS.);
#8487 = CARTESIAN_POINT('',(3.7005,0.245943335702,9.802295988944));
#8488 = CARTESIAN_POINT('',(3.6995,0.245943335702,9.802295988944));
#8489 = ORIENTED_EDGE('',*,*,#8419,.F.);
#8490 = B_SPLINE_SURFACE_WITH_KNOTS('',3,1,(
    (#8491,#8492)
    ,(#8493,#8494)
    ,(#8495,#8496)
    ,(#8497,#8498
    )),.UNSPECIFIED.,.F.,.F.,.F.,(4,4),(2,2),(0.,1.),(0.,1.),
  .PIECEWISE_BEZIER_KNOTS.);
#8491 = CARTESIAN_POINT('',(3.7005,0.363068329614,9.630946507164));
#8492 = CARTESIAN_POINT('',(3.6995,0.363068329614,9.630946507164));
#8493 = CARTESIAN_POINT('',(3.7005,0.339209574396,9.696015929838));
#8494 = CARTESIAN_POINT('',(3.6995,0.339209574396,9.696015929838));
#8495 = CARTESIAN_POINT('',(3.7005,0.297998906938,9.75457840611));
#8496 = CARTESIAN_POINT('',(3.6995,0.297998906938,9.75457840611));
#8497 = CARTESIAN_POINT('',(3.7005,0.245943335702,9.802295988944));
#8498 = CARTESIAN_POINT('',(3.6995,0.245943335702,9.802295988944));
#8499 = ADVANCED_FACE('',(#8500),#8510,.F.);
#8500 = FACE_BOUND('',#8501,.F.);
#8501 = EDGE_LOOP('',(#8502,#8503,#8504,#8509));
#8502 = ORIENTED_EDGE('',*,*,#8485,.F.);
#8503 = ORIENTED_EDGE('',*,*,#7839,.T.);
#8504 = ORIENTED_EDGE('',*,*,#8505,.T.);
#8505 = EDGE_CURVE('',#7840,#8402,#8506,.T.);
#8506 = B_SPLINE_CURVE_WITH_KNOTS('',1,(#8507,#8508),.UNSPECIFIED.,.F.,
  .F.,(2,2),(-0.,1.E-03),.PIECEWISE_BEZIER_KNOTS.);
#8507 = CARTESIAN_POINT('',(3.7005,-4.903801400015E-02,9.915082994455));
#8508 = CARTESIAN_POINT('',(3.6995,-4.903801400015E-02,9.915082994455));
#8509 = ORIENTED_EDGE('',*,*,#8410,.F.);
#8510 = B_SPLINE_SURFACE_WITH_KNOTS('',3,1,(
    (#8511,#8512)
    ,(#8513,#8514)
    ,(#8515,#8516)
    ,(#8517,#8518
    )),.UNSPECIFIED.,.F.,.F.,.F.,(4,4),(2,2),(1.,2.),(0.,1.),
  .PIECEWISE_BEZIER_KNOTS.);
#8511 = CARTESIAN_POINT('',(3.7005,0.245943335702,9.802295988944));
#8512 = CARTESIAN_POINT('',(3.6995,0.245943335702,9.802295988944));
#8513 = CARTESIAN_POINT('',(3.7005,0.163522083527,9.873872360611));
#8514 = CARTESIAN_POINT('',(3.6995,0.163522083527,9.873872360611));
#8515 = CARTESIAN_POINT('',(3.7005,5.941102379256E-02,9.915082994455));
#8516 = CARTESIAN_POINT('',(3.6995,5.941102379256E-02,9.915082994455));
#8517 = CARTESIAN_POINT('',(3.7005,-4.903801400015E-02,9.915082994455));
#8518 = CARTESIAN_POINT('',(3.6995,-4.903801400015E-02,9.915082994455));
#8519 = ADVANCED_FACE('',(#8520),#8530,.F.);
#8520 = FACE_BOUND('',#8521,.F.);
#8521 = EDGE_LOOP('',(#8522,#8523,#8524,#8529));
#8522 = ORIENTED_EDGE('',*,*,#8505,.F.);
#8523 = ORIENTED_EDGE('',*,*,#7848,.T.);
#8524 = ORIENTED_EDGE('',*,*,#8525,.T.);
#8525 = EDGE_CURVE('',#7849,#8393,#8526,.T.);
#8526 = B_SPLINE_CURVE_WITH_KNOTS('',1,(#8527,#8528),.UNSPECIFIED.,.F.,
  .F.,(2,2),(-0.,1.E-03),.PIECEWISE_BEZIER_KNOTS.);
#8527 = CARTESIAN_POINT('',(3.7005,-0.309315704703,9.830492742907));
#8528 = CARTESIAN_POINT('',(3.6995,-0.309315704703,9.830492742907));
#8529 = ORIENTED_EDGE('',*,*,#8401,.F.);
#8530 = B_SPLINE_SURFACE_WITH_KNOTS('',3,1,(
    (#8531,#8532)
    ,(#8533,#8534)
    ,(#8535,#8536)
    ,(#8537,#8538
    )),.UNSPECIFIED.,.F.,.F.,.F.,(4,4),(2,2),(2.,3.),(0.,1.),
  .PIECEWISE_BEZIER_KNOTS.);
#8531 = CARTESIAN_POINT('',(3.7005,-4.903801400015E-02,9.915082994455));
#8532 = CARTESIAN_POINT('',(3.6995,-4.903801400015E-02,9.915082994455));
#8533 = CARTESIAN_POINT('',(3.7005,-0.144473158983,9.915082994455));
#8534 = CARTESIAN_POINT('',(3.6995,-0.144473158983,9.915082994455));
#8535 = CARTESIAN_POINT('',(3.7005,-0.233401378248,9.88471726439));
#8536 = CARTESIAN_POINT('',(3.6995,-0.233401378248,9.88471726439));
#8537 = CARTESIAN_POINT('',(3.7005,-0.309315704703,9.830492742907));
#8538 = CARTESIAN_POINT('',(3.6995,-0.309315704703,9.830492742907));
#8539 = ADVANCED_FACE('',(#8540),#8550,.F.);
#8540 = FACE_BOUND('',#8541,.F.);
#8541 = EDGE_LOOP('',(#8542,#8543,#8544,#8549));
#8542 = ORIENTED_EDGE('',*,*,#8525,.F.);
#8543 = ORIENTED_EDGE('',*,*,#7857,.T.);
#8544 = ORIENTED_EDGE('',*,*,#8545,.T.);
#8545 = EDGE_CURVE('',#7858,#8384,#8546,.T.);
#8546 = B_SPLINE_CURVE_WITH_KNOTS('',1,(#8547,#8548),.UNSPECIFIED.,.F.,
  .F.,(2,2),(-0.,1.E-03),.PIECEWISE_BEZIER_KNOTS.);
#8547 = CARTESIAN_POINT('',(3.7005,-0.404750849687,9.735057587582));
#8548 = CARTESIAN_POINT('',(3.6995,-0.404750849687,9.735057587582));
#8549 = ORIENTED_EDGE('',*,*,#8392,.F.);
#8550 = B_SPLINE_SURFACE_WITH_KNOTS('',3,1,(
    (#8551,#8552)
    ,(#8553,#8554)
    ,(#8555,#8556)
    ,(#8557,#8558
    )),.UNSPECIFIED.,.F.,.F.,.F.,(4,4),(2,2),(3.,4.),(0.,1.),
  .PIECEWISE_BEZIER_KNOTS.);
#8551 = CARTESIAN_POINT('',(3.7005,-0.309315704703,9.830492742907));
#8552 = CARTESIAN_POINT('',(3.6995,-0.309315704703,9.830492742907));
#8553 = CARTESIAN_POINT('',(3.7005,-0.346188394101,9.804464967631));
#8554 = CARTESIAN_POINT('',(3.6995,-0.346188394101,9.804464967631));
#8555 = CARTESIAN_POINT('',(3.7005,-0.376554116409,9.771930256295));
#8556 = CARTESIAN_POINT('',(3.6995,-0.376554116409,9.771930256295));
#8557 = CARTESIAN_POINT('',(3.7005,-0.404750849687,9.735057587582));
#8558 = CARTESIAN_POINT('',(3.6995,-0.404750849687,9.735057587582));
#8559 = ADVANCED_FACE('',(#8560),#8570,.F.);
#8560 = FACE_BOUND('',#8561,.F.);
#8561 = EDGE_LOOP('',(#8562,#8563,#8564,#8569));
#8562 = ORIENTED_EDGE('',*,*,#8545,.F.);
#8563 = ORIENTED_EDGE('',*,*,#7866,.T.);
#8564 = ORIENTED_EDGE('',*,*,#8565,.T.);
#8565 = EDGE_CURVE('',#7867,#8375,#8566,.T.);
#8566 = B_SPLINE_CURVE_WITH_KNOTS('',1,(#8567,#8568),.UNSPECIFIED.,.F.,
  .F.,(2,2),(-0.,1.E-03),.PIECEWISE_BEZIER_KNOTS.);
#8567 = CARTESIAN_POINT('',(3.7005,-0.454637390524,9.739395544956));
#8568 = CARTESIAN_POINT('',(3.6995,-0.454637390524,9.739395544956));
#8569 = ORIENTED_EDGE('',*,*,#8383,.F.);
#8570 = B_SPLINE_SURFACE_WITH_KNOTS('',3,1,(
    (#8571,#8572)
    ,(#8573,#8574)
    ,(#8575,#8576)
    ,(#8577,#8578
    )),.UNSPECIFIED.,.F.,.F.,.F.,(4,4),(2,2),(4.,5.),(0.,1.),
  .PIECEWISE_BEZIER_KNOTS.);
#8571 = CARTESIAN_POINT('',(3.7005,-0.404750849687,9.735057587582));
#8572 = CARTESIAN_POINT('',(3.6995,-0.404750849687,9.735057587582));
#8573 = CARTESIAN_POINT('',(3.7005,-0.422102679186,9.737226576611));
#8574 = CARTESIAN_POINT('',(3.6995,-0.422102679186,9.737226576611));
#8575 = CARTESIAN_POINT('',(3.7005,-0.437285561025,9.739395544956));
#8576 = CARTESIAN_POINT('',(3.6995,-0.437285561025,9.739395544956));
#8577 = CARTESIAN_POINT('',(3.7005,-0.454637390524,9.739395544956));
#8578 = CARTESIAN_POINT('',(3.6995,-0.454637390524,9.739395544956));
#8579 = ADVANCED_FACE('',(#8580),#8590,.F.);
#8580 = FACE_BOUND('',#8581,.F.);
#8581 = EDGE_LOOP('',(#8582,#8583,#8584,#8589));
#8582 = ORIENTED_EDGE('',*,*,#8565,.F.);
#8583 = ORIENTED_EDGE('',*,*,#7875,.T.);
#8584 = ORIENTED_EDGE('',*,*,#8585,.T.);
#8585 = EDGE_CURVE('',#7876,#8366,#8586,.T.);
#8586 = B_SPLINE_CURVE_WITH_KNOTS('',1,(#8587,#8588),.UNSPECIFIED.,.F.,
  .F.,(2,2),(-0.,1.E-03),.PIECEWISE_BEZIER_KNOTS.);
#8587 = CARTESIAN_POINT('',(3.7005,-0.704070177447,9.635284464538));
#8588 = CARTESIAN_POINT('',(3.6995,-0.704070177447,9.635284464538));
#8589 = ORIENTED_EDGE('',*,*,#8374,.F.);
#8590 = B_SPLINE_SURFACE_WITH_KNOTS('',3,1,(
    (#8591,#8592)
    ,(#8593,#8594)
    ,(#8595,#8596)
    ,(#8597,#8598
    )),.UNSPECIFIED.,.F.,.F.,.F.,(4,4),(2,2),(5.,6.),(0.,1.),
  .PIECEWISE_BEZIER_KNOTS.);
#8591 = CARTESIAN_POINT('',(3.7005,-0.454637390524,9.739395544956));
#8592 = CARTESIAN_POINT('',(3.6995,-0.454637390524,9.739395544956));
#8593 = CARTESIAN_POINT('',(3.7005,-0.547903567163,9.739395544956));
#8594 = CARTESIAN_POINT('',(3.6995,-0.547903567163,9.739395544956));
#8595 = CARTESIAN_POINT('',(3.7005,-0.636831765742,9.702522876245));
#8596 = CARTESIAN_POINT('',(3.6995,-0.636831765742,9.702522876245));
#8597 = CARTESIAN_POINT('',(3.7005,-0.704070177447,9.635284464538));
#8598 = CARTESIAN_POINT('',(3.6995,-0.704070177447,9.635284464538));
#8599 = ADVANCED_FACE('',(#8600),#8610,.F.);
#8600 = FACE_BOUND('',#8601,.F.);
#8601 = EDGE_LOOP('',(#8602,#8603,#8604,#8609));
#8602 = ORIENTED_EDGE('',*,*,#8585,.F.);
#8603 = ORIENTED_EDGE('',*,*,#7884,.T.);
#8604 = ORIENTED_EDGE('',*,*,#8605,.T.);
#8605 = EDGE_CURVE('',#7885,#8357,#8606,.T.);
#8606 = B_SPLINE_CURVE_WITH_KNOTS('',1,(#8607,#8608),.UNSPECIFIED.,.F.,
  .F.,(2,2),(-0.,1.E-03),.PIECEWISE_BEZIER_KNOTS.);
#8607 = CARTESIAN_POINT('',(3.7005,-0.806012330891,9.38802068733));
#8608 = CARTESIAN_POINT('',(3.6995,-0.806012330891,9.38802068733));
#8609 = ORIENTED_EDGE('',*,*,#8365,.F.);
#8610 = B_SPLINE_SURFACE_WITH_KNOTS('',3,1,(
    (#8611,#8612)
    ,(#8613,#8614)
    ,(#8615,#8616)
    ,(#8617,#8618
    )),.UNSPECIFIED.,.F.,.F.,.F.,(4,4),(2,2),(6.,7.),(0.,1.),
  .PIECEWISE_BEZIER_KNOTS.);
#8611 = CARTESIAN_POINT('',(3.7005,-0.704070177447,9.635284464538));
#8612 = CARTESIAN_POINT('',(3.6995,-0.704070177447,9.635284464538));
#8613 = CARTESIAN_POINT('',(3.7005,-0.769139657007,9.570215062547));
#8614 = CARTESIAN_POINT('',(3.6995,-0.769139657007,9.570215062547));
#8615 = CARTESIAN_POINT('',(3.7005,-0.806012330891,9.481286843282));
#8616 = CARTESIAN_POINT('',(3.6995,-0.806012330891,9.481286843282));
#8617 = CARTESIAN_POINT('',(3.7005,-0.806012330891,9.38802068733));
#8618 = CARTESIAN_POINT('',(3.6995,-0.806012330891,9.38802068733));
#8619 = ADVANCED_FACE('',(#8620),#8630,.F.);
#8620 = FACE_BOUND('',#8621,.F.);
#8621 = EDGE_LOOP('',(#8622,#8623,#8624,#8629));
#8622 = ORIENTED_EDGE('',*,*,#8605,.F.);
#8623 = ORIENTED_EDGE('',*,*,#7893,.T.);
#8624 = ORIENTED_EDGE('',*,*,#8625,.T.);
#8625 = EDGE_CURVE('',#7894,#8348,#8626,.T.);
#8626 = B_SPLINE_CURVE_WITH_KNOTS('',1,(#8627,#8628),.UNSPECIFIED.,.F.,
  .F.,(2,2),(-0.,1.E-03),.PIECEWISE_BEZIER_KNOTS.);
#8627 = CARTESIAN_POINT('',(3.7005,-0.714915143281,9.151601834584));
#8628 = CARTESIAN_POINT('',(3.6995,-0.714915143281,9.151601834584));
#8629 = ORIENTED_EDGE('',*,*,#8356,.F.);
#8630 = B_SPLINE_SURFACE_WITH_KNOTS('',3,1,(
    (#8631,#8632)
    ,(#8633,#8634)
    ,(#8635,#8636)
    ,(#8637,#8638
    )),.UNSPECIFIED.,.F.,.F.,.F.,(4,4),(2,2),(7.,8.),(0.,1.),
  .PIECEWISE_BEZIER_KNOTS.);
#8631 = CARTESIAN_POINT('',(3.7005,-0.806012330891,9.38802068733));
#8632 = CARTESIAN_POINT('',(3.6995,-0.806012330891,9.38802068733));
#8633 = CARTESIAN_POINT('',(3.7005,-0.806012330891,9.301261457094));
#8634 = CARTESIAN_POINT('',(3.6995,-0.806012330891,9.301261457094));
#8635 = CARTESIAN_POINT('',(3.7005,-0.773477619554,9.21667117452));
#8636 = CARTESIAN_POINT('',(3.6995,-0.773477619554,9.21667117452));
#8637 = CARTESIAN_POINT('',(3.7005,-0.714915143281,9.151601834584));
#8638 = CARTESIAN_POINT('',(3.6995,-0.714915143281,9.151601834584));
#8639 = ADVANCED_FACE('',(#8640),#8650,.F.);
#8640 = FACE_BOUND('',#8641,.F.);
#8641 = EDGE_LOOP('',(#8642,#8643,#8644,#8649));
#8642 = ORIENTED_EDGE('',*,*,#8625,.F.);
#8643 = ORIENTED_EDGE('',*,*,#7902,.T.);
#8644 = ORIENTED_EDGE('',*,*,#8645,.T.);
#8645 = EDGE_CURVE('',#7903,#8339,#8646,.T.);
#8646 = B_SPLINE_CURVE_WITH_KNOTS('',1,(#8647,#8648),.UNSPECIFIED.,.F.,
  .F.,(2,2),(-0.,1.E-03),.PIECEWISE_BEZIER_KNOTS.);
#8647 = CARTESIAN_POINT('',(3.7005,-0.541396682814,9.047490774851));
#8648 = CARTESIAN_POINT('',(3.6995,-0.541396682814,9.047490774851));
#8649 = ORIENTED_EDGE('',*,*,#8347,.F.);
#8650 = B_SPLINE_SURFACE_WITH_KNOTS('',3,1,(
    (#8651,#8652)
    ,(#8653,#8654)
    ,(#8655,#8656)
    ,(#8657,#8658
    )),.UNSPECIFIED.,.F.,.F.,.F.,(4,4),(2,2),(8.,9.),(0.,1.),
  .PIECEWISE_BEZIER_KNOTS.);
#8651 = CARTESIAN_POINT('',(3.7005,-0.714915143281,9.151601834584));
#8652 = CARTESIAN_POINT('',(3.6995,-0.714915143281,9.151601834584));
#8653 = CARTESIAN_POINT('',(3.7005,-0.667197570791,9.099546263346));
#8654 = CARTESIAN_POINT('',(3.6995,-0.667197570791,9.099546263346));
#8655 = CARTESIAN_POINT('',(3.7005,-0.608635073834,9.06484260435));
#8656 = CARTESIAN_POINT('',(3.6995,-0.608635073834,9.06484260435));
#8657 = CARTESIAN_POINT('',(3.7005,-0.541396682814,9.047490774851));
#8658 = CARTESIAN_POINT('',(3.6995,-0.541396682814,9.047490774851));
#8659 = ADVANCED_FACE('',(#8660),#8670,.F.);
#8660 = FACE_BOUND('',#8661,.F.);
#8661 = EDGE_LOOP('',(#8662,#8663,#8664,#8669));
#8662 = ORIENTED_EDGE('',*,*,#8645,.F.);
#8663 = ORIENTED_EDGE('',*,*,#7911,.T.);
#8664 = ORIENTED_EDGE('',*,*,#8665,.T.);
#8665 = EDGE_CURVE('',#7912,#8330,#8666,.T.);
#8666 = B_SPLINE_CURVE_WITH_KNOTS('',1,(#8667,#8668),.UNSPECIFIED.,.F.,
  .F.,(2,2),(-0.,1.E-03),.PIECEWISE_BEZIER_KNOTS.);
#8667 = CARTESIAN_POINT('',(3.7005,-0.335343490321,8.9000001));
#8668 = CARTESIAN_POINT('',(3.6995,-0.335343490321,8.9000001));
#8669 = ORIENTED_EDGE('',*,*,#8338,.F.);
#8670 = B_SPLINE_SURFACE_WITH_KNOTS('',3,1,(
    (#8671,#8672)
    ,(#8673,#8674)
    ,(#8675,#8676)
    ,(#8677,#8678
    )),.UNSPECIFIED.,.F.,.F.,.F.,(4,4),(2,2),(9.,10.),(0.,1.),
  .PIECEWISE_BEZIER_KNOTS.);
#8671 = CARTESIAN_POINT('',(3.7005,-0.541396682814,9.047490774851));
#8672 = CARTESIAN_POINT('',(3.6995,-0.541396682814,9.047490774851));
#8673 = CARTESIAN_POINT('',(3.7005,-0.513199928851,8.960731544615));
#8674 = CARTESIAN_POINT('',(3.6995,-0.513199928851,8.960731544615));
#8675 = CARTESIAN_POINT('',(3.7005,-0.430778676676,8.9000001));
#8676 = CARTESIAN_POINT('',(3.6995,-0.430778676676,8.9000001));
#8677 = CARTESIAN_POINT('',(3.7005,-0.335343490321,8.9000001));
#8678 = CARTESIAN_POINT('',(3.6995,-0.335343490321,8.9000001));
#8679 = ADVANCED_FACE('',(#8680),#8690,.F.);
#8680 = FACE_BOUND('',#8681,.F.);
#8681 = EDGE_LOOP('',(#8682,#8683,#8684,#8689));
#8682 = ORIENTED_EDGE('',*,*,#8665,.F.);
#8683 = ORIENTED_EDGE('',*,*,#7920,.T.);
#8684 = ORIENTED_EDGE('',*,*,#8685,.T.);
#8685 = EDGE_CURVE('',#7921,#8321,#8686,.T.);
#8686 = B_SPLINE_CURVE_WITH_KNOTS('',1,(#8687,#8688),.UNSPECIFIED.,.F.,
  .F.,(2,2),(-0.,1.E-03),.PIECEWISE_BEZIER_KNOTS.);
#8687 = CARTESIAN_POINT('',(3.7005,-0.118445414735,9.116898175585));
#8688 = CARTESIAN_POINT('',(3.6995,-0.118445414735,9.116898175585));
#8689 = ORIENTED_EDGE('',*,*,#8329,.F.);
#8690 = B_SPLINE_SURFACE_WITH_KNOTS('',3,1,(
    (#8691,#8692)
    ,(#8693,#8694)
    ,(#8695,#8696)
    ,(#8697,#8698
    )),.UNSPECIFIED.,.F.,.F.,.F.,(4,4),(2,2),(10.,11.),(0.,1.),
  .PIECEWISE_BEZIER_KNOTS.);
#8691 = CARTESIAN_POINT('',(3.7005,-0.335343490321,8.9000001));
#8692 = CARTESIAN_POINT('',(3.6995,-0.335343490321,8.9000001));
#8693 = CARTESIAN_POINT('',(3.7005,-0.21604954875,8.9000001));
#8694 = CARTESIAN_POINT('',(3.6995,-0.21604954875,8.9000001));
#8695 = CARTESIAN_POINT('',(3.7005,-0.118445414735,8.997604234013));
#8696 = CARTESIAN_POINT('',(3.6995,-0.118445414735,8.997604234013));
#8697 = CARTESIAN_POINT('',(3.7005,-0.118445414735,9.116898175585));
#8698 = CARTESIAN_POINT('',(3.6995,-0.118445414735,9.116898175585));
#8699 = ADVANCED_FACE('',(#8700),#8710,.F.);
#8700 = FACE_BOUND('',#8701,.T.);
#8701 = EDGE_LOOP('',(#8702,#8703,#8708,#8709));
#8702 = ORIENTED_EDGE('',*,*,#8320,.T.);
#8703 = ORIENTED_EDGE('',*,*,#8704,.F.);
#8704 = EDGE_CURVE('',#7930,#8314,#8705,.T.);
#8705 = B_SPLINE_CURVE_WITH_KNOTS('',1,(#8706,#8707),.UNSPECIFIED.,.F.,
  .F.,(2,2),(-0.,1.E-03),.PIECEWISE_BEZIER_KNOTS.);
#8706 = CARTESIAN_POINT('',(3.7005,-0.118445414735,9.138587983145));
#8707 = CARTESIAN_POINT('',(3.6995,-0.118445414735,9.138587983145));
#8708 = ORIENTED_EDGE('',*,*,#7929,.F.);
#8709 = ORIENTED_EDGE('',*,*,#8685,.T.);
#8710 = B_SPLINE_SURFACE_WITH_KNOTS('',1,1,(
    (#8711,#8712)
    ,(#8713,#8714
    )),.UNSPECIFIED.,.F.,.F.,.F.,(2,2),(2,2),(-2.168980756E-02,0.),(
    -1.E-03,0.),.PIECEWISE_BEZIER_KNOTS.);
#8711 = CARTESIAN_POINT('',(3.6995,-0.118445414735,9.138587983145));
#8712 = CARTESIAN_POINT('',(3.7005,-0.118445414735,9.138587983145));
#8713 = CARTESIAN_POINT('',(3.6995,-0.118445414735,9.116898175585));
#8714 = CARTESIAN_POINT('',(3.7005,-0.118445414735,9.116898175585));
#8715 = ADVANCED_FACE('',(#8716),#8726,.F.);
#8716 = FACE_BOUND('',#8717,.T.);
#8717 = EDGE_LOOP('',(#8718,#8719,#8724,#8725));
#8718 = ORIENTED_EDGE('',*,*,#8313,.T.);
#8719 = ORIENTED_EDGE('',*,*,#8720,.F.);
#8720 = EDGE_CURVE('',#7939,#8307,#8721,.T.);
#8721 = B_SPLINE_CURVE_WITH_KNOTS('',1,(#8722,#8723),.UNSPECIFIED.,.F.,
  .F.,(2,2),(-0.,1.E-03),.PIECEWISE_BEZIER_KNOTS.);
#8722 = CARTESIAN_POINT('',(3.7005,0.185211891085,9.299092550805));
#8723 = CARTESIAN_POINT('',(3.6995,0.185211891085,9.299092550805));
#8724 = ORIENTED_EDGE('',*,*,#7938,.F.);
#8725 = ORIENTED_EDGE('',*,*,#8704,.T.);
#8726 = B_SPLINE_SURFACE_WITH_KNOTS('',1,1,(
    (#8727,#8728)
    ,(#8729,#8730
    )),.UNSPECIFIED.,.F.,.F.,.F.,(2,2),(2,2),(-0.343466847916,
    4.150522652276E-16),(-1.000000000001E-03,0.),
  .PIECEWISE_BEZIER_KNOTS.);
#8727 = CARTESIAN_POINT('',(3.6995,0.185211891085,9.299092550805));
#8728 = CARTESIAN_POINT('',(3.7005,0.185211891085,9.299092550805));
#8729 = CARTESIAN_POINT('',(3.6995,-0.118445414735,9.138587983145));
#8730 = CARTESIAN_POINT('',(3.7005,-0.118445414735,9.138587983145));
#8731 = ADVANCED_FACE('',(#8732),#8742,.F.);
#8732 = FACE_BOUND('',#8733,.T.);
#8733 = EDGE_LOOP('',(#8734,#8735,#8740,#8741));
#8734 = ORIENTED_EDGE('',*,*,#8306,.T.);
#8735 = ORIENTED_EDGE('',*,*,#8736,.F.);
#8736 = EDGE_CURVE('',#7946,#8300,#8737,.T.);
#8737 = B_SPLINE_CURVE_WITH_KNOTS('',1,(#8738,#8739),.UNSPECIFIED.,.F.,
  .F.,(2,2),(-0.,1.E-03),.PIECEWISE_BEZIER_KNOTS.);
#8738 = CARTESIAN_POINT('',(3.7005,0.117973520749,9.414048555686));
#8739 = CARTESIAN_POINT('',(3.6995,0.117973520749,9.414048555686));
#8740 = ORIENTED_EDGE('',*,*,#7945,.F.);
#8741 = ORIENTED_EDGE('',*,*,#8720,.T.);
#8742 = B_SPLINE_SURFACE_WITH_KNOTS('',1,1,(
    (#8743,#8744)
    ,(#8745,#8746
    )),.UNSPECIFIED.,.F.,.F.,.F.,(2,2),(2,2),(-0.133176129632,0.),(
    -1.E-03,0.),.PIECEWISE_BEZIER_KNOTS.);
#8743 = CARTESIAN_POINT('',(3.6995,0.117973520749,9.414048555686));
#8744 = CARTESIAN_POINT('',(3.7005,0.117973520749,9.414048555686));
#8745 = CARTESIAN_POINT('',(3.6995,0.185211891085,9.299092550805));
#8746 = CARTESIAN_POINT('',(3.7005,0.185211891085,9.299092550805));
#8747 = ADVANCED_FACE('',(#8748),#8758,.F.);
#8748 = FACE_BOUND('',#8749,.T.);
#8749 = EDGE_LOOP('',(#8750,#8751,#8756,#8757));
#8750 = ORIENTED_EDGE('',*,*,#8299,.T.);
#8751 = ORIENTED_EDGE('',*,*,#8752,.F.);
#8752 = EDGE_CURVE('',#7953,#8291,#8753,.T.);
#8753 = B_SPLINE_CURVE_WITH_KNOTS('',1,(#8754,#8755),.UNSPECIFIED.,.F.,
  .F.,(2,2),(-0.,1.E-03),.PIECEWISE_BEZIER_KNOTS.);
#8754 = CARTESIAN_POINT('',(3.7005,-0.172669892262,9.262219902777));
#8755 = CARTESIAN_POINT('',(3.6995,-0.172669892262,9.262219902777));
#8756 = ORIENTED_EDGE('',*,*,#7952,.F.);
#8757 = ORIENTED_EDGE('',*,*,#8736,.T.);
#8758 = B_SPLINE_SURFACE_WITH_KNOTS('',1,1,(
    (#8759,#8760)
    ,(#8761,#8762
    )),.UNSPECIFIED.,.F.,.F.,.F.,(2,2),(2,2),(-0.327910861929,0.),(
    -1.E-03,0.),.PIECEWISE_BEZIER_KNOTS.);
#8759 = CARTESIAN_POINT('',(3.6995,-0.172669892262,9.262219902777));
#8760 = CARTESIAN_POINT('',(3.7005,-0.172669892262,9.262219902777));
#8761 = CARTESIAN_POINT('',(3.6995,0.117973520749,9.414048555686));
#8762 = CARTESIAN_POINT('',(3.7005,0.117973520749,9.414048555686));
#8763 = ADVANCED_FACE('',(#8764),#8774,.F.);
#8764 = FACE_BOUND('',#8765,.F.);
#8765 = EDGE_LOOP('',(#8766,#8767,#8768,#8773));
#8766 = ORIENTED_EDGE('',*,*,#8752,.F.);
#8767 = ORIENTED_EDGE('',*,*,#7959,.T.);
#8768 = ORIENTED_EDGE('',*,*,#8769,.T.);
#8769 = EDGE_CURVE('',#7960,#8282,#8770,.T.);
#8770 = B_SPLINE_CURVE_WITH_KNOTS('',1,(#8771,#8772),.UNSPECIFIED.,.F.,
  .F.,(2,2),(-0.,1.E-03),.PIECEWISE_BEZIER_KNOTS.);
#8771 = CARTESIAN_POINT('',(3.7005,-0.335343448951,9.335965240202));
#8772 = CARTESIAN_POINT('',(3.6995,-0.335343448951,9.335965240202));
#8773 = ORIENTED_EDGE('',*,*,#8290,.F.);
#8774 = B_SPLINE_SURFACE_WITH_KNOTS('',3,1,(
    (#8775,#8776)
    ,(#8777,#8778)
    ,(#8779,#8780)
    ,(#8781,#8782
    )),.UNSPECIFIED.,.F.,.F.,.F.,(4,4),(2,2),(15.,16.),(0.,1.),
  .PIECEWISE_BEZIER_KNOTS.);
#8775 = CARTESIAN_POINT('',(3.7005,-0.172669892262,9.262219902777));
#8776 = CARTESIAN_POINT('',(3.6995,-0.172669892262,9.262219902777));
#8777 = CARTESIAN_POINT('',(3.7005,-0.21171152932,9.307768506924));
#8778 = CARTESIAN_POINT('',(3.6995,-0.21171152932,9.307768506924));
#8779 = CARTESIAN_POINT('',(3.7005,-0.270274026275,9.335965240202));
#8780 = CARTESIAN_POINT('',(3.6995,-0.270274026275,9.335965240202));
#8781 = CARTESIAN_POINT('',(3.7005,-0.335343448951,9.335965240202));
#8782 = CARTESIAN_POINT('',(3.6995,-0.335343448951,9.335965240202));
#8783 = ADVANCED_FACE('',(#8784),#8794,.F.);
#8784 = FACE_BOUND('',#8785,.F.);
#8785 = EDGE_LOOP('',(#8786,#8787,#8788,#8793));
#8786 = ORIENTED_EDGE('',*,*,#8769,.F.);
#8787 = ORIENTED_EDGE('',*,*,#7968,.T.);
#8788 = ORIENTED_EDGE('',*,*,#8789,.T.);
#8789 = EDGE_CURVE('',#7969,#8273,#8790,.T.);
#8790 = B_SPLINE_CURVE_WITH_KNOTS('',1,(#8791,#8792),.UNSPECIFIED.,.F.,
  .F.,(2,2),(-0.,1.E-03),.PIECEWISE_BEZIER_KNOTS.);
#8791 = CARTESIAN_POINT('',(3.7005,-0.539227631728,9.192812502042));
#8792 = CARTESIAN_POINT('',(3.6995,-0.539227631728,9.192812502042));
#8793 = ORIENTED_EDGE('',*,*,#8281,.F.);
#8794 = B_SPLINE_SURFACE_WITH_KNOTS('',3,1,(
    (#8795,#8796)
    ,(#8797,#8798)
    ,(#8799,#8800)
    ,(#8801,#8802
    )),.UNSPECIFIED.,.F.,.F.,.F.,(4,4),(2,2),(16.,17.),(0.,1.),
  .PIECEWISE_BEZIER_KNOTS.);
#8795 = CARTESIAN_POINT('',(3.7005,-0.335343448951,9.335965240202));
#8796 = CARTESIAN_POINT('',(3.6995,-0.335343448951,9.335965240202));
#8797 = CARTESIAN_POINT('',(3.7005,-0.428609646275,9.335965240202));
#8798 = CARTESIAN_POINT('',(3.6995,-0.428609646275,9.335965240202));
#8799 = CARTESIAN_POINT('',(3.7005,-0.50886190942,9.275233795587));
#8800 = CARTESIAN_POINT('',(3.6995,-0.50886190942,9.275233795587));
#8801 = CARTESIAN_POINT('',(3.7005,-0.539227631728,9.192812502042));
#8802 = CARTESIAN_POINT('',(3.6995,-0.539227631728,9.192812502042));
#8803 = ADVANCED_FACE('',(#8804),#8814,.F.);
#8804 = FACE_BOUND('',#8805,.F.);
#8805 = EDGE_LOOP('',(#8806,#8807,#8808,#8813));
#8806 = ORIENTED_EDGE('',*,*,#8789,.F.);
#8807 = ORIENTED_EDGE('',*,*,#7977,.T.);
#8808 = ORIENTED_EDGE('',*,*,#8809,.T.);
#8809 = EDGE_CURVE('',#7978,#8264,#8810,.T.);
#8810 = B_SPLINE_CURVE_WITH_KNOTS('',1,(#8811,#8812),.UNSPECIFIED.,.F.,
  .F.,(2,2),(-0.,1.E-03),.PIECEWISE_BEZIER_KNOTS.);
#8811 = CARTESIAN_POINT('',(3.7005,-0.66936647708,9.392358748129));
#8812 = CARTESIAN_POINT('',(3.6995,-0.66936647708,9.392358748129));
#8813 = ORIENTED_EDGE('',*,*,#8272,.F.);
#8814 = B_SPLINE_SURFACE_WITH_KNOTS('',3,1,(
    (#8815,#8816)
    ,(#8817,#8818)
    ,(#8819,#8820)
    ,(#8821,#8822
    )),.UNSPECIFIED.,.F.,.F.,.F.,(4,4),(2,2),(17.,18.),(0.,1.),
  .PIECEWISE_BEZIER_KNOTS.);
#8815 = CARTESIAN_POINT('',(3.7005,-0.539227631728,9.192812502042));
#8816 = CARTESIAN_POINT('',(3.6995,-0.539227631728,9.192812502042));
#8817 = CARTESIAN_POINT('',(3.7005,-0.615141958183,9.227516202409));
#8818 = CARTESIAN_POINT('',(3.6995,-0.615141958183,9.227516202409));
#8819 = CARTESIAN_POINT('',(3.7005,-0.66936647708,9.303430528863));
#8820 = CARTESIAN_POINT('',(3.6995,-0.66936647708,9.303430528863));
#8821 = CARTESIAN_POINT('',(3.7005,-0.66936647708,9.392358748129));
#8822 = CARTESIAN_POINT('',(3.6995,-0.66936647708,9.392358748129));
#8823 = ADVANCED_FACE('',(#8824),#8834,.F.);
#8824 = FACE_BOUND('',#8825,.F.);
#8825 = EDGE_LOOP('',(#8826,#8827,#8828,#8833));
#8826 = ORIENTED_EDGE('',*,*,#8809,.F.);
#8827 = ORIENTED_EDGE('',*,*,#7986,.T.);
#8828 = ORIENTED_EDGE('',*,*,#8829,.T.);
#8829 = EDGE_CURVE('',#7987,#8255,#8830,.T.);
#8830 = B_SPLINE_CURVE_WITH_KNOTS('',1,(#8831,#8832),.UNSPECIFIED.,.F.,
  .F.,(2,2),(-0.,1.E-03),.PIECEWISE_BEZIER_KNOTS.);
#8831 = CARTESIAN_POINT('',(3.7005,-0.452468401495,9.609256823714));
#8832 = CARTESIAN_POINT('',(3.6995,-0.452468401495,9.609256823714));
#8833 = ORIENTED_EDGE('',*,*,#8263,.F.);
#8834 = B_SPLINE_SURFACE_WITH_KNOTS('',3,1,(
    (#8835,#8836)
    ,(#8837,#8838)
    ,(#8839,#8840)
    ,(#8841,#8842
    )),.UNSPECIFIED.,.F.,.F.,.F.,(4,4),(2,2),(18.,19.),(0.,1.),
  .PIECEWISE_BEZIER_KNOTS.);
#8835 = CARTESIAN_POINT('',(3.7005,-0.66936647708,9.392358748129));
#8836 = CARTESIAN_POINT('',(3.6995,-0.66936647708,9.392358748129));
#8837 = CARTESIAN_POINT('',(3.7005,-0.66936647708,9.511652689701));
#8838 = CARTESIAN_POINT('',(3.6995,-0.66936647708,9.511652689701));
#8839 = CARTESIAN_POINT('',(3.7005,-0.571762343066,9.609256823714));
#8840 = CARTESIAN_POINT('',(3.6995,-0.571762343066,9.609256823714));
#8841 = CARTESIAN_POINT('',(3.7005,-0.452468401495,9.609256823714));
#8842 = CARTESIAN_POINT('',(3.6995,-0.452468401495,9.609256823714));
#8843 = ADVANCED_FACE('',(#8844),#8854,.F.);
#8844 = FACE_BOUND('',#8845,.F.);
#8845 = EDGE_LOOP('',(#8846,#8847,#8848,#8853));
#8846 = ORIENTED_EDGE('',*,*,#8829,.F.);
#8847 = ORIENTED_EDGE('',*,*,#7995,.T.);
#8848 = ORIENTED_EDGE('',*,*,#8849,.T.);
#8849 = EDGE_CURVE('',#7996,#8246,#8850,.T.);
#8850 = B_SPLINE_CURVE_WITH_KNOTS('',1,(#8851,#8852),.UNSPECIFIED.,.F.,
  .F.,(2,2),(-0.,1.E-03),.PIECEWISE_BEZIER_KNOTS.);
#8851 = CARTESIAN_POINT('',(3.7005,-0.337512437982,9.576722112375));
#8852 = CARTESIAN_POINT('',(3.6995,-0.337512437982,9.576722112375));
#8853 = ORIENTED_EDGE('',*,*,#8254,.F.);
#8854 = B_SPLINE_SURFACE_WITH_KNOTS('',3,1,(
    (#8855,#8856)
    ,(#8857,#8858)
    ,(#8859,#8860)
    ,(#8861,#8862
    )),.UNSPECIFIED.,.F.,.F.,.F.,(4,4),(2,2),(19.,20.),(0.,1.),
  .PIECEWISE_BEZIER_KNOTS.);
#8855 = CARTESIAN_POINT('',(3.7005,-0.452468401495,9.609256823714));
#8856 = CARTESIAN_POINT('',(3.6995,-0.452468401495,9.609256823714));
#8857 = CARTESIAN_POINT('',(3.7005,-0.411257775406,9.609256823714));
#8858 = CARTESIAN_POINT('',(3.6995,-0.411257775406,9.609256823714));
#8859 = CARTESIAN_POINT('',(3.7005,-0.370047149318,9.596242930906));
#8860 = CARTESIAN_POINT('',(3.6995,-0.370047149318,9.596242930906));
#8861 = CARTESIAN_POINT('',(3.7005,-0.337512437982,9.576722112375));
#8862 = CARTESIAN_POINT('',(3.6995,-0.337512437982,9.576722112375));
#8863 = ADVANCED_FACE('',(#8864),#8874,.F.);
#8864 = FACE_BOUND('',#8865,.F.);
#8865 = EDGE_LOOP('',(#8866,#8867,#8868,#8873));
#8866 = ORIENTED_EDGE('',*,*,#8849,.F.);
#8867 = ORIENTED_EDGE('',*,*,#8004,.T.);
#8868 = ORIENTED_EDGE('',*,*,#8869,.T.);
#8869 = EDGE_CURVE('',#8005,#8237,#8870,.T.);
#8870 = B_SPLINE_CURVE_WITH_KNOTS('',1,(#8871,#8872),.UNSPECIFIED.,.F.,
  .F.,(2,2),(-0.,1.E-03),.PIECEWISE_BEZIER_KNOTS.);
#8871 = CARTESIAN_POINT('',(3.7005,-4.686906633976E-02,9.784944149103));
#8872 = CARTESIAN_POINT('',(3.6995,-4.686906633976E-02,9.784944149103));
#8873 = ORIENTED_EDGE('',*,*,#8245,.F.);
#8874 = B_SPLINE_SURFACE_WITH_KNOTS('',3,1,(
    (#8875,#8876)
    ,(#8877,#8878)
    ,(#8879,#8880)
    ,(#8881,#8882
    )),.UNSPECIFIED.,.F.,.F.,.F.,(4,4),(2,2),(20.,21.),(0.,1.),
  .PIECEWISE_BEZIER_KNOTS.);
#8875 = CARTESIAN_POINT('',(3.7005,-0.337512437982,9.576722112375));
#8876 = CARTESIAN_POINT('',(3.6995,-0.337512437982,9.576722112375));
#8877 = CARTESIAN_POINT('',(3.7005,-0.296301853264,9.698184918869));
#8878 = CARTESIAN_POINT('',(3.6995,-0.296301853264,9.698184918869));
#8879 = CARTESIAN_POINT('',(3.7005,-0.183514837412,9.784944149103));
#8880 = CARTESIAN_POINT('',(3.6995,-0.183514837412,9.784944149103));
#8881 = CARTESIAN_POINT('',(3.7005,-4.686906633976E-02,9.784944149103));
#8882 = CARTESIAN_POINT('',(3.6995,-4.686906633976E-02,9.784944149103));
#8883 = ADVANCED_FACE('',(#8884),#8894,.F.);
#8884 = FACE_BOUND('',#8885,.F.);
#8885 = EDGE_LOOP('',(#8886,#8887,#8888,#8893));
#8886 = ORIENTED_EDGE('',*,*,#8869,.F.);
#8887 = ORIENTED_EDGE('',*,*,#8013,.T.);
#8888 = ORIENTED_EDGE('',*,*,#8889,.T.);
#8889 = EDGE_CURVE('',#8014,#8228,#8890,.T.);
#8890 = B_SPLINE_CURVE_WITH_KNOTS('',1,(#8891,#8892),.UNSPECIFIED.,.F.,
  .F.,(2,2),(-0.,1.E-03),.PIECEWISE_BEZIER_KNOTS.);
#8891 = CARTESIAN_POINT('',(3.7005,0.25678823948,9.513821554621));
#8892 = CARTESIAN_POINT('',(3.6995,0.25678823948,9.513821554621));
#8893 = ORIENTED_EDGE('',*,*,#8236,.F.);
#8894 = B_SPLINE_SURFACE_WITH_KNOTS('',3,1,(
    (#8895,#8896)
    ,(#8897,#8898)
    ,(#8899,#8900)
    ,(#8901,#8902
    )),.UNSPECIFIED.,.F.,.F.,.F.,(4,4),(2,2),(21.,22.),(0.,1.),
  .PIECEWISE_BEZIER_KNOTS.);
#8895 = CARTESIAN_POINT('',(3.7005,-4.686906633976E-02,9.784944149103));
#8896 = CARTESIAN_POINT('',(3.6995,-4.686906633976E-02,9.784944149103));
#8897 = CARTESIAN_POINT('',(3.7005,0.109297564631,9.784944149103));
#8898 = CARTESIAN_POINT('',(3.6995,0.109297564631,9.784944149103));
#8899 = CARTESIAN_POINT('',(3.7005,0.239436409981,9.66565020753));
#8900 = CARTESIAN_POINT('',(3.6995,0.239436409981,9.66565020753));
#8901 = CARTESIAN_POINT('',(3.7005,0.25678823948,9.513821554621));
#8902 = CARTESIAN_POINT('',(3.6995,0.25678823948,9.513821554621));
#8903 = ADVANCED_FACE('',(#8904),#8914,.F.);
#8904 = FACE_BOUND('',#8905,.T.);
#8905 = EDGE_LOOP('',(#8906,#8907,#8912,#8913));
#8906 = ORIENTED_EDGE('',*,*,#8227,.T.);
#8907 = ORIENTED_EDGE('',*,*,#8908,.F.);
#8908 = EDGE_CURVE('',#8023,#8219,#8909,.T.);
#8909 = B_SPLINE_CURVE_WITH_KNOTS('',1,(#8910,#8911),.UNSPECIFIED.,.F.,
  .F.,(2,2),(-0.,1.E-03),.PIECEWISE_BEZIER_KNOTS.);
#8910 = CARTESIAN_POINT('',(3.7005,0.27414006898,9.513821554621));
#8911 = CARTESIAN_POINT('',(3.6995,0.27414006898,9.513821554621));
#8912 = ORIENTED_EDGE('',*,*,#8022,.F.);
#8913 = ORIENTED_EDGE('',*,*,#8889,.T.);
#8914 = B_SPLINE_SURFACE_WITH_KNOTS('',1,1,(
    (#8915,#8916)
    ,(#8917,#8918
    )),.UNSPECIFIED.,.F.,.F.,.F.,(2,2),(2,2),(-1.E-03,0.),(0.,
    1.735182949916E-02),.PIECEWISE_BEZIER_KNOTS.);
#8915 = CARTESIAN_POINT('',(3.6995,0.25678823948,9.513821554621));
#8916 = CARTESIAN_POINT('',(3.6995,0.27414006898,9.513821554621));
#8917 = CARTESIAN_POINT('',(3.7005,0.25678823948,9.513821554621));
#8918 = CARTESIAN_POINT('',(3.7005,0.27414006898,9.513821554621));
#8919 = ADVANCED_FACE('',(#8920),#8930,.F.);
#8920 = FACE_BOUND('',#8921,.F.);
#8921 = EDGE_LOOP('',(#8922,#8923,#8924,#8929));
#8922 = ORIENTED_EDGE('',*,*,#8908,.F.);
#8923 = ORIENTED_EDGE('',*,*,#8031,.T.);
#8924 = ORIENTED_EDGE('',*,*,#8925,.T.);
#8925 = EDGE_CURVE('',#8032,#8210,#8926,.T.);
#8926 = B_SPLINE_CURVE_WITH_KNOTS('',1,(#8927,#8928),.UNSPECIFIED.,.F.,
  .F.,(2,2),(-0.,1.E-03),.PIECEWISE_BEZIER_KNOTS.);
#8927 = CARTESIAN_POINT('',(3.7005,0.443320551388,9.344641072212));
#8928 = CARTESIAN_POINT('',(3.6995,0.443320551388,9.344641072212));
#8929 = ORIENTED_EDGE('',*,*,#8218,.F.);
#8930 = B_SPLINE_SURFACE_WITH_KNOTS('',3,1,(
    (#8931,#8932)
    ,(#8933,#8934)
    ,(#8935,#8936)
    ,(#8937,#8938
    )),.UNSPECIFIED.,.F.,.F.,.F.,(4,4),(2,2),(23.,24.),(0.,1.),
  .PIECEWISE_BEZIER_KNOTS.);
#8931 = CARTESIAN_POINT('',(3.7005,0.27414006898,9.513821554621));
#8932 = CARTESIAN_POINT('',(3.6995,0.27414006898,9.513821554621));
#8933 = CARTESIAN_POINT('',(3.7005,0.367406224934,9.513821554621));
#8934 = CARTESIAN_POINT('',(3.6995,0.367406224934,9.513821554621));
#8935 = CARTESIAN_POINT('',(3.7005,0.443320551388,9.437907228166));
#8936 = CARTESIAN_POINT('',(3.6995,0.443320551388,9.437907228166));
#8937 = CARTESIAN_POINT('',(3.7005,0.443320551388,9.344641072212));
#8938 = CARTESIAN_POINT('',(3.6995,0.443320551388,9.344641072212));
#8939 = ADVANCED_FACE('',(#8940),#8950,.F.);
#8940 = FACE_BOUND('',#8941,.F.);
#8941 = EDGE_LOOP('',(#8942,#8943,#8944,#8949));
#8942 = ORIENTED_EDGE('',*,*,#8925,.F.);
#8943 = ORIENTED_EDGE('',*,*,#8040,.T.);
#8944 = ORIENTED_EDGE('',*,*,#8945,.T.);
#8945 = EDGE_CURVE('',#8041,#8203,#8946,.T.);
#8946 = B_SPLINE_CURVE_WITH_KNOTS('',1,(#8947,#8948),.UNSPECIFIED.,.F.,
  .F.,(2,2),(-0.,1.E-03),.PIECEWISE_BEZIER_KNOTS.);
#8947 = CARTESIAN_POINT('',(3.7005,0.287153920419,9.175460589803));
#8948 = CARTESIAN_POINT('',(3.6995,0.287153920419,9.175460589803));
#8949 = ORIENTED_EDGE('',*,*,#8209,.F.);
#8950 = B_SPLINE_SURFACE_WITH_KNOTS('',3,1,(
    (#8951,#8952)
    ,(#8953,#8954)
    ,(#8955,#8956)
    ,(#8957,#8958
    )),.UNSPECIFIED.,.F.,.F.,.F.,(4,4),(2,2),(24.,25.),(0.,1.),
  .PIECEWISE_BEZIER_KNOTS.);
#8951 = CARTESIAN_POINT('',(3.7005,0.443320551388,9.344641072212));
#8952 = CARTESIAN_POINT('',(3.6995,0.443320551388,9.344641072212));
#8953 = CARTESIAN_POINT('',(3.7005,0.443320551388,9.255712852947));
#8954 = CARTESIAN_POINT('',(3.6995,0.443320551388,9.255712852947));
#8955 = CARTESIAN_POINT('',(3.7005,0.376082181052,9.181967515523));
#8956 = CARTESIAN_POINT('',(3.6995,0.376082181052,9.181967515523));
#8957 = CARTESIAN_POINT('',(3.7005,0.287153920419,9.175460589803));
#8958 = CARTESIAN_POINT('',(3.6995,0.287153920419,9.175460589803));
#8959 = ADVANCED_FACE('',(#8960),#8970,.F.);
#8960 = FACE_BOUND('',#8961,.T.);
#8961 = EDGE_LOOP('',(#8962,#8963,#8968,#8969));
#8962 = ORIENTED_EDGE('',*,*,#8202,.T.);
#8963 = ORIENTED_EDGE('',*,*,#8964,.F.);
#8964 = EDGE_CURVE('',#8050,#8194,#8965,.T.);
#8965 = B_SPLINE_CURVE_WITH_KNOTS('',1,(#8966,#8967),.UNSPECIFIED.,.F.,
  .F.,(2,2),(-0.,1.E-03),.PIECEWISE_BEZIER_KNOTS.);
#8966 = CARTESIAN_POINT('',(3.7005,0.189549786405,9.175460589803));
#8967 = CARTESIAN_POINT('',(3.6995,0.189549786405,9.175460589803));
#8968 = ORIENTED_EDGE('',*,*,#8049,.F.);
#8969 = ORIENTED_EDGE('',*,*,#8945,.T.);
#8970 = B_SPLINE_SURFACE_WITH_KNOTS('',1,1,(
    (#8971,#8972)
    ,(#8973,#8974
    )),.UNSPECIFIED.,.F.,.F.,.F.,(2,2),(2,2),(-0.,1.000000000001E-03),(
    -9.760413401376E-02,0.),.PIECEWISE_BEZIER_KNOTS.);
#8971 = CARTESIAN_POINT('',(3.7005,0.189549786405,9.175460589803));
#8972 = CARTESIAN_POINT('',(3.7005,0.287153920419,9.175460589803));
#8973 = CARTESIAN_POINT('',(3.6995,0.189549786405,9.175460589803));
#8974 = CARTESIAN_POINT('',(3.6995,0.287153920419,9.175460589803));
#8975 = ADVANCED_FACE('',(#8976),#8986,.F.);
#8976 = FACE_BOUND('',#8977,.F.);
#8977 = EDGE_LOOP('',(#8978,#8979,#8980,#8985));
#8978 = ORIENTED_EDGE('',*,*,#8964,.F.);
#8979 = ORIENTED_EDGE('',*,*,#8056,.T.);
#8980 = ORIENTED_EDGE('',*,*,#8981,.T.);
#8981 = EDGE_CURVE('',#8057,#8185,#8982,.T.);
#8982 = B_SPLINE_CURVE_WITH_KNOTS('',1,(#8983,#8984),.UNSPECIFIED.,.F.,
  .F.,(2,2),(-0.,1.E-03),.PIECEWISE_BEZIER_KNOTS.);
#8983 = CARTESIAN_POINT('',(3.7005,0.176535934966,9.177629537462));
#8984 = CARTESIAN_POINT('',(3.6995,0.176535934966,9.177629537462));
#8985 = ORIENTED_EDGE('',*,*,#8193,.F.);
#8986 = B_SPLINE_SURFACE_WITH_KNOTS('',3,1,(
    (#8987,#8988)
    ,(#8989,#8990)
    ,(#8991,#8992)
    ,(#8993,#8994
    )),.UNSPECIFIED.,.F.,.F.,.F.,(4,4),(2,2),(26.,27.),(0.,1.),
  .PIECEWISE_BEZIER_KNOTS.);
#8987 = CARTESIAN_POINT('',(3.7005,0.189549786405,9.175460589803));
#8988 = CARTESIAN_POINT('',(3.6995,0.189549786405,9.175460589803));
#8989 = CARTESIAN_POINT('',(3.7005,0.185211808345,9.175460589803));
#8990 = CARTESIAN_POINT('',(3.6995,0.185211808345,9.175460589803));
#8991 = CARTESIAN_POINT('',(3.7005,0.180873830286,9.177629537462));
#8992 = CARTESIAN_POINT('',(3.6995,0.180873830286,9.177629537462));
#8993 = CARTESIAN_POINT('',(3.7005,0.176535934966,9.177629537462));
#8994 = CARTESIAN_POINT('',(3.6995,0.176535934966,9.177629537462));
#8995 = ADVANCED_FACE('',(#8996),#9006,.F.);
#8996 = FACE_BOUND('',#8997,.F.);
#8997 = EDGE_LOOP('',(#8998,#8999,#9000,#9005));
#8998 = ORIENTED_EDGE('',*,*,#8981,.F.);
#8999 = ORIENTED_EDGE('',*,*,#8065,.T.);
#9000 = ORIENTED_EDGE('',*,*,#9001,.T.);
#9001 = EDGE_CURVE('',#8066,#8176,#9002,.T.);
#9002 = B_SPLINE_CURVE_WITH_KNOTS('',1,(#9003,#9004),.UNSPECIFIED.,.F.,
  .F.,(2,2),(-0.,1.E-03),.PIECEWISE_BEZIER_KNOTS.);
#9003 = CARTESIAN_POINT('',(3.7005,0.109297564631,9.110391167127));
#9004 = CARTESIAN_POINT('',(3.6995,0.109297564631,9.110391167127));
#9005 = ORIENTED_EDGE('',*,*,#8184,.F.);
#9006 = B_SPLINE_SURFACE_WITH_KNOTS('',3,1,(
    (#9007,#9008)
    ,(#9009,#9010)
    ,(#9011,#9012)
    ,(#9013,#9014
    )),.UNSPECIFIED.,.F.,.F.,.F.,(4,4),(2,2),(27.,28.),(0.,1.),
  .PIECEWISE_BEZIER_KNOTS.);
#9007 = CARTESIAN_POINT('',(3.7005,0.176535934966,9.177629537462));
#9008 = CARTESIAN_POINT('',(3.6995,0.176535934966,9.177629537462));
#9009 = CARTESIAN_POINT('',(3.7005,0.139663245568,9.177629537462));
#9010 = CARTESIAN_POINT('',(3.6995,0.139663245568,9.177629537462));
#9011 = CARTESIAN_POINT('',(3.7005,0.109297564631,9.147263773785));
#9012 = CARTESIAN_POINT('',(3.6995,0.109297564631,9.147263773785));
#9013 = CARTESIAN_POINT('',(3.7005,0.109297564631,9.110391167127));
#9014 = CARTESIAN_POINT('',(3.6995,0.109297564631,9.110391167127));
#9015 = ADVANCED_FACE('',(#9016),#9026,.F.);
#9016 = FACE_BOUND('',#9017,.F.);
#9017 = EDGE_LOOP('',(#9018,#9019,#9020,#9025));
#9018 = ORIENTED_EDGE('',*,*,#9001,.F.);
#9019 = ORIENTED_EDGE('',*,*,#8074,.T.);
#9020 = ORIENTED_EDGE('',*,*,#9021,.T.);
#9021 = EDGE_CURVE('',#8075,#8169,#9022,.T.);
#9022 = B_SPLINE_CURVE_WITH_KNOTS('',1,(#9023,#9024),.UNSPECIFIED.,.F.,
  .F.,(2,2),(-0.,1.E-03),.PIECEWISE_BEZIER_KNOTS.);
#9023 = CARTESIAN_POINT('',(3.7005,0.172198039646,9.04315279679));
#9024 = CARTESIAN_POINT('',(3.6995,0.172198039646,9.04315279679));
#9025 = ORIENTED_EDGE('',*,*,#8175,.F.);
#9026 = B_SPLINE_SURFACE_WITH_KNOTS('',3,1,(
    (#9027,#9028)
    ,(#9029,#9030)
    ,(#9031,#9032)
    ,(#9033,#9034
    )),.UNSPECIFIED.,.F.,.F.,.F.,(4,4),(2,2),(28.,29.),(0.,1.),
  .PIECEWISE_BEZIER_KNOTS.);
#9027 = CARTESIAN_POINT('',(3.7005,0.109297564631,9.110391167127));
#9028 = CARTESIAN_POINT('',(3.6995,0.109297564631,9.110391167127));
#9029 = CARTESIAN_POINT('',(3.7005,0.109297564631,9.075687508129));
#9030 = CARTESIAN_POINT('',(3.6995,0.109297564631,9.075687508129));
#9031 = CARTESIAN_POINT('',(3.7005,0.137494297908,9.045321744449));
#9032 = CARTESIAN_POINT('',(3.6995,0.137494297908,9.045321744449));
#9033 = CARTESIAN_POINT('',(3.7005,0.172198039646,9.04315279679));
#9034 = CARTESIAN_POINT('',(3.6995,0.172198039646,9.04315279679));
#9035 = ADVANCED_FACE('',(#9036),#9046,.F.);
#9036 = FACE_BOUND('',#9037,.T.);
#9037 = EDGE_LOOP('',(#9038,#9039,#9044,#9045));
#9038 = ORIENTED_EDGE('',*,*,#8168,.T.);
#9039 = ORIENTED_EDGE('',*,*,#9040,.F.);
#9040 = EDGE_CURVE('',#8084,#8160,#9041,.T.);
#9041 = B_SPLINE_CURVE_WITH_KNOTS('',1,(#9042,#9043),.UNSPECIFIED.,.F.,
  .F.,(2,2),(-0.,1.E-03),.PIECEWISE_BEZIER_KNOTS.);
#9042 = CARTESIAN_POINT('',(3.7005,0.300167854598,9.04315279679));
#9043 = CARTESIAN_POINT('',(3.6995,0.300167854598,9.04315279679));
#9044 = ORIENTED_EDGE('',*,*,#8083,.F.);
#9045 = ORIENTED_EDGE('',*,*,#9021,.T.);
#9046 = B_SPLINE_SURFACE_WITH_KNOTS('',1,1,(
    (#9047,#9048)
    ,(#9049,#9050
    )),.UNSPECIFIED.,.F.,.F.,.F.,(2,2),(2,2),(-1.000000000001E-03,0.),(
    -0.121462889232,6.506925720194E-03),.PIECEWISE_BEZIER_KNOTS.);
#9047 = CARTESIAN_POINT('',(3.6995,0.172198039646,9.04315279679));
#9048 = CARTESIAN_POINT('',(3.6995,0.300167854598,9.04315279679));
#9049 = CARTESIAN_POINT('',(3.7005,0.172198039646,9.04315279679));
#9050 = CARTESIAN_POINT('',(3.7005,0.300167854598,9.04315279679));
#9051 = ADVANCED_FACE('',(#9052),#9062,.F.);
#9052 = FACE_BOUND('',#9053,.F.);
#9053 = EDGE_LOOP('',(#9054,#9055,#9056,#9061));
#9054 = ORIENTED_EDGE('',*,*,#9040,.F.);
#9055 = ORIENTED_EDGE('',*,*,#8090,.T.);
#9056 = ORIENTED_EDGE('',*,*,#9057,.T.);
#9057 = EDGE_CURVE('',#8091,#8151,#9058,.T.);
#9058 = B_SPLINE_CURVE_WITH_KNOTS('',1,(#9059,#9060),.UNSPECIFIED.,.F.,
  .F.,(2,2),(-0.,1.E-03),.PIECEWISE_BEZIER_KNOTS.);
#9059 = CARTESIAN_POINT('',(3.7005,0.497545070284,9.140756930805));
#9060 = CARTESIAN_POINT('',(3.6995,0.497545070284,9.140756930805));
#9061 = ORIENTED_EDGE('',*,*,#8159,.F.);
#9062 = B_SPLINE_SURFACE_WITH_KNOTS('',3,1,(
    (#9063,#9064)
    ,(#9065,#9066)
    ,(#9067,#9068)
    ,(#9069,#9070
    )),.UNSPECIFIED.,.F.,.F.,.F.,(4,4),(2,2),(33.,34.),(0.,1.),
  .PIECEWISE_BEZIER_KNOTS.);
#9063 = CARTESIAN_POINT('',(3.7005,0.300167854598,9.04315279679));
#9064 = CARTESIAN_POINT('',(3.6995,0.300167854598,9.04315279679));
#9065 = CARTESIAN_POINT('',(3.7005,0.376082181052,9.04965972251));
#9066 = CARTESIAN_POINT('',(3.6995,0.376082181052,9.04965972251));
#9067 = CARTESIAN_POINT('',(3.7005,0.445489581789,9.084363464249));
#9068 = CARTESIAN_POINT('',(3.6995,0.445489581789,9.084363464249));
#9069 = CARTESIAN_POINT('',(3.7005,0.497545070284,9.140756930805));
#9070 = CARTESIAN_POINT('',(3.6995,0.497545070284,9.140756930805));
#9071 = ADVANCED_FACE('',(#9072),#9078,.F.);
#9072 = FACE_BOUND('',#9073,.F.);
#9073 = EDGE_LOOP('',(#9074,#9075,#9076,#9077));
#9074 = ORIENTED_EDGE('',*,*,#9057,.F.);
#9075 = ORIENTED_EDGE('',*,*,#8099,.T.);
#9076 = ORIENTED_EDGE('',*,*,#8459,.T.);
#9077 = ORIENTED_EDGE('',*,*,#8150,.F.);
#9078 = B_SPLINE_SURFACE_WITH_KNOTS('',3,1,(
    (#9079,#9080)
    ,(#9081,#9082)
    ,(#9083,#9084)
    ,(#9085,#9086
    )),.UNSPECIFIED.,.F.,.F.,.F.,(4,4),(2,2),(34.,35.),(0.,1.),
  .PIECEWISE_BEZIER_KNOTS.);
#9079 = CARTESIAN_POINT('',(3.7005,0.497545070284,9.140756930805));
#9080 = CARTESIAN_POINT('',(3.6995,0.497545070284,9.140756930805));
#9081 = CARTESIAN_POINT('',(3.7005,0.549600641522,9.197150397361));
#9082 = CARTESIAN_POINT('',(3.6995,0.549600641522,9.197150397361));
#9083 = CARTESIAN_POINT('',(3.7005,0.5777973748,9.270895776156));
#9084 = CARTESIAN_POINT('',(3.6995,0.5777973748,9.270895776156));
#9085 = CARTESIAN_POINT('',(3.7005,0.5777973748,9.346810102611));
#9086 = CARTESIAN_POINT('',(3.6995,0.5777973748,9.346810102611));
#9087 = ADVANCED_FACE('',(#9088),#9102,.T.);
#9088 = FACE_BOUND('',#9089,.T.);
#9089 = EDGE_LOOP('',(#9090,#9091,#9096,#9097));
#9090 = ORIENTED_EDGE('',*,*,#8441,.F.);
#9091 = ORIENTED_EDGE('',*,*,#9092,.F.);
#9092 = EDGE_CURVE('',#8109,#8431,#9093,.T.);
#9093 = B_SPLINE_CURVE_WITH_KNOTS('',1,(#9094,#9095),.UNSPECIFIED.,.F.,
  .F.,(2,2),(-0.,1.E-03),.PIECEWISE_BEZIER_KNOTS.);
#9094 = CARTESIAN_POINT('',(3.7005,-0.337512479352,9.030138779872));
#9095 = CARTESIAN_POINT('',(3.6995,-0.337512479352,9.030138779872));
#9096 = ORIENTED_EDGE('',*,*,#8108,.T.);
#9097 = ORIENTED_EDGE('',*,*,#9098,.T.);
#9098 = EDGE_CURVE('',#8111,#8429,#9099,.T.);
#9099 = B_SPLINE_CURVE_WITH_KNOTS('',1,(#9100,#9101),.UNSPECIFIED.,.F.,
  .F.,(2,2),(-0.,1.E-03),.PIECEWISE_BEZIER_KNOTS.);
#9100 = CARTESIAN_POINT('',(3.7005,-0.337512479352,9.19931934502));
#9101 = CARTESIAN_POINT('',(3.6995,-0.337512479352,9.19931934502));
#9102 = B_SPLINE_SURFACE_WITH_KNOTS('',3,1,(
    (#9103,#9104)
    ,(#9105,#9106)
    ,(#9107,#9108)
    ,(#9109,#9110)
    ,(#9111,#9112)
    ,(#9113,#9114)
    ,(#9115,#9116
    )),.UNSPECIFIED.,.F.,.F.,.F.,(4,3,4),(2,2),(0.,1.,2.),(0.,1.),
  .PIECEWISE_BEZIER_KNOTS.);
#9103 = CARTESIAN_POINT('',(3.7005,-0.337512479352,9.030138779872));
#9104 = CARTESIAN_POINT('',(3.6995,-0.337512479352,9.030138779872));
#9105 = CARTESIAN_POINT('',(3.7005,-0.289794927545,9.030138779872));
#9106 = CARTESIAN_POINT('',(3.6995,-0.289794927545,9.030138779872));
#9107 = CARTESIAN_POINT('',(3.7005,-0.252922238147,9.069180499669));
#9108 = CARTESIAN_POINT('',(3.6995,-0.252922238147,9.069180499669));
#9109 = CARTESIAN_POINT('',(3.7005,-0.252922238147,9.114729062446));
#9110 = CARTESIAN_POINT('',(3.6995,-0.252922238147,9.114729062446));
#9111 = CARTESIAN_POINT('',(3.7005,-0.252922238147,9.162446655623));
#9112 = CARTESIAN_POINT('',(3.6995,-0.252922238147,9.162446655623));
#9113 = CARTESIAN_POINT('',(3.7005,-0.291963875204,9.19931934502));
#9114 = CARTESIAN_POINT('',(3.6995,-0.291963875204,9.19931934502));
#9115 = CARTESIAN_POINT('',(3.7005,-0.337512479352,9.19931934502));
#9116 = CARTESIAN_POINT('',(3.6995,-0.337512479352,9.19931934502));
#9117 = ADVANCED_FACE('',(#9118),#9124,.T.);
#9118 = FACE_BOUND('',#9119,.T.);
#9119 = EDGE_LOOP('',(#9120,#9121,#9122,#9123));
#9120 = ORIENTED_EDGE('',*,*,#8428,.F.);
#9121 = ORIENTED_EDGE('',*,*,#9098,.F.);
#9122 = ORIENTED_EDGE('',*,*,#8122,.T.);
#9123 = ORIENTED_EDGE('',*,*,#9092,.T.);
#9124 = B_SPLINE_SURFACE_WITH_KNOTS('',3,1,(
    (#9125,#9126)
    ,(#9127,#9128)
    ,(#9129,#9130)
    ,(#9131,#9132)
    ,(#9133,#9134)
    ,(#9135,#9136
    )),.UNSPECIFIED.,.F.,.F.,.F.,(4,2,4),(2,2),(2.,3.,4.),(0.,1.),
  .UNSPECIFIED.);
#9125 = CARTESIAN_POINT('',(3.7005,-0.337512479352,9.19931934502));
#9126 = CARTESIAN_POINT('',(3.6995,-0.337512479352,9.19931934502));
#9127 = CARTESIAN_POINT('',(3.7005,-0.383061083498,9.19931934502));
#9128 = CARTESIAN_POINT('',(3.6995,-0.383061083498,9.19931934502));
#9129 = CARTESIAN_POINT('',(3.7005,-0.422102720556,9.162446655623));
#9130 = CARTESIAN_POINT('',(3.6995,-0.422102720556,9.162446655623));
#9131 = CARTESIAN_POINT('',(3.7005,-0.422102720556,9.067011469269));
#9132 = CARTESIAN_POINT('',(3.6995,-0.422102720556,9.067011469269));
#9133 = CARTESIAN_POINT('',(3.7005,-0.383061083498,9.030138779872));
#9134 = CARTESIAN_POINT('',(3.6995,-0.383061083498,9.030138779872));
#9135 = CARTESIAN_POINT('',(3.7005,-0.337512479352,9.030138779872));
#9136 = CARTESIAN_POINT('',(3.6995,-0.337512479352,9.030138779872));
#9137 = ( GEOMETRIC_REPRESENTATION_CONTEXT(3) 
GLOBAL_UNCERTAINTY_ASSIGNED_CONTEXT((#9141)) 
GLOBAL_UNIT_ASSIGNED_CONTEXT((#9138,#9139,#9140)) REPRESENTATION_CONTEXT
('Context #1','3D Context with UNIT and UNCERTAINTY') );
#9138 = ( LENGTH_UNIT() NAMED_UNIT(*) SI_UNIT(.MILLI.,.METRE.) );
#9139 = ( NAMED_UNIT(*) PLANE_ANGLE_UNIT() SI_UNIT($,.RADIAN.) );
#9140 = ( NAMED_UNIT(*) SI_UNIT($,.STERADIAN.) SOLID_ANGLE_UNIT() );
#9141 = UNCERTAINTY_MEASURE_WITH_UNIT(LENGTH_MEASURE(1.E-07),#9138,
  'distance_accuracy_value','confusion accuracy');
#9142 = PRODUCT_RELATED_PRODUCT_CATEGORY('part',$,(#7));
#9143 = MECHANICAL_DESIGN_GEOMETRIC_PRESENTATION_REPRESENTATION('',(
    #9144,#9152,#9159,#9166,#9173,#9180,#9187,#9194,#9201,#9208,#9215,
    #9222,#9229,#9236,#9243,#9250,#9257,#9264,#9271,#9278,#9285,#9292,
    #9299,#9307,#9314,#9321,#9328,#9335,#9342,#9349,#9356,#9363,#9370,
    #9377,#9384,#9391,#9398,#9405,#9412,#9419,#9426,#9433,#9440,#9447,
    #9454,#9461,#9468,#9475,#9482,#9489,#9496,#9503,#9510,#9517,#9524,
    #9531,#9538,#9545,#9552,#9559,#9566,#9573,#9580,#9587,#9594,#9601,
    #9608,#9615,#9622,#9629,#9636,#9643,#9650,#9657,#9665,#9672,#9679,
    #9686,#9693,#9700,#9707,#9714,#9721,#9728,#9735,#9742,#9749,#9756,
    #9763,#9770,#9777,#9784,#9791,#9798,#9805,#9812,#9819,#9826,#9833,
    #9840,#9847,#9854,#9861,#9868,#9875,#9882,#9889,#9896,#9903,#9910,
    #9917,#9924,#9931,#9938,#9945,#9952,#9959,#9966,#9973,#9980,#9987,
    #9994,#10001,#10008,#10015,#10022,#10029,#10036,#10043,#10050,#10057
    ,#10064,#10071,#10078,#10085,#10092,#10099,#10106,#10113,#10120,
    #10127,#10134,#10141,#10148,#10155,#10162,#10169,#10176,#10183,
    #10190,#10197,#10204,#10211,#10218,#10225,#10232,#10239,#10246,
    #10253,#10260,#10267,#10274,#10281,#10288,#10295,#10302,#10309,
    #10316,#10323,#10330,#10337,#10344,#10351,#10358,#10365,#10372,
    #10379,#10386,#10393,#10400,#10407,#10414,#10421,#10428,#10435,
    #10442,#10449,#10456,#10463,#10470,#10477,#10484,#10491,#10498,
    #10505,#10512,#10519,#10526,#10533,#10540,#10547,#10554,#10561,
    #10568,#10575,#10582,#10589,#10596,#10603,#10610,#10617,#10624,
    #10631,#10638,#10645,#10652,#10659,#10666,#10673,#10680,#10687,
    #10694,#10701,#10708,#10715,#10722,#10729,#10736,#10743,#10750,
    #10757,#10764,#10771,#10778,#10785,#10792,#10799,#10806,#10813,
    #10820,#10827,#10834,#10841,#10848,#10855,#10862,#10869,#10876,
    #10883,#10890,#10897,#10904,#10911,#10918,#10925,#10932,#10939,
    #10946,#10953,#10960,#10967,#10974,#10981,#10988,#10995,#11002,
    #11009,#11016,#11023,#11030,#11037,#11044,#11051,#11058,#11065,
    #11072,#11079,#11086,#11093,#11100,#11107,#11114,#11121,#11128,
    #11135,#11142,#11149,#11156,#11163,#11170,#11177,#11184,#11191,
    #11198,#11205,#11212,#11219,#11226,#11233,#11240,#11247,#11254,
    #11261,#11268,#11275,#11282,#11289,#11296,#11303,#11310,#11317,
    #11324,#11331,#11338,#11345,#11352),#9137);
#9144 = STYLED_ITEM('color',(#9145),#15);
#9145 = PRESENTATION_STYLE_ASSIGNMENT((#9146));
#9146 = SURFACE_STYLE_USAGE(.BOTH.,#9147);
#9147 = SURFACE_SIDE_STYLE('',(#9148));
#9148 = SURFACE_STYLE_FILL_AREA(#9149);
#9149 = FILL_AREA_STYLE('',(#9150));
#9150 = FILL_AREA_STYLE_COLOUR('',#9151);
#9151 = DRAUGHTING_PRE_DEFINED_COLOUR('white');
#9152 = OVER_RIDING_STYLED_ITEM('overriding color',(#9153),#17,#9144);
#9153 = PRESENTATION_STYLE_ASSIGNMENT((#9154));
#9154 = SURFACE_STYLE_USAGE(.BOTH.,#9155);
#9155 = SURFACE_SIDE_STYLE('',(#9156));
#9156 = SURFACE_STYLE_FILL_AREA(#9157);
#9157 = FILL_AREA_STYLE('',(#9158));
#9158 = FILL_AREA_STYLE_COLOUR('',#9151);
#9159 = OVER_RIDING_STYLED_ITEM('overriding color',(#9160),#65,#9144);
#9160 = PRESENTATION_STYLE_ASSIGNMENT((#9161));
#9161 = SURFACE_STYLE_USAGE(.BOTH.,#9162);
#9162 = SURFACE_SIDE_STYLE('',(#9163));
#9163 = SURFACE_STYLE_FILL_AREA(#9164);
#9164 = FILL_AREA_STYLE('',(#9165));
#9165 = FILL_AREA_STYLE_COLOUR('',#9151);
#9166 = OVER_RIDING_STYLED_ITEM('overriding color',(#9167),#102,#9144);
#9167 = PRESENTATION_STYLE_ASSIGNMENT((#9168));
#9168 = SURFACE_STYLE_USAGE(.BOTH.,#9169);
#9169 = SURFACE_SIDE_STYLE('',(#9170));
#9170 = SURFACE_STYLE_FILL_AREA(#9171);
#9171 = FILL_AREA_STYLE('',(#9172));
#9172 = FILL_AREA_STYLE_COLOUR('',#9151);
#9173 = OVER_RIDING_STYLED_ITEM('overriding color',(#9174),#152,#9144);
#9174 = PRESENTATION_STYLE_ASSIGNMENT((#9175));
#9175 = SURFACE_STYLE_USAGE(.BOTH.,#9176);
#9176 = SURFACE_SIDE_STYLE('',(#9177));
#9177 = SURFACE_STYLE_FILL_AREA(#9178);
#9178 = FILL_AREA_STYLE('',(#9179));
#9179 = FILL_AREA_STYLE_COLOUR('',#9151);
#9180 = OVER_RIDING_STYLED_ITEM('overriding color',(#9181),#266,#9144);
#9181 = PRESENTATION_STYLE_ASSIGNMENT((#9182));
#9182 = SURFACE_STYLE_USAGE(.BOTH.,#9183);
#9183 = SURFACE_SIDE_STYLE('',(#9184));
#9184 = SURFACE_STYLE_FILL_AREA(#9185);
#9185 = FILL_AREA_STYLE('',(#9186));
#9186 = FILL_AREA_STYLE_COLOUR('',#9151);
#9187 = OVER_RIDING_STYLED_ITEM('overriding color',(#9188),#380,#9144);
#9188 = PRESENTATION_STYLE_ASSIGNMENT((#9189));
#9189 = SURFACE_STYLE_USAGE(.BOTH.,#9190);
#9190 = SURFACE_SIDE_STYLE('',(#9191));
#9191 = SURFACE_STYLE_FILL_AREA(#9192);
#9192 = FILL_AREA_STYLE('',(#9193));
#9193 = FILL_AREA_STYLE_COLOUR('',#9151);
#9194 = OVER_RIDING_STYLED_ITEM('overriding color',(#9195),#444,#9144);
#9195 = PRESENTATION_STYLE_ASSIGNMENT((#9196));
#9196 = SURFACE_STYLE_USAGE(.BOTH.,#9197);
#9197 = SURFACE_SIDE_STYLE('',(#9198));
#9198 = SURFACE_STYLE_FILL_AREA(#9199);
#9199 = FILL_AREA_STYLE('',(#9200));
#9200 = FILL_AREA_STYLE_COLOUR('',#9151);
#9201 = OVER_RIDING_STYLED_ITEM('overriding color',(#9202),#487,#9144);
#9202 = PRESENTATION_STYLE_ASSIGNMENT((#9203));
#9203 = SURFACE_STYLE_USAGE(.BOTH.,#9204);
#9204 = SURFACE_SIDE_STYLE('',(#9205));
#9205 = SURFACE_STYLE_FILL_AREA(#9206);
#9206 = FILL_AREA_STYLE('',(#9207));
#9207 = FILL_AREA_STYLE_COLOUR('',#9151);
#9208 = OVER_RIDING_STYLED_ITEM('overriding color',(#9209),#509,#9144);
#9209 = PRESENTATION_STYLE_ASSIGNMENT((#9210));
#9210 = SURFACE_STYLE_USAGE(.BOTH.,#9211);
#9211 = SURFACE_SIDE_STYLE('',(#9212));
#9212 = SURFACE_STYLE_FILL_AREA(#9213);
#9213 = FILL_AREA_STYLE('',(#9214));
#9214 = FILL_AREA_STYLE_COLOUR('',#9151);
#9215 = OVER_RIDING_STYLED_ITEM('overriding color',(#9216),#552,#9144);
#9216 = PRESENTATION_STYLE_ASSIGNMENT((#9217));
#9217 = SURFACE_STYLE_USAGE(.BOTH.,#9218);
#9218 = SURFACE_SIDE_STYLE('',(#9219));
#9219 = SURFACE_STYLE_FILL_AREA(#9220);
#9220 = FILL_AREA_STYLE('',(#9221));
#9221 = FILL_AREA_STYLE_COLOUR('',#9151);
#9222 = OVER_RIDING_STYLED_ITEM('overriding color',(#9223),#580,#9144);
#9223 = PRESENTATION_STYLE_ASSIGNMENT((#9224));
#9224 = SURFACE_STYLE_USAGE(.BOTH.,#9225);
#9225 = SURFACE_SIDE_STYLE('',(#9226));
#9226 = SURFACE_STYLE_FILL_AREA(#9227);
#9227 = FILL_AREA_STYLE('',(#9228));
#9228 = FILL_AREA_STYLE_COLOUR('',#9151);
#9229 = OVER_RIDING_STYLED_ITEM('overriding color',(#9230),#663,#9144);
#9230 = PRESENTATION_STYLE_ASSIGNMENT((#9231));
#9231 = SURFACE_STYLE_USAGE(.BOTH.,#9232);
#9232 = SURFACE_SIDE_STYLE('',(#9233));
#9233 = SURFACE_STYLE_FILL_AREA(#9234);
#9234 = FILL_AREA_STYLE('',(#9235));
#9235 = FILL_AREA_STYLE_COLOUR('',#9151);
#9236 = OVER_RIDING_STYLED_ITEM('overriding color',(#9237),#706,#9144);
#9237 = PRESENTATION_STYLE_ASSIGNMENT((#9238));
#9238 = SURFACE_STYLE_USAGE(.BOTH.,#9239);
#9239 = SURFACE_SIDE_STYLE('',(#9240));
#9240 = SURFACE_STYLE_FILL_AREA(#9241);
#9241 = FILL_AREA_STYLE('',(#9242));
#9242 = FILL_AREA_STYLE_COLOUR('',#9151);
#9243 = OVER_RIDING_STYLED_ITEM('overriding color',(#9244),#728,#9144);
#9244 = PRESENTATION_STYLE_ASSIGNMENT((#9245));
#9245 = SURFACE_STYLE_USAGE(.BOTH.,#9246);
#9246 = SURFACE_SIDE_STYLE('',(#9247));
#9247 = SURFACE_STYLE_FILL_AREA(#9248);
#9248 = FILL_AREA_STYLE('',(#9249));
#9249 = FILL_AREA_STYLE_COLOUR('',#9151);
#9250 = OVER_RIDING_STYLED_ITEM('overriding color',(#9251),#765,#9144);
#9251 = PRESENTATION_STYLE_ASSIGNMENT((#9252));
#9252 = SURFACE_STYLE_USAGE(.BOTH.,#9253);
#9253 = SURFACE_SIDE_STYLE('',(#9254));
#9254 = SURFACE_STYLE_FILL_AREA(#9255);
#9255 = FILL_AREA_STYLE('',(#9256));
#9256 = FILL_AREA_STYLE_COLOUR('',#9151);
#9257 = OVER_RIDING_STYLED_ITEM('overriding color',(#9258),#837,#9144);
#9258 = PRESENTATION_STYLE_ASSIGNMENT((#9259));
#9259 = SURFACE_STYLE_USAGE(.BOTH.,#9260);
#9260 = SURFACE_SIDE_STYLE('',(#9261));
#9261 = SURFACE_STYLE_FILL_AREA(#9262);
#9262 = FILL_AREA_STYLE('',(#9263));
#9263 = FILL_AREA_STYLE_COLOUR('',#9151);
#9264 = OVER_RIDING_STYLED_ITEM('overriding color',(#9265),#853,#9144);
#9265 = PRESENTATION_STYLE_ASSIGNMENT((#9266));
#9266 = SURFACE_STYLE_USAGE(.BOTH.,#9267);
#9267 = SURFACE_SIDE_STYLE('',(#9268));
#9268 = SURFACE_STYLE_FILL_AREA(#9269);
#9269 = FILL_AREA_STYLE('',(#9270));
#9270 = FILL_AREA_STYLE_COLOUR('',#9151);
#9271 = OVER_RIDING_STYLED_ITEM('overriding color',(#9272),#869,#9144);
#9272 = PRESENTATION_STYLE_ASSIGNMENT((#9273));
#9273 = SURFACE_STYLE_USAGE(.BOTH.,#9274);
#9274 = SURFACE_SIDE_STYLE('',(#9275));
#9275 = SURFACE_STYLE_FILL_AREA(#9276);
#9276 = FILL_AREA_STYLE('',(#9277));
#9277 = FILL_AREA_STYLE_COLOUR('',#9151);
#9278 = OVER_RIDING_STYLED_ITEM('overriding color',(#9279),#885,#9144);
#9279 = PRESENTATION_STYLE_ASSIGNMENT((#9280));
#9280 = SURFACE_STYLE_USAGE(.BOTH.,#9281);
#9281 = SURFACE_SIDE_STYLE('',(#9282));
#9282 = SURFACE_STYLE_FILL_AREA(#9283);
#9283 = FILL_AREA_STYLE('',(#9284));
#9284 = FILL_AREA_STYLE_COLOUR('',#9151);
#9285 = OVER_RIDING_STYLED_ITEM('overriding color',(#9286),#901,#9144);
#9286 = PRESENTATION_STYLE_ASSIGNMENT((#9287));
#9287 = SURFACE_STYLE_USAGE(.BOTH.,#9288);
#9288 = SURFACE_SIDE_STYLE('',(#9289));
#9289 = SURFACE_STYLE_FILL_AREA(#9290);
#9290 = FILL_AREA_STYLE('',(#9291));
#9291 = FILL_AREA_STYLE_COLOUR('',#9151);
#9292 = OVER_RIDING_STYLED_ITEM('overriding color',(#9293),#915,#9144);
#9293 = PRESENTATION_STYLE_ASSIGNMENT((#9294));
#9294 = SURFACE_STYLE_USAGE(.BOTH.,#9295);
#9295 = SURFACE_SIDE_STYLE('',(#9296));
#9296 = SURFACE_STYLE_FILL_AREA(#9297);
#9297 = FILL_AREA_STYLE('',(#9298));
#9298 = FILL_AREA_STYLE_COLOUR('',#9151);
#9299 = OVER_RIDING_STYLED_ITEM('overriding color',(#9300),#929,#9144);
#9300 = PRESENTATION_STYLE_ASSIGNMENT((#9301));
#9301 = SURFACE_STYLE_USAGE(.BOTH.,#9302);
#9302 = SURFACE_SIDE_STYLE('',(#9303));
#9303 = SURFACE_STYLE_FILL_AREA(#9304);
#9304 = FILL_AREA_STYLE('',(#9305));
#9305 = FILL_AREA_STYLE_COLOUR('',#9306);
#9306 = COLOUR_RGB('',0.666666664908,0.666666664908,0.666666664908);
#9307 = OVER_RIDING_STYLED_ITEM('overriding color',(#9308),#965,#9144);
#9308 = PRESENTATION_STYLE_ASSIGNMENT((#9309));
#9309 = SURFACE_STYLE_USAGE(.BOTH.,#9310);
#9310 = SURFACE_SIDE_STYLE('',(#9311));
#9311 = SURFACE_STYLE_FILL_AREA(#9312);
#9312 = FILL_AREA_STYLE('',(#9313));
#9313 = FILL_AREA_STYLE_COLOUR('',#9306);
#9314 = OVER_RIDING_STYLED_ITEM('overriding color',(#9315),#993,#9144);
#9315 = PRESENTATION_STYLE_ASSIGNMENT((#9316));
#9316 = SURFACE_STYLE_USAGE(.BOTH.,#9317);
#9317 = SURFACE_SIDE_STYLE('',(#9318));
#9318 = SURFACE_STYLE_FILL_AREA(#9319);
#9319 = FILL_AREA_STYLE('',(#9320));
#9320 = FILL_AREA_STYLE_COLOUR('',#9306);
#9321 = OVER_RIDING_STYLED_ITEM('overriding color',(#9322),#1015,#9144);
#9322 = PRESENTATION_STYLE_ASSIGNMENT((#9323));
#9323 = SURFACE_STYLE_USAGE(.BOTH.,#9324);
#9324 = SURFACE_SIDE_STYLE('',(#9325));
#9325 = SURFACE_STYLE_FILL_AREA(#9326);
#9326 = FILL_AREA_STYLE('',(#9327));
#9327 = FILL_AREA_STYLE_COLOUR('',#9306);
#9328 = OVER_RIDING_STYLED_ITEM('overriding color',(#9329),#1037,#9144);
#9329 = PRESENTATION_STYLE_ASSIGNMENT((#9330));
#9330 = SURFACE_STYLE_USAGE(.BOTH.,#9331);
#9331 = SURFACE_SIDE_STYLE('',(#9332));
#9332 = SURFACE_STYLE_FILL_AREA(#9333);
#9333 = FILL_AREA_STYLE('',(#9334));
#9334 = FILL_AREA_STYLE_COLOUR('',#9306);
#9335 = OVER_RIDING_STYLED_ITEM('overriding color',(#9336),#1053,#9144);
#9336 = PRESENTATION_STYLE_ASSIGNMENT((#9337));
#9337 = SURFACE_STYLE_USAGE(.BOTH.,#9338);
#9338 = SURFACE_SIDE_STYLE('',(#9339));
#9339 = SURFACE_STYLE_FILL_AREA(#9340);
#9340 = FILL_AREA_STYLE('',(#9341));
#9341 = FILL_AREA_STYLE_COLOUR('',#9306);
#9342 = OVER_RIDING_STYLED_ITEM('overriding color',(#9343),#1081,#9144);
#9343 = PRESENTATION_STYLE_ASSIGNMENT((#9344));
#9344 = SURFACE_STYLE_USAGE(.BOTH.,#9345);
#9345 = SURFACE_SIDE_STYLE('',(#9346));
#9346 = SURFACE_STYLE_FILL_AREA(#9347);
#9347 = FILL_AREA_STYLE('',(#9348));
#9348 = FILL_AREA_STYLE_COLOUR('',#9306);
#9349 = OVER_RIDING_STYLED_ITEM('overriding color',(#9350),#1103,#9144);
#9350 = PRESENTATION_STYLE_ASSIGNMENT((#9351));
#9351 = SURFACE_STYLE_USAGE(.BOTH.,#9352);
#9352 = SURFACE_SIDE_STYLE('',(#9353));
#9353 = SURFACE_STYLE_FILL_AREA(#9354);
#9354 = FILL_AREA_STYLE('',(#9355));
#9355 = FILL_AREA_STYLE_COLOUR('',#9306);
#9356 = OVER_RIDING_STYLED_ITEM('overriding color',(#9357),#1125,#9144);
#9357 = PRESENTATION_STYLE_ASSIGNMENT((#9358));
#9358 = SURFACE_STYLE_USAGE(.BOTH.,#9359);
#9359 = SURFACE_SIDE_STYLE('',(#9360));
#9360 = SURFACE_STYLE_FILL_AREA(#9361);
#9361 = FILL_AREA_STYLE('',(#9362));
#9362 = FILL_AREA_STYLE_COLOUR('',#9306);
#9363 = OVER_RIDING_STYLED_ITEM('overriding color',(#9364),#1141,#9144);
#9364 = PRESENTATION_STYLE_ASSIGNMENT((#9365));
#9365 = SURFACE_STYLE_USAGE(.BOTH.,#9366);
#9366 = SURFACE_SIDE_STYLE('',(#9367));
#9367 = SURFACE_STYLE_FILL_AREA(#9368);
#9368 = FILL_AREA_STYLE('',(#9369));
#9369 = FILL_AREA_STYLE_COLOUR('',#9306);
#9370 = OVER_RIDING_STYLED_ITEM('overriding color',(#9371),#1177,#9144);
#9371 = PRESENTATION_STYLE_ASSIGNMENT((#9372));
#9372 = SURFACE_STYLE_USAGE(.BOTH.,#9373);
#9373 = SURFACE_SIDE_STYLE('',(#9374));
#9374 = SURFACE_STYLE_FILL_AREA(#9375);
#9375 = FILL_AREA_STYLE('',(#9376));
#9376 = FILL_AREA_STYLE_COLOUR('',#9306);
#9377 = OVER_RIDING_STYLED_ITEM('overriding color',(#9378),#1197,#9144);
#9378 = PRESENTATION_STYLE_ASSIGNMENT((#9379));
#9379 = SURFACE_STYLE_USAGE(.BOTH.,#9380);
#9380 = SURFACE_SIDE_STYLE('',(#9381));
#9381 = SURFACE_STYLE_FILL_AREA(#9382);
#9382 = FILL_AREA_STYLE('',(#9383));
#9383 = FILL_AREA_STYLE_COLOUR('',#9306);
#9384 = OVER_RIDING_STYLED_ITEM('overriding color',(#9385),#1213,#9144);
#9385 = PRESENTATION_STYLE_ASSIGNMENT((#9386));
#9386 = SURFACE_STYLE_USAGE(.BOTH.,#9387);
#9387 = SURFACE_SIDE_STYLE('',(#9388));
#9388 = SURFACE_STYLE_FILL_AREA(#9389);
#9389 = FILL_AREA_STYLE('',(#9390));
#9390 = FILL_AREA_STYLE_COLOUR('',#9306);
#9391 = OVER_RIDING_STYLED_ITEM('overriding color',(#9392),#1229,#9144);
#9392 = PRESENTATION_STYLE_ASSIGNMENT((#9393));
#9393 = SURFACE_STYLE_USAGE(.BOTH.,#9394);
#9394 = SURFACE_SIDE_STYLE('',(#9395));
#9395 = SURFACE_STYLE_FILL_AREA(#9396);
#9396 = FILL_AREA_STYLE('',(#9397));
#9397 = FILL_AREA_STYLE_COLOUR('',#9306);
#9398 = OVER_RIDING_STYLED_ITEM('overriding color',(#9399),#1241,#9144);
#9399 = PRESENTATION_STYLE_ASSIGNMENT((#9400));
#9400 = SURFACE_STYLE_USAGE(.BOTH.,#9401);
#9401 = SURFACE_SIDE_STYLE('',(#9402));
#9402 = SURFACE_STYLE_FILL_AREA(#9403);
#9403 = FILL_AREA_STYLE('',(#9404));
#9404 = FILL_AREA_STYLE_COLOUR('',#9306);
#9405 = OVER_RIDING_STYLED_ITEM('overriding color',(#9406),#1261,#9144);
#9406 = PRESENTATION_STYLE_ASSIGNMENT((#9407));
#9407 = SURFACE_STYLE_USAGE(.BOTH.,#9408);
#9408 = SURFACE_SIDE_STYLE('',(#9409));
#9409 = SURFACE_STYLE_FILL_AREA(#9410);
#9410 = FILL_AREA_STYLE('',(#9411));
#9411 = FILL_AREA_STYLE_COLOUR('',#9306);
#9412 = OVER_RIDING_STYLED_ITEM('overriding color',(#9413),#1277,#9144);
#9413 = PRESENTATION_STYLE_ASSIGNMENT((#9414));
#9414 = SURFACE_STYLE_USAGE(.BOTH.,#9415);
#9415 = SURFACE_SIDE_STYLE('',(#9416));
#9416 = SURFACE_STYLE_FILL_AREA(#9417);
#9417 = FILL_AREA_STYLE('',(#9418));
#9418 = FILL_AREA_STYLE_COLOUR('',#9306);
#9419 = OVER_RIDING_STYLED_ITEM('overriding color',(#9420),#1293,#9144);
#9420 = PRESENTATION_STYLE_ASSIGNMENT((#9421));
#9421 = SURFACE_STYLE_USAGE(.BOTH.,#9422);
#9422 = SURFACE_SIDE_STYLE('',(#9423));
#9423 = SURFACE_STYLE_FILL_AREA(#9424);
#9424 = FILL_AREA_STYLE('',(#9425));
#9425 = FILL_AREA_STYLE_COLOUR('',#9306);
#9426 = OVER_RIDING_STYLED_ITEM('overriding color',(#9427),#1305,#9144);
#9427 = PRESENTATION_STYLE_ASSIGNMENT((#9428));
#9428 = SURFACE_STYLE_USAGE(.BOTH.,#9429);
#9429 = SURFACE_SIDE_STYLE('',(#9430));
#9430 = SURFACE_STYLE_FILL_AREA(#9431);
#9431 = FILL_AREA_STYLE('',(#9432));
#9432 = FILL_AREA_STYLE_COLOUR('',#9306);
#9433 = OVER_RIDING_STYLED_ITEM('overriding color',(#9434),#1341,#9144);
#9434 = PRESENTATION_STYLE_ASSIGNMENT((#9435));
#9435 = SURFACE_STYLE_USAGE(.BOTH.,#9436);
#9436 = SURFACE_SIDE_STYLE('',(#9437));
#9437 = SURFACE_STYLE_FILL_AREA(#9438);
#9438 = FILL_AREA_STYLE('',(#9439));
#9439 = FILL_AREA_STYLE_COLOUR('',#9306);
#9440 = OVER_RIDING_STYLED_ITEM('overriding color',(#9441),#1369,#9144);
#9441 = PRESENTATION_STYLE_ASSIGNMENT((#9442));
#9442 = SURFACE_STYLE_USAGE(.BOTH.,#9443);
#9443 = SURFACE_SIDE_STYLE('',(#9444));
#9444 = SURFACE_STYLE_FILL_AREA(#9445);
#9445 = FILL_AREA_STYLE('',(#9446));
#9446 = FILL_AREA_STYLE_COLOUR('',#9306);
#9447 = OVER_RIDING_STYLED_ITEM('overriding color',(#9448),#1391,#9144);
#9448 = PRESENTATION_STYLE_ASSIGNMENT((#9449));
#9449 = SURFACE_STYLE_USAGE(.BOTH.,#9450);
#9450 = SURFACE_SIDE_STYLE('',(#9451));
#9451 = SURFACE_STYLE_FILL_AREA(#9452);
#9452 = FILL_AREA_STYLE('',(#9453));
#9453 = FILL_AREA_STYLE_COLOUR('',#9306);
#9454 = OVER_RIDING_STYLED_ITEM('overriding color',(#9455),#1413,#9144);
#9455 = PRESENTATION_STYLE_ASSIGNMENT((#9456));
#9456 = SURFACE_STYLE_USAGE(.BOTH.,#9457);
#9457 = SURFACE_SIDE_STYLE('',(#9458));
#9458 = SURFACE_STYLE_FILL_AREA(#9459);
#9459 = FILL_AREA_STYLE('',(#9460));
#9460 = FILL_AREA_STYLE_COLOUR('',#9306);
#9461 = OVER_RIDING_STYLED_ITEM('overriding color',(#9462),#1429,#9144);
#9462 = PRESENTATION_STYLE_ASSIGNMENT((#9463));
#9463 = SURFACE_STYLE_USAGE(.BOTH.,#9464);
#9464 = SURFACE_SIDE_STYLE('',(#9465));
#9465 = SURFACE_STYLE_FILL_AREA(#9466);
#9466 = FILL_AREA_STYLE('',(#9467));
#9467 = FILL_AREA_STYLE_COLOUR('',#9306);
#9468 = OVER_RIDING_STYLED_ITEM('overriding color',(#9469),#1457,#9144);
#9469 = PRESENTATION_STYLE_ASSIGNMENT((#9470));
#9470 = SURFACE_STYLE_USAGE(.BOTH.,#9471);
#9471 = SURFACE_SIDE_STYLE('',(#9472));
#9472 = SURFACE_STYLE_FILL_AREA(#9473);
#9473 = FILL_AREA_STYLE('',(#9474));
#9474 = FILL_AREA_STYLE_COLOUR('',#9306);
#9475 = OVER_RIDING_STYLED_ITEM('overriding color',(#9476),#1479,#9144);
#9476 = PRESENTATION_STYLE_ASSIGNMENT((#9477));
#9477 = SURFACE_STYLE_USAGE(.BOTH.,#9478);
#9478 = SURFACE_SIDE_STYLE('',(#9479));
#9479 = SURFACE_STYLE_FILL_AREA(#9480);
#9480 = FILL_AREA_STYLE('',(#9481));
#9481 = FILL_AREA_STYLE_COLOUR('',#9306);
#9482 = OVER_RIDING_STYLED_ITEM('overriding color',(#9483),#1501,#9144);
#9483 = PRESENTATION_STYLE_ASSIGNMENT((#9484));
#9484 = SURFACE_STYLE_USAGE(.BOTH.,#9485);
#9485 = SURFACE_SIDE_STYLE('',(#9486));
#9486 = SURFACE_STYLE_FILL_AREA(#9487);
#9487 = FILL_AREA_STYLE('',(#9488));
#9488 = FILL_AREA_STYLE_COLOUR('',#9306);
#9489 = OVER_RIDING_STYLED_ITEM('overriding color',(#9490),#1517,#9144);
#9490 = PRESENTATION_STYLE_ASSIGNMENT((#9491));
#9491 = SURFACE_STYLE_USAGE(.BOTH.,#9492);
#9492 = SURFACE_SIDE_STYLE('',(#9493));
#9493 = SURFACE_STYLE_FILL_AREA(#9494);
#9494 = FILL_AREA_STYLE('',(#9495));
#9495 = FILL_AREA_STYLE_COLOUR('',#9306);
#9496 = OVER_RIDING_STYLED_ITEM('overriding color',(#9497),#1553,#9144);
#9497 = PRESENTATION_STYLE_ASSIGNMENT((#9498));
#9498 = SURFACE_STYLE_USAGE(.BOTH.,#9499);
#9499 = SURFACE_SIDE_STYLE('',(#9500));
#9500 = SURFACE_STYLE_FILL_AREA(#9501);
#9501 = FILL_AREA_STYLE('',(#9502));
#9502 = FILL_AREA_STYLE_COLOUR('',#9306);
#9503 = OVER_RIDING_STYLED_ITEM('overriding color',(#9504),#1573,#9144);
#9504 = PRESENTATION_STYLE_ASSIGNMENT((#9505));
#9505 = SURFACE_STYLE_USAGE(.BOTH.,#9506);
#9506 = SURFACE_SIDE_STYLE('',(#9507));
#9507 = SURFACE_STYLE_FILL_AREA(#9508);
#9508 = FILL_AREA_STYLE('',(#9509));
#9509 = FILL_AREA_STYLE_COLOUR('',#9306);
#9510 = OVER_RIDING_STYLED_ITEM('overriding color',(#9511),#1589,#9144);
#9511 = PRESENTATION_STYLE_ASSIGNMENT((#9512));
#9512 = SURFACE_STYLE_USAGE(.BOTH.,#9513);
#9513 = SURFACE_SIDE_STYLE('',(#9514));
#9514 = SURFACE_STYLE_FILL_AREA(#9515);
#9515 = FILL_AREA_STYLE('',(#9516));
#9516 = FILL_AREA_STYLE_COLOUR('',#9306);
#9517 = OVER_RIDING_STYLED_ITEM('overriding color',(#9518),#1605,#9144);
#9518 = PRESENTATION_STYLE_ASSIGNMENT((#9519));
#9519 = SURFACE_STYLE_USAGE(.BOTH.,#9520);
#9520 = SURFACE_SIDE_STYLE('',(#9521));
#9521 = SURFACE_STYLE_FILL_AREA(#9522);
#9522 = FILL_AREA_STYLE('',(#9523));
#9523 = FILL_AREA_STYLE_COLOUR('',#9306);
#9524 = OVER_RIDING_STYLED_ITEM('overriding color',(#9525),#1617,#9144);
#9525 = PRESENTATION_STYLE_ASSIGNMENT((#9526));
#9526 = SURFACE_STYLE_USAGE(.BOTH.,#9527);
#9527 = SURFACE_SIDE_STYLE('',(#9528));
#9528 = SURFACE_STYLE_FILL_AREA(#9529);
#9529 = FILL_AREA_STYLE('',(#9530));
#9530 = FILL_AREA_STYLE_COLOUR('',#9306);
#9531 = OVER_RIDING_STYLED_ITEM('overriding color',(#9532),#1637,#9144);
#9532 = PRESENTATION_STYLE_ASSIGNMENT((#9533));
#9533 = SURFACE_STYLE_USAGE(.BOTH.,#9534);
#9534 = SURFACE_SIDE_STYLE('',(#9535));
#9535 = SURFACE_STYLE_FILL_AREA(#9536);
#9536 = FILL_AREA_STYLE('',(#9537));
#9537 = FILL_AREA_STYLE_COLOUR('',#9306);
#9538 = OVER_RIDING_STYLED_ITEM('overriding color',(#9539),#1653,#9144);
#9539 = PRESENTATION_STYLE_ASSIGNMENT((#9540));
#9540 = SURFACE_STYLE_USAGE(.BOTH.,#9541);
#9541 = SURFACE_SIDE_STYLE('',(#9542));
#9542 = SURFACE_STYLE_FILL_AREA(#9543);
#9543 = FILL_AREA_STYLE('',(#9544));
#9544 = FILL_AREA_STYLE_COLOUR('',#9306);
#9545 = OVER_RIDING_STYLED_ITEM('overriding color',(#9546),#1669,#9144);
#9546 = PRESENTATION_STYLE_ASSIGNMENT((#9547));
#9547 = SURFACE_STYLE_USAGE(.BOTH.,#9548);
#9548 = SURFACE_SIDE_STYLE('',(#9549));
#9549 = SURFACE_STYLE_FILL_AREA(#9550);
#9550 = FILL_AREA_STYLE('',(#9551));
#9551 = FILL_AREA_STYLE_COLOUR('',#9306);
#9552 = OVER_RIDING_STYLED_ITEM('overriding color',(#9553),#1681,#9144);
#9553 = PRESENTATION_STYLE_ASSIGNMENT((#9554));
#9554 = SURFACE_STYLE_USAGE(.BOTH.,#9555);
#9555 = SURFACE_SIDE_STYLE('',(#9556));
#9556 = SURFACE_STYLE_FILL_AREA(#9557);
#9557 = FILL_AREA_STYLE('',(#9558));
#9558 = FILL_AREA_STYLE_COLOUR('',#9151);
#9559 = OVER_RIDING_STYLED_ITEM('overriding color',(#9560),#1701,#9144);
#9560 = PRESENTATION_STYLE_ASSIGNMENT((#9561));
#9561 = SURFACE_STYLE_USAGE(.BOTH.,#9562);
#9562 = SURFACE_SIDE_STYLE('',(#9563));
#9563 = SURFACE_STYLE_FILL_AREA(#9564);
#9564 = FILL_AREA_STYLE('',(#9565));
#9565 = FILL_AREA_STYLE_COLOUR('',#9151);
#9566 = OVER_RIDING_STYLED_ITEM('overriding color',(#9567),#1719,#9144);
#9567 = PRESENTATION_STYLE_ASSIGNMENT((#9568));
#9568 = SURFACE_STYLE_USAGE(.BOTH.,#9569);
#9569 = SURFACE_SIDE_STYLE('',(#9570));
#9570 = SURFACE_STYLE_FILL_AREA(#9571);
#9571 = FILL_AREA_STYLE('',(#9572));
#9572 = FILL_AREA_STYLE_COLOUR('',#9151);
#9573 = OVER_RIDING_STYLED_ITEM('overriding color',(#9574),#1735,#9144);
#9574 = PRESENTATION_STYLE_ASSIGNMENT((#9575));
#9575 = SURFACE_STYLE_USAGE(.BOTH.,#9576);
#9576 = SURFACE_SIDE_STYLE('',(#9577));
#9577 = SURFACE_STYLE_FILL_AREA(#9578);
#9578 = FILL_AREA_STYLE('',(#9579));
#9579 = FILL_AREA_STYLE_COLOUR('',#9151);
#9580 = OVER_RIDING_STYLED_ITEM('overriding color',(#9581),#1751,#9144);
#9581 = PRESENTATION_STYLE_ASSIGNMENT((#9582));
#9582 = SURFACE_STYLE_USAGE(.BOTH.,#9583);
#9583 = SURFACE_SIDE_STYLE('',(#9584));
#9584 = SURFACE_STYLE_FILL_AREA(#9585);
#9585 = FILL_AREA_STYLE('',(#9586));
#9586 = FILL_AREA_STYLE_COLOUR('',#9151);
#9587 = OVER_RIDING_STYLED_ITEM('overriding color',(#9588),#1767,#9144);
#9588 = PRESENTATION_STYLE_ASSIGNMENT((#9589));
#9589 = SURFACE_STYLE_USAGE(.BOTH.,#9590);
#9590 = SURFACE_SIDE_STYLE('',(#9591));
#9591 = SURFACE_STYLE_FILL_AREA(#9592);
#9592 = FILL_AREA_STYLE('',(#9593));
#9593 = FILL_AREA_STYLE_COLOUR('',#9151);
#9594 = OVER_RIDING_STYLED_ITEM('overriding color',(#9595),#1779,#9144);
#9595 = PRESENTATION_STYLE_ASSIGNMENT((#9596));
#9596 = SURFACE_STYLE_USAGE(.BOTH.,#9597);
#9597 = SURFACE_SIDE_STYLE('',(#9598));
#9598 = SURFACE_STYLE_FILL_AREA(#9599);
#9599 = FILL_AREA_STYLE('',(#9600));
#9600 = FILL_AREA_STYLE_COLOUR('',#9151);
#9601 = OVER_RIDING_STYLED_ITEM('overriding color',(#9602),#1795,#9144);
#9602 = PRESENTATION_STYLE_ASSIGNMENT((#9603));
#9603 = SURFACE_STYLE_USAGE(.BOTH.,#9604);
#9604 = SURFACE_SIDE_STYLE('',(#9605));
#9605 = SURFACE_STYLE_FILL_AREA(#9606);
#9606 = FILL_AREA_STYLE('',(#9607));
#9607 = FILL_AREA_STYLE_COLOUR('',#9151);
#9608 = OVER_RIDING_STYLED_ITEM('overriding color',(#9609),#1811,#9144);
#9609 = PRESENTATION_STYLE_ASSIGNMENT((#9610));
#9610 = SURFACE_STYLE_USAGE(.BOTH.,#9611);
#9611 = SURFACE_SIDE_STYLE('',(#9612));
#9612 = SURFACE_STYLE_FILL_AREA(#9613);
#9613 = FILL_AREA_STYLE('',(#9614));
#9614 = FILL_AREA_STYLE_COLOUR('',#9151);
#9615 = OVER_RIDING_STYLED_ITEM('overriding color',(#9616),#1827,#9144);
#9616 = PRESENTATION_STYLE_ASSIGNMENT((#9617));
#9617 = SURFACE_STYLE_USAGE(.BOTH.,#9618);
#9618 = SURFACE_SIDE_STYLE('',(#9619));
#9619 = SURFACE_STYLE_FILL_AREA(#9620);
#9620 = FILL_AREA_STYLE('',(#9621));
#9621 = FILL_AREA_STYLE_COLOUR('',#9151);
#9622 = OVER_RIDING_STYLED_ITEM('overriding color',(#9623),#1843,#9144);
#9623 = PRESENTATION_STYLE_ASSIGNMENT((#9624));
#9624 = SURFACE_STYLE_USAGE(.BOTH.,#9625);
#9625 = SURFACE_SIDE_STYLE('',(#9626));
#9626 = SURFACE_STYLE_FILL_AREA(#9627);
#9627 = FILL_AREA_STYLE('',(#9628));
#9628 = FILL_AREA_STYLE_COLOUR('',#9151);
#9629 = OVER_RIDING_STYLED_ITEM('overriding color',(#9630),#1857,#9144);
#9630 = PRESENTATION_STYLE_ASSIGNMENT((#9631));
#9631 = SURFACE_STYLE_USAGE(.BOTH.,#9632);
#9632 = SURFACE_SIDE_STYLE('',(#9633));
#9633 = SURFACE_STYLE_FILL_AREA(#9634);
#9634 = FILL_AREA_STYLE('',(#9635));
#9635 = FILL_AREA_STYLE_COLOUR('',#9151);
#9636 = OVER_RIDING_STYLED_ITEM('overriding color',(#9637),#1882,#9144);
#9637 = PRESENTATION_STYLE_ASSIGNMENT((#9638));
#9638 = SURFACE_STYLE_USAGE(.BOTH.,#9639);
#9639 = SURFACE_SIDE_STYLE('',(#9640));
#9640 = SURFACE_STYLE_FILL_AREA(#9641);
#9641 = FILL_AREA_STYLE('',(#9642));
#9642 = FILL_AREA_STYLE_COLOUR('',#9151);
#9643 = OVER_RIDING_STYLED_ITEM('overriding color',(#9644),#1899,#9144);
#9644 = PRESENTATION_STYLE_ASSIGNMENT((#9645));
#9645 = SURFACE_STYLE_USAGE(.BOTH.,#9646);
#9646 = SURFACE_SIDE_STYLE('',(#9647));
#9647 = SURFACE_STYLE_FILL_AREA(#9648);
#9648 = FILL_AREA_STYLE('',(#9649));
#9649 = FILL_AREA_STYLE_COLOUR('',#9151);
#9650 = STYLED_ITEM('color',(#9651),#1917);
#9651 = PRESENTATION_STYLE_ASSIGNMENT((#9652));
#9652 = SURFACE_STYLE_USAGE(.BOTH.,#9653);
#9653 = SURFACE_SIDE_STYLE('',(#9654));
#9654 = SURFACE_STYLE_FILL_AREA(#9655);
#9655 = FILL_AREA_STYLE('',(#9656));
#9656 = FILL_AREA_STYLE_COLOUR('',#9151);
#9657 = OVER_RIDING_STYLED_ITEM('overriding color',(#9658),#1919,#9650);
#9658 = PRESENTATION_STYLE_ASSIGNMENT((#9659));
#9659 = SURFACE_STYLE_USAGE(.BOTH.,#9660);
#9660 = SURFACE_SIDE_STYLE('',(#9661));
#9661 = SURFACE_STYLE_FILL_AREA(#9662);
#9662 = FILL_AREA_STYLE('',(#9663));
#9663 = FILL_AREA_STYLE_COLOUR('',#9664);
#9664 = DRAUGHTING_PRE_DEFINED_COLOUR('black');
#9665 = OVER_RIDING_STYLED_ITEM('overriding color',(#9666),#1955,#9650);
#9666 = PRESENTATION_STYLE_ASSIGNMENT((#9667));
#9667 = SURFACE_STYLE_USAGE(.BOTH.,#9668);
#9668 = SURFACE_SIDE_STYLE('',(#9669));
#9669 = SURFACE_STYLE_FILL_AREA(#9670);
#9670 = FILL_AREA_STYLE('',(#9671));
#9671 = FILL_AREA_STYLE_COLOUR('',#9664);
#9672 = OVER_RIDING_STYLED_ITEM('overriding color',(#9673),#1983,#9650);
#9673 = PRESENTATION_STYLE_ASSIGNMENT((#9674));
#9674 = SURFACE_STYLE_USAGE(.BOTH.,#9675);
#9675 = SURFACE_SIDE_STYLE('',(#9676));
#9676 = SURFACE_STYLE_FILL_AREA(#9677);
#9677 = FILL_AREA_STYLE('',(#9678));
#9678 = FILL_AREA_STYLE_COLOUR('',#9664);
#9679 = OVER_RIDING_STYLED_ITEM('overriding color',(#9680),#2011,#9650);
#9680 = PRESENTATION_STYLE_ASSIGNMENT((#9681));
#9681 = SURFACE_STYLE_USAGE(.BOTH.,#9682);
#9682 = SURFACE_SIDE_STYLE('',(#9683));
#9683 = SURFACE_STYLE_FILL_AREA(#9684);
#9684 = FILL_AREA_STYLE('',(#9685));
#9685 = FILL_AREA_STYLE_COLOUR('',#9664);
#9686 = OVER_RIDING_STYLED_ITEM('overriding color',(#9687),#2039,#9650);
#9687 = PRESENTATION_STYLE_ASSIGNMENT((#9688));
#9688 = SURFACE_STYLE_USAGE(.BOTH.,#9689);
#9689 = SURFACE_SIDE_STYLE('',(#9690));
#9690 = SURFACE_STYLE_FILL_AREA(#9691);
#9691 = FILL_AREA_STYLE('',(#9692));
#9692 = FILL_AREA_STYLE_COLOUR('',#9664);
#9693 = OVER_RIDING_STYLED_ITEM('overriding color',(#9694),#2067,#9650);
#9694 = PRESENTATION_STYLE_ASSIGNMENT((#9695));
#9695 = SURFACE_STYLE_USAGE(.BOTH.,#9696);
#9696 = SURFACE_SIDE_STYLE('',(#9697));
#9697 = SURFACE_STYLE_FILL_AREA(#9698);
#9698 = FILL_AREA_STYLE('',(#9699));
#9699 = FILL_AREA_STYLE_COLOUR('',#9664);
#9700 = OVER_RIDING_STYLED_ITEM('overriding color',(#9701),#2087,#9650);
#9701 = PRESENTATION_STYLE_ASSIGNMENT((#9702));
#9702 = SURFACE_STYLE_USAGE(.BOTH.,#9703);
#9703 = SURFACE_SIDE_STYLE('',(#9704));
#9704 = SURFACE_STYLE_FILL_AREA(#9705);
#9705 = FILL_AREA_STYLE('',(#9706));
#9706 = FILL_AREA_STYLE_COLOUR('',#9664);
#9707 = OVER_RIDING_STYLED_ITEM('overriding color',(#9708),#2101,#9650);
#9708 = PRESENTATION_STYLE_ASSIGNMENT((#9709));
#9709 = SURFACE_STYLE_USAGE(.BOTH.,#9710);
#9710 = SURFACE_SIDE_STYLE('',(#9711));
#9711 = SURFACE_STYLE_FILL_AREA(#9712);
#9712 = FILL_AREA_STYLE('',(#9713));
#9713 = FILL_AREA_STYLE_COLOUR('',#9664);
#9714 = STYLED_ITEM('color',(#9715),#2115);
#9715 = PRESENTATION_STYLE_ASSIGNMENT((#9716));
#9716 = SURFACE_STYLE_USAGE(.BOTH.,#9717);
#9717 = SURFACE_SIDE_STYLE('',(#9718));
#9718 = SURFACE_STYLE_FILL_AREA(#9719);
#9719 = FILL_AREA_STYLE('',(#9720));
#9720 = FILL_AREA_STYLE_COLOUR('',#9151);
#9721 = OVER_RIDING_STYLED_ITEM('overriding color',(#9722),#2117,#9714);
#9722 = PRESENTATION_STYLE_ASSIGNMENT((#9723));
#9723 = SURFACE_STYLE_USAGE(.BOTH.,#9724);
#9724 = SURFACE_SIDE_STYLE('',(#9725));
#9725 = SURFACE_STYLE_FILL_AREA(#9726);
#9726 = FILL_AREA_STYLE('',(#9727));
#9727 = FILL_AREA_STYLE_COLOUR('',#9664);
#9728 = OVER_RIDING_STYLED_ITEM('overriding color',(#9729),#2161,#9714);
#9729 = PRESENTATION_STYLE_ASSIGNMENT((#9730));
#9730 = SURFACE_STYLE_USAGE(.BOTH.,#9731);
#9731 = SURFACE_SIDE_STYLE('',(#9732));
#9732 = SURFACE_STYLE_FILL_AREA(#9733);
#9733 = FILL_AREA_STYLE('',(#9734));
#9734 = FILL_AREA_STYLE_COLOUR('',#9664);
#9735 = OVER_RIDING_STYLED_ITEM('overriding color',(#9736),#2189,#9714);
#9736 = PRESENTATION_STYLE_ASSIGNMENT((#9737));
#9737 = SURFACE_STYLE_USAGE(.BOTH.,#9738);
#9738 = SURFACE_SIDE_STYLE('',(#9739));
#9739 = SURFACE_STYLE_FILL_AREA(#9740);
#9740 = FILL_AREA_STYLE('',(#9741));
#9741 = FILL_AREA_STYLE_COLOUR('',#9664);
#9742 = OVER_RIDING_STYLED_ITEM('overriding color',(#9743),#2225,#9714);
#9743 = PRESENTATION_STYLE_ASSIGNMENT((#9744));
#9744 = SURFACE_STYLE_USAGE(.BOTH.,#9745);
#9745 = SURFACE_SIDE_STYLE('',(#9746));
#9746 = SURFACE_STYLE_FILL_AREA(#9747);
#9747 = FILL_AREA_STYLE('',(#9748));
#9748 = FILL_AREA_STYLE_COLOUR('',#9664);
#9749 = OVER_RIDING_STYLED_ITEM('overriding color',(#9750),#2261,#9714);
#9750 = PRESENTATION_STYLE_ASSIGNMENT((#9751));
#9751 = SURFACE_STYLE_USAGE(.BOTH.,#9752);
#9752 = SURFACE_SIDE_STYLE('',(#9753));
#9753 = SURFACE_STYLE_FILL_AREA(#9754);
#9754 = FILL_AREA_STYLE('',(#9755));
#9755 = FILL_AREA_STYLE_COLOUR('',#9664);
#9756 = OVER_RIDING_STYLED_ITEM('overriding color',(#9757),#2297,#9714);
#9757 = PRESENTATION_STYLE_ASSIGNMENT((#9758));
#9758 = SURFACE_STYLE_USAGE(.BOTH.,#9759);
#9759 = SURFACE_SIDE_STYLE('',(#9760));
#9760 = SURFACE_STYLE_FILL_AREA(#9761);
#9761 = FILL_AREA_STYLE('',(#9762));
#9762 = FILL_AREA_STYLE_COLOUR('',#9664);
#9763 = OVER_RIDING_STYLED_ITEM('overriding color',(#9764),#2333,#9714);
#9764 = PRESENTATION_STYLE_ASSIGNMENT((#9765));
#9765 = SURFACE_STYLE_USAGE(.BOTH.,#9766);
#9766 = SURFACE_SIDE_STYLE('',(#9767));
#9767 = SURFACE_STYLE_FILL_AREA(#9768);
#9768 = FILL_AREA_STYLE('',(#9769));
#9769 = FILL_AREA_STYLE_COLOUR('',#9664);
#9770 = OVER_RIDING_STYLED_ITEM('overriding color',(#9771),#2369,#9714);
#9771 = PRESENTATION_STYLE_ASSIGNMENT((#9772));
#9772 = SURFACE_STYLE_USAGE(.BOTH.,#9773);
#9773 = SURFACE_SIDE_STYLE('',(#9774));
#9774 = SURFACE_STYLE_FILL_AREA(#9775);
#9775 = FILL_AREA_STYLE('',(#9776));
#9776 = FILL_AREA_STYLE_COLOUR('',#9664);
#9777 = OVER_RIDING_STYLED_ITEM('overriding color',(#9778),#2405,#9714);
#9778 = PRESENTATION_STYLE_ASSIGNMENT((#9779));
#9779 = SURFACE_STYLE_USAGE(.BOTH.,#9780);
#9780 = SURFACE_SIDE_STYLE('',(#9781));
#9781 = SURFACE_STYLE_FILL_AREA(#9782);
#9782 = FILL_AREA_STYLE('',(#9783));
#9783 = FILL_AREA_STYLE_COLOUR('',#9664);
#9784 = OVER_RIDING_STYLED_ITEM('overriding color',(#9785),#2433,#9714);
#9785 = PRESENTATION_STYLE_ASSIGNMENT((#9786));
#9786 = SURFACE_STYLE_USAGE(.BOTH.,#9787);
#9787 = SURFACE_SIDE_STYLE('',(#9788));
#9788 = SURFACE_STYLE_FILL_AREA(#9789);
#9789 = FILL_AREA_STYLE('',(#9790));
#9790 = FILL_AREA_STYLE_COLOUR('',#9664);
#9791 = OVER_RIDING_STYLED_ITEM('overriding color',(#9792),#2469,#9714);
#9792 = PRESENTATION_STYLE_ASSIGNMENT((#9793));
#9793 = SURFACE_STYLE_USAGE(.BOTH.,#9794);
#9794 = SURFACE_SIDE_STYLE('',(#9795));
#9795 = SURFACE_STYLE_FILL_AREA(#9796);
#9796 = FILL_AREA_STYLE('',(#9797));
#9797 = FILL_AREA_STYLE_COLOUR('',#9664);
#9798 = OVER_RIDING_STYLED_ITEM('overriding color',(#9799),#2505,#9714);
#9799 = PRESENTATION_STYLE_ASSIGNMENT((#9800));
#9800 = SURFACE_STYLE_USAGE(.BOTH.,#9801);
#9801 = SURFACE_SIDE_STYLE('',(#9802));
#9802 = SURFACE_STYLE_FILL_AREA(#9803);
#9803 = FILL_AREA_STYLE('',(#9804));
#9804 = FILL_AREA_STYLE_COLOUR('',#9664);
#9805 = OVER_RIDING_STYLED_ITEM('overriding color',(#9806),#2541,#9714);
#9806 = PRESENTATION_STYLE_ASSIGNMENT((#9807));
#9807 = SURFACE_STYLE_USAGE(.BOTH.,#9808);
#9808 = SURFACE_SIDE_STYLE('',(#9809));
#9809 = SURFACE_STYLE_FILL_AREA(#9810);
#9810 = FILL_AREA_STYLE('',(#9811));
#9811 = FILL_AREA_STYLE_COLOUR('',#9664);
#9812 = OVER_RIDING_STYLED_ITEM('overriding color',(#9813),#2577,#9714);
#9813 = PRESENTATION_STYLE_ASSIGNMENT((#9814));
#9814 = SURFACE_STYLE_USAGE(.BOTH.,#9815);
#9815 = SURFACE_SIDE_STYLE('',(#9816));
#9816 = SURFACE_STYLE_FILL_AREA(#9817);
#9817 = FILL_AREA_STYLE('',(#9818));
#9818 = FILL_AREA_STYLE_COLOUR('',#9664);
#9819 = OVER_RIDING_STYLED_ITEM('overriding color',(#9820),#2605,#9714);
#9820 = PRESENTATION_STYLE_ASSIGNMENT((#9821));
#9821 = SURFACE_STYLE_USAGE(.BOTH.,#9822);
#9822 = SURFACE_SIDE_STYLE('',(#9823));
#9823 = SURFACE_STYLE_FILL_AREA(#9824);
#9824 = FILL_AREA_STYLE('',(#9825));
#9825 = FILL_AREA_STYLE_COLOUR('',#9664);
#9826 = OVER_RIDING_STYLED_ITEM('overriding color',(#9827),#2627,#9714);
#9827 = PRESENTATION_STYLE_ASSIGNMENT((#9828));
#9828 = SURFACE_STYLE_USAGE(.BOTH.,#9829);
#9829 = SURFACE_SIDE_STYLE('',(#9830));
#9830 = SURFACE_STYLE_FILL_AREA(#9831);
#9831 = FILL_AREA_STYLE('',(#9832));
#9832 = FILL_AREA_STYLE_COLOUR('',#9664);
#9833 = STYLED_ITEM('color',(#9834),#2649);
#9834 = PRESENTATION_STYLE_ASSIGNMENT((#9835));
#9835 = SURFACE_STYLE_USAGE(.BOTH.,#9836);
#9836 = SURFACE_SIDE_STYLE('',(#9837));
#9837 = SURFACE_STYLE_FILL_AREA(#9838);
#9838 = FILL_AREA_STYLE('',(#9839));
#9839 = FILL_AREA_STYLE_COLOUR('',#9151);
#9840 = OVER_RIDING_STYLED_ITEM('overriding color',(#9841),#2651,#9833);
#9841 = PRESENTATION_STYLE_ASSIGNMENT((#9842));
#9842 = SURFACE_STYLE_USAGE(.BOTH.,#9843);
#9843 = SURFACE_SIDE_STYLE('',(#9844));
#9844 = SURFACE_STYLE_FILL_AREA(#9845);
#9845 = FILL_AREA_STYLE('',(#9846));
#9846 = FILL_AREA_STYLE_COLOUR('',#9664);
#9847 = OVER_RIDING_STYLED_ITEM('overriding color',(#9848),#2687,#9833);
#9848 = PRESENTATION_STYLE_ASSIGNMENT((#9849));
#9849 = SURFACE_STYLE_USAGE(.BOTH.,#9850);
#9850 = SURFACE_SIDE_STYLE('',(#9851));
#9851 = SURFACE_STYLE_FILL_AREA(#9852);
#9852 = FILL_AREA_STYLE('',(#9853));
#9853 = FILL_AREA_STYLE_COLOUR('',#9664);
#9854 = OVER_RIDING_STYLED_ITEM('overriding color',(#9855),#2715,#9833);
#9855 = PRESENTATION_STYLE_ASSIGNMENT((#9856));
#9856 = SURFACE_STYLE_USAGE(.BOTH.,#9857);
#9857 = SURFACE_SIDE_STYLE('',(#9858));
#9858 = SURFACE_STYLE_FILL_AREA(#9859);
#9859 = FILL_AREA_STYLE('',(#9860));
#9860 = FILL_AREA_STYLE_COLOUR('',#9664);
#9861 = OVER_RIDING_STYLED_ITEM('overriding color',(#9862),#2743,#9833);
#9862 = PRESENTATION_STYLE_ASSIGNMENT((#9863));
#9863 = SURFACE_STYLE_USAGE(.BOTH.,#9864);
#9864 = SURFACE_SIDE_STYLE('',(#9865));
#9865 = SURFACE_STYLE_FILL_AREA(#9866);
#9866 = FILL_AREA_STYLE('',(#9867));
#9867 = FILL_AREA_STYLE_COLOUR('',#9664);
#9868 = OVER_RIDING_STYLED_ITEM('overriding color',(#9869),#2771,#9833);
#9869 = PRESENTATION_STYLE_ASSIGNMENT((#9870));
#9870 = SURFACE_STYLE_USAGE(.BOTH.,#9871);
#9871 = SURFACE_SIDE_STYLE('',(#9872));
#9872 = SURFACE_STYLE_FILL_AREA(#9873);
#9873 = FILL_AREA_STYLE('',(#9874));
#9874 = FILL_AREA_STYLE_COLOUR('',#9664);
#9875 = OVER_RIDING_STYLED_ITEM('overriding color',(#9876),#2799,#9833);
#9876 = PRESENTATION_STYLE_ASSIGNMENT((#9877));
#9877 = SURFACE_STYLE_USAGE(.BOTH.,#9878);
#9878 = SURFACE_SIDE_STYLE('',(#9879));
#9879 = SURFACE_STYLE_FILL_AREA(#9880);
#9880 = FILL_AREA_STYLE('',(#9881));
#9881 = FILL_AREA_STYLE_COLOUR('',#9664);
#9882 = OVER_RIDING_STYLED_ITEM('overriding color',(#9883),#2827,#9833);
#9883 = PRESENTATION_STYLE_ASSIGNMENT((#9884));
#9884 = SURFACE_STYLE_USAGE(.BOTH.,#9885);
#9885 = SURFACE_SIDE_STYLE('',(#9886));
#9886 = SURFACE_STYLE_FILL_AREA(#9887);
#9887 = FILL_AREA_STYLE('',(#9888));
#9888 = FILL_AREA_STYLE_COLOUR('',#9664);
#9889 = OVER_RIDING_STYLED_ITEM('overriding color',(#9890),#2855,#9833);
#9890 = PRESENTATION_STYLE_ASSIGNMENT((#9891));
#9891 = SURFACE_STYLE_USAGE(.BOTH.,#9892);
#9892 = SURFACE_SIDE_STYLE('',(#9893));
#9893 = SURFACE_STYLE_FILL_AREA(#9894);
#9894 = FILL_AREA_STYLE('',(#9895));
#9895 = FILL_AREA_STYLE_COLOUR('',#9664);
#9896 = OVER_RIDING_STYLED_ITEM('overriding color',(#9897),#2883,#9833);
#9897 = PRESENTATION_STYLE_ASSIGNMENT((#9898));
#9898 = SURFACE_STYLE_USAGE(.BOTH.,#9899);
#9899 = SURFACE_SIDE_STYLE('',(#9900));
#9900 = SURFACE_STYLE_FILL_AREA(#9901);
#9901 = FILL_AREA_STYLE('',(#9902));
#9902 = FILL_AREA_STYLE_COLOUR('',#9664);
#9903 = OVER_RIDING_STYLED_ITEM('overriding color',(#9904),#2911,#9833);
#9904 = PRESENTATION_STYLE_ASSIGNMENT((#9905));
#9905 = SURFACE_STYLE_USAGE(.BOTH.,#9906);
#9906 = SURFACE_SIDE_STYLE('',(#9907));
#9907 = SURFACE_STYLE_FILL_AREA(#9908);
#9908 = FILL_AREA_STYLE('',(#9909));
#9909 = FILL_AREA_STYLE_COLOUR('',#9664);
#9910 = OVER_RIDING_STYLED_ITEM('overriding color',(#9911),#2939,#9833);
#9911 = PRESENTATION_STYLE_ASSIGNMENT((#9912));
#9912 = SURFACE_STYLE_USAGE(.BOTH.,#9913);
#9913 = SURFACE_SIDE_STYLE('',(#9914));
#9914 = SURFACE_STYLE_FILL_AREA(#9915);
#9915 = FILL_AREA_STYLE('',(#9916));
#9916 = FILL_AREA_STYLE_COLOUR('',#9664);
#9917 = OVER_RIDING_STYLED_ITEM('overriding color',(#9918),#2967,#9833);
#9918 = PRESENTATION_STYLE_ASSIGNMENT((#9919));
#9919 = SURFACE_STYLE_USAGE(.BOTH.,#9920);
#9920 = SURFACE_SIDE_STYLE('',(#9921));
#9921 = SURFACE_STYLE_FILL_AREA(#9922);
#9922 = FILL_AREA_STYLE('',(#9923));
#9923 = FILL_AREA_STYLE_COLOUR('',#9664);
#9924 = OVER_RIDING_STYLED_ITEM('overriding color',(#9925),#2987,#9833);
#9925 = PRESENTATION_STYLE_ASSIGNMENT((#9926));
#9926 = SURFACE_STYLE_USAGE(.BOTH.,#9927);
#9927 = SURFACE_SIDE_STYLE('',(#9928));
#9928 = SURFACE_STYLE_FILL_AREA(#9929);
#9929 = FILL_AREA_STYLE('',(#9930));
#9930 = FILL_AREA_STYLE_COLOUR('',#9664);
#9931 = OVER_RIDING_STYLED_ITEM('overriding color',(#9932),#3007,#9833);
#9932 = PRESENTATION_STYLE_ASSIGNMENT((#9933));
#9933 = SURFACE_STYLE_USAGE(.BOTH.,#9934);
#9934 = SURFACE_SIDE_STYLE('',(#9935));
#9935 = SURFACE_STYLE_FILL_AREA(#9936);
#9936 = FILL_AREA_STYLE('',(#9937));
#9937 = FILL_AREA_STYLE_COLOUR('',#9664);
#9938 = STYLED_ITEM('color',(#9939),#3027);
#9939 = PRESENTATION_STYLE_ASSIGNMENT((#9940));
#9940 = SURFACE_STYLE_USAGE(.BOTH.,#9941);
#9941 = SURFACE_SIDE_STYLE('',(#9942));
#9942 = SURFACE_STYLE_FILL_AREA(#9943);
#9943 = FILL_AREA_STYLE('',(#9944));
#9944 = FILL_AREA_STYLE_COLOUR('',#9151);
#9945 = OVER_RIDING_STYLED_ITEM('overriding color',(#9946),#3029,#9938);
#9946 = PRESENTATION_STYLE_ASSIGNMENT((#9947));
#9947 = SURFACE_STYLE_USAGE(.BOTH.,#9948);
#9948 = SURFACE_SIDE_STYLE('',(#9949));
#9949 = SURFACE_STYLE_FILL_AREA(#9950);
#9950 = FILL_AREA_STYLE('',(#9951));
#9951 = FILL_AREA_STYLE_COLOUR('',#9664);
#9952 = OVER_RIDING_STYLED_ITEM('overriding color',(#9953),#3153,#9938);
#9953 = PRESENTATION_STYLE_ASSIGNMENT((#9954));
#9954 = SURFACE_STYLE_USAGE(.BOTH.,#9955);
#9955 = SURFACE_SIDE_STYLE('',(#9956));
#9956 = SURFACE_STYLE_FILL_AREA(#9957);
#9957 = FILL_AREA_STYLE('',(#9958));
#9958 = FILL_AREA_STYLE_COLOUR('',#9664);
#9959 = OVER_RIDING_STYLED_ITEM('overriding color',(#9960),#3277,#9938);
#9960 = PRESENTATION_STYLE_ASSIGNMENT((#9961));
#9961 = SURFACE_STYLE_USAGE(.BOTH.,#9962);
#9962 = SURFACE_SIDE_STYLE('',(#9963));
#9963 = SURFACE_STYLE_FILL_AREA(#9964);
#9964 = FILL_AREA_STYLE('',(#9965));
#9965 = FILL_AREA_STYLE_COLOUR('',#9664);
#9966 = OVER_RIDING_STYLED_ITEM('overriding color',(#9967),#3297,#9938);
#9967 = PRESENTATION_STYLE_ASSIGNMENT((#9968));
#9968 = SURFACE_STYLE_USAGE(.BOTH.,#9969);
#9969 = SURFACE_SIDE_STYLE('',(#9970));
#9970 = SURFACE_STYLE_FILL_AREA(#9971);
#9971 = FILL_AREA_STYLE('',(#9972));
#9972 = FILL_AREA_STYLE_COLOUR('',#9664);
#9973 = OVER_RIDING_STYLED_ITEM('overriding color',(#9974),#3317,#9938);
#9974 = PRESENTATION_STYLE_ASSIGNMENT((#9975));
#9975 = SURFACE_STYLE_USAGE(.BOTH.,#9976);
#9976 = SURFACE_SIDE_STYLE('',(#9977));
#9977 = SURFACE_STYLE_FILL_AREA(#9978);
#9978 = FILL_AREA_STYLE('',(#9979));
#9979 = FILL_AREA_STYLE_COLOUR('',#9664);
#9980 = OVER_RIDING_STYLED_ITEM('overriding color',(#9981),#3337,#9938);
#9981 = PRESENTATION_STYLE_ASSIGNMENT((#9982));
#9982 = SURFACE_STYLE_USAGE(.BOTH.,#9983);
#9983 = SURFACE_SIDE_STYLE('',(#9984));
#9984 = SURFACE_STYLE_FILL_AREA(#9985);
#9985 = FILL_AREA_STYLE('',(#9986));
#9986 = FILL_AREA_STYLE_COLOUR('',#9664);
#9987 = OVER_RIDING_STYLED_ITEM('overriding color',(#9988),#3357,#9938);
#9988 = PRESENTATION_STYLE_ASSIGNMENT((#9989));
#9989 = SURFACE_STYLE_USAGE(.BOTH.,#9990);
#9990 = SURFACE_SIDE_STYLE('',(#9991));
#9991 = SURFACE_STYLE_FILL_AREA(#9992);
#9992 = FILL_AREA_STYLE('',(#9993));
#9993 = FILL_AREA_STYLE_COLOUR('',#9664);
#9994 = OVER_RIDING_STYLED_ITEM('overriding color',(#9995),#3377,#9938);
#9995 = PRESENTATION_STYLE_ASSIGNMENT((#9996));
#9996 = SURFACE_STYLE_USAGE(.BOTH.,#9997);
#9997 = SURFACE_SIDE_STYLE('',(#9998));
#9998 = SURFACE_STYLE_FILL_AREA(#9999);
#9999 = FILL_AREA_STYLE('',(#10000));
#10000 = FILL_AREA_STYLE_COLOUR('',#9664);
#10001 = OVER_RIDING_STYLED_ITEM('overriding color',(#10002),#3393,#9938
  );
#10002 = PRESENTATION_STYLE_ASSIGNMENT((#10003));
#10003 = SURFACE_STYLE_USAGE(.BOTH.,#10004);
#10004 = SURFACE_SIDE_STYLE('',(#10005));
#10005 = SURFACE_STYLE_FILL_AREA(#10006);
#10006 = FILL_AREA_STYLE('',(#10007));
#10007 = FILL_AREA_STYLE_COLOUR('',#9664);
#10008 = OVER_RIDING_STYLED_ITEM('overriding color',(#10009),#3405,#9938
  );
#10009 = PRESENTATION_STYLE_ASSIGNMENT((#10010));
#10010 = SURFACE_STYLE_USAGE(.BOTH.,#10011);
#10011 = SURFACE_SIDE_STYLE('',(#10012));
#10012 = SURFACE_STYLE_FILL_AREA(#10013);
#10013 = FILL_AREA_STYLE('',(#10014));
#10014 = FILL_AREA_STYLE_COLOUR('',#9664);
#10015 = OVER_RIDING_STYLED_ITEM('overriding color',(#10016),#3425,#9938
  );
#10016 = PRESENTATION_STYLE_ASSIGNMENT((#10017));
#10017 = SURFACE_STYLE_USAGE(.BOTH.,#10018);
#10018 = SURFACE_SIDE_STYLE('',(#10019));
#10019 = SURFACE_STYLE_FILL_AREA(#10020);
#10020 = FILL_AREA_STYLE('',(#10021));
#10021 = FILL_AREA_STYLE_COLOUR('',#9664);
#10022 = OVER_RIDING_STYLED_ITEM('overriding color',(#10023),#3441,#9938
  );
#10023 = PRESENTATION_STYLE_ASSIGNMENT((#10024));
#10024 = SURFACE_STYLE_USAGE(.BOTH.,#10025);
#10025 = SURFACE_SIDE_STYLE('',(#10026));
#10026 = SURFACE_STYLE_FILL_AREA(#10027);
#10027 = FILL_AREA_STYLE('',(#10028));
#10028 = FILL_AREA_STYLE_COLOUR('',#9664);
#10029 = OVER_RIDING_STYLED_ITEM('overriding color',(#10030),#3457,#9938
  );
#10030 = PRESENTATION_STYLE_ASSIGNMENT((#10031));
#10031 = SURFACE_STYLE_USAGE(.BOTH.,#10032);
#10032 = SURFACE_SIDE_STYLE('',(#10033));
#10033 = SURFACE_STYLE_FILL_AREA(#10034);
#10034 = FILL_AREA_STYLE('',(#10035));
#10035 = FILL_AREA_STYLE_COLOUR('',#9664);
#10036 = OVER_RIDING_STYLED_ITEM('overriding color',(#10037),#3477,#9938
  );
#10037 = PRESENTATION_STYLE_ASSIGNMENT((#10038));
#10038 = SURFACE_STYLE_USAGE(.BOTH.,#10039);
#10039 = SURFACE_SIDE_STYLE('',(#10040));
#10040 = SURFACE_STYLE_FILL_AREA(#10041);
#10041 = FILL_AREA_STYLE('',(#10042));
#10042 = FILL_AREA_STYLE_COLOUR('',#9664);
#10043 = OVER_RIDING_STYLED_ITEM('overriding color',(#10044),#3497,#9938
  );
#10044 = PRESENTATION_STYLE_ASSIGNMENT((#10045));
#10045 = SURFACE_STYLE_USAGE(.BOTH.,#10046);
#10046 = SURFACE_SIDE_STYLE('',(#10047));
#10047 = SURFACE_STYLE_FILL_AREA(#10048);
#10048 = FILL_AREA_STYLE('',(#10049));
#10049 = FILL_AREA_STYLE_COLOUR('',#9664);
#10050 = OVER_RIDING_STYLED_ITEM('overriding color',(#10051),#3517,#9938
  );
#10051 = PRESENTATION_STYLE_ASSIGNMENT((#10052));
#10052 = SURFACE_STYLE_USAGE(.BOTH.,#10053);
#10053 = SURFACE_SIDE_STYLE('',(#10054));
#10054 = SURFACE_STYLE_FILL_AREA(#10055);
#10055 = FILL_AREA_STYLE('',(#10056));
#10056 = FILL_AREA_STYLE_COLOUR('',#9664);
#10057 = STYLED_ITEM('color',(#10058),#3533);
#10058 = PRESENTATION_STYLE_ASSIGNMENT((#10059));
#10059 = SURFACE_STYLE_USAGE(.BOTH.,#10060);
#10060 = SURFACE_SIDE_STYLE('',(#10061));
#10061 = SURFACE_STYLE_FILL_AREA(#10062);
#10062 = FILL_AREA_STYLE('',(#10063));
#10063 = FILL_AREA_STYLE_COLOUR('',#9151);
#10064 = OVER_RIDING_STYLED_ITEM('overriding color',(#10065),#3535,
  #10057);
#10065 = PRESENTATION_STYLE_ASSIGNMENT((#10066));
#10066 = SURFACE_STYLE_USAGE(.BOTH.,#10067);
#10067 = SURFACE_SIDE_STYLE('',(#10068));
#10068 = SURFACE_STYLE_FILL_AREA(#10069);
#10069 = FILL_AREA_STYLE('',(#10070));
#10070 = FILL_AREA_STYLE_COLOUR('',#9664);
#10071 = OVER_RIDING_STYLED_ITEM('overriding color',(#10072),#3647,
  #10057);
#10072 = PRESENTATION_STYLE_ASSIGNMENT((#10073));
#10073 = SURFACE_STYLE_USAGE(.BOTH.,#10074);
#10074 = SURFACE_SIDE_STYLE('',(#10075));
#10075 = SURFACE_STYLE_FILL_AREA(#10076);
#10076 = FILL_AREA_STYLE('',(#10077));
#10077 = FILL_AREA_STYLE_COLOUR('',#9664);
#10078 = OVER_RIDING_STYLED_ITEM('overriding color',(#10079),#3759,
  #10057);
#10079 = PRESENTATION_STYLE_ASSIGNMENT((#10080));
#10080 = SURFACE_STYLE_USAGE(.BOTH.,#10081);
#10081 = SURFACE_SIDE_STYLE('',(#10082));
#10082 = SURFACE_STYLE_FILL_AREA(#10083);
#10083 = FILL_AREA_STYLE('',(#10084));
#10084 = FILL_AREA_STYLE_COLOUR('',#9664);
#10085 = OVER_RIDING_STYLED_ITEM('overriding color',(#10086),#3779,
  #10057);
#10086 = PRESENTATION_STYLE_ASSIGNMENT((#10087));
#10087 = SURFACE_STYLE_USAGE(.BOTH.,#10088);
#10088 = SURFACE_SIDE_STYLE('',(#10089));
#10089 = SURFACE_STYLE_FILL_AREA(#10090);
#10090 = FILL_AREA_STYLE('',(#10091));
#10091 = FILL_AREA_STYLE_COLOUR('',#9664);
#10092 = OVER_RIDING_STYLED_ITEM('overriding color',(#10093),#3795,
  #10057);
#10093 = PRESENTATION_STYLE_ASSIGNMENT((#10094));
#10094 = SURFACE_STYLE_USAGE(.BOTH.,#10095);
#10095 = SURFACE_SIDE_STYLE('',(#10096));
#10096 = SURFACE_STYLE_FILL_AREA(#10097);
#10097 = FILL_AREA_STYLE('',(#10098));
#10098 = FILL_AREA_STYLE_COLOUR('',#9664);
#10099 = OVER_RIDING_STYLED_ITEM('overriding color',(#10100),#3811,
  #10057);
#10100 = PRESENTATION_STYLE_ASSIGNMENT((#10101));
#10101 = SURFACE_STYLE_USAGE(.BOTH.,#10102);
#10102 = SURFACE_SIDE_STYLE('',(#10103));
#10103 = SURFACE_STYLE_FILL_AREA(#10104);
#10104 = FILL_AREA_STYLE('',(#10105));
#10105 = FILL_AREA_STYLE_COLOUR('',#9664);
#10106 = OVER_RIDING_STYLED_ITEM('overriding color',(#10107),#3827,
  #10057);
#10107 = PRESENTATION_STYLE_ASSIGNMENT((#10108));
#10108 = SURFACE_STYLE_USAGE(.BOTH.,#10109);
#10109 = SURFACE_SIDE_STYLE('',(#10110));
#10110 = SURFACE_STYLE_FILL_AREA(#10111);
#10111 = FILL_AREA_STYLE('',(#10112));
#10112 = FILL_AREA_STYLE_COLOUR('',#9664);
#10113 = OVER_RIDING_STYLED_ITEM('overriding color',(#10114),#3843,
  #10057);
#10114 = PRESENTATION_STYLE_ASSIGNMENT((#10115));
#10115 = SURFACE_STYLE_USAGE(.BOTH.,#10116);
#10116 = SURFACE_SIDE_STYLE('',(#10117));
#10117 = SURFACE_STYLE_FILL_AREA(#10118);
#10118 = FILL_AREA_STYLE('',(#10119));
#10119 = FILL_AREA_STYLE_COLOUR('',#9664);
#10120 = OVER_RIDING_STYLED_ITEM('overriding color',(#10121),#3859,
  #10057);
#10121 = PRESENTATION_STYLE_ASSIGNMENT((#10122));
#10122 = SURFACE_STYLE_USAGE(.BOTH.,#10123);
#10123 = SURFACE_SIDE_STYLE('',(#10124));
#10124 = SURFACE_STYLE_FILL_AREA(#10125);
#10125 = FILL_AREA_STYLE('',(#10126));
#10126 = FILL_AREA_STYLE_COLOUR('',#9664);
#10127 = OVER_RIDING_STYLED_ITEM('overriding color',(#10128),#3875,
  #10057);
#10128 = PRESENTATION_STYLE_ASSIGNMENT((#10129));
#10129 = SURFACE_STYLE_USAGE(.BOTH.,#10130);
#10130 = SURFACE_SIDE_STYLE('',(#10131));
#10131 = SURFACE_STYLE_FILL_AREA(#10132);
#10132 = FILL_AREA_STYLE('',(#10133));
#10133 = FILL_AREA_STYLE_COLOUR('',#9664);
#10134 = OVER_RIDING_STYLED_ITEM('overriding color',(#10135),#3887,
  #10057);
#10135 = PRESENTATION_STYLE_ASSIGNMENT((#10136));
#10136 = SURFACE_STYLE_USAGE(.BOTH.,#10137);
#10137 = SURFACE_SIDE_STYLE('',(#10138));
#10138 = SURFACE_STYLE_FILL_AREA(#10139);
#10139 = FILL_AREA_STYLE('',(#10140));
#10140 = FILL_AREA_STYLE_COLOUR('',#9664);
#10141 = OVER_RIDING_STYLED_ITEM('overriding color',(#10142),#3907,
  #10057);
#10142 = PRESENTATION_STYLE_ASSIGNMENT((#10143));
#10143 = SURFACE_STYLE_USAGE(.BOTH.,#10144);
#10144 = SURFACE_SIDE_STYLE('',(#10145));
#10145 = SURFACE_STYLE_FILL_AREA(#10146);
#10146 = FILL_AREA_STYLE('',(#10147));
#10147 = FILL_AREA_STYLE_COLOUR('',#9664);
#10148 = OVER_RIDING_STYLED_ITEM('overriding color',(#10149),#3923,
  #10057);
#10149 = PRESENTATION_STYLE_ASSIGNMENT((#10150));
#10150 = SURFACE_STYLE_USAGE(.BOTH.,#10151);
#10151 = SURFACE_SIDE_STYLE('',(#10152));
#10152 = SURFACE_STYLE_FILL_AREA(#10153);
#10153 = FILL_AREA_STYLE('',(#10154));
#10154 = FILL_AREA_STYLE_COLOUR('',#9664);
#10155 = OVER_RIDING_STYLED_ITEM('overriding color',(#10156),#3943,
  #10057);
#10156 = PRESENTATION_STYLE_ASSIGNMENT((#10157));
#10157 = SURFACE_STYLE_USAGE(.BOTH.,#10158);
#10158 = SURFACE_SIDE_STYLE('',(#10159));
#10159 = SURFACE_STYLE_FILL_AREA(#10160);
#10160 = FILL_AREA_STYLE('',(#10161));
#10161 = FILL_AREA_STYLE_COLOUR('',#9664);
#10162 = OVER_RIDING_STYLED_ITEM('overriding color',(#10163),#3959,
  #10057);
#10163 = PRESENTATION_STYLE_ASSIGNMENT((#10164));
#10164 = SURFACE_STYLE_USAGE(.BOTH.,#10165);
#10165 = SURFACE_SIDE_STYLE('',(#10166));
#10166 = SURFACE_STYLE_FILL_AREA(#10167);
#10167 = FILL_AREA_STYLE('',(#10168));
#10168 = FILL_AREA_STYLE_COLOUR('',#9664);
#10169 = OVER_RIDING_STYLED_ITEM('overriding color',(#10170),#3979,
  #10057);
#10170 = PRESENTATION_STYLE_ASSIGNMENT((#10171));
#10171 = SURFACE_STYLE_USAGE(.BOTH.,#10172);
#10172 = SURFACE_SIDE_STYLE('',(#10173));
#10173 = SURFACE_STYLE_FILL_AREA(#10174);
#10174 = FILL_AREA_STYLE('',(#10175));
#10175 = FILL_AREA_STYLE_COLOUR('',#9664);
#10176 = STYLED_ITEM('color',(#10177),#3991);
#10177 = PRESENTATION_STYLE_ASSIGNMENT((#10178));
#10178 = SURFACE_STYLE_USAGE(.BOTH.,#10179);
#10179 = SURFACE_SIDE_STYLE('',(#10180));
#10180 = SURFACE_STYLE_FILL_AREA(#10181);
#10181 = FILL_AREA_STYLE('',(#10182));
#10182 = FILL_AREA_STYLE_COLOUR('',#9151);
#10183 = OVER_RIDING_STYLED_ITEM('overriding color',(#10184),#3993,
  #10176);
#10184 = PRESENTATION_STYLE_ASSIGNMENT((#10185));
#10185 = SURFACE_STYLE_USAGE(.BOTH.,#10186);
#10186 = SURFACE_SIDE_STYLE('',(#10187));
#10187 = SURFACE_STYLE_FILL_AREA(#10188);
#10188 = FILL_AREA_STYLE('',(#10189));
#10189 = FILL_AREA_STYLE_COLOUR('',#9664);
#10190 = OVER_RIDING_STYLED_ITEM('overriding color',(#10191),#4029,
  #10176);
#10191 = PRESENTATION_STYLE_ASSIGNMENT((#10192));
#10192 = SURFACE_STYLE_USAGE(.BOTH.,#10193);
#10193 = SURFACE_SIDE_STYLE('',(#10194));
#10194 = SURFACE_STYLE_FILL_AREA(#10195);
#10195 = FILL_AREA_STYLE('',(#10196));
#10196 = FILL_AREA_STYLE_COLOUR('',#9664);
#10197 = OVER_RIDING_STYLED_ITEM('overriding color',(#10198),#4057,
  #10176);
#10198 = PRESENTATION_STYLE_ASSIGNMENT((#10199));
#10199 = SURFACE_STYLE_USAGE(.BOTH.,#10200);
#10200 = SURFACE_SIDE_STYLE('',(#10201));
#10201 = SURFACE_STYLE_FILL_AREA(#10202);
#10202 = FILL_AREA_STYLE('',(#10203));
#10203 = FILL_AREA_STYLE_COLOUR('',#9664);
#10204 = OVER_RIDING_STYLED_ITEM('overriding color',(#10205),#4085,
  #10176);
#10205 = PRESENTATION_STYLE_ASSIGNMENT((#10206));
#10206 = SURFACE_STYLE_USAGE(.BOTH.,#10207);
#10207 = SURFACE_SIDE_STYLE('',(#10208));
#10208 = SURFACE_STYLE_FILL_AREA(#10209);
#10209 = FILL_AREA_STYLE('',(#10210));
#10210 = FILL_AREA_STYLE_COLOUR('',#9664);
#10211 = OVER_RIDING_STYLED_ITEM('overriding color',(#10212),#4113,
  #10176);
#10212 = PRESENTATION_STYLE_ASSIGNMENT((#10213));
#10213 = SURFACE_STYLE_USAGE(.BOTH.,#10214);
#10214 = SURFACE_SIDE_STYLE('',(#10215));
#10215 = SURFACE_STYLE_FILL_AREA(#10216);
#10216 = FILL_AREA_STYLE('',(#10217));
#10217 = FILL_AREA_STYLE_COLOUR('',#9664);
#10218 = OVER_RIDING_STYLED_ITEM('overriding color',(#10219),#4141,
  #10176);
#10219 = PRESENTATION_STYLE_ASSIGNMENT((#10220));
#10220 = SURFACE_STYLE_USAGE(.BOTH.,#10221);
#10221 = SURFACE_SIDE_STYLE('',(#10222));
#10222 = SURFACE_STYLE_FILL_AREA(#10223);
#10223 = FILL_AREA_STYLE('',(#10224));
#10224 = FILL_AREA_STYLE_COLOUR('',#9664);
#10225 = OVER_RIDING_STYLED_ITEM('overriding color',(#10226),#4169,
  #10176);
#10226 = PRESENTATION_STYLE_ASSIGNMENT((#10227));
#10227 = SURFACE_STYLE_USAGE(.BOTH.,#10228);
#10228 = SURFACE_SIDE_STYLE('',(#10229));
#10229 = SURFACE_STYLE_FILL_AREA(#10230);
#10230 = FILL_AREA_STYLE('',(#10231));
#10231 = FILL_AREA_STYLE_COLOUR('',#9664);
#10232 = OVER_RIDING_STYLED_ITEM('overriding color',(#10233),#4197,
  #10176);
#10233 = PRESENTATION_STYLE_ASSIGNMENT((#10234));
#10234 = SURFACE_STYLE_USAGE(.BOTH.,#10235);
#10235 = SURFACE_SIDE_STYLE('',(#10236));
#10236 = SURFACE_STYLE_FILL_AREA(#10237);
#10237 = FILL_AREA_STYLE('',(#10238));
#10238 = FILL_AREA_STYLE_COLOUR('',#9664);
#10239 = OVER_RIDING_STYLED_ITEM('overriding color',(#10240),#4225,
  #10176);
#10240 = PRESENTATION_STYLE_ASSIGNMENT((#10241));
#10241 = SURFACE_STYLE_USAGE(.BOTH.,#10242);
#10242 = SURFACE_SIDE_STYLE('',(#10243));
#10243 = SURFACE_STYLE_FILL_AREA(#10244);
#10244 = FILL_AREA_STYLE('',(#10245));
#10245 = FILL_AREA_STYLE_COLOUR('',#9664);
#10246 = OVER_RIDING_STYLED_ITEM('overriding color',(#10247),#4253,
  #10176);
#10247 = PRESENTATION_STYLE_ASSIGNMENT((#10248));
#10248 = SURFACE_STYLE_USAGE(.BOTH.,#10249);
#10249 = SURFACE_SIDE_STYLE('',(#10250));
#10250 = SURFACE_STYLE_FILL_AREA(#10251);
#10251 = FILL_AREA_STYLE('',(#10252));
#10252 = FILL_AREA_STYLE_COLOUR('',#9664);
#10253 = OVER_RIDING_STYLED_ITEM('overriding color',(#10254),#4281,
  #10176);
#10254 = PRESENTATION_STYLE_ASSIGNMENT((#10255));
#10255 = SURFACE_STYLE_USAGE(.BOTH.,#10256);
#10256 = SURFACE_SIDE_STYLE('',(#10257));
#10257 = SURFACE_STYLE_FILL_AREA(#10258);
#10258 = FILL_AREA_STYLE('',(#10259));
#10259 = FILL_AREA_STYLE_COLOUR('',#9664);
#10260 = OVER_RIDING_STYLED_ITEM('overriding color',(#10261),#4309,
  #10176);
#10261 = PRESENTATION_STYLE_ASSIGNMENT((#10262));
#10262 = SURFACE_STYLE_USAGE(.BOTH.,#10263);
#10263 = SURFACE_SIDE_STYLE('',(#10264));
#10264 = SURFACE_STYLE_FILL_AREA(#10265);
#10265 = FILL_AREA_STYLE('',(#10266));
#10266 = FILL_AREA_STYLE_COLOUR('',#9664);
#10267 = OVER_RIDING_STYLED_ITEM('overriding color',(#10268),#4329,
  #10176);
#10268 = PRESENTATION_STYLE_ASSIGNMENT((#10269));
#10269 = SURFACE_STYLE_USAGE(.BOTH.,#10270);
#10270 = SURFACE_SIDE_STYLE('',(#10271));
#10271 = SURFACE_STYLE_FILL_AREA(#10272);
#10272 = FILL_AREA_STYLE('',(#10273));
#10273 = FILL_AREA_STYLE_COLOUR('',#9664);
#10274 = OVER_RIDING_STYLED_ITEM('overriding color',(#10275),#4349,
  #10176);
#10275 = PRESENTATION_STYLE_ASSIGNMENT((#10276));
#10276 = SURFACE_STYLE_USAGE(.BOTH.,#10277);
#10277 = SURFACE_SIDE_STYLE('',(#10278));
#10278 = SURFACE_STYLE_FILL_AREA(#10279);
#10279 = FILL_AREA_STYLE('',(#10280));
#10280 = FILL_AREA_STYLE_COLOUR('',#9664);
#10281 = STYLED_ITEM('color',(#10282),#4369);
#10282 = PRESENTATION_STYLE_ASSIGNMENT((#10283));
#10283 = SURFACE_STYLE_USAGE(.BOTH.,#10284);
#10284 = SURFACE_SIDE_STYLE('',(#10285));
#10285 = SURFACE_STYLE_FILL_AREA(#10286);
#10286 = FILL_AREA_STYLE('',(#10287));
#10287 = FILL_AREA_STYLE_COLOUR('',#9151);
#10288 = OVER_RIDING_STYLED_ITEM('overriding color',(#10289),#4371,
  #10281);
#10289 = PRESENTATION_STYLE_ASSIGNMENT((#10290));
#10290 = SURFACE_STYLE_USAGE(.BOTH.,#10291);
#10291 = SURFACE_SIDE_STYLE('',(#10292));
#10292 = SURFACE_STYLE_FILL_AREA(#10293);
#10293 = FILL_AREA_STYLE('',(#10294));
#10294 = FILL_AREA_STYLE_COLOUR('',#9664);
#10295 = OVER_RIDING_STYLED_ITEM('overriding color',(#10296),#4563,
  #10281);
#10296 = PRESENTATION_STYLE_ASSIGNMENT((#10297));
#10297 = SURFACE_STYLE_USAGE(.BOTH.,#10298);
#10298 = SURFACE_SIDE_STYLE('',(#10299));
#10299 = SURFACE_STYLE_FILL_AREA(#10300);
#10300 = FILL_AREA_STYLE('',(#10301));
#10301 = FILL_AREA_STYLE_COLOUR('',#9664);
#10302 = OVER_RIDING_STYLED_ITEM('overriding color',(#10303),#4755,
  #10281);
#10303 = PRESENTATION_STYLE_ASSIGNMENT((#10304));
#10304 = SURFACE_STYLE_USAGE(.BOTH.,#10305);
#10305 = SURFACE_SIDE_STYLE('',(#10306));
#10306 = SURFACE_STYLE_FILL_AREA(#10307);
#10307 = FILL_AREA_STYLE('',(#10308));
#10308 = FILL_AREA_STYLE_COLOUR('',#9664);
#10309 = OVER_RIDING_STYLED_ITEM('overriding color',(#10310),#4779,
  #10281);
#10310 = PRESENTATION_STYLE_ASSIGNMENT((#10311));
#10311 = SURFACE_STYLE_USAGE(.BOTH.,#10312);
#10312 = SURFACE_SIDE_STYLE('',(#10313));
#10313 = SURFACE_STYLE_FILL_AREA(#10314);
#10314 = FILL_AREA_STYLE('',(#10315));
#10315 = FILL_AREA_STYLE_COLOUR('',#9664);
#10316 = OVER_RIDING_STYLED_ITEM('overriding color',(#10317),#4795,
  #10281);
#10317 = PRESENTATION_STYLE_ASSIGNMENT((#10318));
#10318 = SURFACE_STYLE_USAGE(.BOTH.,#10319);
#10319 = SURFACE_SIDE_STYLE('',(#10320));
#10320 = SURFACE_STYLE_FILL_AREA(#10321);
#10321 = FILL_AREA_STYLE('',(#10322));
#10322 = FILL_AREA_STYLE_COLOUR('',#9664);
#10323 = OVER_RIDING_STYLED_ITEM('overriding color',(#10324),#4815,
  #10281);
#10324 = PRESENTATION_STYLE_ASSIGNMENT((#10325));
#10325 = SURFACE_STYLE_USAGE(.BOTH.,#10326);
#10326 = SURFACE_SIDE_STYLE('',(#10327));
#10327 = SURFACE_STYLE_FILL_AREA(#10328);
#10328 = FILL_AREA_STYLE('',(#10329));
#10329 = FILL_AREA_STYLE_COLOUR('',#9664);
#10330 = OVER_RIDING_STYLED_ITEM('overriding color',(#10331),#4835,
  #10281);
#10331 = PRESENTATION_STYLE_ASSIGNMENT((#10332));
#10332 = SURFACE_STYLE_USAGE(.BOTH.,#10333);
#10333 = SURFACE_SIDE_STYLE('',(#10334));
#10334 = SURFACE_STYLE_FILL_AREA(#10335);
#10335 = FILL_AREA_STYLE('',(#10336));
#10336 = FILL_AREA_STYLE_COLOUR('',#9664);
#10337 = OVER_RIDING_STYLED_ITEM('overriding color',(#10338),#4851,
  #10281);
#10338 = PRESENTATION_STYLE_ASSIGNMENT((#10339));
#10339 = SURFACE_STYLE_USAGE(.BOTH.,#10340);
#10340 = SURFACE_SIDE_STYLE('',(#10341));
#10341 = SURFACE_STYLE_FILL_AREA(#10342);
#10342 = FILL_AREA_STYLE('',(#10343));
#10343 = FILL_AREA_STYLE_COLOUR('',#9664);
#10344 = OVER_RIDING_STYLED_ITEM('overriding color',(#10345),#4871,
  #10281);
#10345 = PRESENTATION_STYLE_ASSIGNMENT((#10346));
#10346 = SURFACE_STYLE_USAGE(.BOTH.,#10347);
#10347 = SURFACE_SIDE_STYLE('',(#10348));
#10348 = SURFACE_STYLE_FILL_AREA(#10349);
#10349 = FILL_AREA_STYLE('',(#10350));
#10350 = FILL_AREA_STYLE_COLOUR('',#9664);
#10351 = OVER_RIDING_STYLED_ITEM('overriding color',(#10352),#4891,
  #10281);
#10352 = PRESENTATION_STYLE_ASSIGNMENT((#10353));
#10353 = SURFACE_STYLE_USAGE(.BOTH.,#10354);
#10354 = SURFACE_SIDE_STYLE('',(#10355));
#10355 = SURFACE_STYLE_FILL_AREA(#10356);
#10356 = FILL_AREA_STYLE('',(#10357));
#10357 = FILL_AREA_STYLE_COLOUR('',#9664);
#10358 = OVER_RIDING_STYLED_ITEM('overriding color',(#10359),#4911,
  #10281);
#10359 = PRESENTATION_STYLE_ASSIGNMENT((#10360));
#10360 = SURFACE_STYLE_USAGE(.BOTH.,#10361);
#10361 = SURFACE_SIDE_STYLE('',(#10362));
#10362 = SURFACE_STYLE_FILL_AREA(#10363);
#10363 = FILL_AREA_STYLE('',(#10364));
#10364 = FILL_AREA_STYLE_COLOUR('',#9664);
#10365 = OVER_RIDING_STYLED_ITEM('overriding color',(#10366),#4931,
  #10281);
#10366 = PRESENTATION_STYLE_ASSIGNMENT((#10367));
#10367 = SURFACE_STYLE_USAGE(.BOTH.,#10368);
#10368 = SURFACE_SIDE_STYLE('',(#10369));
#10369 = SURFACE_STYLE_FILL_AREA(#10370);
#10370 = FILL_AREA_STYLE('',(#10371));
#10371 = FILL_AREA_STYLE_COLOUR('',#9664);
#10372 = OVER_RIDING_STYLED_ITEM('overriding color',(#10373),#4947,
  #10281);
#10373 = PRESENTATION_STYLE_ASSIGNMENT((#10374));
#10374 = SURFACE_STYLE_USAGE(.BOTH.,#10375);
#10375 = SURFACE_SIDE_STYLE('',(#10376));
#10376 = SURFACE_STYLE_FILL_AREA(#10377);
#10377 = FILL_AREA_STYLE('',(#10378));
#10378 = FILL_AREA_STYLE_COLOUR('',#9664);
#10379 = OVER_RIDING_STYLED_ITEM('overriding color',(#10380),#4963,
  #10281);
#10380 = PRESENTATION_STYLE_ASSIGNMENT((#10381));
#10381 = SURFACE_STYLE_USAGE(.BOTH.,#10382);
#10382 = SURFACE_SIDE_STYLE('',(#10383));
#10383 = SURFACE_STYLE_FILL_AREA(#10384);
#10384 = FILL_AREA_STYLE('',(#10385));
#10385 = FILL_AREA_STYLE_COLOUR('',#9664);
#10386 = OVER_RIDING_STYLED_ITEM('overriding color',(#10387),#4979,
  #10281);
#10387 = PRESENTATION_STYLE_ASSIGNMENT((#10388));
#10388 = SURFACE_STYLE_USAGE(.BOTH.,#10389);
#10389 = SURFACE_SIDE_STYLE('',(#10390));
#10390 = SURFACE_STYLE_FILL_AREA(#10391);
#10391 = FILL_AREA_STYLE('',(#10392));
#10392 = FILL_AREA_STYLE_COLOUR('',#9664);
#10393 = OVER_RIDING_STYLED_ITEM('overriding color',(#10394),#4995,
  #10281);
#10394 = PRESENTATION_STYLE_ASSIGNMENT((#10395));
#10395 = SURFACE_STYLE_USAGE(.BOTH.,#10396);
#10396 = SURFACE_SIDE_STYLE('',(#10397));
#10397 = SURFACE_STYLE_FILL_AREA(#10398);
#10398 = FILL_AREA_STYLE('',(#10399));
#10399 = FILL_AREA_STYLE_COLOUR('',#9664);
#10400 = OVER_RIDING_STYLED_ITEM('overriding color',(#10401),#5011,
  #10281);
#10401 = PRESENTATION_STYLE_ASSIGNMENT((#10402));
#10402 = SURFACE_STYLE_USAGE(.BOTH.,#10403);
#10403 = SURFACE_SIDE_STYLE('',(#10404));
#10404 = SURFACE_STYLE_FILL_AREA(#10405);
#10405 = FILL_AREA_STYLE('',(#10406));
#10406 = FILL_AREA_STYLE_COLOUR('',#9664);
#10407 = OVER_RIDING_STYLED_ITEM('overriding color',(#10408),#5035,
  #10281);
#10408 = PRESENTATION_STYLE_ASSIGNMENT((#10409));
#10409 = SURFACE_STYLE_USAGE(.BOTH.,#10410);
#10410 = SURFACE_SIDE_STYLE('',(#10411));
#10411 = SURFACE_STYLE_FILL_AREA(#10412);
#10412 = FILL_AREA_STYLE('',(#10413));
#10413 = FILL_AREA_STYLE_COLOUR('',#9664);
#10414 = OVER_RIDING_STYLED_ITEM('overriding color',(#10415),#5055,
  #10281);
#10415 = PRESENTATION_STYLE_ASSIGNMENT((#10416));
#10416 = SURFACE_STYLE_USAGE(.BOTH.,#10417);
#10417 = SURFACE_SIDE_STYLE('',(#10418));
#10418 = SURFACE_STYLE_FILL_AREA(#10419);
#10419 = FILL_AREA_STYLE('',(#10420));
#10420 = FILL_AREA_STYLE_COLOUR('',#9664);
#10421 = OVER_RIDING_STYLED_ITEM('overriding color',(#10422),#5075,
  #10281);
#10422 = PRESENTATION_STYLE_ASSIGNMENT((#10423));
#10423 = SURFACE_STYLE_USAGE(.BOTH.,#10424);
#10424 = SURFACE_SIDE_STYLE('',(#10425));
#10425 = SURFACE_STYLE_FILL_AREA(#10426);
#10426 = FILL_AREA_STYLE('',(#10427));
#10427 = FILL_AREA_STYLE_COLOUR('',#9664);
#10428 = OVER_RIDING_STYLED_ITEM('overriding color',(#10429),#5095,
  #10281);
#10429 = PRESENTATION_STYLE_ASSIGNMENT((#10430));
#10430 = SURFACE_STYLE_USAGE(.BOTH.,#10431);
#10431 = SURFACE_SIDE_STYLE('',(#10432));
#10432 = SURFACE_STYLE_FILL_AREA(#10433);
#10433 = FILL_AREA_STYLE('',(#10434));
#10434 = FILL_AREA_STYLE_COLOUR('',#9664);
#10435 = OVER_RIDING_STYLED_ITEM('overriding color',(#10436),#5115,
  #10281);
#10436 = PRESENTATION_STYLE_ASSIGNMENT((#10437));
#10437 = SURFACE_STYLE_USAGE(.BOTH.,#10438);
#10438 = SURFACE_SIDE_STYLE('',(#10439));
#10439 = SURFACE_STYLE_FILL_AREA(#10440);
#10440 = FILL_AREA_STYLE('',(#10441));
#10441 = FILL_AREA_STYLE_COLOUR('',#9664);
#10442 = OVER_RIDING_STYLED_ITEM('overriding color',(#10443),#5135,
  #10281);
#10443 = PRESENTATION_STYLE_ASSIGNMENT((#10444));
#10444 = SURFACE_STYLE_USAGE(.BOTH.,#10445);
#10445 = SURFACE_SIDE_STYLE('',(#10446));
#10446 = SURFACE_STYLE_FILL_AREA(#10447);
#10447 = FILL_AREA_STYLE('',(#10448));
#10448 = FILL_AREA_STYLE_COLOUR('',#9664);
#10449 = OVER_RIDING_STYLED_ITEM('overriding color',(#10450),#5151,
  #10281);
#10450 = PRESENTATION_STYLE_ASSIGNMENT((#10451));
#10451 = SURFACE_STYLE_USAGE(.BOTH.,#10452);
#10452 = SURFACE_SIDE_STYLE('',(#10453));
#10453 = SURFACE_STYLE_FILL_AREA(#10454);
#10454 = FILL_AREA_STYLE('',(#10455));
#10455 = FILL_AREA_STYLE_COLOUR('',#9664);
#10456 = STYLED_ITEM('color',(#10457),#5163);
#10457 = PRESENTATION_STYLE_ASSIGNMENT((#10458));
#10458 = SURFACE_STYLE_USAGE(.BOTH.,#10459);
#10459 = SURFACE_SIDE_STYLE('',(#10460));
#10460 = SURFACE_STYLE_FILL_AREA(#10461);
#10461 = FILL_AREA_STYLE('',(#10462));
#10462 = FILL_AREA_STYLE_COLOUR('',#9151);
#10463 = OVER_RIDING_STYLED_ITEM('overriding color',(#10464),#5165,
  #10456);
#10464 = PRESENTATION_STYLE_ASSIGNMENT((#10465));
#10465 = SURFACE_STYLE_USAGE(.BOTH.,#10466);
#10466 = SURFACE_SIDE_STYLE('',(#10467));
#10467 = SURFACE_STYLE_FILL_AREA(#10468);
#10468 = FILL_AREA_STYLE('',(#10469));
#10469 = FILL_AREA_STYLE_COLOUR('',#9664);
#10470 = OVER_RIDING_STYLED_ITEM('overriding color',(#10471),#5209,
  #10456);
#10471 = PRESENTATION_STYLE_ASSIGNMENT((#10472));
#10472 = SURFACE_STYLE_USAGE(.BOTH.,#10473);
#10473 = SURFACE_SIDE_STYLE('',(#10474));
#10474 = SURFACE_STYLE_FILL_AREA(#10475);
#10475 = FILL_AREA_STYLE('',(#10476));
#10476 = FILL_AREA_STYLE_COLOUR('',#9664);
#10477 = OVER_RIDING_STYLED_ITEM('overriding color',(#10478),#5237,
  #10456);
#10478 = PRESENTATION_STYLE_ASSIGNMENT((#10479));
#10479 = SURFACE_STYLE_USAGE(.BOTH.,#10480);
#10480 = SURFACE_SIDE_STYLE('',(#10481));
#10481 = SURFACE_STYLE_FILL_AREA(#10482);
#10482 = FILL_AREA_STYLE('',(#10483));
#10483 = FILL_AREA_STYLE_COLOUR('',#9664);
#10484 = OVER_RIDING_STYLED_ITEM('overriding color',(#10485),#5273,
  #10456);
#10485 = PRESENTATION_STYLE_ASSIGNMENT((#10486));
#10486 = SURFACE_STYLE_USAGE(.BOTH.,#10487);
#10487 = SURFACE_SIDE_STYLE('',(#10488));
#10488 = SURFACE_STYLE_FILL_AREA(#10489);
#10489 = FILL_AREA_STYLE('',(#10490));
#10490 = FILL_AREA_STYLE_COLOUR('',#9664);
#10491 = OVER_RIDING_STYLED_ITEM('overriding color',(#10492),#5309,
  #10456);
#10492 = PRESENTATION_STYLE_ASSIGNMENT((#10493));
#10493 = SURFACE_STYLE_USAGE(.BOTH.,#10494);
#10494 = SURFACE_SIDE_STYLE('',(#10495));
#10495 = SURFACE_STYLE_FILL_AREA(#10496);
#10496 = FILL_AREA_STYLE('',(#10497));
#10497 = FILL_AREA_STYLE_COLOUR('',#9664);
#10498 = OVER_RIDING_STYLED_ITEM('overriding color',(#10499),#5345,
  #10456);
#10499 = PRESENTATION_STYLE_ASSIGNMENT((#10500));
#10500 = SURFACE_STYLE_USAGE(.BOTH.,#10501);
#10501 = SURFACE_SIDE_STYLE('',(#10502));
#10502 = SURFACE_STYLE_FILL_AREA(#10503);
#10503 = FILL_AREA_STYLE('',(#10504));
#10504 = FILL_AREA_STYLE_COLOUR('',#9664);
#10505 = OVER_RIDING_STYLED_ITEM('overriding color',(#10506),#5381,
  #10456);
#10506 = PRESENTATION_STYLE_ASSIGNMENT((#10507));
#10507 = SURFACE_STYLE_USAGE(.BOTH.,#10508);
#10508 = SURFACE_SIDE_STYLE('',(#10509));
#10509 = SURFACE_STYLE_FILL_AREA(#10510);
#10510 = FILL_AREA_STYLE('',(#10511));
#10511 = FILL_AREA_STYLE_COLOUR('',#9664);
#10512 = OVER_RIDING_STYLED_ITEM('overriding color',(#10513),#5417,
  #10456);
#10513 = PRESENTATION_STYLE_ASSIGNMENT((#10514));
#10514 = SURFACE_STYLE_USAGE(.BOTH.,#10515);
#10515 = SURFACE_SIDE_STYLE('',(#10516));
#10516 = SURFACE_STYLE_FILL_AREA(#10517);
#10517 = FILL_AREA_STYLE('',(#10518));
#10518 = FILL_AREA_STYLE_COLOUR('',#9664);
#10519 = OVER_RIDING_STYLED_ITEM('overriding color',(#10520),#5453,
  #10456);
#10520 = PRESENTATION_STYLE_ASSIGNMENT((#10521));
#10521 = SURFACE_STYLE_USAGE(.BOTH.,#10522);
#10522 = SURFACE_SIDE_STYLE('',(#10523));
#10523 = SURFACE_STYLE_FILL_AREA(#10524);
#10524 = FILL_AREA_STYLE('',(#10525));
#10525 = FILL_AREA_STYLE_COLOUR('',#9664);
#10526 = OVER_RIDING_STYLED_ITEM('overriding color',(#10527),#5489,
  #10456);
#10527 = PRESENTATION_STYLE_ASSIGNMENT((#10528));
#10528 = SURFACE_STYLE_USAGE(.BOTH.,#10529);
#10529 = SURFACE_SIDE_STYLE('',(#10530));
#10530 = SURFACE_STYLE_FILL_AREA(#10531);
#10531 = FILL_AREA_STYLE('',(#10532));
#10532 = FILL_AREA_STYLE_COLOUR('',#9664);
#10533 = OVER_RIDING_STYLED_ITEM('overriding color',(#10534),#5525,
  #10456);
#10534 = PRESENTATION_STYLE_ASSIGNMENT((#10535));
#10535 = SURFACE_STYLE_USAGE(.BOTH.,#10536);
#10536 = SURFACE_SIDE_STYLE('',(#10537));
#10537 = SURFACE_STYLE_FILL_AREA(#10538);
#10538 = FILL_AREA_STYLE('',(#10539));
#10539 = FILL_AREA_STYLE_COLOUR('',#9664);
#10540 = OVER_RIDING_STYLED_ITEM('overriding color',(#10541),#5561,
  #10456);
#10541 = PRESENTATION_STYLE_ASSIGNMENT((#10542));
#10542 = SURFACE_STYLE_USAGE(.BOTH.,#10543);
#10543 = SURFACE_SIDE_STYLE('',(#10544));
#10544 = SURFACE_STYLE_FILL_AREA(#10545);
#10545 = FILL_AREA_STYLE('',(#10546));
#10546 = FILL_AREA_STYLE_COLOUR('',#9664);
#10547 = OVER_RIDING_STYLED_ITEM('overriding color',(#10548),#5597,
  #10456);
#10548 = PRESENTATION_STYLE_ASSIGNMENT((#10549));
#10549 = SURFACE_STYLE_USAGE(.BOTH.,#10550);
#10550 = SURFACE_SIDE_STYLE('',(#10551));
#10551 = SURFACE_STYLE_FILL_AREA(#10552);
#10552 = FILL_AREA_STYLE('',(#10553));
#10553 = FILL_AREA_STYLE_COLOUR('',#9664);
#10554 = OVER_RIDING_STYLED_ITEM('overriding color',(#10555),#5625,
  #10456);
#10555 = PRESENTATION_STYLE_ASSIGNMENT((#10556));
#10556 = SURFACE_STYLE_USAGE(.BOTH.,#10557);
#10557 = SURFACE_SIDE_STYLE('',(#10558));
#10558 = SURFACE_STYLE_FILL_AREA(#10559);
#10559 = FILL_AREA_STYLE('',(#10560));
#10560 = FILL_AREA_STYLE_COLOUR('',#9664);
#10561 = OVER_RIDING_STYLED_ITEM('overriding color',(#10562),#5661,
  #10456);
#10562 = PRESENTATION_STYLE_ASSIGNMENT((#10563));
#10563 = SURFACE_STYLE_USAGE(.BOTH.,#10564);
#10564 = SURFACE_SIDE_STYLE('',(#10565));
#10565 = SURFACE_STYLE_FILL_AREA(#10566);
#10566 = FILL_AREA_STYLE('',(#10567));
#10567 = FILL_AREA_STYLE_COLOUR('',#9664);
#10568 = OVER_RIDING_STYLED_ITEM('overriding color',(#10569),#5697,
  #10456);
#10569 = PRESENTATION_STYLE_ASSIGNMENT((#10570));
#10570 = SURFACE_STYLE_USAGE(.BOTH.,#10571);
#10571 = SURFACE_SIDE_STYLE('',(#10572));
#10572 = SURFACE_STYLE_FILL_AREA(#10573);
#10573 = FILL_AREA_STYLE('',(#10574));
#10574 = FILL_AREA_STYLE_COLOUR('',#9664);
#10575 = OVER_RIDING_STYLED_ITEM('overriding color',(#10576),#5733,
  #10456);
#10576 = PRESENTATION_STYLE_ASSIGNMENT((#10577));
#10577 = SURFACE_STYLE_USAGE(.BOTH.,#10578);
#10578 = SURFACE_SIDE_STYLE('',(#10579));
#10579 = SURFACE_STYLE_FILL_AREA(#10580);
#10580 = FILL_AREA_STYLE('',(#10581));
#10581 = FILL_AREA_STYLE_COLOUR('',#9664);
#10582 = OVER_RIDING_STYLED_ITEM('overriding color',(#10583),#5769,
  #10456);
#10583 = PRESENTATION_STYLE_ASSIGNMENT((#10584));
#10584 = SURFACE_STYLE_USAGE(.BOTH.,#10585);
#10585 = SURFACE_SIDE_STYLE('',(#10586));
#10586 = SURFACE_STYLE_FILL_AREA(#10587);
#10587 = FILL_AREA_STYLE('',(#10588));
#10588 = FILL_AREA_STYLE_COLOUR('',#9664);
#10589 = OVER_RIDING_STYLED_ITEM('overriding color',(#10590),#5805,
  #10456);
#10590 = PRESENTATION_STYLE_ASSIGNMENT((#10591));
#10591 = SURFACE_STYLE_USAGE(.BOTH.,#10592);
#10592 = SURFACE_SIDE_STYLE('',(#10593));
#10593 = SURFACE_STYLE_FILL_AREA(#10594);
#10594 = FILL_AREA_STYLE('',(#10595));
#10595 = FILL_AREA_STYLE_COLOUR('',#9664);
#10596 = OVER_RIDING_STYLED_ITEM('overriding color',(#10597),#5841,
  #10456);
#10597 = PRESENTATION_STYLE_ASSIGNMENT((#10598));
#10598 = SURFACE_STYLE_USAGE(.BOTH.,#10599);
#10599 = SURFACE_SIDE_STYLE('',(#10600));
#10600 = SURFACE_STYLE_FILL_AREA(#10601);
#10601 = FILL_AREA_STYLE('',(#10602));
#10602 = FILL_AREA_STYLE_COLOUR('',#9664);
#10603 = OVER_RIDING_STYLED_ITEM('overriding color',(#10604),#5877,
  #10456);
#10604 = PRESENTATION_STYLE_ASSIGNMENT((#10605));
#10605 = SURFACE_STYLE_USAGE(.BOTH.,#10606);
#10606 = SURFACE_SIDE_STYLE('',(#10607));
#10607 = SURFACE_STYLE_FILL_AREA(#10608);
#10608 = FILL_AREA_STYLE('',(#10609));
#10609 = FILL_AREA_STYLE_COLOUR('',#9664);
#10610 = OVER_RIDING_STYLED_ITEM('overriding color',(#10611),#5905,
  #10456);
#10611 = PRESENTATION_STYLE_ASSIGNMENT((#10612));
#10612 = SURFACE_STYLE_USAGE(.BOTH.,#10613);
#10613 = SURFACE_SIDE_STYLE('',(#10614));
#10614 = SURFACE_STYLE_FILL_AREA(#10615);
#10615 = FILL_AREA_STYLE('',(#10616));
#10616 = FILL_AREA_STYLE_COLOUR('',#9664);
#10617 = OVER_RIDING_STYLED_ITEM('overriding color',(#10618),#5934,
  #10456);
#10618 = PRESENTATION_STYLE_ASSIGNMENT((#10619));
#10619 = SURFACE_STYLE_USAGE(.BOTH.,#10620);
#10620 = SURFACE_SIDE_STYLE('',(#10621));
#10621 = SURFACE_STYLE_FILL_AREA(#10622);
#10622 = FILL_AREA_STYLE('',(#10623));
#10623 = FILL_AREA_STYLE_COLOUR('',#9664);
#10624 = STYLED_ITEM('color',(#10625),#5963);
#10625 = PRESENTATION_STYLE_ASSIGNMENT((#10626));
#10626 = SURFACE_STYLE_USAGE(.BOTH.,#10627);
#10627 = SURFACE_SIDE_STYLE('',(#10628));
#10628 = SURFACE_STYLE_FILL_AREA(#10629);
#10629 = FILL_AREA_STYLE('',(#10630));
#10630 = FILL_AREA_STYLE_COLOUR('',#9151);
#10631 = OVER_RIDING_STYLED_ITEM('overriding color',(#10632),#5965,
  #10624);
#10632 = PRESENTATION_STYLE_ASSIGNMENT((#10633));
#10633 = SURFACE_STYLE_USAGE(.BOTH.,#10634);
#10634 = SURFACE_SIDE_STYLE('',(#10635));
#10635 = SURFACE_STYLE_FILL_AREA(#10636);
#10636 = FILL_AREA_STYLE('',(#10637));
#10637 = FILL_AREA_STYLE_COLOUR('',#9664);
#10638 = OVER_RIDING_STYLED_ITEM('overriding color',(#10639),#6001,
  #10624);
#10639 = PRESENTATION_STYLE_ASSIGNMENT((#10640));
#10640 = SURFACE_STYLE_USAGE(.BOTH.,#10641);
#10641 = SURFACE_SIDE_STYLE('',(#10642));
#10642 = SURFACE_STYLE_FILL_AREA(#10643);
#10643 = FILL_AREA_STYLE('',(#10644));
#10644 = FILL_AREA_STYLE_COLOUR('',#9664);
#10645 = OVER_RIDING_STYLED_ITEM('overriding color',(#10646),#6029,
  #10624);
#10646 = PRESENTATION_STYLE_ASSIGNMENT((#10647));
#10647 = SURFACE_STYLE_USAGE(.BOTH.,#10648);
#10648 = SURFACE_SIDE_STYLE('',(#10649));
#10649 = SURFACE_STYLE_FILL_AREA(#10650);
#10650 = FILL_AREA_STYLE('',(#10651));
#10651 = FILL_AREA_STYLE_COLOUR('',#9664);
#10652 = OVER_RIDING_STYLED_ITEM('overriding color',(#10653),#6065,
  #10624);
#10653 = PRESENTATION_STYLE_ASSIGNMENT((#10654));
#10654 = SURFACE_STYLE_USAGE(.BOTH.,#10655);
#10655 = SURFACE_SIDE_STYLE('',(#10656));
#10656 = SURFACE_STYLE_FILL_AREA(#10657);
#10657 = FILL_AREA_STYLE('',(#10658));
#10658 = FILL_AREA_STYLE_COLOUR('',#9664);
#10659 = OVER_RIDING_STYLED_ITEM('overriding color',(#10660),#6093,
  #10624);
#10660 = PRESENTATION_STYLE_ASSIGNMENT((#10661));
#10661 = SURFACE_STYLE_USAGE(.BOTH.,#10662);
#10662 = SURFACE_SIDE_STYLE('',(#10663));
#10663 = SURFACE_STYLE_FILL_AREA(#10664);
#10664 = FILL_AREA_STYLE('',(#10665));
#10665 = FILL_AREA_STYLE_COLOUR('',#9664);
#10666 = OVER_RIDING_STYLED_ITEM('overriding color',(#10667),#6121,
  #10624);
#10667 = PRESENTATION_STYLE_ASSIGNMENT((#10668));
#10668 = SURFACE_STYLE_USAGE(.BOTH.,#10669);
#10669 = SURFACE_SIDE_STYLE('',(#10670));
#10670 = SURFACE_STYLE_FILL_AREA(#10671);
#10671 = FILL_AREA_STYLE('',(#10672));
#10672 = FILL_AREA_STYLE_COLOUR('',#9664);
#10673 = OVER_RIDING_STYLED_ITEM('overriding color',(#10674),#6149,
  #10624);
#10674 = PRESENTATION_STYLE_ASSIGNMENT((#10675));
#10675 = SURFACE_STYLE_USAGE(.BOTH.,#10676);
#10676 = SURFACE_SIDE_STYLE('',(#10677));
#10677 = SURFACE_STYLE_FILL_AREA(#10678);
#10678 = FILL_AREA_STYLE('',(#10679));
#10679 = FILL_AREA_STYLE_COLOUR('',#9664);
#10680 = OVER_RIDING_STYLED_ITEM('overriding color',(#10681),#6177,
  #10624);
#10681 = PRESENTATION_STYLE_ASSIGNMENT((#10682));
#10682 = SURFACE_STYLE_USAGE(.BOTH.,#10683);
#10683 = SURFACE_SIDE_STYLE('',(#10684));
#10684 = SURFACE_STYLE_FILL_AREA(#10685);
#10685 = FILL_AREA_STYLE('',(#10686));
#10686 = FILL_AREA_STYLE_COLOUR('',#9664);
#10687 = OVER_RIDING_STYLED_ITEM('overriding color',(#10688),#6205,
  #10624);
#10688 = PRESENTATION_STYLE_ASSIGNMENT((#10689));
#10689 = SURFACE_STYLE_USAGE(.BOTH.,#10690);
#10690 = SURFACE_SIDE_STYLE('',(#10691));
#10691 = SURFACE_STYLE_FILL_AREA(#10692);
#10692 = FILL_AREA_STYLE('',(#10693));
#10693 = FILL_AREA_STYLE_COLOUR('',#9664);
#10694 = OVER_RIDING_STYLED_ITEM('overriding color',(#10695),#6233,
  #10624);
#10695 = PRESENTATION_STYLE_ASSIGNMENT((#10696));
#10696 = SURFACE_STYLE_USAGE(.BOTH.,#10697);
#10697 = SURFACE_SIDE_STYLE('',(#10698));
#10698 = SURFACE_STYLE_FILL_AREA(#10699);
#10699 = FILL_AREA_STYLE('',(#10700));
#10700 = FILL_AREA_STYLE_COLOUR('',#9664);
#10701 = OVER_RIDING_STYLED_ITEM('overriding color',(#10702),#6269,
  #10624);
#10702 = PRESENTATION_STYLE_ASSIGNMENT((#10703));
#10703 = SURFACE_STYLE_USAGE(.BOTH.,#10704);
#10704 = SURFACE_SIDE_STYLE('',(#10705));
#10705 = SURFACE_STYLE_FILL_AREA(#10706);
#10706 = FILL_AREA_STYLE('',(#10707));
#10707 = FILL_AREA_STYLE_COLOUR('',#9664);
#10708 = OVER_RIDING_STYLED_ITEM('overriding color',(#10709),#6305,
  #10624);
#10709 = PRESENTATION_STYLE_ASSIGNMENT((#10710));
#10710 = SURFACE_STYLE_USAGE(.BOTH.,#10711);
#10711 = SURFACE_SIDE_STYLE('',(#10712));
#10712 = SURFACE_STYLE_FILL_AREA(#10713);
#10713 = FILL_AREA_STYLE('',(#10714));
#10714 = FILL_AREA_STYLE_COLOUR('',#9664);
#10715 = OVER_RIDING_STYLED_ITEM('overriding color',(#10716),#6333,
  #10624);
#10716 = PRESENTATION_STYLE_ASSIGNMENT((#10717));
#10717 = SURFACE_STYLE_USAGE(.BOTH.,#10718);
#10718 = SURFACE_SIDE_STYLE('',(#10719));
#10719 = SURFACE_STYLE_FILL_AREA(#10720);
#10720 = FILL_AREA_STYLE('',(#10721));
#10721 = FILL_AREA_STYLE_COLOUR('',#9664);
#10722 = OVER_RIDING_STYLED_ITEM('overriding color',(#10723),#6369,
  #10624);
#10723 = PRESENTATION_STYLE_ASSIGNMENT((#10724));
#10724 = SURFACE_STYLE_USAGE(.BOTH.,#10725);
#10725 = SURFACE_SIDE_STYLE('',(#10726));
#10726 = SURFACE_STYLE_FILL_AREA(#10727);
#10727 = FILL_AREA_STYLE('',(#10728));
#10728 = FILL_AREA_STYLE_COLOUR('',#9664);
#10729 = OVER_RIDING_STYLED_ITEM('overriding color',(#10730),#6405,
  #10624);
#10730 = PRESENTATION_STYLE_ASSIGNMENT((#10731));
#10731 = SURFACE_STYLE_USAGE(.BOTH.,#10732);
#10732 = SURFACE_SIDE_STYLE('',(#10733));
#10733 = SURFACE_STYLE_FILL_AREA(#10734);
#10734 = FILL_AREA_STYLE('',(#10735));
#10735 = FILL_AREA_STYLE_COLOUR('',#9664);
#10736 = OVER_RIDING_STYLED_ITEM('overriding color',(#10737),#6425,
  #10624);
#10737 = PRESENTATION_STYLE_ASSIGNMENT((#10738));
#10738 = SURFACE_STYLE_USAGE(.BOTH.,#10739);
#10739 = SURFACE_SIDE_STYLE('',(#10740));
#10740 = SURFACE_STYLE_FILL_AREA(#10741);
#10741 = FILL_AREA_STYLE('',(#10742));
#10742 = FILL_AREA_STYLE_COLOUR('',#9664);
#10743 = OVER_RIDING_STYLED_ITEM('overriding color',(#10744),#6448,
  #10624);
#10744 = PRESENTATION_STYLE_ASSIGNMENT((#10745));
#10745 = SURFACE_STYLE_USAGE(.BOTH.,#10746);
#10746 = SURFACE_SIDE_STYLE('',(#10747));
#10747 = SURFACE_STYLE_FILL_AREA(#10748);
#10748 = FILL_AREA_STYLE('',(#10749));
#10749 = FILL_AREA_STYLE_COLOUR('',#9664);
#10750 = STYLED_ITEM('color',(#10751),#6471);
#10751 = PRESENTATION_STYLE_ASSIGNMENT((#10752));
#10752 = SURFACE_STYLE_USAGE(.BOTH.,#10753);
#10753 = SURFACE_SIDE_STYLE('',(#10754));
#10754 = SURFACE_STYLE_FILL_AREA(#10755);
#10755 = FILL_AREA_STYLE('',(#10756));
#10756 = FILL_AREA_STYLE_COLOUR('',#9151);
#10757 = OVER_RIDING_STYLED_ITEM('overriding color',(#10758),#6473,
  #10750);
#10758 = PRESENTATION_STYLE_ASSIGNMENT((#10759));
#10759 = SURFACE_STYLE_USAGE(.BOTH.,#10760);
#10760 = SURFACE_SIDE_STYLE('',(#10761));
#10761 = SURFACE_STYLE_FILL_AREA(#10762);
#10762 = FILL_AREA_STYLE('',(#10763));
#10763 = FILL_AREA_STYLE_COLOUR('',#9664);
#10764 = OVER_RIDING_STYLED_ITEM('overriding color',(#10765),#6509,
  #10750);
#10765 = PRESENTATION_STYLE_ASSIGNMENT((#10766));
#10766 = SURFACE_STYLE_USAGE(.BOTH.,#10767);
#10767 = SURFACE_SIDE_STYLE('',(#10768));
#10768 = SURFACE_STYLE_FILL_AREA(#10769);
#10769 = FILL_AREA_STYLE('',(#10770));
#10770 = FILL_AREA_STYLE_COLOUR('',#9664);
#10771 = OVER_RIDING_STYLED_ITEM('overriding color',(#10772),#6537,
  #10750);
#10772 = PRESENTATION_STYLE_ASSIGNMENT((#10773));
#10773 = SURFACE_STYLE_USAGE(.BOTH.,#10774);
#10774 = SURFACE_SIDE_STYLE('',(#10775));
#10775 = SURFACE_STYLE_FILL_AREA(#10776);
#10776 = FILL_AREA_STYLE('',(#10777));
#10777 = FILL_AREA_STYLE_COLOUR('',#9664);
#10778 = OVER_RIDING_STYLED_ITEM('overriding color',(#10779),#6565,
  #10750);
#10779 = PRESENTATION_STYLE_ASSIGNMENT((#10780));
#10780 = SURFACE_STYLE_USAGE(.BOTH.,#10781);
#10781 = SURFACE_SIDE_STYLE('',(#10782));
#10782 = SURFACE_STYLE_FILL_AREA(#10783);
#10783 = FILL_AREA_STYLE('',(#10784));
#10784 = FILL_AREA_STYLE_COLOUR('',#9664);
#10785 = OVER_RIDING_STYLED_ITEM('overriding color',(#10786),#6593,
  #10750);
#10786 = PRESENTATION_STYLE_ASSIGNMENT((#10787));
#10787 = SURFACE_STYLE_USAGE(.BOTH.,#10788);
#10788 = SURFACE_SIDE_STYLE('',(#10789));
#10789 = SURFACE_STYLE_FILL_AREA(#10790);
#10790 = FILL_AREA_STYLE('',(#10791));
#10791 = FILL_AREA_STYLE_COLOUR('',#9664);
#10792 = OVER_RIDING_STYLED_ITEM('overriding color',(#10793),#6621,
  #10750);
#10793 = PRESENTATION_STYLE_ASSIGNMENT((#10794));
#10794 = SURFACE_STYLE_USAGE(.BOTH.,#10795);
#10795 = SURFACE_SIDE_STYLE('',(#10796));
#10796 = SURFACE_STYLE_FILL_AREA(#10797);
#10797 = FILL_AREA_STYLE('',(#10798));
#10798 = FILL_AREA_STYLE_COLOUR('',#9664);
#10799 = OVER_RIDING_STYLED_ITEM('overriding color',(#10800),#6649,
  #10750);
#10800 = PRESENTATION_STYLE_ASSIGNMENT((#10801));
#10801 = SURFACE_STYLE_USAGE(.BOTH.,#10802);
#10802 = SURFACE_SIDE_STYLE('',(#10803));
#10803 = SURFACE_STYLE_FILL_AREA(#10804);
#10804 = FILL_AREA_STYLE('',(#10805));
#10805 = FILL_AREA_STYLE_COLOUR('',#9664);
#10806 = OVER_RIDING_STYLED_ITEM('overriding color',(#10807),#6677,
  #10750);
#10807 = PRESENTATION_STYLE_ASSIGNMENT((#10808));
#10808 = SURFACE_STYLE_USAGE(.BOTH.,#10809);
#10809 = SURFACE_SIDE_STYLE('',(#10810));
#10810 = SURFACE_STYLE_FILL_AREA(#10811);
#10811 = FILL_AREA_STYLE('',(#10812));
#10812 = FILL_AREA_STYLE_COLOUR('',#9664);
#10813 = OVER_RIDING_STYLED_ITEM('overriding color',(#10814),#6705,
  #10750);
#10814 = PRESENTATION_STYLE_ASSIGNMENT((#10815));
#10815 = SURFACE_STYLE_USAGE(.BOTH.,#10816);
#10816 = SURFACE_SIDE_STYLE('',(#10817));
#10817 = SURFACE_STYLE_FILL_AREA(#10818);
#10818 = FILL_AREA_STYLE('',(#10819));
#10819 = FILL_AREA_STYLE_COLOUR('',#9664);
#10820 = OVER_RIDING_STYLED_ITEM('overriding color',(#10821),#6733,
  #10750);
#10821 = PRESENTATION_STYLE_ASSIGNMENT((#10822));
#10822 = SURFACE_STYLE_USAGE(.BOTH.,#10823);
#10823 = SURFACE_SIDE_STYLE('',(#10824));
#10824 = SURFACE_STYLE_FILL_AREA(#10825);
#10825 = FILL_AREA_STYLE('',(#10826));
#10826 = FILL_AREA_STYLE_COLOUR('',#9664);
#10827 = OVER_RIDING_STYLED_ITEM('overriding color',(#10828),#6761,
  #10750);
#10828 = PRESENTATION_STYLE_ASSIGNMENT((#10829));
#10829 = SURFACE_STYLE_USAGE(.BOTH.,#10830);
#10830 = SURFACE_SIDE_STYLE('',(#10831));
#10831 = SURFACE_STYLE_FILL_AREA(#10832);
#10832 = FILL_AREA_STYLE('',(#10833));
#10833 = FILL_AREA_STYLE_COLOUR('',#9664);
#10834 = OVER_RIDING_STYLED_ITEM('overriding color',(#10835),#6789,
  #10750);
#10835 = PRESENTATION_STYLE_ASSIGNMENT((#10836));
#10836 = SURFACE_STYLE_USAGE(.BOTH.,#10837);
#10837 = SURFACE_SIDE_STYLE('',(#10838));
#10838 = SURFACE_STYLE_FILL_AREA(#10839);
#10839 = FILL_AREA_STYLE('',(#10840));
#10840 = FILL_AREA_STYLE_COLOUR('',#9664);
#10841 = OVER_RIDING_STYLED_ITEM('overriding color',(#10842),#6809,
  #10750);
#10842 = PRESENTATION_STYLE_ASSIGNMENT((#10843));
#10843 = SURFACE_STYLE_USAGE(.BOTH.,#10844);
#10844 = SURFACE_SIDE_STYLE('',(#10845));
#10845 = SURFACE_STYLE_FILL_AREA(#10846);
#10846 = FILL_AREA_STYLE('',(#10847));
#10847 = FILL_AREA_STYLE_COLOUR('',#9664);
#10848 = OVER_RIDING_STYLED_ITEM('overriding color',(#10849),#6829,
  #10750);
#10849 = PRESENTATION_STYLE_ASSIGNMENT((#10850));
#10850 = SURFACE_STYLE_USAGE(.BOTH.,#10851);
#10851 = SURFACE_SIDE_STYLE('',(#10852));
#10852 = SURFACE_STYLE_FILL_AREA(#10853);
#10853 = FILL_AREA_STYLE('',(#10854));
#10854 = FILL_AREA_STYLE_COLOUR('',#9664);
#10855 = STYLED_ITEM('color',(#10856),#6849);
#10856 = PRESENTATION_STYLE_ASSIGNMENT((#10857));
#10857 = SURFACE_STYLE_USAGE(.BOTH.,#10858);
#10858 = SURFACE_SIDE_STYLE('',(#10859));
#10859 = SURFACE_STYLE_FILL_AREA(#10860);
#10860 = FILL_AREA_STYLE('',(#10861));
#10861 = FILL_AREA_STYLE_COLOUR('',#9151);
#10862 = OVER_RIDING_STYLED_ITEM('overriding color',(#10863),#6851,
  #10855);
#10863 = PRESENTATION_STYLE_ASSIGNMENT((#10864));
#10864 = SURFACE_STYLE_USAGE(.BOTH.,#10865);
#10865 = SURFACE_SIDE_STYLE('',(#10866));
#10866 = SURFACE_STYLE_FILL_AREA(#10867);
#10867 = FILL_AREA_STYLE('',(#10868));
#10868 = FILL_AREA_STYLE_COLOUR('',#9664);
#10869 = OVER_RIDING_STYLED_ITEM('overriding color',(#10870),#6975,
  #10855);
#10870 = PRESENTATION_STYLE_ASSIGNMENT((#10871));
#10871 = SURFACE_STYLE_USAGE(.BOTH.,#10872);
#10872 = SURFACE_SIDE_STYLE('',(#10873));
#10873 = SURFACE_STYLE_FILL_AREA(#10874);
#10874 = FILL_AREA_STYLE('',(#10875));
#10875 = FILL_AREA_STYLE_COLOUR('',#9664);
#10876 = OVER_RIDING_STYLED_ITEM('overriding color',(#10877),#7099,
  #10855);
#10877 = PRESENTATION_STYLE_ASSIGNMENT((#10878));
#10878 = SURFACE_STYLE_USAGE(.BOTH.,#10879);
#10879 = SURFACE_SIDE_STYLE('',(#10880));
#10880 = SURFACE_STYLE_FILL_AREA(#10881);
#10881 = FILL_AREA_STYLE('',(#10882));
#10882 = FILL_AREA_STYLE_COLOUR('',#9664);
#10883 = OVER_RIDING_STYLED_ITEM('overriding color',(#10884),#7119,
  #10855);
#10884 = PRESENTATION_STYLE_ASSIGNMENT((#10885));
#10885 = SURFACE_STYLE_USAGE(.BOTH.,#10886);
#10886 = SURFACE_SIDE_STYLE('',(#10887));
#10887 = SURFACE_STYLE_FILL_AREA(#10888);
#10888 = FILL_AREA_STYLE('',(#10889));
#10889 = FILL_AREA_STYLE_COLOUR('',#9664);
#10890 = OVER_RIDING_STYLED_ITEM('overriding color',(#10891),#7139,
  #10855);
#10891 = PRESENTATION_STYLE_ASSIGNMENT((#10892));
#10892 = SURFACE_STYLE_USAGE(.BOTH.,#10893);
#10893 = SURFACE_SIDE_STYLE('',(#10894));
#10894 = SURFACE_STYLE_FILL_AREA(#10895);
#10895 = FILL_AREA_STYLE('',(#10896));
#10896 = FILL_AREA_STYLE_COLOUR('',#9664);
#10897 = OVER_RIDING_STYLED_ITEM('overriding color',(#10898),#7159,
  #10855);
#10898 = PRESENTATION_STYLE_ASSIGNMENT((#10899));
#10899 = SURFACE_STYLE_USAGE(.BOTH.,#10900);
#10900 = SURFACE_SIDE_STYLE('',(#10901));
#10901 = SURFACE_STYLE_FILL_AREA(#10902);
#10902 = FILL_AREA_STYLE('',(#10903));
#10903 = FILL_AREA_STYLE_COLOUR('',#9664);
#10904 = OVER_RIDING_STYLED_ITEM('overriding color',(#10905),#7179,
  #10855);
#10905 = PRESENTATION_STYLE_ASSIGNMENT((#10906));
#10906 = SURFACE_STYLE_USAGE(.BOTH.,#10907);
#10907 = SURFACE_SIDE_STYLE('',(#10908));
#10908 = SURFACE_STYLE_FILL_AREA(#10909);
#10909 = FILL_AREA_STYLE('',(#10910));
#10910 = FILL_AREA_STYLE_COLOUR('',#9664);
#10911 = OVER_RIDING_STYLED_ITEM('overriding color',(#10912),#7199,
  #10855);
#10912 = PRESENTATION_STYLE_ASSIGNMENT((#10913));
#10913 = SURFACE_STYLE_USAGE(.BOTH.,#10914);
#10914 = SURFACE_SIDE_STYLE('',(#10915));
#10915 = SURFACE_STYLE_FILL_AREA(#10916);
#10916 = FILL_AREA_STYLE('',(#10917));
#10917 = FILL_AREA_STYLE_COLOUR('',#9664);
#10918 = OVER_RIDING_STYLED_ITEM('overriding color',(#10919),#7215,
  #10855);
#10919 = PRESENTATION_STYLE_ASSIGNMENT((#10920));
#10920 = SURFACE_STYLE_USAGE(.BOTH.,#10921);
#10921 = SURFACE_SIDE_STYLE('',(#10922));
#10922 = SURFACE_STYLE_FILL_AREA(#10923);
#10923 = FILL_AREA_STYLE('',(#10924));
#10924 = FILL_AREA_STYLE_COLOUR('',#9664);
#10925 = OVER_RIDING_STYLED_ITEM('overriding color',(#10926),#7227,
  #10855);
#10926 = PRESENTATION_STYLE_ASSIGNMENT((#10927));
#10927 = SURFACE_STYLE_USAGE(.BOTH.,#10928);
#10928 = SURFACE_SIDE_STYLE('',(#10929));
#10929 = SURFACE_STYLE_FILL_AREA(#10930);
#10930 = FILL_AREA_STYLE('',(#10931));
#10931 = FILL_AREA_STYLE_COLOUR('',#9664);
#10932 = OVER_RIDING_STYLED_ITEM('overriding color',(#10933),#7247,
  #10855);
#10933 = PRESENTATION_STYLE_ASSIGNMENT((#10934));
#10934 = SURFACE_STYLE_USAGE(.BOTH.,#10935);
#10935 = SURFACE_SIDE_STYLE('',(#10936));
#10936 = SURFACE_STYLE_FILL_AREA(#10937);
#10937 = FILL_AREA_STYLE('',(#10938));
#10938 = FILL_AREA_STYLE_COLOUR('',#9664);
#10939 = OVER_RIDING_STYLED_ITEM('overriding color',(#10940),#7263,
  #10855);
#10940 = PRESENTATION_STYLE_ASSIGNMENT((#10941));
#10941 = SURFACE_STYLE_USAGE(.BOTH.,#10942);
#10942 = SURFACE_SIDE_STYLE('',(#10943));
#10943 = SURFACE_STYLE_FILL_AREA(#10944);
#10944 = FILL_AREA_STYLE('',(#10945));
#10945 = FILL_AREA_STYLE_COLOUR('',#9664);
#10946 = OVER_RIDING_STYLED_ITEM('overriding color',(#10947),#7279,
  #10855);
#10947 = PRESENTATION_STYLE_ASSIGNMENT((#10948));
#10948 = SURFACE_STYLE_USAGE(.BOTH.,#10949);
#10949 = SURFACE_SIDE_STYLE('',(#10950));
#10950 = SURFACE_STYLE_FILL_AREA(#10951);
#10951 = FILL_AREA_STYLE('',(#10952));
#10952 = FILL_AREA_STYLE_COLOUR('',#9664);
#10953 = OVER_RIDING_STYLED_ITEM('overriding color',(#10954),#7299,
  #10855);
#10954 = PRESENTATION_STYLE_ASSIGNMENT((#10955));
#10955 = SURFACE_STYLE_USAGE(.BOTH.,#10956);
#10956 = SURFACE_SIDE_STYLE('',(#10957));
#10957 = SURFACE_STYLE_FILL_AREA(#10958);
#10958 = FILL_AREA_STYLE('',(#10959));
#10959 = FILL_AREA_STYLE_COLOUR('',#9664);
#10960 = OVER_RIDING_STYLED_ITEM('overriding color',(#10961),#7319,
  #10855);
#10961 = PRESENTATION_STYLE_ASSIGNMENT((#10962));
#10962 = SURFACE_STYLE_USAGE(.BOTH.,#10963);
#10963 = SURFACE_SIDE_STYLE('',(#10964));
#10964 = SURFACE_STYLE_FILL_AREA(#10965);
#10965 = FILL_AREA_STYLE('',(#10966));
#10966 = FILL_AREA_STYLE_COLOUR('',#9664);
#10967 = OVER_RIDING_STYLED_ITEM('overriding color',(#10968),#7339,
  #10855);
#10968 = PRESENTATION_STYLE_ASSIGNMENT((#10969));
#10969 = SURFACE_STYLE_USAGE(.BOTH.,#10970);
#10970 = SURFACE_SIDE_STYLE('',(#10971));
#10971 = SURFACE_STYLE_FILL_AREA(#10972);
#10972 = FILL_AREA_STYLE('',(#10973));
#10973 = FILL_AREA_STYLE_COLOUR('',#9664);
#10974 = STYLED_ITEM('color',(#10975),#7355);
#10975 = PRESENTATION_STYLE_ASSIGNMENT((#10976));
#10976 = SURFACE_STYLE_USAGE(.BOTH.,#10977);
#10977 = SURFACE_SIDE_STYLE('',(#10978));
#10978 = SURFACE_STYLE_FILL_AREA(#10979);
#10979 = FILL_AREA_STYLE('',(#10980));
#10980 = FILL_AREA_STYLE_COLOUR('',#9151);
#10981 = OVER_RIDING_STYLED_ITEM('overriding color',(#10982),#7357,
  #10974);
#10982 = PRESENTATION_STYLE_ASSIGNMENT((#10983));
#10983 = SURFACE_STYLE_USAGE(.BOTH.,#10984);
#10984 = SURFACE_SIDE_STYLE('',(#10985));
#10985 = SURFACE_STYLE_FILL_AREA(#10986);
#10986 = FILL_AREA_STYLE('',(#10987));
#10987 = FILL_AREA_STYLE_COLOUR('',#9664);
#10988 = OVER_RIDING_STYLED_ITEM('overriding color',(#10989),#7469,
  #10974);
#10989 = PRESENTATION_STYLE_ASSIGNMENT((#10990));
#10990 = SURFACE_STYLE_USAGE(.BOTH.,#10991);
#10991 = SURFACE_SIDE_STYLE('',(#10992));
#10992 = SURFACE_STYLE_FILL_AREA(#10993);
#10993 = FILL_AREA_STYLE('',(#10994));
#10994 = FILL_AREA_STYLE_COLOUR('',#9664);
#10995 = OVER_RIDING_STYLED_ITEM('overriding color',(#10996),#7581,
  #10974);
#10996 = PRESENTATION_STYLE_ASSIGNMENT((#10997));
#10997 = SURFACE_STYLE_USAGE(.BOTH.,#10998);
#10998 = SURFACE_SIDE_STYLE('',(#10999));
#10999 = SURFACE_STYLE_FILL_AREA(#11000);
#11000 = FILL_AREA_STYLE('',(#11001));
#11001 = FILL_AREA_STYLE_COLOUR('',#9664);
#11002 = OVER_RIDING_STYLED_ITEM('overriding color',(#11003),#7601,
  #10974);
#11003 = PRESENTATION_STYLE_ASSIGNMENT((#11004));
#11004 = SURFACE_STYLE_USAGE(.BOTH.,#11005);
#11005 = SURFACE_SIDE_STYLE('',(#11006));
#11006 = SURFACE_STYLE_FILL_AREA(#11007);
#11007 = FILL_AREA_STYLE('',(#11008));
#11008 = FILL_AREA_STYLE_COLOUR('',#9664);
#11009 = OVER_RIDING_STYLED_ITEM('overriding color',(#11010),#7617,
  #10974);
#11010 = PRESENTATION_STYLE_ASSIGNMENT((#11011));
#11011 = SURFACE_STYLE_USAGE(.BOTH.,#11012);
#11012 = SURFACE_SIDE_STYLE('',(#11013));
#11013 = SURFACE_STYLE_FILL_AREA(#11014);
#11014 = FILL_AREA_STYLE('',(#11015));
#11015 = FILL_AREA_STYLE_COLOUR('',#9664);
#11016 = OVER_RIDING_STYLED_ITEM('overriding color',(#11017),#7633,
  #10974);
#11017 = PRESENTATION_STYLE_ASSIGNMENT((#11018));
#11018 = SURFACE_STYLE_USAGE(.BOTH.,#11019);
#11019 = SURFACE_SIDE_STYLE('',(#11020));
#11020 = SURFACE_STYLE_FILL_AREA(#11021);
#11021 = FILL_AREA_STYLE('',(#11022));
#11022 = FILL_AREA_STYLE_COLOUR('',#9664);
#11023 = OVER_RIDING_STYLED_ITEM('overriding color',(#11024),#7649,
  #10974);
#11024 = PRESENTATION_STYLE_ASSIGNMENT((#11025));
#11025 = SURFACE_STYLE_USAGE(.BOTH.,#11026);
#11026 = SURFACE_SIDE_STYLE('',(#11027));
#11027 = SURFACE_STYLE_FILL_AREA(#11028);
#11028 = FILL_AREA_STYLE('',(#11029));
#11029 = FILL_AREA_STYLE_COLOUR('',#9664);
#11030 = OVER_RIDING_STYLED_ITEM('overriding color',(#11031),#7665,
  #10974);
#11031 = PRESENTATION_STYLE_ASSIGNMENT((#11032));
#11032 = SURFACE_STYLE_USAGE(.BOTH.,#11033);
#11033 = SURFACE_SIDE_STYLE('',(#11034));
#11034 = SURFACE_STYLE_FILL_AREA(#11035);
#11035 = FILL_AREA_STYLE('',(#11036));
#11036 = FILL_AREA_STYLE_COLOUR('',#9664);
#11037 = OVER_RIDING_STYLED_ITEM('overriding color',(#11038),#7681,
  #10974);
#11038 = PRESENTATION_STYLE_ASSIGNMENT((#11039));
#11039 = SURFACE_STYLE_USAGE(.BOTH.,#11040);
#11040 = SURFACE_SIDE_STYLE('',(#11041));
#11041 = SURFACE_STYLE_FILL_AREA(#11042);
#11042 = FILL_AREA_STYLE('',(#11043));
#11043 = FILL_AREA_STYLE_COLOUR('',#9664);
#11044 = OVER_RIDING_STYLED_ITEM('overriding color',(#11045),#7697,
  #10974);
#11045 = PRESENTATION_STYLE_ASSIGNMENT((#11046));
#11046 = SURFACE_STYLE_USAGE(.BOTH.,#11047);
#11047 = SURFACE_SIDE_STYLE('',(#11048));
#11048 = SURFACE_STYLE_FILL_AREA(#11049);
#11049 = FILL_AREA_STYLE('',(#11050));
#11050 = FILL_AREA_STYLE_COLOUR('',#9664);
#11051 = OVER_RIDING_STYLED_ITEM('overriding color',(#11052),#7709,
  #10974);
#11052 = PRESENTATION_STYLE_ASSIGNMENT((#11053));
#11053 = SURFACE_STYLE_USAGE(.BOTH.,#11054);
#11054 = SURFACE_SIDE_STYLE('',(#11055));
#11055 = SURFACE_STYLE_FILL_AREA(#11056);
#11056 = FILL_AREA_STYLE('',(#11057));
#11057 = FILL_AREA_STYLE_COLOUR('',#9664);
#11058 = OVER_RIDING_STYLED_ITEM('overriding color',(#11059),#7729,
  #10974);
#11059 = PRESENTATION_STYLE_ASSIGNMENT((#11060));
#11060 = SURFACE_STYLE_USAGE(.BOTH.,#11061);
#11061 = SURFACE_SIDE_STYLE('',(#11062));
#11062 = SURFACE_STYLE_FILL_AREA(#11063);
#11063 = FILL_AREA_STYLE('',(#11064));
#11064 = FILL_AREA_STYLE_COLOUR('',#9664);
#11065 = OVER_RIDING_STYLED_ITEM('overriding color',(#11066),#7745,
  #10974);
#11066 = PRESENTATION_STYLE_ASSIGNMENT((#11067));
#11067 = SURFACE_STYLE_USAGE(.BOTH.,#11068);
#11068 = SURFACE_SIDE_STYLE('',(#11069));
#11069 = SURFACE_STYLE_FILL_AREA(#11070);
#11070 = FILL_AREA_STYLE('',(#11071));
#11071 = FILL_AREA_STYLE_COLOUR('',#9664);
#11072 = OVER_RIDING_STYLED_ITEM('overriding color',(#11073),#7765,
  #10974);
#11073 = PRESENTATION_STYLE_ASSIGNMENT((#11074));
#11074 = SURFACE_STYLE_USAGE(.BOTH.,#11075);
#11075 = SURFACE_SIDE_STYLE('',(#11076));
#11076 = SURFACE_STYLE_FILL_AREA(#11077);
#11077 = FILL_AREA_STYLE('',(#11078));
#11078 = FILL_AREA_STYLE_COLOUR('',#9664);
#11079 = OVER_RIDING_STYLED_ITEM('overriding color',(#11080),#7781,
  #10974);
#11080 = PRESENTATION_STYLE_ASSIGNMENT((#11081));
#11081 = SURFACE_STYLE_USAGE(.BOTH.,#11082);
#11082 = SURFACE_SIDE_STYLE('',(#11083));
#11083 = SURFACE_STYLE_FILL_AREA(#11084);
#11084 = FILL_AREA_STYLE('',(#11085));
#11085 = FILL_AREA_STYLE_COLOUR('',#9664);
#11086 = OVER_RIDING_STYLED_ITEM('overriding color',(#11087),#7801,
  #10974);
#11087 = PRESENTATION_STYLE_ASSIGNMENT((#11088));
#11088 = SURFACE_STYLE_USAGE(.BOTH.,#11089);
#11089 = SURFACE_SIDE_STYLE('',(#11090));
#11090 = SURFACE_STYLE_FILL_AREA(#11091);
#11091 = FILL_AREA_STYLE('',(#11092));
#11092 = FILL_AREA_STYLE_COLOUR('',#9664);
#11093 = STYLED_ITEM('color',(#11094),#7813);
#11094 = PRESENTATION_STYLE_ASSIGNMENT((#11095));
#11095 = SURFACE_STYLE_USAGE(.BOTH.,#11096);
#11096 = SURFACE_SIDE_STYLE('',(#11097));
#11097 = SURFACE_STYLE_FILL_AREA(#11098);
#11098 = FILL_AREA_STYLE('',(#11099));
#11099 = FILL_AREA_STYLE_COLOUR('',#9151);
#11100 = OVER_RIDING_STYLED_ITEM('overriding color',(#11101),#7815,
  #11093);
#11101 = PRESENTATION_STYLE_ASSIGNMENT((#11102));
#11102 = SURFACE_STYLE_USAGE(.BOTH.,#11103);
#11103 = SURFACE_SIDE_STYLE('',(#11104));
#11104 = SURFACE_STYLE_FILL_AREA(#11105);
#11105 = FILL_AREA_STYLE('',(#11106));
#11106 = FILL_AREA_STYLE_COLOUR('',#9664);
#11107 = OVER_RIDING_STYLED_ITEM('overriding color',(#11108),#8135,
  #11093);
#11108 = PRESENTATION_STYLE_ASSIGNMENT((#11109));
#11109 = SURFACE_STYLE_USAGE(.BOTH.,#11110);
#11110 = SURFACE_SIDE_STYLE('',(#11111));
#11111 = SURFACE_STYLE_FILL_AREA(#11112);
#11112 = FILL_AREA_STYLE('',(#11113));
#11113 = FILL_AREA_STYLE_COLOUR('',#9664);
#11114 = OVER_RIDING_STYLED_ITEM('overriding color',(#11115),#8455,
  #11093);
#11115 = PRESENTATION_STYLE_ASSIGNMENT((#11116));
#11116 = SURFACE_STYLE_USAGE(.BOTH.,#11117);
#11117 = SURFACE_SIDE_STYLE('',(#11118));
#11118 = SURFACE_STYLE_FILL_AREA(#11119);
#11119 = FILL_AREA_STYLE('',(#11120));
#11120 = FILL_AREA_STYLE_COLOUR('',#9664);
#11121 = OVER_RIDING_STYLED_ITEM('overriding color',(#11122),#8479,
  #11093);
#11122 = PRESENTATION_STYLE_ASSIGNMENT((#11123));
#11123 = SURFACE_STYLE_USAGE(.BOTH.,#11124);
#11124 = SURFACE_SIDE_STYLE('',(#11125));
#11125 = SURFACE_STYLE_FILL_AREA(#11126);
#11126 = FILL_AREA_STYLE('',(#11127));
#11127 = FILL_AREA_STYLE_COLOUR('',#9664);
#11128 = OVER_RIDING_STYLED_ITEM('overriding color',(#11129),#8499,
  #11093);
#11129 = PRESENTATION_STYLE_ASSIGNMENT((#11130));
#11130 = SURFACE_STYLE_USAGE(.BOTH.,#11131);
#11131 = SURFACE_SIDE_STYLE('',(#11132));
#11132 = SURFACE_STYLE_FILL_AREA(#11133);
#11133 = FILL_AREA_STYLE('',(#11134));
#11134 = FILL_AREA_STYLE_COLOUR('',#9664);
#11135 = OVER_RIDING_STYLED_ITEM('overriding color',(#11136),#8519,
  #11093);
#11136 = PRESENTATION_STYLE_ASSIGNMENT((#11137));
#11137 = SURFACE_STYLE_USAGE(.BOTH.,#11138);
#11138 = SURFACE_SIDE_STYLE('',(#11139));
#11139 = SURFACE_STYLE_FILL_AREA(#11140);
#11140 = FILL_AREA_STYLE('',(#11141));
#11141 = FILL_AREA_STYLE_COLOUR('',#9664);
#11142 = OVER_RIDING_STYLED_ITEM('overriding color',(#11143),#8539,
  #11093);
#11143 = PRESENTATION_STYLE_ASSIGNMENT((#11144));
#11144 = SURFACE_STYLE_USAGE(.BOTH.,#11145);
#11145 = SURFACE_SIDE_STYLE('',(#11146));
#11146 = SURFACE_STYLE_FILL_AREA(#11147);
#11147 = FILL_AREA_STYLE('',(#11148));
#11148 = FILL_AREA_STYLE_COLOUR('',#9664);
#11149 = OVER_RIDING_STYLED_ITEM('overriding color',(#11150),#8559,
  #11093);
#11150 = PRESENTATION_STYLE_ASSIGNMENT((#11151));
#11151 = SURFACE_STYLE_USAGE(.BOTH.,#11152);
#11152 = SURFACE_SIDE_STYLE('',(#11153));
#11153 = SURFACE_STYLE_FILL_AREA(#11154);
#11154 = FILL_AREA_STYLE('',(#11155));
#11155 = FILL_AREA_STYLE_COLOUR('',#9664);
#11156 = OVER_RIDING_STYLED_ITEM('overriding color',(#11157),#8579,
  #11093);
#11157 = PRESENTATION_STYLE_ASSIGNMENT((#11158));
#11158 = SURFACE_STYLE_USAGE(.BOTH.,#11159);
#11159 = SURFACE_SIDE_STYLE('',(#11160));
#11160 = SURFACE_STYLE_FILL_AREA(#11161);
#11161 = FILL_AREA_STYLE('',(#11162));
#11162 = FILL_AREA_STYLE_COLOUR('',#9664);
#11163 = OVER_RIDING_STYLED_ITEM('overriding color',(#11164),#8599,
  #11093);
#11164 = PRESENTATION_STYLE_ASSIGNMENT((#11165));
#11165 = SURFACE_STYLE_USAGE(.BOTH.,#11166);
#11166 = SURFACE_SIDE_STYLE('',(#11167));
#11167 = SURFACE_STYLE_FILL_AREA(#11168);
#11168 = FILL_AREA_STYLE('',(#11169));
#11169 = FILL_AREA_STYLE_COLOUR('',#9664);
#11170 = OVER_RIDING_STYLED_ITEM('overriding color',(#11171),#8619,
  #11093);
#11171 = PRESENTATION_STYLE_ASSIGNMENT((#11172));
#11172 = SURFACE_STYLE_USAGE(.BOTH.,#11173);
#11173 = SURFACE_SIDE_STYLE('',(#11174));
#11174 = SURFACE_STYLE_FILL_AREA(#11175);
#11175 = FILL_AREA_STYLE('',(#11176));
#11176 = FILL_AREA_STYLE_COLOUR('',#9664);
#11177 = OVER_RIDING_STYLED_ITEM('overriding color',(#11178),#8639,
  #11093);
#11178 = PRESENTATION_STYLE_ASSIGNMENT((#11179));
#11179 = SURFACE_STYLE_USAGE(.BOTH.,#11180);
#11180 = SURFACE_SIDE_STYLE('',(#11181));
#11181 = SURFACE_STYLE_FILL_AREA(#11182);
#11182 = FILL_AREA_STYLE('',(#11183));
#11183 = FILL_AREA_STYLE_COLOUR('',#9664);
#11184 = OVER_RIDING_STYLED_ITEM('overriding color',(#11185),#8659,
  #11093);
#11185 = PRESENTATION_STYLE_ASSIGNMENT((#11186));
#11186 = SURFACE_STYLE_USAGE(.BOTH.,#11187);
#11187 = SURFACE_SIDE_STYLE('',(#11188));
#11188 = SURFACE_STYLE_FILL_AREA(#11189);
#11189 = FILL_AREA_STYLE('',(#11190));
#11190 = FILL_AREA_STYLE_COLOUR('',#9664);
#11191 = OVER_RIDING_STYLED_ITEM('overriding color',(#11192),#8679,
  #11093);
#11192 = PRESENTATION_STYLE_ASSIGNMENT((#11193));
#11193 = SURFACE_STYLE_USAGE(.BOTH.,#11194);
#11194 = SURFACE_SIDE_STYLE('',(#11195));
#11195 = SURFACE_STYLE_FILL_AREA(#11196);
#11196 = FILL_AREA_STYLE('',(#11197));
#11197 = FILL_AREA_STYLE_COLOUR('',#9664);
#11198 = OVER_RIDING_STYLED_ITEM('overriding color',(#11199),#8699,
  #11093);
#11199 = PRESENTATION_STYLE_ASSIGNMENT((#11200));
#11200 = SURFACE_STYLE_USAGE(.BOTH.,#11201);
#11201 = SURFACE_SIDE_STYLE('',(#11202));
#11202 = SURFACE_STYLE_FILL_AREA(#11203);
#11203 = FILL_AREA_STYLE('',(#11204));
#11204 = FILL_AREA_STYLE_COLOUR('',#9664);
#11205 = OVER_RIDING_STYLED_ITEM('overriding color',(#11206),#8715,
  #11093);
#11206 = PRESENTATION_STYLE_ASSIGNMENT((#11207));
#11207 = SURFACE_STYLE_USAGE(.BOTH.,#11208);
#11208 = SURFACE_SIDE_STYLE('',(#11209));
#11209 = SURFACE_STYLE_FILL_AREA(#11210);
#11210 = FILL_AREA_STYLE('',(#11211));
#11211 = FILL_AREA_STYLE_COLOUR('',#9664);
#11212 = OVER_RIDING_STYLED_ITEM('overriding color',(#11213),#8731,
  #11093);
#11213 = PRESENTATION_STYLE_ASSIGNMENT((#11214));
#11214 = SURFACE_STYLE_USAGE(.BOTH.,#11215);
#11215 = SURFACE_SIDE_STYLE('',(#11216));
#11216 = SURFACE_STYLE_FILL_AREA(#11217);
#11217 = FILL_AREA_STYLE('',(#11218));
#11218 = FILL_AREA_STYLE_COLOUR('',#9664);
#11219 = OVER_RIDING_STYLED_ITEM('overriding color',(#11220),#8747,
  #11093);
#11220 = PRESENTATION_STYLE_ASSIGNMENT((#11221));
#11221 = SURFACE_STYLE_USAGE(.BOTH.,#11222);
#11222 = SURFACE_SIDE_STYLE('',(#11223));
#11223 = SURFACE_STYLE_FILL_AREA(#11224);
#11224 = FILL_AREA_STYLE('',(#11225));
#11225 = FILL_AREA_STYLE_COLOUR('',#9664);
#11226 = OVER_RIDING_STYLED_ITEM('overriding color',(#11227),#8763,
  #11093);
#11227 = PRESENTATION_STYLE_ASSIGNMENT((#11228));
#11228 = SURFACE_STYLE_USAGE(.BOTH.,#11229);
#11229 = SURFACE_SIDE_STYLE('',(#11230));
#11230 = SURFACE_STYLE_FILL_AREA(#11231);
#11231 = FILL_AREA_STYLE('',(#11232));
#11232 = FILL_AREA_STYLE_COLOUR('',#9664);
#11233 = OVER_RIDING_STYLED_ITEM('overriding color',(#11234),#8783,
  #11093);
#11234 = PRESENTATION_STYLE_ASSIGNMENT((#11235));
#11235 = SURFACE_STYLE_USAGE(.BOTH.,#11236);
#11236 = SURFACE_SIDE_STYLE('',(#11237));
#11237 = SURFACE_STYLE_FILL_AREA(#11238);
#11238 = FILL_AREA_STYLE('',(#11239));
#11239 = FILL_AREA_STYLE_COLOUR('',#9664);
#11240 = OVER_RIDING_STYLED_ITEM('overriding color',(#11241),#8803,
  #11093);
#11241 = PRESENTATION_STYLE_ASSIGNMENT((#11242));
#11242 = SURFACE_STYLE_USAGE(.BOTH.,#11243);
#11243 = SURFACE_SIDE_STYLE('',(#11244));
#11244 = SURFACE_STYLE_FILL_AREA(#11245);
#11245 = FILL_AREA_STYLE('',(#11246));
#11246 = FILL_AREA_STYLE_COLOUR('',#9664);
#11247 = OVER_RIDING_STYLED_ITEM('overriding color',(#11248),#8823,
  #11093);
#11248 = PRESENTATION_STYLE_ASSIGNMENT((#11249));
#11249 = SURFACE_STYLE_USAGE(.BOTH.,#11250);
#11250 = SURFACE_SIDE_STYLE('',(#11251));
#11251 = SURFACE_STYLE_FILL_AREA(#11252);
#11252 = FILL_AREA_STYLE('',(#11253));
#11253 = FILL_AREA_STYLE_COLOUR('',#9664);
#11254 = OVER_RIDING_STYLED_ITEM('overriding color',(#11255),#8843,
  #11093);
#11255 = PRESENTATION_STYLE_ASSIGNMENT((#11256));
#11256 = SURFACE_STYLE_USAGE(.BOTH.,#11257);
#11257 = SURFACE_SIDE_STYLE('',(#11258));
#11258 = SURFACE_STYLE_FILL_AREA(#11259);
#11259 = FILL_AREA_STYLE('',(#11260));
#11260 = FILL_AREA_STYLE_COLOUR('',#9664);
#11261 = OVER_RIDING_STYLED_ITEM('overriding color',(#11262),#8863,
  #11093);
#11262 = PRESENTATION_STYLE_ASSIGNMENT((#11263));
#11263 = SURFACE_STYLE_USAGE(.BOTH.,#11264);
#11264 = SURFACE_SIDE_STYLE('',(#11265));
#11265 = SURFACE_STYLE_FILL_AREA(#11266);
#11266 = FILL_AREA_STYLE('',(#11267));
#11267 = FILL_AREA_STYLE_COLOUR('',#9664);
#11268 = OVER_RIDING_STYLED_ITEM('overriding color',(#11269),#8883,
  #11093);
#11269 = PRESENTATION_STYLE_ASSIGNMENT((#11270));
#11270 = SURFACE_STYLE_USAGE(.BOTH.,#11271);
#11271 = SURFACE_SIDE_STYLE('',(#11272));
#11272 = SURFACE_STYLE_FILL_AREA(#11273);
#11273 = FILL_AREA_STYLE('',(#11274));
#11274 = FILL_AREA_STYLE_COLOUR('',#9664);
#11275 = OVER_RIDING_STYLED_ITEM('overriding color',(#11276),#8903,
  #11093);
#11276 = PRESENTATION_STYLE_ASSIGNMENT((#11277));
#11277 = SURFACE_STYLE_USAGE(.BOTH.,#11278);
#11278 = SURFACE_SIDE_STYLE('',(#11279));
#11279 = SURFACE_STYLE_FILL_AREA(#11280);
#11280 = FILL_AREA_STYLE('',(#11281));
#11281 = FILL_AREA_STYLE_COLOUR('',#9664);
#11282 = OVER_RIDING_STYLED_ITEM('overriding color',(#11283),#8919,
  #11093);
#11283 = PRESENTATION_STYLE_ASSIGNMENT((#11284));
#11284 = SURFACE_STYLE_USAGE(.BOTH.,#11285);
#11285 = SURFACE_SIDE_STYLE('',(#11286));
#11286 = SURFACE_STYLE_FILL_AREA(#11287);
#11287 = FILL_AREA_STYLE('',(#11288));
#11288 = FILL_AREA_STYLE_COLOUR('',#9664);
#11289 = OVER_RIDING_STYLED_ITEM('overriding color',(#11290),#8939,
  #11093);
#11290 = PRESENTATION_STYLE_ASSIGNMENT((#11291));
#11291 = SURFACE_STYLE_USAGE(.BOTH.,#11292);
#11292 = SURFACE_SIDE_STYLE('',(#11293));
#11293 = SURFACE_STYLE_FILL_AREA(#11294);
#11294 = FILL_AREA_STYLE('',(#11295));
#11295 = FILL_AREA_STYLE_COLOUR('',#9664);
#11296 = OVER_RIDING_STYLED_ITEM('overriding color',(#11297),#8959,
  #11093);
#11297 = PRESENTATION_STYLE_ASSIGNMENT((#11298));
#11298 = SURFACE_STYLE_USAGE(.BOTH.,#11299);
#11299 = SURFACE_SIDE_STYLE('',(#11300));
#11300 = SURFACE_STYLE_FILL_AREA(#11301);
#11301 = FILL_AREA_STYLE('',(#11302));
#11302 = FILL_AREA_STYLE_COLOUR('',#9664);
#11303 = OVER_RIDING_STYLED_ITEM('overriding color',(#11304),#8975,
  #11093);
#11304 = PRESENTATION_STYLE_ASSIGNMENT((#11305));
#11305 = SURFACE_STYLE_USAGE(.BOTH.,#11306);
#11306 = SURFACE_SIDE_STYLE('',(#11307));
#11307 = SURFACE_STYLE_FILL_AREA(#11308);
#11308 = FILL_AREA_STYLE('',(#11309));
#11309 = FILL_AREA_STYLE_COLOUR('',#9664);
#11310 = OVER_RIDING_STYLED_ITEM('overriding color',(#11311),#8995,
  #11093);
#11311 = PRESENTATION_STYLE_ASSIGNMENT((#11312));
#11312 = SURFACE_STYLE_USAGE(.BOTH.,#11313);
#11313 = SURFACE_SIDE_STYLE('',(#11314));
#11314 = SURFACE_STYLE_FILL_AREA(#11315);
#11315 = FILL_AREA_STYLE('',(#11316));
#11316 = FILL_AREA_STYLE_COLOUR('',#9664);
#11317 = OVER_RIDING_STYLED_ITEM('overriding color',(#11318),#9015,
  #11093);
#11318 = PRESENTATION_STYLE_ASSIGNMENT((#11319));
#11319 = SURFACE_STYLE_USAGE(.BOTH.,#11320);
#11320 = SURFACE_SIDE_STYLE('',(#11321));
#11321 = SURFACE_STYLE_FILL_AREA(#11322);
#11322 = FILL_AREA_STYLE('',(#11323));
#11323 = FILL_AREA_STYLE_COLOUR('',#9664);
#11324 = OVER_RIDING_STYLED_ITEM('overriding color',(#11325),#9035,
  #11093);
#11325 = PRESENTATION_STYLE_ASSIGNMENT((#11326));
#11326 = SURFACE_STYLE_USAGE(.BOTH.,#11327);
#11327 = SURFACE_SIDE_STYLE('',(#11328));
#11328 = SURFACE_STYLE_FILL_AREA(#11329);
#11329 = FILL_AREA_STYLE('',(#11330));
#11330 = FILL_AREA_STYLE_COLOUR('',#9664);
#11331 = OVER_RIDING_STYLED_ITEM('overriding color',(#11332),#9051,
  #11093);
#11332 = PRESENTATION_STYLE_ASSIGNMENT((#11333));
#11333 = SURFACE_STYLE_USAGE(.BOTH.,#11334);
#11334 = SURFACE_SIDE_STYLE('',(#11335));
#11335 = SURFACE_STYLE_FILL_AREA(#11336);
#11336 = FILL_AREA_STYLE('',(#11337));
#11337 = FILL_AREA_STYLE_COLOUR('',#9664);
#11338 = OVER_RIDING_STYLED_ITEM('overriding color',(#11339),#9071,
  #11093);
#11339 = PRESENTATION_STYLE_ASSIGNMENT((#11340));
#11340 = SURFACE_STYLE_USAGE(.BOTH.,#11341);
#11341 = SURFACE_SIDE_STYLE('',(#11342));
#11342 = SURFACE_STYLE_FILL_AREA(#11343);
#11343 = FILL_AREA_STYLE('',(#11344));
#11344 = FILL_AREA_STYLE_COLOUR('',#9664);
#11345 = OVER_RIDING_STYLED_ITEM('overriding color',(#11346),#9087,
  #11093);
#11346 = PRESENTATION_STYLE_ASSIGNMENT((#11347));
#11347 = SURFACE_STYLE_USAGE(.BOTH.,#11348);
#11348 = SURFACE_SIDE_STYLE('',(#11349));
#11349 = SURFACE_STYLE_FILL_AREA(#11350);
#11350 = FILL_AREA_STYLE('',(#11351));
#11351 = FILL_AREA_STYLE_COLOUR('',#9664);
#11352 = OVER_RIDING_STYLED_ITEM('overriding color',(#11353),#9117,
  #11093);
#11353 = PRESENTATION_STYLE_ASSIGNMENT((#11354));
#11354 = SURFACE_STYLE_USAGE(.BOTH.,#11355);
#11355 = SURFACE_SIDE_STYLE('',(#11356));
#11356 = SURFACE_STYLE_FILL_AREA(#11357);
#11357 = FILL_AREA_STYLE('',(#11358));
#11358 = FILL_AREA_STYLE_COLOUR('',#9664);
ENDSEC;
END-ISO-10303-21;
