ISO-10303-21;
HEADER;
FILE_DESCRIPTION(('Open CASCADE Model'),'2;1');
FILE_NAME('Open CASCADE Shape Model','2026-09-02T07:06:23',('Author'),(
    'Open CASCADE'),'Open CASCADE STEP processor 7.9','Open CASCADE 7.9'
  ,'Unknown');
FILE_SCHEMA(('AUTOMOTIVE_DESIGN { 1 0 10303 214 1 1 1 1 }'));
ENDSEC;
DATA;
#1 = APPLICATION_PROTOCOL_DEFINITION('international standard',
  'automotive_design',2000,#2);
#2 = APPLICATION_CONTEXT(
  'core data for automotive mechanical design processes');
#3 = SHAPE_DEFINITION_REPRESENTATION(#4,#10);
#4 = PRODUCT_DEFINITION_SHAPE('','',#5);
#5 = PRODUCT_DEFINITION('design','',#6,#9);
#6 = PRODUCT_DEFINITION_FORMATION('','',#7);
#7 = PRODUCT('SOLID','SOLID','',(#8));
#8 = PRODUCT_CONTEXT('',#2,'mechanical');
#9 = PRODUCT_DEFINITION_CONTEXT('part definition',#2,'design');
#10 = ADVANCED_BREP_SHAPE_REPRESENTATION('',(#11,#15),#11689);
#11 = AXIS2_PLACEMENT_3D('',#12,#13,#14);
#12 = CARTESIAN_POINT('',(0.,0.,0.));
#13 = DIRECTION('',(0.,0.,1.));
#14 = DIRECTION('',(1.,0.,-0.));
#15 = MANIFOLD_SOLID_BREP('',#16);
#16 = CLOSED_SHELL('',(#17,#57,#1512,#1813,#1961,#1981,#2001,#2035,#2055
    ,#2083,#2105,#2133,#2155,#2183,#2205,#2241,#2299,#2361,#2377,#2395,
    #2413,#2471,#2499,#2549,#2722,#2854,#2875,#2891,#2905,#2925,#2942,
    #2956,#2968,#2986,#3002,#3018,#3030,#3052,#3064,#3082,#3098,#3116,
    #3132,#3150,#3166,#3178,#3190,#3206,#3222,#3240,#3256,#3274,#3290,
    #3308,#3324,#3342,#3354,#3382,#3406,#3430,#3476,#3488,#3528,#3556,
    #3592,#3628,#3660,#3688,#3716,#3728,#3740,#3768,#3796,#3812,#3828,
    #3864,#3884,#3900,#3916,#3928,#3948,#3964,#3980,#3992,#4020,#4044,
    #4068,#4114,#4126,#4154,#4178,#4202,#4248,#4260,#4288,#4312,#4336,
    #4382,#4394,#4434,#4462,#4498,#4534,#4566,#4594,#4622,#4634,#4646,
    #4674,#4702,#4718,#4734,#4770,#4810,#4838,#4874,#4910,#4942,#4970,
    #4998,#5010,#5022,#5050,#5078,#5094,#5110,#5146,#5186,#5214,#5250,
    #5286,#5318,#5346,#5374,#5386,#5398,#5426,#5454,#5470,#5486,#5522,
    #5542,#5558,#5574,#5586,#5606,#5622,#5638,#5650,#5670,#5686,#5702,
    #5714,#5734,#5750,#5766,#5778,#5798,#5814,#5830,#5842,#5862,#5878,
    #5894,#5906,#5934,#5956,#5978,#6000,#6022,#6038,#6052,#6086,#6108,
    #6136,#6164,#6192,#6220,#6248,#6276,#6298,#6326,#6354,#6382,#6410,
    #6432,#6454,#6482,#6504,#6526,#6548,#6570,#6592,#6614,#6636,#6658,
    #6680,#6702,#6718,#6738,#6862,#6882,#6902,#6922,#6942,#6962,#6978,
    #6990,#7018,#7040,#7062,#7090,#7118,#7146,#7168,#7183,#7295,#7315,
    #7331,#7347,#7363,#7379,#7395,#7411,#7423,#7451,#7473,#7501,#7523,
    #7551,#7567,#7581,#7609,#7631,#7653,#7675,#7697,#7719,#7741,#7763,
    #7785,#7807,#7829,#7845,#7865,#8057,#8081,#8097,#8117,#8137,#8153,
    #8173,#8193,#8213,#8233,#8249,#8265,#8281,#8297,#8313,#8347,#8375,
    #8403,#8431,#8459,#8487,#8509,#8525,#8541,#8575,#8597,#8625,#8653,
    #8681,#8709,#8737,#8765,#8793,#8821,#8849,#8877,#8899,#8927,#8955,
    #8983,#9011,#9039,#9067,#9095,#9117,#9146,#9174,#9196,#9224,#9246,
    #9268,#9290,#9312,#9334,#9356,#9384,#9412,#9434,#9462,#9490,#9506,
    #9529,#9557,#9579,#9601,#9623,#9645,#9667,#9689,#9711,#9733,#9755,
    #9777,#9793,#9813,#9937,#9957,#9977,#9997,#10017,#10037,#10053,
    #10065,#10093,#10115,#10137,#10165,#10193,#10221,#10243,#10258,
    #10370,#10390,#10406,#10422,#10438,#10454,#10470,#10486,#10498,
    #10526,#10548,#10576,#10598,#10626,#10642,#10656,#10976,#11000,
    #11020,#11040,#11060,#11080,#11100,#11120,#11140,#11160,#11180,
    #11200,#11220,#11236,#11252,#11268,#11284,#11304,#11324,#11344,
    #11364,#11384,#11404,#11424,#11440,#11460,#11480,#11496,#11516,
    #11536,#11556,#11572,#11592,#11608,#11651,#11679));
#17 = ADVANCED_FACE('',(#18),#50,.T.);
#18 = FACE_BOUND('',#19,.T.);
#19 = EDGE_LOOP('',(#20,#30,#37,#45));
#20 = ORIENTED_EDGE('',*,*,#21,.F.);
#21 = EDGE_CURVE('',#22,#24,#26,.T.);
#22 = VERTEX_POINT('',#23);
#23 = CARTESIAN_POINT('',(-4.23505,-5.15,8.6500001));
#24 = VERTEX_POINT('',#25);
#25 = CARTESIAN_POINT('',(-4.33105,-5.342,8.6500001));
#26 = ( BOUNDED_CURVE() B_SPLINE_CURVE(2,(#27,#28,#29),.UNSPECIFIED.,.F.
,.F.) B_SPLINE_CURVE_WITH_KNOTS((3,3),(3.14159265359,4.068887871591),
.PIECEWISE_BEZIER_KNOTS.) CURVE() GEOMETRIC_REPRESENTATION_ITEM() 
RATIONAL_B_SPLINE_CURVE((1.,0.894427191,1.)) REPRESENTATION_ITEM('') );
#27 = CARTESIAN_POINT('',(-4.23505,-5.15,8.6500001));
#28 = CARTESIAN_POINT('',(-4.23505,-5.27,8.6500001));
#29 = CARTESIAN_POINT('',(-4.33105,-5.342,8.6500001));
#30 = ORIENTED_EDGE('',*,*,#31,.T.);
#31 = EDGE_CURVE('',#22,#32,#34,.T.);
#32 = VERTEX_POINT('',#33);
#33 = CARTESIAN_POINT('',(-4.23505,-5.15,9.5000001));
#34 = B_SPLINE_CURVE_WITH_KNOTS('',1,(#35,#36),.UNSPECIFIED.,.F.,.F.,(2,
    2),(0.,0.85),.PIECEWISE_BEZIER_KNOTS.);
#35 = CARTESIAN_POINT('',(-4.23505,-5.15,8.6500001));
#36 = CARTESIAN_POINT('',(-4.23505,-5.15,9.5000001));
#37 = ORIENTED_EDGE('',*,*,#38,.T.);
#38 = EDGE_CURVE('',#32,#39,#41,.T.);
#39 = VERTEX_POINT('',#40);
#40 = CARTESIAN_POINT('',(-4.33105,-5.342,9.5000001));
#41 = ( BOUNDED_CURVE() B_SPLINE_CURVE(2,(#42,#43,#44),.UNSPECIFIED.,.F.
,.F.) B_SPLINE_CURVE_WITH_KNOTS((3,3),(3.14159265359,4.068887871591),
.PIECEWISE_BEZIER_KNOTS.) CURVE() GEOMETRIC_REPRESENTATION_ITEM() 
RATIONAL_B_SPLINE_CURVE((1.,0.894427191,1.)) REPRESENTATION_ITEM('') );
#42 = CARTESIAN_POINT('',(-4.23505,-5.15,9.5000001));
#43 = CARTESIAN_POINT('',(-4.23505,-5.27,9.5000001));
#44 = CARTESIAN_POINT('',(-4.33105,-5.342,9.5000001));
#45 = ORIENTED_EDGE('',*,*,#46,.F.);
#46 = EDGE_CURVE('',#24,#39,#47,.T.);
#47 = B_SPLINE_CURVE_WITH_KNOTS('',1,(#48,#49),.UNSPECIFIED.,.F.,.F.,(2,
    2),(0.,0.85),.PIECEWISE_BEZIER_KNOTS.);
#48 = CARTESIAN_POINT('',(-4.33105,-5.342,8.6500001));
#49 = CARTESIAN_POINT('',(-4.33105,-5.342,9.5000001));
#50 = ( BOUNDED_SURFACE() B_SPLINE_SURFACE(2,1,(
    (#51,#52)
    ,(#53,#54)
,(#55,#56
  )),.UNSPECIFIED.,.F.,.F.,.F.) B_SPLINE_SURFACE_WITH_KNOTS((3,3),(2,2),
  (5.355890089178,6.28318530718),(0.,0.85),.PIECEWISE_BEZIER_KNOTS.) 
GEOMETRIC_REPRESENTATION_ITEM() RATIONAL_B_SPLINE_SURFACE((
    (1.,1.)
    ,(0.894427191,0.894427191)
,(1.,1.))) REPRESENTATION_ITEM('') SURFACE() );
#51 = CARTESIAN_POINT('',(-4.33105,-5.342,8.6500001));
#52 = CARTESIAN_POINT('',(-4.33105,-5.342,9.5000001));
#53 = CARTESIAN_POINT('',(-4.23505,-5.27,8.6500001));
#54 = CARTESIAN_POINT('',(-4.23505,-5.27,9.5000001));
#55 = CARTESIAN_POINT('',(-4.23505,-5.15,8.6500001));
#56 = CARTESIAN_POINT('',(-4.23505,-5.15,9.5000001));
#57 = ADVANCED_FACE('',(#58,#175,#291,#377,#501,#581,#625,#711,#770,#828
    ,#1015,#1101,#1160,#1218),#1507,.F.);
#58 = FACE_BOUND('',#59,.T.);
#59 = EDGE_LOOP('',(#60,#69,#76,#85,#94,#101,#110,#119,#126,#133,#140,
    #147,#154,#161,#170));
#60 = ORIENTED_EDGE('',*,*,#61,.F.);
#61 = EDGE_CURVE('',#62,#64,#66,.T.);
#62 = VERTEX_POINT('',#63);
#63 = CARTESIAN_POINT('',(6.19995,-0.337380865972,4.943754556219));
#64 = VERTEX_POINT('',#65);
#65 = CARTESIAN_POINT('',(6.19995,-0.376995642582,4.943754556219));
#66 = B_SPLINE_CURVE_WITH_KNOTS('',1,(#67,#68),.UNSPECIFIED.,.F.,.F.,(2,
    2),(-3.961477661021E-02,7.771561172376E-16),
  .PIECEWISE_BEZIER_KNOTS.);
#67 = CARTESIAN_POINT('',(6.19995,-0.337380865972,4.943754556219));
#68 = CARTESIAN_POINT('',(6.19995,-0.376995642582,4.943754556219));
#69 = ORIENTED_EDGE('',*,*,#70,.F.);
#70 = EDGE_CURVE('',#71,#62,#73,.T.);
#71 = VERTEX_POINT('',#72);
#72 = CARTESIAN_POINT('',(6.19995,-0.436261843813,4.692964946805));
#73 = B_SPLINE_CURVE_WITH_KNOTS('',1,(#74,#75),.UNSPECIFIED.,.F.,.F.,(2,
    2),(-0.269579071831,0.),.PIECEWISE_BEZIER_KNOTS.);
#74 = CARTESIAN_POINT('',(6.19995,-0.436261843813,4.692964946805));
#75 = CARTESIAN_POINT('',(6.19995,-0.337380865972,4.943754556219));
#76 = ORIENTED_EDGE('',*,*,#77,.F.);
#77 = EDGE_CURVE('',#78,#71,#80,.T.);
#78 = VERTEX_POINT('',#79);
#79 = CARTESIAN_POINT('',(6.19995,-0.514009742006,4.623249178514));
#80 = B_SPLINE_CURVE_WITH_KNOTS('',3,(#81,#82,#83,#84),.UNSPECIFIED.,.F.
  ,.F.,(4,4),(1.,2.),.PIECEWISE_BEZIER_KNOTS.);
#81 = CARTESIAN_POINT('',(6.19995,-0.514009742006,4.623249178514));
#82 = CARTESIAN_POINT('',(6.19995,-0.480555531049,4.623249178514));
#83 = CARTESIAN_POINT('',(6.19995,-0.454665558932,4.646487767944));
#84 = CARTESIAN_POINT('',(6.19995,-0.436261843813,4.692964946805));
#85 = ORIENTED_EDGE('',*,*,#86,.F.);
#86 = EDGE_CURVE('',#87,#78,#89,.T.);
#87 = VERTEX_POINT('',#88);
#88 = CARTESIAN_POINT('',(6.19995,-0.538652004622,4.626368452263));
#89 = B_SPLINE_CURVE_WITH_KNOTS('',3,(#90,#91,#92,#93),.UNSPECIFIED.,.F.
  ,.F.,(4,4),(2.,3.),.PIECEWISE_BEZIER_KNOTS.);
#90 = CARTESIAN_POINT('',(6.19995,-0.538652004622,4.626368452263));
#91 = CARTESIAN_POINT('',(6.19995,-0.531867584219,4.624340924327));
#92 = CARTESIAN_POINT('',(6.19995,-0.523601508784,4.623249178514));
#93 = CARTESIAN_POINT('',(6.19995,-0.514009742006,4.623249178514));
#94 = ORIENTED_EDGE('',*,*,#95,.F.);
#95 = EDGE_CURVE('',#96,#87,#98,.T.);
#96 = VERTEX_POINT('',#97);
#97 = CARTESIAN_POINT('',(6.19995,-0.538652004622,4.660368536128));
#98 = B_SPLINE_CURVE_WITH_KNOTS('',1,(#99,#100),.UNSPECIFIED.,.F.,.F.,(2
    ,2),(-3.400008386433E-02,-2.22044604925E-16),
  .PIECEWISE_BEZIER_KNOTS.);
#99 = CARTESIAN_POINT('',(6.19995,-0.538652004622,4.660368536128));
#100 = CARTESIAN_POINT('',(6.19995,-0.538652004622,4.626368452263));
#101 = ORIENTED_EDGE('',*,*,#102,.F.);
#102 = EDGE_CURVE('',#103,#96,#105,.T.);
#103 = VERTEX_POINT('',#104);
#104 = CARTESIAN_POINT('',(6.19995,-0.516973052068,4.656001552878));
#105 = B_SPLINE_CURVE_WITH_KNOTS('',3,(#106,#107,#108,#109),
  .UNSPECIFIED.,.F.,.F.,(4,4),(4.,5.),.PIECEWISE_BEZIER_KNOTS.);
#106 = CARTESIAN_POINT('',(6.19995,-0.516973052068,4.656001552878));
#107 = CARTESIAN_POINT('',(6.19995,-0.523991418002,4.656001552878));
#108 = CARTESIAN_POINT('',(6.19995,-0.531165747625,4.657405226065));
#109 = CARTESIAN_POINT('',(6.19995,-0.538652004622,4.660368536128));
#110 = ORIENTED_EDGE('',*,*,#111,.F.);
#111 = EDGE_CURVE('',#112,#103,#114,.T.);
#112 = VERTEX_POINT('',#113);
#113 = CARTESIAN_POINT('',(6.19995,-0.477826166518,4.686726399305));
#114 = B_SPLINE_CURVE_WITH_KNOTS('',3,(#115,#116,#117,#118),
  .UNSPECIFIED.,.F.,.F.,(4,4),(5.,6.),.PIECEWISE_BEZIER_KNOTS.);
#115 = CARTESIAN_POINT('',(6.19995,-0.477826166518,4.686726399305));
#116 = CARTESIAN_POINT('',(6.19995,-0.486482151171,4.666139192563));
#117 = CARTESIAN_POINT('',(6.19995,-0.499505119073,4.656001552878));
#118 = CARTESIAN_POINT('',(6.19995,-0.516973052068,4.656001552878));
#119 = ORIENTED_EDGE('',*,*,#120,.F.);
#120 = EDGE_CURVE('',#121,#112,#123,.T.);
#121 = VERTEX_POINT('',#122);
#122 = CARTESIAN_POINT('',(6.19995,-0.461060070117,4.726341175918));
#123 = B_SPLINE_CURVE_WITH_KNOTS('',1,(#124,#125),.UNSPECIFIED.,.F.,.F.,
  (2,2),(-4.301665392122E-02,-1.298155799741E-16),
  .PIECEWISE_BEZIER_KNOTS.);
#124 = CARTESIAN_POINT('',(6.19995,-0.461060070117,4.726341175918));
#125 = CARTESIAN_POINT('',(6.19995,-0.477826166518,4.686726399305));
#126 = ORIENTED_EDGE('',*,*,#127,.F.);
#127 = EDGE_CURVE('',#128,#121,#130,.T.);
#128 = VERTEX_POINT('',#129);
#129 = CARTESIAN_POINT('',(6.19995,-0.546528170839,4.943754556219));
#130 = B_SPLINE_CURVE_WITH_KNOTS('',1,(#131,#132),.UNSPECIFIED.,.F.,.F.,
  (2,2),(-0.233609447958,1.421647495106E-16),.PIECEWISE_BEZIER_KNOTS.);
#131 = CARTESIAN_POINT('',(6.19995,-0.546528170839,4.943754556219));
#132 = CARTESIAN_POINT('',(6.19995,-0.461060070117,4.726341175918));
#133 = ORIENTED_EDGE('',*,*,#134,.F.);
#134 = EDGE_CURVE('',#135,#128,#137,.T.);
#135 = VERTEX_POINT('',#136);
#136 = CARTESIAN_POINT('',(6.19995,-0.503794120478,4.943754556219));
#137 = B_SPLINE_CURVE_WITH_KNOTS('',1,(#138,#139),.UNSPECIFIED.,.F.,.F.,
  (2,2),(-4.27340503608E-02,1.221245327088E-15),
  .PIECEWISE_BEZIER_KNOTS.);
#138 = CARTESIAN_POINT('',(6.19995,-0.503794120478,4.943754556219));
#139 = CARTESIAN_POINT('',(6.19995,-0.546528170839,4.943754556219));
#140 = ORIENTED_EDGE('',*,*,#141,.F.);
#141 = EDGE_CURVE('',#142,#135,#144,.T.);
#142 = VERTEX_POINT('',#143);
#143 = CARTESIAN_POINT('',(6.19995,-0.44686737456,4.779992684399));
#144 = B_SPLINE_CURVE_WITH_KNOTS('',1,(#145,#146),.UNSPECIFIED.,.F.,.F.,
  (2,2),(-0.173374176459,2.736527873712E-16),.PIECEWISE_BEZIER_KNOTS.);
#145 = CARTESIAN_POINT('',(6.19995,-0.44686737456,4.779992684399));
#146 = CARTESIAN_POINT('',(6.19995,-0.503794120478,4.943754556219));
#147 = ORIENTED_EDGE('',*,*,#148,.F.);
#148 = EDGE_CURVE('',#149,#142,#151,.T.);
#149 = VERTEX_POINT('',#150);
#150 = CARTESIAN_POINT('',(6.19995,-0.442188463936,4.762056860342));
#151 = B_SPLINE_CURVE_WITH_KNOTS('',1,(#152,#153),.UNSPECIFIED.,.F.,.F.,
  (2,2),(-1.853607264843E-02,1.29846665657E-15),
  .PIECEWISE_BEZIER_KNOTS.);
#152 = CARTESIAN_POINT('',(6.19995,-0.442188463936,4.762056860342));
#153 = CARTESIAN_POINT('',(6.19995,-0.44686737456,4.779992684399));
#154 = ORIENTED_EDGE('',*,*,#155,.F.);
#155 = EDGE_CURVE('',#156,#149,#158,.T.);
#156 = VERTEX_POINT('',#157);
#157 = CARTESIAN_POINT('',(6.19995,-0.441174699968,4.762056860342));
#158 = B_SPLINE_CURVE_WITH_KNOTS('',1,(#159,#160),.UNSPECIFIED.,.F.,.F.,
  (2,2),(-1.013763967252E-03,2.22044604925E-16),
  .PIECEWISE_BEZIER_KNOTS.);
#159 = CARTESIAN_POINT('',(6.19995,-0.441174699968,4.762056860342));
#160 = CARTESIAN_POINT('',(6.19995,-0.442188463936,4.762056860342));
#161 = ORIENTED_EDGE('',*,*,#162,.F.);
#162 = EDGE_CURVE('',#163,#156,#165,.T.);
#163 = VERTEX_POINT('',#164);
#164 = CARTESIAN_POINT('',(6.19995,-0.436495789344,4.779680757024));
#165 = B_SPLINE_CURVE_WITH_KNOTS('',3,(#166,#167,#168,#169),
  .UNSPECIFIED.,.F.,.F.,(4,4),(12.,13.),.PIECEWISE_BEZIER_KNOTS.);
#166 = CARTESIAN_POINT('',(6.19995,-0.436495789344,4.779680757024));
#167 = CARTESIAN_POINT('',(6.19995,-0.438835244655,4.77203853634));
#168 = CARTESIAN_POINT('',(6.19995,-0.440394881532,4.766111916217));
#169 = CARTESIAN_POINT('',(6.19995,-0.441174699968,4.762056860342));
#170 = ORIENTED_EDGE('',*,*,#171,.F.);
#171 = EDGE_CURVE('',#64,#163,#172,.T.);
#172 = B_SPLINE_CURVE_WITH_KNOTS('',1,(#173,#174),.UNSPECIFIED.,.F.,.F.,
  (2,2),(-0.174529307129,-1.324731754033E-16),.PIECEWISE_BEZIER_KNOTS.);
#173 = CARTESIAN_POINT('',(6.19995,-0.376995642582,4.943754556219));
#174 = CARTESIAN_POINT('',(6.19995,-0.436495789344,4.779680757024));
#175 = FACE_BOUND('',#176,.T.);
#176 = EDGE_LOOP('',(#177,#188,#197,#204,#211,#218,#225,#234,#243,#252,
    #261,#268,#277,#286));
#177 = ORIENTED_EDGE('',*,*,#178,.F.);
#178 = EDGE_CURVE('',#179,#181,#183,.T.);
#179 = VERTEX_POINT('',#180);
#180 = CARTESIAN_POINT('',(6.19995,-0.844106886488,4.948745394218));
#181 = VERTEX_POINT('',#182);
#182 = CARTESIAN_POINT('',(6.19995,-0.919125420152,4.92847011485));
#183 = B_SPLINE_CURVE_WITH_KNOTS('',3,(#184,#185,#186,#187),
  .UNSPECIFIED.,.F.,.F.,(4,4),(0.,1.),.PIECEWISE_BEZIER_KNOTS.);
#184 = CARTESIAN_POINT('',(6.19995,-0.844106886488,4.948745394218));
#185 = CARTESIAN_POINT('',(6.19995,-0.872492277604,4.948745394218));
#186 = CARTESIAN_POINT('',(6.19995,-0.89752444944,4.942038955657));
#187 = CARTESIAN_POINT('',(6.19995,-0.919125420152,4.92847011485));
#188 = ORIENTED_EDGE('',*,*,#189,.F.);
#189 = EDGE_CURVE('',#190,#179,#192,.T.);
#190 = VERTEX_POINT('',#191);
#191 = CARTESIAN_POINT('',(6.19995,-0.765345224328,4.86608463987));
#192 = B_SPLINE_CURVE_WITH_KNOTS('',3,(#193,#194,#195,#196),
  .UNSPECIFIED.,.F.,.F.,(4,4),(1.,2.),.PIECEWISE_BEZIER_KNOTS.);
#193 = CARTESIAN_POINT('',(6.19995,-0.765345224328,4.86608463987));
#194 = CARTESIAN_POINT('',(6.19995,-0.765345224328,4.921295785227));
#195 = CARTESIAN_POINT('',(6.19995,-0.791625105663,4.948745394218));
#196 = CARTESIAN_POINT('',(6.19995,-0.844106886488,4.948745394218));
#197 = ORIENTED_EDGE('',*,*,#198,.F.);
#198 = EDGE_CURVE('',#199,#190,#201,.T.);
#199 = VERTEX_POINT('',#200);
#200 = CARTESIAN_POINT('',(6.19995,-0.765345224328,4.725873284856));
#201 = B_SPLINE_CURVE_WITH_KNOTS('',1,(#202,#203),.UNSPECIFIED.,.F.,.F.,
  (2,2),(-0.140211355014,-2.22044604925E-16),.PIECEWISE_BEZIER_KNOTS.);
#202 = CARTESIAN_POINT('',(6.19995,-0.765345224328,4.725873284856));
#203 = CARTESIAN_POINT('',(6.19995,-0.765345224328,4.86608463987));
#204 = ORIENTED_EDGE('',*,*,#205,.F.);
#205 = EDGE_CURVE('',#206,#199,#208,.T.);
#206 = VERTEX_POINT('',#207);
#207 = CARTESIAN_POINT('',(6.19995,-0.803556327753,4.725873284856));
#208 = B_SPLINE_CURVE_WITH_KNOTS('',1,(#209,#210),.UNSPECIFIED.,.F.,.F.,
  (2,2),(-3.821110342477E-02,-3.780177301433E-30),
  .PIECEWISE_BEZIER_KNOTS.);
#209 = CARTESIAN_POINT('',(6.19995,-0.803556327753,4.725873284856));
#210 = CARTESIAN_POINT('',(6.19995,-0.765345224328,4.725873284856));
#211 = ORIENTED_EDGE('',*,*,#212,.F.);
#212 = EDGE_CURVE('',#213,#206,#215,.T.);
#213 = VERTEX_POINT('',#214);
#214 = CARTESIAN_POINT('',(6.19995,-0.803556327753,4.759561441344));
#215 = B_SPLINE_CURVE_WITH_KNOTS('',1,(#216,#217),.UNSPECIFIED.,.F.,.F.,
  (2,2),(-3.368815648771E-02,2.22044604925E-16),
  .PIECEWISE_BEZIER_KNOTS.);
#216 = CARTESIAN_POINT('',(6.19995,-0.803556327753,4.759561441344));
#217 = CARTESIAN_POINT('',(6.19995,-0.803556327753,4.725873284856));
#218 = ORIENTED_EDGE('',*,*,#219,.F.);
#219 = EDGE_CURVE('',#220,#213,#222,.T.);
#220 = VERTEX_POINT('',#221);
#221 = CARTESIAN_POINT('',(6.19995,-0.804570091721,4.759561441344));
#222 = B_SPLINE_CURVE_WITH_KNOTS('',1,(#223,#224),.UNSPECIFIED.,.F.,.F.,
  (2,2),(-1.013763968291E-03,-4.440892098501E-16),
  .PIECEWISE_BEZIER_KNOTS.);
#223 = CARTESIAN_POINT('',(6.19995,-0.804570091721,4.759561441344));
#224 = CARTESIAN_POINT('',(6.19995,-0.803556327753,4.759561441344));
#225 = ORIENTED_EDGE('',*,*,#226,.F.);
#226 = EDGE_CURVE('',#227,#220,#229,.T.);
#227 = VERTEX_POINT('',#228);
#228 = CARTESIAN_POINT('',(6.19995,-0.871322549948,4.72072648317));
#229 = B_SPLINE_CURVE_WITH_KNOTS('',3,(#230,#231,#232,#233),
  .UNSPECIFIED.,.F.,.F.,(4,4),(6.,7.),.PIECEWISE_BEZIER_KNOTS.);
#230 = CARTESIAN_POINT('',(6.19995,-0.871322549948,4.72072648317));
#231 = CARTESIAN_POINT('',(6.19995,-0.841923394865,4.72072648317));
#232 = CARTESIAN_POINT('',(6.19995,-0.819620587559,4.733671469228));
#233 = CARTESIAN_POINT('',(6.19995,-0.804570091721,4.759561441344));
#234 = ORIENTED_EDGE('',*,*,#235,.F.);
#235 = EDGE_CURVE('',#236,#227,#238,.T.);
#236 = VERTEX_POINT('',#237);
#237 = CARTESIAN_POINT('',(6.19995,-0.921698820994,4.737882488788));
#238 = B_SPLINE_CURVE_WITH_KNOTS('',3,(#239,#240,#241,#242),
  .UNSPECIFIED.,.F.,.F.,(4,4),(7.,8.),.PIECEWISE_BEZIER_KNOTS.);
#239 = CARTESIAN_POINT('',(6.19995,-0.921698820994,4.737882488788));
#240 = CARTESIAN_POINT('',(6.19995,-0.909221725998,4.726497139605));
#241 = CARTESIAN_POINT('',(6.19995,-0.892455629597,4.72072648317));
#242 = CARTESIAN_POINT('',(6.19995,-0.871322549948,4.72072648317));
#243 = ORIENTED_EDGE('',*,*,#244,.F.);
#244 = EDGE_CURVE('',#245,#236,#247,.T.);
#245 = VERTEX_POINT('',#246);
#246 = CARTESIAN_POINT('',(6.19995,-0.940414463488,4.784203703961));
#247 = B_SPLINE_CURVE_WITH_KNOTS('',3,(#248,#249,#250,#251),
  .UNSPECIFIED.,.F.,.F.,(4,4),(8.,9.),.PIECEWISE_BEZIER_KNOTS.);
#248 = CARTESIAN_POINT('',(6.19995,-0.940414463488,4.784203703961));
#249 = CARTESIAN_POINT('',(6.19995,-0.940414463488,4.76470824303));
#250 = CARTESIAN_POINT('',(6.19995,-0.93417591599,4.749267837971));
#251 = CARTESIAN_POINT('',(6.19995,-0.921698820994,4.737882488788));
#252 = ORIENTED_EDGE('',*,*,#253,.F.);
#253 = EDGE_CURVE('',#254,#245,#256,.T.);
#254 = VERTEX_POINT('',#255);
#255 = CARTESIAN_POINT('',(6.19995,-0.868125294356,4.855323145437));
#256 = B_SPLINE_CURVE_WITH_KNOTS('',3,(#257,#258,#259,#260),
  .UNSPECIFIED.,.F.,.F.,(4,4),(9.,10.),.PIECEWISE_BEZIER_KNOTS.);
#257 = CARTESIAN_POINT('',(6.19995,-0.868125294356,4.855323145437));
#258 = CARTESIAN_POINT('',(6.19995,-0.916318073777,4.848616706877));
#259 = CARTESIAN_POINT('',(6.19995,-0.940414463488,4.824910226385));
#260 = CARTESIAN_POINT('',(6.19995,-0.940414463488,4.784203703961));
#261 = ORIENTED_EDGE('',*,*,#262,.F.);
#262 = EDGE_CURVE('',#263,#254,#265,.T.);
#263 = VERTEX_POINT('',#264);
#264 = CARTESIAN_POINT('',(6.19995,-0.803556327753,4.86436903931));
#265 = B_SPLINE_CURVE_WITH_KNOTS('',1,(#266,#267),.UNSPECIFIED.,.F.,.F.,
  (2,2),(-6.519953714706E-02,-1.099485618093E-16),
  .PIECEWISE_BEZIER_KNOTS.);
#266 = CARTESIAN_POINT('',(6.19995,-0.803556327753,4.86436903931));
#267 = CARTESIAN_POINT('',(6.19995,-0.868125294356,4.855323145437));
#268 = ORIENTED_EDGE('',*,*,#269,.F.);
#269 = EDGE_CURVE('',#270,#263,#272,.T.);
#270 = VERTEX_POINT('',#271);
#271 = CARTESIAN_POINT('',(6.19995,-0.8476940513,4.917708620416));
#272 = B_SPLINE_CURVE_WITH_KNOTS('',3,(#273,#274,#275,#276),
  .UNSPECIFIED.,.F.,.F.,(4,4),(11.,12.),.PIECEWISE_BEZIER_KNOTS.);
#273 = CARTESIAN_POINT('',(6.19995,-0.8476940513,4.917708620416));
#274 = CARTESIAN_POINT('',(6.19995,-0.818294896216,4.917708620416));
#275 = CARTESIAN_POINT('',(6.19995,-0.803556327753,4.899928760047));
#276 = CARTESIAN_POINT('',(6.19995,-0.803556327753,4.86436903931));
#277 = ORIENTED_EDGE('',*,*,#278,.F.);
#278 = EDGE_CURVE('',#279,#270,#281,.T.);
#279 = VERTEX_POINT('',#280);
#280 = CARTESIAN_POINT('',(6.19995,-0.919125420152,4.891350757236));
#281 = B_SPLINE_CURVE_WITH_KNOTS('',3,(#282,#283,#284,#285),
  .UNSPECIFIED.,.F.,.F.,(4,4),(12.,13.),.PIECEWISE_BEZIER_KNOTS.);
#282 = CARTESIAN_POINT('',(6.19995,-0.919125420152,4.891350757236));
#283 = CARTESIAN_POINT('',(6.19995,-0.897602431283,4.908818690231));
#284 = CARTESIAN_POINT('',(6.19995,-0.873817968948,4.917708620416));
#285 = CARTESIAN_POINT('',(6.19995,-0.8476940513,4.917708620416));
#286 = ORIENTED_EDGE('',*,*,#287,.F.);
#287 = EDGE_CURVE('',#181,#279,#288,.T.);
#288 = B_SPLINE_CURVE_WITH_KNOTS('',1,(#289,#290),.UNSPECIFIED.,.F.,.F.,
  (2,2),(-3.711935761389E-02,2.594239324426E-30),
  .PIECEWISE_BEZIER_KNOTS.);
#289 = CARTESIAN_POINT('',(6.19995,-0.919125420152,4.92847011485));
#290 = CARTESIAN_POINT('',(6.19995,-0.919125420152,4.891350757236));
#291 = FACE_BOUND('',#292,.T.);
#292 = EDGE_LOOP('',(#293,#302,#309,#316,#323,#330,#337,#344,#351,#358,
    #365,#372));
#293 = ORIENTED_EDGE('',*,*,#294,.F.);
#294 = EDGE_CURVE('',#295,#297,#299,.T.);
#295 = VERTEX_POINT('',#296);
#296 = CARTESIAN_POINT('',(6.19995,-0.976987948194,4.725873284856));
#297 = VERTEX_POINT('',#298);
#298 = CARTESIAN_POINT('',(6.19995,-0.976987948194,4.760653187157));
#299 = B_SPLINE_CURVE_WITH_KNOTS('',1,(#300,#301),.UNSPECIFIED.,.F.,.F.,
  (2,2),(-3.477990230068E-02,-4.440892098501E-16),
  .PIECEWISE_BEZIER_KNOTS.);
#300 = CARTESIAN_POINT('',(6.19995,-0.976987948194,4.725873284856));
#301 = CARTESIAN_POINT('',(6.19995,-0.976987948194,4.760653187157));
#302 = ORIENTED_EDGE('',*,*,#303,.F.);
#303 = EDGE_CURVE('',#304,#295,#306,.T.);
#304 = VERTEX_POINT('',#305);
#305 = CARTESIAN_POINT('',(6.19995,-1.141061747389,4.725873284856));
#306 = B_SPLINE_CURVE_WITH_KNOTS('',1,(#307,#308),.UNSPECIFIED.,.F.,.F.,
  (2,2),(-0.164073799195,0.),.PIECEWISE_BEZIER_KNOTS.);
#307 = CARTESIAN_POINT('',(6.19995,-1.141061747389,4.725873284856));
#308 = CARTESIAN_POINT('',(6.19995,-0.976987948194,4.725873284856));
#309 = ORIENTED_EDGE('',*,*,#310,.F.);
#310 = EDGE_CURVE('',#311,#304,#313,.T.);
#311 = VERTEX_POINT('',#312);
#312 = CARTESIAN_POINT('',(6.19995,-1.141061747389,5.030938257503));
#313 = B_SPLINE_CURVE_WITH_KNOTS('',1,(#314,#315),.UNSPECIFIED.,.F.,.F.,
  (2,2),(-0.305064972647,2.22044604925E-16),.PIECEWISE_BEZIER_KNOTS.);
#314 = CARTESIAN_POINT('',(6.19995,-1.141061747389,5.030938257503));
#315 = CARTESIAN_POINT('',(6.19995,-1.141061747389,4.725873284856));
#316 = ORIENTED_EDGE('',*,*,#317,.F.);
#317 = EDGE_CURVE('',#318,#311,#320,.T.);
#318 = VERTEX_POINT('',#319);
#319 = CARTESIAN_POINT('',(6.19995,-0.983928332286,5.030938257503));
#320 = B_SPLINE_CURVE_WITH_KNOTS('',1,(#321,#322),.UNSPECIFIED.,.F.,.F.,
  (2,2),(-0.157133415103,-0.),.PIECEWISE_BEZIER_KNOTS.);
#321 = CARTESIAN_POINT('',(6.19995,-0.983928332286,5.030938257503));
#322 = CARTESIAN_POINT('',(6.19995,-1.141061747389,5.030938257503));
#323 = ORIENTED_EDGE('',*,*,#324,.F.);
#324 = EDGE_CURVE('',#325,#318,#327,.T.);
#325 = VERTEX_POINT('',#326);
#326 = CARTESIAN_POINT('',(6.19995,-0.983928332286,4.995846427828));
#327 = B_SPLINE_CURVE_WITH_KNOTS('',1,(#328,#329),.UNSPECIFIED.,.F.,.F.,
  (2,2),(-3.509182967521E-02,-2.22044604925E-16),
  .PIECEWISE_BEZIER_KNOTS.);
#328 = CARTESIAN_POINT('',(6.19995,-0.983928332286,4.995846427828));
#329 = CARTESIAN_POINT('',(6.19995,-0.983928332286,5.030938257503));
#330 = ORIENTED_EDGE('',*,*,#331,.F.);
#331 = EDGE_CURVE('',#332,#325,#334,.T.);
#332 = VERTEX_POINT('',#333);
#333 = CARTESIAN_POINT('',(6.19995,-1.101680916309,4.995846427828));
#334 = B_SPLINE_CURVE_WITH_KNOTS('',1,(#335,#336),.UNSPECIFIED.,.F.,.F.,
  (2,2),(-0.117752584023,4.440892098501E-16),.PIECEWISE_BEZIER_KNOTS.);
#335 = CARTESIAN_POINT('',(6.19995,-1.101680916309,4.995846427828));
#336 = CARTESIAN_POINT('',(6.19995,-0.983928332286,4.995846427828));
#337 = ORIENTED_EDGE('',*,*,#338,.F.);
#338 = EDGE_CURVE('',#339,#332,#341,.T.);
#339 = VERTEX_POINT('',#340);
#340 = CARTESIAN_POINT('',(6.19995,-1.101680916309,4.898213159485));
#341 = B_SPLINE_CURVE_WITH_KNOTS('',1,(#342,#343),.UNSPECIFIED.,.F.,.F.,
  (2,2),(-9.763326834319E-02,6.661338147751E-16),
  .PIECEWISE_BEZIER_KNOTS.);
#342 = CARTESIAN_POINT('',(6.19995,-1.101680916309,4.898213159485));
#343 = CARTESIAN_POINT('',(6.19995,-1.101680916309,4.995846427828));
#344 = ORIENTED_EDGE('',*,*,#345,.F.);
#345 = EDGE_CURVE('',#346,#339,#348,.T.);
#346 = VERTEX_POINT('',#347);
#347 = CARTESIAN_POINT('',(6.19995,-0.992584316939,4.898213159485));
#348 = B_SPLINE_CURVE_WITH_KNOTS('',1,(#349,#350),.UNSPECIFIED.,.F.,.F.,
  (2,2),(-0.10909659937,-2.22044604925E-16),.PIECEWISE_BEZIER_KNOTS.);
#349 = CARTESIAN_POINT('',(6.19995,-0.992584316939,4.898213159485));
#350 = CARTESIAN_POINT('',(6.19995,-1.101680916309,4.898213159485));
#351 = ORIENTED_EDGE('',*,*,#352,.F.);
#352 = EDGE_CURVE('',#353,#346,#355,.T.);
#353 = VERTEX_POINT('',#354);
#354 = CARTESIAN_POINT('',(6.19995,-0.992584316939,4.863277293497));
#355 = B_SPLINE_CURVE_WITH_KNOTS('',1,(#356,#357),.UNSPECIFIED.,.F.,.F.,
  (2,2),(-3.493586598795E-02,4.440892098501E-16),
  .PIECEWISE_BEZIER_KNOTS.);
#356 = CARTESIAN_POINT('',(6.19995,-0.992584316939,4.863277293497));
#357 = CARTESIAN_POINT('',(6.19995,-0.992584316939,4.898213159485));
#358 = ORIENTED_EDGE('',*,*,#359,.F.);
#359 = EDGE_CURVE('',#360,#353,#362,.T.);
#360 = VERTEX_POINT('',#361);
#361 = CARTESIAN_POINT('',(6.19995,-1.101680916309,4.863277293497));
#362 = B_SPLINE_CURVE_WITH_KNOTS('',1,(#363,#364),.UNSPECIFIED.,.F.,.F.,
  (2,2),(-0.10909659937,-2.22044604925E-16),.PIECEWISE_BEZIER_KNOTS.);
#363 = CARTESIAN_POINT('',(6.19995,-1.101680916309,4.863277293497));
#364 = CARTESIAN_POINT('',(6.19995,-0.992584316939,4.863277293497));
#365 = ORIENTED_EDGE('',*,*,#366,.F.);
#366 = EDGE_CURVE('',#367,#360,#369,.T.);
#367 = VERTEX_POINT('',#368);
#368 = CARTESIAN_POINT('',(6.19995,-1.101680916309,4.760653187157));
#369 = B_SPLINE_CURVE_WITH_KNOTS('',1,(#370,#371),.UNSPECIFIED.,.F.,.F.,
  (2,2),(-0.10262410634,9.383418833422E-31),.PIECEWISE_BEZIER_KNOTS.);
#370 = CARTESIAN_POINT('',(6.19995,-1.101680916309,4.760653187157));
#371 = CARTESIAN_POINT('',(6.19995,-1.101680916309,4.863277293497));
#372 = ORIENTED_EDGE('',*,*,#373,.F.);
#373 = EDGE_CURVE('',#297,#367,#374,.T.);
#374 = B_SPLINE_CURVE_WITH_KNOTS('',1,(#375,#376),.UNSPECIFIED.,.F.,.F.,
  (2,2),(-0.124692968115,2.22044604925E-16),.PIECEWISE_BEZIER_KNOTS.);
#375 = CARTESIAN_POINT('',(6.19995,-0.976987948194,4.760653187157));
#376 = CARTESIAN_POINT('',(6.19995,-1.101680916309,4.760653187157));
#377 = FACE_BOUND('',#378,.T.);
#378 = EDGE_LOOP('',(#379,#390,#399,#408,#417,#426,#435,#442,#451,#460,
    #469,#478,#487,#496));
#379 = ORIENTED_EDGE('',*,*,#380,.F.);
#380 = EDGE_CURVE('',#381,#383,#385,.T.);
#381 = VERTEX_POINT('',#382);
#382 = CARTESIAN_POINT('',(6.19995,-0.823753625277,5.204681805319));
#383 = VERTEX_POINT('',#384);
#384 = CARTESIAN_POINT('',(6.19995,-0.739299288524,5.222461665689));
#385 = B_SPLINE_CURVE_WITH_KNOTS('',3,(#386,#387,#388,#389),
  .UNSPECIFIED.,.F.,.F.,(4,4),(0.,1.),.PIECEWISE_BEZIER_KNOTS.);
#386 = CARTESIAN_POINT('',(6.19995,-0.823753625277,5.204681805319));
#387 = CARTESIAN_POINT('',(6.19995,-0.789909505101,5.204681805319));
#388 = CARTESIAN_POINT('',(6.19995,-0.761758059516,5.210608425442));
#389 = CARTESIAN_POINT('',(6.19995,-0.739299288524,5.222461665689));
#390 = ORIENTED_EDGE('',*,*,#391,.F.);
#391 = EDGE_CURVE('',#392,#381,#394,.T.);
#392 = VERTEX_POINT('',#393);
#393 = CARTESIAN_POINT('',(6.19995,-0.928561223242,5.246324109868));
#394 = B_SPLINE_CURVE_WITH_KNOTS('',3,(#395,#396,#397,#398),
  .UNSPECIFIED.,.F.,.F.,(4,4),(1.,2.),.PIECEWISE_BEZIER_KNOTS.);
#395 = CARTESIAN_POINT('',(6.19995,-0.928561223242,5.246324109868));
#396 = CARTESIAN_POINT('',(6.19995,-0.902437305594,5.218562573503));
#397 = CARTESIAN_POINT('',(6.19995,-0.867501439606,5.204681805319));
#398 = CARTESIAN_POINT('',(6.19995,-0.823753625277,5.204681805319));
#399 = ORIENTED_EDGE('',*,*,#400,.F.);
#400 = EDGE_CURVE('',#401,#392,#403,.T.);
#401 = VERTEX_POINT('',#402);
#402 = CARTESIAN_POINT('',(6.19995,-0.967708108791,5.356590436892));
#403 = B_SPLINE_CURVE_WITH_KNOTS('',3,(#404,#405,#406,#407),
  .UNSPECIFIED.,.F.,.F.,(4,4),(2.,3.),.PIECEWISE_BEZIER_KNOTS.);
#404 = CARTESIAN_POINT('',(6.19995,-0.967708108791,5.356590436892));
#405 = CARTESIAN_POINT('',(6.19995,-0.967708108791,5.31089307647));
#406 = CARTESIAN_POINT('',(6.19995,-0.95468514089,5.274085646233));
#407 = CARTESIAN_POINT('',(6.19995,-0.928561223242,5.246324109868));
#408 = ORIENTED_EDGE('',*,*,#409,.F.);
#409 = EDGE_CURVE('',#410,#401,#412,.T.);
#410 = VERTEX_POINT('',#411);
#411 = CARTESIAN_POINT('',(6.19995,-0.923648367088,5.475122839353));
#412 = B_SPLINE_CURVE_WITH_KNOTS('',3,(#413,#414,#415,#416),
  .UNSPECIFIED.,.F.,.F.,(4,4),(3.,4.),.PIECEWISE_BEZIER_KNOTS.);
#413 = CARTESIAN_POINT('',(6.19995,-0.923648367088,5.475122839353));
#414 = CARTESIAN_POINT('',(6.19995,-0.953047522171,5.445177811364));
#415 = CARTESIAN_POINT('',(6.19995,-0.967708108791,5.405718998439));
#416 = CARTESIAN_POINT('',(6.19995,-0.967708108791,5.356590436892));
#417 = ORIENTED_EDGE('',*,*,#418,.F.);
#418 = EDGE_CURVE('',#419,#410,#421,.T.);
#419 = VERTEX_POINT('',#420);
#420 = CARTESIAN_POINT('',(6.19995,-0.811588457656,5.520040381338));
#421 = B_SPLINE_CURVE_WITH_KNOTS('',3,(#422,#423,#424,#425),
  .UNSPECIFIED.,.F.,.F.,(4,4),(4.,5.),.PIECEWISE_BEZIER_KNOTS.);
#422 = CARTESIAN_POINT('',(6.19995,-0.811588457656,5.520040381338));
#423 = CARTESIAN_POINT('',(6.19995,-0.856895908859,5.520040381338));
#424 = CARTESIAN_POINT('',(6.19995,-0.894249212003,5.505067867344));
#425 = CARTESIAN_POINT('',(6.19995,-0.923648367088,5.475122839353));
#426 = ORIENTED_EDGE('',*,*,#427,.F.);
#427 = EDGE_CURVE('',#428,#419,#430,.T.);
#428 = VERTEX_POINT('',#429);
#429 = CARTESIAN_POINT('',(6.19995,-0.739299288524,5.507563286342));
#430 = B_SPLINE_CURVE_WITH_KNOTS('',3,(#431,#432,#433,#434),
  .UNSPECIFIED.,.F.,.F.,(4,4),(5.,6.),.PIECEWISE_BEZIER_KNOTS.);
#431 = CARTESIAN_POINT('',(6.19995,-0.739299288524,5.507563286342));
#432 = CARTESIAN_POINT('',(6.19995,-0.758326858392,5.515829361778));
#433 = CARTESIAN_POINT('',(6.19995,-0.782423248104,5.520040381338));
#434 = CARTESIAN_POINT('',(6.19995,-0.811588457656,5.520040381338));
#435 = ORIENTED_EDGE('',*,*,#436,.F.);
#436 = EDGE_CURVE('',#437,#428,#439,.T.);
#437 = VERTEX_POINT('',#438);
#438 = CARTESIAN_POINT('',(6.19995,-0.739299288524,5.466388872857));
#439 = B_SPLINE_CURVE_WITH_KNOTS('',1,(#440,#441),.UNSPECIFIED.,.F.,.F.,
  (2,2),(-4.117441348498E-02,0.),.PIECEWISE_BEZIER_KNOTS.);
#440 = CARTESIAN_POINT('',(6.19995,-0.739299288524,5.466388872857));
#441 = CARTESIAN_POINT('',(6.19995,-0.739299288524,5.507563286342));
#442 = ORIENTED_EDGE('',*,*,#443,.F.);
#443 = EDGE_CURVE('',#444,#437,#446,.T.);
#444 = VERTEX_POINT('',#445);
#445 = CARTESIAN_POINT('',(6.19995,-0.811198548437,5.484480660599));
#446 = B_SPLINE_CURVE_WITH_KNOTS('',3,(#447,#448,#449,#450),
  .UNSPECIFIED.,.F.,.F.,(4,4),(7.,8.),.PIECEWISE_BEZIER_KNOTS.);
#447 = CARTESIAN_POINT('',(6.19995,-0.811198548437,5.484480660599));
#448 = CARTESIAN_POINT('',(6.19995,-0.78507463079,5.484480660599));
#449 = CARTESIAN_POINT('',(6.19995,-0.761134204766,5.478554040477));
#450 = CARTESIAN_POINT('',(6.19995,-0.739299288524,5.466388872857));
#451 = ORIENTED_EDGE('',*,*,#452,.F.);
#452 = EDGE_CURVE('',#453,#444,#455,.T.);
#453 = VERTEX_POINT('',#454);
#454 = CARTESIAN_POINT('',(6.19995,-0.894327193847,5.450636540424));
#455 = B_SPLINE_CURVE_WITH_KNOTS('',3,(#456,#457,#458,#459),
  .UNSPECIFIED.,.F.,.F.,(4,4),(8.,9.),.PIECEWISE_BEZIER_KNOTS.);
#456 = CARTESIAN_POINT('',(6.19995,-0.894327193847,5.450636540424));
#457 = CARTESIAN_POINT('',(6.19995,-0.872882186823,5.473251275103));
#458 = CARTESIAN_POINT('',(6.19995,-0.8451986323,5.484480660599));
#459 = CARTESIAN_POINT('',(6.19995,-0.811198548437,5.484480660599));
#460 = ORIENTED_EDGE('',*,*,#461,.F.);
#461 = EDGE_CURVE('',#462,#453,#464,.T.);
#462 = VERTEX_POINT('',#463);
#463 = CARTESIAN_POINT('',(6.19995,-0.926377731617,5.358929892206));
#464 = B_SPLINE_CURVE_WITH_KNOTS('',3,(#465,#466,#467,#468),
  .UNSPECIFIED.,.F.,.F.,(4,4),(9.,10.),.PIECEWISE_BEZIER_KNOTS.);
#465 = CARTESIAN_POINT('',(6.19995,-0.926377731617,5.358929892206));
#466 = CARTESIAN_POINT('',(6.19995,-0.926377731617,5.397296959318));
#467 = CARTESIAN_POINT('',(6.19995,-0.915694219027,5.427865842056));
#468 = CARTESIAN_POINT('',(6.19995,-0.894327193847,5.450636540424));
#469 = ORIENTED_EDGE('',*,*,#470,.F.);
#470 = EDGE_CURVE('',#471,#462,#473,.T.);
#471 = VERTEX_POINT('',#472);
#472 = CARTESIAN_POINT('',(6.19995,-0.896432703628,5.271902154609));
#473 = B_SPLINE_CURVE_WITH_KNOTS('',3,(#474,#475,#476,#477),
  .UNSPECIFIED.,.F.,.F.,(4,4),(10.,11.),.PIECEWISE_BEZIER_KNOTS.);
#474 = CARTESIAN_POINT('',(6.19995,-0.896432703628,5.271902154609));
#475 = CARTESIAN_POINT('',(6.19995,-0.916396055621,5.293425143477));
#476 = CARTESIAN_POINT('',(6.19995,-0.926377731617,5.322434389343));
#477 = CARTESIAN_POINT('',(6.19995,-0.926377731617,5.358929892206));
#478 = ORIENTED_EDGE('',*,*,#479,.F.);
#479 = EDGE_CURVE('',#480,#471,#482,.T.);
#480 = VERTEX_POINT('',#481);
#481 = CARTESIAN_POINT('',(6.19995,-0.818060950685,5.239773634994));
#482 = B_SPLINE_CURVE_WITH_KNOTS('',3,(#483,#484,#485,#486),
  .UNSPECIFIED.,.F.,.F.,(4,4),(11.,12.),.PIECEWISE_BEZIER_KNOTS.);
#483 = CARTESIAN_POINT('',(6.19995,-0.818060950685,5.239773634994));
#484 = CARTESIAN_POINT('',(6.19995,-0.850345433987,5.239773634994));
#485 = CARTESIAN_POINT('',(6.19995,-0.876469351634,5.250535129428));
#486 = CARTESIAN_POINT('',(6.19995,-0.896432703628,5.271902154609));
#487 = ORIENTED_EDGE('',*,*,#488,.F.);
#488 = EDGE_CURVE('',#489,#480,#491,.T.);
#489 = VERTEX_POINT('',#490);
#490 = CARTESIAN_POINT('',(6.19995,-0.739299288524,5.260204878052));
#491 = B_SPLINE_CURVE_WITH_KNOTS('',3,(#492,#493,#494,#495),
  .UNSPECIFIED.,.F.,.F.,(4,4),(12.,13.),.PIECEWISE_BEZIER_KNOTS.);
#492 = CARTESIAN_POINT('',(6.19995,-0.739299288524,5.260204878052));
#493 = CARTESIAN_POINT('',(6.19995,-0.761602095829,5.246636037242));
#494 = CARTESIAN_POINT('',(6.19995,-0.787881977164,5.239773634994));
#495 = CARTESIAN_POINT('',(6.19995,-0.818060950685,5.239773634994));
#496 = ORIENTED_EDGE('',*,*,#497,.F.);
#497 = EDGE_CURVE('',#383,#489,#498,.T.);
#498 = B_SPLINE_CURVE_WITH_KNOTS('',1,(#499,#500),.UNSPECIFIED.,.F.,.F.,
  (2,2),(-3.774321236296E-02,-2.22044604925E-16),
  .PIECEWISE_BEZIER_KNOTS.);
#499 = CARTESIAN_POINT('',(6.19995,-0.739299288524,5.222461665689));
#500 = CARTESIAN_POINT('',(6.19995,-0.739299288524,5.260204878052));
#501 = FACE_BOUND('',#502,.T.);
#502 = EDGE_LOOP('',(#503,#512,#519,#526,#533,#540,#547,#555,#562,#569,
    #576));
#503 = ORIENTED_EDGE('',*,*,#504,.F.);
#504 = EDGE_CURVE('',#505,#507,#509,.T.);
#505 = VERTEX_POINT('',#506);
#506 = CARTESIAN_POINT('',(6.19995,5.75,6.4500001));
#507 = VERTEX_POINT('',#508);
#508 = CARTESIAN_POINT('',(6.19995,5.75,3.4000001));
#509 = B_SPLINE_CURVE_WITH_KNOTS('',1,(#510,#511),.UNSPECIFIED.,.F.,.F.,
  (2,2),(3.05,6.1),.PIECEWISE_BEZIER_KNOTS.);
#510 = CARTESIAN_POINT('',(6.19995,5.75,6.4500001));
#511 = CARTESIAN_POINT('',(6.19995,5.75,3.4000001));
#512 = ORIENTED_EDGE('',*,*,#513,.F.);
#513 = EDGE_CURVE('',#514,#505,#516,.T.);
#514 = VERTEX_POINT('',#515);
#515 = CARTESIAN_POINT('',(6.19995,1.25,8.5000001));
#516 = B_SPLINE_CURVE_WITH_KNOTS('',1,(#517,#518),.UNSPECIFIED.,.F.,.F.,
  (2,2),(-4.944946915792,0.),.PIECEWISE_BEZIER_KNOTS.);
#517 = CARTESIAN_POINT('',(6.19995,1.25,8.5000001));
#518 = CARTESIAN_POINT('',(6.19995,5.75,6.4500001));
#519 = ORIENTED_EDGE('',*,*,#520,.F.);
#520 = EDGE_CURVE('',#521,#514,#523,.T.);
#521 = VERTEX_POINT('',#522);
#522 = CARTESIAN_POINT('',(6.19995,1.25,9.5000001));
#523 = B_SPLINE_CURVE_WITH_KNOTS('',1,(#524,#525),.UNSPECIFIED.,.F.,.F.,
  (2,2),(-1.,-0.),.PIECEWISE_BEZIER_KNOTS.);
#524 = CARTESIAN_POINT('',(6.19995,1.25,9.5000001));
#525 = CARTESIAN_POINT('',(6.19995,1.25,8.5000001));
#526 = ORIENTED_EDGE('',*,*,#527,.F.);
#527 = EDGE_CURVE('',#528,#521,#530,.T.);
#528 = VERTEX_POINT('',#529);
#529 = CARTESIAN_POINT('',(6.19995,-5.75,9.5000001));
#530 = B_SPLINE_CURVE_WITH_KNOTS('',1,(#531,#532),.UNSPECIFIED.,.F.,.F.,
  (2,2),(0.,7.),.PIECEWISE_BEZIER_KNOTS.);
#531 = CARTESIAN_POINT('',(6.19995,-5.75,9.5000001));
#532 = CARTESIAN_POINT('',(6.19995,1.25,9.5000001));
#533 = ORIENTED_EDGE('',*,*,#534,.T.);
#534 = EDGE_CURVE('',#528,#535,#537,.T.);
#535 = VERTEX_POINT('',#536);
#536 = CARTESIAN_POINT('',(6.19995,-5.75,8.6500001));
#537 = B_SPLINE_CURVE_WITH_KNOTS('',1,(#538,#539),.UNSPECIFIED.,.F.,.F.,
  (2,2),(-0.,0.85),.PIECEWISE_BEZIER_KNOTS.);
#538 = CARTESIAN_POINT('',(6.19995,-5.75,9.5000001));
#539 = CARTESIAN_POINT('',(6.19995,-5.75,8.6500001));
#540 = ORIENTED_EDGE('',*,*,#541,.F.);
#541 = EDGE_CURVE('',#542,#535,#544,.T.);
#542 = VERTEX_POINT('',#543);
#543 = CARTESIAN_POINT('',(6.19995,-3.45,8.6500001));
#544 = B_SPLINE_CURVE_WITH_KNOTS('',1,(#545,#546),.UNSPECIFIED.,.F.,.F.,
  (2,2),(-2.3,-0.),.PIECEWISE_BEZIER_KNOTS.);
#545 = CARTESIAN_POINT('',(6.19995,-3.45,8.6500001));
#546 = CARTESIAN_POINT('',(6.19995,-5.75,8.6500001));
#547 = ORIENTED_EDGE('',*,*,#548,.F.);
#548 = EDGE_CURVE('',#549,#542,#551,.T.);
#549 = VERTEX_POINT('',#550);
#550 = CARTESIAN_POINT('',(6.19995,-2.65,7.8500001));
#551 = ( BOUNDED_CURVE() B_SPLINE_CURVE(2,(#552,#553,#554),
.UNSPECIFIED.,.F.,.F.) B_SPLINE_CURVE_WITH_KNOTS((3,3),(4.712388980385,
6.28318530718),.PIECEWISE_BEZIER_KNOTS.) CURVE() 
GEOMETRIC_REPRESENTATION_ITEM() RATIONAL_B_SPLINE_CURVE((1.,
0.707106781187,1.)) REPRESENTATION_ITEM('') );
#552 = CARTESIAN_POINT('',(6.19995,-2.65,7.8500001));
#553 = CARTESIAN_POINT('',(6.19995,-2.65,8.6500001));
#554 = CARTESIAN_POINT('',(6.19995,-3.45,8.6500001));
#555 = ORIENTED_EDGE('',*,*,#556,.F.);
#556 = EDGE_CURVE('',#557,#549,#559,.T.);
#557 = VERTEX_POINT('',#558);
#558 = CARTESIAN_POINT('',(6.19995,-2.65,7.7000001));
#559 = B_SPLINE_CURVE_WITH_KNOTS('',1,(#560,#561),.UNSPECIFIED.,.F.,.F.,
  (2,2),(-0.15,-1.283953296258E-30),.PIECEWISE_BEZIER_KNOTS.);
#560 = CARTESIAN_POINT('',(6.19995,-2.65,7.7000001));
#561 = CARTESIAN_POINT('',(6.19995,-2.65,7.8500001));
#562 = ORIENTED_EDGE('',*,*,#563,.F.);
#563 = EDGE_CURVE('',#564,#557,#566,.T.);
#564 = VERTEX_POINT('',#565);
#565 = CARTESIAN_POINT('',(6.19995,-5.75,7.7000001));
#566 = B_SPLINE_CURVE_WITH_KNOTS('',1,(#567,#568),.UNSPECIFIED.,.F.,.F.,
  (2,2),(-3.1,0.),.PIECEWISE_BEZIER_KNOTS.);
#567 = CARTESIAN_POINT('',(6.19995,-5.75,7.7000001));
#568 = CARTESIAN_POINT('',(6.19995,-2.65,7.7000001));
#569 = ORIENTED_EDGE('',*,*,#570,.T.);
#570 = EDGE_CURVE('',#564,#571,#573,.T.);
#571 = VERTEX_POINT('',#572);
#572 = CARTESIAN_POINT('',(6.19995,-5.75,3.4000001));
#573 = B_SPLINE_CURVE_WITH_KNOTS('',1,(#574,#575),.UNSPECIFIED.,.F.,.F.,
  (2,2),(1.8,6.1),.PIECEWISE_BEZIER_KNOTS.);
#574 = CARTESIAN_POINT('',(6.19995,-5.75,7.7000001));
#575 = CARTESIAN_POINT('',(6.19995,-5.75,3.4000001));
#576 = ORIENTED_EDGE('',*,*,#577,.T.);
#577 = EDGE_CURVE('',#571,#507,#578,.T.);
#578 = B_SPLINE_CURVE_WITH_KNOTS('',1,(#579,#580),.UNSPECIFIED.,.F.,.F.,
  (2,2),(0.,11.5),.PIECEWISE_BEZIER_KNOTS.);
#579 = CARTESIAN_POINT('',(6.19995,-5.75,3.4000001));
#580 = CARTESIAN_POINT('',(6.19995,5.75,3.4000001));
#581 = FACE_BOUND('',#582,.T.);
#582 = EDGE_LOOP('',(#583,#592,#599,#606,#613,#620));
#583 = ORIENTED_EDGE('',*,*,#584,.F.);
#584 = EDGE_CURVE('',#585,#587,#589,.T.);
#585 = VERTEX_POINT('',#586);
#586 = CARTESIAN_POINT('',(6.19995,-0.980185203786,5.209828607005));
#587 = VERTEX_POINT('',#588);
#588 = CARTESIAN_POINT('',(6.19995,-0.980185203786,5.244608509306));
#589 = B_SPLINE_CURVE_WITH_KNOTS('',1,(#590,#591),.UNSPECIFIED.,.F.,.F.,
  (2,2),(-3.477990230068E-02,0.),.PIECEWISE_BEZIER_KNOTS.);
#590 = CARTESIAN_POINT('',(6.19995,-0.980185203786,5.209828607005));
#591 = CARTESIAN_POINT('',(6.19995,-0.980185203786,5.244608509306));
#592 = ORIENTED_EDGE('',*,*,#593,.F.);
#593 = EDGE_CURVE('',#594,#585,#596,.T.);
#594 = VERTEX_POINT('',#595);
#595 = CARTESIAN_POINT('',(6.19995,-1.141061747389,5.209828607005));
#596 = B_SPLINE_CURVE_WITH_KNOTS('',1,(#597,#598),.UNSPECIFIED.,.F.,.F.,
  (2,2),(-0.160876543603,0.),.PIECEWISE_BEZIER_KNOTS.);
#597 = CARTESIAN_POINT('',(6.19995,-1.141061747389,5.209828607005));
#598 = CARTESIAN_POINT('',(6.19995,-0.980185203786,5.209828607005));
#599 = ORIENTED_EDGE('',*,*,#600,.F.);
#600 = EDGE_CURVE('',#601,#594,#603,.T.);
#601 = VERTEX_POINT('',#602);
#602 = CARTESIAN_POINT('',(6.19995,-1.141061747389,5.514893579652));
#603 = B_SPLINE_CURVE_WITH_KNOTS('',1,(#604,#605),.UNSPECIFIED.,.F.,.F.,
  (2,2),(-0.305064972647,2.22044604925E-16),.PIECEWISE_BEZIER_KNOTS.);
#604 = CARTESIAN_POINT('',(6.19995,-1.141061747389,5.514893579652));
#605 = CARTESIAN_POINT('',(6.19995,-1.141061747389,5.209828607005));
#606 = ORIENTED_EDGE('',*,*,#607,.F.);
#607 = EDGE_CURVE('',#608,#601,#610,.T.);
#608 = VERTEX_POINT('',#609);
#609 = CARTESIAN_POINT('',(6.19995,-1.101680916309,5.514893579652));
#610 = B_SPLINE_CURVE_WITH_KNOTS('',1,(#611,#612),.UNSPECIFIED.,.F.,.F.,
  (2,2),(-3.938083108034E-02,4.440892098501E-16),
  .PIECEWISE_BEZIER_KNOTS.);
#611 = CARTESIAN_POINT('',(6.19995,-1.101680916309,5.514893579652));
#612 = CARTESIAN_POINT('',(6.19995,-1.141061747389,5.514893579652));
#613 = ORIENTED_EDGE('',*,*,#614,.F.);
#614 = EDGE_CURVE('',#615,#608,#617,.T.);
#615 = VERTEX_POINT('',#616);
#616 = CARTESIAN_POINT('',(6.19995,-1.101680916309,5.244608509306));
#617 = B_SPLINE_CURVE_WITH_KNOTS('',1,(#618,#619),.UNSPECIFIED.,.F.,.F.,
  (2,2),(-0.270285070346,4.440892098501E-16),.PIECEWISE_BEZIER_KNOTS.);
#618 = CARTESIAN_POINT('',(6.19995,-1.101680916309,5.244608509306));
#619 = CARTESIAN_POINT('',(6.19995,-1.101680916309,5.514893579652));
#620 = ORIENTED_EDGE('',*,*,#621,.F.);
#621 = EDGE_CURVE('',#587,#615,#622,.T.);
#622 = B_SPLINE_CURVE_WITH_KNOTS('',1,(#623,#624),.UNSPECIFIED.,.F.,.F.,
  (2,2),(-0.121495712522,2.22044604925E-16),.PIECEWISE_BEZIER_KNOTS.);
#623 = CARTESIAN_POINT('',(6.19995,-0.980185203786,5.244608509306));
#624 = CARTESIAN_POINT('',(6.19995,-1.101680916309,5.244608509306));
#625 = FACE_BOUND('',#626,.T.);
#626 = EDGE_LOOP('',(#627,#636,#643,#650,#657,#664,#671,#678,#685,#692,
    #699,#706));
#627 = ORIENTED_EDGE('',*,*,#628,.F.);
#628 = EDGE_CURVE('',#629,#631,#633,.T.);
#629 = VERTEX_POINT('',#630);
#630 = CARTESIAN_POINT('',(6.19995,-0.514165705694,5.209828607005));
#631 = VERTEX_POINT('',#632);
#632 = CARTESIAN_POINT('',(6.19995,-0.514165705694,5.244608509306));
#633 = B_SPLINE_CURVE_WITH_KNOTS('',1,(#634,#635),.UNSPECIFIED.,.F.,.F.,
  (2,2),(-3.477990230068E-02,0.),.PIECEWISE_BEZIER_KNOTS.);
#634 = CARTESIAN_POINT('',(6.19995,-0.514165705694,5.209828607005));
#635 = CARTESIAN_POINT('',(6.19995,-0.514165705694,5.244608509306));
#636 = ORIENTED_EDGE('',*,*,#637,.F.);
#637 = EDGE_CURVE('',#638,#629,#640,.T.);
#638 = VERTEX_POINT('',#639);
#639 = CARTESIAN_POINT('',(6.19995,-0.678239504888,5.209828607005));
#640 = B_SPLINE_CURVE_WITH_KNOTS('',1,(#641,#642),.UNSPECIFIED.,.F.,.F.,
  (2,2),(-0.164073799194,0.),.PIECEWISE_BEZIER_KNOTS.);
#641 = CARTESIAN_POINT('',(6.19995,-0.678239504888,5.209828607005));
#642 = CARTESIAN_POINT('',(6.19995,-0.514165705694,5.209828607005));
#643 = ORIENTED_EDGE('',*,*,#644,.F.);
#644 = EDGE_CURVE('',#645,#638,#647,.T.);
#645 = VERTEX_POINT('',#646);
#646 = CARTESIAN_POINT('',(6.19995,-0.678239504888,5.514893579652));
#647 = B_SPLINE_CURVE_WITH_KNOTS('',1,(#648,#649),.UNSPECIFIED.,.F.,.F.,
  (2,2),(-0.305064972647,-2.22044604925E-16),.PIECEWISE_BEZIER_KNOTS.);
#648 = CARTESIAN_POINT('',(6.19995,-0.678239504888,5.514893579652));
#649 = CARTESIAN_POINT('',(6.19995,-0.678239504888,5.209828607005));
#650 = ORIENTED_EDGE('',*,*,#651,.F.);
#651 = EDGE_CURVE('',#652,#645,#654,.T.);
#652 = VERTEX_POINT('',#653);
#653 = CARTESIAN_POINT('',(6.19995,-0.521106089785,5.514893579652));
#654 = B_SPLINE_CURVE_WITH_KNOTS('',1,(#655,#656),.UNSPECIFIED.,.F.,.F.,
  (2,2),(-0.157133415103,3.330669073875E-16),.PIECEWISE_BEZIER_KNOTS.);
#655 = CARTESIAN_POINT('',(6.19995,-0.521106089785,5.514893579652));
#656 = CARTESIAN_POINT('',(6.19995,-0.678239504888,5.514893579652));
#657 = ORIENTED_EDGE('',*,*,#658,.F.);
#658 = EDGE_CURVE('',#659,#652,#661,.T.);
#659 = VERTEX_POINT('',#660);
#660 = CARTESIAN_POINT('',(6.19995,-0.521106089785,5.479801749977));
#661 = B_SPLINE_CURVE_WITH_KNOTS('',1,(#662,#663),.UNSPECIFIED.,.F.,.F.,
  (2,2),(-3.509182967522E-02,4.440892098501E-16),
  .PIECEWISE_BEZIER_KNOTS.);
#662 = CARTESIAN_POINT('',(6.19995,-0.521106089785,5.479801749977));
#663 = CARTESIAN_POINT('',(6.19995,-0.521106089785,5.514893579652));
#664 = ORIENTED_EDGE('',*,*,#665,.F.);
#665 = EDGE_CURVE('',#666,#659,#668,.T.);
#666 = VERTEX_POINT('',#667);
#667 = CARTESIAN_POINT('',(6.19995,-0.638858673808,5.479801749977));
#668 = B_SPLINE_CURVE_WITH_KNOTS('',1,(#669,#670),.UNSPECIFIED.,.F.,.F.,
  (2,2),(-0.117752584023,3.330669073875E-16),.PIECEWISE_BEZIER_KNOTS.);
#669 = CARTESIAN_POINT('',(6.19995,-0.638858673808,5.479801749977));
#670 = CARTESIAN_POINT('',(6.19995,-0.521106089785,5.479801749977));
#671 = ORIENTED_EDGE('',*,*,#672,.F.);
#672 = EDGE_CURVE('',#673,#666,#675,.T.);
#673 = VERTEX_POINT('',#674);
#674 = CARTESIAN_POINT('',(6.19995,-0.638858673808,5.382168481634));
#675 = B_SPLINE_CURVE_WITH_KNOTS('',1,(#676,#677),.UNSPECIFIED.,.F.,.F.,
  (2,2),(-9.763326834319E-02,4.440892098501E-16),
  .PIECEWISE_BEZIER_KNOTS.);
#676 = CARTESIAN_POINT('',(6.19995,-0.638858673807,5.382168481634));
#677 = CARTESIAN_POINT('',(6.19995,-0.638858673807,5.479801749977));
#678 = ORIENTED_EDGE('',*,*,#679,.F.);
#679 = EDGE_CURVE('',#680,#673,#682,.T.);
#680 = VERTEX_POINT('',#681);
#681 = CARTESIAN_POINT('',(6.19995,-0.529762074439,5.382168481634));
#682 = B_SPLINE_CURVE_WITH_KNOTS('',1,(#683,#684),.UNSPECIFIED.,.F.,.F.,
  (2,2),(-0.109096599369,6.661338147751E-16),.PIECEWISE_BEZIER_KNOTS.);
#683 = CARTESIAN_POINT('',(6.19995,-0.529762074439,5.382168481634));
#684 = CARTESIAN_POINT('',(6.19995,-0.638858673808,5.382168481634));
#685 = ORIENTED_EDGE('',*,*,#686,.F.);
#686 = EDGE_CURVE('',#687,#680,#689,.T.);
#687 = VERTEX_POINT('',#688);
#688 = CARTESIAN_POINT('',(6.19995,-0.529762074439,5.347232615646));
#689 = B_SPLINE_CURVE_WITH_KNOTS('',1,(#690,#691),.UNSPECIFIED.,.F.,.F.,
  (2,2),(-3.493586598795E-02,0.),.PIECEWISE_BEZIER_KNOTS.);
#690 = CARTESIAN_POINT('',(6.19995,-0.529762074439,5.347232615646));
#691 = CARTESIAN_POINT('',(6.19995,-0.529762074439,5.382168481634));
#692 = ORIENTED_EDGE('',*,*,#693,.F.);
#693 = EDGE_CURVE('',#694,#687,#696,.T.);
#694 = VERTEX_POINT('',#695);
#695 = CARTESIAN_POINT('',(6.19995,-0.638858673807,5.347232615646));
#696 = B_SPLINE_CURVE_WITH_KNOTS('',1,(#697,#698),.UNSPECIFIED.,.F.,.F.,
  (2,2),(-0.109096599369,-1.76534370047E-30),.PIECEWISE_BEZIER_KNOTS.);
#697 = CARTESIAN_POINT('',(6.19995,-0.638858673807,5.347232615646));
#698 = CARTESIAN_POINT('',(6.19995,-0.529762074439,5.347232615646));
#699 = ORIENTED_EDGE('',*,*,#700,.F.);
#700 = EDGE_CURVE('',#701,#694,#703,.T.);
#701 = VERTEX_POINT('',#702);
#702 = CARTESIAN_POINT('',(6.19995,-0.638858673807,5.244608509306));
#703 = B_SPLINE_CURVE_WITH_KNOTS('',1,(#704,#705),.UNSPECIFIED.,.F.,.F.,
  (2,2),(-0.10262410634,4.440892098501E-16),.PIECEWISE_BEZIER_KNOTS.);
#704 = CARTESIAN_POINT('',(6.19995,-0.638858673807,5.244608509306));
#705 = CARTESIAN_POINT('',(6.19995,-0.638858673807,5.347232615646));
#706 = ORIENTED_EDGE('',*,*,#707,.F.);
#707 = EDGE_CURVE('',#631,#701,#708,.T.);
#708 = B_SPLINE_CURVE_WITH_KNOTS('',1,(#709,#710),.UNSPECIFIED.,.F.,.F.,
  (2,2),(-0.124692968114,-2.22044604925E-16),.PIECEWISE_BEZIER_KNOTS.);
#709 = CARTESIAN_POINT('',(6.19995,-0.514165705694,5.244608509306));
#710 = CARTESIAN_POINT('',(6.19995,-0.638858673807,5.244608509306));
#711 = FACE_BOUND('',#712,.T.);
#712 = EDGE_LOOP('',(#713,#722,#729,#736,#745,#754,#763));
#713 = ORIENTED_EDGE('',*,*,#714,.F.);
#714 = EDGE_CURVE('',#715,#717,#719,.T.);
#715 = VERTEX_POINT('',#716);
#716 = CARTESIAN_POINT('',(6.19995,-0.456537123181,5.209828607005));
#717 = VERTEX_POINT('',#718);
#718 = CARTESIAN_POINT('',(6.19995,-0.372628659334,5.209828607005));
#719 = B_SPLINE_CURVE_WITH_KNOTS('',1,(#720,#721),.UNSPECIFIED.,.F.,.F.,
  (2,2),(-8.390846384681E-02,2.22044604925E-16),
  .PIECEWISE_BEZIER_KNOTS.);
#720 = CARTESIAN_POINT('',(6.19995,-0.456537123181,5.209828607005));
#721 = CARTESIAN_POINT('',(6.19995,-0.372628659334,5.209828607005));
#722 = ORIENTED_EDGE('',*,*,#723,.F.);
#723 = EDGE_CURVE('',#724,#715,#726,.T.);
#724 = VERTEX_POINT('',#725);
#725 = CARTESIAN_POINT('',(6.19995,-0.456537123181,5.514893579652));
#726 = B_SPLINE_CURVE_WITH_KNOTS('',1,(#727,#728),.UNSPECIFIED.,.F.,.F.,
  (2,2),(-0.305064972647,0.),.PIECEWISE_BEZIER_KNOTS.);
#727 = CARTESIAN_POINT('',(6.19995,-0.456537123181,5.514893579652));
#728 = CARTESIAN_POINT('',(6.19995,-0.456537123181,5.209828607005));
#729 = ORIENTED_EDGE('',*,*,#730,.F.);
#730 = EDGE_CURVE('',#731,#724,#733,.T.);
#731 = VERTEX_POINT('',#732);
#732 = CARTESIAN_POINT('',(6.19995,-0.369509385585,5.514893579652));
#733 = B_SPLINE_CURVE_WITH_KNOTS('',1,(#734,#735),.UNSPECIFIED.,.F.,.F.,
  (2,2),(-8.702773759636E-02,-4.440892098501E-16),
  .PIECEWISE_BEZIER_KNOTS.);
#734 = CARTESIAN_POINT('',(6.19995,-0.369509385585,5.514893579652));
#735 = CARTESIAN_POINT('',(6.19995,-0.456537123181,5.514893579652));
#736 = ORIENTED_EDGE('',*,*,#737,.F.);
#737 = EDGE_CURVE('',#738,#731,#740,.T.);
#738 = VERTEX_POINT('',#739);
#739 = CARTESIAN_POINT('',(6.19995,-0.254174238718,5.474498984604));
#740 = B_SPLINE_CURVE_WITH_KNOTS('',3,(#741,#742,#743,#744),
  .UNSPECIFIED.,.F.,.F.,(4,4),(2.,3.),.PIECEWISE_BEZIER_KNOTS.);
#741 = CARTESIAN_POINT('',(6.19995,-0.254174238718,5.474498984604));
#742 = CARTESIAN_POINT('',(6.19995,-0.284821103302,5.501480702532));
#743 = CARTESIAN_POINT('',(6.19995,-0.323266152257,5.514893579652));
#744 = CARTESIAN_POINT('',(6.19995,-0.369509385585,5.514893579652));
#745 = ORIENTED_EDGE('',*,*,#746,.F.);
#746 = EDGE_CURVE('',#747,#738,#749,.T.);
#747 = VERTEX_POINT('',#748);
#748 = CARTESIAN_POINT('',(6.19995,-0.208164950921,5.366260185516));
#749 = B_SPLINE_CURVE_WITH_KNOTS('',3,(#750,#751,#752,#753),
  .UNSPECIFIED.,.F.,.F.,(4,4),(3.,4.),.PIECEWISE_BEZIER_KNOTS.);
#750 = CARTESIAN_POINT('',(6.19995,-0.208164950921,5.366260185516));
#751 = CARTESIAN_POINT('',(6.19995,-0.208164950921,5.411489654874));
#752 = CARTESIAN_POINT('',(6.19995,-0.223527374134,5.447517266675));
#753 = CARTESIAN_POINT('',(6.19995,-0.254174238718,5.474498984604));
#754 = ORIENTED_EDGE('',*,*,#755,.F.);
#755 = EDGE_CURVE('',#756,#747,#758,.T.);
#756 = VERTEX_POINT('',#757);
#757 = CARTESIAN_POINT('',(6.19995,-0.254174238718,5.252562657365));
#758 = B_SPLINE_CURVE_WITH_KNOTS('',3,(#759,#760,#761,#762),
  .UNSPECIFIED.,.F.,.F.,(4,4),(4.,5.),.PIECEWISE_BEZIER_KNOTS.);
#759 = CARTESIAN_POINT('',(6.19995,-0.254174238718,5.252562657365));
#760 = CARTESIAN_POINT('',(6.19995,-0.223527374134,5.281104012169));
#761 = CARTESIAN_POINT('',(6.19995,-0.208164950921,5.319003188219));
#762 = CARTESIAN_POINT('',(6.19995,-0.208164950921,5.366260185516));
#763 = ORIENTED_EDGE('',*,*,#764,.F.);
#764 = EDGE_CURVE('',#717,#756,#765,.T.);
#765 = B_SPLINE_CURVE_WITH_KNOTS('',3,(#766,#767,#768,#769),
  .UNSPECIFIED.,.F.,.F.,(4,4),(5.,6.),.PIECEWISE_BEZIER_KNOTS.);
#766 = CARTESIAN_POINT('',(6.19995,-0.372628659334,5.209828607005));
#767 = CARTESIAN_POINT('',(6.19995,-0.32435789807,5.209828607005));
#768 = CARTESIAN_POINT('',(6.19995,-0.284821103302,5.224021302563));
#769 = CARTESIAN_POINT('',(6.19995,-0.254174238718,5.252562657365));
#770 = FACE_BOUND('',#771,.T.);
#771 = EDGE_LOOP('',(#772,#781,#788,#795,#802,#809,#816,#823));
#772 = ORIENTED_EDGE('',*,*,#773,.F.);
#773 = EDGE_CURVE('',#774,#776,#778,.T.);
#774 = VERTEX_POINT('',#775);
#775 = CARTESIAN_POINT('',(6.19995,8.325319907515E-02,5.209828607005));
#776 = VERTEX_POINT('',#777);
#777 = CARTESIAN_POINT('',(6.19995,-3.293974807394E-02,5.514893579652));
#778 = B_SPLINE_CURVE_WITH_KNOTS('',1,(#779,#780),.UNSPECIFIED.,.F.,.F.,
  (2,2),(-0.326443622243,6.768843905381E-16),.PIECEWISE_BEZIER_KNOTS.);
#779 = CARTESIAN_POINT('',(6.19995,8.325319907515E-02,5.209828607005));
#780 = CARTESIAN_POINT('',(6.19995,-3.293974807394E-02,5.514893579652));
#781 = ORIENTED_EDGE('',*,*,#782,.F.);
#782 = EDGE_CURVE('',#783,#774,#785,.T.);
#783 = VERTEX_POINT('',#784);
#784 = CARTESIAN_POINT('',(6.19995,3.973933027697E-02,5.209828607005));
#785 = B_SPLINE_CURVE_WITH_KNOTS('',1,(#786,#787),.UNSPECIFIED.,.F.,.F.,
  (2,2),(-4.351386879818E-02,0.),.PIECEWISE_BEZIER_KNOTS.);
#786 = CARTESIAN_POINT('',(6.19995,3.973933027697E-02,5.209828607005));
#787 = CARTESIAN_POINT('',(6.19995,8.325319907515E-02,5.209828607005));
#788 = ORIENTED_EDGE('',*,*,#789,.F.);
#789 = EDGE_CURVE('',#790,#783,#792,.T.);
#790 = VERTEX_POINT('',#791);
#791 = CARTESIAN_POINT('',(6.19995,8.624574631294E-03,5.29326917979));
#792 = B_SPLINE_CURVE_WITH_KNOTS('',1,(#793,#794),.UNSPECIFIED.,.F.,.F.,
  (2,2),(-8.905311451925E-02,0.),.PIECEWISE_BEZIER_KNOTS.);
#793 = CARTESIAN_POINT('',(6.19995,8.624574631294E-03,5.29326917979));
#794 = CARTESIAN_POINT('',(6.19995,3.973933027697E-02,5.209828607005));
#795 = ORIENTED_EDGE('',*,*,#796,.F.);
#796 = EDGE_CURVE('',#797,#790,#799,.T.);
#797 = VERTEX_POINT('',#798);
#798 = CARTESIAN_POINT('',(6.19995,-0.118407848796,5.29326917979));
#799 = B_SPLINE_CURVE_WITH_KNOTS('',1,(#800,#801),.UNSPECIFIED.,.F.,.F.,
  (2,2),(-0.127032423427,-4.336808689942E-16),.PIECEWISE_BEZIER_KNOTS.);
#800 = CARTESIAN_POINT('',(6.19995,-0.118407848796,5.29326917979));
#801 = CARTESIAN_POINT('',(6.19995,8.624574631294E-03,5.29326917979));
#802 = ORIENTED_EDGE('',*,*,#803,.F.);
#803 = EDGE_CURVE('',#804,#797,#806,.T.);
#804 = VERTEX_POINT('',#805);
#805 = CARTESIAN_POINT('',(6.19995,-0.147729022036,5.209828607005));
#806 = B_SPLINE_CURVE_WITH_KNOTS('',1,(#807,#808),.UNSPECIFIED.,.F.,.F.,
  (2,2),(-8.844241282811E-02,-2.094869240482E-16),
  .PIECEWISE_BEZIER_KNOTS.);
#807 = CARTESIAN_POINT('',(6.19995,-0.147729022036,5.209828607005));
#808 = CARTESIAN_POINT('',(6.19995,-0.118407848796,5.29326917979));
#809 = ORIENTED_EDGE('',*,*,#810,.F.);
#810 = EDGE_CURVE('',#811,#804,#813,.T.);
#811 = VERTEX_POINT('',#812);
#812 = CARTESIAN_POINT('',(6.19995,-0.191242890832,5.209828607005));
#813 = B_SPLINE_CURVE_WITH_KNOTS('',1,(#814,#815),.UNSPECIFIED.,.F.,.F.,
  (2,2),(-4.35138687961E-02,7.49400541622E-16),
  .PIECEWISE_BEZIER_KNOTS.);
#814 = CARTESIAN_POINT('',(6.19995,-0.191242890832,5.209828607005));
#815 = CARTESIAN_POINT('',(6.19995,-0.147729022036,5.209828607005));
#816 = ORIENTED_EDGE('',*,*,#817,.F.);
#817 = EDGE_CURVE('',#818,#811,#820,.T.);
#818 = VERTEX_POINT('',#819);
#819 = CARTESIAN_POINT('',(6.19995,-7.504994368461E-02,5.514893579652));
#820 = B_SPLINE_CURVE_WITH_KNOTS('',1,(#821,#822),.UNSPECIFIED.,.F.,.F.,
  (2,2),(-0.326443622243,1.580672145904E-16),.PIECEWISE_BEZIER_KNOTS.);
#821 = CARTESIAN_POINT('',(6.19995,-7.504994368461E-02,5.514893579652));
#822 = CARTESIAN_POINT('',(6.19995,-0.191242890832,5.209828607005));
#823 = ORIENTED_EDGE('',*,*,#824,.F.);
#824 = EDGE_CURVE('',#776,#818,#825,.T.);
#825 = B_SPLINE_CURVE_WITH_KNOTS('',1,(#826,#827),.UNSPECIFIED.,.F.,.F.,
  (2,2),(-4.211019561068E-02,4.302114220422E-16),
  .PIECEWISE_BEZIER_KNOTS.);
#826 = CARTESIAN_POINT('',(6.19995,-3.293974807394E-02,5.514893579652));
#827 = CARTESIAN_POINT('',(6.19995,-7.504994368461E-02,5.514893579652));
#828 = FACE_BOUND('',#829,.T.);
#829 = EDGE_LOOP('',(#830,#841,#850,#859,#868,#877,#886,#895,#904,#913,
    #920,#929,#938,#947,#956,#965,#974,#983,#992,#1001,#1010));
#830 = ORIENTED_EDGE('',*,*,#831,.F.);
#831 = EDGE_CURVE('',#832,#834,#836,.T.);
#832 = VERTEX_POINT('',#833);
#833 = CARTESIAN_POINT('',(6.19995,-0.650711914054,4.751919220659));
#834 = VERTEX_POINT('',#835);
#835 = CARTESIAN_POINT('',(6.19995,-0.713565280095,4.772974318463));
#836 = B_SPLINE_CURVE_WITH_KNOTS('',3,(#837,#838,#839,#840),
  .UNSPECIFIED.,.F.,.F.,(4,4),(0.,1.),.PIECEWISE_BEZIER_KNOTS.);
#837 = CARTESIAN_POINT('',(6.19995,-0.650711914054,4.751919220659));
#838 = CARTESIAN_POINT('',(6.19995,-0.673170685046,4.751919220659));
#839 = CARTESIAN_POINT('',(6.19995,-0.694069819164,4.758937586595));
#840 = CARTESIAN_POINT('',(6.19995,-0.713565280095,4.772974318463));
#841 = ORIENTED_EDGE('',*,*,#842,.F.);
#842 = EDGE_CURVE('',#843,#832,#845,.T.);
#843 = VERTEX_POINT('',#844);
#844 = CARTESIAN_POINT('',(6.19995,-0.605638408382,4.781396357586));
#845 = B_SPLINE_CURVE_WITH_KNOTS('',3,(#846,#847,#848,#849),
  .UNSPECIFIED.,.F.,.F.,(4,4),(1.,2.),.PIECEWISE_BEZIER_KNOTS.);
#846 = CARTESIAN_POINT('',(6.19995,-0.605638408382,4.781396357586));
#847 = CARTESIAN_POINT('',(6.19995,-0.605638408382,4.761744932967));
#848 = CARTESIAN_POINT('',(6.19995,-0.62068890422,4.751919220659));
#849 = CARTESIAN_POINT('',(6.19995,-0.650711914054,4.751919220659));
#850 = ORIENTED_EDGE('',*,*,#851,.F.);
#851 = EDGE_CURVE('',#852,#843,#854,.T.);
#852 = VERTEX_POINT('',#853);
#853 = CARTESIAN_POINT('',(6.19995,-0.615464120691,4.802139528016));
#854 = B_SPLINE_CURVE_WITH_KNOTS('',3,(#855,#856,#857,#858),
  .UNSPECIFIED.,.F.,.F.,(4,4),(2.,3.),.PIECEWISE_BEZIER_KNOTS.);
#855 = CARTESIAN_POINT('',(6.19995,-0.615464120691,4.802139528016));
#856 = CARTESIAN_POINT('',(6.19995,-0.608913645817,4.796680798955));
#857 = CARTESIAN_POINT('',(6.19995,-0.605638408382,4.789818396709));
#858 = CARTESIAN_POINT('',(6.19995,-0.605638408382,4.781396357586));
#859 = ORIENTED_EDGE('',*,*,#860,.F.);
#860 = EDGE_CURVE('',#861,#852,#863,.T.);
#861 = VERTEX_POINT('',#862);
#862 = CARTESIAN_POINT('',(6.19995,-0.65546880652,4.821634988948));
#863 = B_SPLINE_CURVE_WITH_KNOTS('',3,(#864,#865,#866,#867),
  .UNSPECIFIED.,.F.,.F.,(4,4),(3.,4.),.PIECEWISE_BEZIER_KNOTS.);
#864 = CARTESIAN_POINT('',(6.19995,-0.65546880652,4.821634988948));
#865 = CARTESIAN_POINT('',(6.19995,-0.63534949084,4.81414873195));
#866 = CARTESIAN_POINT('',(6.19995,-0.622014595564,4.807598257077));
#867 = CARTESIAN_POINT('',(6.19995,-0.615464120691,4.802139528016));
#868 = ORIENTED_EDGE('',*,*,#869,.F.);
#869 = EDGE_CURVE('',#870,#861,#872,.T.);
#870 = VERTEX_POINT('',#871);
#871 = CARTESIAN_POINT('',(6.19995,-0.702491858286,4.850488271126));
#872 = B_SPLINE_CURVE_WITH_KNOTS('',3,(#873,#874,#875,#876),
  .UNSPECIFIED.,.F.,.F.,(4,4),(4.,5.),.PIECEWISE_BEZIER_KNOTS.);
#873 = CARTESIAN_POINT('',(6.19995,-0.702491858286,4.850488271126));
#874 = CARTESIAN_POINT('',(6.19995,-0.695317528664,4.840974486192));
#875 = CARTESIAN_POINT('',(6.19995,-0.679565196232,4.831304737569));
#876 = CARTESIAN_POINT('',(6.19995,-0.65546880652,4.821634988948));
#877 = ORIENTED_EDGE('',*,*,#878,.F.);
#878 = EDGE_CURVE('',#879,#870,#881,.T.);
#879 = VERTEX_POINT('',#880);
#880 = CARTESIAN_POINT('',(6.19995,-0.713331334564,4.884956246052));
#881 = B_SPLINE_CURVE_WITH_KNOTS('',3,(#882,#883,#884,#885),
  .UNSPECIFIED.,.F.,.F.,(4,4),(5.,6.),.PIECEWISE_BEZIER_KNOTS.);
#882 = CARTESIAN_POINT('',(6.19995,-0.713331334564,4.884956246052));
#883 = CARTESIAN_POINT('',(6.19995,-0.713331334564,4.87154336893));
#884 = CARTESIAN_POINT('',(6.19995,-0.709744169753,4.86000205606));
#885 = CARTESIAN_POINT('',(6.19995,-0.702491858286,4.850488271126));
#886 = ORIENTED_EDGE('',*,*,#887,.F.);
#887 = EDGE_CURVE('',#888,#879,#890,.T.);
#888 = VERTEX_POINT('',#889);
#889 = CARTESIAN_POINT('',(6.19995,-0.688845035635,4.93143342491));
#890 = B_SPLINE_CURVE_WITH_KNOTS('',3,(#891,#892,#893,#894),
  .UNSPECIFIED.,.F.,.F.,(4,4),(6.,7.),.PIECEWISE_BEZIER_KNOTS.);
#891 = CARTESIAN_POINT('',(6.19995,-0.688845035635,4.93143342491));
#892 = CARTESIAN_POINT('',(6.19995,-0.705143240973,4.919736148353));
#893 = CARTESIAN_POINT('',(6.19995,-0.713331334564,4.904295743294));
#894 = CARTESIAN_POINT('',(6.19995,-0.713331334564,4.884956246052));
#895 = ORIENTED_EDGE('',*,*,#896,.F.);
#896 = EDGE_CURVE('',#897,#888,#899,.T.);
#897 = VERTEX_POINT('',#898);
#898 = CARTESIAN_POINT('',(6.19995,-0.628487088593,4.948745394218));
#899 = B_SPLINE_CURVE_WITH_KNOTS('',3,(#900,#901,#902,#903),
  .UNSPECIFIED.,.F.,.F.,(4,4),(7.,8.),.PIECEWISE_BEZIER_KNOTS.);
#900 = CARTESIAN_POINT('',(6.19995,-0.628487088593,4.948745394218));
#901 = CARTESIAN_POINT('',(6.19995,-0.652349532772,4.948745394218));
#902 = CARTESIAN_POINT('',(6.19995,-0.672468848453,4.942974737783));
#903 = CARTESIAN_POINT('',(6.19995,-0.688845035635,4.93143342491));
#904 = ORIENTED_EDGE('',*,*,#905,.F.);
#905 = EDGE_CURVE('',#906,#897,#908,.T.);
#906 = VERTEX_POINT('',#907);
#907 = CARTESIAN_POINT('',(6.19995,-0.576863108047,4.939075645595));
#908 = B_SPLINE_CURVE_WITH_KNOTS('',3,(#909,#910,#911,#912),
  .UNSPECIFIED.,.F.,.F.,(4,4),(8.,9.),.PIECEWISE_BEZIER_KNOTS.);
#909 = CARTESIAN_POINT('',(6.19995,-0.576863108047,4.939075645595));
#910 = CARTESIAN_POINT('',(6.19995,-0.592771404167,4.945626120469));
#911 = CARTESIAN_POINT('',(6.19995,-0.609927409787,4.948745394218));
#912 = CARTESIAN_POINT('',(6.19995,-0.628487088593,4.948745394218));
#913 = ORIENTED_EDGE('',*,*,#914,.F.);
#914 = EDGE_CURVE('',#915,#906,#917,.T.);
#915 = VERTEX_POINT('',#916);
#916 = CARTESIAN_POINT('',(6.19995,-0.576863108047,4.901956287983));
#917 = B_SPLINE_CURVE_WITH_KNOTS('',1,(#918,#919),.UNSPECIFIED.,.F.,.F.,
  (2,2),(-3.711935761179E-02,0.),.PIECEWISE_BEZIER_KNOTS.);
#918 = CARTESIAN_POINT('',(6.19995,-0.576863108047,4.901956287983));
#919 = CARTESIAN_POINT('',(6.19995,-0.576863108047,4.939075645595));
#920 = ORIENTED_EDGE('',*,*,#921,.F.);
#921 = EDGE_CURVE('',#922,#915,#924,.T.);
#922 = VERTEX_POINT('',#923);
#923 = CARTESIAN_POINT('',(6.19995,-0.632230217091,4.917708620416));
#924 = B_SPLINE_CURVE_WITH_KNOTS('',3,(#925,#926,#927,#928),
  .UNSPECIFIED.,.F.,.F.,(4,4),(10.,11.),.PIECEWISE_BEZIER_KNOTS.);
#925 = CARTESIAN_POINT('',(6.19995,-0.632230217091,4.917708620416));
#926 = CARTESIAN_POINT('',(6.19995,-0.611565028504,4.917708620416));
#927 = CARTESIAN_POINT('',(6.19995,-0.593161313385,4.912405855043));
#928 = CARTESIAN_POINT('',(6.19995,-0.576863108047,4.901956287983));
#929 = ORIENTED_EDGE('',*,*,#930,.F.);
#930 = EDGE_CURVE('',#931,#922,#933,.T.);
#931 = VERTEX_POINT('',#932);
#932 = CARTESIAN_POINT('',(6.19995,-0.662331208769,4.909598508668));
#933 = B_SPLINE_CURVE_WITH_KNOTS('',3,(#934,#935,#936,#937),
  .UNSPECIFIED.,.F.,.F.,(4,4),(11.,12.),.PIECEWISE_BEZIER_KNOTS.);
#934 = CARTESIAN_POINT('',(6.19995,-0.662331208769,4.909598508668));
#935 = CARTESIAN_POINT('',(6.19995,-0.65461100624,4.915057237728));
#936 = CARTESIAN_POINT('',(6.19995,-0.644551348399,4.917708620416));
#937 = CARTESIAN_POINT('',(6.19995,-0.632230217091,4.917708620416));
#938 = ORIENTED_EDGE('',*,*,#939,.F.);
#939 = EDGE_CURVE('',#940,#931,#942,.T.);
#940 = VERTEX_POINT('',#941);
#941 = CARTESIAN_POINT('',(6.19995,-0.673950503484,4.888387447176));
#942 = B_SPLINE_CURVE_WITH_KNOTS('',3,(#943,#944,#945,#946),
  .UNSPECIFIED.,.F.,.F.,(4,4),(12.,13.),.PIECEWISE_BEZIER_KNOTS.);
#943 = CARTESIAN_POINT('',(6.19995,-0.673950503484,4.888387447176));
#944 = CARTESIAN_POINT('',(6.19995,-0.673950503484,4.897121413672));
#945 = CARTESIAN_POINT('',(6.19995,-0.670051411297,4.904295743294));
#946 = CARTESIAN_POINT('',(6.19995,-0.662331208769,4.909598508668));
#947 = ORIENTED_EDGE('',*,*,#948,.F.);
#948 = EDGE_CURVE('',#949,#940,#951,.T.);
#949 = VERTEX_POINT('',#950);
#950 = CARTESIAN_POINT('',(6.19995,-0.665606446205,4.868112167808));
#951 = B_SPLINE_CURVE_WITH_KNOTS('',3,(#952,#953,#954,#955),
  .UNSPECIFIED.,.F.,.F.,(4,4),(13.,14.),.PIECEWISE_BEZIER_KNOTS.);
#952 = CARTESIAN_POINT('',(6.19995,-0.665606446205,4.868112167808));
#953 = CARTESIAN_POINT('',(6.19995,-0.67114315711,4.872947042118));
#954 = CARTESIAN_POINT('',(6.19995,-0.673950503484,4.879653480679));
#955 = CARTESIAN_POINT('',(6.19995,-0.673950503484,4.888387447176));
#956 = ORIENTED_EDGE('',*,*,#957,.F.);
#957 = EDGE_CURVE('',#958,#949,#960,.T.);
#958 = VERTEX_POINT('',#959);
#959 = CARTESIAN_POINT('',(6.19995,-0.628487088593,4.849396525313));
#960 = B_SPLINE_CURVE_WITH_KNOTS('',3,(#961,#962,#963,#964),
  .UNSPECIFIED.,.F.,.F.,(4,4),(14.,15.),.PIECEWISE_BEZIER_KNOTS.);
#961 = CARTESIAN_POINT('',(6.19995,-0.628487088593,4.849396525313));
#962 = CARTESIAN_POINT('',(6.19995,-0.647670622149,4.85688278231));
#963 = CARTESIAN_POINT('',(6.19995,-0.659991753456,4.863121329809));
#964 = CARTESIAN_POINT('',(6.19995,-0.665606446205,4.868112167808));
#965 = ORIENTED_EDGE('',*,*,#966,.F.);
#966 = EDGE_CURVE('',#967,#958,#969,.T.);
#967 = VERTEX_POINT('',#968);
#968 = CARTESIAN_POINT('',(6.19995,-0.579202563359,4.821167097886));
#969 = B_SPLINE_CURVE_WITH_KNOTS('',3,(#970,#971,#972,#973),
  .UNSPECIFIED.,.F.,.F.,(4,4),(15.,16.),.PIECEWISE_BEZIER_KNOTS.);
#970 = CARTESIAN_POINT('',(6.19995,-0.579202563359,4.821167097886));
#971 = CARTESIAN_POINT('',(6.19995,-0.587780566168,4.830836846507));
#972 = CARTESIAN_POINT('',(6.19995,-0.60415675335,4.840350631441));
#973 = CARTESIAN_POINT('',(6.19995,-0.628487088593,4.849396525313));
#974 = ORIENTED_EDGE('',*,*,#975,.F.);
#975 = EDGE_CURVE('',#976,#967,#978,.T.);
#976 = VERTEX_POINT('',#977);
#977 = CARTESIAN_POINT('',(6.19995,-0.566413540989,4.785139486085));
#978 = B_SPLINE_CURVE_WITH_KNOTS('',3,(#979,#980,#981,#982),
  .UNSPECIFIED.,.F.,.F.,(4,4),(16.,17.),.PIECEWISE_BEZIER_KNOTS.);
#979 = CARTESIAN_POINT('',(6.19995,-0.566413540989,4.785139486085));
#980 = CARTESIAN_POINT('',(6.19995,-0.566413540989,4.79948814533));
#981 = CARTESIAN_POINT('',(6.19995,-0.570702542394,4.811497349265));
#982 = CARTESIAN_POINT('',(6.19995,-0.579202563359,4.821167097886));
#983 = ORIENTED_EDGE('',*,*,#984,.F.);
#984 = EDGE_CURVE('',#985,#976,#987,.T.);
#985 = VERTEX_POINT('',#986);
#986 = CARTESIAN_POINT('',(6.19995,-0.590977821762,4.738038452475));
#987 = B_SPLINE_CURVE_WITH_KNOTS('',3,(#988,#989,#990,#991),
  .UNSPECIFIED.,.F.,.F.,(4,4),(17.,18.),.PIECEWISE_BEZIER_KNOTS.);
#988 = CARTESIAN_POINT('',(6.19995,-0.590977821762,4.738038452475));
#989 = CARTESIAN_POINT('',(6.19995,-0.57460163458,4.749423801661));
#990 = CARTESIAN_POINT('',(6.19995,-0.566413540989,4.765176134092));
#991 = CARTESIAN_POINT('',(6.19995,-0.566413540989,4.785139486085));
#992 = ORIENTED_EDGE('',*,*,#993,.F.);
#993 = EDGE_CURVE('',#994,#985,#996,.T.);
#994 = VERTEX_POINT('',#995);
#995 = CARTESIAN_POINT('',(6.19995,-0.654455042552,4.72072648317));
#996 = B_SPLINE_CURVE_WITH_KNOTS('',3,(#997,#998,#999,#1000),
  .UNSPECIFIED.,.F.,.F.,(4,4),(18.,19.),.PIECEWISE_BEZIER_KNOTS.);
#997 = CARTESIAN_POINT('',(6.19995,-0.654455042552,4.72072648317));
#998 = CARTESIAN_POINT('',(6.19995,-0.628487088593,4.72072648317));
#999 = CARTESIAN_POINT('',(6.19995,-0.6072760271,4.726497139605));
#1000 = CARTESIAN_POINT('',(6.19995,-0.590977821762,4.738038452475));
#1001 = ORIENTED_EDGE('',*,*,#1002,.F.);
#1002 = EDGE_CURVE('',#1003,#994,#1005,.T.);
#1003 = VERTEX_POINT('',#1004);
#1004 = CARTESIAN_POINT('',(6.19995,-0.713565280095,4.73351550554));
#1005 = B_SPLINE_CURVE_WITH_KNOTS('',3,(#1006,#1007,#1008,#1009),
  .UNSPECIFIED.,.F.,.F.,(4,4),(19.,20.),.PIECEWISE_BEZIER_KNOTS.);
#1006 = CARTESIAN_POINT('',(6.19995,-0.713565280095,4.73351550554));
#1007 = CARTESIAN_POINT('',(6.19995,-0.696721201851,4.725093466417));
#1008 = CARTESIAN_POINT('',(6.19995,-0.677069777232,4.72072648317));
#1009 = CARTESIAN_POINT('',(6.19995,-0.654455042552,4.72072648317));
#1010 = ORIENTED_EDGE('',*,*,#1011,.F.);
#1011 = EDGE_CURVE('',#834,#1003,#1012,.T.);
#1012 = B_SPLINE_CURVE_WITH_KNOTS('',1,(#1013,#1014),.UNSPECIFIED.,.F.,
  .F.,(2,2),(-3.945881292292E-02,-0.),.PIECEWISE_BEZIER_KNOTS.);
#1013 = CARTESIAN_POINT('',(6.19995,-0.713565280095,4.772974318463));
#1014 = CARTESIAN_POINT('',(6.19995,-0.713565280095,4.73351550554));
#1015 = FACE_BOUND('',#1016,.T.);
#1016 = EDGE_LOOP('',(#1017,#1026,#1033,#1040,#1047,#1054,#1061,#1068,
    #1075,#1082,#1089,#1096));
#1017 = ORIENTED_EDGE('',*,*,#1018,.F.);
#1018 = EDGE_CURVE('',#1019,#1021,#1023,.T.);
#1019 = VERTEX_POINT('',#1020);
#1020 = CARTESIAN_POINT('',(6.19995,-0.13213265329,4.725873284856));
#1021 = VERTEX_POINT('',#1022);
#1022 = CARTESIAN_POINT('',(6.19995,-0.13213265329,4.760653187157));
#1023 = B_SPLINE_CURVE_WITH_KNOTS('',1,(#1024,#1025),.UNSPECIFIED.,.F.,
  .F.,(2,2),(-3.477990230068E-02,2.22044604925E-16),
  .PIECEWISE_BEZIER_KNOTS.);
#1024 = CARTESIAN_POINT('',(6.19995,-0.13213265329,4.725873284856));
#1025 = CARTESIAN_POINT('',(6.19995,-0.13213265329,4.760653187157));
#1026 = ORIENTED_EDGE('',*,*,#1027,.F.);
#1027 = EDGE_CURVE('',#1028,#1019,#1030,.T.);
#1028 = VERTEX_POINT('',#1029);
#1029 = CARTESIAN_POINT('',(6.19995,-0.296206452485,4.725873284856));
#1030 = B_SPLINE_CURVE_WITH_KNOTS('',1,(#1031,#1032),.UNSPECIFIED.,.F.,
  .F.,(2,2),(-0.164073799195,0.),.PIECEWISE_BEZIER_KNOTS.);
#1031 = CARTESIAN_POINT('',(6.19995,-0.296206452485,4.725873284856));
#1032 = CARTESIAN_POINT('',(6.19995,-0.13213265329,4.725873284856));
#1033 = ORIENTED_EDGE('',*,*,#1034,.F.);
#1034 = EDGE_CURVE('',#1035,#1028,#1037,.T.);
#1035 = VERTEX_POINT('',#1036);
#1036 = CARTESIAN_POINT('',(6.19995,-0.296206452485,5.030938257503));
#1037 = B_SPLINE_CURVE_WITH_KNOTS('',1,(#1038,#1039),.UNSPECIFIED.,.F.,
  .F.,(2,2),(-0.305064972647,4.440892098501E-16),
  .PIECEWISE_BEZIER_KNOTS.);
#1038 = CARTESIAN_POINT('',(6.19995,-0.296206452485,5.030938257503));
#1039 = CARTESIAN_POINT('',(6.19995,-0.296206452485,4.725873284856));
#1040 = ORIENTED_EDGE('',*,*,#1041,.F.);
#1041 = EDGE_CURVE('',#1042,#1035,#1044,.T.);
#1042 = VERTEX_POINT('',#1043);
#1043 = CARTESIAN_POINT('',(6.19995,-0.139073037382,5.030938257503));
#1044 = B_SPLINE_CURVE_WITH_KNOTS('',1,(#1045,#1046),.UNSPECIFIED.,.F.,
  .F.,(2,2),(-0.157133415103,3.330669073875E-16),
  .PIECEWISE_BEZIER_KNOTS.);
#1045 = CARTESIAN_POINT('',(6.19995,-0.139073037382,5.030938257503));
#1046 = CARTESIAN_POINT('',(6.19995,-0.296206452485,5.030938257503));
#1047 = ORIENTED_EDGE('',*,*,#1048,.F.);
#1048 = EDGE_CURVE('',#1049,#1042,#1051,.T.);
#1049 = VERTEX_POINT('',#1050);
#1050 = CARTESIAN_POINT('',(6.19995,-0.139073037382,4.995846427828));
#1051 = B_SPLINE_CURVE_WITH_KNOTS('',1,(#1052,#1053),.UNSPECIFIED.,.F.,
  .F.,(2,2),(-3.509182967521E-02,-2.22044604925E-16),
  .PIECEWISE_BEZIER_KNOTS.);
#1052 = CARTESIAN_POINT('',(6.19995,-0.139073037382,4.995846427828));
#1053 = CARTESIAN_POINT('',(6.19995,-0.139073037382,5.030938257503));
#1054 = ORIENTED_EDGE('',*,*,#1055,.F.);
#1055 = EDGE_CURVE('',#1056,#1049,#1058,.T.);
#1056 = VERTEX_POINT('',#1057);
#1057 = CARTESIAN_POINT('',(6.19995,-0.256825621403,4.995846427828));
#1058 = B_SPLINE_CURVE_WITH_KNOTS('',1,(#1059,#1060),.UNSPECIFIED.,.F.,
  .F.,(2,2),(-0.117752584022,4.440892098501E-16),
  .PIECEWISE_BEZIER_KNOTS.);
#1059 = CARTESIAN_POINT('',(6.19995,-0.256825621403,4.995846427828));
#1060 = CARTESIAN_POINT('',(6.19995,-0.139073037382,4.995846427828));
#1061 = ORIENTED_EDGE('',*,*,#1062,.F.);
#1062 = EDGE_CURVE('',#1063,#1056,#1065,.T.);
#1063 = VERTEX_POINT('',#1064);
#1064 = CARTESIAN_POINT('',(6.19995,-0.256825621403,4.898213159485));
#1065 = B_SPLINE_CURVE_WITH_KNOTS('',1,(#1066,#1067),.UNSPECIFIED.,.F.,
  .F.,(2,2),(-9.763326834319E-02,-2.22044604925E-16),
  .PIECEWISE_BEZIER_KNOTS.);
#1066 = CARTESIAN_POINT('',(6.19995,-0.256825621403,4.898213159485));
#1067 = CARTESIAN_POINT('',(6.19995,-0.256825621403,4.995846427828));
#1068 = ORIENTED_EDGE('',*,*,#1069,.F.);
#1069 = EDGE_CURVE('',#1070,#1063,#1072,.T.);
#1070 = VERTEX_POINT('',#1071);
#1071 = CARTESIAN_POINT('',(6.19995,-0.147729022036,4.898213159485));
#1072 = B_SPLINE_CURVE_WITH_KNOTS('',1,(#1073,#1074),.UNSPECIFIED.,.F.,
  .F.,(2,2),(-0.109096599368,3.885780586188E-16),
  .PIECEWISE_BEZIER_KNOTS.);
#1073 = CARTESIAN_POINT('',(6.19995,-0.147729022036,4.898213159485));
#1074 = CARTESIAN_POINT('',(6.19995,-0.256825621403,4.898213159485));
#1075 = ORIENTED_EDGE('',*,*,#1076,.F.);
#1076 = EDGE_CURVE('',#1077,#1070,#1079,.T.);
#1077 = VERTEX_POINT('',#1078);
#1078 = CARTESIAN_POINT('',(6.19995,-0.147729022036,4.863277293497));
#1079 = B_SPLINE_CURVE_WITH_KNOTS('',1,(#1080,#1081),.UNSPECIFIED.,.F.,
  .F.,(2,2),(-3.493586598795E-02,-6.661338147751E-16),
  .PIECEWISE_BEZIER_KNOTS.);
#1080 = CARTESIAN_POINT('',(6.19995,-0.147729022036,4.863277293497));
#1081 = CARTESIAN_POINT('',(6.19995,-0.147729022036,4.898213159485));
#1082 = ORIENTED_EDGE('',*,*,#1083,.F.);
#1083 = EDGE_CURVE('',#1084,#1077,#1086,.T.);
#1084 = VERTEX_POINT('',#1085);
#1085 = CARTESIAN_POINT('',(6.19995,-0.256825621403,4.863277293497));
#1086 = B_SPLINE_CURVE_WITH_KNOTS('',1,(#1087,#1088),.UNSPECIFIED.,.F.,
  .F.,(2,2),(-0.109096599368,3.330669073875E-16),
  .PIECEWISE_BEZIER_KNOTS.);
#1087 = CARTESIAN_POINT('',(6.19995,-0.256825621403,4.863277293497));
#1088 = CARTESIAN_POINT('',(6.19995,-0.147729022036,4.863277293497));
#1089 = ORIENTED_EDGE('',*,*,#1090,.F.);
#1090 = EDGE_CURVE('',#1091,#1084,#1093,.T.);
#1091 = VERTEX_POINT('',#1092);
#1092 = CARTESIAN_POINT('',(6.19995,-0.256825621403,4.760653187157));
#1093 = B_SPLINE_CURVE_WITH_KNOTS('',1,(#1094,#1095),.UNSPECIFIED.,.F.,
  .F.,(2,2),(-0.10262410634,-4.440892098501E-16),
  .PIECEWISE_BEZIER_KNOTS.);
#1094 = CARTESIAN_POINT('',(6.19995,-0.256825621403,4.760653187157));
#1095 = CARTESIAN_POINT('',(6.19995,-0.256825621403,4.863277293497));
#1096 = ORIENTED_EDGE('',*,*,#1097,.F.);
#1097 = EDGE_CURVE('',#1021,#1091,#1098,.T.);
#1098 = B_SPLINE_CURVE_WITH_KNOTS('',1,(#1099,#1100),.UNSPECIFIED.,.F.,
  .F.,(2,2),(-0.124692968114,3.885780586188E-16),
  .PIECEWISE_BEZIER_KNOTS.);
#1099 = CARTESIAN_POINT('',(6.19995,-0.13213265329,4.760653187157));
#1100 = CARTESIAN_POINT('',(6.19995,-0.256825621403,4.760653187157));
#1101 = FACE_BOUND('',#1102,.T.);
#1102 = EDGE_LOOP('',(#1103,#1112,#1119,#1126,#1135,#1144,#1153));
#1103 = ORIENTED_EDGE('',*,*,#1104,.F.);
#1104 = EDGE_CURVE('',#1105,#1107,#1109,.T.);
#1105 = VERTEX_POINT('',#1106);
#1106 = CARTESIAN_POINT('',(6.19995,-7.450407077708E-02,4.725873284856)
  );
#1107 = VERTEX_POINT('',#1108);
#1108 = CARTESIAN_POINT('',(6.19995,9.404393069731E-03,4.725873284856));
#1109 = B_SPLINE_CURVE_WITH_KNOTS('',1,(#1110,#1111),.UNSPECIFIED.,.F.,
  .F.,(2,2),(-8.390846384681E-02,2.775557561563E-16),
  .PIECEWISE_BEZIER_KNOTS.);
#1110 = CARTESIAN_POINT('',(6.19995,-7.450407077708E-02,4.725873284856)
  );
#1111 = CARTESIAN_POINT('',(6.19995,9.404393069731E-03,4.725873284856));
#1112 = ORIENTED_EDGE('',*,*,#1113,.F.);
#1113 = EDGE_CURVE('',#1114,#1105,#1116,.T.);
#1114 = VERTEX_POINT('',#1115);
#1115 = CARTESIAN_POINT('',(6.19995,-7.450407077708E-02,5.030938257503)
  );
#1116 = B_SPLINE_CURVE_WITH_KNOTS('',1,(#1117,#1118),.UNSPECIFIED.,.F.,
  .F.,(2,2),(-0.305064972647,0.),.PIECEWISE_BEZIER_KNOTS.);
#1117 = CARTESIAN_POINT('',(6.19995,-7.450407077708E-02,5.030938257503)
  );
#1118 = CARTESIAN_POINT('',(6.19995,-7.450407077708E-02,4.725873284856)
  );
#1119 = ORIENTED_EDGE('',*,*,#1120,.F.);
#1120 = EDGE_CURVE('',#1121,#1114,#1123,.T.);
#1121 = VERTEX_POINT('',#1122);
#1122 = CARTESIAN_POINT('',(6.19995,1.25236668172E-02,5.030938257503));
#1123 = B_SPLINE_CURVE_WITH_KNOTS('',1,(#1124,#1125),.UNSPECIFIED.,.F.,
  .F.,(2,2),(-8.702773759428E-02,2.914335439641E-16),
  .PIECEWISE_BEZIER_KNOTS.);
#1124 = CARTESIAN_POINT('',(6.19995,1.25236668172E-02,5.030938257503));
#1125 = CARTESIAN_POINT('',(6.19995,-7.450407077708E-02,5.030938257503)
  );
#1126 = ORIENTED_EDGE('',*,*,#1127,.F.);
#1127 = EDGE_CURVE('',#1128,#1121,#1130,.T.);
#1128 = VERTEX_POINT('',#1129);
#1129 = CARTESIAN_POINT('',(6.19995,0.127858813684,4.990543662454));
#1130 = B_SPLINE_CURVE_WITH_KNOTS('',3,(#1131,#1132,#1133,#1134),
  .UNSPECIFIED.,.F.,.F.,(4,4),(2.,3.),.PIECEWISE_BEZIER_KNOTS.);
#1131 = CARTESIAN_POINT('',(6.19995,0.127858813684,4.990543662454));
#1132 = CARTESIAN_POINT('',(6.19995,9.721194910244E-02,5.017525380381));
#1133 = CARTESIAN_POINT('',(6.19995,5.876690014469E-02,5.030938257503));
#1134 = CARTESIAN_POINT('',(6.19995,1.25236668172E-02,5.030938257503));
#1135 = ORIENTED_EDGE('',*,*,#1136,.F.);
#1136 = EDGE_CURVE('',#1137,#1128,#1139,.T.);
#1137 = VERTEX_POINT('',#1138);
#1138 = CARTESIAN_POINT('',(6.19995,0.173868101483,4.882304863364));
#1139 = B_SPLINE_CURVE_WITH_KNOTS('',3,(#1140,#1141,#1142,#1143),
  .UNSPECIFIED.,.F.,.F.,(4,4),(3.,4.),.PIECEWISE_BEZIER_KNOTS.);
#1140 = CARTESIAN_POINT('',(6.19995,0.173868101483,4.882304863364));
#1141 = CARTESIAN_POINT('',(6.19995,0.173868101483,4.927534332725));
#1142 = CARTESIAN_POINT('',(6.19995,0.158505678268,4.963561944525));
#1143 = CARTESIAN_POINT('',(6.19995,0.127858813684,4.990543662454));
#1144 = ORIENTED_EDGE('',*,*,#1145,.F.);
#1145 = EDGE_CURVE('',#1146,#1137,#1148,.T.);
#1146 = VERTEX_POINT('',#1147);
#1147 = CARTESIAN_POINT('',(6.19995,0.127858813684,4.768607335216));
#1148 = B_SPLINE_CURVE_WITH_KNOTS('',3,(#1149,#1150,#1151,#1152),
  .UNSPECIFIED.,.F.,.F.,(4,4),(4.,5.),.PIECEWISE_BEZIER_KNOTS.);
#1149 = CARTESIAN_POINT('',(6.19995,0.127858813684,4.768607335216));
#1150 = CARTESIAN_POINT('',(6.19995,0.158505678268,4.797148690019));
#1151 = CARTESIAN_POINT('',(6.19995,0.173868101483,4.835047866067));
#1152 = CARTESIAN_POINT('',(6.19995,0.173868101483,4.882304863364));
#1153 = ORIENTED_EDGE('',*,*,#1154,.F.);
#1154 = EDGE_CURVE('',#1107,#1146,#1155,.T.);
#1155 = B_SPLINE_CURVE_WITH_KNOTS('',3,(#1156,#1157,#1158,#1159),
  .UNSPECIFIED.,.F.,.F.,(4,4),(5.,6.),.PIECEWISE_BEZIER_KNOTS.);
#1156 = CARTESIAN_POINT('',(6.19995,9.404393069731E-03,4.725873284856));
#1157 = CARTESIAN_POINT('',(6.19995,5.767515433379E-02,4.725873284856));
#1158 = CARTESIAN_POINT('',(6.19995,9.721194910244E-02,4.740065980412));
#1159 = CARTESIAN_POINT('',(6.19995,0.127858813684,4.768607335216));
#1160 = FACE_BOUND('',#1161,.T.);
#1161 = EDGE_LOOP('',(#1162,#1171,#1178,#1185,#1192,#1199,#1206,#1213));
#1162 = ORIENTED_EDGE('',*,*,#1163,.F.);
#1163 = EDGE_CURVE('',#1164,#1166,#1168,.T.);
#1164 = VERTEX_POINT('',#1165);
#1165 = CARTESIAN_POINT('',(6.19995,0.465286251477,4.725873284856));
#1166 = VERTEX_POINT('',#1167);
#1167 = CARTESIAN_POINT('',(6.19995,0.34909330433,5.030938257503));
#1168 = B_SPLINE_CURVE_WITH_KNOTS('',1,(#1169,#1170),.UNSPECIFIED.,.F.,
  .F.,(2,2),(-0.326443622243,2.075030011692E-16),
  .PIECEWISE_BEZIER_KNOTS.);
#1169 = CARTESIAN_POINT('',(6.19995,0.465286251477,4.725873284856));
#1170 = CARTESIAN_POINT('',(6.19995,0.34909330433,5.030938257503));
#1171 = ORIENTED_EDGE('',*,*,#1172,.F.);
#1172 = EDGE_CURVE('',#1173,#1164,#1175,.T.);
#1173 = VERTEX_POINT('',#1174);
#1174 = CARTESIAN_POINT('',(6.19995,0.421772382681,4.725873284856));
#1175 = B_SPLINE_CURVE_WITH_KNOTS('',1,(#1176,#1177),.UNSPECIFIED.,.F.,
  .F.,(2,2),(-4.35138687961E-02,0.),.PIECEWISE_BEZIER_KNOTS.);
#1176 = CARTESIAN_POINT('',(6.19995,0.421772382681,4.725873284856));
#1177 = CARTESIAN_POINT('',(6.19995,0.465286251477,4.725873284856));
#1178 = ORIENTED_EDGE('',*,*,#1179,.F.);
#1179 = EDGE_CURVE('',#1180,#1173,#1182,.T.);
#1180 = VERTEX_POINT('',#1181);
#1181 = CARTESIAN_POINT('',(6.19995,0.390657627033,4.809313857639));
#1182 = B_SPLINE_CURVE_WITH_KNOTS('',1,(#1183,#1184),.UNSPECIFIED.,.F.,
  .F.,(2,2),(-8.905311451803E-02,-1.551627624151E-16),
  .PIECEWISE_BEZIER_KNOTS.);
#1183 = CARTESIAN_POINT('',(6.19995,0.390657627033,4.809313857639));
#1184 = CARTESIAN_POINT('',(6.19995,0.421772382681,4.725873284856));
#1185 = ORIENTED_EDGE('',*,*,#1186,.F.);
#1186 = EDGE_CURVE('',#1187,#1180,#1189,.T.);
#1187 = VERTEX_POINT('',#1188);
#1188 = CARTESIAN_POINT('',(6.19995,0.263625203606,4.809313857639));
#1189 = B_SPLINE_CURVE_WITH_KNOTS('',1,(#1190,#1191),.UNSPECIFIED.,.F.,
  .F.,(2,2),(-0.127032423427,4.440892098501E-16),
  .PIECEWISE_BEZIER_KNOTS.);
#1190 = CARTESIAN_POINT('',(6.19995,0.263625203606,4.809313857639));
#1191 = CARTESIAN_POINT('',(6.19995,0.390657627033,4.809313857639));
#1192 = ORIENTED_EDGE('',*,*,#1193,.F.);
#1193 = EDGE_CURVE('',#1194,#1187,#1196,.T.);
#1194 = VERTEX_POINT('',#1195);
#1195 = CARTESIAN_POINT('',(6.19995,0.234304030366,4.725873284856));
#1196 = B_SPLINE_CURVE_WITH_KNOTS('',1,(#1197,#1198),.UNSPECIFIED.,.F.,
  .F.,(2,2),(-8.844241282615E-02,2.901491789129E-16),
  .PIECEWISE_BEZIER_KNOTS.);
#1197 = CARTESIAN_POINT('',(6.19995,0.234304030366,4.725873284856));
#1198 = CARTESIAN_POINT('',(6.19995,0.263625203606,4.809313857639));
#1199 = ORIENTED_EDGE('',*,*,#1200,.F.);
#1200 = EDGE_CURVE('',#1201,#1194,#1203,.T.);
#1201 = VERTEX_POINT('',#1202);
#1202 = CARTESIAN_POINT('',(6.19995,0.190790161568,4.725873284856));
#1203 = B_SPLINE_CURVE_WITH_KNOTS('',1,(#1204,#1205),.UNSPECIFIED.,.F.,
  .F.,(2,2),(-4.351386879818E-02,3.330669073875E-16),
  .PIECEWISE_BEZIER_KNOTS.);
#1204 = CARTESIAN_POINT('',(6.19995,0.190790161568,4.725873284856));
#1205 = CARTESIAN_POINT('',(6.19995,0.234304030366,4.725873284856));
#1206 = ORIENTED_EDGE('',*,*,#1207,.F.);
#1207 = EDGE_CURVE('',#1208,#1201,#1210,.T.);
#1208 = VERTEX_POINT('',#1209);
#1209 = CARTESIAN_POINT('',(6.19995,0.306983108717,5.030938257503));
#1210 = B_SPLINE_CURVE_WITH_KNOTS('',1,(#1211,#1212),.UNSPECIFIED.,.F.,
  .F.,(2,2),(-0.326443622243,-6.225090035062E-16),
  .PIECEWISE_BEZIER_KNOTS.);
#1211 = CARTESIAN_POINT('',(6.19995,0.306983108717,5.030938257503));
#1212 = CARTESIAN_POINT('',(6.19995,0.190790161568,4.725873284856));
#1213 = ORIENTED_EDGE('',*,*,#1214,.F.);
#1214 = EDGE_CURVE('',#1166,#1208,#1215,.T.);
#1215 = B_SPLINE_CURVE_WITH_KNOTS('',1,(#1216,#1217),.UNSPECIFIED.,.F.,
  .F.,(2,2),(-4.211019561276E-02,1.143386961496E-30),
  .PIECEWISE_BEZIER_KNOTS.);
#1216 = CARTESIAN_POINT('',(6.19995,0.34909330433,5.030938257503));
#1217 = CARTESIAN_POINT('',(6.19995,0.306983108717,5.030938257503));
#1218 = FACE_BOUND('',#1219,.T.);
#1219 = EDGE_LOOP('',(#1220,#1231,#1240,#1249,#1256,#1265,#1274,#1283,
    #1290,#1299,#1308,#1317,#1326,#1335,#1344,#1353,#1362,#1371,#1380,
    #1387,#1394,#1401,#1410,#1419,#1428,#1437,#1446,#1455,#1464,#1473,
    #1482,#1491,#1500));
#1220 = ORIENTED_EDGE('',*,*,#1221,.F.);
#1221 = EDGE_CURVE('',#1222,#1224,#1226,.T.);
#1222 = VERTEX_POINT('',#1223);
#1223 = CARTESIAN_POINT('',(6.19995,-1.390904042831,5.028472575513));
#1224 = VERTEX_POINT('',#1225);
#1225 = CARTESIAN_POINT('',(6.19995,-1.605633088017,5.312608980066));
#1226 = B_SPLINE_CURVE_WITH_KNOTS('',3,(#1227,#1228,#1229,#1230),
  .UNSPECIFIED.,.F.,.F.,(4,4),(35.,36.),.PIECEWISE_BEZIER_KNOTS.);
#1227 = CARTESIAN_POINT('',(6.19995,-1.390904042831,5.028472575513));
#1228 = CARTESIAN_POINT('',(6.19995,-1.393072990492,5.158611338125));
#1229 = CARTESIAN_POINT('',(6.19995,-1.482001251126,5.273567343007));
#1230 = CARTESIAN_POINT('',(6.19995,-1.605633088017,5.312608980066));
#1231 = ORIENTED_EDGE('',*,*,#1232,.F.);
#1232 = EDGE_CURVE('',#1233,#1222,#1235,.T.);
#1233 = VERTEX_POINT('',#1234);
#1234 = CARTESIAN_POINT('',(6.19995,-1.471156347347,4.822419403707));
#1235 = B_SPLINE_CURVE_WITH_KNOTS('',3,(#1236,#1237,#1238,#1239),
  .UNSPECIFIED.,.F.,.F.,(4,4),(34.,35.),.PIECEWISE_BEZIER_KNOTS.);
#1236 = CARTESIAN_POINT('',(6.19995,-1.471156347347,4.822419403707));
#1237 = CARTESIAN_POINT('',(6.19995,-1.41910077611,4.878812870263));
#1238 = CARTESIAN_POINT('',(6.19995,-1.390904042831,4.952558249059));
#1239 = CARTESIAN_POINT('',(6.19995,-1.390904042831,5.028472575513));
#1240 = ORIENTED_EDGE('',*,*,#1241,.F.);
#1241 = EDGE_CURVE('',#1242,#1233,#1244,.T.);
#1242 = VERTEX_POINT('',#1243);
#1243 = CARTESIAN_POINT('',(6.19995,-1.668533563033,4.724815269692));
#1244 = B_SPLINE_CURVE_WITH_KNOTS('',3,(#1245,#1246,#1247,#1248),
  .UNSPECIFIED.,.F.,.F.,(4,4),(33.,34.),.PIECEWISE_BEZIER_KNOTS.);
#1245 = CARTESIAN_POINT('',(6.19995,-1.668533563033,4.724815269692));
#1246 = CARTESIAN_POINT('',(6.19995,-1.592619236579,4.731322195412));
#1247 = CARTESIAN_POINT('',(6.19995,-1.523211835842,4.766025937151));
#1248 = CARTESIAN_POINT('',(6.19995,-1.471156347347,4.822419403707));
#1249 = ORIENTED_EDGE('',*,*,#1250,.F.);
#1250 = EDGE_CURVE('',#1251,#1242,#1253,.T.);
#1251 = VERTEX_POINT('',#1252);
#1252 = CARTESIAN_POINT('',(6.19995,-1.796503377985,4.724815269692));
#1253 = B_SPLINE_CURVE_WITH_KNOTS('',1,(#1254,#1255),.UNSPECIFIED.,.F.,
  .F.,(2,2),(-0.121462889232,6.506925720194E-03),
  .PIECEWISE_BEZIER_KNOTS.);
#1254 = CARTESIAN_POINT('',(6.19995,-1.796503377985,4.724815269692));
#1255 = CARTESIAN_POINT('',(6.19995,-1.668533563033,4.724815269692));
#1256 = ORIENTED_EDGE('',*,*,#1257,.F.);
#1257 = EDGE_CURVE('',#1258,#1251,#1260,.T.);
#1258 = VERTEX_POINT('',#1259);
#1259 = CARTESIAN_POINT('',(6.19995,-1.859403853001,4.792053640029));
#1260 = B_SPLINE_CURVE_WITH_KNOTS('',3,(#1261,#1262,#1263,#1264),
  .UNSPECIFIED.,.F.,.F.,(4,4),(28.,29.),.PIECEWISE_BEZIER_KNOTS.);
#1261 = CARTESIAN_POINT('',(6.19995,-1.859403853001,4.792053640029));
#1262 = CARTESIAN_POINT('',(6.19995,-1.859403853001,4.757349981031));
#1263 = CARTESIAN_POINT('',(6.19995,-1.831207119724,4.726984217352));
#1264 = CARTESIAN_POINT('',(6.19995,-1.796503377985,4.724815269692));
#1265 = ORIENTED_EDGE('',*,*,#1266,.F.);
#1266 = EDGE_CURVE('',#1267,#1258,#1269,.T.);
#1267 = VERTEX_POINT('',#1268);
#1268 = CARTESIAN_POINT('',(6.19995,-1.792165482665,4.859292010365));
#1269 = B_SPLINE_CURVE_WITH_KNOTS('',3,(#1270,#1271,#1272,#1273),
  .UNSPECIFIED.,.F.,.F.,(4,4),(27.,28.),.PIECEWISE_BEZIER_KNOTS.);
#1270 = CARTESIAN_POINT('',(6.19995,-1.792165482665,4.859292010365));
#1271 = CARTESIAN_POINT('',(6.19995,-1.829038172063,4.859292010365));
#1272 = CARTESIAN_POINT('',(6.19995,-1.859403853001,4.828926246687));
#1273 = CARTESIAN_POINT('',(6.19995,-1.859403853001,4.792053640029));
#1274 = ORIENTED_EDGE('',*,*,#1275,.F.);
#1275 = EDGE_CURVE('',#1276,#1267,#1278,.T.);
#1276 = VERTEX_POINT('',#1277);
#1277 = CARTESIAN_POINT('',(6.19995,-1.779151631226,4.857123062705));
#1278 = B_SPLINE_CURVE_WITH_KNOTS('',3,(#1279,#1280,#1281,#1282),
  .UNSPECIFIED.,.F.,.F.,(4,4),(26.,27.),.PIECEWISE_BEZIER_KNOTS.);
#1279 = CARTESIAN_POINT('',(6.19995,-1.779151631226,4.857123062705));
#1280 = CARTESIAN_POINT('',(6.19995,-1.783489609286,4.857123062705));
#1281 = CARTESIAN_POINT('',(6.19995,-1.787827587346,4.859292010365));
#1282 = CARTESIAN_POINT('',(6.19995,-1.792165482665,4.859292010365));
#1283 = ORIENTED_EDGE('',*,*,#1284,.F.);
#1284 = EDGE_CURVE('',#1285,#1276,#1287,.T.);
#1285 = VERTEX_POINT('',#1286);
#1286 = CARTESIAN_POINT('',(6.19995,-1.681547497212,4.857123062705));
#1287 = B_SPLINE_CURVE_WITH_KNOTS('',1,(#1288,#1289),.UNSPECIFIED.,.F.,
  .F.,(2,2),(-4.440892098501E-16,9.760413401376E-02),
  .PIECEWISE_BEZIER_KNOTS.);
#1288 = CARTESIAN_POINT('',(6.19995,-1.681547497212,4.857123062705));
#1289 = CARTESIAN_POINT('',(6.19995,-1.779151631226,4.857123062705));
#1290 = ORIENTED_EDGE('',*,*,#1291,.F.);
#1291 = EDGE_CURVE('',#1292,#1285,#1294,.T.);
#1292 = VERTEX_POINT('',#1293);
#1293 = CARTESIAN_POINT('',(6.19995,-1.525380866243,5.026303545114));
#1294 = B_SPLINE_CURVE_WITH_KNOTS('',3,(#1295,#1296,#1297,#1298),
  .UNSPECIFIED.,.F.,.F.,(4,4),(24.,25.),.PIECEWISE_BEZIER_KNOTS.);
#1295 = CARTESIAN_POINT('',(6.19995,-1.525380866243,5.026303545114));
#1296 = CARTESIAN_POINT('',(6.19995,-1.525380866243,4.937375325849));
#1297 = CARTESIAN_POINT('',(6.19995,-1.592619236579,4.863629988425));
#1298 = CARTESIAN_POINT('',(6.19995,-1.681547497212,4.857123062705));
#1299 = ORIENTED_EDGE('',*,*,#1300,.F.);
#1300 = EDGE_CURVE('',#1301,#1292,#1303,.T.);
#1301 = VERTEX_POINT('',#1302);
#1302 = CARTESIAN_POINT('',(6.19995,-1.694561348652,5.195484027523));
#1303 = B_SPLINE_CURVE_WITH_KNOTS('',3,(#1304,#1305,#1306,#1307),
  .UNSPECIFIED.,.F.,.F.,(4,4),(23.,24.),.PIECEWISE_BEZIER_KNOTS.);
#1304 = CARTESIAN_POINT('',(6.19995,-1.694561348652,5.195484027523));
#1305 = CARTESIAN_POINT('',(6.19995,-1.601295192698,5.195484027523));
#1306 = CARTESIAN_POINT('',(6.19995,-1.525380866243,5.119569701068));
#1307 = CARTESIAN_POINT('',(6.19995,-1.525380866243,5.026303545114));
#1308 = ORIENTED_EDGE('',*,*,#1309,.F.);
#1309 = EDGE_CURVE('',#1310,#1301,#1312,.T.);
#1310 = VERTEX_POINT('',#1311);
#1311 = CARTESIAN_POINT('',(6.19995,-1.711913178151,5.195484027523));
#1312 = B_SPLINE_CURVE_WITH_KNOTS('',3,(#1313,#1314,#1315,#1316),
  .UNSPECIFIED.,.F.,.F.,(4,4),(22.,23.),.PIECEWISE_BEZIER_KNOTS.);
#1313 = CARTESIAN_POINT('',(6.19995,-1.711913178151,5.195484027523));
#1314 = CARTESIAN_POINT('',(6.19995,-1.705406252432,5.195484027523));
#1315 = CARTESIAN_POINT('',(6.19995,-1.701068274372,5.195484027523));
#1316 = CARTESIAN_POINT('',(6.19995,-1.694561348652,5.195484027523));
#1317 = ORIENTED_EDGE('',*,*,#1318,.F.);
#1318 = EDGE_CURVE('',#1319,#1310,#1321,.T.);
#1319 = VERTEX_POINT('',#1320);
#1320 = CARTESIAN_POINT('',(6.19995,-2.015570483971,5.466606622005));
#1321 = B_SPLINE_CURVE_WITH_KNOTS('',3,(#1322,#1323,#1324,#1325),
  .UNSPECIFIED.,.F.,.F.,(4,4),(21.,22.),.PIECEWISE_BEZIER_KNOTS.);
#1322 = CARTESIAN_POINT('',(6.19995,-2.015570483971,5.466606622005));
#1323 = CARTESIAN_POINT('',(6.19995,-1.859403853001,5.466606622005));
#1324 = CARTESIAN_POINT('',(6.19995,-1.72926500765,5.347312680432));
#1325 = CARTESIAN_POINT('',(6.19995,-1.711913178151,5.195484027523));
#1326 = ORIENTED_EDGE('',*,*,#1327,.F.);
#1327 = EDGE_CURVE('',#1328,#1319,#1330,.T.);
#1328 = VERTEX_POINT('',#1329);
#1329 = CARTESIAN_POINT('',(6.19995,-2.306213855613,5.258384585277));
#1330 = B_SPLINE_CURVE_WITH_KNOTS('',3,(#1331,#1332,#1333,#1334),
  .UNSPECIFIED.,.F.,.F.,(4,4),(20.,21.),.PIECEWISE_BEZIER_KNOTS.);
#1331 = CARTESIAN_POINT('',(6.19995,-2.306213855613,5.258384585277));
#1332 = CARTESIAN_POINT('',(6.19995,-2.265003270895,5.379847391771));
#1333 = CARTESIAN_POINT('',(6.19995,-2.152216255043,5.466606622005));
#1334 = CARTESIAN_POINT('',(6.19995,-2.015570483971,5.466606622005));
#1335 = ORIENTED_EDGE('',*,*,#1336,.F.);
#1336 = EDGE_CURVE('',#1337,#1328,#1339,.T.);
#1337 = VERTEX_POINT('',#1338);
#1338 = CARTESIAN_POINT('',(6.19995,-2.421169819126,5.290919296616));
#1339 = B_SPLINE_CURVE_WITH_KNOTS('',3,(#1340,#1341,#1342,#1343),
  .UNSPECIFIED.,.F.,.F.,(4,4),(19.,20.),.PIECEWISE_BEZIER_KNOTS.);
#1340 = CARTESIAN_POINT('',(6.19995,-2.421169819126,5.290919296616));
#1341 = CARTESIAN_POINT('',(6.19995,-2.379959193037,5.290919296616));
#1342 = CARTESIAN_POINT('',(6.19995,-2.33874856695,5.277905403808));
#1343 = CARTESIAN_POINT('',(6.19995,-2.306213855613,5.258384585277));
#1344 = ORIENTED_EDGE('',*,*,#1345,.F.);
#1345 = EDGE_CURVE('',#1346,#1337,#1348,.T.);
#1346 = VERTEX_POINT('',#1347);
#1347 = CARTESIAN_POINT('',(6.19995,-2.638067894711,5.074021221031));
#1348 = B_SPLINE_CURVE_WITH_KNOTS('',3,(#1349,#1350,#1351,#1352),
  .UNSPECIFIED.,.F.,.F.,(4,4),(18.,19.),.PIECEWISE_BEZIER_KNOTS.);
#1349 = CARTESIAN_POINT('',(6.19995,-2.638067894711,5.074021221031));
#1350 = CARTESIAN_POINT('',(6.19995,-2.638067894711,5.193315162603));
#1351 = CARTESIAN_POINT('',(6.19995,-2.540463760697,5.290919296616));
#1352 = CARTESIAN_POINT('',(6.19995,-2.421169819126,5.290919296616));
#1353 = ORIENTED_EDGE('',*,*,#1354,.F.);
#1354 = EDGE_CURVE('',#1355,#1346,#1357,.T.);
#1355 = VERTEX_POINT('',#1356);
#1356 = CARTESIAN_POINT('',(6.19995,-2.50792904936,4.874474974944));
#1357 = B_SPLINE_CURVE_WITH_KNOTS('',3,(#1358,#1359,#1360,#1361),
  .UNSPECIFIED.,.F.,.F.,(4,4),(17.,18.),.PIECEWISE_BEZIER_KNOTS.);
#1358 = CARTESIAN_POINT('',(6.19995,-2.50792904936,4.874474974944));
#1359 = CARTESIAN_POINT('',(6.19995,-2.583843375814,4.909178675311));
#1360 = CARTESIAN_POINT('',(6.19995,-2.638067894711,4.985093001766));
#1361 = CARTESIAN_POINT('',(6.19995,-2.638067894711,5.074021221031));
#1362 = ORIENTED_EDGE('',*,*,#1363,.F.);
#1363 = EDGE_CURVE('',#1364,#1355,#1366,.T.);
#1364 = VERTEX_POINT('',#1365);
#1365 = CARTESIAN_POINT('',(6.19995,-2.304044866582,5.017627713105));
#1366 = B_SPLINE_CURVE_WITH_KNOTS('',3,(#1367,#1368,#1369,#1370),
  .UNSPECIFIED.,.F.,.F.,(4,4),(16.,17.),.PIECEWISE_BEZIER_KNOTS.);
#1367 = CARTESIAN_POINT('',(6.19995,-2.304044866582,5.017627713105));
#1368 = CARTESIAN_POINT('',(6.19995,-2.397311063906,5.017627713105));
#1369 = CARTESIAN_POINT('',(6.19995,-2.477563327051,4.95689626849));
#1370 = CARTESIAN_POINT('',(6.19995,-2.50792904936,4.874474974944));
#1371 = ORIENTED_EDGE('',*,*,#1372,.F.);
#1372 = EDGE_CURVE('',#1373,#1364,#1375,.T.);
#1373 = VERTEX_POINT('',#1374);
#1374 = CARTESIAN_POINT('',(6.19995,-2.141371309893,4.943882375679));
#1375 = B_SPLINE_CURVE_WITH_KNOTS('',3,(#1376,#1377,#1378,#1379),
  .UNSPECIFIED.,.F.,.F.,(4,4),(15.,16.),.PIECEWISE_BEZIER_KNOTS.);
#1376 = CARTESIAN_POINT('',(6.19995,-2.141371309893,4.943882375679));
#1377 = CARTESIAN_POINT('',(6.19995,-2.180412946951,4.989430979826));
#1378 = CARTESIAN_POINT('',(6.19995,-2.238975443907,5.017627713105));
#1379 = CARTESIAN_POINT('',(6.19995,-2.304044866582,5.017627713105));
#1380 = ORIENTED_EDGE('',*,*,#1381,.F.);
#1381 = EDGE_CURVE('',#1382,#1373,#1384,.T.);
#1382 = VERTEX_POINT('',#1383);
#1383 = CARTESIAN_POINT('',(6.19995,-1.850727896882,5.095711028589));
#1384 = B_SPLINE_CURVE_WITH_KNOTS('',1,(#1385,#1386),.UNSPECIFIED.,.F.,
  .F.,(2,2),(4.112426536078E-16,0.327910861929),
  .PIECEWISE_BEZIER_KNOTS.);
#1385 = CARTESIAN_POINT('',(6.19995,-1.850727896882,5.095711028589));
#1386 = CARTESIAN_POINT('',(6.19995,-2.141371309893,4.943882375679));
#1387 = ORIENTED_EDGE('',*,*,#1388,.F.);
#1388 = EDGE_CURVE('',#1389,#1382,#1391,.T.);
#1389 = VERTEX_POINT('',#1390);
#1390 = CARTESIAN_POINT('',(6.19995,-1.783489526546,4.980755023707));
#1391 = B_SPLINE_CURVE_WITH_KNOTS('',1,(#1392,#1393),.UNSPECIFIED.,.F.,
  .F.,(2,2),(6.075454839621E-16,0.133176129632),
  .PIECEWISE_BEZIER_KNOTS.);
#1392 = CARTESIAN_POINT('',(6.19995,-1.783489526546,4.980755023707));
#1393 = CARTESIAN_POINT('',(6.19995,-1.850727896882,5.095711028589));
#1394 = ORIENTED_EDGE('',*,*,#1395,.F.);
#1395 = EDGE_CURVE('',#1396,#1389,#1398,.T.);
#1396 = VERTEX_POINT('',#1397);
#1397 = CARTESIAN_POINT('',(6.19995,-2.087146832366,4.820250456048));
#1398 = B_SPLINE_CURVE_WITH_KNOTS('',1,(#1399,#1400),.UNSPECIFIED.,.F.,
  .F.,(2,2),(-3.112891989207E-16,0.343466847916),
  .PIECEWISE_BEZIER_KNOTS.);
#1399 = CARTESIAN_POINT('',(6.19995,-2.087146832366,4.820250456048));
#1400 = CARTESIAN_POINT('',(6.19995,-1.783489526546,4.980755023707));
#1401 = ORIENTED_EDGE('',*,*,#1402,.F.);
#1402 = EDGE_CURVE('',#1403,#1396,#1405,.T.);
#1403 = VERTEX_POINT('',#1404);
#1404 = CARTESIAN_POINT('',(6.19995,-2.087146832366,4.798560648488));
#1405 = B_SPLINE_CURVE_WITH_KNOTS('',3,(#1406,#1407,#1408,#1409),
  .UNSPECIFIED.,.F.,.F.,(4,4),(11.,12.),.PIECEWISE_BEZIER_KNOTS.);
#1406 = CARTESIAN_POINT('',(6.19995,-2.087146832366,4.798560648488));
#1407 = CARTESIAN_POINT('',(6.19995,-2.087146832366,4.805067574208));
#1408 = CARTESIAN_POINT('',(6.19995,-2.087146832366,4.811574499928));
#1409 = CARTESIAN_POINT('',(6.19995,-2.087146832366,4.820250456048));
#1410 = ORIENTED_EDGE('',*,*,#1411,.F.);
#1411 = EDGE_CURVE('',#1412,#1403,#1414,.T.);
#1412 = VERTEX_POINT('',#1413);
#1413 = CARTESIAN_POINT('',(6.19995,-2.304044907952,4.581662572902));
#1414 = B_SPLINE_CURVE_WITH_KNOTS('',3,(#1415,#1416,#1417,#1418),
  .UNSPECIFIED.,.F.,.F.,(4,4),(10.,11.),.PIECEWISE_BEZIER_KNOTS.);
#1415 = CARTESIAN_POINT('',(6.19995,-2.304044907952,4.581662572902));
#1416 = CARTESIAN_POINT('',(6.19995,-2.184750966381,4.581662572902));
#1417 = CARTESIAN_POINT('',(6.19995,-2.087146832366,4.679266706915));
#1418 = CARTESIAN_POINT('',(6.19995,-2.087146832366,4.798560648488));
#1419 = ORIENTED_EDGE('',*,*,#1420,.F.);
#1420 = EDGE_CURVE('',#1421,#1412,#1423,.T.);
#1421 = VERTEX_POINT('',#1422);
#1422 = CARTESIAN_POINT('',(6.19995,-2.510098100445,4.729153247753));
#1423 = B_SPLINE_CURVE_WITH_KNOTS('',3,(#1424,#1425,#1426,#1427),
  .UNSPECIFIED.,.F.,.F.,(4,4),(9.,10.),.PIECEWISE_BEZIER_KNOTS.);
#1424 = CARTESIAN_POINT('',(6.19995,-2.510098100445,4.729153247753));
#1425 = CARTESIAN_POINT('',(6.19995,-2.481901346482,4.642394017517));
#1426 = CARTESIAN_POINT('',(6.19995,-2.399480094307,4.581662572902));
#1427 = CARTESIAN_POINT('',(6.19995,-2.304044907952,4.581662572902));
#1428 = ORIENTED_EDGE('',*,*,#1429,.F.);
#1429 = EDGE_CURVE('',#1430,#1421,#1432,.T.);
#1430 = VERTEX_POINT('',#1431);
#1431 = CARTESIAN_POINT('',(6.19995,-2.683616560913,4.833264307486));
#1432 = B_SPLINE_CURVE_WITH_KNOTS('',3,(#1433,#1434,#1435,#1436),
  .UNSPECIFIED.,.F.,.F.,(4,4),(8.,9.),.PIECEWISE_BEZIER_KNOTS.);
#1433 = CARTESIAN_POINT('',(6.19995,-2.683616560913,4.833264307486));
#1434 = CARTESIAN_POINT('',(6.19995,-2.635898988422,4.781208736248));
#1435 = CARTESIAN_POINT('',(6.19995,-2.577336491465,4.746505077252));
#1436 = CARTESIAN_POINT('',(6.19995,-2.510098100445,4.729153247753));
#1437 = ORIENTED_EDGE('',*,*,#1438,.F.);
#1438 = EDGE_CURVE('',#1439,#1430,#1441,.T.);
#1439 = VERTEX_POINT('',#1440);
#1440 = CARTESIAN_POINT('',(6.19995,-2.774713748522,5.069683160232));
#1441 = B_SPLINE_CURVE_WITH_KNOTS('',3,(#1442,#1443,#1444,#1445),
  .UNSPECIFIED.,.F.,.F.,(4,4),(7.,8.),.PIECEWISE_BEZIER_KNOTS.);
#1442 = CARTESIAN_POINT('',(6.19995,-2.774713748522,5.069683160232));
#1443 = CARTESIAN_POINT('',(6.19995,-2.774713748522,4.982923929996));
#1444 = CARTESIAN_POINT('',(6.19995,-2.742179037185,4.898333647422));
#1445 = CARTESIAN_POINT('',(6.19995,-2.683616560913,4.833264307486));
#1446 = ORIENTED_EDGE('',*,*,#1447,.F.);
#1447 = EDGE_CURVE('',#1448,#1439,#1450,.T.);
#1448 = VERTEX_POINT('',#1449);
#1449 = CARTESIAN_POINT('',(6.19995,-2.672771595079,5.31694693744));
#1450 = B_SPLINE_CURVE_WITH_KNOTS('',3,(#1451,#1452,#1453,#1454),
  .UNSPECIFIED.,.F.,.F.,(4,4),(6.,7.),.PIECEWISE_BEZIER_KNOTS.);
#1451 = CARTESIAN_POINT('',(6.19995,-2.672771595079,5.31694693744));
#1452 = CARTESIAN_POINT('',(6.19995,-2.737841074639,5.251877535449));
#1453 = CARTESIAN_POINT('',(6.19995,-2.774713748522,5.162949316184));
#1454 = CARTESIAN_POINT('',(6.19995,-2.774713748522,5.069683160232));
#1455 = ORIENTED_EDGE('',*,*,#1456,.F.);
#1456 = EDGE_CURVE('',#1457,#1448,#1459,.T.);
#1457 = VERTEX_POINT('',#1458);
#1458 = CARTESIAN_POINT('',(6.19995,-2.423338808155,5.421058017858));
#1459 = B_SPLINE_CURVE_WITH_KNOTS('',3,(#1460,#1461,#1462,#1463),
  .UNSPECIFIED.,.F.,.F.,(4,4),(5.,6.),.PIECEWISE_BEZIER_KNOTS.);
#1460 = CARTESIAN_POINT('',(6.19995,-2.423338808155,5.421058017858));
#1461 = CARTESIAN_POINT('',(6.19995,-2.516604984794,5.421058017858));
#1462 = CARTESIAN_POINT('',(6.19995,-2.605533183373,5.384185349147));
#1463 = CARTESIAN_POINT('',(6.19995,-2.672771595079,5.31694693744));
#1464 = ORIENTED_EDGE('',*,*,#1465,.F.);
#1465 = EDGE_CURVE('',#1466,#1457,#1468,.T.);
#1466 = VERTEX_POINT('',#1467);
#1467 = CARTESIAN_POINT('',(6.19995,-2.373452267318,5.416720060484));
#1468 = B_SPLINE_CURVE_WITH_KNOTS('',3,(#1469,#1470,#1471,#1472),
  .UNSPECIFIED.,.F.,.F.,(4,4),(4.,5.),.PIECEWISE_BEZIER_KNOTS.);
#1469 = CARTESIAN_POINT('',(6.19995,-2.373452267318,5.416720060484));
#1470 = CARTESIAN_POINT('',(6.19995,-2.390804096817,5.418889049513));
#1471 = CARTESIAN_POINT('',(6.19995,-2.405986978656,5.421058017858));
#1472 = CARTESIAN_POINT('',(6.19995,-2.423338808155,5.421058017858));
#1473 = ORIENTED_EDGE('',*,*,#1474,.F.);
#1474 = EDGE_CURVE('',#1475,#1466,#1477,.T.);
#1475 = VERTEX_POINT('',#1476);
#1476 = CARTESIAN_POINT('',(6.19995,-2.278017122335,5.512155215809));
#1477 = B_SPLINE_CURVE_WITH_KNOTS('',3,(#1478,#1479,#1480,#1481),
  .UNSPECIFIED.,.F.,.F.,(4,4),(3.,4.),.PIECEWISE_BEZIER_KNOTS.);
#1478 = CARTESIAN_POINT('',(6.19995,-2.278017122335,5.512155215809));
#1479 = CARTESIAN_POINT('',(6.19995,-2.314889811732,5.486127440534));
#1480 = CARTESIAN_POINT('',(6.19995,-2.34525553404,5.453592729197));
#1481 = CARTESIAN_POINT('',(6.19995,-2.373452267318,5.416720060484));
#1482 = ORIENTED_EDGE('',*,*,#1483,.F.);
#1483 = EDGE_CURVE('',#1484,#1475,#1486,.T.);
#1484 = VERTEX_POINT('',#1485);
#1485 = CARTESIAN_POINT('',(6.19995,-2.017739431631,5.596745467357));
#1486 = B_SPLINE_CURVE_WITH_KNOTS('',3,(#1487,#1488,#1489,#1490),
  .UNSPECIFIED.,.F.,.F.,(4,4),(2.,3.),.PIECEWISE_BEZIER_KNOTS.);
#1487 = CARTESIAN_POINT('',(6.19995,-2.017739431631,5.596745467357));
#1488 = CARTESIAN_POINT('',(6.19995,-2.113174576615,5.596745467357));
#1489 = CARTESIAN_POINT('',(6.19995,-2.202102795879,5.566379737292));
#1490 = CARTESIAN_POINT('',(6.19995,-2.278017122335,5.512155215809));
#1491 = ORIENTED_EDGE('',*,*,#1492,.F.);
#1492 = EDGE_CURVE('',#1493,#1484,#1495,.T.);
#1493 = VERTEX_POINT('',#1494);
#1494 = CARTESIAN_POINT('',(6.19995,-1.72275808193,5.483958461846));
#1495 = B_SPLINE_CURVE_WITH_KNOTS('',3,(#1496,#1497,#1498,#1499),
  .UNSPECIFIED.,.F.,.F.,(4,4),(1.,2.),.PIECEWISE_BEZIER_KNOTS.);
#1496 = CARTESIAN_POINT('',(6.19995,-1.72275808193,5.483958461846));
#1497 = CARTESIAN_POINT('',(6.19995,-1.805179334105,5.555534833513));
#1498 = CARTESIAN_POINT('',(6.19995,-1.909290393839,5.596745467357));
#1499 = CARTESIAN_POINT('',(6.19995,-2.017739431631,5.596745467357));
#1500 = ORIENTED_EDGE('',*,*,#1501,.F.);
#1501 = EDGE_CURVE('',#1224,#1493,#1502,.T.);
#1502 = B_SPLINE_CURVE_WITH_KNOTS('',3,(#1503,#1504,#1505,#1506),
  .UNSPECIFIED.,.F.,.F.,(4,4),(0.,1.),.PIECEWISE_BEZIER_KNOTS.);
#1503 = CARTESIAN_POINT('',(6.19995,-1.605633088017,5.312608980066));
#1504 = CARTESIAN_POINT('',(6.19995,-1.629491843236,5.37767840274));
#1505 = CARTESIAN_POINT('',(6.19995,-1.670702510693,5.436240879013));
#1506 = CARTESIAN_POINT('',(6.19995,-1.72275808193,5.483958461846));
#1507 = B_SPLINE_SURFACE_WITH_KNOTS('',1,1,(
    (#1508,#1509)
    ,(#1510,#1511
    )),.UNSPECIFIED.,.F.,.F.,.F.,(2,2),(2,2),(-6.1,0.),(0.,11.5),
  .PIECEWISE_BEZIER_KNOTS.);
#1508 = CARTESIAN_POINT('',(6.19995,-5.75,3.4000001));
#1509 = CARTESIAN_POINT('',(6.19995,5.75,3.4000001));
#1510 = CARTESIAN_POINT('',(6.19995,-5.75,9.5000001));
#1511 = CARTESIAN_POINT('',(6.19995,5.75,9.5000001));
#1512 = ADVANCED_FACE('',(#1513),#1808,.F.);
#1513 = FACE_BOUND('',#1514,.T.);
#1514 = EDGE_LOOP('',(#1515,#1524,#1531,#1538,#1545,#1552,#1559,#1566,
    #1573,#1580,#1587,#1594,#1601,#1608,#1616,#1621,#1622,#1630,#1637,
    #1645,#1652,#1660,#1667,#1674,#1681,#1688,#1695,#1703,#1710,#1718,
    #1725,#1733,#1740,#1748,#1755,#1760,#1761,#1768,#1775,#1782,#1789,
    #1796,#1803));
#1515 = ORIENTED_EDGE('',*,*,#1516,.F.);
#1516 = EDGE_CURVE('',#1517,#1519,#1521,.T.);
#1517 = VERTEX_POINT('',#1518);
#1518 = CARTESIAN_POINT('',(0.30995,1.25,9.5000001));
#1519 = VERTEX_POINT('',#1520);
#1520 = CARTESIAN_POINT('',(0.30995,0.45,9.5000001));
#1521 = B_SPLINE_CURVE_WITH_KNOTS('',1,(#1522,#1523),.UNSPECIFIED.,.F.,
  .F.,(2,2),(0.,0.8),.PIECEWISE_BEZIER_KNOTS.);
#1522 = CARTESIAN_POINT('',(0.30995,1.25,9.5000001));
#1523 = CARTESIAN_POINT('',(0.30995,0.45,9.5000001));
#1524 = ORIENTED_EDGE('',*,*,#1525,.F.);
#1525 = EDGE_CURVE('',#1526,#1517,#1528,.T.);
#1526 = VERTEX_POINT('',#1527);
#1527 = CARTESIAN_POINT('',(-0.43005,1.25,9.5000001));
#1528 = B_SPLINE_CURVE_WITH_KNOTS('',1,(#1529,#1530),.UNSPECIFIED.,.F.,
  .F.,(2,2),(5.77,6.51),.PIECEWISE_BEZIER_KNOTS.);
#1529 = CARTESIAN_POINT('',(-0.43005,1.25,9.5000001));
#1530 = CARTESIAN_POINT('',(0.30995,1.25,9.5000001));
#1531 = ORIENTED_EDGE('',*,*,#1532,.T.);
#1532 = EDGE_CURVE('',#1526,#1533,#1535,.T.);
#1533 = VERTEX_POINT('',#1534);
#1534 = CARTESIAN_POINT('',(-0.43005,0.45,9.5000001));
#1535 = B_SPLINE_CURVE_WITH_KNOTS('',1,(#1536,#1537),.UNSPECIFIED.,.F.,
  .F.,(2,2),(0.,0.8),.PIECEWISE_BEZIER_KNOTS.);
#1536 = CARTESIAN_POINT('',(-0.43005,1.25,9.5000001));
#1537 = CARTESIAN_POINT('',(-0.43005,0.45,9.5000001));
#1538 = ORIENTED_EDGE('',*,*,#1539,.F.);
#1539 = EDGE_CURVE('',#1540,#1533,#1542,.T.);
#1540 = VERTEX_POINT('',#1541);
#1541 = CARTESIAN_POINT('',(-2.23005,0.45,9.5000001));
#1542 = B_SPLINE_CURVE_WITH_KNOTS('',1,(#1543,#1544),.UNSPECIFIED.,.F.,
  .F.,(2,2),(0.,1.8),.PIECEWISE_BEZIER_KNOTS.);
#1543 = CARTESIAN_POINT('',(-2.23005,0.45,9.5000001));
#1544 = CARTESIAN_POINT('',(-0.43005,0.45,9.5000001));
#1545 = ORIENTED_EDGE('',*,*,#1546,.F.);
#1546 = EDGE_CURVE('',#1547,#1540,#1549,.T.);
#1547 = VERTEX_POINT('',#1548);
#1548 = CARTESIAN_POINT('',(-2.23005,1.25,9.5000001));
#1549 = B_SPLINE_CURVE_WITH_KNOTS('',1,(#1550,#1551),.UNSPECIFIED.,.F.,
  .F.,(2,2),(0.,0.8),.PIECEWISE_BEZIER_KNOTS.);
#1550 = CARTESIAN_POINT('',(-2.23005,1.25,9.5000001));
#1551 = CARTESIAN_POINT('',(-2.23005,0.45,9.5000001));
#1552 = ORIENTED_EDGE('',*,*,#1553,.F.);
#1553 = EDGE_CURVE('',#1554,#1547,#1556,.T.);
#1554 = VERTEX_POINT('',#1555);
#1555 = CARTESIAN_POINT('',(-2.97005,1.25,9.5000001));
#1556 = B_SPLINE_CURVE_WITH_KNOTS('',1,(#1557,#1558),.UNSPECIFIED.,.F.,
  .F.,(2,2),(3.23,3.97),.PIECEWISE_BEZIER_KNOTS.);
#1557 = CARTESIAN_POINT('',(-2.97005,1.25,9.5000001));
#1558 = CARTESIAN_POINT('',(-2.23005,1.25,9.5000001));
#1559 = ORIENTED_EDGE('',*,*,#1560,.T.);
#1560 = EDGE_CURVE('',#1554,#1561,#1563,.T.);
#1561 = VERTEX_POINT('',#1562);
#1562 = CARTESIAN_POINT('',(-2.97005,0.45,9.5000001));
#1563 = B_SPLINE_CURVE_WITH_KNOTS('',1,(#1564,#1565),.UNSPECIFIED.,.F.,
  .F.,(2,2),(0.,0.8),.PIECEWISE_BEZIER_KNOTS.);
#1564 = CARTESIAN_POINT('',(-2.97005,1.25,9.5000001));
#1565 = CARTESIAN_POINT('',(-2.97005,0.45,9.5000001));
#1566 = ORIENTED_EDGE('',*,*,#1567,.F.);
#1567 = EDGE_CURVE('',#1568,#1561,#1570,.T.);
#1568 = VERTEX_POINT('',#1569);
#1569 = CARTESIAN_POINT('',(-4.77005,0.45,9.5000001));
#1570 = B_SPLINE_CURVE_WITH_KNOTS('',1,(#1571,#1572),.UNSPECIFIED.,.F.,
  .F.,(2,2),(0.,1.8),.PIECEWISE_BEZIER_KNOTS.);
#1571 = CARTESIAN_POINT('',(-4.77005,0.45,9.5000001));
#1572 = CARTESIAN_POINT('',(-2.97005,0.45,9.5000001));
#1573 = ORIENTED_EDGE('',*,*,#1574,.F.);
#1574 = EDGE_CURVE('',#1575,#1568,#1577,.T.);
#1575 = VERTEX_POINT('',#1576);
#1576 = CARTESIAN_POINT('',(-4.77005,1.25,9.5000001));
#1577 = B_SPLINE_CURVE_WITH_KNOTS('',1,(#1578,#1579),.UNSPECIFIED.,.F.,
  .F.,(2,2),(0.,0.8),.PIECEWISE_BEZIER_KNOTS.);
#1578 = CARTESIAN_POINT('',(-4.77005,1.25,9.5000001));
#1579 = CARTESIAN_POINT('',(-4.77005,0.45,9.5000001));
#1580 = ORIENTED_EDGE('',*,*,#1581,.F.);
#1581 = EDGE_CURVE('',#1582,#1575,#1584,.T.);
#1582 = VERTEX_POINT('',#1583);
#1583 = CARTESIAN_POINT('',(-6.20005,1.25,9.5000001));
#1584 = B_SPLINE_CURVE_WITH_KNOTS('',1,(#1585,#1586),.UNSPECIFIED.,.F.,
  .F.,(2,2),(0.,1.43),.PIECEWISE_BEZIER_KNOTS.);
#1585 = CARTESIAN_POINT('',(-6.20005,1.25,9.5000001));
#1586 = CARTESIAN_POINT('',(-4.77005,1.25,9.5000001));
#1587 = ORIENTED_EDGE('',*,*,#1588,.T.);
#1588 = EDGE_CURVE('',#1582,#1589,#1591,.T.);
#1589 = VERTEX_POINT('',#1590);
#1590 = CARTESIAN_POINT('',(-6.20005,-5.75,9.5000001));
#1591 = B_SPLINE_CURVE_WITH_KNOTS('',1,(#1592,#1593),.UNSPECIFIED.,.F.,
  .F.,(2,2),(-7.,-0.),.PIECEWISE_BEZIER_KNOTS.);
#1592 = CARTESIAN_POINT('',(-6.20005,1.25,9.5000001));
#1593 = CARTESIAN_POINT('',(-6.20005,-5.75,9.5000001));
#1594 = ORIENTED_EDGE('',*,*,#1595,.T.);
#1595 = EDGE_CURVE('',#1589,#1596,#1598,.T.);
#1596 = VERTEX_POINT('',#1597);
#1597 = CARTESIAN_POINT('',(-4.47505,-5.75,9.5000001));
#1598 = B_SPLINE_CURVE_WITH_KNOTS('',1,(#1599,#1600),.UNSPECIFIED.,.F.,
  .F.,(2,2),(0.,1.725),.PIECEWISE_BEZIER_KNOTS.);
#1599 = CARTESIAN_POINT('',(-6.20005,-5.75,9.5000001));
#1600 = CARTESIAN_POINT('',(-4.47505,-5.75,9.5000001));
#1601 = ORIENTED_EDGE('',*,*,#1602,.F.);
#1602 = EDGE_CURVE('',#1603,#1596,#1605,.T.);
#1603 = VERTEX_POINT('',#1604);
#1604 = CARTESIAN_POINT('',(-4.47505,-5.55,9.5000001));
#1605 = B_SPLINE_CURVE_WITH_KNOTS('',1,(#1606,#1607),.UNSPECIFIED.,.F.,
  .F.,(2,2),(0.,0.2),.PIECEWISE_BEZIER_KNOTS.);
#1606 = CARTESIAN_POINT('',(-4.47505,-5.55,9.5000001));
#1607 = CARTESIAN_POINT('',(-4.47505,-5.75,9.5000001));
#1608 = ORIENTED_EDGE('',*,*,#1609,.F.);
#1609 = EDGE_CURVE('',#1610,#1603,#1612,.T.);
#1610 = VERTEX_POINT('',#1611);
#1611 = CARTESIAN_POINT('',(-4.39505,-5.39,9.5000001));
#1612 = ( BOUNDED_CURVE() B_SPLINE_CURVE(2,(#1613,#1614,#1615),
.UNSPECIFIED.,.F.,.F.) B_SPLINE_CURVE_WITH_KNOTS((3,3),(2.214297435588,
3.14159265359),.PIECEWISE_BEZIER_KNOTS.) CURVE() 
GEOMETRIC_REPRESENTATION_ITEM() RATIONAL_B_SPLINE_CURVE((1.,0.894427191,
1.)) REPRESENTATION_ITEM('') );
#1613 = CARTESIAN_POINT('',(-4.39505,-5.39,9.5000001));
#1614 = CARTESIAN_POINT('',(-4.47505,-5.45,9.5000001));
#1615 = CARTESIAN_POINT('',(-4.47505,-5.55,9.5000001));
#1616 = ORIENTED_EDGE('',*,*,#1617,.F.);
#1617 = EDGE_CURVE('',#39,#1610,#1618,.T.);
#1618 = B_SPLINE_CURVE_WITH_KNOTS('',1,(#1619,#1620),.UNSPECIFIED.,.F.,
  .F.,(2,2),(0.,8.E-02),.PIECEWISE_BEZIER_KNOTS.);
#1619 = CARTESIAN_POINT('',(-4.33105,-5.342,9.5000001));
#1620 = CARTESIAN_POINT('',(-4.39505,-5.39,9.5000001));
#1621 = ORIENTED_EDGE('',*,*,#38,.F.);
#1622 = ORIENTED_EDGE('',*,*,#1623,.F.);
#1623 = EDGE_CURVE('',#1624,#32,#1626,.T.);
#1624 = VERTEX_POINT('',#1625);
#1625 = CARTESIAN_POINT('',(-4.33105,-4.958,9.5000001));
#1626 = ( BOUNDED_CURVE() B_SPLINE_CURVE(2,(#1627,#1628,#1629),
.UNSPECIFIED.,.F.,.F.) B_SPLINE_CURVE_WITH_KNOTS((3,3),(2.214297435588,
3.14159265359),.PIECEWISE_BEZIER_KNOTS.) CURVE() 
GEOMETRIC_REPRESENTATION_ITEM() RATIONAL_B_SPLINE_CURVE((1.,0.894427191,
1.)) REPRESENTATION_ITEM('') );
#1627 = CARTESIAN_POINT('',(-4.33105,-4.958,9.5000001));
#1628 = CARTESIAN_POINT('',(-4.23505,-5.03,9.5000001));
#1629 = CARTESIAN_POINT('',(-4.23505,-5.15,9.5000001));
#1630 = ORIENTED_EDGE('',*,*,#1631,.F.);
#1631 = EDGE_CURVE('',#1632,#1624,#1634,.T.);
#1632 = VERTEX_POINT('',#1633);
#1633 = CARTESIAN_POINT('',(-4.39505,-4.91,9.5000001));
#1634 = B_SPLINE_CURVE_WITH_KNOTS('',1,(#1635,#1636),.UNSPECIFIED.,.F.,
  .F.,(2,2),(0.,8.E-02),.PIECEWISE_BEZIER_KNOTS.);
#1635 = CARTESIAN_POINT('',(-4.39505,-4.91,9.5000001));
#1636 = CARTESIAN_POINT('',(-4.33105,-4.958,9.5000001));
#1637 = ORIENTED_EDGE('',*,*,#1638,.F.);
#1638 = EDGE_CURVE('',#1639,#1632,#1641,.T.);
#1639 = VERTEX_POINT('',#1640);
#1640 = CARTESIAN_POINT('',(-4.47505,-4.75,9.5000001));
#1641 = ( BOUNDED_CURVE() B_SPLINE_CURVE(2,(#1642,#1643,#1644),
.UNSPECIFIED.,.F.,.F.) B_SPLINE_CURVE_WITH_KNOTS((3,3),(3.14159265359,
4.068887871591),.PIECEWISE_BEZIER_KNOTS.) CURVE() 
GEOMETRIC_REPRESENTATION_ITEM() RATIONAL_B_SPLINE_CURVE((1.,0.894427191,
1.)) REPRESENTATION_ITEM('') );
#1642 = CARTESIAN_POINT('',(-4.47505,-4.75,9.5000001));
#1643 = CARTESIAN_POINT('',(-4.47505,-4.85,9.5000001));
#1644 = CARTESIAN_POINT('',(-4.39505,-4.91,9.5000001));
#1645 = ORIENTED_EDGE('',*,*,#1646,.F.);
#1646 = EDGE_CURVE('',#1647,#1639,#1649,.T.);
#1647 = VERTEX_POINT('',#1648);
#1648 = CARTESIAN_POINT('',(-4.47505,-2.7,9.5000001));
#1649 = B_SPLINE_CURVE_WITH_KNOTS('',1,(#1650,#1651),.UNSPECIFIED.,.F.,
  .F.,(2,2),(0.,2.05),.PIECEWISE_BEZIER_KNOTS.);
#1650 = CARTESIAN_POINT('',(-4.47505,-2.7,9.5000001));
#1651 = CARTESIAN_POINT('',(-4.47505,-4.75,9.5000001));
#1652 = ORIENTED_EDGE('',*,*,#1653,.F.);
#1653 = EDGE_CURVE('',#1654,#1647,#1656,.T.);
#1654 = VERTEX_POINT('',#1655);
#1655 = CARTESIAN_POINT('',(-3.77505,-2.,9.5000001));
#1656 = ( BOUNDED_CURVE() B_SPLINE_CURVE(2,(#1657,#1658,#1659),
.UNSPECIFIED.,.F.,.F.) B_SPLINE_CURVE_WITH_KNOTS((3,3),(1.570796326795,
3.14159265359),.PIECEWISE_BEZIER_KNOTS.) CURVE() 
GEOMETRIC_REPRESENTATION_ITEM() RATIONAL_B_SPLINE_CURVE((1.,
0.707106781187,1.)) REPRESENTATION_ITEM('') );
#1657 = CARTESIAN_POINT('',(-3.77505,-2.,9.5000001));
#1658 = CARTESIAN_POINT('',(-4.47505,-2.,9.5000001));
#1659 = CARTESIAN_POINT('',(-4.47505,-2.7,9.5000001));
#1660 = ORIENTED_EDGE('',*,*,#1661,.F.);
#1661 = EDGE_CURVE('',#1662,#1654,#1664,.T.);
#1662 = VERTEX_POINT('',#1663);
#1663 = CARTESIAN_POINT('',(-3.27505,-2.,9.5000001));
#1664 = B_SPLINE_CURVE_WITH_KNOTS('',1,(#1665,#1666),.UNSPECIFIED.,.F.,
  .F.,(2,2),(0.,0.5),.PIECEWISE_BEZIER_KNOTS.);
#1665 = CARTESIAN_POINT('',(-3.27505,-2.,9.5000001));
#1666 = CARTESIAN_POINT('',(-3.77505,-2.,9.5000001));
#1667 = ORIENTED_EDGE('',*,*,#1668,.F.);
#1668 = EDGE_CURVE('',#1669,#1662,#1671,.T.);
#1669 = VERTEX_POINT('',#1670);
#1670 = CARTESIAN_POINT('',(-3.27505,-5.75,9.5000001));
#1671 = B_SPLINE_CURVE_WITH_KNOTS('',1,(#1672,#1673),.UNSPECIFIED.,.F.,
  .F.,(2,2),(0.,3.75),.PIECEWISE_BEZIER_KNOTS.);
#1672 = CARTESIAN_POINT('',(-3.27505,-5.75,9.5000001));
#1673 = CARTESIAN_POINT('',(-3.27505,-2.,9.5000001));
#1674 = ORIENTED_EDGE('',*,*,#1675,.T.);
#1675 = EDGE_CURVE('',#1669,#1676,#1678,.T.);
#1676 = VERTEX_POINT('',#1677);
#1677 = CARTESIAN_POINT('',(3.27495,-5.75,9.5000001));
#1678 = B_SPLINE_CURVE_WITH_KNOTS('',1,(#1679,#1680),.UNSPECIFIED.,.F.,
  .F.,(2,2),(2.925,9.475),.PIECEWISE_BEZIER_KNOTS.);
#1679 = CARTESIAN_POINT('',(-3.27505,-5.75,9.5000001));
#1680 = CARTESIAN_POINT('',(3.27495,-5.75,9.5000001));
#1681 = ORIENTED_EDGE('',*,*,#1682,.F.);
#1682 = EDGE_CURVE('',#1683,#1676,#1685,.T.);
#1683 = VERTEX_POINT('',#1684);
#1684 = CARTESIAN_POINT('',(3.27495,-2.,9.5000001));
#1685 = B_SPLINE_CURVE_WITH_KNOTS('',1,(#1686,#1687),.UNSPECIFIED.,.F.,
  .F.,(2,2),(-3.75,-0.),.PIECEWISE_BEZIER_KNOTS.);
#1686 = CARTESIAN_POINT('',(3.27495,-2.,9.5000001));
#1687 = CARTESIAN_POINT('',(3.27495,-5.75,9.5000001));
#1688 = ORIENTED_EDGE('',*,*,#1689,.F.);
#1689 = EDGE_CURVE('',#1690,#1683,#1692,.T.);
#1690 = VERTEX_POINT('',#1691);
#1691 = CARTESIAN_POINT('',(3.77495,-2.,9.5000001));
#1692 = B_SPLINE_CURVE_WITH_KNOTS('',1,(#1693,#1694),.UNSPECIFIED.,.F.,
  .F.,(2,2),(-0.5,-0.),.PIECEWISE_BEZIER_KNOTS.);
#1693 = CARTESIAN_POINT('',(3.77495,-2.,9.5000001));
#1694 = CARTESIAN_POINT('',(3.27495,-2.,9.5000001));
#1695 = ORIENTED_EDGE('',*,*,#1696,.F.);
#1696 = EDGE_CURVE('',#1697,#1690,#1699,.T.);
#1697 = VERTEX_POINT('',#1698);
#1698 = CARTESIAN_POINT('',(4.47495,-2.7,9.5000001));
#1699 = ( BOUNDED_CURVE() B_SPLINE_CURVE(2,(#1700,#1701,#1702),
.UNSPECIFIED.,.F.,.F.) B_SPLINE_CURVE_WITH_KNOTS((3,3),(3.14159265359,
4.712388980385),.PIECEWISE_BEZIER_KNOTS.) CURVE() 
GEOMETRIC_REPRESENTATION_ITEM() RATIONAL_B_SPLINE_CURVE((1.,
0.707106781187,1.)) REPRESENTATION_ITEM('') );
#1700 = CARTESIAN_POINT('',(4.47495,-2.7,9.5000001));
#1701 = CARTESIAN_POINT('',(4.47495,-2.,9.5000001));
#1702 = CARTESIAN_POINT('',(3.77495,-2.,9.5000001));
#1703 = ORIENTED_EDGE('',*,*,#1704,.F.);
#1704 = EDGE_CURVE('',#1705,#1697,#1707,.T.);
#1705 = VERTEX_POINT('',#1706);
#1706 = CARTESIAN_POINT('',(4.47495,-4.75,9.5000001));
#1707 = B_SPLINE_CURVE_WITH_KNOTS('',1,(#1708,#1709),.UNSPECIFIED.,.F.,
  .F.,(2,2),(-2.05,0.),.PIECEWISE_BEZIER_KNOTS.);
#1708 = CARTESIAN_POINT('',(4.47495,-4.75,9.5000001));
#1709 = CARTESIAN_POINT('',(4.47495,-2.7,9.5000001));
#1710 = ORIENTED_EDGE('',*,*,#1711,.F.);
#1711 = EDGE_CURVE('',#1712,#1705,#1714,.T.);
#1712 = VERTEX_POINT('',#1713);
#1713 = CARTESIAN_POINT('',(4.39495,-4.91,9.5000001));
#1714 = ( BOUNDED_CURVE() B_SPLINE_CURVE(2,(#1715,#1716,#1717),
.UNSPECIFIED.,.F.,.F.) B_SPLINE_CURVE_WITH_KNOTS((3,3),(2.214297435588,
3.14159265359),.PIECEWISE_BEZIER_KNOTS.) CURVE() 
GEOMETRIC_REPRESENTATION_ITEM() RATIONAL_B_SPLINE_CURVE((1.,0.894427191,
1.)) REPRESENTATION_ITEM('') );
#1715 = CARTESIAN_POINT('',(4.39495,-4.91,9.5000001));
#1716 = CARTESIAN_POINT('',(4.47495,-4.85,9.5000001));
#1717 = CARTESIAN_POINT('',(4.47495,-4.75,9.5000001));
#1718 = ORIENTED_EDGE('',*,*,#1719,.F.);
#1719 = EDGE_CURVE('',#1720,#1712,#1722,.T.);
#1720 = VERTEX_POINT('',#1721);
#1721 = CARTESIAN_POINT('',(4.33095,-4.958,9.5000001));
#1722 = B_SPLINE_CURVE_WITH_KNOTS('',1,(#1723,#1724),.UNSPECIFIED.,.F.,
  .F.,(2,2),(-8.E-02,-5.329070518201E-16),.PIECEWISE_BEZIER_KNOTS.);
#1723 = CARTESIAN_POINT('',(4.33095,-4.958,9.5000001));
#1724 = CARTESIAN_POINT('',(4.39495,-4.91,9.5000001));
#1725 = ORIENTED_EDGE('',*,*,#1726,.F.);
#1726 = EDGE_CURVE('',#1727,#1720,#1729,.T.);
#1727 = VERTEX_POINT('',#1728);
#1728 = CARTESIAN_POINT('',(4.33095,-5.342,9.5000001));
#1729 = ( BOUNDED_CURVE() B_SPLINE_CURVE(2,(#1730,#1731,#1732),
.UNSPECIFIED.,.F.,.F.) B_SPLINE_CURVE_WITH_KNOTS((3,3),(2.214297435588,
4.068887871591),.PIECEWISE_BEZIER_KNOTS.) CURVE() 
GEOMETRIC_REPRESENTATION_ITEM() RATIONAL_B_SPLINE_CURVE((1.,0.6,1.)) 
REPRESENTATION_ITEM('') );
#1730 = CARTESIAN_POINT('',(4.33095,-5.342,9.5000001));
#1731 = CARTESIAN_POINT('',(4.07495,-5.15,9.5000001));
#1732 = CARTESIAN_POINT('',(4.33095,-4.958,9.5000001));
#1733 = ORIENTED_EDGE('',*,*,#1734,.F.);
#1734 = EDGE_CURVE('',#1735,#1727,#1737,.T.);
#1735 = VERTEX_POINT('',#1736);
#1736 = CARTESIAN_POINT('',(4.39495,-5.39,9.5000001));
#1737 = B_SPLINE_CURVE_WITH_KNOTS('',1,(#1738,#1739),.UNSPECIFIED.,.F.,
  .F.,(2,2),(-8.E-02,0.),.PIECEWISE_BEZIER_KNOTS.);
#1738 = CARTESIAN_POINT('',(4.39495,-5.39,9.5000001));
#1739 = CARTESIAN_POINT('',(4.33095,-5.342,9.5000001));
#1740 = ORIENTED_EDGE('',*,*,#1741,.F.);
#1741 = EDGE_CURVE('',#1742,#1735,#1744,.T.);
#1742 = VERTEX_POINT('',#1743);
#1743 = CARTESIAN_POINT('',(4.47495,-5.55,9.5000001));
#1744 = ( BOUNDED_CURVE() B_SPLINE_CURVE(2,(#1745,#1746,#1747),
.UNSPECIFIED.,.F.,.F.) B_SPLINE_CURVE_WITH_KNOTS((3,3),(3.14159265359,
4.068887871591),.PIECEWISE_BEZIER_KNOTS.) CURVE() 
GEOMETRIC_REPRESENTATION_ITEM() RATIONAL_B_SPLINE_CURVE((1.,0.894427191,
1.)) REPRESENTATION_ITEM('') );
#1745 = CARTESIAN_POINT('',(4.47495,-5.55,9.5000001));
#1746 = CARTESIAN_POINT('',(4.47495,-5.45,9.5000001));
#1747 = CARTESIAN_POINT('',(4.39495,-5.39,9.5000001));
#1748 = ORIENTED_EDGE('',*,*,#1749,.F.);
#1749 = EDGE_CURVE('',#1750,#1742,#1752,.T.);
#1750 = VERTEX_POINT('',#1751);
#1751 = CARTESIAN_POINT('',(4.47495,-5.75,9.5000001));
#1752 = B_SPLINE_CURVE_WITH_KNOTS('',1,(#1753,#1754),.UNSPECIFIED.,.F.,
  .F.,(2,2),(-0.2,0.),.PIECEWISE_BEZIER_KNOTS.);
#1753 = CARTESIAN_POINT('',(4.47495,-5.75,9.5000001));
#1754 = CARTESIAN_POINT('',(4.47495,-5.55,9.5000001));
#1755 = ORIENTED_EDGE('',*,*,#1756,.T.);
#1756 = EDGE_CURVE('',#1750,#528,#1757,.T.);
#1757 = B_SPLINE_CURVE_WITH_KNOTS('',1,(#1758,#1759),.UNSPECIFIED.,.F.,
  .F.,(2,2),(10.675,12.4),.PIECEWISE_BEZIER_KNOTS.);
#1758 = CARTESIAN_POINT('',(4.47495,-5.75,9.5000001));
#1759 = CARTESIAN_POINT('',(6.19995,-5.75,9.5000001));
#1760 = ORIENTED_EDGE('',*,*,#527,.T.);
#1761 = ORIENTED_EDGE('',*,*,#1762,.F.);
#1762 = EDGE_CURVE('',#1763,#521,#1765,.T.);
#1763 = VERTEX_POINT('',#1764);
#1764 = CARTESIAN_POINT('',(4.64995,1.25,9.5000001));
#1765 = B_SPLINE_CURVE_WITH_KNOTS('',1,(#1766,#1767),.UNSPECIFIED.,.F.,
  .F.,(2,2),(10.85,12.4),.PIECEWISE_BEZIER_KNOTS.);
#1766 = CARTESIAN_POINT('',(4.64995,1.25,9.5000001));
#1767 = CARTESIAN_POINT('',(6.19995,1.25,9.5000001));
#1768 = ORIENTED_EDGE('',*,*,#1769,.T.);
#1769 = EDGE_CURVE('',#1763,#1770,#1772,.T.);
#1770 = VERTEX_POINT('',#1771);
#1771 = CARTESIAN_POINT('',(4.64995,0.45,9.5000001));
#1772 = B_SPLINE_CURVE_WITH_KNOTS('',1,(#1773,#1774),.UNSPECIFIED.,.F.,
  .F.,(2,2),(0.,0.8),.PIECEWISE_BEZIER_KNOTS.);
#1773 = CARTESIAN_POINT('',(4.64995,1.25,9.5000001));
#1774 = CARTESIAN_POINT('',(4.64995,0.45,9.5000001));
#1775 = ORIENTED_EDGE('',*,*,#1776,.F.);
#1776 = EDGE_CURVE('',#1777,#1770,#1779,.T.);
#1777 = VERTEX_POINT('',#1778);
#1778 = CARTESIAN_POINT('',(2.84995,0.45,9.5000001));
#1779 = B_SPLINE_CURVE_WITH_KNOTS('',1,(#1780,#1781),.UNSPECIFIED.,.F.,
  .F.,(2,2),(0.,1.8),.PIECEWISE_BEZIER_KNOTS.);
#1780 = CARTESIAN_POINT('',(2.84995,0.45,9.5000001));
#1781 = CARTESIAN_POINT('',(4.64995,0.45,9.5000001));
#1782 = ORIENTED_EDGE('',*,*,#1783,.F.);
#1783 = EDGE_CURVE('',#1784,#1777,#1786,.T.);
#1784 = VERTEX_POINT('',#1785);
#1785 = CARTESIAN_POINT('',(2.84995,1.25,9.5000001));
#1786 = B_SPLINE_CURVE_WITH_KNOTS('',1,(#1787,#1788),.UNSPECIFIED.,.F.,
  .F.,(2,2),(0.,0.8),.PIECEWISE_BEZIER_KNOTS.);
#1787 = CARTESIAN_POINT('',(2.84995,1.25,9.5000001));
#1788 = CARTESIAN_POINT('',(2.84995,0.45,9.5000001));
#1789 = ORIENTED_EDGE('',*,*,#1790,.F.);
#1790 = EDGE_CURVE('',#1791,#1784,#1793,.T.);
#1791 = VERTEX_POINT('',#1792);
#1792 = CARTESIAN_POINT('',(2.10995,1.25,9.5000001));
#1793 = B_SPLINE_CURVE_WITH_KNOTS('',1,(#1794,#1795),.UNSPECIFIED.,.F.,
  .F.,(2,2),(8.31,9.05),.PIECEWISE_BEZIER_KNOTS.);
#1794 = CARTESIAN_POINT('',(2.10995,1.25,9.5000001));
#1795 = CARTESIAN_POINT('',(2.84995,1.25,9.5000001));
#1796 = ORIENTED_EDGE('',*,*,#1797,.T.);
#1797 = EDGE_CURVE('',#1791,#1798,#1800,.T.);
#1798 = VERTEX_POINT('',#1799);
#1799 = CARTESIAN_POINT('',(2.10995,0.45,9.5000001));
#1800 = B_SPLINE_CURVE_WITH_KNOTS('',1,(#1801,#1802),.UNSPECIFIED.,.F.,
  .F.,(2,2),(0.,0.8),.PIECEWISE_BEZIER_KNOTS.);
#1801 = CARTESIAN_POINT('',(2.10995,1.25,9.5000001));
#1802 = CARTESIAN_POINT('',(2.10995,0.45,9.5000001));
#1803 = ORIENTED_EDGE('',*,*,#1804,.F.);
#1804 = EDGE_CURVE('',#1519,#1798,#1805,.T.);
#1805 = B_SPLINE_CURVE_WITH_KNOTS('',1,(#1806,#1807),.UNSPECIFIED.,.F.,
  .F.,(2,2),(0.,1.8),.PIECEWISE_BEZIER_KNOTS.);
#1806 = CARTESIAN_POINT('',(0.30995,0.45,9.5000001));
#1807 = CARTESIAN_POINT('',(2.10995,0.45,9.5000001));
#1808 = B_SPLINE_SURFACE_WITH_KNOTS('',1,1,(
    (#1809,#1810)
    ,(#1811,#1812
    )),.UNSPECIFIED.,.F.,.F.,.F.,(2,2),(2,2),(-6.2,6.2),(-5.75,1.25),
  .PIECEWISE_BEZIER_KNOTS.);
#1809 = CARTESIAN_POINT('',(6.19995,-5.75,9.5000001));
#1810 = CARTESIAN_POINT('',(6.19995,1.25,9.5000001));
#1811 = CARTESIAN_POINT('',(-6.20005,-5.75,9.5000001));
#1812 = CARTESIAN_POINT('',(-6.20005,1.25,9.5000001));
#1813 = ADVANCED_FACE('',(#1814),#1956,.F.);
#1814 = FACE_BOUND('',#1815,.T.);
#1815 = EDGE_LOOP('',(#1816,#1825,#1832,#1839,#1846,#1853,#1860,#1867,
    #1874,#1881,#1888,#1895,#1902,#1909,#1916,#1923,#1930,#1937,#1944,
    #1951));
#1816 = ORIENTED_EDGE('',*,*,#1817,.F.);
#1817 = EDGE_CURVE('',#1818,#1820,#1822,.T.);
#1818 = VERTEX_POINT('',#1819);
#1819 = CARTESIAN_POINT('',(0.30995,0.483333333333,3.6000001));
#1820 = VERTEX_POINT('',#1821);
#1821 = CARTESIAN_POINT('',(0.30995,1.25,3.6000001));
#1822 = B_SPLINE_CURVE_WITH_KNOTS('',1,(#1823,#1824),.UNSPECIFIED.,.F.,
  .F.,(2,2),(-5.266666666667,-4.5),.PIECEWISE_BEZIER_KNOTS.);
#1823 = CARTESIAN_POINT('',(0.30995,0.483333333333,3.6000001));
#1824 = CARTESIAN_POINT('',(0.30995,1.25,3.6000001));
#1825 = ORIENTED_EDGE('',*,*,#1826,.T.);
#1826 = EDGE_CURVE('',#1818,#1827,#1829,.T.);
#1827 = VERTEX_POINT('',#1828);
#1828 = CARTESIAN_POINT('',(2.10995,0.483333333333,3.6000001));
#1829 = B_SPLINE_CURVE_WITH_KNOTS('',1,(#1830,#1831),.UNSPECIFIED.,.F.,
  .F.,(2,2),(5.66,7.46),.PIECEWISE_BEZIER_KNOTS.);
#1830 = CARTESIAN_POINT('',(0.30995,0.483333333333,3.6000001));
#1831 = CARTESIAN_POINT('',(2.10995,0.483333333333,3.6000001));
#1832 = ORIENTED_EDGE('',*,*,#1833,.T.);
#1833 = EDGE_CURVE('',#1827,#1834,#1836,.T.);
#1834 = VERTEX_POINT('',#1835);
#1835 = CARTESIAN_POINT('',(2.10995,1.25,3.6000001));
#1836 = B_SPLINE_CURVE_WITH_KNOTS('',1,(#1837,#1838),.UNSPECIFIED.,.F.,
  .F.,(2,2),(-5.266666666667,-4.5),.PIECEWISE_BEZIER_KNOTS.);
#1837 = CARTESIAN_POINT('',(2.10995,0.483333333333,3.6000001));
#1838 = CARTESIAN_POINT('',(2.10995,1.25,3.6000001));
#1839 = ORIENTED_EDGE('',*,*,#1840,.F.);
#1840 = EDGE_CURVE('',#1841,#1834,#1843,.T.);
#1841 = VERTEX_POINT('',#1842);
#1842 = CARTESIAN_POINT('',(2.84995,1.25,3.6000001));
#1843 = B_SPLINE_CURVE_WITH_KNOTS('',1,(#1844,#1845),.UNSPECIFIED.,.F.,
  .F.,(2,2),(2.5,3.24),.PIECEWISE_BEZIER_KNOTS.);
#1844 = CARTESIAN_POINT('',(2.84995,1.25,3.6000001));
#1845 = CARTESIAN_POINT('',(2.10995,1.25,3.6000001));
#1846 = ORIENTED_EDGE('',*,*,#1847,.F.);
#1847 = EDGE_CURVE('',#1848,#1841,#1850,.T.);
#1848 = VERTEX_POINT('',#1849);
#1849 = CARTESIAN_POINT('',(2.84995,0.483333333333,3.6000001));
#1850 = B_SPLINE_CURVE_WITH_KNOTS('',1,(#1851,#1852),.UNSPECIFIED.,.F.,
  .F.,(2,2),(-5.266666666667,-4.5),.PIECEWISE_BEZIER_KNOTS.);
#1851 = CARTESIAN_POINT('',(2.84995,0.483333333333,3.6000001));
#1852 = CARTESIAN_POINT('',(2.84995,1.25,3.6000001));
#1853 = ORIENTED_EDGE('',*,*,#1854,.T.);
#1854 = EDGE_CURVE('',#1848,#1855,#1857,.T.);
#1855 = VERTEX_POINT('',#1856);
#1856 = CARTESIAN_POINT('',(4.64995,0.483333333333,3.6000001));
#1857 = B_SPLINE_CURVE_WITH_KNOTS('',1,(#1858,#1859),.UNSPECIFIED.,.F.,
  .F.,(2,2),(8.2,10.),.PIECEWISE_BEZIER_KNOTS.);
#1858 = CARTESIAN_POINT('',(2.84995,0.483333333333,3.6000001));
#1859 = CARTESIAN_POINT('',(4.64995,0.483333333333,3.6000001));
#1860 = ORIENTED_EDGE('',*,*,#1861,.T.);
#1861 = EDGE_CURVE('',#1855,#1862,#1864,.T.);
#1862 = VERTEX_POINT('',#1863);
#1863 = CARTESIAN_POINT('',(4.64995,1.25,3.6000001));
#1864 = B_SPLINE_CURVE_WITH_KNOTS('',1,(#1865,#1866),.UNSPECIFIED.,.F.,
  .F.,(2,2),(-5.266666666667,-4.5),.PIECEWISE_BEZIER_KNOTS.);
#1865 = CARTESIAN_POINT('',(4.64995,0.483333333333,3.6000001));
#1866 = CARTESIAN_POINT('',(4.64995,1.25,3.6000001));
#1867 = ORIENTED_EDGE('',*,*,#1868,.F.);
#1868 = EDGE_CURVE('',#1869,#1862,#1871,.T.);
#1869 = VERTEX_POINT('',#1870);
#1870 = CARTESIAN_POINT('',(5.34995,1.25,3.6000001));
#1871 = B_SPLINE_CURVE_WITH_KNOTS('',1,(#1872,#1873),.UNSPECIFIED.,.F.,
  .F.,(2,2),(0.,0.7),.PIECEWISE_BEZIER_KNOTS.);
#1872 = CARTESIAN_POINT('',(5.34995,1.25,3.6000001));
#1873 = CARTESIAN_POINT('',(4.64995,1.25,3.6000001));
#1874 = ORIENTED_EDGE('',*,*,#1875,.T.);
#1875 = EDGE_CURVE('',#1869,#1876,#1878,.T.);
#1876 = VERTEX_POINT('',#1877);
#1877 = CARTESIAN_POINT('',(5.34995,-5.75,3.6000001));
#1878 = B_SPLINE_CURVE_WITH_KNOTS('',1,(#1879,#1880),.UNSPECIFIED.,.F.,
  .F.,(2,2),(4.5,11.5),.PIECEWISE_BEZIER_KNOTS.);
#1879 = CARTESIAN_POINT('',(5.34995,1.25,3.6000001));
#1880 = CARTESIAN_POINT('',(5.34995,-5.75,3.6000001));
#1881 = ORIENTED_EDGE('',*,*,#1882,.T.);
#1882 = EDGE_CURVE('',#1876,#1883,#1885,.T.);
#1883 = VERTEX_POINT('',#1884);
#1884 = CARTESIAN_POINT('',(-5.35005,-5.75,3.6000001));
#1885 = B_SPLINE_CURVE_WITH_KNOTS('',1,(#1886,#1887),.UNSPECIFIED.,.F.,
  .F.,(2,2),(-10.7,-0.),.PIECEWISE_BEZIER_KNOTS.);
#1886 = CARTESIAN_POINT('',(5.34995,-5.75,3.6000001));
#1887 = CARTESIAN_POINT('',(-5.35005,-5.75,3.6000001));
#1888 = ORIENTED_EDGE('',*,*,#1889,.F.);
#1889 = EDGE_CURVE('',#1890,#1883,#1892,.T.);
#1890 = VERTEX_POINT('',#1891);
#1891 = CARTESIAN_POINT('',(-5.35005,1.25,3.6000001));
#1892 = B_SPLINE_CURVE_WITH_KNOTS('',1,(#1893,#1894),.UNSPECIFIED.,.F.,
  .F.,(2,2),(4.5,11.5),.PIECEWISE_BEZIER_KNOTS.);
#1893 = CARTESIAN_POINT('',(-5.35005,1.25,3.6000001));
#1894 = CARTESIAN_POINT('',(-5.35005,-5.75,3.6000001));
#1895 = ORIENTED_EDGE('',*,*,#1896,.F.);
#1896 = EDGE_CURVE('',#1897,#1890,#1899,.T.);
#1897 = VERTEX_POINT('',#1898);
#1898 = CARTESIAN_POINT('',(-4.77005,1.25,3.6000001));
#1899 = B_SPLINE_CURVE_WITH_KNOTS('',1,(#1900,#1901),.UNSPECIFIED.,.F.,
  .F.,(2,2),(10.12,10.7),.PIECEWISE_BEZIER_KNOTS.);
#1900 = CARTESIAN_POINT('',(-4.77005,1.25,3.6000001));
#1901 = CARTESIAN_POINT('',(-5.35005,1.25,3.6000001));
#1902 = ORIENTED_EDGE('',*,*,#1903,.F.);
#1903 = EDGE_CURVE('',#1904,#1897,#1906,.T.);
#1904 = VERTEX_POINT('',#1905);
#1905 = CARTESIAN_POINT('',(-4.77005,0.483333333333,3.6000001));
#1906 = B_SPLINE_CURVE_WITH_KNOTS('',1,(#1907,#1908),.UNSPECIFIED.,.F.,
  .F.,(2,2),(-5.266666666667,-4.5),.PIECEWISE_BEZIER_KNOTS.);
#1907 = CARTESIAN_POINT('',(-4.77005,0.483333333333,3.6000001));
#1908 = CARTESIAN_POINT('',(-4.77005,1.25,3.6000001));
#1909 = ORIENTED_EDGE('',*,*,#1910,.T.);
#1910 = EDGE_CURVE('',#1904,#1911,#1913,.T.);
#1911 = VERTEX_POINT('',#1912);
#1912 = CARTESIAN_POINT('',(-2.97005,0.483333333333,3.6000001));
#1913 = B_SPLINE_CURVE_WITH_KNOTS('',1,(#1914,#1915),.UNSPECIFIED.,.F.,
  .F.,(2,2),(0.58,2.38),.PIECEWISE_BEZIER_KNOTS.);
#1914 = CARTESIAN_POINT('',(-4.77005,0.483333333333,3.6000001));
#1915 = CARTESIAN_POINT('',(-2.97005,0.483333333333,3.6000001));
#1916 = ORIENTED_EDGE('',*,*,#1917,.T.);
#1917 = EDGE_CURVE('',#1911,#1918,#1920,.T.);
#1918 = VERTEX_POINT('',#1919);
#1919 = CARTESIAN_POINT('',(-2.97005,1.25,3.6000001));
#1920 = B_SPLINE_CURVE_WITH_KNOTS('',1,(#1921,#1922),.UNSPECIFIED.,.F.,
  .F.,(2,2),(-5.266666666667,-4.5),.PIECEWISE_BEZIER_KNOTS.);
#1921 = CARTESIAN_POINT('',(-2.97005,0.483333333333,3.6000001));
#1922 = CARTESIAN_POINT('',(-2.97005,1.25,3.6000001));
#1923 = ORIENTED_EDGE('',*,*,#1924,.F.);
#1924 = EDGE_CURVE('',#1925,#1918,#1927,.T.);
#1925 = VERTEX_POINT('',#1926);
#1926 = CARTESIAN_POINT('',(-2.23005,1.25,3.6000001));
#1927 = B_SPLINE_CURVE_WITH_KNOTS('',1,(#1928,#1929),.UNSPECIFIED.,.F.,
  .F.,(2,2),(7.58,8.32),.PIECEWISE_BEZIER_KNOTS.);
#1928 = CARTESIAN_POINT('',(-2.23005,1.25,3.6000001));
#1929 = CARTESIAN_POINT('',(-2.97005,1.25,3.6000001));
#1930 = ORIENTED_EDGE('',*,*,#1931,.F.);
#1931 = EDGE_CURVE('',#1932,#1925,#1934,.T.);
#1932 = VERTEX_POINT('',#1933);
#1933 = CARTESIAN_POINT('',(-2.23005,0.483333333333,3.6000001));
#1934 = B_SPLINE_CURVE_WITH_KNOTS('',1,(#1935,#1936),.UNSPECIFIED.,.F.,
  .F.,(2,2),(-5.266666666667,-4.5),.PIECEWISE_BEZIER_KNOTS.);
#1935 = CARTESIAN_POINT('',(-2.23005,0.483333333333,3.6000001));
#1936 = CARTESIAN_POINT('',(-2.23005,1.25,3.6000001));
#1937 = ORIENTED_EDGE('',*,*,#1938,.T.);
#1938 = EDGE_CURVE('',#1932,#1939,#1941,.T.);
#1939 = VERTEX_POINT('',#1940);
#1940 = CARTESIAN_POINT('',(-0.43005,0.483333333333,3.6000001));
#1941 = B_SPLINE_CURVE_WITH_KNOTS('',1,(#1942,#1943),.UNSPECIFIED.,.F.,
  .F.,(2,2),(3.12,4.92),.PIECEWISE_BEZIER_KNOTS.);
#1942 = CARTESIAN_POINT('',(-2.23005,0.483333333333,3.6000001));
#1943 = CARTESIAN_POINT('',(-0.43005,0.483333333333,3.6000001));
#1944 = ORIENTED_EDGE('',*,*,#1945,.T.);
#1945 = EDGE_CURVE('',#1939,#1946,#1948,.T.);
#1946 = VERTEX_POINT('',#1947);
#1947 = CARTESIAN_POINT('',(-0.43005,1.25,3.6000001));
#1948 = B_SPLINE_CURVE_WITH_KNOTS('',1,(#1949,#1950),.UNSPECIFIED.,.F.,
  .F.,(2,2),(-5.266666666667,-4.5),.PIECEWISE_BEZIER_KNOTS.);
#1949 = CARTESIAN_POINT('',(-0.43005,0.483333333333,3.6000001));
#1950 = CARTESIAN_POINT('',(-0.43005,1.25,3.6000001));
#1951 = ORIENTED_EDGE('',*,*,#1952,.F.);
#1952 = EDGE_CURVE('',#1820,#1946,#1953,.T.);
#1953 = B_SPLINE_CURVE_WITH_KNOTS('',1,(#1954,#1955),.UNSPECIFIED.,.F.,
  .F.,(2,2),(5.04,5.78),.PIECEWISE_BEZIER_KNOTS.);
#1954 = CARTESIAN_POINT('',(0.30995,1.25,3.6000001));
#1955 = CARTESIAN_POINT('',(-0.43005,1.25,3.6000001));
#1956 = B_SPLINE_SURFACE_WITH_KNOTS('',1,1,(
    (#1957,#1958)
    ,(#1959,#1960
    )),.UNSPECIFIED.,.F.,.F.,.F.,(2,2),(2,2),(0.,10.7),(-11.5,-4.5),
  .PIECEWISE_BEZIER_KNOTS.);
#1957 = CARTESIAN_POINT('',(-5.35005,-5.75,3.6000001));
#1958 = CARTESIAN_POINT('',(-5.35005,1.25,3.6000001));
#1959 = CARTESIAN_POINT('',(5.34995,-5.75,3.6000001));
#1960 = CARTESIAN_POINT('',(5.34995,1.25,3.6000001));
#1961 = ADVANCED_FACE('',(#1962),#1976,.F.);
#1962 = FACE_BOUND('',#1963,.T.);
#1963 = EDGE_LOOP('',(#1964,#1969,#1970,#1975));
#1964 = ORIENTED_EDGE('',*,*,#1965,.F.);
#1965 = EDGE_CURVE('',#1820,#1517,#1966,.T.);
#1966 = B_SPLINE_CURVE_WITH_KNOTS('',1,(#1967,#1968),.UNSPECIFIED.,.F.,
  .F.,(2,2),(-4.9,1.),.PIECEWISE_BEZIER_KNOTS.);
#1967 = CARTESIAN_POINT('',(0.30995,1.25,3.6000001));
#1968 = CARTESIAN_POINT('',(0.30995,1.25,9.5000001));
#1969 = ORIENTED_EDGE('',*,*,#1952,.T.);
#1970 = ORIENTED_EDGE('',*,*,#1971,.T.);
#1971 = EDGE_CURVE('',#1946,#1526,#1972,.T.);
#1972 = B_SPLINE_CURVE_WITH_KNOTS('',1,(#1973,#1974),.UNSPECIFIED.,.F.,
  .F.,(2,2),(-4.9,1.),.PIECEWISE_BEZIER_KNOTS.);
#1973 = CARTESIAN_POINT('',(-0.43005,1.25,3.6000001));
#1974 = CARTESIAN_POINT('',(-0.43005,1.25,9.5000001));
#1975 = ORIENTED_EDGE('',*,*,#1525,.T.);
#1976 = B_SPLINE_SURFACE_WITH_KNOTS('',1,1,(
    (#1977,#1978)
    ,(#1979,#1980
    )),.UNSPECIFIED.,.F.,.F.,.F.,(2,2),(2,2),(-1.,4.9),(5.77,6.51),
  .PIECEWISE_BEZIER_KNOTS.);
#1977 = CARTESIAN_POINT('',(-0.43005,1.25,9.5000001));
#1978 = CARTESIAN_POINT('',(0.30995,1.25,9.5000001));
#1979 = CARTESIAN_POINT('',(-0.43005,1.25,3.6000001));
#1980 = CARTESIAN_POINT('',(0.30995,1.25,3.6000001));
#1981 = ADVANCED_FACE('',(#1982),#1996,.F.);
#1982 = FACE_BOUND('',#1983,.T.);
#1983 = EDGE_LOOP('',(#1984,#1989,#1990,#1995));
#1984 = ORIENTED_EDGE('',*,*,#1985,.F.);
#1985 = EDGE_CURVE('',#1925,#1547,#1986,.T.);
#1986 = B_SPLINE_CURVE_WITH_KNOTS('',1,(#1987,#1988),.UNSPECIFIED.,.F.,
  .F.,(2,2),(-4.9,1.),.PIECEWISE_BEZIER_KNOTS.);
#1987 = CARTESIAN_POINT('',(-2.23005,1.25,3.6000001));
#1988 = CARTESIAN_POINT('',(-2.23005,1.25,9.5000001));
#1989 = ORIENTED_EDGE('',*,*,#1924,.T.);
#1990 = ORIENTED_EDGE('',*,*,#1991,.T.);
#1991 = EDGE_CURVE('',#1918,#1554,#1992,.T.);
#1992 = B_SPLINE_CURVE_WITH_KNOTS('',1,(#1993,#1994),.UNSPECIFIED.,.F.,
  .F.,(2,2),(-4.9,1.),.PIECEWISE_BEZIER_KNOTS.);
#1993 = CARTESIAN_POINT('',(-2.97005,1.25,3.6000001));
#1994 = CARTESIAN_POINT('',(-2.97005,1.25,9.5000001));
#1995 = ORIENTED_EDGE('',*,*,#1553,.T.);
#1996 = B_SPLINE_SURFACE_WITH_KNOTS('',1,1,(
    (#1997,#1998)
    ,(#1999,#2000
    )),.UNSPECIFIED.,.F.,.F.,.F.,(2,2),(2,2),(-1.,4.9),(3.23,3.97),
  .PIECEWISE_BEZIER_KNOTS.);
#1997 = CARTESIAN_POINT('',(-2.97005,1.25,9.5000001));
#1998 = CARTESIAN_POINT('',(-2.23005,1.25,9.5000001));
#1999 = CARTESIAN_POINT('',(-2.97005,1.25,3.6000001));
#2000 = CARTESIAN_POINT('',(-2.23005,1.25,3.6000001));
#2001 = ADVANCED_FACE('',(#2002),#2030,.F.);
#2002 = FACE_BOUND('',#2003,.T.);
#2003 = EDGE_LOOP('',(#2004,#2009,#2010,#2017,#2024,#2029));
#2004 = ORIENTED_EDGE('',*,*,#2005,.F.);
#2005 = EDGE_CURVE('',#1897,#1575,#2006,.T.);
#2006 = B_SPLINE_CURVE_WITH_KNOTS('',1,(#2007,#2008),.UNSPECIFIED.,.F.,
  .F.,(2,2),(-4.9,1.),.PIECEWISE_BEZIER_KNOTS.);
#2007 = CARTESIAN_POINT('',(-4.77005,1.25,3.6000001));
#2008 = CARTESIAN_POINT('',(-4.77005,1.25,9.5000001));
#2009 = ORIENTED_EDGE('',*,*,#1896,.T.);
#2010 = ORIENTED_EDGE('',*,*,#2011,.F.);
#2011 = EDGE_CURVE('',#2012,#1890,#2014,.T.);
#2012 = VERTEX_POINT('',#2013);
#2013 = CARTESIAN_POINT('',(-5.35005,1.25,8.5000001));
#2014 = B_SPLINE_CURVE_WITH_KNOTS('',1,(#2015,#2016),.UNSPECIFIED.,.F.,
  .F.,(2,2),(1.,5.9),.PIECEWISE_BEZIER_KNOTS.);
#2015 = CARTESIAN_POINT('',(-5.35005,1.25,8.5000001));
#2016 = CARTESIAN_POINT('',(-5.35005,1.25,3.6000001));
#2017 = ORIENTED_EDGE('',*,*,#2018,.F.);
#2018 = EDGE_CURVE('',#2019,#2012,#2021,.T.);
#2019 = VERTEX_POINT('',#2020);
#2020 = CARTESIAN_POINT('',(-6.20005,1.25,8.5000001));
#2021 = B_SPLINE_CURVE_WITH_KNOTS('',1,(#2022,#2023),.UNSPECIFIED.,.F.,
  .F.,(2,2),(0.,0.85),.PIECEWISE_BEZIER_KNOTS.);
#2022 = CARTESIAN_POINT('',(-6.20005,1.25,8.5000001));
#2023 = CARTESIAN_POINT('',(-5.35005,1.25,8.5000001));
#2024 = ORIENTED_EDGE('',*,*,#2025,.F.);
#2025 = EDGE_CURVE('',#1582,#2019,#2026,.T.);
#2026 = B_SPLINE_CURVE_WITH_KNOTS('',1,(#2027,#2028),.UNSPECIFIED.,.F.,
  .F.,(2,2),(-1.,-0.),.PIECEWISE_BEZIER_KNOTS.);
#2027 = CARTESIAN_POINT('',(-6.20005,1.25,9.5000001));
#2028 = CARTESIAN_POINT('',(-6.20005,1.25,8.5000001));
#2029 = ORIENTED_EDGE('',*,*,#1581,.T.);
#2030 = B_SPLINE_SURFACE_WITH_KNOTS('',1,1,(
    (#2031,#2032)
    ,(#2033,#2034
    )),.UNSPECIFIED.,.F.,.F.,.F.,(2,2),(2,2),(-1.,4.9),(0.,1.43),
  .PIECEWISE_BEZIER_KNOTS.);
#2031 = CARTESIAN_POINT('',(-6.20005,1.25,9.5000001));
#2032 = CARTESIAN_POINT('',(-4.77005,1.25,9.5000001));
#2033 = CARTESIAN_POINT('',(-6.20005,1.25,3.6000001));
#2034 = CARTESIAN_POINT('',(-4.77005,1.25,3.6000001));
#2035 = ADVANCED_FACE('',(#2036),#2050,.F.);
#2036 = FACE_BOUND('',#2037,.T.);
#2037 = EDGE_LOOP('',(#2038,#2039,#2044,#2045));
#2038 = ORIENTED_EDGE('',*,*,#1840,.T.);
#2039 = ORIENTED_EDGE('',*,*,#2040,.T.);
#2040 = EDGE_CURVE('',#1834,#1791,#2041,.T.);
#2041 = B_SPLINE_CURVE_WITH_KNOTS('',1,(#2042,#2043),.UNSPECIFIED.,.F.,
  .F.,(2,2),(-4.9,1.),.PIECEWISE_BEZIER_KNOTS.);
#2042 = CARTESIAN_POINT('',(2.10995,1.25,3.6000001));
#2043 = CARTESIAN_POINT('',(2.10995,1.25,9.5000001));
#2044 = ORIENTED_EDGE('',*,*,#1790,.T.);
#2045 = ORIENTED_EDGE('',*,*,#2046,.F.);
#2046 = EDGE_CURVE('',#1841,#1784,#2047,.T.);
#2047 = B_SPLINE_CURVE_WITH_KNOTS('',1,(#2048,#2049),.UNSPECIFIED.,.F.,
  .F.,(2,2),(-4.9,1.),.PIECEWISE_BEZIER_KNOTS.);
#2048 = CARTESIAN_POINT('',(2.84995,1.25,3.6000001));
#2049 = CARTESIAN_POINT('',(2.84995,1.25,9.5000001));
#2050 = B_SPLINE_SURFACE_WITH_KNOTS('',1,1,(
    (#2051,#2052)
    ,(#2053,#2054
    )),.UNSPECIFIED.,.F.,.F.,.F.,(2,2),(2,2),(-1.,4.9),(8.31,9.05),
  .PIECEWISE_BEZIER_KNOTS.);
#2051 = CARTESIAN_POINT('',(2.10995,1.25,9.5000001));
#2052 = CARTESIAN_POINT('',(2.84995,1.25,9.5000001));
#2053 = CARTESIAN_POINT('',(2.10995,1.25,3.6000001));
#2054 = CARTESIAN_POINT('',(2.84995,1.25,3.6000001));
#2055 = ADVANCED_FACE('',(#2056),#2078,.F.);
#2056 = FACE_BOUND('',#2057,.T.);
#2057 = EDGE_LOOP('',(#2058,#2067,#2072,#2073));
#2058 = ORIENTED_EDGE('',*,*,#2059,.F.);
#2059 = EDGE_CURVE('',#2060,#2062,#2064,.T.);
#2060 = VERTEX_POINT('',#2061);
#2061 = CARTESIAN_POINT('',(3.27495,-5.75,8.6500001));
#2062 = VERTEX_POINT('',#2063);
#2063 = CARTESIAN_POINT('',(-3.27505,-5.75,8.6500001));
#2064 = B_SPLINE_CURVE_WITH_KNOTS('',1,(#2065,#2066),.UNSPECIFIED.,.F.,
  .F.,(2,2),(-8.625,-2.075),.PIECEWISE_BEZIER_KNOTS.);
#2065 = CARTESIAN_POINT('',(3.27495,-5.75,8.6500001));
#2066 = CARTESIAN_POINT('',(-3.27505,-5.75,8.6500001));
#2067 = ORIENTED_EDGE('',*,*,#2068,.T.);
#2068 = EDGE_CURVE('',#2060,#1676,#2069,.T.);
#2069 = B_SPLINE_CURVE_WITH_KNOTS('',1,(#2070,#2071),.UNSPECIFIED.,.F.,
  .F.,(2,2),(0.,0.85),.PIECEWISE_BEZIER_KNOTS.);
#2070 = CARTESIAN_POINT('',(3.27495,-5.75,8.6500001));
#2071 = CARTESIAN_POINT('',(3.27495,-5.75,9.5000001));
#2072 = ORIENTED_EDGE('',*,*,#1675,.F.);
#2073 = ORIENTED_EDGE('',*,*,#2074,.F.);
#2074 = EDGE_CURVE('',#2062,#1669,#2075,.T.);
#2075 = B_SPLINE_CURVE_WITH_KNOTS('',1,(#2076,#2077),.UNSPECIFIED.,.F.,
  .F.,(2,2),(0.,0.85),.PIECEWISE_BEZIER_KNOTS.);
#2076 = CARTESIAN_POINT('',(-3.27505,-5.75,8.6500001));
#2077 = CARTESIAN_POINT('',(-3.27505,-5.75,9.5000001));
#2078 = B_SPLINE_SURFACE_WITH_KNOTS('',1,1,(
    (#2079,#2080)
    ,(#2081,#2082
    )),.UNSPECIFIED.,.F.,.F.,.F.,(2,2),(2,2),(-0.85,0.),(2.925,9.475),
  .PIECEWISE_BEZIER_KNOTS.);
#2079 = CARTESIAN_POINT('',(-3.27505,-5.75,8.6500001));
#2080 = CARTESIAN_POINT('',(3.27495,-5.75,8.6500001));
#2081 = CARTESIAN_POINT('',(-3.27505,-5.75,9.5000001));
#2082 = CARTESIAN_POINT('',(3.27495,-5.75,9.5000001));
#2083 = ADVANCED_FACE('',(#2084),#2100,.F.);
#2084 = FACE_BOUND('',#2085,.T.);
#2085 = EDGE_LOOP('',(#2086,#2087,#2094,#2099));
#2086 = ORIENTED_EDGE('',*,*,#1756,.F.);
#2087 = ORIENTED_EDGE('',*,*,#2088,.F.);
#2088 = EDGE_CURVE('',#2089,#1750,#2091,.T.);
#2089 = VERTEX_POINT('',#2090);
#2090 = CARTESIAN_POINT('',(4.47495,-5.75,8.6500001));
#2091 = B_SPLINE_CURVE_WITH_KNOTS('',1,(#2092,#2093),.UNSPECIFIED.,.F.,
  .F.,(2,2),(0.,0.85),.PIECEWISE_BEZIER_KNOTS.);
#2092 = CARTESIAN_POINT('',(4.47495,-5.75,8.6500001));
#2093 = CARTESIAN_POINT('',(4.47495,-5.75,9.5000001));
#2094 = ORIENTED_EDGE('',*,*,#2095,.F.);
#2095 = EDGE_CURVE('',#535,#2089,#2096,.T.);
#2096 = B_SPLINE_CURVE_WITH_KNOTS('',1,(#2097,#2098),.UNSPECIFIED.,.F.,
  .F.,(2,2),(-11.55,-9.825),.PIECEWISE_BEZIER_KNOTS.);
#2097 = CARTESIAN_POINT('',(6.19995,-5.75,8.6500001));
#2098 = CARTESIAN_POINT('',(4.47495,-5.75,8.6500001));
#2099 = ORIENTED_EDGE('',*,*,#534,.F.);
#2100 = B_SPLINE_SURFACE_WITH_KNOTS('',1,1,(
    (#2101,#2102)
    ,(#2103,#2104
    )),.UNSPECIFIED.,.F.,.F.,.F.,(2,2),(2,2),(-0.85,0.),(10.675,12.4),
  .PIECEWISE_BEZIER_KNOTS.);
#2101 = CARTESIAN_POINT('',(4.47495,-5.75,8.6500001));
#2102 = CARTESIAN_POINT('',(6.19995,-5.75,8.6500001));
#2103 = CARTESIAN_POINT('',(4.47495,-5.75,9.5000001));
#2104 = CARTESIAN_POINT('',(6.19995,-5.75,9.5000001));
#2105 = ADVANCED_FACE('',(#2106),#2128,.F.);
#2106 = FACE_BOUND('',#2107,.T.);
#2107 = EDGE_LOOP('',(#2108,#2117,#2122,#2123));
#2108 = ORIENTED_EDGE('',*,*,#2109,.T.);
#2109 = EDGE_CURVE('',#2110,#2112,#2114,.T.);
#2110 = VERTEX_POINT('',#2111);
#2111 = CARTESIAN_POINT('',(5.34995,5.75,3.4000001));
#2112 = VERTEX_POINT('',#2113);
#2113 = CARTESIAN_POINT('',(5.34995,5.75,6.4500001));
#2114 = B_SPLINE_CURVE_WITH_KNOTS('',1,(#2115,#2116),.UNSPECIFIED.,.F.,
  .F.,(2,2),(0.2,3.25),.PIECEWISE_BEZIER_KNOTS.);
#2115 = CARTESIAN_POINT('',(5.34995,5.75,3.4000001));
#2116 = CARTESIAN_POINT('',(5.34995,5.75,6.4500001));
#2117 = ORIENTED_EDGE('',*,*,#2118,.T.);
#2118 = EDGE_CURVE('',#2112,#505,#2119,.T.);
#2119 = B_SPLINE_CURVE_WITH_KNOTS('',1,(#2120,#2121),.UNSPECIFIED.,.F.,
  .F.,(2,2),(11.55,12.4),.PIECEWISE_BEZIER_KNOTS.);
#2120 = CARTESIAN_POINT('',(5.34995,5.75,6.4500001));
#2121 = CARTESIAN_POINT('',(6.19995,5.75,6.4500001));
#2122 = ORIENTED_EDGE('',*,*,#504,.T.);
#2123 = ORIENTED_EDGE('',*,*,#2124,.T.);
#2124 = EDGE_CURVE('',#507,#2110,#2125,.T.);
#2125 = B_SPLINE_CURVE_WITH_KNOTS('',1,(#2126,#2127),.UNSPECIFIED.,.F.,
  .F.,(2,2),(-12.4,-11.55),.PIECEWISE_BEZIER_KNOTS.);
#2126 = CARTESIAN_POINT('',(6.19995,5.75,3.4000001));
#2127 = CARTESIAN_POINT('',(5.34995,5.75,3.4000001));
#2128 = B_SPLINE_SURFACE_WITH_KNOTS('',1,1,(
    (#2129,#2130)
    ,(#2131,#2132
    )),.UNSPECIFIED.,.F.,.F.,.F.,(2,2),(2,2),(3.05,6.1),(11.55,12.4),
  .PIECEWISE_BEZIER_KNOTS.);
#2129 = CARTESIAN_POINT('',(5.34995,5.75,6.4500001));
#2130 = CARTESIAN_POINT('',(6.19995,5.75,6.4500001));
#2131 = CARTESIAN_POINT('',(5.34995,5.75,3.4000001));
#2132 = CARTESIAN_POINT('',(6.19995,5.75,3.4000001));
#2133 = ADVANCED_FACE('',(#2134),#2150,.F.);
#2134 = FACE_BOUND('',#2135,.T.);
#2135 = EDGE_LOOP('',(#2136,#2137,#2144,#2149));
#2136 = ORIENTED_EDGE('',*,*,#2118,.F.);
#2137 = ORIENTED_EDGE('',*,*,#2138,.T.);
#2138 = EDGE_CURVE('',#2112,#2139,#2141,.T.);
#2139 = VERTEX_POINT('',#2140);
#2140 = CARTESIAN_POINT('',(5.34995,1.25,8.5000001));
#2141 = B_SPLINE_CURVE_WITH_KNOTS('',1,(#2142,#2143),.UNSPECIFIED.,.F.,
  .F.,(2,2),(1.984727380256E-15,4.944946915792),
  .PIECEWISE_BEZIER_KNOTS.);
#2142 = CARTESIAN_POINT('',(5.34995,5.75,6.4500001));
#2143 = CARTESIAN_POINT('',(5.34995,1.25,8.5000001));
#2144 = ORIENTED_EDGE('',*,*,#2145,.T.);
#2145 = EDGE_CURVE('',#2139,#514,#2146,.T.);
#2146 = B_SPLINE_CURVE_WITH_KNOTS('',1,(#2147,#2148),.UNSPECIFIED.,.F.,
  .F.,(2,2),(11.55,12.4),.PIECEWISE_BEZIER_KNOTS.);
#2147 = CARTESIAN_POINT('',(5.34995,1.25,8.5000001));
#2148 = CARTESIAN_POINT('',(6.19995,1.25,8.5000001));
#2149 = ORIENTED_EDGE('',*,*,#513,.T.);
#2150 = B_SPLINE_SURFACE_WITH_KNOTS('',1,1,(
    (#2151,#2152)
    ,(#2153,#2154
    )),.UNSPECIFIED.,.F.,.F.,.F.,(2,2),(2,2),(-4.944946915792,0.),(11.55
    ,12.4),.PIECEWISE_BEZIER_KNOTS.);
#2151 = CARTESIAN_POINT('',(5.34995,1.25,8.5000001));
#2152 = CARTESIAN_POINT('',(6.19995,1.25,8.5000001));
#2153 = CARTESIAN_POINT('',(5.34995,5.75,6.4500001));
#2154 = CARTESIAN_POINT('',(6.19995,5.75,6.4500001));
#2155 = ADVANCED_FACE('',(#2156),#2178,.F.);
#2156 = FACE_BOUND('',#2157,.T.);
#2157 = EDGE_LOOP('',(#2158,#2167,#2172,#2173));
#2158 = ORIENTED_EDGE('',*,*,#2159,.F.);
#2159 = EDGE_CURVE('',#2160,#2162,#2164,.T.);
#2160 = VERTEX_POINT('',#2161);
#2161 = CARTESIAN_POINT('',(-4.47505,-5.75,8.6500001));
#2162 = VERTEX_POINT('',#2163);
#2163 = CARTESIAN_POINT('',(-6.20005,-5.75,8.6500001));
#2164 = B_SPLINE_CURVE_WITH_KNOTS('',1,(#2165,#2166),.UNSPECIFIED.,.F.,
  .F.,(2,2),(-0.875,0.85),.PIECEWISE_BEZIER_KNOTS.);
#2165 = CARTESIAN_POINT('',(-4.47505,-5.75,8.6500001));
#2166 = CARTESIAN_POINT('',(-6.20005,-5.75,8.6500001));
#2167 = ORIENTED_EDGE('',*,*,#2168,.T.);
#2168 = EDGE_CURVE('',#2160,#1596,#2169,.T.);
#2169 = B_SPLINE_CURVE_WITH_KNOTS('',1,(#2170,#2171),.UNSPECIFIED.,.F.,
  .F.,(2,2),(0.,0.85),.PIECEWISE_BEZIER_KNOTS.);
#2170 = CARTESIAN_POINT('',(-4.47505,-5.75,8.6500001));
#2171 = CARTESIAN_POINT('',(-4.47505,-5.75,9.5000001));
#2172 = ORIENTED_EDGE('',*,*,#1595,.F.);
#2173 = ORIENTED_EDGE('',*,*,#2174,.T.);
#2174 = EDGE_CURVE('',#1589,#2162,#2175,.T.);
#2175 = B_SPLINE_CURVE_WITH_KNOTS('',1,(#2176,#2177),.UNSPECIFIED.,.F.,
  .F.,(2,2),(-0.,0.85),.PIECEWISE_BEZIER_KNOTS.);
#2176 = CARTESIAN_POINT('',(-6.20005,-5.75,9.5000001));
#2177 = CARTESIAN_POINT('',(-6.20005,-5.75,8.6500001));
#2178 = B_SPLINE_SURFACE_WITH_KNOTS('',1,1,(
    (#2179,#2180)
    ,(#2181,#2182
    )),.UNSPECIFIED.,.F.,.F.,.F.,(2,2),(2,2),(-0.85,0.),(0.,1.725),
  .PIECEWISE_BEZIER_KNOTS.);
#2179 = CARTESIAN_POINT('',(-6.20005,-5.75,8.6500001));
#2180 = CARTESIAN_POINT('',(-4.47505,-5.75,8.6500001));
#2181 = CARTESIAN_POINT('',(-6.20005,-5.75,9.5000001));
#2182 = CARTESIAN_POINT('',(-4.47505,-5.75,9.5000001));
#2183 = ADVANCED_FACE('',(#2184),#2200,.T.);
#2184 = FACE_BOUND('',#2185,.T.);
#2185 = EDGE_LOOP('',(#2186,#2193,#2194,#2195));
#2186 = ORIENTED_EDGE('',*,*,#2187,.F.);
#2187 = EDGE_CURVE('',#2110,#2188,#2190,.T.);
#2188 = VERTEX_POINT('',#2189);
#2189 = CARTESIAN_POINT('',(5.34995,-5.75,3.4000001));
#2190 = B_SPLINE_CURVE_WITH_KNOTS('',1,(#2191,#2192),.UNSPECIFIED.,.F.,
  .F.,(2,2),(-5.75,5.75),.PIECEWISE_BEZIER_KNOTS.);
#2191 = CARTESIAN_POINT('',(5.34995,5.75,3.4000001));
#2192 = CARTESIAN_POINT('',(5.34995,-5.75,3.4000001));
#2193 = ORIENTED_EDGE('',*,*,#2124,.F.);
#2194 = ORIENTED_EDGE('',*,*,#577,.F.);
#2195 = ORIENTED_EDGE('',*,*,#2196,.F.);
#2196 = EDGE_CURVE('',#2188,#571,#2197,.T.);
#2197 = B_SPLINE_CURVE_WITH_KNOTS('',1,(#2198,#2199),.UNSPECIFIED.,.F.,
  .F.,(2,2),(11.55,12.4),.PIECEWISE_BEZIER_KNOTS.);
#2198 = CARTESIAN_POINT('',(5.34995,-5.75,3.4000001));
#2199 = CARTESIAN_POINT('',(6.19995,-5.75,3.4000001));
#2200 = B_SPLINE_SURFACE_WITH_KNOTS('',1,1,(
    (#2201,#2202)
    ,(#2203,#2204
    )),.UNSPECIFIED.,.F.,.F.,.F.,(2,2),(2,2),(-6.2,-5.35),(-5.75,5.75),
  .PIECEWISE_BEZIER_KNOTS.);
#2201 = CARTESIAN_POINT('',(6.19995,-5.75,3.4000001));
#2202 = CARTESIAN_POINT('',(6.19995,5.75,3.4000001));
#2203 = CARTESIAN_POINT('',(5.34995,-5.75,3.4000001));
#2204 = CARTESIAN_POINT('',(5.34995,5.75,3.4000001));
#2205 = ADVANCED_FACE('',(#2206),#2236,.F.);
#2206 = FACE_BOUND('',#2207,.T.);
#2207 = EDGE_LOOP('',(#2208,#2217,#2224,#2231));
#2208 = ORIENTED_EDGE('',*,*,#2209,.T.);
#2209 = EDGE_CURVE('',#2210,#2212,#2214,.T.);
#2210 = VERTEX_POINT('',#2211);
#2211 = CARTESIAN_POINT('',(-6.20005,5.75,6.4500001));
#2212 = VERTEX_POINT('',#2213);
#2213 = CARTESIAN_POINT('',(-5.35005,5.75,6.4500001));
#2214 = B_SPLINE_CURVE_WITH_KNOTS('',1,(#2215,#2216),.UNSPECIFIED.,.F.,
  .F.,(2,2),(0.,0.85),.PIECEWISE_BEZIER_KNOTS.);
#2215 = CARTESIAN_POINT('',(-6.20005,5.75,6.4500001));
#2216 = CARTESIAN_POINT('',(-5.35005,5.75,6.4500001));
#2217 = ORIENTED_EDGE('',*,*,#2218,.T.);
#2218 = EDGE_CURVE('',#2212,#2219,#2221,.T.);
#2219 = VERTEX_POINT('',#2220);
#2220 = CARTESIAN_POINT('',(-5.35005,5.75,3.4000001));
#2221 = B_SPLINE_CURVE_WITH_KNOTS('',1,(#2222,#2223),.UNSPECIFIED.,.F.,
  .F.,(2,2),(-3.25,-0.2),.PIECEWISE_BEZIER_KNOTS.);
#2222 = CARTESIAN_POINT('',(-5.35005,5.75,6.4500001));
#2223 = CARTESIAN_POINT('',(-5.35005,5.75,3.4000001));
#2224 = ORIENTED_EDGE('',*,*,#2225,.T.);
#2225 = EDGE_CURVE('',#2219,#2226,#2228,.T.);
#2226 = VERTEX_POINT('',#2227);
#2227 = CARTESIAN_POINT('',(-6.20005,5.75,3.4000001));
#2228 = B_SPLINE_CURVE_WITH_KNOTS('',1,(#2229,#2230),.UNSPECIFIED.,.F.,
  .F.,(2,2),(-0.85,-0.),.PIECEWISE_BEZIER_KNOTS.);
#2229 = CARTESIAN_POINT('',(-5.35005,5.75,3.4000001));
#2230 = CARTESIAN_POINT('',(-6.20005,5.75,3.4000001));
#2231 = ORIENTED_EDGE('',*,*,#2232,.F.);
#2232 = EDGE_CURVE('',#2210,#2226,#2233,.T.);
#2233 = B_SPLINE_CURVE_WITH_KNOTS('',1,(#2234,#2235),.UNSPECIFIED.,.F.,
  .F.,(2,2),(3.05,6.1),.PIECEWISE_BEZIER_KNOTS.);
#2234 = CARTESIAN_POINT('',(-6.20005,5.75,6.4500001));
#2235 = CARTESIAN_POINT('',(-6.20005,5.75,3.4000001));
#2236 = B_SPLINE_SURFACE_WITH_KNOTS('',1,1,(
    (#2237,#2238)
    ,(#2239,#2240
    )),.UNSPECIFIED.,.F.,.F.,.F.,(2,2),(2,2),(3.05,6.1),(0.,0.85),
  .PIECEWISE_BEZIER_KNOTS.);
#2237 = CARTESIAN_POINT('',(-6.20005,5.75,6.4500001));
#2238 = CARTESIAN_POINT('',(-5.35005,5.75,6.4500001));
#2239 = CARTESIAN_POINT('',(-6.20005,5.75,3.4000001));
#2240 = CARTESIAN_POINT('',(-5.35005,5.75,3.4000001));
#2241 = ADVANCED_FACE('',(#2242),#2294,.F.);
#2242 = FACE_BOUND('',#2243,.T.);
#2243 = EDGE_LOOP('',(#2244,#2245,#2250,#2251,#2258,#2265,#2272,#2279,
    #2287,#2292,#2293));
#2244 = ORIENTED_EDGE('',*,*,#2025,.T.);
#2245 = ORIENTED_EDGE('',*,*,#2246,.T.);
#2246 = EDGE_CURVE('',#2019,#2210,#2247,.T.);
#2247 = B_SPLINE_CURVE_WITH_KNOTS('',1,(#2248,#2249),.UNSPECIFIED.,.F.,
  .F.,(2,2),(-4.944946915792,0.),.PIECEWISE_BEZIER_KNOTS.);
#2248 = CARTESIAN_POINT('',(-6.20005,1.25,8.5000001));
#2249 = CARTESIAN_POINT('',(-6.20005,5.75,6.4500001));
#2250 = ORIENTED_EDGE('',*,*,#2232,.T.);
#2251 = ORIENTED_EDGE('',*,*,#2252,.T.);
#2252 = EDGE_CURVE('',#2226,#2253,#2255,.T.);
#2253 = VERTEX_POINT('',#2254);
#2254 = CARTESIAN_POINT('',(-6.20005,-5.75,3.4000001));
#2255 = B_SPLINE_CURVE_WITH_KNOTS('',1,(#2256,#2257),.UNSPECIFIED.,.F.,
  .F.,(2,2),(-11.5,-0.),.PIECEWISE_BEZIER_KNOTS.);
#2256 = CARTESIAN_POINT('',(-6.20005,5.75,3.4000001));
#2257 = CARTESIAN_POINT('',(-6.20005,-5.75,3.4000001));
#2258 = ORIENTED_EDGE('',*,*,#2259,.F.);
#2259 = EDGE_CURVE('',#2260,#2253,#2262,.T.);
#2260 = VERTEX_POINT('',#2261);
#2261 = CARTESIAN_POINT('',(-6.20005,-5.75,7.7000001));
#2262 = B_SPLINE_CURVE_WITH_KNOTS('',1,(#2263,#2264),.UNSPECIFIED.,.F.,
  .F.,(2,2),(1.8,6.1),.PIECEWISE_BEZIER_KNOTS.);
#2263 = CARTESIAN_POINT('',(-6.20005,-5.75,7.7000001));
#2264 = CARTESIAN_POINT('',(-6.20005,-5.75,3.4000001));
#2265 = ORIENTED_EDGE('',*,*,#2266,.T.);
#2266 = EDGE_CURVE('',#2260,#2267,#2269,.T.);
#2267 = VERTEX_POINT('',#2268);
#2268 = CARTESIAN_POINT('',(-6.20005,-2.65,7.7000001));
#2269 = B_SPLINE_CURVE_WITH_KNOTS('',1,(#2270,#2271),.UNSPECIFIED.,.F.,
  .F.,(2,2),(-3.1,0.),.PIECEWISE_BEZIER_KNOTS.);
#2270 = CARTESIAN_POINT('',(-6.20005,-5.75,7.7000001));
#2271 = CARTESIAN_POINT('',(-6.20005,-2.65,7.7000001));
#2272 = ORIENTED_EDGE('',*,*,#2273,.T.);
#2273 = EDGE_CURVE('',#2267,#2274,#2276,.T.);
#2274 = VERTEX_POINT('',#2275);
#2275 = CARTESIAN_POINT('',(-6.20005,-2.65,7.8500001));
#2276 = B_SPLINE_CURVE_WITH_KNOTS('',1,(#2277,#2278),.UNSPECIFIED.,.F.,
  .F.,(2,2),(-0.15,-1.283953296258E-30),.PIECEWISE_BEZIER_KNOTS.);
#2277 = CARTESIAN_POINT('',(-6.20005,-2.65,7.7000001));
#2278 = CARTESIAN_POINT('',(-6.20005,-2.65,7.8500001));
#2279 = ORIENTED_EDGE('',*,*,#2280,.T.);
#2280 = EDGE_CURVE('',#2274,#2281,#2283,.T.);
#2281 = VERTEX_POINT('',#2282);
#2282 = CARTESIAN_POINT('',(-6.20005,-3.45,8.6500001));
#2283 = ( BOUNDED_CURVE() B_SPLINE_CURVE(2,(#2284,#2285,#2286),
.UNSPECIFIED.,.F.,.F.) B_SPLINE_CURVE_WITH_KNOTS((3,3),(4.712388980385,
6.28318530718),.PIECEWISE_BEZIER_KNOTS.) CURVE() 
GEOMETRIC_REPRESENTATION_ITEM() RATIONAL_B_SPLINE_CURVE((1.,
0.707106781187,1.)) REPRESENTATION_ITEM('') );
#2284 = CARTESIAN_POINT('',(-6.20005,-2.65,7.8500001));
#2285 = CARTESIAN_POINT('',(-6.20005,-2.65,8.6500001));
#2286 = CARTESIAN_POINT('',(-6.20005,-3.45,8.6500001));
#2287 = ORIENTED_EDGE('',*,*,#2288,.T.);
#2288 = EDGE_CURVE('',#2281,#2162,#2289,.T.);
#2289 = B_SPLINE_CURVE_WITH_KNOTS('',1,(#2290,#2291),.UNSPECIFIED.,.F.,
  .F.,(2,2),(-2.3,-0.),.PIECEWISE_BEZIER_KNOTS.);
#2290 = CARTESIAN_POINT('',(-6.20005,-3.45,8.6500001));
#2291 = CARTESIAN_POINT('',(-6.20005,-5.75,8.6500001));
#2292 = ORIENTED_EDGE('',*,*,#2174,.F.);
#2293 = ORIENTED_EDGE('',*,*,#1588,.F.);
#2294 = B_SPLINE_SURFACE_WITH_KNOTS('',1,1,(
    (#2295,#2296)
    ,(#2297,#2298
    )),.UNSPECIFIED.,.F.,.F.,.F.,(2,2),(2,2),(0.,6.1),(0.,11.5),
  .PIECEWISE_BEZIER_KNOTS.);
#2295 = CARTESIAN_POINT('',(-6.20005,-5.75,9.5000001));
#2296 = CARTESIAN_POINT('',(-6.20005,5.75,9.5000001));
#2297 = CARTESIAN_POINT('',(-6.20005,-5.75,3.4000001));
#2298 = CARTESIAN_POINT('',(-6.20005,5.75,3.4000001));
#2299 = ADVANCED_FACE('',(#2300),#2356,.F.);
#2300 = FACE_BOUND('',#2301,.T.);
#2301 = EDGE_LOOP('',(#2302,#2309,#2316,#2323,#2330,#2335,#2336,#2343,
    #2348,#2349,#2354,#2355));
#2302 = ORIENTED_EDGE('',*,*,#2303,.F.);
#2303 = EDGE_CURVE('',#2304,#564,#2306,.T.);
#2304 = VERTEX_POINT('',#2305);
#2305 = CARTESIAN_POINT('',(5.74995,-5.75,7.7000001));
#2306 = B_SPLINE_CURVE_WITH_KNOTS('',1,(#2307,#2308),.UNSPECIFIED.,.F.,
  .F.,(2,2),(11.95,12.4),.PIECEWISE_BEZIER_KNOTS.);
#2307 = CARTESIAN_POINT('',(5.74995,-5.75,7.7000001));
#2308 = CARTESIAN_POINT('',(6.19995,-5.75,7.7000001));
#2309 = ORIENTED_EDGE('',*,*,#2310,.T.);
#2310 = EDGE_CURVE('',#2304,#2311,#2313,.T.);
#2311 = VERTEX_POINT('',#2312);
#2312 = CARTESIAN_POINT('',(5.74995,-5.75,4.0500001));
#2313 = B_SPLINE_CURVE_WITH_KNOTS('',1,(#2314,#2315),.UNSPECIFIED.,.F.,
  .F.,(2,2),(1.8,5.45),.PIECEWISE_BEZIER_KNOTS.);
#2314 = CARTESIAN_POINT('',(5.74995,-5.75,7.7000001));
#2315 = CARTESIAN_POINT('',(5.74995,-5.75,4.0500001));
#2316 = ORIENTED_EDGE('',*,*,#2317,.T.);
#2317 = EDGE_CURVE('',#2311,#2318,#2320,.T.);
#2318 = VERTEX_POINT('',#2319);
#2319 = CARTESIAN_POINT('',(-5.75005,-5.75,4.0500001));
#2320 = B_SPLINE_CURVE_WITH_KNOTS('',1,(#2321,#2322),.UNSPECIFIED.,.F.,
  .F.,(2,2),(-11.95,-0.45),.PIECEWISE_BEZIER_KNOTS.);
#2321 = CARTESIAN_POINT('',(5.74995,-5.75,4.0500001));
#2322 = CARTESIAN_POINT('',(-5.75005,-5.75,4.0500001));
#2323 = ORIENTED_EDGE('',*,*,#2324,.T.);
#2324 = EDGE_CURVE('',#2318,#2325,#2327,.T.);
#2325 = VERTEX_POINT('',#2326);
#2326 = CARTESIAN_POINT('',(-5.75005,-5.75,7.7000001));
#2327 = B_SPLINE_CURVE_WITH_KNOTS('',1,(#2328,#2329),.UNSPECIFIED.,.F.,
  .F.,(2,2),(-5.45,-1.8),.PIECEWISE_BEZIER_KNOTS.);
#2328 = CARTESIAN_POINT('',(-5.75005,-5.75,4.0500001));
#2329 = CARTESIAN_POINT('',(-5.75005,-5.75,7.7000001));
#2330 = ORIENTED_EDGE('',*,*,#2331,.F.);
#2331 = EDGE_CURVE('',#2260,#2325,#2332,.T.);
#2332 = B_SPLINE_CURVE_WITH_KNOTS('',1,(#2333,#2334),.UNSPECIFIED.,.F.,
  .F.,(2,2),(0.,0.45),.PIECEWISE_BEZIER_KNOTS.);
#2333 = CARTESIAN_POINT('',(-6.20005,-5.75,7.7000001));
#2334 = CARTESIAN_POINT('',(-5.75005,-5.75,7.7000001));
#2335 = ORIENTED_EDGE('',*,*,#2259,.T.);
#2336 = ORIENTED_EDGE('',*,*,#2337,.T.);
#2337 = EDGE_CURVE('',#2253,#2338,#2340,.T.);
#2338 = VERTEX_POINT('',#2339);
#2339 = CARTESIAN_POINT('',(-5.35005,-5.75,3.4000001));
#2340 = B_SPLINE_CURVE_WITH_KNOTS('',1,(#2341,#2342),.UNSPECIFIED.,.F.,
  .F.,(2,2),(0.,0.85),.PIECEWISE_BEZIER_KNOTS.);
#2341 = CARTESIAN_POINT('',(-6.20005,-5.75,3.4000001));
#2342 = CARTESIAN_POINT('',(-5.35005,-5.75,3.4000001));
#2343 = ORIENTED_EDGE('',*,*,#2344,.F.);
#2344 = EDGE_CURVE('',#1883,#2338,#2345,.T.);
#2345 = B_SPLINE_CURVE_WITH_KNOTS('',1,(#2346,#2347),.UNSPECIFIED.,.F.,
  .F.,(2,2),(-0.4,-0.2),.PIECEWISE_BEZIER_KNOTS.);
#2346 = CARTESIAN_POINT('',(-5.35005,-5.75,3.6000001));
#2347 = CARTESIAN_POINT('',(-5.35005,-5.75,3.4000001));
#2348 = ORIENTED_EDGE('',*,*,#1882,.F.);
#2349 = ORIENTED_EDGE('',*,*,#2350,.F.);
#2350 = EDGE_CURVE('',#2188,#1876,#2351,.T.);
#2351 = B_SPLINE_CURVE_WITH_KNOTS('',1,(#2352,#2353),.UNSPECIFIED.,.F.,
  .F.,(2,2),(0.2,0.4),.PIECEWISE_BEZIER_KNOTS.);
#2352 = CARTESIAN_POINT('',(5.34995,-5.75,3.4000001));
#2353 = CARTESIAN_POINT('',(5.34995,-5.75,3.6000001));
#2354 = ORIENTED_EDGE('',*,*,#2196,.T.);
#2355 = ORIENTED_EDGE('',*,*,#570,.F.);
#2356 = B_SPLINE_SURFACE_WITH_KNOTS('',1,1,(
    (#2357,#2358)
    ,(#2359,#2360
    )),.UNSPECIFIED.,.F.,.F.,.F.,(2,2),(2,2),(-6.1,-1.8),(0.,12.4),
  .PIECEWISE_BEZIER_KNOTS.);
#2357 = CARTESIAN_POINT('',(-6.20005,-5.75,3.4000001));
#2358 = CARTESIAN_POINT('',(6.19995,-5.75,3.4000001));
#2359 = CARTESIAN_POINT('',(-6.20005,-5.75,7.7000001));
#2360 = CARTESIAN_POINT('',(6.19995,-5.75,7.7000001));
#2361 = ADVANCED_FACE('',(#2362),#2372,.T.);
#2362 = FACE_BOUND('',#2363,.T.);
#2363 = EDGE_LOOP('',(#2364,#2369,#2370,#2371));
#2364 = ORIENTED_EDGE('',*,*,#2365,.F.);
#2365 = EDGE_CURVE('',#2338,#2219,#2366,.T.);
#2366 = B_SPLINE_CURVE_WITH_KNOTS('',1,(#2367,#2368),.UNSPECIFIED.,.F.,
  .F.,(2,2),(-5.75,5.75),.PIECEWISE_BEZIER_KNOTS.);
#2367 = CARTESIAN_POINT('',(-5.35005,-5.75,3.4000001));
#2368 = CARTESIAN_POINT('',(-5.35005,5.75,3.4000001));
#2369 = ORIENTED_EDGE('',*,*,#2337,.F.);
#2370 = ORIENTED_EDGE('',*,*,#2252,.F.);
#2371 = ORIENTED_EDGE('',*,*,#2225,.F.);
#2372 = B_SPLINE_SURFACE_WITH_KNOTS('',1,1,(
    (#2373,#2374)
    ,(#2375,#2376
    )),.UNSPECIFIED.,.F.,.F.,.F.,(2,2),(2,2),(5.35,6.2),(-5.75,5.75),
  .PIECEWISE_BEZIER_KNOTS.);
#2373 = CARTESIAN_POINT('',(-5.35005,-5.75,3.4000001));
#2374 = CARTESIAN_POINT('',(-5.35005,5.75,3.4000001));
#2375 = CARTESIAN_POINT('',(-6.20005,-5.75,3.4000001));
#2376 = CARTESIAN_POINT('',(-6.20005,5.75,3.4000001));
#2377 = ADVANCED_FACE('',(#2378),#2390,.F.);
#2378 = FACE_BOUND('',#2379,.T.);
#2379 = EDGE_LOOP('',(#2380,#2381,#2382,#2383,#2388,#2389));
#2380 = ORIENTED_EDGE('',*,*,#2187,.T.);
#2381 = ORIENTED_EDGE('',*,*,#2350,.T.);
#2382 = ORIENTED_EDGE('',*,*,#1875,.F.);
#2383 = ORIENTED_EDGE('',*,*,#2384,.F.);
#2384 = EDGE_CURVE('',#2139,#1869,#2385,.T.);
#2385 = B_SPLINE_CURVE_WITH_KNOTS('',1,(#2386,#2387),.UNSPECIFIED.,.F.,
  .F.,(2,2),(1.,5.9),.PIECEWISE_BEZIER_KNOTS.);
#2386 = CARTESIAN_POINT('',(5.34995,1.25,8.5000001));
#2387 = CARTESIAN_POINT('',(5.34995,1.25,3.6000001));
#2388 = ORIENTED_EDGE('',*,*,#2138,.F.);
#2389 = ORIENTED_EDGE('',*,*,#2109,.F.);
#2390 = B_SPLINE_SURFACE_WITH_KNOTS('',1,1,(
    (#2391,#2392)
    ,(#2393,#2394
    )),.UNSPECIFIED.,.F.,.F.,.F.,(2,2),(2,2),(-5.3,-0.2),(-11.5,0.),
  .PIECEWISE_BEZIER_KNOTS.);
#2391 = CARTESIAN_POINT('',(5.34995,-5.75,8.5000001));
#2392 = CARTESIAN_POINT('',(5.34995,5.75,8.5000001));
#2393 = CARTESIAN_POINT('',(5.34995,-5.75,3.4000001));
#2394 = CARTESIAN_POINT('',(5.34995,5.75,3.4000001));
#2395 = ADVANCED_FACE('',(#2396),#2408,.F.);
#2396 = FACE_BOUND('',#2397,.T.);
#2397 = EDGE_LOOP('',(#2398,#2399,#2400,#2405,#2406,#2407));
#2398 = ORIENTED_EDGE('',*,*,#2365,.T.);
#2399 = ORIENTED_EDGE('',*,*,#2218,.F.);
#2400 = ORIENTED_EDGE('',*,*,#2401,.F.);
#2401 = EDGE_CURVE('',#2012,#2212,#2402,.T.);
#2402 = B_SPLINE_CURVE_WITH_KNOTS('',1,(#2403,#2404),.UNSPECIFIED.,.F.,
  .F.,(2,2),(-4.944946915792,0.),.PIECEWISE_BEZIER_KNOTS.);
#2403 = CARTESIAN_POINT('',(-5.35005,1.25,8.5000001));
#2404 = CARTESIAN_POINT('',(-5.35005,5.75,6.4500001));
#2405 = ORIENTED_EDGE('',*,*,#2011,.T.);
#2406 = ORIENTED_EDGE('',*,*,#1889,.T.);
#2407 = ORIENTED_EDGE('',*,*,#2344,.T.);
#2408 = B_SPLINE_SURFACE_WITH_KNOTS('',1,1,(
    (#2409,#2410)
    ,(#2411,#2412
    )),.UNSPECIFIED.,.F.,.F.,.F.,(2,2),(2,2),(0.2,5.3),(-11.5,0.),
  .PIECEWISE_BEZIER_KNOTS.);
#2409 = CARTESIAN_POINT('',(-5.35005,-5.75,3.4000001));
#2410 = CARTESIAN_POINT('',(-5.35005,5.75,3.4000001));
#2411 = CARTESIAN_POINT('',(-5.35005,-5.75,8.5000001));
#2412 = CARTESIAN_POINT('',(-5.35005,5.75,8.5000001));
#2413 = ADVANCED_FACE('',(#2414),#2466,.F.);
#2414 = FACE_BOUND('',#2415,.T.);
#2415 = EDGE_LOOP('',(#2416,#2425,#2432,#2439,#2446,#2454,#2461));
#2416 = ORIENTED_EDGE('',*,*,#2417,.T.);
#2417 = EDGE_CURVE('',#2418,#2420,#2422,.T.);
#2418 = VERTEX_POINT('',#2419);
#2419 = CARTESIAN_POINT('',(5.34995,0.25,4.4500001));
#2420 = VERTEX_POINT('',#2421);
#2421 = CARTESIAN_POINT('',(5.34995,-5.35,4.4500001));
#2422 = B_SPLINE_CURVE_WITH_KNOTS('',1,(#2423,#2424),.UNSPECIFIED.,.F.,
  .F.,(2,2),(-0.,5.6),.PIECEWISE_BEZIER_KNOTS.);
#2423 = CARTESIAN_POINT('',(5.34995,0.25,4.4500001));
#2424 = CARTESIAN_POINT('',(5.34995,-5.35,4.4500001));
#2425 = ORIENTED_EDGE('',*,*,#2426,.T.);
#2426 = EDGE_CURVE('',#2420,#2427,#2429,.T.);
#2427 = VERTEX_POINT('',#2428);
#2428 = CARTESIAN_POINT('',(5.34995,-5.35,7.7000001));
#2429 = B_SPLINE_CURVE_WITH_KNOTS('',1,(#2430,#2431),.UNSPECIFIED.,.F.,
  .F.,(2,2),(0.,3.25),.PIECEWISE_BEZIER_KNOTS.);
#2430 = CARTESIAN_POINT('',(5.34995,-5.35,4.4500001));
#2431 = CARTESIAN_POINT('',(5.34995,-5.35,7.7000001));
#2432 = ORIENTED_EDGE('',*,*,#2433,.T.);
#2433 = EDGE_CURVE('',#2427,#2434,#2436,.T.);
#2434 = VERTEX_POINT('',#2435);
#2435 = CARTESIAN_POINT('',(5.34995,-2.65,7.7000001));
#2436 = B_SPLINE_CURVE_WITH_KNOTS('',1,(#2437,#2438),.UNSPECIFIED.,.F.,
  .F.,(2,2),(-5.6,-2.9),.PIECEWISE_BEZIER_KNOTS.);
#2437 = CARTESIAN_POINT('',(5.34995,-5.35,7.7000001));
#2438 = CARTESIAN_POINT('',(5.34995,-2.65,7.7000001));
#2439 = ORIENTED_EDGE('',*,*,#2440,.T.);
#2440 = EDGE_CURVE('',#2434,#2441,#2443,.T.);
#2441 = VERTEX_POINT('',#2442);
#2442 = CARTESIAN_POINT('',(5.34995,-2.65,7.8500001));
#2443 = B_SPLINE_CURVE_WITH_KNOTS('',1,(#2444,#2445),.UNSPECIFIED.,.F.,
  .F.,(2,2),(3.25,3.4),.PIECEWISE_BEZIER_KNOTS.);
#2444 = CARTESIAN_POINT('',(5.34995,-2.65,7.7000001));
#2445 = CARTESIAN_POINT('',(5.34995,-2.65,7.8500001));
#2446 = ORIENTED_EDGE('',*,*,#2447,.T.);
#2447 = EDGE_CURVE('',#2441,#2448,#2450,.T.);
#2448 = VERTEX_POINT('',#2449);
#2449 = CARTESIAN_POINT('',(5.34995,-3.45,8.6500001));
#2450 = ( BOUNDED_CURVE() B_SPLINE_CURVE(2,(#2451,#2452,#2453),
.UNSPECIFIED.,.F.,.F.) B_SPLINE_CURVE_WITH_KNOTS((3,3),(1.570796326795,
3.14159265359),.PIECEWISE_BEZIER_KNOTS.) CURVE() 
GEOMETRIC_REPRESENTATION_ITEM() RATIONAL_B_SPLINE_CURVE((1.,
0.707106781187,1.)) REPRESENTATION_ITEM('') );
#2451 = CARTESIAN_POINT('',(5.34995,-2.65,7.8500001));
#2452 = CARTESIAN_POINT('',(5.34995,-2.65,8.6500001));
#2453 = CARTESIAN_POINT('',(5.34995,-3.45,8.6500001));
#2454 = ORIENTED_EDGE('',*,*,#2455,.F.);
#2455 = EDGE_CURVE('',#2456,#2448,#2458,.T.);
#2456 = VERTEX_POINT('',#2457);
#2457 = CARTESIAN_POINT('',(5.34995,0.25,8.6500001));
#2458 = B_SPLINE_CURVE_WITH_KNOTS('',1,(#2459,#2460),.UNSPECIFIED.,.F.,
  .F.,(2,2),(-0.,3.7),.PIECEWISE_BEZIER_KNOTS.);
#2459 = CARTESIAN_POINT('',(5.34995,0.25,8.6500001));
#2460 = CARTESIAN_POINT('',(5.34995,-3.45,8.6500001));
#2461 = ORIENTED_EDGE('',*,*,#2462,.F.);
#2462 = EDGE_CURVE('',#2418,#2456,#2463,.T.);
#2463 = B_SPLINE_CURVE_WITH_KNOTS('',1,(#2464,#2465),.UNSPECIFIED.,.F.,
  .F.,(2,2),(0.,4.2),.PIECEWISE_BEZIER_KNOTS.);
#2464 = CARTESIAN_POINT('',(5.34995,0.25,4.4500001));
#2465 = CARTESIAN_POINT('',(5.34995,0.25,8.6500001));
#2466 = B_SPLINE_SURFACE_WITH_KNOTS('',1,1,(
    (#2467,#2468)
    ,(#2469,#2470
    )),.UNSPECIFIED.,.F.,.F.,.F.,(2,2),(2,2),(-4.2,0.),(-5.6,0.),
  .PIECEWISE_BEZIER_KNOTS.);
#2467 = CARTESIAN_POINT('',(5.34995,-5.35,8.6500001));
#2468 = CARTESIAN_POINT('',(5.34995,0.25,8.6500001));
#2469 = CARTESIAN_POINT('',(5.34995,-5.35,4.4500001));
#2470 = CARTESIAN_POINT('',(5.34995,0.25,4.4500001));
#2471 = ADVANCED_FACE('',(#2472),#2494,.F.);
#2472 = FACE_BOUND('',#2473,.T.);
#2473 = EDGE_LOOP('',(#2474,#2483,#2488,#2489));
#2474 = ORIENTED_EDGE('',*,*,#2475,.T.);
#2475 = EDGE_CURVE('',#2476,#2478,#2480,.T.);
#2476 = VERTEX_POINT('',#2477);
#2477 = CARTESIAN_POINT('',(-5.35005,0.25,4.4500001));
#2478 = VERTEX_POINT('',#2479);
#2479 = CARTESIAN_POINT('',(-5.35005,-5.35,4.4500001));
#2480 = B_SPLINE_CURVE_WITH_KNOTS('',1,(#2481,#2482),.UNSPECIFIED.,.F.,
  .F.,(2,2),(-0.,5.6),.PIECEWISE_BEZIER_KNOTS.);
#2481 = CARTESIAN_POINT('',(-5.35005,0.25,4.4500001));
#2482 = CARTESIAN_POINT('',(-5.35005,-5.35,4.4500001));
#2483 = ORIENTED_EDGE('',*,*,#2484,.T.);
#2484 = EDGE_CURVE('',#2478,#2420,#2485,.T.);
#2485 = B_SPLINE_CURVE_WITH_KNOTS('',1,(#2486,#2487),.UNSPECIFIED.,.F.,
  .F.,(2,2),(0.,10.7),.PIECEWISE_BEZIER_KNOTS.);
#2486 = CARTESIAN_POINT('',(-5.35005,-5.35,4.4500001));
#2487 = CARTESIAN_POINT('',(5.34995,-5.35,4.4500001));
#2488 = ORIENTED_EDGE('',*,*,#2417,.F.);
#2489 = ORIENTED_EDGE('',*,*,#2490,.F.);
#2490 = EDGE_CURVE('',#2476,#2418,#2491,.T.);
#2491 = B_SPLINE_CURVE_WITH_KNOTS('',1,(#2492,#2493),.UNSPECIFIED.,.F.,
  .F.,(2,2),(0.,10.7),.PIECEWISE_BEZIER_KNOTS.);
#2492 = CARTESIAN_POINT('',(-5.35005,0.25,4.4500001));
#2493 = CARTESIAN_POINT('',(5.34995,0.25,4.4500001));
#2494 = B_SPLINE_SURFACE_WITH_KNOTS('',1,1,(
    (#2495,#2496)
    ,(#2497,#2498
    )),.UNSPECIFIED.,.F.,.F.,.F.,(2,2),(2,2),(-10.7,0.),(-5.6,0.),
  .PIECEWISE_BEZIER_KNOTS.);
#2495 = CARTESIAN_POINT('',(5.34995,-5.35,4.4500001));
#2496 = CARTESIAN_POINT('',(5.34995,0.25,4.4500001));
#2497 = CARTESIAN_POINT('',(-5.35005,-5.35,4.4500001));
#2498 = CARTESIAN_POINT('',(-5.35005,0.25,4.4500001));
#2499 = ADVANCED_FACE('',(#2500),#2544,.F.);
#2500 = FACE_BOUND('',#2501,.T.);
#2501 = EDGE_LOOP('',(#2502,#2511,#2516,#2517,#2524,#2531,#2539));
#2502 = ORIENTED_EDGE('',*,*,#2503,.T.);
#2503 = EDGE_CURVE('',#2504,#2506,#2508,.T.);
#2504 = VERTEX_POINT('',#2505);
#2505 = CARTESIAN_POINT('',(-5.35005,-2.65,7.7000001));
#2506 = VERTEX_POINT('',#2507);
#2507 = CARTESIAN_POINT('',(-5.35005,-5.35,7.7000001));
#2508 = B_SPLINE_CURVE_WITH_KNOTS('',1,(#2509,#2510),.UNSPECIFIED.,.F.,
  .F.,(2,2),(2.9,5.6),.PIECEWISE_BEZIER_KNOTS.);
#2509 = CARTESIAN_POINT('',(-5.35005,-2.65,7.7000001));
#2510 = CARTESIAN_POINT('',(-5.35005,-5.35,7.7000001));
#2511 = ORIENTED_EDGE('',*,*,#2512,.T.);
#2512 = EDGE_CURVE('',#2506,#2478,#2513,.T.);
#2513 = B_SPLINE_CURVE_WITH_KNOTS('',1,(#2514,#2515),.UNSPECIFIED.,.F.,
  .F.,(2,2),(-3.25,0.),.PIECEWISE_BEZIER_KNOTS.);
#2514 = CARTESIAN_POINT('',(-5.35005,-5.35,7.7000001));
#2515 = CARTESIAN_POINT('',(-5.35005,-5.35,4.4500001));
#2516 = ORIENTED_EDGE('',*,*,#2475,.F.);
#2517 = ORIENTED_EDGE('',*,*,#2518,.F.);
#2518 = EDGE_CURVE('',#2519,#2476,#2521,.T.);
#2519 = VERTEX_POINT('',#2520);
#2520 = CARTESIAN_POINT('',(-5.35005,0.25,8.6500001));
#2521 = B_SPLINE_CURVE_WITH_KNOTS('',1,(#2522,#2523),.UNSPECIFIED.,.F.,
  .F.,(2,2),(-4.2,-0.),.PIECEWISE_BEZIER_KNOTS.);
#2522 = CARTESIAN_POINT('',(-5.35005,0.25,8.6500001));
#2523 = CARTESIAN_POINT('',(-5.35005,0.25,4.4500001));
#2524 = ORIENTED_EDGE('',*,*,#2525,.T.);
#2525 = EDGE_CURVE('',#2519,#2526,#2528,.T.);
#2526 = VERTEX_POINT('',#2527);
#2527 = CARTESIAN_POINT('',(-5.35005,-3.45,8.6500001));
#2528 = B_SPLINE_CURVE_WITH_KNOTS('',1,(#2529,#2530),.UNSPECIFIED.,.F.,
  .F.,(2,2),(-0.,3.7),.PIECEWISE_BEZIER_KNOTS.);
#2529 = CARTESIAN_POINT('',(-5.35005,0.25,8.6500001));
#2530 = CARTESIAN_POINT('',(-5.35005,-3.45,8.6500001));
#2531 = ORIENTED_EDGE('',*,*,#2532,.T.);
#2532 = EDGE_CURVE('',#2526,#2533,#2535,.T.);
#2533 = VERTEX_POINT('',#2534);
#2534 = CARTESIAN_POINT('',(-5.35005,-2.65,7.8500001));
#2535 = ( BOUNDED_CURVE() B_SPLINE_CURVE(2,(#2536,#2537,#2538),
.UNSPECIFIED.,.F.,.F.) B_SPLINE_CURVE_WITH_KNOTS((3,3),(0.,
1.570796326795),.PIECEWISE_BEZIER_KNOTS.) CURVE() 
GEOMETRIC_REPRESENTATION_ITEM() RATIONAL_B_SPLINE_CURVE((1.,
0.707106781187,1.)) REPRESENTATION_ITEM('') );
#2536 = CARTESIAN_POINT('',(-5.35005,-3.45,8.6500001));
#2537 = CARTESIAN_POINT('',(-5.35005,-2.65,8.6500001));
#2538 = CARTESIAN_POINT('',(-5.35005,-2.65,7.8500001));
#2539 = ORIENTED_EDGE('',*,*,#2540,.T.);
#2540 = EDGE_CURVE('',#2533,#2504,#2541,.T.);
#2541 = B_SPLINE_CURVE_WITH_KNOTS('',1,(#2542,#2543),.UNSPECIFIED.,.F.,
  .F.,(2,2),(-3.4,-3.25),.PIECEWISE_BEZIER_KNOTS.);
#2542 = CARTESIAN_POINT('',(-5.35005,-2.65,7.8500001));
#2543 = CARTESIAN_POINT('',(-5.35005,-2.65,7.7000001));
#2544 = B_SPLINE_SURFACE_WITH_KNOTS('',1,1,(
    (#2545,#2546)
    ,(#2547,#2548
    )),.UNSPECIFIED.,.F.,.F.,.F.,(2,2),(2,2),(0.,4.2),(-5.6,0.),
  .PIECEWISE_BEZIER_KNOTS.);
#2545 = CARTESIAN_POINT('',(-5.35005,-5.35,4.4500001));
#2546 = CARTESIAN_POINT('',(-5.35005,0.25,4.4500001));
#2547 = CARTESIAN_POINT('',(-5.35005,-5.35,8.6500001));
#2548 = CARTESIAN_POINT('',(-5.35005,0.25,8.6500001));
#2549 = ADVANCED_FACE('',(#2550),#2717,.F.);
#2550 = FACE_BOUND('',#2551,.T.);
#2551 = EDGE_LOOP('',(#2552,#2561,#2566,#2567,#2574,#2581,#2589,#2596,
    #2604,#2611,#2617,#2618,#2625,#2633,#2638,#2639,#2640,#2645,#2646,
    #2651,#2652,#2657,#2658,#2659,#2666,#2674,#2681,#2689,#2696,#2704,
    #2711));
#2552 = ORIENTED_EDGE('',*,*,#2553,.T.);
#2553 = EDGE_CURVE('',#2554,#2556,#2558,.T.);
#2554 = VERTEX_POINT('',#2555);
#2555 = CARTESIAN_POINT('',(3.77495,-2.,8.6500001));
#2556 = VERTEX_POINT('',#2557);
#2557 = CARTESIAN_POINT('',(3.27495,-2.,8.6500001));
#2558 = B_SPLINE_CURVE_WITH_KNOTS('',1,(#2559,#2560),.UNSPECIFIED.,.F.,
  .F.,(2,2),(-0.5,-0.),.PIECEWISE_BEZIER_KNOTS.);
#2559 = CARTESIAN_POINT('',(3.77495,-2.,8.6500001));
#2560 = CARTESIAN_POINT('',(3.27495,-2.,8.6500001));
#2561 = ORIENTED_EDGE('',*,*,#2562,.T.);
#2562 = EDGE_CURVE('',#2556,#2060,#2563,.T.);
#2563 = B_SPLINE_CURVE_WITH_KNOTS('',1,(#2564,#2565),.UNSPECIFIED.,.F.,
  .F.,(2,2),(-3.75,-0.),.PIECEWISE_BEZIER_KNOTS.);
#2564 = CARTESIAN_POINT('',(3.27495,-2.,8.6500001));
#2565 = CARTESIAN_POINT('',(3.27495,-5.75,8.6500001));
#2566 = ORIENTED_EDGE('',*,*,#2059,.T.);
#2567 = ORIENTED_EDGE('',*,*,#2568,.T.);
#2568 = EDGE_CURVE('',#2062,#2569,#2571,.T.);
#2569 = VERTEX_POINT('',#2570);
#2570 = CARTESIAN_POINT('',(-3.27505,-2.,8.6500001));
#2571 = B_SPLINE_CURVE_WITH_KNOTS('',1,(#2572,#2573),.UNSPECIFIED.,.F.,
  .F.,(2,2),(0.,3.75),.PIECEWISE_BEZIER_KNOTS.);
#2572 = CARTESIAN_POINT('',(-3.27505,-5.75,8.6500001));
#2573 = CARTESIAN_POINT('',(-3.27505,-2.,8.6500001));
#2574 = ORIENTED_EDGE('',*,*,#2575,.T.);
#2575 = EDGE_CURVE('',#2569,#2576,#2578,.T.);
#2576 = VERTEX_POINT('',#2577);
#2577 = CARTESIAN_POINT('',(-3.77505,-2.,8.6500001));
#2578 = B_SPLINE_CURVE_WITH_KNOTS('',1,(#2579,#2580),.UNSPECIFIED.,.F.,
  .F.,(2,2),(0.,0.5),.PIECEWISE_BEZIER_KNOTS.);
#2579 = CARTESIAN_POINT('',(-3.27505,-2.,8.6500001));
#2580 = CARTESIAN_POINT('',(-3.77505,-2.,8.6500001));
#2581 = ORIENTED_EDGE('',*,*,#2582,.T.);
#2582 = EDGE_CURVE('',#2576,#2583,#2585,.T.);
#2583 = VERTEX_POINT('',#2584);
#2584 = CARTESIAN_POINT('',(-4.47505,-2.7,8.6500001));
#2585 = ( BOUNDED_CURVE() B_SPLINE_CURVE(2,(#2586,#2587,#2588),
.UNSPECIFIED.,.F.,.F.) B_SPLINE_CURVE_WITH_KNOTS((3,3),(1.570796326795,
3.14159265359),.PIECEWISE_BEZIER_KNOTS.) CURVE() 
GEOMETRIC_REPRESENTATION_ITEM() RATIONAL_B_SPLINE_CURVE((1.,
0.707106781187,1.)) REPRESENTATION_ITEM('') );
#2586 = CARTESIAN_POINT('',(-3.77505,-2.,8.6500001));
#2587 = CARTESIAN_POINT('',(-4.47505,-2.,8.6500001));
#2588 = CARTESIAN_POINT('',(-4.47505,-2.7,8.6500001));
#2589 = ORIENTED_EDGE('',*,*,#2590,.T.);
#2590 = EDGE_CURVE('',#2583,#2591,#2593,.T.);
#2591 = VERTEX_POINT('',#2592);
#2592 = CARTESIAN_POINT('',(-4.47505,-4.75,8.6500001));
#2593 = B_SPLINE_CURVE_WITH_KNOTS('',1,(#2594,#2595),.UNSPECIFIED.,.F.,
  .F.,(2,2),(0.,2.05),.PIECEWISE_BEZIER_KNOTS.);
#2594 = CARTESIAN_POINT('',(-4.47505,-2.7,8.6500001));
#2595 = CARTESIAN_POINT('',(-4.47505,-4.75,8.6500001));
#2596 = ORIENTED_EDGE('',*,*,#2597,.T.);
#2597 = EDGE_CURVE('',#2591,#2598,#2600,.T.);
#2598 = VERTEX_POINT('',#2599);
#2599 = CARTESIAN_POINT('',(-4.39505,-4.91,8.6500001));
#2600 = ( BOUNDED_CURVE() B_SPLINE_CURVE(2,(#2601,#2602,#2603),
.UNSPECIFIED.,.F.,.F.) B_SPLINE_CURVE_WITH_KNOTS((3,3),(3.14159265359,
4.068887871591),.PIECEWISE_BEZIER_KNOTS.) CURVE() 
GEOMETRIC_REPRESENTATION_ITEM() RATIONAL_B_SPLINE_CURVE((1.,0.894427191,
1.)) REPRESENTATION_ITEM('') );
#2601 = CARTESIAN_POINT('',(-4.47505,-4.75,8.6500001));
#2602 = CARTESIAN_POINT('',(-4.47505,-4.85,8.6500001));
#2603 = CARTESIAN_POINT('',(-4.39505,-4.91,8.6500001));
#2604 = ORIENTED_EDGE('',*,*,#2605,.T.);
#2605 = EDGE_CURVE('',#2598,#2606,#2608,.T.);
#2606 = VERTEX_POINT('',#2607);
#2607 = CARTESIAN_POINT('',(-4.33105,-4.958,8.6500001));
#2608 = B_SPLINE_CURVE_WITH_KNOTS('',1,(#2609,#2610),.UNSPECIFIED.,.F.,
  .F.,(2,2),(0.,8.E-02),.PIECEWISE_BEZIER_KNOTS.);
#2609 = CARTESIAN_POINT('',(-4.39505,-4.91,8.6500001));
#2610 = CARTESIAN_POINT('',(-4.33105,-4.958,8.6500001));
#2611 = ORIENTED_EDGE('',*,*,#2612,.T.);
#2612 = EDGE_CURVE('',#2606,#22,#2613,.T.);
#2613 = ( BOUNDED_CURVE() B_SPLINE_CURVE(2,(#2614,#2615,#2616),
.UNSPECIFIED.,.F.,.F.) B_SPLINE_CURVE_WITH_KNOTS((3,3),(2.214297435588,
3.14159265359),.PIECEWISE_BEZIER_KNOTS.) CURVE() 
GEOMETRIC_REPRESENTATION_ITEM() RATIONAL_B_SPLINE_CURVE((1.,0.894427191,
1.)) REPRESENTATION_ITEM('') );
#2614 = CARTESIAN_POINT('',(-4.33105,-4.958,8.6500001));
#2615 = CARTESIAN_POINT('',(-4.23505,-5.03,8.6500001));
#2616 = CARTESIAN_POINT('',(-4.23505,-5.15,8.6500001));
#2617 = ORIENTED_EDGE('',*,*,#21,.T.);
#2618 = ORIENTED_EDGE('',*,*,#2619,.T.);
#2619 = EDGE_CURVE('',#24,#2620,#2622,.T.);
#2620 = VERTEX_POINT('',#2621);
#2621 = CARTESIAN_POINT('',(-4.39505,-5.39,8.6500001));
#2622 = B_SPLINE_CURVE_WITH_KNOTS('',1,(#2623,#2624),.UNSPECIFIED.,.F.,
  .F.,(2,2),(0.,8.E-02),.PIECEWISE_BEZIER_KNOTS.);
#2623 = CARTESIAN_POINT('',(-4.33105,-5.342,8.6500001));
#2624 = CARTESIAN_POINT('',(-4.39505,-5.39,8.6500001));
#2625 = ORIENTED_EDGE('',*,*,#2626,.T.);
#2626 = EDGE_CURVE('',#2620,#2627,#2629,.T.);
#2627 = VERTEX_POINT('',#2628);
#2628 = CARTESIAN_POINT('',(-4.47505,-5.55,8.6500001));
#2629 = ( BOUNDED_CURVE() B_SPLINE_CURVE(2,(#2630,#2631,#2632),
.UNSPECIFIED.,.F.,.F.) B_SPLINE_CURVE_WITH_KNOTS((3,3),(2.214297435588,
3.14159265359),.PIECEWISE_BEZIER_KNOTS.) CURVE() 
GEOMETRIC_REPRESENTATION_ITEM() RATIONAL_B_SPLINE_CURVE((1.,0.894427191,
1.)) REPRESENTATION_ITEM('') );
#2630 = CARTESIAN_POINT('',(-4.39505,-5.39,8.6500001));
#2631 = CARTESIAN_POINT('',(-4.47505,-5.45,8.6500001));
#2632 = CARTESIAN_POINT('',(-4.47505,-5.55,8.6500001));
#2633 = ORIENTED_EDGE('',*,*,#2634,.T.);
#2634 = EDGE_CURVE('',#2627,#2160,#2635,.T.);
#2635 = B_SPLINE_CURVE_WITH_KNOTS('',1,(#2636,#2637),.UNSPECIFIED.,.F.,
  .F.,(2,2),(0.,0.2),.PIECEWISE_BEZIER_KNOTS.);
#2636 = CARTESIAN_POINT('',(-4.47505,-5.55,8.6500001));
#2637 = CARTESIAN_POINT('',(-4.47505,-5.75,8.6500001));
#2638 = ORIENTED_EDGE('',*,*,#2159,.T.);
#2639 = ORIENTED_EDGE('',*,*,#2288,.F.);
#2640 = ORIENTED_EDGE('',*,*,#2641,.T.);
#2641 = EDGE_CURVE('',#2281,#2526,#2642,.T.);
#2642 = B_SPLINE_CURVE_WITH_KNOTS('',1,(#2643,#2644),.UNSPECIFIED.,.F.,
  .F.,(2,2),(0.,0.85),.PIECEWISE_BEZIER_KNOTS.);
#2643 = CARTESIAN_POINT('',(-6.20005,-3.45,8.6500001));
#2644 = CARTESIAN_POINT('',(-5.35005,-3.45,8.6500001));
#2645 = ORIENTED_EDGE('',*,*,#2525,.F.);
#2646 = ORIENTED_EDGE('',*,*,#2647,.F.);
#2647 = EDGE_CURVE('',#2456,#2519,#2648,.T.);
#2648 = B_SPLINE_CURVE_WITH_KNOTS('',1,(#2649,#2650),.UNSPECIFIED.,.F.,
  .F.,(2,2),(-10.7,-0.),.PIECEWISE_BEZIER_KNOTS.);
#2649 = CARTESIAN_POINT('',(5.34995,0.25,8.6500001));
#2650 = CARTESIAN_POINT('',(-5.35005,0.25,8.6500001));
#2651 = ORIENTED_EDGE('',*,*,#2455,.T.);
#2652 = ORIENTED_EDGE('',*,*,#2653,.T.);
#2653 = EDGE_CURVE('',#2448,#542,#2654,.T.);
#2654 = B_SPLINE_CURVE_WITH_KNOTS('',1,(#2655,#2656),.UNSPECIFIED.,.F.,
  .F.,(2,2),(11.55,12.4),.PIECEWISE_BEZIER_KNOTS.);
#2655 = CARTESIAN_POINT('',(5.34995,-3.45,8.6500001));
#2656 = CARTESIAN_POINT('',(6.19995,-3.45,8.6500001));
#2657 = ORIENTED_EDGE('',*,*,#541,.T.);
#2658 = ORIENTED_EDGE('',*,*,#2095,.T.);
#2659 = ORIENTED_EDGE('',*,*,#2660,.T.);
#2660 = EDGE_CURVE('',#2089,#2661,#2663,.T.);
#2661 = VERTEX_POINT('',#2662);
#2662 = CARTESIAN_POINT('',(4.47495,-5.55,8.6500001));
#2663 = B_SPLINE_CURVE_WITH_KNOTS('',1,(#2664,#2665),.UNSPECIFIED.,.F.,
  .F.,(2,2),(-0.2,0.),.PIECEWISE_BEZIER_KNOTS.);
#2664 = CARTESIAN_POINT('',(4.47495,-5.75,8.6500001));
#2665 = CARTESIAN_POINT('',(4.47495,-5.55,8.6500001));
#2666 = ORIENTED_EDGE('',*,*,#2667,.T.);
#2667 = EDGE_CURVE('',#2661,#2668,#2670,.T.);
#2668 = VERTEX_POINT('',#2669);
#2669 = CARTESIAN_POINT('',(4.39495,-5.39,8.6500001));
#2670 = ( BOUNDED_CURVE() B_SPLINE_CURVE(2,(#2671,#2672,#2673),
.UNSPECIFIED.,.F.,.F.) B_SPLINE_CURVE_WITH_KNOTS((3,3),(3.14159265359,
4.068887871591),.PIECEWISE_BEZIER_KNOTS.) CURVE() 
GEOMETRIC_REPRESENTATION_ITEM() RATIONAL_B_SPLINE_CURVE((1.,0.894427191,
1.)) REPRESENTATION_ITEM('') );
#2671 = CARTESIAN_POINT('',(4.47495,-5.55,8.6500001));
#2672 = CARTESIAN_POINT('',(4.47495,-5.45,8.6500001));
#2673 = CARTESIAN_POINT('',(4.39495,-5.39,8.6500001));
#2674 = ORIENTED_EDGE('',*,*,#2675,.T.);
#2675 = EDGE_CURVE('',#2668,#2676,#2678,.T.);
#2676 = VERTEX_POINT('',#2677);
#2677 = CARTESIAN_POINT('',(4.33095,-5.342,8.6500001));
#2678 = B_SPLINE_CURVE_WITH_KNOTS('',1,(#2679,#2680),.UNSPECIFIED.,.F.,
  .F.,(2,2),(-8.E-02,0.),.PIECEWISE_BEZIER_KNOTS.);
#2679 = CARTESIAN_POINT('',(4.39495,-5.39,8.6500001));
#2680 = CARTESIAN_POINT('',(4.33095,-5.342,8.6500001));
#2681 = ORIENTED_EDGE('',*,*,#2682,.T.);
#2682 = EDGE_CURVE('',#2676,#2683,#2685,.T.);
#2683 = VERTEX_POINT('',#2684);
#2684 = CARTESIAN_POINT('',(4.33095,-4.958,8.6500001));
#2685 = ( BOUNDED_CURVE() B_SPLINE_CURVE(2,(#2686,#2687,#2688),
.UNSPECIFIED.,.F.,.F.) B_SPLINE_CURVE_WITH_KNOTS((3,3),(2.214297435588,
4.068887871591),.PIECEWISE_BEZIER_KNOTS.) CURVE() 
GEOMETRIC_REPRESENTATION_ITEM() RATIONAL_B_SPLINE_CURVE((1.,0.6,1.)) 
REPRESENTATION_ITEM('') );
#2686 = CARTESIAN_POINT('',(4.33095,-5.342,8.6500001));
#2687 = CARTESIAN_POINT('',(4.07495,-5.15,8.6500001));
#2688 = CARTESIAN_POINT('',(4.33095,-4.958,8.6500001));
#2689 = ORIENTED_EDGE('',*,*,#2690,.T.);
#2690 = EDGE_CURVE('',#2683,#2691,#2693,.T.);
#2691 = VERTEX_POINT('',#2692);
#2692 = CARTESIAN_POINT('',(4.39495,-4.91,8.6500001));
#2693 = B_SPLINE_CURVE_WITH_KNOTS('',1,(#2694,#2695),.UNSPECIFIED.,.F.,
  .F.,(2,2),(-8.E-02,-5.329070518201E-16),.PIECEWISE_BEZIER_KNOTS.);
#2694 = CARTESIAN_POINT('',(4.33095,-4.958,8.6500001));
#2695 = CARTESIAN_POINT('',(4.39495,-4.91,8.6500001));
#2696 = ORIENTED_EDGE('',*,*,#2697,.T.);
#2697 = EDGE_CURVE('',#2691,#2698,#2700,.T.);
#2698 = VERTEX_POINT('',#2699);
#2699 = CARTESIAN_POINT('',(4.47495,-4.75,8.6500001));
#2700 = ( BOUNDED_CURVE() B_SPLINE_CURVE(2,(#2701,#2702,#2703),
.UNSPECIFIED.,.F.,.F.) B_SPLINE_CURVE_WITH_KNOTS((3,3),(2.214297435588,
3.14159265359),.PIECEWISE_BEZIER_KNOTS.) CURVE() 
GEOMETRIC_REPRESENTATION_ITEM() RATIONAL_B_SPLINE_CURVE((1.,0.894427191,
1.)) REPRESENTATION_ITEM('') );
#2701 = CARTESIAN_POINT('',(4.39495,-4.91,8.6500001));
#2702 = CARTESIAN_POINT('',(4.47495,-4.85,8.6500001));
#2703 = CARTESIAN_POINT('',(4.47495,-4.75,8.6500001));
#2704 = ORIENTED_EDGE('',*,*,#2705,.T.);
#2705 = EDGE_CURVE('',#2698,#2706,#2708,.T.);
#2706 = VERTEX_POINT('',#2707);
#2707 = CARTESIAN_POINT('',(4.47495,-2.7,8.6500001));
#2708 = B_SPLINE_CURVE_WITH_KNOTS('',1,(#2709,#2710),.UNSPECIFIED.,.F.,
  .F.,(2,2),(-2.05,0.),.PIECEWISE_BEZIER_KNOTS.);
#2709 = CARTESIAN_POINT('',(4.47495,-4.75,8.6500001));
#2710 = CARTESIAN_POINT('',(4.47495,-2.7,8.6500001));
#2711 = ORIENTED_EDGE('',*,*,#2712,.T.);
#2712 = EDGE_CURVE('',#2706,#2554,#2713,.T.);
#2713 = ( BOUNDED_CURVE() B_SPLINE_CURVE(2,(#2714,#2715,#2716),
.UNSPECIFIED.,.F.,.F.) B_SPLINE_CURVE_WITH_KNOTS((3,3),(3.14159265359,
4.712388980385),.PIECEWISE_BEZIER_KNOTS.) CURVE() 
GEOMETRIC_REPRESENTATION_ITEM() RATIONAL_B_SPLINE_CURVE((1.,
0.707106781187,1.)) REPRESENTATION_ITEM('') );
#2714 = CARTESIAN_POINT('',(4.47495,-2.7,8.6500001));
#2715 = CARTESIAN_POINT('',(4.47495,-2.,8.6500001));
#2716 = CARTESIAN_POINT('',(3.77495,-2.,8.6500001));
#2717 = B_SPLINE_SURFACE_WITH_KNOTS('',1,1,(
    (#2718,#2719)
    ,(#2720,#2721
  )),.UNSPECIFIED.,.F.,.F.,.F.,(2,2),(2,2),(-0.85,11.55),(-6.,0.),
  .PIECEWISE_BEZIER_KNOTS.);
#2718 = CARTESIAN_POINT('',(-6.20005,-5.75,8.6500001));
#2719 = CARTESIAN_POINT('',(-6.20005,0.25,8.6500001));
#2720 = CARTESIAN_POINT('',(6.19995,-5.75,8.6500001));
#2721 = CARTESIAN_POINT('',(6.19995,0.25,8.6500001));
#2722 = ADVANCED_FACE('',(#2723,#2753,#2783,#2813,#2843),#2849,.F.);
#2723 = FACE_BOUND('',#2724,.T.);
#2724 = EDGE_LOOP('',(#2725,#2734,#2741,#2748));
#2725 = ORIENTED_EDGE('',*,*,#2726,.T.);
#2726 = EDGE_CURVE('',#2727,#2729,#2731,.T.);
#2727 = VERTEX_POINT('',#2728);
#2728 = CARTESIAN_POINT('',(-4.19005,0.25,7.4700001));
#2729 = VERTEX_POINT('',#2730);
#2730 = CARTESIAN_POINT('',(-3.55005,0.25,7.4700001));
#2731 = B_SPLINE_CURVE_WITH_KNOTS('',1,(#2732,#2733),.UNSPECIFIED.,.F.,
  .F.,(2,2),(-4.19,-3.55),.PIECEWISE_BEZIER_KNOTS.);
#2732 = CARTESIAN_POINT('',(-4.19005,0.25,7.4700001));
#2733 = CARTESIAN_POINT('',(-3.55005,0.25,7.4700001));
#2734 = ORIENTED_EDGE('',*,*,#2735,.T.);
#2735 = EDGE_CURVE('',#2729,#2736,#2738,.T.);
#2736 = VERTEX_POINT('',#2737);
#2737 = CARTESIAN_POINT('',(-3.55005,0.25,6.8300001));
#2738 = B_SPLINE_CURVE_WITH_KNOTS('',1,(#2739,#2740),.UNSPECIFIED.,.F.,
  .F.,(2,2),(-4.07,-3.43),.PIECEWISE_BEZIER_KNOTS.);
#2739 = CARTESIAN_POINT('',(-3.55005,0.25,7.4700001));
#2740 = CARTESIAN_POINT('',(-3.55005,0.25,6.8300001));
#2741 = ORIENTED_EDGE('',*,*,#2742,.F.);
#2742 = EDGE_CURVE('',#2743,#2736,#2745,.T.);
#2743 = VERTEX_POINT('',#2744);
#2744 = CARTESIAN_POINT('',(-4.19005,0.25,6.8300001));
#2745 = B_SPLINE_CURVE_WITH_KNOTS('',1,(#2746,#2747),.UNSPECIFIED.,.F.,
  .F.,(2,2),(-4.19,-3.55),.PIECEWISE_BEZIER_KNOTS.);
#2746 = CARTESIAN_POINT('',(-4.19005,0.25,6.8300001));
#2747 = CARTESIAN_POINT('',(-3.55005,0.25,6.8300001));
#2748 = ORIENTED_EDGE('',*,*,#2749,.F.);
#2749 = EDGE_CURVE('',#2727,#2743,#2750,.T.);
#2750 = B_SPLINE_CURVE_WITH_KNOTS('',1,(#2751,#2752),.UNSPECIFIED.,.F.,
  .F.,(2,2),(-4.07,-3.43),.PIECEWISE_BEZIER_KNOTS.);
#2751 = CARTESIAN_POINT('',(-4.19005,0.25,7.4700001));
#2752 = CARTESIAN_POINT('',(-4.19005,0.25,6.8300001));
#2753 = FACE_BOUND('',#2754,.T.);
#2754 = EDGE_LOOP('',(#2755,#2764,#2771,#2778));
#2755 = ORIENTED_EDGE('',*,*,#2756,.T.);
#2756 = EDGE_CURVE('',#2757,#2759,#2761,.T.);
#2757 = VERTEX_POINT('',#2758);
#2758 = CARTESIAN_POINT('',(-1.65005,0.25,7.4700001));
#2759 = VERTEX_POINT('',#2760);
#2760 = CARTESIAN_POINT('',(-1.01005,0.25,7.4700001));
#2761 = B_SPLINE_CURVE_WITH_KNOTS('',1,(#2762,#2763),.UNSPECIFIED.,.F.,
  .F.,(2,2),(-1.65,-1.01),.PIECEWISE_BEZIER_KNOTS.);
#2762 = CARTESIAN_POINT('',(-1.65005,0.25,7.4700001));
#2763 = CARTESIAN_POINT('',(-1.01005,0.25,7.4700001));
#2764 = ORIENTED_EDGE('',*,*,#2765,.T.);
#2765 = EDGE_CURVE('',#2759,#2766,#2768,.T.);
#2766 = VERTEX_POINT('',#2767);
#2767 = CARTESIAN_POINT('',(-1.01005,0.25,6.8300001));
#2768 = B_SPLINE_CURVE_WITH_KNOTS('',1,(#2769,#2770),.UNSPECIFIED.,.F.,
  .F.,(2,2),(-4.07,-3.43),.PIECEWISE_BEZIER_KNOTS.);
#2769 = CARTESIAN_POINT('',(-1.01005,0.25,7.4700001));
#2770 = CARTESIAN_POINT('',(-1.01005,0.25,6.8300001));
#2771 = ORIENTED_EDGE('',*,*,#2772,.F.);
#2772 = EDGE_CURVE('',#2773,#2766,#2775,.T.);
#2773 = VERTEX_POINT('',#2774);
#2774 = CARTESIAN_POINT('',(-1.65005,0.25,6.8300001));
#2775 = B_SPLINE_CURVE_WITH_KNOTS('',1,(#2776,#2777),.UNSPECIFIED.,.F.,
  .F.,(2,2),(-1.65,-1.01),.PIECEWISE_BEZIER_KNOTS.);
#2776 = CARTESIAN_POINT('',(-1.65005,0.25,6.8300001));
#2777 = CARTESIAN_POINT('',(-1.01005,0.25,6.8300001));
#2778 = ORIENTED_EDGE('',*,*,#2779,.F.);
#2779 = EDGE_CURVE('',#2757,#2773,#2780,.T.);
#2780 = B_SPLINE_CURVE_WITH_KNOTS('',1,(#2781,#2782),.UNSPECIFIED.,.F.,
  .F.,(2,2),(-4.07,-3.43),.PIECEWISE_BEZIER_KNOTS.);
#2781 = CARTESIAN_POINT('',(-1.65005,0.25,7.4700001));
#2782 = CARTESIAN_POINT('',(-1.65005,0.25,6.8300001));
#2783 = FACE_BOUND('',#2784,.T.);
#2784 = EDGE_LOOP('',(#2785,#2794,#2801,#2808));
#2785 = ORIENTED_EDGE('',*,*,#2786,.T.);
#2786 = EDGE_CURVE('',#2787,#2789,#2791,.T.);
#2787 = VERTEX_POINT('',#2788);
#2788 = CARTESIAN_POINT('',(0.88995,0.25,7.4700001));
#2789 = VERTEX_POINT('',#2790);
#2790 = CARTESIAN_POINT('',(1.52995,0.25,7.4700001));
#2791 = B_SPLINE_CURVE_WITH_KNOTS('',1,(#2792,#2793),.UNSPECIFIED.,.F.,
  .F.,(2,2),(0.89,1.53),.PIECEWISE_BEZIER_KNOTS.);
#2792 = CARTESIAN_POINT('',(0.88995,0.25,7.4700001));
#2793 = CARTESIAN_POINT('',(1.52995,0.25,7.4700001));
#2794 = ORIENTED_EDGE('',*,*,#2795,.T.);
#2795 = EDGE_CURVE('',#2789,#2796,#2798,.T.);
#2796 = VERTEX_POINT('',#2797);
#2797 = CARTESIAN_POINT('',(1.52995,0.25,6.8300001));
#2798 = B_SPLINE_CURVE_WITH_KNOTS('',1,(#2799,#2800),.UNSPECIFIED.,.F.,
  .F.,(2,2),(-4.07,-3.43),.PIECEWISE_BEZIER_KNOTS.);
#2799 = CARTESIAN_POINT('',(1.52995,0.25,7.4700001));
#2800 = CARTESIAN_POINT('',(1.52995,0.25,6.8300001));
#2801 = ORIENTED_EDGE('',*,*,#2802,.F.);
#2802 = EDGE_CURVE('',#2803,#2796,#2805,.T.);
#2803 = VERTEX_POINT('',#2804);
#2804 = CARTESIAN_POINT('',(0.88995,0.25,6.8300001));
#2805 = B_SPLINE_CURVE_WITH_KNOTS('',1,(#2806,#2807),.UNSPECIFIED.,.F.,
  .F.,(2,2),(0.89,1.53),.PIECEWISE_BEZIER_KNOTS.);
#2806 = CARTESIAN_POINT('',(0.88995,0.25,6.8300001));
#2807 = CARTESIAN_POINT('',(1.52995,0.25,6.8300001));
#2808 = ORIENTED_EDGE('',*,*,#2809,.F.);
#2809 = EDGE_CURVE('',#2787,#2803,#2810,.T.);
#2810 = B_SPLINE_CURVE_WITH_KNOTS('',1,(#2811,#2812),.UNSPECIFIED.,.F.,
  .F.,(2,2),(-4.07,-3.43),.PIECEWISE_BEZIER_KNOTS.);
#2811 = CARTESIAN_POINT('',(0.88995,0.25,7.4700001));
#2812 = CARTESIAN_POINT('',(0.88995,0.25,6.8300001));
#2813 = FACE_BOUND('',#2814,.T.);
#2814 = EDGE_LOOP('',(#2815,#2824,#2831,#2838));
#2815 = ORIENTED_EDGE('',*,*,#2816,.T.);
#2816 = EDGE_CURVE('',#2817,#2819,#2821,.T.);
#2817 = VERTEX_POINT('',#2818);
#2818 = CARTESIAN_POINT('',(3.42995,0.25,7.4700001));
#2819 = VERTEX_POINT('',#2820);
#2820 = CARTESIAN_POINT('',(4.06995,0.25,7.4700001));
#2821 = B_SPLINE_CURVE_WITH_KNOTS('',1,(#2822,#2823),.UNSPECIFIED.,.F.,
  .F.,(2,2),(3.43,4.07),.PIECEWISE_BEZIER_KNOTS.);
#2822 = CARTESIAN_POINT('',(3.42995,0.25,7.4700001));
#2823 = CARTESIAN_POINT('',(4.06995,0.25,7.4700001));
#2824 = ORIENTED_EDGE('',*,*,#2825,.T.);
#2825 = EDGE_CURVE('',#2819,#2826,#2828,.T.);
#2826 = VERTEX_POINT('',#2827);
#2827 = CARTESIAN_POINT('',(4.06995,0.25,6.8300001));
#2828 = B_SPLINE_CURVE_WITH_KNOTS('',1,(#2829,#2830),.UNSPECIFIED.,.F.,
  .F.,(2,2),(-4.07,-3.43),.PIECEWISE_BEZIER_KNOTS.);
#2829 = CARTESIAN_POINT('',(4.06995,0.25,7.4700001));
#2830 = CARTESIAN_POINT('',(4.06995,0.25,6.8300001));
#2831 = ORIENTED_EDGE('',*,*,#2832,.F.);
#2832 = EDGE_CURVE('',#2833,#2826,#2835,.T.);
#2833 = VERTEX_POINT('',#2834);
#2834 = CARTESIAN_POINT('',(3.42995,0.25,6.8300001));
#2835 = B_SPLINE_CURVE_WITH_KNOTS('',1,(#2836,#2837),.UNSPECIFIED.,.F.,
  .F.,(2,2),(3.43,4.07),.PIECEWISE_BEZIER_KNOTS.);
#2836 = CARTESIAN_POINT('',(3.42995,0.25,6.8300001));
#2837 = CARTESIAN_POINT('',(4.06995,0.25,6.8300001));
#2838 = ORIENTED_EDGE('',*,*,#2839,.F.);
#2839 = EDGE_CURVE('',#2817,#2833,#2840,.T.);
#2840 = B_SPLINE_CURVE_WITH_KNOTS('',1,(#2841,#2842),.UNSPECIFIED.,.F.,
  .F.,(2,2),(-4.07,-3.43),.PIECEWISE_BEZIER_KNOTS.);
#2841 = CARTESIAN_POINT('',(3.42995,0.25,7.4700001));
#2842 = CARTESIAN_POINT('',(3.42995,0.25,6.8300001));
#2843 = FACE_BOUND('',#2844,.T.);
#2844 = EDGE_LOOP('',(#2845,#2846,#2847,#2848));
#2845 = ORIENTED_EDGE('',*,*,#2462,.T.);
#2846 = ORIENTED_EDGE('',*,*,#2647,.T.);
#2847 = ORIENTED_EDGE('',*,*,#2518,.T.);
#2848 = ORIENTED_EDGE('',*,*,#2490,.T.);
#2849 = B_SPLINE_SURFACE_WITH_KNOTS('',1,1,(
    (#2850,#2851)
    ,(#2852,#2853
    )),.UNSPECIFIED.,.F.,.F.,.F.,(2,2),(2,2),(1.05,5.25),(-5.35,5.35),
  .PIECEWISE_BEZIER_KNOTS.);
#2850 = CARTESIAN_POINT('',(-5.35005,0.25,4.4500001));
#2851 = CARTESIAN_POINT('',(5.34995,0.25,4.4500001));
#2852 = CARTESIAN_POINT('',(-5.35005,0.25,8.6500001));
#2853 = CARTESIAN_POINT('',(5.34995,0.25,8.6500001));
#2854 = ADVANCED_FACE('',(#2855),#2870,.F.);
#2855 = FACE_BOUND('',#2856,.T.);
#2856 = EDGE_LOOP('',(#2857,#2858,#2863,#2864,#2869));
#2857 = ORIENTED_EDGE('',*,*,#2331,.T.);
#2858 = ORIENTED_EDGE('',*,*,#2859,.T.);
#2859 = EDGE_CURVE('',#2325,#2506,#2860,.T.);
#2860 = B_SPLINE_CURVE_WITH_KNOTS('',1,(#2861,#2862),.UNSPECIFIED.,.F.,
  .F.,(2,2),(-0.565685424949,0.),.PIECEWISE_BEZIER_KNOTS.);
#2861 = CARTESIAN_POINT('',(-5.75005,-5.75,7.7000001));
#2862 = CARTESIAN_POINT('',(-5.35005,-5.35,7.7000001));
#2863 = ORIENTED_EDGE('',*,*,#2503,.F.);
#2864 = ORIENTED_EDGE('',*,*,#2865,.F.);
#2865 = EDGE_CURVE('',#2267,#2504,#2866,.T.);
#2866 = B_SPLINE_CURVE_WITH_KNOTS('',1,(#2867,#2868),.UNSPECIFIED.,.F.,
  .F.,(2,2),(0.,0.85),.PIECEWISE_BEZIER_KNOTS.);
#2867 = CARTESIAN_POINT('',(-6.20005,-2.65,7.7000001));
#2868 = CARTESIAN_POINT('',(-5.35005,-2.65,7.7000001));
#2869 = ORIENTED_EDGE('',*,*,#2266,.F.);
#2870 = B_SPLINE_SURFACE_WITH_KNOTS('',1,1,(
    (#2871,#2872)
    ,(#2873,#2874
    )),.UNSPECIFIED.,.F.,.F.,.F.,(2,2),(2,2),(-0.85,0.),(-3.1,0.),
  .PIECEWISE_BEZIER_KNOTS.);
#2871 = CARTESIAN_POINT('',(-5.35005,-5.75,7.7000001));
#2872 = CARTESIAN_POINT('',(-5.35005,-2.65,7.7000001));
#2873 = CARTESIAN_POINT('',(-6.20005,-5.75,7.7000001));
#2874 = CARTESIAN_POINT('',(-6.20005,-2.65,7.7000001));
#2875 = ADVANCED_FACE('',(#2876),#2886,.F.);
#2876 = FACE_BOUND('',#2877,.T.);
#2877 = EDGE_LOOP('',(#2878,#2883,#2884,#2885));
#2878 = ORIENTED_EDGE('',*,*,#2879,.F.);
#2879 = EDGE_CURVE('',#2274,#2533,#2880,.T.);
#2880 = B_SPLINE_CURVE_WITH_KNOTS('',1,(#2881,#2882),.UNSPECIFIED.,.F.,
  .F.,(2,2),(0.,0.85),.PIECEWISE_BEZIER_KNOTS.);
#2881 = CARTESIAN_POINT('',(-6.20005,-2.65,7.8500001));
#2882 = CARTESIAN_POINT('',(-5.35005,-2.65,7.8500001));
#2883 = ORIENTED_EDGE('',*,*,#2273,.F.);
#2884 = ORIENTED_EDGE('',*,*,#2865,.T.);
#2885 = ORIENTED_EDGE('',*,*,#2540,.F.);
#2886 = B_SPLINE_SURFACE_WITH_KNOTS('',1,1,(
    (#2887,#2888)
    ,(#2889,#2890
    )),.UNSPECIFIED.,.F.,.F.,.F.,(2,2),(2,2),(-0.15,0.),(0.,0.85),
  .PIECEWISE_BEZIER_KNOTS.);
#2887 = CARTESIAN_POINT('',(-6.20005,-2.65,7.7000001));
#2888 = CARTESIAN_POINT('',(-5.35005,-2.65,7.7000001));
#2889 = CARTESIAN_POINT('',(-6.20005,-2.65,7.8500001));
#2890 = CARTESIAN_POINT('',(-5.35005,-2.65,7.8500001));
#2891 = ADVANCED_FACE('',(#2892),#2898,.F.);
#2892 = FACE_BOUND('',#2893,.F.);
#2893 = EDGE_LOOP('',(#2894,#2895,#2896,#2897));
#2894 = ORIENTED_EDGE('',*,*,#2532,.T.);
#2895 = ORIENTED_EDGE('',*,*,#2879,.F.);
#2896 = ORIENTED_EDGE('',*,*,#2280,.T.);
#2897 = ORIENTED_EDGE('',*,*,#2641,.T.);
#2898 = ( BOUNDED_SURFACE() B_SPLINE_SURFACE(2,1,(
    (#2899,#2900)
    ,(#2901,#2902)
    ,(#2903,#2904
)),.UNSPECIFIED.,.F.,.F.,.F.) B_SPLINE_SURFACE_WITH_KNOTS((3,3),(2,2),(
    1.570796326795,3.14159265359),(0.,0.85),.PIECEWISE_BEZIER_KNOTS.) 
GEOMETRIC_REPRESENTATION_ITEM() RATIONAL_B_SPLINE_SURFACE((
    (1.,1.)
    ,(0.707106781187,0.707106781187)
,(1.,1.))) REPRESENTATION_ITEM('') SURFACE() );
#2899 = CARTESIAN_POINT('',(-6.20005,-2.65,7.8500001));
#2900 = CARTESIAN_POINT('',(-5.35005,-2.65,7.8500001));
#2901 = CARTESIAN_POINT('',(-6.20005,-2.65,8.6500001));
#2902 = CARTESIAN_POINT('',(-5.35005,-2.65,8.6500001));
#2903 = CARTESIAN_POINT('',(-6.20005,-3.45,8.6500001));
#2904 = CARTESIAN_POINT('',(-5.35005,-3.45,8.6500001));
#2905 = ADVANCED_FACE('',(#2906),#2920,.F.);
#2906 = FACE_BOUND('',#2907,.T.);
#2907 = EDGE_LOOP('',(#2908,#2913,#2914,#2919));
#2908 = ORIENTED_EDGE('',*,*,#2909,.T.);
#2909 = EDGE_CURVE('',#2434,#557,#2910,.T.);
#2910 = B_SPLINE_CURVE_WITH_KNOTS('',1,(#2911,#2912),.UNSPECIFIED.,.F.,
  .F.,(2,2),(11.55,12.4),.PIECEWISE_BEZIER_KNOTS.);
#2911 = CARTESIAN_POINT('',(5.34995,-2.65,7.7000001));
#2912 = CARTESIAN_POINT('',(6.19995,-2.65,7.7000001));
#2913 = ORIENTED_EDGE('',*,*,#556,.T.);
#2914 = ORIENTED_EDGE('',*,*,#2915,.F.);
#2915 = EDGE_CURVE('',#2441,#549,#2916,.T.);
#2916 = B_SPLINE_CURVE_WITH_KNOTS('',1,(#2917,#2918),.UNSPECIFIED.,.F.,
  .F.,(2,2),(11.55,12.4),.PIECEWISE_BEZIER_KNOTS.);
#2917 = CARTESIAN_POINT('',(5.34995,-2.65,7.8500001));
#2918 = CARTESIAN_POINT('',(6.19995,-2.65,7.8500001));
#2919 = ORIENTED_EDGE('',*,*,#2440,.F.);
#2920 = B_SPLINE_SURFACE_WITH_KNOTS('',1,1,(
    (#2921,#2922)
    ,(#2923,#2924
    )),.UNSPECIFIED.,.F.,.F.,.F.,(2,2),(2,2),(-0.15,0.),(11.55,12.4),
  .PIECEWISE_BEZIER_KNOTS.);
#2921 = CARTESIAN_POINT('',(5.34995,-2.65,7.7000001));
#2922 = CARTESIAN_POINT('',(6.19995,-2.65,7.7000001));
#2923 = CARTESIAN_POINT('',(5.34995,-2.65,7.8500001));
#2924 = CARTESIAN_POINT('',(6.19995,-2.65,7.8500001));
#2925 = ADVANCED_FACE('',(#2926),#2937,.F.);
#2926 = FACE_BOUND('',#2927,.T.);
#2927 = EDGE_LOOP('',(#2928,#2929,#2934,#2935,#2936));
#2928 = ORIENTED_EDGE('',*,*,#2433,.F.);
#2929 = ORIENTED_EDGE('',*,*,#2930,.T.);
#2930 = EDGE_CURVE('',#2427,#2304,#2931,.T.);
#2931 = B_SPLINE_CURVE_WITH_KNOTS('',1,(#2932,#2933),.UNSPECIFIED.,.F.,
  .F.,(2,2),(-1.256073966947E-15,0.565685424949),
  .PIECEWISE_BEZIER_KNOTS.);
#2932 = CARTESIAN_POINT('',(5.34995,-5.35,7.7000001));
#2933 = CARTESIAN_POINT('',(5.74995,-5.75,7.7000001));
#2934 = ORIENTED_EDGE('',*,*,#2303,.T.);
#2935 = ORIENTED_EDGE('',*,*,#563,.T.);
#2936 = ORIENTED_EDGE('',*,*,#2909,.F.);
#2937 = B_SPLINE_SURFACE_WITH_KNOTS('',1,1,(
    (#2938,#2939)
    ,(#2940,#2941
  )),.UNSPECIFIED.,.F.,.F.,.F.,(2,2),(2,2),(-12.4,-11.55),(-3.1,0.),
  .PIECEWISE_BEZIER_KNOTS.);
#2938 = CARTESIAN_POINT('',(6.19995,-5.75,7.7000001));
#2939 = CARTESIAN_POINT('',(6.19995,-2.65,7.7000001));
#2940 = CARTESIAN_POINT('',(5.34995,-5.75,7.7000001));
#2941 = CARTESIAN_POINT('',(5.34995,-2.65,7.7000001));
#2942 = ADVANCED_FACE('',(#2943),#2949,.F.);
#2943 = FACE_BOUND('',#2944,.F.);
#2944 = EDGE_LOOP('',(#2945,#2946,#2947,#2948));
#2945 = ORIENTED_EDGE('',*,*,#2447,.T.);
#2946 = ORIENTED_EDGE('',*,*,#2653,.T.);
#2947 = ORIENTED_EDGE('',*,*,#548,.F.);
#2948 = ORIENTED_EDGE('',*,*,#2915,.F.);
#2949 = ( BOUNDED_SURFACE() B_SPLINE_SURFACE(2,1,(
    (#2950,#2951)
    ,(#2952,#2953)
    ,(#2954,#2955
)),.UNSPECIFIED.,.F.,.F.,.F.) B_SPLINE_SURFACE_WITH_KNOTS((3,3),(2,2),(
    1.570796326795,3.14159265359),(11.55,12.4),
.PIECEWISE_BEZIER_KNOTS.) GEOMETRIC_REPRESENTATION_ITEM() 
RATIONAL_B_SPLINE_SURFACE((
    (1.,1.)
    ,(0.707106781187,0.707106781187)
,(1.,1.))) REPRESENTATION_ITEM('') SURFACE() );
#2950 = CARTESIAN_POINT('',(5.34995,-2.65,7.8500001));
#2951 = CARTESIAN_POINT('',(6.19995,-2.65,7.8500001));
#2952 = CARTESIAN_POINT('',(5.34995,-2.65,8.6500001));
#2953 = CARTESIAN_POINT('',(6.19995,-2.65,8.6500001));
#2954 = CARTESIAN_POINT('',(5.34995,-3.45,8.6500001));
#2955 = CARTESIAN_POINT('',(6.19995,-3.45,8.6500001));
#2956 = ADVANCED_FACE('',(#2957),#2963,.F.);
#2957 = FACE_BOUND('',#2958,.T.);
#2958 = EDGE_LOOP('',(#2959,#2960,#2961,#2962));
#2959 = ORIENTED_EDGE('',*,*,#2018,.T.);
#2960 = ORIENTED_EDGE('',*,*,#2401,.T.);
#2961 = ORIENTED_EDGE('',*,*,#2209,.F.);
#2962 = ORIENTED_EDGE('',*,*,#2246,.F.);
#2963 = B_SPLINE_SURFACE_WITH_KNOTS('',1,1,(
    (#2964,#2965)
    ,(#2966,#2967
    )),.UNSPECIFIED.,.F.,.F.,.F.,(2,2),(2,2),(-4.944946915792,0.),(0.,
    0.85),.PIECEWISE_BEZIER_KNOTS.);
#2964 = CARTESIAN_POINT('',(-6.20005,1.25,8.5000001));
#2965 = CARTESIAN_POINT('',(-5.35005,1.25,8.5000001));
#2966 = CARTESIAN_POINT('',(-6.20005,5.75,6.4500001));
#2967 = CARTESIAN_POINT('',(-5.35005,5.75,6.4500001));
#2968 = ADVANCED_FACE('',(#2969),#2981,.F.);
#2969 = FACE_BOUND('',#2970,.T.);
#2970 = EDGE_LOOP('',(#2971,#2972,#2977,#2978,#2979,#2980));
#2971 = ORIENTED_EDGE('',*,*,#1868,.T.);
#2972 = ORIENTED_EDGE('',*,*,#2973,.T.);
#2973 = EDGE_CURVE('',#1862,#1763,#2974,.T.);
#2974 = B_SPLINE_CURVE_WITH_KNOTS('',1,(#2975,#2976),.UNSPECIFIED.,.F.,
  .F.,(2,2),(-4.9,1.),.PIECEWISE_BEZIER_KNOTS.);
#2975 = CARTESIAN_POINT('',(4.64995,1.25,3.6000001));
#2976 = CARTESIAN_POINT('',(4.64995,1.25,9.5000001));
#2977 = ORIENTED_EDGE('',*,*,#1762,.T.);
#2978 = ORIENTED_EDGE('',*,*,#520,.T.);
#2979 = ORIENTED_EDGE('',*,*,#2145,.F.);
#2980 = ORIENTED_EDGE('',*,*,#2384,.T.);
#2981 = B_SPLINE_SURFACE_WITH_KNOTS('',1,1,(
    (#2982,#2983)
    ,(#2984,#2985
    )),.UNSPECIFIED.,.F.,.F.,.F.,(2,2),(2,2),(-1.,4.9),(10.85,12.4),
  .PIECEWISE_BEZIER_KNOTS.);
#2982 = CARTESIAN_POINT('',(4.64995,1.25,9.5000001));
#2983 = CARTESIAN_POINT('',(6.19995,1.25,9.5000001));
#2984 = CARTESIAN_POINT('',(4.64995,1.25,3.6000001));
#2985 = CARTESIAN_POINT('',(6.19995,1.25,3.6000001));
#2986 = ADVANCED_FACE('',(#2987),#2997,.F.);
#2987 = FACE_BOUND('',#2988,.T.);
#2988 = EDGE_LOOP('',(#2989,#2990,#2991,#2996));
#2989 = ORIENTED_EDGE('',*,*,#2859,.F.);
#2990 = ORIENTED_EDGE('',*,*,#2324,.F.);
#2991 = ORIENTED_EDGE('',*,*,#2992,.F.);
#2992 = EDGE_CURVE('',#2478,#2318,#2993,.T.);
#2993 = B_SPLINE_CURVE_WITH_KNOTS('',1,(#2994,#2995),.UNSPECIFIED.,.F.,
  .F.,(2,2),(-0.,0.692820323028),.PIECEWISE_BEZIER_KNOTS.);
#2994 = CARTESIAN_POINT('',(-5.35005,-5.35,4.4500001));
#2995 = CARTESIAN_POINT('',(-5.75005,-5.75,4.0500001));
#2996 = ORIENTED_EDGE('',*,*,#2512,.F.);
#2997 = B_SPLINE_SURFACE_WITH_KNOTS('',1,1,(
    (#2998,#2999)
    ,(#3000,#3001
    )),.UNSPECIFIED.,.F.,.F.,.F.,(2,2),(2,2),(-3.25,0.4),(-0.,
    0.565685424949),.PIECEWISE_BEZIER_KNOTS.);
#2998 = CARTESIAN_POINT('',(-5.35005,-5.35,7.7000001));
#2999 = CARTESIAN_POINT('',(-5.75005,-5.75,7.7000001));
#3000 = CARTESIAN_POINT('',(-5.35005,-5.35,4.0500001));
#3001 = CARTESIAN_POINT('',(-5.75005,-5.75,4.0500001));
#3002 = ADVANCED_FACE('',(#3003),#3013,.F.);
#3003 = FACE_BOUND('',#3004,.T.);
#3004 = EDGE_LOOP('',(#3005,#3006,#3007,#3012));
#3005 = ORIENTED_EDGE('',*,*,#2992,.T.);
#3006 = ORIENTED_EDGE('',*,*,#2317,.F.);
#3007 = ORIENTED_EDGE('',*,*,#3008,.F.);
#3008 = EDGE_CURVE('',#2420,#2311,#3009,.T.);
#3009 = B_SPLINE_CURVE_WITH_KNOTS('',1,(#3010,#3011),.UNSPECIFIED.,.F.,
  .F.,(2,2),(0.,0.692820323028),.PIECEWISE_BEZIER_KNOTS.);
#3010 = CARTESIAN_POINT('',(5.34995,-5.35,4.4500001));
#3011 = CARTESIAN_POINT('',(5.74995,-5.75,4.0500001));
#3012 = ORIENTED_EDGE('',*,*,#2484,.F.);
#3013 = B_SPLINE_SURFACE_WITH_KNOTS('',1,1,(
    (#3014,#3015)
    ,(#3016,#3017)),.UNSPECIFIED.,.F.,.F.,.F.,(2,2),(2,2),(-0.4,11.1),(
    -2.207942520024E-17,0.565685424949),.PIECEWISE_BEZIER_KNOTS.);
#3014 = CARTESIAN_POINT('',(-5.75005,-5.35,4.4500001));
#3015 = CARTESIAN_POINT('',(-5.75005,-5.75,4.0500001));
#3016 = CARTESIAN_POINT('',(5.74995,-5.35,4.4500001));
#3017 = CARTESIAN_POINT('',(5.74995,-5.75,4.0500001));
#3018 = ADVANCED_FACE('',(#3019),#3025,.F.);
#3019 = FACE_BOUND('',#3020,.T.);
#3020 = EDGE_LOOP('',(#3021,#3022,#3023,#3024));
#3021 = ORIENTED_EDGE('',*,*,#3008,.T.);
#3022 = ORIENTED_EDGE('',*,*,#2310,.F.);
#3023 = ORIENTED_EDGE('',*,*,#2930,.F.);
#3024 = ORIENTED_EDGE('',*,*,#2426,.F.);
#3025 = B_SPLINE_SURFACE_WITH_KNOTS('',1,1,(
    (#3026,#3027)
    ,(#3028,#3029)),.UNSPECIFIED.,.F.,.F.,.F.,(2,2),(2,2),(-0.4,3.25),(
    -3.068923280478E-16,0.565685424949),.PIECEWISE_BEZIER_KNOTS.);
#3026 = CARTESIAN_POINT('',(5.34995,-5.35,4.0500001));
#3027 = CARTESIAN_POINT('',(5.74995,-5.75,4.0500001));
#3028 = CARTESIAN_POINT('',(5.34995,-5.35,7.7000001));
#3029 = CARTESIAN_POINT('',(5.74995,-5.75,7.7000001));
#3030 = ADVANCED_FACE('',(#3031),#3045,.F.);
#3031 = FACE_BOUND('',#3032,.F.);
#3032 = EDGE_LOOP('',(#3033,#3038,#3039,#3044));
#3033 = ORIENTED_EDGE('',*,*,#3034,.F.);
#3034 = EDGE_CURVE('',#2620,#1610,#3035,.T.);
#3035 = B_SPLINE_CURVE_WITH_KNOTS('',1,(#3036,#3037),.UNSPECIFIED.,.F.,
  .F.,(2,2),(0.,0.85),.PIECEWISE_BEZIER_KNOTS.);
#3036 = CARTESIAN_POINT('',(-4.39505,-5.39,8.6500001));
#3037 = CARTESIAN_POINT('',(-4.39505,-5.39,9.5000001));
#3038 = ORIENTED_EDGE('',*,*,#2626,.T.);
#3039 = ORIENTED_EDGE('',*,*,#3040,.T.);
#3040 = EDGE_CURVE('',#2627,#1603,#3041,.T.);
#3041 = B_SPLINE_CURVE_WITH_KNOTS('',1,(#3042,#3043),.UNSPECIFIED.,.F.,
  .F.,(2,2),(0.,0.85),.PIECEWISE_BEZIER_KNOTS.);
#3042 = CARTESIAN_POINT('',(-4.47505,-5.55,8.6500001));
#3043 = CARTESIAN_POINT('',(-4.47505,-5.55,9.5000001));
#3044 = ORIENTED_EDGE('',*,*,#1609,.F.);
#3045 = ( BOUNDED_SURFACE() B_SPLINE_SURFACE(2,1,(
    (#3046,#3047)
    ,(#3048,#3049)
    ,(#3050,#3051
)),.UNSPECIFIED.,.F.,.F.,.F.) B_SPLINE_SURFACE_WITH_KNOTS((3,3),(2,2),(
    2.214297435588,3.14159265359),(0.,0.85),.PIECEWISE_BEZIER_KNOTS.) 
GEOMETRIC_REPRESENTATION_ITEM() RATIONAL_B_SPLINE_SURFACE((
    (1.,1.)
    ,(0.894427191,0.894427191)
,(1.,1.))) REPRESENTATION_ITEM('') SURFACE() );
#3046 = CARTESIAN_POINT('',(-4.39505,-5.39,8.6500001));
#3047 = CARTESIAN_POINT('',(-4.39505,-5.39,9.5000001));
#3048 = CARTESIAN_POINT('',(-4.47505,-5.45,8.6500001));
#3049 = CARTESIAN_POINT('',(-4.47505,-5.45,9.5000001));
#3050 = CARTESIAN_POINT('',(-4.47505,-5.55,8.6500001));
#3051 = CARTESIAN_POINT('',(-4.47505,-5.55,9.5000001));
#3052 = ADVANCED_FACE('',(#3053),#3059,.F.);
#3053 = FACE_BOUND('',#3054,.T.);
#3054 = EDGE_LOOP('',(#3055,#3056,#3057,#3058));
#3055 = ORIENTED_EDGE('',*,*,#1617,.T.);
#3056 = ORIENTED_EDGE('',*,*,#3034,.F.);
#3057 = ORIENTED_EDGE('',*,*,#2619,.F.);
#3058 = ORIENTED_EDGE('',*,*,#46,.T.);
#3059 = B_SPLINE_SURFACE_WITH_KNOTS('',1,1,(
    (#3060,#3061)
    ,(#3062,#3063
    )),.UNSPECIFIED.,.F.,.F.,.F.,(2,2),(2,2),(0.,8.E-02),(0.,0.85),
  .PIECEWISE_BEZIER_KNOTS.);
#3060 = CARTESIAN_POINT('',(-4.33105,-5.342,8.6500001));
#3061 = CARTESIAN_POINT('',(-4.33105,-5.342,9.5000001));
#3062 = CARTESIAN_POINT('',(-4.39505,-5.39,8.6500001));
#3063 = CARTESIAN_POINT('',(-4.39505,-5.39,9.5000001));
#3064 = ADVANCED_FACE('',(#3065),#3075,.T.);
#3065 = FACE_BOUND('',#3066,.T.);
#3066 = EDGE_LOOP('',(#3067,#3068,#3069,#3074));
#3067 = ORIENTED_EDGE('',*,*,#31,.F.);
#3068 = ORIENTED_EDGE('',*,*,#2612,.F.);
#3069 = ORIENTED_EDGE('',*,*,#3070,.T.);
#3070 = EDGE_CURVE('',#2606,#1624,#3071,.T.);
#3071 = B_SPLINE_CURVE_WITH_KNOTS('',1,(#3072,#3073),.UNSPECIFIED.,.F.,
  .F.,(2,2),(0.,0.85),.PIECEWISE_BEZIER_KNOTS.);
#3072 = CARTESIAN_POINT('',(-4.33105,-4.958,8.6500001));
#3073 = CARTESIAN_POINT('',(-4.33105,-4.958,9.5000001));
#3074 = ORIENTED_EDGE('',*,*,#1623,.T.);
#3075 = ( BOUNDED_SURFACE() B_SPLINE_SURFACE(2,1,(
    (#3076,#3077)
    ,(#3078,#3079)
    ,(#3080,#3081
)),.UNSPECIFIED.,.F.,.F.,.F.) B_SPLINE_SURFACE_WITH_KNOTS((3,3),(2,2),(
    0.,0.927295218002),(0.,0.85),.PIECEWISE_BEZIER_KNOTS.) 
GEOMETRIC_REPRESENTATION_ITEM() RATIONAL_B_SPLINE_SURFACE((
    (1.,1.)
    ,(0.894427191,0.894427191)
,(1.,1.))) REPRESENTATION_ITEM('') SURFACE() );
#3076 = CARTESIAN_POINT('',(-4.23505,-5.15,8.6500001));
#3077 = CARTESIAN_POINT('',(-4.23505,-5.15,9.5000001));
#3078 = CARTESIAN_POINT('',(-4.23505,-5.03,8.6500001));
#3079 = CARTESIAN_POINT('',(-4.23505,-5.03,9.5000001));
#3080 = CARTESIAN_POINT('',(-4.33105,-4.958,8.6500001));
#3081 = CARTESIAN_POINT('',(-4.33105,-4.958,9.5000001));
#3082 = ADVANCED_FACE('',(#3083),#3093,.F.);
#3083 = FACE_BOUND('',#3084,.T.);
#3084 = EDGE_LOOP('',(#3085,#3086,#3087,#3088));
#3085 = ORIENTED_EDGE('',*,*,#1631,.T.);
#3086 = ORIENTED_EDGE('',*,*,#3070,.F.);
#3087 = ORIENTED_EDGE('',*,*,#2605,.F.);
#3088 = ORIENTED_EDGE('',*,*,#3089,.T.);
#3089 = EDGE_CURVE('',#2598,#1632,#3090,.T.);
#3090 = B_SPLINE_CURVE_WITH_KNOTS('',1,(#3091,#3092),.UNSPECIFIED.,.F.,
  .F.,(2,2),(0.,0.85),.PIECEWISE_BEZIER_KNOTS.);
#3091 = CARTESIAN_POINT('',(-4.39505,-4.91,8.6500001));
#3092 = CARTESIAN_POINT('',(-4.39505,-4.91,9.5000001));
#3093 = B_SPLINE_SURFACE_WITH_KNOTS('',1,1,(
    (#3094,#3095)
    ,(#3096,#3097
    )),.UNSPECIFIED.,.F.,.F.,.F.,(2,2),(2,2),(0.,8.E-02),(0.,0.85),
  .PIECEWISE_BEZIER_KNOTS.);
#3094 = CARTESIAN_POINT('',(-4.39505,-4.91,8.6500001));
#3095 = CARTESIAN_POINT('',(-4.39505,-4.91,9.5000001));
#3096 = CARTESIAN_POINT('',(-4.33105,-4.958,8.6500001));
#3097 = CARTESIAN_POINT('',(-4.33105,-4.958,9.5000001));
#3098 = ADVANCED_FACE('',(#3099),#3109,.F.);
#3099 = FACE_BOUND('',#3100,.F.);
#3100 = EDGE_LOOP('',(#3101,#3106,#3107,#3108));
#3101 = ORIENTED_EDGE('',*,*,#3102,.F.);
#3102 = EDGE_CURVE('',#2591,#1639,#3103,.T.);
#3103 = B_SPLINE_CURVE_WITH_KNOTS('',1,(#3104,#3105),.UNSPECIFIED.,.F.,
  .F.,(2,2),(0.,0.85),.PIECEWISE_BEZIER_KNOTS.);
#3104 = CARTESIAN_POINT('',(-4.47505,-4.75,8.6500001));
#3105 = CARTESIAN_POINT('',(-4.47505,-4.75,9.5000001));
#3106 = ORIENTED_EDGE('',*,*,#2597,.T.);
#3107 = ORIENTED_EDGE('',*,*,#3089,.T.);
#3108 = ORIENTED_EDGE('',*,*,#1638,.F.);
#3109 = ( BOUNDED_SURFACE() B_SPLINE_SURFACE(2,1,(
    (#3110,#3111)
    ,(#3112,#3113)
    ,(#3114,#3115
)),.UNSPECIFIED.,.F.,.F.,.F.) B_SPLINE_SURFACE_WITH_KNOTS((3,3),(2,2),(
    3.14159265359,4.068887871591),(0.,0.85),.PIECEWISE_BEZIER_KNOTS.) 
GEOMETRIC_REPRESENTATION_ITEM() RATIONAL_B_SPLINE_SURFACE((
    (1.,1.)
    ,(0.894427191,0.894427191)
,(1.,1.))) REPRESENTATION_ITEM('') SURFACE() );
#3110 = CARTESIAN_POINT('',(-4.47505,-4.75,8.6500001));
#3111 = CARTESIAN_POINT('',(-4.47505,-4.75,9.5000001));
#3112 = CARTESIAN_POINT('',(-4.47505,-4.85,8.6500001));
#3113 = CARTESIAN_POINT('',(-4.47505,-4.85,9.5000001));
#3114 = CARTESIAN_POINT('',(-4.39505,-4.91,8.6500001));
#3115 = CARTESIAN_POINT('',(-4.39505,-4.91,9.5000001));
#3116 = ADVANCED_FACE('',(#3117),#3127,.F.);
#3117 = FACE_BOUND('',#3118,.T.);
#3118 = EDGE_LOOP('',(#3119,#3120,#3121,#3122));
#3119 = ORIENTED_EDGE('',*,*,#1646,.T.);
#3120 = ORIENTED_EDGE('',*,*,#3102,.F.);
#3121 = ORIENTED_EDGE('',*,*,#2590,.F.);
#3122 = ORIENTED_EDGE('',*,*,#3123,.T.);
#3123 = EDGE_CURVE('',#2583,#1647,#3124,.T.);
#3124 = B_SPLINE_CURVE_WITH_KNOTS('',1,(#3125,#3126),.UNSPECIFIED.,.F.,
  .F.,(2,2),(0.,0.85),.PIECEWISE_BEZIER_KNOTS.);
#3125 = CARTESIAN_POINT('',(-4.47505,-2.7,8.6500001));
#3126 = CARTESIAN_POINT('',(-4.47505,-2.7,9.5000001));
#3127 = B_SPLINE_SURFACE_WITH_KNOTS('',1,1,(
    (#3128,#3129)
    ,(#3130,#3131
    )),.UNSPECIFIED.,.F.,.F.,.F.,(2,2),(2,2),(0.,2.05),(0.,0.85),
  .PIECEWISE_BEZIER_KNOTS.);
#3128 = CARTESIAN_POINT('',(-4.47505,-2.7,8.6500001));
#3129 = CARTESIAN_POINT('',(-4.47505,-2.7,9.5000001));
#3130 = CARTESIAN_POINT('',(-4.47505,-4.75,8.6500001));
#3131 = CARTESIAN_POINT('',(-4.47505,-4.75,9.5000001));
#3132 = ADVANCED_FACE('',(#3133),#3143,.F.);
#3133 = FACE_BOUND('',#3134,.F.);
#3134 = EDGE_LOOP('',(#3135,#3140,#3141,#3142));
#3135 = ORIENTED_EDGE('',*,*,#3136,.F.);
#3136 = EDGE_CURVE('',#2576,#1654,#3137,.T.);
#3137 = B_SPLINE_CURVE_WITH_KNOTS('',1,(#3138,#3139),.UNSPECIFIED.,.F.,
  .F.,(2,2),(0.,0.85),.PIECEWISE_BEZIER_KNOTS.);
#3138 = CARTESIAN_POINT('',(-3.77505,-2.,8.6500001));
#3139 = CARTESIAN_POINT('',(-3.77505,-2.,9.5000001));
#3140 = ORIENTED_EDGE('',*,*,#2582,.T.);
#3141 = ORIENTED_EDGE('',*,*,#3123,.T.);
#3142 = ORIENTED_EDGE('',*,*,#1653,.F.);
#3143 = ( BOUNDED_SURFACE() B_SPLINE_SURFACE(2,1,(
    (#3144,#3145)
    ,(#3146,#3147)
    ,(#3148,#3149
)),.UNSPECIFIED.,.F.,.F.,.F.) B_SPLINE_SURFACE_WITH_KNOTS((3,3),(2,2),(
    1.570796326795,3.14159265359),(0.,0.85),.PIECEWISE_BEZIER_KNOTS.) 
GEOMETRIC_REPRESENTATION_ITEM() RATIONAL_B_SPLINE_SURFACE((
    (1.,1.)
    ,(0.707106781187,0.707106781187)
,(1.,1.))) REPRESENTATION_ITEM('') SURFACE() );
#3144 = CARTESIAN_POINT('',(-3.77505,-2.,8.6500001));
#3145 = CARTESIAN_POINT('',(-3.77505,-2.,9.5000001));
#3146 = CARTESIAN_POINT('',(-4.47505,-2.,8.6500001));
#3147 = CARTESIAN_POINT('',(-4.47505,-2.,9.5000001));
#3148 = CARTESIAN_POINT('',(-4.47505,-2.7,8.6500001));
#3149 = CARTESIAN_POINT('',(-4.47505,-2.7,9.5000001));
#3150 = ADVANCED_FACE('',(#3151),#3161,.F.);
#3151 = FACE_BOUND('',#3152,.T.);
#3152 = EDGE_LOOP('',(#3153,#3154,#3155,#3156));
#3153 = ORIENTED_EDGE('',*,*,#1661,.T.);
#3154 = ORIENTED_EDGE('',*,*,#3136,.F.);
#3155 = ORIENTED_EDGE('',*,*,#2575,.F.);
#3156 = ORIENTED_EDGE('',*,*,#3157,.T.);
#3157 = EDGE_CURVE('',#2569,#1662,#3158,.T.);
#3158 = B_SPLINE_CURVE_WITH_KNOTS('',1,(#3159,#3160),.UNSPECIFIED.,.F.,
  .F.,(2,2),(0.,0.85),.PIECEWISE_BEZIER_KNOTS.);
#3159 = CARTESIAN_POINT('',(-3.27505,-2.,8.6500001));
#3160 = CARTESIAN_POINT('',(-3.27505,-2.,9.5000001));
#3161 = B_SPLINE_SURFACE_WITH_KNOTS('',1,1,(
    (#3162,#3163)
    ,(#3164,#3165
    )),.UNSPECIFIED.,.F.,.F.,.F.,(2,2),(2,2),(0.,0.5),(0.,0.85),
  .PIECEWISE_BEZIER_KNOTS.);
#3162 = CARTESIAN_POINT('',(-3.27505,-2.,8.6500001));
#3163 = CARTESIAN_POINT('',(-3.27505,-2.,9.5000001));
#3164 = CARTESIAN_POINT('',(-3.77505,-2.,8.6500001));
#3165 = CARTESIAN_POINT('',(-3.77505,-2.,9.5000001));
#3166 = ADVANCED_FACE('',(#3167),#3173,.F.);
#3167 = FACE_BOUND('',#3168,.T.);
#3168 = EDGE_LOOP('',(#3169,#3170,#3171,#3172));
#3169 = ORIENTED_EDGE('',*,*,#1668,.T.);
#3170 = ORIENTED_EDGE('',*,*,#3157,.F.);
#3171 = ORIENTED_EDGE('',*,*,#2568,.F.);
#3172 = ORIENTED_EDGE('',*,*,#2074,.T.);
#3173 = B_SPLINE_SURFACE_WITH_KNOTS('',1,1,(
    (#3174,#3175)
    ,(#3176,#3177
    )),.UNSPECIFIED.,.F.,.F.,.F.,(2,2),(2,2),(0.,3.75),(0.,0.85),
  .PIECEWISE_BEZIER_KNOTS.);
#3174 = CARTESIAN_POINT('',(-3.27505,-5.75,8.6500001));
#3175 = CARTESIAN_POINT('',(-3.27505,-5.75,9.5000001));
#3176 = CARTESIAN_POINT('',(-3.27505,-2.,8.6500001));
#3177 = CARTESIAN_POINT('',(-3.27505,-2.,9.5000001));
#3178 = ADVANCED_FACE('',(#3179),#3185,.F.);
#3179 = FACE_BOUND('',#3180,.T.);
#3180 = EDGE_LOOP('',(#3181,#3182,#3183,#3184));
#3181 = ORIENTED_EDGE('',*,*,#1602,.T.);
#3182 = ORIENTED_EDGE('',*,*,#2168,.F.);
#3183 = ORIENTED_EDGE('',*,*,#2634,.F.);
#3184 = ORIENTED_EDGE('',*,*,#3040,.T.);
#3185 = B_SPLINE_SURFACE_WITH_KNOTS('',1,1,(
    (#3186,#3187)
    ,(#3188,#3189
    )),.UNSPECIFIED.,.F.,.F.,.F.,(2,2),(2,2),(0.,0.85),(-0.2,0.),
  .PIECEWISE_BEZIER_KNOTS.);
#3186 = CARTESIAN_POINT('',(-4.47505,-5.75,8.6500001));
#3187 = CARTESIAN_POINT('',(-4.47505,-5.55,8.6500001));
#3188 = CARTESIAN_POINT('',(-4.47505,-5.75,9.5000001));
#3189 = CARTESIAN_POINT('',(-4.47505,-5.55,9.5000001));
#3190 = ADVANCED_FACE('',(#3191),#3201,.F.);
#3191 = FACE_BOUND('',#3192,.T.);
#3192 = EDGE_LOOP('',(#3193,#3194,#3195,#3196));
#3193 = ORIENTED_EDGE('',*,*,#1682,.T.);
#3194 = ORIENTED_EDGE('',*,*,#2068,.F.);
#3195 = ORIENTED_EDGE('',*,*,#2562,.F.);
#3196 = ORIENTED_EDGE('',*,*,#3197,.T.);
#3197 = EDGE_CURVE('',#2556,#1683,#3198,.T.);
#3198 = B_SPLINE_CURVE_WITH_KNOTS('',1,(#3199,#3200),.UNSPECIFIED.,.F.,
  .F.,(2,2),(0.,0.85),.PIECEWISE_BEZIER_KNOTS.);
#3199 = CARTESIAN_POINT('',(3.27495,-2.,8.6500001));
#3200 = CARTESIAN_POINT('',(3.27495,-2.,9.5000001));
#3201 = B_SPLINE_SURFACE_WITH_KNOTS('',1,1,(
    (#3202,#3203)
    ,(#3204,#3205
    )),.UNSPECIFIED.,.F.,.F.,.F.,(2,2),(2,2),(-3.75,0.),(0.,0.85),
  .PIECEWISE_BEZIER_KNOTS.);
#3202 = CARTESIAN_POINT('',(3.27495,-2.,8.6500001));
#3203 = CARTESIAN_POINT('',(3.27495,-2.,9.5000001));
#3204 = CARTESIAN_POINT('',(3.27495,-5.75,8.6500001));
#3205 = CARTESIAN_POINT('',(3.27495,-5.75,9.5000001));
#3206 = ADVANCED_FACE('',(#3207),#3217,.F.);
#3207 = FACE_BOUND('',#3208,.T.);
#3208 = EDGE_LOOP('',(#3209,#3210,#3211,#3212));
#3209 = ORIENTED_EDGE('',*,*,#1689,.T.);
#3210 = ORIENTED_EDGE('',*,*,#3197,.F.);
#3211 = ORIENTED_EDGE('',*,*,#2553,.F.);
#3212 = ORIENTED_EDGE('',*,*,#3213,.T.);
#3213 = EDGE_CURVE('',#2554,#1690,#3214,.T.);
#3214 = B_SPLINE_CURVE_WITH_KNOTS('',1,(#3215,#3216),.UNSPECIFIED.,.F.,
  .F.,(2,2),(0.,0.85),.PIECEWISE_BEZIER_KNOTS.);
#3215 = CARTESIAN_POINT('',(3.77495,-2.,8.6500001));
#3216 = CARTESIAN_POINT('',(3.77495,-2.,9.5000001));
#3217 = B_SPLINE_SURFACE_WITH_KNOTS('',1,1,(
    (#3218,#3219)
    ,(#3220,#3221
    )),.UNSPECIFIED.,.F.,.F.,.F.,(2,2),(2,2),(-0.5,0.),(0.,0.85),
  .PIECEWISE_BEZIER_KNOTS.);
#3218 = CARTESIAN_POINT('',(3.77495,-2.,8.6500001));
#3219 = CARTESIAN_POINT('',(3.77495,-2.,9.5000001));
#3220 = CARTESIAN_POINT('',(3.27495,-2.,8.6500001));
#3221 = CARTESIAN_POINT('',(3.27495,-2.,9.5000001));
#3222 = ADVANCED_FACE('',(#3223),#3233,.F.);
#3223 = FACE_BOUND('',#3224,.F.);
#3224 = EDGE_LOOP('',(#3225,#3230,#3231,#3232));
#3225 = ORIENTED_EDGE('',*,*,#3226,.F.);
#3226 = EDGE_CURVE('',#2706,#1697,#3227,.T.);
#3227 = B_SPLINE_CURVE_WITH_KNOTS('',1,(#3228,#3229),.UNSPECIFIED.,.F.,
  .F.,(2,2),(0.,0.85),.PIECEWISE_BEZIER_KNOTS.);
#3228 = CARTESIAN_POINT('',(4.47495,-2.7,8.6500001));
#3229 = CARTESIAN_POINT('',(4.47495,-2.7,9.5000001));
#3230 = ORIENTED_EDGE('',*,*,#2712,.T.);
#3231 = ORIENTED_EDGE('',*,*,#3213,.T.);
#3232 = ORIENTED_EDGE('',*,*,#1696,.F.);
#3233 = ( BOUNDED_SURFACE() B_SPLINE_SURFACE(2,1,(
    (#3234,#3235)
    ,(#3236,#3237)
    ,(#3238,#3239
)),.UNSPECIFIED.,.F.,.F.,.F.) B_SPLINE_SURFACE_WITH_KNOTS((3,3),(2,2),(
    0.,1.570796326795),(0.,0.85),.PIECEWISE_BEZIER_KNOTS.) 
GEOMETRIC_REPRESENTATION_ITEM() RATIONAL_B_SPLINE_SURFACE((
    (1.,1.)
    ,(0.707106781187,0.707106781187)
,(1.,1.))) REPRESENTATION_ITEM('') SURFACE() );
#3234 = CARTESIAN_POINT('',(4.47495,-2.7,8.6500001));
#3235 = CARTESIAN_POINT('',(4.47495,-2.7,9.5000001));
#3236 = CARTESIAN_POINT('',(4.47495,-2.,8.6500001));
#3237 = CARTESIAN_POINT('',(4.47495,-2.,9.5000001));
#3238 = CARTESIAN_POINT('',(3.77495,-2.,8.6500001));
#3239 = CARTESIAN_POINT('',(3.77495,-2.,9.5000001));
#3240 = ADVANCED_FACE('',(#3241),#3251,.F.);
#3241 = FACE_BOUND('',#3242,.T.);
#3242 = EDGE_LOOP('',(#3243,#3244,#3245,#3246));
#3243 = ORIENTED_EDGE('',*,*,#1704,.T.);
#3244 = ORIENTED_EDGE('',*,*,#3226,.F.);
#3245 = ORIENTED_EDGE('',*,*,#2705,.F.);
#3246 = ORIENTED_EDGE('',*,*,#3247,.T.);
#3247 = EDGE_CURVE('',#2698,#1705,#3248,.T.);
#3248 = B_SPLINE_CURVE_WITH_KNOTS('',1,(#3249,#3250),.UNSPECIFIED.,.F.,
  .F.,(2,2),(0.,0.85),.PIECEWISE_BEZIER_KNOTS.);
#3249 = CARTESIAN_POINT('',(4.47495,-4.75,8.6500001));
#3250 = CARTESIAN_POINT('',(4.47495,-4.75,9.5000001));
#3251 = B_SPLINE_SURFACE_WITH_KNOTS('',1,1,(
    (#3252,#3253)
    ,(#3254,#3255
    )),.UNSPECIFIED.,.F.,.F.,.F.,(2,2),(2,2),(-2.05,0.),(0.,0.85),
  .PIECEWISE_BEZIER_KNOTS.);
#3252 = CARTESIAN_POINT('',(4.47495,-4.75,8.6500001));
#3253 = CARTESIAN_POINT('',(4.47495,-4.75,9.5000001));
#3254 = CARTESIAN_POINT('',(4.47495,-2.7,8.6500001));
#3255 = CARTESIAN_POINT('',(4.47495,-2.7,9.5000001));
#3256 = ADVANCED_FACE('',(#3257),#3267,.F.);
#3257 = FACE_BOUND('',#3258,.F.);
#3258 = EDGE_LOOP('',(#3259,#3264,#3265,#3266));
#3259 = ORIENTED_EDGE('',*,*,#3260,.F.);
#3260 = EDGE_CURVE('',#2691,#1712,#3261,.T.);
#3261 = B_SPLINE_CURVE_WITH_KNOTS('',1,(#3262,#3263),.UNSPECIFIED.,.F.,
  .F.,(2,2),(0.,0.85),.PIECEWISE_BEZIER_KNOTS.);
#3262 = CARTESIAN_POINT('',(4.39495,-4.91,8.6500001));
#3263 = CARTESIAN_POINT('',(4.39495,-4.91,9.5000001));
#3264 = ORIENTED_EDGE('',*,*,#2697,.T.);
#3265 = ORIENTED_EDGE('',*,*,#3247,.T.);
#3266 = ORIENTED_EDGE('',*,*,#1711,.F.);
#3267 = ( BOUNDED_SURFACE() B_SPLINE_SURFACE(2,1,(
    (#3268,#3269)
    ,(#3270,#3271)
    ,(#3272,#3273
)),.UNSPECIFIED.,.F.,.F.,.F.) B_SPLINE_SURFACE_WITH_KNOTS((3,3),(2,2),(
    5.355890089178,6.28318530718),(0.,0.85),.PIECEWISE_BEZIER_KNOTS.) 
GEOMETRIC_REPRESENTATION_ITEM() RATIONAL_B_SPLINE_SURFACE((
    (1.,1.)
    ,(0.894427191,0.894427191)
,(1.,1.))) REPRESENTATION_ITEM('') SURFACE() );
#3268 = CARTESIAN_POINT('',(4.39495,-4.91,8.6500001));
#3269 = CARTESIAN_POINT('',(4.39495,-4.91,9.5000001));
#3270 = CARTESIAN_POINT('',(4.47495,-4.85,8.6500001));
#3271 = CARTESIAN_POINT('',(4.47495,-4.85,9.5000001));
#3272 = CARTESIAN_POINT('',(4.47495,-4.75,8.6500001));
#3273 = CARTESIAN_POINT('',(4.47495,-4.75,9.5000001));
#3274 = ADVANCED_FACE('',(#3275),#3285,.F.);
#3275 = FACE_BOUND('',#3276,.T.);
#3276 = EDGE_LOOP('',(#3277,#3278,#3279,#3280));
#3277 = ORIENTED_EDGE('',*,*,#1719,.T.);
#3278 = ORIENTED_EDGE('',*,*,#3260,.F.);
#3279 = ORIENTED_EDGE('',*,*,#2690,.F.);
#3280 = ORIENTED_EDGE('',*,*,#3281,.T.);
#3281 = EDGE_CURVE('',#2683,#1720,#3282,.T.);
#3282 = B_SPLINE_CURVE_WITH_KNOTS('',1,(#3283,#3284),.UNSPECIFIED.,.F.,
  .F.,(2,2),(0.,0.85),.PIECEWISE_BEZIER_KNOTS.);
#3283 = CARTESIAN_POINT('',(4.33095,-4.958,8.6500001));
#3284 = CARTESIAN_POINT('',(4.33095,-4.958,9.5000001));
#3285 = B_SPLINE_SURFACE_WITH_KNOTS('',1,1,(
    (#3286,#3287)
    ,(#3288,#3289
    )),.UNSPECIFIED.,.F.,.F.,.F.,(2,2),(2,2),(-8.E-02,0.),(0.,0.85),
  .PIECEWISE_BEZIER_KNOTS.);
#3286 = CARTESIAN_POINT('',(4.33095,-4.958,8.6500001));
#3287 = CARTESIAN_POINT('',(4.33095,-4.958,9.5000001));
#3288 = CARTESIAN_POINT('',(4.39495,-4.91,8.6500001));
#3289 = CARTESIAN_POINT('',(4.39495,-4.91,9.5000001));
#3290 = ADVANCED_FACE('',(#3291),#3301,.T.);
#3291 = FACE_BOUND('',#3292,.T.);
#3292 = EDGE_LOOP('',(#3293,#3294,#3295,#3296));
#3293 = ORIENTED_EDGE('',*,*,#1726,.T.);
#3294 = ORIENTED_EDGE('',*,*,#3281,.F.);
#3295 = ORIENTED_EDGE('',*,*,#2682,.F.);
#3296 = ORIENTED_EDGE('',*,*,#3297,.T.);
#3297 = EDGE_CURVE('',#2676,#1727,#3298,.T.);
#3298 = B_SPLINE_CURVE_WITH_KNOTS('',1,(#3299,#3300),.UNSPECIFIED.,.F.,
  .F.,(2,2),(0.,0.85),.PIECEWISE_BEZIER_KNOTS.);
#3299 = CARTESIAN_POINT('',(4.33095,-5.342,8.6500001));
#3300 = CARTESIAN_POINT('',(4.33095,-5.342,9.5000001));
#3301 = ( BOUNDED_SURFACE() B_SPLINE_SURFACE(2,1,(
    (#3302,#3303)
    ,(#3304,#3305)
    ,(#3306,#3307
)),.UNSPECIFIED.,.F.,.F.,.F.) B_SPLINE_SURFACE_WITH_KNOTS((3,3),(2,2),(
    2.214297435588,4.068887871591),(0.,0.85),.PIECEWISE_BEZIER_KNOTS.) 
GEOMETRIC_REPRESENTATION_ITEM() RATIONAL_B_SPLINE_SURFACE((
    (1.,1.)
    ,(0.6,0.6)
,(1.,1.))) REPRESENTATION_ITEM('') SURFACE() );
#3302 = CARTESIAN_POINT('',(4.33095,-4.958,8.6500001));
#3303 = CARTESIAN_POINT('',(4.33095,-4.958,9.5000001));
#3304 = CARTESIAN_POINT('',(4.07495,-5.15,8.6500001));
#3305 = CARTESIAN_POINT('',(4.07495,-5.15,9.5000001));
#3306 = CARTESIAN_POINT('',(4.33095,-5.342,8.6500001));
#3307 = CARTESIAN_POINT('',(4.33095,-5.342,9.5000001));
#3308 = ADVANCED_FACE('',(#3309),#3319,.F.);
#3309 = FACE_BOUND('',#3310,.T.);
#3310 = EDGE_LOOP('',(#3311,#3312,#3313,#3314));
#3311 = ORIENTED_EDGE('',*,*,#1734,.T.);
#3312 = ORIENTED_EDGE('',*,*,#3297,.F.);
#3313 = ORIENTED_EDGE('',*,*,#2675,.F.);
#3314 = ORIENTED_EDGE('',*,*,#3315,.T.);
#3315 = EDGE_CURVE('',#2668,#1735,#3316,.T.);
#3316 = B_SPLINE_CURVE_WITH_KNOTS('',1,(#3317,#3318),.UNSPECIFIED.,.F.,
  .F.,(2,2),(0.,0.85),.PIECEWISE_BEZIER_KNOTS.);
#3317 = CARTESIAN_POINT('',(4.39495,-5.39,8.6500001));
#3318 = CARTESIAN_POINT('',(4.39495,-5.39,9.5000001));
#3319 = B_SPLINE_SURFACE_WITH_KNOTS('',1,1,(
    (#3320,#3321)
    ,(#3322,#3323
    )),.UNSPECIFIED.,.F.,.F.,.F.,(2,2),(2,2),(-8.E-02,0.),(0.,0.85),
  .PIECEWISE_BEZIER_KNOTS.);
#3320 = CARTESIAN_POINT('',(4.39495,-5.39,8.6500001));
#3321 = CARTESIAN_POINT('',(4.39495,-5.39,9.5000001));
#3322 = CARTESIAN_POINT('',(4.33095,-5.342,8.6500001));
#3323 = CARTESIAN_POINT('',(4.33095,-5.342,9.5000001));
#3324 = ADVANCED_FACE('',(#3325),#3335,.F.);
#3325 = FACE_BOUND('',#3326,.F.);
#3326 = EDGE_LOOP('',(#3327,#3332,#3333,#3334));
#3327 = ORIENTED_EDGE('',*,*,#3328,.F.);
#3328 = EDGE_CURVE('',#2661,#1742,#3329,.T.);
#3329 = B_SPLINE_CURVE_WITH_KNOTS('',1,(#3330,#3331),.UNSPECIFIED.,.F.,
  .F.,(2,2),(1.7763568394E-15,0.85),.PIECEWISE_BEZIER_KNOTS.);
#3330 = CARTESIAN_POINT('',(4.47495,-5.55,8.6500001));
#3331 = CARTESIAN_POINT('',(4.47495,-5.55,9.5000001));
#3332 = ORIENTED_EDGE('',*,*,#2667,.T.);
#3333 = ORIENTED_EDGE('',*,*,#3315,.T.);
#3334 = ORIENTED_EDGE('',*,*,#1741,.F.);
#3335 = ( BOUNDED_SURFACE() B_SPLINE_SURFACE(2,1,(
    (#3336,#3337)
    ,(#3338,#3339)
    ,(#3340,#3341
)),.UNSPECIFIED.,.F.,.F.,.F.) B_SPLINE_SURFACE_WITH_KNOTS((3,3),(2,2),(
    0.,0.927295218002),(0.,0.85),.PIECEWISE_BEZIER_KNOTS.) 
GEOMETRIC_REPRESENTATION_ITEM() RATIONAL_B_SPLINE_SURFACE((
    (1.,1.)
    ,(0.894427191,0.894427191)
,(1.,1.))) REPRESENTATION_ITEM('') SURFACE() );
#3336 = CARTESIAN_POINT('',(4.47495,-5.55,8.6500001));
#3337 = CARTESIAN_POINT('',(4.47495,-5.55,9.5000001));
#3338 = CARTESIAN_POINT('',(4.47495,-5.45,8.6500001));
#3339 = CARTESIAN_POINT('',(4.47495,-5.45,9.5000001));
#3340 = CARTESIAN_POINT('',(4.39495,-5.39,8.6500001));
#3341 = CARTESIAN_POINT('',(4.39495,-5.39,9.5000001));
#3342 = ADVANCED_FACE('',(#3343),#3349,.F.);
#3343 = FACE_BOUND('',#3344,.T.);
#3344 = EDGE_LOOP('',(#3345,#3346,#3347,#3348));
#3345 = ORIENTED_EDGE('',*,*,#1749,.T.);
#3346 = ORIENTED_EDGE('',*,*,#3328,.F.);
#3347 = ORIENTED_EDGE('',*,*,#2660,.F.);
#3348 = ORIENTED_EDGE('',*,*,#2088,.T.);
#3349 = B_SPLINE_SURFACE_WITH_KNOTS('',1,1,(
    (#3350,#3351)
    ,(#3352,#3353
    )),.UNSPECIFIED.,.F.,.F.,.F.,(2,2),(2,2),(-0.85,0.),(-0.2,0.),
  .PIECEWISE_BEZIER_KNOTS.);
#3350 = CARTESIAN_POINT('',(4.47495,-5.75,9.5000001));
#3351 = CARTESIAN_POINT('',(4.47495,-5.55,9.5000001));
#3352 = CARTESIAN_POINT('',(4.47495,-5.75,8.6500001));
#3353 = CARTESIAN_POINT('',(4.47495,-5.55,8.6500001));
#3354 = ADVANCED_FACE('',(#3355),#3377,.F.);
#3355 = FACE_BOUND('',#3356,.T.);
#3356 = EDGE_LOOP('',(#3357,#3364,#3371,#3376));
#3357 = ORIENTED_EDGE('',*,*,#3358,.F.);
#3358 = EDGE_CURVE('',#3359,#1848,#3361,.T.);
#3359 = VERTEX_POINT('',#3360);
#3360 = CARTESIAN_POINT('',(2.84995,0.95,6.4000001));
#3361 = B_SPLINE_CURVE_WITH_KNOTS('',1,(#3362,#3363),.UNSPECIFIED.,.F.,
  .F.,(2,2),(0.,2.838622514139),.PIECEWISE_BEZIER_KNOTS.);
#3362 = CARTESIAN_POINT('',(2.84995,0.95,6.4000001));
#3363 = CARTESIAN_POINT('',(2.84995,0.483333333333,3.6000001));
#3364 = ORIENTED_EDGE('',*,*,#3365,.T.);
#3365 = EDGE_CURVE('',#3359,#3366,#3368,.T.);
#3366 = VERTEX_POINT('',#3367);
#3367 = CARTESIAN_POINT('',(4.64995,0.95,6.4000001));
#3368 = B_SPLINE_CURVE_WITH_KNOTS('',1,(#3369,#3370),.UNSPECIFIED.,.F.,
  .F.,(2,2),(0.,1.8),.PIECEWISE_BEZIER_KNOTS.);
#3369 = CARTESIAN_POINT('',(2.84995,0.95,6.4000001));
#3370 = CARTESIAN_POINT('',(4.64995,0.95,6.4000001));
#3371 = ORIENTED_EDGE('',*,*,#3372,.T.);
#3372 = EDGE_CURVE('',#3366,#1855,#3373,.T.);
#3373 = B_SPLINE_CURVE_WITH_KNOTS('',1,(#3374,#3375),.UNSPECIFIED.,.F.,
  .F.,(2,2),(0.,2.838622514139),.PIECEWISE_BEZIER_KNOTS.);
#3374 = CARTESIAN_POINT('',(4.64995,0.95,6.4000001));
#3375 = CARTESIAN_POINT('',(4.64995,0.483333333333,3.6000001));
#3376 = ORIENTED_EDGE('',*,*,#1854,.F.);
#3377 = B_SPLINE_SURFACE_WITH_KNOTS('',1,1,(
    (#3378,#3379)
    ,(#3380,#3381
    )),.UNSPECIFIED.,.F.,.F.,.F.,(2,2),(2,2),(0.,2.838622514139),(0.,1.8
    ),.PIECEWISE_BEZIER_KNOTS.);
#3378 = CARTESIAN_POINT('',(2.84995,0.95,6.4000001));
#3379 = CARTESIAN_POINT('',(4.64995,0.95,6.4000001));
#3380 = CARTESIAN_POINT('',(2.84995,0.483333333333,3.6000001));
#3381 = CARTESIAN_POINT('',(4.64995,0.483333333333,3.6000001));
#3382 = ADVANCED_FACE('',(#3383),#3401,.T.);
#3383 = FACE_BOUND('',#3384,.T.);
#3384 = EDGE_LOOP('',(#3385,#3386,#3387,#3388,#3395,#3400));
#3385 = ORIENTED_EDGE('',*,*,#1847,.T.);
#3386 = ORIENTED_EDGE('',*,*,#2046,.T.);
#3387 = ORIENTED_EDGE('',*,*,#1783,.T.);
#3388 = ORIENTED_EDGE('',*,*,#3389,.T.);
#3389 = EDGE_CURVE('',#1777,#3390,#3392,.T.);
#3390 = VERTEX_POINT('',#3391);
#3391 = CARTESIAN_POINT('',(2.84995,0.95,7.9000001));
#3392 = B_SPLINE_CURVE_WITH_KNOTS('',1,(#3393,#3394),.UNSPECIFIED.,.F.,
  .F.,(2,2),(0.,1.676305461424),.PIECEWISE_BEZIER_KNOTS.);
#3393 = CARTESIAN_POINT('',(2.84995,0.45,9.5000001));
#3394 = CARTESIAN_POINT('',(2.84995,0.95,7.9000001));
#3395 = ORIENTED_EDGE('',*,*,#3396,.T.);
#3396 = EDGE_CURVE('',#3390,#3359,#3397,.T.);
#3397 = B_SPLINE_CURVE_WITH_KNOTS('',1,(#3398,#3399),.UNSPECIFIED.,.F.,
  .F.,(2,2),(0.,1.5),.PIECEWISE_BEZIER_KNOTS.);
#3398 = CARTESIAN_POINT('',(2.84995,0.95,7.9000001));
#3399 = CARTESIAN_POINT('',(2.84995,0.95,6.4000001));
#3400 = ORIENTED_EDGE('',*,*,#3358,.T.);
#3401 = B_SPLINE_SURFACE_WITH_KNOTS('',1,1,(
    (#3402,#3403)
    ,(#3404,#3405
    )),.UNSPECIFIED.,.F.,.F.,.F.,(2,2),(2,2),(-6.1,-0.2),(0.45,1.25),
  .PIECEWISE_BEZIER_KNOTS.);
#3402 = CARTESIAN_POINT('',(2.84995,0.45,9.5000001));
#3403 = CARTESIAN_POINT('',(2.84995,1.25,9.5000001));
#3404 = CARTESIAN_POINT('',(2.84995,0.45,3.6000001));
#3405 = CARTESIAN_POINT('',(2.84995,1.25,3.6000001));
#3406 = ADVANCED_FACE('',(#3407),#3425,.F.);
#3407 = FACE_BOUND('',#3408,.T.);
#3408 = EDGE_LOOP('',(#3409,#3410,#3417,#3422,#3423,#3424));
#3409 = ORIENTED_EDGE('',*,*,#3372,.F.);
#3410 = ORIENTED_EDGE('',*,*,#3411,.F.);
#3411 = EDGE_CURVE('',#3412,#3366,#3414,.T.);
#3412 = VERTEX_POINT('',#3413);
#3413 = CARTESIAN_POINT('',(4.64995,0.95,7.9000001));
#3414 = B_SPLINE_CURVE_WITH_KNOTS('',1,(#3415,#3416),.UNSPECIFIED.,.F.,
  .F.,(2,2),(0.,1.5),.PIECEWISE_BEZIER_KNOTS.);
#3415 = CARTESIAN_POINT('',(4.64995,0.95,7.9000001));
#3416 = CARTESIAN_POINT('',(4.64995,0.95,6.4000001));
#3417 = ORIENTED_EDGE('',*,*,#3418,.F.);
#3418 = EDGE_CURVE('',#1770,#3412,#3419,.T.);
#3419 = B_SPLINE_CURVE_WITH_KNOTS('',1,(#3420,#3421),.UNSPECIFIED.,.F.,
  .F.,(2,2),(0.,1.676305461424),.PIECEWISE_BEZIER_KNOTS.);
#3420 = CARTESIAN_POINT('',(4.64995,0.45,9.5000001));
#3421 = CARTESIAN_POINT('',(4.64995,0.95,7.9000001));
#3422 = ORIENTED_EDGE('',*,*,#1769,.F.);
#3423 = ORIENTED_EDGE('',*,*,#2973,.F.);
#3424 = ORIENTED_EDGE('',*,*,#1861,.F.);
#3425 = B_SPLINE_SURFACE_WITH_KNOTS('',1,1,(
    (#3426,#3427)
    ,(#3428,#3429
    )),.UNSPECIFIED.,.F.,.F.,.F.,(2,2),(2,2),(-6.1,-0.2),(0.45,1.25),
  .PIECEWISE_BEZIER_KNOTS.);
#3426 = CARTESIAN_POINT('',(4.64995,0.45,9.5000001));
#3427 = CARTESIAN_POINT('',(4.64995,1.25,9.5000001));
#3428 = CARTESIAN_POINT('',(4.64995,0.45,3.6000001));
#3429 = CARTESIAN_POINT('',(4.64995,1.25,3.6000001));
#3430 = ADVANCED_FACE('',(#3431,#3461),#3471,.F.);
#3431 = FACE_BOUND('',#3432,.T.);
#3432 = EDGE_LOOP('',(#3433,#3442,#3449,#3456));
#3433 = ORIENTED_EDGE('',*,*,#3434,.F.);
#3434 = EDGE_CURVE('',#3435,#3437,#3439,.T.);
#3435 = VERTEX_POINT('',#3436);
#3436 = CARTESIAN_POINT('',(4.06995,0.95,6.8300001));
#3437 = VERTEX_POINT('',#3438);
#3438 = CARTESIAN_POINT('',(3.42995,0.95,6.8300001));
#3439 = B_SPLINE_CURVE_WITH_KNOTS('',1,(#3440,#3441),.UNSPECIFIED.,.F.,
  .F.,(2,2),(-1.22,-0.58),.PIECEWISE_BEZIER_KNOTS.);
#3440 = CARTESIAN_POINT('',(4.06995,0.95,6.8300001));
#3441 = CARTESIAN_POINT('',(3.42995,0.95,6.8300001));
#3442 = ORIENTED_EDGE('',*,*,#3443,.T.);
#3443 = EDGE_CURVE('',#3435,#3444,#3446,.T.);
#3444 = VERTEX_POINT('',#3445);
#3445 = CARTESIAN_POINT('',(4.06995,0.95,7.4700001));
#3446 = B_SPLINE_CURVE_WITH_KNOTS('',1,(#3447,#3448),.UNSPECIFIED.,.F.,
  .F.,(2,2),(-1.07,-0.43),.PIECEWISE_BEZIER_KNOTS.);
#3447 = CARTESIAN_POINT('',(4.06995,0.95,6.8300001));
#3448 = CARTESIAN_POINT('',(4.06995,0.95,7.4700001));
#3449 = ORIENTED_EDGE('',*,*,#3450,.T.);
#3450 = EDGE_CURVE('',#3444,#3451,#3453,.T.);
#3451 = VERTEX_POINT('',#3452);
#3452 = CARTESIAN_POINT('',(3.42995,0.95,7.4700001));
#3453 = B_SPLINE_CURVE_WITH_KNOTS('',1,(#3454,#3455),.UNSPECIFIED.,.F.,
  .F.,(2,2),(-1.22,-0.58),.PIECEWISE_BEZIER_KNOTS.);
#3454 = CARTESIAN_POINT('',(4.06995,0.95,7.4700001));
#3455 = CARTESIAN_POINT('',(3.42995,0.95,7.4700001));
#3456 = ORIENTED_EDGE('',*,*,#3457,.F.);
#3457 = EDGE_CURVE('',#3437,#3451,#3458,.T.);
#3458 = B_SPLINE_CURVE_WITH_KNOTS('',1,(#3459,#3460),.UNSPECIFIED.,.F.,
  .F.,(2,2),(-1.07,-0.43),.PIECEWISE_BEZIER_KNOTS.);
#3459 = CARTESIAN_POINT('',(3.42995,0.95,6.8300001));
#3460 = CARTESIAN_POINT('',(3.42995,0.95,7.4700001));
#3461 = FACE_BOUND('',#3462,.T.);
#3462 = EDGE_LOOP('',(#3463,#3464,#3465,#3466));
#3463 = ORIENTED_EDGE('',*,*,#3411,.T.);
#3464 = ORIENTED_EDGE('',*,*,#3365,.F.);
#3465 = ORIENTED_EDGE('',*,*,#3396,.F.);
#3466 = ORIENTED_EDGE('',*,*,#3467,.T.);
#3467 = EDGE_CURVE('',#3390,#3412,#3468,.T.);
#3468 = B_SPLINE_CURVE_WITH_KNOTS('',1,(#3469,#3470),.UNSPECIFIED.,.F.,
  .F.,(2,2),(0.,1.8),.PIECEWISE_BEZIER_KNOTS.);
#3469 = CARTESIAN_POINT('',(2.84995,0.95,7.9000001));
#3470 = CARTESIAN_POINT('',(4.64995,0.95,7.9000001));
#3471 = B_SPLINE_SURFACE_WITH_KNOTS('',1,1,(
    (#3472,#3473)
    ,(#3474,#3475
    )),.UNSPECIFIED.,.F.,.F.,.F.,(2,2),(2,2),(0.,1.5),(0.,1.8),
  .PIECEWISE_BEZIER_KNOTS.);
#3472 = CARTESIAN_POINT('',(2.84995,0.95,7.9000001));
#3473 = CARTESIAN_POINT('',(4.64995,0.95,7.9000001));
#3474 = CARTESIAN_POINT('',(2.84995,0.95,6.4000001));
#3475 = CARTESIAN_POINT('',(4.64995,0.95,6.4000001));
#3476 = ADVANCED_FACE('',(#3477),#3483,.F.);
#3477 = FACE_BOUND('',#3478,.T.);
#3478 = EDGE_LOOP('',(#3479,#3480,#3481,#3482));
#3479 = ORIENTED_EDGE('',*,*,#3418,.T.);
#3480 = ORIENTED_EDGE('',*,*,#3467,.F.);
#3481 = ORIENTED_EDGE('',*,*,#3389,.F.);
#3482 = ORIENTED_EDGE('',*,*,#1776,.T.);
#3483 = B_SPLINE_SURFACE_WITH_KNOTS('',1,1,(
    (#3484,#3485)
    ,(#3486,#3487
    )),.UNSPECIFIED.,.F.,.F.,.F.,(2,2),(2,2),(0.,1.676305461424),(0.,1.8
    ),.PIECEWISE_BEZIER_KNOTS.);
#3484 = CARTESIAN_POINT('',(2.84995,0.45,9.5000001));
#3485 = CARTESIAN_POINT('',(4.64995,0.45,9.5000001));
#3486 = CARTESIAN_POINT('',(2.84995,0.95,7.9000001));
#3487 = CARTESIAN_POINT('',(4.64995,0.95,7.9000001));
#3488 = ADVANCED_FACE('',(#3489),#3521,.F.);
#3489 = FACE_BOUND('',#3490,.F.);
#3490 = EDGE_LOOP('',(#3491,#3500,#3508,#3515));
#3491 = ORIENTED_EDGE('',*,*,#3492,.F.);
#3492 = EDGE_CURVE('',#3493,#3495,#3497,.T.);
#3493 = VERTEX_POINT('',#3494);
#3494 = CARTESIAN_POINT('',(4.06995,2.65,6.8300001));
#3495 = VERTEX_POINT('',#3496);
#3496 = CARTESIAN_POINT('',(3.42995,2.65,6.8300001));
#3497 = B_SPLINE_CURVE_WITH_KNOTS('',1,(#3498,#3499),.UNSPECIFIED.,.F.,
  .F.,(2,2),(-0.,0.64),.PIECEWISE_BEZIER_KNOTS.);
#3498 = CARTESIAN_POINT('',(4.06995,2.65,6.8300001));
#3499 = CARTESIAN_POINT('',(3.42995,2.65,6.8300001));
#3500 = ORIENTED_EDGE('',*,*,#3501,.T.);
#3501 = EDGE_CURVE('',#3493,#3502,#3504,.T.);
#3502 = VERTEX_POINT('',#3503);
#3503 = CARTESIAN_POINT('',(4.06995,3.13,6.3500001));
#3504 = ( BOUNDED_CURVE() B_SPLINE_CURVE(2,(#3505,#3506,#3507),
.UNSPECIFIED.,.F.,.F.) B_SPLINE_CURVE_WITH_KNOTS((3,3),(3.14159265359,
4.712388980385),.PIECEWISE_BEZIER_KNOTS.) CURVE() 
GEOMETRIC_REPRESENTATION_ITEM() RATIONAL_B_SPLINE_CURVE((1.,
0.707106781187,1.)) REPRESENTATION_ITEM('') );
#3505 = CARTESIAN_POINT('',(4.06995,2.65,6.8300001));
#3506 = CARTESIAN_POINT('',(4.06995,3.13,6.8300001));
#3507 = CARTESIAN_POINT('',(4.06995,3.13,6.3500001));
#3508 = ORIENTED_EDGE('',*,*,#3509,.T.);
#3509 = EDGE_CURVE('',#3502,#3510,#3512,.T.);
#3510 = VERTEX_POINT('',#3511);
#3511 = CARTESIAN_POINT('',(3.42995,3.13,6.3500001));
#3512 = B_SPLINE_CURVE_WITH_KNOTS('',1,(#3513,#3514),.UNSPECIFIED.,.F.,
  .F.,(2,2),(-0.,0.64),.PIECEWISE_BEZIER_KNOTS.);
#3513 = CARTESIAN_POINT('',(4.06995,3.13,6.3500001));
#3514 = CARTESIAN_POINT('',(3.42995,3.13,6.3500001));
#3515 = ORIENTED_EDGE('',*,*,#3516,.F.);
#3516 = EDGE_CURVE('',#3495,#3510,#3517,.T.);
#3517 = ( BOUNDED_CURVE() B_SPLINE_CURVE(2,(#3518,#3519,#3520),
.UNSPECIFIED.,.F.,.F.) B_SPLINE_CURVE_WITH_KNOTS((3,3),(3.14159265359,
4.712388980385),.PIECEWISE_BEZIER_KNOTS.) CURVE() 
GEOMETRIC_REPRESENTATION_ITEM() RATIONAL_B_SPLINE_CURVE((1.,
0.707106781187,1.)) REPRESENTATION_ITEM('') );
#3518 = CARTESIAN_POINT('',(3.42995,2.65,6.8300001));
#3519 = CARTESIAN_POINT('',(3.42995,3.13,6.8300001));
#3520 = CARTESIAN_POINT('',(3.42995,3.13,6.3500001));
#3521 = ( BOUNDED_SURFACE() B_SPLINE_SURFACE(2,1,(
    (#3522,#3523)
    ,(#3524,#3525)
    ,(#3526,#3527
)),.UNSPECIFIED.,.F.,.F.,.F.) B_SPLINE_SURFACE_WITH_KNOTS((3,3),(2,2),(
    0.,1.570796326795),(0.,0.64),.PIECEWISE_BEZIER_KNOTS.) 
GEOMETRIC_REPRESENTATION_ITEM() RATIONAL_B_SPLINE_SURFACE((
    (1.,1.)
    ,(0.707106781187,0.707106781187)
,(1.,1.))) REPRESENTATION_ITEM('') SURFACE() );
#3522 = CARTESIAN_POINT('',(4.06995,2.65,6.8300001));
#3523 = CARTESIAN_POINT('',(3.42995,2.65,6.8300001));
#3524 = CARTESIAN_POINT('',(4.06995,3.13,6.8300001));
#3525 = CARTESIAN_POINT('',(3.42995,3.13,6.8300001));
#3526 = CARTESIAN_POINT('',(4.06995,3.13,6.3500001));
#3527 = CARTESIAN_POINT('',(3.42995,3.13,6.3500001));
#3528 = ADVANCED_FACE('',(#3529),#3551,.F.);
#3529 = FACE_BOUND('',#3530,.T.);
#3530 = EDGE_LOOP('',(#3531,#3538,#3545,#3550));
#3531 = ORIENTED_EDGE('',*,*,#3532,.T.);
#3532 = EDGE_CURVE('',#3510,#3533,#3535,.T.);
#3533 = VERTEX_POINT('',#3534);
#3534 = CARTESIAN_POINT('',(3.42995,3.13,0.705694616422));
#3535 = B_SPLINE_CURVE_WITH_KNOTS('',1,(#3536,#3537),.UNSPECIFIED.,.F.,
  .F.,(2,2),(0.,5.644305483578),.PIECEWISE_BEZIER_KNOTS.);
#3536 = CARTESIAN_POINT('',(3.42995,3.13,6.3500001));
#3537 = CARTESIAN_POINT('',(3.42995,3.13,0.705694616422));
#3538 = ORIENTED_EDGE('',*,*,#3539,.T.);
#3539 = EDGE_CURVE('',#3533,#3540,#3542,.T.);
#3540 = VERTEX_POINT('',#3541);
#3541 = CARTESIAN_POINT('',(4.06995,3.13,0.705694616422));
#3542 = B_SPLINE_CURVE_WITH_KNOTS('',1,(#3543,#3544),.UNSPECIFIED.,.F.,
  .F.,(2,2),(-0.64,0.),.PIECEWISE_BEZIER_KNOTS.);
#3543 = CARTESIAN_POINT('',(3.42995,3.13,0.705694616422));
#3544 = CARTESIAN_POINT('',(4.06995,3.13,0.705694616422));
#3545 = ORIENTED_EDGE('',*,*,#3546,.F.);
#3546 = EDGE_CURVE('',#3502,#3540,#3547,.T.);
#3547 = B_SPLINE_CURVE_WITH_KNOTS('',1,(#3548,#3549),.UNSPECIFIED.,.F.,
  .F.,(2,2),(0.,5.644305483578),.PIECEWISE_BEZIER_KNOTS.);
#3548 = CARTESIAN_POINT('',(4.06995,3.13,6.3500001));
#3549 = CARTESIAN_POINT('',(4.06995,3.13,0.705694616422));
#3550 = ORIENTED_EDGE('',*,*,#3509,.T.);
#3551 = B_SPLINE_SURFACE_WITH_KNOTS('',1,1,(
    (#3552,#3553)
    ,(#3554,#3555
    )),.UNSPECIFIED.,.F.,.F.,.F.,(2,2),(2,2),(-5.644305483578,0.),(-0.64
    ,0.),.PIECEWISE_BEZIER_KNOTS.);
#3552 = CARTESIAN_POINT('',(3.42995,3.13,0.705694616422));
#3553 = CARTESIAN_POINT('',(4.06995,3.13,0.705694616422));
#3554 = CARTESIAN_POINT('',(3.42995,3.13,6.3500001));
#3555 = CARTESIAN_POINT('',(4.06995,3.13,6.3500001));
#3556 = ADVANCED_FACE('',(#3557),#3587,.T.);
#3557 = FACE_BOUND('',#3558,.T.);
#3558 = EDGE_LOOP('',(#3559,#3568,#3575,#3582));
#3559 = ORIENTED_EDGE('',*,*,#3560,.T.);
#3560 = EDGE_CURVE('',#3561,#3563,#3565,.T.);
#3561 = VERTEX_POINT('',#3562);
#3562 = CARTESIAN_POINT('',(3.91995,3.62,9.999999983634E-08));
#3563 = VERTEX_POINT('',#3564);
#3564 = CARTESIAN_POINT('',(3.91995,3.28,9.999999983634E-08));
#3565 = B_SPLINE_CURVE_WITH_KNOTS('',1,(#3566,#3567),.UNSPECIFIED.,.F.,
  .F.,(2,2),(0.15,0.49),.PIECEWISE_BEZIER_KNOTS.);
#3566 = CARTESIAN_POINT('',(3.91995,3.62,9.999999983634E-08));
#3567 = CARTESIAN_POINT('',(3.91995,3.28,9.999999983634E-08));
#3568 = ORIENTED_EDGE('',*,*,#3569,.T.);
#3569 = EDGE_CURVE('',#3563,#3570,#3572,.T.);
#3570 = VERTEX_POINT('',#3571);
#3571 = CARTESIAN_POINT('',(3.57995,3.28,9.999999983634E-08));
#3572 = B_SPLINE_CURVE_WITH_KNOTS('',1,(#3573,#3574),.UNSPECIFIED.,.F.,
  .F.,(2,2),(-0.49,-0.15),.PIECEWISE_BEZIER_KNOTS.);
#3573 = CARTESIAN_POINT('',(3.91995,3.28,9.999999983634E-08));
#3574 = CARTESIAN_POINT('',(3.57995,3.28,9.999999983634E-08));
#3575 = ORIENTED_EDGE('',*,*,#3576,.T.);
#3576 = EDGE_CURVE('',#3570,#3577,#3579,.T.);
#3577 = VERTEX_POINT('',#3578);
#3578 = CARTESIAN_POINT('',(3.57995,3.62,9.999999983634E-08));
#3579 = B_SPLINE_CURVE_WITH_KNOTS('',1,(#3580,#3581),.UNSPECIFIED.,.F.,
  .F.,(2,2),(-0.49,-0.15),.PIECEWISE_BEZIER_KNOTS.);
#3580 = CARTESIAN_POINT('',(3.57995,3.28,9.999999983634E-08));
#3581 = CARTESIAN_POINT('',(3.57995,3.62,9.999999983634E-08));
#3582 = ORIENTED_EDGE('',*,*,#3583,.T.);
#3583 = EDGE_CURVE('',#3577,#3561,#3584,.T.);
#3584 = B_SPLINE_CURVE_WITH_KNOTS('',1,(#3585,#3586),.UNSPECIFIED.,.F.,
  .F.,(2,2),(-0.49,-0.15),.PIECEWISE_BEZIER_KNOTS.);
#3585 = CARTESIAN_POINT('',(3.57995,3.62,9.999999983634E-08));
#3586 = CARTESIAN_POINT('',(3.91995,3.62,9.999999983634E-08));
#3587 = B_SPLINE_SURFACE_WITH_KNOTS('',1,1,(
    (#3588,#3589)
    ,(#3590,#3591
    )),.UNSPECIFIED.,.F.,.F.,.F.,(2,2),(2,2),(0.15,0.49),(-0.49,-0.15),
  .PIECEWISE_BEZIER_KNOTS.);
#3588 = CARTESIAN_POINT('',(3.91995,3.28,9.999999983634E-08));
#3589 = CARTESIAN_POINT('',(3.91995,3.62,9.999999983634E-08));
#3590 = CARTESIAN_POINT('',(3.57995,3.28,9.999999983634E-08));
#3591 = CARTESIAN_POINT('',(3.57995,3.62,9.999999983634E-08));
#3592 = ADVANCED_FACE('',(#3593),#3623,.T.);
#3593 = FACE_BOUND('',#3594,.T.);
#3594 = EDGE_LOOP('',(#3595,#3604,#3611,#3618));
#3595 = ORIENTED_EDGE('',*,*,#3596,.T.);
#3596 = EDGE_CURVE('',#3597,#3599,#3601,.T.);
#3597 = VERTEX_POINT('',#3598);
#3598 = CARTESIAN_POINT('',(4.06995,3.77,6.3500001));
#3599 = VERTEX_POINT('',#3600);
#3600 = CARTESIAN_POINT('',(4.06995,3.77,0.705694616422));
#3601 = B_SPLINE_CURVE_WITH_KNOTS('',1,(#3602,#3603),.UNSPECIFIED.,.F.,
  .F.,(2,2),(0.,5.644305483578),.PIECEWISE_BEZIER_KNOTS.);
#3602 = CARTESIAN_POINT('',(4.06995,3.77,6.3500001));
#3603 = CARTESIAN_POINT('',(4.06995,3.77,0.705694616422));
#3604 = ORIENTED_EDGE('',*,*,#3605,.T.);
#3605 = EDGE_CURVE('',#3599,#3606,#3608,.T.);
#3606 = VERTEX_POINT('',#3607);
#3607 = CARTESIAN_POINT('',(3.42995,3.77,0.705694616422));
#3608 = B_SPLINE_CURVE_WITH_KNOTS('',1,(#3609,#3610),.UNSPECIFIED.,.F.,
  .F.,(2,2),(0.,0.64),.PIECEWISE_BEZIER_KNOTS.);
#3609 = CARTESIAN_POINT('',(4.06995,3.77,0.705694616422));
#3610 = CARTESIAN_POINT('',(3.42995,3.77,0.705694616422));
#3611 = ORIENTED_EDGE('',*,*,#3612,.F.);
#3612 = EDGE_CURVE('',#3613,#3606,#3615,.T.);
#3613 = VERTEX_POINT('',#3614);
#3614 = CARTESIAN_POINT('',(3.42995,3.77,6.3500001));
#3615 = B_SPLINE_CURVE_WITH_KNOTS('',1,(#3616,#3617),.UNSPECIFIED.,.F.,
  .F.,(2,2),(0.,5.644305483578),.PIECEWISE_BEZIER_KNOTS.);
#3616 = CARTESIAN_POINT('',(3.42995,3.77,6.3500001));
#3617 = CARTESIAN_POINT('',(3.42995,3.77,0.705694616422));
#3618 = ORIENTED_EDGE('',*,*,#3619,.F.);
#3619 = EDGE_CURVE('',#3597,#3613,#3620,.T.);
#3620 = B_SPLINE_CURVE_WITH_KNOTS('',1,(#3621,#3622),.UNSPECIFIED.,.F.,
  .F.,(2,2),(-0.,0.64),.PIECEWISE_BEZIER_KNOTS.);
#3621 = CARTESIAN_POINT('',(4.06995,3.77,6.3500001));
#3622 = CARTESIAN_POINT('',(3.42995,3.77,6.3500001));
#3623 = B_SPLINE_SURFACE_WITH_KNOTS('',1,1,(
    (#3624,#3625)
    ,(#3626,#3627
    )),.UNSPECIFIED.,.F.,.F.,.F.,(2,2),(2,2),(-5.644305483578,0.),(-0.64
    ,0.),.PIECEWISE_BEZIER_KNOTS.);
#3624 = CARTESIAN_POINT('',(3.42995,3.77,0.705694616422));
#3625 = CARTESIAN_POINT('',(4.06995,3.77,0.705694616422));
#3626 = CARTESIAN_POINT('',(3.42995,3.77,6.3500001));
#3627 = CARTESIAN_POINT('',(4.06995,3.77,6.3500001));
#3628 = ADVANCED_FACE('',(#3629),#3653,.T.);
#3629 = FACE_BOUND('',#3630,.T.);
#3630 = EDGE_LOOP('',(#3631,#3639,#3646,#3652));
#3631 = ORIENTED_EDGE('',*,*,#3632,.F.);
#3632 = EDGE_CURVE('',#3633,#3613,#3635,.T.);
#3633 = VERTEX_POINT('',#3634);
#3634 = CARTESIAN_POINT('',(3.42995,2.65,7.4700001));
#3635 = ( BOUNDED_CURVE() B_SPLINE_CURVE(2,(#3636,#3637,#3638),
.UNSPECIFIED.,.F.,.F.) B_SPLINE_CURVE_WITH_KNOTS((3,3),(3.14159265359,
4.712388980385),.PIECEWISE_BEZIER_KNOTS.) CURVE() 
GEOMETRIC_REPRESENTATION_ITEM() RATIONAL_B_SPLINE_CURVE((1.,
0.707106781187,1.)) REPRESENTATION_ITEM('') );
#3636 = CARTESIAN_POINT('',(3.42995,2.65,7.4700001));
#3637 = CARTESIAN_POINT('',(3.42995,3.77,7.4700001));
#3638 = CARTESIAN_POINT('',(3.42995,3.77,6.3500001));
#3639 = ORIENTED_EDGE('',*,*,#3640,.F.);
#3640 = EDGE_CURVE('',#3641,#3633,#3643,.T.);
#3641 = VERTEX_POINT('',#3642);
#3642 = CARTESIAN_POINT('',(4.06995,2.65,7.4700001));
#3643 = B_SPLINE_CURVE_WITH_KNOTS('',1,(#3644,#3645),.UNSPECIFIED.,.F.,
  .F.,(2,2),(-0.,0.64),.PIECEWISE_BEZIER_KNOTS.);
#3644 = CARTESIAN_POINT('',(4.06995,2.65,7.4700001));
#3645 = CARTESIAN_POINT('',(3.42995,2.65,7.4700001));
#3646 = ORIENTED_EDGE('',*,*,#3647,.T.);
#3647 = EDGE_CURVE('',#3641,#3597,#3648,.T.);
#3648 = ( BOUNDED_CURVE() B_SPLINE_CURVE(2,(#3649,#3650,#3651),
.UNSPECIFIED.,.F.,.F.) B_SPLINE_CURVE_WITH_KNOTS((3,3),(3.14159265359,
4.712388980385),.PIECEWISE_BEZIER_KNOTS.) CURVE() 
GEOMETRIC_REPRESENTATION_ITEM() RATIONAL_B_SPLINE_CURVE((1.,
0.707106781187,1.)) REPRESENTATION_ITEM('') );
#3649 = CARTESIAN_POINT('',(4.06995,2.65,7.4700001));
#3650 = CARTESIAN_POINT('',(4.06995,3.77,7.4700001));
#3651 = CARTESIAN_POINT('',(4.06995,3.77,6.3500001));
#3652 = ORIENTED_EDGE('',*,*,#3619,.T.);
#3653 = ( BOUNDED_SURFACE() B_SPLINE_SURFACE(2,1,(
    (#3654,#3655)
    ,(#3656,#3657)
    ,(#3658,#3659
)),.UNSPECIFIED.,.F.,.F.,.F.) B_SPLINE_SURFACE_WITH_KNOTS((3,3),(2,2),(
    0.,1.570796326795),(0.,0.64),.PIECEWISE_BEZIER_KNOTS.) 
GEOMETRIC_REPRESENTATION_ITEM() RATIONAL_B_SPLINE_SURFACE((
    (1.,1.)
    ,(0.707106781187,0.707106781187)
,(1.,1.))) REPRESENTATION_ITEM('') SURFACE() );
#3654 = CARTESIAN_POINT('',(4.06995,2.65,7.4700001));
#3655 = CARTESIAN_POINT('',(3.42995,2.65,7.4700001));
#3656 = CARTESIAN_POINT('',(4.06995,3.77,7.4700001));
#3657 = CARTESIAN_POINT('',(3.42995,3.77,7.4700001));
#3658 = CARTESIAN_POINT('',(4.06995,3.77,6.3500001));
#3659 = CARTESIAN_POINT('',(3.42995,3.77,6.3500001));
#3660 = ADVANCED_FACE('',(#3661),#3683,.F.);
#3661 = FACE_BOUND('',#3662,.T.);
#3662 = EDGE_LOOP('',(#3663,#3664,#3669,#3670,#3671,#3676,#3677,#3682));
#3663 = ORIENTED_EDGE('',*,*,#3612,.T.);
#3664 = ORIENTED_EDGE('',*,*,#3665,.T.);
#3665 = EDGE_CURVE('',#3606,#3533,#3666,.T.);
#3666 = B_SPLINE_CURVE_WITH_KNOTS('',1,(#3667,#3668),.UNSPECIFIED.,.F.,
  .F.,(2,2),(-0.64,0.),.PIECEWISE_BEZIER_KNOTS.);
#3667 = CARTESIAN_POINT('',(3.42995,3.77,0.705694616422));
#3668 = CARTESIAN_POINT('',(3.42995,3.13,0.705694616422));
#3669 = ORIENTED_EDGE('',*,*,#3532,.F.);
#3670 = ORIENTED_EDGE('',*,*,#3516,.F.);
#3671 = ORIENTED_EDGE('',*,*,#3672,.F.);
#3672 = EDGE_CURVE('',#3437,#3495,#3673,.T.);
#3673 = B_SPLINE_CURVE_WITH_KNOTS('',1,(#3674,#3675),.UNSPECIFIED.,.F.,
  .F.,(2,2),(6.2,7.9),.PIECEWISE_BEZIER_KNOTS.);
#3674 = CARTESIAN_POINT('',(3.42995,0.95,6.8300001));
#3675 = CARTESIAN_POINT('',(3.42995,2.65,6.8300001));
#3676 = ORIENTED_EDGE('',*,*,#3457,.T.);
#3677 = ORIENTED_EDGE('',*,*,#3678,.T.);
#3678 = EDGE_CURVE('',#3451,#3633,#3679,.T.);
#3679 = B_SPLINE_CURVE_WITH_KNOTS('',1,(#3680,#3681),.UNSPECIFIED.,.F.,
  .F.,(2,2),(6.2,7.9),.PIECEWISE_BEZIER_KNOTS.);
#3680 = CARTESIAN_POINT('',(3.42995,0.95,7.4700001));
#3681 = CARTESIAN_POINT('',(3.42995,2.65,7.4700001));
#3682 = ORIENTED_EDGE('',*,*,#3632,.T.);
#3683 = B_SPLINE_SURFACE_WITH_KNOTS('',1,1,(
    (#3684,#3685)
    ,(#3686,#3687
    )),.UNSPECIFIED.,.F.,.F.,.F.,(2,2),(2,2),(-1.12,5.644305483578),(
    -1.7,1.12),.PIECEWISE_BEZIER_KNOTS.);
#3684 = CARTESIAN_POINT('',(3.42995,0.95,7.4700001));
#3685 = CARTESIAN_POINT('',(3.42995,3.77,7.4700001));
#3686 = CARTESIAN_POINT('',(3.42995,0.95,0.705694616422));
#3687 = CARTESIAN_POINT('',(3.42995,3.77,0.705694616422));
#3688 = ADVANCED_FACE('',(#3689),#3711,.T.);
#3689 = FACE_BOUND('',#3690,.T.);
#3690 = EDGE_LOOP('',(#3691,#3692,#3697,#3698,#3699,#3704,#3705,#3710));
#3691 = ORIENTED_EDGE('',*,*,#3546,.T.);
#3692 = ORIENTED_EDGE('',*,*,#3693,.T.);
#3693 = EDGE_CURVE('',#3540,#3599,#3694,.T.);
#3694 = B_SPLINE_CURVE_WITH_KNOTS('',1,(#3695,#3696),.UNSPECIFIED.,.F.,
  .F.,(2,2),(0.48,1.12),.PIECEWISE_BEZIER_KNOTS.);
#3695 = CARTESIAN_POINT('',(4.06995,3.13,0.705694616422));
#3696 = CARTESIAN_POINT('',(4.06995,3.77,0.705694616422));
#3697 = ORIENTED_EDGE('',*,*,#3596,.F.);
#3698 = ORIENTED_EDGE('',*,*,#3647,.F.);
#3699 = ORIENTED_EDGE('',*,*,#3700,.F.);
#3700 = EDGE_CURVE('',#3444,#3641,#3701,.T.);
#3701 = B_SPLINE_CURVE_WITH_KNOTS('',1,(#3702,#3703),.UNSPECIFIED.,.F.,
  .F.,(2,2),(6.2,7.9),.PIECEWISE_BEZIER_KNOTS.);
#3702 = CARTESIAN_POINT('',(4.06995,0.95,7.4700001));
#3703 = CARTESIAN_POINT('',(4.06995,2.65,7.4700001));
#3704 = ORIENTED_EDGE('',*,*,#3443,.F.);
#3705 = ORIENTED_EDGE('',*,*,#3706,.T.);
#3706 = EDGE_CURVE('',#3435,#3493,#3707,.T.);
#3707 = B_SPLINE_CURVE_WITH_KNOTS('',1,(#3708,#3709),.UNSPECIFIED.,.F.,
  .F.,(2,2),(6.2,7.9),.PIECEWISE_BEZIER_KNOTS.);
#3708 = CARTESIAN_POINT('',(4.06995,0.95,6.8300001));
#3709 = CARTESIAN_POINT('',(4.06995,2.65,6.8300001));
#3710 = ORIENTED_EDGE('',*,*,#3501,.T.);
#3711 = B_SPLINE_SURFACE_WITH_KNOTS('',1,1,(
    (#3712,#3713)
    ,(#3714,#3715
    )),.UNSPECIFIED.,.F.,.F.,.F.,(2,2),(2,2),(-1.12,5.644305483578),(
    -1.7,1.12),.PIECEWISE_BEZIER_KNOTS.);
#3712 = CARTESIAN_POINT('',(4.06995,0.95,7.4700001));
#3713 = CARTESIAN_POINT('',(4.06995,3.77,7.4700001));
#3714 = CARTESIAN_POINT('',(4.06995,0.95,0.705694616422));
#3715 = CARTESIAN_POINT('',(4.06995,3.77,0.705694616422));
#3716 = ADVANCED_FACE('',(#3717),#3723,.F.);
#3717 = FACE_BOUND('',#3718,.T.);
#3718 = EDGE_LOOP('',(#3719,#3720,#3721,#3722));
#3719 = ORIENTED_EDGE('',*,*,#3706,.F.);
#3720 = ORIENTED_EDGE('',*,*,#3434,.T.);
#3721 = ORIENTED_EDGE('',*,*,#3672,.T.);
#3722 = ORIENTED_EDGE('',*,*,#3492,.F.);
#3723 = B_SPLINE_SURFACE_WITH_KNOTS('',1,1,(
    (#3724,#3725)
    ,(#3726,#3727
    )),.UNSPECIFIED.,.F.,.F.,.F.,(2,2),(2,2),(-7.9,-6.2),(-0.64,0.),
  .PIECEWISE_BEZIER_KNOTS.);
#3724 = CARTESIAN_POINT('',(3.42995,2.65,6.8300001));
#3725 = CARTESIAN_POINT('',(4.06995,2.65,6.8300001));
#3726 = CARTESIAN_POINT('',(3.42995,0.95,6.8300001));
#3727 = CARTESIAN_POINT('',(4.06995,0.95,6.8300001));
#3728 = ADVANCED_FACE('',(#3729),#3735,.T.);
#3729 = FACE_BOUND('',#3730,.T.);
#3730 = EDGE_LOOP('',(#3731,#3732,#3733,#3734));
#3731 = ORIENTED_EDGE('',*,*,#3450,.F.);
#3732 = ORIENTED_EDGE('',*,*,#3700,.T.);
#3733 = ORIENTED_EDGE('',*,*,#3640,.T.);
#3734 = ORIENTED_EDGE('',*,*,#3678,.F.);
#3735 = B_SPLINE_SURFACE_WITH_KNOTS('',1,1,(
    (#3736,#3737)
    ,(#3738,#3739
    )),.UNSPECIFIED.,.F.,.F.,.F.,(2,2),(2,2),(-7.9,-6.2),(-0.64,0.),
  .PIECEWISE_BEZIER_KNOTS.);
#3736 = CARTESIAN_POINT('',(3.42995,2.65,7.4700001));
#3737 = CARTESIAN_POINT('',(4.06995,2.65,7.4700001));
#3738 = CARTESIAN_POINT('',(3.42995,0.95,7.4700001));
#3739 = CARTESIAN_POINT('',(4.06995,0.95,7.4700001));
#3740 = ADVANCED_FACE('',(#3741),#3763,.T.);
#3741 = FACE_BOUND('',#3742,.T.);
#3742 = EDGE_LOOP('',(#3743,#3750,#3757,#3762));
#3743 = ORIENTED_EDGE('',*,*,#3744,.F.);
#3744 = EDGE_CURVE('',#3745,#2817,#3747,.T.);
#3745 = VERTEX_POINT('',#3746);
#3746 = CARTESIAN_POINT('',(3.42995,-4.544305483578,7.4700001));
#3747 = B_SPLINE_CURVE_WITH_KNOTS('',1,(#3748,#3749),.UNSPECIFIED.,.F.,
  .F.,(2,2),(0.705694516422,5.5),.PIECEWISE_BEZIER_KNOTS.);
#3748 = CARTESIAN_POINT('',(3.42995,-4.544305483578,7.4700001));
#3749 = CARTESIAN_POINT('',(3.42995,0.25,7.4700001));
#3750 = ORIENTED_EDGE('',*,*,#3751,.T.);
#3751 = EDGE_CURVE('',#3745,#3752,#3754,.T.);
#3752 = VERTEX_POINT('',#3753);
#3753 = CARTESIAN_POINT('',(4.06995,-4.544305483578,7.4700001));
#3754 = B_SPLINE_CURVE_WITH_KNOTS('',1,(#3755,#3756),.UNSPECIFIED.,.F.,
  .F.,(2,2),(-0.64,0.),.PIECEWISE_BEZIER_KNOTS.);
#3755 = CARTESIAN_POINT('',(3.42995,-4.544305483578,7.4700001));
#3756 = CARTESIAN_POINT('',(4.06995,-4.544305483578,7.4700001));
#3757 = ORIENTED_EDGE('',*,*,#3758,.T.);
#3758 = EDGE_CURVE('',#3752,#2819,#3759,.T.);
#3759 = B_SPLINE_CURVE_WITH_KNOTS('',1,(#3760,#3761),.UNSPECIFIED.,.F.,
  .F.,(2,2),(0.705694516422,5.5),.PIECEWISE_BEZIER_KNOTS.);
#3760 = CARTESIAN_POINT('',(4.06995,-4.544305483578,7.4700001));
#3761 = CARTESIAN_POINT('',(4.06995,0.25,7.4700001));
#3762 = ORIENTED_EDGE('',*,*,#2816,.F.);
#3763 = B_SPLINE_SURFACE_WITH_KNOTS('',1,1,(
    (#3764,#3765)
    ,(#3766,#3767
    )),.UNSPECIFIED.,.F.,.F.,.F.,(2,2),(2,2),(-5.5,-0.705694516422),(
    -0.64,0.),.PIECEWISE_BEZIER_KNOTS.);
#3764 = CARTESIAN_POINT('',(3.42995,0.25,7.4700001));
#3765 = CARTESIAN_POINT('',(4.06995,0.25,7.4700001));
#3766 = CARTESIAN_POINT('',(3.42995,-4.544305483578,7.4700001));
#3767 = CARTESIAN_POINT('',(4.06995,-4.544305483578,7.4700001));
#3768 = ADVANCED_FACE('',(#3769),#3791,.F.);
#3769 = FACE_BOUND('',#3770,.T.);
#3770 = EDGE_LOOP('',(#3771,#3778,#3785,#3790));
#3771 = ORIENTED_EDGE('',*,*,#3772,.F.);
#3772 = EDGE_CURVE('',#3773,#2826,#3775,.T.);
#3773 = VERTEX_POINT('',#3774);
#3774 = CARTESIAN_POINT('',(4.06995,-4.544305483578,6.8300001));
#3775 = B_SPLINE_CURVE_WITH_KNOTS('',1,(#3776,#3777),.UNSPECIFIED.,.F.,
  .F.,(2,2),(0.705694516422,5.5),.PIECEWISE_BEZIER_KNOTS.);
#3776 = CARTESIAN_POINT('',(4.06995,-4.544305483578,6.8300001));
#3777 = CARTESIAN_POINT('',(4.06995,0.25,6.8300001));
#3778 = ORIENTED_EDGE('',*,*,#3779,.T.);
#3779 = EDGE_CURVE('',#3773,#3780,#3782,.T.);
#3780 = VERTEX_POINT('',#3781);
#3781 = CARTESIAN_POINT('',(3.42995,-4.544305483578,6.8300001));
#3782 = B_SPLINE_CURVE_WITH_KNOTS('',1,(#3783,#3784),.UNSPECIFIED.,.F.,
  .F.,(2,2),(-0.64,0.),.PIECEWISE_BEZIER_KNOTS.);
#3783 = CARTESIAN_POINT('',(4.06995,-4.544305483578,6.8300001));
#3784 = CARTESIAN_POINT('',(3.42995,-4.544305483578,6.8300001));
#3785 = ORIENTED_EDGE('',*,*,#3786,.T.);
#3786 = EDGE_CURVE('',#3780,#2833,#3787,.T.);
#3787 = B_SPLINE_CURVE_WITH_KNOTS('',1,(#3788,#3789),.UNSPECIFIED.,.F.,
  .F.,(2,2),(0.705694516422,5.5),.PIECEWISE_BEZIER_KNOTS.);
#3788 = CARTESIAN_POINT('',(3.42995,-4.544305483578,6.8300001));
#3789 = CARTESIAN_POINT('',(3.42995,0.25,6.8300001));
#3790 = ORIENTED_EDGE('',*,*,#2832,.T.);
#3791 = B_SPLINE_SURFACE_WITH_KNOTS('',1,1,(
    (#3792,#3793)
    ,(#3794,#3795
    )),.UNSPECIFIED.,.F.,.F.,.F.,(2,2),(2,2),(-5.5,-0.705694516422),(
    -0.64,0.),.PIECEWISE_BEZIER_KNOTS.);
#3792 = CARTESIAN_POINT('',(3.42995,0.25,6.8300001));
#3793 = CARTESIAN_POINT('',(4.06995,0.25,6.8300001));
#3794 = CARTESIAN_POINT('',(3.42995,-4.544305483578,6.8300001));
#3795 = CARTESIAN_POINT('',(4.06995,-4.544305483578,6.8300001));
#3796 = ADVANCED_FACE('',(#3797),#3807,.T.);
#3797 = FACE_BOUND('',#3798,.T.);
#3798 = EDGE_LOOP('',(#3799,#3800,#3805,#3806));
#3799 = ORIENTED_EDGE('',*,*,#3758,.F.);
#3800 = ORIENTED_EDGE('',*,*,#3801,.T.);
#3801 = EDGE_CURVE('',#3752,#3773,#3802,.T.);
#3802 = B_SPLINE_CURVE_WITH_KNOTS('',1,(#3803,#3804),.UNSPECIFIED.,.F.,
  .F.,(2,2),(-1.12,-0.48),.PIECEWISE_BEZIER_KNOTS.);
#3803 = CARTESIAN_POINT('',(4.06995,-4.544305483578,7.4700001));
#3804 = CARTESIAN_POINT('',(4.06995,-4.544305483578,6.8300001));
#3805 = ORIENTED_EDGE('',*,*,#3772,.T.);
#3806 = ORIENTED_EDGE('',*,*,#2825,.F.);
#3807 = B_SPLINE_SURFACE_WITH_KNOTS('',1,1,(
    (#3808,#3809)
    ,(#3810,#3811
  )),.UNSPECIFIED.,.F.,.F.,.F.,(2,2),(2,2),(-1.12,-0.48),(
    -7.194305483578,-2.4),.PIECEWISE_BEZIER_KNOTS.);
#3808 = CARTESIAN_POINT('',(4.06995,-4.544305483578,7.4700001));
#3809 = CARTESIAN_POINT('',(4.06995,0.25,7.4700001));
#3810 = CARTESIAN_POINT('',(4.06995,-4.544305483578,6.8300001));
#3811 = CARTESIAN_POINT('',(4.06995,0.25,6.8300001));
#3812 = ADVANCED_FACE('',(#3813),#3823,.F.);
#3813 = FACE_BOUND('',#3814,.T.);
#3814 = EDGE_LOOP('',(#3815,#3816,#3821,#3822));
#3815 = ORIENTED_EDGE('',*,*,#3786,.F.);
#3816 = ORIENTED_EDGE('',*,*,#3817,.T.);
#3817 = EDGE_CURVE('',#3780,#3745,#3818,.T.);
#3818 = B_SPLINE_CURVE_WITH_KNOTS('',1,(#3819,#3820),.UNSPECIFIED.,.F.,
  .F.,(2,2),(-0.64,0.),.PIECEWISE_BEZIER_KNOTS.);
#3819 = CARTESIAN_POINT('',(3.42995,-4.544305483578,6.8300001));
#3820 = CARTESIAN_POINT('',(3.42995,-4.544305483578,7.4700001));
#3821 = ORIENTED_EDGE('',*,*,#3744,.T.);
#3822 = ORIENTED_EDGE('',*,*,#2839,.T.);
#3823 = B_SPLINE_SURFACE_WITH_KNOTS('',1,1,(
    (#3824,#3825)
    ,(#3826,#3827
  )),.UNSPECIFIED.,.F.,.F.,.F.,(2,2),(2,2),(-1.12,-0.48),(
    -7.194305483578,-2.4),.PIECEWISE_BEZIER_KNOTS.);
#3824 = CARTESIAN_POINT('',(3.42995,-4.544305483578,7.4700001));
#3825 = CARTESIAN_POINT('',(3.42995,0.25,7.4700001));
#3826 = CARTESIAN_POINT('',(3.42995,-4.544305483578,6.8300001));
#3827 = CARTESIAN_POINT('',(3.42995,0.25,6.8300001));
#3828 = ADVANCED_FACE('',(#3829),#3859,.T.);
#3829 = FACE_BOUND('',#3830,.T.);
#3830 = EDGE_LOOP('',(#3831,#3840,#3847,#3854));
#3831 = ORIENTED_EDGE('',*,*,#3832,.T.);
#3832 = EDGE_CURVE('',#3833,#3835,#3837,.T.);
#3833 = VERTEX_POINT('',#3834);
#3834 = CARTESIAN_POINT('',(3.91995,-5.25,6.9800001));
#3835 = VERTEX_POINT('',#3836);
#3836 = CARTESIAN_POINT('',(3.91995,-5.25,7.3200001));
#3837 = B_SPLINE_CURVE_WITH_KNOTS('',1,(#3838,#3839),.UNSPECIFIED.,.F.,
  .F.,(2,2),(0.15,0.49),.PIECEWISE_BEZIER_KNOTS.);
#3838 = CARTESIAN_POINT('',(3.91995,-5.25,6.9800001));
#3839 = CARTESIAN_POINT('',(3.91995,-5.25,7.3200001));
#3840 = ORIENTED_EDGE('',*,*,#3841,.T.);
#3841 = EDGE_CURVE('',#3835,#3842,#3844,.T.);
#3842 = VERTEX_POINT('',#3843);
#3843 = CARTESIAN_POINT('',(3.57995,-5.25,7.3200001));
#3844 = B_SPLINE_CURVE_WITH_KNOTS('',1,(#3845,#3846),.UNSPECIFIED.,.F.,
  .F.,(2,2),(0.15,0.49),.PIECEWISE_BEZIER_KNOTS.);
#3845 = CARTESIAN_POINT('',(3.91995,-5.25,7.3200001));
#3846 = CARTESIAN_POINT('',(3.57995,-5.25,7.3200001));
#3847 = ORIENTED_EDGE('',*,*,#3848,.T.);
#3848 = EDGE_CURVE('',#3842,#3849,#3851,.T.);
#3849 = VERTEX_POINT('',#3850);
#3850 = CARTESIAN_POINT('',(3.57995,-5.25,6.9800001));
#3851 = B_SPLINE_CURVE_WITH_KNOTS('',1,(#3852,#3853),.UNSPECIFIED.,.F.,
  .F.,(2,2),(-0.49,-0.15),.PIECEWISE_BEZIER_KNOTS.);
#3852 = CARTESIAN_POINT('',(3.57995,-5.25,7.3200001));
#3853 = CARTESIAN_POINT('',(3.57995,-5.25,6.9800001));
#3854 = ORIENTED_EDGE('',*,*,#3855,.T.);
#3855 = EDGE_CURVE('',#3849,#3833,#3856,.T.);
#3856 = B_SPLINE_CURVE_WITH_KNOTS('',1,(#3857,#3858),.UNSPECIFIED.,.F.,
  .F.,(2,2),(-0.49,-0.15),.PIECEWISE_BEZIER_KNOTS.);
#3857 = CARTESIAN_POINT('',(3.57995,-5.25,6.9800001));
#3858 = CARTESIAN_POINT('',(3.91995,-5.25,6.9800001));
#3859 = B_SPLINE_SURFACE_WITH_KNOTS('',1,1,(
    (#3860,#3861)
    ,(#3862,#3863
  )),.UNSPECIFIED.,.F.,.F.,.F.,(2,2),(2,2),(-0.49,-0.15),(-0.49,-0.15),
  .PIECEWISE_BEZIER_KNOTS.);
#3860 = CARTESIAN_POINT('',(3.57995,-5.25,7.3200001));
#3861 = CARTESIAN_POINT('',(3.91995,-5.25,7.3200001));
#3862 = CARTESIAN_POINT('',(3.57995,-5.25,6.9800001));
#3863 = CARTESIAN_POINT('',(3.91995,-5.25,6.9800001));
#3864 = ADVANCED_FACE('',(#3865),#3879,.F.);
#3865 = FACE_BOUND('',#3866,.T.);
#3866 = EDGE_LOOP('',(#3867,#3872,#3873,#3878));
#3867 = ORIENTED_EDGE('',*,*,#3868,.F.);
#3868 = EDGE_CURVE('',#3606,#3577,#3869,.T.);
#3869 = B_SPLINE_CURVE_WITH_KNOTS('',1,(#3870,#3871),.UNSPECIFIED.,.F.,
  .F.,(2,2),(-0.227985626347,0.508902934093),.PIECEWISE_BEZIER_KNOTS.);
#3870 = CARTESIAN_POINT('',(3.42995,3.77,0.705694616422));
#3871 = CARTESIAN_POINT('',(3.57995,3.62,9.999999983634E-08));
#3872 = ORIENTED_EDGE('',*,*,#3605,.F.);
#3873 = ORIENTED_EDGE('',*,*,#3874,.F.);
#3874 = EDGE_CURVE('',#3561,#3599,#3875,.T.);
#3875 = B_SPLINE_CURVE_WITH_KNOTS('',1,(#3876,#3877),.UNSPECIFIED.,.F.,
  .F.,(2,2),(-0.73688856044,8.505799574525E-16),
  .PIECEWISE_BEZIER_KNOTS.);
#3876 = CARTESIAN_POINT('',(3.91995,3.62,9.999999983634E-08));
#3877 = CARTESIAN_POINT('',(4.06995,3.77,0.705694616422));
#3878 = ORIENTED_EDGE('',*,*,#3583,.F.);
#3879 = B_SPLINE_SURFACE_WITH_KNOTS('',1,1,(
    (#3880,#3881)
    ,(#3882,#3883
    )),.UNSPECIFIED.,.F.,.F.,.F.,(2,2),(2,2),(-1.73142861034E-16,0.64),(
    -8.687695902532E-16,0.721460151712),.PIECEWISE_BEZIER_KNOTS.);
#3880 = CARTESIAN_POINT('',(4.06995,3.77,0.705694616422));
#3881 = CARTESIAN_POINT('',(4.06995,3.62,9.999999983634E-08));
#3882 = CARTESIAN_POINT('',(3.42995,3.77,0.705694616422));
#3883 = CARTESIAN_POINT('',(3.42995,3.62,9.999999983634E-08));
#3884 = ADVANCED_FACE('',(#3885),#3895,.F.);
#3885 = FACE_BOUND('',#3886,.T.);
#3886 = EDGE_LOOP('',(#3887,#3888,#3889,#3894));
#3887 = ORIENTED_EDGE('',*,*,#3874,.T.);
#3888 = ORIENTED_EDGE('',*,*,#3693,.F.);
#3889 = ORIENTED_EDGE('',*,*,#3890,.F.);
#3890 = EDGE_CURVE('',#3563,#3540,#3891,.T.);
#3891 = B_SPLINE_CURVE_WITH_KNOTS('',1,(#3892,#3893),.UNSPECIFIED.,.F.,
  .F.,(2,2),(9.974371152686E-02,0.836632271967),
  .PIECEWISE_BEZIER_KNOTS.);
#3892 = CARTESIAN_POINT('',(3.91995,3.28,9.999999983634E-08));
#3893 = CARTESIAN_POINT('',(4.06995,3.13,0.705694616422));
#3894 = ORIENTED_EDGE('',*,*,#3560,.F.);
#3895 = B_SPLINE_SURFACE_WITH_KNOTS('',1,1,(
    (#3896,#3897)
    ,(#3898,#3899
    )),.UNSPECIFIED.,.F.,.F.,.F.,(2,2),(2,2),(-1.73142861034E-16,0.64),(
    0.,0.721460151712),.PIECEWISE_BEZIER_KNOTS.);
#3896 = CARTESIAN_POINT('',(3.91995,3.77,9.999999983634E-08));
#3897 = CARTESIAN_POINT('',(4.06995,3.77,0.705694616422));
#3898 = CARTESIAN_POINT('',(3.91995,3.13,9.999999983634E-08));
#3899 = CARTESIAN_POINT('',(4.06995,3.13,0.705694616422));
#3900 = ADVANCED_FACE('',(#3901),#3911,.T.);
#3901 = FACE_BOUND('',#3902,.T.);
#3902 = EDGE_LOOP('',(#3903,#3904,#3905,#3910));
#3903 = ORIENTED_EDGE('',*,*,#3868,.T.);
#3904 = ORIENTED_EDGE('',*,*,#3576,.F.);
#3905 = ORIENTED_EDGE('',*,*,#3906,.F.);
#3906 = EDGE_CURVE('',#3533,#3570,#3907,.T.);
#3907 = B_SPLINE_CURVE_WITH_KNOTS('',1,(#3908,#3909),.UNSPECIFIED.,.F.,
  .F.,(2,2),(9.770812557733E-02,0.834596686018),
  .PIECEWISE_BEZIER_KNOTS.);
#3908 = CARTESIAN_POINT('',(3.42995,3.13,0.705694616422));
#3909 = CARTESIAN_POINT('',(3.57995,3.28,9.999999983634E-08));
#3910 = ORIENTED_EDGE('',*,*,#3665,.F.);
#3911 = B_SPLINE_SURFACE_WITH_KNOTS('',1,1,(
    (#3912,#3913)
    ,(#3914,#3915)),.UNSPECIFIED.,.F.,.F.,.F.,(2,2),(2,2),(0.48,1.12),(
    -2.775557561563E-17,0.721460151712),.PIECEWISE_BEZIER_KNOTS.);
#3912 = CARTESIAN_POINT('',(3.42995,3.13,0.705694616422));
#3913 = CARTESIAN_POINT('',(3.57995,3.13,9.999999983634E-08));
#3914 = CARTESIAN_POINT('',(3.42995,3.77,0.705694616422));
#3915 = CARTESIAN_POINT('',(3.57995,3.77,9.999999983634E-08));
#3916 = ADVANCED_FACE('',(#3917),#3923,.T.);
#3917 = FACE_BOUND('',#3918,.T.);
#3918 = EDGE_LOOP('',(#3919,#3920,#3921,#3922));
#3919 = ORIENTED_EDGE('',*,*,#3890,.T.);
#3920 = ORIENTED_EDGE('',*,*,#3539,.F.);
#3921 = ORIENTED_EDGE('',*,*,#3906,.T.);
#3922 = ORIENTED_EDGE('',*,*,#3569,.F.);
#3923 = B_SPLINE_SURFACE_WITH_KNOTS('',1,1,(
    (#3924,#3925)
    ,(#3926,#3927
    )),.UNSPECIFIED.,.F.,.F.,.F.,(2,2),(2,2),(-0.64,5.828670879282E-16),
  (-1.110223024625E-16,0.721460151712),.PIECEWISE_BEZIER_KNOTS.);
#3924 = CARTESIAN_POINT('',(3.42995,3.28,9.999999983634E-08));
#3925 = CARTESIAN_POINT('',(3.42995,3.13,0.705694616422));
#3926 = CARTESIAN_POINT('',(4.06995,3.28,9.999999983634E-08));
#3927 = CARTESIAN_POINT('',(4.06995,3.13,0.705694616422));
#3928 = ADVANCED_FACE('',(#3929),#3943,.T.);
#3929 = FACE_BOUND('',#3930,.T.);
#3930 = EDGE_LOOP('',(#3931,#3936,#3937,#3942));
#3931 = ORIENTED_EDGE('',*,*,#3932,.F.);
#3932 = EDGE_CURVE('',#3780,#3849,#3933,.T.);
#3933 = B_SPLINE_CURVE_WITH_KNOTS('',1,(#3934,#3935),.UNSPECIFIED.,.F.,
  .F.,(2,2),(9.770812557733E-02,0.834596686018),
  .PIECEWISE_BEZIER_KNOTS.);
#3934 = CARTESIAN_POINT('',(3.42995,-4.544305483578,6.8300001));
#3935 = CARTESIAN_POINT('',(3.57995,-5.25,6.9800001));
#3936 = ORIENTED_EDGE('',*,*,#3779,.F.);
#3937 = ORIENTED_EDGE('',*,*,#3938,.F.);
#3938 = EDGE_CURVE('',#3833,#3773,#3939,.T.);
#3939 = B_SPLINE_CURVE_WITH_KNOTS('',1,(#3940,#3941),.UNSPECIFIED.,.F.,
  .F.,(2,2),(-0.73688856044,0.),.PIECEWISE_BEZIER_KNOTS.);
#3940 = CARTESIAN_POINT('',(3.91995,-5.25,6.9800001));
#3941 = CARTESIAN_POINT('',(4.06995,-4.544305483578,6.8300001));
#3942 = ORIENTED_EDGE('',*,*,#3855,.F.);
#3943 = B_SPLINE_SURFACE_WITH_KNOTS('',1,1,(
    (#3944,#3945)
    ,(#3946,#3947
    )),.UNSPECIFIED.,.F.,.F.,.F.,(2,2),(2,2),(-0.64,0.),(
    -1.387778780781E-17,0.721460151712),.PIECEWISE_BEZIER_KNOTS.);
#3944 = CARTESIAN_POINT('',(3.42995,-4.544305483578,6.8300001));
#3945 = CARTESIAN_POINT('',(3.42995,-5.25,6.9800001));
#3946 = CARTESIAN_POINT('',(4.06995,-4.544305483578,6.8300001));
#3947 = CARTESIAN_POINT('',(4.06995,-5.25,6.9800001));
#3948 = ADVANCED_FACE('',(#3949),#3959,.F.);
#3949 = FACE_BOUND('',#3950,.T.);
#3950 = EDGE_LOOP('',(#3951,#3952,#3953,#3958));
#3951 = ORIENTED_EDGE('',*,*,#3938,.T.);
#3952 = ORIENTED_EDGE('',*,*,#3801,.F.);
#3953 = ORIENTED_EDGE('',*,*,#3954,.F.);
#3954 = EDGE_CURVE('',#3835,#3752,#3955,.T.);
#3955 = B_SPLINE_CURVE_WITH_KNOTS('',1,(#3956,#3957),.UNSPECIFIED.,.F.,
  .F.,(2,2),(9.974371152686E-02,0.836632271967),
  .PIECEWISE_BEZIER_KNOTS.);
#3956 = CARTESIAN_POINT('',(3.91995,-5.25,7.3200001));
#3957 = CARTESIAN_POINT('',(4.06995,-4.544305483578,7.4700001));
#3958 = ORIENTED_EDGE('',*,*,#3832,.F.);
#3959 = B_SPLINE_SURFACE_WITH_KNOTS('',1,1,(
    (#3960,#3961)
    ,(#3962,#3963
    )),.UNSPECIFIED.,.F.,.F.,.F.,(2,2),(2,2),(0.,0.64),(
    -1.110223024625E-16,0.721460151712),.PIECEWISE_BEZIER_KNOTS.);
#3960 = CARTESIAN_POINT('',(3.91995,-5.25,6.8300001));
#3961 = CARTESIAN_POINT('',(4.06995,-4.544305483578,6.8300001));
#3962 = CARTESIAN_POINT('',(3.91995,-5.25,7.4700001));
#3963 = CARTESIAN_POINT('',(4.06995,-4.544305483578,7.4700001));
#3964 = ADVANCED_FACE('',(#3965),#3975,.T.);
#3965 = FACE_BOUND('',#3966,.T.);
#3966 = EDGE_LOOP('',(#3967,#3968,#3969,#3974));
#3967 = ORIENTED_EDGE('',*,*,#3932,.T.);
#3968 = ORIENTED_EDGE('',*,*,#3848,.F.);
#3969 = ORIENTED_EDGE('',*,*,#3970,.F.);
#3970 = EDGE_CURVE('',#3745,#3842,#3971,.T.);
#3971 = B_SPLINE_CURVE_WITH_KNOTS('',1,(#3972,#3973),.UNSPECIFIED.,.F.,
  .F.,(2,2),(-0.227985626347,0.508902934093),.PIECEWISE_BEZIER_KNOTS.);
#3972 = CARTESIAN_POINT('',(3.42995,-4.544305483578,7.4700001));
#3973 = CARTESIAN_POINT('',(3.57995,-5.25,7.3200001));
#3974 = ORIENTED_EDGE('',*,*,#3817,.F.);
#3975 = B_SPLINE_SURFACE_WITH_KNOTS('',1,1,(
    (#3976,#3977)
    ,(#3978,#3979
  )),.UNSPECIFIED.,.F.,.F.,.F.,(2,2),(2,2),(-1.12,-0.48),(
    -2.775557561563E-17,0.721460151712),.PIECEWISE_BEZIER_KNOTS.);
#3976 = CARTESIAN_POINT('',(3.42995,-4.544305483578,7.4700001));
#3977 = CARTESIAN_POINT('',(3.57995,-5.25,7.4700001));
#3978 = CARTESIAN_POINT('',(3.42995,-4.544305483578,6.8300001));
#3979 = CARTESIAN_POINT('',(3.57995,-5.25,6.8300001));
#3980 = ADVANCED_FACE('',(#3981),#3987,.F.);
#3981 = FACE_BOUND('',#3982,.T.);
#3982 = EDGE_LOOP('',(#3983,#3984,#3985,#3986));
#3983 = ORIENTED_EDGE('',*,*,#3954,.T.);
#3984 = ORIENTED_EDGE('',*,*,#3751,.F.);
#3985 = ORIENTED_EDGE('',*,*,#3970,.T.);
#3986 = ORIENTED_EDGE('',*,*,#3841,.F.);
#3987 = B_SPLINE_SURFACE_WITH_KNOTS('',1,1,(
    (#3988,#3989)
    ,(#3990,#3991
    )),.UNSPECIFIED.,.F.,.F.,.F.,(2,2),(2,2),(-5.551115123126E-16,0.64),
  (-5.551115123126E-17,0.721460151712),.PIECEWISE_BEZIER_KNOTS.);
#3988 = CARTESIAN_POINT('',(4.06995,-5.25,7.3200001));
#3989 = CARTESIAN_POINT('',(4.06995,-4.544305483578,7.4700001));
#3990 = CARTESIAN_POINT('',(3.42995,-5.25,7.3200001));
#3991 = CARTESIAN_POINT('',(3.42995,-4.544305483578,7.4700001));
#3992 = ADVANCED_FACE('',(#3993),#4015,.F.);
#3993 = FACE_BOUND('',#3994,.T.);
#3994 = EDGE_LOOP('',(#3995,#4002,#4009,#4014));
#3995 = ORIENTED_EDGE('',*,*,#3996,.F.);
#3996 = EDGE_CURVE('',#3997,#1904,#3999,.T.);
#3997 = VERTEX_POINT('',#3998);
#3998 = CARTESIAN_POINT('',(-4.77005,0.95,6.4000001));
#3999 = B_SPLINE_CURVE_WITH_KNOTS('',1,(#4000,#4001),.UNSPECIFIED.,.F.,
  .F.,(2,2),(0.,2.838622514139),.PIECEWISE_BEZIER_KNOTS.);
#4000 = CARTESIAN_POINT('',(-4.77005,0.95,6.4000001));
#4001 = CARTESIAN_POINT('',(-4.77005,0.483333333333,3.6000001));
#4002 = ORIENTED_EDGE('',*,*,#4003,.T.);
#4003 = EDGE_CURVE('',#3997,#4004,#4006,.T.);
#4004 = VERTEX_POINT('',#4005);
#4005 = CARTESIAN_POINT('',(-2.97005,0.95,6.4000001));
#4006 = B_SPLINE_CURVE_WITH_KNOTS('',1,(#4007,#4008),.UNSPECIFIED.,.F.,
  .F.,(2,2),(0.,1.8),.PIECEWISE_BEZIER_KNOTS.);
#4007 = CARTESIAN_POINT('',(-4.77005,0.95,6.4000001));
#4008 = CARTESIAN_POINT('',(-2.97005,0.95,6.4000001));
#4009 = ORIENTED_EDGE('',*,*,#4010,.T.);
#4010 = EDGE_CURVE('',#4004,#1911,#4011,.T.);
#4011 = B_SPLINE_CURVE_WITH_KNOTS('',1,(#4012,#4013),.UNSPECIFIED.,.F.,
  .F.,(2,2),(0.,2.838622514139),.PIECEWISE_BEZIER_KNOTS.);
#4012 = CARTESIAN_POINT('',(-2.97005,0.95,6.4000001));
#4013 = CARTESIAN_POINT('',(-2.97005,0.483333333333,3.6000001));
#4014 = ORIENTED_EDGE('',*,*,#1910,.F.);
#4015 = B_SPLINE_SURFACE_WITH_KNOTS('',1,1,(
    (#4016,#4017)
    ,(#4018,#4019
    )),.UNSPECIFIED.,.F.,.F.,.F.,(2,2),(2,2),(0.,2.838622514139),(0.,1.8
    ),.PIECEWISE_BEZIER_KNOTS.);
#4016 = CARTESIAN_POINT('',(-4.77005,0.95,6.4000001));
#4017 = CARTESIAN_POINT('',(-2.97005,0.95,6.4000001));
#4018 = CARTESIAN_POINT('',(-4.77005,0.483333333333,3.6000001));
#4019 = CARTESIAN_POINT('',(-2.97005,0.483333333333,3.6000001));
#4020 = ADVANCED_FACE('',(#4021),#4039,.T.);
#4021 = FACE_BOUND('',#4022,.T.);
#4022 = EDGE_LOOP('',(#4023,#4024,#4025,#4026,#4033,#4038));
#4023 = ORIENTED_EDGE('',*,*,#1903,.T.);
#4024 = ORIENTED_EDGE('',*,*,#2005,.T.);
#4025 = ORIENTED_EDGE('',*,*,#1574,.T.);
#4026 = ORIENTED_EDGE('',*,*,#4027,.T.);
#4027 = EDGE_CURVE('',#1568,#4028,#4030,.T.);
#4028 = VERTEX_POINT('',#4029);
#4029 = CARTESIAN_POINT('',(-4.77005,0.95,7.9000001));
#4030 = B_SPLINE_CURVE_WITH_KNOTS('',1,(#4031,#4032),.UNSPECIFIED.,.F.,
  .F.,(2,2),(0.,1.676305461424),.PIECEWISE_BEZIER_KNOTS.);
#4031 = CARTESIAN_POINT('',(-4.77005,0.45,9.5000001));
#4032 = CARTESIAN_POINT('',(-4.77005,0.95,7.9000001));
#4033 = ORIENTED_EDGE('',*,*,#4034,.T.);
#4034 = EDGE_CURVE('',#4028,#3997,#4035,.T.);
#4035 = B_SPLINE_CURVE_WITH_KNOTS('',1,(#4036,#4037),.UNSPECIFIED.,.F.,
  .F.,(2,2),(0.,1.5),.PIECEWISE_BEZIER_KNOTS.);
#4036 = CARTESIAN_POINT('',(-4.77005,0.95,7.9000001));
#4037 = CARTESIAN_POINT('',(-4.77005,0.95,6.4000001));
#4038 = ORIENTED_EDGE('',*,*,#3996,.T.);
#4039 = B_SPLINE_SURFACE_WITH_KNOTS('',1,1,(
    (#4040,#4041)
    ,(#4042,#4043
    )),.UNSPECIFIED.,.F.,.F.,.F.,(2,2),(2,2),(-6.1,-0.2),(0.45,1.25),
  .PIECEWISE_BEZIER_KNOTS.);
#4040 = CARTESIAN_POINT('',(-4.77005,0.45,9.5000001));
#4041 = CARTESIAN_POINT('',(-4.77005,1.25,9.5000001));
#4042 = CARTESIAN_POINT('',(-4.77005,0.45,3.6000001));
#4043 = CARTESIAN_POINT('',(-4.77005,1.25,3.6000001));
#4044 = ADVANCED_FACE('',(#4045),#4063,.F.);
#4045 = FACE_BOUND('',#4046,.T.);
#4046 = EDGE_LOOP('',(#4047,#4048,#4055,#4060,#4061,#4062));
#4047 = ORIENTED_EDGE('',*,*,#4010,.F.);
#4048 = ORIENTED_EDGE('',*,*,#4049,.F.);
#4049 = EDGE_CURVE('',#4050,#4004,#4052,.T.);
#4050 = VERTEX_POINT('',#4051);
#4051 = CARTESIAN_POINT('',(-2.97005,0.95,7.9000001));
#4052 = B_SPLINE_CURVE_WITH_KNOTS('',1,(#4053,#4054),.UNSPECIFIED.,.F.,
  .F.,(2,2),(0.,1.5),.PIECEWISE_BEZIER_KNOTS.);
#4053 = CARTESIAN_POINT('',(-2.97005,0.95,7.9000001));
#4054 = CARTESIAN_POINT('',(-2.97005,0.95,6.4000001));
#4055 = ORIENTED_EDGE('',*,*,#4056,.F.);
#4056 = EDGE_CURVE('',#1561,#4050,#4057,.T.);
#4057 = B_SPLINE_CURVE_WITH_KNOTS('',1,(#4058,#4059),.UNSPECIFIED.,.F.,
  .F.,(2,2),(0.,1.676305461424),.PIECEWISE_BEZIER_KNOTS.);
#4058 = CARTESIAN_POINT('',(-2.97005,0.45,9.5000001));
#4059 = CARTESIAN_POINT('',(-2.97005,0.95,7.9000001));
#4060 = ORIENTED_EDGE('',*,*,#1560,.F.);
#4061 = ORIENTED_EDGE('',*,*,#1991,.F.);
#4062 = ORIENTED_EDGE('',*,*,#1917,.F.);
#4063 = B_SPLINE_SURFACE_WITH_KNOTS('',1,1,(
    (#4064,#4065)
    ,(#4066,#4067
    )),.UNSPECIFIED.,.F.,.F.,.F.,(2,2),(2,2),(-6.1,-0.2),(0.45,1.25),
  .PIECEWISE_BEZIER_KNOTS.);
#4064 = CARTESIAN_POINT('',(-2.97005,0.45,9.5000001));
#4065 = CARTESIAN_POINT('',(-2.97005,1.25,9.5000001));
#4066 = CARTESIAN_POINT('',(-2.97005,0.45,3.6000001));
#4067 = CARTESIAN_POINT('',(-2.97005,1.25,3.6000001));
#4068 = ADVANCED_FACE('',(#4069,#4099),#4109,.F.);
#4069 = FACE_BOUND('',#4070,.T.);
#4070 = EDGE_LOOP('',(#4071,#4080,#4087,#4094));
#4071 = ORIENTED_EDGE('',*,*,#4072,.F.);
#4072 = EDGE_CURVE('',#4073,#4075,#4077,.T.);
#4073 = VERTEX_POINT('',#4074);
#4074 = CARTESIAN_POINT('',(-3.55005,0.95,6.8300001));
#4075 = VERTEX_POINT('',#4076);
#4076 = CARTESIAN_POINT('',(-4.19005,0.95,6.8300001));
#4077 = B_SPLINE_CURVE_WITH_KNOTS('',1,(#4078,#4079),.UNSPECIFIED.,.F.,
  .F.,(2,2),(-1.22,-0.58),.PIECEWISE_BEZIER_KNOTS.);
#4078 = CARTESIAN_POINT('',(-3.55005,0.95,6.8300001));
#4079 = CARTESIAN_POINT('',(-4.19005,0.95,6.8300001));
#4080 = ORIENTED_EDGE('',*,*,#4081,.T.);
#4081 = EDGE_CURVE('',#4073,#4082,#4084,.T.);
#4082 = VERTEX_POINT('',#4083);
#4083 = CARTESIAN_POINT('',(-3.55005,0.95,7.4700001));
#4084 = B_SPLINE_CURVE_WITH_KNOTS('',1,(#4085,#4086),.UNSPECIFIED.,.F.,
  .F.,(2,2),(-1.07,-0.43),.PIECEWISE_BEZIER_KNOTS.);
#4085 = CARTESIAN_POINT('',(-3.55005,0.95,6.8300001));
#4086 = CARTESIAN_POINT('',(-3.55005,0.95,7.4700001));
#4087 = ORIENTED_EDGE('',*,*,#4088,.T.);
#4088 = EDGE_CURVE('',#4082,#4089,#4091,.T.);
#4089 = VERTEX_POINT('',#4090);
#4090 = CARTESIAN_POINT('',(-4.19005,0.95,7.4700001));
#4091 = B_SPLINE_CURVE_WITH_KNOTS('',1,(#4092,#4093),.UNSPECIFIED.,.F.,
  .F.,(2,2),(-1.22,-0.58),.PIECEWISE_BEZIER_KNOTS.);
#4092 = CARTESIAN_POINT('',(-3.55005,0.95,7.4700001));
#4093 = CARTESIAN_POINT('',(-4.19005,0.95,7.4700001));
#4094 = ORIENTED_EDGE('',*,*,#4095,.F.);
#4095 = EDGE_CURVE('',#4075,#4089,#4096,.T.);
#4096 = B_SPLINE_CURVE_WITH_KNOTS('',1,(#4097,#4098),.UNSPECIFIED.,.F.,
  .F.,(2,2),(-1.07,-0.43),.PIECEWISE_BEZIER_KNOTS.);
#4097 = CARTESIAN_POINT('',(-4.19005,0.95,6.8300001));
#4098 = CARTESIAN_POINT('',(-4.19005,0.95,7.4700001));
#4099 = FACE_BOUND('',#4100,.T.);
#4100 = EDGE_LOOP('',(#4101,#4102,#4103,#4104));
#4101 = ORIENTED_EDGE('',*,*,#4049,.T.);
#4102 = ORIENTED_EDGE('',*,*,#4003,.F.);
#4103 = ORIENTED_EDGE('',*,*,#4034,.F.);
#4104 = ORIENTED_EDGE('',*,*,#4105,.T.);
#4105 = EDGE_CURVE('',#4028,#4050,#4106,.T.);
#4106 = B_SPLINE_CURVE_WITH_KNOTS('',1,(#4107,#4108),.UNSPECIFIED.,.F.,
  .F.,(2,2),(0.,1.8),.PIECEWISE_BEZIER_KNOTS.);
#4107 = CARTESIAN_POINT('',(-4.77005,0.95,7.9000001));
#4108 = CARTESIAN_POINT('',(-2.97005,0.95,7.9000001));
#4109 = B_SPLINE_SURFACE_WITH_KNOTS('',1,1,(
    (#4110,#4111)
    ,(#4112,#4113
    )),.UNSPECIFIED.,.F.,.F.,.F.,(2,2),(2,2),(0.,1.5),(0.,1.8),
  .PIECEWISE_BEZIER_KNOTS.);
#4110 = CARTESIAN_POINT('',(-4.77005,0.95,7.9000001));
#4111 = CARTESIAN_POINT('',(-2.97005,0.95,7.9000001));
#4112 = CARTESIAN_POINT('',(-4.77005,0.95,6.4000001));
#4113 = CARTESIAN_POINT('',(-2.97005,0.95,6.4000001));
#4114 = ADVANCED_FACE('',(#4115),#4121,.F.);
#4115 = FACE_BOUND('',#4116,.T.);
#4116 = EDGE_LOOP('',(#4117,#4118,#4119,#4120));
#4117 = ORIENTED_EDGE('',*,*,#4056,.T.);
#4118 = ORIENTED_EDGE('',*,*,#4105,.F.);
#4119 = ORIENTED_EDGE('',*,*,#4027,.F.);
#4120 = ORIENTED_EDGE('',*,*,#1567,.T.);
#4121 = B_SPLINE_SURFACE_WITH_KNOTS('',1,1,(
    (#4122,#4123)
    ,(#4124,#4125
    )),.UNSPECIFIED.,.F.,.F.,.F.,(2,2),(2,2),(0.,1.676305461424),(0.,1.8
    ),.PIECEWISE_BEZIER_KNOTS.);
#4122 = CARTESIAN_POINT('',(-4.77005,0.45,9.5000001));
#4123 = CARTESIAN_POINT('',(-2.97005,0.45,9.5000001));
#4124 = CARTESIAN_POINT('',(-4.77005,0.95,7.9000001));
#4125 = CARTESIAN_POINT('',(-2.97005,0.95,7.9000001));
#4126 = ADVANCED_FACE('',(#4127),#4149,.F.);
#4127 = FACE_BOUND('',#4128,.T.);
#4128 = EDGE_LOOP('',(#4129,#4136,#4143,#4148));
#4129 = ORIENTED_EDGE('',*,*,#4130,.F.);
#4130 = EDGE_CURVE('',#4131,#1932,#4133,.T.);
#4131 = VERTEX_POINT('',#4132);
#4132 = CARTESIAN_POINT('',(-2.23005,0.95,6.4000001));
#4133 = B_SPLINE_CURVE_WITH_KNOTS('',1,(#4134,#4135),.UNSPECIFIED.,.F.,
  .F.,(2,2),(0.,2.838622514139),.PIECEWISE_BEZIER_KNOTS.);
#4134 = CARTESIAN_POINT('',(-2.23005,0.95,6.4000001));
#4135 = CARTESIAN_POINT('',(-2.23005,0.483333333333,3.6000001));
#4136 = ORIENTED_EDGE('',*,*,#4137,.T.);
#4137 = EDGE_CURVE('',#4131,#4138,#4140,.T.);
#4138 = VERTEX_POINT('',#4139);
#4139 = CARTESIAN_POINT('',(-0.43005,0.95,6.4000001));
#4140 = B_SPLINE_CURVE_WITH_KNOTS('',1,(#4141,#4142),.UNSPECIFIED.,.F.,
  .F.,(2,2),(0.,1.8),.PIECEWISE_BEZIER_KNOTS.);
#4141 = CARTESIAN_POINT('',(-2.23005,0.95,6.4000001));
#4142 = CARTESIAN_POINT('',(-0.43005,0.95,6.4000001));
#4143 = ORIENTED_EDGE('',*,*,#4144,.T.);
#4144 = EDGE_CURVE('',#4138,#1939,#4145,.T.);
#4145 = B_SPLINE_CURVE_WITH_KNOTS('',1,(#4146,#4147),.UNSPECIFIED.,.F.,
  .F.,(2,2),(0.,2.838622514139),.PIECEWISE_BEZIER_KNOTS.);
#4146 = CARTESIAN_POINT('',(-0.43005,0.95,6.4000001));
#4147 = CARTESIAN_POINT('',(-0.43005,0.483333333333,3.6000001));
#4148 = ORIENTED_EDGE('',*,*,#1938,.F.);
#4149 = B_SPLINE_SURFACE_WITH_KNOTS('',1,1,(
    (#4150,#4151)
    ,(#4152,#4153
    )),.UNSPECIFIED.,.F.,.F.,.F.,(2,2),(2,2),(0.,2.838622514139),(0.,1.8
    ),.PIECEWISE_BEZIER_KNOTS.);
#4150 = CARTESIAN_POINT('',(-2.23005,0.95,6.4000001));
#4151 = CARTESIAN_POINT('',(-0.43005,0.95,6.4000001));
#4152 = CARTESIAN_POINT('',(-2.23005,0.483333333333,3.6000001));
#4153 = CARTESIAN_POINT('',(-0.43005,0.483333333333,3.6000001));
#4154 = ADVANCED_FACE('',(#4155),#4173,.T.);
#4155 = FACE_BOUND('',#4156,.T.);
#4156 = EDGE_LOOP('',(#4157,#4158,#4159,#4160,#4167,#4172));
#4157 = ORIENTED_EDGE('',*,*,#1931,.T.);
#4158 = ORIENTED_EDGE('',*,*,#1985,.T.);
#4159 = ORIENTED_EDGE('',*,*,#1546,.T.);
#4160 = ORIENTED_EDGE('',*,*,#4161,.T.);
#4161 = EDGE_CURVE('',#1540,#4162,#4164,.T.);
#4162 = VERTEX_POINT('',#4163);
#4163 = CARTESIAN_POINT('',(-2.23005,0.95,7.9000001));
#4164 = B_SPLINE_CURVE_WITH_KNOTS('',1,(#4165,#4166),.UNSPECIFIED.,.F.,
  .F.,(2,2),(0.,1.676305461424),.PIECEWISE_BEZIER_KNOTS.);
#4165 = CARTESIAN_POINT('',(-2.23005,0.45,9.5000001));
#4166 = CARTESIAN_POINT('',(-2.23005,0.95,7.9000001));
#4167 = ORIENTED_EDGE('',*,*,#4168,.T.);
#4168 = EDGE_CURVE('',#4162,#4131,#4169,.T.);
#4169 = B_SPLINE_CURVE_WITH_KNOTS('',1,(#4170,#4171),.UNSPECIFIED.,.F.,
  .F.,(2,2),(0.,1.5),.PIECEWISE_BEZIER_KNOTS.);
#4170 = CARTESIAN_POINT('',(-2.23005,0.95,7.9000001));
#4171 = CARTESIAN_POINT('',(-2.23005,0.95,6.4000001));
#4172 = ORIENTED_EDGE('',*,*,#4130,.T.);
#4173 = B_SPLINE_SURFACE_WITH_KNOTS('',1,1,(
    (#4174,#4175)
    ,(#4176,#4177
    )),.UNSPECIFIED.,.F.,.F.,.F.,(2,2),(2,2),(-6.1,-0.2),(0.45,1.25),
  .PIECEWISE_BEZIER_KNOTS.);
#4174 = CARTESIAN_POINT('',(-2.23005,0.45,9.5000001));
#4175 = CARTESIAN_POINT('',(-2.23005,1.25,9.5000001));
#4176 = CARTESIAN_POINT('',(-2.23005,0.45,3.6000001));
#4177 = CARTESIAN_POINT('',(-2.23005,1.25,3.6000001));
#4178 = ADVANCED_FACE('',(#4179),#4197,.F.);
#4179 = FACE_BOUND('',#4180,.T.);
#4180 = EDGE_LOOP('',(#4181,#4182,#4189,#4194,#4195,#4196));
#4181 = ORIENTED_EDGE('',*,*,#4144,.F.);
#4182 = ORIENTED_EDGE('',*,*,#4183,.F.);
#4183 = EDGE_CURVE('',#4184,#4138,#4186,.T.);
#4184 = VERTEX_POINT('',#4185);
#4185 = CARTESIAN_POINT('',(-0.43005,0.95,7.9000001));
#4186 = B_SPLINE_CURVE_WITH_KNOTS('',1,(#4187,#4188),.UNSPECIFIED.,.F.,
  .F.,(2,2),(0.,1.5),.PIECEWISE_BEZIER_KNOTS.);
#4187 = CARTESIAN_POINT('',(-0.43005,0.95,7.9000001));
#4188 = CARTESIAN_POINT('',(-0.43005,0.95,6.4000001));
#4189 = ORIENTED_EDGE('',*,*,#4190,.F.);
#4190 = EDGE_CURVE('',#1533,#4184,#4191,.T.);
#4191 = B_SPLINE_CURVE_WITH_KNOTS('',1,(#4192,#4193),.UNSPECIFIED.,.F.,
  .F.,(2,2),(0.,1.676305461424),.PIECEWISE_BEZIER_KNOTS.);
#4192 = CARTESIAN_POINT('',(-0.43005,0.45,9.5000001));
#4193 = CARTESIAN_POINT('',(-0.43005,0.95,7.9000001));
#4194 = ORIENTED_EDGE('',*,*,#1532,.F.);
#4195 = ORIENTED_EDGE('',*,*,#1971,.F.);
#4196 = ORIENTED_EDGE('',*,*,#1945,.F.);
#4197 = B_SPLINE_SURFACE_WITH_KNOTS('',1,1,(
    (#4198,#4199)
    ,(#4200,#4201
    )),.UNSPECIFIED.,.F.,.F.,.F.,(2,2),(2,2),(-6.1,-0.2),(0.45,1.25),
  .PIECEWISE_BEZIER_KNOTS.);
#4198 = CARTESIAN_POINT('',(-0.43005,0.45,9.5000001));
#4199 = CARTESIAN_POINT('',(-0.43005,1.25,9.5000001));
#4200 = CARTESIAN_POINT('',(-0.43005,0.45,3.6000001));
#4201 = CARTESIAN_POINT('',(-0.43005,1.25,3.6000001));
#4202 = ADVANCED_FACE('',(#4203,#4233),#4243,.F.);
#4203 = FACE_BOUND('',#4204,.T.);
#4204 = EDGE_LOOP('',(#4205,#4214,#4221,#4228));
#4205 = ORIENTED_EDGE('',*,*,#4206,.F.);
#4206 = EDGE_CURVE('',#4207,#4209,#4211,.T.);
#4207 = VERTEX_POINT('',#4208);
#4208 = CARTESIAN_POINT('',(-1.01005,0.95,6.8300001));
#4209 = VERTEX_POINT('',#4210);
#4210 = CARTESIAN_POINT('',(-1.65005,0.95,6.8300001));
#4211 = B_SPLINE_CURVE_WITH_KNOTS('',1,(#4212,#4213),.UNSPECIFIED.,.F.,
  .F.,(2,2),(-1.22,-0.58),.PIECEWISE_BEZIER_KNOTS.);
#4212 = CARTESIAN_POINT('',(-1.01005,0.95,6.8300001));
#4213 = CARTESIAN_POINT('',(-1.65005,0.95,6.8300001));
#4214 = ORIENTED_EDGE('',*,*,#4215,.T.);
#4215 = EDGE_CURVE('',#4207,#4216,#4218,.T.);
#4216 = VERTEX_POINT('',#4217);
#4217 = CARTESIAN_POINT('',(-1.01005,0.95,7.4700001));
#4218 = B_SPLINE_CURVE_WITH_KNOTS('',1,(#4219,#4220),.UNSPECIFIED.,.F.,
  .F.,(2,2),(-1.07,-0.43),.PIECEWISE_BEZIER_KNOTS.);
#4219 = CARTESIAN_POINT('',(-1.01005,0.95,6.8300001));
#4220 = CARTESIAN_POINT('',(-1.01005,0.95,7.4700001));
#4221 = ORIENTED_EDGE('',*,*,#4222,.T.);
#4222 = EDGE_CURVE('',#4216,#4223,#4225,.T.);
#4223 = VERTEX_POINT('',#4224);
#4224 = CARTESIAN_POINT('',(-1.65005,0.95,7.4700001));
#4225 = B_SPLINE_CURVE_WITH_KNOTS('',1,(#4226,#4227),.UNSPECIFIED.,.F.,
  .F.,(2,2),(-1.22,-0.58),.PIECEWISE_BEZIER_KNOTS.);
#4226 = CARTESIAN_POINT('',(-1.01005,0.95,7.4700001));
#4227 = CARTESIAN_POINT('',(-1.65005,0.95,7.4700001));
#4228 = ORIENTED_EDGE('',*,*,#4229,.F.);
#4229 = EDGE_CURVE('',#4209,#4223,#4230,.T.);
#4230 = B_SPLINE_CURVE_WITH_KNOTS('',1,(#4231,#4232),.UNSPECIFIED.,.F.,
  .F.,(2,2),(-1.07,-0.43),.PIECEWISE_BEZIER_KNOTS.);
#4231 = CARTESIAN_POINT('',(-1.65005,0.95,6.8300001));
#4232 = CARTESIAN_POINT('',(-1.65005,0.95,7.4700001));
#4233 = FACE_BOUND('',#4234,.T.);
#4234 = EDGE_LOOP('',(#4235,#4236,#4237,#4238));
#4235 = ORIENTED_EDGE('',*,*,#4183,.T.);
#4236 = ORIENTED_EDGE('',*,*,#4137,.F.);
#4237 = ORIENTED_EDGE('',*,*,#4168,.F.);
#4238 = ORIENTED_EDGE('',*,*,#4239,.T.);
#4239 = EDGE_CURVE('',#4162,#4184,#4240,.T.);
#4240 = B_SPLINE_CURVE_WITH_KNOTS('',1,(#4241,#4242),.UNSPECIFIED.,.F.,
  .F.,(2,2),(0.,1.8),.PIECEWISE_BEZIER_KNOTS.);
#4241 = CARTESIAN_POINT('',(-2.23005,0.95,7.9000001));
#4242 = CARTESIAN_POINT('',(-0.43005,0.95,7.9000001));
#4243 = B_SPLINE_SURFACE_WITH_KNOTS('',1,1,(
    (#4244,#4245)
    ,(#4246,#4247
    )),.UNSPECIFIED.,.F.,.F.,.F.,(2,2),(2,2),(0.,1.5),(0.,1.8),
  .PIECEWISE_BEZIER_KNOTS.);
#4244 = CARTESIAN_POINT('',(-2.23005,0.95,7.9000001));
#4245 = CARTESIAN_POINT('',(-0.43005,0.95,7.9000001));
#4246 = CARTESIAN_POINT('',(-2.23005,0.95,6.4000001));
#4247 = CARTESIAN_POINT('',(-0.43005,0.95,6.4000001));
#4248 = ADVANCED_FACE('',(#4249),#4255,.F.);
#4249 = FACE_BOUND('',#4250,.T.);
#4250 = EDGE_LOOP('',(#4251,#4252,#4253,#4254));
#4251 = ORIENTED_EDGE('',*,*,#4190,.T.);
#4252 = ORIENTED_EDGE('',*,*,#4239,.F.);
#4253 = ORIENTED_EDGE('',*,*,#4161,.F.);
#4254 = ORIENTED_EDGE('',*,*,#1539,.T.);
#4255 = B_SPLINE_SURFACE_WITH_KNOTS('',1,1,(
    (#4256,#4257)
    ,(#4258,#4259
    )),.UNSPECIFIED.,.F.,.F.,.F.,(2,2),(2,2),(0.,1.676305461424),(0.,1.8
    ),.PIECEWISE_BEZIER_KNOTS.);
#4256 = CARTESIAN_POINT('',(-2.23005,0.45,9.5000001));
#4257 = CARTESIAN_POINT('',(-0.43005,0.45,9.5000001));
#4258 = CARTESIAN_POINT('',(-2.23005,0.95,7.9000001));
#4259 = CARTESIAN_POINT('',(-0.43005,0.95,7.9000001));
#4260 = ADVANCED_FACE('',(#4261),#4283,.F.);
#4261 = FACE_BOUND('',#4262,.T.);
#4262 = EDGE_LOOP('',(#4263,#4270,#4277,#4282));
#4263 = ORIENTED_EDGE('',*,*,#4264,.F.);
#4264 = EDGE_CURVE('',#4265,#1818,#4267,.T.);
#4265 = VERTEX_POINT('',#4266);
#4266 = CARTESIAN_POINT('',(0.30995,0.95,6.4000001));
#4267 = B_SPLINE_CURVE_WITH_KNOTS('',1,(#4268,#4269),.UNSPECIFIED.,.F.,
  .F.,(2,2),(0.,2.838622514139),.PIECEWISE_BEZIER_KNOTS.);
#4268 = CARTESIAN_POINT('',(0.30995,0.95,6.4000001));
#4269 = CARTESIAN_POINT('',(0.30995,0.483333333333,3.6000001));
#4270 = ORIENTED_EDGE('',*,*,#4271,.T.);
#4271 = EDGE_CURVE('',#4265,#4272,#4274,.T.);
#4272 = VERTEX_POINT('',#4273);
#4273 = CARTESIAN_POINT('',(2.10995,0.95,6.4000001));
#4274 = B_SPLINE_CURVE_WITH_KNOTS('',1,(#4275,#4276),.UNSPECIFIED.,.F.,
  .F.,(2,2),(0.,1.8),.PIECEWISE_BEZIER_KNOTS.);
#4275 = CARTESIAN_POINT('',(0.30995,0.95,6.4000001));
#4276 = CARTESIAN_POINT('',(2.10995,0.95,6.4000001));
#4277 = ORIENTED_EDGE('',*,*,#4278,.T.);
#4278 = EDGE_CURVE('',#4272,#1827,#4279,.T.);
#4279 = B_SPLINE_CURVE_WITH_KNOTS('',1,(#4280,#4281),.UNSPECIFIED.,.F.,
  .F.,(2,2),(0.,2.838622514139),.PIECEWISE_BEZIER_KNOTS.);
#4280 = CARTESIAN_POINT('',(2.10995,0.95,6.4000001));
#4281 = CARTESIAN_POINT('',(2.10995,0.483333333333,3.6000001));
#4282 = ORIENTED_EDGE('',*,*,#1826,.F.);
#4283 = B_SPLINE_SURFACE_WITH_KNOTS('',1,1,(
    (#4284,#4285)
    ,(#4286,#4287
    )),.UNSPECIFIED.,.F.,.F.,.F.,(2,2),(2,2),(0.,2.838622514139),(0.,1.8
    ),.PIECEWISE_BEZIER_KNOTS.);
#4284 = CARTESIAN_POINT('',(0.30995,0.95,6.4000001));
#4285 = CARTESIAN_POINT('',(2.10995,0.95,6.4000001));
#4286 = CARTESIAN_POINT('',(0.30995,0.483333333333,3.6000001));
#4287 = CARTESIAN_POINT('',(2.10995,0.483333333333,3.6000001));
#4288 = ADVANCED_FACE('',(#4289),#4307,.T.);
#4289 = FACE_BOUND('',#4290,.T.);
#4290 = EDGE_LOOP('',(#4291,#4292,#4293,#4294,#4301,#4306));
#4291 = ORIENTED_EDGE('',*,*,#1817,.T.);
#4292 = ORIENTED_EDGE('',*,*,#1965,.T.);
#4293 = ORIENTED_EDGE('',*,*,#1516,.T.);
#4294 = ORIENTED_EDGE('',*,*,#4295,.T.);
#4295 = EDGE_CURVE('',#1519,#4296,#4298,.T.);
#4296 = VERTEX_POINT('',#4297);
#4297 = CARTESIAN_POINT('',(0.30995,0.95,7.9000001));
#4298 = B_SPLINE_CURVE_WITH_KNOTS('',1,(#4299,#4300),.UNSPECIFIED.,.F.,
  .F.,(2,2),(0.,1.676305461424),.PIECEWISE_BEZIER_KNOTS.);
#4299 = CARTESIAN_POINT('',(0.30995,0.45,9.5000001));
#4300 = CARTESIAN_POINT('',(0.30995,0.95,7.9000001));
#4301 = ORIENTED_EDGE('',*,*,#4302,.T.);
#4302 = EDGE_CURVE('',#4296,#4265,#4303,.T.);
#4303 = B_SPLINE_CURVE_WITH_KNOTS('',1,(#4304,#4305),.UNSPECIFIED.,.F.,
  .F.,(2,2),(0.,1.5),.PIECEWISE_BEZIER_KNOTS.);
#4304 = CARTESIAN_POINT('',(0.30995,0.95,7.9000001));
#4305 = CARTESIAN_POINT('',(0.30995,0.95,6.4000001));
#4306 = ORIENTED_EDGE('',*,*,#4264,.T.);
#4307 = B_SPLINE_SURFACE_WITH_KNOTS('',1,1,(
    (#4308,#4309)
    ,(#4310,#4311
    )),.UNSPECIFIED.,.F.,.F.,.F.,(2,2),(2,2),(-6.1,-0.2),(0.45,1.25),
  .PIECEWISE_BEZIER_KNOTS.);
#4308 = CARTESIAN_POINT('',(0.30995,0.45,9.5000001));
#4309 = CARTESIAN_POINT('',(0.30995,1.25,9.5000001));
#4310 = CARTESIAN_POINT('',(0.30995,0.45,3.6000001));
#4311 = CARTESIAN_POINT('',(0.30995,1.25,3.6000001));
#4312 = ADVANCED_FACE('',(#4313),#4331,.F.);
#4313 = FACE_BOUND('',#4314,.T.);
#4314 = EDGE_LOOP('',(#4315,#4316,#4323,#4328,#4329,#4330));
#4315 = ORIENTED_EDGE('',*,*,#4278,.F.);
#4316 = ORIENTED_EDGE('',*,*,#4317,.F.);
#4317 = EDGE_CURVE('',#4318,#4272,#4320,.T.);
#4318 = VERTEX_POINT('',#4319);
#4319 = CARTESIAN_POINT('',(2.10995,0.95,7.9000001));
#4320 = B_SPLINE_CURVE_WITH_KNOTS('',1,(#4321,#4322),.UNSPECIFIED.,.F.,
  .F.,(2,2),(0.,1.5),.PIECEWISE_BEZIER_KNOTS.);
#4321 = CARTESIAN_POINT('',(2.10995,0.95,7.9000001));
#4322 = CARTESIAN_POINT('',(2.10995,0.95,6.4000001));
#4323 = ORIENTED_EDGE('',*,*,#4324,.F.);
#4324 = EDGE_CURVE('',#1798,#4318,#4325,.T.);
#4325 = B_SPLINE_CURVE_WITH_KNOTS('',1,(#4326,#4327),.UNSPECIFIED.,.F.,
  .F.,(2,2),(0.,1.676305461424),.PIECEWISE_BEZIER_KNOTS.);
#4326 = CARTESIAN_POINT('',(2.10995,0.45,9.5000001));
#4327 = CARTESIAN_POINT('',(2.10995,0.95,7.9000001));
#4328 = ORIENTED_EDGE('',*,*,#1797,.F.);
#4329 = ORIENTED_EDGE('',*,*,#2040,.F.);
#4330 = ORIENTED_EDGE('',*,*,#1833,.F.);
#4331 = B_SPLINE_SURFACE_WITH_KNOTS('',1,1,(
    (#4332,#4333)
    ,(#4334,#4335
    )),.UNSPECIFIED.,.F.,.F.,.F.,(2,2),(2,2),(-6.1,-0.2),(0.45,1.25),
  .PIECEWISE_BEZIER_KNOTS.);
#4332 = CARTESIAN_POINT('',(2.10995,0.45,9.5000001));
#4333 = CARTESIAN_POINT('',(2.10995,1.25,9.5000001));
#4334 = CARTESIAN_POINT('',(2.10995,0.45,3.6000001));
#4335 = CARTESIAN_POINT('',(2.10995,1.25,3.6000001));
#4336 = ADVANCED_FACE('',(#4337,#4367),#4377,.F.);
#4337 = FACE_BOUND('',#4338,.T.);
#4338 = EDGE_LOOP('',(#4339,#4348,#4355,#4362));
#4339 = ORIENTED_EDGE('',*,*,#4340,.F.);
#4340 = EDGE_CURVE('',#4341,#4343,#4345,.T.);
#4341 = VERTEX_POINT('',#4342);
#4342 = CARTESIAN_POINT('',(1.52995,0.95,6.8300001));
#4343 = VERTEX_POINT('',#4344);
#4344 = CARTESIAN_POINT('',(0.88995,0.95,6.8300001));
#4345 = B_SPLINE_CURVE_WITH_KNOTS('',1,(#4346,#4347),.UNSPECIFIED.,.F.,
  .F.,(2,2),(-1.22,-0.58),.PIECEWISE_BEZIER_KNOTS.);
#4346 = CARTESIAN_POINT('',(1.52995,0.95,6.8300001));
#4347 = CARTESIAN_POINT('',(0.88995,0.95,6.8300001));
#4348 = ORIENTED_EDGE('',*,*,#4349,.T.);
#4349 = EDGE_CURVE('',#4341,#4350,#4352,.T.);
#4350 = VERTEX_POINT('',#4351);
#4351 = CARTESIAN_POINT('',(1.52995,0.95,7.4700001));
#4352 = B_SPLINE_CURVE_WITH_KNOTS('',1,(#4353,#4354),.UNSPECIFIED.,.F.,
  .F.,(2,2),(-1.07,-0.43),.PIECEWISE_BEZIER_KNOTS.);
#4353 = CARTESIAN_POINT('',(1.52995,0.95,6.8300001));
#4354 = CARTESIAN_POINT('',(1.52995,0.95,7.4700001));
#4355 = ORIENTED_EDGE('',*,*,#4356,.T.);
#4356 = EDGE_CURVE('',#4350,#4357,#4359,.T.);
#4357 = VERTEX_POINT('',#4358);
#4358 = CARTESIAN_POINT('',(0.88995,0.95,7.4700001));
#4359 = B_SPLINE_CURVE_WITH_KNOTS('',1,(#4360,#4361),.UNSPECIFIED.,.F.,
  .F.,(2,2),(-1.22,-0.58),.PIECEWISE_BEZIER_KNOTS.);
#4360 = CARTESIAN_POINT('',(1.52995,0.95,7.4700001));
#4361 = CARTESIAN_POINT('',(0.88995,0.95,7.4700001));
#4362 = ORIENTED_EDGE('',*,*,#4363,.F.);
#4363 = EDGE_CURVE('',#4343,#4357,#4364,.T.);
#4364 = B_SPLINE_CURVE_WITH_KNOTS('',1,(#4365,#4366),.UNSPECIFIED.,.F.,
  .F.,(2,2),(-1.07,-0.43),.PIECEWISE_BEZIER_KNOTS.);
#4365 = CARTESIAN_POINT('',(0.88995,0.95,6.8300001));
#4366 = CARTESIAN_POINT('',(0.88995,0.95,7.4700001));
#4367 = FACE_BOUND('',#4368,.T.);
#4368 = EDGE_LOOP('',(#4369,#4370,#4371,#4372));
#4369 = ORIENTED_EDGE('',*,*,#4317,.T.);
#4370 = ORIENTED_EDGE('',*,*,#4271,.F.);
#4371 = ORIENTED_EDGE('',*,*,#4302,.F.);
#4372 = ORIENTED_EDGE('',*,*,#4373,.T.);
#4373 = EDGE_CURVE('',#4296,#4318,#4374,.T.);
#4374 = B_SPLINE_CURVE_WITH_KNOTS('',1,(#4375,#4376),.UNSPECIFIED.,.F.,
  .F.,(2,2),(0.,1.8),.PIECEWISE_BEZIER_KNOTS.);
#4375 = CARTESIAN_POINT('',(0.30995,0.95,7.9000001));
#4376 = CARTESIAN_POINT('',(2.10995,0.95,7.9000001));
#4377 = B_SPLINE_SURFACE_WITH_KNOTS('',1,1,(
    (#4378,#4379)
    ,(#4380,#4381
    )),.UNSPECIFIED.,.F.,.F.,.F.,(2,2),(2,2),(0.,1.5),(0.,1.8),
  .PIECEWISE_BEZIER_KNOTS.);
#4378 = CARTESIAN_POINT('',(0.30995,0.95,7.9000001));
#4379 = CARTESIAN_POINT('',(2.10995,0.95,7.9000001));
#4380 = CARTESIAN_POINT('',(0.30995,0.95,6.4000001));
#4381 = CARTESIAN_POINT('',(2.10995,0.95,6.4000001));
#4382 = ADVANCED_FACE('',(#4383),#4389,.F.);
#4383 = FACE_BOUND('',#4384,.T.);
#4384 = EDGE_LOOP('',(#4385,#4386,#4387,#4388));
#4385 = ORIENTED_EDGE('',*,*,#4324,.T.);
#4386 = ORIENTED_EDGE('',*,*,#4373,.F.);
#4387 = ORIENTED_EDGE('',*,*,#4295,.F.);
#4388 = ORIENTED_EDGE('',*,*,#1804,.T.);
#4389 = B_SPLINE_SURFACE_WITH_KNOTS('',1,1,(
    (#4390,#4391)
    ,(#4392,#4393
    )),.UNSPECIFIED.,.F.,.F.,.F.,(2,2),(2,2),(0.,1.676305461424),(0.,1.8
    ),.PIECEWISE_BEZIER_KNOTS.);
#4390 = CARTESIAN_POINT('',(0.30995,0.45,9.5000001));
#4391 = CARTESIAN_POINT('',(2.10995,0.45,9.5000001));
#4392 = CARTESIAN_POINT('',(0.30995,0.95,7.9000001));
#4393 = CARTESIAN_POINT('',(2.10995,0.95,7.9000001));
#4394 = ADVANCED_FACE('',(#4395),#4427,.F.);
#4395 = FACE_BOUND('',#4396,.F.);
#4396 = EDGE_LOOP('',(#4397,#4406,#4414,#4421));
#4397 = ORIENTED_EDGE('',*,*,#4398,.F.);
#4398 = EDGE_CURVE('',#4399,#4401,#4403,.T.);
#4399 = VERTEX_POINT('',#4400);
#4400 = CARTESIAN_POINT('',(1.52995,2.65,6.8300001));
#4401 = VERTEX_POINT('',#4402);
#4402 = CARTESIAN_POINT('',(0.88995,2.65,6.8300001));
#4403 = B_SPLINE_CURVE_WITH_KNOTS('',1,(#4404,#4405),.UNSPECIFIED.,.F.,
  .F.,(2,2),(-0.,0.64),.PIECEWISE_BEZIER_KNOTS.);
#4404 = CARTESIAN_POINT('',(1.52995,2.65,6.8300001));
#4405 = CARTESIAN_POINT('',(0.88995,2.65,6.8300001));
#4406 = ORIENTED_EDGE('',*,*,#4407,.T.);
#4407 = EDGE_CURVE('',#4399,#4408,#4410,.T.);
#4408 = VERTEX_POINT('',#4409);
#4409 = CARTESIAN_POINT('',(1.52995,3.13,6.3500001));
#4410 = ( BOUNDED_CURVE() B_SPLINE_CURVE(2,(#4411,#4412,#4413),
.UNSPECIFIED.,.F.,.F.) B_SPLINE_CURVE_WITH_KNOTS((3,3),(3.14159265359,
4.712388980385),.PIECEWISE_BEZIER_KNOTS.) CURVE() 
GEOMETRIC_REPRESENTATION_ITEM() RATIONAL_B_SPLINE_CURVE((1.,
0.707106781187,1.)) REPRESENTATION_ITEM('') );
#4411 = CARTESIAN_POINT('',(1.52995,2.65,6.8300001));
#4412 = CARTESIAN_POINT('',(1.52995,3.13,6.8300001));
#4413 = CARTESIAN_POINT('',(1.52995,3.13,6.3500001));
#4414 = ORIENTED_EDGE('',*,*,#4415,.T.);
#4415 = EDGE_CURVE('',#4408,#4416,#4418,.T.);
#4416 = VERTEX_POINT('',#4417);
#4417 = CARTESIAN_POINT('',(0.88995,3.13,6.3500001));
#4418 = B_SPLINE_CURVE_WITH_KNOTS('',1,(#4419,#4420),.UNSPECIFIED.,.F.,
  .F.,(2,2),(-0.,0.64),.PIECEWISE_BEZIER_KNOTS.);
#4419 = CARTESIAN_POINT('',(1.52995,3.13,6.3500001));
#4420 = CARTESIAN_POINT('',(0.88995,3.13,6.3500001));
#4421 = ORIENTED_EDGE('',*,*,#4422,.F.);
#4422 = EDGE_CURVE('',#4401,#4416,#4423,.T.);
#4423 = ( BOUNDED_CURVE() B_SPLINE_CURVE(2,(#4424,#4425,#4426),
.UNSPECIFIED.,.F.,.F.) B_SPLINE_CURVE_WITH_KNOTS((3,3),(3.14159265359,
4.712388980385),.PIECEWISE_BEZIER_KNOTS.) CURVE() 
GEOMETRIC_REPRESENTATION_ITEM() RATIONAL_B_SPLINE_CURVE((1.,
0.707106781187,1.)) REPRESENTATION_ITEM('') );
#4424 = CARTESIAN_POINT('',(0.88995,2.65,6.8300001));
#4425 = CARTESIAN_POINT('',(0.88995,3.13,6.8300001));
#4426 = CARTESIAN_POINT('',(0.88995,3.13,6.3500001));
#4427 = ( BOUNDED_SURFACE() B_SPLINE_SURFACE(2,1,(
    (#4428,#4429)
    ,(#4430,#4431)
    ,(#4432,#4433
)),.UNSPECIFIED.,.F.,.F.,.F.) B_SPLINE_SURFACE_WITH_KNOTS((3,3),(2,2),(
    0.,1.570796326795),(0.,0.64),.PIECEWISE_BEZIER_KNOTS.) 
GEOMETRIC_REPRESENTATION_ITEM() RATIONAL_B_SPLINE_SURFACE((
    (1.,1.)
    ,(0.707106781187,0.707106781187)
,(1.,1.))) REPRESENTATION_ITEM('') SURFACE() );
#4428 = CARTESIAN_POINT('',(1.52995,2.65,6.8300001));
#4429 = CARTESIAN_POINT('',(0.88995,2.65,6.8300001));
#4430 = CARTESIAN_POINT('',(1.52995,3.13,6.8300001));
#4431 = CARTESIAN_POINT('',(0.88995,3.13,6.8300001));
#4432 = CARTESIAN_POINT('',(1.52995,3.13,6.3500001));
#4433 = CARTESIAN_POINT('',(0.88995,3.13,6.3500001));
#4434 = ADVANCED_FACE('',(#4435),#4457,.F.);
#4435 = FACE_BOUND('',#4436,.T.);
#4436 = EDGE_LOOP('',(#4437,#4444,#4451,#4456));
#4437 = ORIENTED_EDGE('',*,*,#4438,.T.);
#4438 = EDGE_CURVE('',#4416,#4439,#4441,.T.);
#4439 = VERTEX_POINT('',#4440);
#4440 = CARTESIAN_POINT('',(0.88995,3.13,0.705694616422));
#4441 = B_SPLINE_CURVE_WITH_KNOTS('',1,(#4442,#4443),.UNSPECIFIED.,.F.,
  .F.,(2,2),(0.,5.644305483578),.PIECEWISE_BEZIER_KNOTS.);
#4442 = CARTESIAN_POINT('',(0.88995,3.13,6.3500001));
#4443 = CARTESIAN_POINT('',(0.88995,3.13,0.705694616422));
#4444 = ORIENTED_EDGE('',*,*,#4445,.T.);
#4445 = EDGE_CURVE('',#4439,#4446,#4448,.T.);
#4446 = VERTEX_POINT('',#4447);
#4447 = CARTESIAN_POINT('',(1.52995,3.13,0.705694616422));
#4448 = B_SPLINE_CURVE_WITH_KNOTS('',1,(#4449,#4450),.UNSPECIFIED.,.F.,
  .F.,(2,2),(-0.64,0.),.PIECEWISE_BEZIER_KNOTS.);
#4449 = CARTESIAN_POINT('',(0.88995,3.13,0.705694616422));
#4450 = CARTESIAN_POINT('',(1.52995,3.13,0.705694616422));
#4451 = ORIENTED_EDGE('',*,*,#4452,.F.);
#4452 = EDGE_CURVE('',#4408,#4446,#4453,.T.);
#4453 = B_SPLINE_CURVE_WITH_KNOTS('',1,(#4454,#4455),.UNSPECIFIED.,.F.,
  .F.,(2,2),(0.,5.644305483578),.PIECEWISE_BEZIER_KNOTS.);
#4454 = CARTESIAN_POINT('',(1.52995,3.13,6.3500001));
#4455 = CARTESIAN_POINT('',(1.52995,3.13,0.705694616422));
#4456 = ORIENTED_EDGE('',*,*,#4415,.T.);
#4457 = B_SPLINE_SURFACE_WITH_KNOTS('',1,1,(
    (#4458,#4459)
    ,(#4460,#4461
    )),.UNSPECIFIED.,.F.,.F.,.F.,(2,2),(2,2),(-5.644305483578,0.),(-0.64
    ,0.),.PIECEWISE_BEZIER_KNOTS.);
#4458 = CARTESIAN_POINT('',(0.88995,3.13,0.705694616422));
#4459 = CARTESIAN_POINT('',(1.52995,3.13,0.705694616422));
#4460 = CARTESIAN_POINT('',(0.88995,3.13,6.3500001));
#4461 = CARTESIAN_POINT('',(1.52995,3.13,6.3500001));
#4462 = ADVANCED_FACE('',(#4463),#4493,.T.);
#4463 = FACE_BOUND('',#4464,.T.);
#4464 = EDGE_LOOP('',(#4465,#4474,#4481,#4488));
#4465 = ORIENTED_EDGE('',*,*,#4466,.T.);
#4466 = EDGE_CURVE('',#4467,#4469,#4471,.T.);
#4467 = VERTEX_POINT('',#4468);
#4468 = CARTESIAN_POINT('',(1.37995,3.62,9.999999983634E-08));
#4469 = VERTEX_POINT('',#4470);
#4470 = CARTESIAN_POINT('',(1.37995,3.28,9.999999983634E-08));
#4471 = B_SPLINE_CURVE_WITH_KNOTS('',1,(#4472,#4473),.UNSPECIFIED.,.F.,
  .F.,(2,2),(0.15,0.49),.PIECEWISE_BEZIER_KNOTS.);
#4472 = CARTESIAN_POINT('',(1.37995,3.62,9.999999983634E-08));
#4473 = CARTESIAN_POINT('',(1.37995,3.28,9.999999983634E-08));
#4474 = ORIENTED_EDGE('',*,*,#4475,.T.);
#4475 = EDGE_CURVE('',#4469,#4476,#4478,.T.);
#4476 = VERTEX_POINT('',#4477);
#4477 = CARTESIAN_POINT('',(1.03995,3.28,9.999999983634E-08));
#4478 = B_SPLINE_CURVE_WITH_KNOTS('',1,(#4479,#4480),.UNSPECIFIED.,.F.,
  .F.,(2,2),(-0.49,-0.15),.PIECEWISE_BEZIER_KNOTS.);
#4479 = CARTESIAN_POINT('',(1.37995,3.28,9.999999983634E-08));
#4480 = CARTESIAN_POINT('',(1.03995,3.28,9.999999983634E-08));
#4481 = ORIENTED_EDGE('',*,*,#4482,.T.);
#4482 = EDGE_CURVE('',#4476,#4483,#4485,.T.);
#4483 = VERTEX_POINT('',#4484);
#4484 = CARTESIAN_POINT('',(1.03995,3.62,9.999999983634E-08));
#4485 = B_SPLINE_CURVE_WITH_KNOTS('',1,(#4486,#4487),.UNSPECIFIED.,.F.,
  .F.,(2,2),(-0.49,-0.15),.PIECEWISE_BEZIER_KNOTS.);
#4486 = CARTESIAN_POINT('',(1.03995,3.28,9.999999983634E-08));
#4487 = CARTESIAN_POINT('',(1.03995,3.62,9.999999983634E-08));
#4488 = ORIENTED_EDGE('',*,*,#4489,.T.);
#4489 = EDGE_CURVE('',#4483,#4467,#4490,.T.);
#4490 = B_SPLINE_CURVE_WITH_KNOTS('',1,(#4491,#4492),.UNSPECIFIED.,.F.,
  .F.,(2,2),(-0.49,-0.15),.PIECEWISE_BEZIER_KNOTS.);
#4491 = CARTESIAN_POINT('',(1.03995,3.62,9.999999983634E-08));
#4492 = CARTESIAN_POINT('',(1.37995,3.62,9.999999983634E-08));
#4493 = B_SPLINE_SURFACE_WITH_KNOTS('',1,1,(
    (#4494,#4495)
    ,(#4496,#4497
    )),.UNSPECIFIED.,.F.,.F.,.F.,(2,2),(2,2),(0.15,0.49),(-0.49,-0.15),
  .PIECEWISE_BEZIER_KNOTS.);
#4494 = CARTESIAN_POINT('',(1.37995,3.28,9.999999983634E-08));
#4495 = CARTESIAN_POINT('',(1.37995,3.62,9.999999983634E-08));
#4496 = CARTESIAN_POINT('',(1.03995,3.28,9.999999983634E-08));
#4497 = CARTESIAN_POINT('',(1.03995,3.62,9.999999983634E-08));
#4498 = ADVANCED_FACE('',(#4499),#4529,.T.);
#4499 = FACE_BOUND('',#4500,.T.);
#4500 = EDGE_LOOP('',(#4501,#4510,#4517,#4524));
#4501 = ORIENTED_EDGE('',*,*,#4502,.T.);
#4502 = EDGE_CURVE('',#4503,#4505,#4507,.T.);
#4503 = VERTEX_POINT('',#4504);
#4504 = CARTESIAN_POINT('',(1.52995,3.77,6.3500001));
#4505 = VERTEX_POINT('',#4506);
#4506 = CARTESIAN_POINT('',(1.52995,3.77,0.705694616422));
#4507 = B_SPLINE_CURVE_WITH_KNOTS('',1,(#4508,#4509),.UNSPECIFIED.,.F.,
  .F.,(2,2),(0.,5.644305483578),.PIECEWISE_BEZIER_KNOTS.);
#4508 = CARTESIAN_POINT('',(1.52995,3.77,6.3500001));
#4509 = CARTESIAN_POINT('',(1.52995,3.77,0.705694616422));
#4510 = ORIENTED_EDGE('',*,*,#4511,.T.);
#4511 = EDGE_CURVE('',#4505,#4512,#4514,.T.);
#4512 = VERTEX_POINT('',#4513);
#4513 = CARTESIAN_POINT('',(0.88995,3.77,0.705694616422));
#4514 = B_SPLINE_CURVE_WITH_KNOTS('',1,(#4515,#4516),.UNSPECIFIED.,.F.,
  .F.,(2,2),(0.,0.64),.PIECEWISE_BEZIER_KNOTS.);
#4515 = CARTESIAN_POINT('',(1.52995,3.77,0.705694616422));
#4516 = CARTESIAN_POINT('',(0.88995,3.77,0.705694616422));
#4517 = ORIENTED_EDGE('',*,*,#4518,.F.);
#4518 = EDGE_CURVE('',#4519,#4512,#4521,.T.);
#4519 = VERTEX_POINT('',#4520);
#4520 = CARTESIAN_POINT('',(0.88995,3.77,6.3500001));
#4521 = B_SPLINE_CURVE_WITH_KNOTS('',1,(#4522,#4523),.UNSPECIFIED.,.F.,
  .F.,(2,2),(0.,5.644305483578),.PIECEWISE_BEZIER_KNOTS.);
#4522 = CARTESIAN_POINT('',(0.88995,3.77,6.3500001));
#4523 = CARTESIAN_POINT('',(0.88995,3.77,0.705694616422));
#4524 = ORIENTED_EDGE('',*,*,#4525,.F.);
#4525 = EDGE_CURVE('',#4503,#4519,#4526,.T.);
#4526 = B_SPLINE_CURVE_WITH_KNOTS('',1,(#4527,#4528),.UNSPECIFIED.,.F.,
  .F.,(2,2),(-0.,0.64),.PIECEWISE_BEZIER_KNOTS.);
#4527 = CARTESIAN_POINT('',(1.52995,3.77,6.3500001));
#4528 = CARTESIAN_POINT('',(0.88995,3.77,6.3500001));
#4529 = B_SPLINE_SURFACE_WITH_KNOTS('',1,1,(
    (#4530,#4531)
    ,(#4532,#4533
    )),.UNSPECIFIED.,.F.,.F.,.F.,(2,2),(2,2),(-5.644305483578,0.),(-0.64
    ,0.),.PIECEWISE_BEZIER_KNOTS.);
#4530 = CARTESIAN_POINT('',(0.88995,3.77,0.705694616422));
#4531 = CARTESIAN_POINT('',(1.52995,3.77,0.705694616422));
#4532 = CARTESIAN_POINT('',(0.88995,3.77,6.3500001));
#4533 = CARTESIAN_POINT('',(1.52995,3.77,6.3500001));
#4534 = ADVANCED_FACE('',(#4535),#4559,.T.);
#4535 = FACE_BOUND('',#4536,.T.);
#4536 = EDGE_LOOP('',(#4537,#4545,#4552,#4558));
#4537 = ORIENTED_EDGE('',*,*,#4538,.F.);
#4538 = EDGE_CURVE('',#4539,#4519,#4541,.T.);
#4539 = VERTEX_POINT('',#4540);
#4540 = CARTESIAN_POINT('',(0.88995,2.65,7.4700001));
#4541 = ( BOUNDED_CURVE() B_SPLINE_CURVE(2,(#4542,#4543,#4544),
.UNSPECIFIED.,.F.,.F.) B_SPLINE_CURVE_WITH_KNOTS((3,3),(3.14159265359,
4.712388980385),.PIECEWISE_BEZIER_KNOTS.) CURVE() 
GEOMETRIC_REPRESENTATION_ITEM() RATIONAL_B_SPLINE_CURVE((1.,
0.707106781187,1.)) REPRESENTATION_ITEM('') );
#4542 = CARTESIAN_POINT('',(0.88995,2.65,7.4700001));
#4543 = CARTESIAN_POINT('',(0.88995,3.77,7.4700001));
#4544 = CARTESIAN_POINT('',(0.88995,3.77,6.3500001));
#4545 = ORIENTED_EDGE('',*,*,#4546,.F.);
#4546 = EDGE_CURVE('',#4547,#4539,#4549,.T.);
#4547 = VERTEX_POINT('',#4548);
#4548 = CARTESIAN_POINT('',(1.52995,2.65,7.4700001));
#4549 = B_SPLINE_CURVE_WITH_KNOTS('',1,(#4550,#4551),.UNSPECIFIED.,.F.,
  .F.,(2,2),(-0.,0.64),.PIECEWISE_BEZIER_KNOTS.);
#4550 = CARTESIAN_POINT('',(1.52995,2.65,7.4700001));
#4551 = CARTESIAN_POINT('',(0.88995,2.65,7.4700001));
#4552 = ORIENTED_EDGE('',*,*,#4553,.T.);
#4553 = EDGE_CURVE('',#4547,#4503,#4554,.T.);
#4554 = ( BOUNDED_CURVE() B_SPLINE_CURVE(2,(#4555,#4556,#4557),
.UNSPECIFIED.,.F.,.F.) B_SPLINE_CURVE_WITH_KNOTS((3,3),(3.14159265359,
4.712388980385),.PIECEWISE_BEZIER_KNOTS.) CURVE() 
GEOMETRIC_REPRESENTATION_ITEM() RATIONAL_B_SPLINE_CURVE((1.,
0.707106781187,1.)) REPRESENTATION_ITEM('') );
#4555 = CARTESIAN_POINT('',(1.52995,2.65,7.4700001));
#4556 = CARTESIAN_POINT('',(1.52995,3.77,7.4700001));
#4557 = CARTESIAN_POINT('',(1.52995,3.77,6.3500001));
#4558 = ORIENTED_EDGE('',*,*,#4525,.T.);
#4559 = ( BOUNDED_SURFACE() B_SPLINE_SURFACE(2,1,(
    (#4560,#4561)
    ,(#4562,#4563)
    ,(#4564,#4565
)),.UNSPECIFIED.,.F.,.F.,.F.) B_SPLINE_SURFACE_WITH_KNOTS((3,3),(2,2),(
    0.,1.570796326795),(0.,0.64),.PIECEWISE_BEZIER_KNOTS.) 
GEOMETRIC_REPRESENTATION_ITEM() RATIONAL_B_SPLINE_SURFACE((
    (1.,1.)
    ,(0.707106781187,0.707106781187)
,(1.,1.))) REPRESENTATION_ITEM('') SURFACE() );
#4560 = CARTESIAN_POINT('',(1.52995,2.65,7.4700001));
#4561 = CARTESIAN_POINT('',(0.88995,2.65,7.4700001));
#4562 = CARTESIAN_POINT('',(1.52995,3.77,7.4700001));
#4563 = CARTESIAN_POINT('',(0.88995,3.77,7.4700001));
#4564 = CARTESIAN_POINT('',(1.52995,3.77,6.3500001));
#4565 = CARTESIAN_POINT('',(0.88995,3.77,6.3500001));
#4566 = ADVANCED_FACE('',(#4567),#4589,.F.);
#4567 = FACE_BOUND('',#4568,.T.);
#4568 = EDGE_LOOP('',(#4569,#4570,#4575,#4576,#4577,#4582,#4583,#4588));
#4569 = ORIENTED_EDGE('',*,*,#4518,.T.);
#4570 = ORIENTED_EDGE('',*,*,#4571,.T.);
#4571 = EDGE_CURVE('',#4512,#4439,#4572,.T.);
#4572 = B_SPLINE_CURVE_WITH_KNOTS('',1,(#4573,#4574),.UNSPECIFIED.,.F.,
  .F.,(2,2),(-0.64,0.),.PIECEWISE_BEZIER_KNOTS.);
#4573 = CARTESIAN_POINT('',(0.88995,3.77,0.705694616422));
#4574 = CARTESIAN_POINT('',(0.88995,3.13,0.705694616422));
#4575 = ORIENTED_EDGE('',*,*,#4438,.F.);
#4576 = ORIENTED_EDGE('',*,*,#4422,.F.);
#4577 = ORIENTED_EDGE('',*,*,#4578,.F.);
#4578 = EDGE_CURVE('',#4343,#4401,#4579,.T.);
#4579 = B_SPLINE_CURVE_WITH_KNOTS('',1,(#4580,#4581),.UNSPECIFIED.,.F.,
  .F.,(2,2),(6.2,7.9),.PIECEWISE_BEZIER_KNOTS.);
#4580 = CARTESIAN_POINT('',(0.88995,0.95,6.8300001));
#4581 = CARTESIAN_POINT('',(0.88995,2.65,6.8300001));
#4582 = ORIENTED_EDGE('',*,*,#4363,.T.);
#4583 = ORIENTED_EDGE('',*,*,#4584,.T.);
#4584 = EDGE_CURVE('',#4357,#4539,#4585,.T.);
#4585 = B_SPLINE_CURVE_WITH_KNOTS('',1,(#4586,#4587),.UNSPECIFIED.,.F.,
  .F.,(2,2),(6.2,7.9),.PIECEWISE_BEZIER_KNOTS.);
#4586 = CARTESIAN_POINT('',(0.88995,0.95,7.4700001));
#4587 = CARTESIAN_POINT('',(0.88995,2.65,7.4700001));
#4588 = ORIENTED_EDGE('',*,*,#4538,.T.);
#4589 = B_SPLINE_SURFACE_WITH_KNOTS('',1,1,(
    (#4590,#4591)
    ,(#4592,#4593
    )),.UNSPECIFIED.,.F.,.F.,.F.,(2,2),(2,2),(-1.12,5.644305483578),(
    -1.7,1.12),.PIECEWISE_BEZIER_KNOTS.);
#4590 = CARTESIAN_POINT('',(0.88995,0.95,7.4700001));
#4591 = CARTESIAN_POINT('',(0.88995,3.77,7.4700001));
#4592 = CARTESIAN_POINT('',(0.88995,0.95,0.705694616422));
#4593 = CARTESIAN_POINT('',(0.88995,3.77,0.705694616422));
#4594 = ADVANCED_FACE('',(#4595),#4617,.T.);
#4595 = FACE_BOUND('',#4596,.T.);
#4596 = EDGE_LOOP('',(#4597,#4598,#4603,#4604,#4605,#4610,#4611,#4616));
#4597 = ORIENTED_EDGE('',*,*,#4452,.T.);
#4598 = ORIENTED_EDGE('',*,*,#4599,.T.);
#4599 = EDGE_CURVE('',#4446,#4505,#4600,.T.);
#4600 = B_SPLINE_CURVE_WITH_KNOTS('',1,(#4601,#4602),.UNSPECIFIED.,.F.,
  .F.,(2,2),(0.48,1.12),.PIECEWISE_BEZIER_KNOTS.);
#4601 = CARTESIAN_POINT('',(1.52995,3.13,0.705694616422));
#4602 = CARTESIAN_POINT('',(1.52995,3.77,0.705694616422));
#4603 = ORIENTED_EDGE('',*,*,#4502,.F.);
#4604 = ORIENTED_EDGE('',*,*,#4553,.F.);
#4605 = ORIENTED_EDGE('',*,*,#4606,.F.);
#4606 = EDGE_CURVE('',#4350,#4547,#4607,.T.);
#4607 = B_SPLINE_CURVE_WITH_KNOTS('',1,(#4608,#4609),.UNSPECIFIED.,.F.,
  .F.,(2,2),(6.2,7.9),.PIECEWISE_BEZIER_KNOTS.);
#4608 = CARTESIAN_POINT('',(1.52995,0.95,7.4700001));
#4609 = CARTESIAN_POINT('',(1.52995,2.65,7.4700001));
#4610 = ORIENTED_EDGE('',*,*,#4349,.F.);
#4611 = ORIENTED_EDGE('',*,*,#4612,.T.);
#4612 = EDGE_CURVE('',#4341,#4399,#4613,.T.);
#4613 = B_SPLINE_CURVE_WITH_KNOTS('',1,(#4614,#4615),.UNSPECIFIED.,.F.,
  .F.,(2,2),(6.2,7.9),.PIECEWISE_BEZIER_KNOTS.);
#4614 = CARTESIAN_POINT('',(1.52995,0.95,6.8300001));
#4615 = CARTESIAN_POINT('',(1.52995,2.65,6.8300001));
#4616 = ORIENTED_EDGE('',*,*,#4407,.T.);
#4617 = B_SPLINE_SURFACE_WITH_KNOTS('',1,1,(
    (#4618,#4619)
    ,(#4620,#4621
    )),.UNSPECIFIED.,.F.,.F.,.F.,(2,2),(2,2),(-1.12,5.644305483578),(
    -1.7,1.12),.PIECEWISE_BEZIER_KNOTS.);
#4618 = CARTESIAN_POINT('',(1.52995,0.95,7.4700001));
#4619 = CARTESIAN_POINT('',(1.52995,3.77,7.4700001));
#4620 = CARTESIAN_POINT('',(1.52995,0.95,0.705694616422));
#4621 = CARTESIAN_POINT('',(1.52995,3.77,0.705694616422));
#4622 = ADVANCED_FACE('',(#4623),#4629,.F.);
#4623 = FACE_BOUND('',#4624,.T.);
#4624 = EDGE_LOOP('',(#4625,#4626,#4627,#4628));
#4625 = ORIENTED_EDGE('',*,*,#4612,.F.);
#4626 = ORIENTED_EDGE('',*,*,#4340,.T.);
#4627 = ORIENTED_EDGE('',*,*,#4578,.T.);
#4628 = ORIENTED_EDGE('',*,*,#4398,.F.);
#4629 = B_SPLINE_SURFACE_WITH_KNOTS('',1,1,(
    (#4630,#4631)
    ,(#4632,#4633
    )),.UNSPECIFIED.,.F.,.F.,.F.,(2,2),(2,2),(-7.9,-6.2),(-0.64,0.),
  .PIECEWISE_BEZIER_KNOTS.);
#4630 = CARTESIAN_POINT('',(0.88995,2.65,6.8300001));
#4631 = CARTESIAN_POINT('',(1.52995,2.65,6.8300001));
#4632 = CARTESIAN_POINT('',(0.88995,0.95,6.8300001));
#4633 = CARTESIAN_POINT('',(1.52995,0.95,6.8300001));
#4634 = ADVANCED_FACE('',(#4635),#4641,.T.);
#4635 = FACE_BOUND('',#4636,.T.);
#4636 = EDGE_LOOP('',(#4637,#4638,#4639,#4640));
#4637 = ORIENTED_EDGE('',*,*,#4356,.F.);
#4638 = ORIENTED_EDGE('',*,*,#4606,.T.);
#4639 = ORIENTED_EDGE('',*,*,#4546,.T.);
#4640 = ORIENTED_EDGE('',*,*,#4584,.F.);
#4641 = B_SPLINE_SURFACE_WITH_KNOTS('',1,1,(
    (#4642,#4643)
    ,(#4644,#4645
    )),.UNSPECIFIED.,.F.,.F.,.F.,(2,2),(2,2),(-7.9,-6.2),(-0.64,0.),
  .PIECEWISE_BEZIER_KNOTS.);
#4642 = CARTESIAN_POINT('',(0.88995,2.65,7.4700001));
#4643 = CARTESIAN_POINT('',(1.52995,2.65,7.4700001));
#4644 = CARTESIAN_POINT('',(0.88995,0.95,7.4700001));
#4645 = CARTESIAN_POINT('',(1.52995,0.95,7.4700001));
#4646 = ADVANCED_FACE('',(#4647),#4669,.T.);
#4647 = FACE_BOUND('',#4648,.T.);
#4648 = EDGE_LOOP('',(#4649,#4656,#4663,#4668));
#4649 = ORIENTED_EDGE('',*,*,#4650,.F.);
#4650 = EDGE_CURVE('',#4651,#2787,#4653,.T.);
#4651 = VERTEX_POINT('',#4652);
#4652 = CARTESIAN_POINT('',(0.88995,-4.544305483578,7.4700001));
#4653 = B_SPLINE_CURVE_WITH_KNOTS('',1,(#4654,#4655),.UNSPECIFIED.,.F.,
  .F.,(2,2),(0.705694516422,5.5),.PIECEWISE_BEZIER_KNOTS.);
#4654 = CARTESIAN_POINT('',(0.88995,-4.544305483578,7.4700001));
#4655 = CARTESIAN_POINT('',(0.88995,0.25,7.4700001));
#4656 = ORIENTED_EDGE('',*,*,#4657,.T.);
#4657 = EDGE_CURVE('',#4651,#4658,#4660,.T.);
#4658 = VERTEX_POINT('',#4659);
#4659 = CARTESIAN_POINT('',(1.52995,-4.544305483578,7.4700001));
#4660 = B_SPLINE_CURVE_WITH_KNOTS('',1,(#4661,#4662),.UNSPECIFIED.,.F.,
  .F.,(2,2),(-0.64,0.),.PIECEWISE_BEZIER_KNOTS.);
#4661 = CARTESIAN_POINT('',(0.88995,-4.544305483578,7.4700001));
#4662 = CARTESIAN_POINT('',(1.52995,-4.544305483578,7.4700001));
#4663 = ORIENTED_EDGE('',*,*,#4664,.T.);
#4664 = EDGE_CURVE('',#4658,#2789,#4665,.T.);
#4665 = B_SPLINE_CURVE_WITH_KNOTS('',1,(#4666,#4667),.UNSPECIFIED.,.F.,
  .F.,(2,2),(0.705694516422,5.5),.PIECEWISE_BEZIER_KNOTS.);
#4666 = CARTESIAN_POINT('',(1.52995,-4.544305483578,7.4700001));
#4667 = CARTESIAN_POINT('',(1.52995,0.25,7.4700001));
#4668 = ORIENTED_EDGE('',*,*,#2786,.F.);
#4669 = B_SPLINE_SURFACE_WITH_KNOTS('',1,1,(
    (#4670,#4671)
    ,(#4672,#4673
    )),.UNSPECIFIED.,.F.,.F.,.F.,(2,2),(2,2),(-5.5,-0.705694516422),(
    -0.64,0.),.PIECEWISE_BEZIER_KNOTS.);
#4670 = CARTESIAN_POINT('',(0.88995,0.25,7.4700001));
#4671 = CARTESIAN_POINT('',(1.52995,0.25,7.4700001));
#4672 = CARTESIAN_POINT('',(0.88995,-4.544305483578,7.4700001));
#4673 = CARTESIAN_POINT('',(1.52995,-4.544305483578,7.4700001));
#4674 = ADVANCED_FACE('',(#4675),#4697,.F.);
#4675 = FACE_BOUND('',#4676,.T.);
#4676 = EDGE_LOOP('',(#4677,#4684,#4691,#4696));
#4677 = ORIENTED_EDGE('',*,*,#4678,.F.);
#4678 = EDGE_CURVE('',#4679,#2796,#4681,.T.);
#4679 = VERTEX_POINT('',#4680);
#4680 = CARTESIAN_POINT('',(1.52995,-4.544305483578,6.8300001));
#4681 = B_SPLINE_CURVE_WITH_KNOTS('',1,(#4682,#4683),.UNSPECIFIED.,.F.,
  .F.,(2,2),(0.705694516422,5.5),.PIECEWISE_BEZIER_KNOTS.);
#4682 = CARTESIAN_POINT('',(1.52995,-4.544305483578,6.8300001));
#4683 = CARTESIAN_POINT('',(1.52995,0.25,6.8300001));
#4684 = ORIENTED_EDGE('',*,*,#4685,.T.);
#4685 = EDGE_CURVE('',#4679,#4686,#4688,.T.);
#4686 = VERTEX_POINT('',#4687);
#4687 = CARTESIAN_POINT('',(0.88995,-4.544305483578,6.8300001));
#4688 = B_SPLINE_CURVE_WITH_KNOTS('',1,(#4689,#4690),.UNSPECIFIED.,.F.,
  .F.,(2,2),(-0.64,0.),.PIECEWISE_BEZIER_KNOTS.);
#4689 = CARTESIAN_POINT('',(1.52995,-4.544305483578,6.8300001));
#4690 = CARTESIAN_POINT('',(0.88995,-4.544305483578,6.8300001));
#4691 = ORIENTED_EDGE('',*,*,#4692,.T.);
#4692 = EDGE_CURVE('',#4686,#2803,#4693,.T.);
#4693 = B_SPLINE_CURVE_WITH_KNOTS('',1,(#4694,#4695),.UNSPECIFIED.,.F.,
  .F.,(2,2),(0.705694516422,5.5),.PIECEWISE_BEZIER_KNOTS.);
#4694 = CARTESIAN_POINT('',(0.88995,-4.544305483578,6.8300001));
#4695 = CARTESIAN_POINT('',(0.88995,0.25,6.8300001));
#4696 = ORIENTED_EDGE('',*,*,#2802,.T.);
#4697 = B_SPLINE_SURFACE_WITH_KNOTS('',1,1,(
    (#4698,#4699)
    ,(#4700,#4701
    )),.UNSPECIFIED.,.F.,.F.,.F.,(2,2),(2,2),(-5.5,-0.705694516422),(
    -0.64,0.),.PIECEWISE_BEZIER_KNOTS.);
#4698 = CARTESIAN_POINT('',(0.88995,0.25,6.8300001));
#4699 = CARTESIAN_POINT('',(1.52995,0.25,6.8300001));
#4700 = CARTESIAN_POINT('',(0.88995,-4.544305483578,6.8300001));
#4701 = CARTESIAN_POINT('',(1.52995,-4.544305483578,6.8300001));
#4702 = ADVANCED_FACE('',(#4703),#4713,.T.);
#4703 = FACE_BOUND('',#4704,.T.);
#4704 = EDGE_LOOP('',(#4705,#4706,#4711,#4712));
#4705 = ORIENTED_EDGE('',*,*,#4664,.F.);
#4706 = ORIENTED_EDGE('',*,*,#4707,.T.);
#4707 = EDGE_CURVE('',#4658,#4679,#4708,.T.);
#4708 = B_SPLINE_CURVE_WITH_KNOTS('',1,(#4709,#4710),.UNSPECIFIED.,.F.,
  .F.,(2,2),(-1.12,-0.48),.PIECEWISE_BEZIER_KNOTS.);
#4709 = CARTESIAN_POINT('',(1.52995,-4.544305483578,7.4700001));
#4710 = CARTESIAN_POINT('',(1.52995,-4.544305483578,6.8300001));
#4711 = ORIENTED_EDGE('',*,*,#4678,.T.);
#4712 = ORIENTED_EDGE('',*,*,#2795,.F.);
#4713 = B_SPLINE_SURFACE_WITH_KNOTS('',1,1,(
    (#4714,#4715)
    ,(#4716,#4717
  )),.UNSPECIFIED.,.F.,.F.,.F.,(2,2),(2,2),(-1.12,-0.48),(
    -7.194305483578,-2.4),.PIECEWISE_BEZIER_KNOTS.);
#4714 = CARTESIAN_POINT('',(1.52995,-4.544305483578,7.4700001));
#4715 = CARTESIAN_POINT('',(1.52995,0.25,7.4700001));
#4716 = CARTESIAN_POINT('',(1.52995,-4.544305483578,6.8300001));
#4717 = CARTESIAN_POINT('',(1.52995,0.25,6.8300001));
#4718 = ADVANCED_FACE('',(#4719),#4729,.F.);
#4719 = FACE_BOUND('',#4720,.T.);
#4720 = EDGE_LOOP('',(#4721,#4722,#4727,#4728));
#4721 = ORIENTED_EDGE('',*,*,#4692,.F.);
#4722 = ORIENTED_EDGE('',*,*,#4723,.T.);
#4723 = EDGE_CURVE('',#4686,#4651,#4724,.T.);
#4724 = B_SPLINE_CURVE_WITH_KNOTS('',1,(#4725,#4726),.UNSPECIFIED.,.F.,
  .F.,(2,2),(-0.64,0.),.PIECEWISE_BEZIER_KNOTS.);
#4725 = CARTESIAN_POINT('',(0.88995,-4.544305483578,6.8300001));
#4726 = CARTESIAN_POINT('',(0.88995,-4.544305483578,7.4700001));
#4727 = ORIENTED_EDGE('',*,*,#4650,.T.);
#4728 = ORIENTED_EDGE('',*,*,#2809,.T.);
#4729 = B_SPLINE_SURFACE_WITH_KNOTS('',1,1,(
    (#4730,#4731)
    ,(#4732,#4733
  )),.UNSPECIFIED.,.F.,.F.,.F.,(2,2),(2,2),(-1.12,-0.48),(
    -7.194305483578,-2.4),.PIECEWISE_BEZIER_KNOTS.);
#4730 = CARTESIAN_POINT('',(0.88995,-4.544305483578,7.4700001));
#4731 = CARTESIAN_POINT('',(0.88995,0.25,7.4700001));
#4732 = CARTESIAN_POINT('',(0.88995,-4.544305483578,6.8300001));
#4733 = CARTESIAN_POINT('',(0.88995,0.25,6.8300001));
#4734 = ADVANCED_FACE('',(#4735),#4765,.T.);
#4735 = FACE_BOUND('',#4736,.T.);
#4736 = EDGE_LOOP('',(#4737,#4746,#4753,#4760));
#4737 = ORIENTED_EDGE('',*,*,#4738,.T.);
#4738 = EDGE_CURVE('',#4739,#4741,#4743,.T.);
#4739 = VERTEX_POINT('',#4740);
#4740 = CARTESIAN_POINT('',(1.37995,-5.25,6.9800001));
#4741 = VERTEX_POINT('',#4742);
#4742 = CARTESIAN_POINT('',(1.37995,-5.25,7.3200001));
#4743 = B_SPLINE_CURVE_WITH_KNOTS('',1,(#4744,#4745),.UNSPECIFIED.,.F.,
  .F.,(2,2),(0.15,0.49),.PIECEWISE_BEZIER_KNOTS.);
#4744 = CARTESIAN_POINT('',(1.37995,-5.25,6.9800001));
#4745 = CARTESIAN_POINT('',(1.37995,-5.25,7.3200001));
#4746 = ORIENTED_EDGE('',*,*,#4747,.T.);
#4747 = EDGE_CURVE('',#4741,#4748,#4750,.T.);
#4748 = VERTEX_POINT('',#4749);
#4749 = CARTESIAN_POINT('',(1.03995,-5.25,7.3200001));
#4750 = B_SPLINE_CURVE_WITH_KNOTS('',1,(#4751,#4752),.UNSPECIFIED.,.F.,
  .F.,(2,2),(0.15,0.49),.PIECEWISE_BEZIER_KNOTS.);
#4751 = CARTESIAN_POINT('',(1.37995,-5.25,7.3200001));
#4752 = CARTESIAN_POINT('',(1.03995,-5.25,7.3200001));
#4753 = ORIENTED_EDGE('',*,*,#4754,.T.);
#4754 = EDGE_CURVE('',#4748,#4755,#4757,.T.);
#4755 = VERTEX_POINT('',#4756);
#4756 = CARTESIAN_POINT('',(1.03995,-5.25,6.9800001));
#4757 = B_SPLINE_CURVE_WITH_KNOTS('',1,(#4758,#4759),.UNSPECIFIED.,.F.,
  .F.,(2,2),(-0.49,-0.15),.PIECEWISE_BEZIER_KNOTS.);
#4758 = CARTESIAN_POINT('',(1.03995,-5.25,7.3200001));
#4759 = CARTESIAN_POINT('',(1.03995,-5.25,6.9800001));
#4760 = ORIENTED_EDGE('',*,*,#4761,.T.);
#4761 = EDGE_CURVE('',#4755,#4739,#4762,.T.);
#4762 = B_SPLINE_CURVE_WITH_KNOTS('',1,(#4763,#4764),.UNSPECIFIED.,.F.,
  .F.,(2,2),(-0.49,-0.15),.PIECEWISE_BEZIER_KNOTS.);
#4763 = CARTESIAN_POINT('',(1.03995,-5.25,6.9800001));
#4764 = CARTESIAN_POINT('',(1.37995,-5.25,6.9800001));
#4765 = B_SPLINE_SURFACE_WITH_KNOTS('',1,1,(
    (#4766,#4767)
    ,(#4768,#4769
  )),.UNSPECIFIED.,.F.,.F.,.F.,(2,2),(2,2),(-0.49,-0.15),(-0.49,-0.15),
  .PIECEWISE_BEZIER_KNOTS.);
#4766 = CARTESIAN_POINT('',(1.03995,-5.25,7.3200001));
#4767 = CARTESIAN_POINT('',(1.37995,-5.25,7.3200001));
#4768 = CARTESIAN_POINT('',(1.03995,-5.25,6.9800001));
#4769 = CARTESIAN_POINT('',(1.37995,-5.25,6.9800001));
#4770 = ADVANCED_FACE('',(#4771),#4803,.F.);
#4771 = FACE_BOUND('',#4772,.F.);
#4772 = EDGE_LOOP('',(#4773,#4782,#4790,#4797));
#4773 = ORIENTED_EDGE('',*,*,#4774,.F.);
#4774 = EDGE_CURVE('',#4775,#4777,#4779,.T.);
#4775 = VERTEX_POINT('',#4776);
#4776 = CARTESIAN_POINT('',(-1.01005,2.65,6.8300001));
#4777 = VERTEX_POINT('',#4778);
#4778 = CARTESIAN_POINT('',(-1.65005,2.65,6.8300001));
#4779 = B_SPLINE_CURVE_WITH_KNOTS('',1,(#4780,#4781),.UNSPECIFIED.,.F.,
  .F.,(2,2),(-0.,0.64),.PIECEWISE_BEZIER_KNOTS.);
#4780 = CARTESIAN_POINT('',(-1.01005,2.65,6.8300001));
#4781 = CARTESIAN_POINT('',(-1.65005,2.65,6.8300001));
#4782 = ORIENTED_EDGE('',*,*,#4783,.T.);
#4783 = EDGE_CURVE('',#4775,#4784,#4786,.T.);
#4784 = VERTEX_POINT('',#4785);
#4785 = CARTESIAN_POINT('',(-1.01005,3.13,6.3500001));
#4786 = ( BOUNDED_CURVE() B_SPLINE_CURVE(2,(#4787,#4788,#4789),
.UNSPECIFIED.,.F.,.F.) B_SPLINE_CURVE_WITH_KNOTS((3,3),(3.14159265359,
4.712388980385),.PIECEWISE_BEZIER_KNOTS.) CURVE() 
GEOMETRIC_REPRESENTATION_ITEM() RATIONAL_B_SPLINE_CURVE((1.,
0.707106781187,1.)) REPRESENTATION_ITEM('') );
#4787 = CARTESIAN_POINT('',(-1.01005,2.65,6.8300001));
#4788 = CARTESIAN_POINT('',(-1.01005,3.13,6.8300001));
#4789 = CARTESIAN_POINT('',(-1.01005,3.13,6.3500001));
#4790 = ORIENTED_EDGE('',*,*,#4791,.T.);
#4791 = EDGE_CURVE('',#4784,#4792,#4794,.T.);
#4792 = VERTEX_POINT('',#4793);
#4793 = CARTESIAN_POINT('',(-1.65005,3.13,6.3500001));
#4794 = B_SPLINE_CURVE_WITH_KNOTS('',1,(#4795,#4796),.UNSPECIFIED.,.F.,
  .F.,(2,2),(-0.,0.64),.PIECEWISE_BEZIER_KNOTS.);
#4795 = CARTESIAN_POINT('',(-1.01005,3.13,6.3500001));
#4796 = CARTESIAN_POINT('',(-1.65005,3.13,6.3500001));
#4797 = ORIENTED_EDGE('',*,*,#4798,.F.);
#4798 = EDGE_CURVE('',#4777,#4792,#4799,.T.);
#4799 = ( BOUNDED_CURVE() B_SPLINE_CURVE(2,(#4800,#4801,#4802),
.UNSPECIFIED.,.F.,.F.) B_SPLINE_CURVE_WITH_KNOTS((3,3),(3.14159265359,
4.712388980385),.PIECEWISE_BEZIER_KNOTS.) CURVE() 
GEOMETRIC_REPRESENTATION_ITEM() RATIONAL_B_SPLINE_CURVE((1.,
0.707106781187,1.)) REPRESENTATION_ITEM('') );
#4800 = CARTESIAN_POINT('',(-1.65005,2.65,6.8300001));
#4801 = CARTESIAN_POINT('',(-1.65005,3.13,6.8300001));
#4802 = CARTESIAN_POINT('',(-1.65005,3.13,6.3500001));
#4803 = ( BOUNDED_SURFACE() B_SPLINE_SURFACE(2,1,(
    (#4804,#4805)
    ,(#4806,#4807)
    ,(#4808,#4809
)),.UNSPECIFIED.,.F.,.F.,.F.) B_SPLINE_SURFACE_WITH_KNOTS((3,3),(2,2),(
    0.,1.570796326795),(0.,0.64),.PIECEWISE_BEZIER_KNOTS.) 
GEOMETRIC_REPRESENTATION_ITEM() RATIONAL_B_SPLINE_SURFACE((
    (1.,1.)
    ,(0.707106781187,0.707106781187)
,(1.,1.))) REPRESENTATION_ITEM('') SURFACE() );
#4804 = CARTESIAN_POINT('',(-1.01005,2.65,6.8300001));
#4805 = CARTESIAN_POINT('',(-1.65005,2.65,6.8300001));
#4806 = CARTESIAN_POINT('',(-1.01005,3.13,6.8300001));
#4807 = CARTESIAN_POINT('',(-1.65005,3.13,6.8300001));
#4808 = CARTESIAN_POINT('',(-1.01005,3.13,6.3500001));
#4809 = CARTESIAN_POINT('',(-1.65005,3.13,6.3500001));
#4810 = ADVANCED_FACE('',(#4811),#4833,.F.);
#4811 = FACE_BOUND('',#4812,.T.);
#4812 = EDGE_LOOP('',(#4813,#4820,#4827,#4832));
#4813 = ORIENTED_EDGE('',*,*,#4814,.T.);
#4814 = EDGE_CURVE('',#4792,#4815,#4817,.T.);
#4815 = VERTEX_POINT('',#4816);
#4816 = CARTESIAN_POINT('',(-1.65005,3.13,0.705694616422));
#4817 = B_SPLINE_CURVE_WITH_KNOTS('',1,(#4818,#4819),.UNSPECIFIED.,.F.,
  .F.,(2,2),(0.,5.644305483578),.PIECEWISE_BEZIER_KNOTS.);
#4818 = CARTESIAN_POINT('',(-1.65005,3.13,6.3500001));
#4819 = CARTESIAN_POINT('',(-1.65005,3.13,0.705694616422));
#4820 = ORIENTED_EDGE('',*,*,#4821,.T.);
#4821 = EDGE_CURVE('',#4815,#4822,#4824,.T.);
#4822 = VERTEX_POINT('',#4823);
#4823 = CARTESIAN_POINT('',(-1.01005,3.13,0.705694616422));
#4824 = B_SPLINE_CURVE_WITH_KNOTS('',1,(#4825,#4826),.UNSPECIFIED.,.F.,
  .F.,(2,2),(-0.64,0.),.PIECEWISE_BEZIER_KNOTS.);
#4825 = CARTESIAN_POINT('',(-1.65005,3.13,0.705694616422));
#4826 = CARTESIAN_POINT('',(-1.01005,3.13,0.705694616422));
#4827 = ORIENTED_EDGE('',*,*,#4828,.F.);
#4828 = EDGE_CURVE('',#4784,#4822,#4829,.T.);
#4829 = B_SPLINE_CURVE_WITH_KNOTS('',1,(#4830,#4831),.UNSPECIFIED.,.F.,
  .F.,(2,2),(0.,5.644305483578),.PIECEWISE_BEZIER_KNOTS.);
#4830 = CARTESIAN_POINT('',(-1.01005,3.13,6.3500001));
#4831 = CARTESIAN_POINT('',(-1.01005,3.13,0.705694616422));
#4832 = ORIENTED_EDGE('',*,*,#4791,.T.);
#4833 = B_SPLINE_SURFACE_WITH_KNOTS('',1,1,(
    (#4834,#4835)
    ,(#4836,#4837
    )),.UNSPECIFIED.,.F.,.F.,.F.,(2,2),(2,2),(-5.644305483578,0.),(-0.64
    ,0.),.PIECEWISE_BEZIER_KNOTS.);
#4834 = CARTESIAN_POINT('',(-1.65005,3.13,0.705694616422));
#4835 = CARTESIAN_POINT('',(-1.01005,3.13,0.705694616422));
#4836 = CARTESIAN_POINT('',(-1.65005,3.13,6.3500001));
#4837 = CARTESIAN_POINT('',(-1.01005,3.13,6.3500001));
#4838 = ADVANCED_FACE('',(#4839),#4869,.T.);
#4839 = FACE_BOUND('',#4840,.T.);
#4840 = EDGE_LOOP('',(#4841,#4850,#4857,#4864));
#4841 = ORIENTED_EDGE('',*,*,#4842,.T.);
#4842 = EDGE_CURVE('',#4843,#4845,#4847,.T.);
#4843 = VERTEX_POINT('',#4844);
#4844 = CARTESIAN_POINT('',(-1.16005,3.62,9.999999983634E-08));
#4845 = VERTEX_POINT('',#4846);
#4846 = CARTESIAN_POINT('',(-1.16005,3.28,9.999999983634E-08));
#4847 = B_SPLINE_CURVE_WITH_KNOTS('',1,(#4848,#4849),.UNSPECIFIED.,.F.,
  .F.,(2,2),(0.15,0.49),.PIECEWISE_BEZIER_KNOTS.);
#4848 = CARTESIAN_POINT('',(-1.16005,3.62,9.999999983634E-08));
#4849 = CARTESIAN_POINT('',(-1.16005,3.28,9.999999983634E-08));
#4850 = ORIENTED_EDGE('',*,*,#4851,.T.);
#4851 = EDGE_CURVE('',#4845,#4852,#4854,.T.);
#4852 = VERTEX_POINT('',#4853);
#4853 = CARTESIAN_POINT('',(-1.50005,3.28,9.999999983634E-08));
#4854 = B_SPLINE_CURVE_WITH_KNOTS('',1,(#4855,#4856),.UNSPECIFIED.,.F.,
  .F.,(2,2),(-0.49,-0.15),.PIECEWISE_BEZIER_KNOTS.);
#4855 = CARTESIAN_POINT('',(-1.16005,3.28,9.999999983634E-08));
#4856 = CARTESIAN_POINT('',(-1.50005,3.28,9.999999983634E-08));
#4857 = ORIENTED_EDGE('',*,*,#4858,.T.);
#4858 = EDGE_CURVE('',#4852,#4859,#4861,.T.);
#4859 = VERTEX_POINT('',#4860);
#4860 = CARTESIAN_POINT('',(-1.50005,3.62,9.999999983634E-08));
#4861 = B_SPLINE_CURVE_WITH_KNOTS('',1,(#4862,#4863),.UNSPECIFIED.,.F.,
  .F.,(2,2),(-0.49,-0.15),.PIECEWISE_BEZIER_KNOTS.);
#4862 = CARTESIAN_POINT('',(-1.50005,3.28,9.999999983634E-08));
#4863 = CARTESIAN_POINT('',(-1.50005,3.62,9.999999983634E-08));
#4864 = ORIENTED_EDGE('',*,*,#4865,.T.);
#4865 = EDGE_CURVE('',#4859,#4843,#4866,.T.);
#4866 = B_SPLINE_CURVE_WITH_KNOTS('',1,(#4867,#4868),.UNSPECIFIED.,.F.,
  .F.,(2,2),(-0.49,-0.15),.PIECEWISE_BEZIER_KNOTS.);
#4867 = CARTESIAN_POINT('',(-1.50005,3.62,9.999999983634E-08));
#4868 = CARTESIAN_POINT('',(-1.16005,3.62,9.999999983634E-08));
#4869 = B_SPLINE_SURFACE_WITH_KNOTS('',1,1,(
    (#4870,#4871)
    ,(#4872,#4873
    )),.UNSPECIFIED.,.F.,.F.,.F.,(2,2),(2,2),(0.15,0.49),(-0.49,-0.15),
  .PIECEWISE_BEZIER_KNOTS.);
#4870 = CARTESIAN_POINT('',(-1.16005,3.28,9.999999983634E-08));
#4871 = CARTESIAN_POINT('',(-1.16005,3.62,9.999999983634E-08));
#4872 = CARTESIAN_POINT('',(-1.50005,3.28,9.999999983634E-08));
#4873 = CARTESIAN_POINT('',(-1.50005,3.62,9.999999983634E-08));
#4874 = ADVANCED_FACE('',(#4875),#4905,.T.);
#4875 = FACE_BOUND('',#4876,.T.);
#4876 = EDGE_LOOP('',(#4877,#4886,#4893,#4900));
#4877 = ORIENTED_EDGE('',*,*,#4878,.T.);
#4878 = EDGE_CURVE('',#4879,#4881,#4883,.T.);
#4879 = VERTEX_POINT('',#4880);
#4880 = CARTESIAN_POINT('',(-1.01005,3.77,6.3500001));
#4881 = VERTEX_POINT('',#4882);
#4882 = CARTESIAN_POINT('',(-1.01005,3.77,0.705694616422));
#4883 = B_SPLINE_CURVE_WITH_KNOTS('',1,(#4884,#4885),.UNSPECIFIED.,.F.,
  .F.,(2,2),(0.,5.644305483578),.PIECEWISE_BEZIER_KNOTS.);
#4884 = CARTESIAN_POINT('',(-1.01005,3.77,6.3500001));
#4885 = CARTESIAN_POINT('',(-1.01005,3.77,0.705694616422));
#4886 = ORIENTED_EDGE('',*,*,#4887,.T.);
#4887 = EDGE_CURVE('',#4881,#4888,#4890,.T.);
#4888 = VERTEX_POINT('',#4889);
#4889 = CARTESIAN_POINT('',(-1.65005,3.77,0.705694616422));
#4890 = B_SPLINE_CURVE_WITH_KNOTS('',1,(#4891,#4892),.UNSPECIFIED.,.F.,
  .F.,(2,2),(0.,0.64),.PIECEWISE_BEZIER_KNOTS.);
#4891 = CARTESIAN_POINT('',(-1.01005,3.77,0.705694616422));
#4892 = CARTESIAN_POINT('',(-1.65005,3.77,0.705694616422));
#4893 = ORIENTED_EDGE('',*,*,#4894,.F.);
#4894 = EDGE_CURVE('',#4895,#4888,#4897,.T.);
#4895 = VERTEX_POINT('',#4896);
#4896 = CARTESIAN_POINT('',(-1.65005,3.77,6.3500001));
#4897 = B_SPLINE_CURVE_WITH_KNOTS('',1,(#4898,#4899),.UNSPECIFIED.,.F.,
  .F.,(2,2),(0.,5.644305483578),.PIECEWISE_BEZIER_KNOTS.);
#4898 = CARTESIAN_POINT('',(-1.65005,3.77,6.3500001));
#4899 = CARTESIAN_POINT('',(-1.65005,3.77,0.705694616422));
#4900 = ORIENTED_EDGE('',*,*,#4901,.F.);
#4901 = EDGE_CURVE('',#4879,#4895,#4902,.T.);
#4902 = B_SPLINE_CURVE_WITH_KNOTS('',1,(#4903,#4904),.UNSPECIFIED.,.F.,
  .F.,(2,2),(-0.,0.64),.PIECEWISE_BEZIER_KNOTS.);
#4903 = CARTESIAN_POINT('',(-1.01005,3.77,6.3500001));
#4904 = CARTESIAN_POINT('',(-1.65005,3.77,6.3500001));
#4905 = B_SPLINE_SURFACE_WITH_KNOTS('',1,1,(
    (#4906,#4907)
    ,(#4908,#4909
    )),.UNSPECIFIED.,.F.,.F.,.F.,(2,2),(2,2),(-5.644305483578,0.),(-0.64
    ,0.),.PIECEWISE_BEZIER_KNOTS.);
#4906 = CARTESIAN_POINT('',(-1.65005,3.77,0.705694616422));
#4907 = CARTESIAN_POINT('',(-1.01005,3.77,0.705694616422));
#4908 = CARTESIAN_POINT('',(-1.65005,3.77,6.3500001));
#4909 = CARTESIAN_POINT('',(-1.01005,3.77,6.3500001));
#4910 = ADVANCED_FACE('',(#4911),#4935,.T.);
#4911 = FACE_BOUND('',#4912,.T.);
#4912 = EDGE_LOOP('',(#4913,#4921,#4928,#4934));
#4913 = ORIENTED_EDGE('',*,*,#4914,.F.);
#4914 = EDGE_CURVE('',#4915,#4895,#4917,.T.);
#4915 = VERTEX_POINT('',#4916);
#4916 = CARTESIAN_POINT('',(-1.65005,2.65,7.4700001));
#4917 = ( BOUNDED_CURVE() B_SPLINE_CURVE(2,(#4918,#4919,#4920),
.UNSPECIFIED.,.F.,.F.) B_SPLINE_CURVE_WITH_KNOTS((3,3),(3.14159265359,
4.712388980385),.PIECEWISE_BEZIER_KNOTS.) CURVE() 
GEOMETRIC_REPRESENTATION_ITEM() RATIONAL_B_SPLINE_CURVE((1.,
0.707106781187,1.)) REPRESENTATION_ITEM('') );
#4918 = CARTESIAN_POINT('',(-1.65005,2.65,7.4700001));
#4919 = CARTESIAN_POINT('',(-1.65005,3.77,7.4700001));
#4920 = CARTESIAN_POINT('',(-1.65005,3.77,6.3500001));
#4921 = ORIENTED_EDGE('',*,*,#4922,.F.);
#4922 = EDGE_CURVE('',#4923,#4915,#4925,.T.);
#4923 = VERTEX_POINT('',#4924);
#4924 = CARTESIAN_POINT('',(-1.01005,2.65,7.4700001));
#4925 = B_SPLINE_CURVE_WITH_KNOTS('',1,(#4926,#4927),.UNSPECIFIED.,.F.,
  .F.,(2,2),(-0.,0.64),.PIECEWISE_BEZIER_KNOTS.);
#4926 = CARTESIAN_POINT('',(-1.01005,2.65,7.4700001));
#4927 = CARTESIAN_POINT('',(-1.65005,2.65,7.4700001));
#4928 = ORIENTED_EDGE('',*,*,#4929,.T.);
#4929 = EDGE_CURVE('',#4923,#4879,#4930,.T.);
#4930 = ( BOUNDED_CURVE() B_SPLINE_CURVE(2,(#4931,#4932,#4933),
.UNSPECIFIED.,.F.,.F.) B_SPLINE_CURVE_WITH_KNOTS((3,3),(3.14159265359,
4.712388980385),.PIECEWISE_BEZIER_KNOTS.) CURVE() 
GEOMETRIC_REPRESENTATION_ITEM() RATIONAL_B_SPLINE_CURVE((1.,
0.707106781187,1.)) REPRESENTATION_ITEM('') );
#4931 = CARTESIAN_POINT('',(-1.01005,2.65,7.4700001));
#4932 = CARTESIAN_POINT('',(-1.01005,3.77,7.4700001));
#4933 = CARTESIAN_POINT('',(-1.01005,3.77,6.3500001));
#4934 = ORIENTED_EDGE('',*,*,#4901,.T.);
#4935 = ( BOUNDED_SURFACE() B_SPLINE_SURFACE(2,1,(
    (#4936,#4937)
    ,(#4938,#4939)
    ,(#4940,#4941
)),.UNSPECIFIED.,.F.,.F.,.F.) B_SPLINE_SURFACE_WITH_KNOTS((3,3),(2,2),(
    0.,1.570796326795),(0.,0.64),.PIECEWISE_BEZIER_KNOTS.) 
GEOMETRIC_REPRESENTATION_ITEM() RATIONAL_B_SPLINE_SURFACE((
    (1.,1.)
    ,(0.707106781187,0.707106781187)
,(1.,1.))) REPRESENTATION_ITEM('') SURFACE() );
#4936 = CARTESIAN_POINT('',(-1.01005,2.65,7.4700001));
#4937 = CARTESIAN_POINT('',(-1.65005,2.65,7.4700001));
#4938 = CARTESIAN_POINT('',(-1.01005,3.77,7.4700001));
#4939 = CARTESIAN_POINT('',(-1.65005,3.77,7.4700001));
#4940 = CARTESIAN_POINT('',(-1.01005,3.77,6.3500001));
#4941 = CARTESIAN_POINT('',(-1.65005,3.77,6.3500001));
#4942 = ADVANCED_FACE('',(#4943),#4965,.F.);
#4943 = FACE_BOUND('',#4944,.T.);
#4944 = EDGE_LOOP('',(#4945,#4946,#4951,#4952,#4953,#4958,#4959,#4964));
#4945 = ORIENTED_EDGE('',*,*,#4894,.T.);
#4946 = ORIENTED_EDGE('',*,*,#4947,.T.);
#4947 = EDGE_CURVE('',#4888,#4815,#4948,.T.);
#4948 = B_SPLINE_CURVE_WITH_KNOTS('',1,(#4949,#4950),.UNSPECIFIED.,.F.,
  .F.,(2,2),(-0.64,0.),.PIECEWISE_BEZIER_KNOTS.);
#4949 = CARTESIAN_POINT('',(-1.65005,3.77,0.705694616422));
#4950 = CARTESIAN_POINT('',(-1.65005,3.13,0.705694616422));
#4951 = ORIENTED_EDGE('',*,*,#4814,.F.);
#4952 = ORIENTED_EDGE('',*,*,#4798,.F.);
#4953 = ORIENTED_EDGE('',*,*,#4954,.F.);
#4954 = EDGE_CURVE('',#4209,#4777,#4955,.T.);
#4955 = B_SPLINE_CURVE_WITH_KNOTS('',1,(#4956,#4957),.UNSPECIFIED.,.F.,
  .F.,(2,2),(6.2,7.9),.PIECEWISE_BEZIER_KNOTS.);
#4956 = CARTESIAN_POINT('',(-1.65005,0.95,6.8300001));
#4957 = CARTESIAN_POINT('',(-1.65005,2.65,6.8300001));
#4958 = ORIENTED_EDGE('',*,*,#4229,.T.);
#4959 = ORIENTED_EDGE('',*,*,#4960,.T.);
#4960 = EDGE_CURVE('',#4223,#4915,#4961,.T.);
#4961 = B_SPLINE_CURVE_WITH_KNOTS('',1,(#4962,#4963),.UNSPECIFIED.,.F.,
  .F.,(2,2),(6.2,7.9),.PIECEWISE_BEZIER_KNOTS.);
#4962 = CARTESIAN_POINT('',(-1.65005,0.95,7.4700001));
#4963 = CARTESIAN_POINT('',(-1.65005,2.65,7.4700001));
#4964 = ORIENTED_EDGE('',*,*,#4914,.T.);
#4965 = B_SPLINE_SURFACE_WITH_KNOTS('',1,1,(
    (#4966,#4967)
    ,(#4968,#4969
    )),.UNSPECIFIED.,.F.,.F.,.F.,(2,2),(2,2),(-1.12,5.644305483578),(
    -1.7,1.12),.PIECEWISE_BEZIER_KNOTS.);
#4966 = CARTESIAN_POINT('',(-1.65005,0.95,7.4700001));
#4967 = CARTESIAN_POINT('',(-1.65005,3.77,7.4700001));
#4968 = CARTESIAN_POINT('',(-1.65005,0.95,0.705694616422));
#4969 = CARTESIAN_POINT('',(-1.65005,3.77,0.705694616422));
#4970 = ADVANCED_FACE('',(#4971),#4993,.T.);
#4971 = FACE_BOUND('',#4972,.T.);
#4972 = EDGE_LOOP('',(#4973,#4974,#4979,#4980,#4981,#4986,#4987,#4992));
#4973 = ORIENTED_EDGE('',*,*,#4828,.T.);
#4974 = ORIENTED_EDGE('',*,*,#4975,.T.);
#4975 = EDGE_CURVE('',#4822,#4881,#4976,.T.);
#4976 = B_SPLINE_CURVE_WITH_KNOTS('',1,(#4977,#4978),.UNSPECIFIED.,.F.,
  .F.,(2,2),(0.48,1.12),.PIECEWISE_BEZIER_KNOTS.);
#4977 = CARTESIAN_POINT('',(-1.01005,3.13,0.705694616422));
#4978 = CARTESIAN_POINT('',(-1.01005,3.77,0.705694616422));
#4979 = ORIENTED_EDGE('',*,*,#4878,.F.);
#4980 = ORIENTED_EDGE('',*,*,#4929,.F.);
#4981 = ORIENTED_EDGE('',*,*,#4982,.F.);
#4982 = EDGE_CURVE('',#4216,#4923,#4983,.T.);
#4983 = B_SPLINE_CURVE_WITH_KNOTS('',1,(#4984,#4985),.UNSPECIFIED.,.F.,
  .F.,(2,2),(6.2,7.9),.PIECEWISE_BEZIER_KNOTS.);
#4984 = CARTESIAN_POINT('',(-1.01005,0.95,7.4700001));
#4985 = CARTESIAN_POINT('',(-1.01005,2.65,7.4700001));
#4986 = ORIENTED_EDGE('',*,*,#4215,.F.);
#4987 = ORIENTED_EDGE('',*,*,#4988,.T.);
#4988 = EDGE_CURVE('',#4207,#4775,#4989,.T.);
#4989 = B_SPLINE_CURVE_WITH_KNOTS('',1,(#4990,#4991),.UNSPECIFIED.,.F.,
  .F.,(2,2),(6.2,7.9),.PIECEWISE_BEZIER_KNOTS.);
#4990 = CARTESIAN_POINT('',(-1.01005,0.95,6.8300001));
#4991 = CARTESIAN_POINT('',(-1.01005,2.65,6.8300001));
#4992 = ORIENTED_EDGE('',*,*,#4783,.T.);
#4993 = B_SPLINE_SURFACE_WITH_KNOTS('',1,1,(
    (#4994,#4995)
    ,(#4996,#4997
    )),.UNSPECIFIED.,.F.,.F.,.F.,(2,2),(2,2),(-1.12,5.644305483578),(
    -1.7,1.12),.PIECEWISE_BEZIER_KNOTS.);
#4994 = CARTESIAN_POINT('',(-1.01005,0.95,7.4700001));
#4995 = CARTESIAN_POINT('',(-1.01005,3.77,7.4700001));
#4996 = CARTESIAN_POINT('',(-1.01005,0.95,0.705694616422));
#4997 = CARTESIAN_POINT('',(-1.01005,3.77,0.705694616422));
#4998 = ADVANCED_FACE('',(#4999),#5005,.F.);
#4999 = FACE_BOUND('',#5000,.T.);
#5000 = EDGE_LOOP('',(#5001,#5002,#5003,#5004));
#5001 = ORIENTED_EDGE('',*,*,#4988,.F.);
#5002 = ORIENTED_EDGE('',*,*,#4206,.T.);
#5003 = ORIENTED_EDGE('',*,*,#4954,.T.);
#5004 = ORIENTED_EDGE('',*,*,#4774,.F.);
#5005 = B_SPLINE_SURFACE_WITH_KNOTS('',1,1,(
    (#5006,#5007)
    ,(#5008,#5009
    )),.UNSPECIFIED.,.F.,.F.,.F.,(2,2),(2,2),(-7.9,-6.2),(-0.64,0.),
  .PIECEWISE_BEZIER_KNOTS.);
#5006 = CARTESIAN_POINT('',(-1.65005,2.65,6.8300001));
#5007 = CARTESIAN_POINT('',(-1.01005,2.65,6.8300001));
#5008 = CARTESIAN_POINT('',(-1.65005,0.95,6.8300001));
#5009 = CARTESIAN_POINT('',(-1.01005,0.95,6.8300001));
#5010 = ADVANCED_FACE('',(#5011),#5017,.T.);
#5011 = FACE_BOUND('',#5012,.T.);
#5012 = EDGE_LOOP('',(#5013,#5014,#5015,#5016));
#5013 = ORIENTED_EDGE('',*,*,#4222,.F.);
#5014 = ORIENTED_EDGE('',*,*,#4982,.T.);
#5015 = ORIENTED_EDGE('',*,*,#4922,.T.);
#5016 = ORIENTED_EDGE('',*,*,#4960,.F.);
#5017 = B_SPLINE_SURFACE_WITH_KNOTS('',1,1,(
    (#5018,#5019)
    ,(#5020,#5021
    )),.UNSPECIFIED.,.F.,.F.,.F.,(2,2),(2,2),(-7.9,-6.2),(-0.64,0.),
  .PIECEWISE_BEZIER_KNOTS.);
#5018 = CARTESIAN_POINT('',(-1.65005,2.65,7.4700001));
#5019 = CARTESIAN_POINT('',(-1.01005,2.65,7.4700001));
#5020 = CARTESIAN_POINT('',(-1.65005,0.95,7.4700001));
#5021 = CARTESIAN_POINT('',(-1.01005,0.95,7.4700001));
#5022 = ADVANCED_FACE('',(#5023),#5045,.T.);
#5023 = FACE_BOUND('',#5024,.T.);
#5024 = EDGE_LOOP('',(#5025,#5032,#5039,#5044));
#5025 = ORIENTED_EDGE('',*,*,#5026,.F.);
#5026 = EDGE_CURVE('',#5027,#2757,#5029,.T.);
#5027 = VERTEX_POINT('',#5028);
#5028 = CARTESIAN_POINT('',(-1.65005,-4.544305483578,7.4700001));
#5029 = B_SPLINE_CURVE_WITH_KNOTS('',1,(#5030,#5031),.UNSPECIFIED.,.F.,
  .F.,(2,2),(0.705694516422,5.5),.PIECEWISE_BEZIER_KNOTS.);
#5030 = CARTESIAN_POINT('',(-1.65005,-4.544305483578,7.4700001));
#5031 = CARTESIAN_POINT('',(-1.65005,0.25,7.4700001));
#5032 = ORIENTED_EDGE('',*,*,#5033,.T.);
#5033 = EDGE_CURVE('',#5027,#5034,#5036,.T.);
#5034 = VERTEX_POINT('',#5035);
#5035 = CARTESIAN_POINT('',(-1.01005,-4.544305483578,7.4700001));
#5036 = B_SPLINE_CURVE_WITH_KNOTS('',1,(#5037,#5038),.UNSPECIFIED.,.F.,
  .F.,(2,2),(-0.64,0.),.PIECEWISE_BEZIER_KNOTS.);
#5037 = CARTESIAN_POINT('',(-1.65005,-4.544305483578,7.4700001));
#5038 = CARTESIAN_POINT('',(-1.01005,-4.544305483578,7.4700001));
#5039 = ORIENTED_EDGE('',*,*,#5040,.T.);
#5040 = EDGE_CURVE('',#5034,#2759,#5041,.T.);
#5041 = B_SPLINE_CURVE_WITH_KNOTS('',1,(#5042,#5043),.UNSPECIFIED.,.F.,
  .F.,(2,2),(0.705694516422,5.5),.PIECEWISE_BEZIER_KNOTS.);
#5042 = CARTESIAN_POINT('',(-1.01005,-4.544305483578,7.4700001));
#5043 = CARTESIAN_POINT('',(-1.01005,0.25,7.4700001));
#5044 = ORIENTED_EDGE('',*,*,#2756,.F.);
#5045 = B_SPLINE_SURFACE_WITH_KNOTS('',1,1,(
    (#5046,#5047)
    ,(#5048,#5049
    )),.UNSPECIFIED.,.F.,.F.,.F.,(2,2),(2,2),(-5.5,-0.705694516422),(
    -0.64,0.),.PIECEWISE_BEZIER_KNOTS.);
#5046 = CARTESIAN_POINT('',(-1.65005,0.25,7.4700001));
#5047 = CARTESIAN_POINT('',(-1.01005,0.25,7.4700001));
#5048 = CARTESIAN_POINT('',(-1.65005,-4.544305483578,7.4700001));
#5049 = CARTESIAN_POINT('',(-1.01005,-4.544305483578,7.4700001));
#5050 = ADVANCED_FACE('',(#5051),#5073,.F.);
#5051 = FACE_BOUND('',#5052,.T.);
#5052 = EDGE_LOOP('',(#5053,#5060,#5067,#5072));
#5053 = ORIENTED_EDGE('',*,*,#5054,.F.);
#5054 = EDGE_CURVE('',#5055,#2766,#5057,.T.);
#5055 = VERTEX_POINT('',#5056);
#5056 = CARTESIAN_POINT('',(-1.01005,-4.544305483578,6.8300001));
#5057 = B_SPLINE_CURVE_WITH_KNOTS('',1,(#5058,#5059),.UNSPECIFIED.,.F.,
  .F.,(2,2),(0.705694516422,5.5),.PIECEWISE_BEZIER_KNOTS.);
#5058 = CARTESIAN_POINT('',(-1.01005,-4.544305483578,6.8300001));
#5059 = CARTESIAN_POINT('',(-1.01005,0.25,6.8300001));
#5060 = ORIENTED_EDGE('',*,*,#5061,.T.);
#5061 = EDGE_CURVE('',#5055,#5062,#5064,.T.);
#5062 = VERTEX_POINT('',#5063);
#5063 = CARTESIAN_POINT('',(-1.65005,-4.544305483578,6.8300001));
#5064 = B_SPLINE_CURVE_WITH_KNOTS('',1,(#5065,#5066),.UNSPECIFIED.,.F.,
  .F.,(2,2),(-0.64,0.),.PIECEWISE_BEZIER_KNOTS.);
#5065 = CARTESIAN_POINT('',(-1.01005,-4.544305483578,6.8300001));
#5066 = CARTESIAN_POINT('',(-1.65005,-4.544305483578,6.8300001));
#5067 = ORIENTED_EDGE('',*,*,#5068,.T.);
#5068 = EDGE_CURVE('',#5062,#2773,#5069,.T.);
#5069 = B_SPLINE_CURVE_WITH_KNOTS('',1,(#5070,#5071),.UNSPECIFIED.,.F.,
  .F.,(2,2),(0.705694516422,5.5),.PIECEWISE_BEZIER_KNOTS.);
#5070 = CARTESIAN_POINT('',(-1.65005,-4.544305483578,6.8300001));
#5071 = CARTESIAN_POINT('',(-1.65005,0.25,6.8300001));
#5072 = ORIENTED_EDGE('',*,*,#2772,.T.);
#5073 = B_SPLINE_SURFACE_WITH_KNOTS('',1,1,(
    (#5074,#5075)
    ,(#5076,#5077
    )),.UNSPECIFIED.,.F.,.F.,.F.,(2,2),(2,2),(-5.5,-0.705694516422),(
    -0.64,0.),.PIECEWISE_BEZIER_KNOTS.);
#5074 = CARTESIAN_POINT('',(-1.65005,0.25,6.8300001));
#5075 = CARTESIAN_POINT('',(-1.01005,0.25,6.8300001));
#5076 = CARTESIAN_POINT('',(-1.65005,-4.544305483578,6.8300001));
#5077 = CARTESIAN_POINT('',(-1.01005,-4.544305483578,6.8300001));
#5078 = ADVANCED_FACE('',(#5079),#5089,.T.);
#5079 = FACE_BOUND('',#5080,.T.);
#5080 = EDGE_LOOP('',(#5081,#5082,#5087,#5088));
#5081 = ORIENTED_EDGE('',*,*,#5040,.F.);
#5082 = ORIENTED_EDGE('',*,*,#5083,.T.);
#5083 = EDGE_CURVE('',#5034,#5055,#5084,.T.);
#5084 = B_SPLINE_CURVE_WITH_KNOTS('',1,(#5085,#5086),.UNSPECIFIED.,.F.,
  .F.,(2,2),(-1.12,-0.48),.PIECEWISE_BEZIER_KNOTS.);
#5085 = CARTESIAN_POINT('',(-1.01005,-4.544305483578,7.4700001));
#5086 = CARTESIAN_POINT('',(-1.01005,-4.544305483578,6.8300001));
#5087 = ORIENTED_EDGE('',*,*,#5054,.T.);
#5088 = ORIENTED_EDGE('',*,*,#2765,.F.);
#5089 = B_SPLINE_SURFACE_WITH_KNOTS('',1,1,(
    (#5090,#5091)
    ,(#5092,#5093
  )),.UNSPECIFIED.,.F.,.F.,.F.,(2,2),(2,2),(-1.12,-0.48),(
    -7.194305483578,-2.4),.PIECEWISE_BEZIER_KNOTS.);
#5090 = CARTESIAN_POINT('',(-1.01005,-4.544305483578,7.4700001));
#5091 = CARTESIAN_POINT('',(-1.01005,0.25,7.4700001));
#5092 = CARTESIAN_POINT('',(-1.01005,-4.544305483578,6.8300001));
#5093 = CARTESIAN_POINT('',(-1.01005,0.25,6.8300001));
#5094 = ADVANCED_FACE('',(#5095),#5105,.F.);
#5095 = FACE_BOUND('',#5096,.T.);
#5096 = EDGE_LOOP('',(#5097,#5098,#5103,#5104));
#5097 = ORIENTED_EDGE('',*,*,#5068,.F.);
#5098 = ORIENTED_EDGE('',*,*,#5099,.T.);
#5099 = EDGE_CURVE('',#5062,#5027,#5100,.T.);
#5100 = B_SPLINE_CURVE_WITH_KNOTS('',1,(#5101,#5102),.UNSPECIFIED.,.F.,
  .F.,(2,2),(-0.64,0.),.PIECEWISE_BEZIER_KNOTS.);
#5101 = CARTESIAN_POINT('',(-1.65005,-4.544305483578,6.8300001));
#5102 = CARTESIAN_POINT('',(-1.65005,-4.544305483578,7.4700001));
#5103 = ORIENTED_EDGE('',*,*,#5026,.T.);
#5104 = ORIENTED_EDGE('',*,*,#2779,.T.);
#5105 = B_SPLINE_SURFACE_WITH_KNOTS('',1,1,(
    (#5106,#5107)
    ,(#5108,#5109
  )),.UNSPECIFIED.,.F.,.F.,.F.,(2,2),(2,2),(-1.12,-0.48),(
    -7.194305483578,-2.4),.PIECEWISE_BEZIER_KNOTS.);
#5106 = CARTESIAN_POINT('',(-1.65005,-4.544305483578,7.4700001));
#5107 = CARTESIAN_POINT('',(-1.65005,0.25,7.4700001));
#5108 = CARTESIAN_POINT('',(-1.65005,-4.544305483578,6.8300001));
#5109 = CARTESIAN_POINT('',(-1.65005,0.25,6.8300001));
#5110 = ADVANCED_FACE('',(#5111),#5141,.T.);
#5111 = FACE_BOUND('',#5112,.T.);
#5112 = EDGE_LOOP('',(#5113,#5122,#5129,#5136));
#5113 = ORIENTED_EDGE('',*,*,#5114,.T.);
#5114 = EDGE_CURVE('',#5115,#5117,#5119,.T.);
#5115 = VERTEX_POINT('',#5116);
#5116 = CARTESIAN_POINT('',(-1.16005,-5.25,6.9800001));
#5117 = VERTEX_POINT('',#5118);
#5118 = CARTESIAN_POINT('',(-1.16005,-5.25,7.3200001));
#5119 = B_SPLINE_CURVE_WITH_KNOTS('',1,(#5120,#5121),.UNSPECIFIED.,.F.,
  .F.,(2,2),(0.15,0.49),.PIECEWISE_BEZIER_KNOTS.);
#5120 = CARTESIAN_POINT('',(-1.16005,-5.25,6.9800001));
#5121 = CARTESIAN_POINT('',(-1.16005,-5.25,7.3200001));
#5122 = ORIENTED_EDGE('',*,*,#5123,.T.);
#5123 = EDGE_CURVE('',#5117,#5124,#5126,.T.);
#5124 = VERTEX_POINT('',#5125);
#5125 = CARTESIAN_POINT('',(-1.50005,-5.25,7.3200001));
#5126 = B_SPLINE_CURVE_WITH_KNOTS('',1,(#5127,#5128),.UNSPECIFIED.,.F.,
  .F.,(2,2),(0.15,0.49),.PIECEWISE_BEZIER_KNOTS.);
#5127 = CARTESIAN_POINT('',(-1.16005,-5.25,7.3200001));
#5128 = CARTESIAN_POINT('',(-1.50005,-5.25,7.3200001));
#5129 = ORIENTED_EDGE('',*,*,#5130,.T.);
#5130 = EDGE_CURVE('',#5124,#5131,#5133,.T.);
#5131 = VERTEX_POINT('',#5132);
#5132 = CARTESIAN_POINT('',(-1.50005,-5.25,6.9800001));
#5133 = B_SPLINE_CURVE_WITH_KNOTS('',1,(#5134,#5135),.UNSPECIFIED.,.F.,
  .F.,(2,2),(-0.49,-0.15),.PIECEWISE_BEZIER_KNOTS.);
#5134 = CARTESIAN_POINT('',(-1.50005,-5.25,7.3200001));
#5135 = CARTESIAN_POINT('',(-1.50005,-5.25,6.9800001));
#5136 = ORIENTED_EDGE('',*,*,#5137,.T.);
#5137 = EDGE_CURVE('',#5131,#5115,#5138,.T.);
#5138 = B_SPLINE_CURVE_WITH_KNOTS('',1,(#5139,#5140),.UNSPECIFIED.,.F.,
  .F.,(2,2),(-0.49,-0.15),.PIECEWISE_BEZIER_KNOTS.);
#5139 = CARTESIAN_POINT('',(-1.50005,-5.25,6.9800001));
#5140 = CARTESIAN_POINT('',(-1.16005,-5.25,6.9800001));
#5141 = B_SPLINE_SURFACE_WITH_KNOTS('',1,1,(
    (#5142,#5143)
    ,(#5144,#5145
  )),.UNSPECIFIED.,.F.,.F.,.F.,(2,2),(2,2),(-0.49,-0.15),(-0.49,-0.15),
  .PIECEWISE_BEZIER_KNOTS.);
#5142 = CARTESIAN_POINT('',(-1.50005,-5.25,7.3200001));
#5143 = CARTESIAN_POINT('',(-1.16005,-5.25,7.3200001));
#5144 = CARTESIAN_POINT('',(-1.50005,-5.25,6.9800001));
#5145 = CARTESIAN_POINT('',(-1.16005,-5.25,6.9800001));
#5146 = ADVANCED_FACE('',(#5147),#5179,.F.);
#5147 = FACE_BOUND('',#5148,.F.);
#5148 = EDGE_LOOP('',(#5149,#5158,#5166,#5173));
#5149 = ORIENTED_EDGE('',*,*,#5150,.F.);
#5150 = EDGE_CURVE('',#5151,#5153,#5155,.T.);
#5151 = VERTEX_POINT('',#5152);
#5152 = CARTESIAN_POINT('',(-3.55005,2.65,6.8300001));
#5153 = VERTEX_POINT('',#5154);
#5154 = CARTESIAN_POINT('',(-4.19005,2.65,6.8300001));
#5155 = B_SPLINE_CURVE_WITH_KNOTS('',1,(#5156,#5157),.UNSPECIFIED.,.F.,
  .F.,(2,2),(-0.,0.64),.PIECEWISE_BEZIER_KNOTS.);
#5156 = CARTESIAN_POINT('',(-3.55005,2.65,6.8300001));
#5157 = CARTESIAN_POINT('',(-4.19005,2.65,6.8300001));
#5158 = ORIENTED_EDGE('',*,*,#5159,.T.);
#5159 = EDGE_CURVE('',#5151,#5160,#5162,.T.);
#5160 = VERTEX_POINT('',#5161);
#5161 = CARTESIAN_POINT('',(-3.55005,3.13,6.3500001));
#5162 = ( BOUNDED_CURVE() B_SPLINE_CURVE(2,(#5163,#5164,#5165),
.UNSPECIFIED.,.F.,.F.) B_SPLINE_CURVE_WITH_KNOTS((3,3),(3.14159265359,
4.712388980385),.PIECEWISE_BEZIER_KNOTS.) CURVE() 
GEOMETRIC_REPRESENTATION_ITEM() RATIONAL_B_SPLINE_CURVE((1.,
0.707106781187,1.)) REPRESENTATION_ITEM('') );
#5163 = CARTESIAN_POINT('',(-3.55005,2.65,6.8300001));
#5164 = CARTESIAN_POINT('',(-3.55005,3.13,6.8300001));
#5165 = CARTESIAN_POINT('',(-3.55005,3.13,6.3500001));
#5166 = ORIENTED_EDGE('',*,*,#5167,.T.);
#5167 = EDGE_CURVE('',#5160,#5168,#5170,.T.);
#5168 = VERTEX_POINT('',#5169);
#5169 = CARTESIAN_POINT('',(-4.19005,3.13,6.3500001));
#5170 = B_SPLINE_CURVE_WITH_KNOTS('',1,(#5171,#5172),.UNSPECIFIED.,.F.,
  .F.,(2,2),(-0.,0.64),.PIECEWISE_BEZIER_KNOTS.);
#5171 = CARTESIAN_POINT('',(-3.55005,3.13,6.3500001));
#5172 = CARTESIAN_POINT('',(-4.19005,3.13,6.3500001));
#5173 = ORIENTED_EDGE('',*,*,#5174,.F.);
#5174 = EDGE_CURVE('',#5153,#5168,#5175,.T.);
#5175 = ( BOUNDED_CURVE() B_SPLINE_CURVE(2,(#5176,#5177,#5178),
.UNSPECIFIED.,.F.,.F.) B_SPLINE_CURVE_WITH_KNOTS((3,3),(3.14159265359,
4.712388980385),.PIECEWISE_BEZIER_KNOTS.) CURVE() 
GEOMETRIC_REPRESENTATION_ITEM() RATIONAL_B_SPLINE_CURVE((1.,
0.707106781187,1.)) REPRESENTATION_ITEM('') );
#5176 = CARTESIAN_POINT('',(-4.19005,2.65,6.8300001));
#5177 = CARTESIAN_POINT('',(-4.19005,3.13,6.8300001));
#5178 = CARTESIAN_POINT('',(-4.19005,3.13,6.3500001));
#5179 = ( BOUNDED_SURFACE() B_SPLINE_SURFACE(2,1,(
    (#5180,#5181)
    ,(#5182,#5183)
    ,(#5184,#5185
)),.UNSPECIFIED.,.F.,.F.,.F.) B_SPLINE_SURFACE_WITH_KNOTS((3,3),(2,2),(
    0.,1.570796326795),(0.,0.64),.PIECEWISE_BEZIER_KNOTS.) 
GEOMETRIC_REPRESENTATION_ITEM() RATIONAL_B_SPLINE_SURFACE((
    (1.,1.)
    ,(0.707106781187,0.707106781187)
,(1.,1.))) REPRESENTATION_ITEM('') SURFACE() );
#5180 = CARTESIAN_POINT('',(-3.55005,2.65,6.8300001));
#5181 = CARTESIAN_POINT('',(-4.19005,2.65,6.8300001));
#5182 = CARTESIAN_POINT('',(-3.55005,3.13,6.8300001));
#5183 = CARTESIAN_POINT('',(-4.19005,3.13,6.8300001));
#5184 = CARTESIAN_POINT('',(-3.55005,3.13,6.3500001));
#5185 = CARTESIAN_POINT('',(-4.19005,3.13,6.3500001));
#5186 = ADVANCED_FACE('',(#5187),#5209,.F.);
#5187 = FACE_BOUND('',#5188,.T.);
#5188 = EDGE_LOOP('',(#5189,#5196,#5203,#5208));
#5189 = ORIENTED_EDGE('',*,*,#5190,.T.);
#5190 = EDGE_CURVE('',#5168,#5191,#5193,.T.);
#5191 = VERTEX_POINT('',#5192);
#5192 = CARTESIAN_POINT('',(-4.19005,3.13,0.705694616422));
#5193 = B_SPLINE_CURVE_WITH_KNOTS('',1,(#5194,#5195),.UNSPECIFIED.,.F.,
  .F.,(2,2),(0.,5.644305483578),.PIECEWISE_BEZIER_KNOTS.);
#5194 = CARTESIAN_POINT('',(-4.19005,3.13,6.3500001));
#5195 = CARTESIAN_POINT('',(-4.19005,3.13,0.705694616422));
#5196 = ORIENTED_EDGE('',*,*,#5197,.T.);
#5197 = EDGE_CURVE('',#5191,#5198,#5200,.T.);
#5198 = VERTEX_POINT('',#5199);
#5199 = CARTESIAN_POINT('',(-3.55005,3.13,0.705694616422));
#5200 = B_SPLINE_CURVE_WITH_KNOTS('',1,(#5201,#5202),.UNSPECIFIED.,.F.,
  .F.,(2,2),(-0.64,0.),.PIECEWISE_BEZIER_KNOTS.);
#5201 = CARTESIAN_POINT('',(-4.19005,3.13,0.705694616422));
#5202 = CARTESIAN_POINT('',(-3.55005,3.13,0.705694616422));
#5203 = ORIENTED_EDGE('',*,*,#5204,.F.);
#5204 = EDGE_CURVE('',#5160,#5198,#5205,.T.);
#5205 = B_SPLINE_CURVE_WITH_KNOTS('',1,(#5206,#5207),.UNSPECIFIED.,.F.,
  .F.,(2,2),(0.,5.644305483578),.PIECEWISE_BEZIER_KNOTS.);
#5206 = CARTESIAN_POINT('',(-3.55005,3.13,6.3500001));
#5207 = CARTESIAN_POINT('',(-3.55005,3.13,0.705694616422));
#5208 = ORIENTED_EDGE('',*,*,#5167,.T.);
#5209 = B_SPLINE_SURFACE_WITH_KNOTS('',1,1,(
    (#5210,#5211)
    ,(#5212,#5213
    )),.UNSPECIFIED.,.F.,.F.,.F.,(2,2),(2,2),(-5.644305483578,0.),(-0.64
    ,0.),.PIECEWISE_BEZIER_KNOTS.);
#5210 = CARTESIAN_POINT('',(-4.19005,3.13,0.705694616422));
#5211 = CARTESIAN_POINT('',(-3.55005,3.13,0.705694616422));
#5212 = CARTESIAN_POINT('',(-4.19005,3.13,6.3500001));
#5213 = CARTESIAN_POINT('',(-3.55005,3.13,6.3500001));
#5214 = ADVANCED_FACE('',(#5215),#5245,.T.);
#5215 = FACE_BOUND('',#5216,.T.);
#5216 = EDGE_LOOP('',(#5217,#5226,#5233,#5240));
#5217 = ORIENTED_EDGE('',*,*,#5218,.T.);
#5218 = EDGE_CURVE('',#5219,#5221,#5223,.T.);
#5219 = VERTEX_POINT('',#5220);
#5220 = CARTESIAN_POINT('',(-3.70005,3.62,9.999999983634E-08));
#5221 = VERTEX_POINT('',#5222);
#5222 = CARTESIAN_POINT('',(-3.70005,3.28,9.999999983634E-08));
#5223 = B_SPLINE_CURVE_WITH_KNOTS('',1,(#5224,#5225),.UNSPECIFIED.,.F.,
  .F.,(2,2),(0.15,0.49),.PIECEWISE_BEZIER_KNOTS.);
#5224 = CARTESIAN_POINT('',(-3.70005,3.62,9.999999983634E-08));
#5225 = CARTESIAN_POINT('',(-3.70005,3.28,9.999999983634E-08));
#5226 = ORIENTED_EDGE('',*,*,#5227,.T.);
#5227 = EDGE_CURVE('',#5221,#5228,#5230,.T.);
#5228 = VERTEX_POINT('',#5229);
#5229 = CARTESIAN_POINT('',(-4.04005,3.28,9.999999983634E-08));
#5230 = B_SPLINE_CURVE_WITH_KNOTS('',1,(#5231,#5232),.UNSPECIFIED.,.F.,
  .F.,(2,2),(-0.49,-0.15),.PIECEWISE_BEZIER_KNOTS.);
#5231 = CARTESIAN_POINT('',(-3.70005,3.28,9.999999983634E-08));
#5232 = CARTESIAN_POINT('',(-4.04005,3.28,9.999999983634E-08));
#5233 = ORIENTED_EDGE('',*,*,#5234,.T.);
#5234 = EDGE_CURVE('',#5228,#5235,#5237,.T.);
#5235 = VERTEX_POINT('',#5236);
#5236 = CARTESIAN_POINT('',(-4.04005,3.62,9.999999983634E-08));
#5237 = B_SPLINE_CURVE_WITH_KNOTS('',1,(#5238,#5239),.UNSPECIFIED.,.F.,
  .F.,(2,2),(-0.49,-0.15),.PIECEWISE_BEZIER_KNOTS.);
#5238 = CARTESIAN_POINT('',(-4.04005,3.28,9.999999983634E-08));
#5239 = CARTESIAN_POINT('',(-4.04005,3.62,9.999999983634E-08));
#5240 = ORIENTED_EDGE('',*,*,#5241,.T.);
#5241 = EDGE_CURVE('',#5235,#5219,#5242,.T.);
#5242 = B_SPLINE_CURVE_WITH_KNOTS('',1,(#5243,#5244),.UNSPECIFIED.,.F.,
  .F.,(2,2),(-0.49,-0.15),.PIECEWISE_BEZIER_KNOTS.);
#5243 = CARTESIAN_POINT('',(-4.04005,3.62,9.999999983634E-08));
#5244 = CARTESIAN_POINT('',(-3.70005,3.62,9.999999983634E-08));
#5245 = B_SPLINE_SURFACE_WITH_KNOTS('',1,1,(
    (#5246,#5247)
    ,(#5248,#5249
    )),.UNSPECIFIED.,.F.,.F.,.F.,(2,2),(2,2),(0.15,0.49),(-0.49,-0.15),
  .PIECEWISE_BEZIER_KNOTS.);
#5246 = CARTESIAN_POINT('',(-3.70005,3.28,9.999999983634E-08));
#5247 = CARTESIAN_POINT('',(-3.70005,3.62,9.999999983634E-08));
#5248 = CARTESIAN_POINT('',(-4.04005,3.28,9.999999983634E-08));
#5249 = CARTESIAN_POINT('',(-4.04005,3.62,9.999999983634E-08));
#5250 = ADVANCED_FACE('',(#5251),#5281,.T.);
#5251 = FACE_BOUND('',#5252,.T.);
#5252 = EDGE_LOOP('',(#5253,#5262,#5269,#5276));
#5253 = ORIENTED_EDGE('',*,*,#5254,.T.);
#5254 = EDGE_CURVE('',#5255,#5257,#5259,.T.);
#5255 = VERTEX_POINT('',#5256);
#5256 = CARTESIAN_POINT('',(-3.55005,3.77,6.3500001));
#5257 = VERTEX_POINT('',#5258);
#5258 = CARTESIAN_POINT('',(-3.55005,3.77,0.705694616422));
#5259 = B_SPLINE_CURVE_WITH_KNOTS('',1,(#5260,#5261),.UNSPECIFIED.,.F.,
  .F.,(2,2),(0.,5.644305483578),.PIECEWISE_BEZIER_KNOTS.);
#5260 = CARTESIAN_POINT('',(-3.55005,3.77,6.3500001));
#5261 = CARTESIAN_POINT('',(-3.55005,3.77,0.705694616422));
#5262 = ORIENTED_EDGE('',*,*,#5263,.T.);
#5263 = EDGE_CURVE('',#5257,#5264,#5266,.T.);
#5264 = VERTEX_POINT('',#5265);
#5265 = CARTESIAN_POINT('',(-4.19005,3.77,0.705694616422));
#5266 = B_SPLINE_CURVE_WITH_KNOTS('',1,(#5267,#5268),.UNSPECIFIED.,.F.,
  .F.,(2,2),(0.,0.64),.PIECEWISE_BEZIER_KNOTS.);
#5267 = CARTESIAN_POINT('',(-3.55005,3.77,0.705694616422));
#5268 = CARTESIAN_POINT('',(-4.19005,3.77,0.705694616422));
#5269 = ORIENTED_EDGE('',*,*,#5270,.F.);
#5270 = EDGE_CURVE('',#5271,#5264,#5273,.T.);
#5271 = VERTEX_POINT('',#5272);
#5272 = CARTESIAN_POINT('',(-4.19005,3.77,6.3500001));
#5273 = B_SPLINE_CURVE_WITH_KNOTS('',1,(#5274,#5275),.UNSPECIFIED.,.F.,
  .F.,(2,2),(0.,5.644305483578),.PIECEWISE_BEZIER_KNOTS.);
#5274 = CARTESIAN_POINT('',(-4.19005,3.77,6.3500001));
#5275 = CARTESIAN_POINT('',(-4.19005,3.77,0.705694616422));
#5276 = ORIENTED_EDGE('',*,*,#5277,.F.);
#5277 = EDGE_CURVE('',#5255,#5271,#5278,.T.);
#5278 = B_SPLINE_CURVE_WITH_KNOTS('',1,(#5279,#5280),.UNSPECIFIED.,.F.,
  .F.,(2,2),(-0.,0.64),.PIECEWISE_BEZIER_KNOTS.);
#5279 = CARTESIAN_POINT('',(-3.55005,3.77,6.3500001));
#5280 = CARTESIAN_POINT('',(-4.19005,3.77,6.3500001));
#5281 = B_SPLINE_SURFACE_WITH_KNOTS('',1,1,(
    (#5282,#5283)
    ,(#5284,#5285
    )),.UNSPECIFIED.,.F.,.F.,.F.,(2,2),(2,2),(-5.644305483578,0.),(-0.64
    ,0.),.PIECEWISE_BEZIER_KNOTS.);
#5282 = CARTESIAN_POINT('',(-4.19005,3.77,0.705694616422));
#5283 = CARTESIAN_POINT('',(-3.55005,3.77,0.705694616422));
#5284 = CARTESIAN_POINT('',(-4.19005,3.77,6.3500001));
#5285 = CARTESIAN_POINT('',(-3.55005,3.77,6.3500001));
#5286 = ADVANCED_FACE('',(#5287),#5311,.T.);
#5287 = FACE_BOUND('',#5288,.T.);
#5288 = EDGE_LOOP('',(#5289,#5297,#5304,#5310));
#5289 = ORIENTED_EDGE('',*,*,#5290,.F.);
#5290 = EDGE_CURVE('',#5291,#5271,#5293,.T.);
#5291 = VERTEX_POINT('',#5292);
#5292 = CARTESIAN_POINT('',(-4.19005,2.65,7.4700001));
#5293 = ( BOUNDED_CURVE() B_SPLINE_CURVE(2,(#5294,#5295,#5296),
.UNSPECIFIED.,.F.,.F.) B_SPLINE_CURVE_WITH_KNOTS((3,3),(3.14159265359,
4.712388980385),.PIECEWISE_BEZIER_KNOTS.) CURVE() 
GEOMETRIC_REPRESENTATION_ITEM() RATIONAL_B_SPLINE_CURVE((1.,
0.707106781187,1.)) REPRESENTATION_ITEM('') );
#5294 = CARTESIAN_POINT('',(-4.19005,2.65,7.4700001));
#5295 = CARTESIAN_POINT('',(-4.19005,3.77,7.4700001));
#5296 = CARTESIAN_POINT('',(-4.19005,3.77,6.3500001));
#5297 = ORIENTED_EDGE('',*,*,#5298,.F.);
#5298 = EDGE_CURVE('',#5299,#5291,#5301,.T.);
#5299 = VERTEX_POINT('',#5300);
#5300 = CARTESIAN_POINT('',(-3.55005,2.65,7.4700001));
#5301 = B_SPLINE_CURVE_WITH_KNOTS('',1,(#5302,#5303),.UNSPECIFIED.,.F.,
  .F.,(2,2),(-0.,0.64),.PIECEWISE_BEZIER_KNOTS.);
#5302 = CARTESIAN_POINT('',(-3.55005,2.65,7.4700001));
#5303 = CARTESIAN_POINT('',(-4.19005,2.65,7.4700001));
#5304 = ORIENTED_EDGE('',*,*,#5305,.T.);
#5305 = EDGE_CURVE('',#5299,#5255,#5306,.T.);
#5306 = ( BOUNDED_CURVE() B_SPLINE_CURVE(2,(#5307,#5308,#5309),
.UNSPECIFIED.,.F.,.F.) B_SPLINE_CURVE_WITH_KNOTS((3,3),(3.14159265359,
4.712388980385),.PIECEWISE_BEZIER_KNOTS.) CURVE() 
GEOMETRIC_REPRESENTATION_ITEM() RATIONAL_B_SPLINE_CURVE((1.,
0.707106781187,1.)) REPRESENTATION_ITEM('') );
#5307 = CARTESIAN_POINT('',(-3.55005,2.65,7.4700001));
#5308 = CARTESIAN_POINT('',(-3.55005,3.77,7.4700001));
#5309 = CARTESIAN_POINT('',(-3.55005,3.77,6.3500001));
#5310 = ORIENTED_EDGE('',*,*,#5277,.T.);
#5311 = ( BOUNDED_SURFACE() B_SPLINE_SURFACE(2,1,(
    (#5312,#5313)
    ,(#5314,#5315)
    ,(#5316,#5317
)),.UNSPECIFIED.,.F.,.F.,.F.) B_SPLINE_SURFACE_WITH_KNOTS((3,3),(2,2),(
    0.,1.570796326795),(0.,0.64),.PIECEWISE_BEZIER_KNOTS.) 
GEOMETRIC_REPRESENTATION_ITEM() RATIONAL_B_SPLINE_SURFACE((
    (1.,1.)
    ,(0.707106781187,0.707106781187)
,(1.,1.))) REPRESENTATION_ITEM('') SURFACE() );
#5312 = CARTESIAN_POINT('',(-3.55005,2.65,7.4700001));
#5313 = CARTESIAN_POINT('',(-4.19005,2.65,7.4700001));
#5314 = CARTESIAN_POINT('',(-3.55005,3.77,7.4700001));
#5315 = CARTESIAN_POINT('',(-4.19005,3.77,7.4700001));
#5316 = CARTESIAN_POINT('',(-3.55005,3.77,6.3500001));
#5317 = CARTESIAN_POINT('',(-4.19005,3.77,6.3500001));
#5318 = ADVANCED_FACE('',(#5319),#5341,.F.);
#5319 = FACE_BOUND('',#5320,.T.);
#5320 = EDGE_LOOP('',(#5321,#5322,#5327,#5328,#5329,#5334,#5335,#5340));
#5321 = ORIENTED_EDGE('',*,*,#5270,.T.);
#5322 = ORIENTED_EDGE('',*,*,#5323,.T.);
#5323 = EDGE_CURVE('',#5264,#5191,#5324,.T.);
#5324 = B_SPLINE_CURVE_WITH_KNOTS('',1,(#5325,#5326),.UNSPECIFIED.,.F.,
  .F.,(2,2),(-0.64,0.),.PIECEWISE_BEZIER_KNOTS.);
#5325 = CARTESIAN_POINT('',(-4.19005,3.77,0.705694616422));
#5326 = CARTESIAN_POINT('',(-4.19005,3.13,0.705694616422));
#5327 = ORIENTED_EDGE('',*,*,#5190,.F.);
#5328 = ORIENTED_EDGE('',*,*,#5174,.F.);
#5329 = ORIENTED_EDGE('',*,*,#5330,.F.);
#5330 = EDGE_CURVE('',#4075,#5153,#5331,.T.);
#5331 = B_SPLINE_CURVE_WITH_KNOTS('',1,(#5332,#5333),.UNSPECIFIED.,.F.,
  .F.,(2,2),(6.2,7.9),.PIECEWISE_BEZIER_KNOTS.);
#5332 = CARTESIAN_POINT('',(-4.19005,0.95,6.8300001));
#5333 = CARTESIAN_POINT('',(-4.19005,2.65,6.8300001));
#5334 = ORIENTED_EDGE('',*,*,#4095,.T.);
#5335 = ORIENTED_EDGE('',*,*,#5336,.T.);
#5336 = EDGE_CURVE('',#4089,#5291,#5337,.T.);
#5337 = B_SPLINE_CURVE_WITH_KNOTS('',1,(#5338,#5339),.UNSPECIFIED.,.F.,
  .F.,(2,2),(6.2,7.9),.PIECEWISE_BEZIER_KNOTS.);
#5338 = CARTESIAN_POINT('',(-4.19005,0.95,7.4700001));
#5339 = CARTESIAN_POINT('',(-4.19005,2.65,7.4700001));
#5340 = ORIENTED_EDGE('',*,*,#5290,.T.);
#5341 = B_SPLINE_SURFACE_WITH_KNOTS('',1,1,(
    (#5342,#5343)
    ,(#5344,#5345
    )),.UNSPECIFIED.,.F.,.F.,.F.,(2,2),(2,2),(-1.12,5.644305483578),(
    -1.7,1.12),.PIECEWISE_BEZIER_KNOTS.);
#5342 = CARTESIAN_POINT('',(-4.19005,0.95,7.4700001));
#5343 = CARTESIAN_POINT('',(-4.19005,3.77,7.4700001));
#5344 = CARTESIAN_POINT('',(-4.19005,0.95,0.705694616422));
#5345 = CARTESIAN_POINT('',(-4.19005,3.77,0.705694616422));
#5346 = ADVANCED_FACE('',(#5347),#5369,.T.);
#5347 = FACE_BOUND('',#5348,.T.);
#5348 = EDGE_LOOP('',(#5349,#5350,#5355,#5356,#5357,#5362,#5363,#5368));
#5349 = ORIENTED_EDGE('',*,*,#5204,.T.);
#5350 = ORIENTED_EDGE('',*,*,#5351,.T.);
#5351 = EDGE_CURVE('',#5198,#5257,#5352,.T.);
#5352 = B_SPLINE_CURVE_WITH_KNOTS('',1,(#5353,#5354),.UNSPECIFIED.,.F.,
  .F.,(2,2),(0.48,1.12),.PIECEWISE_BEZIER_KNOTS.);
#5353 = CARTESIAN_POINT('',(-3.55005,3.13,0.705694616422));
#5354 = CARTESIAN_POINT('',(-3.55005,3.77,0.705694616422));
#5355 = ORIENTED_EDGE('',*,*,#5254,.F.);
#5356 = ORIENTED_EDGE('',*,*,#5305,.F.);
#5357 = ORIENTED_EDGE('',*,*,#5358,.F.);
#5358 = EDGE_CURVE('',#4082,#5299,#5359,.T.);
#5359 = B_SPLINE_CURVE_WITH_KNOTS('',1,(#5360,#5361),.UNSPECIFIED.,.F.,
  .F.,(2,2),(6.2,7.9),.PIECEWISE_BEZIER_KNOTS.);
#5360 = CARTESIAN_POINT('',(-3.55005,0.95,7.4700001));
#5361 = CARTESIAN_POINT('',(-3.55005,2.65,7.4700001));
#5362 = ORIENTED_EDGE('',*,*,#4081,.F.);
#5363 = ORIENTED_EDGE('',*,*,#5364,.T.);
#5364 = EDGE_CURVE('',#4073,#5151,#5365,.T.);
#5365 = B_SPLINE_CURVE_WITH_KNOTS('',1,(#5366,#5367),.UNSPECIFIED.,.F.,
  .F.,(2,2),(6.2,7.9),.PIECEWISE_BEZIER_KNOTS.);
#5366 = CARTESIAN_POINT('',(-3.55005,0.95,6.8300001));
#5367 = CARTESIAN_POINT('',(-3.55005,2.65,6.8300001));
#5368 = ORIENTED_EDGE('',*,*,#5159,.T.);
#5369 = B_SPLINE_SURFACE_WITH_KNOTS('',1,1,(
    (#5370,#5371)
    ,(#5372,#5373
    )),.UNSPECIFIED.,.F.,.F.,.F.,(2,2),(2,2),(-1.12,5.644305483578),(
    -1.7,1.12),.PIECEWISE_BEZIER_KNOTS.);
#5370 = CARTESIAN_POINT('',(-3.55005,0.95,7.4700001));
#5371 = CARTESIAN_POINT('',(-3.55005,3.77,7.4700001));
#5372 = CARTESIAN_POINT('',(-3.55005,0.95,0.705694616422));
#5373 = CARTESIAN_POINT('',(-3.55005,3.77,0.705694616422));
#5374 = ADVANCED_FACE('',(#5375),#5381,.F.);
#5375 = FACE_BOUND('',#5376,.T.);
#5376 = EDGE_LOOP('',(#5377,#5378,#5379,#5380));
#5377 = ORIENTED_EDGE('',*,*,#5364,.F.);
#5378 = ORIENTED_EDGE('',*,*,#4072,.T.);
#5379 = ORIENTED_EDGE('',*,*,#5330,.T.);
#5380 = ORIENTED_EDGE('',*,*,#5150,.F.);
#5381 = B_SPLINE_SURFACE_WITH_KNOTS('',1,1,(
    (#5382,#5383)
    ,(#5384,#5385
    )),.UNSPECIFIED.,.F.,.F.,.F.,(2,2),(2,2),(-7.9,-6.2),(-0.64,0.),
  .PIECEWISE_BEZIER_KNOTS.);
#5382 = CARTESIAN_POINT('',(-4.19005,2.65,6.8300001));
#5383 = CARTESIAN_POINT('',(-3.55005,2.65,6.8300001));
#5384 = CARTESIAN_POINT('',(-4.19005,0.95,6.8300001));
#5385 = CARTESIAN_POINT('',(-3.55005,0.95,6.8300001));
#5386 = ADVANCED_FACE('',(#5387),#5393,.T.);
#5387 = FACE_BOUND('',#5388,.T.);
#5388 = EDGE_LOOP('',(#5389,#5390,#5391,#5392));
#5389 = ORIENTED_EDGE('',*,*,#4088,.F.);
#5390 = ORIENTED_EDGE('',*,*,#5358,.T.);
#5391 = ORIENTED_EDGE('',*,*,#5298,.T.);
#5392 = ORIENTED_EDGE('',*,*,#5336,.F.);
#5393 = B_SPLINE_SURFACE_WITH_KNOTS('',1,1,(
    (#5394,#5395)
    ,(#5396,#5397
    )),.UNSPECIFIED.,.F.,.F.,.F.,(2,2),(2,2),(-7.9,-6.2),(-0.64,0.),
  .PIECEWISE_BEZIER_KNOTS.);
#5394 = CARTESIAN_POINT('',(-4.19005,2.65,7.4700001));
#5395 = CARTESIAN_POINT('',(-3.55005,2.65,7.4700001));
#5396 = CARTESIAN_POINT('',(-4.19005,0.95,7.4700001));
#5397 = CARTESIAN_POINT('',(-3.55005,0.95,7.4700001));
#5398 = ADVANCED_FACE('',(#5399),#5421,.T.);
#5399 = FACE_BOUND('',#5400,.T.);
#5400 = EDGE_LOOP('',(#5401,#5408,#5415,#5420));
#5401 = ORIENTED_EDGE('',*,*,#5402,.F.);
#5402 = EDGE_CURVE('',#5403,#2727,#5405,.T.);
#5403 = VERTEX_POINT('',#5404);
#5404 = CARTESIAN_POINT('',(-4.19005,-4.544305483578,7.4700001));
#5405 = B_SPLINE_CURVE_WITH_KNOTS('',1,(#5406,#5407),.UNSPECIFIED.,.F.,
  .F.,(2,2),(0.705694516422,5.5),.PIECEWISE_BEZIER_KNOTS.);
#5406 = CARTESIAN_POINT('',(-4.19005,-4.544305483578,7.4700001));
#5407 = CARTESIAN_POINT('',(-4.19005,0.25,7.4700001));
#5408 = ORIENTED_EDGE('',*,*,#5409,.T.);
#5409 = EDGE_CURVE('',#5403,#5410,#5412,.T.);
#5410 = VERTEX_POINT('',#5411);
#5411 = CARTESIAN_POINT('',(-3.55005,-4.544305483578,7.4700001));
#5412 = B_SPLINE_CURVE_WITH_KNOTS('',1,(#5413,#5414),.UNSPECIFIED.,.F.,
  .F.,(2,2),(-0.64,0.),.PIECEWISE_BEZIER_KNOTS.);
#5413 = CARTESIAN_POINT('',(-4.19005,-4.544305483578,7.4700001));
#5414 = CARTESIAN_POINT('',(-3.55005,-4.544305483578,7.4700001));
#5415 = ORIENTED_EDGE('',*,*,#5416,.T.);
#5416 = EDGE_CURVE('',#5410,#2729,#5417,.T.);
#5417 = B_SPLINE_CURVE_WITH_KNOTS('',1,(#5418,#5419),.UNSPECIFIED.,.F.,
  .F.,(2,2),(0.705694516422,5.5),.PIECEWISE_BEZIER_KNOTS.);
#5418 = CARTESIAN_POINT('',(-3.55005,-4.544305483578,7.4700001));
#5419 = CARTESIAN_POINT('',(-3.55005,0.25,7.4700001));
#5420 = ORIENTED_EDGE('',*,*,#2726,.F.);
#5421 = B_SPLINE_SURFACE_WITH_KNOTS('',1,1,(
    (#5422,#5423)
    ,(#5424,#5425
    )),.UNSPECIFIED.,.F.,.F.,.F.,(2,2),(2,2),(-5.5,-0.705694516422),(
    -0.64,0.),.PIECEWISE_BEZIER_KNOTS.);
#5422 = CARTESIAN_POINT('',(-4.19005,0.25,7.4700001));
#5423 = CARTESIAN_POINT('',(-3.55005,0.25,7.4700001));
#5424 = CARTESIAN_POINT('',(-4.19005,-4.544305483578,7.4700001));
#5425 = CARTESIAN_POINT('',(-3.55005,-4.544305483578,7.4700001));
#5426 = ADVANCED_FACE('',(#5427),#5449,.F.);
#5427 = FACE_BOUND('',#5428,.T.);
#5428 = EDGE_LOOP('',(#5429,#5436,#5443,#5448));
#5429 = ORIENTED_EDGE('',*,*,#5430,.F.);
#5430 = EDGE_CURVE('',#5431,#2736,#5433,.T.);
#5431 = VERTEX_POINT('',#5432);
#5432 = CARTESIAN_POINT('',(-3.55005,-4.544305483578,6.8300001));
#5433 = B_SPLINE_CURVE_WITH_KNOTS('',1,(#5434,#5435),.UNSPECIFIED.,.F.,
  .F.,(2,2),(0.705694516422,5.5),.PIECEWISE_BEZIER_KNOTS.);
#5434 = CARTESIAN_POINT('',(-3.55005,-4.544305483578,6.8300001));
#5435 = CARTESIAN_POINT('',(-3.55005,0.25,6.8300001));
#5436 = ORIENTED_EDGE('',*,*,#5437,.T.);
#5437 = EDGE_CURVE('',#5431,#5438,#5440,.T.);
#5438 = VERTEX_POINT('',#5439);
#5439 = CARTESIAN_POINT('',(-4.19005,-4.544305483578,6.8300001));
#5440 = B_SPLINE_CURVE_WITH_KNOTS('',1,(#5441,#5442),.UNSPECIFIED.,.F.,
  .F.,(2,2),(-0.64,0.),.PIECEWISE_BEZIER_KNOTS.);
#5441 = CARTESIAN_POINT('',(-3.55005,-4.544305483578,6.8300001));
#5442 = CARTESIAN_POINT('',(-4.19005,-4.544305483578,6.8300001));
#5443 = ORIENTED_EDGE('',*,*,#5444,.T.);
#5444 = EDGE_CURVE('',#5438,#2743,#5445,.T.);
#5445 = B_SPLINE_CURVE_WITH_KNOTS('',1,(#5446,#5447),.UNSPECIFIED.,.F.,
  .F.,(2,2),(0.705694516422,5.5),.PIECEWISE_BEZIER_KNOTS.);
#5446 = CARTESIAN_POINT('',(-4.19005,-4.544305483578,6.8300001));
#5447 = CARTESIAN_POINT('',(-4.19005,0.25,6.8300001));
#5448 = ORIENTED_EDGE('',*,*,#2742,.T.);
#5449 = B_SPLINE_SURFACE_WITH_KNOTS('',1,1,(
    (#5450,#5451)
    ,(#5452,#5453
    )),.UNSPECIFIED.,.F.,.F.,.F.,(2,2),(2,2),(-5.5,-0.705694516422),(
    -0.64,0.),.PIECEWISE_BEZIER_KNOTS.);
#5450 = CARTESIAN_POINT('',(-4.19005,0.25,6.8300001));
#5451 = CARTESIAN_POINT('',(-3.55005,0.25,6.8300001));
#5452 = CARTESIAN_POINT('',(-4.19005,-4.544305483578,6.8300001));
#5453 = CARTESIAN_POINT('',(-3.55005,-4.544305483578,6.8300001));
#5454 = ADVANCED_FACE('',(#5455),#5465,.T.);
#5455 = FACE_BOUND('',#5456,.T.);
#5456 = EDGE_LOOP('',(#5457,#5458,#5463,#5464));
#5457 = ORIENTED_EDGE('',*,*,#5416,.F.);
#5458 = ORIENTED_EDGE('',*,*,#5459,.T.);
#5459 = EDGE_CURVE('',#5410,#5431,#5460,.T.);
#5460 = B_SPLINE_CURVE_WITH_KNOTS('',1,(#5461,#5462),.UNSPECIFIED.,.F.,
  .F.,(2,2),(-1.12,-0.48),.PIECEWISE_BEZIER_KNOTS.);
#5461 = CARTESIAN_POINT('',(-3.55005,-4.544305483578,7.4700001));
#5462 = CARTESIAN_POINT('',(-3.55005,-4.544305483578,6.8300001));
#5463 = ORIENTED_EDGE('',*,*,#5430,.T.);
#5464 = ORIENTED_EDGE('',*,*,#2735,.F.);
#5465 = B_SPLINE_SURFACE_WITH_KNOTS('',1,1,(
    (#5466,#5467)
    ,(#5468,#5469
  )),.UNSPECIFIED.,.F.,.F.,.F.,(2,2),(2,2),(-1.12,-0.48),(
    -7.194305483578,-2.4),.PIECEWISE_BEZIER_KNOTS.);
#5466 = CARTESIAN_POINT('',(-3.55005,-4.544305483578,7.4700001));
#5467 = CARTESIAN_POINT('',(-3.55005,0.25,7.4700001));
#5468 = CARTESIAN_POINT('',(-3.55005,-4.544305483578,6.8300001));
#5469 = CARTESIAN_POINT('',(-3.55005,0.25,6.8300001));
#5470 = ADVANCED_FACE('',(#5471),#5481,.F.);
#5471 = FACE_BOUND('',#5472,.T.);
#5472 = EDGE_LOOP('',(#5473,#5474,#5479,#5480));
#5473 = ORIENTED_EDGE('',*,*,#5444,.F.);
#5474 = ORIENTED_EDGE('',*,*,#5475,.T.);
#5475 = EDGE_CURVE('',#5438,#5403,#5476,.T.);
#5476 = B_SPLINE_CURVE_WITH_KNOTS('',1,(#5477,#5478),.UNSPECIFIED.,.F.,
  .F.,(2,2),(-0.64,0.),.PIECEWISE_BEZIER_KNOTS.);
#5477 = CARTESIAN_POINT('',(-4.19005,-4.544305483578,6.8300001));
#5478 = CARTESIAN_POINT('',(-4.19005,-4.544305483578,7.4700001));
#5479 = ORIENTED_EDGE('',*,*,#5402,.T.);
#5480 = ORIENTED_EDGE('',*,*,#2749,.T.);
#5481 = B_SPLINE_SURFACE_WITH_KNOTS('',1,1,(
    (#5482,#5483)
    ,(#5484,#5485
  )),.UNSPECIFIED.,.F.,.F.,.F.,(2,2),(2,2),(-1.12,-0.48),(
    -7.194305483578,-2.4),.PIECEWISE_BEZIER_KNOTS.);
#5482 = CARTESIAN_POINT('',(-4.19005,-4.544305483578,7.4700001));
#5483 = CARTESIAN_POINT('',(-4.19005,0.25,7.4700001));
#5484 = CARTESIAN_POINT('',(-4.19005,-4.544305483578,6.8300001));
#5485 = CARTESIAN_POINT('',(-4.19005,0.25,6.8300001));
#5486 = ADVANCED_FACE('',(#5487),#5517,.T.);
#5487 = FACE_BOUND('',#5488,.T.);
#5488 = EDGE_LOOP('',(#5489,#5498,#5505,#5512));
#5489 = ORIENTED_EDGE('',*,*,#5490,.T.);
#5490 = EDGE_CURVE('',#5491,#5493,#5495,.T.);
#5491 = VERTEX_POINT('',#5492);
#5492 = CARTESIAN_POINT('',(-3.70005,-5.25,6.9800001));
#5493 = VERTEX_POINT('',#5494);
#5494 = CARTESIAN_POINT('',(-3.70005,-5.25,7.3200001));
#5495 = B_SPLINE_CURVE_WITH_KNOTS('',1,(#5496,#5497),.UNSPECIFIED.,.F.,
  .F.,(2,2),(0.15,0.49),.PIECEWISE_BEZIER_KNOTS.);
#5496 = CARTESIAN_POINT('',(-3.70005,-5.25,6.9800001));
#5497 = CARTESIAN_POINT('',(-3.70005,-5.25,7.3200001));
#5498 = ORIENTED_EDGE('',*,*,#5499,.T.);
#5499 = EDGE_CURVE('',#5493,#5500,#5502,.T.);
#5500 = VERTEX_POINT('',#5501);
#5501 = CARTESIAN_POINT('',(-4.04005,-5.25,7.3200001));
#5502 = B_SPLINE_CURVE_WITH_KNOTS('',1,(#5503,#5504),.UNSPECIFIED.,.F.,
  .F.,(2,2),(0.15,0.49),.PIECEWISE_BEZIER_KNOTS.);
#5503 = CARTESIAN_POINT('',(-3.70005,-5.25,7.3200001));
#5504 = CARTESIAN_POINT('',(-4.04005,-5.25,7.3200001));
#5505 = ORIENTED_EDGE('',*,*,#5506,.T.);
#5506 = EDGE_CURVE('',#5500,#5507,#5509,.T.);
#5507 = VERTEX_POINT('',#5508);
#5508 = CARTESIAN_POINT('',(-4.04005,-5.25,6.9800001));
#5509 = B_SPLINE_CURVE_WITH_KNOTS('',1,(#5510,#5511),.UNSPECIFIED.,.F.,
  .F.,(2,2),(-0.49,-0.15),.PIECEWISE_BEZIER_KNOTS.);
#5510 = CARTESIAN_POINT('',(-4.04005,-5.25,7.3200001));
#5511 = CARTESIAN_POINT('',(-4.04005,-5.25,6.9800001));
#5512 = ORIENTED_EDGE('',*,*,#5513,.T.);
#5513 = EDGE_CURVE('',#5507,#5491,#5514,.T.);
#5514 = B_SPLINE_CURVE_WITH_KNOTS('',1,(#5515,#5516),.UNSPECIFIED.,.F.,
  .F.,(2,2),(-0.49,-0.15),.PIECEWISE_BEZIER_KNOTS.);
#5515 = CARTESIAN_POINT('',(-4.04005,-5.25,6.9800001));
#5516 = CARTESIAN_POINT('',(-3.70005,-5.25,6.9800001));
#5517 = B_SPLINE_SURFACE_WITH_KNOTS('',1,1,(
    (#5518,#5519)
    ,(#5520,#5521
  )),.UNSPECIFIED.,.F.,.F.,.F.,(2,2),(2,2),(-0.49,-0.15),(-0.49,-0.15),
  .PIECEWISE_BEZIER_KNOTS.);
#5518 = CARTESIAN_POINT('',(-4.04005,-5.25,7.3200001));
#5519 = CARTESIAN_POINT('',(-3.70005,-5.25,7.3200001));
#5520 = CARTESIAN_POINT('',(-4.04005,-5.25,6.9800001));
#5521 = CARTESIAN_POINT('',(-3.70005,-5.25,6.9800001));
#5522 = ADVANCED_FACE('',(#5523),#5537,.F.);
#5523 = FACE_BOUND('',#5524,.T.);
#5524 = EDGE_LOOP('',(#5525,#5530,#5531,#5536));
#5525 = ORIENTED_EDGE('',*,*,#5526,.F.);
#5526 = EDGE_CURVE('',#4512,#4483,#5527,.T.);
#5527 = B_SPLINE_CURVE_WITH_KNOTS('',1,(#5528,#5529),.UNSPECIFIED.,.F.,
  .F.,(2,2),(-0.227985626347,0.508902934093),.PIECEWISE_BEZIER_KNOTS.);
#5528 = CARTESIAN_POINT('',(0.88995,3.77,0.705694616422));
#5529 = CARTESIAN_POINT('',(1.03995,3.62,9.999999983634E-08));
#5530 = ORIENTED_EDGE('',*,*,#4511,.F.);
#5531 = ORIENTED_EDGE('',*,*,#5532,.F.);
#5532 = EDGE_CURVE('',#4467,#4505,#5533,.T.);
#5533 = B_SPLINE_CURVE_WITH_KNOTS('',1,(#5534,#5535),.UNSPECIFIED.,.F.,
  .F.,(2,2),(-0.73688856044,8.505799574525E-16),
  .PIECEWISE_BEZIER_KNOTS.);
#5534 = CARTESIAN_POINT('',(1.37995,3.62,9.999999983634E-08));
#5535 = CARTESIAN_POINT('',(1.52995,3.77,0.705694616422));
#5536 = ORIENTED_EDGE('',*,*,#4489,.F.);
#5537 = B_SPLINE_SURFACE_WITH_KNOTS('',1,1,(
    (#5538,#5539)
    ,(#5540,#5541
    )),.UNSPECIFIED.,.F.,.F.,.F.,(2,2),(2,2),(-1.73142861034E-16,0.64),(
    -8.687695902532E-16,0.721460151712),.PIECEWISE_BEZIER_KNOTS.);
#5538 = CARTESIAN_POINT('',(1.52995,3.77,0.705694616422));
#5539 = CARTESIAN_POINT('',(1.52995,3.62,9.999999983634E-08));
#5540 = CARTESIAN_POINT('',(0.88995,3.77,0.705694616422));
#5541 = CARTESIAN_POINT('',(0.88995,3.62,9.999999983634E-08));
#5542 = ADVANCED_FACE('',(#5543),#5553,.F.);
#5543 = FACE_BOUND('',#5544,.T.);
#5544 = EDGE_LOOP('',(#5545,#5546,#5547,#5552));
#5545 = ORIENTED_EDGE('',*,*,#5532,.T.);
#5546 = ORIENTED_EDGE('',*,*,#4599,.F.);
#5547 = ORIENTED_EDGE('',*,*,#5548,.F.);
#5548 = EDGE_CURVE('',#4469,#4446,#5549,.T.);
#5549 = B_SPLINE_CURVE_WITH_KNOTS('',1,(#5550,#5551),.UNSPECIFIED.,.F.,
  .F.,(2,2),(9.974371152686E-02,0.836632271967),
  .PIECEWISE_BEZIER_KNOTS.);
#5550 = CARTESIAN_POINT('',(1.37995,3.28,9.999999983634E-08));
#5551 = CARTESIAN_POINT('',(1.52995,3.13,0.705694616422));
#5552 = ORIENTED_EDGE('',*,*,#4466,.F.);
#5553 = B_SPLINE_SURFACE_WITH_KNOTS('',1,1,(
    (#5554,#5555)
    ,(#5556,#5557
    )),.UNSPECIFIED.,.F.,.F.,.F.,(2,2),(2,2),(-1.73142861034E-16,0.64),(
    0.,0.721460151712),.PIECEWISE_BEZIER_KNOTS.);
#5554 = CARTESIAN_POINT('',(1.37995,3.77,9.999999983634E-08));
#5555 = CARTESIAN_POINT('',(1.52995,3.77,0.705694616422));
#5556 = CARTESIAN_POINT('',(1.37995,3.13,9.999999983634E-08));
#5557 = CARTESIAN_POINT('',(1.52995,3.13,0.705694616422));
#5558 = ADVANCED_FACE('',(#5559),#5569,.T.);
#5559 = FACE_BOUND('',#5560,.T.);
#5560 = EDGE_LOOP('',(#5561,#5562,#5563,#5568));
#5561 = ORIENTED_EDGE('',*,*,#5526,.T.);
#5562 = ORIENTED_EDGE('',*,*,#4482,.F.);
#5563 = ORIENTED_EDGE('',*,*,#5564,.F.);
#5564 = EDGE_CURVE('',#4439,#4476,#5565,.T.);
#5565 = B_SPLINE_CURVE_WITH_KNOTS('',1,(#5566,#5567),.UNSPECIFIED.,.F.,
  .F.,(2,2),(9.770812557733E-02,0.834596686018),
  .PIECEWISE_BEZIER_KNOTS.);
#5566 = CARTESIAN_POINT('',(0.88995,3.13,0.705694616422));
#5567 = CARTESIAN_POINT('',(1.03995,3.28,9.999999983634E-08));
#5568 = ORIENTED_EDGE('',*,*,#4571,.F.);
#5569 = B_SPLINE_SURFACE_WITH_KNOTS('',1,1,(
    (#5570,#5571)
    ,(#5572,#5573)),.UNSPECIFIED.,.F.,.F.,.F.,(2,2),(2,2),(0.48,1.12),(
    -2.775557561563E-17,0.721460151712),.PIECEWISE_BEZIER_KNOTS.);
#5570 = CARTESIAN_POINT('',(0.88995,3.13,0.705694616422));
#5571 = CARTESIAN_POINT('',(1.03995,3.13,9.999999983634E-08));
#5572 = CARTESIAN_POINT('',(0.88995,3.77,0.705694616422));
#5573 = CARTESIAN_POINT('',(1.03995,3.77,9.999999983634E-08));
#5574 = ADVANCED_FACE('',(#5575),#5581,.T.);
#5575 = FACE_BOUND('',#5576,.T.);
#5576 = EDGE_LOOP('',(#5577,#5578,#5579,#5580));
#5577 = ORIENTED_EDGE('',*,*,#5548,.T.);
#5578 = ORIENTED_EDGE('',*,*,#4445,.F.);
#5579 = ORIENTED_EDGE('',*,*,#5564,.T.);
#5580 = ORIENTED_EDGE('',*,*,#4475,.F.);
#5581 = B_SPLINE_SURFACE_WITH_KNOTS('',1,1,(
    (#5582,#5583)
    ,(#5584,#5585
    )),.UNSPECIFIED.,.F.,.F.,.F.,(2,2),(2,2),(-0.64,1.665334536938E-16),
  (-1.110223024625E-16,0.721460151712),.PIECEWISE_BEZIER_KNOTS.);
#5582 = CARTESIAN_POINT('',(0.88995,3.28,9.999999983634E-08));
#5583 = CARTESIAN_POINT('',(0.88995,3.13,0.705694616422));
#5584 = CARTESIAN_POINT('',(1.52995,3.28,9.999999983634E-08));
#5585 = CARTESIAN_POINT('',(1.52995,3.13,0.705694616422));
#5586 = ADVANCED_FACE('',(#5587),#5601,.T.);
#5587 = FACE_BOUND('',#5588,.T.);
#5588 = EDGE_LOOP('',(#5589,#5594,#5595,#5600));
#5589 = ORIENTED_EDGE('',*,*,#5590,.F.);
#5590 = EDGE_CURVE('',#4686,#4755,#5591,.T.);
#5591 = B_SPLINE_CURVE_WITH_KNOTS('',1,(#5592,#5593),.UNSPECIFIED.,.F.,
  .F.,(2,2),(9.770812557733E-02,0.834596686018),
  .PIECEWISE_BEZIER_KNOTS.);
#5592 = CARTESIAN_POINT('',(0.88995,-4.544305483578,6.8300001));
#5593 = CARTESIAN_POINT('',(1.03995,-5.25,6.9800001));
#5594 = ORIENTED_EDGE('',*,*,#4685,.F.);
#5595 = ORIENTED_EDGE('',*,*,#5596,.F.);
#5596 = EDGE_CURVE('',#4739,#4679,#5597,.T.);
#5597 = B_SPLINE_CURVE_WITH_KNOTS('',1,(#5598,#5599),.UNSPECIFIED.,.F.,
  .F.,(2,2),(-0.73688856044,0.),.PIECEWISE_BEZIER_KNOTS.);
#5598 = CARTESIAN_POINT('',(1.37995,-5.25,6.9800001));
#5599 = CARTESIAN_POINT('',(1.52995,-4.544305483578,6.8300001));
#5600 = ORIENTED_EDGE('',*,*,#4761,.F.);
#5601 = B_SPLINE_SURFACE_WITH_KNOTS('',1,1,(
    (#5602,#5603)
    ,(#5604,#5605
    )),.UNSPECIFIED.,.F.,.F.,.F.,(2,2),(2,2),(-0.64,0.),(
    -1.387778780781E-17,0.721460151712),.PIECEWISE_BEZIER_KNOTS.);
#5602 = CARTESIAN_POINT('',(0.88995,-4.544305483578,6.8300001));
#5603 = CARTESIAN_POINT('',(0.88995,-5.25,6.9800001));
#5604 = CARTESIAN_POINT('',(1.52995,-4.544305483578,6.8300001));
#5605 = CARTESIAN_POINT('',(1.52995,-5.25,6.9800001));
#5606 = ADVANCED_FACE('',(#5607),#5617,.F.);
#5607 = FACE_BOUND('',#5608,.T.);
#5608 = EDGE_LOOP('',(#5609,#5610,#5611,#5616));
#5609 = ORIENTED_EDGE('',*,*,#5596,.T.);
#5610 = ORIENTED_EDGE('',*,*,#4707,.F.);
#5611 = ORIENTED_EDGE('',*,*,#5612,.F.);
#5612 = EDGE_CURVE('',#4741,#4658,#5613,.T.);
#5613 = B_SPLINE_CURVE_WITH_KNOTS('',1,(#5614,#5615),.UNSPECIFIED.,.F.,
  .F.,(2,2),(9.974371152686E-02,0.836632271967),
  .PIECEWISE_BEZIER_KNOTS.);
#5614 = CARTESIAN_POINT('',(1.37995,-5.25,7.3200001));
#5615 = CARTESIAN_POINT('',(1.52995,-4.544305483578,7.4700001));
#5616 = ORIENTED_EDGE('',*,*,#4738,.F.);
#5617 = B_SPLINE_SURFACE_WITH_KNOTS('',1,1,(
    (#5618,#5619)
    ,(#5620,#5621
    )),.UNSPECIFIED.,.F.,.F.,.F.,(2,2),(2,2),(0.,0.64),(
    -1.110223024625E-16,0.721460151712),.PIECEWISE_BEZIER_KNOTS.);
#5618 = CARTESIAN_POINT('',(1.37995,-5.25,6.8300001));
#5619 = CARTESIAN_POINT('',(1.52995,-4.544305483578,6.8300001));
#5620 = CARTESIAN_POINT('',(1.37995,-5.25,7.4700001));
#5621 = CARTESIAN_POINT('',(1.52995,-4.544305483578,7.4700001));
#5622 = ADVANCED_FACE('',(#5623),#5633,.T.);
#5623 = FACE_BOUND('',#5624,.T.);
#5624 = EDGE_LOOP('',(#5625,#5626,#5627,#5632));
#5625 = ORIENTED_EDGE('',*,*,#5590,.T.);
#5626 = ORIENTED_EDGE('',*,*,#4754,.F.);
#5627 = ORIENTED_EDGE('',*,*,#5628,.F.);
#5628 = EDGE_CURVE('',#4651,#4748,#5629,.T.);
#5629 = B_SPLINE_CURVE_WITH_KNOTS('',1,(#5630,#5631),.UNSPECIFIED.,.F.,
  .F.,(2,2),(-0.227985626347,0.508902934093),.PIECEWISE_BEZIER_KNOTS.);
#5630 = CARTESIAN_POINT('',(0.88995,-4.544305483578,7.4700001));
#5631 = CARTESIAN_POINT('',(1.03995,-5.25,7.3200001));
#5632 = ORIENTED_EDGE('',*,*,#4723,.F.);
#5633 = B_SPLINE_SURFACE_WITH_KNOTS('',1,1,(
    (#5634,#5635)
    ,(#5636,#5637
  )),.UNSPECIFIED.,.F.,.F.,.F.,(2,2),(2,2),(-1.12,-0.48),(
    -5.551115123126E-17,0.721460151712),.PIECEWISE_BEZIER_KNOTS.);
#5634 = CARTESIAN_POINT('',(0.88995,-4.544305483578,7.4700001));
#5635 = CARTESIAN_POINT('',(1.03995,-5.25,7.4700001));
#5636 = CARTESIAN_POINT('',(0.88995,-4.544305483578,6.8300001));
#5637 = CARTESIAN_POINT('',(1.03995,-5.25,6.8300001));
#5638 = ADVANCED_FACE('',(#5639),#5645,.F.);
#5639 = FACE_BOUND('',#5640,.T.);
#5640 = EDGE_LOOP('',(#5641,#5642,#5643,#5644));
#5641 = ORIENTED_EDGE('',*,*,#5612,.T.);
#5642 = ORIENTED_EDGE('',*,*,#4657,.F.);
#5643 = ORIENTED_EDGE('',*,*,#5628,.T.);
#5644 = ORIENTED_EDGE('',*,*,#4747,.F.);
#5645 = B_SPLINE_SURFACE_WITH_KNOTS('',1,1,(
    (#5646,#5647)
    ,(#5648,#5649
    )),.UNSPECIFIED.,.F.,.F.,.F.,(2,2),(2,2),(-1.387778780781E-16,0.64),
  (-5.551115123126E-17,0.721460151712),.PIECEWISE_BEZIER_KNOTS.);
#5646 = CARTESIAN_POINT('',(1.52995,-5.25,7.3200001));
#5647 = CARTESIAN_POINT('',(1.52995,-4.544305483578,7.4700001));
#5648 = CARTESIAN_POINT('',(0.88995,-5.25,7.3200001));
#5649 = CARTESIAN_POINT('',(0.88995,-4.544305483578,7.4700001));
#5650 = ADVANCED_FACE('',(#5651),#5665,.F.);
#5651 = FACE_BOUND('',#5652,.T.);
#5652 = EDGE_LOOP('',(#5653,#5658,#5659,#5664));
#5653 = ORIENTED_EDGE('',*,*,#5654,.F.);
#5654 = EDGE_CURVE('',#4888,#4859,#5655,.T.);
#5655 = B_SPLINE_CURVE_WITH_KNOTS('',1,(#5656,#5657),.UNSPECIFIED.,.F.,
  .F.,(2,2),(-0.227985626347,0.508902934093),.PIECEWISE_BEZIER_KNOTS.);
#5656 = CARTESIAN_POINT('',(-1.65005,3.77,0.705694616422));
#5657 = CARTESIAN_POINT('',(-1.50005,3.62,9.999999983634E-08));
#5658 = ORIENTED_EDGE('',*,*,#4887,.F.);
#5659 = ORIENTED_EDGE('',*,*,#5660,.F.);
#5660 = EDGE_CURVE('',#4843,#4881,#5661,.T.);
#5661 = B_SPLINE_CURVE_WITH_KNOTS('',1,(#5662,#5663),.UNSPECIFIED.,.F.,
  .F.,(2,2),(-0.73688856044,8.505799574525E-16),
  .PIECEWISE_BEZIER_KNOTS.);
#5662 = CARTESIAN_POINT('',(-1.16005,3.62,9.999999983634E-08));
#5663 = CARTESIAN_POINT('',(-1.01005,3.77,0.705694616422));
#5664 = ORIENTED_EDGE('',*,*,#4865,.F.);
#5665 = B_SPLINE_SURFACE_WITH_KNOTS('',1,1,(
    (#5666,#5667)
    ,(#5668,#5669
    )),.UNSPECIFIED.,.F.,.F.,.F.,(2,2),(2,2),(-1.73142861034E-16,0.64),(
    -8.687695902532E-16,0.721460151712),.PIECEWISE_BEZIER_KNOTS.);
#5666 = CARTESIAN_POINT('',(-1.01005,3.77,0.705694616422));
#5667 = CARTESIAN_POINT('',(-1.01005,3.62,9.999999983634E-08));
#5668 = CARTESIAN_POINT('',(-1.65005,3.77,0.705694616422));
#5669 = CARTESIAN_POINT('',(-1.65005,3.62,9.999999983634E-08));
#5670 = ADVANCED_FACE('',(#5671),#5681,.F.);
#5671 = FACE_BOUND('',#5672,.T.);
#5672 = EDGE_LOOP('',(#5673,#5674,#5675,#5680));
#5673 = ORIENTED_EDGE('',*,*,#5660,.T.);
#5674 = ORIENTED_EDGE('',*,*,#4975,.F.);
#5675 = ORIENTED_EDGE('',*,*,#5676,.F.);
#5676 = EDGE_CURVE('',#4845,#4822,#5677,.T.);
#5677 = B_SPLINE_CURVE_WITH_KNOTS('',1,(#5678,#5679),.UNSPECIFIED.,.F.,
  .F.,(2,2),(9.974371152686E-02,0.836632271967),
  .PIECEWISE_BEZIER_KNOTS.);
#5678 = CARTESIAN_POINT('',(-1.16005,3.28,9.999999983634E-08));
#5679 = CARTESIAN_POINT('',(-1.01005,3.13,0.705694616422));
#5680 = ORIENTED_EDGE('',*,*,#4842,.F.);
#5681 = B_SPLINE_SURFACE_WITH_KNOTS('',1,1,(
    (#5682,#5683)
    ,(#5684,#5685
    )),.UNSPECIFIED.,.F.,.F.,.F.,(2,2),(2,2),(-1.73142861034E-16,0.64),(
    0.,0.721460151712),.PIECEWISE_BEZIER_KNOTS.);
#5682 = CARTESIAN_POINT('',(-1.16005,3.77,9.999999983634E-08));
#5683 = CARTESIAN_POINT('',(-1.01005,3.77,0.705694616422));
#5684 = CARTESIAN_POINT('',(-1.16005,3.13,9.999999983634E-08));
#5685 = CARTESIAN_POINT('',(-1.01005,3.13,0.705694616422));
#5686 = ADVANCED_FACE('',(#5687),#5697,.T.);
#5687 = FACE_BOUND('',#5688,.T.);
#5688 = EDGE_LOOP('',(#5689,#5690,#5691,#5696));
#5689 = ORIENTED_EDGE('',*,*,#5654,.T.);
#5690 = ORIENTED_EDGE('',*,*,#4858,.F.);
#5691 = ORIENTED_EDGE('',*,*,#5692,.F.);
#5692 = EDGE_CURVE('',#4815,#4852,#5693,.T.);
#5693 = B_SPLINE_CURVE_WITH_KNOTS('',1,(#5694,#5695),.UNSPECIFIED.,.F.,
  .F.,(2,2),(9.770812557733E-02,0.834596686018),
  .PIECEWISE_BEZIER_KNOTS.);
#5694 = CARTESIAN_POINT('',(-1.65005,3.13,0.705694616422));
#5695 = CARTESIAN_POINT('',(-1.50005,3.28,9.999999983634E-08));
#5696 = ORIENTED_EDGE('',*,*,#4947,.F.);
#5697 = B_SPLINE_SURFACE_WITH_KNOTS('',1,1,(
    (#5698,#5699)
    ,(#5700,#5701)),.UNSPECIFIED.,.F.,.F.,.F.,(2,2),(2,2),(0.48,1.12),(
    -5.551115123126E-17,0.721460151712),.PIECEWISE_BEZIER_KNOTS.);
#5698 = CARTESIAN_POINT('',(-1.65005,3.13,0.705694616422));
#5699 = CARTESIAN_POINT('',(-1.50005,3.13,9.999999983634E-08));
#5700 = CARTESIAN_POINT('',(-1.65005,3.77,0.705694616422));
#5701 = CARTESIAN_POINT('',(-1.50005,3.77,9.999999983634E-08));
#5702 = ADVANCED_FACE('',(#5703),#5709,.T.);
#5703 = FACE_BOUND('',#5704,.T.);
#5704 = EDGE_LOOP('',(#5705,#5706,#5707,#5708));
#5705 = ORIENTED_EDGE('',*,*,#5676,.T.);
#5706 = ORIENTED_EDGE('',*,*,#4821,.F.);
#5707 = ORIENTED_EDGE('',*,*,#5692,.T.);
#5708 = ORIENTED_EDGE('',*,*,#4851,.F.);
#5709 = B_SPLINE_SURFACE_WITH_KNOTS('',1,1,(
    (#5710,#5711)
    ,(#5712,#5713
    )),.UNSPECIFIED.,.F.,.F.,.F.,(2,2),(2,2),(-0.64,1.665334536938E-16),
  (-1.110223024625E-16,0.721460151712),.PIECEWISE_BEZIER_KNOTS.);
#5710 = CARTESIAN_POINT('',(-1.65005,3.28,9.999999983634E-08));
#5711 = CARTESIAN_POINT('',(-1.65005,3.13,0.705694616422));
#5712 = CARTESIAN_POINT('',(-1.01005,3.28,9.999999983634E-08));
#5713 = CARTESIAN_POINT('',(-1.01005,3.13,0.705694616422));
#5714 = ADVANCED_FACE('',(#5715),#5729,.T.);
#5715 = FACE_BOUND('',#5716,.T.);
#5716 = EDGE_LOOP('',(#5717,#5722,#5723,#5728));
#5717 = ORIENTED_EDGE('',*,*,#5718,.F.);
#5718 = EDGE_CURVE('',#5062,#5131,#5719,.T.);
#5719 = B_SPLINE_CURVE_WITH_KNOTS('',1,(#5720,#5721),.UNSPECIFIED.,.F.,
  .F.,(2,2),(9.770812557733E-02,0.834596686018),
  .PIECEWISE_BEZIER_KNOTS.);
#5720 = CARTESIAN_POINT('',(-1.65005,-4.544305483578,6.8300001));
#5721 = CARTESIAN_POINT('',(-1.50005,-5.25,6.9800001));
#5722 = ORIENTED_EDGE('',*,*,#5061,.F.);
#5723 = ORIENTED_EDGE('',*,*,#5724,.F.);
#5724 = EDGE_CURVE('',#5115,#5055,#5725,.T.);
#5725 = B_SPLINE_CURVE_WITH_KNOTS('',1,(#5726,#5727),.UNSPECIFIED.,.F.,
  .F.,(2,2),(-0.73688856044,0.),.PIECEWISE_BEZIER_KNOTS.);
#5726 = CARTESIAN_POINT('',(-1.16005,-5.25,6.9800001));
#5727 = CARTESIAN_POINT('',(-1.01005,-4.544305483578,6.8300001));
#5728 = ORIENTED_EDGE('',*,*,#5137,.F.);
#5729 = B_SPLINE_SURFACE_WITH_KNOTS('',1,1,(
    (#5730,#5731)
    ,(#5732,#5733
    )),.UNSPECIFIED.,.F.,.F.,.F.,(2,2),(2,2),(-0.64,0.),(0.,
    0.721460151712),.PIECEWISE_BEZIER_KNOTS.);
#5730 = CARTESIAN_POINT('',(-1.65005,-4.544305483578,6.8300001));
#5731 = CARTESIAN_POINT('',(-1.65005,-5.25,6.9800001));
#5732 = CARTESIAN_POINT('',(-1.01005,-4.544305483578,6.8300001));
#5733 = CARTESIAN_POINT('',(-1.01005,-5.25,6.9800001));
#5734 = ADVANCED_FACE('',(#5735),#5745,.F.);
#5735 = FACE_BOUND('',#5736,.T.);
#5736 = EDGE_LOOP('',(#5737,#5738,#5739,#5744));
#5737 = ORIENTED_EDGE('',*,*,#5724,.T.);
#5738 = ORIENTED_EDGE('',*,*,#5083,.F.);
#5739 = ORIENTED_EDGE('',*,*,#5740,.F.);
#5740 = EDGE_CURVE('',#5117,#5034,#5741,.T.);
#5741 = B_SPLINE_CURVE_WITH_KNOTS('',1,(#5742,#5743),.UNSPECIFIED.,.F.,
  .F.,(2,2),(9.974371152686E-02,0.836632271967),
  .PIECEWISE_BEZIER_KNOTS.);
#5742 = CARTESIAN_POINT('',(-1.16005,-5.25,7.3200001));
#5743 = CARTESIAN_POINT('',(-1.01005,-4.544305483578,7.4700001));
#5744 = ORIENTED_EDGE('',*,*,#5114,.F.);
#5745 = B_SPLINE_SURFACE_WITH_KNOTS('',1,1,(
    (#5746,#5747)
    ,(#5748,#5749
    )),.UNSPECIFIED.,.F.,.F.,.F.,(2,2),(2,2),(0.,0.64),(
    -1.110223024625E-16,0.721460151712),.PIECEWISE_BEZIER_KNOTS.);
#5746 = CARTESIAN_POINT('',(-1.16005,-5.25,6.8300001));
#5747 = CARTESIAN_POINT('',(-1.01005,-4.544305483578,6.8300001));
#5748 = CARTESIAN_POINT('',(-1.16005,-5.25,7.4700001));
#5749 = CARTESIAN_POINT('',(-1.01005,-4.544305483578,7.4700001));
#5750 = ADVANCED_FACE('',(#5751),#5761,.T.);
#5751 = FACE_BOUND('',#5752,.T.);
#5752 = EDGE_LOOP('',(#5753,#5754,#5755,#5760));
#5753 = ORIENTED_EDGE('',*,*,#5718,.T.);
#5754 = ORIENTED_EDGE('',*,*,#5130,.F.);
#5755 = ORIENTED_EDGE('',*,*,#5756,.F.);
#5756 = EDGE_CURVE('',#5027,#5124,#5757,.T.);
#5757 = B_SPLINE_CURVE_WITH_KNOTS('',1,(#5758,#5759),.UNSPECIFIED.,.F.,
  .F.,(2,2),(-0.227985626347,0.508902934093),.PIECEWISE_BEZIER_KNOTS.);
#5758 = CARTESIAN_POINT('',(-1.65005,-4.544305483578,7.4700001));
#5759 = CARTESIAN_POINT('',(-1.50005,-5.25,7.3200001));
#5760 = ORIENTED_EDGE('',*,*,#5099,.F.);
#5761 = B_SPLINE_SURFACE_WITH_KNOTS('',1,1,(
    (#5762,#5763)
    ,(#5764,#5765
  )),.UNSPECIFIED.,.F.,.F.,.F.,(2,2),(2,2),(-1.12,-0.48),(
    -8.326672684689E-17,0.721460151712),.PIECEWISE_BEZIER_KNOTS.);
#5762 = CARTESIAN_POINT('',(-1.65005,-4.544305483578,7.4700001));
#5763 = CARTESIAN_POINT('',(-1.50005,-5.25,7.4700001));
#5764 = CARTESIAN_POINT('',(-1.65005,-4.544305483578,6.8300001));
#5765 = CARTESIAN_POINT('',(-1.50005,-5.25,6.8300001));
#5766 = ADVANCED_FACE('',(#5767),#5773,.F.);
#5767 = FACE_BOUND('',#5768,.T.);
#5768 = EDGE_LOOP('',(#5769,#5770,#5771,#5772));
#5769 = ORIENTED_EDGE('',*,*,#5740,.T.);
#5770 = ORIENTED_EDGE('',*,*,#5033,.F.);
#5771 = ORIENTED_EDGE('',*,*,#5756,.T.);
#5772 = ORIENTED_EDGE('',*,*,#5123,.F.);
#5773 = B_SPLINE_SURFACE_WITH_KNOTS('',1,1,(
    (#5774,#5775)
    ,(#5776,#5777
    )),.UNSPECIFIED.,.F.,.F.,.F.,(2,2),(2,2),(-1.387778780781E-16,0.64),
  (-5.551115123126E-17,0.721460151712),.PIECEWISE_BEZIER_KNOTS.);
#5774 = CARTESIAN_POINT('',(-1.01005,-5.25,7.3200001));
#5775 = CARTESIAN_POINT('',(-1.01005,-4.544305483578,7.4700001));
#5776 = CARTESIAN_POINT('',(-1.65005,-5.25,7.3200001));
#5777 = CARTESIAN_POINT('',(-1.65005,-4.544305483578,7.4700001));
#5778 = ADVANCED_FACE('',(#5779),#5793,.F.);
#5779 = FACE_BOUND('',#5780,.T.);
#5780 = EDGE_LOOP('',(#5781,#5786,#5787,#5792));
#5781 = ORIENTED_EDGE('',*,*,#5782,.F.);
#5782 = EDGE_CURVE('',#5264,#5235,#5783,.T.);
#5783 = B_SPLINE_CURVE_WITH_KNOTS('',1,(#5784,#5785),.UNSPECIFIED.,.F.,
  .F.,(2,2),(-0.227985626347,0.508902934093),.PIECEWISE_BEZIER_KNOTS.);
#5784 = CARTESIAN_POINT('',(-4.19005,3.77,0.705694616422));
#5785 = CARTESIAN_POINT('',(-4.04005,3.62,9.999999983634E-08));
#5786 = ORIENTED_EDGE('',*,*,#5263,.F.);
#5787 = ORIENTED_EDGE('',*,*,#5788,.F.);
#5788 = EDGE_CURVE('',#5219,#5257,#5789,.T.);
#5789 = B_SPLINE_CURVE_WITH_KNOTS('',1,(#5790,#5791),.UNSPECIFIED.,.F.,
  .F.,(2,2),(-0.73688856044,8.505799574525E-16),
  .PIECEWISE_BEZIER_KNOTS.);
#5790 = CARTESIAN_POINT('',(-3.70005,3.62,9.999999983634E-08));
#5791 = CARTESIAN_POINT('',(-3.55005,3.77,0.705694616422));
#5792 = ORIENTED_EDGE('',*,*,#5241,.F.);
#5793 = B_SPLINE_SURFACE_WITH_KNOTS('',1,1,(
    (#5794,#5795)
    ,(#5796,#5797
    )),.UNSPECIFIED.,.F.,.F.,.F.,(2,2),(2,2),(-1.73142861034E-16,0.64),(
    -8.687695902532E-16,0.721460151712),.PIECEWISE_BEZIER_KNOTS.);
#5794 = CARTESIAN_POINT('',(-3.55005,3.77,0.705694616422));
#5795 = CARTESIAN_POINT('',(-3.55005,3.62,9.999999983634E-08));
#5796 = CARTESIAN_POINT('',(-4.19005,3.77,0.705694616422));
#5797 = CARTESIAN_POINT('',(-4.19005,3.62,9.999999983634E-08));
#5798 = ADVANCED_FACE('',(#5799),#5809,.F.);
#5799 = FACE_BOUND('',#5800,.T.);
#5800 = EDGE_LOOP('',(#5801,#5802,#5803,#5808));
#5801 = ORIENTED_EDGE('',*,*,#5788,.T.);
#5802 = ORIENTED_EDGE('',*,*,#5351,.F.);
#5803 = ORIENTED_EDGE('',*,*,#5804,.F.);
#5804 = EDGE_CURVE('',#5221,#5198,#5805,.T.);
#5805 = B_SPLINE_CURVE_WITH_KNOTS('',1,(#5806,#5807),.UNSPECIFIED.,.F.,
  .F.,(2,2),(9.974371152686E-02,0.836632271967),
  .PIECEWISE_BEZIER_KNOTS.);
#5806 = CARTESIAN_POINT('',(-3.70005,3.28,9.999999983634E-08));
#5807 = CARTESIAN_POINT('',(-3.55005,3.13,0.705694616422));
#5808 = ORIENTED_EDGE('',*,*,#5218,.F.);
#5809 = B_SPLINE_SURFACE_WITH_KNOTS('',1,1,(
    (#5810,#5811)
    ,(#5812,#5813
    )),.UNSPECIFIED.,.F.,.F.,.F.,(2,2),(2,2),(-1.73142861034E-16,0.64),(
    0.,0.721460151712),.PIECEWISE_BEZIER_KNOTS.);
#5810 = CARTESIAN_POINT('',(-3.70005,3.77,9.999999983634E-08));
#5811 = CARTESIAN_POINT('',(-3.55005,3.77,0.705694616422));
#5812 = CARTESIAN_POINT('',(-3.70005,3.13,9.999999983634E-08));
#5813 = CARTESIAN_POINT('',(-3.55005,3.13,0.705694616422));
#5814 = ADVANCED_FACE('',(#5815),#5825,.T.);
#5815 = FACE_BOUND('',#5816,.T.);
#5816 = EDGE_LOOP('',(#5817,#5818,#5819,#5824));
#5817 = ORIENTED_EDGE('',*,*,#5782,.T.);
#5818 = ORIENTED_EDGE('',*,*,#5234,.F.);
#5819 = ORIENTED_EDGE('',*,*,#5820,.F.);
#5820 = EDGE_CURVE('',#5191,#5228,#5821,.T.);
#5821 = B_SPLINE_CURVE_WITH_KNOTS('',1,(#5822,#5823),.UNSPECIFIED.,.F.,
  .F.,(2,2),(9.770812557733E-02,0.834596686018),
  .PIECEWISE_BEZIER_KNOTS.);
#5822 = CARTESIAN_POINT('',(-4.19005,3.13,0.705694616422));
#5823 = CARTESIAN_POINT('',(-4.04005,3.28,9.999999983634E-08));
#5824 = ORIENTED_EDGE('',*,*,#5323,.F.);
#5825 = B_SPLINE_SURFACE_WITH_KNOTS('',1,1,(
    (#5826,#5827)
    ,(#5828,#5829)),.UNSPECIFIED.,.F.,.F.,.F.,(2,2),(2,2),(0.48,1.12),(
    -2.775557561563E-17,0.721460151712),.PIECEWISE_BEZIER_KNOTS.);
#5826 = CARTESIAN_POINT('',(-4.19005,3.13,0.705694616422));
#5827 = CARTESIAN_POINT('',(-4.04005,3.13,9.999999983634E-08));
#5828 = CARTESIAN_POINT('',(-4.19005,3.77,0.705694616422));
#5829 = CARTESIAN_POINT('',(-4.04005,3.77,9.999999983634E-08));
#5830 = ADVANCED_FACE('',(#5831),#5837,.T.);
#5831 = FACE_BOUND('',#5832,.T.);
#5832 = EDGE_LOOP('',(#5833,#5834,#5835,#5836));
#5833 = ORIENTED_EDGE('',*,*,#5804,.T.);
#5834 = ORIENTED_EDGE('',*,*,#5197,.F.);
#5835 = ORIENTED_EDGE('',*,*,#5820,.T.);
#5836 = ORIENTED_EDGE('',*,*,#5227,.F.);
#5837 = B_SPLINE_SURFACE_WITH_KNOTS('',1,1,(
    (#5838,#5839)
    ,(#5840,#5841
    )),.UNSPECIFIED.,.F.,.F.,.F.,(2,2),(2,2),(-0.64,1.665334536938E-16),
  (-1.110223024625E-16,0.721460151712),.PIECEWISE_BEZIER_KNOTS.);
#5838 = CARTESIAN_POINT('',(-4.19005,3.28,9.999999983634E-08));
#5839 = CARTESIAN_POINT('',(-4.19005,3.13,0.705694616422));
#5840 = CARTESIAN_POINT('',(-3.55005,3.28,9.999999983634E-08));
#5841 = CARTESIAN_POINT('',(-3.55005,3.13,0.705694616422));
#5842 = ADVANCED_FACE('',(#5843),#5857,.T.);
#5843 = FACE_BOUND('',#5844,.T.);
#5844 = EDGE_LOOP('',(#5845,#5850,#5851,#5856));
#5845 = ORIENTED_EDGE('',*,*,#5846,.F.);
#5846 = EDGE_CURVE('',#5438,#5507,#5847,.T.);
#5847 = B_SPLINE_CURVE_WITH_KNOTS('',1,(#5848,#5849),.UNSPECIFIED.,.F.,
  .F.,(2,2),(9.770812557733E-02,0.834596686018),
  .PIECEWISE_BEZIER_KNOTS.);
#5848 = CARTESIAN_POINT('',(-4.19005,-4.544305483578,6.8300001));
#5849 = CARTESIAN_POINT('',(-4.04005,-5.25,6.9800001));
#5850 = ORIENTED_EDGE('',*,*,#5437,.F.);
#5851 = ORIENTED_EDGE('',*,*,#5852,.F.);
#5852 = EDGE_CURVE('',#5491,#5431,#5853,.T.);
#5853 = B_SPLINE_CURVE_WITH_KNOTS('',1,(#5854,#5855),.UNSPECIFIED.,.F.,
  .F.,(2,2),(-0.73688856044,0.),.PIECEWISE_BEZIER_KNOTS.);
#5854 = CARTESIAN_POINT('',(-3.70005,-5.25,6.9800001));
#5855 = CARTESIAN_POINT('',(-3.55005,-4.544305483578,6.8300001));
#5856 = ORIENTED_EDGE('',*,*,#5513,.F.);
#5857 = B_SPLINE_SURFACE_WITH_KNOTS('',1,1,(
    (#5858,#5859)
    ,(#5860,#5861
    )),.UNSPECIFIED.,.F.,.F.,.F.,(2,2),(2,2),(-0.64,0.),(
    -1.110223024625E-16,0.721460151712),.PIECEWISE_BEZIER_KNOTS.);
#5858 = CARTESIAN_POINT('',(-4.19005,-4.544305483578,6.8300001));
#5859 = CARTESIAN_POINT('',(-4.19005,-5.25,6.9800001));
#5860 = CARTESIAN_POINT('',(-3.55005,-4.544305483578,6.8300001));
#5861 = CARTESIAN_POINT('',(-3.55005,-5.25,6.9800001));
#5862 = ADVANCED_FACE('',(#5863),#5873,.F.);
#5863 = FACE_BOUND('',#5864,.T.);
#5864 = EDGE_LOOP('',(#5865,#5866,#5867,#5872));
#5865 = ORIENTED_EDGE('',*,*,#5852,.T.);
#5866 = ORIENTED_EDGE('',*,*,#5459,.F.);
#5867 = ORIENTED_EDGE('',*,*,#5868,.F.);
#5868 = EDGE_CURVE('',#5493,#5410,#5869,.T.);
#5869 = B_SPLINE_CURVE_WITH_KNOTS('',1,(#5870,#5871),.UNSPECIFIED.,.F.,
  .F.,(2,2),(9.974371152686E-02,0.836632271967),
  .PIECEWISE_BEZIER_KNOTS.);
#5870 = CARTESIAN_POINT('',(-3.70005,-5.25,7.3200001));
#5871 = CARTESIAN_POINT('',(-3.55005,-4.544305483578,7.4700001));
#5872 = ORIENTED_EDGE('',*,*,#5490,.F.);
#5873 = B_SPLINE_SURFACE_WITH_KNOTS('',1,1,(
    (#5874,#5875)
    ,(#5876,#5877
    )),.UNSPECIFIED.,.F.,.F.,.F.,(2,2),(2,2),(0.,0.64),(
    -1.110223024625E-16,0.721460151712),.PIECEWISE_BEZIER_KNOTS.);
#5874 = CARTESIAN_POINT('',(-3.70005,-5.25,6.8300001));
#5875 = CARTESIAN_POINT('',(-3.55005,-4.544305483578,6.8300001));
#5876 = CARTESIAN_POINT('',(-3.70005,-5.25,7.4700001));
#5877 = CARTESIAN_POINT('',(-3.55005,-4.544305483578,7.4700001));
#5878 = ADVANCED_FACE('',(#5879),#5889,.T.);
#5879 = FACE_BOUND('',#5880,.T.);
#5880 = EDGE_LOOP('',(#5881,#5882,#5883,#5888));
#5881 = ORIENTED_EDGE('',*,*,#5846,.T.);
#5882 = ORIENTED_EDGE('',*,*,#5506,.F.);
#5883 = ORIENTED_EDGE('',*,*,#5884,.F.);
#5884 = EDGE_CURVE('',#5403,#5500,#5885,.T.);
#5885 = B_SPLINE_CURVE_WITH_KNOTS('',1,(#5886,#5887),.UNSPECIFIED.,.F.,
  .F.,(2,2),(-0.227985626347,0.508902934093),.PIECEWISE_BEZIER_KNOTS.);
#5886 = CARTESIAN_POINT('',(-4.19005,-4.544305483578,7.4700001));
#5887 = CARTESIAN_POINT('',(-4.04005,-5.25,7.3200001));
#5888 = ORIENTED_EDGE('',*,*,#5475,.F.);
#5889 = B_SPLINE_SURFACE_WITH_KNOTS('',1,1,(
    (#5890,#5891)
    ,(#5892,#5893
  )),.UNSPECIFIED.,.F.,.F.,.F.,(2,2),(2,2),(-1.12,-0.48),(
    -1.942890293094E-16,0.721460151712),.PIECEWISE_BEZIER_KNOTS.);
#5890 = CARTESIAN_POINT('',(-4.19005,-4.544305483578,7.4700001));
#5891 = CARTESIAN_POINT('',(-4.04005,-5.25,7.4700001));
#5892 = CARTESIAN_POINT('',(-4.19005,-4.544305483578,6.8300001));
#5893 = CARTESIAN_POINT('',(-4.04005,-5.25,6.8300001));
#5894 = ADVANCED_FACE('',(#5895),#5901,.F.);
#5895 = FACE_BOUND('',#5896,.T.);
#5896 = EDGE_LOOP('',(#5897,#5898,#5899,#5900));
#5897 = ORIENTED_EDGE('',*,*,#5868,.T.);
#5898 = ORIENTED_EDGE('',*,*,#5409,.F.);
#5899 = ORIENTED_EDGE('',*,*,#5884,.T.);
#5900 = ORIENTED_EDGE('',*,*,#5499,.F.);
#5901 = B_SPLINE_SURFACE_WITH_KNOTS('',1,1,(
    (#5902,#5903)
    ,(#5904,#5905
    )),.UNSPECIFIED.,.F.,.F.,.F.,(2,2),(2,2),(-5.551115123126E-16,0.64),
  (-1.110223024625E-16,0.721460151712),.PIECEWISE_BEZIER_KNOTS.);
#5902 = CARTESIAN_POINT('',(-3.55005,-5.25,7.3200001));
#5903 = CARTESIAN_POINT('',(-3.55005,-4.544305483578,7.4700001));
#5904 = CARTESIAN_POINT('',(-4.19005,-5.25,7.3200001));
#5905 = CARTESIAN_POINT('',(-4.19005,-4.544305483578,7.4700001));
#5906 = ADVANCED_FACE('',(#5907),#5929,.F.);
#5907 = FACE_BOUND('',#5908,.T.);
#5908 = EDGE_LOOP('',(#5909,#5910,#5917,#5924));
#5909 = ORIENTED_EDGE('',*,*,#584,.T.);
#5910 = ORIENTED_EDGE('',*,*,#5911,.F.);
#5911 = EDGE_CURVE('',#5912,#587,#5914,.T.);
#5912 = VERTEX_POINT('',#5913);
#5913 = CARTESIAN_POINT('',(6.20005,-0.980185203786,5.244608509306));
#5914 = B_SPLINE_CURVE_WITH_KNOTS('',1,(#5915,#5916),.UNSPECIFIED.,.F.,
  .F.,(2,2),(-0.,9.999999999977E-05),.PIECEWISE_BEZIER_KNOTS.);
#5915 = CARTESIAN_POINT('',(6.20005,-0.980185203786,5.244608509306));
#5916 = CARTESIAN_POINT('',(6.19995,-0.980185203786,5.244608509306));
#5917 = ORIENTED_EDGE('',*,*,#5918,.F.);
#5918 = EDGE_CURVE('',#5919,#5912,#5921,.T.);
#5919 = VERTEX_POINT('',#5920);
#5920 = CARTESIAN_POINT('',(6.20005,-0.980185203786,5.209828607005));
#5921 = B_SPLINE_CURVE_WITH_KNOTS('',1,(#5922,#5923),.UNSPECIFIED.,.F.,
  .F.,(2,2),(-3.477990230068E-02,0.),.PIECEWISE_BEZIER_KNOTS.);
#5922 = CARTESIAN_POINT('',(6.20005,-0.980185203786,5.209828607005));
#5923 = CARTESIAN_POINT('',(6.20005,-0.980185203786,5.244608509306));
#5924 = ORIENTED_EDGE('',*,*,#5925,.T.);
#5925 = EDGE_CURVE('',#5919,#585,#5926,.T.);
#5926 = B_SPLINE_CURVE_WITH_KNOTS('',1,(#5927,#5928),.UNSPECIFIED.,.F.,
  .F.,(2,2),(-0.,9.999999999977E-05),.PIECEWISE_BEZIER_KNOTS.);
#5927 = CARTESIAN_POINT('',(6.20005,-0.980185203786,5.209828607005));
#5928 = CARTESIAN_POINT('',(6.19995,-0.980185203786,5.209828607005));
#5929 = B_SPLINE_SURFACE_WITH_KNOTS('',1,1,(
    (#5930,#5931)
    ,(#5932,#5933
    )),.UNSPECIFIED.,.F.,.F.,.F.,(2,2),(2,2),(-0.,3.477990230068E-02),(
    -9.999999999977E-05,0.),.PIECEWISE_BEZIER_KNOTS.);
#5930 = CARTESIAN_POINT('',(6.19995,-0.980185203786,5.244608509306));
#5931 = CARTESIAN_POINT('',(6.20005,-0.980185203786,5.244608509306));
#5932 = CARTESIAN_POINT('',(6.19995,-0.980185203786,5.209828607005));
#5933 = CARTESIAN_POINT('',(6.20005,-0.980185203786,5.209828607005));
#5934 = ADVANCED_FACE('',(#5935),#5951,.F.);
#5935 = FACE_BOUND('',#5936,.T.);
#5936 = EDGE_LOOP('',(#5937,#5938,#5945,#5950));
#5937 = ORIENTED_EDGE('',*,*,#621,.T.);
#5938 = ORIENTED_EDGE('',*,*,#5939,.F.);
#5939 = EDGE_CURVE('',#5940,#615,#5942,.T.);
#5940 = VERTEX_POINT('',#5941);
#5941 = CARTESIAN_POINT('',(6.20005,-1.101680916309,5.244608509306));
#5942 = B_SPLINE_CURVE_WITH_KNOTS('',1,(#5943,#5944),.UNSPECIFIED.,.F.,
  .F.,(2,2),(-0.,9.999999999977E-05),.PIECEWISE_BEZIER_KNOTS.);
#5943 = CARTESIAN_POINT('',(6.20005,-1.101680916309,5.244608509306));
#5944 = CARTESIAN_POINT('',(6.19995,-1.101680916309,5.244608509306));
#5945 = ORIENTED_EDGE('',*,*,#5946,.F.);
#5946 = EDGE_CURVE('',#5912,#5940,#5947,.T.);
#5947 = B_SPLINE_CURVE_WITH_KNOTS('',1,(#5948,#5949),.UNSPECIFIED.,.F.,
  .F.,(2,2),(-0.121495712522,-0.),.PIECEWISE_BEZIER_KNOTS.);
#5948 = CARTESIAN_POINT('',(6.20005,-0.980185203786,5.244608509306));
#5949 = CARTESIAN_POINT('',(6.20005,-1.101680916309,5.244608509306));
#5950 = ORIENTED_EDGE('',*,*,#5911,.T.);
#5951 = B_SPLINE_SURFACE_WITH_KNOTS('',1,1,(
    (#5952,#5953)
    ,(#5954,#5955
    )),.UNSPECIFIED.,.F.,.F.,.F.,(2,2),(2,2),(-2.22044604925E-16,
    0.121495712522),(-9.999999999977E-05,0.),.PIECEWISE_BEZIER_KNOTS.);
#5952 = CARTESIAN_POINT('',(6.19995,-1.101680916309,5.244608509306));
#5953 = CARTESIAN_POINT('',(6.20005,-1.101680916309,5.244608509306));
#5954 = CARTESIAN_POINT('',(6.19995,-0.980185203786,5.244608509306));
#5955 = CARTESIAN_POINT('',(6.20005,-0.980185203786,5.244608509306));
#5956 = ADVANCED_FACE('',(#5957),#5973,.F.);
#5957 = FACE_BOUND('',#5958,.T.);
#5958 = EDGE_LOOP('',(#5959,#5960,#5967,#5972));
#5959 = ORIENTED_EDGE('',*,*,#614,.T.);
#5960 = ORIENTED_EDGE('',*,*,#5961,.F.);
#5961 = EDGE_CURVE('',#5962,#608,#5964,.T.);
#5962 = VERTEX_POINT('',#5963);
#5963 = CARTESIAN_POINT('',(6.20005,-1.101680916309,5.514893579652));
#5964 = B_SPLINE_CURVE_WITH_KNOTS('',1,(#5965,#5966),.UNSPECIFIED.,.F.,
  .F.,(2,2),(-0.,9.999999999977E-05),.PIECEWISE_BEZIER_KNOTS.);
#5965 = CARTESIAN_POINT('',(6.20005,-1.101680916309,5.514893579652));
#5966 = CARTESIAN_POINT('',(6.19995,-1.101680916309,5.514893579652));
#5967 = ORIENTED_EDGE('',*,*,#5968,.F.);
#5968 = EDGE_CURVE('',#5940,#5962,#5969,.T.);
#5969 = B_SPLINE_CURVE_WITH_KNOTS('',1,(#5970,#5971),.UNSPECIFIED.,.F.,
  .F.,(2,2),(-0.270285070346,0.),.PIECEWISE_BEZIER_KNOTS.);
#5970 = CARTESIAN_POINT('',(6.20005,-1.101680916309,5.244608509306));
#5971 = CARTESIAN_POINT('',(6.20005,-1.101680916309,5.514893579652));
#5972 = ORIENTED_EDGE('',*,*,#5939,.T.);
#5973 = B_SPLINE_SURFACE_WITH_KNOTS('',1,1,(
    (#5974,#5975)
    ,(#5976,#5977
    )),.UNSPECIFIED.,.F.,.F.,.F.,(2,2),(2,2),(-4.440892098501E-16,
    0.270285070346),(-9.999999999977E-05,0.),.PIECEWISE_BEZIER_KNOTS.);
#5974 = CARTESIAN_POINT('',(6.19995,-1.101680916309,5.514893579652));
#5975 = CARTESIAN_POINT('',(6.20005,-1.101680916309,5.514893579652));
#5976 = CARTESIAN_POINT('',(6.19995,-1.101680916309,5.244608509306));
#5977 = CARTESIAN_POINT('',(6.20005,-1.101680916309,5.244608509306));
#5978 = ADVANCED_FACE('',(#5979),#5995,.F.);
#5979 = FACE_BOUND('',#5980,.T.);
#5980 = EDGE_LOOP('',(#5981,#5982,#5989,#5994));
#5981 = ORIENTED_EDGE('',*,*,#607,.T.);
#5982 = ORIENTED_EDGE('',*,*,#5983,.F.);
#5983 = EDGE_CURVE('',#5984,#601,#5986,.T.);
#5984 = VERTEX_POINT('',#5985);
#5985 = CARTESIAN_POINT('',(6.20005,-1.141061747389,5.514893579652));
#5986 = B_SPLINE_CURVE_WITH_KNOTS('',1,(#5987,#5988),.UNSPECIFIED.,.F.,
  .F.,(2,2),(-0.,9.999999999977E-05),.PIECEWISE_BEZIER_KNOTS.);
#5987 = CARTESIAN_POINT('',(6.20005,-1.141061747389,5.514893579652));
#5988 = CARTESIAN_POINT('',(6.19995,-1.141061747389,5.514893579652));
#5989 = ORIENTED_EDGE('',*,*,#5990,.F.);
#5990 = EDGE_CURVE('',#5962,#5984,#5991,.T.);
#5991 = B_SPLINE_CURVE_WITH_KNOTS('',1,(#5992,#5993),.UNSPECIFIED.,.F.,
  .F.,(2,2),(-3.938083108034E-02,-0.),.PIECEWISE_BEZIER_KNOTS.);
#5992 = CARTESIAN_POINT('',(6.20005,-1.101680916309,5.514893579652));
#5993 = CARTESIAN_POINT('',(6.20005,-1.141061747389,5.514893579652));
#5994 = ORIENTED_EDGE('',*,*,#5961,.T.);
#5995 = B_SPLINE_SURFACE_WITH_KNOTS('',1,1,(
    (#5996,#5997)
    ,(#5998,#5999
    )),.UNSPECIFIED.,.F.,.F.,.F.,(2,2),(2,2),(0.,9.999999999977E-05),(
    -4.440892098501E-16,3.938083108034E-02),.PIECEWISE_BEZIER_KNOTS.);
#5996 = CARTESIAN_POINT('',(6.20005,-1.141061747389,5.514893579652));
#5997 = CARTESIAN_POINT('',(6.20005,-1.101680916309,5.514893579652));
#5998 = CARTESIAN_POINT('',(6.19995,-1.141061747389,5.514893579652));
#5999 = CARTESIAN_POINT('',(6.19995,-1.101680916309,5.514893579652));
#6000 = ADVANCED_FACE('',(#6001),#6017,.F.);
#6001 = FACE_BOUND('',#6002,.T.);
#6002 = EDGE_LOOP('',(#6003,#6004,#6011,#6016));
#6003 = ORIENTED_EDGE('',*,*,#600,.T.);
#6004 = ORIENTED_EDGE('',*,*,#6005,.F.);
#6005 = EDGE_CURVE('',#6006,#594,#6008,.T.);
#6006 = VERTEX_POINT('',#6007);
#6007 = CARTESIAN_POINT('',(6.20005,-1.141061747389,5.209828607005));
#6008 = B_SPLINE_CURVE_WITH_KNOTS('',1,(#6009,#6010),.UNSPECIFIED.,.F.,
  .F.,(2,2),(-0.,9.999999999977E-05),.PIECEWISE_BEZIER_KNOTS.);
#6009 = CARTESIAN_POINT('',(6.20005,-1.141061747389,5.209828607005));
#6010 = CARTESIAN_POINT('',(6.19995,-1.141061747389,5.209828607005));
#6011 = ORIENTED_EDGE('',*,*,#6012,.F.);
#6012 = EDGE_CURVE('',#5984,#6006,#6013,.T.);
#6013 = B_SPLINE_CURVE_WITH_KNOTS('',1,(#6014,#6015),.UNSPECIFIED.,.F.,
  .F.,(2,2),(-0.305064972647,0.),.PIECEWISE_BEZIER_KNOTS.);
#6014 = CARTESIAN_POINT('',(6.20005,-1.141061747389,5.514893579652));
#6015 = CARTESIAN_POINT('',(6.20005,-1.141061747389,5.209828607005));
#6016 = ORIENTED_EDGE('',*,*,#5983,.T.);
#6017 = B_SPLINE_SURFACE_WITH_KNOTS('',1,1,(
    (#6018,#6019)
    ,(#6020,#6021
    )),.UNSPECIFIED.,.F.,.F.,.F.,(2,2),(2,2),(-2.22044604925E-16,
    0.305064972647),(-9.999999999977E-05,0.),.PIECEWISE_BEZIER_KNOTS.);
#6018 = CARTESIAN_POINT('',(6.19995,-1.141061747389,5.209828607005));
#6019 = CARTESIAN_POINT('',(6.20005,-1.141061747389,5.209828607005));
#6020 = CARTESIAN_POINT('',(6.19995,-1.141061747389,5.514893579652));
#6021 = CARTESIAN_POINT('',(6.20005,-1.141061747389,5.514893579652));
#6022 = ADVANCED_FACE('',(#6023),#6033,.F.);
#6023 = FACE_BOUND('',#6024,.T.);
#6024 = EDGE_LOOP('',(#6025,#6026,#6027,#6032));
#6025 = ORIENTED_EDGE('',*,*,#593,.T.);
#6026 = ORIENTED_EDGE('',*,*,#5925,.F.);
#6027 = ORIENTED_EDGE('',*,*,#6028,.F.);
#6028 = EDGE_CURVE('',#6006,#5919,#6029,.T.);
#6029 = B_SPLINE_CURVE_WITH_KNOTS('',1,(#6030,#6031),.UNSPECIFIED.,.F.,
  .F.,(2,2),(-0.160876543603,0.),.PIECEWISE_BEZIER_KNOTS.);
#6030 = CARTESIAN_POINT('',(6.20005,-1.141061747389,5.209828607005));
#6031 = CARTESIAN_POINT('',(6.20005,-0.980185203786,5.209828607005));
#6032 = ORIENTED_EDGE('',*,*,#6005,.T.);
#6033 = B_SPLINE_SURFACE_WITH_KNOTS('',1,1,(
    (#6034,#6035)
    ,(#6036,#6037
    )),.UNSPECIFIED.,.F.,.F.,.F.,(2,2),(2,2),(-0.,0.160876543603),(
    -9.999999999977E-05,0.),.PIECEWISE_BEZIER_KNOTS.);
#6034 = CARTESIAN_POINT('',(6.19995,-0.980185203786,5.209828607005));
#6035 = CARTESIAN_POINT('',(6.20005,-0.980185203786,5.209828607005));
#6036 = CARTESIAN_POINT('',(6.19995,-1.141061747389,5.209828607005));
#6037 = CARTESIAN_POINT('',(6.20005,-1.141061747389,5.209828607005));
#6038 = ADVANCED_FACE('',(#6039),#6047,.F.);
#6039 = FACE_BOUND('',#6040,.T.);
#6040 = EDGE_LOOP('',(#6041,#6042,#6043,#6044,#6045,#6046));
#6041 = ORIENTED_EDGE('',*,*,#5918,.T.);
#6042 = ORIENTED_EDGE('',*,*,#5946,.T.);
#6043 = ORIENTED_EDGE('',*,*,#5968,.T.);
#6044 = ORIENTED_EDGE('',*,*,#5990,.T.);
#6045 = ORIENTED_EDGE('',*,*,#6012,.T.);
#6046 = ORIENTED_EDGE('',*,*,#6028,.T.);
#6047 = B_SPLINE_SURFACE_WITH_KNOTS('',1,1,(
    (#6048,#6049)
    ,(#6050,#6051
    )),.UNSPECIFIED.,.F.,.F.,.F.,(2,2),(2,2),(1.809828507005,
    2.114893479652),(-1.141061747389,-0.980185203786),
  .PIECEWISE_BEZIER_KNOTS.);
#6048 = CARTESIAN_POINT('',(6.20005,-1.141061747389,5.209828607005));
#6049 = CARTESIAN_POINT('',(6.20005,-0.980185203786,5.209828607005));
#6050 = CARTESIAN_POINT('',(6.20005,-1.141061747389,5.514893579652));
#6051 = CARTESIAN_POINT('',(6.20005,-0.980185203786,5.514893579652));
#6052 = ADVANCED_FACE('',(#6053),#6077,.F.);
#6053 = FACE_BOUND('',#6054,.F.);
#6054 = EDGE_LOOP('',(#6055,#6062,#6071,#6076));
#6055 = ORIENTED_EDGE('',*,*,#6056,.F.);
#6056 = EDGE_CURVE('',#6057,#381,#6059,.T.);
#6057 = VERTEX_POINT('',#6058);
#6058 = CARTESIAN_POINT('',(6.20005,-0.823753625277,5.204681805319));
#6059 = B_SPLINE_CURVE_WITH_KNOTS('',1,(#6060,#6061),.UNSPECIFIED.,.F.,
  .F.,(2,2),(-0.,9.999999999977E-05),.PIECEWISE_BEZIER_KNOTS.);
#6060 = CARTESIAN_POINT('',(6.20005,-0.823753625277,5.204681805319));
#6061 = CARTESIAN_POINT('',(6.19995,-0.823753625277,5.204681805319));
#6062 = ORIENTED_EDGE('',*,*,#6063,.T.);
#6063 = EDGE_CURVE('',#6057,#6064,#6066,.T.);
#6064 = VERTEX_POINT('',#6065);
#6065 = CARTESIAN_POINT('',(6.20005,-0.739299288524,5.222461665689));
#6066 = B_SPLINE_CURVE_WITH_KNOTS('',3,(#6067,#6068,#6069,#6070),
  .UNSPECIFIED.,.F.,.F.,(4,4),(0.,1.),.PIECEWISE_BEZIER_KNOTS.);
#6067 = CARTESIAN_POINT('',(6.20005,-0.823753625277,5.204681805319));
#6068 = CARTESIAN_POINT('',(6.20005,-0.789909505101,5.204681805319));
#6069 = CARTESIAN_POINT('',(6.20005,-0.761758059516,5.210608425442));
#6070 = CARTESIAN_POINT('',(6.20005,-0.739299288524,5.222461665689));
#6071 = ORIENTED_EDGE('',*,*,#6072,.T.);
#6072 = EDGE_CURVE('',#6064,#383,#6073,.T.);
#6073 = B_SPLINE_CURVE_WITH_KNOTS('',1,(#6074,#6075),.UNSPECIFIED.,.F.,
  .F.,(2,2),(-0.,9.999999999977E-05),.PIECEWISE_BEZIER_KNOTS.);
#6074 = CARTESIAN_POINT('',(6.20005,-0.739299288524,5.222461665689));
#6075 = CARTESIAN_POINT('',(6.19995,-0.739299288524,5.222461665689));
#6076 = ORIENTED_EDGE('',*,*,#380,.F.);
#6077 = B_SPLINE_SURFACE_WITH_KNOTS('',3,1,(
    (#6078,#6079)
    ,(#6080,#6081)
    ,(#6082,#6083)
    ,(#6084,#6085
    )),.UNSPECIFIED.,.F.,.F.,.F.,(4,4),(2,2),(0.,1.),(0.,1.),
  .PIECEWISE_BEZIER_KNOTS.);
#6078 = CARTESIAN_POINT('',(6.20005,-0.823753625277,5.204681805319));
#6079 = CARTESIAN_POINT('',(6.19995,-0.823753625277,5.204681805319));
#6080 = CARTESIAN_POINT('',(6.20005,-0.789909505101,5.204681805319));
#6081 = CARTESIAN_POINT('',(6.19995,-0.789909505101,5.204681805319));
#6082 = CARTESIAN_POINT('',(6.20005,-0.761758059516,5.210608425442));
#6083 = CARTESIAN_POINT('',(6.19995,-0.761758059516,5.210608425442));
#6084 = CARTESIAN_POINT('',(6.20005,-0.739299288524,5.222461665689));
#6085 = CARTESIAN_POINT('',(6.19995,-0.739299288524,5.222461665689));
#6086 = ADVANCED_FACE('',(#6087),#6103,.F.);
#6087 = FACE_BOUND('',#6088,.T.);
#6088 = EDGE_LOOP('',(#6089,#6090,#6097,#6102));
#6089 = ORIENTED_EDGE('',*,*,#497,.T.);
#6090 = ORIENTED_EDGE('',*,*,#6091,.F.);
#6091 = EDGE_CURVE('',#6092,#489,#6094,.T.);
#6092 = VERTEX_POINT('',#6093);
#6093 = CARTESIAN_POINT('',(6.20005,-0.739299288524,5.260204878052));
#6094 = B_SPLINE_CURVE_WITH_KNOTS('',1,(#6095,#6096),.UNSPECIFIED.,.F.,
  .F.,(2,2),(-0.,9.999999999977E-05),.PIECEWISE_BEZIER_KNOTS.);
#6095 = CARTESIAN_POINT('',(6.20005,-0.739299288524,5.260204878052));
#6096 = CARTESIAN_POINT('',(6.19995,-0.739299288524,5.260204878052));
#6097 = ORIENTED_EDGE('',*,*,#6098,.F.);
#6098 = EDGE_CURVE('',#6064,#6092,#6099,.T.);
#6099 = B_SPLINE_CURVE_WITH_KNOTS('',1,(#6100,#6101),.UNSPECIFIED.,.F.,
  .F.,(2,2),(-3.774321236296E-02,0.),.PIECEWISE_BEZIER_KNOTS.);
#6100 = CARTESIAN_POINT('',(6.20005,-0.739299288524,5.222461665689));
#6101 = CARTESIAN_POINT('',(6.20005,-0.739299288524,5.260204878052));
#6102 = ORIENTED_EDGE('',*,*,#6072,.T.);
#6103 = B_SPLINE_SURFACE_WITH_KNOTS('',1,1,(
    (#6104,#6105)
    ,(#6106,#6107
    )),.UNSPECIFIED.,.F.,.F.,.F.,(2,2),(2,2),(0.,3.774321236296E-02),(
    -9.999999999977E-05,0.),.PIECEWISE_BEZIER_KNOTS.);
#6104 = CARTESIAN_POINT('',(6.19995,-0.739299288524,5.260204878052));
#6105 = CARTESIAN_POINT('',(6.20005,-0.739299288524,5.260204878052));
#6106 = CARTESIAN_POINT('',(6.19995,-0.739299288524,5.222461665689));
#6107 = CARTESIAN_POINT('',(6.20005,-0.739299288524,5.222461665689));
#6108 = ADVANCED_FACE('',(#6109),#6127,.F.);
#6109 = FACE_BOUND('',#6110,.F.);
#6110 = EDGE_LOOP('',(#6111,#6112,#6121,#6126));
#6111 = ORIENTED_EDGE('',*,*,#6091,.F.);
#6112 = ORIENTED_EDGE('',*,*,#6113,.T.);
#6113 = EDGE_CURVE('',#6092,#6114,#6116,.T.);
#6114 = VERTEX_POINT('',#6115);
#6115 = CARTESIAN_POINT('',(6.20005,-0.818060950685,5.239773634994));
#6116 = B_SPLINE_CURVE_WITH_KNOTS('',3,(#6117,#6118,#6119,#6120),
  .UNSPECIFIED.,.F.,.F.,(4,4),(12.,13.),.PIECEWISE_BEZIER_KNOTS.);
#6117 = CARTESIAN_POINT('',(6.20005,-0.739299288524,5.260204878052));
#6118 = CARTESIAN_POINT('',(6.20005,-0.761602095829,5.246636037242));
#6119 = CARTESIAN_POINT('',(6.20005,-0.787881977164,5.239773634994));
#6120 = CARTESIAN_POINT('',(6.20005,-0.818060950685,5.239773634994));
#6121 = ORIENTED_EDGE('',*,*,#6122,.T.);
#6122 = EDGE_CURVE('',#6114,#480,#6123,.T.);
#6123 = B_SPLINE_CURVE_WITH_KNOTS('',1,(#6124,#6125),.UNSPECIFIED.,.F.,
  .F.,(2,2),(-0.,9.999999999888E-05),.PIECEWISE_BEZIER_KNOTS.);
#6124 = CARTESIAN_POINT('',(6.20005,-0.818060950685,5.239773634994));
#6125 = CARTESIAN_POINT('',(6.19995,-0.818060950685,5.239773634994));
#6126 = ORIENTED_EDGE('',*,*,#488,.F.);
#6127 = B_SPLINE_SURFACE_WITH_KNOTS('',3,1,(
    (#6128,#6129)
    ,(#6130,#6131)
    ,(#6132,#6133)
    ,(#6134,#6135
    )),.UNSPECIFIED.,.F.,.F.,.F.,(4,4),(2,2),(12.,13.),(0.,1.),
  .PIECEWISE_BEZIER_KNOTS.);
#6128 = CARTESIAN_POINT('',(6.20005,-0.739299288524,5.260204878052));
#6129 = CARTESIAN_POINT('',(6.19995,-0.739299288524,5.260204878052));
#6130 = CARTESIAN_POINT('',(6.20005,-0.761602095829,5.246636037242));
#6131 = CARTESIAN_POINT('',(6.19995,-0.761602095829,5.246636037242));
#6132 = CARTESIAN_POINT('',(6.20005,-0.787881977164,5.239773634994));
#6133 = CARTESIAN_POINT('',(6.19995,-0.787881977164,5.239773634994));
#6134 = CARTESIAN_POINT('',(6.20005,-0.818060950685,5.239773634994));
#6135 = CARTESIAN_POINT('',(6.19995,-0.818060950685,5.239773634994));
#6136 = ADVANCED_FACE('',(#6137),#6155,.F.);
#6137 = FACE_BOUND('',#6138,.F.);
#6138 = EDGE_LOOP('',(#6139,#6140,#6149,#6154));
#6139 = ORIENTED_EDGE('',*,*,#6122,.F.);
#6140 = ORIENTED_EDGE('',*,*,#6141,.T.);
#6141 = EDGE_CURVE('',#6114,#6142,#6144,.T.);
#6142 = VERTEX_POINT('',#6143);
#6143 = CARTESIAN_POINT('',(6.20005,-0.896432703628,5.271902154609));
#6144 = B_SPLINE_CURVE_WITH_KNOTS('',3,(#6145,#6146,#6147,#6148),
  .UNSPECIFIED.,.F.,.F.,(4,4),(11.,12.),.PIECEWISE_BEZIER_KNOTS.);
#6145 = CARTESIAN_POINT('',(6.20005,-0.818060950685,5.239773634994));
#6146 = CARTESIAN_POINT('',(6.20005,-0.850345433987,5.239773634994));
#6147 = CARTESIAN_POINT('',(6.20005,-0.876469351634,5.250535129428));
#6148 = CARTESIAN_POINT('',(6.20005,-0.896432703628,5.271902154609));
#6149 = ORIENTED_EDGE('',*,*,#6150,.T.);
#6150 = EDGE_CURVE('',#6142,#471,#6151,.T.);
#6151 = B_SPLINE_CURVE_WITH_KNOTS('',1,(#6152,#6153),.UNSPECIFIED.,.F.,
  .F.,(2,2),(-0.,9.999999999888E-05),.PIECEWISE_BEZIER_KNOTS.);
#6152 = CARTESIAN_POINT('',(6.20005,-0.896432703628,5.271902154609));
#6153 = CARTESIAN_POINT('',(6.19995,-0.896432703628,5.271902154609));
#6154 = ORIENTED_EDGE('',*,*,#479,.F.);
#6155 = B_SPLINE_SURFACE_WITH_KNOTS('',3,1,(
    (#6156,#6157)
    ,(#6158,#6159)
    ,(#6160,#6161)
    ,(#6162,#6163
    )),.UNSPECIFIED.,.F.,.F.,.F.,(4,4),(2,2),(11.,12.),(0.,1.),
  .PIECEWISE_BEZIER_KNOTS.);
#6156 = CARTESIAN_POINT('',(6.20005,-0.818060950685,5.239773634994));
#6157 = CARTESIAN_POINT('',(6.19995,-0.818060950685,5.239773634994));
#6158 = CARTESIAN_POINT('',(6.20005,-0.850345433987,5.239773634994));
#6159 = CARTESIAN_POINT('',(6.19995,-0.850345433987,5.239773634994));
#6160 = CARTESIAN_POINT('',(6.20005,-0.876469351634,5.250535129428));
#6161 = CARTESIAN_POINT('',(6.19995,-0.876469351634,5.250535129428));
#6162 = CARTESIAN_POINT('',(6.20005,-0.896432703628,5.271902154609));
#6163 = CARTESIAN_POINT('',(6.19995,-0.896432703628,5.271902154609));
#6164 = ADVANCED_FACE('',(#6165),#6183,.F.);
#6165 = FACE_BOUND('',#6166,.F.);
#6166 = EDGE_LOOP('',(#6167,#6168,#6177,#6182));
#6167 = ORIENTED_EDGE('',*,*,#6150,.F.);
#6168 = ORIENTED_EDGE('',*,*,#6169,.T.);
#6169 = EDGE_CURVE('',#6142,#6170,#6172,.T.);
#6170 = VERTEX_POINT('',#6171);
#6171 = CARTESIAN_POINT('',(6.20005,-0.926377731617,5.358929892206));
#6172 = B_SPLINE_CURVE_WITH_KNOTS('',3,(#6173,#6174,#6175,#6176),
  .UNSPECIFIED.,.F.,.F.,(4,4),(10.,11.),.PIECEWISE_BEZIER_KNOTS.);
#6173 = CARTESIAN_POINT('',(6.20005,-0.896432703628,5.271902154609));
#6174 = CARTESIAN_POINT('',(6.20005,-0.916396055621,5.293425143477));
#6175 = CARTESIAN_POINT('',(6.20005,-0.926377731617,5.322434389343));
#6176 = CARTESIAN_POINT('',(6.20005,-0.926377731617,5.358929892206));
#6177 = ORIENTED_EDGE('',*,*,#6178,.T.);
#6178 = EDGE_CURVE('',#6170,#462,#6179,.T.);
#6179 = B_SPLINE_CURVE_WITH_KNOTS('',1,(#6180,#6181),.UNSPECIFIED.,.F.,
  .F.,(2,2),(-0.,9.999999999888E-05),.PIECEWISE_BEZIER_KNOTS.);
#6180 = CARTESIAN_POINT('',(6.20005,-0.926377731617,5.358929892206));
#6181 = CARTESIAN_POINT('',(6.19995,-0.926377731617,5.358929892206));
#6182 = ORIENTED_EDGE('',*,*,#470,.F.);
#6183 = B_SPLINE_SURFACE_WITH_KNOTS('',3,1,(
    (#6184,#6185)
    ,(#6186,#6187)
    ,(#6188,#6189)
    ,(#6190,#6191
    )),.UNSPECIFIED.,.F.,.F.,.F.,(4,4),(2,2),(10.,11.),(0.,1.),
  .PIECEWISE_BEZIER_KNOTS.);
#6184 = CARTESIAN_POINT('',(6.20005,-0.896432703628,5.271902154609));
#6185 = CARTESIAN_POINT('',(6.19995,-0.896432703628,5.271902154609));
#6186 = CARTESIAN_POINT('',(6.20005,-0.916396055621,5.293425143477));
#6187 = CARTESIAN_POINT('',(6.19995,-0.916396055621,5.293425143477));
#6188 = CARTESIAN_POINT('',(6.20005,-0.926377731617,5.322434389343));
#6189 = CARTESIAN_POINT('',(6.19995,-0.926377731617,5.322434389343));
#6190 = CARTESIAN_POINT('',(6.20005,-0.926377731617,5.358929892206));
#6191 = CARTESIAN_POINT('',(6.19995,-0.926377731617,5.358929892206));
#6192 = ADVANCED_FACE('',(#6193),#6211,.F.);
#6193 = FACE_BOUND('',#6194,.F.);
#6194 = EDGE_LOOP('',(#6195,#6196,#6205,#6210));
#6195 = ORIENTED_EDGE('',*,*,#6178,.F.);
#6196 = ORIENTED_EDGE('',*,*,#6197,.T.);
#6197 = EDGE_CURVE('',#6170,#6198,#6200,.T.);
#6198 = VERTEX_POINT('',#6199);
#6199 = CARTESIAN_POINT('',(6.20005,-0.894327193847,5.450636540424));
#6200 = B_SPLINE_CURVE_WITH_KNOTS('',3,(#6201,#6202,#6203,#6204),
  .UNSPECIFIED.,.F.,.F.,(4,4),(9.,10.),.PIECEWISE_BEZIER_KNOTS.);
#6201 = CARTESIAN_POINT('',(6.20005,-0.926377731617,5.358929892206));
#6202 = CARTESIAN_POINT('',(6.20005,-0.926377731617,5.397296959318));
#6203 = CARTESIAN_POINT('',(6.20005,-0.915694219027,5.427865842056));
#6204 = CARTESIAN_POINT('',(6.20005,-0.894327193847,5.450636540424));
#6205 = ORIENTED_EDGE('',*,*,#6206,.T.);
#6206 = EDGE_CURVE('',#6198,#453,#6207,.T.);
#6207 = B_SPLINE_CURVE_WITH_KNOTS('',1,(#6208,#6209),.UNSPECIFIED.,.F.,
  .F.,(2,2),(-0.,9.999999999888E-05),.PIECEWISE_BEZIER_KNOTS.);
#6208 = CARTESIAN_POINT('',(6.20005,-0.894327193847,5.450636540424));
#6209 = CARTESIAN_POINT('',(6.19995,-0.894327193847,5.450636540424));
#6210 = ORIENTED_EDGE('',*,*,#461,.F.);
#6211 = B_SPLINE_SURFACE_WITH_KNOTS('',3,1,(
    (#6212,#6213)
    ,(#6214,#6215)
    ,(#6216,#6217)
    ,(#6218,#6219
    )),.UNSPECIFIED.,.F.,.F.,.F.,(4,4),(2,2),(9.,10.),(0.,1.),
  .PIECEWISE_BEZIER_KNOTS.);
#6212 = CARTESIAN_POINT('',(6.20005,-0.926377731617,5.358929892206));
#6213 = CARTESIAN_POINT('',(6.19995,-0.926377731617,5.358929892206));
#6214 = CARTESIAN_POINT('',(6.20005,-0.926377731617,5.397296959318));
#6215 = CARTESIAN_POINT('',(6.19995,-0.926377731617,5.397296959318));
#6216 = CARTESIAN_POINT('',(6.20005,-0.915694219027,5.427865842056));
#6217 = CARTESIAN_POINT('',(6.19995,-0.915694219027,5.427865842056));
#6218 = CARTESIAN_POINT('',(6.20005,-0.894327193847,5.450636540424));
#6219 = CARTESIAN_POINT('',(6.19995,-0.894327193847,5.450636540424));
#6220 = ADVANCED_FACE('',(#6221),#6239,.F.);
#6221 = FACE_BOUND('',#6222,.F.);
#6222 = EDGE_LOOP('',(#6223,#6224,#6233,#6238));
#6223 = ORIENTED_EDGE('',*,*,#6206,.F.);
#6224 = ORIENTED_EDGE('',*,*,#6225,.T.);
#6225 = EDGE_CURVE('',#6198,#6226,#6228,.T.);
#6226 = VERTEX_POINT('',#6227);
#6227 = CARTESIAN_POINT('',(6.20005,-0.811198548437,5.484480660599));
#6228 = B_SPLINE_CURVE_WITH_KNOTS('',3,(#6229,#6230,#6231,#6232),
  .UNSPECIFIED.,.F.,.F.,(4,4),(8.,9.),.PIECEWISE_BEZIER_KNOTS.);
#6229 = CARTESIAN_POINT('',(6.20005,-0.894327193847,5.450636540424));
#6230 = CARTESIAN_POINT('',(6.20005,-0.872882186823,5.473251275103));
#6231 = CARTESIAN_POINT('',(6.20005,-0.8451986323,5.484480660599));
#6232 = CARTESIAN_POINT('',(6.20005,-0.811198548437,5.484480660599));
#6233 = ORIENTED_EDGE('',*,*,#6234,.T.);
#6234 = EDGE_CURVE('',#6226,#444,#6235,.T.);
#6235 = B_SPLINE_CURVE_WITH_KNOTS('',1,(#6236,#6237),.UNSPECIFIED.,.F.,
  .F.,(2,2),(-0.,9.999999999888E-05),.PIECEWISE_BEZIER_KNOTS.);
#6236 = CARTESIAN_POINT('',(6.20005,-0.811198548437,5.484480660599));
#6237 = CARTESIAN_POINT('',(6.19995,-0.811198548437,5.484480660599));
#6238 = ORIENTED_EDGE('',*,*,#452,.F.);
#6239 = B_SPLINE_SURFACE_WITH_KNOTS('',3,1,(
    (#6240,#6241)
    ,(#6242,#6243)
    ,(#6244,#6245)
    ,(#6246,#6247
    )),.UNSPECIFIED.,.F.,.F.,.F.,(4,4),(2,2),(8.,9.),(0.,1.),
  .PIECEWISE_BEZIER_KNOTS.);
#6240 = CARTESIAN_POINT('',(6.20005,-0.894327193847,5.450636540424));
#6241 = CARTESIAN_POINT('',(6.19995,-0.894327193847,5.450636540424));
#6242 = CARTESIAN_POINT('',(6.20005,-0.872882186823,5.473251275103));
#6243 = CARTESIAN_POINT('',(6.19995,-0.872882186823,5.473251275103));
#6244 = CARTESIAN_POINT('',(6.20005,-0.8451986323,5.484480660599));
#6245 = CARTESIAN_POINT('',(6.19995,-0.8451986323,5.484480660599));
#6246 = CARTESIAN_POINT('',(6.20005,-0.811198548437,5.484480660599));
#6247 = CARTESIAN_POINT('',(6.19995,-0.811198548437,5.484480660599));
#6248 = ADVANCED_FACE('',(#6249),#6267,.F.);
#6249 = FACE_BOUND('',#6250,.F.);
#6250 = EDGE_LOOP('',(#6251,#6252,#6261,#6266));
#6251 = ORIENTED_EDGE('',*,*,#6234,.F.);
#6252 = ORIENTED_EDGE('',*,*,#6253,.T.);
#6253 = EDGE_CURVE('',#6226,#6254,#6256,.T.);
#6254 = VERTEX_POINT('',#6255);
#6255 = CARTESIAN_POINT('',(6.20005,-0.739299288524,5.466388872857));
#6256 = B_SPLINE_CURVE_WITH_KNOTS('',3,(#6257,#6258,#6259,#6260),
  .UNSPECIFIED.,.F.,.F.,(4,4),(7.,8.),.PIECEWISE_BEZIER_KNOTS.);
#6257 = CARTESIAN_POINT('',(6.20005,-0.811198548437,5.484480660599));
#6258 = CARTESIAN_POINT('',(6.20005,-0.78507463079,5.484480660599));
#6259 = CARTESIAN_POINT('',(6.20005,-0.761134204766,5.478554040477));
#6260 = CARTESIAN_POINT('',(6.20005,-0.739299288524,5.466388872857));
#6261 = ORIENTED_EDGE('',*,*,#6262,.T.);
#6262 = EDGE_CURVE('',#6254,#437,#6263,.T.);
#6263 = B_SPLINE_CURVE_WITH_KNOTS('',1,(#6264,#6265),.UNSPECIFIED.,.F.,
  .F.,(2,2),(-0.,9.999999999888E-05),.PIECEWISE_BEZIER_KNOTS.);
#6264 = CARTESIAN_POINT('',(6.20005,-0.739299288524,5.466388872857));
#6265 = CARTESIAN_POINT('',(6.19995,-0.739299288524,5.466388872857));
#6266 = ORIENTED_EDGE('',*,*,#443,.F.);
#6267 = B_SPLINE_SURFACE_WITH_KNOTS('',3,1,(
    (#6268,#6269)
    ,(#6270,#6271)
    ,(#6272,#6273)
    ,(#6274,#6275
    )),.UNSPECIFIED.,.F.,.F.,.F.,(4,4),(2,2),(7.,8.),(0.,1.),
  .PIECEWISE_BEZIER_KNOTS.);
#6268 = CARTESIAN_POINT('',(6.20005,-0.811198548437,5.484480660599));
#6269 = CARTESIAN_POINT('',(6.19995,-0.811198548437,5.484480660599));
#6270 = CARTESIAN_POINT('',(6.20005,-0.78507463079,5.484480660599));
#6271 = CARTESIAN_POINT('',(6.19995,-0.78507463079,5.484480660599));
#6272 = CARTESIAN_POINT('',(6.20005,-0.761134204766,5.478554040477));
#6273 = CARTESIAN_POINT('',(6.19995,-0.761134204766,5.478554040477));
#6274 = CARTESIAN_POINT('',(6.20005,-0.739299288524,5.466388872857));
#6275 = CARTESIAN_POINT('',(6.19995,-0.739299288524,5.466388872857));
#6276 = ADVANCED_FACE('',(#6277),#6293,.F.);
#6277 = FACE_BOUND('',#6278,.T.);
#6278 = EDGE_LOOP('',(#6279,#6280,#6287,#6292));
#6279 = ORIENTED_EDGE('',*,*,#436,.T.);
#6280 = ORIENTED_EDGE('',*,*,#6281,.F.);
#6281 = EDGE_CURVE('',#6282,#428,#6284,.T.);
#6282 = VERTEX_POINT('',#6283);
#6283 = CARTESIAN_POINT('',(6.20005,-0.739299288524,5.507563286342));
#6284 = B_SPLINE_CURVE_WITH_KNOTS('',1,(#6285,#6286),.UNSPECIFIED.,.F.,
  .F.,(2,2),(-0.,9.999999999977E-05),.PIECEWISE_BEZIER_KNOTS.);
#6285 = CARTESIAN_POINT('',(6.20005,-0.739299288524,5.507563286342));
#6286 = CARTESIAN_POINT('',(6.19995,-0.739299288524,5.507563286342));
#6287 = ORIENTED_EDGE('',*,*,#6288,.F.);
#6288 = EDGE_CURVE('',#6254,#6282,#6289,.T.);
#6289 = B_SPLINE_CURVE_WITH_KNOTS('',1,(#6290,#6291),.UNSPECIFIED.,.F.,
  .F.,(2,2),(-4.117441348498E-02,0.),.PIECEWISE_BEZIER_KNOTS.);
#6290 = CARTESIAN_POINT('',(6.20005,-0.739299288524,5.466388872857));
#6291 = CARTESIAN_POINT('',(6.20005,-0.739299288524,5.507563286342));
#6292 = ORIENTED_EDGE('',*,*,#6262,.T.);
#6293 = B_SPLINE_SURFACE_WITH_KNOTS('',1,1,(
    (#6294,#6295)
    ,(#6296,#6297
    )),.UNSPECIFIED.,.F.,.F.,.F.,(2,2),(2,2),(-0.,4.117441348498E-02),(
    -9.999999999977E-05,0.),.PIECEWISE_BEZIER_KNOTS.);
#6294 = CARTESIAN_POINT('',(6.19995,-0.739299288524,5.507563286342));
#6295 = CARTESIAN_POINT('',(6.20005,-0.739299288524,5.507563286342));
#6296 = CARTESIAN_POINT('',(6.19995,-0.739299288524,5.466388872857));
#6297 = CARTESIAN_POINT('',(6.20005,-0.739299288524,5.466388872857));
#6298 = ADVANCED_FACE('',(#6299),#6317,.F.);
#6299 = FACE_BOUND('',#6300,.F.);
#6300 = EDGE_LOOP('',(#6301,#6302,#6311,#6316));
#6301 = ORIENTED_EDGE('',*,*,#6281,.F.);
#6302 = ORIENTED_EDGE('',*,*,#6303,.T.);
#6303 = EDGE_CURVE('',#6282,#6304,#6306,.T.);
#6304 = VERTEX_POINT('',#6305);
#6305 = CARTESIAN_POINT('',(6.20005,-0.811588457656,5.520040381338));
#6306 = B_SPLINE_CURVE_WITH_KNOTS('',3,(#6307,#6308,#6309,#6310),
  .UNSPECIFIED.,.F.,.F.,(4,4),(5.,6.),.PIECEWISE_BEZIER_KNOTS.);
#6307 = CARTESIAN_POINT('',(6.20005,-0.739299288524,5.507563286342));
#6308 = CARTESIAN_POINT('',(6.20005,-0.758326858392,5.515829361778));
#6309 = CARTESIAN_POINT('',(6.20005,-0.782423248104,5.520040381338));
#6310 = CARTESIAN_POINT('',(6.20005,-0.811588457656,5.520040381338));
#6311 = ORIENTED_EDGE('',*,*,#6312,.T.);
#6312 = EDGE_CURVE('',#6304,#419,#6313,.T.);
#6313 = B_SPLINE_CURVE_WITH_KNOTS('',1,(#6314,#6315),.UNSPECIFIED.,.F.,
  .F.,(2,2),(-0.,9.999999999888E-05),.PIECEWISE_BEZIER_KNOTS.);
#6314 = CARTESIAN_POINT('',(6.20005,-0.811588457656,5.520040381338));
#6315 = CARTESIAN_POINT('',(6.19995,-0.811588457656,5.520040381338));
#6316 = ORIENTED_EDGE('',*,*,#427,.F.);
#6317 = B_SPLINE_SURFACE_WITH_KNOTS('',3,1,(
    (#6318,#6319)
    ,(#6320,#6321)
    ,(#6322,#6323)
    ,(#6324,#6325
    )),.UNSPECIFIED.,.F.,.F.,.F.,(4,4),(2,2),(5.,6.),(0.,1.),
  .PIECEWISE_BEZIER_KNOTS.);
#6318 = CARTESIAN_POINT('',(6.20005,-0.739299288524,5.507563286342));
#6319 = CARTESIAN_POINT('',(6.19995,-0.739299288524,5.507563286342));
#6320 = CARTESIAN_POINT('',(6.20005,-0.758326858392,5.515829361778));
#6321 = CARTESIAN_POINT('',(6.19995,-0.758326858392,5.515829361778));
#6322 = CARTESIAN_POINT('',(6.20005,-0.782423248104,5.520040381338));
#6323 = CARTESIAN_POINT('',(6.19995,-0.782423248104,5.520040381338));
#6324 = CARTESIAN_POINT('',(6.20005,-0.811588457656,5.520040381338));
#6325 = CARTESIAN_POINT('',(6.19995,-0.811588457656,5.520040381338));
#6326 = ADVANCED_FACE('',(#6327),#6345,.F.);
#6327 = FACE_BOUND('',#6328,.F.);
#6328 = EDGE_LOOP('',(#6329,#6330,#6339,#6344));
#6329 = ORIENTED_EDGE('',*,*,#6312,.F.);
#6330 = ORIENTED_EDGE('',*,*,#6331,.T.);
#6331 = EDGE_CURVE('',#6304,#6332,#6334,.T.);
#6332 = VERTEX_POINT('',#6333);
#6333 = CARTESIAN_POINT('',(6.20005,-0.923648367088,5.475122839353));
#6334 = B_SPLINE_CURVE_WITH_KNOTS('',3,(#6335,#6336,#6337,#6338),
  .UNSPECIFIED.,.F.,.F.,(4,4),(4.,5.),.PIECEWISE_BEZIER_KNOTS.);
#6335 = CARTESIAN_POINT('',(6.20005,-0.811588457656,5.520040381338));
#6336 = CARTESIAN_POINT('',(6.20005,-0.856895908859,5.520040381338));
#6337 = CARTESIAN_POINT('',(6.20005,-0.894249212003,5.505067867344));
#6338 = CARTESIAN_POINT('',(6.20005,-0.923648367088,5.475122839353));
#6339 = ORIENTED_EDGE('',*,*,#6340,.T.);
#6340 = EDGE_CURVE('',#6332,#410,#6341,.T.);
#6341 = B_SPLINE_CURVE_WITH_KNOTS('',1,(#6342,#6343),.UNSPECIFIED.,.F.,
  .F.,(2,2),(-0.,9.999999999888E-05),.PIECEWISE_BEZIER_KNOTS.);
#6342 = CARTESIAN_POINT('',(6.20005,-0.923648367088,5.475122839353));
#6343 = CARTESIAN_POINT('',(6.19995,-0.923648367088,5.475122839353));
#6344 = ORIENTED_EDGE('',*,*,#418,.F.);
#6345 = B_SPLINE_SURFACE_WITH_KNOTS('',3,1,(
    (#6346,#6347)
    ,(#6348,#6349)
    ,(#6350,#6351)
    ,(#6352,#6353
    )),.UNSPECIFIED.,.F.,.F.,.F.,(4,4),(2,2),(4.,5.),(0.,1.),
  .PIECEWISE_BEZIER_KNOTS.);
#6346 = CARTESIAN_POINT('',(6.20005,-0.811588457656,5.520040381338));
#6347 = CARTESIAN_POINT('',(6.19995,-0.811588457656,5.520040381338));
#6348 = CARTESIAN_POINT('',(6.20005,-0.856895908859,5.520040381338));
#6349 = CARTESIAN_POINT('',(6.19995,-0.856895908859,5.520040381338));
#6350 = CARTESIAN_POINT('',(6.20005,-0.894249212003,5.505067867344));
#6351 = CARTESIAN_POINT('',(6.19995,-0.894249212003,5.505067867344));
#6352 = CARTESIAN_POINT('',(6.20005,-0.923648367088,5.475122839353));
#6353 = CARTESIAN_POINT('',(6.19995,-0.923648367088,5.475122839353));
#6354 = ADVANCED_FACE('',(#6355),#6373,.F.);
#6355 = FACE_BOUND('',#6356,.F.);
#6356 = EDGE_LOOP('',(#6357,#6358,#6367,#6372));
#6357 = ORIENTED_EDGE('',*,*,#6340,.F.);
#6358 = ORIENTED_EDGE('',*,*,#6359,.T.);
#6359 = EDGE_CURVE('',#6332,#6360,#6362,.T.);
#6360 = VERTEX_POINT('',#6361);
#6361 = CARTESIAN_POINT('',(6.20005,-0.967708108791,5.356590436892));
#6362 = B_SPLINE_CURVE_WITH_KNOTS('',3,(#6363,#6364,#6365,#6366),
  .UNSPECIFIED.,.F.,.F.,(4,4),(3.,4.),.PIECEWISE_BEZIER_KNOTS.);
#6363 = CARTESIAN_POINT('',(6.20005,-0.923648367088,5.475122839353));
#6364 = CARTESIAN_POINT('',(6.20005,-0.953047522171,5.445177811364));
#6365 = CARTESIAN_POINT('',(6.20005,-0.967708108791,5.405718998439));
#6366 = CARTESIAN_POINT('',(6.20005,-0.967708108791,5.356590436892));
#6367 = ORIENTED_EDGE('',*,*,#6368,.T.);
#6368 = EDGE_CURVE('',#6360,#401,#6369,.T.);
#6369 = B_SPLINE_CURVE_WITH_KNOTS('',1,(#6370,#6371),.UNSPECIFIED.,.F.,
  .F.,(2,2),(-0.,9.999999999888E-05),.PIECEWISE_BEZIER_KNOTS.);
#6370 = CARTESIAN_POINT('',(6.20005,-0.967708108791,5.356590436892));
#6371 = CARTESIAN_POINT('',(6.19995,-0.967708108791,5.356590436892));
#6372 = ORIENTED_EDGE('',*,*,#409,.F.);
#6373 = B_SPLINE_SURFACE_WITH_KNOTS('',3,1,(
    (#6374,#6375)
    ,(#6376,#6377)
    ,(#6378,#6379)
    ,(#6380,#6381
    )),.UNSPECIFIED.,.F.,.F.,.F.,(4,4),(2,2),(3.,4.),(0.,1.),
  .PIECEWISE_BEZIER_KNOTS.);
#6374 = CARTESIAN_POINT('',(6.20005,-0.923648367088,5.475122839353));
#6375 = CARTESIAN_POINT('',(6.19995,-0.923648367088,5.475122839353));
#6376 = CARTESIAN_POINT('',(6.20005,-0.953047522171,5.445177811364));
#6377 = CARTESIAN_POINT('',(6.19995,-0.953047522171,5.445177811364));
#6378 = CARTESIAN_POINT('',(6.20005,-0.967708108791,5.405718998439));
#6379 = CARTESIAN_POINT('',(6.19995,-0.967708108791,5.405718998439));
#6380 = CARTESIAN_POINT('',(6.20005,-0.967708108791,5.356590436892));
#6381 = CARTESIAN_POINT('',(6.19995,-0.967708108791,5.356590436892));
#6382 = ADVANCED_FACE('',(#6383),#6401,.F.);
#6383 = FACE_BOUND('',#6384,.F.);
#6384 = EDGE_LOOP('',(#6385,#6386,#6395,#6400));
#6385 = ORIENTED_EDGE('',*,*,#6368,.F.);
#6386 = ORIENTED_EDGE('',*,*,#6387,.T.);
#6387 = EDGE_CURVE('',#6360,#6388,#6390,.T.);
#6388 = VERTEX_POINT('',#6389);
#6389 = CARTESIAN_POINT('',(6.20005,-0.928561223242,5.246324109868));
#6390 = B_SPLINE_CURVE_WITH_KNOTS('',3,(#6391,#6392,#6393,#6394),
  .UNSPECIFIED.,.F.,.F.,(4,4),(2.,3.),.PIECEWISE_BEZIER_KNOTS.);
#6391 = CARTESIAN_POINT('',(6.20005,-0.967708108791,5.356590436892));
#6392 = CARTESIAN_POINT('',(6.20005,-0.967708108791,5.31089307647));
#6393 = CARTESIAN_POINT('',(6.20005,-0.95468514089,5.274085646233));
#6394 = CARTESIAN_POINT('',(6.20005,-0.928561223242,5.246324109868));
#6395 = ORIENTED_EDGE('',*,*,#6396,.T.);
#6396 = EDGE_CURVE('',#6388,#392,#6397,.T.);
#6397 = B_SPLINE_CURVE_WITH_KNOTS('',1,(#6398,#6399),.UNSPECIFIED.,.F.,
  .F.,(2,2),(-0.,9.999999999888E-05),.PIECEWISE_BEZIER_KNOTS.);
#6398 = CARTESIAN_POINT('',(6.20005,-0.928561223242,5.246324109868));
#6399 = CARTESIAN_POINT('',(6.19995,-0.928561223242,5.246324109868));
#6400 = ORIENTED_EDGE('',*,*,#400,.F.);
#6401 = B_SPLINE_SURFACE_WITH_KNOTS('',3,1,(
    (#6402,#6403)
    ,(#6404,#6405)
    ,(#6406,#6407)
    ,(#6408,#6409
    )),.UNSPECIFIED.,.F.,.F.,.F.,(4,4),(2,2),(2.,3.),(0.,1.),
  .PIECEWISE_BEZIER_KNOTS.);
#6402 = CARTESIAN_POINT('',(6.20005,-0.967708108791,5.356590436892));
#6403 = CARTESIAN_POINT('',(6.19995,-0.967708108791,5.356590436892));
#6404 = CARTESIAN_POINT('',(6.20005,-0.967708108791,5.31089307647));
#6405 = CARTESIAN_POINT('',(6.19995,-0.967708108791,5.31089307647));
#6406 = CARTESIAN_POINT('',(6.20005,-0.95468514089,5.274085646233));
#6407 = CARTESIAN_POINT('',(6.19995,-0.95468514089,5.274085646233));
#6408 = CARTESIAN_POINT('',(6.20005,-0.928561223242,5.246324109868));
#6409 = CARTESIAN_POINT('',(6.19995,-0.928561223242,5.246324109868));
#6410 = ADVANCED_FACE('',(#6411),#6423,.F.);
#6411 = FACE_BOUND('',#6412,.F.);
#6412 = EDGE_LOOP('',(#6413,#6414,#6421,#6422));
#6413 = ORIENTED_EDGE('',*,*,#6396,.F.);
#6414 = ORIENTED_EDGE('',*,*,#6415,.T.);
#6415 = EDGE_CURVE('',#6388,#6057,#6416,.T.);
#6416 = B_SPLINE_CURVE_WITH_KNOTS('',3,(#6417,#6418,#6419,#6420),
  .UNSPECIFIED.,.F.,.F.,(4,4),(1.,2.),.PIECEWISE_BEZIER_KNOTS.);
#6417 = CARTESIAN_POINT('',(6.20005,-0.928561223242,5.246324109868));
#6418 = CARTESIAN_POINT('',(6.20005,-0.902437305594,5.218562573503));
#6419 = CARTESIAN_POINT('',(6.20005,-0.867501439606,5.204681805319));
#6420 = CARTESIAN_POINT('',(6.20005,-0.823753625277,5.204681805319));
#6421 = ORIENTED_EDGE('',*,*,#6056,.T.);
#6422 = ORIENTED_EDGE('',*,*,#391,.F.);
#6423 = B_SPLINE_SURFACE_WITH_KNOTS('',3,1,(
    (#6424,#6425)
    ,(#6426,#6427)
    ,(#6428,#6429)
    ,(#6430,#6431
    )),.UNSPECIFIED.,.F.,.F.,.F.,(4,4),(2,2),(1.,2.),(0.,1.),
  .PIECEWISE_BEZIER_KNOTS.);
#6424 = CARTESIAN_POINT('',(6.20005,-0.928561223242,5.246324109868));
#6425 = CARTESIAN_POINT('',(6.19995,-0.928561223242,5.246324109868));
#6426 = CARTESIAN_POINT('',(6.20005,-0.902437305594,5.218562573503));
#6427 = CARTESIAN_POINT('',(6.19995,-0.902437305594,5.218562573503));
#6428 = CARTESIAN_POINT('',(6.20005,-0.867501439606,5.204681805319));
#6429 = CARTESIAN_POINT('',(6.19995,-0.867501439606,5.204681805319));
#6430 = CARTESIAN_POINT('',(6.20005,-0.823753625277,5.204681805319));
#6431 = CARTESIAN_POINT('',(6.19995,-0.823753625277,5.204681805319));
#6432 = ADVANCED_FACE('',(#6433),#6449,.T.);
#6433 = FACE_BOUND('',#6434,.T.);
#6434 = EDGE_LOOP('',(#6435,#6436,#6437,#6438,#6439,#6440,#6441,#6442,
    #6443,#6444,#6445,#6446,#6447,#6448));
#6435 = ORIENTED_EDGE('',*,*,#6063,.T.);
#6436 = ORIENTED_EDGE('',*,*,#6098,.T.);
#6437 = ORIENTED_EDGE('',*,*,#6113,.T.);
#6438 = ORIENTED_EDGE('',*,*,#6141,.T.);
#6439 = ORIENTED_EDGE('',*,*,#6169,.T.);
#6440 = ORIENTED_EDGE('',*,*,#6197,.T.);
#6441 = ORIENTED_EDGE('',*,*,#6225,.T.);
#6442 = ORIENTED_EDGE('',*,*,#6253,.T.);
#6443 = ORIENTED_EDGE('',*,*,#6288,.T.);
#6444 = ORIENTED_EDGE('',*,*,#6303,.T.);
#6445 = ORIENTED_EDGE('',*,*,#6331,.T.);
#6446 = ORIENTED_EDGE('',*,*,#6359,.T.);
#6447 = ORIENTED_EDGE('',*,*,#6387,.T.);
#6448 = ORIENTED_EDGE('',*,*,#6415,.T.);
#6449 = B_SPLINE_SURFACE_WITH_KNOTS('',1,1,(
    (#6450,#6451)
    ,(#6452,#6453
    )),.UNSPECIFIED.,.F.,.F.,.F.,(2,2),(2,2),(-0.310913610927,
    4.444965092129E-03),(-0.190451157835,3.795766243295E-02),
  .PIECEWISE_BEZIER_KNOTS.);
#6450 = CARTESIAN_POINT('',(6.20005,-0.967708108791,5.520040381338));
#6451 = CARTESIAN_POINT('',(6.20005,-0.739299288524,5.520040381338));
#6452 = CARTESIAN_POINT('',(6.20005,-0.967708108791,5.204681805319));
#6453 = CARTESIAN_POINT('',(6.20005,-0.739299288524,5.204681805319));
#6454 = ADVANCED_FACE('',(#6455),#6477,.F.);
#6455 = FACE_BOUND('',#6456,.T.);
#6456 = EDGE_LOOP('',(#6457,#6458,#6465,#6472));
#6457 = ORIENTED_EDGE('',*,*,#628,.T.);
#6458 = ORIENTED_EDGE('',*,*,#6459,.F.);
#6459 = EDGE_CURVE('',#6460,#631,#6462,.T.);
#6460 = VERTEX_POINT('',#6461);
#6461 = CARTESIAN_POINT('',(6.20005,-0.514165705694,5.244608509306));
#6462 = B_SPLINE_CURVE_WITH_KNOTS('',1,(#6463,#6464),.UNSPECIFIED.,.F.,
  .F.,(2,2),(-0.,9.999999999977E-05),.PIECEWISE_BEZIER_KNOTS.);
#6463 = CARTESIAN_POINT('',(6.20005,-0.514165705694,5.244608509306));
#6464 = CARTESIAN_POINT('',(6.19995,-0.514165705694,5.244608509306));
#6465 = ORIENTED_EDGE('',*,*,#6466,.F.);
#6466 = EDGE_CURVE('',#6467,#6460,#6469,.T.);
#6467 = VERTEX_POINT('',#6468);
#6468 = CARTESIAN_POINT('',(6.20005,-0.514165705694,5.209828607005));
#6469 = B_SPLINE_CURVE_WITH_KNOTS('',1,(#6470,#6471),.UNSPECIFIED.,.F.,
  .F.,(2,2),(-3.477990230068E-02,0.),.PIECEWISE_BEZIER_KNOTS.);
#6470 = CARTESIAN_POINT('',(6.20005,-0.514165705694,5.209828607005));
#6471 = CARTESIAN_POINT('',(6.20005,-0.514165705694,5.244608509306));
#6472 = ORIENTED_EDGE('',*,*,#6473,.T.);
#6473 = EDGE_CURVE('',#6467,#629,#6474,.T.);
#6474 = B_SPLINE_CURVE_WITH_KNOTS('',1,(#6475,#6476),.UNSPECIFIED.,.F.,
  .F.,(2,2),(-0.,9.999999999977E-05),.PIECEWISE_BEZIER_KNOTS.);
#6475 = CARTESIAN_POINT('',(6.20005,-0.514165705694,5.209828607005));
#6476 = CARTESIAN_POINT('',(6.19995,-0.514165705694,5.209828607005));
#6477 = B_SPLINE_SURFACE_WITH_KNOTS('',1,1,(
    (#6478,#6479)
    ,(#6480,#6481
    )),.UNSPECIFIED.,.F.,.F.,.F.,(2,2),(2,2),(-0.,3.477990230068E-02),(
    -9.999999999977E-05,0.),.PIECEWISE_BEZIER_KNOTS.);
#6478 = CARTESIAN_POINT('',(6.19995,-0.514165705694,5.244608509306));
#6479 = CARTESIAN_POINT('',(6.20005,-0.514165705694,5.244608509306));
#6480 = CARTESIAN_POINT('',(6.19995,-0.514165705694,5.209828607005));
#6481 = CARTESIAN_POINT('',(6.20005,-0.514165705694,5.209828607005));
#6482 = ADVANCED_FACE('',(#6483),#6499,.F.);
#6483 = FACE_BOUND('',#6484,.T.);
#6484 = EDGE_LOOP('',(#6485,#6486,#6493,#6498));
#6485 = ORIENTED_EDGE('',*,*,#707,.T.);
#6486 = ORIENTED_EDGE('',*,*,#6487,.F.);
#6487 = EDGE_CURVE('',#6488,#701,#6490,.T.);
#6488 = VERTEX_POINT('',#6489);
#6489 = CARTESIAN_POINT('',(6.20005,-0.638858673807,5.244608509306));
#6490 = B_SPLINE_CURVE_WITH_KNOTS('',1,(#6491,#6492),.UNSPECIFIED.,.F.,
  .F.,(2,2),(-0.,9.999999999977E-05),.PIECEWISE_BEZIER_KNOTS.);
#6491 = CARTESIAN_POINT('',(6.20005,-0.638858673807,5.244608509306));
#6492 = CARTESIAN_POINT('',(6.19995,-0.638858673807,5.244608509306));
#6493 = ORIENTED_EDGE('',*,*,#6494,.F.);
#6494 = EDGE_CURVE('',#6460,#6488,#6495,.T.);
#6495 = B_SPLINE_CURVE_WITH_KNOTS('',1,(#6496,#6497),.UNSPECIFIED.,.F.,
  .F.,(2,2),(-0.124692968114,-0.),.PIECEWISE_BEZIER_KNOTS.);
#6496 = CARTESIAN_POINT('',(6.20005,-0.514165705694,5.244608509306));
#6497 = CARTESIAN_POINT('',(6.20005,-0.638858673807,5.244608509306));
#6498 = ORIENTED_EDGE('',*,*,#6459,.T.);
#6499 = B_SPLINE_SURFACE_WITH_KNOTS('',1,1,(
    (#6500,#6501)
    ,(#6502,#6503
    )),.UNSPECIFIED.,.F.,.F.,.F.,(2,2),(2,2),(0.,0.124692968114),(
    -9.999999999977E-05,0.),.PIECEWISE_BEZIER_KNOTS.);
#6500 = CARTESIAN_POINT('',(6.19995,-0.638858673807,5.244608509306));
#6501 = CARTESIAN_POINT('',(6.20005,-0.638858673807,5.244608509306));
#6502 = CARTESIAN_POINT('',(6.19995,-0.514165705694,5.244608509306));
#6503 = CARTESIAN_POINT('',(6.20005,-0.514165705694,5.244608509306));
#6504 = ADVANCED_FACE('',(#6505),#6521,.F.);
#6505 = FACE_BOUND('',#6506,.T.);
#6506 = EDGE_LOOP('',(#6507,#6508,#6515,#6520));
#6507 = ORIENTED_EDGE('',*,*,#700,.T.);
#6508 = ORIENTED_EDGE('',*,*,#6509,.F.);
#6509 = EDGE_CURVE('',#6510,#694,#6512,.T.);
#6510 = VERTEX_POINT('',#6511);
#6511 = CARTESIAN_POINT('',(6.20005,-0.638858673807,5.347232615646));
#6512 = B_SPLINE_CURVE_WITH_KNOTS('',1,(#6513,#6514),.UNSPECIFIED.,.F.,
  .F.,(2,2),(-0.,9.999999999977E-05),.PIECEWISE_BEZIER_KNOTS.);
#6513 = CARTESIAN_POINT('',(6.20005,-0.638858673807,5.347232615646));
#6514 = CARTESIAN_POINT('',(6.19995,-0.638858673807,5.347232615646));
#6515 = ORIENTED_EDGE('',*,*,#6516,.F.);
#6516 = EDGE_CURVE('',#6488,#6510,#6517,.T.);
#6517 = B_SPLINE_CURVE_WITH_KNOTS('',1,(#6518,#6519),.UNSPECIFIED.,.F.,
  .F.,(2,2),(-0.10262410634,0.),.PIECEWISE_BEZIER_KNOTS.);
#6518 = CARTESIAN_POINT('',(6.20005,-0.638858673807,5.244608509306));
#6519 = CARTESIAN_POINT('',(6.20005,-0.638858673807,5.347232615646));
#6520 = ORIENTED_EDGE('',*,*,#6487,.T.);
#6521 = B_SPLINE_SURFACE_WITH_KNOTS('',1,1,(
    (#6522,#6523)
    ,(#6524,#6525
    )),.UNSPECIFIED.,.F.,.F.,.F.,(2,2),(2,2),(-4.440892098501E-16,
    0.10262410634),(-9.999999999977E-05,0.),.PIECEWISE_BEZIER_KNOTS.);
#6522 = CARTESIAN_POINT('',(6.19995,-0.638858673807,5.347232615646));
#6523 = CARTESIAN_POINT('',(6.20005,-0.638858673807,5.347232615646));
#6524 = CARTESIAN_POINT('',(6.19995,-0.638858673807,5.244608509306));
#6525 = CARTESIAN_POINT('',(6.20005,-0.638858673807,5.244608509306));
#6526 = ADVANCED_FACE('',(#6527),#6543,.F.);
#6527 = FACE_BOUND('',#6528,.T.);
#6528 = EDGE_LOOP('',(#6529,#6530,#6537,#6542));
#6529 = ORIENTED_EDGE('',*,*,#693,.T.);
#6530 = ORIENTED_EDGE('',*,*,#6531,.F.);
#6531 = EDGE_CURVE('',#6532,#687,#6534,.T.);
#6532 = VERTEX_POINT('',#6533);
#6533 = CARTESIAN_POINT('',(6.20005,-0.529762074439,5.347232615646));
#6534 = B_SPLINE_CURVE_WITH_KNOTS('',1,(#6535,#6536),.UNSPECIFIED.,.F.,
  .F.,(2,2),(-0.,9.999999999977E-05),.PIECEWISE_BEZIER_KNOTS.);
#6535 = CARTESIAN_POINT('',(6.20005,-0.529762074439,5.347232615646));
#6536 = CARTESIAN_POINT('',(6.19995,-0.529762074439,5.347232615646));
#6537 = ORIENTED_EDGE('',*,*,#6538,.F.);
#6538 = EDGE_CURVE('',#6510,#6532,#6539,.T.);
#6539 = B_SPLINE_CURVE_WITH_KNOTS('',1,(#6540,#6541),.UNSPECIFIED.,.F.,
  .F.,(2,2),(-0.109096599369,0.),.PIECEWISE_BEZIER_KNOTS.);
#6540 = CARTESIAN_POINT('',(6.20005,-0.638858673807,5.347232615646));
#6541 = CARTESIAN_POINT('',(6.20005,-0.529762074439,5.347232615646));
#6542 = ORIENTED_EDGE('',*,*,#6509,.T.);
#6543 = B_SPLINE_SURFACE_WITH_KNOTS('',1,1,(
    (#6544,#6545)
    ,(#6546,#6547
    )),.UNSPECIFIED.,.F.,.F.,.F.,(2,2),(2,2),(0.,0.109096599369),(
    -9.999999999977E-05,0.),.PIECEWISE_BEZIER_KNOTS.);
#6544 = CARTESIAN_POINT('',(6.19995,-0.529762074439,5.347232615646));
#6545 = CARTESIAN_POINT('',(6.20005,-0.529762074439,5.347232615646));
#6546 = CARTESIAN_POINT('',(6.19995,-0.638858673807,5.347232615646));
#6547 = CARTESIAN_POINT('',(6.20005,-0.638858673807,5.347232615646));
#6548 = ADVANCED_FACE('',(#6549),#6565,.F.);
#6549 = FACE_BOUND('',#6550,.T.);
#6550 = EDGE_LOOP('',(#6551,#6552,#6559,#6564));
#6551 = ORIENTED_EDGE('',*,*,#686,.T.);
#6552 = ORIENTED_EDGE('',*,*,#6553,.F.);
#6553 = EDGE_CURVE('',#6554,#680,#6556,.T.);
#6554 = VERTEX_POINT('',#6555);
#6555 = CARTESIAN_POINT('',(6.20005,-0.529762074439,5.382168481634));
#6556 = B_SPLINE_CURVE_WITH_KNOTS('',1,(#6557,#6558),.UNSPECIFIED.,.F.,
  .F.,(2,2),(-0.,9.999999999977E-05),.PIECEWISE_BEZIER_KNOTS.);
#6557 = CARTESIAN_POINT('',(6.20005,-0.529762074439,5.382168481634));
#6558 = CARTESIAN_POINT('',(6.19995,-0.529762074439,5.382168481634));
#6559 = ORIENTED_EDGE('',*,*,#6560,.F.);
#6560 = EDGE_CURVE('',#6532,#6554,#6561,.T.);
#6561 = B_SPLINE_CURVE_WITH_KNOTS('',1,(#6562,#6563),.UNSPECIFIED.,.F.,
  .F.,(2,2),(-3.493586598795E-02,0.),.PIECEWISE_BEZIER_KNOTS.);
#6562 = CARTESIAN_POINT('',(6.20005,-0.529762074439,5.347232615646));
#6563 = CARTESIAN_POINT('',(6.20005,-0.529762074439,5.382168481634));
#6564 = ORIENTED_EDGE('',*,*,#6531,.T.);
#6565 = B_SPLINE_SURFACE_WITH_KNOTS('',1,1,(
    (#6566,#6567)
    ,(#6568,#6569
    )),.UNSPECIFIED.,.F.,.F.,.F.,(2,2),(2,2),(-0.,3.493586598795E-02),(
    -9.999999999977E-05,0.),.PIECEWISE_BEZIER_KNOTS.);
#6566 = CARTESIAN_POINT('',(6.19995,-0.529762074439,5.382168481634));
#6567 = CARTESIAN_POINT('',(6.20005,-0.529762074439,5.382168481634));
#6568 = CARTESIAN_POINT('',(6.19995,-0.529762074439,5.347232615646));
#6569 = CARTESIAN_POINT('',(6.20005,-0.529762074439,5.347232615646));
#6570 = ADVANCED_FACE('',(#6571),#6587,.F.);
#6571 = FACE_BOUND('',#6572,.T.);
#6572 = EDGE_LOOP('',(#6573,#6574,#6581,#6586));
#6573 = ORIENTED_EDGE('',*,*,#679,.T.);
#6574 = ORIENTED_EDGE('',*,*,#6575,.F.);
#6575 = EDGE_CURVE('',#6576,#673,#6578,.T.);
#6576 = VERTEX_POINT('',#6577);
#6577 = CARTESIAN_POINT('',(6.20005,-0.638858673807,5.382168481634));
#6578 = B_SPLINE_CURVE_WITH_KNOTS('',1,(#6579,#6580),.UNSPECIFIED.,.F.,
  .F.,(2,2),(-0.,9.999999999977E-05),.PIECEWISE_BEZIER_KNOTS.);
#6579 = CARTESIAN_POINT('',(6.20005,-0.638858673807,5.382168481634));
#6580 = CARTESIAN_POINT('',(6.19995,-0.638858673807,5.382168481634));
#6581 = ORIENTED_EDGE('',*,*,#6582,.F.);
#6582 = EDGE_CURVE('',#6554,#6576,#6583,.T.);
#6583 = B_SPLINE_CURVE_WITH_KNOTS('',1,(#6584,#6585),.UNSPECIFIED.,.F.,
  .F.,(2,2),(-0.109096599369,-0.),.PIECEWISE_BEZIER_KNOTS.);
#6584 = CARTESIAN_POINT('',(6.20005,-0.529762074439,5.382168481634));
#6585 = CARTESIAN_POINT('',(6.20005,-0.638858673807,5.382168481634));
#6586 = ORIENTED_EDGE('',*,*,#6553,.T.);
#6587 = B_SPLINE_SURFACE_WITH_KNOTS('',1,1,(
    (#6588,#6589)
    ,(#6590,#6591
    )),.UNSPECIFIED.,.F.,.F.,.F.,(2,2),(2,2),(-6.661338147751E-16,
    0.109096599369),(-9.999999999977E-05,0.),.PIECEWISE_BEZIER_KNOTS.);
#6588 = CARTESIAN_POINT('',(6.19995,-0.638858673808,5.382168481634));
#6589 = CARTESIAN_POINT('',(6.20005,-0.638858673808,5.382168481634));
#6590 = CARTESIAN_POINT('',(6.19995,-0.529762074439,5.382168481634));
#6591 = CARTESIAN_POINT('',(6.20005,-0.529762074439,5.382168481634));
#6592 = ADVANCED_FACE('',(#6593),#6609,.F.);
#6593 = FACE_BOUND('',#6594,.T.);
#6594 = EDGE_LOOP('',(#6595,#6596,#6603,#6608));
#6595 = ORIENTED_EDGE('',*,*,#672,.T.);
#6596 = ORIENTED_EDGE('',*,*,#6597,.F.);
#6597 = EDGE_CURVE('',#6598,#666,#6600,.T.);
#6598 = VERTEX_POINT('',#6599);
#6599 = CARTESIAN_POINT('',(6.20005,-0.638858673807,5.479801749977));
#6600 = B_SPLINE_CURVE_WITH_KNOTS('',1,(#6601,#6602),.UNSPECIFIED.,.F.,
  .F.,(2,2),(-0.,9.999999999977E-05),.PIECEWISE_BEZIER_KNOTS.);
#6601 = CARTESIAN_POINT('',(6.20005,-0.638858673807,5.479801749977));
#6602 = CARTESIAN_POINT('',(6.19995,-0.638858673807,5.479801749977));
#6603 = ORIENTED_EDGE('',*,*,#6604,.F.);
#6604 = EDGE_CURVE('',#6576,#6598,#6605,.T.);
#6605 = B_SPLINE_CURVE_WITH_KNOTS('',1,(#6606,#6607),.UNSPECIFIED.,.F.,
  .F.,(2,2),(-9.763326834319E-02,0.),.PIECEWISE_BEZIER_KNOTS.);
#6606 = CARTESIAN_POINT('',(6.20005,-0.638858673807,5.382168481634));
#6607 = CARTESIAN_POINT('',(6.20005,-0.638858673807,5.479801749977));
#6608 = ORIENTED_EDGE('',*,*,#6575,.T.);
#6609 = B_SPLINE_SURFACE_WITH_KNOTS('',1,1,(
    (#6610,#6611)
    ,(#6612,#6613
    )),.UNSPECIFIED.,.F.,.F.,.F.,(2,2),(2,2),(-4.440892098501E-16,
    9.763326834319E-02),(-9.999999999977E-05,0.),
  .PIECEWISE_BEZIER_KNOTS.);
#6610 = CARTESIAN_POINT('',(6.19995,-0.638858673807,5.479801749977));
#6611 = CARTESIAN_POINT('',(6.20005,-0.638858673807,5.479801749977));
#6612 = CARTESIAN_POINT('',(6.19995,-0.638858673807,5.382168481634));
#6613 = CARTESIAN_POINT('',(6.20005,-0.638858673807,5.382168481634));
#6614 = ADVANCED_FACE('',(#6615),#6631,.F.);
#6615 = FACE_BOUND('',#6616,.T.);
#6616 = EDGE_LOOP('',(#6617,#6618,#6625,#6630));
#6617 = ORIENTED_EDGE('',*,*,#665,.T.);
#6618 = ORIENTED_EDGE('',*,*,#6619,.F.);
#6619 = EDGE_CURVE('',#6620,#659,#6622,.T.);
#6620 = VERTEX_POINT('',#6621);
#6621 = CARTESIAN_POINT('',(6.20005,-0.521106089785,5.479801749977));
#6622 = B_SPLINE_CURVE_WITH_KNOTS('',1,(#6623,#6624),.UNSPECIFIED.,.F.,
  .F.,(2,2),(-0.,9.999999999977E-05),.PIECEWISE_BEZIER_KNOTS.);
#6623 = CARTESIAN_POINT('',(6.20005,-0.521106089785,5.479801749977));
#6624 = CARTESIAN_POINT('',(6.19995,-0.521106089785,5.479801749977));
#6625 = ORIENTED_EDGE('',*,*,#6626,.F.);
#6626 = EDGE_CURVE('',#6598,#6620,#6627,.T.);
#6627 = B_SPLINE_CURVE_WITH_KNOTS('',1,(#6628,#6629),.UNSPECIFIED.,.F.,
  .F.,(2,2),(-0.117752584023,0.),.PIECEWISE_BEZIER_KNOTS.);
#6628 = CARTESIAN_POINT('',(6.20005,-0.638858673807,5.479801749977));
#6629 = CARTESIAN_POINT('',(6.20005,-0.521106089785,5.479801749977));
#6630 = ORIENTED_EDGE('',*,*,#6597,.T.);
#6631 = B_SPLINE_SURFACE_WITH_KNOTS('',1,1,(
    (#6632,#6633)
    ,(#6634,#6635
    )),.UNSPECIFIED.,.F.,.F.,.F.,(2,2),(2,2),(-3.330669073875E-16,
    0.117752584023),(-9.999999999977E-05,0.),.PIECEWISE_BEZIER_KNOTS.);
#6632 = CARTESIAN_POINT('',(6.19995,-0.521106089785,5.479801749977));
#6633 = CARTESIAN_POINT('',(6.20005,-0.521106089785,5.479801749977));
#6634 = CARTESIAN_POINT('',(6.19995,-0.638858673808,5.479801749977));
#6635 = CARTESIAN_POINT('',(6.20005,-0.638858673808,5.479801749977));
#6636 = ADVANCED_FACE('',(#6637),#6653,.F.);
#6637 = FACE_BOUND('',#6638,.T.);
#6638 = EDGE_LOOP('',(#6639,#6640,#6647,#6652));
#6639 = ORIENTED_EDGE('',*,*,#658,.T.);
#6640 = ORIENTED_EDGE('',*,*,#6641,.F.);
#6641 = EDGE_CURVE('',#6642,#652,#6644,.T.);
#6642 = VERTEX_POINT('',#6643);
#6643 = CARTESIAN_POINT('',(6.20005,-0.521106089785,5.514893579652));
#6644 = B_SPLINE_CURVE_WITH_KNOTS('',1,(#6645,#6646),.UNSPECIFIED.,.F.,
  .F.,(2,2),(-0.,9.999999999977E-05),.PIECEWISE_BEZIER_KNOTS.);
#6645 = CARTESIAN_POINT('',(6.20005,-0.521106089785,5.514893579652));
#6646 = CARTESIAN_POINT('',(6.19995,-0.521106089785,5.514893579652));
#6647 = ORIENTED_EDGE('',*,*,#6648,.F.);
#6648 = EDGE_CURVE('',#6620,#6642,#6649,.T.);
#6649 = B_SPLINE_CURVE_WITH_KNOTS('',1,(#6650,#6651),.UNSPECIFIED.,.F.,
  .F.,(2,2),(-3.509182967522E-02,0.),.PIECEWISE_BEZIER_KNOTS.);
#6650 = CARTESIAN_POINT('',(6.20005,-0.521106089785,5.479801749977));
#6651 = CARTESIAN_POINT('',(6.20005,-0.521106089785,5.514893579652));
#6652 = ORIENTED_EDGE('',*,*,#6619,.T.);
#6653 = B_SPLINE_SURFACE_WITH_KNOTS('',1,1,(
    (#6654,#6655)
    ,(#6656,#6657
    )),.UNSPECIFIED.,.F.,.F.,.F.,(2,2),(2,2),(-4.440892098501E-16,
    3.509182967522E-02),(-9.999999999977E-05,0.),
  .PIECEWISE_BEZIER_KNOTS.);
#6654 = CARTESIAN_POINT('',(6.19995,-0.521106089785,5.514893579652));
#6655 = CARTESIAN_POINT('',(6.20005,-0.521106089785,5.514893579652));
#6656 = CARTESIAN_POINT('',(6.19995,-0.521106089785,5.479801749977));
#6657 = CARTESIAN_POINT('',(6.20005,-0.521106089785,5.479801749977));
#6658 = ADVANCED_FACE('',(#6659),#6675,.F.);
#6659 = FACE_BOUND('',#6660,.T.);
#6660 = EDGE_LOOP('',(#6661,#6662,#6669,#6674));
#6661 = ORIENTED_EDGE('',*,*,#651,.T.);
#6662 = ORIENTED_EDGE('',*,*,#6663,.F.);
#6663 = EDGE_CURVE('',#6664,#645,#6666,.T.);
#6664 = VERTEX_POINT('',#6665);
#6665 = CARTESIAN_POINT('',(6.20005,-0.678239504888,5.514893579652));
#6666 = B_SPLINE_CURVE_WITH_KNOTS('',1,(#6667,#6668),.UNSPECIFIED.,.F.,
  .F.,(2,2),(-0.,9.999999999977E-05),.PIECEWISE_BEZIER_KNOTS.);
#6667 = CARTESIAN_POINT('',(6.20005,-0.678239504888,5.514893579652));
#6668 = CARTESIAN_POINT('',(6.19995,-0.678239504888,5.514893579652));
#6669 = ORIENTED_EDGE('',*,*,#6670,.F.);
#6670 = EDGE_CURVE('',#6642,#6664,#6671,.T.);
#6671 = B_SPLINE_CURVE_WITH_KNOTS('',1,(#6672,#6673),.UNSPECIFIED.,.F.,
  .F.,(2,2),(-0.157133415103,-0.),.PIECEWISE_BEZIER_KNOTS.);
#6672 = CARTESIAN_POINT('',(6.20005,-0.521106089785,5.514893579652));
#6673 = CARTESIAN_POINT('',(6.20005,-0.678239504888,5.514893579652));
#6674 = ORIENTED_EDGE('',*,*,#6641,.T.);
#6675 = B_SPLINE_SURFACE_WITH_KNOTS('',1,1,(
    (#6676,#6677)
    ,(#6678,#6679
    )),.UNSPECIFIED.,.F.,.F.,.F.,(2,2),(2,2),(-3.330669073875E-16,
    0.157133415103),(-9.999999999977E-05,0.),.PIECEWISE_BEZIER_KNOTS.);
#6676 = CARTESIAN_POINT('',(6.19995,-0.678239504888,5.514893579652));
#6677 = CARTESIAN_POINT('',(6.20005,-0.678239504888,5.514893579652));
#6678 = CARTESIAN_POINT('',(6.19995,-0.521106089785,5.514893579652));
#6679 = CARTESIAN_POINT('',(6.20005,-0.521106089785,5.514893579652));
#6680 = ADVANCED_FACE('',(#6681),#6697,.F.);
#6681 = FACE_BOUND('',#6682,.T.);
#6682 = EDGE_LOOP('',(#6683,#6684,#6691,#6696));
#6683 = ORIENTED_EDGE('',*,*,#644,.T.);
#6684 = ORIENTED_EDGE('',*,*,#6685,.F.);
#6685 = EDGE_CURVE('',#6686,#638,#6688,.T.);
#6686 = VERTEX_POINT('',#6687);
#6687 = CARTESIAN_POINT('',(6.20005,-0.678239504888,5.209828607005));
#6688 = B_SPLINE_CURVE_WITH_KNOTS('',1,(#6689,#6690),.UNSPECIFIED.,.F.,
  .F.,(2,2),(-0.,9.999999999977E-05),.PIECEWISE_BEZIER_KNOTS.);
#6689 = CARTESIAN_POINT('',(6.20005,-0.678239504888,5.209828607005));
#6690 = CARTESIAN_POINT('',(6.19995,-0.678239504888,5.209828607005));
#6691 = ORIENTED_EDGE('',*,*,#6692,.F.);
#6692 = EDGE_CURVE('',#6664,#6686,#6693,.T.);
#6693 = B_SPLINE_CURVE_WITH_KNOTS('',1,(#6694,#6695),.UNSPECIFIED.,.F.,
  .F.,(2,2),(-0.305064972647,0.),.PIECEWISE_BEZIER_KNOTS.);
#6694 = CARTESIAN_POINT('',(6.20005,-0.678239504888,5.514893579652));
#6695 = CARTESIAN_POINT('',(6.20005,-0.678239504888,5.209828607005));
#6696 = ORIENTED_EDGE('',*,*,#6663,.T.);
#6697 = B_SPLINE_SURFACE_WITH_KNOTS('',1,1,(
    (#6698,#6699)
    ,(#6700,#6701
    )),.UNSPECIFIED.,.F.,.F.,.F.,(2,2),(2,2),(0.,0.305064972647),(
    -9.999999999977E-05,0.),.PIECEWISE_BEZIER_KNOTS.);
#6698 = CARTESIAN_POINT('',(6.19995,-0.678239504888,5.209828607005));
#6699 = CARTESIAN_POINT('',(6.20005,-0.678239504888,5.209828607005));
#6700 = CARTESIAN_POINT('',(6.19995,-0.678239504888,5.514893579652));
#6701 = CARTESIAN_POINT('',(6.20005,-0.678239504888,5.514893579652));
#6702 = ADVANCED_FACE('',(#6703),#6713,.F.);
#6703 = FACE_BOUND('',#6704,.T.);
#6704 = EDGE_LOOP('',(#6705,#6706,#6707,#6712));
#6705 = ORIENTED_EDGE('',*,*,#637,.T.);
#6706 = ORIENTED_EDGE('',*,*,#6473,.F.);
#6707 = ORIENTED_EDGE('',*,*,#6708,.F.);
#6708 = EDGE_CURVE('',#6686,#6467,#6709,.T.);
#6709 = B_SPLINE_CURVE_WITH_KNOTS('',1,(#6710,#6711),.UNSPECIFIED.,.F.,
  .F.,(2,2),(-0.164073799194,0.),.PIECEWISE_BEZIER_KNOTS.);
#6710 = CARTESIAN_POINT('',(6.20005,-0.678239504888,5.209828607005));
#6711 = CARTESIAN_POINT('',(6.20005,-0.514165705694,5.209828607005));
#6712 = ORIENTED_EDGE('',*,*,#6685,.T.);
#6713 = B_SPLINE_SURFACE_WITH_KNOTS('',1,1,(
    (#6714,#6715)
    ,(#6716,#6717
    )),.UNSPECIFIED.,.F.,.F.,.F.,(2,2),(2,2),(-0.,0.164073799194),(
    -9.999999999977E-05,0.),.PIECEWISE_BEZIER_KNOTS.);
#6714 = CARTESIAN_POINT('',(6.19995,-0.514165705694,5.209828607005));
#6715 = CARTESIAN_POINT('',(6.20005,-0.514165705694,5.209828607005));
#6716 = CARTESIAN_POINT('',(6.19995,-0.678239504888,5.209828607005));
#6717 = CARTESIAN_POINT('',(6.20005,-0.678239504888,5.209828607005));
#6718 = ADVANCED_FACE('',(#6719),#6733,.F.);
#6719 = FACE_BOUND('',#6720,.T.);
#6720 = EDGE_LOOP('',(#6721,#6722,#6723,#6724,#6725,#6726,#6727,#6728,
    #6729,#6730,#6731,#6732));
#6721 = ORIENTED_EDGE('',*,*,#6466,.T.);
#6722 = ORIENTED_EDGE('',*,*,#6494,.T.);
#6723 = ORIENTED_EDGE('',*,*,#6516,.T.);
#6724 = ORIENTED_EDGE('',*,*,#6538,.T.);
#6725 = ORIENTED_EDGE('',*,*,#6560,.T.);
#6726 = ORIENTED_EDGE('',*,*,#6582,.T.);
#6727 = ORIENTED_EDGE('',*,*,#6604,.T.);
#6728 = ORIENTED_EDGE('',*,*,#6626,.T.);
#6729 = ORIENTED_EDGE('',*,*,#6648,.T.);
#6730 = ORIENTED_EDGE('',*,*,#6670,.T.);
#6731 = ORIENTED_EDGE('',*,*,#6692,.T.);
#6732 = ORIENTED_EDGE('',*,*,#6708,.T.);
#6733 = B_SPLINE_SURFACE_WITH_KNOTS('',1,1,(
    (#6734,#6735)
    ,(#6736,#6737
    )),.UNSPECIFIED.,.F.,.F.,.F.,(2,2),(2,2),(1.809828507005,
    2.114893479652),(-0.678239504888,-0.514165705694),
  .PIECEWISE_BEZIER_KNOTS.);
#6734 = CARTESIAN_POINT('',(6.20005,-0.678239504888,5.209828607005));
#6735 = CARTESIAN_POINT('',(6.20005,-0.514165705694,5.209828607005));
#6736 = CARTESIAN_POINT('',(6.20005,-0.678239504888,5.514893579652));
#6737 = CARTESIAN_POINT('',(6.20005,-0.514165705694,5.514893579652));
#6738 = ADVANCED_FACE('',(#6739,#6798),#6857,.T.);
#6739 = FACE_BOUND('',#6740,.T.);
#6740 = EDGE_LOOP('',(#6741,#6750,#6759,#6768,#6777,#6786,#6793));
#6741 = ORIENTED_EDGE('',*,*,#6742,.T.);
#6742 = EDGE_CURVE('',#6743,#6745,#6747,.T.);
#6743 = VERTEX_POINT('',#6744);
#6744 = CARTESIAN_POINT('',(6.20005,-0.456537123181,5.209828607005));
#6745 = VERTEX_POINT('',#6746);
#6746 = CARTESIAN_POINT('',(6.20005,-0.372628659334,5.209828607005));
#6747 = B_SPLINE_CURVE_WITH_KNOTS('',1,(#6748,#6749),.UNSPECIFIED.,.F.,
  .F.,(2,2),(-8.390846384681E-02,2.22044604925E-16),
  .PIECEWISE_BEZIER_KNOTS.);
#6748 = CARTESIAN_POINT('',(6.20005,-0.456537123181,5.209828607005));
#6749 = CARTESIAN_POINT('',(6.20005,-0.372628659334,5.209828607005));
#6750 = ORIENTED_EDGE('',*,*,#6751,.T.);
#6751 = EDGE_CURVE('',#6745,#6752,#6754,.T.);
#6752 = VERTEX_POINT('',#6753);
#6753 = CARTESIAN_POINT('',(6.20005,-0.254174238718,5.252562657365));
#6754 = B_SPLINE_CURVE_WITH_KNOTS('',3,(#6755,#6756,#6757,#6758),
  .UNSPECIFIED.,.F.,.F.,(4,4),(5.,6.),.PIECEWISE_BEZIER_KNOTS.);
#6755 = CARTESIAN_POINT('',(6.20005,-0.372628659334,5.209828607005));
#6756 = CARTESIAN_POINT('',(6.20005,-0.32435789807,5.209828607005));
#6757 = CARTESIAN_POINT('',(6.20005,-0.284821103302,5.224021302563));
#6758 = CARTESIAN_POINT('',(6.20005,-0.254174238718,5.252562657365));
#6759 = ORIENTED_EDGE('',*,*,#6760,.T.);
#6760 = EDGE_CURVE('',#6752,#6761,#6763,.T.);
#6761 = VERTEX_POINT('',#6762);
#6762 = CARTESIAN_POINT('',(6.20005,-0.208164950921,5.366260185516));
#6763 = B_SPLINE_CURVE_WITH_KNOTS('',3,(#6764,#6765,#6766,#6767),
  .UNSPECIFIED.,.F.,.F.,(4,4),(4.,5.),.PIECEWISE_BEZIER_KNOTS.);
#6764 = CARTESIAN_POINT('',(6.20005,-0.254174238718,5.252562657365));
#6765 = CARTESIAN_POINT('',(6.20005,-0.223527374134,5.281104012169));
#6766 = CARTESIAN_POINT('',(6.20005,-0.208164950921,5.319003188219));
#6767 = CARTESIAN_POINT('',(6.20005,-0.208164950921,5.366260185516));
#6768 = ORIENTED_EDGE('',*,*,#6769,.T.);
#6769 = EDGE_CURVE('',#6761,#6770,#6772,.T.);
#6770 = VERTEX_POINT('',#6771);
#6771 = CARTESIAN_POINT('',(6.20005,-0.254174238718,5.474498984604));
#6772 = B_SPLINE_CURVE_WITH_KNOTS('',3,(#6773,#6774,#6775,#6776),
  .UNSPECIFIED.,.F.,.F.,(4,4),(3.,4.),.PIECEWISE_BEZIER_KNOTS.);
#6773 = CARTESIAN_POINT('',(6.20005,-0.208164950921,5.366260185516));
#6774 = CARTESIAN_POINT('',(6.20005,-0.208164950921,5.411489654874));
#6775 = CARTESIAN_POINT('',(6.20005,-0.223527374134,5.447517266675));
#6776 = CARTESIAN_POINT('',(6.20005,-0.254174238718,5.474498984604));
#6777 = ORIENTED_EDGE('',*,*,#6778,.T.);
#6778 = EDGE_CURVE('',#6770,#6779,#6781,.T.);
#6779 = VERTEX_POINT('',#6780);
#6780 = CARTESIAN_POINT('',(6.20005,-0.369509385585,5.514893579652));
#6781 = B_SPLINE_CURVE_WITH_KNOTS('',3,(#6782,#6783,#6784,#6785),
  .UNSPECIFIED.,.F.,.F.,(4,4),(2.,3.),.PIECEWISE_BEZIER_KNOTS.);
#6782 = CARTESIAN_POINT('',(6.20005,-0.254174238718,5.474498984604));
#6783 = CARTESIAN_POINT('',(6.20005,-0.284821103302,5.501480702532));
#6784 = CARTESIAN_POINT('',(6.20005,-0.323266152257,5.514893579652));
#6785 = CARTESIAN_POINT('',(6.20005,-0.369509385585,5.514893579652));
#6786 = ORIENTED_EDGE('',*,*,#6787,.T.);
#6787 = EDGE_CURVE('',#6779,#6788,#6790,.T.);
#6788 = VERTEX_POINT('',#6789);
#6789 = CARTESIAN_POINT('',(6.20005,-0.456537123181,5.514893579652));
#6790 = B_SPLINE_CURVE_WITH_KNOTS('',1,(#6791,#6792),.UNSPECIFIED.,.F.,
  .F.,(2,2),(-8.702773759636E-02,-0.),.PIECEWISE_BEZIER_KNOTS.);
#6791 = CARTESIAN_POINT('',(6.20005,-0.369509385585,5.514893579652));
#6792 = CARTESIAN_POINT('',(6.20005,-0.456537123181,5.514893579652));
#6793 = ORIENTED_EDGE('',*,*,#6794,.T.);
#6794 = EDGE_CURVE('',#6788,#6743,#6795,.T.);
#6795 = B_SPLINE_CURVE_WITH_KNOTS('',1,(#6796,#6797),.UNSPECIFIED.,.F.,
  .F.,(2,2),(-0.305064972647,0.),.PIECEWISE_BEZIER_KNOTS.);
#6796 = CARTESIAN_POINT('',(6.20005,-0.456537123181,5.514893579652));
#6797 = CARTESIAN_POINT('',(6.20005,-0.456537123181,5.209828607005));
#6798 = FACE_BOUND('',#6799,.T.);
#6799 = EDGE_LOOP('',(#6800,#6809,#6816,#6825,#6834,#6843,#6852));
#6800 = ORIENTED_EDGE('',*,*,#6801,.F.);
#6801 = EDGE_CURVE('',#6802,#6804,#6806,.T.);
#6802 = VERTEX_POINT('',#6803);
#6803 = CARTESIAN_POINT('',(6.20005,-0.4171562921,5.479801749977));
#6804 = VERTEX_POINT('',#6805);
#6805 = CARTESIAN_POINT('',(6.20005,-0.4171562921,5.244608509306));
#6806 = B_SPLINE_CURVE_WITH_KNOTS('',1,(#6807,#6808),.UNSPECIFIED.,.F.,
  .F.,(2,2),(0.,0.235193240671),.PIECEWISE_BEZIER_KNOTS.);
#6807 = CARTESIAN_POINT('',(6.20005,-0.4171562921,5.479801749977));
#6808 = CARTESIAN_POINT('',(6.20005,-0.4171562921,5.244608509306));
#6809 = ORIENTED_EDGE('',*,*,#6810,.F.);
#6810 = EDGE_CURVE('',#6811,#6802,#6813,.T.);
#6811 = VERTEX_POINT('',#6812);
#6812 = CARTESIAN_POINT('',(6.20005,-0.371069022462,5.479801749977));
#6813 = B_SPLINE_CURVE_WITH_KNOTS('',1,(#6814,#6815),.UNSPECIFIED.,.F.,
  .F.,(2,2),(-1.665334536938E-16,4.608726963813E-02),
  .PIECEWISE_BEZIER_KNOTS.);
#6814 = CARTESIAN_POINT('',(6.20005,-0.371069022462,5.479801749977));
#6815 = CARTESIAN_POINT('',(6.20005,-0.4171562921,5.479801749977));
#6816 = ORIENTED_EDGE('',*,*,#6817,.F.);
#6817 = EDGE_CURVE('',#6818,#6811,#6820,.T.);
#6818 = VERTEX_POINT('',#6819);
#6819 = CARTESIAN_POINT('',(6.20005,-0.283027520896,5.451104431486));
#6820 = B_SPLINE_CURVE_WITH_KNOTS('',3,(#6821,#6822,#6823,#6824),
  .UNSPECIFIED.,.F.,.F.,(4,4),(5.,6.),.PIECEWISE_BEZIER_KNOTS.);
#6821 = CARTESIAN_POINT('',(6.20005,-0.283027520896,5.451104431486));
#6822 = CARTESIAN_POINT('',(6.20005,-0.305330328203,5.470287965043));
#6823 = CARTESIAN_POINT('',(6.20005,-0.334729483286,5.479801749977));
#6824 = CARTESIAN_POINT('',(6.20005,-0.371069022462,5.479801749977));
#6825 = ORIENTED_EDGE('',*,*,#6826,.F.);
#6826 = EDGE_CURVE('',#6827,#6818,#6829,.T.);
#6827 = VERTEX_POINT('',#6828);
#6828 = CARTESIAN_POINT('',(6.20005,-0.249573309937,5.365168439703));
#6829 = B_SPLINE_CURVE_WITH_KNOTS('',3,(#6830,#6831,#6832,#6833),
  .UNSPECIFIED.,.F.,.F.,(4,4),(4.,5.),.PIECEWISE_BEZIER_KNOTS.);
#6830 = CARTESIAN_POINT('',(6.20005,-0.249573309937,5.365168439703));
#6831 = CARTESIAN_POINT('',(6.20005,-0.249573309937,5.40322357944));
#6832 = CARTESIAN_POINT('',(6.20005,-0.260724713591,5.431920897931));
#6833 = CARTESIAN_POINT('',(6.20005,-0.283027520896,5.451104431486));
#6834 = ORIENTED_EDGE('',*,*,#6835,.F.);
#6835 = EDGE_CURVE('',#6836,#6827,#6838,.T.);
#6836 = VERTEX_POINT('',#6837);
#6837 = CARTESIAN_POINT('',(6.20005,-0.282169720614,5.276425101544));
#6838 = B_SPLINE_CURVE_WITH_KNOTS('',3,(#6839,#6840,#6841,#6842),
  .UNSPECIFIED.,.F.,.F.,(4,4),(3.,4.),.PIECEWISE_BEZIER_KNOTS.);
#6839 = CARTESIAN_POINT('',(6.20005,-0.282169720614,5.276425101544));
#6840 = CARTESIAN_POINT('',(6.20005,-0.260412786215,5.297480199351));
#6841 = CARTESIAN_POINT('',(6.20005,-0.249573309937,5.327113299965));
#6842 = CARTESIAN_POINT('',(6.20005,-0.249573309937,5.365168439703));
#6843 = ORIENTED_EDGE('',*,*,#6844,.F.);
#6844 = EDGE_CURVE('',#6845,#6836,#6847,.T.);
#6845 = VERTEX_POINT('',#6846);
#6846 = CARTESIAN_POINT('',(6.20005,-0.372862604865,5.244608509306));
#6847 = B_SPLINE_CURVE_WITH_KNOTS('',3,(#6848,#6849,#6850,#6851),
  .UNSPECIFIED.,.F.,.F.,(4,4),(2.,3.),.PIECEWISE_BEZIER_KNOTS.);
#6848 = CARTESIAN_POINT('',(6.20005,-0.372862604865,5.244608509306));
#6849 = CARTESIAN_POINT('',(6.20005,-0.334105628535,5.244608509306));
#6850 = CARTESIAN_POINT('',(6.20005,-0.303848673169,5.255214040053));
#6851 = CARTESIAN_POINT('',(6.20005,-0.282169720614,5.276425101544));
#6852 = ORIENTED_EDGE('',*,*,#6853,.F.);
#6853 = EDGE_CURVE('',#6804,#6845,#6854,.T.);
#6854 = B_SPLINE_CURVE_WITH_KNOTS('',1,(#6855,#6856),.UNSPECIFIED.,.F.,
  .F.,(2,2),(0.,4.429368723452E-02),.PIECEWISE_BEZIER_KNOTS.);
#6855 = CARTESIAN_POINT('',(6.20005,-0.4171562921,5.244608509306));
#6856 = CARTESIAN_POINT('',(6.20005,-0.372862604865,5.244608509306));
#6857 = B_SPLINE_SURFACE_WITH_KNOTS('',1,1,(
    (#6858,#6859)
    ,(#6860,#6861
    )),.UNSPECIFIED.,.F.,.F.,.F.,(2,2),(2,2),(-1.007915330099E-02,
    0.294985819346),(-0.150543949309,9.782822295123E-02),
  .PIECEWISE_BEZIER_KNOTS.);
#6858 = CARTESIAN_POINT('',(6.20005,-0.456537123181,5.514893579652));
#6859 = CARTESIAN_POINT('',(6.20005,-0.208164950921,5.514893579652));
#6860 = CARTESIAN_POINT('',(6.20005,-0.456537123181,5.209828607005));
#6861 = CARTESIAN_POINT('',(6.20005,-0.208164950921,5.209828607005));
#6862 = ADVANCED_FACE('',(#6863),#6877,.F.);
#6863 = FACE_BOUND('',#6864,.T.);
#6864 = EDGE_LOOP('',(#6865,#6866,#6871,#6872));
#6865 = ORIENTED_EDGE('',*,*,#714,.T.);
#6866 = ORIENTED_EDGE('',*,*,#6867,.F.);
#6867 = EDGE_CURVE('',#6745,#717,#6868,.T.);
#6868 = B_SPLINE_CURVE_WITH_KNOTS('',1,(#6869,#6870),.UNSPECIFIED.,.F.,
  .F.,(2,2),(-0.,9.999999999888E-05),.PIECEWISE_BEZIER_KNOTS.);
#6869 = CARTESIAN_POINT('',(6.20005,-0.372628659334,5.209828607005));
#6870 = CARTESIAN_POINT('',(6.19995,-0.372628659334,5.209828607005));
#6871 = ORIENTED_EDGE('',*,*,#6742,.F.);
#6872 = ORIENTED_EDGE('',*,*,#6873,.T.);
#6873 = EDGE_CURVE('',#6743,#715,#6874,.T.);
#6874 = B_SPLINE_CURVE_WITH_KNOTS('',1,(#6875,#6876),.UNSPECIFIED.,.F.,
  .F.,(2,2),(-0.,9.999999999977E-05),.PIECEWISE_BEZIER_KNOTS.);
#6875 = CARTESIAN_POINT('',(6.20005,-0.456537123181,5.209828607005));
#6876 = CARTESIAN_POINT('',(6.19995,-0.456537123181,5.209828607005));
#6877 = B_SPLINE_SURFACE_WITH_KNOTS('',1,1,(
    (#6878,#6879)
    ,(#6880,#6881
    )),.UNSPECIFIED.,.F.,.F.,.F.,(2,2),(2,2),(-2.22044604925E-16,
    8.390846384681E-02),(-9.999999999977E-05,0.),
  .PIECEWISE_BEZIER_KNOTS.);
#6878 = CARTESIAN_POINT('',(6.19995,-0.372628659334,5.209828607005));
#6879 = CARTESIAN_POINT('',(6.20005,-0.372628659334,5.209828607005));
#6880 = CARTESIAN_POINT('',(6.19995,-0.456537123181,5.209828607005));
#6881 = CARTESIAN_POINT('',(6.20005,-0.456537123181,5.209828607005));
#6882 = ADVANCED_FACE('',(#6883),#6893,.F.);
#6883 = FACE_BOUND('',#6884,.F.);
#6884 = EDGE_LOOP('',(#6885,#6886,#6887,#6892));
#6885 = ORIENTED_EDGE('',*,*,#6867,.F.);
#6886 = ORIENTED_EDGE('',*,*,#6751,.T.);
#6887 = ORIENTED_EDGE('',*,*,#6888,.T.);
#6888 = EDGE_CURVE('',#6752,#756,#6889,.T.);
#6889 = B_SPLINE_CURVE_WITH_KNOTS('',1,(#6890,#6891),.UNSPECIFIED.,.F.,
  .F.,(2,2),(-0.,9.999999999888E-05),.PIECEWISE_BEZIER_KNOTS.);
#6890 = CARTESIAN_POINT('',(6.20005,-0.254174238718,5.252562657365));
#6891 = CARTESIAN_POINT('',(6.19995,-0.254174238718,5.252562657365));
#6892 = ORIENTED_EDGE('',*,*,#764,.F.);
#6893 = B_SPLINE_SURFACE_WITH_KNOTS('',3,1,(
    (#6894,#6895)
    ,(#6896,#6897)
    ,(#6898,#6899)
    ,(#6900,#6901
    )),.UNSPECIFIED.,.F.,.F.,.F.,(4,4),(2,2),(5.,6.),(0.,1.),
  .PIECEWISE_BEZIER_KNOTS.);
#6894 = CARTESIAN_POINT('',(6.20005,-0.372628659334,5.209828607005));
#6895 = CARTESIAN_POINT('',(6.19995,-0.372628659334,5.209828607005));
#6896 = CARTESIAN_POINT('',(6.20005,-0.32435789807,5.209828607005));
#6897 = CARTESIAN_POINT('',(6.19995,-0.32435789807,5.209828607005));
#6898 = CARTESIAN_POINT('',(6.20005,-0.284821103302,5.224021302563));
#6899 = CARTESIAN_POINT('',(6.19995,-0.284821103302,5.224021302563));
#6900 = CARTESIAN_POINT('',(6.20005,-0.254174238718,5.252562657365));
#6901 = CARTESIAN_POINT('',(6.19995,-0.254174238718,5.252562657365));
#6902 = ADVANCED_FACE('',(#6903),#6913,.F.);
#6903 = FACE_BOUND('',#6904,.F.);
#6904 = EDGE_LOOP('',(#6905,#6906,#6907,#6912));
#6905 = ORIENTED_EDGE('',*,*,#6888,.F.);
#6906 = ORIENTED_EDGE('',*,*,#6760,.T.);
#6907 = ORIENTED_EDGE('',*,*,#6908,.T.);
#6908 = EDGE_CURVE('',#6761,#747,#6909,.T.);
#6909 = B_SPLINE_CURVE_WITH_KNOTS('',1,(#6910,#6911),.UNSPECIFIED.,.F.,
  .F.,(2,2),(-0.,9.999999999888E-05),.PIECEWISE_BEZIER_KNOTS.);
#6910 = CARTESIAN_POINT('',(6.20005,-0.208164950921,5.366260185516));
#6911 = CARTESIAN_POINT('',(6.19995,-0.208164950921,5.366260185516));
#6912 = ORIENTED_EDGE('',*,*,#755,.F.);
#6913 = B_SPLINE_SURFACE_WITH_KNOTS('',3,1,(
    (#6914,#6915)
    ,(#6916,#6917)
    ,(#6918,#6919)
    ,(#6920,#6921
    )),.UNSPECIFIED.,.F.,.F.,.F.,(4,4),(2,2),(4.,5.),(0.,1.),
  .PIECEWISE_BEZIER_KNOTS.);
#6914 = CARTESIAN_POINT('',(6.20005,-0.254174238718,5.252562657365));
#6915 = CARTESIAN_POINT('',(6.19995,-0.254174238718,5.252562657365));
#6916 = CARTESIAN_POINT('',(6.20005,-0.223527374134,5.281104012169));
#6917 = CARTESIAN_POINT('',(6.19995,-0.223527374134,5.281104012169));
#6918 = CARTESIAN_POINT('',(6.20005,-0.208164950921,5.319003188219));
#6919 = CARTESIAN_POINT('',(6.19995,-0.208164950921,5.319003188219));
#6920 = CARTESIAN_POINT('',(6.20005,-0.208164950921,5.366260185516));
#6921 = CARTESIAN_POINT('',(6.19995,-0.208164950921,5.366260185516));
#6922 = ADVANCED_FACE('',(#6923),#6933,.F.);
#6923 = FACE_BOUND('',#6924,.F.);
#6924 = EDGE_LOOP('',(#6925,#6926,#6927,#6932));
#6925 = ORIENTED_EDGE('',*,*,#6908,.F.);
#6926 = ORIENTED_EDGE('',*,*,#6769,.T.);
#6927 = ORIENTED_EDGE('',*,*,#6928,.T.);
#6928 = EDGE_CURVE('',#6770,#738,#6929,.T.);
#6929 = B_SPLINE_CURVE_WITH_KNOTS('',1,(#6930,#6931),.UNSPECIFIED.,.F.,
  .F.,(2,2),(-0.,9.999999999888E-05),.PIECEWISE_BEZIER_KNOTS.);
#6930 = CARTESIAN_POINT('',(6.20005,-0.254174238718,5.474498984604));
#6931 = CARTESIAN_POINT('',(6.19995,-0.254174238718,5.474498984604));
#6932 = ORIENTED_EDGE('',*,*,#746,.F.);
#6933 = B_SPLINE_SURFACE_WITH_KNOTS('',3,1,(
    (#6934,#6935)
    ,(#6936,#6937)
    ,(#6938,#6939)
    ,(#6940,#6941
    )),.UNSPECIFIED.,.F.,.F.,.F.,(4,4),(2,2),(3.,4.),(0.,1.),
  .PIECEWISE_BEZIER_KNOTS.);
#6934 = CARTESIAN_POINT('',(6.20005,-0.208164950921,5.366260185516));
#6935 = CARTESIAN_POINT('',(6.19995,-0.208164950921,5.366260185516));
#6936 = CARTESIAN_POINT('',(6.20005,-0.208164950921,5.411489654874));
#6937 = CARTESIAN_POINT('',(6.19995,-0.208164950921,5.411489654874));
#6938 = CARTESIAN_POINT('',(6.20005,-0.223527374134,5.447517266675));
#6939 = CARTESIAN_POINT('',(6.19995,-0.223527374134,5.447517266675));
#6940 = CARTESIAN_POINT('',(6.20005,-0.254174238718,5.474498984604));
#6941 = CARTESIAN_POINT('',(6.19995,-0.254174238718,5.474498984604));
#6942 = ADVANCED_FACE('',(#6943),#6953,.F.);
#6943 = FACE_BOUND('',#6944,.F.);
#6944 = EDGE_LOOP('',(#6945,#6946,#6947,#6952));
#6945 = ORIENTED_EDGE('',*,*,#6928,.F.);
#6946 = ORIENTED_EDGE('',*,*,#6778,.T.);
#6947 = ORIENTED_EDGE('',*,*,#6948,.T.);
#6948 = EDGE_CURVE('',#6779,#731,#6949,.T.);
#6949 = B_SPLINE_CURVE_WITH_KNOTS('',1,(#6950,#6951),.UNSPECIFIED.,.F.,
  .F.,(2,2),(-0.,9.999999999977E-05),.PIECEWISE_BEZIER_KNOTS.);
#6950 = CARTESIAN_POINT('',(6.20005,-0.369509385585,5.514893579652));
#6951 = CARTESIAN_POINT('',(6.19995,-0.369509385585,5.514893579652));
#6952 = ORIENTED_EDGE('',*,*,#737,.F.);
#6953 = B_SPLINE_SURFACE_WITH_KNOTS('',3,1,(
    (#6954,#6955)
    ,(#6956,#6957)
    ,(#6958,#6959)
    ,(#6960,#6961
    )),.UNSPECIFIED.,.F.,.F.,.F.,(4,4),(2,2),(2.,3.),(0.,1.),
  .PIECEWISE_BEZIER_KNOTS.);
#6954 = CARTESIAN_POINT('',(6.20005,-0.254174238718,5.474498984604));
#6955 = CARTESIAN_POINT('',(6.19995,-0.254174238718,5.474498984604));
#6956 = CARTESIAN_POINT('',(6.20005,-0.284821103302,5.501480702532));
#6957 = CARTESIAN_POINT('',(6.19995,-0.284821103302,5.501480702532));
#6958 = CARTESIAN_POINT('',(6.20005,-0.323266152257,5.514893579652));
#6959 = CARTESIAN_POINT('',(6.19995,-0.323266152257,5.514893579652));
#6960 = CARTESIAN_POINT('',(6.20005,-0.369509385585,5.514893579652));
#6961 = CARTESIAN_POINT('',(6.19995,-0.369509385585,5.514893579652));
#6962 = ADVANCED_FACE('',(#6963),#6973,.F.);
#6963 = FACE_BOUND('',#6964,.T.);
#6964 = EDGE_LOOP('',(#6965,#6966,#6971,#6972));
#6965 = ORIENTED_EDGE('',*,*,#730,.T.);
#6966 = ORIENTED_EDGE('',*,*,#6967,.F.);
#6967 = EDGE_CURVE('',#6788,#724,#6968,.T.);
#6968 = B_SPLINE_CURVE_WITH_KNOTS('',1,(#6969,#6970),.UNSPECIFIED.,.F.,
  .F.,(2,2),(-0.,9.999999999977E-05),.PIECEWISE_BEZIER_KNOTS.);
#6969 = CARTESIAN_POINT('',(6.20005,-0.456537123181,5.514893579652));
#6970 = CARTESIAN_POINT('',(6.19995,-0.456537123181,5.514893579652));
#6971 = ORIENTED_EDGE('',*,*,#6787,.F.);
#6972 = ORIENTED_EDGE('',*,*,#6948,.T.);
#6973 = B_SPLINE_SURFACE_WITH_KNOTS('',1,1,(
    (#6974,#6975)
    ,(#6976,#6977
    )),.UNSPECIFIED.,.F.,.F.,.F.,(2,2),(2,2),(0.,8.702773759636E-02),(
    -9.999999999977E-05,0.),.PIECEWISE_BEZIER_KNOTS.);
#6974 = CARTESIAN_POINT('',(6.19995,-0.456537123181,5.514893579652));
#6975 = CARTESIAN_POINT('',(6.20005,-0.456537123181,5.514893579652));
#6976 = CARTESIAN_POINT('',(6.19995,-0.369509385585,5.514893579652));
#6977 = CARTESIAN_POINT('',(6.20005,-0.369509385585,5.514893579652));
#6978 = ADVANCED_FACE('',(#6979),#6985,.F.);
#6979 = FACE_BOUND('',#6980,.T.);
#6980 = EDGE_LOOP('',(#6981,#6982,#6983,#6984));
#6981 = ORIENTED_EDGE('',*,*,#723,.T.);
#6982 = ORIENTED_EDGE('',*,*,#6873,.F.);
#6983 = ORIENTED_EDGE('',*,*,#6794,.F.);
#6984 = ORIENTED_EDGE('',*,*,#6967,.T.);
#6985 = B_SPLINE_SURFACE_WITH_KNOTS('',1,1,(
    (#6986,#6987)
    ,(#6988,#6989
    )),.UNSPECIFIED.,.F.,.F.,.F.,(2,2),(2,2),(0.,0.305064972647),(
    -9.999999999977E-05,0.),.PIECEWISE_BEZIER_KNOTS.);
#6986 = CARTESIAN_POINT('',(6.19995,-0.456537123181,5.209828607005));
#6987 = CARTESIAN_POINT('',(6.20005,-0.456537123181,5.209828607005));
#6988 = CARTESIAN_POINT('',(6.19995,-0.456537123181,5.514893579652));
#6989 = CARTESIAN_POINT('',(6.20005,-0.456537123181,5.514893579652));
#6990 = ADVANCED_FACE('',(#6991),#7013,.T.);
#6991 = FACE_BOUND('',#6992,.T.);
#6992 = EDGE_LOOP('',(#6993,#7002,#7007,#7008));
#6993 = ORIENTED_EDGE('',*,*,#6994,.F.);
#6994 = EDGE_CURVE('',#6995,#6997,#6999,.T.);
#6995 = VERTEX_POINT('',#6996);
#6996 = CARTESIAN_POINT('',(6.19995,-0.371069022462,5.479801749977));
#6997 = VERTEX_POINT('',#6998);
#6998 = CARTESIAN_POINT('',(6.19995,-0.4171562921,5.479801749977));
#6999 = B_SPLINE_CURVE_WITH_KNOTS('',1,(#7000,#7001),.UNSPECIFIED.,.F.,
  .F.,(2,2),(-1.665334536938E-16,4.608726963813E-02),
  .PIECEWISE_BEZIER_KNOTS.);
#7000 = CARTESIAN_POINT('',(6.19995,-0.371069022462,5.479801749977));
#7001 = CARTESIAN_POINT('',(6.19995,-0.4171562921,5.479801749977));
#7002 = ORIENTED_EDGE('',*,*,#7003,.F.);
#7003 = EDGE_CURVE('',#6811,#6995,#7004,.T.);
#7004 = B_SPLINE_CURVE_WITH_KNOTS('',1,(#7005,#7006),.UNSPECIFIED.,.F.,
  .F.,(2,2),(-0.,9.999999999888E-05),.PIECEWISE_BEZIER_KNOTS.);
#7005 = CARTESIAN_POINT('',(6.20005,-0.371069022462,5.479801749977));
#7006 = CARTESIAN_POINT('',(6.19995,-0.371069022462,5.479801749977));
#7007 = ORIENTED_EDGE('',*,*,#6810,.T.);
#7008 = ORIENTED_EDGE('',*,*,#7009,.T.);
#7009 = EDGE_CURVE('',#6802,#6997,#7010,.T.);
#7010 = B_SPLINE_CURVE_WITH_KNOTS('',1,(#7011,#7012),.UNSPECIFIED.,.F.,
  .F.,(2,2),(-0.,9.999999999977E-05),.PIECEWISE_BEZIER_KNOTS.);
#7011 = CARTESIAN_POINT('',(6.20005,-0.4171562921,5.479801749977));
#7012 = CARTESIAN_POINT('',(6.19995,-0.4171562921,5.479801749977));
#7013 = B_SPLINE_SURFACE_WITH_KNOTS('',1,1,(
    (#7014,#7015)
    ,(#7016,#7017
    )),.UNSPECIFIED.,.F.,.F.,.F.,(2,2),(2,2),(0.,9.999999999977E-05),(
    -4.608726963813E-02,1.665334536938E-16),.PIECEWISE_BEZIER_KNOTS.);
#7014 = CARTESIAN_POINT('',(6.20005,-0.4171562921,5.479801749977));
#7015 = CARTESIAN_POINT('',(6.20005,-0.371069022462,5.479801749977));
#7016 = CARTESIAN_POINT('',(6.19995,-0.4171562921,5.479801749977));
#7017 = CARTESIAN_POINT('',(6.19995,-0.371069022462,5.479801749977));
#7018 = ADVANCED_FACE('',(#7019),#7035,.T.);
#7019 = FACE_BOUND('',#7020,.T.);
#7020 = EDGE_LOOP('',(#7021,#7028,#7029,#7030));
#7021 = ORIENTED_EDGE('',*,*,#7022,.F.);
#7022 = EDGE_CURVE('',#6997,#7023,#7025,.T.);
#7023 = VERTEX_POINT('',#7024);
#7024 = CARTESIAN_POINT('',(6.19995,-0.4171562921,5.244608509306));
#7025 = B_SPLINE_CURVE_WITH_KNOTS('',1,(#7026,#7027),.UNSPECIFIED.,.F.,
  .F.,(2,2),(0.,0.235193240671),.PIECEWISE_BEZIER_KNOTS.);
#7026 = CARTESIAN_POINT('',(6.19995,-0.4171562921,5.479801749977));
#7027 = CARTESIAN_POINT('',(6.19995,-0.4171562921,5.244608509306));
#7028 = ORIENTED_EDGE('',*,*,#7009,.F.);
#7029 = ORIENTED_EDGE('',*,*,#6801,.T.);
#7030 = ORIENTED_EDGE('',*,*,#7031,.T.);
#7031 = EDGE_CURVE('',#6804,#7023,#7032,.T.);
#7032 = B_SPLINE_CURVE_WITH_KNOTS('',1,(#7033,#7034),.UNSPECIFIED.,.F.,
  .F.,(2,2),(-0.,9.999999999977E-05),.PIECEWISE_BEZIER_KNOTS.);
#7033 = CARTESIAN_POINT('',(6.20005,-0.4171562921,5.244608509306));
#7034 = CARTESIAN_POINT('',(6.19995,-0.4171562921,5.244608509306));
#7035 = B_SPLINE_SURFACE_WITH_KNOTS('',1,1,(
    (#7036,#7037)
    ,(#7038,#7039
    )),.UNSPECIFIED.,.F.,.F.,.F.,(2,2),(2,2),(-0.235193240671,0.),(
    -9.999999999977E-05,0.),.PIECEWISE_BEZIER_KNOTS.);
#7036 = CARTESIAN_POINT('',(6.19995,-0.4171562921,5.244608509306));
#7037 = CARTESIAN_POINT('',(6.20005,-0.4171562921,5.244608509306));
#7038 = CARTESIAN_POINT('',(6.19995,-0.4171562921,5.479801749977));
#7039 = CARTESIAN_POINT('',(6.20005,-0.4171562921,5.479801749977));
#7040 = ADVANCED_FACE('',(#7041),#7057,.T.);
#7041 = FACE_BOUND('',#7042,.T.);
#7042 = EDGE_LOOP('',(#7043,#7050,#7051,#7052));
#7043 = ORIENTED_EDGE('',*,*,#7044,.F.);
#7044 = EDGE_CURVE('',#7023,#7045,#7047,.T.);
#7045 = VERTEX_POINT('',#7046);
#7046 = CARTESIAN_POINT('',(6.19995,-0.372862604865,5.244608509306));
#7047 = B_SPLINE_CURVE_WITH_KNOTS('',1,(#7048,#7049),.UNSPECIFIED.,.F.,
  .F.,(2,2),(0.,4.429368723452E-02),.PIECEWISE_BEZIER_KNOTS.);
#7048 = CARTESIAN_POINT('',(6.19995,-0.4171562921,5.244608509306));
#7049 = CARTESIAN_POINT('',(6.19995,-0.372862604865,5.244608509306));
#7050 = ORIENTED_EDGE('',*,*,#7031,.F.);
#7051 = ORIENTED_EDGE('',*,*,#6853,.T.);
#7052 = ORIENTED_EDGE('',*,*,#7053,.T.);
#7053 = EDGE_CURVE('',#6845,#7045,#7054,.T.);
#7054 = B_SPLINE_CURVE_WITH_KNOTS('',1,(#7055,#7056),.UNSPECIFIED.,.F.,
  .F.,(2,2),(-0.,9.999999999977E-05),.PIECEWISE_BEZIER_KNOTS.);
#7055 = CARTESIAN_POINT('',(6.20005,-0.372862604865,5.244608509306));
#7056 = CARTESIAN_POINT('',(6.19995,-0.372862604865,5.244608509306));
#7057 = B_SPLINE_SURFACE_WITH_KNOTS('',1,1,(
    (#7058,#7059)
    ,(#7060,#7061
    )),.UNSPECIFIED.,.F.,.F.,.F.,(2,2),(2,2),(-4.429368723452E-02,0.),(
    -9.999999999977E-05,0.),.PIECEWISE_BEZIER_KNOTS.);
#7058 = CARTESIAN_POINT('',(6.19995,-0.372862604865,5.244608509306));
#7059 = CARTESIAN_POINT('',(6.20005,-0.372862604865,5.244608509306));
#7060 = CARTESIAN_POINT('',(6.19995,-0.4171562921,5.244608509306));
#7061 = CARTESIAN_POINT('',(6.20005,-0.4171562921,5.244608509306));
#7062 = ADVANCED_FACE('',(#7063),#7081,.T.);
#7063 = FACE_BOUND('',#7064,.T.);
#7064 = EDGE_LOOP('',(#7065,#7074,#7075,#7076));
#7065 = ORIENTED_EDGE('',*,*,#7066,.F.);
#7066 = EDGE_CURVE('',#7045,#7067,#7069,.T.);
#7067 = VERTEX_POINT('',#7068);
#7068 = CARTESIAN_POINT('',(6.19995,-0.282169720614,5.276425101544));
#7069 = B_SPLINE_CURVE_WITH_KNOTS('',3,(#7070,#7071,#7072,#7073),
  .UNSPECIFIED.,.F.,.F.,(4,4),(2.,3.),.PIECEWISE_BEZIER_KNOTS.);
#7070 = CARTESIAN_POINT('',(6.19995,-0.372862604865,5.244608509306));
#7071 = CARTESIAN_POINT('',(6.19995,-0.334105628535,5.244608509306));
#7072 = CARTESIAN_POINT('',(6.19995,-0.303848673169,5.255214040053));
#7073 = CARTESIAN_POINT('',(6.19995,-0.282169720614,5.276425101544));
#7074 = ORIENTED_EDGE('',*,*,#7053,.F.);
#7075 = ORIENTED_EDGE('',*,*,#6844,.T.);
#7076 = ORIENTED_EDGE('',*,*,#7077,.T.);
#7077 = EDGE_CURVE('',#6836,#7067,#7078,.T.);
#7078 = B_SPLINE_CURVE_WITH_KNOTS('',1,(#7079,#7080),.UNSPECIFIED.,.F.,
  .F.,(2,2),(-0.,9.999999999977E-05),.PIECEWISE_BEZIER_KNOTS.);
#7079 = CARTESIAN_POINT('',(6.20005,-0.282169720614,5.276425101544));
#7080 = CARTESIAN_POINT('',(6.19995,-0.282169720614,5.276425101544));
#7081 = B_SPLINE_SURFACE_WITH_KNOTS('',3,1,(
    (#7082,#7083)
    ,(#7084,#7085)
    ,(#7086,#7087)
    ,(#7088,#7089
    )),.UNSPECIFIED.,.F.,.F.,.F.,(4,4),(2,2),(2.,3.),(0.,1.),
  .PIECEWISE_BEZIER_KNOTS.);
#7082 = CARTESIAN_POINT('',(6.20005,-0.372862604865,5.244608509306));
#7083 = CARTESIAN_POINT('',(6.19995,-0.372862604865,5.244608509306));
#7084 = CARTESIAN_POINT('',(6.20005,-0.334105628535,5.244608509306));
#7085 = CARTESIAN_POINT('',(6.19995,-0.334105628535,5.244608509306));
#7086 = CARTESIAN_POINT('',(6.20005,-0.303848673169,5.255214040053));
#7087 = CARTESIAN_POINT('',(6.19995,-0.303848673169,5.255214040053));
#7088 = CARTESIAN_POINT('',(6.20005,-0.282169720614,5.276425101544));
#7089 = CARTESIAN_POINT('',(6.19995,-0.282169720614,5.276425101544));
#7090 = ADVANCED_FACE('',(#7091),#7109,.T.);
#7091 = FACE_BOUND('',#7092,.T.);
#7092 = EDGE_LOOP('',(#7093,#7102,#7103,#7104));
#7093 = ORIENTED_EDGE('',*,*,#7094,.F.);
#7094 = EDGE_CURVE('',#7067,#7095,#7097,.T.);
#7095 = VERTEX_POINT('',#7096);
#7096 = CARTESIAN_POINT('',(6.19995,-0.249573309937,5.365168439703));
#7097 = B_SPLINE_CURVE_WITH_KNOTS('',3,(#7098,#7099,#7100,#7101),
  .UNSPECIFIED.,.F.,.F.,(4,4),(3.,4.),.PIECEWISE_BEZIER_KNOTS.);
#7098 = CARTESIAN_POINT('',(6.19995,-0.282169720614,5.276425101544));
#7099 = CARTESIAN_POINT('',(6.19995,-0.260412786215,5.297480199351));
#7100 = CARTESIAN_POINT('',(6.19995,-0.249573309937,5.327113299965));
#7101 = CARTESIAN_POINT('',(6.19995,-0.249573309937,5.365168439703));
#7102 = ORIENTED_EDGE('',*,*,#7077,.F.);
#7103 = ORIENTED_EDGE('',*,*,#6835,.T.);
#7104 = ORIENTED_EDGE('',*,*,#7105,.T.);
#7105 = EDGE_CURVE('',#6827,#7095,#7106,.T.);
#7106 = B_SPLINE_CURVE_WITH_KNOTS('',1,(#7107,#7108),.UNSPECIFIED.,.F.,
  .F.,(2,2),(-0.,9.999999999977E-05),.PIECEWISE_BEZIER_KNOTS.);
#7107 = CARTESIAN_POINT('',(6.20005,-0.249573309937,5.365168439703));
#7108 = CARTESIAN_POINT('',(6.19995,-0.249573309937,5.365168439703));
#7109 = B_SPLINE_SURFACE_WITH_KNOTS('',3,1,(
    (#7110,#7111)
    ,(#7112,#7113)
    ,(#7114,#7115)
    ,(#7116,#7117
    )),.UNSPECIFIED.,.F.,.F.,.F.,(4,4),(2,2),(3.,4.),(0.,1.),
  .PIECEWISE_BEZIER_KNOTS.);
#7110 = CARTESIAN_POINT('',(6.20005,-0.282169720614,5.276425101544));
#7111 = CARTESIAN_POINT('',(6.19995,-0.282169720614,5.276425101544));
#7112 = CARTESIAN_POINT('',(6.20005,-0.260412786215,5.297480199351));
#7113 = CARTESIAN_POINT('',(6.19995,-0.260412786215,5.297480199351));
#7114 = CARTESIAN_POINT('',(6.20005,-0.249573309937,5.327113299965));
#7115 = CARTESIAN_POINT('',(6.19995,-0.249573309937,5.327113299965));
#7116 = CARTESIAN_POINT('',(6.20005,-0.249573309937,5.365168439703));
#7117 = CARTESIAN_POINT('',(6.19995,-0.249573309937,5.365168439703));
#7118 = ADVANCED_FACE('',(#7119),#7137,.T.);
#7119 = FACE_BOUND('',#7120,.T.);
#7120 = EDGE_LOOP('',(#7121,#7130,#7131,#7132));
#7121 = ORIENTED_EDGE('',*,*,#7122,.F.);
#7122 = EDGE_CURVE('',#7095,#7123,#7125,.T.);
#7123 = VERTEX_POINT('',#7124);
#7124 = CARTESIAN_POINT('',(6.19995,-0.283027520896,5.451104431486));
#7125 = B_SPLINE_CURVE_WITH_KNOTS('',3,(#7126,#7127,#7128,#7129),
  .UNSPECIFIED.,.F.,.F.,(4,4),(4.,5.),.PIECEWISE_BEZIER_KNOTS.);
#7126 = CARTESIAN_POINT('',(6.19995,-0.249573309937,5.365168439703));
#7127 = CARTESIAN_POINT('',(6.19995,-0.249573309937,5.40322357944));
#7128 = CARTESIAN_POINT('',(6.19995,-0.260724713591,5.431920897931));
#7129 = CARTESIAN_POINT('',(6.19995,-0.283027520896,5.451104431486));
#7130 = ORIENTED_EDGE('',*,*,#7105,.F.);
#7131 = ORIENTED_EDGE('',*,*,#6826,.T.);
#7132 = ORIENTED_EDGE('',*,*,#7133,.T.);
#7133 = EDGE_CURVE('',#6818,#7123,#7134,.T.);
#7134 = B_SPLINE_CURVE_WITH_KNOTS('',1,(#7135,#7136),.UNSPECIFIED.,.F.,
  .F.,(2,2),(-0.,9.999999999977E-05),.PIECEWISE_BEZIER_KNOTS.);
#7135 = CARTESIAN_POINT('',(6.20005,-0.283027520896,5.451104431486));
#7136 = CARTESIAN_POINT('',(6.19995,-0.283027520896,5.451104431486));
#7137 = B_SPLINE_SURFACE_WITH_KNOTS('',3,1,(
    (#7138,#7139)
    ,(#7140,#7141)
    ,(#7142,#7143)
    ,(#7144,#7145
    )),.UNSPECIFIED.,.F.,.F.,.F.,(4,4),(2,2),(4.,5.),(0.,1.),
  .PIECEWISE_BEZIER_KNOTS.);
#7138 = CARTESIAN_POINT('',(6.20005,-0.249573309937,5.365168439703));
#7139 = CARTESIAN_POINT('',(6.19995,-0.249573309937,5.365168439703));
#7140 = CARTESIAN_POINT('',(6.20005,-0.249573309937,5.40322357944));
#7141 = CARTESIAN_POINT('',(6.19995,-0.249573309937,5.40322357944));
#7142 = CARTESIAN_POINT('',(6.20005,-0.260724713591,5.431920897931));
#7143 = CARTESIAN_POINT('',(6.19995,-0.260724713591,5.431920897931));
#7144 = CARTESIAN_POINT('',(6.20005,-0.283027520896,5.451104431486));
#7145 = CARTESIAN_POINT('',(6.19995,-0.283027520896,5.451104431486));
#7146 = ADVANCED_FACE('',(#7147),#7159,.T.);
#7147 = FACE_BOUND('',#7148,.T.);
#7148 = EDGE_LOOP('',(#7149,#7156,#7157,#7158));
#7149 = ORIENTED_EDGE('',*,*,#7150,.F.);
#7150 = EDGE_CURVE('',#7123,#6995,#7151,.T.);
#7151 = B_SPLINE_CURVE_WITH_KNOTS('',3,(#7152,#7153,#7154,#7155),
  .UNSPECIFIED.,.F.,.F.,(4,4),(5.,6.),.PIECEWISE_BEZIER_KNOTS.);
#7152 = CARTESIAN_POINT('',(6.19995,-0.283027520896,5.451104431486));
#7153 = CARTESIAN_POINT('',(6.19995,-0.305330328203,5.470287965043));
#7154 = CARTESIAN_POINT('',(6.19995,-0.334729483286,5.479801749977));
#7155 = CARTESIAN_POINT('',(6.19995,-0.371069022462,5.479801749977));
#7156 = ORIENTED_EDGE('',*,*,#7133,.F.);
#7157 = ORIENTED_EDGE('',*,*,#6817,.T.);
#7158 = ORIENTED_EDGE('',*,*,#7003,.T.);
#7159 = B_SPLINE_SURFACE_WITH_KNOTS('',3,1,(
    (#7160,#7161)
    ,(#7162,#7163)
    ,(#7164,#7165)
    ,(#7166,#7167
    )),.UNSPECIFIED.,.F.,.F.,.F.,(4,4),(2,2),(5.,6.),(0.,1.),
  .PIECEWISE_BEZIER_KNOTS.);
#7160 = CARTESIAN_POINT('',(6.20005,-0.283027520896,5.451104431486));
#7161 = CARTESIAN_POINT('',(6.19995,-0.283027520896,5.451104431486));
#7162 = CARTESIAN_POINT('',(6.20005,-0.305330328203,5.470287965043));
#7163 = CARTESIAN_POINT('',(6.19995,-0.305330328203,5.470287965043));
#7164 = CARTESIAN_POINT('',(6.20005,-0.334729483286,5.479801749977));
#7165 = CARTESIAN_POINT('',(6.19995,-0.334729483286,5.479801749977));
#7166 = CARTESIAN_POINT('',(6.20005,-0.371069022462,5.479801749977));
#7167 = CARTESIAN_POINT('',(6.19995,-0.371069022462,5.479801749977));
#7168 = ADVANCED_FACE('',(#7169),#7178,.F.);
#7169 = FACE_BOUND('',#7170,.T.);
#7170 = EDGE_LOOP('',(#7171,#7172,#7173,#7174,#7175,#7176,#7177));
#7171 = ORIENTED_EDGE('',*,*,#7150,.T.);
#7172 = ORIENTED_EDGE('',*,*,#6994,.T.);
#7173 = ORIENTED_EDGE('',*,*,#7022,.T.);
#7174 = ORIENTED_EDGE('',*,*,#7044,.T.);
#7175 = ORIENTED_EDGE('',*,*,#7066,.T.);
#7176 = ORIENTED_EDGE('',*,*,#7094,.T.);
#7177 = ORIENTED_EDGE('',*,*,#7122,.T.);
#7178 = B_SPLINE_SURFACE_WITH_KNOTS('',1,1,(
    (#7179,#7180)
    ,(#7181,#7182
    )),.UNSPECIFIED.,.F.,.F.,.F.,(2,2),(2,2),(-4.255391590694,
    -4.020198350023),(5.3328437079,5.500426690063),
  .PIECEWISE_BEZIER_KNOTS.);
#7179 = CARTESIAN_POINT('',(6.19995,-0.4171562921,5.244608509306));
#7180 = CARTESIAN_POINT('',(6.19995,-0.249573309937,5.244608509306));
#7181 = CARTESIAN_POINT('',(6.19995,-0.4171562921,5.479801749977));
#7182 = CARTESIAN_POINT('',(6.19995,-0.249573309937,5.479801749977));
#7183 = ADVANCED_FACE('',(#7184,#7242),#7290,.F.);
#7184 = FACE_BOUND('',#7185,.T.);
#7185 = EDGE_LOOP('',(#7186,#7195,#7202,#7209,#7216,#7223,#7230,#7237));
#7186 = ORIENTED_EDGE('',*,*,#7187,.T.);
#7187 = EDGE_CURVE('',#7188,#7190,#7192,.T.);
#7188 = VERTEX_POINT('',#7189);
#7189 = CARTESIAN_POINT('',(6.20005,8.325319907515E-02,5.209828607005));
#7190 = VERTEX_POINT('',#7191);
#7191 = CARTESIAN_POINT('',(6.20005,-3.293974807394E-02,5.514893579652)
  );
#7192 = B_SPLINE_CURVE_WITH_KNOTS('',1,(#7193,#7194),.UNSPECIFIED.,.F.,
  .F.,(2,2),(-0.326443622243,0.),.PIECEWISE_BEZIER_KNOTS.);
#7193 = CARTESIAN_POINT('',(6.20005,8.325319907515E-02,5.209828607005));
#7194 = CARTESIAN_POINT('',(6.20005,-3.293974807394E-02,5.514893579652)
  );
#7195 = ORIENTED_EDGE('',*,*,#7196,.T.);
#7196 = EDGE_CURVE('',#7190,#7197,#7199,.T.);
#7197 = VERTEX_POINT('',#7198);
#7198 = CARTESIAN_POINT('',(6.20005,-7.504994368461E-02,5.514893579652)
  );
#7199 = B_SPLINE_CURVE_WITH_KNOTS('',1,(#7200,#7201),.UNSPECIFIED.,.F.,
  .F.,(2,2),(-4.211019561068E-02,-0.),.PIECEWISE_BEZIER_KNOTS.);
#7200 = CARTESIAN_POINT('',(6.20005,-3.293974807394E-02,5.514893579652)
  );
#7201 = CARTESIAN_POINT('',(6.20005,-7.504994368461E-02,5.514893579652)
  );
#7202 = ORIENTED_EDGE('',*,*,#7203,.T.);
#7203 = EDGE_CURVE('',#7197,#7204,#7206,.T.);
#7204 = VERTEX_POINT('',#7205);
#7205 = CARTESIAN_POINT('',(6.20005,-0.191242890832,5.209828607005));
#7206 = B_SPLINE_CURVE_WITH_KNOTS('',1,(#7207,#7208),.UNSPECIFIED.,.F.,
  .F.,(2,2),(-0.326443622243,-0.),.PIECEWISE_BEZIER_KNOTS.);
#7207 = CARTESIAN_POINT('',(6.20005,-7.504994368461E-02,5.514893579652)
  );
#7208 = CARTESIAN_POINT('',(6.20005,-0.191242890832,5.209828607005));
#7209 = ORIENTED_EDGE('',*,*,#7210,.T.);
#7210 = EDGE_CURVE('',#7204,#7211,#7213,.T.);
#7211 = VERTEX_POINT('',#7212);
#7212 = CARTESIAN_POINT('',(6.20005,-0.147729022036,5.209828607005));
#7213 = B_SPLINE_CURVE_WITH_KNOTS('',1,(#7214,#7215),.UNSPECIFIED.,.F.,
  .F.,(2,2),(-4.35138687961E-02,0.),.PIECEWISE_BEZIER_KNOTS.);
#7214 = CARTESIAN_POINT('',(6.20005,-0.191242890832,5.209828607005));
#7215 = CARTESIAN_POINT('',(6.20005,-0.147729022036,5.209828607005));
#7216 = ORIENTED_EDGE('',*,*,#7217,.T.);
#7217 = EDGE_CURVE('',#7211,#7218,#7220,.T.);
#7218 = VERTEX_POINT('',#7219);
#7219 = CARTESIAN_POINT('',(6.20005,-0.118407848796,5.29326917979));
#7220 = B_SPLINE_CURVE_WITH_KNOTS('',1,(#7221,#7222),.UNSPECIFIED.,.F.,
  .F.,(2,2),(-8.844241282812E-02,0.),.PIECEWISE_BEZIER_KNOTS.);
#7221 = CARTESIAN_POINT('',(6.20005,-0.147729022036,5.209828607005));
#7222 = CARTESIAN_POINT('',(6.20005,-0.118407848796,5.29326917979));
#7223 = ORIENTED_EDGE('',*,*,#7224,.T.);
#7224 = EDGE_CURVE('',#7218,#7225,#7227,.T.);
#7225 = VERTEX_POINT('',#7226);
#7226 = CARTESIAN_POINT('',(6.20005,8.624574631294E-03,5.29326917979));
#7227 = B_SPLINE_CURVE_WITH_KNOTS('',1,(#7228,#7229),.UNSPECIFIED.,.F.,
  .F.,(2,2),(-0.127032423427,0.),.PIECEWISE_BEZIER_KNOTS.);
#7228 = CARTESIAN_POINT('',(6.20005,-0.118407848796,5.29326917979));
#7229 = CARTESIAN_POINT('',(6.20005,8.624574631294E-03,5.29326917979));
#7230 = ORIENTED_EDGE('',*,*,#7231,.T.);
#7231 = EDGE_CURVE('',#7225,#7232,#7234,.T.);
#7232 = VERTEX_POINT('',#7233);
#7233 = CARTESIAN_POINT('',(6.20005,3.973933027697E-02,5.209828607005));
#7234 = B_SPLINE_CURVE_WITH_KNOTS('',1,(#7235,#7236),.UNSPECIFIED.,.F.,
  .F.,(2,2),(-8.905311451925E-02,0.),.PIECEWISE_BEZIER_KNOTS.);
#7235 = CARTESIAN_POINT('',(6.20005,8.624574631294E-03,5.29326917979));
#7236 = CARTESIAN_POINT('',(6.20005,3.973933027697E-02,5.209828607005));
#7237 = ORIENTED_EDGE('',*,*,#7238,.T.);
#7238 = EDGE_CURVE('',#7232,#7188,#7239,.T.);
#7239 = B_SPLINE_CURVE_WITH_KNOTS('',1,(#7240,#7241),.UNSPECIFIED.,.F.,
  .F.,(2,2),(-4.351386879818E-02,0.),.PIECEWISE_BEZIER_KNOTS.);
#7240 = CARTESIAN_POINT('',(6.20005,3.973933027697E-02,5.209828607005));
#7241 = CARTESIAN_POINT('',(6.20005,8.325319907515E-02,5.209828607005));
#7242 = FACE_BOUND('',#7243,.T.);
#7243 = EDGE_LOOP('',(#7244,#7253,#7260,#7269,#7276,#7285));
#7244 = ORIENTED_EDGE('',*,*,#7245,.F.);
#7245 = EDGE_CURVE('',#7246,#7248,#7250,.T.);
#7246 = VERTEX_POINT('',#7247);
#7247 = CARTESIAN_POINT('',(6.20005,-0.105930753799,5.327737154716));
#7248 = VERTEX_POINT('',#7249);
#7249 = CARTESIAN_POINT('',(6.20005,-3.540592990304E-03,5.327737154716)
  );
#7250 = B_SPLINE_CURVE_WITH_KNOTS('',1,(#7251,#7252),.UNSPECIFIED.,.F.,
  .F.,(2,2),(0.,0.102390160809),.PIECEWISE_BEZIER_KNOTS.);
#7251 = CARTESIAN_POINT('',(6.20005,-0.105930753799,5.327737154716));
#7252 = CARTESIAN_POINT('',(6.20005,-3.540592990304E-03,5.327737154716)
  );
#7253 = ORIENTED_EDGE('',*,*,#7254,.F.);
#7254 = EDGE_CURVE('',#7255,#7246,#7257,.T.);
#7255 = VERTEX_POINT('',#7256);
#7256 = CARTESIAN_POINT('',(6.20005,-6.031137522098E-02,5.45453563261));
#7257 = B_SPLINE_CURVE_WITH_KNOTS('',1,(#7258,#7259),.UNSPECIFIED.,.F.,
  .F.,(2,2),(0.,0.134755265938),.PIECEWISE_BEZIER_KNOTS.);
#7258 = CARTESIAN_POINT('',(6.20005,-6.031137522098E-02,5.45453563261));
#7259 = CARTESIAN_POINT('',(6.20005,-0.105930753799,5.327737154716));
#7260 = ORIENTED_EDGE('',*,*,#7261,.F.);
#7261 = EDGE_CURVE('',#7262,#7255,#7264,.T.);
#7262 = VERTEX_POINT('',#7263);
#7263 = CARTESIAN_POINT('',(6.20005,-5.532053722211E-02,5.475902657791)
  );
#7264 = B_SPLINE_CURVE_WITH_KNOTS('',3,(#7265,#7266,#7267,#7268),
  .UNSPECIFIED.,.F.,.F.,(4,4),(3.,4.),.PIECEWISE_BEZIER_KNOTS.);
#7265 = CARTESIAN_POINT('',(6.20005,-5.532053722211E-02,5.475902657791)
  );
#7266 = CARTESIAN_POINT('',(6.20005,-5.680219225325E-02,5.466700800232)
  );
#7267 = CARTESIAN_POINT('',(6.20005,-5.843981097166E-02,5.459526470609)
  );
#7268 = CARTESIAN_POINT('',(6.20005,-6.031137522098E-02,5.45453563261));
#7269 = ORIENTED_EDGE('',*,*,#7270,.F.);
#7270 = EDGE_CURVE('',#7271,#7262,#7273,.T.);
#7271 = VERTEX_POINT('',#7272);
#7272 = CARTESIAN_POINT('',(6.20005,-5.438475509849E-02,5.475902657791)
  );
#7273 = B_SPLINE_CURVE_WITH_KNOTS('',1,(#7274,#7275),.UNSPECIFIED.,.F.,
  .F.,(2,2),(-7.632783294298E-17,9.35782123619E-04),
  .PIECEWISE_BEZIER_KNOTS.);
#7274 = CARTESIAN_POINT('',(6.20005,-5.438475509849E-02,5.475902657791)
  );
#7275 = CARTESIAN_POINT('',(6.20005,-5.532053722211E-02,5.475902657791)
  );
#7276 = ORIENTED_EDGE('',*,*,#7277,.F.);
#7277 = EDGE_CURVE('',#7278,#7271,#7280,.T.);
#7278 = VERTEX_POINT('',#7279);
#7279 = CARTESIAN_POINT('',(6.20005,-4.962786263052E-02,5.45453563261));
#7280 = B_SPLINE_CURVE_WITH_KNOTS('',3,(#7281,#7282,#7283,#7284),
  .UNSPECIFIED.,.F.,.F.,(4,4),(1.,2.),.PIECEWISE_BEZIER_KNOTS.);
#7281 = CARTESIAN_POINT('',(6.20005,-4.962786263052E-02,5.45453563261));
#7282 = CARTESIAN_POINT('',(6.20005,-5.110951766167E-02,5.458746652171)
  );
#7283 = CARTESIAN_POINT('',(6.20005,-5.266915453644E-02,5.465765018106)
  );
#7284 = CARTESIAN_POINT('',(6.20005,-5.438475509849E-02,5.475902657791)
  );
#7285 = ORIENTED_EDGE('',*,*,#7286,.F.);
#7286 = EDGE_CURVE('',#7248,#7278,#7287,.T.);
#7287 = B_SPLINE_CURVE_WITH_KNOTS('',1,(#7288,#7289),.UNSPECIFIED.,.F.,
  .F.,(2,2),(0.,0.13491438181),.PIECEWISE_BEZIER_KNOTS.);
#7288 = CARTESIAN_POINT('',(6.20005,-3.540592990304E-03,5.327737154716)
  );
#7289 = CARTESIAN_POINT('',(6.20005,-4.962786263052E-02,5.45453563261));
#7290 = B_SPLINE_SURFACE_WITH_KNOTS('',1,1,(
    (#7291,#7292)
    ,(#7293,#7294
    )),.UNSPECIFIED.,.F.,.F.,.F.,(2,2),(2,2),(1.809828507005,
    2.114893479652),(-0.191242890832,8.325319907515E-02),
  .PIECEWISE_BEZIER_KNOTS.);
#7291 = CARTESIAN_POINT('',(6.20005,-0.191242890832,5.209828607005));
#7292 = CARTESIAN_POINT('',(6.20005,8.325319907515E-02,5.209828607005));
#7293 = CARTESIAN_POINT('',(6.20005,-0.191242890832,5.514893579652));
#7294 = CARTESIAN_POINT('',(6.20005,8.325319907515E-02,5.514893579652));
#7295 = ADVANCED_FACE('',(#7296),#7310,.F.);
#7296 = FACE_BOUND('',#7297,.T.);
#7297 = EDGE_LOOP('',(#7298,#7299,#7304,#7305));
#7298 = ORIENTED_EDGE('',*,*,#773,.T.);
#7299 = ORIENTED_EDGE('',*,*,#7300,.F.);
#7300 = EDGE_CURVE('',#7190,#776,#7301,.T.);
#7301 = B_SPLINE_CURVE_WITH_KNOTS('',1,(#7302,#7303),.UNSPECIFIED.,.F.,
  .F.,(2,2),(-0.,9.999999999977E-05),.PIECEWISE_BEZIER_KNOTS.);
#7302 = CARTESIAN_POINT('',(6.20005,-3.293974807394E-02,5.514893579652)
  );
#7303 = CARTESIAN_POINT('',(6.19995,-3.293974807394E-02,5.514893579652)
  );
#7304 = ORIENTED_EDGE('',*,*,#7187,.F.);
#7305 = ORIENTED_EDGE('',*,*,#7306,.T.);
#7306 = EDGE_CURVE('',#7188,#774,#7307,.T.);
#7307 = B_SPLINE_CURVE_WITH_KNOTS('',1,(#7308,#7309),.UNSPECIFIED.,.F.,
  .F.,(2,2),(-0.,9.999999999977E-05),.PIECEWISE_BEZIER_KNOTS.);
#7308 = CARTESIAN_POINT('',(6.20005,8.325319907515E-02,5.209828607005));
#7309 = CARTESIAN_POINT('',(6.19995,8.325319907515E-02,5.209828607005));
#7310 = B_SPLINE_SURFACE_WITH_KNOTS('',1,1,(
    (#7311,#7312)
    ,(#7313,#7314
    )),.UNSPECIFIED.,.F.,.F.,.F.,(2,2),(2,2),(-6.768843905381E-16,
    0.326443622243),(-9.999999999977E-05,0.),.PIECEWISE_BEZIER_KNOTS.);
#7311 = CARTESIAN_POINT('',(6.19995,-3.293974807394E-02,5.514893579652)
  );
#7312 = CARTESIAN_POINT('',(6.20005,-3.293974807394E-02,5.514893579652)
  );
#7313 = CARTESIAN_POINT('',(6.19995,8.325319907515E-02,5.209828607005));
#7314 = CARTESIAN_POINT('',(6.20005,8.325319907515E-02,5.209828607005));
#7315 = ADVANCED_FACE('',(#7316),#7326,.F.);
#7316 = FACE_BOUND('',#7317,.T.);
#7317 = EDGE_LOOP('',(#7318,#7319,#7324,#7325));
#7318 = ORIENTED_EDGE('',*,*,#824,.T.);
#7319 = ORIENTED_EDGE('',*,*,#7320,.F.);
#7320 = EDGE_CURVE('',#7197,#818,#7321,.T.);
#7321 = B_SPLINE_CURVE_WITH_KNOTS('',1,(#7322,#7323),.UNSPECIFIED.,.F.,
  .F.,(2,2),(-0.,9.999999999977E-05),.PIECEWISE_BEZIER_KNOTS.);
#7322 = CARTESIAN_POINT('',(6.20005,-7.504994368461E-02,5.514893579652)
  );
#7323 = CARTESIAN_POINT('',(6.19995,-7.504994368461E-02,5.514893579652)
  );
#7324 = ORIENTED_EDGE('',*,*,#7196,.F.);
#7325 = ORIENTED_EDGE('',*,*,#7300,.T.);
#7326 = B_SPLINE_SURFACE_WITH_KNOTS('',1,1,(
    (#7327,#7328)
    ,(#7329,#7330
    )),.UNSPECIFIED.,.F.,.F.,.F.,(2,2),(2,2),(-4.302114220422E-16,
    4.211019561068E-02),(-9.999999999977E-05,0.),
  .PIECEWISE_BEZIER_KNOTS.);
#7327 = CARTESIAN_POINT('',(6.19995,-7.504994368461E-02,5.514893579652)
  );
#7328 = CARTESIAN_POINT('',(6.20005,-7.504994368461E-02,5.514893579652)
  );
#7329 = CARTESIAN_POINT('',(6.19995,-3.293974807394E-02,5.514893579652)
  );
#7330 = CARTESIAN_POINT('',(6.20005,-3.293974807394E-02,5.514893579652)
  );
#7331 = ADVANCED_FACE('',(#7332),#7342,.F.);
#7332 = FACE_BOUND('',#7333,.T.);
#7333 = EDGE_LOOP('',(#7334,#7335,#7340,#7341));
#7334 = ORIENTED_EDGE('',*,*,#817,.T.);
#7335 = ORIENTED_EDGE('',*,*,#7336,.F.);
#7336 = EDGE_CURVE('',#7204,#811,#7337,.T.);
#7337 = B_SPLINE_CURVE_WITH_KNOTS('',1,(#7338,#7339),.UNSPECIFIED.,.F.,
  .F.,(2,2),(-0.,9.999999999977E-05),.PIECEWISE_BEZIER_KNOTS.);
#7338 = CARTESIAN_POINT('',(6.20005,-0.191242890832,5.209828607005));
#7339 = CARTESIAN_POINT('',(6.19995,-0.191242890832,5.209828607005));
#7340 = ORIENTED_EDGE('',*,*,#7203,.F.);
#7341 = ORIENTED_EDGE('',*,*,#7320,.T.);
#7342 = B_SPLINE_SURFACE_WITH_KNOTS('',1,1,(
    (#7343,#7344)
    ,(#7345,#7346
    )),.UNSPECIFIED.,.F.,.F.,.F.,(2,2),(2,2),(-1.580672145904E-16,
    0.326443622243),(-9.999999999977E-05,0.),.PIECEWISE_BEZIER_KNOTS.);
#7343 = CARTESIAN_POINT('',(6.19995,-0.191242890832,5.209828607005));
#7344 = CARTESIAN_POINT('',(6.20005,-0.191242890832,5.209828607005));
#7345 = CARTESIAN_POINT('',(6.19995,-7.504994368461E-02,5.514893579652)
  );
#7346 = CARTESIAN_POINT('',(6.20005,-7.504994368461E-02,5.514893579652)
  );
#7347 = ADVANCED_FACE('',(#7348),#7358,.F.);
#7348 = FACE_BOUND('',#7349,.T.);
#7349 = EDGE_LOOP('',(#7350,#7351,#7356,#7357));
#7350 = ORIENTED_EDGE('',*,*,#810,.T.);
#7351 = ORIENTED_EDGE('',*,*,#7352,.F.);
#7352 = EDGE_CURVE('',#7211,#804,#7353,.T.);
#7353 = B_SPLINE_CURVE_WITH_KNOTS('',1,(#7354,#7355),.UNSPECIFIED.,.F.,
  .F.,(2,2),(-0.,9.999999999977E-05),.PIECEWISE_BEZIER_KNOTS.);
#7354 = CARTESIAN_POINT('',(6.20005,-0.147729022036,5.209828607005));
#7355 = CARTESIAN_POINT('',(6.19995,-0.147729022036,5.209828607005));
#7356 = ORIENTED_EDGE('',*,*,#7210,.F.);
#7357 = ORIENTED_EDGE('',*,*,#7336,.T.);
#7358 = B_SPLINE_SURFACE_WITH_KNOTS('',1,1,(
    (#7359,#7360)
    ,(#7361,#7362
    )),.UNSPECIFIED.,.F.,.F.,.F.,(2,2),(2,2),(-9.999999999977E-05,0.),(
    -4.35138687961E-02,7.49400541622E-16),.PIECEWISE_BEZIER_KNOTS.);
#7359 = CARTESIAN_POINT('',(6.19995,-0.191242890832,5.209828607005));
#7360 = CARTESIAN_POINT('',(6.19995,-0.147729022036,5.209828607005));
#7361 = CARTESIAN_POINT('',(6.20005,-0.191242890832,5.209828607005));
#7362 = CARTESIAN_POINT('',(6.20005,-0.147729022036,5.209828607005));
#7363 = ADVANCED_FACE('',(#7364),#7374,.F.);
#7364 = FACE_BOUND('',#7365,.T.);
#7365 = EDGE_LOOP('',(#7366,#7367,#7372,#7373));
#7366 = ORIENTED_EDGE('',*,*,#803,.T.);
#7367 = ORIENTED_EDGE('',*,*,#7368,.F.);
#7368 = EDGE_CURVE('',#7218,#797,#7369,.T.);
#7369 = B_SPLINE_CURVE_WITH_KNOTS('',1,(#7370,#7371),.UNSPECIFIED.,.F.,
  .F.,(2,2),(-0.,9.999999999977E-05),.PIECEWISE_BEZIER_KNOTS.);
#7370 = CARTESIAN_POINT('',(6.20005,-0.118407848796,5.29326917979));
#7371 = CARTESIAN_POINT('',(6.19995,-0.118407848796,5.29326917979));
#7372 = ORIENTED_EDGE('',*,*,#7217,.F.);
#7373 = ORIENTED_EDGE('',*,*,#7352,.T.);
#7374 = B_SPLINE_SURFACE_WITH_KNOTS('',1,1,(
    (#7375,#7376)
    ,(#7377,#7378
    )),.UNSPECIFIED.,.F.,.F.,.F.,(2,2),(2,2),(0.,8.844241282812E-02),(
    -9.999999999977E-05,0.),.PIECEWISE_BEZIER_KNOTS.);
#7375 = CARTESIAN_POINT('',(6.19995,-0.118407848796,5.29326917979));
#7376 = CARTESIAN_POINT('',(6.20005,-0.118407848796,5.29326917979));
#7377 = CARTESIAN_POINT('',(6.19995,-0.147729022036,5.209828607005));
#7378 = CARTESIAN_POINT('',(6.20005,-0.147729022036,5.209828607005));
#7379 = ADVANCED_FACE('',(#7380),#7390,.F.);
#7380 = FACE_BOUND('',#7381,.T.);
#7381 = EDGE_LOOP('',(#7382,#7383,#7388,#7389));
#7382 = ORIENTED_EDGE('',*,*,#796,.T.);
#7383 = ORIENTED_EDGE('',*,*,#7384,.F.);
#7384 = EDGE_CURVE('',#7225,#790,#7385,.T.);
#7385 = B_SPLINE_CURVE_WITH_KNOTS('',1,(#7386,#7387),.UNSPECIFIED.,.F.,
  .F.,(2,2),(-0.,9.999999999977E-05),.PIECEWISE_BEZIER_KNOTS.);
#7386 = CARTESIAN_POINT('',(6.20005,8.624574631294E-03,5.29326917979));
#7387 = CARTESIAN_POINT('',(6.19995,8.624574631294E-03,5.29326917979));
#7388 = ORIENTED_EDGE('',*,*,#7224,.F.);
#7389 = ORIENTED_EDGE('',*,*,#7368,.T.);
#7390 = B_SPLINE_SURFACE_WITH_KNOTS('',1,1,(
    (#7391,#7392)
    ,(#7393,#7394
    )),.UNSPECIFIED.,.F.,.F.,.F.,(2,2),(2,2),(0.,0.127032423427),(
    -9.999999999977E-05,0.),.PIECEWISE_BEZIER_KNOTS.);
#7391 = CARTESIAN_POINT('',(6.19995,8.624574631294E-03,5.29326917979));
#7392 = CARTESIAN_POINT('',(6.20005,8.624574631294E-03,5.29326917979));
#7393 = CARTESIAN_POINT('',(6.19995,-0.118407848796,5.29326917979));
#7394 = CARTESIAN_POINT('',(6.20005,-0.118407848796,5.29326917979));
#7395 = ADVANCED_FACE('',(#7396),#7406,.F.);
#7396 = FACE_BOUND('',#7397,.T.);
#7397 = EDGE_LOOP('',(#7398,#7399,#7404,#7405));
#7398 = ORIENTED_EDGE('',*,*,#789,.T.);
#7399 = ORIENTED_EDGE('',*,*,#7400,.F.);
#7400 = EDGE_CURVE('',#7232,#783,#7401,.T.);
#7401 = B_SPLINE_CURVE_WITH_KNOTS('',1,(#7402,#7403),.UNSPECIFIED.,.F.,
  .F.,(2,2),(-0.,9.999999999977E-05),.PIECEWISE_BEZIER_KNOTS.);
#7402 = CARTESIAN_POINT('',(6.20005,3.973933027697E-02,5.209828607005));
#7403 = CARTESIAN_POINT('',(6.19995,3.973933027697E-02,5.209828607005));
#7404 = ORIENTED_EDGE('',*,*,#7231,.F.);
#7405 = ORIENTED_EDGE('',*,*,#7384,.T.);
#7406 = B_SPLINE_SURFACE_WITH_KNOTS('',1,1,(
    (#7407,#7408)
    ,(#7409,#7410
    )),.UNSPECIFIED.,.F.,.F.,.F.,(2,2),(2,2),(0.,8.905311451925E-02),(
    -9.999999999977E-05,0.),.PIECEWISE_BEZIER_KNOTS.);
#7407 = CARTESIAN_POINT('',(6.19995,3.973933027697E-02,5.209828607005));
#7408 = CARTESIAN_POINT('',(6.20005,3.973933027697E-02,5.209828607005));
#7409 = CARTESIAN_POINT('',(6.19995,8.624574631294E-03,5.29326917979));
#7410 = CARTESIAN_POINT('',(6.20005,8.624574631294E-03,5.29326917979));
#7411 = ADVANCED_FACE('',(#7412),#7418,.F.);
#7412 = FACE_BOUND('',#7413,.T.);
#7413 = EDGE_LOOP('',(#7414,#7415,#7416,#7417));
#7414 = ORIENTED_EDGE('',*,*,#782,.T.);
#7415 = ORIENTED_EDGE('',*,*,#7306,.F.);
#7416 = ORIENTED_EDGE('',*,*,#7238,.F.);
#7417 = ORIENTED_EDGE('',*,*,#7400,.T.);
#7418 = B_SPLINE_SURFACE_WITH_KNOTS('',1,1,(
    (#7419,#7420)
    ,(#7421,#7422
    )),.UNSPECIFIED.,.F.,.F.,.F.,(2,2),(2,2),(-9.999999999977E-05,0.),(
    -4.351386879818E-02,0.),.PIECEWISE_BEZIER_KNOTS.);
#7419 = CARTESIAN_POINT('',(6.19995,3.973933027697E-02,5.209828607005));
#7420 = CARTESIAN_POINT('',(6.19995,8.325319907515E-02,5.209828607005));
#7421 = CARTESIAN_POINT('',(6.20005,3.973933027697E-02,5.209828607005));
#7422 = CARTESIAN_POINT('',(6.20005,8.325319907515E-02,5.209828607005));
#7423 = ADVANCED_FACE('',(#7424),#7446,.T.);
#7424 = FACE_BOUND('',#7425,.T.);
#7425 = EDGE_LOOP('',(#7426,#7435,#7440,#7441));
#7426 = ORIENTED_EDGE('',*,*,#7427,.F.);
#7427 = EDGE_CURVE('',#7428,#7430,#7432,.T.);
#7428 = VERTEX_POINT('',#7429);
#7429 = CARTESIAN_POINT('',(6.19995,-0.105930753799,5.327737154716));
#7430 = VERTEX_POINT('',#7431);
#7431 = CARTESIAN_POINT('',(6.19995,-3.540592990304E-03,5.327737154716)
  );
#7432 = B_SPLINE_CURVE_WITH_KNOTS('',1,(#7433,#7434),.UNSPECIFIED.,.F.,
  .F.,(2,2),(-3.191891195797E-16,0.102390160809),
  .PIECEWISE_BEZIER_KNOTS.);
#7433 = CARTESIAN_POINT('',(6.19995,-0.105930753799,5.327737154716));
#7434 = CARTESIAN_POINT('',(6.19995,-3.540592990304E-03,5.327737154716)
  );
#7435 = ORIENTED_EDGE('',*,*,#7436,.F.);
#7436 = EDGE_CURVE('',#7246,#7428,#7437,.T.);
#7437 = B_SPLINE_CURVE_WITH_KNOTS('',1,(#7438,#7439),.UNSPECIFIED.,.F.,
  .F.,(2,2),(-0.,9.999999999977E-05),.PIECEWISE_BEZIER_KNOTS.);
#7438 = CARTESIAN_POINT('',(6.20005,-0.105930753799,5.327737154716));
#7439 = CARTESIAN_POINT('',(6.19995,-0.105930753799,5.327737154716));
#7440 = ORIENTED_EDGE('',*,*,#7245,.T.);
#7441 = ORIENTED_EDGE('',*,*,#7442,.T.);
#7442 = EDGE_CURVE('',#7248,#7430,#7443,.T.);
#7443 = B_SPLINE_CURVE_WITH_KNOTS('',1,(#7444,#7445),.UNSPECIFIED.,.F.,
  .F.,(2,2),(-0.,9.999999999977E-05),.PIECEWISE_BEZIER_KNOTS.);
#7444 = CARTESIAN_POINT('',(6.20005,-3.540592990304E-03,5.327737154716)
  );
#7445 = CARTESIAN_POINT('',(6.19995,-3.540592990304E-03,5.327737154716)
  );
#7446 = B_SPLINE_SURFACE_WITH_KNOTS('',1,1,(
    (#7447,#7448)
    ,(#7449,#7450
    )),.UNSPECIFIED.,.F.,.F.,.F.,(2,2),(2,2),(-0.102390160809,
    3.191891195797E-16),(-9.999999999977E-05,0.),
  .PIECEWISE_BEZIER_KNOTS.);
#7447 = CARTESIAN_POINT('',(6.19995,-3.540592990304E-03,5.327737154716)
  );
#7448 = CARTESIAN_POINT('',(6.20005,-3.540592990304E-03,5.327737154716)
  );
#7449 = CARTESIAN_POINT('',(6.19995,-0.105930753799,5.327737154716));
#7450 = CARTESIAN_POINT('',(6.20005,-0.105930753799,5.327737154716));
#7451 = ADVANCED_FACE('',(#7452),#7468,.T.);
#7452 = FACE_BOUND('',#7453,.T.);
#7453 = EDGE_LOOP('',(#7454,#7461,#7462,#7463));
#7454 = ORIENTED_EDGE('',*,*,#7455,.F.);
#7455 = EDGE_CURVE('',#7430,#7456,#7458,.T.);
#7456 = VERTEX_POINT('',#7457);
#7457 = CARTESIAN_POINT('',(6.19995,-4.962786263052E-02,5.45453563261));
#7458 = B_SPLINE_CURVE_WITH_KNOTS('',1,(#7459,#7460),.UNSPECIFIED.,.F.,
  .F.,(2,2),(0.,0.13491438181),.PIECEWISE_BEZIER_KNOTS.);
#7459 = CARTESIAN_POINT('',(6.19995,-3.540592990304E-03,5.327737154716)
  );
#7460 = CARTESIAN_POINT('',(6.19995,-4.962786263052E-02,5.45453563261));
#7461 = ORIENTED_EDGE('',*,*,#7442,.F.);
#7462 = ORIENTED_EDGE('',*,*,#7286,.T.);
#7463 = ORIENTED_EDGE('',*,*,#7464,.T.);
#7464 = EDGE_CURVE('',#7278,#7456,#7465,.T.);
#7465 = B_SPLINE_CURVE_WITH_KNOTS('',1,(#7466,#7467),.UNSPECIFIED.,.F.,
  .F.,(2,2),(-0.,9.999999999977E-05),.PIECEWISE_BEZIER_KNOTS.);
#7466 = CARTESIAN_POINT('',(6.20005,-4.962786263052E-02,5.45453563261));
#7467 = CARTESIAN_POINT('',(6.19995,-4.962786263052E-02,5.45453563261));
#7468 = B_SPLINE_SURFACE_WITH_KNOTS('',1,1,(
    (#7469,#7470)
    ,(#7471,#7472
    )),.UNSPECIFIED.,.F.,.F.,.F.,(2,2),(2,2),(-0.13491438181,0.),(
    -9.999999999977E-05,0.),.PIECEWISE_BEZIER_KNOTS.);
#7469 = CARTESIAN_POINT('',(6.19995,-4.962786263052E-02,5.45453563261));
#7470 = CARTESIAN_POINT('',(6.20005,-4.962786263052E-02,5.45453563261));
#7471 = CARTESIAN_POINT('',(6.19995,-3.540592990304E-03,5.327737154716)
  );
#7472 = CARTESIAN_POINT('',(6.20005,-3.540592990304E-03,5.327737154716)
  );
#7473 = ADVANCED_FACE('',(#7474),#7492,.T.);
#7474 = FACE_BOUND('',#7475,.T.);
#7475 = EDGE_LOOP('',(#7476,#7485,#7486,#7487));
#7476 = ORIENTED_EDGE('',*,*,#7477,.F.);
#7477 = EDGE_CURVE('',#7456,#7478,#7480,.T.);
#7478 = VERTEX_POINT('',#7479);
#7479 = CARTESIAN_POINT('',(6.19995,-5.438475509849E-02,5.475902657791)
  );
#7480 = B_SPLINE_CURVE_WITH_KNOTS('',3,(#7481,#7482,#7483,#7484),
  .UNSPECIFIED.,.F.,.F.,(4,4),(1.,2.),.PIECEWISE_BEZIER_KNOTS.);
#7481 = CARTESIAN_POINT('',(6.19995,-4.962786263052E-02,5.45453563261));
#7482 = CARTESIAN_POINT('',(6.19995,-5.110951766167E-02,5.458746652171)
  );
#7483 = CARTESIAN_POINT('',(6.19995,-5.266915453644E-02,5.465765018106)
  );
#7484 = CARTESIAN_POINT('',(6.19995,-5.438475509849E-02,5.475902657791)
  );
#7485 = ORIENTED_EDGE('',*,*,#7464,.F.);
#7486 = ORIENTED_EDGE('',*,*,#7277,.T.);
#7487 = ORIENTED_EDGE('',*,*,#7488,.T.);
#7488 = EDGE_CURVE('',#7271,#7478,#7489,.T.);
#7489 = B_SPLINE_CURVE_WITH_KNOTS('',1,(#7490,#7491),.UNSPECIFIED.,.F.,
  .F.,(2,2),(-0.,9.999999999977E-05),.PIECEWISE_BEZIER_KNOTS.);
#7490 = CARTESIAN_POINT('',(6.20005,-5.438475509849E-02,5.475902657791)
  );
#7491 = CARTESIAN_POINT('',(6.19995,-5.438475509849E-02,5.475902657791)
  );
#7492 = B_SPLINE_SURFACE_WITH_KNOTS('',3,1,(
    (#7493,#7494)
    ,(#7495,#7496)
    ,(#7497,#7498)
    ,(#7499,#7500
    )),.UNSPECIFIED.,.F.,.F.,.F.,(4,4),(2,2),(1.,2.),(0.,1.),
  .PIECEWISE_BEZIER_KNOTS.);
#7493 = CARTESIAN_POINT('',(6.20005,-4.962786263052E-02,5.45453563261));
#7494 = CARTESIAN_POINT('',(6.19995,-4.962786263052E-02,5.45453563261));
#7495 = CARTESIAN_POINT('',(6.20005,-5.110951766167E-02,5.458746652171)
  );
#7496 = CARTESIAN_POINT('',(6.19995,-5.110951766167E-02,5.458746652171)
  );
#7497 = CARTESIAN_POINT('',(6.20005,-5.266915453644E-02,5.465765018106)
  );
#7498 = CARTESIAN_POINT('',(6.19995,-5.266915453644E-02,5.465765018106)
  );
#7499 = CARTESIAN_POINT('',(6.20005,-5.438475509849E-02,5.475902657791)
  );
#7500 = CARTESIAN_POINT('',(6.19995,-5.438475509849E-02,5.475902657791)
  );
#7501 = ADVANCED_FACE('',(#7502),#7518,.T.);
#7502 = FACE_BOUND('',#7503,.T.);
#7503 = EDGE_LOOP('',(#7504,#7511,#7512,#7513));
#7504 = ORIENTED_EDGE('',*,*,#7505,.F.);
#7505 = EDGE_CURVE('',#7478,#7506,#7508,.T.);
#7506 = VERTEX_POINT('',#7507);
#7507 = CARTESIAN_POINT('',(6.19995,-5.532053722211E-02,5.475902657791)
  );
#7508 = B_SPLINE_CURVE_WITH_KNOTS('',1,(#7509,#7510),.UNSPECIFIED.,.F.,
  .F.,(2,2),(-7.632783294298E-17,9.35782123619E-04),
  .PIECEWISE_BEZIER_KNOTS.);
#7509 = CARTESIAN_POINT('',(6.19995,-5.438475509849E-02,5.475902657791)
  );
#7510 = CARTESIAN_POINT('',(6.19995,-5.532053722211E-02,5.475902657791)
  );
#7511 = ORIENTED_EDGE('',*,*,#7488,.F.);
#7512 = ORIENTED_EDGE('',*,*,#7270,.T.);
#7513 = ORIENTED_EDGE('',*,*,#7514,.T.);
#7514 = EDGE_CURVE('',#7262,#7506,#7515,.T.);
#7515 = B_SPLINE_CURVE_WITH_KNOTS('',1,(#7516,#7517),.UNSPECIFIED.,.F.,
  .F.,(2,2),(-0.,9.999999999977E-05),.PIECEWISE_BEZIER_KNOTS.);
#7516 = CARTESIAN_POINT('',(6.20005,-5.532053722211E-02,5.475902657791)
  );
#7517 = CARTESIAN_POINT('',(6.19995,-5.532053722211E-02,5.475902657791)
  );
#7518 = B_SPLINE_SURFACE_WITH_KNOTS('',1,1,(
    (#7519,#7520)
    ,(#7521,#7522
    )),.UNSPECIFIED.,.F.,.F.,.F.,(2,2),(2,2),(0.,1.000000000007E-04),(
    -9.35782123619E-04,7.632783294298E-17),.PIECEWISE_BEZIER_KNOTS.);
#7519 = CARTESIAN_POINT('',(6.20005,-5.532053722211E-02,5.475902657791)
  );
#7520 = CARTESIAN_POINT('',(6.20005,-5.438475509849E-02,5.475902657791)
  );
#7521 = CARTESIAN_POINT('',(6.19995,-5.532053722211E-02,5.475902657791)
  );
#7522 = CARTESIAN_POINT('',(6.19995,-5.438475509849E-02,5.475902657791)
  );
#7523 = ADVANCED_FACE('',(#7524),#7542,.T.);
#7524 = FACE_BOUND('',#7525,.T.);
#7525 = EDGE_LOOP('',(#7526,#7535,#7536,#7537));
#7526 = ORIENTED_EDGE('',*,*,#7527,.F.);
#7527 = EDGE_CURVE('',#7506,#7528,#7530,.T.);
#7528 = VERTEX_POINT('',#7529);
#7529 = CARTESIAN_POINT('',(6.19995,-6.031137522098E-02,5.45453563261));
#7530 = B_SPLINE_CURVE_WITH_KNOTS('',3,(#7531,#7532,#7533,#7534),
  .UNSPECIFIED.,.F.,.F.,(4,4),(3.,4.),.PIECEWISE_BEZIER_KNOTS.);
#7531 = CARTESIAN_POINT('',(6.19995,-5.532053722211E-02,5.475902657791)
  );
#7532 = CARTESIAN_POINT('',(6.19995,-5.680219225325E-02,5.466700800232)
  );
#7533 = CARTESIAN_POINT('',(6.19995,-5.843981097166E-02,5.459526470609)
  );
#7534 = CARTESIAN_POINT('',(6.19995,-6.031137522098E-02,5.45453563261));
#7535 = ORIENTED_EDGE('',*,*,#7514,.F.);
#7536 = ORIENTED_EDGE('',*,*,#7261,.T.);
#7537 = ORIENTED_EDGE('',*,*,#7538,.T.);
#7538 = EDGE_CURVE('',#7255,#7528,#7539,.T.);
#7539 = B_SPLINE_CURVE_WITH_KNOTS('',1,(#7540,#7541),.UNSPECIFIED.,.F.,
  .F.,(2,2),(-8.881784197001E-16,9.999999999977E-05),
  .PIECEWISE_BEZIER_KNOTS.);
#7540 = CARTESIAN_POINT('',(6.20005,-6.031137522098E-02,5.45453563261));
#7541 = CARTESIAN_POINT('',(6.19995,-6.031137522098E-02,5.45453563261));
#7542 = B_SPLINE_SURFACE_WITH_KNOTS('',3,1,(
    (#7543,#7544)
    ,(#7545,#7546)
    ,(#7547,#7548)
    ,(#7549,#7550
    )),.UNSPECIFIED.,.F.,.F.,.F.,(4,4),(2,2),(3.,4.),(0.,1.),
  .PIECEWISE_BEZIER_KNOTS.);
#7543 = CARTESIAN_POINT('',(6.20005,-5.532053722211E-02,5.475902657791)
  );
#7544 = CARTESIAN_POINT('',(6.19995,-5.532053722211E-02,5.475902657791)
  );
#7545 = CARTESIAN_POINT('',(6.20005,-5.680219225325E-02,5.466700800232)
  );
#7546 = CARTESIAN_POINT('',(6.19995,-5.680219225325E-02,5.466700800232)
  );
#7547 = CARTESIAN_POINT('',(6.20005,-5.843981097166E-02,5.459526470609)
  );
#7548 = CARTESIAN_POINT('',(6.19995,-5.843981097166E-02,5.459526470609)
  );
#7549 = CARTESIAN_POINT('',(6.20005,-6.031137522098E-02,5.45453563261));
#7550 = CARTESIAN_POINT('',(6.19995,-6.031137522098E-02,5.45453563261));
#7551 = ADVANCED_FACE('',(#7552),#7562,.T.);
#7552 = FACE_BOUND('',#7553,.T.);
#7553 = EDGE_LOOP('',(#7554,#7559,#7560,#7561));
#7554 = ORIENTED_EDGE('',*,*,#7555,.F.);
#7555 = EDGE_CURVE('',#7528,#7428,#7556,.T.);
#7556 = B_SPLINE_CURVE_WITH_KNOTS('',1,(#7557,#7558),.UNSPECIFIED.,.F.,
  .F.,(2,2),(-3.758493897378E-17,0.134755265938),
  .PIECEWISE_BEZIER_KNOTS.);
#7557 = CARTESIAN_POINT('',(6.19995,-6.031137522098E-02,5.45453563261));
#7558 = CARTESIAN_POINT('',(6.19995,-0.105930753799,5.327737154716));
#7559 = ORIENTED_EDGE('',*,*,#7538,.F.);
#7560 = ORIENTED_EDGE('',*,*,#7254,.T.);
#7561 = ORIENTED_EDGE('',*,*,#7436,.T.);
#7562 = B_SPLINE_SURFACE_WITH_KNOTS('',1,1,(
    (#7563,#7564)
    ,(#7565,#7566
    )),.UNSPECIFIED.,.F.,.F.,.F.,(2,2),(2,2),(-0.134755265938,
    3.758493897378E-17),(-1.000000000007E-04,0.),
  .PIECEWISE_BEZIER_KNOTS.);
#7563 = CARTESIAN_POINT('',(6.19995,-0.105930753799,5.327737154716));
#7564 = CARTESIAN_POINT('',(6.20005,-0.105930753799,5.327737154716));
#7565 = CARTESIAN_POINT('',(6.19995,-6.031137522098E-02,5.45453563261));
#7566 = CARTESIAN_POINT('',(6.20005,-6.031137522098E-02,5.45453563261));
#7567 = ADVANCED_FACE('',(#7568),#7576,.F.);
#7568 = FACE_BOUND('',#7569,.T.);
#7569 = EDGE_LOOP('',(#7570,#7571,#7572,#7573,#7574,#7575));
#7570 = ORIENTED_EDGE('',*,*,#7555,.T.);
#7571 = ORIENTED_EDGE('',*,*,#7427,.T.);
#7572 = ORIENTED_EDGE('',*,*,#7455,.T.);
#7573 = ORIENTED_EDGE('',*,*,#7477,.T.);
#7574 = ORIENTED_EDGE('',*,*,#7505,.T.);
#7575 = ORIENTED_EDGE('',*,*,#7527,.T.);
#7576 = B_SPLINE_SURFACE_WITH_KNOTS('',1,1,(
    (#7577,#7578)
    ,(#7579,#7580
    )),.UNSPECIFIED.,.F.,.F.,.F.,(2,2),(2,2),(-4.172262945284,
    -4.024097442209),(5.644069246201,5.74645940701),
  .PIECEWISE_BEZIER_KNOTS.);
#7577 = CARTESIAN_POINT('',(6.19995,-0.105930753799,5.327737154716));
#7578 = CARTESIAN_POINT('',(6.19995,-3.540592990304E-03,5.327737154716)
  );
#7579 = CARTESIAN_POINT('',(6.19995,-0.105930753799,5.475902657791));
#7580 = CARTESIAN_POINT('',(6.19995,-3.540592990304E-03,5.475902657791)
  );
#7581 = ADVANCED_FACE('',(#7582),#7604,.F.);
#7582 = FACE_BOUND('',#7583,.T.);
#7583 = EDGE_LOOP('',(#7584,#7585,#7592,#7599));
#7584 = ORIENTED_EDGE('',*,*,#294,.T.);
#7585 = ORIENTED_EDGE('',*,*,#7586,.F.);
#7586 = EDGE_CURVE('',#7587,#297,#7589,.T.);
#7587 = VERTEX_POINT('',#7588);
#7588 = CARTESIAN_POINT('',(6.20005,-0.976987948194,4.760653187157));
#7589 = B_SPLINE_CURVE_WITH_KNOTS('',1,(#7590,#7591),.UNSPECIFIED.,.F.,
  .F.,(2,2),(-0.,9.999999999977E-05),.PIECEWISE_BEZIER_KNOTS.);
#7590 = CARTESIAN_POINT('',(6.20005,-0.976987948194,4.760653187157));
#7591 = CARTESIAN_POINT('',(6.19995,-0.976987948194,4.760653187157));
#7592 = ORIENTED_EDGE('',*,*,#7593,.F.);
#7593 = EDGE_CURVE('',#7594,#7587,#7596,.T.);
#7594 = VERTEX_POINT('',#7595);
#7595 = CARTESIAN_POINT('',(6.20005,-0.976987948194,4.725873284856));
#7596 = B_SPLINE_CURVE_WITH_KNOTS('',1,(#7597,#7598),.UNSPECIFIED.,.F.,
  .F.,(2,2),(-3.477990230068E-02,0.),.PIECEWISE_BEZIER_KNOTS.);
#7597 = CARTESIAN_POINT('',(6.20005,-0.976987948194,4.725873284856));
#7598 = CARTESIAN_POINT('',(6.20005,-0.976987948194,4.760653187157));
#7599 = ORIENTED_EDGE('',*,*,#7600,.T.);
#7600 = EDGE_CURVE('',#7594,#295,#7601,.T.);
#7601 = B_SPLINE_CURVE_WITH_KNOTS('',1,(#7602,#7603),.UNSPECIFIED.,.F.,
  .F.,(2,2),(-0.,9.999999999977E-05),.PIECEWISE_BEZIER_KNOTS.);
#7602 = CARTESIAN_POINT('',(6.20005,-0.976987948194,4.725873284856));
#7603 = CARTESIAN_POINT('',(6.19995,-0.976987948194,4.725873284856));
#7604 = B_SPLINE_SURFACE_WITH_KNOTS('',1,1,(
    (#7605,#7606)
    ,(#7607,#7608
    )),.UNSPECIFIED.,.F.,.F.,.F.,(2,2),(2,2),(0.,3.477990230068E-02),(
    -9.999999999977E-05,0.),.PIECEWISE_BEZIER_KNOTS.);
#7605 = CARTESIAN_POINT('',(6.19995,-0.976987948194,4.760653187157));
#7606 = CARTESIAN_POINT('',(6.20005,-0.976987948194,4.760653187157));
#7607 = CARTESIAN_POINT('',(6.19995,-0.976987948194,4.725873284856));
#7608 = CARTESIAN_POINT('',(6.20005,-0.976987948194,4.725873284856));
#7609 = ADVANCED_FACE('',(#7610),#7626,.F.);
#7610 = FACE_BOUND('',#7611,.T.);
#7611 = EDGE_LOOP('',(#7612,#7613,#7620,#7625));
#7612 = ORIENTED_EDGE('',*,*,#373,.T.);
#7613 = ORIENTED_EDGE('',*,*,#7614,.F.);
#7614 = EDGE_CURVE('',#7615,#367,#7617,.T.);
#7615 = VERTEX_POINT('',#7616);
#7616 = CARTESIAN_POINT('',(6.20005,-1.101680916309,4.760653187157));
#7617 = B_SPLINE_CURVE_WITH_KNOTS('',1,(#7618,#7619),.UNSPECIFIED.,.F.,
  .F.,(2,2),(-0.,9.999999999977E-05),.PIECEWISE_BEZIER_KNOTS.);
#7618 = CARTESIAN_POINT('',(6.20005,-1.101680916309,4.760653187157));
#7619 = CARTESIAN_POINT('',(6.19995,-1.101680916309,4.760653187157));
#7620 = ORIENTED_EDGE('',*,*,#7621,.F.);
#7621 = EDGE_CURVE('',#7587,#7615,#7622,.T.);
#7622 = B_SPLINE_CURVE_WITH_KNOTS('',1,(#7623,#7624),.UNSPECIFIED.,.F.,
  .F.,(2,2),(-0.124692968115,-0.),.PIECEWISE_BEZIER_KNOTS.);
#7623 = CARTESIAN_POINT('',(6.20005,-0.976987948194,4.760653187157));
#7624 = CARTESIAN_POINT('',(6.20005,-1.101680916309,4.760653187157));
#7625 = ORIENTED_EDGE('',*,*,#7586,.T.);
#7626 = B_SPLINE_SURFACE_WITH_KNOTS('',1,1,(
    (#7627,#7628)
    ,(#7629,#7630
    )),.UNSPECIFIED.,.F.,.F.,.F.,(2,2),(2,2),(-2.22044604925E-16,
    0.124692968115),(-9.999999999977E-05,0.),.PIECEWISE_BEZIER_KNOTS.);
#7627 = CARTESIAN_POINT('',(6.19995,-1.101680916309,4.760653187157));
#7628 = CARTESIAN_POINT('',(6.20005,-1.101680916309,4.760653187157));
#7629 = CARTESIAN_POINT('',(6.19995,-0.976987948194,4.760653187157));
#7630 = CARTESIAN_POINT('',(6.20005,-0.976987948194,4.760653187157));
#7631 = ADVANCED_FACE('',(#7632),#7648,.F.);
#7632 = FACE_BOUND('',#7633,.T.);
#7633 = EDGE_LOOP('',(#7634,#7635,#7642,#7647));
#7634 = ORIENTED_EDGE('',*,*,#366,.T.);
#7635 = ORIENTED_EDGE('',*,*,#7636,.F.);
#7636 = EDGE_CURVE('',#7637,#360,#7639,.T.);
#7637 = VERTEX_POINT('',#7638);
#7638 = CARTESIAN_POINT('',(6.20005,-1.101680916309,4.863277293497));
#7639 = B_SPLINE_CURVE_WITH_KNOTS('',1,(#7640,#7641),.UNSPECIFIED.,.F.,
  .F.,(2,2),(-0.,9.999999999977E-05),.PIECEWISE_BEZIER_KNOTS.);
#7640 = CARTESIAN_POINT('',(6.20005,-1.101680916309,4.863277293497));
#7641 = CARTESIAN_POINT('',(6.19995,-1.101680916309,4.863277293497));
#7642 = ORIENTED_EDGE('',*,*,#7643,.F.);
#7643 = EDGE_CURVE('',#7615,#7637,#7644,.T.);
#7644 = B_SPLINE_CURVE_WITH_KNOTS('',1,(#7645,#7646),.UNSPECIFIED.,.F.,
  .F.,(2,2),(-0.10262410634,0.),.PIECEWISE_BEZIER_KNOTS.);
#7645 = CARTESIAN_POINT('',(6.20005,-1.101680916309,4.760653187157));
#7646 = CARTESIAN_POINT('',(6.20005,-1.101680916309,4.863277293497));
#7647 = ORIENTED_EDGE('',*,*,#7614,.T.);
#7648 = B_SPLINE_SURFACE_WITH_KNOTS('',1,1,(
    (#7649,#7650)
    ,(#7651,#7652
    )),.UNSPECIFIED.,.F.,.F.,.F.,(2,2),(2,2),(-9.383418833422E-31,
    0.10262410634),(-9.999999999977E-05,0.),.PIECEWISE_BEZIER_KNOTS.);
#7649 = CARTESIAN_POINT('',(6.19995,-1.101680916309,4.863277293497));
#7650 = CARTESIAN_POINT('',(6.20005,-1.101680916309,4.863277293497));
#7651 = CARTESIAN_POINT('',(6.19995,-1.101680916309,4.760653187157));
#7652 = CARTESIAN_POINT('',(6.20005,-1.101680916309,4.760653187157));
#7653 = ADVANCED_FACE('',(#7654),#7670,.F.);
#7654 = FACE_BOUND('',#7655,.T.);
#7655 = EDGE_LOOP('',(#7656,#7657,#7664,#7669));
#7656 = ORIENTED_EDGE('',*,*,#359,.T.);
#7657 = ORIENTED_EDGE('',*,*,#7658,.F.);
#7658 = EDGE_CURVE('',#7659,#353,#7661,.T.);
#7659 = VERTEX_POINT('',#7660);
#7660 = CARTESIAN_POINT('',(6.20005,-0.992584316939,4.863277293497));
#7661 = B_SPLINE_CURVE_WITH_KNOTS('',1,(#7662,#7663),.UNSPECIFIED.,.F.,
  .F.,(2,2),(-0.,9.999999999977E-05),.PIECEWISE_BEZIER_KNOTS.);
#7662 = CARTESIAN_POINT('',(6.20005,-0.992584316939,4.863277293497));
#7663 = CARTESIAN_POINT('',(6.19995,-0.992584316939,4.863277293497));
#7664 = ORIENTED_EDGE('',*,*,#7665,.F.);
#7665 = EDGE_CURVE('',#7637,#7659,#7666,.T.);
#7666 = B_SPLINE_CURVE_WITH_KNOTS('',1,(#7667,#7668),.UNSPECIFIED.,.F.,
  .F.,(2,2),(-0.10909659937,0.),.PIECEWISE_BEZIER_KNOTS.);
#7667 = CARTESIAN_POINT('',(6.20005,-1.101680916309,4.863277293497));
#7668 = CARTESIAN_POINT('',(6.20005,-0.992584316939,4.863277293497));
#7669 = ORIENTED_EDGE('',*,*,#7636,.T.);
#7670 = B_SPLINE_SURFACE_WITH_KNOTS('',1,1,(
    (#7671,#7672)
    ,(#7673,#7674
    )),.UNSPECIFIED.,.F.,.F.,.F.,(2,2),(2,2),(0.,0.10909659937),(
    -9.999999999977E-05,0.),.PIECEWISE_BEZIER_KNOTS.);
#7671 = CARTESIAN_POINT('',(6.19995,-0.992584316939,4.863277293497));
#7672 = CARTESIAN_POINT('',(6.20005,-0.992584316939,4.863277293497));
#7673 = CARTESIAN_POINT('',(6.19995,-1.101680916309,4.863277293497));
#7674 = CARTESIAN_POINT('',(6.20005,-1.101680916309,4.863277293497));
#7675 = ADVANCED_FACE('',(#7676),#7692,.F.);
#7676 = FACE_BOUND('',#7677,.T.);
#7677 = EDGE_LOOP('',(#7678,#7679,#7686,#7691));
#7678 = ORIENTED_EDGE('',*,*,#352,.T.);
#7679 = ORIENTED_EDGE('',*,*,#7680,.F.);
#7680 = EDGE_CURVE('',#7681,#346,#7683,.T.);
#7681 = VERTEX_POINT('',#7682);
#7682 = CARTESIAN_POINT('',(6.20005,-0.992584316939,4.898213159485));
#7683 = B_SPLINE_CURVE_WITH_KNOTS('',1,(#7684,#7685),.UNSPECIFIED.,.F.,
  .F.,(2,2),(-0.,9.999999999977E-05),.PIECEWISE_BEZIER_KNOTS.);
#7684 = CARTESIAN_POINT('',(6.20005,-0.992584316939,4.898213159485));
#7685 = CARTESIAN_POINT('',(6.19995,-0.992584316939,4.898213159485));
#7686 = ORIENTED_EDGE('',*,*,#7687,.F.);
#7687 = EDGE_CURVE('',#7659,#7681,#7688,.T.);
#7688 = B_SPLINE_CURVE_WITH_KNOTS('',1,(#7689,#7690),.UNSPECIFIED.,.F.,
  .F.,(2,2),(-3.493586598795E-02,0.),.PIECEWISE_BEZIER_KNOTS.);
#7689 = CARTESIAN_POINT('',(6.20005,-0.992584316939,4.863277293497));
#7690 = CARTESIAN_POINT('',(6.20005,-0.992584316939,4.898213159485));
#7691 = ORIENTED_EDGE('',*,*,#7658,.T.);
#7692 = B_SPLINE_SURFACE_WITH_KNOTS('',1,1,(
    (#7693,#7694)
    ,(#7695,#7696
    )),.UNSPECIFIED.,.F.,.F.,.F.,(2,2),(2,2),(-4.440892098501E-16,
    3.493586598795E-02),(-9.999999999977E-05,0.),
  .PIECEWISE_BEZIER_KNOTS.);
#7693 = CARTESIAN_POINT('',(6.19995,-0.992584316939,4.898213159485));
#7694 = CARTESIAN_POINT('',(6.20005,-0.992584316939,4.898213159485));
#7695 = CARTESIAN_POINT('',(6.19995,-0.992584316939,4.863277293497));
#7696 = CARTESIAN_POINT('',(6.20005,-0.992584316939,4.863277293497));
#7697 = ADVANCED_FACE('',(#7698),#7714,.F.);
#7698 = FACE_BOUND('',#7699,.T.);
#7699 = EDGE_LOOP('',(#7700,#7701,#7708,#7713));
#7700 = ORIENTED_EDGE('',*,*,#345,.T.);
#7701 = ORIENTED_EDGE('',*,*,#7702,.F.);
#7702 = EDGE_CURVE('',#7703,#339,#7705,.T.);
#7703 = VERTEX_POINT('',#7704);
#7704 = CARTESIAN_POINT('',(6.20005,-1.101680916309,4.898213159485));
#7705 = B_SPLINE_CURVE_WITH_KNOTS('',1,(#7706,#7707),.UNSPECIFIED.,.F.,
  .F.,(2,2),(-0.,9.999999999977E-05),.PIECEWISE_BEZIER_KNOTS.);
#7706 = CARTESIAN_POINT('',(6.20005,-1.101680916309,4.898213159485));
#7707 = CARTESIAN_POINT('',(6.19995,-1.101680916309,4.898213159485));
#7708 = ORIENTED_EDGE('',*,*,#7709,.F.);
#7709 = EDGE_CURVE('',#7681,#7703,#7710,.T.);
#7710 = B_SPLINE_CURVE_WITH_KNOTS('',1,(#7711,#7712),.UNSPECIFIED.,.F.,
  .F.,(2,2),(-0.10909659937,-0.),.PIECEWISE_BEZIER_KNOTS.);
#7711 = CARTESIAN_POINT('',(6.20005,-0.992584316939,4.898213159485));
#7712 = CARTESIAN_POINT('',(6.20005,-1.101680916309,4.898213159485));
#7713 = ORIENTED_EDGE('',*,*,#7680,.T.);
#7714 = B_SPLINE_SURFACE_WITH_KNOTS('',1,1,(
    (#7715,#7716)
    ,(#7717,#7718
    )),.UNSPECIFIED.,.F.,.F.,.F.,(2,2),(2,2),(0.,0.10909659937),(
    -9.999999999977E-05,0.),.PIECEWISE_BEZIER_KNOTS.);
#7715 = CARTESIAN_POINT('',(6.19995,-1.101680916309,4.898213159485));
#7716 = CARTESIAN_POINT('',(6.20005,-1.101680916309,4.898213159485));
#7717 = CARTESIAN_POINT('',(6.19995,-0.992584316939,4.898213159485));
#7718 = CARTESIAN_POINT('',(6.20005,-0.992584316939,4.898213159485));
#7719 = ADVANCED_FACE('',(#7720),#7736,.F.);
#7720 = FACE_BOUND('',#7721,.T.);
#7721 = EDGE_LOOP('',(#7722,#7723,#7730,#7735));
#7722 = ORIENTED_EDGE('',*,*,#338,.T.);
#7723 = ORIENTED_EDGE('',*,*,#7724,.F.);
#7724 = EDGE_CURVE('',#7725,#332,#7727,.T.);
#7725 = VERTEX_POINT('',#7726);
#7726 = CARTESIAN_POINT('',(6.20005,-1.101680916309,4.995846427828));
#7727 = B_SPLINE_CURVE_WITH_KNOTS('',1,(#7728,#7729),.UNSPECIFIED.,.F.,
  .F.,(2,2),(-0.,9.999999999977E-05),.PIECEWISE_BEZIER_KNOTS.);
#7728 = CARTESIAN_POINT('',(6.20005,-1.101680916309,4.995846427828));
#7729 = CARTESIAN_POINT('',(6.19995,-1.101680916309,4.995846427828));
#7730 = ORIENTED_EDGE('',*,*,#7731,.F.);
#7731 = EDGE_CURVE('',#7703,#7725,#7732,.T.);
#7732 = B_SPLINE_CURVE_WITH_KNOTS('',1,(#7733,#7734),.UNSPECIFIED.,.F.,
  .F.,(2,2),(-9.763326834319E-02,0.),.PIECEWISE_BEZIER_KNOTS.);
#7733 = CARTESIAN_POINT('',(6.20005,-1.101680916309,4.898213159485));
#7734 = CARTESIAN_POINT('',(6.20005,-1.101680916309,4.995846427828));
#7735 = ORIENTED_EDGE('',*,*,#7702,.T.);
#7736 = B_SPLINE_SURFACE_WITH_KNOTS('',1,1,(
    (#7737,#7738)
    ,(#7739,#7740
    )),.UNSPECIFIED.,.F.,.F.,.F.,(2,2),(2,2),(-6.661338147751E-16,
    9.763326834319E-02),(-9.999999999977E-05,0.),
  .PIECEWISE_BEZIER_KNOTS.);
#7737 = CARTESIAN_POINT('',(6.19995,-1.101680916309,4.995846427828));
#7738 = CARTESIAN_POINT('',(6.20005,-1.101680916309,4.995846427828));
#7739 = CARTESIAN_POINT('',(6.19995,-1.101680916309,4.898213159485));
#7740 = CARTESIAN_POINT('',(6.20005,-1.101680916309,4.898213159485));
#7741 = ADVANCED_FACE('',(#7742),#7758,.F.);
#7742 = FACE_BOUND('',#7743,.T.);
#7743 = EDGE_LOOP('',(#7744,#7745,#7752,#7757));
#7744 = ORIENTED_EDGE('',*,*,#331,.T.);
#7745 = ORIENTED_EDGE('',*,*,#7746,.F.);
#7746 = EDGE_CURVE('',#7747,#325,#7749,.T.);
#7747 = VERTEX_POINT('',#7748);
#7748 = CARTESIAN_POINT('',(6.20005,-0.983928332286,4.995846427828));
#7749 = B_SPLINE_CURVE_WITH_KNOTS('',1,(#7750,#7751),.UNSPECIFIED.,.F.,
  .F.,(2,2),(-0.,9.999999999977E-05),.PIECEWISE_BEZIER_KNOTS.);
#7750 = CARTESIAN_POINT('',(6.20005,-0.983928332286,4.995846427828));
#7751 = CARTESIAN_POINT('',(6.19995,-0.983928332286,4.995846427828));
#7752 = ORIENTED_EDGE('',*,*,#7753,.F.);
#7753 = EDGE_CURVE('',#7725,#7747,#7754,.T.);
#7754 = B_SPLINE_CURVE_WITH_KNOTS('',1,(#7755,#7756),.UNSPECIFIED.,.F.,
  .F.,(2,2),(-0.117752584023,0.),.PIECEWISE_BEZIER_KNOTS.);
#7755 = CARTESIAN_POINT('',(6.20005,-1.101680916309,4.995846427828));
#7756 = CARTESIAN_POINT('',(6.20005,-0.983928332286,4.995846427828));
#7757 = ORIENTED_EDGE('',*,*,#7724,.T.);
#7758 = B_SPLINE_SURFACE_WITH_KNOTS('',1,1,(
    (#7759,#7760)
    ,(#7761,#7762
    )),.UNSPECIFIED.,.F.,.F.,.F.,(2,2),(2,2),(-4.440892098501E-16,
    0.117752584023),(-9.999999999977E-05,0.),.PIECEWISE_BEZIER_KNOTS.);
#7759 = CARTESIAN_POINT('',(6.19995,-0.983928332286,4.995846427828));
#7760 = CARTESIAN_POINT('',(6.20005,-0.983928332286,4.995846427828));
#7761 = CARTESIAN_POINT('',(6.19995,-1.101680916309,4.995846427828));
#7762 = CARTESIAN_POINT('',(6.20005,-1.101680916309,4.995846427828));
#7763 = ADVANCED_FACE('',(#7764),#7780,.F.);
#7764 = FACE_BOUND('',#7765,.T.);
#7765 = EDGE_LOOP('',(#7766,#7767,#7774,#7779));
#7766 = ORIENTED_EDGE('',*,*,#324,.T.);
#7767 = ORIENTED_EDGE('',*,*,#7768,.F.);
#7768 = EDGE_CURVE('',#7769,#318,#7771,.T.);
#7769 = VERTEX_POINT('',#7770);
#7770 = CARTESIAN_POINT('',(6.20005,-0.983928332286,5.030938257503));
#7771 = B_SPLINE_CURVE_WITH_KNOTS('',1,(#7772,#7773),.UNSPECIFIED.,.F.,
  .F.,(2,2),(-0.,9.999999999977E-05),.PIECEWISE_BEZIER_KNOTS.);
#7772 = CARTESIAN_POINT('',(6.20005,-0.983928332286,5.030938257503));
#7773 = CARTESIAN_POINT('',(6.19995,-0.983928332286,5.030938257503));
#7774 = ORIENTED_EDGE('',*,*,#7775,.F.);
#7775 = EDGE_CURVE('',#7747,#7769,#7776,.T.);
#7776 = B_SPLINE_CURVE_WITH_KNOTS('',1,(#7777,#7778),.UNSPECIFIED.,.F.,
  .F.,(2,2),(-3.509182967521E-02,0.),.PIECEWISE_BEZIER_KNOTS.);
#7777 = CARTESIAN_POINT('',(6.20005,-0.983928332286,4.995846427828));
#7778 = CARTESIAN_POINT('',(6.20005,-0.983928332286,5.030938257503));
#7779 = ORIENTED_EDGE('',*,*,#7746,.T.);
#7780 = B_SPLINE_SURFACE_WITH_KNOTS('',1,1,(
    (#7781,#7782)
    ,(#7783,#7784
    )),.UNSPECIFIED.,.F.,.F.,.F.,(2,2),(2,2),(0.,3.509182967521E-02),(
    -9.999999999977E-05,0.),.PIECEWISE_BEZIER_KNOTS.);
#7781 = CARTESIAN_POINT('',(6.19995,-0.983928332286,5.030938257503));
#7782 = CARTESIAN_POINT('',(6.20005,-0.983928332286,5.030938257503));
#7783 = CARTESIAN_POINT('',(6.19995,-0.983928332286,4.995846427828));
#7784 = CARTESIAN_POINT('',(6.20005,-0.983928332286,4.995846427828));
#7785 = ADVANCED_FACE('',(#7786),#7802,.F.);
#7786 = FACE_BOUND('',#7787,.T.);
#7787 = EDGE_LOOP('',(#7788,#7789,#7796,#7801));
#7788 = ORIENTED_EDGE('',*,*,#317,.T.);
#7789 = ORIENTED_EDGE('',*,*,#7790,.F.);
#7790 = EDGE_CURVE('',#7791,#311,#7793,.T.);
#7791 = VERTEX_POINT('',#7792);
#7792 = CARTESIAN_POINT('',(6.20005,-1.141061747389,5.030938257503));
#7793 = B_SPLINE_CURVE_WITH_KNOTS('',1,(#7794,#7795),.UNSPECIFIED.,.F.,
  .F.,(2,2),(-0.,9.999999999977E-05),.PIECEWISE_BEZIER_KNOTS.);
#7794 = CARTESIAN_POINT('',(6.20005,-1.141061747389,5.030938257503));
#7795 = CARTESIAN_POINT('',(6.19995,-1.141061747389,5.030938257503));
#7796 = ORIENTED_EDGE('',*,*,#7797,.F.);
#7797 = EDGE_CURVE('',#7769,#7791,#7798,.T.);
#7798 = B_SPLINE_CURVE_WITH_KNOTS('',1,(#7799,#7800),.UNSPECIFIED.,.F.,
  .F.,(2,2),(-0.157133415103,-0.),.PIECEWISE_BEZIER_KNOTS.);
#7799 = CARTESIAN_POINT('',(6.20005,-0.983928332286,5.030938257503));
#7800 = CARTESIAN_POINT('',(6.20005,-1.141061747389,5.030938257503));
#7801 = ORIENTED_EDGE('',*,*,#7768,.T.);
#7802 = B_SPLINE_SURFACE_WITH_KNOTS('',1,1,(
    (#7803,#7804)
    ,(#7805,#7806
    )),.UNSPECIFIED.,.F.,.F.,.F.,(2,2),(2,2),(0.,0.157133415103),(
    -9.999999999977E-05,0.),.PIECEWISE_BEZIER_KNOTS.);
#7803 = CARTESIAN_POINT('',(6.19995,-1.141061747389,5.030938257503));
#7804 = CARTESIAN_POINT('',(6.20005,-1.141061747389,5.030938257503));
#7805 = CARTESIAN_POINT('',(6.19995,-0.983928332286,5.030938257503));
#7806 = CARTESIAN_POINT('',(6.20005,-0.983928332286,5.030938257503));
#7807 = ADVANCED_FACE('',(#7808),#7824,.F.);
#7808 = FACE_BOUND('',#7809,.T.);
#7809 = EDGE_LOOP('',(#7810,#7811,#7818,#7823));
#7810 = ORIENTED_EDGE('',*,*,#310,.T.);
#7811 = ORIENTED_EDGE('',*,*,#7812,.F.);
#7812 = EDGE_CURVE('',#7813,#304,#7815,.T.);
#7813 = VERTEX_POINT('',#7814);
#7814 = CARTESIAN_POINT('',(6.20005,-1.141061747389,4.725873284856));
#7815 = B_SPLINE_CURVE_WITH_KNOTS('',1,(#7816,#7817),.UNSPECIFIED.,.F.,
  .F.,(2,2),(-0.,9.999999999977E-05),.PIECEWISE_BEZIER_KNOTS.);
#7816 = CARTESIAN_POINT('',(6.20005,-1.141061747389,4.725873284856));
#7817 = CARTESIAN_POINT('',(6.19995,-1.141061747389,4.725873284856));
#7818 = ORIENTED_EDGE('',*,*,#7819,.F.);
#7819 = EDGE_CURVE('',#7791,#7813,#7820,.T.);
#7820 = B_SPLINE_CURVE_WITH_KNOTS('',1,(#7821,#7822),.UNSPECIFIED.,.F.,
  .F.,(2,2),(-0.305064972647,0.),.PIECEWISE_BEZIER_KNOTS.);
#7821 = CARTESIAN_POINT('',(6.20005,-1.141061747389,5.030938257503));
#7822 = CARTESIAN_POINT('',(6.20005,-1.141061747389,4.725873284856));
#7823 = ORIENTED_EDGE('',*,*,#7790,.T.);
#7824 = B_SPLINE_SURFACE_WITH_KNOTS('',1,1,(
    (#7825,#7826)
    ,(#7827,#7828
    )),.UNSPECIFIED.,.F.,.F.,.F.,(2,2),(2,2),(-2.22044604925E-16,
    0.305064972647),(-9.999999999977E-05,0.),.PIECEWISE_BEZIER_KNOTS.);
#7825 = CARTESIAN_POINT('',(6.19995,-1.141061747389,4.725873284856));
#7826 = CARTESIAN_POINT('',(6.20005,-1.141061747389,4.725873284856));
#7827 = CARTESIAN_POINT('',(6.19995,-1.141061747389,5.030938257503));
#7828 = CARTESIAN_POINT('',(6.20005,-1.141061747389,5.030938257503));
#7829 = ADVANCED_FACE('',(#7830),#7840,.F.);
#7830 = FACE_BOUND('',#7831,.T.);
#7831 = EDGE_LOOP('',(#7832,#7833,#7834,#7839));
#7832 = ORIENTED_EDGE('',*,*,#303,.T.);
#7833 = ORIENTED_EDGE('',*,*,#7600,.F.);
#7834 = ORIENTED_EDGE('',*,*,#7835,.F.);
#7835 = EDGE_CURVE('',#7813,#7594,#7836,.T.);
#7836 = B_SPLINE_CURVE_WITH_KNOTS('',1,(#7837,#7838),.UNSPECIFIED.,.F.,
  .F.,(2,2),(-0.164073799195,0.),.PIECEWISE_BEZIER_KNOTS.);
#7837 = CARTESIAN_POINT('',(6.20005,-1.141061747389,4.725873284856));
#7838 = CARTESIAN_POINT('',(6.20005,-0.976987948194,4.725873284856));
#7839 = ORIENTED_EDGE('',*,*,#7812,.T.);
#7840 = B_SPLINE_SURFACE_WITH_KNOTS('',1,1,(
    (#7841,#7842)
    ,(#7843,#7844
    )),.UNSPECIFIED.,.F.,.F.,.F.,(2,2),(2,2),(-0.,0.164073799195),(
    -9.999999999977E-05,0.),.PIECEWISE_BEZIER_KNOTS.);
#7841 = CARTESIAN_POINT('',(6.19995,-0.976987948194,4.725873284856));
#7842 = CARTESIAN_POINT('',(6.20005,-0.976987948194,4.725873284856));
#7843 = CARTESIAN_POINT('',(6.19995,-1.141061747389,4.725873284856));
#7844 = CARTESIAN_POINT('',(6.20005,-1.141061747389,4.725873284856));
#7845 = ADVANCED_FACE('',(#7846),#7860,.F.);
#7846 = FACE_BOUND('',#7847,.T.);
#7847 = EDGE_LOOP('',(#7848,#7849,#7850,#7851,#7852,#7853,#7854,#7855,
    #7856,#7857,#7858,#7859));
#7848 = ORIENTED_EDGE('',*,*,#7593,.T.);
#7849 = ORIENTED_EDGE('',*,*,#7621,.T.);
#7850 = ORIENTED_EDGE('',*,*,#7643,.T.);
#7851 = ORIENTED_EDGE('',*,*,#7665,.T.);
#7852 = ORIENTED_EDGE('',*,*,#7687,.T.);
#7853 = ORIENTED_EDGE('',*,*,#7709,.T.);
#7854 = ORIENTED_EDGE('',*,*,#7731,.T.);
#7855 = ORIENTED_EDGE('',*,*,#7753,.T.);
#7856 = ORIENTED_EDGE('',*,*,#7775,.T.);
#7857 = ORIENTED_EDGE('',*,*,#7797,.T.);
#7858 = ORIENTED_EDGE('',*,*,#7819,.T.);
#7859 = ORIENTED_EDGE('',*,*,#7835,.T.);
#7860 = B_SPLINE_SURFACE_WITH_KNOTS('',1,1,(
    (#7861,#7862)
    ,(#7863,#7864
    )),.UNSPECIFIED.,.F.,.F.,.F.,(2,2),(2,2),(1.325873184856,
    1.630938157503),(-1.141061747389,-0.976987948194),
  .PIECEWISE_BEZIER_KNOTS.);
#7861 = CARTESIAN_POINT('',(6.20005,-1.141061747389,4.725873284856));
#7862 = CARTESIAN_POINT('',(6.20005,-0.976987948194,4.725873284856));
#7863 = CARTESIAN_POINT('',(6.20005,-1.141061747389,5.030938257503));
#7864 = CARTESIAN_POINT('',(6.20005,-0.976987948194,5.030938257503));
#7865 = ADVANCED_FACE('',(#7866,#7982),#8052,.T.);
#7866 = FACE_BOUND('',#7867,.T.);
#7867 = EDGE_LOOP('',(#7868,#7879,#7886,#7895,#7904,#7911,#7920,#7929,
    #7938,#7947,#7954,#7961,#7968,#7975));
#7868 = ORIENTED_EDGE('',*,*,#7869,.T.);
#7869 = EDGE_CURVE('',#7870,#7872,#7874,.T.);
#7870 = VERTEX_POINT('',#7871);
#7871 = CARTESIAN_POINT('',(6.20005,-0.844106886488,4.948745394218));
#7872 = VERTEX_POINT('',#7873);
#7873 = CARTESIAN_POINT('',(6.20005,-0.919125420152,4.92847011485));
#7874 = B_SPLINE_CURVE_WITH_KNOTS('',3,(#7875,#7876,#7877,#7878),
  .UNSPECIFIED.,.F.,.F.,(4,4),(0.,1.),.PIECEWISE_BEZIER_KNOTS.);
#7875 = CARTESIAN_POINT('',(6.20005,-0.844106886488,4.948745394218));
#7876 = CARTESIAN_POINT('',(6.20005,-0.872492277604,4.948745394218));
#7877 = CARTESIAN_POINT('',(6.20005,-0.89752444944,4.942038955657));
#7878 = CARTESIAN_POINT('',(6.20005,-0.919125420152,4.92847011485));
#7879 = ORIENTED_EDGE('',*,*,#7880,.T.);
#7880 = EDGE_CURVE('',#7872,#7881,#7883,.T.);
#7881 = VERTEX_POINT('',#7882);
#7882 = CARTESIAN_POINT('',(6.20005,-0.919125420152,4.891350757236));
#7883 = B_SPLINE_CURVE_WITH_KNOTS('',1,(#7884,#7885),.UNSPECIFIED.,.F.,
  .F.,(2,2),(-3.711935761389E-02,0.),.PIECEWISE_BEZIER_KNOTS.);
#7884 = CARTESIAN_POINT('',(6.20005,-0.919125420152,4.92847011485));
#7885 = CARTESIAN_POINT('',(6.20005,-0.919125420152,4.891350757236));
#7886 = ORIENTED_EDGE('',*,*,#7887,.T.);
#7887 = EDGE_CURVE('',#7881,#7888,#7890,.T.);
#7888 = VERTEX_POINT('',#7889);
#7889 = CARTESIAN_POINT('',(6.20005,-0.8476940513,4.917708620416));
#7890 = B_SPLINE_CURVE_WITH_KNOTS('',3,(#7891,#7892,#7893,#7894),
  .UNSPECIFIED.,.F.,.F.,(4,4),(12.,13.),.PIECEWISE_BEZIER_KNOTS.);
#7891 = CARTESIAN_POINT('',(6.20005,-0.919125420152,4.891350757236));
#7892 = CARTESIAN_POINT('',(6.20005,-0.897602431283,4.908818690231));
#7893 = CARTESIAN_POINT('',(6.20005,-0.873817968948,4.917708620416));
#7894 = CARTESIAN_POINT('',(6.20005,-0.8476940513,4.917708620416));
#7895 = ORIENTED_EDGE('',*,*,#7896,.T.);
#7896 = EDGE_CURVE('',#7888,#7897,#7899,.T.);
#7897 = VERTEX_POINT('',#7898);
#7898 = CARTESIAN_POINT('',(6.20005,-0.803556327753,4.86436903931));
#7899 = B_SPLINE_CURVE_WITH_KNOTS('',3,(#7900,#7901,#7902,#7903),
  .UNSPECIFIED.,.F.,.F.,(4,4),(11.,12.),.PIECEWISE_BEZIER_KNOTS.);
#7900 = CARTESIAN_POINT('',(6.20005,-0.8476940513,4.917708620416));
#7901 = CARTESIAN_POINT('',(6.20005,-0.818294896216,4.917708620416));
#7902 = CARTESIAN_POINT('',(6.20005,-0.803556327753,4.899928760047));
#7903 = CARTESIAN_POINT('',(6.20005,-0.803556327753,4.86436903931));
#7904 = ORIENTED_EDGE('',*,*,#7905,.T.);
#7905 = EDGE_CURVE('',#7897,#7906,#7908,.T.);
#7906 = VERTEX_POINT('',#7907);
#7907 = CARTESIAN_POINT('',(6.20005,-0.868125294356,4.855323145437));
#7908 = B_SPLINE_CURVE_WITH_KNOTS('',1,(#7909,#7910),.UNSPECIFIED.,.F.,
  .F.,(2,2),(-6.519953714706E-02,-0.),.PIECEWISE_BEZIER_KNOTS.);
#7909 = CARTESIAN_POINT('',(6.20005,-0.803556327753,4.86436903931));
#7910 = CARTESIAN_POINT('',(6.20005,-0.868125294356,4.855323145437));
#7911 = ORIENTED_EDGE('',*,*,#7912,.T.);
#7912 = EDGE_CURVE('',#7906,#7913,#7915,.T.);
#7913 = VERTEX_POINT('',#7914);
#7914 = CARTESIAN_POINT('',(6.20005,-0.940414463488,4.784203703961));
#7915 = B_SPLINE_CURVE_WITH_KNOTS('',3,(#7916,#7917,#7918,#7919),
  .UNSPECIFIED.,.F.,.F.,(4,4),(9.,10.),.PIECEWISE_BEZIER_KNOTS.);
#7916 = CARTESIAN_POINT('',(6.20005,-0.868125294356,4.855323145437));
#7917 = CARTESIAN_POINT('',(6.20005,-0.916318073777,4.848616706877));
#7918 = CARTESIAN_POINT('',(6.20005,-0.940414463488,4.824910226385));
#7919 = CARTESIAN_POINT('',(6.20005,-0.940414463488,4.784203703961));
#7920 = ORIENTED_EDGE('',*,*,#7921,.T.);
#7921 = EDGE_CURVE('',#7913,#7922,#7924,.T.);
#7922 = VERTEX_POINT('',#7923);
#7923 = CARTESIAN_POINT('',(6.20005,-0.921698820994,4.737882488788));
#7924 = B_SPLINE_CURVE_WITH_KNOTS('',3,(#7925,#7926,#7927,#7928),
  .UNSPECIFIED.,.F.,.F.,(4,4),(8.,9.),.PIECEWISE_BEZIER_KNOTS.);
#7925 = CARTESIAN_POINT('',(6.20005,-0.940414463488,4.784203703961));
#7926 = CARTESIAN_POINT('',(6.20005,-0.940414463488,4.76470824303));
#7927 = CARTESIAN_POINT('',(6.20005,-0.93417591599,4.749267837971));
#7928 = CARTESIAN_POINT('',(6.20005,-0.921698820994,4.737882488788));
#7929 = ORIENTED_EDGE('',*,*,#7930,.T.);
#7930 = EDGE_CURVE('',#7922,#7931,#7933,.T.);
#7931 = VERTEX_POINT('',#7932);
#7932 = CARTESIAN_POINT('',(6.20005,-0.871322549948,4.72072648317));
#7933 = B_SPLINE_CURVE_WITH_KNOTS('',3,(#7934,#7935,#7936,#7937),
  .UNSPECIFIED.,.F.,.F.,(4,4),(7.,8.),.PIECEWISE_BEZIER_KNOTS.);
#7934 = CARTESIAN_POINT('',(6.20005,-0.921698820994,4.737882488788));
#7935 = CARTESIAN_POINT('',(6.20005,-0.909221725998,4.726497139605));
#7936 = CARTESIAN_POINT('',(6.20005,-0.892455629597,4.72072648317));
#7937 = CARTESIAN_POINT('',(6.20005,-0.871322549948,4.72072648317));
#7938 = ORIENTED_EDGE('',*,*,#7939,.T.);
#7939 = EDGE_CURVE('',#7931,#7940,#7942,.T.);
#7940 = VERTEX_POINT('',#7941);
#7941 = CARTESIAN_POINT('',(6.20005,-0.804570091721,4.759561441344));
#7942 = B_SPLINE_CURVE_WITH_KNOTS('',3,(#7943,#7944,#7945,#7946),
  .UNSPECIFIED.,.F.,.F.,(4,4),(6.,7.),.PIECEWISE_BEZIER_KNOTS.);
#7943 = CARTESIAN_POINT('',(6.20005,-0.871322549948,4.72072648317));
#7944 = CARTESIAN_POINT('',(6.20005,-0.841923394865,4.72072648317));
#7945 = CARTESIAN_POINT('',(6.20005,-0.819620587559,4.733671469228));
#7946 = CARTESIAN_POINT('',(6.20005,-0.804570091721,4.759561441344));
#7947 = ORIENTED_EDGE('',*,*,#7948,.T.);
#7948 = EDGE_CURVE('',#7940,#7949,#7951,.T.);
#7949 = VERTEX_POINT('',#7950);
#7950 = CARTESIAN_POINT('',(6.20005,-0.803556327753,4.759561441344));
#7951 = B_SPLINE_CURVE_WITH_KNOTS('',1,(#7952,#7953),.UNSPECIFIED.,.F.,
  .F.,(2,2),(-1.013763968291E-03,0.),.PIECEWISE_BEZIER_KNOTS.);
#7952 = CARTESIAN_POINT('',(6.20005,-0.804570091721,4.759561441344));
#7953 = CARTESIAN_POINT('',(6.20005,-0.803556327753,4.759561441344));
#7954 = ORIENTED_EDGE('',*,*,#7955,.T.);
#7955 = EDGE_CURVE('',#7949,#7956,#7958,.T.);
#7956 = VERTEX_POINT('',#7957);
#7957 = CARTESIAN_POINT('',(6.20005,-0.803556327753,4.725873284856));
#7958 = B_SPLINE_CURVE_WITH_KNOTS('',1,(#7959,#7960),.UNSPECIFIED.,.F.,
  .F.,(2,2),(-3.368815648771E-02,-0.),.PIECEWISE_BEZIER_KNOTS.);
#7959 = CARTESIAN_POINT('',(6.20005,-0.803556327753,4.759561441344));
#7960 = CARTESIAN_POINT('',(6.20005,-0.803556327753,4.725873284856));
#7961 = ORIENTED_EDGE('',*,*,#7962,.T.);
#7962 = EDGE_CURVE('',#7956,#7963,#7965,.T.);
#7963 = VERTEX_POINT('',#7964);
#7964 = CARTESIAN_POINT('',(6.20005,-0.765345224328,4.725873284856));
#7965 = B_SPLINE_CURVE_WITH_KNOTS('',1,(#7966,#7967),.UNSPECIFIED.,.F.,
  .F.,(2,2),(-3.821110342477E-02,0.),.PIECEWISE_BEZIER_KNOTS.);
#7966 = CARTESIAN_POINT('',(6.20005,-0.803556327753,4.725873284856));
#7967 = CARTESIAN_POINT('',(6.20005,-0.765345224328,4.725873284856));
#7968 = ORIENTED_EDGE('',*,*,#7969,.T.);
#7969 = EDGE_CURVE('',#7963,#7970,#7972,.T.);
#7970 = VERTEX_POINT('',#7971);
#7971 = CARTESIAN_POINT('',(6.20005,-0.765345224328,4.86608463987));
#7972 = B_SPLINE_CURVE_WITH_KNOTS('',1,(#7973,#7974),.UNSPECIFIED.,.F.,
  .F.,(2,2),(-0.140211355014,0.),.PIECEWISE_BEZIER_KNOTS.);
#7973 = CARTESIAN_POINT('',(6.20005,-0.765345224328,4.725873284856));
#7974 = CARTESIAN_POINT('',(6.20005,-0.765345224328,4.86608463987));
#7975 = ORIENTED_EDGE('',*,*,#7976,.T.);
#7976 = EDGE_CURVE('',#7970,#7870,#7977,.T.);
#7977 = B_SPLINE_CURVE_WITH_KNOTS('',3,(#7978,#7979,#7980,#7981),
  .UNSPECIFIED.,.F.,.F.,(4,4),(1.,2.),.PIECEWISE_BEZIER_KNOTS.);
#7978 = CARTESIAN_POINT('',(6.20005,-0.765345224328,4.86608463987));
#7979 = CARTESIAN_POINT('',(6.20005,-0.765345224328,4.921295785227));
#7980 = CARTESIAN_POINT('',(6.20005,-0.791625105663,4.948745394218));
#7981 = CARTESIAN_POINT('',(6.20005,-0.844106886488,4.948745394218));
#7982 = FACE_BOUND('',#7983,.T.);
#7983 = EDGE_LOOP('',(#7984,#7995,#8004,#8011,#8018,#8027,#8036,#8045));
#7984 = ORIENTED_EDGE('',*,*,#7985,.F.);
#7985 = EDGE_CURVE('',#7986,#7988,#7990,.T.);
#7986 = VERTEX_POINT('',#7987);
#7987 = CARTESIAN_POINT('',(6.20005,-0.891519847473,4.814928550387));
#7988 = VERTEX_POINT('',#7989);
#7989 = CARTESIAN_POINT('',(6.20005,-0.901657487157,4.787322977709));
#7990 = B_SPLINE_CURVE_WITH_KNOTS('',3,(#7991,#7992,#7993,#7994),
  .UNSPECIFIED.,.F.,.F.,(4,4),(1.,2.),.PIECEWISE_BEZIER_KNOTS.);
#7991 = CARTESIAN_POINT('',(6.20005,-0.891519847473,4.814928550387));
#7992 = CARTESIAN_POINT('',(6.20005,-0.898226286033,4.808378075515));
#7993 = CARTESIAN_POINT('',(6.20005,-0.901657487157,4.799176217956));
#7994 = CARTESIAN_POINT('',(6.20005,-0.901657487157,4.787322977709));
#7995 = ORIENTED_EDGE('',*,*,#7996,.F.);
#7996 = EDGE_CURVE('',#7997,#7986,#7999,.T.);
#7997 = VERTEX_POINT('',#7998);
#7998 = CARTESIAN_POINT('',(6.20005,-0.854556453548,4.828341427509));
#7999 = B_SPLINE_CURVE_WITH_KNOTS('',3,(#8000,#8001,#8002,#8003),
  .UNSPECIFIED.,.F.,.F.,(4,4),(0.,1.),.PIECEWISE_BEZIER_KNOTS.);
#8000 = CARTESIAN_POINT('',(6.20005,-0.854556453548,4.828341427509));
#8001 = CARTESIAN_POINT('',(6.20005,-0.87241429576,4.825846008508));
#8002 = CARTESIAN_POINT('',(6.20005,-0.884735427069,4.82147902526));
#8003 = CARTESIAN_POINT('',(6.20005,-0.891519847473,4.814928550387));
#8004 = ORIENTED_EDGE('',*,*,#8005,.F.);
#8005 = EDGE_CURVE('',#8006,#7997,#8008,.T.);
#8006 = VERTEX_POINT('',#8007);
#8007 = CARTESIAN_POINT('',(6.20005,-0.803556327753,4.835203829757));
#8008 = B_SPLINE_CURVE_WITH_KNOTS('',1,(#8009,#8010),.UNSPECIFIED.,.F.,
  .F.,(2,2),(-0.,5.145974539159E-02),.PIECEWISE_BEZIER_KNOTS.);
#8009 = CARTESIAN_POINT('',(6.20005,-0.803556327753,4.835203829757));
#8010 = CARTESIAN_POINT('',(6.20005,-0.854556453548,4.828341427509));
#8011 = ORIENTED_EDGE('',*,*,#8012,.F.);
#8012 = EDGE_CURVE('',#8013,#8006,#8015,.T.);
#8013 = VERTEX_POINT('',#8014);
#8014 = CARTESIAN_POINT('',(6.20005,-0.803556327753,4.814304695638));
#8015 = B_SPLINE_CURVE_WITH_KNOTS('',1,(#8016,#8017),.UNSPECIFIED.,.F.,
  .F.,(2,2),(0.,2.08991341191E-02),.PIECEWISE_BEZIER_KNOTS.);
#8016 = CARTESIAN_POINT('',(6.20005,-0.803556327753,4.814304695638));
#8017 = CARTESIAN_POINT('',(6.20005,-0.803556327753,4.835203829757));
#8018 = ORIENTED_EDGE('',*,*,#8019,.F.);
#8019 = EDGE_CURVE('',#8020,#8013,#8022,.T.);
#8020 = VERTEX_POINT('',#8021);
#8021 = CARTESIAN_POINT('',(6.20005,-0.819932514935,4.769855044716));
#8022 = B_SPLINE_CURVE_WITH_KNOTS('',3,(#8023,#8024,#8025,#8026),
  .UNSPECIFIED.,.F.,.F.,(4,4),(5.,6.),.PIECEWISE_BEZIER_KNOTS.);
#8023 = CARTESIAN_POINT('',(6.20005,-0.819932514935,4.769855044716));
#8024 = CARTESIAN_POINT('',(6.20005,-0.809015056813,4.781552321274));
#8025 = CARTESIAN_POINT('',(6.20005,-0.803556327753,4.796368871581));
#8026 = CARTESIAN_POINT('',(6.20005,-0.803556327753,4.814304695638));
#8027 = ORIENTED_EDGE('',*,*,#8028,.F.);
#8028 = EDGE_CURVE('',#8029,#8020,#8031,.T.);
#8029 = VERTEX_POINT('',#8030);
#8030 = CARTESIAN_POINT('',(6.20005,-0.861418855795,4.752075184346));
#8031 = B_SPLINE_CURVE_WITH_KNOTS('',3,(#8032,#8033,#8034,#8035),
  .UNSPECIFIED.,.F.,.F.,(4,4),(4.,5.),.PIECEWISE_BEZIER_KNOTS.);
#8032 = CARTESIAN_POINT('',(6.20005,-0.861418855795,4.752075184346));
#8033 = CARTESIAN_POINT('',(6.20005,-0.844652759395,4.752075184346));
#8034 = CARTESIAN_POINT('',(6.20005,-0.830771991212,4.758001804469));
#8035 = CARTESIAN_POINT('',(6.20005,-0.819932514935,4.769855044716));
#8036 = ORIENTED_EDGE('',*,*,#8037,.F.);
#8037 = EDGE_CURVE('',#8038,#8029,#8040,.T.);
#8038 = VERTEX_POINT('',#8039);
#8039 = CARTESIAN_POINT('',(6.20005,-0.890584065348,4.761900896655));
#8040 = B_SPLINE_CURVE_WITH_KNOTS('',3,(#8041,#8042,#8043,#8044),
  .UNSPECIFIED.,.F.,.F.,(4,4),(3.,4.),.PIECEWISE_BEZIER_KNOTS.);
#8041 = CARTESIAN_POINT('',(6.20005,-0.890584065348,4.761900896655));
#8042 = CARTESIAN_POINT('',(6.20005,-0.883253772038,4.755350421783));
#8043 = CARTESIAN_POINT('',(6.20005,-0.873506041573,4.752075184346));
#8044 = CARTESIAN_POINT('',(6.20005,-0.861418855795,4.752075184346));
#8045 = ORIENTED_EDGE('',*,*,#8046,.F.);
#8046 = EDGE_CURVE('',#7988,#8038,#8047,.T.);
#8047 = B_SPLINE_CURVE_WITH_KNOTS('',3,(#8048,#8049,#8050,#8051),
  .UNSPECIFIED.,.F.,.F.,(4,4),(2.,3.),.PIECEWISE_BEZIER_KNOTS.);
#8048 = CARTESIAN_POINT('',(6.20005,-0.901657487157,4.787322977709));
#8049 = CARTESIAN_POINT('',(6.20005,-0.901657487157,4.776873410651));
#8050 = CARTESIAN_POINT('',(6.20005,-0.897992340502,4.768451371528));
#8051 = CARTESIAN_POINT('',(6.20005,-0.890584065348,4.761900896655));
#8052 = B_SPLINE_SURFACE_WITH_KNOTS('',1,1,(
    (#8053,#8054)
    ,(#8055,#8056
    )),.UNSPECIFIED.,.F.,.F.,.F.,(2,2),(2,2),(-5.049324381341E-03,
    0.222969586667),(-5.625415251646E-02,0.118815086644),
  .PIECEWISE_BEZIER_KNOTS.);
#8053 = CARTESIAN_POINT('',(6.20005,-0.940414463488,4.948745394218));
#8054 = CARTESIAN_POINT('',(6.20005,-0.765345224328,4.948745394218));
#8055 = CARTESIAN_POINT('',(6.20005,-0.940414463488,4.72072648317));
#8056 = CARTESIAN_POINT('',(6.20005,-0.765345224328,4.72072648317));
#8057 = ADVANCED_FACE('',(#8058),#8072,.F.);
#8058 = FACE_BOUND('',#8059,.F.);
#8059 = EDGE_LOOP('',(#8060,#8065,#8066,#8071));
#8060 = ORIENTED_EDGE('',*,*,#8061,.F.);
#8061 = EDGE_CURVE('',#7870,#179,#8062,.T.);
#8062 = B_SPLINE_CURVE_WITH_KNOTS('',1,(#8063,#8064),.UNSPECIFIED.,.F.,
  .F.,(2,2),(-0.,9.999999999977E-05),.PIECEWISE_BEZIER_KNOTS.);
#8063 = CARTESIAN_POINT('',(6.20005,-0.844106886488,4.948745394218));
#8064 = CARTESIAN_POINT('',(6.19995,-0.844106886488,4.948745394218));
#8065 = ORIENTED_EDGE('',*,*,#7869,.T.);
#8066 = ORIENTED_EDGE('',*,*,#8067,.T.);
#8067 = EDGE_CURVE('',#7872,#181,#8068,.T.);
#8068 = B_SPLINE_CURVE_WITH_KNOTS('',1,(#8069,#8070),.UNSPECIFIED.,.F.,
  .F.,(2,2),(-0.,9.999999999977E-05),.PIECEWISE_BEZIER_KNOTS.);
#8069 = CARTESIAN_POINT('',(6.20005,-0.919125420152,4.92847011485));
#8070 = CARTESIAN_POINT('',(6.19995,-0.919125420152,4.92847011485));
#8071 = ORIENTED_EDGE('',*,*,#178,.F.);
#8072 = B_SPLINE_SURFACE_WITH_KNOTS('',3,1,(
    (#8073,#8074)
    ,(#8075,#8076)
    ,(#8077,#8078)
    ,(#8079,#8080
    )),.UNSPECIFIED.,.F.,.F.,.F.,(4,4),(2,2),(0.,1.),(0.,1.),
  .PIECEWISE_BEZIER_KNOTS.);
#8073 = CARTESIAN_POINT('',(6.20005,-0.844106886488,4.948745394218));
#8074 = CARTESIAN_POINT('',(6.19995,-0.844106886488,4.948745394218));
#8075 = CARTESIAN_POINT('',(6.20005,-0.872492277604,4.948745394218));
#8076 = CARTESIAN_POINT('',(6.19995,-0.872492277604,4.948745394218));
#8077 = CARTESIAN_POINT('',(6.20005,-0.89752444944,4.942038955657));
#8078 = CARTESIAN_POINT('',(6.19995,-0.89752444944,4.942038955657));
#8079 = CARTESIAN_POINT('',(6.20005,-0.919125420152,4.92847011485));
#8080 = CARTESIAN_POINT('',(6.19995,-0.919125420152,4.92847011485));
#8081 = ADVANCED_FACE('',(#8082),#8092,.F.);
#8082 = FACE_BOUND('',#8083,.T.);
#8083 = EDGE_LOOP('',(#8084,#8085,#8090,#8091));
#8084 = ORIENTED_EDGE('',*,*,#287,.T.);
#8085 = ORIENTED_EDGE('',*,*,#8086,.F.);
#8086 = EDGE_CURVE('',#7881,#279,#8087,.T.);
#8087 = B_SPLINE_CURVE_WITH_KNOTS('',1,(#8088,#8089),.UNSPECIFIED.,.F.,
  .F.,(2,2),(-0.,9.999999999977E-05),.PIECEWISE_BEZIER_KNOTS.);
#8088 = CARTESIAN_POINT('',(6.20005,-0.919125420152,4.891350757236));
#8089 = CARTESIAN_POINT('',(6.19995,-0.919125420152,4.891350757236));
#8090 = ORIENTED_EDGE('',*,*,#7880,.F.);
#8091 = ORIENTED_EDGE('',*,*,#8067,.T.);
#8092 = B_SPLINE_SURFACE_WITH_KNOTS('',1,1,(
    (#8093,#8094)
    ,(#8095,#8096
    )),.UNSPECIFIED.,.F.,.F.,.F.,(2,2),(2,2),(-2.594239324426E-30,
    3.711935761389E-02),(-9.999999999977E-05,0.),
  .PIECEWISE_BEZIER_KNOTS.);
#8093 = CARTESIAN_POINT('',(6.19995,-0.919125420152,4.891350757236));
#8094 = CARTESIAN_POINT('',(6.20005,-0.919125420152,4.891350757236));
#8095 = CARTESIAN_POINT('',(6.19995,-0.919125420152,4.92847011485));
#8096 = CARTESIAN_POINT('',(6.20005,-0.919125420152,4.92847011485));
#8097 = ADVANCED_FACE('',(#8098),#8108,.F.);
#8098 = FACE_BOUND('',#8099,.F.);
#8099 = EDGE_LOOP('',(#8100,#8101,#8102,#8107));
#8100 = ORIENTED_EDGE('',*,*,#8086,.F.);
#8101 = ORIENTED_EDGE('',*,*,#7887,.T.);
#8102 = ORIENTED_EDGE('',*,*,#8103,.T.);
#8103 = EDGE_CURVE('',#7888,#270,#8104,.T.);
#8104 = B_SPLINE_CURVE_WITH_KNOTS('',1,(#8105,#8106),.UNSPECIFIED.,.F.,
  .F.,(2,2),(-0.,9.999999999888E-05),.PIECEWISE_BEZIER_KNOTS.);
#8105 = CARTESIAN_POINT('',(6.20005,-0.8476940513,4.917708620416));
#8106 = CARTESIAN_POINT('',(6.19995,-0.8476940513,4.917708620416));
#8107 = ORIENTED_EDGE('',*,*,#278,.F.);
#8108 = B_SPLINE_SURFACE_WITH_KNOTS('',3,1,(
    (#8109,#8110)
    ,(#8111,#8112)
    ,(#8113,#8114)
    ,(#8115,#8116
    )),.UNSPECIFIED.,.F.,.F.,.F.,(4,4),(2,2),(12.,13.),(0.,1.),
  .PIECEWISE_BEZIER_KNOTS.);
#8109 = CARTESIAN_POINT('',(6.20005,-0.919125420152,4.891350757236));
#8110 = CARTESIAN_POINT('',(6.19995,-0.919125420152,4.891350757236));
#8111 = CARTESIAN_POINT('',(6.20005,-0.897602431283,4.908818690231));
#8112 = CARTESIAN_POINT('',(6.19995,-0.897602431283,4.908818690231));
#8113 = CARTESIAN_POINT('',(6.20005,-0.873817968948,4.917708620416));
#8114 = CARTESIAN_POINT('',(6.19995,-0.873817968948,4.917708620416));
#8115 = CARTESIAN_POINT('',(6.20005,-0.8476940513,4.917708620416));
#8116 = CARTESIAN_POINT('',(6.19995,-0.8476940513,4.917708620416));
#8117 = ADVANCED_FACE('',(#8118),#8128,.F.);
#8118 = FACE_BOUND('',#8119,.F.);
#8119 = EDGE_LOOP('',(#8120,#8121,#8122,#8127));
#8120 = ORIENTED_EDGE('',*,*,#8103,.F.);
#8121 = ORIENTED_EDGE('',*,*,#7896,.T.);
#8122 = ORIENTED_EDGE('',*,*,#8123,.T.);
#8123 = EDGE_CURVE('',#7897,#263,#8124,.T.);
#8124 = B_SPLINE_CURVE_WITH_KNOTS('',1,(#8125,#8126),.UNSPECIFIED.,.F.,
  .F.,(2,2),(-0.,9.999999999888E-05),.PIECEWISE_BEZIER_KNOTS.);
#8125 = CARTESIAN_POINT('',(6.20005,-0.803556327753,4.86436903931));
#8126 = CARTESIAN_POINT('',(6.19995,-0.803556327753,4.86436903931));
#8127 = ORIENTED_EDGE('',*,*,#269,.F.);
#8128 = B_SPLINE_SURFACE_WITH_KNOTS('',3,1,(
    (#8129,#8130)
    ,(#8131,#8132)
    ,(#8133,#8134)
    ,(#8135,#8136
    )),.UNSPECIFIED.,.F.,.F.,.F.,(4,4),(2,2),(11.,12.),(0.,1.),
  .PIECEWISE_BEZIER_KNOTS.);
#8129 = CARTESIAN_POINT('',(6.20005,-0.8476940513,4.917708620416));
#8130 = CARTESIAN_POINT('',(6.19995,-0.8476940513,4.917708620416));
#8131 = CARTESIAN_POINT('',(6.20005,-0.818294896216,4.917708620416));
#8132 = CARTESIAN_POINT('',(6.19995,-0.818294896216,4.917708620416));
#8133 = CARTESIAN_POINT('',(6.20005,-0.803556327753,4.899928760047));
#8134 = CARTESIAN_POINT('',(6.19995,-0.803556327753,4.899928760047));
#8135 = CARTESIAN_POINT('',(6.20005,-0.803556327753,4.86436903931));
#8136 = CARTESIAN_POINT('',(6.19995,-0.803556327753,4.86436903931));
#8137 = ADVANCED_FACE('',(#8138),#8148,.F.);
#8138 = FACE_BOUND('',#8139,.T.);
#8139 = EDGE_LOOP('',(#8140,#8141,#8146,#8147));
#8140 = ORIENTED_EDGE('',*,*,#262,.T.);
#8141 = ORIENTED_EDGE('',*,*,#8142,.F.);
#8142 = EDGE_CURVE('',#7906,#254,#8143,.T.);
#8143 = B_SPLINE_CURVE_WITH_KNOTS('',1,(#8144,#8145),.UNSPECIFIED.,.F.,
  .F.,(2,2),(-0.,9.999999999977E-05),.PIECEWISE_BEZIER_KNOTS.);
#8144 = CARTESIAN_POINT('',(6.20005,-0.868125294356,4.855323145437));
#8145 = CARTESIAN_POINT('',(6.19995,-0.868125294356,4.855323145437));
#8146 = ORIENTED_EDGE('',*,*,#7905,.F.);
#8147 = ORIENTED_EDGE('',*,*,#8123,.T.);
#8148 = B_SPLINE_SURFACE_WITH_KNOTS('',1,1,(
    (#8149,#8150)
    ,(#8151,#8152
    )),.UNSPECIFIED.,.F.,.F.,.F.,(2,2),(2,2),(0.,6.519953714706E-02),(
    -9.999999999977E-05,0.),.PIECEWISE_BEZIER_KNOTS.);
#8149 = CARTESIAN_POINT('',(6.19995,-0.868125294356,4.855323145437));
#8150 = CARTESIAN_POINT('',(6.20005,-0.868125294356,4.855323145437));
#8151 = CARTESIAN_POINT('',(6.19995,-0.803556327753,4.86436903931));
#8152 = CARTESIAN_POINT('',(6.20005,-0.803556327753,4.86436903931));
#8153 = ADVANCED_FACE('',(#8154),#8164,.F.);
#8154 = FACE_BOUND('',#8155,.F.);
#8155 = EDGE_LOOP('',(#8156,#8157,#8158,#8163));
#8156 = ORIENTED_EDGE('',*,*,#8142,.F.);
#8157 = ORIENTED_EDGE('',*,*,#7912,.T.);
#8158 = ORIENTED_EDGE('',*,*,#8159,.T.);
#8159 = EDGE_CURVE('',#7913,#245,#8160,.T.);
#8160 = B_SPLINE_CURVE_WITH_KNOTS('',1,(#8161,#8162),.UNSPECIFIED.,.F.,
  .F.,(2,2),(-0.,9.999999999888E-05),.PIECEWISE_BEZIER_KNOTS.);
#8161 = CARTESIAN_POINT('',(6.20005,-0.940414463488,4.784203703961));
#8162 = CARTESIAN_POINT('',(6.19995,-0.940414463488,4.784203703961));
#8163 = ORIENTED_EDGE('',*,*,#253,.F.);
#8164 = B_SPLINE_SURFACE_WITH_KNOTS('',3,1,(
    (#8165,#8166)
    ,(#8167,#8168)
    ,(#8169,#8170)
    ,(#8171,#8172
    )),.UNSPECIFIED.,.F.,.F.,.F.,(4,4),(2,2),(9.,10.),(0.,1.),
  .PIECEWISE_BEZIER_KNOTS.);
#8165 = CARTESIAN_POINT('',(6.20005,-0.868125294356,4.855323145437));
#8166 = CARTESIAN_POINT('',(6.19995,-0.868125294356,4.855323145437));
#8167 = CARTESIAN_POINT('',(6.20005,-0.916318073777,4.848616706877));
#8168 = CARTESIAN_POINT('',(6.19995,-0.916318073777,4.848616706877));
#8169 = CARTESIAN_POINT('',(6.20005,-0.940414463488,4.824910226385));
#8170 = CARTESIAN_POINT('',(6.19995,-0.940414463488,4.824910226385));
#8171 = CARTESIAN_POINT('',(6.20005,-0.940414463488,4.784203703961));
#8172 = CARTESIAN_POINT('',(6.19995,-0.940414463488,4.784203703961));
#8173 = ADVANCED_FACE('',(#8174),#8184,.F.);
#8174 = FACE_BOUND('',#8175,.F.);
#8175 = EDGE_LOOP('',(#8176,#8177,#8178,#8183));
#8176 = ORIENTED_EDGE('',*,*,#8159,.F.);
#8177 = ORIENTED_EDGE('',*,*,#7921,.T.);
#8178 = ORIENTED_EDGE('',*,*,#8179,.T.);
#8179 = EDGE_CURVE('',#7922,#236,#8180,.T.);
#8180 = B_SPLINE_CURVE_WITH_KNOTS('',1,(#8181,#8182),.UNSPECIFIED.,.F.,
  .F.,(2,2),(-0.,9.999999999888E-05),.PIECEWISE_BEZIER_KNOTS.);
#8181 = CARTESIAN_POINT('',(6.20005,-0.921698820994,4.737882488788));
#8182 = CARTESIAN_POINT('',(6.19995,-0.921698820994,4.737882488788));
#8183 = ORIENTED_EDGE('',*,*,#244,.F.);
#8184 = B_SPLINE_SURFACE_WITH_KNOTS('',3,1,(
    (#8185,#8186)
    ,(#8187,#8188)
    ,(#8189,#8190)
    ,(#8191,#8192
    )),.UNSPECIFIED.,.F.,.F.,.F.,(4,4),(2,2),(8.,9.),(0.,1.),
  .PIECEWISE_BEZIER_KNOTS.);
#8185 = CARTESIAN_POINT('',(6.20005,-0.940414463488,4.784203703961));
#8186 = CARTESIAN_POINT('',(6.19995,-0.940414463488,4.784203703961));
#8187 = CARTESIAN_POINT('',(6.20005,-0.940414463488,4.76470824303));
#8188 = CARTESIAN_POINT('',(6.19995,-0.940414463488,4.76470824303));
#8189 = CARTESIAN_POINT('',(6.20005,-0.93417591599,4.749267837971));
#8190 = CARTESIAN_POINT('',(6.19995,-0.93417591599,4.749267837971));
#8191 = CARTESIAN_POINT('',(6.20005,-0.921698820994,4.737882488788));
#8192 = CARTESIAN_POINT('',(6.19995,-0.921698820994,4.737882488788));
#8193 = ADVANCED_FACE('',(#8194),#8204,.F.);
#8194 = FACE_BOUND('',#8195,.F.);
#8195 = EDGE_LOOP('',(#8196,#8197,#8198,#8203));
#8196 = ORIENTED_EDGE('',*,*,#8179,.F.);
#8197 = ORIENTED_EDGE('',*,*,#7930,.T.);
#8198 = ORIENTED_EDGE('',*,*,#8199,.T.);
#8199 = EDGE_CURVE('',#7931,#227,#8200,.T.);
#8200 = B_SPLINE_CURVE_WITH_KNOTS('',1,(#8201,#8202),.UNSPECIFIED.,.F.,
  .F.,(2,2),(-0.,9.999999999888E-05),.PIECEWISE_BEZIER_KNOTS.);
#8201 = CARTESIAN_POINT('',(6.20005,-0.871322549948,4.72072648317));
#8202 = CARTESIAN_POINT('',(6.19995,-0.871322549948,4.72072648317));
#8203 = ORIENTED_EDGE('',*,*,#235,.F.);
#8204 = B_SPLINE_SURFACE_WITH_KNOTS('',3,1,(
    (#8205,#8206)
    ,(#8207,#8208)
    ,(#8209,#8210)
    ,(#8211,#8212
    )),.UNSPECIFIED.,.F.,.F.,.F.,(4,4),(2,2),(7.,8.),(0.,1.),
  .PIECEWISE_BEZIER_KNOTS.);
#8205 = CARTESIAN_POINT('',(6.20005,-0.921698820994,4.737882488788));
#8206 = CARTESIAN_POINT('',(6.19995,-0.921698820994,4.737882488788));
#8207 = CARTESIAN_POINT('',(6.20005,-0.909221725998,4.726497139605));
#8208 = CARTESIAN_POINT('',(6.19995,-0.909221725998,4.726497139605));
#8209 = CARTESIAN_POINT('',(6.20005,-0.892455629597,4.72072648317));
#8210 = CARTESIAN_POINT('',(6.19995,-0.892455629597,4.72072648317));
#8211 = CARTESIAN_POINT('',(6.20005,-0.871322549948,4.72072648317));
#8212 = CARTESIAN_POINT('',(6.19995,-0.871322549948,4.72072648317));
#8213 = ADVANCED_FACE('',(#8214),#8224,.F.);
#8214 = FACE_BOUND('',#8215,.F.);
#8215 = EDGE_LOOP('',(#8216,#8217,#8218,#8223));
#8216 = ORIENTED_EDGE('',*,*,#8199,.F.);
#8217 = ORIENTED_EDGE('',*,*,#7939,.T.);
#8218 = ORIENTED_EDGE('',*,*,#8219,.T.);
#8219 = EDGE_CURVE('',#7940,#220,#8220,.T.);
#8220 = B_SPLINE_CURVE_WITH_KNOTS('',1,(#8221,#8222),.UNSPECIFIED.,.F.,
  .F.,(2,2),(-0.,9.999999999888E-05),.PIECEWISE_BEZIER_KNOTS.);
#8221 = CARTESIAN_POINT('',(6.20005,-0.804570091721,4.759561441344));
#8222 = CARTESIAN_POINT('',(6.19995,-0.804570091721,4.759561441344));
#8223 = ORIENTED_EDGE('',*,*,#226,.F.);
#8224 = B_SPLINE_SURFACE_WITH_KNOTS('',3,1,(
    (#8225,#8226)
    ,(#8227,#8228)
    ,(#8229,#8230)
    ,(#8231,#8232
    )),.UNSPECIFIED.,.F.,.F.,.F.,(4,4),(2,2),(6.,7.),(0.,1.),
  .PIECEWISE_BEZIER_KNOTS.);
#8225 = CARTESIAN_POINT('',(6.20005,-0.871322549948,4.72072648317));
#8226 = CARTESIAN_POINT('',(6.19995,-0.871322549948,4.72072648317));
#8227 = CARTESIAN_POINT('',(6.20005,-0.841923394865,4.72072648317));
#8228 = CARTESIAN_POINT('',(6.19995,-0.841923394865,4.72072648317));
#8229 = CARTESIAN_POINT('',(6.20005,-0.819620587559,4.733671469228));
#8230 = CARTESIAN_POINT('',(6.19995,-0.819620587559,4.733671469228));
#8231 = CARTESIAN_POINT('',(6.20005,-0.804570091721,4.759561441344));
#8232 = CARTESIAN_POINT('',(6.19995,-0.804570091721,4.759561441344));
#8233 = ADVANCED_FACE('',(#8234),#8244,.F.);
#8234 = FACE_BOUND('',#8235,.T.);
#8235 = EDGE_LOOP('',(#8236,#8237,#8242,#8243));
#8236 = ORIENTED_EDGE('',*,*,#219,.T.);
#8237 = ORIENTED_EDGE('',*,*,#8238,.F.);
#8238 = EDGE_CURVE('',#7949,#213,#8239,.T.);
#8239 = B_SPLINE_CURVE_WITH_KNOTS('',1,(#8240,#8241),.UNSPECIFIED.,.F.,
  .F.,(2,2),(-0.,9.999999999977E-05),.PIECEWISE_BEZIER_KNOTS.);
#8240 = CARTESIAN_POINT('',(6.20005,-0.803556327753,4.759561441344));
#8241 = CARTESIAN_POINT('',(6.19995,-0.803556327753,4.759561441344));
#8242 = ORIENTED_EDGE('',*,*,#7948,.F.);
#8243 = ORIENTED_EDGE('',*,*,#8219,.T.);
#8244 = B_SPLINE_SURFACE_WITH_KNOTS('',1,1,(
    (#8245,#8246)
    ,(#8247,#8248
    )),.UNSPECIFIED.,.F.,.F.,.F.,(2,2),(2,2),(-9.999999999977E-05,0.),(
    -1.013763968291E-03,0.),.PIECEWISE_BEZIER_KNOTS.);
#8245 = CARTESIAN_POINT('',(6.19995,-0.804570091721,4.759561441344));
#8246 = CARTESIAN_POINT('',(6.19995,-0.803556327753,4.759561441344));
#8247 = CARTESIAN_POINT('',(6.20005,-0.804570091721,4.759561441344));
#8248 = CARTESIAN_POINT('',(6.20005,-0.803556327753,4.759561441344));
#8249 = ADVANCED_FACE('',(#8250),#8260,.F.);
#8250 = FACE_BOUND('',#8251,.T.);
#8251 = EDGE_LOOP('',(#8252,#8253,#8258,#8259));
#8252 = ORIENTED_EDGE('',*,*,#212,.T.);
#8253 = ORIENTED_EDGE('',*,*,#8254,.F.);
#8254 = EDGE_CURVE('',#7956,#206,#8255,.T.);
#8255 = B_SPLINE_CURVE_WITH_KNOTS('',1,(#8256,#8257),.UNSPECIFIED.,.F.,
  .F.,(2,2),(-0.,9.999999999977E-05),.PIECEWISE_BEZIER_KNOTS.);
#8256 = CARTESIAN_POINT('',(6.20005,-0.803556327753,4.725873284856));
#8257 = CARTESIAN_POINT('',(6.19995,-0.803556327753,4.725873284856));
#8258 = ORIENTED_EDGE('',*,*,#7955,.F.);
#8259 = ORIENTED_EDGE('',*,*,#8238,.T.);
#8260 = B_SPLINE_SURFACE_WITH_KNOTS('',1,1,(
    (#8261,#8262)
    ,(#8263,#8264
    )),.UNSPECIFIED.,.F.,.F.,.F.,(2,2),(2,2),(-2.22044604925E-16,
    3.368815648771E-02),(-9.999999999977E-05,0.),
  .PIECEWISE_BEZIER_KNOTS.);
#8261 = CARTESIAN_POINT('',(6.19995,-0.803556327753,4.725873284856));
#8262 = CARTESIAN_POINT('',(6.20005,-0.803556327753,4.725873284856));
#8263 = CARTESIAN_POINT('',(6.19995,-0.803556327753,4.759561441344));
#8264 = CARTESIAN_POINT('',(6.20005,-0.803556327753,4.759561441344));
#8265 = ADVANCED_FACE('',(#8266),#8276,.F.);
#8266 = FACE_BOUND('',#8267,.T.);
#8267 = EDGE_LOOP('',(#8268,#8269,#8274,#8275));
#8268 = ORIENTED_EDGE('',*,*,#205,.T.);
#8269 = ORIENTED_EDGE('',*,*,#8270,.F.);
#8270 = EDGE_CURVE('',#7963,#199,#8271,.T.);
#8271 = B_SPLINE_CURVE_WITH_KNOTS('',1,(#8272,#8273),.UNSPECIFIED.,.F.,
  .F.,(2,2),(-0.,9.999999999977E-05),.PIECEWISE_BEZIER_KNOTS.);
#8272 = CARTESIAN_POINT('',(6.20005,-0.765345224328,4.725873284856));
#8273 = CARTESIAN_POINT('',(6.19995,-0.765345224328,4.725873284856));
#8274 = ORIENTED_EDGE('',*,*,#7962,.F.);
#8275 = ORIENTED_EDGE('',*,*,#8254,.T.);
#8276 = B_SPLINE_SURFACE_WITH_KNOTS('',1,1,(
    (#8277,#8278)
    ,(#8279,#8280
    )),.UNSPECIFIED.,.F.,.F.,.F.,(2,2),(2,2),(0.,3.821110342477E-02),(
    -9.999999999977E-05,0.),.PIECEWISE_BEZIER_KNOTS.);
#8277 = CARTESIAN_POINT('',(6.19995,-0.765345224328,4.725873284856));
#8278 = CARTESIAN_POINT('',(6.20005,-0.765345224328,4.725873284856));
#8279 = CARTESIAN_POINT('',(6.19995,-0.803556327753,4.725873284856));
#8280 = CARTESIAN_POINT('',(6.20005,-0.803556327753,4.725873284856));
#8281 = ADVANCED_FACE('',(#8282),#8292,.F.);
#8282 = FACE_BOUND('',#8283,.T.);
#8283 = EDGE_LOOP('',(#8284,#8285,#8290,#8291));
#8284 = ORIENTED_EDGE('',*,*,#198,.T.);
#8285 = ORIENTED_EDGE('',*,*,#8286,.F.);
#8286 = EDGE_CURVE('',#7970,#190,#8287,.T.);
#8287 = B_SPLINE_CURVE_WITH_KNOTS('',1,(#8288,#8289),.UNSPECIFIED.,.F.,
  .F.,(2,2),(-0.,9.999999999977E-05),.PIECEWISE_BEZIER_KNOTS.);
#8288 = CARTESIAN_POINT('',(6.20005,-0.765345224328,4.86608463987));
#8289 = CARTESIAN_POINT('',(6.19995,-0.765345224328,4.86608463987));
#8290 = ORIENTED_EDGE('',*,*,#7969,.F.);
#8291 = ORIENTED_EDGE('',*,*,#8270,.T.);
#8292 = B_SPLINE_SURFACE_WITH_KNOTS('',1,1,(
    (#8293,#8294)
    ,(#8295,#8296
    )),.UNSPECIFIED.,.F.,.F.,.F.,(2,2),(2,2),(0.,0.140211355014),(
    -9.999999999977E-05,0.),.PIECEWISE_BEZIER_KNOTS.);
#8293 = CARTESIAN_POINT('',(6.19995,-0.765345224328,4.86608463987));
#8294 = CARTESIAN_POINT('',(6.20005,-0.765345224328,4.86608463987));
#8295 = CARTESIAN_POINT('',(6.19995,-0.765345224328,4.725873284856));
#8296 = CARTESIAN_POINT('',(6.20005,-0.765345224328,4.725873284856));
#8297 = ADVANCED_FACE('',(#8298),#8304,.F.);
#8298 = FACE_BOUND('',#8299,.F.);
#8299 = EDGE_LOOP('',(#8300,#8301,#8302,#8303));
#8300 = ORIENTED_EDGE('',*,*,#8286,.F.);
#8301 = ORIENTED_EDGE('',*,*,#7976,.T.);
#8302 = ORIENTED_EDGE('',*,*,#8061,.T.);
#8303 = ORIENTED_EDGE('',*,*,#189,.F.);
#8304 = B_SPLINE_SURFACE_WITH_KNOTS('',3,1,(
    (#8305,#8306)
    ,(#8307,#8308)
    ,(#8309,#8310)
    ,(#8311,#8312
    )),.UNSPECIFIED.,.F.,.F.,.F.,(4,4),(2,2),(1.,2.),(0.,1.),
  .PIECEWISE_BEZIER_KNOTS.);
#8305 = CARTESIAN_POINT('',(6.20005,-0.765345224328,4.86608463987));
#8306 = CARTESIAN_POINT('',(6.19995,-0.765345224328,4.86608463987));
#8307 = CARTESIAN_POINT('',(6.20005,-0.765345224328,4.921295785227));
#8308 = CARTESIAN_POINT('',(6.19995,-0.765345224328,4.921295785227));
#8309 = CARTESIAN_POINT('',(6.20005,-0.791625105663,4.948745394218));
#8310 = CARTESIAN_POINT('',(6.19995,-0.791625105663,4.948745394218));
#8311 = CARTESIAN_POINT('',(6.20005,-0.844106886488,4.948745394218));
#8312 = CARTESIAN_POINT('',(6.19995,-0.844106886488,4.948745394218));
#8313 = ADVANCED_FACE('',(#8314),#8338,.T.);
#8314 = FACE_BOUND('',#8315,.T.);
#8315 = EDGE_LOOP('',(#8316,#8327,#8332,#8333));
#8316 = ORIENTED_EDGE('',*,*,#8317,.F.);
#8317 = EDGE_CURVE('',#8318,#8320,#8322,.T.);
#8318 = VERTEX_POINT('',#8319);
#8319 = CARTESIAN_POINT('',(6.19995,-0.854556453548,4.828341427509));
#8320 = VERTEX_POINT('',#8321);
#8321 = CARTESIAN_POINT('',(6.19995,-0.891519847473,4.814928550387));
#8322 = B_SPLINE_CURVE_WITH_KNOTS('',3,(#8323,#8324,#8325,#8326),
  .UNSPECIFIED.,.F.,.F.,(4,4),(0.,1.),.PIECEWISE_BEZIER_KNOTS.);
#8323 = CARTESIAN_POINT('',(6.19995,-0.854556453548,4.828341427509));
#8324 = CARTESIAN_POINT('',(6.19995,-0.87241429576,4.825846008508));
#8325 = CARTESIAN_POINT('',(6.19995,-0.884735427069,4.82147902526));
#8326 = CARTESIAN_POINT('',(6.19995,-0.891519847473,4.814928550387));
#8327 = ORIENTED_EDGE('',*,*,#8328,.F.);
#8328 = EDGE_CURVE('',#7997,#8318,#8329,.T.);
#8329 = B_SPLINE_CURVE_WITH_KNOTS('',1,(#8330,#8331),.UNSPECIFIED.,.F.,
  .F.,(2,2),(-0.,9.999999999977E-05),.PIECEWISE_BEZIER_KNOTS.);
#8330 = CARTESIAN_POINT('',(6.20005,-0.854556453548,4.828341427509));
#8331 = CARTESIAN_POINT('',(6.19995,-0.854556453548,4.828341427509));
#8332 = ORIENTED_EDGE('',*,*,#7996,.T.);
#8333 = ORIENTED_EDGE('',*,*,#8334,.T.);
#8334 = EDGE_CURVE('',#7986,#8320,#8335,.T.);
#8335 = B_SPLINE_CURVE_WITH_KNOTS('',1,(#8336,#8337),.UNSPECIFIED.,.F.,
  .F.,(2,2),(-0.,9.999999999977E-05),.PIECEWISE_BEZIER_KNOTS.);
#8336 = CARTESIAN_POINT('',(6.20005,-0.891519847473,4.814928550387));
#8337 = CARTESIAN_POINT('',(6.19995,-0.891519847473,4.814928550387));
#8338 = B_SPLINE_SURFACE_WITH_KNOTS('',3,1,(
    (#8339,#8340)
    ,(#8341,#8342)
    ,(#8343,#8344)
    ,(#8345,#8346
    )),.UNSPECIFIED.,.F.,.F.,.F.,(4,4),(2,2),(0.,1.),(0.,1.),
  .PIECEWISE_BEZIER_KNOTS.);
#8339 = CARTESIAN_POINT('',(6.20005,-0.854556453548,4.828341427509));
#8340 = CARTESIAN_POINT('',(6.19995,-0.854556453548,4.828341427509));
#8341 = CARTESIAN_POINT('',(6.20005,-0.87241429576,4.825846008508));
#8342 = CARTESIAN_POINT('',(6.19995,-0.87241429576,4.825846008508));
#8343 = CARTESIAN_POINT('',(6.20005,-0.884735427069,4.82147902526));
#8344 = CARTESIAN_POINT('',(6.19995,-0.884735427069,4.82147902526));
#8345 = CARTESIAN_POINT('',(6.20005,-0.891519847473,4.814928550387));
#8346 = CARTESIAN_POINT('',(6.19995,-0.891519847473,4.814928550387));
#8347 = ADVANCED_FACE('',(#8348),#8366,.T.);
#8348 = FACE_BOUND('',#8349,.T.);
#8349 = EDGE_LOOP('',(#8350,#8359,#8360,#8361));
#8350 = ORIENTED_EDGE('',*,*,#8351,.F.);
#8351 = EDGE_CURVE('',#8320,#8352,#8354,.T.);
#8352 = VERTEX_POINT('',#8353);
#8353 = CARTESIAN_POINT('',(6.19995,-0.901657487157,4.787322977709));
#8354 = B_SPLINE_CURVE_WITH_KNOTS('',3,(#8355,#8356,#8357,#8358),
  .UNSPECIFIED.,.F.,.F.,(4,4),(1.,2.),.PIECEWISE_BEZIER_KNOTS.);
#8355 = CARTESIAN_POINT('',(6.19995,-0.891519847473,4.814928550387));
#8356 = CARTESIAN_POINT('',(6.19995,-0.898226286033,4.808378075515));
#8357 = CARTESIAN_POINT('',(6.19995,-0.901657487157,4.799176217956));
#8358 = CARTESIAN_POINT('',(6.19995,-0.901657487157,4.787322977709));
#8359 = ORIENTED_EDGE('',*,*,#8334,.F.);
#8360 = ORIENTED_EDGE('',*,*,#7985,.T.);
#8361 = ORIENTED_EDGE('',*,*,#8362,.T.);
#8362 = EDGE_CURVE('',#7988,#8352,#8363,.T.);
#8363 = B_SPLINE_CURVE_WITH_KNOTS('',1,(#8364,#8365),.UNSPECIFIED.,.F.,
  .F.,(2,2),(-0.,9.999999999977E-05),.PIECEWISE_BEZIER_KNOTS.);
#8364 = CARTESIAN_POINT('',(6.20005,-0.901657487157,4.787322977709));
#8365 = CARTESIAN_POINT('',(6.19995,-0.901657487157,4.787322977709));
#8366 = B_SPLINE_SURFACE_WITH_KNOTS('',3,1,(
    (#8367,#8368)
    ,(#8369,#8370)
    ,(#8371,#8372)
    ,(#8373,#8374
    )),.UNSPECIFIED.,.F.,.F.,.F.,(4,4),(2,2),(1.,2.),(0.,1.),
  .PIECEWISE_BEZIER_KNOTS.);
#8367 = CARTESIAN_POINT('',(6.20005,-0.891519847473,4.814928550387));
#8368 = CARTESIAN_POINT('',(6.19995,-0.891519847473,4.814928550387));
#8369 = CARTESIAN_POINT('',(6.20005,-0.898226286033,4.808378075515));
#8370 = CARTESIAN_POINT('',(6.19995,-0.898226286033,4.808378075515));
#8371 = CARTESIAN_POINT('',(6.20005,-0.901657487157,4.799176217956));
#8372 = CARTESIAN_POINT('',(6.19995,-0.901657487157,4.799176217956));
#8373 = CARTESIAN_POINT('',(6.20005,-0.901657487157,4.787322977709));
#8374 = CARTESIAN_POINT('',(6.19995,-0.901657487157,4.787322977709));
#8375 = ADVANCED_FACE('',(#8376),#8394,.T.);
#8376 = FACE_BOUND('',#8377,.T.);
#8377 = EDGE_LOOP('',(#8378,#8387,#8388,#8389));
#8378 = ORIENTED_EDGE('',*,*,#8379,.F.);
#8379 = EDGE_CURVE('',#8352,#8380,#8382,.T.);
#8380 = VERTEX_POINT('',#8381);
#8381 = CARTESIAN_POINT('',(6.19995,-0.890584065348,4.761900896655));
#8382 = B_SPLINE_CURVE_WITH_KNOTS('',3,(#8383,#8384,#8385,#8386),
  .UNSPECIFIED.,.F.,.F.,(4,4),(2.,3.),.PIECEWISE_BEZIER_KNOTS.);
#8383 = CARTESIAN_POINT('',(6.19995,-0.901657487157,4.787322977709));
#8384 = CARTESIAN_POINT('',(6.19995,-0.901657487157,4.776873410651));
#8385 = CARTESIAN_POINT('',(6.19995,-0.897992340502,4.768451371528));
#8386 = CARTESIAN_POINT('',(6.19995,-0.890584065348,4.761900896655));
#8387 = ORIENTED_EDGE('',*,*,#8362,.F.);
#8388 = ORIENTED_EDGE('',*,*,#8046,.T.);
#8389 = ORIENTED_EDGE('',*,*,#8390,.T.);
#8390 = EDGE_CURVE('',#8038,#8380,#8391,.T.);
#8391 = B_SPLINE_CURVE_WITH_KNOTS('',1,(#8392,#8393),.UNSPECIFIED.,.F.,
  .F.,(2,2),(-0.,9.999999999977E-05),.PIECEWISE_BEZIER_KNOTS.);
#8392 = CARTESIAN_POINT('',(6.20005,-0.890584065348,4.761900896655));
#8393 = CARTESIAN_POINT('',(6.19995,-0.890584065348,4.761900896655));
#8394 = B_SPLINE_SURFACE_WITH_KNOTS('',3,1,(
    (#8395,#8396)
    ,(#8397,#8398)
    ,(#8399,#8400)
    ,(#8401,#8402
    )),.UNSPECIFIED.,.F.,.F.,.F.,(4,4),(2,2),(2.,3.),(0.,1.),
  .PIECEWISE_BEZIER_KNOTS.);
#8395 = CARTESIAN_POINT('',(6.20005,-0.901657487157,4.787322977709));
#8396 = CARTESIAN_POINT('',(6.19995,-0.901657487157,4.787322977709));
#8397 = CARTESIAN_POINT('',(6.20005,-0.901657487157,4.776873410651));
#8398 = CARTESIAN_POINT('',(6.19995,-0.901657487157,4.776873410651));
#8399 = CARTESIAN_POINT('',(6.20005,-0.897992340502,4.768451371528));
#8400 = CARTESIAN_POINT('',(6.19995,-0.897992340502,4.768451371528));
#8401 = CARTESIAN_POINT('',(6.20005,-0.890584065348,4.761900896655));
#8402 = CARTESIAN_POINT('',(6.19995,-0.890584065348,4.761900896655));
#8403 = ADVANCED_FACE('',(#8404),#8422,.T.);
#8404 = FACE_BOUND('',#8405,.T.);
#8405 = EDGE_LOOP('',(#8406,#8415,#8416,#8417));
#8406 = ORIENTED_EDGE('',*,*,#8407,.F.);
#8407 = EDGE_CURVE('',#8380,#8408,#8410,.T.);
#8408 = VERTEX_POINT('',#8409);
#8409 = CARTESIAN_POINT('',(6.19995,-0.861418855795,4.752075184346));
#8410 = B_SPLINE_CURVE_WITH_KNOTS('',3,(#8411,#8412,#8413,#8414),
  .UNSPECIFIED.,.F.,.F.,(4,4),(3.,4.),.PIECEWISE_BEZIER_KNOTS.);
#8411 = CARTESIAN_POINT('',(6.19995,-0.890584065348,4.761900896655));
#8412 = CARTESIAN_POINT('',(6.19995,-0.883253772038,4.755350421783));
#8413 = CARTESIAN_POINT('',(6.19995,-0.873506041573,4.752075184346));
#8414 = CARTESIAN_POINT('',(6.19995,-0.861418855795,4.752075184346));
#8415 = ORIENTED_EDGE('',*,*,#8390,.F.);
#8416 = ORIENTED_EDGE('',*,*,#8037,.T.);
#8417 = ORIENTED_EDGE('',*,*,#8418,.T.);
#8418 = EDGE_CURVE('',#8029,#8408,#8419,.T.);
#8419 = B_SPLINE_CURVE_WITH_KNOTS('',1,(#8420,#8421),.UNSPECIFIED.,.F.,
  .F.,(2,2),(-0.,9.999999999977E-05),.PIECEWISE_BEZIER_KNOTS.);
#8420 = CARTESIAN_POINT('',(6.20005,-0.861418855795,4.752075184346));
#8421 = CARTESIAN_POINT('',(6.19995,-0.861418855795,4.752075184346));
#8422 = B_SPLINE_SURFACE_WITH_KNOTS('',3,1,(
    (#8423,#8424)
    ,(#8425,#8426)
    ,(#8427,#8428)
    ,(#8429,#8430
    )),.UNSPECIFIED.,.F.,.F.,.F.,(4,4),(2,2),(3.,4.),(0.,1.),
  .PIECEWISE_BEZIER_KNOTS.);
#8423 = CARTESIAN_POINT('',(6.20005,-0.890584065348,4.761900896655));
#8424 = CARTESIAN_POINT('',(6.19995,-0.890584065348,4.761900896655));
#8425 = CARTESIAN_POINT('',(6.20005,-0.883253772038,4.755350421783));
#8426 = CARTESIAN_POINT('',(6.19995,-0.883253772038,4.755350421783));
#8427 = CARTESIAN_POINT('',(6.20005,-0.873506041573,4.752075184346));
#8428 = CARTESIAN_POINT('',(6.19995,-0.873506041573,4.752075184346));
#8429 = CARTESIAN_POINT('',(6.20005,-0.861418855795,4.752075184346));
#8430 = CARTESIAN_POINT('',(6.19995,-0.861418855795,4.752075184346));
#8431 = ADVANCED_FACE('',(#8432),#8450,.T.);
#8432 = FACE_BOUND('',#8433,.T.);
#8433 = EDGE_LOOP('',(#8434,#8443,#8444,#8445));
#8434 = ORIENTED_EDGE('',*,*,#8435,.F.);
#8435 = EDGE_CURVE('',#8408,#8436,#8438,.T.);
#8436 = VERTEX_POINT('',#8437);
#8437 = CARTESIAN_POINT('',(6.19995,-0.819932514935,4.769855044716));
#8438 = B_SPLINE_CURVE_WITH_KNOTS('',3,(#8439,#8440,#8441,#8442),
  .UNSPECIFIED.,.F.,.F.,(4,4),(4.,5.),.PIECEWISE_BEZIER_KNOTS.);
#8439 = CARTESIAN_POINT('',(6.19995,-0.861418855795,4.752075184346));
#8440 = CARTESIAN_POINT('',(6.19995,-0.844652759395,4.752075184346));
#8441 = CARTESIAN_POINT('',(6.19995,-0.830771991212,4.758001804469));
#8442 = CARTESIAN_POINT('',(6.19995,-0.819932514935,4.769855044716));
#8443 = ORIENTED_EDGE('',*,*,#8418,.F.);
#8444 = ORIENTED_EDGE('',*,*,#8028,.T.);
#8445 = ORIENTED_EDGE('',*,*,#8446,.T.);
#8446 = EDGE_CURVE('',#8020,#8436,#8447,.T.);
#8447 = B_SPLINE_CURVE_WITH_KNOTS('',1,(#8448,#8449),.UNSPECIFIED.,.F.,
  .F.,(2,2),(-0.,9.999999999977E-05),.PIECEWISE_BEZIER_KNOTS.);
#8448 = CARTESIAN_POINT('',(6.20005,-0.819932514935,4.769855044716));
#8449 = CARTESIAN_POINT('',(6.19995,-0.819932514935,4.769855044716));
#8450 = B_SPLINE_SURFACE_WITH_KNOTS('',3,1,(
    (#8451,#8452)
    ,(#8453,#8454)
    ,(#8455,#8456)
    ,(#8457,#8458
    )),.UNSPECIFIED.,.F.,.F.,.F.,(4,4),(2,2),(4.,5.),(0.,1.),
  .PIECEWISE_BEZIER_KNOTS.);
#8451 = CARTESIAN_POINT('',(6.20005,-0.861418855795,4.752075184346));
#8452 = CARTESIAN_POINT('',(6.19995,-0.861418855795,4.752075184346));
#8453 = CARTESIAN_POINT('',(6.20005,-0.844652759395,4.752075184346));
#8454 = CARTESIAN_POINT('',(6.19995,-0.844652759395,4.752075184346));
#8455 = CARTESIAN_POINT('',(6.20005,-0.830771991212,4.758001804469));
#8456 = CARTESIAN_POINT('',(6.19995,-0.830771991212,4.758001804469));
#8457 = CARTESIAN_POINT('',(6.20005,-0.819932514935,4.769855044716));
#8458 = CARTESIAN_POINT('',(6.19995,-0.819932514935,4.769855044716));
#8459 = ADVANCED_FACE('',(#8460),#8478,.T.);
#8460 = FACE_BOUND('',#8461,.T.);
#8461 = EDGE_LOOP('',(#8462,#8471,#8472,#8473));
#8462 = ORIENTED_EDGE('',*,*,#8463,.F.);
#8463 = EDGE_CURVE('',#8436,#8464,#8466,.T.);
#8464 = VERTEX_POINT('',#8465);
#8465 = CARTESIAN_POINT('',(6.19995,-0.803556327753,4.814304695638));
#8466 = B_SPLINE_CURVE_WITH_KNOTS('',3,(#8467,#8468,#8469,#8470),
  .UNSPECIFIED.,.F.,.F.,(4,4),(5.,6.),.PIECEWISE_BEZIER_KNOTS.);
#8467 = CARTESIAN_POINT('',(6.19995,-0.819932514935,4.769855044716));
#8468 = CARTESIAN_POINT('',(6.19995,-0.809015056813,4.781552321274));
#8469 = CARTESIAN_POINT('',(6.19995,-0.803556327753,4.796368871581));
#8470 = CARTESIAN_POINT('',(6.19995,-0.803556327753,4.814304695638));
#8471 = ORIENTED_EDGE('',*,*,#8446,.F.);
#8472 = ORIENTED_EDGE('',*,*,#8019,.T.);
#8473 = ORIENTED_EDGE('',*,*,#8474,.T.);
#8474 = EDGE_CURVE('',#8013,#8464,#8475,.T.);
#8475 = B_SPLINE_CURVE_WITH_KNOTS('',1,(#8476,#8477),.UNSPECIFIED.,.F.,
  .F.,(2,2),(-0.,9.999999999977E-05),.PIECEWISE_BEZIER_KNOTS.);
#8476 = CARTESIAN_POINT('',(6.20005,-0.803556327753,4.814304695638));
#8477 = CARTESIAN_POINT('',(6.19995,-0.803556327753,4.814304695638));
#8478 = B_SPLINE_SURFACE_WITH_KNOTS('',3,1,(
    (#8479,#8480)
    ,(#8481,#8482)
    ,(#8483,#8484)
    ,(#8485,#8486
    )),.UNSPECIFIED.,.F.,.F.,.F.,(4,4),(2,2),(5.,6.),(0.,1.),
  .PIECEWISE_BEZIER_KNOTS.);
#8479 = CARTESIAN_POINT('',(6.20005,-0.819932514935,4.769855044716));
#8480 = CARTESIAN_POINT('',(6.19995,-0.819932514935,4.769855044716));
#8481 = CARTESIAN_POINT('',(6.20005,-0.809015056813,4.781552321274));
#8482 = CARTESIAN_POINT('',(6.19995,-0.809015056813,4.781552321274));
#8483 = CARTESIAN_POINT('',(6.20005,-0.803556327753,4.796368871581));
#8484 = CARTESIAN_POINT('',(6.19995,-0.803556327753,4.796368871581));
#8485 = CARTESIAN_POINT('',(6.20005,-0.803556327753,4.814304695638));
#8486 = CARTESIAN_POINT('',(6.19995,-0.803556327753,4.814304695638));
#8487 = ADVANCED_FACE('',(#8488),#8504,.T.);
#8488 = FACE_BOUND('',#8489,.T.);
#8489 = EDGE_LOOP('',(#8490,#8497,#8498,#8499));
#8490 = ORIENTED_EDGE('',*,*,#8491,.F.);
#8491 = EDGE_CURVE('',#8464,#8492,#8494,.T.);
#8492 = VERTEX_POINT('',#8493);
#8493 = CARTESIAN_POINT('',(6.19995,-0.803556327753,4.835203829757));
#8494 = B_SPLINE_CURVE_WITH_KNOTS('',1,(#8495,#8496),.UNSPECIFIED.,.F.,
  .F.,(2,2),(0.,2.08991341191E-02),.PIECEWISE_BEZIER_KNOTS.);
#8495 = CARTESIAN_POINT('',(6.19995,-0.803556327753,4.814304695638));
#8496 = CARTESIAN_POINT('',(6.19995,-0.803556327753,4.835203829757));
#8497 = ORIENTED_EDGE('',*,*,#8474,.F.);
#8498 = ORIENTED_EDGE('',*,*,#8012,.T.);
#8499 = ORIENTED_EDGE('',*,*,#8500,.T.);
#8500 = EDGE_CURVE('',#8006,#8492,#8501,.T.);
#8501 = B_SPLINE_CURVE_WITH_KNOTS('',1,(#8502,#8503),.UNSPECIFIED.,.F.,
  .F.,(2,2),(8.881784197001E-16,9.999999999977E-05),
  .PIECEWISE_BEZIER_KNOTS.);
#8502 = CARTESIAN_POINT('',(6.20005,-0.803556327753,4.835203829757));
#8503 = CARTESIAN_POINT('',(6.19995,-0.803556327753,4.835203829757));
#8504 = B_SPLINE_SURFACE_WITH_KNOTS('',1,1,(
    (#8505,#8506)
    ,(#8507,#8508
    )),.UNSPECIFIED.,.F.,.F.,.F.,(2,2),(2,2),(-2.08991341191E-02,0.),(
    -9.999999999977E-05,0.),.PIECEWISE_BEZIER_KNOTS.);
#8505 = CARTESIAN_POINT('',(6.19995,-0.803556327753,4.835203829757));
#8506 = CARTESIAN_POINT('',(6.20005,-0.803556327753,4.835203829757));
#8507 = CARTESIAN_POINT('',(6.19995,-0.803556327753,4.814304695638));
#8508 = CARTESIAN_POINT('',(6.20005,-0.803556327753,4.814304695638));
#8509 = ADVANCED_FACE('',(#8510),#8520,.T.);
#8510 = FACE_BOUND('',#8511,.T.);
#8511 = EDGE_LOOP('',(#8512,#8517,#8518,#8519));
#8512 = ORIENTED_EDGE('',*,*,#8513,.F.);
#8513 = EDGE_CURVE('',#8492,#8318,#8514,.T.);
#8514 = B_SPLINE_CURVE_WITH_KNOTS('',1,(#8515,#8516),.UNSPECIFIED.,.F.,
  .F.,(2,2),(0.,5.145974539159E-02),.PIECEWISE_BEZIER_KNOTS.);
#8515 = CARTESIAN_POINT('',(6.19995,-0.803556327753,4.835203829757));
#8516 = CARTESIAN_POINT('',(6.19995,-0.854556453548,4.828341427509));
#8517 = ORIENTED_EDGE('',*,*,#8500,.F.);
#8518 = ORIENTED_EDGE('',*,*,#8005,.T.);
#8519 = ORIENTED_EDGE('',*,*,#8328,.T.);
#8520 = B_SPLINE_SURFACE_WITH_KNOTS('',1,1,(
    (#8521,#8522)
    ,(#8523,#8524
    )),.UNSPECIFIED.,.F.,.F.,.F.,(2,2),(2,2),(-5.145974539159E-02,0.),(
    -9.999999999977E-05,0.),.PIECEWISE_BEZIER_KNOTS.);
#8521 = CARTESIAN_POINT('',(6.19995,-0.854556453548,4.828341427509));
#8522 = CARTESIAN_POINT('',(6.20005,-0.854556453548,4.828341427509));
#8523 = CARTESIAN_POINT('',(6.19995,-0.803556327753,4.835203829757));
#8524 = CARTESIAN_POINT('',(6.20005,-0.803556327753,4.835203829757));
#8525 = ADVANCED_FACE('',(#8526),#8536,.F.);
#8526 = FACE_BOUND('',#8527,.T.);
#8527 = EDGE_LOOP('',(#8528,#8529,#8530,#8531,#8532,#8533,#8534,#8535));
#8528 = ORIENTED_EDGE('',*,*,#8513,.T.);
#8529 = ORIENTED_EDGE('',*,*,#8317,.T.);
#8530 = ORIENTED_EDGE('',*,*,#8351,.T.);
#8531 = ORIENTED_EDGE('',*,*,#8379,.T.);
#8532 = ORIENTED_EDGE('',*,*,#8407,.T.);
#8533 = ORIENTED_EDGE('',*,*,#8435,.T.);
#8534 = ORIENTED_EDGE('',*,*,#8463,.T.);
#8535 = ORIENTED_EDGE('',*,*,#8491,.T.);
#8536 = B_SPLINE_SURFACE_WITH_KNOTS('',1,1,(
    (#8537,#8538)
    ,(#8539,#8540
    )),.UNSPECIFIED.,.F.,.F.,.F.,(2,2),(2,2),(-4.747924915654,
    -4.664796270243),(4.848342512843,4.946443672247),
  .PIECEWISE_BEZIER_KNOTS.);
#8537 = CARTESIAN_POINT('',(6.19995,-0.901657487157,4.752075184346));
#8538 = CARTESIAN_POINT('',(6.19995,-0.803556327753,4.752075184346));
#8539 = CARTESIAN_POINT('',(6.19995,-0.901657487157,4.835203829757));
#8540 = CARTESIAN_POINT('',(6.19995,-0.803556327753,4.835203829757));
#8541 = ADVANCED_FACE('',(#8542),#8566,.F.);
#8542 = FACE_BOUND('',#8543,.F.);
#8543 = EDGE_LOOP('',(#8544,#8551,#8560,#8565));
#8544 = ORIENTED_EDGE('',*,*,#8545,.F.);
#8545 = EDGE_CURVE('',#8546,#832,#8548,.T.);
#8546 = VERTEX_POINT('',#8547);
#8547 = CARTESIAN_POINT('',(6.20005,-0.650711914054,4.751919220659));
#8548 = B_SPLINE_CURVE_WITH_KNOTS('',1,(#8549,#8550),.UNSPECIFIED.,.F.,
  .F.,(2,2),(-0.,9.999999999977E-05),.PIECEWISE_BEZIER_KNOTS.);
#8549 = CARTESIAN_POINT('',(6.20005,-0.650711914054,4.751919220659));
#8550 = CARTESIAN_POINT('',(6.19995,-0.650711914054,4.751919220659));
#8551 = ORIENTED_EDGE('',*,*,#8552,.T.);
#8552 = EDGE_CURVE('',#8546,#8553,#8555,.T.);
#8553 = VERTEX_POINT('',#8554);
#8554 = CARTESIAN_POINT('',(6.20005,-0.713565280095,4.772974318463));
#8555 = B_SPLINE_CURVE_WITH_KNOTS('',3,(#8556,#8557,#8558,#8559),
  .UNSPECIFIED.,.F.,.F.,(4,4),(0.,1.),.PIECEWISE_BEZIER_KNOTS.);
#8556 = CARTESIAN_POINT('',(6.20005,-0.650711914054,4.751919220659));
#8557 = CARTESIAN_POINT('',(6.20005,-0.673170685046,4.751919220659));
#8558 = CARTESIAN_POINT('',(6.20005,-0.694069819164,4.758937586595));
#8559 = CARTESIAN_POINT('',(6.20005,-0.713565280095,4.772974318463));
#8560 = ORIENTED_EDGE('',*,*,#8561,.T.);
#8561 = EDGE_CURVE('',#8553,#834,#8562,.T.);
#8562 = B_SPLINE_CURVE_WITH_KNOTS('',1,(#8563,#8564),.UNSPECIFIED.,.F.,
  .F.,(2,2),(-0.,9.999999999977E-05),.PIECEWISE_BEZIER_KNOTS.);
#8563 = CARTESIAN_POINT('',(6.20005,-0.713565280095,4.772974318463));
#8564 = CARTESIAN_POINT('',(6.19995,-0.713565280095,4.772974318463));
#8565 = ORIENTED_EDGE('',*,*,#831,.F.);
#8566 = B_SPLINE_SURFACE_WITH_KNOTS('',3,1,(
    (#8567,#8568)
    ,(#8569,#8570)
    ,(#8571,#8572)
    ,(#8573,#8574
    )),.UNSPECIFIED.,.F.,.F.,.F.,(4,4),(2,2),(0.,1.),(0.,1.),
  .PIECEWISE_BEZIER_KNOTS.);
#8567 = CARTESIAN_POINT('',(6.20005,-0.650711914054,4.751919220659));
#8568 = CARTESIAN_POINT('',(6.19995,-0.650711914054,4.751919220659));
#8569 = CARTESIAN_POINT('',(6.20005,-0.673170685046,4.751919220659));
#8570 = CARTESIAN_POINT('',(6.19995,-0.673170685046,4.751919220659));
#8571 = CARTESIAN_POINT('',(6.20005,-0.694069819164,4.758937586595));
#8572 = CARTESIAN_POINT('',(6.19995,-0.694069819164,4.758937586595));
#8573 = CARTESIAN_POINT('',(6.20005,-0.713565280095,4.772974318463));
#8574 = CARTESIAN_POINT('',(6.19995,-0.713565280095,4.772974318463));
#8575 = ADVANCED_FACE('',(#8576),#8592,.F.);
#8576 = FACE_BOUND('',#8577,.T.);
#8577 = EDGE_LOOP('',(#8578,#8579,#8586,#8591));
#8578 = ORIENTED_EDGE('',*,*,#1011,.T.);
#8579 = ORIENTED_EDGE('',*,*,#8580,.F.);
#8580 = EDGE_CURVE('',#8581,#1003,#8583,.T.);
#8581 = VERTEX_POINT('',#8582);
#8582 = CARTESIAN_POINT('',(6.20005,-0.713565280095,4.73351550554));
#8583 = B_SPLINE_CURVE_WITH_KNOTS('',1,(#8584,#8585),.UNSPECIFIED.,.F.,
  .F.,(2,2),(-0.,9.999999999977E-05),.PIECEWISE_BEZIER_KNOTS.);
#8584 = CARTESIAN_POINT('',(6.20005,-0.713565280095,4.73351550554));
#8585 = CARTESIAN_POINT('',(6.19995,-0.713565280095,4.73351550554));
#8586 = ORIENTED_EDGE('',*,*,#8587,.F.);
#8587 = EDGE_CURVE('',#8553,#8581,#8588,.T.);
#8588 = B_SPLINE_CURVE_WITH_KNOTS('',1,(#8589,#8590),.UNSPECIFIED.,.F.,
  .F.,(2,2),(-3.945881292292E-02,-0.),.PIECEWISE_BEZIER_KNOTS.);
#8589 = CARTESIAN_POINT('',(6.20005,-0.713565280095,4.772974318463));
#8590 = CARTESIAN_POINT('',(6.20005,-0.713565280095,4.73351550554));
#8591 = ORIENTED_EDGE('',*,*,#8561,.T.);
#8592 = B_SPLINE_SURFACE_WITH_KNOTS('',1,1,(
    (#8593,#8594)
    ,(#8595,#8596
    )),.UNSPECIFIED.,.F.,.F.,.F.,(2,2),(2,2),(0.,3.945881292292E-02),(
    -9.999999999977E-05,0.),.PIECEWISE_BEZIER_KNOTS.);
#8593 = CARTESIAN_POINT('',(6.19995,-0.713565280095,4.73351550554));
#8594 = CARTESIAN_POINT('',(6.20005,-0.713565280095,4.73351550554));
#8595 = CARTESIAN_POINT('',(6.19995,-0.713565280095,4.772974318463));
#8596 = CARTESIAN_POINT('',(6.20005,-0.713565280095,4.772974318463));
#8597 = ADVANCED_FACE('',(#8598),#8616,.F.);
#8598 = FACE_BOUND('',#8599,.F.);
#8599 = EDGE_LOOP('',(#8600,#8601,#8610,#8615));
#8600 = ORIENTED_EDGE('',*,*,#8580,.F.);
#8601 = ORIENTED_EDGE('',*,*,#8602,.T.);
#8602 = EDGE_CURVE('',#8581,#8603,#8605,.T.);
#8603 = VERTEX_POINT('',#8604);
#8604 = CARTESIAN_POINT('',(6.20005,-0.654455042552,4.72072648317));
#8605 = B_SPLINE_CURVE_WITH_KNOTS('',3,(#8606,#8607,#8608,#8609),
  .UNSPECIFIED.,.F.,.F.,(4,4),(19.,20.),.PIECEWISE_BEZIER_KNOTS.);
#8606 = CARTESIAN_POINT('',(6.20005,-0.713565280095,4.73351550554));
#8607 = CARTESIAN_POINT('',(6.20005,-0.696721201851,4.725093466417));
#8608 = CARTESIAN_POINT('',(6.20005,-0.677069777232,4.72072648317));
#8609 = CARTESIAN_POINT('',(6.20005,-0.654455042552,4.72072648317));
#8610 = ORIENTED_EDGE('',*,*,#8611,.T.);
#8611 = EDGE_CURVE('',#8603,#994,#8612,.T.);
#8612 = B_SPLINE_CURVE_WITH_KNOTS('',1,(#8613,#8614),.UNSPECIFIED.,.F.,
  .F.,(2,2),(-0.,9.999999999888E-05),.PIECEWISE_BEZIER_KNOTS.);
#8613 = CARTESIAN_POINT('',(6.20005,-0.654455042552,4.72072648317));
#8614 = CARTESIAN_POINT('',(6.19995,-0.654455042552,4.72072648317));
#8615 = ORIENTED_EDGE('',*,*,#1002,.F.);
#8616 = B_SPLINE_SURFACE_WITH_KNOTS('',3,1,(
    (#8617,#8618)
    ,(#8619,#8620)
    ,(#8621,#8622)
    ,(#8623,#8624
    )),.UNSPECIFIED.,.F.,.F.,.F.,(4,4),(2,2),(19.,20.),(0.,1.),
  .PIECEWISE_BEZIER_KNOTS.);
#8617 = CARTESIAN_POINT('',(6.20005,-0.713565280095,4.73351550554));
#8618 = CARTESIAN_POINT('',(6.19995,-0.713565280095,4.73351550554));
#8619 = CARTESIAN_POINT('',(6.20005,-0.696721201851,4.725093466417));
#8620 = CARTESIAN_POINT('',(6.19995,-0.696721201851,4.725093466417));
#8621 = CARTESIAN_POINT('',(6.20005,-0.677069777232,4.72072648317));
#8622 = CARTESIAN_POINT('',(6.19995,-0.677069777232,4.72072648317));
#8623 = CARTESIAN_POINT('',(6.20005,-0.654455042552,4.72072648317));
#8624 = CARTESIAN_POINT('',(6.19995,-0.654455042552,4.72072648317));
#8625 = ADVANCED_FACE('',(#8626),#8644,.F.);
#8626 = FACE_BOUND('',#8627,.F.);
#8627 = EDGE_LOOP('',(#8628,#8629,#8638,#8643));
#8628 = ORIENTED_EDGE('',*,*,#8611,.F.);
#8629 = ORIENTED_EDGE('',*,*,#8630,.T.);
#8630 = EDGE_CURVE('',#8603,#8631,#8633,.T.);
#8631 = VERTEX_POINT('',#8632);
#8632 = CARTESIAN_POINT('',(6.20005,-0.590977821762,4.738038452475));
#8633 = B_SPLINE_CURVE_WITH_KNOTS('',3,(#8634,#8635,#8636,#8637),
  .UNSPECIFIED.,.F.,.F.,(4,4),(18.,19.),.PIECEWISE_BEZIER_KNOTS.);
#8634 = CARTESIAN_POINT('',(6.20005,-0.654455042552,4.72072648317));
#8635 = CARTESIAN_POINT('',(6.20005,-0.628487088593,4.72072648317));
#8636 = CARTESIAN_POINT('',(6.20005,-0.6072760271,4.726497139605));
#8637 = CARTESIAN_POINT('',(6.20005,-0.590977821762,4.738038452475));
#8638 = ORIENTED_EDGE('',*,*,#8639,.T.);
#8639 = EDGE_CURVE('',#8631,#985,#8640,.T.);
#8640 = B_SPLINE_CURVE_WITH_KNOTS('',1,(#8641,#8642),.UNSPECIFIED.,.F.,
  .F.,(2,2),(-0.,9.999999999888E-05),.PIECEWISE_BEZIER_KNOTS.);
#8641 = CARTESIAN_POINT('',(6.20005,-0.590977821762,4.738038452475));
#8642 = CARTESIAN_POINT('',(6.19995,-0.590977821762,4.738038452475));
#8643 = ORIENTED_EDGE('',*,*,#993,.F.);
#8644 = B_SPLINE_SURFACE_WITH_KNOTS('',3,1,(
    (#8645,#8646)
    ,(#8647,#8648)
    ,(#8649,#8650)
    ,(#8651,#8652
    )),.UNSPECIFIED.,.F.,.F.,.F.,(4,4),(2,2),(18.,19.),(0.,1.),
  .PIECEWISE_BEZIER_KNOTS.);
#8645 = CARTESIAN_POINT('',(6.20005,-0.654455042552,4.72072648317));
#8646 = CARTESIAN_POINT('',(6.19995,-0.654455042552,4.72072648317));
#8647 = CARTESIAN_POINT('',(6.20005,-0.628487088593,4.72072648317));
#8648 = CARTESIAN_POINT('',(6.19995,-0.628487088593,4.72072648317));
#8649 = CARTESIAN_POINT('',(6.20005,-0.6072760271,4.726497139605));
#8650 = CARTESIAN_POINT('',(6.19995,-0.6072760271,4.726497139605));
#8651 = CARTESIAN_POINT('',(6.20005,-0.590977821762,4.738038452475));
#8652 = CARTESIAN_POINT('',(6.19995,-0.590977821762,4.738038452475));
#8653 = ADVANCED_FACE('',(#8654),#8672,.F.);
#8654 = FACE_BOUND('',#8655,.F.);
#8655 = EDGE_LOOP('',(#8656,#8657,#8666,#8671));
#8656 = ORIENTED_EDGE('',*,*,#8639,.F.);
#8657 = ORIENTED_EDGE('',*,*,#8658,.T.);
#8658 = EDGE_CURVE('',#8631,#8659,#8661,.T.);
#8659 = VERTEX_POINT('',#8660);
#8660 = CARTESIAN_POINT('',(6.20005,-0.566413540989,4.785139486085));
#8661 = B_SPLINE_CURVE_WITH_KNOTS('',3,(#8662,#8663,#8664,#8665),
  .UNSPECIFIED.,.F.,.F.,(4,4),(17.,18.),.PIECEWISE_BEZIER_KNOTS.);
#8662 = CARTESIAN_POINT('',(6.20005,-0.590977821762,4.738038452475));
#8663 = CARTESIAN_POINT('',(6.20005,-0.57460163458,4.749423801661));
#8664 = CARTESIAN_POINT('',(6.20005,-0.566413540989,4.765176134092));
#8665 = CARTESIAN_POINT('',(6.20005,-0.566413540989,4.785139486085));
#8666 = ORIENTED_EDGE('',*,*,#8667,.T.);
#8667 = EDGE_CURVE('',#8659,#976,#8668,.T.);
#8668 = B_SPLINE_CURVE_WITH_KNOTS('',1,(#8669,#8670),.UNSPECIFIED.,.F.,
  .F.,(2,2),(-0.,9.999999999888E-05),.PIECEWISE_BEZIER_KNOTS.);
#8669 = CARTESIAN_POINT('',(6.20005,-0.566413540989,4.785139486085));
#8670 = CARTESIAN_POINT('',(6.19995,-0.566413540989,4.785139486085));
#8671 = ORIENTED_EDGE('',*,*,#984,.F.);
#8672 = B_SPLINE_SURFACE_WITH_KNOTS('',3,1,(
    (#8673,#8674)
    ,(#8675,#8676)
    ,(#8677,#8678)
    ,(#8679,#8680
    )),.UNSPECIFIED.,.F.,.F.,.F.,(4,4),(2,2),(17.,18.),(0.,1.),
  .PIECEWISE_BEZIER_KNOTS.);
#8673 = CARTESIAN_POINT('',(6.20005,-0.590977821762,4.738038452475));
#8674 = CARTESIAN_POINT('',(6.19995,-0.590977821762,4.738038452475));
#8675 = CARTESIAN_POINT('',(6.20005,-0.57460163458,4.749423801661));
#8676 = CARTESIAN_POINT('',(6.19995,-0.57460163458,4.749423801661));
#8677 = CARTESIAN_POINT('',(6.20005,-0.566413540989,4.765176134092));
#8678 = CARTESIAN_POINT('',(6.19995,-0.566413540989,4.765176134092));
#8679 = CARTESIAN_POINT('',(6.20005,-0.566413540989,4.785139486085));
#8680 = CARTESIAN_POINT('',(6.19995,-0.566413540989,4.785139486085));
#8681 = ADVANCED_FACE('',(#8682),#8700,.F.);
#8682 = FACE_BOUND('',#8683,.F.);
#8683 = EDGE_LOOP('',(#8684,#8685,#8694,#8699));
#8684 = ORIENTED_EDGE('',*,*,#8667,.F.);
#8685 = ORIENTED_EDGE('',*,*,#8686,.T.);
#8686 = EDGE_CURVE('',#8659,#8687,#8689,.T.);
#8687 = VERTEX_POINT('',#8688);
#8688 = CARTESIAN_POINT('',(6.20005,-0.579202563359,4.821167097886));
#8689 = B_SPLINE_CURVE_WITH_KNOTS('',3,(#8690,#8691,#8692,#8693),
  .UNSPECIFIED.,.F.,.F.,(4,4),(16.,17.),.PIECEWISE_BEZIER_KNOTS.);
#8690 = CARTESIAN_POINT('',(6.20005,-0.566413540989,4.785139486085));
#8691 = CARTESIAN_POINT('',(6.20005,-0.566413540989,4.79948814533));
#8692 = CARTESIAN_POINT('',(6.20005,-0.570702542394,4.811497349265));
#8693 = CARTESIAN_POINT('',(6.20005,-0.579202563359,4.821167097886));
#8694 = ORIENTED_EDGE('',*,*,#8695,.T.);
#8695 = EDGE_CURVE('',#8687,#967,#8696,.T.);
#8696 = B_SPLINE_CURVE_WITH_KNOTS('',1,(#8697,#8698),.UNSPECIFIED.,.F.,
  .F.,(2,2),(-0.,9.999999999888E-05),.PIECEWISE_BEZIER_KNOTS.);
#8697 = CARTESIAN_POINT('',(6.20005,-0.579202563359,4.821167097886));
#8698 = CARTESIAN_POINT('',(6.19995,-0.579202563359,4.821167097886));
#8699 = ORIENTED_EDGE('',*,*,#975,.F.);
#8700 = B_SPLINE_SURFACE_WITH_KNOTS('',3,1,(
    (#8701,#8702)
    ,(#8703,#8704)
    ,(#8705,#8706)
    ,(#8707,#8708
    )),.UNSPECIFIED.,.F.,.F.,.F.,(4,4),(2,2),(16.,17.),(0.,1.),
  .PIECEWISE_BEZIER_KNOTS.);
#8701 = CARTESIAN_POINT('',(6.20005,-0.566413540989,4.785139486085));
#8702 = CARTESIAN_POINT('',(6.19995,-0.566413540989,4.785139486085));
#8703 = CARTESIAN_POINT('',(6.20005,-0.566413540989,4.79948814533));
#8704 = CARTESIAN_POINT('',(6.19995,-0.566413540989,4.79948814533));
#8705 = CARTESIAN_POINT('',(6.20005,-0.570702542394,4.811497349265));
#8706 = CARTESIAN_POINT('',(6.19995,-0.570702542394,4.811497349265));
#8707 = CARTESIAN_POINT('',(6.20005,-0.579202563359,4.821167097886));
#8708 = CARTESIAN_POINT('',(6.19995,-0.579202563359,4.821167097886));
#8709 = ADVANCED_FACE('',(#8710),#8728,.F.);
#8710 = FACE_BOUND('',#8711,.F.);
#8711 = EDGE_LOOP('',(#8712,#8713,#8722,#8727));
#8712 = ORIENTED_EDGE('',*,*,#8695,.F.);
#8713 = ORIENTED_EDGE('',*,*,#8714,.T.);
#8714 = EDGE_CURVE('',#8687,#8715,#8717,.T.);
#8715 = VERTEX_POINT('',#8716);
#8716 = CARTESIAN_POINT('',(6.20005,-0.628487088593,4.849396525313));
#8717 = B_SPLINE_CURVE_WITH_KNOTS('',3,(#8718,#8719,#8720,#8721),
  .UNSPECIFIED.,.F.,.F.,(4,4),(15.,16.),.PIECEWISE_BEZIER_KNOTS.);
#8718 = CARTESIAN_POINT('',(6.20005,-0.579202563359,4.821167097886));
#8719 = CARTESIAN_POINT('',(6.20005,-0.587780566168,4.830836846507));
#8720 = CARTESIAN_POINT('',(6.20005,-0.60415675335,4.840350631441));
#8721 = CARTESIAN_POINT('',(6.20005,-0.628487088593,4.849396525313));
#8722 = ORIENTED_EDGE('',*,*,#8723,.T.);
#8723 = EDGE_CURVE('',#8715,#958,#8724,.T.);
#8724 = B_SPLINE_CURVE_WITH_KNOTS('',1,(#8725,#8726),.UNSPECIFIED.,.F.,
  .F.,(2,2),(-0.,9.999999999888E-05),.PIECEWISE_BEZIER_KNOTS.);
#8725 = CARTESIAN_POINT('',(6.20005,-0.628487088593,4.849396525313));
#8726 = CARTESIAN_POINT('',(6.19995,-0.628487088593,4.849396525313));
#8727 = ORIENTED_EDGE('',*,*,#966,.F.);
#8728 = B_SPLINE_SURFACE_WITH_KNOTS('',3,1,(
    (#8729,#8730)
    ,(#8731,#8732)
    ,(#8733,#8734)
    ,(#8735,#8736
    )),.UNSPECIFIED.,.F.,.F.,.F.,(4,4),(2,2),(15.,16.),(0.,1.),
  .PIECEWISE_BEZIER_KNOTS.);
#8729 = CARTESIAN_POINT('',(6.20005,-0.579202563359,4.821167097886));
#8730 = CARTESIAN_POINT('',(6.19995,-0.579202563359,4.821167097886));
#8731 = CARTESIAN_POINT('',(6.20005,-0.587780566168,4.830836846507));
#8732 = CARTESIAN_POINT('',(6.19995,-0.587780566168,4.830836846507));
#8733 = CARTESIAN_POINT('',(6.20005,-0.60415675335,4.840350631441));
#8734 = CARTESIAN_POINT('',(6.19995,-0.60415675335,4.840350631441));
#8735 = CARTESIAN_POINT('',(6.20005,-0.628487088593,4.849396525313));
#8736 = CARTESIAN_POINT('',(6.19995,-0.628487088593,4.849396525313));
#8737 = ADVANCED_FACE('',(#8738),#8756,.F.);
#8738 = FACE_BOUND('',#8739,.F.);
#8739 = EDGE_LOOP('',(#8740,#8741,#8750,#8755));
#8740 = ORIENTED_EDGE('',*,*,#8723,.F.);
#8741 = ORIENTED_EDGE('',*,*,#8742,.T.);
#8742 = EDGE_CURVE('',#8715,#8743,#8745,.T.);
#8743 = VERTEX_POINT('',#8744);
#8744 = CARTESIAN_POINT('',(6.20005,-0.665606446205,4.868112167808));
#8745 = B_SPLINE_CURVE_WITH_KNOTS('',3,(#8746,#8747,#8748,#8749),
  .UNSPECIFIED.,.F.,.F.,(4,4),(14.,15.),.PIECEWISE_BEZIER_KNOTS.);
#8746 = CARTESIAN_POINT('',(6.20005,-0.628487088593,4.849396525313));
#8747 = CARTESIAN_POINT('',(6.20005,-0.647670622149,4.85688278231));
#8748 = CARTESIAN_POINT('',(6.20005,-0.659991753456,4.863121329809));
#8749 = CARTESIAN_POINT('',(6.20005,-0.665606446205,4.868112167808));
#8750 = ORIENTED_EDGE('',*,*,#8751,.T.);
#8751 = EDGE_CURVE('',#8743,#949,#8752,.T.);
#8752 = B_SPLINE_CURVE_WITH_KNOTS('',1,(#8753,#8754),.UNSPECIFIED.,.F.,
  .F.,(2,2),(-0.,9.999999999888E-05),.PIECEWISE_BEZIER_KNOTS.);
#8753 = CARTESIAN_POINT('',(6.20005,-0.665606446205,4.868112167808));
#8754 = CARTESIAN_POINT('',(6.19995,-0.665606446205,4.868112167808));
#8755 = ORIENTED_EDGE('',*,*,#957,.F.);
#8756 = B_SPLINE_SURFACE_WITH_KNOTS('',3,1,(
    (#8757,#8758)
    ,(#8759,#8760)
    ,(#8761,#8762)
    ,(#8763,#8764
    )),.UNSPECIFIED.,.F.,.F.,.F.,(4,4),(2,2),(14.,15.),(0.,1.),
  .PIECEWISE_BEZIER_KNOTS.);
#8757 = CARTESIAN_POINT('',(6.20005,-0.628487088593,4.849396525313));
#8758 = CARTESIAN_POINT('',(6.19995,-0.628487088593,4.849396525313));
#8759 = CARTESIAN_POINT('',(6.20005,-0.647670622149,4.85688278231));
#8760 = CARTESIAN_POINT('',(6.19995,-0.647670622149,4.85688278231));
#8761 = CARTESIAN_POINT('',(6.20005,-0.659991753456,4.863121329809));
#8762 = CARTESIAN_POINT('',(6.19995,-0.659991753456,4.863121329809));
#8763 = CARTESIAN_POINT('',(6.20005,-0.665606446205,4.868112167808));
#8764 = CARTESIAN_POINT('',(6.19995,-0.665606446205,4.868112167808));
#8765 = ADVANCED_FACE('',(#8766),#8784,.F.);
#8766 = FACE_BOUND('',#8767,.F.);
#8767 = EDGE_LOOP('',(#8768,#8769,#8778,#8783));
#8768 = ORIENTED_EDGE('',*,*,#8751,.F.);
#8769 = ORIENTED_EDGE('',*,*,#8770,.T.);
#8770 = EDGE_CURVE('',#8743,#8771,#8773,.T.);
#8771 = VERTEX_POINT('',#8772);
#8772 = CARTESIAN_POINT('',(6.20005,-0.673950503484,4.888387447176));
#8773 = B_SPLINE_CURVE_WITH_KNOTS('',3,(#8774,#8775,#8776,#8777),
  .UNSPECIFIED.,.F.,.F.,(4,4),(13.,14.),.PIECEWISE_BEZIER_KNOTS.);
#8774 = CARTESIAN_POINT('',(6.20005,-0.665606446205,4.868112167808));
#8775 = CARTESIAN_POINT('',(6.20005,-0.67114315711,4.872947042118));
#8776 = CARTESIAN_POINT('',(6.20005,-0.673950503484,4.879653480679));
#8777 = CARTESIAN_POINT('',(6.20005,-0.673950503484,4.888387447176));
#8778 = ORIENTED_EDGE('',*,*,#8779,.T.);
#8779 = EDGE_CURVE('',#8771,#940,#8780,.T.);
#8780 = B_SPLINE_CURVE_WITH_KNOTS('',1,(#8781,#8782),.UNSPECIFIED.,.F.,
  .F.,(2,2),(-0.,9.999999999888E-05),.PIECEWISE_BEZIER_KNOTS.);
#8781 = CARTESIAN_POINT('',(6.20005,-0.673950503484,4.888387447176));
#8782 = CARTESIAN_POINT('',(6.19995,-0.673950503484,4.888387447176));
#8783 = ORIENTED_EDGE('',*,*,#948,.F.);
#8784 = B_SPLINE_SURFACE_WITH_KNOTS('',3,1,(
    (#8785,#8786)
    ,(#8787,#8788)
    ,(#8789,#8790)
    ,(#8791,#8792
    )),.UNSPECIFIED.,.F.,.F.,.F.,(4,4),(2,2),(13.,14.),(0.,1.),
  .PIECEWISE_BEZIER_KNOTS.);
#8785 = CARTESIAN_POINT('',(6.20005,-0.665606446205,4.868112167808));
#8786 = CARTESIAN_POINT('',(6.19995,-0.665606446205,4.868112167808));
#8787 = CARTESIAN_POINT('',(6.20005,-0.67114315711,4.872947042118));
#8788 = CARTESIAN_POINT('',(6.19995,-0.67114315711,4.872947042118));
#8789 = CARTESIAN_POINT('',(6.20005,-0.673950503484,4.879653480679));
#8790 = CARTESIAN_POINT('',(6.19995,-0.673950503484,4.879653480679));
#8791 = CARTESIAN_POINT('',(6.20005,-0.673950503484,4.888387447176));
#8792 = CARTESIAN_POINT('',(6.19995,-0.673950503484,4.888387447176));
#8793 = ADVANCED_FACE('',(#8794),#8812,.F.);
#8794 = FACE_BOUND('',#8795,.F.);
#8795 = EDGE_LOOP('',(#8796,#8797,#8806,#8811));
#8796 = ORIENTED_EDGE('',*,*,#8779,.F.);
#8797 = ORIENTED_EDGE('',*,*,#8798,.T.);
#8798 = EDGE_CURVE('',#8771,#8799,#8801,.T.);
#8799 = VERTEX_POINT('',#8800);
#8800 = CARTESIAN_POINT('',(6.20005,-0.662331208769,4.909598508668));
#8801 = B_SPLINE_CURVE_WITH_KNOTS('',3,(#8802,#8803,#8804,#8805),
  .UNSPECIFIED.,.F.,.F.,(4,4),(12.,13.),.PIECEWISE_BEZIER_KNOTS.);
#8802 = CARTESIAN_POINT('',(6.20005,-0.673950503484,4.888387447176));
#8803 = CARTESIAN_POINT('',(6.20005,-0.673950503484,4.897121413672));
#8804 = CARTESIAN_POINT('',(6.20005,-0.670051411297,4.904295743294));
#8805 = CARTESIAN_POINT('',(6.20005,-0.662331208769,4.909598508668));
#8806 = ORIENTED_EDGE('',*,*,#8807,.T.);
#8807 = EDGE_CURVE('',#8799,#931,#8808,.T.);
#8808 = B_SPLINE_CURVE_WITH_KNOTS('',1,(#8809,#8810),.UNSPECIFIED.,.F.,
  .F.,(2,2),(-0.,9.999999999888E-05),.PIECEWISE_BEZIER_KNOTS.);
#8809 = CARTESIAN_POINT('',(6.20005,-0.662331208769,4.909598508668));
#8810 = CARTESIAN_POINT('',(6.19995,-0.662331208769,4.909598508668));
#8811 = ORIENTED_EDGE('',*,*,#939,.F.);
#8812 = B_SPLINE_SURFACE_WITH_KNOTS('',3,1,(
    (#8813,#8814)
    ,(#8815,#8816)
    ,(#8817,#8818)
    ,(#8819,#8820
    )),.UNSPECIFIED.,.F.,.F.,.F.,(4,4),(2,2),(12.,13.),(0.,1.),
  .PIECEWISE_BEZIER_KNOTS.);
#8813 = CARTESIAN_POINT('',(6.20005,-0.673950503484,4.888387447176));
#8814 = CARTESIAN_POINT('',(6.19995,-0.673950503484,4.888387447176));
#8815 = CARTESIAN_POINT('',(6.20005,-0.673950503484,4.897121413672));
#8816 = CARTESIAN_POINT('',(6.19995,-0.673950503484,4.897121413672));
#8817 = CARTESIAN_POINT('',(6.20005,-0.670051411297,4.904295743294));
#8818 = CARTESIAN_POINT('',(6.19995,-0.670051411297,4.904295743294));
#8819 = CARTESIAN_POINT('',(6.20005,-0.662331208769,4.909598508668));
#8820 = CARTESIAN_POINT('',(6.19995,-0.662331208769,4.909598508668));
#8821 = ADVANCED_FACE('',(#8822),#8840,.F.);
#8822 = FACE_BOUND('',#8823,.F.);
#8823 = EDGE_LOOP('',(#8824,#8825,#8834,#8839));
#8824 = ORIENTED_EDGE('',*,*,#8807,.F.);
#8825 = ORIENTED_EDGE('',*,*,#8826,.T.);
#8826 = EDGE_CURVE('',#8799,#8827,#8829,.T.);
#8827 = VERTEX_POINT('',#8828);
#8828 = CARTESIAN_POINT('',(6.20005,-0.632230217091,4.917708620416));
#8829 = B_SPLINE_CURVE_WITH_KNOTS('',3,(#8830,#8831,#8832,#8833),
  .UNSPECIFIED.,.F.,.F.,(4,4),(11.,12.),.PIECEWISE_BEZIER_KNOTS.);
#8830 = CARTESIAN_POINT('',(6.20005,-0.662331208769,4.909598508668));
#8831 = CARTESIAN_POINT('',(6.20005,-0.65461100624,4.915057237728));
#8832 = CARTESIAN_POINT('',(6.20005,-0.644551348399,4.917708620416));
#8833 = CARTESIAN_POINT('',(6.20005,-0.632230217091,4.917708620416));
#8834 = ORIENTED_EDGE('',*,*,#8835,.T.);
#8835 = EDGE_CURVE('',#8827,#922,#8836,.T.);
#8836 = B_SPLINE_CURVE_WITH_KNOTS('',1,(#8837,#8838),.UNSPECIFIED.,.F.,
  .F.,(2,2),(-0.,9.999999999888E-05),.PIECEWISE_BEZIER_KNOTS.);
#8837 = CARTESIAN_POINT('',(6.20005,-0.632230217091,4.917708620416));
#8838 = CARTESIAN_POINT('',(6.19995,-0.632230217091,4.917708620416));
#8839 = ORIENTED_EDGE('',*,*,#930,.F.);
#8840 = B_SPLINE_SURFACE_WITH_KNOTS('',3,1,(
    (#8841,#8842)
    ,(#8843,#8844)
    ,(#8845,#8846)
    ,(#8847,#8848
    )),.UNSPECIFIED.,.F.,.F.,.F.,(4,4),(2,2),(11.,12.),(0.,1.),
  .PIECEWISE_BEZIER_KNOTS.);
#8841 = CARTESIAN_POINT('',(6.20005,-0.662331208769,4.909598508668));
#8842 = CARTESIAN_POINT('',(6.19995,-0.662331208769,4.909598508668));
#8843 = CARTESIAN_POINT('',(6.20005,-0.65461100624,4.915057237728));
#8844 = CARTESIAN_POINT('',(6.19995,-0.65461100624,4.915057237728));
#8845 = CARTESIAN_POINT('',(6.20005,-0.644551348399,4.917708620416));
#8846 = CARTESIAN_POINT('',(6.19995,-0.644551348399,4.917708620416));
#8847 = CARTESIAN_POINT('',(6.20005,-0.632230217091,4.917708620416));
#8848 = CARTESIAN_POINT('',(6.19995,-0.632230217091,4.917708620416));
#8849 = ADVANCED_FACE('',(#8850),#8868,.F.);
#8850 = FACE_BOUND('',#8851,.F.);
#8851 = EDGE_LOOP('',(#8852,#8853,#8862,#8867));
#8852 = ORIENTED_EDGE('',*,*,#8835,.F.);
#8853 = ORIENTED_EDGE('',*,*,#8854,.T.);
#8854 = EDGE_CURVE('',#8827,#8855,#8857,.T.);
#8855 = VERTEX_POINT('',#8856);
#8856 = CARTESIAN_POINT('',(6.20005,-0.576863108047,4.901956287983));
#8857 = B_SPLINE_CURVE_WITH_KNOTS('',3,(#8858,#8859,#8860,#8861),
  .UNSPECIFIED.,.F.,.F.,(4,4),(10.,11.),.PIECEWISE_BEZIER_KNOTS.);
#8858 = CARTESIAN_POINT('',(6.20005,-0.632230217091,4.917708620416));
#8859 = CARTESIAN_POINT('',(6.20005,-0.611565028504,4.917708620416));
#8860 = CARTESIAN_POINT('',(6.20005,-0.593161313385,4.912405855043));
#8861 = CARTESIAN_POINT('',(6.20005,-0.576863108047,4.901956287983));
#8862 = ORIENTED_EDGE('',*,*,#8863,.T.);
#8863 = EDGE_CURVE('',#8855,#915,#8864,.T.);
#8864 = B_SPLINE_CURVE_WITH_KNOTS('',1,(#8865,#8866),.UNSPECIFIED.,.F.,
  .F.,(2,2),(-0.,9.999999999888E-05),.PIECEWISE_BEZIER_KNOTS.);
#8865 = CARTESIAN_POINT('',(6.20005,-0.576863108047,4.901956287983));
#8866 = CARTESIAN_POINT('',(6.19995,-0.576863108047,4.901956287983));
#8867 = ORIENTED_EDGE('',*,*,#921,.F.);
#8868 = B_SPLINE_SURFACE_WITH_KNOTS('',3,1,(
    (#8869,#8870)
    ,(#8871,#8872)
    ,(#8873,#8874)
    ,(#8875,#8876
    )),.UNSPECIFIED.,.F.,.F.,.F.,(4,4),(2,2),(10.,11.),(0.,1.),
  .PIECEWISE_BEZIER_KNOTS.);
#8869 = CARTESIAN_POINT('',(6.20005,-0.632230217091,4.917708620416));
#8870 = CARTESIAN_POINT('',(6.19995,-0.632230217091,4.917708620416));
#8871 = CARTESIAN_POINT('',(6.20005,-0.611565028504,4.917708620416));
#8872 = CARTESIAN_POINT('',(6.19995,-0.611565028504,4.917708620416));
#8873 = CARTESIAN_POINT('',(6.20005,-0.593161313385,4.912405855043));
#8874 = CARTESIAN_POINT('',(6.19995,-0.593161313385,4.912405855043));
#8875 = CARTESIAN_POINT('',(6.20005,-0.576863108047,4.901956287983));
#8876 = CARTESIAN_POINT('',(6.19995,-0.576863108047,4.901956287983));
#8877 = ADVANCED_FACE('',(#8878),#8894,.F.);
#8878 = FACE_BOUND('',#8879,.T.);
#8879 = EDGE_LOOP('',(#8880,#8881,#8888,#8893));
#8880 = ORIENTED_EDGE('',*,*,#914,.T.);
#8881 = ORIENTED_EDGE('',*,*,#8882,.F.);
#8882 = EDGE_CURVE('',#8883,#906,#8885,.T.);
#8883 = VERTEX_POINT('',#8884);
#8884 = CARTESIAN_POINT('',(6.20005,-0.576863108047,4.939075645595));
#8885 = B_SPLINE_CURVE_WITH_KNOTS('',1,(#8886,#8887),.UNSPECIFIED.,.F.,
  .F.,(2,2),(-0.,9.999999999977E-05),.PIECEWISE_BEZIER_KNOTS.);
#8886 = CARTESIAN_POINT('',(6.20005,-0.576863108047,4.939075645595));
#8887 = CARTESIAN_POINT('',(6.19995,-0.576863108047,4.939075645595));
#8888 = ORIENTED_EDGE('',*,*,#8889,.F.);
#8889 = EDGE_CURVE('',#8855,#8883,#8890,.T.);
#8890 = B_SPLINE_CURVE_WITH_KNOTS('',1,(#8891,#8892),.UNSPECIFIED.,.F.,
  .F.,(2,2),(-3.711935761179E-02,0.),.PIECEWISE_BEZIER_KNOTS.);
#8891 = CARTESIAN_POINT('',(6.20005,-0.576863108047,4.901956287983));
#8892 = CARTESIAN_POINT('',(6.20005,-0.576863108047,4.939075645595));
#8893 = ORIENTED_EDGE('',*,*,#8863,.T.);
#8894 = B_SPLINE_SURFACE_WITH_KNOTS('',1,1,(
    (#8895,#8896)
    ,(#8897,#8898
    )),.UNSPECIFIED.,.F.,.F.,.F.,(2,2),(2,2),(-0.,3.711935761179E-02),(
    -9.999999999977E-05,0.),.PIECEWISE_BEZIER_KNOTS.);
#8895 = CARTESIAN_POINT('',(6.19995,-0.576863108047,4.939075645595));
#8896 = CARTESIAN_POINT('',(6.20005,-0.576863108047,4.939075645595));
#8897 = CARTESIAN_POINT('',(6.19995,-0.576863108047,4.901956287983));
#8898 = CARTESIAN_POINT('',(6.20005,-0.576863108047,4.901956287983));
#8899 = ADVANCED_FACE('',(#8900),#8918,.F.);
#8900 = FACE_BOUND('',#8901,.F.);
#8901 = EDGE_LOOP('',(#8902,#8903,#8912,#8917));
#8902 = ORIENTED_EDGE('',*,*,#8882,.F.);
#8903 = ORIENTED_EDGE('',*,*,#8904,.T.);
#8904 = EDGE_CURVE('',#8883,#8905,#8907,.T.);
#8905 = VERTEX_POINT('',#8906);
#8906 = CARTESIAN_POINT('',(6.20005,-0.628487088593,4.948745394218));
#8907 = B_SPLINE_CURVE_WITH_KNOTS('',3,(#8908,#8909,#8910,#8911),
  .UNSPECIFIED.,.F.,.F.,(4,4),(8.,9.),.PIECEWISE_BEZIER_KNOTS.);
#8908 = CARTESIAN_POINT('',(6.20005,-0.576863108047,4.939075645595));
#8909 = CARTESIAN_POINT('',(6.20005,-0.592771404167,4.945626120469));
#8910 = CARTESIAN_POINT('',(6.20005,-0.609927409787,4.948745394218));
#8911 = CARTESIAN_POINT('',(6.20005,-0.628487088593,4.948745394218));
#8912 = ORIENTED_EDGE('',*,*,#8913,.T.);
#8913 = EDGE_CURVE('',#8905,#897,#8914,.T.);
#8914 = B_SPLINE_CURVE_WITH_KNOTS('',1,(#8915,#8916),.UNSPECIFIED.,.F.,
  .F.,(2,2),(-0.,9.999999999888E-05),.PIECEWISE_BEZIER_KNOTS.);
#8915 = CARTESIAN_POINT('',(6.20005,-0.628487088593,4.948745394218));
#8916 = CARTESIAN_POINT('',(6.19995,-0.628487088593,4.948745394218));
#8917 = ORIENTED_EDGE('',*,*,#905,.F.);
#8918 = B_SPLINE_SURFACE_WITH_KNOTS('',3,1,(
    (#8919,#8920)
    ,(#8921,#8922)
    ,(#8923,#8924)
    ,(#8925,#8926
    )),.UNSPECIFIED.,.F.,.F.,.F.,(4,4),(2,2),(8.,9.),(0.,1.),
  .PIECEWISE_BEZIER_KNOTS.);
#8919 = CARTESIAN_POINT('',(6.20005,-0.576863108047,4.939075645595));
#8920 = CARTESIAN_POINT('',(6.19995,-0.576863108047,4.939075645595));
#8921 = CARTESIAN_POINT('',(6.20005,-0.592771404167,4.945626120469));
#8922 = CARTESIAN_POINT('',(6.19995,-0.592771404167,4.945626120469));
#8923 = CARTESIAN_POINT('',(6.20005,-0.609927409787,4.948745394218));
#8924 = CARTESIAN_POINT('',(6.19995,-0.609927409787,4.948745394218));
#8925 = CARTESIAN_POINT('',(6.20005,-0.628487088593,4.948745394218));
#8926 = CARTESIAN_POINT('',(6.19995,-0.628487088593,4.948745394218));
#8927 = ADVANCED_FACE('',(#8928),#8946,.F.);
#8928 = FACE_BOUND('',#8929,.F.);
#8929 = EDGE_LOOP('',(#8930,#8931,#8940,#8945));
#8930 = ORIENTED_EDGE('',*,*,#8913,.F.);
#8931 = ORIENTED_EDGE('',*,*,#8932,.T.);
#8932 = EDGE_CURVE('',#8905,#8933,#8935,.T.);
#8933 = VERTEX_POINT('',#8934);
#8934 = CARTESIAN_POINT('',(6.20005,-0.688845035635,4.93143342491));
#8935 = B_SPLINE_CURVE_WITH_KNOTS('',3,(#8936,#8937,#8938,#8939),
  .UNSPECIFIED.,.F.,.F.,(4,4),(7.,8.),.PIECEWISE_BEZIER_KNOTS.);
#8936 = CARTESIAN_POINT('',(6.20005,-0.628487088593,4.948745394218));
#8937 = CARTESIAN_POINT('',(6.20005,-0.652349532772,4.948745394218));
#8938 = CARTESIAN_POINT('',(6.20005,-0.672468848453,4.942974737783));
#8939 = CARTESIAN_POINT('',(6.20005,-0.688845035635,4.93143342491));
#8940 = ORIENTED_EDGE('',*,*,#8941,.T.);
#8941 = EDGE_CURVE('',#8933,#888,#8942,.T.);
#8942 = B_SPLINE_CURVE_WITH_KNOTS('',1,(#8943,#8944),.UNSPECIFIED.,.F.,
  .F.,(2,2),(-0.,9.999999999888E-05),.PIECEWISE_BEZIER_KNOTS.);
#8943 = CARTESIAN_POINT('',(6.20005,-0.688845035635,4.93143342491));
#8944 = CARTESIAN_POINT('',(6.19995,-0.688845035635,4.93143342491));
#8945 = ORIENTED_EDGE('',*,*,#896,.F.);
#8946 = B_SPLINE_SURFACE_WITH_KNOTS('',3,1,(
    (#8947,#8948)
    ,(#8949,#8950)
    ,(#8951,#8952)
    ,(#8953,#8954
    )),.UNSPECIFIED.,.F.,.F.,.F.,(4,4),(2,2),(7.,8.),(0.,1.),
  .PIECEWISE_BEZIER_KNOTS.);
#8947 = CARTESIAN_POINT('',(6.20005,-0.628487088593,4.948745394218));
#8948 = CARTESIAN_POINT('',(6.19995,-0.628487088593,4.948745394218));
#8949 = CARTESIAN_POINT('',(6.20005,-0.652349532772,4.948745394218));
#8950 = CARTESIAN_POINT('',(6.19995,-0.652349532772,4.948745394218));
#8951 = CARTESIAN_POINT('',(6.20005,-0.672468848453,4.942974737783));
#8952 = CARTESIAN_POINT('',(6.19995,-0.672468848453,4.942974737783));
#8953 = CARTESIAN_POINT('',(6.20005,-0.688845035635,4.93143342491));
#8954 = CARTESIAN_POINT('',(6.19995,-0.688845035635,4.93143342491));
#8955 = ADVANCED_FACE('',(#8956),#8974,.F.);
#8956 = FACE_BOUND('',#8957,.F.);
#8957 = EDGE_LOOP('',(#8958,#8959,#8968,#8973));
#8958 = ORIENTED_EDGE('',*,*,#8941,.F.);
#8959 = ORIENTED_EDGE('',*,*,#8960,.T.);
#8960 = EDGE_CURVE('',#8933,#8961,#8963,.T.);
#8961 = VERTEX_POINT('',#8962);
#8962 = CARTESIAN_POINT('',(6.20005,-0.713331334564,4.884956246052));
#8963 = B_SPLINE_CURVE_WITH_KNOTS('',3,(#8964,#8965,#8966,#8967),
  .UNSPECIFIED.,.F.,.F.,(4,4),(6.,7.),.PIECEWISE_BEZIER_KNOTS.);
#8964 = CARTESIAN_POINT('',(6.20005,-0.688845035635,4.93143342491));
#8965 = CARTESIAN_POINT('',(6.20005,-0.705143240973,4.919736148353));
#8966 = CARTESIAN_POINT('',(6.20005,-0.713331334564,4.904295743294));
#8967 = CARTESIAN_POINT('',(6.20005,-0.713331334564,4.884956246052));
#8968 = ORIENTED_EDGE('',*,*,#8969,.T.);
#8969 = EDGE_CURVE('',#8961,#879,#8970,.T.);
#8970 = B_SPLINE_CURVE_WITH_KNOTS('',1,(#8971,#8972),.UNSPECIFIED.,.F.,
  .F.,(2,2),(-0.,9.999999999888E-05),.PIECEWISE_BEZIER_KNOTS.);
#8971 = CARTESIAN_POINT('',(6.20005,-0.713331334564,4.884956246052));
#8972 = CARTESIAN_POINT('',(6.19995,-0.713331334564,4.884956246052));
#8973 = ORIENTED_EDGE('',*,*,#887,.F.);
#8974 = B_SPLINE_SURFACE_WITH_KNOTS('',3,1,(
    (#8975,#8976)
    ,(#8977,#8978)
    ,(#8979,#8980)
    ,(#8981,#8982
    )),.UNSPECIFIED.,.F.,.F.,.F.,(4,4),(2,2),(6.,7.),(0.,1.),
  .PIECEWISE_BEZIER_KNOTS.);
#8975 = CARTESIAN_POINT('',(6.20005,-0.688845035635,4.93143342491));
#8976 = CARTESIAN_POINT('',(6.19995,-0.688845035635,4.93143342491));
#8977 = CARTESIAN_POINT('',(6.20005,-0.705143240973,4.919736148353));
#8978 = CARTESIAN_POINT('',(6.19995,-0.705143240973,4.919736148353));
#8979 = CARTESIAN_POINT('',(6.20005,-0.713331334564,4.904295743294));
#8980 = CARTESIAN_POINT('',(6.19995,-0.713331334564,4.904295743294));
#8981 = CARTESIAN_POINT('',(6.20005,-0.713331334564,4.884956246052));
#8982 = CARTESIAN_POINT('',(6.19995,-0.713331334564,4.884956246052));
#8983 = ADVANCED_FACE('',(#8984),#9002,.F.);
#8984 = FACE_BOUND('',#8985,.F.);
#8985 = EDGE_LOOP('',(#8986,#8987,#8996,#9001));
#8986 = ORIENTED_EDGE('',*,*,#8969,.F.);
#8987 = ORIENTED_EDGE('',*,*,#8988,.T.);
#8988 = EDGE_CURVE('',#8961,#8989,#8991,.T.);
#8989 = VERTEX_POINT('',#8990);
#8990 = CARTESIAN_POINT('',(6.20005,-0.702491858286,4.850488271126));
#8991 = B_SPLINE_CURVE_WITH_KNOTS('',3,(#8992,#8993,#8994,#8995),
  .UNSPECIFIED.,.F.,.F.,(4,4),(5.,6.),.PIECEWISE_BEZIER_KNOTS.);
#8992 = CARTESIAN_POINT('',(6.20005,-0.713331334564,4.884956246052));
#8993 = CARTESIAN_POINT('',(6.20005,-0.713331334564,4.87154336893));
#8994 = CARTESIAN_POINT('',(6.20005,-0.709744169753,4.86000205606));
#8995 = CARTESIAN_POINT('',(6.20005,-0.702491858286,4.850488271126));
#8996 = ORIENTED_EDGE('',*,*,#8997,.T.);
#8997 = EDGE_CURVE('',#8989,#870,#8998,.T.);
#8998 = B_SPLINE_CURVE_WITH_KNOTS('',1,(#8999,#9000),.UNSPECIFIED.,.F.,
  .F.,(2,2),(-0.,9.999999999888E-05),.PIECEWISE_BEZIER_KNOTS.);
#8999 = CARTESIAN_POINT('',(6.20005,-0.702491858286,4.850488271126));
#9000 = CARTESIAN_POINT('',(6.19995,-0.702491858286,4.850488271126));
#9001 = ORIENTED_EDGE('',*,*,#878,.F.);
#9002 = B_SPLINE_SURFACE_WITH_KNOTS('',3,1,(
    (#9003,#9004)
    ,(#9005,#9006)
    ,(#9007,#9008)
    ,(#9009,#9010
    )),.UNSPECIFIED.,.F.,.F.,.F.,(4,4),(2,2),(5.,6.),(0.,1.),
  .PIECEWISE_BEZIER_KNOTS.);
#9003 = CARTESIAN_POINT('',(6.20005,-0.713331334564,4.884956246052));
#9004 = CARTESIAN_POINT('',(6.19995,-0.713331334564,4.884956246052));
#9005 = CARTESIAN_POINT('',(6.20005,-0.713331334564,4.87154336893));
#9006 = CARTESIAN_POINT('',(6.19995,-0.713331334564,4.87154336893));
#9007 = CARTESIAN_POINT('',(6.20005,-0.709744169753,4.86000205606));
#9008 = CARTESIAN_POINT('',(6.19995,-0.709744169753,4.86000205606));
#9009 = CARTESIAN_POINT('',(6.20005,-0.702491858286,4.850488271126));
#9010 = CARTESIAN_POINT('',(6.19995,-0.702491858286,4.850488271126));
#9011 = ADVANCED_FACE('',(#9012),#9030,.F.);
#9012 = FACE_BOUND('',#9013,.F.);
#9013 = EDGE_LOOP('',(#9014,#9015,#9024,#9029));
#9014 = ORIENTED_EDGE('',*,*,#8997,.F.);
#9015 = ORIENTED_EDGE('',*,*,#9016,.T.);
#9016 = EDGE_CURVE('',#8989,#9017,#9019,.T.);
#9017 = VERTEX_POINT('',#9018);
#9018 = CARTESIAN_POINT('',(6.20005,-0.65546880652,4.821634988948));
#9019 = B_SPLINE_CURVE_WITH_KNOTS('',3,(#9020,#9021,#9022,#9023),
  .UNSPECIFIED.,.F.,.F.,(4,4),(4.,5.),.PIECEWISE_BEZIER_KNOTS.);
#9020 = CARTESIAN_POINT('',(6.20005,-0.702491858286,4.850488271126));
#9021 = CARTESIAN_POINT('',(6.20005,-0.695317528664,4.840974486192));
#9022 = CARTESIAN_POINT('',(6.20005,-0.679565196232,4.831304737569));
#9023 = CARTESIAN_POINT('',(6.20005,-0.65546880652,4.821634988948));
#9024 = ORIENTED_EDGE('',*,*,#9025,.T.);
#9025 = EDGE_CURVE('',#9017,#861,#9026,.T.);
#9026 = B_SPLINE_CURVE_WITH_KNOTS('',1,(#9027,#9028),.UNSPECIFIED.,.F.,
  .F.,(2,2),(-0.,9.999999999888E-05),.PIECEWISE_BEZIER_KNOTS.);
#9027 = CARTESIAN_POINT('',(6.20005,-0.65546880652,4.821634988948));
#9028 = CARTESIAN_POINT('',(6.19995,-0.65546880652,4.821634988948));
#9029 = ORIENTED_EDGE('',*,*,#869,.F.);
#9030 = B_SPLINE_SURFACE_WITH_KNOTS('',3,1,(
    (#9031,#9032)
    ,(#9033,#9034)
    ,(#9035,#9036)
    ,(#9037,#9038
    )),.UNSPECIFIED.,.F.,.F.,.F.,(4,4),(2,2),(4.,5.),(0.,1.),
  .PIECEWISE_BEZIER_KNOTS.);
#9031 = CARTESIAN_POINT('',(6.20005,-0.702491858286,4.850488271126));
#9032 = CARTESIAN_POINT('',(6.19995,-0.702491858286,4.850488271126));
#9033 = CARTESIAN_POINT('',(6.20005,-0.695317528664,4.840974486192));
#9034 = CARTESIAN_POINT('',(6.19995,-0.695317528664,4.840974486192));
#9035 = CARTESIAN_POINT('',(6.20005,-0.679565196232,4.831304737569));
#9036 = CARTESIAN_POINT('',(6.19995,-0.679565196232,4.831304737569));
#9037 = CARTESIAN_POINT('',(6.20005,-0.65546880652,4.821634988948));
#9038 = CARTESIAN_POINT('',(6.19995,-0.65546880652,4.821634988948));
#9039 = ADVANCED_FACE('',(#9040),#9058,.F.);
#9040 = FACE_BOUND('',#9041,.F.);
#9041 = EDGE_LOOP('',(#9042,#9043,#9052,#9057));
#9042 = ORIENTED_EDGE('',*,*,#9025,.F.);
#9043 = ORIENTED_EDGE('',*,*,#9044,.T.);
#9044 = EDGE_CURVE('',#9017,#9045,#9047,.T.);
#9045 = VERTEX_POINT('',#9046);
#9046 = CARTESIAN_POINT('',(6.20005,-0.615464120691,4.802139528016));
#9047 = B_SPLINE_CURVE_WITH_KNOTS('',3,(#9048,#9049,#9050,#9051),
  .UNSPECIFIED.,.F.,.F.,(4,4),(3.,4.),.PIECEWISE_BEZIER_KNOTS.);
#9048 = CARTESIAN_POINT('',(6.20005,-0.65546880652,4.821634988948));
#9049 = CARTESIAN_POINT('',(6.20005,-0.63534949084,4.81414873195));
#9050 = CARTESIAN_POINT('',(6.20005,-0.622014595564,4.807598257077));
#9051 = CARTESIAN_POINT('',(6.20005,-0.615464120691,4.802139528016));
#9052 = ORIENTED_EDGE('',*,*,#9053,.T.);
#9053 = EDGE_CURVE('',#9045,#852,#9054,.T.);
#9054 = B_SPLINE_CURVE_WITH_KNOTS('',1,(#9055,#9056),.UNSPECIFIED.,.F.,
  .F.,(2,2),(-0.,9.999999999888E-05),.PIECEWISE_BEZIER_KNOTS.);
#9055 = CARTESIAN_POINT('',(6.20005,-0.615464120691,4.802139528016));
#9056 = CARTESIAN_POINT('',(6.19995,-0.615464120691,4.802139528016));
#9057 = ORIENTED_EDGE('',*,*,#860,.F.);
#9058 = B_SPLINE_SURFACE_WITH_KNOTS('',3,1,(
    (#9059,#9060)
    ,(#9061,#9062)
    ,(#9063,#9064)
    ,(#9065,#9066
    )),.UNSPECIFIED.,.F.,.F.,.F.,(4,4),(2,2),(3.,4.),(0.,1.),
  .PIECEWISE_BEZIER_KNOTS.);
#9059 = CARTESIAN_POINT('',(6.20005,-0.65546880652,4.821634988948));
#9060 = CARTESIAN_POINT('',(6.19995,-0.65546880652,4.821634988948));
#9061 = CARTESIAN_POINT('',(6.20005,-0.63534949084,4.81414873195));
#9062 = CARTESIAN_POINT('',(6.19995,-0.63534949084,4.81414873195));
#9063 = CARTESIAN_POINT('',(6.20005,-0.622014595564,4.807598257077));
#9064 = CARTESIAN_POINT('',(6.19995,-0.622014595564,4.807598257077));
#9065 = CARTESIAN_POINT('',(6.20005,-0.615464120691,4.802139528016));
#9066 = CARTESIAN_POINT('',(6.19995,-0.615464120691,4.802139528016));
#9067 = ADVANCED_FACE('',(#9068),#9086,.F.);
#9068 = FACE_BOUND('',#9069,.F.);
#9069 = EDGE_LOOP('',(#9070,#9071,#9080,#9085));
#9070 = ORIENTED_EDGE('',*,*,#9053,.F.);
#9071 = ORIENTED_EDGE('',*,*,#9072,.T.);
#9072 = EDGE_CURVE('',#9045,#9073,#9075,.T.);
#9073 = VERTEX_POINT('',#9074);
#9074 = CARTESIAN_POINT('',(6.20005,-0.605638408382,4.781396357586));
#9075 = B_SPLINE_CURVE_WITH_KNOTS('',3,(#9076,#9077,#9078,#9079),
  .UNSPECIFIED.,.F.,.F.,(4,4),(2.,3.),.PIECEWISE_BEZIER_KNOTS.);
#9076 = CARTESIAN_POINT('',(6.20005,-0.615464120691,4.802139528016));
#9077 = CARTESIAN_POINT('',(6.20005,-0.608913645817,4.796680798955));
#9078 = CARTESIAN_POINT('',(6.20005,-0.605638408382,4.789818396709));
#9079 = CARTESIAN_POINT('',(6.20005,-0.605638408382,4.781396357586));
#9080 = ORIENTED_EDGE('',*,*,#9081,.T.);
#9081 = EDGE_CURVE('',#9073,#843,#9082,.T.);
#9082 = B_SPLINE_CURVE_WITH_KNOTS('',1,(#9083,#9084),.UNSPECIFIED.,.F.,
  .F.,(2,2),(-0.,9.999999999888E-05),.PIECEWISE_BEZIER_KNOTS.);
#9083 = CARTESIAN_POINT('',(6.20005,-0.605638408382,4.781396357586));
#9084 = CARTESIAN_POINT('',(6.19995,-0.605638408382,4.781396357586));
#9085 = ORIENTED_EDGE('',*,*,#851,.F.);
#9086 = B_SPLINE_SURFACE_WITH_KNOTS('',3,1,(
    (#9087,#9088)
    ,(#9089,#9090)
    ,(#9091,#9092)
    ,(#9093,#9094
    )),.UNSPECIFIED.,.F.,.F.,.F.,(4,4),(2,2),(2.,3.),(0.,1.),
  .PIECEWISE_BEZIER_KNOTS.);
#9087 = CARTESIAN_POINT('',(6.20005,-0.615464120691,4.802139528016));
#9088 = CARTESIAN_POINT('',(6.19995,-0.615464120691,4.802139528016));
#9089 = CARTESIAN_POINT('',(6.20005,-0.608913645817,4.796680798955));
#9090 = CARTESIAN_POINT('',(6.19995,-0.608913645817,4.796680798955));
#9091 = CARTESIAN_POINT('',(6.20005,-0.605638408382,4.789818396709));
#9092 = CARTESIAN_POINT('',(6.19995,-0.605638408382,4.789818396709));
#9093 = CARTESIAN_POINT('',(6.20005,-0.605638408382,4.781396357586));
#9094 = CARTESIAN_POINT('',(6.19995,-0.605638408382,4.781396357586));
#9095 = ADVANCED_FACE('',(#9096),#9108,.F.);
#9096 = FACE_BOUND('',#9097,.F.);
#9097 = EDGE_LOOP('',(#9098,#9099,#9106,#9107));
#9098 = ORIENTED_EDGE('',*,*,#9081,.F.);
#9099 = ORIENTED_EDGE('',*,*,#9100,.T.);
#9100 = EDGE_CURVE('',#9073,#8546,#9101,.T.);
#9101 = B_SPLINE_CURVE_WITH_KNOTS('',3,(#9102,#9103,#9104,#9105),
  .UNSPECIFIED.,.F.,.F.,(4,4),(1.,2.),.PIECEWISE_BEZIER_KNOTS.);
#9102 = CARTESIAN_POINT('',(6.20005,-0.605638408382,4.781396357586));
#9103 = CARTESIAN_POINT('',(6.20005,-0.605638408382,4.761744932967));
#9104 = CARTESIAN_POINT('',(6.20005,-0.62068890422,4.751919220659));
#9105 = CARTESIAN_POINT('',(6.20005,-0.650711914054,4.751919220659));
#9106 = ORIENTED_EDGE('',*,*,#8545,.T.);
#9107 = ORIENTED_EDGE('',*,*,#842,.F.);
#9108 = B_SPLINE_SURFACE_WITH_KNOTS('',3,1,(
    (#9109,#9110)
    ,(#9111,#9112)
    ,(#9113,#9114)
    ,(#9115,#9116
    )),.UNSPECIFIED.,.F.,.F.,.F.,(4,4),(2,2),(1.,2.),(0.,1.),
  .PIECEWISE_BEZIER_KNOTS.);
#9109 = CARTESIAN_POINT('',(6.20005,-0.605638408382,4.781396357586));
#9110 = CARTESIAN_POINT('',(6.19995,-0.605638408382,4.781396357586));
#9111 = CARTESIAN_POINT('',(6.20005,-0.605638408382,4.761744932967));
#9112 = CARTESIAN_POINT('',(6.19995,-0.605638408382,4.761744932967));
#9113 = CARTESIAN_POINT('',(6.20005,-0.62068890422,4.751919220659));
#9114 = CARTESIAN_POINT('',(6.19995,-0.62068890422,4.751919220659));
#9115 = CARTESIAN_POINT('',(6.20005,-0.650711914054,4.751919220659));
#9116 = CARTESIAN_POINT('',(6.19995,-0.650711914054,4.751919220659));
#9117 = ADVANCED_FACE('',(#9118),#9141,.F.);
#9118 = FACE_BOUND('',#9119,.T.);
#9119 = EDGE_LOOP('',(#9120,#9121,#9122,#9123,#9124,#9125,#9126,#9127,
    #9128,#9129,#9130,#9131,#9132,#9133,#9134,#9135,#9136,#9137,#9138,
    #9139,#9140));
#9120 = ORIENTED_EDGE('',*,*,#8552,.T.);
#9121 = ORIENTED_EDGE('',*,*,#8587,.T.);
#9122 = ORIENTED_EDGE('',*,*,#8602,.T.);
#9123 = ORIENTED_EDGE('',*,*,#8630,.T.);
#9124 = ORIENTED_EDGE('',*,*,#8658,.T.);
#9125 = ORIENTED_EDGE('',*,*,#8686,.T.);
#9126 = ORIENTED_EDGE('',*,*,#8714,.T.);
#9127 = ORIENTED_EDGE('',*,*,#8742,.T.);
#9128 = ORIENTED_EDGE('',*,*,#8770,.T.);
#9129 = ORIENTED_EDGE('',*,*,#8798,.T.);
#9130 = ORIENTED_EDGE('',*,*,#8826,.T.);
#9131 = ORIENTED_EDGE('',*,*,#8854,.T.);
#9132 = ORIENTED_EDGE('',*,*,#8889,.T.);
#9133 = ORIENTED_EDGE('',*,*,#8904,.T.);
#9134 = ORIENTED_EDGE('',*,*,#8932,.T.);
#9135 = ORIENTED_EDGE('',*,*,#8960,.T.);
#9136 = ORIENTED_EDGE('',*,*,#8988,.T.);
#9137 = ORIENTED_EDGE('',*,*,#9016,.T.);
#9138 = ORIENTED_EDGE('',*,*,#9044,.T.);
#9139 = ORIENTED_EDGE('',*,*,#9072,.T.);
#9140 = ORIENTED_EDGE('',*,*,#9100,.T.);
#9141 = B_SPLINE_SURFACE_WITH_KNOTS('',1,1,(
    (#9142,#9143)
    ,(#9144,#9145
    )),.UNSPECIFIED.,.F.,.F.,.F.,(2,2),(2,2),(-3.645651194065E-02,
    0.191562399108),(-3.031544174738E-02,0.116836297359),
  .PIECEWISE_BEZIER_KNOTS.);
#9142 = CARTESIAN_POINT('',(6.20005,-0.713565280095,4.72072648317));
#9143 = CARTESIAN_POINT('',(6.20005,-0.566413540989,4.72072648317));
#9144 = CARTESIAN_POINT('',(6.20005,-0.713565280095,4.948745394218));
#9145 = CARTESIAN_POINT('',(6.20005,-0.566413540989,4.948745394218));
#9146 = ADVANCED_FACE('',(#9147),#9169,.F.);
#9147 = FACE_BOUND('',#9148,.T.);
#9148 = EDGE_LOOP('',(#9149,#9150,#9157,#9164));
#9149 = ORIENTED_EDGE('',*,*,#61,.T.);
#9150 = ORIENTED_EDGE('',*,*,#9151,.F.);
#9151 = EDGE_CURVE('',#9152,#64,#9154,.T.);
#9152 = VERTEX_POINT('',#9153);
#9153 = CARTESIAN_POINT('',(6.20005,-0.376995642582,4.943754556219));
#9154 = B_SPLINE_CURVE_WITH_KNOTS('',1,(#9155,#9156),.UNSPECIFIED.,.F.,
  .F.,(2,2),(-0.,9.999999999977E-05),.PIECEWISE_BEZIER_KNOTS.);
#9155 = CARTESIAN_POINT('',(6.20005,-0.376995642582,4.943754556219));
#9156 = CARTESIAN_POINT('',(6.19995,-0.376995642582,4.943754556219));
#9157 = ORIENTED_EDGE('',*,*,#9158,.F.);
#9158 = EDGE_CURVE('',#9159,#9152,#9161,.T.);
#9159 = VERTEX_POINT('',#9160);
#9160 = CARTESIAN_POINT('',(6.20005,-0.337380865972,4.943754556219));
#9161 = B_SPLINE_CURVE_WITH_KNOTS('',1,(#9162,#9163),.UNSPECIFIED.,.F.,
  .F.,(2,2),(-3.961477661021E-02,-0.),.PIECEWISE_BEZIER_KNOTS.);
#9162 = CARTESIAN_POINT('',(6.20005,-0.337380865972,4.943754556219));
#9163 = CARTESIAN_POINT('',(6.20005,-0.376995642582,4.943754556219));
#9164 = ORIENTED_EDGE('',*,*,#9165,.T.);
#9165 = EDGE_CURVE('',#9159,#62,#9166,.T.);
#9166 = B_SPLINE_CURVE_WITH_KNOTS('',1,(#9167,#9168),.UNSPECIFIED.,.F.,
  .F.,(2,2),(-0.,9.999999999977E-05),.PIECEWISE_BEZIER_KNOTS.);
#9167 = CARTESIAN_POINT('',(6.20005,-0.337380865972,4.943754556219));
#9168 = CARTESIAN_POINT('',(6.19995,-0.337380865972,4.943754556219));
#9169 = B_SPLINE_SURFACE_WITH_KNOTS('',1,1,(
    (#9170,#9171)
    ,(#9172,#9173
    )),.UNSPECIFIED.,.F.,.F.,.F.,(2,2),(2,2),(-7.771561172376E-16,
    3.961477661021E-02),(-9.999999999977E-05,0.),
  .PIECEWISE_BEZIER_KNOTS.);
#9170 = CARTESIAN_POINT('',(6.19995,-0.376995642582,4.943754556219));
#9171 = CARTESIAN_POINT('',(6.20005,-0.376995642582,4.943754556219));
#9172 = CARTESIAN_POINT('',(6.19995,-0.337380865972,4.943754556219));
#9173 = CARTESIAN_POINT('',(6.20005,-0.337380865972,4.943754556219));
#9174 = ADVANCED_FACE('',(#9175),#9191,.F.);
#9175 = FACE_BOUND('',#9176,.T.);
#9176 = EDGE_LOOP('',(#9177,#9178,#9185,#9190));
#9177 = ORIENTED_EDGE('',*,*,#171,.T.);
#9178 = ORIENTED_EDGE('',*,*,#9179,.F.);
#9179 = EDGE_CURVE('',#9180,#163,#9182,.T.);
#9180 = VERTEX_POINT('',#9181);
#9181 = CARTESIAN_POINT('',(6.20005,-0.436495789344,4.779680757024));
#9182 = B_SPLINE_CURVE_WITH_KNOTS('',1,(#9183,#9184),.UNSPECIFIED.,.F.,
  .F.,(2,2),(-0.,9.999999999888E-05),.PIECEWISE_BEZIER_KNOTS.);
#9183 = CARTESIAN_POINT('',(6.20005,-0.436495789344,4.779680757024));
#9184 = CARTESIAN_POINT('',(6.19995,-0.436495789344,4.779680757024));
#9185 = ORIENTED_EDGE('',*,*,#9186,.F.);
#9186 = EDGE_CURVE('',#9152,#9180,#9187,.T.);
#9187 = B_SPLINE_CURVE_WITH_KNOTS('',1,(#9188,#9189),.UNSPECIFIED.,.F.,
  .F.,(2,2),(-0.174529307129,-1.324731754033E-16),
  .PIECEWISE_BEZIER_KNOTS.);
#9188 = CARTESIAN_POINT('',(6.20005,-0.376995642582,4.943754556219));
#9189 = CARTESIAN_POINT('',(6.20005,-0.436495789344,4.779680757024));
#9190 = ORIENTED_EDGE('',*,*,#9151,.T.);
#9191 = B_SPLINE_SURFACE_WITH_KNOTS('',1,1,(
    (#9192,#9193)
    ,(#9194,#9195
    )),.UNSPECIFIED.,.F.,.F.,.F.,(2,2),(2,2),(1.324731754033E-16,
    0.174529307129),(-9.999999999977E-05,0.),.PIECEWISE_BEZIER_KNOTS.);
#9192 = CARTESIAN_POINT('',(6.19995,-0.436495789344,4.779680757024));
#9193 = CARTESIAN_POINT('',(6.20005,-0.436495789344,4.779680757024));
#9194 = CARTESIAN_POINT('',(6.19995,-0.376995642582,4.943754556219));
#9195 = CARTESIAN_POINT('',(6.20005,-0.376995642582,4.943754556219));
#9196 = ADVANCED_FACE('',(#9197),#9215,.F.);
#9197 = FACE_BOUND('',#9198,.F.);
#9198 = EDGE_LOOP('',(#9199,#9200,#9209,#9214));
#9199 = ORIENTED_EDGE('',*,*,#9179,.F.);
#9200 = ORIENTED_EDGE('',*,*,#9201,.T.);
#9201 = EDGE_CURVE('',#9180,#9202,#9204,.T.);
#9202 = VERTEX_POINT('',#9203);
#9203 = CARTESIAN_POINT('',(6.20005,-0.441174699968,4.762056860342));
#9204 = B_SPLINE_CURVE_WITH_KNOTS('',3,(#9205,#9206,#9207,#9208),
  .UNSPECIFIED.,.F.,.F.,(4,4),(12.,13.),.PIECEWISE_BEZIER_KNOTS.);
#9205 = CARTESIAN_POINT('',(6.20005,-0.436495789344,4.779680757024));
#9206 = CARTESIAN_POINT('',(6.20005,-0.438835244655,4.77203853634));
#9207 = CARTESIAN_POINT('',(6.20005,-0.440394881532,4.766111916217));
#9208 = CARTESIAN_POINT('',(6.20005,-0.441174699968,4.762056860342));
#9209 = ORIENTED_EDGE('',*,*,#9210,.T.);
#9210 = EDGE_CURVE('',#9202,#156,#9211,.T.);
#9211 = B_SPLINE_CURVE_WITH_KNOTS('',1,(#9212,#9213),.UNSPECIFIED.,.F.,
  .F.,(2,2),(-0.,9.999999999977E-05),.PIECEWISE_BEZIER_KNOTS.);
#9212 = CARTESIAN_POINT('',(6.20005,-0.441174699968,4.762056860342));
#9213 = CARTESIAN_POINT('',(6.19995,-0.441174699968,4.762056860342));
#9214 = ORIENTED_EDGE('',*,*,#162,.F.);
#9215 = B_SPLINE_SURFACE_WITH_KNOTS('',3,1,(
    (#9216,#9217)
    ,(#9218,#9219)
    ,(#9220,#9221)
    ,(#9222,#9223
    )),.UNSPECIFIED.,.F.,.F.,.F.,(4,4),(2,2),(12.,13.),(0.,1.),
  .PIECEWISE_BEZIER_KNOTS.);
#9216 = CARTESIAN_POINT('',(6.20005,-0.436495789344,4.779680757024));
#9217 = CARTESIAN_POINT('',(6.19995,-0.436495789344,4.779680757024));
#9218 = CARTESIAN_POINT('',(6.20005,-0.438835244655,4.77203853634));
#9219 = CARTESIAN_POINT('',(6.19995,-0.438835244655,4.77203853634));
#9220 = CARTESIAN_POINT('',(6.20005,-0.440394881532,4.766111916217));
#9221 = CARTESIAN_POINT('',(6.19995,-0.440394881532,4.766111916217));
#9222 = CARTESIAN_POINT('',(6.20005,-0.441174699968,4.762056860342));
#9223 = CARTESIAN_POINT('',(6.19995,-0.441174699968,4.762056860342));
#9224 = ADVANCED_FACE('',(#9225),#9241,.F.);
#9225 = FACE_BOUND('',#9226,.T.);
#9226 = EDGE_LOOP('',(#9227,#9228,#9235,#9240));
#9227 = ORIENTED_EDGE('',*,*,#155,.T.);
#9228 = ORIENTED_EDGE('',*,*,#9229,.F.);
#9229 = EDGE_CURVE('',#9230,#149,#9232,.T.);
#9230 = VERTEX_POINT('',#9231);
#9231 = CARTESIAN_POINT('',(6.20005,-0.442188463936,4.762056860342));
#9232 = B_SPLINE_CURVE_WITH_KNOTS('',1,(#9233,#9234),.UNSPECIFIED.,.F.,
  .F.,(2,2),(-0.,9.999999999977E-05),.PIECEWISE_BEZIER_KNOTS.);
#9233 = CARTESIAN_POINT('',(6.20005,-0.442188463936,4.762056860342));
#9234 = CARTESIAN_POINT('',(6.19995,-0.442188463936,4.762056860342));
#9235 = ORIENTED_EDGE('',*,*,#9236,.F.);
#9236 = EDGE_CURVE('',#9202,#9230,#9237,.T.);
#9237 = B_SPLINE_CURVE_WITH_KNOTS('',1,(#9238,#9239),.UNSPECIFIED.,.F.,
  .F.,(2,2),(-1.013763967252E-03,-0.),.PIECEWISE_BEZIER_KNOTS.);
#9238 = CARTESIAN_POINT('',(6.20005,-0.441174699968,4.762056860342));
#9239 = CARTESIAN_POINT('',(6.20005,-0.442188463936,4.762056860342));
#9240 = ORIENTED_EDGE('',*,*,#9210,.T.);
#9241 = B_SPLINE_SURFACE_WITH_KNOTS('',1,1,(
    (#9242,#9243)
    ,(#9244,#9245
    )),.UNSPECIFIED.,.F.,.F.,.F.,(2,2),(2,2),(0.,9.999999999977E-05),(
    -2.22044604925E-16,1.013763967252E-03),.PIECEWISE_BEZIER_KNOTS.);
#9242 = CARTESIAN_POINT('',(6.20005,-0.442188463936,4.762056860342));
#9243 = CARTESIAN_POINT('',(6.20005,-0.441174699968,4.762056860342));
#9244 = CARTESIAN_POINT('',(6.19995,-0.442188463936,4.762056860342));
#9245 = CARTESIAN_POINT('',(6.19995,-0.441174699968,4.762056860342));
#9246 = ADVANCED_FACE('',(#9247),#9263,.F.);
#9247 = FACE_BOUND('',#9248,.T.);
#9248 = EDGE_LOOP('',(#9249,#9250,#9257,#9262));
#9249 = ORIENTED_EDGE('',*,*,#148,.T.);
#9250 = ORIENTED_EDGE('',*,*,#9251,.F.);
#9251 = EDGE_CURVE('',#9252,#142,#9254,.T.);
#9252 = VERTEX_POINT('',#9253);
#9253 = CARTESIAN_POINT('',(6.20005,-0.44686737456,4.779992684399));
#9254 = B_SPLINE_CURVE_WITH_KNOTS('',1,(#9255,#9256),.UNSPECIFIED.,.F.,
  .F.,(2,2),(-0.,9.999999999977E-05),.PIECEWISE_BEZIER_KNOTS.);
#9255 = CARTESIAN_POINT('',(6.20005,-0.44686737456,4.779992684399));
#9256 = CARTESIAN_POINT('',(6.19995,-0.44686737456,4.779992684399));
#9257 = ORIENTED_EDGE('',*,*,#9258,.F.);
#9258 = EDGE_CURVE('',#9230,#9252,#9259,.T.);
#9259 = B_SPLINE_CURVE_WITH_KNOTS('',1,(#9260,#9261),.UNSPECIFIED.,.F.,
  .F.,(2,2),(-1.853607264843E-02,0.),.PIECEWISE_BEZIER_KNOTS.);
#9260 = CARTESIAN_POINT('',(6.20005,-0.442188463936,4.762056860342));
#9261 = CARTESIAN_POINT('',(6.20005,-0.44686737456,4.779992684399));
#9262 = ORIENTED_EDGE('',*,*,#9229,.T.);
#9263 = B_SPLINE_SURFACE_WITH_KNOTS('',1,1,(
    (#9264,#9265)
    ,(#9266,#9267
    )),.UNSPECIFIED.,.F.,.F.,.F.,(2,2),(2,2),(-1.29846665657E-15,
    1.853607264843E-02),(-9.999999999977E-05,0.),
  .PIECEWISE_BEZIER_KNOTS.);
#9264 = CARTESIAN_POINT('',(6.19995,-0.44686737456,4.779992684399));
#9265 = CARTESIAN_POINT('',(6.20005,-0.44686737456,4.779992684399));
#9266 = CARTESIAN_POINT('',(6.19995,-0.442188463936,4.762056860342));
#9267 = CARTESIAN_POINT('',(6.20005,-0.442188463936,4.762056860342));
#9268 = ADVANCED_FACE('',(#9269),#9285,.F.);
#9269 = FACE_BOUND('',#9270,.T.);
#9270 = EDGE_LOOP('',(#9271,#9272,#9279,#9284));
#9271 = ORIENTED_EDGE('',*,*,#141,.T.);
#9272 = ORIENTED_EDGE('',*,*,#9273,.F.);
#9273 = EDGE_CURVE('',#9274,#135,#9276,.T.);
#9274 = VERTEX_POINT('',#9275);
#9275 = CARTESIAN_POINT('',(6.20005,-0.503794120478,4.943754556219));
#9276 = B_SPLINE_CURVE_WITH_KNOTS('',1,(#9277,#9278),.UNSPECIFIED.,.F.,
  .F.,(2,2),(-0.,9.999999999977E-05),.PIECEWISE_BEZIER_KNOTS.);
#9277 = CARTESIAN_POINT('',(6.20005,-0.503794120478,4.943754556219));
#9278 = CARTESIAN_POINT('',(6.19995,-0.503794120478,4.943754556219));
#9279 = ORIENTED_EDGE('',*,*,#9280,.F.);
#9280 = EDGE_CURVE('',#9252,#9274,#9281,.T.);
#9281 = B_SPLINE_CURVE_WITH_KNOTS('',1,(#9282,#9283),.UNSPECIFIED.,.F.,
  .F.,(2,2),(-0.173374176459,0.),.PIECEWISE_BEZIER_KNOTS.);
#9282 = CARTESIAN_POINT('',(6.20005,-0.44686737456,4.779992684399));
#9283 = CARTESIAN_POINT('',(6.20005,-0.503794120478,4.943754556219));
#9284 = ORIENTED_EDGE('',*,*,#9251,.T.);
#9285 = B_SPLINE_SURFACE_WITH_KNOTS('',1,1,(
    (#9286,#9287)
    ,(#9288,#9289
    )),.UNSPECIFIED.,.F.,.F.,.F.,(2,2),(2,2),(-2.736527873712E-16,
    0.173374176459),(-9.999999999977E-05,0.),.PIECEWISE_BEZIER_KNOTS.);
#9286 = CARTESIAN_POINT('',(6.19995,-0.503794120478,4.943754556219));
#9287 = CARTESIAN_POINT('',(6.20005,-0.503794120478,4.943754556219));
#9288 = CARTESIAN_POINT('',(6.19995,-0.44686737456,4.779992684399));
#9289 = CARTESIAN_POINT('',(6.20005,-0.44686737456,4.779992684399));
#9290 = ADVANCED_FACE('',(#9291),#9307,.F.);
#9291 = FACE_BOUND('',#9292,.T.);
#9292 = EDGE_LOOP('',(#9293,#9294,#9301,#9306));
#9293 = ORIENTED_EDGE('',*,*,#134,.T.);
#9294 = ORIENTED_EDGE('',*,*,#9295,.F.);
#9295 = EDGE_CURVE('',#9296,#128,#9298,.T.);
#9296 = VERTEX_POINT('',#9297);
#9297 = CARTESIAN_POINT('',(6.20005,-0.546528170839,4.943754556219));
#9298 = B_SPLINE_CURVE_WITH_KNOTS('',1,(#9299,#9300),.UNSPECIFIED.,.F.,
  .F.,(2,2),(-0.,9.999999999977E-05),.PIECEWISE_BEZIER_KNOTS.);
#9299 = CARTESIAN_POINT('',(6.20005,-0.546528170839,4.943754556219));
#9300 = CARTESIAN_POINT('',(6.19995,-0.546528170839,4.943754556219));
#9301 = ORIENTED_EDGE('',*,*,#9302,.F.);
#9302 = EDGE_CURVE('',#9274,#9296,#9303,.T.);
#9303 = B_SPLINE_CURVE_WITH_KNOTS('',1,(#9304,#9305),.UNSPECIFIED.,.F.,
  .F.,(2,2),(-4.27340503608E-02,-0.),.PIECEWISE_BEZIER_KNOTS.);
#9304 = CARTESIAN_POINT('',(6.20005,-0.503794120478,4.943754556219));
#9305 = CARTESIAN_POINT('',(6.20005,-0.546528170839,4.943754556219));
#9306 = ORIENTED_EDGE('',*,*,#9273,.T.);
#9307 = B_SPLINE_SURFACE_WITH_KNOTS('',1,1,(
    (#9308,#9309)
    ,(#9310,#9311
    )),.UNSPECIFIED.,.F.,.F.,.F.,(2,2),(2,2),(-1.221245327088E-15,
    4.27340503608E-02),(-9.999999999977E-05,0.),
  .PIECEWISE_BEZIER_KNOTS.);
#9308 = CARTESIAN_POINT('',(6.19995,-0.546528170839,4.943754556219));
#9309 = CARTESIAN_POINT('',(6.20005,-0.546528170839,4.943754556219));
#9310 = CARTESIAN_POINT('',(6.19995,-0.503794120478,4.943754556219));
#9311 = CARTESIAN_POINT('',(6.20005,-0.503794120478,4.943754556219));
#9312 = ADVANCED_FACE('',(#9313),#9329,.F.);
#9313 = FACE_BOUND('',#9314,.T.);
#9314 = EDGE_LOOP('',(#9315,#9316,#9323,#9328));
#9315 = ORIENTED_EDGE('',*,*,#127,.T.);
#9316 = ORIENTED_EDGE('',*,*,#9317,.F.);
#9317 = EDGE_CURVE('',#9318,#121,#9320,.T.);
#9318 = VERTEX_POINT('',#9319);
#9319 = CARTESIAN_POINT('',(6.20005,-0.461060070117,4.726341175918));
#9320 = B_SPLINE_CURVE_WITH_KNOTS('',1,(#9321,#9322),.UNSPECIFIED.,.F.,
  .F.,(2,2),(-0.,9.999999999977E-05),.PIECEWISE_BEZIER_KNOTS.);
#9321 = CARTESIAN_POINT('',(6.20005,-0.461060070117,4.726341175918));
#9322 = CARTESIAN_POINT('',(6.19995,-0.461060070117,4.726341175918));
#9323 = ORIENTED_EDGE('',*,*,#9324,.F.);
#9324 = EDGE_CURVE('',#9296,#9318,#9325,.T.);
#9325 = B_SPLINE_CURVE_WITH_KNOTS('',1,(#9326,#9327),.UNSPECIFIED.,.F.,
  .F.,(2,2),(-0.233609447958,0.),.PIECEWISE_BEZIER_KNOTS.);
#9326 = CARTESIAN_POINT('',(6.20005,-0.546528170839,4.943754556219));
#9327 = CARTESIAN_POINT('',(6.20005,-0.461060070117,4.726341175918));
#9328 = ORIENTED_EDGE('',*,*,#9295,.T.);
#9329 = B_SPLINE_SURFACE_WITH_KNOTS('',1,1,(
    (#9330,#9331)
    ,(#9332,#9333
    )),.UNSPECIFIED.,.F.,.F.,.F.,(2,2),(2,2),(-1.421647495106E-16,
    0.233609447958),(-9.999999999977E-05,0.),.PIECEWISE_BEZIER_KNOTS.);
#9330 = CARTESIAN_POINT('',(6.19995,-0.461060070117,4.726341175918));
#9331 = CARTESIAN_POINT('',(6.20005,-0.461060070117,4.726341175918));
#9332 = CARTESIAN_POINT('',(6.19995,-0.546528170839,4.943754556219));
#9333 = CARTESIAN_POINT('',(6.20005,-0.546528170839,4.943754556219));
#9334 = ADVANCED_FACE('',(#9335),#9351,.F.);
#9335 = FACE_BOUND('',#9336,.T.);
#9336 = EDGE_LOOP('',(#9337,#9338,#9345,#9350));
#9337 = ORIENTED_EDGE('',*,*,#120,.T.);
#9338 = ORIENTED_EDGE('',*,*,#9339,.F.);
#9339 = EDGE_CURVE('',#9340,#112,#9342,.T.);
#9340 = VERTEX_POINT('',#9341);
#9341 = CARTESIAN_POINT('',(6.20005,-0.477826166518,4.686726399305));
#9342 = B_SPLINE_CURVE_WITH_KNOTS('',1,(#9343,#9344),.UNSPECIFIED.,.F.,
  .F.,(2,2),(-0.,9.999999999888E-05),.PIECEWISE_BEZIER_KNOTS.);
#9343 = CARTESIAN_POINT('',(6.20005,-0.477826166518,4.686726399305));
#9344 = CARTESIAN_POINT('',(6.19995,-0.477826166518,4.686726399305));
#9345 = ORIENTED_EDGE('',*,*,#9346,.F.);
#9346 = EDGE_CURVE('',#9318,#9340,#9347,.T.);
#9347 = B_SPLINE_CURVE_WITH_KNOTS('',1,(#9348,#9349),.UNSPECIFIED.,.F.,
  .F.,(2,2),(-4.301665392122E-02,-1.298155799741E-16),
  .PIECEWISE_BEZIER_KNOTS.);
#9348 = CARTESIAN_POINT('',(6.20005,-0.461060070117,4.726341175918));
#9349 = CARTESIAN_POINT('',(6.20005,-0.477826166518,4.686726399305));
#9350 = ORIENTED_EDGE('',*,*,#9317,.T.);
#9351 = B_SPLINE_SURFACE_WITH_KNOTS('',1,1,(
    (#9352,#9353)
    ,(#9354,#9355
    )),.UNSPECIFIED.,.F.,.F.,.F.,(2,2),(2,2),(1.298155799741E-16,
    4.301665392122E-02),(-9.999999999977E-05,0.),
  .PIECEWISE_BEZIER_KNOTS.);
#9352 = CARTESIAN_POINT('',(6.19995,-0.477826166518,4.686726399305));
#9353 = CARTESIAN_POINT('',(6.20005,-0.477826166518,4.686726399305));
#9354 = CARTESIAN_POINT('',(6.19995,-0.461060070117,4.726341175918));
#9355 = CARTESIAN_POINT('',(6.20005,-0.461060070117,4.726341175918));
#9356 = ADVANCED_FACE('',(#9357),#9375,.F.);
#9357 = FACE_BOUND('',#9358,.F.);
#9358 = EDGE_LOOP('',(#9359,#9360,#9369,#9374));
#9359 = ORIENTED_EDGE('',*,*,#9339,.F.);
#9360 = ORIENTED_EDGE('',*,*,#9361,.T.);
#9361 = EDGE_CURVE('',#9340,#9362,#9364,.T.);
#9362 = VERTEX_POINT('',#9363);
#9363 = CARTESIAN_POINT('',(6.20005,-0.516973052068,4.656001552878));
#9364 = B_SPLINE_CURVE_WITH_KNOTS('',3,(#9365,#9366,#9367,#9368),
  .UNSPECIFIED.,.F.,.F.,(4,4),(5.,6.),.PIECEWISE_BEZIER_KNOTS.);
#9365 = CARTESIAN_POINT('',(6.20005,-0.477826166518,4.686726399305));
#9366 = CARTESIAN_POINT('',(6.20005,-0.486482151171,4.666139192563));
#9367 = CARTESIAN_POINT('',(6.20005,-0.499505119073,4.656001552878));
#9368 = CARTESIAN_POINT('',(6.20005,-0.516973052068,4.656001552878));
#9369 = ORIENTED_EDGE('',*,*,#9370,.T.);
#9370 = EDGE_CURVE('',#9362,#103,#9371,.T.);
#9371 = B_SPLINE_CURVE_WITH_KNOTS('',1,(#9372,#9373),.UNSPECIFIED.,.F.,
  .F.,(2,2),(-0.,9.999999999888E-05),.PIECEWISE_BEZIER_KNOTS.);
#9372 = CARTESIAN_POINT('',(6.20005,-0.516973052068,4.656001552878));
#9373 = CARTESIAN_POINT('',(6.19995,-0.516973052068,4.656001552878));
#9374 = ORIENTED_EDGE('',*,*,#111,.F.);
#9375 = B_SPLINE_SURFACE_WITH_KNOTS('',3,1,(
    (#9376,#9377)
    ,(#9378,#9379)
    ,(#9380,#9381)
    ,(#9382,#9383
    )),.UNSPECIFIED.,.F.,.F.,.F.,(4,4),(2,2),(5.,6.),(0.,1.),
  .PIECEWISE_BEZIER_KNOTS.);
#9376 = CARTESIAN_POINT('',(6.20005,-0.477826166518,4.686726399305));
#9377 = CARTESIAN_POINT('',(6.19995,-0.477826166518,4.686726399305));
#9378 = CARTESIAN_POINT('',(6.20005,-0.486482151171,4.666139192563));
#9379 = CARTESIAN_POINT('',(6.19995,-0.486482151171,4.666139192563));
#9380 = CARTESIAN_POINT('',(6.20005,-0.499505119073,4.656001552878));
#9381 = CARTESIAN_POINT('',(6.19995,-0.499505119073,4.656001552878));
#9382 = CARTESIAN_POINT('',(6.20005,-0.516973052068,4.656001552878));
#9383 = CARTESIAN_POINT('',(6.19995,-0.516973052068,4.656001552878));
#9384 = ADVANCED_FACE('',(#9385),#9403,.F.);
#9385 = FACE_BOUND('',#9386,.F.);
#9386 = EDGE_LOOP('',(#9387,#9388,#9397,#9402));
#9387 = ORIENTED_EDGE('',*,*,#9370,.F.);
#9388 = ORIENTED_EDGE('',*,*,#9389,.T.);
#9389 = EDGE_CURVE('',#9362,#9390,#9392,.T.);
#9390 = VERTEX_POINT('',#9391);
#9391 = CARTESIAN_POINT('',(6.20005,-0.538652004622,4.660368536128));
#9392 = B_SPLINE_CURVE_WITH_KNOTS('',3,(#9393,#9394,#9395,#9396),
  .UNSPECIFIED.,.F.,.F.,(4,4),(4.,5.),.PIECEWISE_BEZIER_KNOTS.);
#9393 = CARTESIAN_POINT('',(6.20005,-0.516973052068,4.656001552878));
#9394 = CARTESIAN_POINT('',(6.20005,-0.523991418002,4.656001552878));
#9395 = CARTESIAN_POINT('',(6.20005,-0.531165747625,4.657405226065));
#9396 = CARTESIAN_POINT('',(6.20005,-0.538652004622,4.660368536128));
#9397 = ORIENTED_EDGE('',*,*,#9398,.T.);
#9398 = EDGE_CURVE('',#9390,#96,#9399,.T.);
#9399 = B_SPLINE_CURVE_WITH_KNOTS('',1,(#9400,#9401),.UNSPECIFIED.,.F.,
  .F.,(2,2),(-0.,9.999999999977E-05),.PIECEWISE_BEZIER_KNOTS.);
#9400 = CARTESIAN_POINT('',(6.20005,-0.538652004622,4.660368536128));
#9401 = CARTESIAN_POINT('',(6.19995,-0.538652004622,4.660368536128));
#9402 = ORIENTED_EDGE('',*,*,#102,.F.);
#9403 = B_SPLINE_SURFACE_WITH_KNOTS('',3,1,(
    (#9404,#9405)
    ,(#9406,#9407)
    ,(#9408,#9409)
    ,(#9410,#9411
    )),.UNSPECIFIED.,.F.,.F.,.F.,(4,4),(2,2),(4.,5.),(0.,1.),
  .PIECEWISE_BEZIER_KNOTS.);
#9404 = CARTESIAN_POINT('',(6.20005,-0.516973052068,4.656001552878));
#9405 = CARTESIAN_POINT('',(6.19995,-0.516973052068,4.656001552878));
#9406 = CARTESIAN_POINT('',(6.20005,-0.523991418002,4.656001552878));
#9407 = CARTESIAN_POINT('',(6.19995,-0.523991418002,4.656001552878));
#9408 = CARTESIAN_POINT('',(6.20005,-0.531165747625,4.657405226065));
#9409 = CARTESIAN_POINT('',(6.19995,-0.531165747625,4.657405226065));
#9410 = CARTESIAN_POINT('',(6.20005,-0.538652004622,4.660368536128));
#9411 = CARTESIAN_POINT('',(6.19995,-0.538652004622,4.660368536128));
#9412 = ADVANCED_FACE('',(#9413),#9429,.F.);
#9413 = FACE_BOUND('',#9414,.T.);
#9414 = EDGE_LOOP('',(#9415,#9416,#9423,#9428));
#9415 = ORIENTED_EDGE('',*,*,#95,.T.);
#9416 = ORIENTED_EDGE('',*,*,#9417,.F.);
#9417 = EDGE_CURVE('',#9418,#87,#9420,.T.);
#9418 = VERTEX_POINT('',#9419);
#9419 = CARTESIAN_POINT('',(6.20005,-0.538652004622,4.626368452263));
#9420 = B_SPLINE_CURVE_WITH_KNOTS('',1,(#9421,#9422),.UNSPECIFIED.,.F.,
  .F.,(2,2),(-0.,9.999999999888E-05),.PIECEWISE_BEZIER_KNOTS.);
#9421 = CARTESIAN_POINT('',(6.20005,-0.538652004622,4.626368452263));
#9422 = CARTESIAN_POINT('',(6.19995,-0.538652004622,4.626368452263));
#9423 = ORIENTED_EDGE('',*,*,#9424,.F.);
#9424 = EDGE_CURVE('',#9390,#9418,#9425,.T.);
#9425 = B_SPLINE_CURVE_WITH_KNOTS('',1,(#9426,#9427),.UNSPECIFIED.,.F.,
  .F.,(2,2),(-3.400008386433E-02,-2.22044604925E-16),
  .PIECEWISE_BEZIER_KNOTS.);
#9426 = CARTESIAN_POINT('',(6.20005,-0.538652004622,4.660368536128));
#9427 = CARTESIAN_POINT('',(6.20005,-0.538652004622,4.626368452263));
#9428 = ORIENTED_EDGE('',*,*,#9398,.T.);
#9429 = B_SPLINE_SURFACE_WITH_KNOTS('',1,1,(
    (#9430,#9431)
    ,(#9432,#9433
    )),.UNSPECIFIED.,.F.,.F.,.F.,(2,2),(2,2),(2.22044604925E-16,
    3.400008386433E-02),(-9.999999999977E-05,0.),
  .PIECEWISE_BEZIER_KNOTS.);
#9430 = CARTESIAN_POINT('',(6.19995,-0.538652004622,4.626368452263));
#9431 = CARTESIAN_POINT('',(6.20005,-0.538652004622,4.626368452263));
#9432 = CARTESIAN_POINT('',(6.19995,-0.538652004622,4.660368536128));
#9433 = CARTESIAN_POINT('',(6.20005,-0.538652004622,4.660368536128));
#9434 = ADVANCED_FACE('',(#9435),#9453,.F.);
#9435 = FACE_BOUND('',#9436,.F.);
#9436 = EDGE_LOOP('',(#9437,#9438,#9447,#9452));
#9437 = ORIENTED_EDGE('',*,*,#9417,.F.);
#9438 = ORIENTED_EDGE('',*,*,#9439,.T.);
#9439 = EDGE_CURVE('',#9418,#9440,#9442,.T.);
#9440 = VERTEX_POINT('',#9441);
#9441 = CARTESIAN_POINT('',(6.20005,-0.514009742006,4.623249178514));
#9442 = B_SPLINE_CURVE_WITH_KNOTS('',3,(#9443,#9444,#9445,#9446),
  .UNSPECIFIED.,.F.,.F.,(4,4),(2.,3.),.PIECEWISE_BEZIER_KNOTS.);
#9443 = CARTESIAN_POINT('',(6.20005,-0.538652004622,4.626368452263));
#9444 = CARTESIAN_POINT('',(6.20005,-0.531867584219,4.624340924327));
#9445 = CARTESIAN_POINT('',(6.20005,-0.523601508784,4.623249178514));
#9446 = CARTESIAN_POINT('',(6.20005,-0.514009742006,4.623249178514));
#9447 = ORIENTED_EDGE('',*,*,#9448,.T.);
#9448 = EDGE_CURVE('',#9440,#78,#9449,.T.);
#9449 = B_SPLINE_CURVE_WITH_KNOTS('',1,(#9450,#9451),.UNSPECIFIED.,.F.,
  .F.,(2,2),(-0.,9.999999999888E-05),.PIECEWISE_BEZIER_KNOTS.);
#9450 = CARTESIAN_POINT('',(6.20005,-0.514009742006,4.623249178514));
#9451 = CARTESIAN_POINT('',(6.19995,-0.514009742006,4.623249178514));
#9452 = ORIENTED_EDGE('',*,*,#86,.F.);
#9453 = B_SPLINE_SURFACE_WITH_KNOTS('',3,1,(
    (#9454,#9455)
    ,(#9456,#9457)
    ,(#9458,#9459)
    ,(#9460,#9461
    )),.UNSPECIFIED.,.F.,.F.,.F.,(4,4),(2,2),(2.,3.),(0.,1.),
  .PIECEWISE_BEZIER_KNOTS.);
#9454 = CARTESIAN_POINT('',(6.20005,-0.538652004622,4.626368452263));
#9455 = CARTESIAN_POINT('',(6.19995,-0.538652004622,4.626368452263));
#9456 = CARTESIAN_POINT('',(6.20005,-0.531867584219,4.624340924327));
#9457 = CARTESIAN_POINT('',(6.19995,-0.531867584219,4.624340924327));
#9458 = CARTESIAN_POINT('',(6.20005,-0.523601508784,4.623249178514));
#9459 = CARTESIAN_POINT('',(6.19995,-0.523601508784,4.623249178514));
#9460 = CARTESIAN_POINT('',(6.20005,-0.514009742006,4.623249178514));
#9461 = CARTESIAN_POINT('',(6.19995,-0.514009742006,4.623249178514));
#9462 = ADVANCED_FACE('',(#9463),#9481,.F.);
#9463 = FACE_BOUND('',#9464,.F.);
#9464 = EDGE_LOOP('',(#9465,#9466,#9475,#9480));
#9465 = ORIENTED_EDGE('',*,*,#9448,.F.);
#9466 = ORIENTED_EDGE('',*,*,#9467,.T.);
#9467 = EDGE_CURVE('',#9440,#9468,#9470,.T.);
#9468 = VERTEX_POINT('',#9469);
#9469 = CARTESIAN_POINT('',(6.20005,-0.436261843813,4.692964946805));
#9470 = B_SPLINE_CURVE_WITH_KNOTS('',3,(#9471,#9472,#9473,#9474),
  .UNSPECIFIED.,.F.,.F.,(4,4),(1.,2.),.PIECEWISE_BEZIER_KNOTS.);
#9471 = CARTESIAN_POINT('',(6.20005,-0.514009742006,4.623249178514));
#9472 = CARTESIAN_POINT('',(6.20005,-0.480555531049,4.623249178514));
#9473 = CARTESIAN_POINT('',(6.20005,-0.454665558932,4.646487767944));
#9474 = CARTESIAN_POINT('',(6.20005,-0.436261843813,4.692964946805));
#9475 = ORIENTED_EDGE('',*,*,#9476,.T.);
#9476 = EDGE_CURVE('',#9468,#71,#9477,.T.);
#9477 = B_SPLINE_CURVE_WITH_KNOTS('',1,(#9478,#9479),.UNSPECIFIED.,.F.,
  .F.,(2,2),(-0.,9.999999999977E-05),.PIECEWISE_BEZIER_KNOTS.);
#9478 = CARTESIAN_POINT('',(6.20005,-0.436261843813,4.692964946805));
#9479 = CARTESIAN_POINT('',(6.19995,-0.436261843813,4.692964946805));
#9480 = ORIENTED_EDGE('',*,*,#77,.F.);
#9481 = B_SPLINE_SURFACE_WITH_KNOTS('',3,1,(
    (#9482,#9483)
    ,(#9484,#9485)
    ,(#9486,#9487)
    ,(#9488,#9489
    )),.UNSPECIFIED.,.F.,.F.,.F.,(4,4),(2,2),(1.,2.),(0.,1.),
  .PIECEWISE_BEZIER_KNOTS.);
#9482 = CARTESIAN_POINT('',(6.20005,-0.514009742006,4.623249178514));
#9483 = CARTESIAN_POINT('',(6.19995,-0.514009742006,4.623249178514));
#9484 = CARTESIAN_POINT('',(6.20005,-0.480555531049,4.623249178514));
#9485 = CARTESIAN_POINT('',(6.19995,-0.480555531049,4.623249178514));
#9486 = CARTESIAN_POINT('',(6.20005,-0.454665558932,4.646487767944));
#9487 = CARTESIAN_POINT('',(6.19995,-0.454665558932,4.646487767944));
#9488 = CARTESIAN_POINT('',(6.20005,-0.436261843813,4.692964946805));
#9489 = CARTESIAN_POINT('',(6.19995,-0.436261843813,4.692964946805));
#9490 = ADVANCED_FACE('',(#9491),#9501,.F.);
#9491 = FACE_BOUND('',#9492,.T.);
#9492 = EDGE_LOOP('',(#9493,#9494,#9495,#9500));
#9493 = ORIENTED_EDGE('',*,*,#70,.T.);
#9494 = ORIENTED_EDGE('',*,*,#9165,.F.);
#9495 = ORIENTED_EDGE('',*,*,#9496,.F.);
#9496 = EDGE_CURVE('',#9468,#9159,#9497,.T.);
#9497 = B_SPLINE_CURVE_WITH_KNOTS('',1,(#9498,#9499),.UNSPECIFIED.,.F.,
  .F.,(2,2),(-0.269579071831,0.),.PIECEWISE_BEZIER_KNOTS.);
#9498 = CARTESIAN_POINT('',(6.20005,-0.436261843813,4.692964946805));
#9499 = CARTESIAN_POINT('',(6.20005,-0.337380865972,4.943754556219));
#9500 = ORIENTED_EDGE('',*,*,#9476,.T.);
#9501 = B_SPLINE_SURFACE_WITH_KNOTS('',1,1,(
    (#9502,#9503)
    ,(#9504,#9505
    )),.UNSPECIFIED.,.F.,.F.,.F.,(2,2),(2,2),(-0.,0.269579071831),(
    -9.999999999977E-05,0.),.PIECEWISE_BEZIER_KNOTS.);
#9502 = CARTESIAN_POINT('',(6.19995,-0.337380865972,4.943754556219));
#9503 = CARTESIAN_POINT('',(6.20005,-0.337380865972,4.943754556219));
#9504 = CARTESIAN_POINT('',(6.19995,-0.436261843813,4.692964946805));
#9505 = CARTESIAN_POINT('',(6.20005,-0.436261843813,4.692964946805));
#9506 = ADVANCED_FACE('',(#9507),#9524,.T.);
#9507 = FACE_BOUND('',#9508,.T.);
#9508 = EDGE_LOOP('',(#9509,#9510,#9511,#9512,#9513,#9514,#9515,#9516,
    #9517,#9518,#9519,#9520,#9521,#9522,#9523));
#9509 = ORIENTED_EDGE('',*,*,#9158,.T.);
#9510 = ORIENTED_EDGE('',*,*,#9186,.T.);
#9511 = ORIENTED_EDGE('',*,*,#9201,.T.);
#9512 = ORIENTED_EDGE('',*,*,#9236,.T.);
#9513 = ORIENTED_EDGE('',*,*,#9258,.T.);
#9514 = ORIENTED_EDGE('',*,*,#9280,.T.);
#9515 = ORIENTED_EDGE('',*,*,#9302,.T.);
#9516 = ORIENTED_EDGE('',*,*,#9324,.T.);
#9517 = ORIENTED_EDGE('',*,*,#9346,.T.);
#9518 = ORIENTED_EDGE('',*,*,#9361,.T.);
#9519 = ORIENTED_EDGE('',*,*,#9389,.T.);
#9520 = ORIENTED_EDGE('',*,*,#9424,.T.);
#9521 = ORIENTED_EDGE('',*,*,#9439,.T.);
#9522 = ORIENTED_EDGE('',*,*,#9467,.T.);
#9523 = ORIENTED_EDGE('',*,*,#9496,.T.);
#9524 = B_SPLINE_SURFACE_WITH_KNOTS('',1,1,(
    (#9525,#9526)
    ,(#9527,#9528
    )),.UNSPECIFIED.,.F.,.F.,.F.,(2,2),(2,2),(-0.303076435633,
    1.742894207268E-02),(-7.703631386869E-02,0.132110990998),
  .PIECEWISE_BEZIER_KNOTS.);
#9525 = CARTESIAN_POINT('',(6.20005,-0.546528170839,4.943754556219));
#9526 = CARTESIAN_POINT('',(6.20005,-0.337380865972,4.943754556219));
#9527 = CARTESIAN_POINT('',(6.20005,-0.546528170839,4.623249178514));
#9528 = CARTESIAN_POINT('',(6.20005,-0.337380865972,4.623249178514));
#9529 = ADVANCED_FACE('',(#9530),#9552,.F.);
#9530 = FACE_BOUND('',#9531,.T.);
#9531 = EDGE_LOOP('',(#9532,#9533,#9540,#9547));
#9532 = ORIENTED_EDGE('',*,*,#1018,.T.);
#9533 = ORIENTED_EDGE('',*,*,#9534,.F.);
#9534 = EDGE_CURVE('',#9535,#1021,#9537,.T.);
#9535 = VERTEX_POINT('',#9536);
#9536 = CARTESIAN_POINT('',(6.20005,-0.13213265329,4.760653187157));
#9537 = B_SPLINE_CURVE_WITH_KNOTS('',1,(#9538,#9539),.UNSPECIFIED.,.F.,
  .F.,(2,2),(-0.,9.999999999977E-05),.PIECEWISE_BEZIER_KNOTS.);
#9538 = CARTESIAN_POINT('',(6.20005,-0.13213265329,4.760653187157));
#9539 = CARTESIAN_POINT('',(6.19995,-0.13213265329,4.760653187157));
#9540 = ORIENTED_EDGE('',*,*,#9541,.F.);
#9541 = EDGE_CURVE('',#9542,#9535,#9544,.T.);
#9542 = VERTEX_POINT('',#9543);
#9543 = CARTESIAN_POINT('',(6.20005,-0.13213265329,4.725873284856));
#9544 = B_SPLINE_CURVE_WITH_KNOTS('',1,(#9545,#9546),.UNSPECIFIED.,.F.,
  .F.,(2,2),(-3.477990230068E-02,0.),.PIECEWISE_BEZIER_KNOTS.);
#9545 = CARTESIAN_POINT('',(6.20005,-0.13213265329,4.725873284856));
#9546 = CARTESIAN_POINT('',(6.20005,-0.13213265329,4.760653187157));
#9547 = ORIENTED_EDGE('',*,*,#9548,.T.);
#9548 = EDGE_CURVE('',#9542,#1019,#9549,.T.);
#9549 = B_SPLINE_CURVE_WITH_KNOTS('',1,(#9550,#9551),.UNSPECIFIED.,.F.,
  .F.,(2,2),(-0.,9.999999999977E-05),.PIECEWISE_BEZIER_KNOTS.);
#9550 = CARTESIAN_POINT('',(6.20005,-0.13213265329,4.725873284856));
#9551 = CARTESIAN_POINT('',(6.19995,-0.13213265329,4.725873284856));
#9552 = B_SPLINE_SURFACE_WITH_KNOTS('',1,1,(
    (#9553,#9554)
    ,(#9555,#9556
    )),.UNSPECIFIED.,.F.,.F.,.F.,(2,2),(2,2),(-2.22044604925E-16,
    3.477990230068E-02),(-9.999999999977E-05,0.),
  .PIECEWISE_BEZIER_KNOTS.);
#9553 = CARTESIAN_POINT('',(6.19995,-0.13213265329,4.760653187157));
#9554 = CARTESIAN_POINT('',(6.20005,-0.13213265329,4.760653187157));
#9555 = CARTESIAN_POINT('',(6.19995,-0.13213265329,4.725873284856));
#9556 = CARTESIAN_POINT('',(6.20005,-0.13213265329,4.725873284856));
#9557 = ADVANCED_FACE('',(#9558),#9574,.F.);
#9558 = FACE_BOUND('',#9559,.T.);
#9559 = EDGE_LOOP('',(#9560,#9561,#9568,#9573));
#9560 = ORIENTED_EDGE('',*,*,#1097,.T.);
#9561 = ORIENTED_EDGE('',*,*,#9562,.F.);
#9562 = EDGE_CURVE('',#9563,#1091,#9565,.T.);
#9563 = VERTEX_POINT('',#9564);
#9564 = CARTESIAN_POINT('',(6.20005,-0.256825621403,4.760653187157));
#9565 = B_SPLINE_CURVE_WITH_KNOTS('',1,(#9566,#9567),.UNSPECIFIED.,.F.,
  .F.,(2,2),(-0.,9.999999999977E-05),.PIECEWISE_BEZIER_KNOTS.);
#9566 = CARTESIAN_POINT('',(6.20005,-0.256825621403,4.760653187157));
#9567 = CARTESIAN_POINT('',(6.19995,-0.256825621403,4.760653187157));
#9568 = ORIENTED_EDGE('',*,*,#9569,.F.);
#9569 = EDGE_CURVE('',#9535,#9563,#9570,.T.);
#9570 = B_SPLINE_CURVE_WITH_KNOTS('',1,(#9571,#9572),.UNSPECIFIED.,.F.,
  .F.,(2,2),(-0.124692968114,-0.),.PIECEWISE_BEZIER_KNOTS.);
#9571 = CARTESIAN_POINT('',(6.20005,-0.13213265329,4.760653187157));
#9572 = CARTESIAN_POINT('',(6.20005,-0.256825621403,4.760653187157));
#9573 = ORIENTED_EDGE('',*,*,#9534,.T.);
#9574 = B_SPLINE_SURFACE_WITH_KNOTS('',1,1,(
    (#9575,#9576)
    ,(#9577,#9578
    )),.UNSPECIFIED.,.F.,.F.,.F.,(2,2),(2,2),(-3.885780586188E-16,
    0.124692968114),(-9.999999999977E-05,0.),.PIECEWISE_BEZIER_KNOTS.);
#9575 = CARTESIAN_POINT('',(6.19995,-0.256825621403,4.760653187157));
#9576 = CARTESIAN_POINT('',(6.20005,-0.256825621403,4.760653187157));
#9577 = CARTESIAN_POINT('',(6.19995,-0.13213265329,4.760653187157));
#9578 = CARTESIAN_POINT('',(6.20005,-0.13213265329,4.760653187157));
#9579 = ADVANCED_FACE('',(#9580),#9596,.F.);
#9580 = FACE_BOUND('',#9581,.T.);
#9581 = EDGE_LOOP('',(#9582,#9583,#9590,#9595));
#9582 = ORIENTED_EDGE('',*,*,#1090,.T.);
#9583 = ORIENTED_EDGE('',*,*,#9584,.F.);
#9584 = EDGE_CURVE('',#9585,#1084,#9587,.T.);
#9585 = VERTEX_POINT('',#9586);
#9586 = CARTESIAN_POINT('',(6.20005,-0.256825621403,4.863277293497));
#9587 = B_SPLINE_CURVE_WITH_KNOTS('',1,(#9588,#9589),.UNSPECIFIED.,.F.,
  .F.,(2,2),(-0.,9.999999999977E-05),.PIECEWISE_BEZIER_KNOTS.);
#9588 = CARTESIAN_POINT('',(6.20005,-0.256825621403,4.863277293497));
#9589 = CARTESIAN_POINT('',(6.19995,-0.256825621403,4.863277293497));
#9590 = ORIENTED_EDGE('',*,*,#9591,.F.);
#9591 = EDGE_CURVE('',#9563,#9585,#9592,.T.);
#9592 = B_SPLINE_CURVE_WITH_KNOTS('',1,(#9593,#9594),.UNSPECIFIED.,.F.,
  .F.,(2,2),(-0.10262410634,0.),.PIECEWISE_BEZIER_KNOTS.);
#9593 = CARTESIAN_POINT('',(6.20005,-0.256825621403,4.760653187157));
#9594 = CARTESIAN_POINT('',(6.20005,-0.256825621403,4.863277293497));
#9595 = ORIENTED_EDGE('',*,*,#9562,.T.);
#9596 = B_SPLINE_SURFACE_WITH_KNOTS('',1,1,(
    (#9597,#9598)
    ,(#9599,#9600
    )),.UNSPECIFIED.,.F.,.F.,.F.,(2,2),(2,2),(0.,0.10262410634),(
    -9.999999999977E-05,0.),.PIECEWISE_BEZIER_KNOTS.);
#9597 = CARTESIAN_POINT('',(6.19995,-0.256825621403,4.863277293497));
#9598 = CARTESIAN_POINT('',(6.20005,-0.256825621403,4.863277293497));
#9599 = CARTESIAN_POINT('',(6.19995,-0.256825621403,4.760653187157));
#9600 = CARTESIAN_POINT('',(6.20005,-0.256825621403,4.760653187157));
#9601 = ADVANCED_FACE('',(#9602),#9618,.F.);
#9602 = FACE_BOUND('',#9603,.T.);
#9603 = EDGE_LOOP('',(#9604,#9605,#9612,#9617));
#9604 = ORIENTED_EDGE('',*,*,#1083,.T.);
#9605 = ORIENTED_EDGE('',*,*,#9606,.F.);
#9606 = EDGE_CURVE('',#9607,#1077,#9609,.T.);
#9607 = VERTEX_POINT('',#9608);
#9608 = CARTESIAN_POINT('',(6.20005,-0.147729022036,4.863277293497));
#9609 = B_SPLINE_CURVE_WITH_KNOTS('',1,(#9610,#9611),.UNSPECIFIED.,.F.,
  .F.,(2,2),(-0.,9.999999999977E-05),.PIECEWISE_BEZIER_KNOTS.);
#9610 = CARTESIAN_POINT('',(6.20005,-0.147729022036,4.863277293497));
#9611 = CARTESIAN_POINT('',(6.19995,-0.147729022036,4.863277293497));
#9612 = ORIENTED_EDGE('',*,*,#9613,.F.);
#9613 = EDGE_CURVE('',#9585,#9607,#9614,.T.);
#9614 = B_SPLINE_CURVE_WITH_KNOTS('',1,(#9615,#9616),.UNSPECIFIED.,.F.,
  .F.,(2,2),(-0.109096599368,0.),.PIECEWISE_BEZIER_KNOTS.);
#9615 = CARTESIAN_POINT('',(6.20005,-0.256825621403,4.863277293497));
#9616 = CARTESIAN_POINT('',(6.20005,-0.147729022036,4.863277293497));
#9617 = ORIENTED_EDGE('',*,*,#9584,.T.);
#9618 = B_SPLINE_SURFACE_WITH_KNOTS('',1,1,(
    (#9619,#9620)
    ,(#9621,#9622
    )),.UNSPECIFIED.,.F.,.F.,.F.,(2,2),(2,2),(-3.330669073875E-16,
    0.109096599368),(-9.999999999977E-05,0.),.PIECEWISE_BEZIER_KNOTS.);
#9619 = CARTESIAN_POINT('',(6.19995,-0.147729022036,4.863277293497));
#9620 = CARTESIAN_POINT('',(6.20005,-0.147729022036,4.863277293497));
#9621 = CARTESIAN_POINT('',(6.19995,-0.256825621403,4.863277293497));
#9622 = CARTESIAN_POINT('',(6.20005,-0.256825621403,4.863277293497));
#9623 = ADVANCED_FACE('',(#9624),#9640,.F.);
#9624 = FACE_BOUND('',#9625,.T.);
#9625 = EDGE_LOOP('',(#9626,#9627,#9634,#9639));
#9626 = ORIENTED_EDGE('',*,*,#1076,.T.);
#9627 = ORIENTED_EDGE('',*,*,#9628,.F.);
#9628 = EDGE_CURVE('',#9629,#1070,#9631,.T.);
#9629 = VERTEX_POINT('',#9630);
#9630 = CARTESIAN_POINT('',(6.20005,-0.147729022036,4.898213159485));
#9631 = B_SPLINE_CURVE_WITH_KNOTS('',1,(#9632,#9633),.UNSPECIFIED.,.F.,
  .F.,(2,2),(-0.,9.999999999977E-05),.PIECEWISE_BEZIER_KNOTS.);
#9632 = CARTESIAN_POINT('',(6.20005,-0.147729022036,4.898213159485));
#9633 = CARTESIAN_POINT('',(6.19995,-0.147729022036,4.898213159485));
#9634 = ORIENTED_EDGE('',*,*,#9635,.F.);
#9635 = EDGE_CURVE('',#9607,#9629,#9636,.T.);
#9636 = B_SPLINE_CURVE_WITH_KNOTS('',1,(#9637,#9638),.UNSPECIFIED.,.F.,
  .F.,(2,2),(-3.493586598795E-02,0.),.PIECEWISE_BEZIER_KNOTS.);
#9637 = CARTESIAN_POINT('',(6.20005,-0.147729022036,4.863277293497));
#9638 = CARTESIAN_POINT('',(6.20005,-0.147729022036,4.898213159485));
#9639 = ORIENTED_EDGE('',*,*,#9606,.T.);
#9640 = B_SPLINE_SURFACE_WITH_KNOTS('',1,1,(
    (#9641,#9642)
    ,(#9643,#9644
    )),.UNSPECIFIED.,.F.,.F.,.F.,(2,2),(2,2),(0.,3.493586598795E-02),(
    -9.999999999977E-05,0.),.PIECEWISE_BEZIER_KNOTS.);
#9641 = CARTESIAN_POINT('',(6.19995,-0.147729022036,4.898213159485));
#9642 = CARTESIAN_POINT('',(6.20005,-0.147729022036,4.898213159485));
#9643 = CARTESIAN_POINT('',(6.19995,-0.147729022036,4.863277293497));
#9644 = CARTESIAN_POINT('',(6.20005,-0.147729022036,4.863277293497));
#9645 = ADVANCED_FACE('',(#9646),#9662,.F.);
#9646 = FACE_BOUND('',#9647,.T.);
#9647 = EDGE_LOOP('',(#9648,#9649,#9656,#9661));
#9648 = ORIENTED_EDGE('',*,*,#1069,.T.);
#9649 = ORIENTED_EDGE('',*,*,#9650,.F.);
#9650 = EDGE_CURVE('',#9651,#1063,#9653,.T.);
#9651 = VERTEX_POINT('',#9652);
#9652 = CARTESIAN_POINT('',(6.20005,-0.256825621403,4.898213159485));
#9653 = B_SPLINE_CURVE_WITH_KNOTS('',1,(#9654,#9655),.UNSPECIFIED.,.F.,
  .F.,(2,2),(-0.,9.999999999977E-05),.PIECEWISE_BEZIER_KNOTS.);
#9654 = CARTESIAN_POINT('',(6.20005,-0.256825621403,4.898213159485));
#9655 = CARTESIAN_POINT('',(6.19995,-0.256825621403,4.898213159485));
#9656 = ORIENTED_EDGE('',*,*,#9657,.F.);
#9657 = EDGE_CURVE('',#9629,#9651,#9658,.T.);
#9658 = B_SPLINE_CURVE_WITH_KNOTS('',1,(#9659,#9660),.UNSPECIFIED.,.F.,
  .F.,(2,2),(-0.109096599368,-0.),.PIECEWISE_BEZIER_KNOTS.);
#9659 = CARTESIAN_POINT('',(6.20005,-0.147729022036,4.898213159485));
#9660 = CARTESIAN_POINT('',(6.20005,-0.256825621403,4.898213159485));
#9661 = ORIENTED_EDGE('',*,*,#9628,.T.);
#9662 = B_SPLINE_SURFACE_WITH_KNOTS('',1,1,(
    (#9663,#9664)
    ,(#9665,#9666
    )),.UNSPECIFIED.,.F.,.F.,.F.,(2,2),(2,2),(-3.885780586188E-16,
    0.109096599368),(-9.999999999977E-05,0.),.PIECEWISE_BEZIER_KNOTS.);
#9663 = CARTESIAN_POINT('',(6.19995,-0.256825621403,4.898213159485));
#9664 = CARTESIAN_POINT('',(6.20005,-0.256825621403,4.898213159485));
#9665 = CARTESIAN_POINT('',(6.19995,-0.147729022036,4.898213159485));
#9666 = CARTESIAN_POINT('',(6.20005,-0.147729022036,4.898213159485));
#9667 = ADVANCED_FACE('',(#9668),#9684,.F.);
#9668 = FACE_BOUND('',#9669,.T.);
#9669 = EDGE_LOOP('',(#9670,#9671,#9678,#9683));
#9670 = ORIENTED_EDGE('',*,*,#1062,.T.);
#9671 = ORIENTED_EDGE('',*,*,#9672,.F.);
#9672 = EDGE_CURVE('',#9673,#1056,#9675,.T.);
#9673 = VERTEX_POINT('',#9674);
#9674 = CARTESIAN_POINT('',(6.20005,-0.256825621403,4.995846427828));
#9675 = B_SPLINE_CURVE_WITH_KNOTS('',1,(#9676,#9677),.UNSPECIFIED.,.F.,
  .F.,(2,2),(-0.,9.999999999977E-05),.PIECEWISE_BEZIER_KNOTS.);
#9676 = CARTESIAN_POINT('',(6.20005,-0.256825621403,4.995846427828));
#9677 = CARTESIAN_POINT('',(6.19995,-0.256825621403,4.995846427828));
#9678 = ORIENTED_EDGE('',*,*,#9679,.F.);
#9679 = EDGE_CURVE('',#9651,#9673,#9680,.T.);
#9680 = B_SPLINE_CURVE_WITH_KNOTS('',1,(#9681,#9682),.UNSPECIFIED.,.F.,
  .F.,(2,2),(-9.763326834319E-02,0.),.PIECEWISE_BEZIER_KNOTS.);
#9681 = CARTESIAN_POINT('',(6.20005,-0.256825621403,4.898213159485));
#9682 = CARTESIAN_POINT('',(6.20005,-0.256825621403,4.995846427828));
#9683 = ORIENTED_EDGE('',*,*,#9650,.T.);
#9684 = B_SPLINE_SURFACE_WITH_KNOTS('',1,1,(
    (#9685,#9686)
    ,(#9687,#9688
    )),.UNSPECIFIED.,.F.,.F.,.F.,(2,2),(2,2),(0.,9.763326834319E-02),(
    -9.999999999977E-05,0.),.PIECEWISE_BEZIER_KNOTS.);
#9685 = CARTESIAN_POINT('',(6.19995,-0.256825621403,4.995846427828));
#9686 = CARTESIAN_POINT('',(6.20005,-0.256825621403,4.995846427828));
#9687 = CARTESIAN_POINT('',(6.19995,-0.256825621403,4.898213159485));
#9688 = CARTESIAN_POINT('',(6.20005,-0.256825621403,4.898213159485));
#9689 = ADVANCED_FACE('',(#9690),#9706,.F.);
#9690 = FACE_BOUND('',#9691,.T.);
#9691 = EDGE_LOOP('',(#9692,#9693,#9700,#9705));
#9692 = ORIENTED_EDGE('',*,*,#1055,.T.);
#9693 = ORIENTED_EDGE('',*,*,#9694,.F.);
#9694 = EDGE_CURVE('',#9695,#1049,#9697,.T.);
#9695 = VERTEX_POINT('',#9696);
#9696 = CARTESIAN_POINT('',(6.20005,-0.139073037382,4.995846427828));
#9697 = B_SPLINE_CURVE_WITH_KNOTS('',1,(#9698,#9699),.UNSPECIFIED.,.F.,
  .F.,(2,2),(-0.,9.999999999977E-05),.PIECEWISE_BEZIER_KNOTS.);
#9698 = CARTESIAN_POINT('',(6.20005,-0.139073037382,4.995846427828));
#9699 = CARTESIAN_POINT('',(6.19995,-0.139073037382,4.995846427828));
#9700 = ORIENTED_EDGE('',*,*,#9701,.F.);
#9701 = EDGE_CURVE('',#9673,#9695,#9702,.T.);
#9702 = B_SPLINE_CURVE_WITH_KNOTS('',1,(#9703,#9704),.UNSPECIFIED.,.F.,
  .F.,(2,2),(-0.117752584022,0.),.PIECEWISE_BEZIER_KNOTS.);
#9703 = CARTESIAN_POINT('',(6.20005,-0.256825621403,4.995846427828));
#9704 = CARTESIAN_POINT('',(6.20005,-0.139073037382,4.995846427828));
#9705 = ORIENTED_EDGE('',*,*,#9672,.T.);
#9706 = B_SPLINE_SURFACE_WITH_KNOTS('',1,1,(
    (#9707,#9708)
    ,(#9709,#9710
    )),.UNSPECIFIED.,.F.,.F.,.F.,(2,2),(2,2),(-4.440892098501E-16,
    0.117752584022),(-9.999999999977E-05,0.),.PIECEWISE_BEZIER_KNOTS.);
#9707 = CARTESIAN_POINT('',(6.19995,-0.139073037382,4.995846427828));
#9708 = CARTESIAN_POINT('',(6.20005,-0.139073037382,4.995846427828));
#9709 = CARTESIAN_POINT('',(6.19995,-0.256825621403,4.995846427828));
#9710 = CARTESIAN_POINT('',(6.20005,-0.256825621403,4.995846427828));
#9711 = ADVANCED_FACE('',(#9712),#9728,.F.);
#9712 = FACE_BOUND('',#9713,.T.);
#9713 = EDGE_LOOP('',(#9714,#9715,#9722,#9727));
#9714 = ORIENTED_EDGE('',*,*,#1048,.T.);
#9715 = ORIENTED_EDGE('',*,*,#9716,.F.);
#9716 = EDGE_CURVE('',#9717,#1042,#9719,.T.);
#9717 = VERTEX_POINT('',#9718);
#9718 = CARTESIAN_POINT('',(6.20005,-0.139073037382,5.030938257503));
#9719 = B_SPLINE_CURVE_WITH_KNOTS('',1,(#9720,#9721),.UNSPECIFIED.,.F.,
  .F.,(2,2),(-0.,9.999999999977E-05),.PIECEWISE_BEZIER_KNOTS.);
#9720 = CARTESIAN_POINT('',(6.20005,-0.139073037382,5.030938257503));
#9721 = CARTESIAN_POINT('',(6.19995,-0.139073037382,5.030938257503));
#9722 = ORIENTED_EDGE('',*,*,#9723,.F.);
#9723 = EDGE_CURVE('',#9695,#9717,#9724,.T.);
#9724 = B_SPLINE_CURVE_WITH_KNOTS('',1,(#9725,#9726),.UNSPECIFIED.,.F.,
  .F.,(2,2),(-3.509182967521E-02,0.),.PIECEWISE_BEZIER_KNOTS.);
#9725 = CARTESIAN_POINT('',(6.20005,-0.139073037382,4.995846427828));
#9726 = CARTESIAN_POINT('',(6.20005,-0.139073037382,5.030938257503));
#9727 = ORIENTED_EDGE('',*,*,#9694,.T.);
#9728 = B_SPLINE_SURFACE_WITH_KNOTS('',1,1,(
    (#9729,#9730)
    ,(#9731,#9732
    )),.UNSPECIFIED.,.F.,.F.,.F.,(2,2),(2,2),(0.,3.509182967521E-02),(
    -9.999999999977E-05,0.),.PIECEWISE_BEZIER_KNOTS.);
#9729 = CARTESIAN_POINT('',(6.19995,-0.139073037382,5.030938257503));
#9730 = CARTESIAN_POINT('',(6.20005,-0.139073037382,5.030938257503));
#9731 = CARTESIAN_POINT('',(6.19995,-0.139073037382,4.995846427828));
#9732 = CARTESIAN_POINT('',(6.20005,-0.139073037382,4.995846427828));
#9733 = ADVANCED_FACE('',(#9734),#9750,.F.);
#9734 = FACE_BOUND('',#9735,.T.);
#9735 = EDGE_LOOP('',(#9736,#9737,#9744,#9749));
#9736 = ORIENTED_EDGE('',*,*,#1041,.T.);
#9737 = ORIENTED_EDGE('',*,*,#9738,.F.);
#9738 = EDGE_CURVE('',#9739,#1035,#9741,.T.);
#9739 = VERTEX_POINT('',#9740);
#9740 = CARTESIAN_POINT('',(6.20005,-0.296206452485,5.030938257503));
#9741 = B_SPLINE_CURVE_WITH_KNOTS('',1,(#9742,#9743),.UNSPECIFIED.,.F.,
  .F.,(2,2),(-0.,9.999999999977E-05),.PIECEWISE_BEZIER_KNOTS.);
#9742 = CARTESIAN_POINT('',(6.20005,-0.296206452485,5.030938257503));
#9743 = CARTESIAN_POINT('',(6.19995,-0.296206452485,5.030938257503));
#9744 = ORIENTED_EDGE('',*,*,#9745,.F.);
#9745 = EDGE_CURVE('',#9717,#9739,#9746,.T.);
#9746 = B_SPLINE_CURVE_WITH_KNOTS('',1,(#9747,#9748),.UNSPECIFIED.,.F.,
  .F.,(2,2),(-0.157133415103,-0.),.PIECEWISE_BEZIER_KNOTS.);
#9747 = CARTESIAN_POINT('',(6.20005,-0.139073037382,5.030938257503));
#9748 = CARTESIAN_POINT('',(6.20005,-0.296206452485,5.030938257503));
#9749 = ORIENTED_EDGE('',*,*,#9716,.T.);
#9750 = B_SPLINE_SURFACE_WITH_KNOTS('',1,1,(
    (#9751,#9752)
    ,(#9753,#9754
    )),.UNSPECIFIED.,.F.,.F.,.F.,(2,2),(2,2),(-3.330669073875E-16,
    0.157133415103),(-9.999999999977E-05,0.),.PIECEWISE_BEZIER_KNOTS.);
#9751 = CARTESIAN_POINT('',(6.19995,-0.296206452485,5.030938257503));
#9752 = CARTESIAN_POINT('',(6.20005,-0.296206452485,5.030938257503));
#9753 = CARTESIAN_POINT('',(6.19995,-0.139073037382,5.030938257503));
#9754 = CARTESIAN_POINT('',(6.20005,-0.139073037382,5.030938257503));
#9755 = ADVANCED_FACE('',(#9756),#9772,.F.);
#9756 = FACE_BOUND('',#9757,.T.);
#9757 = EDGE_LOOP('',(#9758,#9759,#9766,#9771));
#9758 = ORIENTED_EDGE('',*,*,#1034,.T.);
#9759 = ORIENTED_EDGE('',*,*,#9760,.F.);
#9760 = EDGE_CURVE('',#9761,#1028,#9763,.T.);
#9761 = VERTEX_POINT('',#9762);
#9762 = CARTESIAN_POINT('',(6.20005,-0.296206452485,4.725873284856));
#9763 = B_SPLINE_CURVE_WITH_KNOTS('',1,(#9764,#9765),.UNSPECIFIED.,.F.,
  .F.,(2,2),(-0.,9.999999999977E-05),.PIECEWISE_BEZIER_KNOTS.);
#9764 = CARTESIAN_POINT('',(6.20005,-0.296206452485,4.725873284856));
#9765 = CARTESIAN_POINT('',(6.19995,-0.296206452485,4.725873284856));
#9766 = ORIENTED_EDGE('',*,*,#9767,.F.);
#9767 = EDGE_CURVE('',#9739,#9761,#9768,.T.);
#9768 = B_SPLINE_CURVE_WITH_KNOTS('',1,(#9769,#9770),.UNSPECIFIED.,.F.,
  .F.,(2,2),(-0.305064972647,0.),.PIECEWISE_BEZIER_KNOTS.);
#9769 = CARTESIAN_POINT('',(6.20005,-0.296206452485,5.030938257503));
#9770 = CARTESIAN_POINT('',(6.20005,-0.296206452485,4.725873284856));
#9771 = ORIENTED_EDGE('',*,*,#9738,.T.);
#9772 = B_SPLINE_SURFACE_WITH_KNOTS('',1,1,(
    (#9773,#9774)
    ,(#9775,#9776
    )),.UNSPECIFIED.,.F.,.F.,.F.,(2,2),(2,2),(-4.440892098501E-16,
    0.305064972647),(-9.999999999977E-05,0.),.PIECEWISE_BEZIER_KNOTS.);
#9773 = CARTESIAN_POINT('',(6.19995,-0.296206452485,4.725873284856));
#9774 = CARTESIAN_POINT('',(6.20005,-0.296206452485,4.725873284856));
#9775 = CARTESIAN_POINT('',(6.19995,-0.296206452485,5.030938257503));
#9776 = CARTESIAN_POINT('',(6.20005,-0.296206452485,5.030938257503));
#9777 = ADVANCED_FACE('',(#9778),#9788,.F.);
#9778 = FACE_BOUND('',#9779,.T.);
#9779 = EDGE_LOOP('',(#9780,#9781,#9782,#9787));
#9780 = ORIENTED_EDGE('',*,*,#1027,.T.);
#9781 = ORIENTED_EDGE('',*,*,#9548,.F.);
#9782 = ORIENTED_EDGE('',*,*,#9783,.F.);
#9783 = EDGE_CURVE('',#9761,#9542,#9784,.T.);
#9784 = B_SPLINE_CURVE_WITH_KNOTS('',1,(#9785,#9786),.UNSPECIFIED.,.F.,
  .F.,(2,2),(-0.164073799195,0.),.PIECEWISE_BEZIER_KNOTS.);
#9785 = CARTESIAN_POINT('',(6.20005,-0.296206452485,4.725873284856));
#9786 = CARTESIAN_POINT('',(6.20005,-0.13213265329,4.725873284856));
#9787 = ORIENTED_EDGE('',*,*,#9760,.T.);
#9788 = B_SPLINE_SURFACE_WITH_KNOTS('',1,1,(
    (#9789,#9790)
    ,(#9791,#9792
    )),.UNSPECIFIED.,.F.,.F.,.F.,(2,2),(2,2),(-0.,0.164073799195),(
    -9.999999999977E-05,0.),.PIECEWISE_BEZIER_KNOTS.);
#9789 = CARTESIAN_POINT('',(6.19995,-0.13213265329,4.725873284856));
#9790 = CARTESIAN_POINT('',(6.20005,-0.13213265329,4.725873284856));
#9791 = CARTESIAN_POINT('',(6.19995,-0.296206452485,4.725873284856));
#9792 = CARTESIAN_POINT('',(6.20005,-0.296206452485,4.725873284856));
#9793 = ADVANCED_FACE('',(#9794),#9808,.F.);
#9794 = FACE_BOUND('',#9795,.T.);
#9795 = EDGE_LOOP('',(#9796,#9797,#9798,#9799,#9800,#9801,#9802,#9803,
    #9804,#9805,#9806,#9807));
#9796 = ORIENTED_EDGE('',*,*,#9541,.T.);
#9797 = ORIENTED_EDGE('',*,*,#9569,.T.);
#9798 = ORIENTED_EDGE('',*,*,#9591,.T.);
#9799 = ORIENTED_EDGE('',*,*,#9613,.T.);
#9800 = ORIENTED_EDGE('',*,*,#9635,.T.);
#9801 = ORIENTED_EDGE('',*,*,#9657,.T.);
#9802 = ORIENTED_EDGE('',*,*,#9679,.T.);
#9803 = ORIENTED_EDGE('',*,*,#9701,.T.);
#9804 = ORIENTED_EDGE('',*,*,#9723,.T.);
#9805 = ORIENTED_EDGE('',*,*,#9745,.T.);
#9806 = ORIENTED_EDGE('',*,*,#9767,.T.);
#9807 = ORIENTED_EDGE('',*,*,#9783,.T.);
#9808 = B_SPLINE_SURFACE_WITH_KNOTS('',1,1,(
    (#9809,#9810)
    ,(#9811,#9812
    )),.UNSPECIFIED.,.F.,.F.,.F.,(2,2),(2,2),(1.325873184856,
    1.630938157503),(-0.296206452485,-0.13213265329),
  .PIECEWISE_BEZIER_KNOTS.);
#9809 = CARTESIAN_POINT('',(6.20005,-0.296206452485,4.725873284856));
#9810 = CARTESIAN_POINT('',(6.20005,-0.13213265329,4.725873284856));
#9811 = CARTESIAN_POINT('',(6.20005,-0.296206452485,5.030938257503));
#9812 = CARTESIAN_POINT('',(6.20005,-0.13213265329,5.030938257503));
#9813 = ADVANCED_FACE('',(#9814,#9873),#9932,.T.);
#9814 = FACE_BOUND('',#9815,.T.);
#9815 = EDGE_LOOP('',(#9816,#9825,#9834,#9843,#9852,#9861,#9868));
#9816 = ORIENTED_EDGE('',*,*,#9817,.T.);
#9817 = EDGE_CURVE('',#9818,#9820,#9822,.T.);
#9818 = VERTEX_POINT('',#9819);
#9819 = CARTESIAN_POINT('',(6.20005,-7.450407077708E-02,4.725873284856)
  );
#9820 = VERTEX_POINT('',#9821);
#9821 = CARTESIAN_POINT('',(6.20005,9.404393069731E-03,4.725873284856));
#9822 = B_SPLINE_CURVE_WITH_KNOTS('',1,(#9823,#9824),.UNSPECIFIED.,.F.,
  .F.,(2,2),(-8.390846384681E-02,2.775557561563E-16),
  .PIECEWISE_BEZIER_KNOTS.);
#9823 = CARTESIAN_POINT('',(6.20005,-7.450407077708E-02,4.725873284856)
  );
#9824 = CARTESIAN_POINT('',(6.20005,9.404393069731E-03,4.725873284856));
#9825 = ORIENTED_EDGE('',*,*,#9826,.T.);
#9826 = EDGE_CURVE('',#9820,#9827,#9829,.T.);
#9827 = VERTEX_POINT('',#9828);
#9828 = CARTESIAN_POINT('',(6.20005,0.127858813684,4.768607335216));
#9829 = B_SPLINE_CURVE_WITH_KNOTS('',3,(#9830,#9831,#9832,#9833),
  .UNSPECIFIED.,.F.,.F.,(4,4),(5.,6.),.PIECEWISE_BEZIER_KNOTS.);
#9830 = CARTESIAN_POINT('',(6.20005,9.404393069731E-03,4.725873284856));
#9831 = CARTESIAN_POINT('',(6.20005,5.767515433379E-02,4.725873284856));
#9832 = CARTESIAN_POINT('',(6.20005,9.721194910244E-02,4.740065980412));
#9833 = CARTESIAN_POINT('',(6.20005,0.127858813684,4.768607335216));
#9834 = ORIENTED_EDGE('',*,*,#9835,.T.);
#9835 = EDGE_CURVE('',#9827,#9836,#9838,.T.);
#9836 = VERTEX_POINT('',#9837);
#9837 = CARTESIAN_POINT('',(6.20005,0.173868101483,4.882304863364));
#9838 = B_SPLINE_CURVE_WITH_KNOTS('',3,(#9839,#9840,#9841,#9842),
  .UNSPECIFIED.,.F.,.F.,(4,4),(4.,5.),.PIECEWISE_BEZIER_KNOTS.);
#9839 = CARTESIAN_POINT('',(6.20005,0.127858813684,4.768607335216));
#9840 = CARTESIAN_POINT('',(6.20005,0.158505678268,4.797148690019));
#9841 = CARTESIAN_POINT('',(6.20005,0.173868101483,4.835047866067));
#9842 = CARTESIAN_POINT('',(6.20005,0.173868101483,4.882304863364));
#9843 = ORIENTED_EDGE('',*,*,#9844,.T.);
#9844 = EDGE_CURVE('',#9836,#9845,#9847,.T.);
#9845 = VERTEX_POINT('',#9846);
#9846 = CARTESIAN_POINT('',(6.20005,0.127858813684,4.990543662454));
#9847 = B_SPLINE_CURVE_WITH_KNOTS('',3,(#9848,#9849,#9850,#9851),
  .UNSPECIFIED.,.F.,.F.,(4,4),(3.,4.),.PIECEWISE_BEZIER_KNOTS.);
#9848 = CARTESIAN_POINT('',(6.20005,0.173868101483,4.882304863364));
#9849 = CARTESIAN_POINT('',(6.20005,0.173868101483,4.927534332725));
#9850 = CARTESIAN_POINT('',(6.20005,0.158505678268,4.963561944525));
#9851 = CARTESIAN_POINT('',(6.20005,0.127858813684,4.990543662454));
#9852 = ORIENTED_EDGE('',*,*,#9853,.T.);
#9853 = EDGE_CURVE('',#9845,#9854,#9856,.T.);
#9854 = VERTEX_POINT('',#9855);
#9855 = CARTESIAN_POINT('',(6.20005,1.25236668172E-02,5.030938257503));
#9856 = B_SPLINE_CURVE_WITH_KNOTS('',3,(#9857,#9858,#9859,#9860),
  .UNSPECIFIED.,.F.,.F.,(4,4),(2.,3.),.PIECEWISE_BEZIER_KNOTS.);
#9857 = CARTESIAN_POINT('',(6.20005,0.127858813684,4.990543662454));
#9858 = CARTESIAN_POINT('',(6.20005,9.721194910244E-02,5.017525380381));
#9859 = CARTESIAN_POINT('',(6.20005,5.876690014469E-02,5.030938257503));
#9860 = CARTESIAN_POINT('',(6.20005,1.25236668172E-02,5.030938257503));
#9861 = ORIENTED_EDGE('',*,*,#9862,.T.);
#9862 = EDGE_CURVE('',#9854,#9863,#9865,.T.);
#9863 = VERTEX_POINT('',#9864);
#9864 = CARTESIAN_POINT('',(6.20005,-7.450407077708E-02,5.030938257503)
  );
#9865 = B_SPLINE_CURVE_WITH_KNOTS('',1,(#9866,#9867),.UNSPECIFIED.,.F.,
  .F.,(2,2),(-8.702773759428E-02,-0.),.PIECEWISE_BEZIER_KNOTS.);
#9866 = CARTESIAN_POINT('',(6.20005,1.25236668172E-02,5.030938257503));
#9867 = CARTESIAN_POINT('',(6.20005,-7.450407077708E-02,5.030938257503)
  );
#9868 = ORIENTED_EDGE('',*,*,#9869,.T.);
#9869 = EDGE_CURVE('',#9863,#9818,#9870,.T.);
#9870 = B_SPLINE_CURVE_WITH_KNOTS('',1,(#9871,#9872),.UNSPECIFIED.,.F.,
  .F.,(2,2),(-0.305064972647,0.),.PIECEWISE_BEZIER_KNOTS.);
#9871 = CARTESIAN_POINT('',(6.20005,-7.450407077708E-02,5.030938257503)
  );
#9872 = CARTESIAN_POINT('',(6.20005,-7.450407077708E-02,4.725873284856)
  );
#9873 = FACE_BOUND('',#9874,.T.);
#9874 = EDGE_LOOP('',(#9875,#9884,#9891,#9900,#9909,#9918,#9927));
#9875 = ORIENTED_EDGE('',*,*,#9876,.F.);
#9876 = EDGE_CURVE('',#9877,#9879,#9881,.T.);
#9877 = VERTEX_POINT('',#9878);
#9878 = CARTESIAN_POINT('',(6.20005,-3.512323969779E-02,4.995846427828)
  );
#9879 = VERTEX_POINT('',#9880);
#9880 = CARTESIAN_POINT('',(6.20005,-3.512323969779E-02,4.760653187157)
  );
#9881 = B_SPLINE_CURVE_WITH_KNOTS('',1,(#9882,#9883),.UNSPECIFIED.,.F.,
  .F.,(2,2),(0.,0.235193240671),.PIECEWISE_BEZIER_KNOTS.);
#9882 = CARTESIAN_POINT('',(6.20005,-3.512323969779E-02,4.995846427828)
  );
#9883 = CARTESIAN_POINT('',(6.20005,-3.512323969779E-02,4.760653187157)
  );
#9884 = ORIENTED_EDGE('',*,*,#9885,.F.);
#9885 = EDGE_CURVE('',#9886,#9877,#9888,.T.);
#9886 = VERTEX_POINT('',#9887);
#9887 = CARTESIAN_POINT('',(6.20005,1.096402994242E-02,4.995846427828));
#9888 = B_SPLINE_CURVE_WITH_KNOTS('',1,(#9889,#9890),.UNSPECIFIED.,.F.,
  .F.,(2,2),(-1.561251128379E-16,4.608726964021E-02),
  .PIECEWISE_BEZIER_KNOTS.);
#9889 = CARTESIAN_POINT('',(6.20005,1.096402994242E-02,4.995846427828));
#9890 = CARTESIAN_POINT('',(6.20005,-3.512323969779E-02,4.995846427828)
  );
#9891 = ORIENTED_EDGE('',*,*,#9892,.F.);
#9892 = EDGE_CURVE('',#9893,#9886,#9895,.T.);
#9893 = VERTEX_POINT('',#9894);
#9894 = CARTESIAN_POINT('',(6.20005,9.900553150604E-02,4.967149109337));
#9895 = B_SPLINE_CURVE_WITH_KNOTS('',3,(#9896,#9897,#9898,#9899),
  .UNSPECIFIED.,.F.,.F.,(4,4),(5.,6.),.PIECEWISE_BEZIER_KNOTS.);
#9896 = CARTESIAN_POINT('',(6.20005,9.900553150604E-02,4.967149109337));
#9897 = CARTESIAN_POINT('',(6.20005,7.67027242015E-02,4.986332642892));
#9898 = CARTESIAN_POINT('',(6.20005,4.730356911788E-02,4.995846427828));
#9899 = CARTESIAN_POINT('',(6.20005,1.096402994242E-02,4.995846427828));
#9900 = ORIENTED_EDGE('',*,*,#9901,.F.);
#9901 = EDGE_CURVE('',#9902,#9893,#9904,.T.);
#9902 = VERTEX_POINT('',#9903);
#9903 = CARTESIAN_POINT('',(6.20005,0.132459742463,4.881213117553));
#9904 = B_SPLINE_CURVE_WITH_KNOTS('',3,(#9905,#9906,#9907,#9908),
  .UNSPECIFIED.,.F.,.F.,(4,4),(4.,5.),.PIECEWISE_BEZIER_KNOTS.);
#9905 = CARTESIAN_POINT('',(6.20005,0.132459742463,4.881213117553));
#9906 = CARTESIAN_POINT('',(6.20005,0.132459742463,4.919268257291));
#9907 = CARTESIAN_POINT('',(6.20005,0.121308338811,4.94796557578));
#9908 = CARTESIAN_POINT('',(6.20005,9.900553150604E-02,4.967149109337));
#9909 = ORIENTED_EDGE('',*,*,#9910,.F.);
#9910 = EDGE_CURVE('',#9911,#9902,#9913,.T.);
#9911 = VERTEX_POINT('',#9912);
#9912 = CARTESIAN_POINT('',(6.20005,9.98633317881E-02,4.792469779395));
#9913 = B_SPLINE_CURVE_WITH_KNOTS('',3,(#9914,#9915,#9916,#9917),
  .UNSPECIFIED.,.F.,.F.,(4,4),(3.,4.),.PIECEWISE_BEZIER_KNOTS.);
#9914 = CARTESIAN_POINT('',(6.20005,9.98633317881E-02,4.792469779395));
#9915 = CARTESIAN_POINT('',(6.20005,0.121620266187,4.813524877201));
#9916 = CARTESIAN_POINT('',(6.20005,0.132459742463,4.843157977816));
#9917 = CARTESIAN_POINT('',(6.20005,0.132459742463,4.881213117553));
#9918 = ORIENTED_EDGE('',*,*,#9919,.F.);
#9919 = EDGE_CURVE('',#9920,#9911,#9922,.T.);
#9920 = VERTEX_POINT('',#9921);
#9921 = CARTESIAN_POINT('',(6.20005,9.170447536743E-03,4.760653187157));
#9922 = B_SPLINE_CURVE_WITH_KNOTS('',3,(#9923,#9924,#9925,#9926),
  .UNSPECIFIED.,.F.,.F.,(4,4),(2.,3.),.PIECEWISE_BEZIER_KNOTS.);
#9923 = CARTESIAN_POINT('',(6.20005,9.170447536743E-03,4.760653187157));
#9924 = CARTESIAN_POINT('',(6.20005,4.792742386695E-02,4.760653187157));
#9925 = CARTESIAN_POINT('',(6.20005,7.818437923265E-02,4.771258717901));
#9926 = CARTESIAN_POINT('',(6.20005,9.98633317881E-02,4.792469779395));
#9927 = ORIENTED_EDGE('',*,*,#9928,.F.);
#9928 = EDGE_CURVE('',#9879,#9920,#9929,.T.);
#9929 = B_SPLINE_CURVE_WITH_KNOTS('',1,(#9930,#9931),.UNSPECIFIED.,.F.,
  .F.,(2,2),(0.,4.429368723454E-02),.PIECEWISE_BEZIER_KNOTS.);
#9930 = CARTESIAN_POINT('',(6.20005,-3.512323969779E-02,4.760653187157)
  );
#9931 = CARTESIAN_POINT('',(6.20005,9.170447536743E-03,4.760653187157));
#9932 = B_SPLINE_SURFACE_WITH_KNOTS('',1,1,(
    (#9933,#9934)
    ,(#9935,#9936
    )),.UNSPECIFIED.,.F.,.F.,.F.,(2,2),(2,2),(-1.007915330177E-02,
    0.294985819345),(-0.150543949307,9.782822295254E-02),
  .PIECEWISE_BEZIER_KNOTS.);
#9933 = CARTESIAN_POINT('',(6.20005,-7.450407077708E-02,5.030938257503)
  );
#9934 = CARTESIAN_POINT('',(6.20005,0.173868101483,5.030938257503));
#9935 = CARTESIAN_POINT('',(6.20005,-7.450407077708E-02,4.725873284856)
  );
#9936 = CARTESIAN_POINT('',(6.20005,0.173868101483,4.725873284856));
#9937 = ADVANCED_FACE('',(#9938),#9952,.F.);
#9938 = FACE_BOUND('',#9939,.T.);
#9939 = EDGE_LOOP('',(#9940,#9941,#9946,#9947));
#9940 = ORIENTED_EDGE('',*,*,#1104,.T.);
#9941 = ORIENTED_EDGE('',*,*,#9942,.F.);
#9942 = EDGE_CURVE('',#9820,#1107,#9943,.T.);
#9943 = B_SPLINE_CURVE_WITH_KNOTS('',1,(#9944,#9945),.UNSPECIFIED.,.F.,
  .F.,(2,2),(-0.,9.999999999888E-05),.PIECEWISE_BEZIER_KNOTS.);
#9944 = CARTESIAN_POINT('',(6.20005,9.404393069731E-03,4.725873284856));
#9945 = CARTESIAN_POINT('',(6.19995,9.404393069731E-03,4.725873284856));
#9946 = ORIENTED_EDGE('',*,*,#9817,.F.);
#9947 = ORIENTED_EDGE('',*,*,#9948,.T.);
#9948 = EDGE_CURVE('',#9818,#1105,#9949,.T.);
#9949 = B_SPLINE_CURVE_WITH_KNOTS('',1,(#9950,#9951),.UNSPECIFIED.,.F.,
  .F.,(2,2),(-0.,9.999999999977E-05),.PIECEWISE_BEZIER_KNOTS.);
#9950 = CARTESIAN_POINT('',(6.20005,-7.450407077708E-02,4.725873284856)
  );
#9951 = CARTESIAN_POINT('',(6.19995,-7.450407077708E-02,4.725873284856)
  );
#9952 = B_SPLINE_SURFACE_WITH_KNOTS('',1,1,(
    (#9953,#9954)
    ,(#9955,#9956
    )),.UNSPECIFIED.,.F.,.F.,.F.,(2,2),(2,2),(-2.775557561563E-16,
    8.390846384681E-02),(-9.999999999977E-05,0.),
  .PIECEWISE_BEZIER_KNOTS.);
#9953 = CARTESIAN_POINT('',(6.19995,9.404393069731E-03,4.725873284856));
#9954 = CARTESIAN_POINT('',(6.20005,9.404393069731E-03,4.725873284856));
#9955 = CARTESIAN_POINT('',(6.19995,-7.450407077708E-02,4.725873284856)
  );
#9956 = CARTESIAN_POINT('',(6.20005,-7.450407077708E-02,4.725873284856)
  );
#9957 = ADVANCED_FACE('',(#9958),#9968,.F.);
#9958 = FACE_BOUND('',#9959,.F.);
#9959 = EDGE_LOOP('',(#9960,#9961,#9962,#9967));
#9960 = ORIENTED_EDGE('',*,*,#9942,.F.);
#9961 = ORIENTED_EDGE('',*,*,#9826,.T.);
#9962 = ORIENTED_EDGE('',*,*,#9963,.T.);
#9963 = EDGE_CURVE('',#9827,#1146,#9964,.T.);
#9964 = B_SPLINE_CURVE_WITH_KNOTS('',1,(#9965,#9966),.UNSPECIFIED.,.F.,
  .F.,(2,2),(-0.,9.999999999888E-05),.PIECEWISE_BEZIER_KNOTS.);
#9965 = CARTESIAN_POINT('',(6.20005,0.127858813684,4.768607335216));
#9966 = CARTESIAN_POINT('',(6.19995,0.127858813684,4.768607335216));
#9967 = ORIENTED_EDGE('',*,*,#1154,.F.);
#9968 = B_SPLINE_SURFACE_WITH_KNOTS('',3,1,(
    (#9969,#9970)
    ,(#9971,#9972)
    ,(#9973,#9974)
    ,(#9975,#9976
    )),.UNSPECIFIED.,.F.,.F.,.F.,(4,4),(2,2),(5.,6.),(0.,1.),
  .PIECEWISE_BEZIER_KNOTS.);
#9969 = CARTESIAN_POINT('',(6.20005,9.404393069731E-03,4.725873284856));
#9970 = CARTESIAN_POINT('',(6.19995,9.404393069731E-03,4.725873284856));
#9971 = CARTESIAN_POINT('',(6.20005,5.767515433379E-02,4.725873284856));
#9972 = CARTESIAN_POINT('',(6.19995,5.767515433379E-02,4.725873284856));
#9973 = CARTESIAN_POINT('',(6.20005,9.721194910244E-02,4.740065980412));
#9974 = CARTESIAN_POINT('',(6.19995,9.721194910244E-02,4.740065980412));
#9975 = CARTESIAN_POINT('',(6.20005,0.127858813684,4.768607335216));
#9976 = CARTESIAN_POINT('',(6.19995,0.127858813684,4.768607335216));
#9977 = ADVANCED_FACE('',(#9978),#9988,.F.);
#9978 = FACE_BOUND('',#9979,.F.);
#9979 = EDGE_LOOP('',(#9980,#9981,#9982,#9987));
#9980 = ORIENTED_EDGE('',*,*,#9963,.F.);
#9981 = ORIENTED_EDGE('',*,*,#9835,.T.);
#9982 = ORIENTED_EDGE('',*,*,#9983,.T.);
#9983 = EDGE_CURVE('',#9836,#1137,#9984,.T.);
#9984 = B_SPLINE_CURVE_WITH_KNOTS('',1,(#9985,#9986),.UNSPECIFIED.,.F.,
  .F.,(2,2),(-0.,9.999999999888E-05),.PIECEWISE_BEZIER_KNOTS.);
#9985 = CARTESIAN_POINT('',(6.20005,0.173868101483,4.882304863364));
#9986 = CARTESIAN_POINT('',(6.19995,0.173868101483,4.882304863364));
#9987 = ORIENTED_EDGE('',*,*,#1145,.F.);
#9988 = B_SPLINE_SURFACE_WITH_KNOTS('',3,1,(
    (#9989,#9990)
    ,(#9991,#9992)
    ,(#9993,#9994)
    ,(#9995,#9996
    )),.UNSPECIFIED.,.F.,.F.,.F.,(4,4),(2,2),(4.,5.),(0.,1.),
  .PIECEWISE_BEZIER_KNOTS.);
#9989 = CARTESIAN_POINT('',(6.20005,0.127858813684,4.768607335216));
#9990 = CARTESIAN_POINT('',(6.19995,0.127858813684,4.768607335216));
#9991 = CARTESIAN_POINT('',(6.20005,0.158505678268,4.797148690019));
#9992 = CARTESIAN_POINT('',(6.19995,0.158505678268,4.797148690019));
#9993 = CARTESIAN_POINT('',(6.20005,0.173868101483,4.835047866067));
#9994 = CARTESIAN_POINT('',(6.19995,0.173868101483,4.835047866067));
#9995 = CARTESIAN_POINT('',(6.20005,0.173868101483,4.882304863364));
#9996 = CARTESIAN_POINT('',(6.19995,0.173868101483,4.882304863364));
#9997 = ADVANCED_FACE('',(#9998),#10008,.F.);
#9998 = FACE_BOUND('',#9999,.F.);
#9999 = EDGE_LOOP('',(#10000,#10001,#10002,#10007));
#10000 = ORIENTED_EDGE('',*,*,#9983,.F.);
#10001 = ORIENTED_EDGE('',*,*,#9844,.T.);
#10002 = ORIENTED_EDGE('',*,*,#10003,.T.);
#10003 = EDGE_CURVE('',#9845,#1128,#10004,.T.);
#10004 = B_SPLINE_CURVE_WITH_KNOTS('',1,(#10005,#10006),.UNSPECIFIED.,
  .F.,.F.,(2,2),(-0.,9.999999999888E-05),.PIECEWISE_BEZIER_KNOTS.);
#10005 = CARTESIAN_POINT('',(6.20005,0.127858813684,4.990543662454));
#10006 = CARTESIAN_POINT('',(6.19995,0.127858813684,4.990543662454));
#10007 = ORIENTED_EDGE('',*,*,#1136,.F.);
#10008 = B_SPLINE_SURFACE_WITH_KNOTS('',3,1,(
    (#10009,#10010)
    ,(#10011,#10012)
    ,(#10013,#10014)
    ,(#10015,#10016
    )),.UNSPECIFIED.,.F.,.F.,.F.,(4,4),(2,2),(3.,4.),(0.,1.),
  .PIECEWISE_BEZIER_KNOTS.);
#10009 = CARTESIAN_POINT('',(6.20005,0.173868101483,4.882304863364));
#10010 = CARTESIAN_POINT('',(6.19995,0.173868101483,4.882304863364));
#10011 = CARTESIAN_POINT('',(6.20005,0.173868101483,4.927534332725));
#10012 = CARTESIAN_POINT('',(6.19995,0.173868101483,4.927534332725));
#10013 = CARTESIAN_POINT('',(6.20005,0.158505678268,4.963561944525));
#10014 = CARTESIAN_POINT('',(6.19995,0.158505678268,4.963561944525));
#10015 = CARTESIAN_POINT('',(6.20005,0.127858813684,4.990543662454));
#10016 = CARTESIAN_POINT('',(6.19995,0.127858813684,4.990543662454));
#10017 = ADVANCED_FACE('',(#10018),#10028,.F.);
#10018 = FACE_BOUND('',#10019,.F.);
#10019 = EDGE_LOOP('',(#10020,#10021,#10022,#10027));
#10020 = ORIENTED_EDGE('',*,*,#10003,.F.);
#10021 = ORIENTED_EDGE('',*,*,#9853,.T.);
#10022 = ORIENTED_EDGE('',*,*,#10023,.T.);
#10023 = EDGE_CURVE('',#9854,#1121,#10024,.T.);
#10024 = B_SPLINE_CURVE_WITH_KNOTS('',1,(#10025,#10026),.UNSPECIFIED.,
  .F.,.F.,(2,2),(-0.,9.999999999977E-05),.PIECEWISE_BEZIER_KNOTS.);
#10025 = CARTESIAN_POINT('',(6.20005,1.25236668172E-02,5.030938257503));
#10026 = CARTESIAN_POINT('',(6.19995,1.25236668172E-02,5.030938257503));
#10027 = ORIENTED_EDGE('',*,*,#1127,.F.);
#10028 = B_SPLINE_SURFACE_WITH_KNOTS('',3,1,(
    (#10029,#10030)
    ,(#10031,#10032)
    ,(#10033,#10034)
    ,(#10035,#10036
    )),.UNSPECIFIED.,.F.,.F.,.F.,(4,4),(2,2),(2.,3.),(0.,1.),
  .PIECEWISE_BEZIER_KNOTS.);
#10029 = CARTESIAN_POINT('',(6.20005,0.127858813684,4.990543662454));
#10030 = CARTESIAN_POINT('',(6.19995,0.127858813684,4.990543662454));
#10031 = CARTESIAN_POINT('',(6.20005,9.721194910244E-02,5.017525380381)
  );
#10032 = CARTESIAN_POINT('',(6.19995,9.721194910244E-02,5.017525380381)
  );
#10033 = CARTESIAN_POINT('',(6.20005,5.876690014469E-02,5.030938257503)
  );
#10034 = CARTESIAN_POINT('',(6.19995,5.876690014469E-02,5.030938257503)
  );
#10035 = CARTESIAN_POINT('',(6.20005,1.25236668172E-02,5.030938257503));
#10036 = CARTESIAN_POINT('',(6.19995,1.25236668172E-02,5.030938257503));
#10037 = ADVANCED_FACE('',(#10038),#10048,.F.);
#10038 = FACE_BOUND('',#10039,.T.);
#10039 = EDGE_LOOP('',(#10040,#10041,#10046,#10047));
#10040 = ORIENTED_EDGE('',*,*,#1120,.T.);
#10041 = ORIENTED_EDGE('',*,*,#10042,.F.);
#10042 = EDGE_CURVE('',#9863,#1114,#10043,.T.);
#10043 = B_SPLINE_CURVE_WITH_KNOTS('',1,(#10044,#10045),.UNSPECIFIED.,
  .F.,.F.,(2,2),(-0.,9.999999999977E-05),.PIECEWISE_BEZIER_KNOTS.);
#10044 = CARTESIAN_POINT('',(6.20005,-7.450407077708E-02,5.030938257503)
  );
#10045 = CARTESIAN_POINT('',(6.19995,-7.450407077708E-02,5.030938257503)
  );
#10046 = ORIENTED_EDGE('',*,*,#9862,.F.);
#10047 = ORIENTED_EDGE('',*,*,#10023,.T.);
#10048 = B_SPLINE_SURFACE_WITH_KNOTS('',1,1,(
    (#10049,#10050)
    ,(#10051,#10052
    )),.UNSPECIFIED.,.F.,.F.,.F.,(2,2),(2,2),(-2.914335439641E-16,
    8.702773759428E-02),(-9.999999999977E-05,0.),
  .PIECEWISE_BEZIER_KNOTS.);
#10049 = CARTESIAN_POINT('',(6.19995,-7.450407077708E-02,5.030938257503)
  );
#10050 = CARTESIAN_POINT('',(6.20005,-7.450407077708E-02,5.030938257503)
  );
#10051 = CARTESIAN_POINT('',(6.19995,1.25236668172E-02,5.030938257503));
#10052 = CARTESIAN_POINT('',(6.20005,1.25236668172E-02,5.030938257503));
#10053 = ADVANCED_FACE('',(#10054),#10060,.F.);
#10054 = FACE_BOUND('',#10055,.T.);
#10055 = EDGE_LOOP('',(#10056,#10057,#10058,#10059));
#10056 = ORIENTED_EDGE('',*,*,#1113,.T.);
#10057 = ORIENTED_EDGE('',*,*,#9948,.F.);
#10058 = ORIENTED_EDGE('',*,*,#9869,.F.);
#10059 = ORIENTED_EDGE('',*,*,#10042,.T.);
#10060 = B_SPLINE_SURFACE_WITH_KNOTS('',1,1,(
    (#10061,#10062)
    ,(#10063,#10064
    )),.UNSPECIFIED.,.F.,.F.,.F.,(2,2),(2,2),(0.,0.305064972647),(
    -9.999999999977E-05,0.),.PIECEWISE_BEZIER_KNOTS.);
#10061 = CARTESIAN_POINT('',(6.19995,-7.450407077708E-02,4.725873284856)
  );
#10062 = CARTESIAN_POINT('',(6.20005,-7.450407077708E-02,4.725873284856)
  );
#10063 = CARTESIAN_POINT('',(6.19995,-7.450407077708E-02,5.030938257503)
  );
#10064 = CARTESIAN_POINT('',(6.20005,-7.450407077708E-02,5.030938257503)
  );
#10065 = ADVANCED_FACE('',(#10066),#10088,.T.);
#10066 = FACE_BOUND('',#10067,.T.);
#10067 = EDGE_LOOP('',(#10068,#10077,#10082,#10083));
#10068 = ORIENTED_EDGE('',*,*,#10069,.F.);
#10069 = EDGE_CURVE('',#10070,#10072,#10074,.T.);
#10070 = VERTEX_POINT('',#10071);
#10071 = CARTESIAN_POINT('',(6.19995,1.096402994242E-02,4.995846427828)
  );
#10072 = VERTEX_POINT('',#10073);
#10073 = CARTESIAN_POINT('',(6.19995,-3.512323969779E-02,4.995846427828)
  );
#10074 = B_SPLINE_CURVE_WITH_KNOTS('',1,(#10075,#10076),.UNSPECIFIED.,
  .F.,.F.,(2,2),(-1.561251128379E-16,4.608726964021E-02),
  .PIECEWISE_BEZIER_KNOTS.);
#10075 = CARTESIAN_POINT('',(6.19995,1.096402994242E-02,4.995846427828)
  );
#10076 = CARTESIAN_POINT('',(6.19995,-3.512323969779E-02,4.995846427828)
  );
#10077 = ORIENTED_EDGE('',*,*,#10078,.F.);
#10078 = EDGE_CURVE('',#9886,#10070,#10079,.T.);
#10079 = B_SPLINE_CURVE_WITH_KNOTS('',1,(#10080,#10081),.UNSPECIFIED.,
  .F.,.F.,(2,2),(-0.,9.999999999888E-05),.PIECEWISE_BEZIER_KNOTS.);
#10080 = CARTESIAN_POINT('',(6.20005,1.096402994242E-02,4.995846427828)
  );
#10081 = CARTESIAN_POINT('',(6.19995,1.096402994242E-02,4.995846427828)
  );
#10082 = ORIENTED_EDGE('',*,*,#9885,.T.);
#10083 = ORIENTED_EDGE('',*,*,#10084,.T.);
#10084 = EDGE_CURVE('',#9877,#10072,#10085,.T.);
#10085 = B_SPLINE_CURVE_WITH_KNOTS('',1,(#10086,#10087),.UNSPECIFIED.,
  .F.,.F.,(2,2),(-0.,9.999999999977E-05),.PIECEWISE_BEZIER_KNOTS.);
#10086 = CARTESIAN_POINT('',(6.20005,-3.512323969779E-02,4.995846427828)
  );
#10087 = CARTESIAN_POINT('',(6.19995,-3.512323969779E-02,4.995846427828)
  );
#10088 = B_SPLINE_SURFACE_WITH_KNOTS('',1,1,(
    (#10089,#10090)
    ,(#10091,#10092
    )),.UNSPECIFIED.,.F.,.F.,.F.,(2,2),(2,2),(0.,9.999999999977E-05),(
    -4.608726964021E-02,1.561251128379E-16),.PIECEWISE_BEZIER_KNOTS.);
#10089 = CARTESIAN_POINT('',(6.20005,-3.512323969779E-02,4.995846427828)
  );
#10090 = CARTESIAN_POINT('',(6.20005,1.096402994242E-02,4.995846427828)
  );
#10091 = CARTESIAN_POINT('',(6.19995,-3.512323969779E-02,4.995846427828)
  );
#10092 = CARTESIAN_POINT('',(6.19995,1.096402994242E-02,4.995846427828)
  );
#10093 = ADVANCED_FACE('',(#10094),#10110,.T.);
#10094 = FACE_BOUND('',#10095,.T.);
#10095 = EDGE_LOOP('',(#10096,#10103,#10104,#10105));
#10096 = ORIENTED_EDGE('',*,*,#10097,.F.);
#10097 = EDGE_CURVE('',#10072,#10098,#10100,.T.);
#10098 = VERTEX_POINT('',#10099);
#10099 = CARTESIAN_POINT('',(6.19995,-3.512323969779E-02,4.760653187157)
  );
#10100 = B_SPLINE_CURVE_WITH_KNOTS('',1,(#10101,#10102),.UNSPECIFIED.,
  .F.,.F.,(2,2),(0.,0.235193240671),.PIECEWISE_BEZIER_KNOTS.);
#10101 = CARTESIAN_POINT('',(6.19995,-3.512323969779E-02,4.995846427828)
  );
#10102 = CARTESIAN_POINT('',(6.19995,-3.512323969779E-02,4.760653187157)
  );
#10103 = ORIENTED_EDGE('',*,*,#10084,.F.);
#10104 = ORIENTED_EDGE('',*,*,#9876,.T.);
#10105 = ORIENTED_EDGE('',*,*,#10106,.T.);
#10106 = EDGE_CURVE('',#9879,#10098,#10107,.T.);
#10107 = B_SPLINE_CURVE_WITH_KNOTS('',1,(#10108,#10109),.UNSPECIFIED.,
  .F.,.F.,(2,2),(-0.,9.999999999977E-05),.PIECEWISE_BEZIER_KNOTS.);
#10108 = CARTESIAN_POINT('',(6.20005,-3.512323969779E-02,4.760653187157)
  );
#10109 = CARTESIAN_POINT('',(6.19995,-3.512323969779E-02,4.760653187157)
  );
#10110 = B_SPLINE_SURFACE_WITH_KNOTS('',1,1,(
    (#10111,#10112)
    ,(#10113,#10114
    )),.UNSPECIFIED.,.F.,.F.,.F.,(2,2),(2,2),(-0.235193240671,0.),(
    -9.999999999977E-05,0.),.PIECEWISE_BEZIER_KNOTS.);
#10111 = CARTESIAN_POINT('',(6.19995,-3.512323969779E-02,4.760653187157)
  );
#10112 = CARTESIAN_POINT('',(6.20005,-3.512323969779E-02,4.760653187157)
  );
#10113 = CARTESIAN_POINT('',(6.19995,-3.512323969779E-02,4.995846427828)
  );
#10114 = CARTESIAN_POINT('',(6.20005,-3.512323969779E-02,4.995846427828)
  );
#10115 = ADVANCED_FACE('',(#10116),#10132,.T.);
#10116 = FACE_BOUND('',#10117,.T.);
#10117 = EDGE_LOOP('',(#10118,#10125,#10126,#10127));
#10118 = ORIENTED_EDGE('',*,*,#10119,.F.);
#10119 = EDGE_CURVE('',#10098,#10120,#10122,.T.);
#10120 = VERTEX_POINT('',#10121);
#10121 = CARTESIAN_POINT('',(6.19995,9.170447536743E-03,4.760653187157)
  );
#10122 = B_SPLINE_CURVE_WITH_KNOTS('',1,(#10123,#10124),.UNSPECIFIED.,
  .F.,.F.,(2,2),(0.,4.429368723454E-02),.PIECEWISE_BEZIER_KNOTS.);
#10123 = CARTESIAN_POINT('',(6.19995,-3.512323969779E-02,4.760653187157)
  );
#10124 = CARTESIAN_POINT('',(6.19995,9.170447536743E-03,4.760653187157)
  );
#10125 = ORIENTED_EDGE('',*,*,#10106,.F.);
#10126 = ORIENTED_EDGE('',*,*,#9928,.T.);
#10127 = ORIENTED_EDGE('',*,*,#10128,.T.);
#10128 = EDGE_CURVE('',#9920,#10120,#10129,.T.);
#10129 = B_SPLINE_CURVE_WITH_KNOTS('',1,(#10130,#10131),.UNSPECIFIED.,
  .F.,.F.,(2,2),(-0.,9.999999999977E-05),.PIECEWISE_BEZIER_KNOTS.);
#10130 = CARTESIAN_POINT('',(6.20005,9.170447536743E-03,4.760653187157)
  );
#10131 = CARTESIAN_POINT('',(6.19995,9.170447536743E-03,4.760653187157)
  );
#10132 = B_SPLINE_SURFACE_WITH_KNOTS('',1,1,(
    (#10133,#10134)
    ,(#10135,#10136
    )),.UNSPECIFIED.,.F.,.F.,.F.,(2,2),(2,2),(-4.429368723454E-02,0.),(
    -9.999999999977E-05,0.),.PIECEWISE_BEZIER_KNOTS.);
#10133 = CARTESIAN_POINT('',(6.19995,9.170447536743E-03,4.760653187157)
  );
#10134 = CARTESIAN_POINT('',(6.20005,9.170447536743E-03,4.760653187157)
  );
#10135 = CARTESIAN_POINT('',(6.19995,-3.512323969779E-02,4.760653187157)
  );
#10136 = CARTESIAN_POINT('',(6.20005,-3.512323969779E-02,4.760653187157)
  );
#10137 = ADVANCED_FACE('',(#10138),#10156,.T.);
#10138 = FACE_BOUND('',#10139,.T.);
#10139 = EDGE_LOOP('',(#10140,#10149,#10150,#10151));
#10140 = ORIENTED_EDGE('',*,*,#10141,.F.);
#10141 = EDGE_CURVE('',#10120,#10142,#10144,.T.);
#10142 = VERTEX_POINT('',#10143);
#10143 = CARTESIAN_POINT('',(6.19995,9.98633317881E-02,4.792469779395));
#10144 = B_SPLINE_CURVE_WITH_KNOTS('',3,(#10145,#10146,#10147,#10148),
  .UNSPECIFIED.,.F.,.F.,(4,4),(2.,3.),.PIECEWISE_BEZIER_KNOTS.);
#10145 = CARTESIAN_POINT('',(6.19995,9.170447536743E-03,4.760653187157)
  );
#10146 = CARTESIAN_POINT('',(6.19995,4.792742386695E-02,4.760653187157)
  );
#10147 = CARTESIAN_POINT('',(6.19995,7.818437923265E-02,4.771258717901)
  );
#10148 = CARTESIAN_POINT('',(6.19995,9.98633317881E-02,4.792469779395));
#10149 = ORIENTED_EDGE('',*,*,#10128,.F.);
#10150 = ORIENTED_EDGE('',*,*,#9919,.T.);
#10151 = ORIENTED_EDGE('',*,*,#10152,.T.);
#10152 = EDGE_CURVE('',#9911,#10142,#10153,.T.);
#10153 = B_SPLINE_CURVE_WITH_KNOTS('',1,(#10154,#10155),.UNSPECIFIED.,
  .F.,.F.,(2,2),(-0.,9.999999999977E-05),.PIECEWISE_BEZIER_KNOTS.);
#10154 = CARTESIAN_POINT('',(6.20005,9.98633317881E-02,4.792469779395));
#10155 = CARTESIAN_POINT('',(6.19995,9.98633317881E-02,4.792469779395));
#10156 = B_SPLINE_SURFACE_WITH_KNOTS('',3,1,(
    (#10157,#10158)
    ,(#10159,#10160)
    ,(#10161,#10162)
    ,(#10163,#10164
    )),.UNSPECIFIED.,.F.,.F.,.F.,(4,4),(2,2),(2.,3.),(0.,1.),
  .PIECEWISE_BEZIER_KNOTS.);
#10157 = CARTESIAN_POINT('',(6.20005,9.170447536743E-03,4.760653187157)
  );
#10158 = CARTESIAN_POINT('',(6.19995,9.170447536743E-03,4.760653187157)
  );
#10159 = CARTESIAN_POINT('',(6.20005,4.792742386695E-02,4.760653187157)
  );
#10160 = CARTESIAN_POINT('',(6.19995,4.792742386695E-02,4.760653187157)
  );
#10161 = CARTESIAN_POINT('',(6.20005,7.818437923265E-02,4.771258717901)
  );
#10162 = CARTESIAN_POINT('',(6.19995,7.818437923265E-02,4.771258717901)
  );
#10163 = CARTESIAN_POINT('',(6.20005,9.98633317881E-02,4.792469779395));
#10164 = CARTESIAN_POINT('',(6.19995,9.98633317881E-02,4.792469779395));
#10165 = ADVANCED_FACE('',(#10166),#10184,.T.);
#10166 = FACE_BOUND('',#10167,.T.);
#10167 = EDGE_LOOP('',(#10168,#10177,#10178,#10179));
#10168 = ORIENTED_EDGE('',*,*,#10169,.F.);
#10169 = EDGE_CURVE('',#10142,#10170,#10172,.T.);
#10170 = VERTEX_POINT('',#10171);
#10171 = CARTESIAN_POINT('',(6.19995,0.132459742463,4.881213117553));
#10172 = B_SPLINE_CURVE_WITH_KNOTS('',3,(#10173,#10174,#10175,#10176),
  .UNSPECIFIED.,.F.,.F.,(4,4),(3.,4.),.PIECEWISE_BEZIER_KNOTS.);
#10173 = CARTESIAN_POINT('',(6.19995,9.98633317881E-02,4.792469779395));
#10174 = CARTESIAN_POINT('',(6.19995,0.121620266187,4.813524877201));
#10175 = CARTESIAN_POINT('',(6.19995,0.132459742463,4.843157977816));
#10176 = CARTESIAN_POINT('',(6.19995,0.132459742463,4.881213117553));
#10177 = ORIENTED_EDGE('',*,*,#10152,.F.);
#10178 = ORIENTED_EDGE('',*,*,#9910,.T.);
#10179 = ORIENTED_EDGE('',*,*,#10180,.T.);
#10180 = EDGE_CURVE('',#9902,#10170,#10181,.T.);
#10181 = B_SPLINE_CURVE_WITH_KNOTS('',1,(#10182,#10183),.UNSPECIFIED.,
  .F.,.F.,(2,2),(-0.,9.999999999977E-05),.PIECEWISE_BEZIER_KNOTS.);
#10182 = CARTESIAN_POINT('',(6.20005,0.132459742463,4.881213117553));
#10183 = CARTESIAN_POINT('',(6.19995,0.132459742463,4.881213117553));
#10184 = B_SPLINE_SURFACE_WITH_KNOTS('',3,1,(
    (#10185,#10186)
    ,(#10187,#10188)
    ,(#10189,#10190)
    ,(#10191,#10192
    )),.UNSPECIFIED.,.F.,.F.,.F.,(4,4),(2,2),(3.,4.),(0.,1.),
  .PIECEWISE_BEZIER_KNOTS.);
#10185 = CARTESIAN_POINT('',(6.20005,9.98633317881E-02,4.792469779395));
#10186 = CARTESIAN_POINT('',(6.19995,9.98633317881E-02,4.792469779395));
#10187 = CARTESIAN_POINT('',(6.20005,0.121620266187,4.813524877201));
#10188 = CARTESIAN_POINT('',(6.19995,0.121620266187,4.813524877201));
#10189 = CARTESIAN_POINT('',(6.20005,0.132459742463,4.843157977816));
#10190 = CARTESIAN_POINT('',(6.19995,0.132459742463,4.843157977816));
#10191 = CARTESIAN_POINT('',(6.20005,0.132459742463,4.881213117553));
#10192 = CARTESIAN_POINT('',(6.19995,0.132459742463,4.881213117553));
#10193 = ADVANCED_FACE('',(#10194),#10212,.T.);
#10194 = FACE_BOUND('',#10195,.T.);
#10195 = EDGE_LOOP('',(#10196,#10205,#10206,#10207));
#10196 = ORIENTED_EDGE('',*,*,#10197,.F.);
#10197 = EDGE_CURVE('',#10170,#10198,#10200,.T.);
#10198 = VERTEX_POINT('',#10199);
#10199 = CARTESIAN_POINT('',(6.19995,9.900553150604E-02,4.967149109337)
  );
#10200 = B_SPLINE_CURVE_WITH_KNOTS('',3,(#10201,#10202,#10203,#10204),
  .UNSPECIFIED.,.F.,.F.,(4,4),(4.,5.),.PIECEWISE_BEZIER_KNOTS.);
#10201 = CARTESIAN_POINT('',(6.19995,0.132459742463,4.881213117553));
#10202 = CARTESIAN_POINT('',(6.19995,0.132459742463,4.919268257291));
#10203 = CARTESIAN_POINT('',(6.19995,0.121308338811,4.94796557578));
#10204 = CARTESIAN_POINT('',(6.19995,9.900553150604E-02,4.967149109337)
  );
#10205 = ORIENTED_EDGE('',*,*,#10180,.F.);
#10206 = ORIENTED_EDGE('',*,*,#9901,.T.);
#10207 = ORIENTED_EDGE('',*,*,#10208,.T.);
#10208 = EDGE_CURVE('',#9893,#10198,#10209,.T.);
#10209 = B_SPLINE_CURVE_WITH_KNOTS('',1,(#10210,#10211),.UNSPECIFIED.,
  .F.,.F.,(2,2),(-0.,9.999999999977E-05),.PIECEWISE_BEZIER_KNOTS.);
#10210 = CARTESIAN_POINT('',(6.20005,9.900553150604E-02,4.967149109337)
  );
#10211 = CARTESIAN_POINT('',(6.19995,9.900553150604E-02,4.967149109337)
  );
#10212 = B_SPLINE_SURFACE_WITH_KNOTS('',3,1,(
    (#10213,#10214)
    ,(#10215,#10216)
    ,(#10217,#10218)
    ,(#10219,#10220
    )),.UNSPECIFIED.,.F.,.F.,.F.,(4,4),(2,2),(4.,5.),(0.,1.),
  .PIECEWISE_BEZIER_KNOTS.);
#10213 = CARTESIAN_POINT('',(6.20005,0.132459742463,4.881213117553));
#10214 = CARTESIAN_POINT('',(6.19995,0.132459742463,4.881213117553));
#10215 = CARTESIAN_POINT('',(6.20005,0.132459742463,4.919268257291));
#10216 = CARTESIAN_POINT('',(6.19995,0.132459742463,4.919268257291));
#10217 = CARTESIAN_POINT('',(6.20005,0.121308338811,4.94796557578));
#10218 = CARTESIAN_POINT('',(6.19995,0.121308338811,4.94796557578));
#10219 = CARTESIAN_POINT('',(6.20005,9.900553150604E-02,4.967149109337)
  );
#10220 = CARTESIAN_POINT('',(6.19995,9.900553150604E-02,4.967149109337)
  );
#10221 = ADVANCED_FACE('',(#10222),#10234,.T.);
#10222 = FACE_BOUND('',#10223,.T.);
#10223 = EDGE_LOOP('',(#10224,#10231,#10232,#10233));
#10224 = ORIENTED_EDGE('',*,*,#10225,.F.);
#10225 = EDGE_CURVE('',#10198,#10070,#10226,.T.);
#10226 = B_SPLINE_CURVE_WITH_KNOTS('',3,(#10227,#10228,#10229,#10230),
  .UNSPECIFIED.,.F.,.F.,(4,4),(5.,6.),.PIECEWISE_BEZIER_KNOTS.);
#10227 = CARTESIAN_POINT('',(6.19995,9.900553150604E-02,4.967149109337)
  );
#10228 = CARTESIAN_POINT('',(6.19995,7.67027242015E-02,4.986332642892));
#10229 = CARTESIAN_POINT('',(6.19995,4.730356911788E-02,4.995846427828)
  );
#10230 = CARTESIAN_POINT('',(6.19995,1.096402994242E-02,4.995846427828)
  );
#10231 = ORIENTED_EDGE('',*,*,#10208,.F.);
#10232 = ORIENTED_EDGE('',*,*,#9892,.T.);
#10233 = ORIENTED_EDGE('',*,*,#10078,.T.);
#10234 = B_SPLINE_SURFACE_WITH_KNOTS('',3,1,(
    (#10235,#10236)
    ,(#10237,#10238)
    ,(#10239,#10240)
    ,(#10241,#10242
    )),.UNSPECIFIED.,.F.,.F.,.F.,(4,4),(2,2),(5.,6.),(0.,1.),
  .PIECEWISE_BEZIER_KNOTS.);
#10235 = CARTESIAN_POINT('',(6.20005,9.900553150604E-02,4.967149109337)
  );
#10236 = CARTESIAN_POINT('',(6.19995,9.900553150604E-02,4.967149109337)
  );
#10237 = CARTESIAN_POINT('',(6.20005,7.67027242015E-02,4.986332642892));
#10238 = CARTESIAN_POINT('',(6.19995,7.67027242015E-02,4.986332642892));
#10239 = CARTESIAN_POINT('',(6.20005,4.730356911788E-02,4.995846427828)
  );
#10240 = CARTESIAN_POINT('',(6.19995,4.730356911788E-02,4.995846427828)
  );
#10241 = CARTESIAN_POINT('',(6.20005,1.096402994242E-02,4.995846427828)
  );
#10242 = CARTESIAN_POINT('',(6.19995,1.096402994242E-02,4.995846427828)
  );
#10243 = ADVANCED_FACE('',(#10244),#10253,.F.);
#10244 = FACE_BOUND('',#10245,.T.);
#10245 = EDGE_LOOP('',(#10246,#10247,#10248,#10249,#10250,#10251,#10252)
  );
#10246 = ORIENTED_EDGE('',*,*,#10225,.T.);
#10247 = ORIENTED_EDGE('',*,*,#10069,.T.);
#10248 = ORIENTED_EDGE('',*,*,#10097,.T.);
#10249 = ORIENTED_EDGE('',*,*,#10119,.T.);
#10250 = ORIENTED_EDGE('',*,*,#10141,.T.);
#10251 = ORIENTED_EDGE('',*,*,#10169,.T.);
#10252 = ORIENTED_EDGE('',*,*,#10197,.T.);
#10253 = B_SPLINE_SURFACE_WITH_KNOTS('',1,1,(
    (#10254,#10255)
    ,(#10256,#10257
    )),.UNSPECIFIED.,.F.,.F.,.F.,(2,2),(2,2),(-4.739346912843,
    -4.504153672172),(5.714876760302,5.882459742463),
  .PIECEWISE_BEZIER_KNOTS.);
#10254 = CARTESIAN_POINT('',(6.19995,-3.512323969779E-02,4.760653187157)
  );
#10255 = CARTESIAN_POINT('',(6.19995,0.132459742463,4.760653187157));
#10256 = CARTESIAN_POINT('',(6.19995,-3.512323969779E-02,4.995846427828)
  );
#10257 = CARTESIAN_POINT('',(6.19995,0.132459742463,4.995846427828));
#10258 = ADVANCED_FACE('',(#10259,#10317),#10365,.F.);
#10259 = FACE_BOUND('',#10260,.T.);
#10260 = EDGE_LOOP('',(#10261,#10270,#10277,#10284,#10291,#10298,#10305,
    #10312));
#10261 = ORIENTED_EDGE('',*,*,#10262,.T.);
#10262 = EDGE_CURVE('',#10263,#10265,#10267,.T.);
#10263 = VERTEX_POINT('',#10264);
#10264 = CARTESIAN_POINT('',(6.20005,0.465286251477,4.725873284856));
#10265 = VERTEX_POINT('',#10266);
#10266 = CARTESIAN_POINT('',(6.20005,0.34909330433,5.030938257503));
#10267 = B_SPLINE_CURVE_WITH_KNOTS('',1,(#10268,#10269),.UNSPECIFIED.,
  .F.,.F.,(2,2),(-0.326443622243,0.),.PIECEWISE_BEZIER_KNOTS.);
#10268 = CARTESIAN_POINT('',(6.20005,0.465286251477,4.725873284856));
#10269 = CARTESIAN_POINT('',(6.20005,0.34909330433,5.030938257503));
#10270 = ORIENTED_EDGE('',*,*,#10271,.T.);
#10271 = EDGE_CURVE('',#10265,#10272,#10274,.T.);
#10272 = VERTEX_POINT('',#10273);
#10273 = CARTESIAN_POINT('',(6.20005,0.306983108717,5.030938257503));
#10274 = B_SPLINE_CURVE_WITH_KNOTS('',1,(#10275,#10276),.UNSPECIFIED.,
  .F.,.F.,(2,2),(-4.211019561276E-02,-0.),.PIECEWISE_BEZIER_KNOTS.);
#10275 = CARTESIAN_POINT('',(6.20005,0.34909330433,5.030938257503));
#10276 = CARTESIAN_POINT('',(6.20005,0.306983108717,5.030938257503));
#10277 = ORIENTED_EDGE('',*,*,#10278,.T.);
#10278 = EDGE_CURVE('',#10272,#10279,#10281,.T.);
#10279 = VERTEX_POINT('',#10280);
#10280 = CARTESIAN_POINT('',(6.20005,0.190790161568,4.725873284856));
#10281 = B_SPLINE_CURVE_WITH_KNOTS('',1,(#10282,#10283),.UNSPECIFIED.,
  .F.,.F.,(2,2),(-0.326443622243,-0.),.PIECEWISE_BEZIER_KNOTS.);
#10282 = CARTESIAN_POINT('',(6.20005,0.306983108717,5.030938257503));
#10283 = CARTESIAN_POINT('',(6.20005,0.190790161568,4.725873284856));
#10284 = ORIENTED_EDGE('',*,*,#10285,.T.);
#10285 = EDGE_CURVE('',#10279,#10286,#10288,.T.);
#10286 = VERTEX_POINT('',#10287);
#10287 = CARTESIAN_POINT('',(6.20005,0.234304030366,4.725873284856));
#10288 = B_SPLINE_CURVE_WITH_KNOTS('',1,(#10289,#10290),.UNSPECIFIED.,
  .F.,.F.,(2,2),(-4.351386879818E-02,0.),.PIECEWISE_BEZIER_KNOTS.);
#10289 = CARTESIAN_POINT('',(6.20005,0.190790161568,4.725873284856));
#10290 = CARTESIAN_POINT('',(6.20005,0.234304030366,4.725873284856));
#10291 = ORIENTED_EDGE('',*,*,#10292,.T.);
#10292 = EDGE_CURVE('',#10286,#10293,#10295,.T.);
#10293 = VERTEX_POINT('',#10294);
#10294 = CARTESIAN_POINT('',(6.20005,0.263625203606,4.809313857639));
#10295 = B_SPLINE_CURVE_WITH_KNOTS('',1,(#10296,#10297),.UNSPECIFIED.,
  .F.,.F.,(2,2),(-8.844241282615E-02,0.),.PIECEWISE_BEZIER_KNOTS.);
#10296 = CARTESIAN_POINT('',(6.20005,0.234304030366,4.725873284856));
#10297 = CARTESIAN_POINT('',(6.20005,0.263625203606,4.809313857639));
#10298 = ORIENTED_EDGE('',*,*,#10299,.T.);
#10299 = EDGE_CURVE('',#10293,#10300,#10302,.T.);
#10300 = VERTEX_POINT('',#10301);
#10301 = CARTESIAN_POINT('',(6.20005,0.390657627033,4.809313857639));
#10302 = B_SPLINE_CURVE_WITH_KNOTS('',1,(#10303,#10304),.UNSPECIFIED.,
  .F.,.F.,(2,2),(-0.127032423427,0.),.PIECEWISE_BEZIER_KNOTS.);
#10303 = CARTESIAN_POINT('',(6.20005,0.263625203606,4.809313857639));
#10304 = CARTESIAN_POINT('',(6.20005,0.390657627033,4.809313857639));
#10305 = ORIENTED_EDGE('',*,*,#10306,.T.);
#10306 = EDGE_CURVE('',#10300,#10307,#10309,.T.);
#10307 = VERTEX_POINT('',#10308);
#10308 = CARTESIAN_POINT('',(6.20005,0.421772382681,4.725873284856));
#10309 = B_SPLINE_CURVE_WITH_KNOTS('',1,(#10310,#10311),.UNSPECIFIED.,
  .F.,.F.,(2,2),(-8.905311451803E-02,0.),.PIECEWISE_BEZIER_KNOTS.);
#10310 = CARTESIAN_POINT('',(6.20005,0.390657627033,4.809313857639));
#10311 = CARTESIAN_POINT('',(6.20005,0.421772382681,4.725873284856));
#10312 = ORIENTED_EDGE('',*,*,#10313,.T.);
#10313 = EDGE_CURVE('',#10307,#10263,#10314,.T.);
#10314 = B_SPLINE_CURVE_WITH_KNOTS('',1,(#10315,#10316),.UNSPECIFIED.,
  .F.,.F.,(2,2),(-4.35138687961E-02,0.),.PIECEWISE_BEZIER_KNOTS.);
#10315 = CARTESIAN_POINT('',(6.20005,0.421772382681,4.725873284856));
#10316 = CARTESIAN_POINT('',(6.20005,0.465286251477,4.725873284856));
#10317 = FACE_BOUND('',#10318,.T.);
#10318 = EDGE_LOOP('',(#10319,#10328,#10335,#10344,#10351,#10360));
#10319 = ORIENTED_EDGE('',*,*,#10320,.F.);
#10320 = EDGE_CURVE('',#10321,#10323,#10325,.T.);
#10321 = VERTEX_POINT('',#10322);
#10322 = CARTESIAN_POINT('',(6.20005,0.276102298605,4.843781832565));
#10323 = VERTEX_POINT('',#10324);
#10324 = CARTESIAN_POINT('',(6.20005,0.378492459414,4.843781832565));
#10325 = B_SPLINE_CURVE_WITH_KNOTS('',1,(#10326,#10327),.UNSPECIFIED.,
  .F.,.F.,(2,2),(0.,0.102390160809),.PIECEWISE_BEZIER_KNOTS.);
#10326 = CARTESIAN_POINT('',(6.20005,0.276102298605,4.843781832565));
#10327 = CARTESIAN_POINT('',(6.20005,0.378492459414,4.843781832565));
#10328 = ORIENTED_EDGE('',*,*,#10329,.F.);
#10329 = EDGE_CURVE('',#10330,#10321,#10332,.T.);
#10330 = VERTEX_POINT('',#10331);
#10331 = CARTESIAN_POINT('',(6.20005,0.321721677181,4.970580310461));
#10332 = B_SPLINE_CURVE_WITH_KNOTS('',1,(#10333,#10334),.UNSPECIFIED.,
  .F.,.F.,(2,2),(2.277261815246E-16,0.134755265939),
  .PIECEWISE_BEZIER_KNOTS.);
#10333 = CARTESIAN_POINT('',(6.20005,0.321721677181,4.970580310461));
#10334 = CARTESIAN_POINT('',(6.20005,0.276102298605,4.843781832565));
#10335 = ORIENTED_EDGE('',*,*,#10336,.F.);
#10336 = EDGE_CURVE('',#10337,#10330,#10339,.T.);
#10337 = VERTEX_POINT('',#10338);
#10338 = CARTESIAN_POINT('',(6.20005,0.32671251518,4.99194733564));
#10339 = B_SPLINE_CURVE_WITH_KNOTS('',3,(#10340,#10341,#10342,#10343),
  .UNSPECIFIED.,.F.,.F.,(4,4),(3.,4.),.PIECEWISE_BEZIER_KNOTS.);
#10340 = CARTESIAN_POINT('',(6.20005,0.32671251518,4.99194733564));
#10341 = CARTESIAN_POINT('',(6.20005,0.325230860149,4.98274547808));
#10342 = CARTESIAN_POINT('',(6.20005,0.323593241432,4.975571148458));
#10343 = CARTESIAN_POINT('',(6.20005,0.321721677181,4.970580310461));
#10344 = ORIENTED_EDGE('',*,*,#10345,.F.);
#10345 = EDGE_CURVE('',#10346,#10337,#10348,.T.);
#10346 = VERTEX_POINT('',#10347);
#10347 = CARTESIAN_POINT('',(6.20005,0.327648297306,4.99194733564));
#10348 = B_SPLINE_CURVE_WITH_KNOTS('',1,(#10349,#10350),.UNSPECIFIED.,
  .F.,.F.,(2,2),(-3.885780586188E-16,9.357821257002E-04),
  .PIECEWISE_BEZIER_KNOTS.);
#10349 = CARTESIAN_POINT('',(6.20005,0.327648297306,4.99194733564));
#10350 = CARTESIAN_POINT('',(6.20005,0.32671251518,4.99194733564));
#10351 = ORIENTED_EDGE('',*,*,#10352,.F.);
#10352 = EDGE_CURVE('',#10353,#10346,#10355,.T.);
#10353 = VERTEX_POINT('',#10354);
#10354 = CARTESIAN_POINT('',(6.20005,0.332405189771,4.970580310461));
#10355 = B_SPLINE_CURVE_WITH_KNOTS('',3,(#10356,#10357,#10358,#10359),
  .UNSPECIFIED.,.F.,.F.,(4,4),(1.,2.),.PIECEWISE_BEZIER_KNOTS.);
#10356 = CARTESIAN_POINT('',(6.20005,0.332405189771,4.970580310461));
#10357 = CARTESIAN_POINT('',(6.20005,0.330923534742,4.974791330021));
#10358 = CARTESIAN_POINT('',(6.20005,0.329363897866,4.981809695957));
#10359 = CARTESIAN_POINT('',(6.20005,0.327648297306,4.99194733564));
#10360 = ORIENTED_EDGE('',*,*,#10361,.F.);
#10361 = EDGE_CURVE('',#10323,#10353,#10362,.T.);
#10362 = B_SPLINE_CURVE_WITH_KNOTS('',1,(#10363,#10364),.UNSPECIFIED.,
  .F.,.F.,(2,2),(0.,0.134914381812),.PIECEWISE_BEZIER_KNOTS.);
#10363 = CARTESIAN_POINT('',(6.20005,0.378492459414,4.843781832565));
#10364 = CARTESIAN_POINT('',(6.20005,0.332405189771,4.970580310461));
#10365 = B_SPLINE_SURFACE_WITH_KNOTS('',1,1,(
    (#10366,#10367)
    ,(#10368,#10369
    )),.UNSPECIFIED.,.F.,.F.,.F.,(2,2),(2,2),(1.325873184856,
    1.630938157503),(0.190790161568,0.465286251477),
  .PIECEWISE_BEZIER_KNOTS.);
#10366 = CARTESIAN_POINT('',(6.20005,0.190790161568,4.725873284856));
#10367 = CARTESIAN_POINT('',(6.20005,0.465286251477,4.725873284856));
#10368 = CARTESIAN_POINT('',(6.20005,0.190790161568,5.030938257503));
#10369 = CARTESIAN_POINT('',(6.20005,0.465286251477,5.030938257503));
#10370 = ADVANCED_FACE('',(#10371),#10385,.F.);
#10371 = FACE_BOUND('',#10372,.T.);
#10372 = EDGE_LOOP('',(#10373,#10374,#10379,#10380));
#10373 = ORIENTED_EDGE('',*,*,#1163,.T.);
#10374 = ORIENTED_EDGE('',*,*,#10375,.F.);
#10375 = EDGE_CURVE('',#10265,#1166,#10376,.T.);
#10376 = B_SPLINE_CURVE_WITH_KNOTS('',1,(#10377,#10378),.UNSPECIFIED.,
  .F.,.F.,(2,2),(-0.,9.999999999977E-05),.PIECEWISE_BEZIER_KNOTS.);
#10377 = CARTESIAN_POINT('',(6.20005,0.34909330433,5.030938257503));
#10378 = CARTESIAN_POINT('',(6.19995,0.34909330433,5.030938257503));
#10379 = ORIENTED_EDGE('',*,*,#10262,.F.);
#10380 = ORIENTED_EDGE('',*,*,#10381,.T.);
#10381 = EDGE_CURVE('',#10263,#1164,#10382,.T.);
#10382 = B_SPLINE_CURVE_WITH_KNOTS('',1,(#10383,#10384),.UNSPECIFIED.,
  .F.,.F.,(2,2),(-0.,9.999999999977E-05),.PIECEWISE_BEZIER_KNOTS.);
#10383 = CARTESIAN_POINT('',(6.20005,0.465286251477,4.725873284856));
#10384 = CARTESIAN_POINT('',(6.19995,0.465286251477,4.725873284856));
#10385 = B_SPLINE_SURFACE_WITH_KNOTS('',1,1,(
    (#10386,#10387)
    ,(#10388,#10389
    )),.UNSPECIFIED.,.F.,.F.,.F.,(2,2),(2,2),(-2.075030011692E-16,
    0.326443622243),(-9.999999999977E-05,0.),.PIECEWISE_BEZIER_KNOTS.);
#10386 = CARTESIAN_POINT('',(6.19995,0.34909330433,5.030938257503));
#10387 = CARTESIAN_POINT('',(6.20005,0.34909330433,5.030938257503));
#10388 = CARTESIAN_POINT('',(6.19995,0.465286251477,4.725873284856));
#10389 = CARTESIAN_POINT('',(6.20005,0.465286251477,4.725873284856));
#10390 = ADVANCED_FACE('',(#10391),#10401,.F.);
#10391 = FACE_BOUND('',#10392,.T.);
#10392 = EDGE_LOOP('',(#10393,#10394,#10399,#10400));
#10393 = ORIENTED_EDGE('',*,*,#1214,.T.);
#10394 = ORIENTED_EDGE('',*,*,#10395,.F.);
#10395 = EDGE_CURVE('',#10272,#1208,#10396,.T.);
#10396 = B_SPLINE_CURVE_WITH_KNOTS('',1,(#10397,#10398),.UNSPECIFIED.,
  .F.,.F.,(2,2),(-0.,9.999999999977E-05),.PIECEWISE_BEZIER_KNOTS.);
#10397 = CARTESIAN_POINT('',(6.20005,0.306983108717,5.030938257503));
#10398 = CARTESIAN_POINT('',(6.19995,0.306983108717,5.030938257503));
#10399 = ORIENTED_EDGE('',*,*,#10271,.F.);
#10400 = ORIENTED_EDGE('',*,*,#10375,.T.);
#10401 = B_SPLINE_SURFACE_WITH_KNOTS('',1,1,(
    (#10402,#10403)
    ,(#10404,#10405
    )),.UNSPECIFIED.,.F.,.F.,.F.,(2,2),(2,2),(-1.143386961496E-30,
    4.211019561276E-02),(-9.999999999977E-05,0.),
  .PIECEWISE_BEZIER_KNOTS.);
#10402 = CARTESIAN_POINT('',(6.19995,0.306983108717,5.030938257503));
#10403 = CARTESIAN_POINT('',(6.20005,0.306983108717,5.030938257503));
#10404 = CARTESIAN_POINT('',(6.19995,0.34909330433,5.030938257503));
#10405 = CARTESIAN_POINT('',(6.20005,0.34909330433,5.030938257503));
#10406 = ADVANCED_FACE('',(#10407),#10417,.F.);
#10407 = FACE_BOUND('',#10408,.T.);
#10408 = EDGE_LOOP('',(#10409,#10410,#10415,#10416));
#10409 = ORIENTED_EDGE('',*,*,#1207,.T.);
#10410 = ORIENTED_EDGE('',*,*,#10411,.F.);
#10411 = EDGE_CURVE('',#10279,#1201,#10412,.T.);
#10412 = B_SPLINE_CURVE_WITH_KNOTS('',1,(#10413,#10414),.UNSPECIFIED.,
  .F.,.F.,(2,2),(-0.,9.999999999977E-05),.PIECEWISE_BEZIER_KNOTS.);
#10413 = CARTESIAN_POINT('',(6.20005,0.190790161568,4.725873284856));
#10414 = CARTESIAN_POINT('',(6.19995,0.190790161568,4.725873284856));
#10415 = ORIENTED_EDGE('',*,*,#10278,.F.);
#10416 = ORIENTED_EDGE('',*,*,#10395,.T.);
#10417 = B_SPLINE_SURFACE_WITH_KNOTS('',1,1,(
    (#10418,#10419)
    ,(#10420,#10421
    )),.UNSPECIFIED.,.F.,.F.,.F.,(2,2),(2,2),(0.,0.326443622243),(
    -9.999999999977E-05,0.),.PIECEWISE_BEZIER_KNOTS.);
#10418 = CARTESIAN_POINT('',(6.19995,0.190790161568,4.725873284856));
#10419 = CARTESIAN_POINT('',(6.20005,0.190790161568,4.725873284856));
#10420 = CARTESIAN_POINT('',(6.19995,0.306983108717,5.030938257503));
#10421 = CARTESIAN_POINT('',(6.20005,0.306983108717,5.030938257503));
#10422 = ADVANCED_FACE('',(#10423),#10433,.F.);
#10423 = FACE_BOUND('',#10424,.T.);
#10424 = EDGE_LOOP('',(#10425,#10426,#10431,#10432));
#10425 = ORIENTED_EDGE('',*,*,#1200,.T.);
#10426 = ORIENTED_EDGE('',*,*,#10427,.F.);
#10427 = EDGE_CURVE('',#10286,#1194,#10428,.T.);
#10428 = B_SPLINE_CURVE_WITH_KNOTS('',1,(#10429,#10430),.UNSPECIFIED.,
  .F.,.F.,(2,2),(-0.,9.999999999977E-05),.PIECEWISE_BEZIER_KNOTS.);
#10429 = CARTESIAN_POINT('',(6.20005,0.234304030366,4.725873284856));
#10430 = CARTESIAN_POINT('',(6.19995,0.234304030366,4.725873284856));
#10431 = ORIENTED_EDGE('',*,*,#10285,.F.);
#10432 = ORIENTED_EDGE('',*,*,#10411,.T.);
#10433 = B_SPLINE_SURFACE_WITH_KNOTS('',1,1,(
    (#10434,#10435)
    ,(#10436,#10437
    )),.UNSPECIFIED.,.F.,.F.,.F.,(2,2),(2,2),(-3.330669073875E-16,
    4.351386879818E-02),(-9.999999999977E-05,0.),
  .PIECEWISE_BEZIER_KNOTS.);
#10434 = CARTESIAN_POINT('',(6.19995,0.234304030366,4.725873284856));
#10435 = CARTESIAN_POINT('',(6.20005,0.234304030366,4.725873284856));
#10436 = CARTESIAN_POINT('',(6.19995,0.190790161568,4.725873284856));
#10437 = CARTESIAN_POINT('',(6.20005,0.190790161568,4.725873284856));
#10438 = ADVANCED_FACE('',(#10439),#10449,.F.);
#10439 = FACE_BOUND('',#10440,.T.);
#10440 = EDGE_LOOP('',(#10441,#10442,#10447,#10448));
#10441 = ORIENTED_EDGE('',*,*,#1193,.T.);
#10442 = ORIENTED_EDGE('',*,*,#10443,.F.);
#10443 = EDGE_CURVE('',#10293,#1187,#10444,.T.);
#10444 = B_SPLINE_CURVE_WITH_KNOTS('',1,(#10445,#10446),.UNSPECIFIED.,
  .F.,.F.,(2,2),(-0.,9.999999999977E-05),.PIECEWISE_BEZIER_KNOTS.);
#10445 = CARTESIAN_POINT('',(6.20005,0.263625203606,4.809313857639));
#10446 = CARTESIAN_POINT('',(6.19995,0.263625203606,4.809313857639));
#10447 = ORIENTED_EDGE('',*,*,#10292,.F.);
#10448 = ORIENTED_EDGE('',*,*,#10427,.T.);
#10449 = B_SPLINE_SURFACE_WITH_KNOTS('',1,1,(
    (#10450,#10451)
    ,(#10452,#10453
    )),.UNSPECIFIED.,.F.,.F.,.F.,(2,2),(2,2),(-2.901491789129E-16,
    8.844241282615E-02),(-9.999999999977E-05,0.),
  .PIECEWISE_BEZIER_KNOTS.);
#10450 = CARTESIAN_POINT('',(6.19995,0.263625203606,4.809313857639));
#10451 = CARTESIAN_POINT('',(6.20005,0.263625203606,4.809313857639));
#10452 = CARTESIAN_POINT('',(6.19995,0.234304030366,4.725873284856));
#10453 = CARTESIAN_POINT('',(6.20005,0.234304030366,4.725873284856));
#10454 = ADVANCED_FACE('',(#10455),#10465,.F.);
#10455 = FACE_BOUND('',#10456,.T.);
#10456 = EDGE_LOOP('',(#10457,#10458,#10463,#10464));
#10457 = ORIENTED_EDGE('',*,*,#1186,.T.);
#10458 = ORIENTED_EDGE('',*,*,#10459,.F.);
#10459 = EDGE_CURVE('',#10300,#1180,#10460,.T.);
#10460 = B_SPLINE_CURVE_WITH_KNOTS('',1,(#10461,#10462),.UNSPECIFIED.,
  .F.,.F.,(2,2),(-0.,9.999999999977E-05),.PIECEWISE_BEZIER_KNOTS.);
#10461 = CARTESIAN_POINT('',(6.20005,0.390657627033,4.809313857639));
#10462 = CARTESIAN_POINT('',(6.19995,0.390657627033,4.809313857639));
#10463 = ORIENTED_EDGE('',*,*,#10299,.F.);
#10464 = ORIENTED_EDGE('',*,*,#10443,.T.);
#10465 = B_SPLINE_SURFACE_WITH_KNOTS('',1,1,(
    (#10466,#10467)
    ,(#10468,#10469
    )),.UNSPECIFIED.,.F.,.F.,.F.,(2,2),(2,2),(-4.440892098501E-16,
    0.127032423427),(-9.999999999977E-05,0.),.PIECEWISE_BEZIER_KNOTS.);
#10466 = CARTESIAN_POINT('',(6.19995,0.390657627033,4.809313857639));
#10467 = CARTESIAN_POINT('',(6.20005,0.390657627033,4.809313857639));
#10468 = CARTESIAN_POINT('',(6.19995,0.263625203606,4.809313857639));
#10469 = CARTESIAN_POINT('',(6.20005,0.263625203606,4.809313857639));
#10470 = ADVANCED_FACE('',(#10471),#10481,.F.);
#10471 = FACE_BOUND('',#10472,.T.);
#10472 = EDGE_LOOP('',(#10473,#10474,#10479,#10480));
#10473 = ORIENTED_EDGE('',*,*,#1179,.T.);
#10474 = ORIENTED_EDGE('',*,*,#10475,.F.);
#10475 = EDGE_CURVE('',#10307,#1173,#10476,.T.);
#10476 = B_SPLINE_CURVE_WITH_KNOTS('',1,(#10477,#10478),.UNSPECIFIED.,
  .F.,.F.,(2,2),(-0.,9.999999999977E-05),.PIECEWISE_BEZIER_KNOTS.);
#10477 = CARTESIAN_POINT('',(6.20005,0.421772382681,4.725873284856));
#10478 = CARTESIAN_POINT('',(6.19995,0.421772382681,4.725873284856));
#10479 = ORIENTED_EDGE('',*,*,#10306,.F.);
#10480 = ORIENTED_EDGE('',*,*,#10459,.T.);
#10481 = B_SPLINE_SURFACE_WITH_KNOTS('',1,1,(
    (#10482,#10483)
    ,(#10484,#10485
    )),.UNSPECIFIED.,.F.,.F.,.F.,(2,2),(2,2),(0.,8.905311451803E-02),(
    -9.999999999977E-05,0.),.PIECEWISE_BEZIER_KNOTS.);
#10482 = CARTESIAN_POINT('',(6.19995,0.421772382681,4.725873284856));
#10483 = CARTESIAN_POINT('',(6.20005,0.421772382681,4.725873284856));
#10484 = CARTESIAN_POINT('',(6.19995,0.390657627033,4.809313857639));
#10485 = CARTESIAN_POINT('',(6.20005,0.390657627033,4.809313857639));
#10486 = ADVANCED_FACE('',(#10487),#10493,.F.);
#10487 = FACE_BOUND('',#10488,.T.);
#10488 = EDGE_LOOP('',(#10489,#10490,#10491,#10492));
#10489 = ORIENTED_EDGE('',*,*,#1172,.T.);
#10490 = ORIENTED_EDGE('',*,*,#10381,.F.);
#10491 = ORIENTED_EDGE('',*,*,#10313,.F.);
#10492 = ORIENTED_EDGE('',*,*,#10475,.T.);
#10493 = B_SPLINE_SURFACE_WITH_KNOTS('',1,1,(
    (#10494,#10495)
    ,(#10496,#10497
    )),.UNSPECIFIED.,.F.,.F.,.F.,(2,2),(2,2),(-0.,4.35138687961E-02),(
    -9.999999999977E-05,0.),.PIECEWISE_BEZIER_KNOTS.);
#10494 = CARTESIAN_POINT('',(6.19995,0.465286251477,4.725873284856));
#10495 = CARTESIAN_POINT('',(6.20005,0.465286251477,4.725873284856));
#10496 = CARTESIAN_POINT('',(6.19995,0.421772382681,4.725873284856));
#10497 = CARTESIAN_POINT('',(6.20005,0.421772382681,4.725873284856));
#10498 = ADVANCED_FACE('',(#10499),#10521,.T.);
#10499 = FACE_BOUND('',#10500,.T.);
#10500 = EDGE_LOOP('',(#10501,#10510,#10515,#10516));
#10501 = ORIENTED_EDGE('',*,*,#10502,.F.);
#10502 = EDGE_CURVE('',#10503,#10505,#10507,.T.);
#10503 = VERTEX_POINT('',#10504);
#10504 = CARTESIAN_POINT('',(6.19995,0.276102298605,4.843781832565));
#10505 = VERTEX_POINT('',#10506);
#10506 = CARTESIAN_POINT('',(6.19995,0.378492459414,4.843781832565));
#10507 = B_SPLINE_CURVE_WITH_KNOTS('',1,(#10508,#10509),.UNSPECIFIED.,
  .F.,.F.,(2,2),(8.881784197001E-16,0.102390160809),
  .PIECEWISE_BEZIER_KNOTS.);
#10508 = CARTESIAN_POINT('',(6.19995,0.276102298605,4.843781832565));
#10509 = CARTESIAN_POINT('',(6.19995,0.378492459414,4.843781832565));
#10510 = ORIENTED_EDGE('',*,*,#10511,.F.);
#10511 = EDGE_CURVE('',#10321,#10503,#10512,.T.);
#10512 = B_SPLINE_CURVE_WITH_KNOTS('',1,(#10513,#10514),.UNSPECIFIED.,
  .F.,.F.,(2,2),(-0.,9.999999999977E-05),.PIECEWISE_BEZIER_KNOTS.);
#10513 = CARTESIAN_POINT('',(6.20005,0.276102298605,4.843781832565));
#10514 = CARTESIAN_POINT('',(6.19995,0.276102298605,4.843781832565));
#10515 = ORIENTED_EDGE('',*,*,#10320,.T.);
#10516 = ORIENTED_EDGE('',*,*,#10517,.T.);
#10517 = EDGE_CURVE('',#10323,#10505,#10518,.T.);
#10518 = B_SPLINE_CURVE_WITH_KNOTS('',1,(#10519,#10520),.UNSPECIFIED.,
  .F.,.F.,(2,2),(-0.,9.999999999977E-05),.PIECEWISE_BEZIER_KNOTS.);
#10519 = CARTESIAN_POINT('',(6.20005,0.378492459414,4.843781832565));
#10520 = CARTESIAN_POINT('',(6.19995,0.378492459414,4.843781832565));
#10521 = B_SPLINE_SURFACE_WITH_KNOTS('',1,1,(
    (#10522,#10523)
    ,(#10524,#10525
    )),.UNSPECIFIED.,.F.,.F.,.F.,(2,2),(2,2),(-0.102390160809,0.),(
    -9.999999999977E-05,0.),.PIECEWISE_BEZIER_KNOTS.);
#10522 = CARTESIAN_POINT('',(6.19995,0.378492459414,4.843781832565));
#10523 = CARTESIAN_POINT('',(6.20005,0.378492459414,4.843781832565));
#10524 = CARTESIAN_POINT('',(6.19995,0.276102298605,4.843781832565));
#10525 = CARTESIAN_POINT('',(6.20005,0.276102298605,4.843781832565));
#10526 = ADVANCED_FACE('',(#10527),#10543,.T.);
#10527 = FACE_BOUND('',#10528,.T.);
#10528 = EDGE_LOOP('',(#10529,#10536,#10537,#10538));
#10529 = ORIENTED_EDGE('',*,*,#10530,.F.);
#10530 = EDGE_CURVE('',#10505,#10531,#10533,.T.);
#10531 = VERTEX_POINT('',#10532);
#10532 = CARTESIAN_POINT('',(6.19995,0.332405189771,4.970580310461));
#10533 = B_SPLINE_CURVE_WITH_KNOTS('',1,(#10534,#10535),.UNSPECIFIED.,
  .F.,.F.,(2,2),(0.,0.134914381812),.PIECEWISE_BEZIER_KNOTS.);
#10534 = CARTESIAN_POINT('',(6.19995,0.378492459414,4.843781832565));
#10535 = CARTESIAN_POINT('',(6.19995,0.332405189771,4.970580310461));
#10536 = ORIENTED_EDGE('',*,*,#10517,.F.);
#10537 = ORIENTED_EDGE('',*,*,#10361,.T.);
#10538 = ORIENTED_EDGE('',*,*,#10539,.T.);
#10539 = EDGE_CURVE('',#10353,#10531,#10540,.T.);
#10540 = B_SPLINE_CURVE_WITH_KNOTS('',1,(#10541,#10542),.UNSPECIFIED.,
  .F.,.F.,(2,2),(-0.,9.999999999977E-05),.PIECEWISE_BEZIER_KNOTS.);
#10541 = CARTESIAN_POINT('',(6.20005,0.332405189771,4.970580310461));
#10542 = CARTESIAN_POINT('',(6.19995,0.332405189771,4.970580310461));
#10543 = B_SPLINE_SURFACE_WITH_KNOTS('',1,1,(
    (#10544,#10545)
    ,(#10546,#10547
    )),.UNSPECIFIED.,.F.,.F.,.F.,(2,2),(2,2),(-0.134914381812,0.),(
    -9.999999999977E-05,0.),.PIECEWISE_BEZIER_KNOTS.);
#10544 = CARTESIAN_POINT('',(6.19995,0.332405189771,4.970580310461));
#10545 = CARTESIAN_POINT('',(6.20005,0.332405189771,4.970580310461));
#10546 = CARTESIAN_POINT('',(6.19995,0.378492459414,4.843781832565));
#10547 = CARTESIAN_POINT('',(6.20005,0.378492459414,4.843781832565));
#10548 = ADVANCED_FACE('',(#10549),#10567,.T.);
#10549 = FACE_BOUND('',#10550,.T.);
#10550 = EDGE_LOOP('',(#10551,#10560,#10561,#10562));
#10551 = ORIENTED_EDGE('',*,*,#10552,.F.);
#10552 = EDGE_CURVE('',#10531,#10553,#10555,.T.);
#10553 = VERTEX_POINT('',#10554);
#10554 = CARTESIAN_POINT('',(6.19995,0.327648297306,4.99194733564));
#10555 = B_SPLINE_CURVE_WITH_KNOTS('',3,(#10556,#10557,#10558,#10559),
  .UNSPECIFIED.,.F.,.F.,(4,4),(1.,2.),.PIECEWISE_BEZIER_KNOTS.);
#10556 = CARTESIAN_POINT('',(6.19995,0.332405189771,4.970580310461));
#10557 = CARTESIAN_POINT('',(6.19995,0.330923534742,4.974791330021));
#10558 = CARTESIAN_POINT('',(6.19995,0.329363897866,4.981809695957));
#10559 = CARTESIAN_POINT('',(6.19995,0.327648297306,4.99194733564));
#10560 = ORIENTED_EDGE('',*,*,#10539,.F.);
#10561 = ORIENTED_EDGE('',*,*,#10352,.T.);
#10562 = ORIENTED_EDGE('',*,*,#10563,.T.);
#10563 = EDGE_CURVE('',#10346,#10553,#10564,.T.);
#10564 = B_SPLINE_CURVE_WITH_KNOTS('',1,(#10565,#10566),.UNSPECIFIED.,
  .F.,.F.,(2,2),(-0.,9.999999999977E-05),.PIECEWISE_BEZIER_KNOTS.);
#10565 = CARTESIAN_POINT('',(6.20005,0.327648297306,4.99194733564));
#10566 = CARTESIAN_POINT('',(6.19995,0.327648297306,4.99194733564));
#10567 = B_SPLINE_SURFACE_WITH_KNOTS('',3,1,(
    (#10568,#10569)
    ,(#10570,#10571)
    ,(#10572,#10573)
    ,(#10574,#10575
    )),.UNSPECIFIED.,.F.,.F.,.F.,(4,4),(2,2),(1.,2.),(0.,1.),
  .PIECEWISE_BEZIER_KNOTS.);
#10568 = CARTESIAN_POINT('',(6.20005,0.332405189771,4.970580310461));
#10569 = CARTESIAN_POINT('',(6.19995,0.332405189771,4.970580310461));
#10570 = CARTESIAN_POINT('',(6.20005,0.330923534742,4.974791330021));
#10571 = CARTESIAN_POINT('',(6.19995,0.330923534742,4.974791330021));
#10572 = CARTESIAN_POINT('',(6.20005,0.329363897866,4.981809695957));
#10573 = CARTESIAN_POINT('',(6.19995,0.329363897866,4.981809695957));
#10574 = CARTESIAN_POINT('',(6.20005,0.327648297306,4.99194733564));
#10575 = CARTESIAN_POINT('',(6.19995,0.327648297306,4.99194733564));
#10576 = ADVANCED_FACE('',(#10577),#10593,.T.);
#10577 = FACE_BOUND('',#10578,.T.);
#10578 = EDGE_LOOP('',(#10579,#10586,#10587,#10588));
#10579 = ORIENTED_EDGE('',*,*,#10580,.F.);
#10580 = EDGE_CURVE('',#10553,#10581,#10583,.T.);
#10581 = VERTEX_POINT('',#10582);
#10582 = CARTESIAN_POINT('',(6.19995,0.32671251518,4.99194733564));
#10583 = B_SPLINE_CURVE_WITH_KNOTS('',1,(#10584,#10585),.UNSPECIFIED.,
  .F.,.F.,(2,2),(-3.885780586188E-16,9.357821257002E-04),
  .PIECEWISE_BEZIER_KNOTS.);
#10584 = CARTESIAN_POINT('',(6.19995,0.327648297306,4.99194733564));
#10585 = CARTESIAN_POINT('',(6.19995,0.32671251518,4.99194733564));
#10586 = ORIENTED_EDGE('',*,*,#10563,.F.);
#10587 = ORIENTED_EDGE('',*,*,#10345,.T.);
#10588 = ORIENTED_EDGE('',*,*,#10589,.T.);
#10589 = EDGE_CURVE('',#10337,#10581,#10590,.T.);
#10590 = B_SPLINE_CURVE_WITH_KNOTS('',1,(#10591,#10592),.UNSPECIFIED.,
  .F.,.F.,(2,2),(-0.,9.999999999977E-05),.PIECEWISE_BEZIER_KNOTS.);
#10591 = CARTESIAN_POINT('',(6.20005,0.32671251518,4.99194733564));
#10592 = CARTESIAN_POINT('',(6.19995,0.32671251518,4.99194733564));
#10593 = B_SPLINE_SURFACE_WITH_KNOTS('',1,1,(
    (#10594,#10595)
    ,(#10596,#10597
    )),.UNSPECIFIED.,.F.,.F.,.F.,(2,2),(2,2),(0.,1.000000000007E-04),(
    -9.357821257002E-04,3.885780586188E-16),.PIECEWISE_BEZIER_KNOTS.);
#10594 = CARTESIAN_POINT('',(6.20005,0.32671251518,4.99194733564));
#10595 = CARTESIAN_POINT('',(6.20005,0.327648297306,4.99194733564));
#10596 = CARTESIAN_POINT('',(6.19995,0.32671251518,4.99194733564));
#10597 = CARTESIAN_POINT('',(6.19995,0.327648297306,4.99194733564));
#10598 = ADVANCED_FACE('',(#10599),#10617,.T.);
#10599 = FACE_BOUND('',#10600,.T.);
#10600 = EDGE_LOOP('',(#10601,#10610,#10611,#10612));
#10601 = ORIENTED_EDGE('',*,*,#10602,.F.);
#10602 = EDGE_CURVE('',#10581,#10603,#10605,.T.);
#10603 = VERTEX_POINT('',#10604);
#10604 = CARTESIAN_POINT('',(6.19995,0.321721677181,4.970580310461));
#10605 = B_SPLINE_CURVE_WITH_KNOTS('',3,(#10606,#10607,#10608,#10609),
  .UNSPECIFIED.,.F.,.F.,(4,4),(3.,4.),.PIECEWISE_BEZIER_KNOTS.);
#10606 = CARTESIAN_POINT('',(6.19995,0.32671251518,4.99194733564));
#10607 = CARTESIAN_POINT('',(6.19995,0.325230860149,4.98274547808));
#10608 = CARTESIAN_POINT('',(6.19995,0.323593241432,4.975571148458));
#10609 = CARTESIAN_POINT('',(6.19995,0.321721677181,4.970580310461));
#10610 = ORIENTED_EDGE('',*,*,#10589,.F.);
#10611 = ORIENTED_EDGE('',*,*,#10336,.T.);
#10612 = ORIENTED_EDGE('',*,*,#10613,.T.);
#10613 = EDGE_CURVE('',#10330,#10603,#10614,.T.);
#10614 = B_SPLINE_CURVE_WITH_KNOTS('',1,(#10615,#10616),.UNSPECIFIED.,
  .F.,.F.,(2,2),(-8.881784197001E-16,9.999999999977E-05),
  .PIECEWISE_BEZIER_KNOTS.);
#10615 = CARTESIAN_POINT('',(6.20005,0.321721677181,4.970580310461));
#10616 = CARTESIAN_POINT('',(6.19995,0.321721677181,4.970580310461));
#10617 = B_SPLINE_SURFACE_WITH_KNOTS('',3,1,(
    (#10618,#10619)
    ,(#10620,#10621)
    ,(#10622,#10623)
    ,(#10624,#10625
    )),.UNSPECIFIED.,.F.,.F.,.F.,(4,4),(2,2),(3.,4.),(0.,1.),
  .PIECEWISE_BEZIER_KNOTS.);
#10618 = CARTESIAN_POINT('',(6.20005,0.32671251518,4.99194733564));
#10619 = CARTESIAN_POINT('',(6.19995,0.32671251518,4.99194733564));
#10620 = CARTESIAN_POINT('',(6.20005,0.325230860149,4.98274547808));
#10621 = CARTESIAN_POINT('',(6.19995,0.325230860149,4.98274547808));
#10622 = CARTESIAN_POINT('',(6.20005,0.323593241432,4.975571148458));
#10623 = CARTESIAN_POINT('',(6.19995,0.323593241432,4.975571148458));
#10624 = CARTESIAN_POINT('',(6.20005,0.321721677181,4.970580310461));
#10625 = CARTESIAN_POINT('',(6.19995,0.321721677181,4.970580310461));
#10626 = ADVANCED_FACE('',(#10627),#10637,.T.);
#10627 = FACE_BOUND('',#10628,.T.);
#10628 = EDGE_LOOP('',(#10629,#10634,#10635,#10636));
#10629 = ORIENTED_EDGE('',*,*,#10630,.F.);
#10630 = EDGE_CURVE('',#10603,#10503,#10631,.T.);
#10631 = B_SPLINE_CURVE_WITH_KNOTS('',1,(#10632,#10633),.UNSPECIFIED.,
  .F.,.F.,(2,2),(-3.758493897173E-17,0.134755265939),
  .PIECEWISE_BEZIER_KNOTS.);
#10632 = CARTESIAN_POINT('',(6.19995,0.321721677181,4.970580310461));
#10633 = CARTESIAN_POINT('',(6.19995,0.276102298605,4.843781832565));
#10634 = ORIENTED_EDGE('',*,*,#10613,.F.);
#10635 = ORIENTED_EDGE('',*,*,#10329,.T.);
#10636 = ORIENTED_EDGE('',*,*,#10511,.T.);
#10637 = B_SPLINE_SURFACE_WITH_KNOTS('',1,1,(
    (#10638,#10639)
    ,(#10640,#10641
    )),.UNSPECIFIED.,.F.,.F.,.F.,(2,2),(2,2),(-0.134755265939,
    3.758493897173E-17),(-1.000000000007E-04,0.),
  .PIECEWISE_BEZIER_KNOTS.);
#10638 = CARTESIAN_POINT('',(6.19995,0.276102298605,4.843781832565));
#10639 = CARTESIAN_POINT('',(6.20005,0.276102298605,4.843781832565));
#10640 = CARTESIAN_POINT('',(6.19995,0.321721677181,4.970580310461));
#10641 = CARTESIAN_POINT('',(6.20005,0.321721677181,4.970580310461));
#10642 = ADVANCED_FACE('',(#10643),#10651,.F.);
#10643 = FACE_BOUND('',#10644,.T.);
#10644 = EDGE_LOOP('',(#10645,#10646,#10647,#10648,#10649,#10650));
#10645 = ORIENTED_EDGE('',*,*,#10630,.T.);
#10646 = ORIENTED_EDGE('',*,*,#10502,.T.);
#10647 = ORIENTED_EDGE('',*,*,#10530,.T.);
#10648 = ORIENTED_EDGE('',*,*,#10552,.T.);
#10649 = ORIENTED_EDGE('',*,*,#10580,.T.);
#10650 = ORIENTED_EDGE('',*,*,#10602,.T.);
#10651 = B_SPLINE_SURFACE_WITH_KNOTS('',1,1,(
    (#10652,#10653)
    ,(#10654,#10655
    )),.UNSPECIFIED.,.F.,.F.,.F.,(2,2),(2,2),(-4.656218267435,
    -4.50805276436),(6.026102298605,6.128492459414),
  .PIECEWISE_BEZIER_KNOTS.);
#10652 = CARTESIAN_POINT('',(6.19995,0.276102298605,4.843781832565));
#10653 = CARTESIAN_POINT('',(6.19995,0.378492459414,4.843781832565));
#10654 = CARTESIAN_POINT('',(6.19995,0.276102298605,4.99194733564));
#10655 = CARTESIAN_POINT('',(6.19995,0.378492459414,4.99194733564));
#10656 = ADVANCED_FACE('',(#10657,#10946),#10971,.F.);
#10657 = FACE_BOUND('',#10658,.T.);
#10658 = EDGE_LOOP('',(#10659,#10670,#10679,#10688,#10697,#10706,#10715,
    #10724,#10733,#10742,#10751,#10760,#10769,#10778,#10785,#10792,
    #10799,#10808,#10817,#10826,#10835,#10844,#10853,#10862,#10871,
    #10880,#10889,#10896,#10905,#10914,#10923,#10930,#10939));
#10659 = ORIENTED_EDGE('',*,*,#10660,.T.);
#10660 = EDGE_CURVE('',#10661,#10663,#10665,.T.);
#10661 = VERTEX_POINT('',#10662);
#10662 = CARTESIAN_POINT('',(6.20005,-1.390904042831,5.028472575513));
#10663 = VERTEX_POINT('',#10664);
#10664 = CARTESIAN_POINT('',(6.20005,-1.605633088017,5.312608980066));
#10665 = B_SPLINE_CURVE_WITH_KNOTS('',3,(#10666,#10667,#10668,#10669),
  .UNSPECIFIED.,.F.,.F.,(4,4),(35.,36.),.PIECEWISE_BEZIER_KNOTS.);
#10666 = CARTESIAN_POINT('',(6.20005,-1.390904042831,5.028472575513));
#10667 = CARTESIAN_POINT('',(6.20005,-1.393072990492,5.158611338125));
#10668 = CARTESIAN_POINT('',(6.20005,-1.482001251126,5.273567343007));
#10669 = CARTESIAN_POINT('',(6.20005,-1.605633088017,5.312608980066));
#10670 = ORIENTED_EDGE('',*,*,#10671,.T.);
#10671 = EDGE_CURVE('',#10663,#10672,#10674,.T.);
#10672 = VERTEX_POINT('',#10673);
#10673 = CARTESIAN_POINT('',(6.20005,-1.72275808193,5.483958461846));
#10674 = B_SPLINE_CURVE_WITH_KNOTS('',3,(#10675,#10676,#10677,#10678),
  .UNSPECIFIED.,.F.,.F.,(4,4),(0.,1.),.PIECEWISE_BEZIER_KNOTS.);
#10675 = CARTESIAN_POINT('',(6.20005,-1.605633088017,5.312608980066));
#10676 = CARTESIAN_POINT('',(6.20005,-1.629491843236,5.37767840274));
#10677 = CARTESIAN_POINT('',(6.20005,-1.670702510693,5.436240879013));
#10678 = CARTESIAN_POINT('',(6.20005,-1.72275808193,5.483958461846));
#10679 = ORIENTED_EDGE('',*,*,#10680,.T.);
#10680 = EDGE_CURVE('',#10672,#10681,#10683,.T.);
#10681 = VERTEX_POINT('',#10682);
#10682 = CARTESIAN_POINT('',(6.20005,-2.017739431631,5.596745467357));
#10683 = B_SPLINE_CURVE_WITH_KNOTS('',3,(#10684,#10685,#10686,#10687),
  .UNSPECIFIED.,.F.,.F.,(4,4),(1.,2.),.PIECEWISE_BEZIER_KNOTS.);
#10684 = CARTESIAN_POINT('',(6.20005,-1.72275808193,5.483958461846));
#10685 = CARTESIAN_POINT('',(6.20005,-1.805179334105,5.555534833513));
#10686 = CARTESIAN_POINT('',(6.20005,-1.909290393839,5.596745467357));
#10687 = CARTESIAN_POINT('',(6.20005,-2.017739431631,5.596745467357));
#10688 = ORIENTED_EDGE('',*,*,#10689,.T.);
#10689 = EDGE_CURVE('',#10681,#10690,#10692,.T.);
#10690 = VERTEX_POINT('',#10691);
#10691 = CARTESIAN_POINT('',(6.20005,-2.278017122335,5.512155215809));
#10692 = B_SPLINE_CURVE_WITH_KNOTS('',3,(#10693,#10694,#10695,#10696),
  .UNSPECIFIED.,.F.,.F.,(4,4),(2.,3.),.PIECEWISE_BEZIER_KNOTS.);
#10693 = CARTESIAN_POINT('',(6.20005,-2.017739431631,5.596745467357));
#10694 = CARTESIAN_POINT('',(6.20005,-2.113174576615,5.596745467357));
#10695 = CARTESIAN_POINT('',(6.20005,-2.202102795879,5.566379737292));
#10696 = CARTESIAN_POINT('',(6.20005,-2.278017122335,5.512155215809));
#10697 = ORIENTED_EDGE('',*,*,#10698,.T.);
#10698 = EDGE_CURVE('',#10690,#10699,#10701,.T.);
#10699 = VERTEX_POINT('',#10700);
#10700 = CARTESIAN_POINT('',(6.20005,-2.373452267318,5.416720060484));
#10701 = B_SPLINE_CURVE_WITH_KNOTS('',3,(#10702,#10703,#10704,#10705),
  .UNSPECIFIED.,.F.,.F.,(4,4),(3.,4.),.PIECEWISE_BEZIER_KNOTS.);
#10702 = CARTESIAN_POINT('',(6.20005,-2.278017122335,5.512155215809));
#10703 = CARTESIAN_POINT('',(6.20005,-2.314889811732,5.486127440534));
#10704 = CARTESIAN_POINT('',(6.20005,-2.34525553404,5.453592729197));
#10705 = CARTESIAN_POINT('',(6.20005,-2.373452267318,5.416720060484));
#10706 = ORIENTED_EDGE('',*,*,#10707,.T.);
#10707 = EDGE_CURVE('',#10699,#10708,#10710,.T.);
#10708 = VERTEX_POINT('',#10709);
#10709 = CARTESIAN_POINT('',(6.20005,-2.423338808155,5.421058017858));
#10710 = B_SPLINE_CURVE_WITH_KNOTS('',3,(#10711,#10712,#10713,#10714),
  .UNSPECIFIED.,.F.,.F.,(4,4),(4.,5.),.PIECEWISE_BEZIER_KNOTS.);
#10711 = CARTESIAN_POINT('',(6.20005,-2.373452267318,5.416720060484));
#10712 = CARTESIAN_POINT('',(6.20005,-2.390804096817,5.418889049513));
#10713 = CARTESIAN_POINT('',(6.20005,-2.405986978656,5.421058017858));
#10714 = CARTESIAN_POINT('',(6.20005,-2.423338808155,5.421058017858));
#10715 = ORIENTED_EDGE('',*,*,#10716,.T.);
#10716 = EDGE_CURVE('',#10708,#10717,#10719,.T.);
#10717 = VERTEX_POINT('',#10718);
#10718 = CARTESIAN_POINT('',(6.20005,-2.672771595079,5.31694693744));
#10719 = B_SPLINE_CURVE_WITH_KNOTS('',3,(#10720,#10721,#10722,#10723),
  .UNSPECIFIED.,.F.,.F.,(4,4),(5.,6.),.PIECEWISE_BEZIER_KNOTS.);
#10720 = CARTESIAN_POINT('',(6.20005,-2.423338808155,5.421058017858));
#10721 = CARTESIAN_POINT('',(6.20005,-2.516604984794,5.421058017858));
#10722 = CARTESIAN_POINT('',(6.20005,-2.605533183373,5.384185349147));
#10723 = CARTESIAN_POINT('',(6.20005,-2.672771595079,5.31694693744));
#10724 = ORIENTED_EDGE('',*,*,#10725,.T.);
#10725 = EDGE_CURVE('',#10717,#10726,#10728,.T.);
#10726 = VERTEX_POINT('',#10727);
#10727 = CARTESIAN_POINT('',(6.20005,-2.774713748522,5.069683160232));
#10728 = B_SPLINE_CURVE_WITH_KNOTS('',3,(#10729,#10730,#10731,#10732),
  .UNSPECIFIED.,.F.,.F.,(4,4),(6.,7.),.PIECEWISE_BEZIER_KNOTS.);
#10729 = CARTESIAN_POINT('',(6.20005,-2.672771595079,5.31694693744));
#10730 = CARTESIAN_POINT('',(6.20005,-2.737841074639,5.251877535449));
#10731 = CARTESIAN_POINT('',(6.20005,-2.774713748522,5.162949316184));
#10732 = CARTESIAN_POINT('',(6.20005,-2.774713748522,5.069683160232));
#10733 = ORIENTED_EDGE('',*,*,#10734,.T.);
#10734 = EDGE_CURVE('',#10726,#10735,#10737,.T.);
#10735 = VERTEX_POINT('',#10736);
#10736 = CARTESIAN_POINT('',(6.20005,-2.683616560913,4.833264307486));
#10737 = B_SPLINE_CURVE_WITH_KNOTS('',3,(#10738,#10739,#10740,#10741),
  .UNSPECIFIED.,.F.,.F.,(4,4),(7.,8.),.PIECEWISE_BEZIER_KNOTS.);
#10738 = CARTESIAN_POINT('',(6.20005,-2.774713748522,5.069683160232));
#10739 = CARTESIAN_POINT('',(6.20005,-2.774713748522,4.982923929996));
#10740 = CARTESIAN_POINT('',(6.20005,-2.742179037185,4.898333647422));
#10741 = CARTESIAN_POINT('',(6.20005,-2.683616560913,4.833264307486));
#10742 = ORIENTED_EDGE('',*,*,#10743,.T.);
#10743 = EDGE_CURVE('',#10735,#10744,#10746,.T.);
#10744 = VERTEX_POINT('',#10745);
#10745 = CARTESIAN_POINT('',(6.20005,-2.510098100445,4.729153247753));
#10746 = B_SPLINE_CURVE_WITH_KNOTS('',3,(#10747,#10748,#10749,#10750),
  .UNSPECIFIED.,.F.,.F.,(4,4),(8.,9.),.PIECEWISE_BEZIER_KNOTS.);
#10747 = CARTESIAN_POINT('',(6.20005,-2.683616560913,4.833264307486));
#10748 = CARTESIAN_POINT('',(6.20005,-2.635898988422,4.781208736248));
#10749 = CARTESIAN_POINT('',(6.20005,-2.577336491465,4.746505077252));
#10750 = CARTESIAN_POINT('',(6.20005,-2.510098100445,4.729153247753));
#10751 = ORIENTED_EDGE('',*,*,#10752,.T.);
#10752 = EDGE_CURVE('',#10744,#10753,#10755,.T.);
#10753 = VERTEX_POINT('',#10754);
#10754 = CARTESIAN_POINT('',(6.20005,-2.304044907952,4.581662572902));
#10755 = B_SPLINE_CURVE_WITH_KNOTS('',3,(#10756,#10757,#10758,#10759),
  .UNSPECIFIED.,.F.,.F.,(4,4),(9.,10.),.PIECEWISE_BEZIER_KNOTS.);
#10756 = CARTESIAN_POINT('',(6.20005,-2.510098100445,4.729153247753));
#10757 = CARTESIAN_POINT('',(6.20005,-2.481901346482,4.642394017517));
#10758 = CARTESIAN_POINT('',(6.20005,-2.399480094307,4.581662572902));
#10759 = CARTESIAN_POINT('',(6.20005,-2.304044907952,4.581662572902));
#10760 = ORIENTED_EDGE('',*,*,#10761,.T.);
#10761 = EDGE_CURVE('',#10753,#10762,#10764,.T.);
#10762 = VERTEX_POINT('',#10763);
#10763 = CARTESIAN_POINT('',(6.20005,-2.087146832366,4.798560648488));
#10764 = B_SPLINE_CURVE_WITH_KNOTS('',3,(#10765,#10766,#10767,#10768),
  .UNSPECIFIED.,.F.,.F.,(4,4),(10.,11.),.PIECEWISE_BEZIER_KNOTS.);
#10765 = CARTESIAN_POINT('',(6.20005,-2.304044907952,4.581662572902));
#10766 = CARTESIAN_POINT('',(6.20005,-2.184750966381,4.581662572902));
#10767 = CARTESIAN_POINT('',(6.20005,-2.087146832366,4.679266706915));
#10768 = CARTESIAN_POINT('',(6.20005,-2.087146832366,4.798560648488));
#10769 = ORIENTED_EDGE('',*,*,#10770,.T.);
#10770 = EDGE_CURVE('',#10762,#10771,#10773,.T.);
#10771 = VERTEX_POINT('',#10772);
#10772 = CARTESIAN_POINT('',(6.20005,-2.087146832366,4.820250456048));
#10773 = B_SPLINE_CURVE_WITH_KNOTS('',3,(#10774,#10775,#10776,#10777),
  .UNSPECIFIED.,.F.,.F.,(4,4),(11.,12.),.PIECEWISE_BEZIER_KNOTS.);
#10774 = CARTESIAN_POINT('',(6.20005,-2.087146832366,4.798560648488));
#10775 = CARTESIAN_POINT('',(6.20005,-2.087146832366,4.805067574208));
#10776 = CARTESIAN_POINT('',(6.20005,-2.087146832366,4.811574499928));
#10777 = CARTESIAN_POINT('',(6.20005,-2.087146832366,4.820250456048));
#10778 = ORIENTED_EDGE('',*,*,#10779,.T.);
#10779 = EDGE_CURVE('',#10771,#10780,#10782,.T.);
#10780 = VERTEX_POINT('',#10781);
#10781 = CARTESIAN_POINT('',(6.20005,-1.783489526546,4.980755023707));
#10782 = B_SPLINE_CURVE_WITH_KNOTS('',1,(#10783,#10784),.UNSPECIFIED.,
  .F.,.F.,(2,2),(0.,0.343466847916),.PIECEWISE_BEZIER_KNOTS.);
#10783 = CARTESIAN_POINT('',(6.20005,-2.087146832366,4.820250456048));
#10784 = CARTESIAN_POINT('',(6.20005,-1.783489526546,4.980755023707));
#10785 = ORIENTED_EDGE('',*,*,#10786,.T.);
#10786 = EDGE_CURVE('',#10780,#10787,#10789,.T.);
#10787 = VERTEX_POINT('',#10788);
#10788 = CARTESIAN_POINT('',(6.20005,-1.850727896882,5.095711028589));
#10789 = B_SPLINE_CURVE_WITH_KNOTS('',1,(#10790,#10791),.UNSPECIFIED.,
  .F.,.F.,(2,2),(0.,0.133176129632),.PIECEWISE_BEZIER_KNOTS.);
#10790 = CARTESIAN_POINT('',(6.20005,-1.783489526546,4.980755023707));
#10791 = CARTESIAN_POINT('',(6.20005,-1.850727896882,5.095711028589));
#10792 = ORIENTED_EDGE('',*,*,#10793,.T.);
#10793 = EDGE_CURVE('',#10787,#10794,#10796,.T.);
#10794 = VERTEX_POINT('',#10795);
#10795 = CARTESIAN_POINT('',(6.20005,-2.141371309893,4.943882375679));
#10796 = B_SPLINE_CURVE_WITH_KNOTS('',1,(#10797,#10798),.UNSPECIFIED.,
  .F.,.F.,(2,2),(0.,0.327910861929),.PIECEWISE_BEZIER_KNOTS.);
#10797 = CARTESIAN_POINT('',(6.20005,-1.850727896882,5.095711028589));
#10798 = CARTESIAN_POINT('',(6.20005,-2.141371309893,4.943882375679));
#10799 = ORIENTED_EDGE('',*,*,#10800,.T.);
#10800 = EDGE_CURVE('',#10794,#10801,#10803,.T.);
#10801 = VERTEX_POINT('',#10802);
#10802 = CARTESIAN_POINT('',(6.20005,-2.304044866582,5.017627713105));
#10803 = B_SPLINE_CURVE_WITH_KNOTS('',3,(#10804,#10805,#10806,#10807),
  .UNSPECIFIED.,.F.,.F.,(4,4),(15.,16.),.PIECEWISE_BEZIER_KNOTS.);
#10804 = CARTESIAN_POINT('',(6.20005,-2.141371309893,4.943882375679));
#10805 = CARTESIAN_POINT('',(6.20005,-2.180412946951,4.989430979826));
#10806 = CARTESIAN_POINT('',(6.20005,-2.238975443907,5.017627713105));
#10807 = CARTESIAN_POINT('',(6.20005,-2.304044866582,5.017627713105));
#10808 = ORIENTED_EDGE('',*,*,#10809,.T.);
#10809 = EDGE_CURVE('',#10801,#10810,#10812,.T.);
#10810 = VERTEX_POINT('',#10811);
#10811 = CARTESIAN_POINT('',(6.20005,-2.50792904936,4.874474974944));
#10812 = B_SPLINE_CURVE_WITH_KNOTS('',3,(#10813,#10814,#10815,#10816),
  .UNSPECIFIED.,.F.,.F.,(4,4),(16.,17.),.PIECEWISE_BEZIER_KNOTS.);
#10813 = CARTESIAN_POINT('',(6.20005,-2.304044866582,5.017627713105));
#10814 = CARTESIAN_POINT('',(6.20005,-2.397311063906,5.017627713105));
#10815 = CARTESIAN_POINT('',(6.20005,-2.477563327051,4.95689626849));
#10816 = CARTESIAN_POINT('',(6.20005,-2.50792904936,4.874474974944));
#10817 = ORIENTED_EDGE('',*,*,#10818,.T.);
#10818 = EDGE_CURVE('',#10810,#10819,#10821,.T.);
#10819 = VERTEX_POINT('',#10820);
#10820 = CARTESIAN_POINT('',(6.20005,-2.638067894711,5.074021221031));
#10821 = B_SPLINE_CURVE_WITH_KNOTS('',3,(#10822,#10823,#10824,#10825),
  .UNSPECIFIED.,.F.,.F.,(4,4),(17.,18.),.PIECEWISE_BEZIER_KNOTS.);
#10822 = CARTESIAN_POINT('',(6.20005,-2.50792904936,4.874474974944));
#10823 = CARTESIAN_POINT('',(6.20005,-2.583843375814,4.909178675311));
#10824 = CARTESIAN_POINT('',(6.20005,-2.638067894711,4.985093001766));
#10825 = CARTESIAN_POINT('',(6.20005,-2.638067894711,5.074021221031));
#10826 = ORIENTED_EDGE('',*,*,#10827,.T.);
#10827 = EDGE_CURVE('',#10819,#10828,#10830,.T.);
#10828 = VERTEX_POINT('',#10829);
#10829 = CARTESIAN_POINT('',(6.20005,-2.421169819126,5.290919296616));
#10830 = B_SPLINE_CURVE_WITH_KNOTS('',3,(#10831,#10832,#10833,#10834),
  .UNSPECIFIED.,.F.,.F.,(4,4),(18.,19.),.PIECEWISE_BEZIER_KNOTS.);
#10831 = CARTESIAN_POINT('',(6.20005,-2.638067894711,5.074021221031));
#10832 = CARTESIAN_POINT('',(6.20005,-2.638067894711,5.193315162603));
#10833 = CARTESIAN_POINT('',(6.20005,-2.540463760697,5.290919296616));
#10834 = CARTESIAN_POINT('',(6.20005,-2.421169819126,5.290919296616));
#10835 = ORIENTED_EDGE('',*,*,#10836,.T.);
#10836 = EDGE_CURVE('',#10828,#10837,#10839,.T.);
#10837 = VERTEX_POINT('',#10838);
#10838 = CARTESIAN_POINT('',(6.20005,-2.306213855613,5.258384585277));
#10839 = B_SPLINE_CURVE_WITH_KNOTS('',3,(#10840,#10841,#10842,#10843),
  .UNSPECIFIED.,.F.,.F.,(4,4),(19.,20.),.PIECEWISE_BEZIER_KNOTS.);
#10840 = CARTESIAN_POINT('',(6.20005,-2.421169819126,5.290919296616));
#10841 = CARTESIAN_POINT('',(6.20005,-2.379959193037,5.290919296616));
#10842 = CARTESIAN_POINT('',(6.20005,-2.33874856695,5.277905403808));
#10843 = CARTESIAN_POINT('',(6.20005,-2.306213855613,5.258384585277));
#10844 = ORIENTED_EDGE('',*,*,#10845,.T.);
#10845 = EDGE_CURVE('',#10837,#10846,#10848,.T.);
#10846 = VERTEX_POINT('',#10847);
#10847 = CARTESIAN_POINT('',(6.20005,-2.015570483971,5.466606622005));
#10848 = B_SPLINE_CURVE_WITH_KNOTS('',3,(#10849,#10850,#10851,#10852),
  .UNSPECIFIED.,.F.,.F.,(4,4),(20.,21.),.PIECEWISE_BEZIER_KNOTS.);
#10849 = CARTESIAN_POINT('',(6.20005,-2.306213855613,5.258384585277));
#10850 = CARTESIAN_POINT('',(6.20005,-2.265003270895,5.379847391771));
#10851 = CARTESIAN_POINT('',(6.20005,-2.152216255043,5.466606622005));
#10852 = CARTESIAN_POINT('',(6.20005,-2.015570483971,5.466606622005));
#10853 = ORIENTED_EDGE('',*,*,#10854,.T.);
#10854 = EDGE_CURVE('',#10846,#10855,#10857,.T.);
#10855 = VERTEX_POINT('',#10856);
#10856 = CARTESIAN_POINT('',(6.20005,-1.711913178151,5.195484027523));
#10857 = B_SPLINE_CURVE_WITH_KNOTS('',3,(#10858,#10859,#10860,#10861),
  .UNSPECIFIED.,.F.,.F.,(4,4),(21.,22.),.PIECEWISE_BEZIER_KNOTS.);
#10858 = CARTESIAN_POINT('',(6.20005,-2.015570483971,5.466606622005));
#10859 = CARTESIAN_POINT('',(6.20005,-1.859403853001,5.466606622005));
#10860 = CARTESIAN_POINT('',(6.20005,-1.72926500765,5.347312680432));
#10861 = CARTESIAN_POINT('',(6.20005,-1.711913178151,5.195484027523));
#10862 = ORIENTED_EDGE('',*,*,#10863,.T.);
#10863 = EDGE_CURVE('',#10855,#10864,#10866,.T.);
#10864 = VERTEX_POINT('',#10865);
#10865 = CARTESIAN_POINT('',(6.20005,-1.694561348652,5.195484027523));
#10866 = B_SPLINE_CURVE_WITH_KNOTS('',3,(#10867,#10868,#10869,#10870),
  .UNSPECIFIED.,.F.,.F.,(4,4),(22.,23.),.PIECEWISE_BEZIER_KNOTS.);
#10867 = CARTESIAN_POINT('',(6.20005,-1.711913178151,5.195484027523));
#10868 = CARTESIAN_POINT('',(6.20005,-1.705406252432,5.195484027523));
#10869 = CARTESIAN_POINT('',(6.20005,-1.701068274372,5.195484027523));
#10870 = CARTESIAN_POINT('',(6.20005,-1.694561348652,5.195484027523));
#10871 = ORIENTED_EDGE('',*,*,#10872,.T.);
#10872 = EDGE_CURVE('',#10864,#10873,#10875,.T.);
#10873 = VERTEX_POINT('',#10874);
#10874 = CARTESIAN_POINT('',(6.20005,-1.525380866243,5.026303545114));
#10875 = B_SPLINE_CURVE_WITH_KNOTS('',3,(#10876,#10877,#10878,#10879),
  .UNSPECIFIED.,.F.,.F.,(4,4),(23.,24.),.PIECEWISE_BEZIER_KNOTS.);
#10876 = CARTESIAN_POINT('',(6.20005,-1.694561348652,5.195484027523));
#10877 = CARTESIAN_POINT('',(6.20005,-1.601295192698,5.195484027523));
#10878 = CARTESIAN_POINT('',(6.20005,-1.525380866243,5.119569701068));
#10879 = CARTESIAN_POINT('',(6.20005,-1.525380866243,5.026303545114));
#10880 = ORIENTED_EDGE('',*,*,#10881,.T.);
#10881 = EDGE_CURVE('',#10873,#10882,#10884,.T.);
#10882 = VERTEX_POINT('',#10883);
#10883 = CARTESIAN_POINT('',(6.20005,-1.681547497212,4.857123062705));
#10884 = B_SPLINE_CURVE_WITH_KNOTS('',3,(#10885,#10886,#10887,#10888),
  .UNSPECIFIED.,.F.,.F.,(4,4),(24.,25.),.PIECEWISE_BEZIER_KNOTS.);
#10885 = CARTESIAN_POINT('',(6.20005,-1.525380866243,5.026303545114));
#10886 = CARTESIAN_POINT('',(6.20005,-1.525380866243,4.937375325849));
#10887 = CARTESIAN_POINT('',(6.20005,-1.592619236579,4.863629988425));
#10888 = CARTESIAN_POINT('',(6.20005,-1.681547497212,4.857123062705));
#10889 = ORIENTED_EDGE('',*,*,#10890,.T.);
#10890 = EDGE_CURVE('',#10882,#10891,#10893,.T.);
#10891 = VERTEX_POINT('',#10892);
#10892 = CARTESIAN_POINT('',(6.20005,-1.779151631226,4.857123062705));
#10893 = B_SPLINE_CURVE_WITH_KNOTS('',1,(#10894,#10895),.UNSPECIFIED.,
  .F.,.F.,(2,2),(-2.22044604925E-16,9.760413401376E-02),
  .PIECEWISE_BEZIER_KNOTS.);
#10894 = CARTESIAN_POINT('',(6.20005,-1.681547497212,4.857123062705));
#10895 = CARTESIAN_POINT('',(6.20005,-1.779151631226,4.857123062705));
#10896 = ORIENTED_EDGE('',*,*,#10897,.T.);
#10897 = EDGE_CURVE('',#10891,#10898,#10900,.T.);
#10898 = VERTEX_POINT('',#10899);
#10899 = CARTESIAN_POINT('',(6.20005,-1.792165482665,4.859292010365));
#10900 = B_SPLINE_CURVE_WITH_KNOTS('',3,(#10901,#10902,#10903,#10904),
  .UNSPECIFIED.,.F.,.F.,(4,4),(26.,27.),.PIECEWISE_BEZIER_KNOTS.);
#10901 = CARTESIAN_POINT('',(6.20005,-1.779151631226,4.857123062705));
#10902 = CARTESIAN_POINT('',(6.20005,-1.783489609286,4.857123062705));
#10903 = CARTESIAN_POINT('',(6.20005,-1.787827587346,4.859292010365));
#10904 = CARTESIAN_POINT('',(6.20005,-1.792165482665,4.859292010365));
#10905 = ORIENTED_EDGE('',*,*,#10906,.T.);
#10906 = EDGE_CURVE('',#10898,#10907,#10909,.T.);
#10907 = VERTEX_POINT('',#10908);
#10908 = CARTESIAN_POINT('',(6.20005,-1.859403853001,4.792053640029));
#10909 = B_SPLINE_CURVE_WITH_KNOTS('',3,(#10910,#10911,#10912,#10913),
  .UNSPECIFIED.,.F.,.F.,(4,4),(27.,28.),.PIECEWISE_BEZIER_KNOTS.);
#10910 = CARTESIAN_POINT('',(6.20005,-1.792165482665,4.859292010365));
#10911 = CARTESIAN_POINT('',(6.20005,-1.829038172063,4.859292010365));
#10912 = CARTESIAN_POINT('',(6.20005,-1.859403853001,4.828926246687));
#10913 = CARTESIAN_POINT('',(6.20005,-1.859403853001,4.792053640029));
#10914 = ORIENTED_EDGE('',*,*,#10915,.T.);
#10915 = EDGE_CURVE('',#10907,#10916,#10918,.T.);
#10916 = VERTEX_POINT('',#10917);
#10917 = CARTESIAN_POINT('',(6.20005,-1.796503377985,4.724815269692));
#10918 = B_SPLINE_CURVE_WITH_KNOTS('',3,(#10919,#10920,#10921,#10922),
  .UNSPECIFIED.,.F.,.F.,(4,4),(28.,29.),.PIECEWISE_BEZIER_KNOTS.);
#10919 = CARTESIAN_POINT('',(6.20005,-1.859403853001,4.792053640029));
#10920 = CARTESIAN_POINT('',(6.20005,-1.859403853001,4.757349981031));
#10921 = CARTESIAN_POINT('',(6.20005,-1.831207119724,4.726984217352));
#10922 = CARTESIAN_POINT('',(6.20005,-1.796503377985,4.724815269692));
#10923 = ORIENTED_EDGE('',*,*,#10924,.T.);
#10924 = EDGE_CURVE('',#10916,#10925,#10927,.T.);
#10925 = VERTEX_POINT('',#10926);
#10926 = CARTESIAN_POINT('',(6.20005,-1.668533563033,4.724815269692));
#10927 = B_SPLINE_CURVE_WITH_KNOTS('',1,(#10928,#10929),.UNSPECIFIED.,
  .F.,.F.,(2,2),(4.440892098501E-16,0.127969814952),
  .PIECEWISE_BEZIER_KNOTS.);
#10928 = CARTESIAN_POINT('',(6.20005,-1.796503377985,4.724815269692));
#10929 = CARTESIAN_POINT('',(6.20005,-1.668533563033,4.724815269692));
#10930 = ORIENTED_EDGE('',*,*,#10931,.T.);
#10931 = EDGE_CURVE('',#10925,#10932,#10934,.T.);
#10932 = VERTEX_POINT('',#10933);
#10933 = CARTESIAN_POINT('',(6.20005,-1.471156347347,4.822419403707));
#10934 = B_SPLINE_CURVE_WITH_KNOTS('',3,(#10935,#10936,#10937,#10938),
  .UNSPECIFIED.,.F.,.F.,(4,4),(33.,34.),.PIECEWISE_BEZIER_KNOTS.);
#10935 = CARTESIAN_POINT('',(6.20005,-1.668533563033,4.724815269692));
#10936 = CARTESIAN_POINT('',(6.20005,-1.592619236579,4.731322195412));
#10937 = CARTESIAN_POINT('',(6.20005,-1.523211835842,4.766025937151));
#10938 = CARTESIAN_POINT('',(6.20005,-1.471156347347,4.822419403707));
#10939 = ORIENTED_EDGE('',*,*,#10940,.T.);
#10940 = EDGE_CURVE('',#10932,#10661,#10941,.T.);
#10941 = B_SPLINE_CURVE_WITH_KNOTS('',3,(#10942,#10943,#10944,#10945),
  .UNSPECIFIED.,.F.,.F.,(4,4),(34.,35.),.PIECEWISE_BEZIER_KNOTS.);
#10942 = CARTESIAN_POINT('',(6.20005,-1.471156347347,4.822419403707));
#10943 = CARTESIAN_POINT('',(6.20005,-1.41910077611,4.878812870263));
#10944 = CARTESIAN_POINT('',(6.20005,-1.390904042831,4.952558249059));
#10945 = CARTESIAN_POINT('',(6.20005,-1.390904042831,5.028472575513));
#10946 = FACE_BOUND('',#10947,.T.);
#10947 = EDGE_LOOP('',(#10948,#10962));
#10948 = ORIENTED_EDGE('',*,*,#10949,.F.);
#10949 = EDGE_CURVE('',#10950,#10952,#10954,.T.);
#10950 = VERTEX_POINT('',#10951);
#10951 = CARTESIAN_POINT('',(6.20005,-2.306213896983,4.711801252774));
#10952 = VERTEX_POINT('',#10953);
#10953 = CARTESIAN_POINT('',(6.20005,-2.306213896983,4.880981817923));
#10954 = B_SPLINE_CURVE_WITH_KNOTS('',3,(#10955,#10956,#10957,#10958,
    #10959,#10960,#10961),.UNSPECIFIED.,.F.,.F.,(4,3,4),(0.,1.,2.),
  .PIECEWISE_BEZIER_KNOTS.);
#10955 = CARTESIAN_POINT('',(6.20005,-2.306213896983,4.711801252774));
#10956 = CARTESIAN_POINT('',(6.20005,-2.258496345176,4.711801252774));
#10957 = CARTESIAN_POINT('',(6.20005,-2.221623655779,4.750842972571));
#10958 = CARTESIAN_POINT('',(6.20005,-2.221623655779,4.796391535348));
#10959 = CARTESIAN_POINT('',(6.20005,-2.221623655779,4.844109128525));
#10960 = CARTESIAN_POINT('',(6.20005,-2.260665292836,4.880981817923));
#10961 = CARTESIAN_POINT('',(6.20005,-2.306213896983,4.880981817923));
#10962 = ORIENTED_EDGE('',*,*,#10963,.F.);
#10963 = EDGE_CURVE('',#10952,#10950,#10964,.T.);
#10964 = B_SPLINE_CURVE_WITH_KNOTS('',3,(#10965,#10966,#10967,#10968,
    #10969,#10970),.UNSPECIFIED.,.F.,.F.,(4,2,4),(2.,3.,4.),
  .UNSPECIFIED.);
#10965 = CARTESIAN_POINT('',(6.20005,-2.306213896983,4.880981817923));
#10966 = CARTESIAN_POINT('',(6.20005,-2.351762501129,4.880981817923));
#10967 = CARTESIAN_POINT('',(6.20005,-2.390804138187,4.844109128525));
#10968 = CARTESIAN_POINT('',(6.20005,-2.390804138187,4.748673942171));
#10969 = CARTESIAN_POINT('',(6.20005,-2.351762501129,4.711801252774));
#10970 = CARTESIAN_POINT('',(6.20005,-2.306213896983,4.711801252774));
#10971 = B_SPLINE_SURFACE_WITH_KNOTS('',1,1,(
    (#10972,#10973)
    ,(#10974,#10975
    )),.UNSPECIFIED.,.F.,.F.,.F.,(2,2),(2,2),(-0.62303962697,
    0.392043267485),(-1.321993766559,6.181593913137E-02),
  .PIECEWISE_BEZIER_KNOTS.);
#10972 = CARTESIAN_POINT('',(6.20005,-2.774713748522,4.581662572902));
#10973 = CARTESIAN_POINT('',(6.20005,-1.390904042831,4.581662572902));
#10974 = CARTESIAN_POINT('',(6.20005,-2.774713748522,5.596745467357));
#10975 = CARTESIAN_POINT('',(6.20005,-1.390904042831,5.596745467357));
#10976 = ADVANCED_FACE('',(#10977),#10991,.F.);
#10977 = FACE_BOUND('',#10978,.F.);
#10978 = EDGE_LOOP('',(#10979,#10984,#10985,#10990));
#10979 = ORIENTED_EDGE('',*,*,#10980,.F.);
#10980 = EDGE_CURVE('',#10661,#1222,#10981,.T.);
#10981 = B_SPLINE_CURVE_WITH_KNOTS('',1,(#10982,#10983),.UNSPECIFIED.,
  .F.,.F.,(2,2),(-0.,9.999999999977E-05),.PIECEWISE_BEZIER_KNOTS.);
#10982 = CARTESIAN_POINT('',(6.20005,-1.390904042831,5.028472575513));
#10983 = CARTESIAN_POINT('',(6.19995,-1.390904042831,5.028472575513));
#10984 = ORIENTED_EDGE('',*,*,#10660,.T.);
#10985 = ORIENTED_EDGE('',*,*,#10986,.T.);
#10986 = EDGE_CURVE('',#10663,#1224,#10987,.T.);
#10987 = B_SPLINE_CURVE_WITH_KNOTS('',1,(#10988,#10989),.UNSPECIFIED.,
  .F.,.F.,(2,2),(-0.,9.999999999888E-05),.PIECEWISE_BEZIER_KNOTS.);
#10988 = CARTESIAN_POINT('',(6.20005,-1.605633088017,5.312608980066));
#10989 = CARTESIAN_POINT('',(6.19995,-1.605633088017,5.312608980066));
#10990 = ORIENTED_EDGE('',*,*,#1221,.F.);
#10991 = B_SPLINE_SURFACE_WITH_KNOTS('',3,1,(
    (#10992,#10993)
    ,(#10994,#10995)
    ,(#10996,#10997)
    ,(#10998,#10999
    )),.UNSPECIFIED.,.F.,.F.,.F.,(4,4),(2,2),(35.,36.),(0.,1.),
  .PIECEWISE_BEZIER_KNOTS.);
#10992 = CARTESIAN_POINT('',(6.20005,-1.390904042831,5.028472575513));
#10993 = CARTESIAN_POINT('',(6.19995,-1.390904042831,5.028472575513));
#10994 = CARTESIAN_POINT('',(6.20005,-1.393072990492,5.158611338125));
#10995 = CARTESIAN_POINT('',(6.19995,-1.393072990492,5.158611338125));
#10996 = CARTESIAN_POINT('',(6.20005,-1.482001251126,5.273567343007));
#10997 = CARTESIAN_POINT('',(6.19995,-1.482001251126,5.273567343007));
#10998 = CARTESIAN_POINT('',(6.20005,-1.605633088017,5.312608980066));
#10999 = CARTESIAN_POINT('',(6.19995,-1.605633088017,5.312608980066));
#11000 = ADVANCED_FACE('',(#11001),#11011,.F.);
#11001 = FACE_BOUND('',#11002,.F.);
#11002 = EDGE_LOOP('',(#11003,#11004,#11005,#11010));
#11003 = ORIENTED_EDGE('',*,*,#10986,.F.);
#11004 = ORIENTED_EDGE('',*,*,#10671,.T.);
#11005 = ORIENTED_EDGE('',*,*,#11006,.T.);
#11006 = EDGE_CURVE('',#10672,#1493,#11007,.T.);
#11007 = B_SPLINE_CURVE_WITH_KNOTS('',1,(#11008,#11009),.UNSPECIFIED.,
  .F.,.F.,(2,2),(-0.,9.999999999888E-05),.PIECEWISE_BEZIER_KNOTS.);
#11008 = CARTESIAN_POINT('',(6.20005,-1.72275808193,5.483958461846));
#11009 = CARTESIAN_POINT('',(6.19995,-1.72275808193,5.483958461846));
#11010 = ORIENTED_EDGE('',*,*,#1501,.F.);
#11011 = B_SPLINE_SURFACE_WITH_KNOTS('',3,1,(
    (#11012,#11013)
    ,(#11014,#11015)
    ,(#11016,#11017)
    ,(#11018,#11019
    )),.UNSPECIFIED.,.F.,.F.,.F.,(4,4),(2,2),(0.,1.),(0.,1.),
  .PIECEWISE_BEZIER_KNOTS.);
#11012 = CARTESIAN_POINT('',(6.20005,-1.605633088017,5.312608980066));
#11013 = CARTESIAN_POINT('',(6.19995,-1.605633088017,5.312608980066));
#11014 = CARTESIAN_POINT('',(6.20005,-1.629491843236,5.37767840274));
#11015 = CARTESIAN_POINT('',(6.19995,-1.629491843236,5.37767840274));
#11016 = CARTESIAN_POINT('',(6.20005,-1.670702510693,5.436240879013));
#11017 = CARTESIAN_POINT('',(6.19995,-1.670702510693,5.436240879013));
#11018 = CARTESIAN_POINT('',(6.20005,-1.72275808193,5.483958461846));
#11019 = CARTESIAN_POINT('',(6.19995,-1.72275808193,5.483958461846));
#11020 = ADVANCED_FACE('',(#11021),#11031,.F.);
#11021 = FACE_BOUND('',#11022,.F.);
#11022 = EDGE_LOOP('',(#11023,#11024,#11025,#11030));
#11023 = ORIENTED_EDGE('',*,*,#11006,.F.);
#11024 = ORIENTED_EDGE('',*,*,#10680,.T.);
#11025 = ORIENTED_EDGE('',*,*,#11026,.T.);
#11026 = EDGE_CURVE('',#10681,#1484,#11027,.T.);
#11027 = B_SPLINE_CURVE_WITH_KNOTS('',1,(#11028,#11029),.UNSPECIFIED.,
  .F.,.F.,(2,2),(-0.,9.999999999888E-05),.PIECEWISE_BEZIER_KNOTS.);
#11028 = CARTESIAN_POINT('',(6.20005,-2.017739431631,5.596745467357));
#11029 = CARTESIAN_POINT('',(6.19995,-2.017739431631,5.596745467357));
#11030 = ORIENTED_EDGE('',*,*,#1492,.F.);
#11031 = B_SPLINE_SURFACE_WITH_KNOTS('',3,1,(
    (#11032,#11033)
    ,(#11034,#11035)
    ,(#11036,#11037)
    ,(#11038,#11039
    )),.UNSPECIFIED.,.F.,.F.,.F.,(4,4),(2,2),(1.,2.),(0.,1.),
  .PIECEWISE_BEZIER_KNOTS.);
#11032 = CARTESIAN_POINT('',(6.20005,-1.72275808193,5.483958461846));
#11033 = CARTESIAN_POINT('',(6.19995,-1.72275808193,5.483958461846));
#11034 = CARTESIAN_POINT('',(6.20005,-1.805179334105,5.555534833513));
#11035 = CARTESIAN_POINT('',(6.19995,-1.805179334105,5.555534833513));
#11036 = CARTESIAN_POINT('',(6.20005,-1.909290393839,5.596745467357));
#11037 = CARTESIAN_POINT('',(6.19995,-1.909290393839,5.596745467357));
#11038 = CARTESIAN_POINT('',(6.20005,-2.017739431631,5.596745467357));
#11039 = CARTESIAN_POINT('',(6.19995,-2.017739431631,5.596745467357));
#11040 = ADVANCED_FACE('',(#11041),#11051,.F.);
#11041 = FACE_BOUND('',#11042,.F.);
#11042 = EDGE_LOOP('',(#11043,#11044,#11045,#11050));
#11043 = ORIENTED_EDGE('',*,*,#11026,.F.);
#11044 = ORIENTED_EDGE('',*,*,#10689,.T.);
#11045 = ORIENTED_EDGE('',*,*,#11046,.T.);
#11046 = EDGE_CURVE('',#10690,#1475,#11047,.T.);
#11047 = B_SPLINE_CURVE_WITH_KNOTS('',1,(#11048,#11049),.UNSPECIFIED.,
  .F.,.F.,(2,2),(-0.,9.999999999888E-05),.PIECEWISE_BEZIER_KNOTS.);
#11048 = CARTESIAN_POINT('',(6.20005,-2.278017122335,5.512155215809));
#11049 = CARTESIAN_POINT('',(6.19995,-2.278017122335,5.512155215809));
#11050 = ORIENTED_EDGE('',*,*,#1483,.F.);
#11051 = B_SPLINE_SURFACE_WITH_KNOTS('',3,1,(
    (#11052,#11053)
    ,(#11054,#11055)
    ,(#11056,#11057)
    ,(#11058,#11059
    )),.UNSPECIFIED.,.F.,.F.,.F.,(4,4),(2,2),(2.,3.),(0.,1.),
  .PIECEWISE_BEZIER_KNOTS.);
#11052 = CARTESIAN_POINT('',(6.20005,-2.017739431631,5.596745467357));
#11053 = CARTESIAN_POINT('',(6.19995,-2.017739431631,5.596745467357));
#11054 = CARTESIAN_POINT('',(6.20005,-2.113174576615,5.596745467357));
#11055 = CARTESIAN_POINT('',(6.19995,-2.113174576615,5.596745467357));
#11056 = CARTESIAN_POINT('',(6.20005,-2.202102795879,5.566379737292));
#11057 = CARTESIAN_POINT('',(6.19995,-2.202102795879,5.566379737292));
#11058 = CARTESIAN_POINT('',(6.20005,-2.278017122335,5.512155215809));
#11059 = CARTESIAN_POINT('',(6.19995,-2.278017122335,5.512155215809));
#11060 = ADVANCED_FACE('',(#11061),#11071,.F.);
#11061 = FACE_BOUND('',#11062,.F.);
#11062 = EDGE_LOOP('',(#11063,#11064,#11065,#11070));
#11063 = ORIENTED_EDGE('',*,*,#11046,.F.);
#11064 = ORIENTED_EDGE('',*,*,#10698,.T.);
#11065 = ORIENTED_EDGE('',*,*,#11066,.T.);
#11066 = EDGE_CURVE('',#10699,#1466,#11067,.T.);
#11067 = B_SPLINE_CURVE_WITH_KNOTS('',1,(#11068,#11069),.UNSPECIFIED.,
  .F.,.F.,(2,2),(-0.,9.999999999888E-05),.PIECEWISE_BEZIER_KNOTS.);
#11068 = CARTESIAN_POINT('',(6.20005,-2.373452267318,5.416720060484));
#11069 = CARTESIAN_POINT('',(6.19995,-2.373452267318,5.416720060484));
#11070 = ORIENTED_EDGE('',*,*,#1474,.F.);
#11071 = B_SPLINE_SURFACE_WITH_KNOTS('',3,1,(
    (#11072,#11073)
    ,(#11074,#11075)
    ,(#11076,#11077)
    ,(#11078,#11079
    )),.UNSPECIFIED.,.F.,.F.,.F.,(4,4),(2,2),(3.,4.),(0.,1.),
  .PIECEWISE_BEZIER_KNOTS.);
#11072 = CARTESIAN_POINT('',(6.20005,-2.278017122335,5.512155215809));
#11073 = CARTESIAN_POINT('',(6.19995,-2.278017122335,5.512155215809));
#11074 = CARTESIAN_POINT('',(6.20005,-2.314889811732,5.486127440534));
#11075 = CARTESIAN_POINT('',(6.19995,-2.314889811732,5.486127440534));
#11076 = CARTESIAN_POINT('',(6.20005,-2.34525553404,5.453592729197));
#11077 = CARTESIAN_POINT('',(6.19995,-2.34525553404,5.453592729197));
#11078 = CARTESIAN_POINT('',(6.20005,-2.373452267318,5.416720060484));
#11079 = CARTESIAN_POINT('',(6.19995,-2.373452267318,5.416720060484));
#11080 = ADVANCED_FACE('',(#11081),#11091,.F.);
#11081 = FACE_BOUND('',#11082,.F.);
#11082 = EDGE_LOOP('',(#11083,#11084,#11085,#11090));
#11083 = ORIENTED_EDGE('',*,*,#11066,.F.);
#11084 = ORIENTED_EDGE('',*,*,#10707,.T.);
#11085 = ORIENTED_EDGE('',*,*,#11086,.T.);
#11086 = EDGE_CURVE('',#10708,#1457,#11087,.T.);
#11087 = B_SPLINE_CURVE_WITH_KNOTS('',1,(#11088,#11089),.UNSPECIFIED.,
  .F.,.F.,(2,2),(-0.,9.999999999888E-05),.PIECEWISE_BEZIER_KNOTS.);
#11088 = CARTESIAN_POINT('',(6.20005,-2.423338808155,5.421058017858));
#11089 = CARTESIAN_POINT('',(6.19995,-2.423338808155,5.421058017858));
#11090 = ORIENTED_EDGE('',*,*,#1465,.F.);
#11091 = B_SPLINE_SURFACE_WITH_KNOTS('',3,1,(
    (#11092,#11093)
    ,(#11094,#11095)
    ,(#11096,#11097)
    ,(#11098,#11099
    )),.UNSPECIFIED.,.F.,.F.,.F.,(4,4),(2,2),(4.,5.),(0.,1.),
  .PIECEWISE_BEZIER_KNOTS.);
#11092 = CARTESIAN_POINT('',(6.20005,-2.373452267318,5.416720060484));
#11093 = CARTESIAN_POINT('',(6.19995,-2.373452267318,5.416720060484));
#11094 = CARTESIAN_POINT('',(6.20005,-2.390804096817,5.418889049513));
#11095 = CARTESIAN_POINT('',(6.19995,-2.390804096817,5.418889049513));
#11096 = CARTESIAN_POINT('',(6.20005,-2.405986978656,5.421058017858));
#11097 = CARTESIAN_POINT('',(6.19995,-2.405986978656,5.421058017858));
#11098 = CARTESIAN_POINT('',(6.20005,-2.423338808155,5.421058017858));
#11099 = CARTESIAN_POINT('',(6.19995,-2.423338808155,5.421058017858));
#11100 = ADVANCED_FACE('',(#11101),#11111,.F.);
#11101 = FACE_BOUND('',#11102,.F.);
#11102 = EDGE_LOOP('',(#11103,#11104,#11105,#11110));
#11103 = ORIENTED_EDGE('',*,*,#11086,.F.);
#11104 = ORIENTED_EDGE('',*,*,#10716,.T.);
#11105 = ORIENTED_EDGE('',*,*,#11106,.T.);
#11106 = EDGE_CURVE('',#10717,#1448,#11107,.T.);
#11107 = B_SPLINE_CURVE_WITH_KNOTS('',1,(#11108,#11109),.UNSPECIFIED.,
  .F.,.F.,(2,2),(-0.,9.999999999888E-05),.PIECEWISE_BEZIER_KNOTS.);
#11108 = CARTESIAN_POINT('',(6.20005,-2.672771595079,5.31694693744));
#11109 = CARTESIAN_POINT('',(6.19995,-2.672771595079,5.31694693744));
#11110 = ORIENTED_EDGE('',*,*,#1456,.F.);
#11111 = B_SPLINE_SURFACE_WITH_KNOTS('',3,1,(
    (#11112,#11113)
    ,(#11114,#11115)
    ,(#11116,#11117)
    ,(#11118,#11119
    )),.UNSPECIFIED.,.F.,.F.,.F.,(4,4),(2,2),(5.,6.),(0.,1.),
  .PIECEWISE_BEZIER_KNOTS.);
#11112 = CARTESIAN_POINT('',(6.20005,-2.423338808155,5.421058017858));
#11113 = CARTESIAN_POINT('',(6.19995,-2.423338808155,5.421058017858));
#11114 = CARTESIAN_POINT('',(6.20005,-2.516604984794,5.421058017858));
#11115 = CARTESIAN_POINT('',(6.19995,-2.516604984794,5.421058017858));
#11116 = CARTESIAN_POINT('',(6.20005,-2.605533183373,5.384185349147));
#11117 = CARTESIAN_POINT('',(6.19995,-2.605533183373,5.384185349147));
#11118 = CARTESIAN_POINT('',(6.20005,-2.672771595079,5.31694693744));
#11119 = CARTESIAN_POINT('',(6.19995,-2.672771595079,5.31694693744));
#11120 = ADVANCED_FACE('',(#11121),#11131,.F.);
#11121 = FACE_BOUND('',#11122,.F.);
#11122 = EDGE_LOOP('',(#11123,#11124,#11125,#11130));
#11123 = ORIENTED_EDGE('',*,*,#11106,.F.);
#11124 = ORIENTED_EDGE('',*,*,#10725,.T.);
#11125 = ORIENTED_EDGE('',*,*,#11126,.T.);
#11126 = EDGE_CURVE('',#10726,#1439,#11127,.T.);
#11127 = B_SPLINE_CURVE_WITH_KNOTS('',1,(#11128,#11129),.UNSPECIFIED.,
  .F.,.F.,(2,2),(-0.,9.999999999888E-05),.PIECEWISE_BEZIER_KNOTS.);
#11128 = CARTESIAN_POINT('',(6.20005,-2.774713748522,5.069683160232));
#11129 = CARTESIAN_POINT('',(6.19995,-2.774713748522,5.069683160232));
#11130 = ORIENTED_EDGE('',*,*,#1447,.F.);
#11131 = B_SPLINE_SURFACE_WITH_KNOTS('',3,1,(
    (#11132,#11133)
    ,(#11134,#11135)
    ,(#11136,#11137)
    ,(#11138,#11139
    )),.UNSPECIFIED.,.F.,.F.,.F.,(4,4),(2,2),(6.,7.),(0.,1.),
  .PIECEWISE_BEZIER_KNOTS.);
#11132 = CARTESIAN_POINT('',(6.20005,-2.672771595079,5.31694693744));
#11133 = CARTESIAN_POINT('',(6.19995,-2.672771595079,5.31694693744));
#11134 = CARTESIAN_POINT('',(6.20005,-2.737841074639,5.251877535449));
#11135 = CARTESIAN_POINT('',(6.19995,-2.737841074639,5.251877535449));
#11136 = CARTESIAN_POINT('',(6.20005,-2.774713748522,5.162949316184));
#11137 = CARTESIAN_POINT('',(6.19995,-2.774713748522,5.162949316184));
#11138 = CARTESIAN_POINT('',(6.20005,-2.774713748522,5.069683160232));
#11139 = CARTESIAN_POINT('',(6.19995,-2.774713748522,5.069683160232));
#11140 = ADVANCED_FACE('',(#11141),#11151,.F.);
#11141 = FACE_BOUND('',#11142,.F.);
#11142 = EDGE_LOOP('',(#11143,#11144,#11145,#11150));
#11143 = ORIENTED_EDGE('',*,*,#11126,.F.);
#11144 = ORIENTED_EDGE('',*,*,#10734,.T.);
#11145 = ORIENTED_EDGE('',*,*,#11146,.T.);
#11146 = EDGE_CURVE('',#10735,#1430,#11147,.T.);
#11147 = B_SPLINE_CURVE_WITH_KNOTS('',1,(#11148,#11149),.UNSPECIFIED.,
  .F.,.F.,(2,2),(-0.,9.999999999888E-05),.PIECEWISE_BEZIER_KNOTS.);
#11148 = CARTESIAN_POINT('',(6.20005,-2.683616560913,4.833264307486));
#11149 = CARTESIAN_POINT('',(6.19995,-2.683616560913,4.833264307486));
#11150 = ORIENTED_EDGE('',*,*,#1438,.F.);
#11151 = B_SPLINE_SURFACE_WITH_KNOTS('',3,1,(
    (#11152,#11153)
    ,(#11154,#11155)
    ,(#11156,#11157)
    ,(#11158,#11159
    )),.UNSPECIFIED.,.F.,.F.,.F.,(4,4),(2,2),(7.,8.),(0.,1.),
  .PIECEWISE_BEZIER_KNOTS.);
#11152 = CARTESIAN_POINT('',(6.20005,-2.774713748522,5.069683160232));
#11153 = CARTESIAN_POINT('',(6.19995,-2.774713748522,5.069683160232));
#11154 = CARTESIAN_POINT('',(6.20005,-2.774713748522,4.982923929996));
#11155 = CARTESIAN_POINT('',(6.19995,-2.774713748522,4.982923929996));
#11156 = CARTESIAN_POINT('',(6.20005,-2.742179037185,4.898333647422));
#11157 = CARTESIAN_POINT('',(6.19995,-2.742179037185,4.898333647422));
#11158 = CARTESIAN_POINT('',(6.20005,-2.683616560913,4.833264307486));
#11159 = CARTESIAN_POINT('',(6.19995,-2.683616560913,4.833264307486));
#11160 = ADVANCED_FACE('',(#11161),#11171,.F.);
#11161 = FACE_BOUND('',#11162,.F.);
#11162 = EDGE_LOOP('',(#11163,#11164,#11165,#11170));
#11163 = ORIENTED_EDGE('',*,*,#11146,.F.);
#11164 = ORIENTED_EDGE('',*,*,#10743,.T.);
#11165 = ORIENTED_EDGE('',*,*,#11166,.T.);
#11166 = EDGE_CURVE('',#10744,#1421,#11167,.T.);
#11167 = B_SPLINE_CURVE_WITH_KNOTS('',1,(#11168,#11169),.UNSPECIFIED.,
  .F.,.F.,(2,2),(-0.,9.999999999888E-05),.PIECEWISE_BEZIER_KNOTS.);
#11168 = CARTESIAN_POINT('',(6.20005,-2.510098100445,4.729153247753));
#11169 = CARTESIAN_POINT('',(6.19995,-2.510098100445,4.729153247753));
#11170 = ORIENTED_EDGE('',*,*,#1429,.F.);
#11171 = B_SPLINE_SURFACE_WITH_KNOTS('',3,1,(
    (#11172,#11173)
    ,(#11174,#11175)
    ,(#11176,#11177)
    ,(#11178,#11179
    )),.UNSPECIFIED.,.F.,.F.,.F.,(4,4),(2,2),(8.,9.),(0.,1.),
  .PIECEWISE_BEZIER_KNOTS.);
#11172 = CARTESIAN_POINT('',(6.20005,-2.683616560913,4.833264307486));
#11173 = CARTESIAN_POINT('',(6.19995,-2.683616560913,4.833264307486));
#11174 = CARTESIAN_POINT('',(6.20005,-2.635898988422,4.781208736248));
#11175 = CARTESIAN_POINT('',(6.19995,-2.635898988422,4.781208736248));
#11176 = CARTESIAN_POINT('',(6.20005,-2.577336491465,4.746505077252));
#11177 = CARTESIAN_POINT('',(6.19995,-2.577336491465,4.746505077252));
#11178 = CARTESIAN_POINT('',(6.20005,-2.510098100445,4.729153247753));
#11179 = CARTESIAN_POINT('',(6.19995,-2.510098100445,4.729153247753));
#11180 = ADVANCED_FACE('',(#11181),#11191,.F.);
#11181 = FACE_BOUND('',#11182,.F.);
#11182 = EDGE_LOOP('',(#11183,#11184,#11185,#11190));
#11183 = ORIENTED_EDGE('',*,*,#11166,.F.);
#11184 = ORIENTED_EDGE('',*,*,#10752,.T.);
#11185 = ORIENTED_EDGE('',*,*,#11186,.T.);
#11186 = EDGE_CURVE('',#10753,#1412,#11187,.T.);
#11187 = B_SPLINE_CURVE_WITH_KNOTS('',1,(#11188,#11189),.UNSPECIFIED.,
  .F.,.F.,(2,2),(-0.,9.999999999888E-05),.PIECEWISE_BEZIER_KNOTS.);
#11188 = CARTESIAN_POINT('',(6.20005,-2.304044907952,4.581662572902));
#11189 = CARTESIAN_POINT('',(6.19995,-2.304044907952,4.581662572902));
#11190 = ORIENTED_EDGE('',*,*,#1420,.F.);
#11191 = B_SPLINE_SURFACE_WITH_KNOTS('',3,1,(
    (#11192,#11193)
    ,(#11194,#11195)
    ,(#11196,#11197)
    ,(#11198,#11199
    )),.UNSPECIFIED.,.F.,.F.,.F.,(4,4),(2,2),(9.,10.),(0.,1.),
  .PIECEWISE_BEZIER_KNOTS.);
#11192 = CARTESIAN_POINT('',(6.20005,-2.510098100445,4.729153247753));
#11193 = CARTESIAN_POINT('',(6.19995,-2.510098100445,4.729153247753));
#11194 = CARTESIAN_POINT('',(6.20005,-2.481901346482,4.642394017517));
#11195 = CARTESIAN_POINT('',(6.19995,-2.481901346482,4.642394017517));
#11196 = CARTESIAN_POINT('',(6.20005,-2.399480094307,4.581662572902));
#11197 = CARTESIAN_POINT('',(6.19995,-2.399480094307,4.581662572902));
#11198 = CARTESIAN_POINT('',(6.20005,-2.304044907952,4.581662572902));
#11199 = CARTESIAN_POINT('',(6.19995,-2.304044907952,4.581662572902));
#11200 = ADVANCED_FACE('',(#11201),#11211,.F.);
#11201 = FACE_BOUND('',#11202,.F.);
#11202 = EDGE_LOOP('',(#11203,#11204,#11205,#11210));
#11203 = ORIENTED_EDGE('',*,*,#11186,.F.);
#11204 = ORIENTED_EDGE('',*,*,#10761,.T.);
#11205 = ORIENTED_EDGE('',*,*,#11206,.T.);
#11206 = EDGE_CURVE('',#10762,#1403,#11207,.T.);
#11207 = B_SPLINE_CURVE_WITH_KNOTS('',1,(#11208,#11209),.UNSPECIFIED.,
  .F.,.F.,(2,2),(-0.,9.999999999888E-05),.PIECEWISE_BEZIER_KNOTS.);
#11208 = CARTESIAN_POINT('',(6.20005,-2.087146832366,4.798560648488));
#11209 = CARTESIAN_POINT('',(6.19995,-2.087146832366,4.798560648488));
#11210 = ORIENTED_EDGE('',*,*,#1411,.F.);
#11211 = B_SPLINE_SURFACE_WITH_KNOTS('',3,1,(
    (#11212,#11213)
    ,(#11214,#11215)
    ,(#11216,#11217)
    ,(#11218,#11219
    )),.UNSPECIFIED.,.F.,.F.,.F.,(4,4),(2,2),(10.,11.),(0.,1.),
  .PIECEWISE_BEZIER_KNOTS.);
#11212 = CARTESIAN_POINT('',(6.20005,-2.304044907952,4.581662572902));
#11213 = CARTESIAN_POINT('',(6.19995,-2.304044907952,4.581662572902));
#11214 = CARTESIAN_POINT('',(6.20005,-2.184750966381,4.581662572902));
#11215 = CARTESIAN_POINT('',(6.19995,-2.184750966381,4.581662572902));
#11216 = CARTESIAN_POINT('',(6.20005,-2.087146832366,4.679266706915));
#11217 = CARTESIAN_POINT('',(6.19995,-2.087146832366,4.679266706915));
#11218 = CARTESIAN_POINT('',(6.20005,-2.087146832366,4.798560648488));
#11219 = CARTESIAN_POINT('',(6.19995,-2.087146832366,4.798560648488));
#11220 = ADVANCED_FACE('',(#11221),#11231,.F.);
#11221 = FACE_BOUND('',#11222,.T.);
#11222 = EDGE_LOOP('',(#11223,#11224,#11229,#11230));
#11223 = ORIENTED_EDGE('',*,*,#1402,.T.);
#11224 = ORIENTED_EDGE('',*,*,#11225,.F.);
#11225 = EDGE_CURVE('',#10771,#1396,#11226,.T.);
#11226 = B_SPLINE_CURVE_WITH_KNOTS('',1,(#11227,#11228),.UNSPECIFIED.,
  .F.,.F.,(2,2),(-0.,9.999999999888E-05),.PIECEWISE_BEZIER_KNOTS.);
#11227 = CARTESIAN_POINT('',(6.20005,-2.087146832366,4.820250456048));
#11228 = CARTESIAN_POINT('',(6.19995,-2.087146832366,4.820250456048));
#11229 = ORIENTED_EDGE('',*,*,#10770,.F.);
#11230 = ORIENTED_EDGE('',*,*,#11206,.T.);
#11231 = B_SPLINE_SURFACE_WITH_KNOTS('',1,1,(
    (#11232,#11233)
    ,(#11234,#11235
    )),.UNSPECIFIED.,.F.,.F.,.F.,(2,2),(2,2),(-2.168980756E-02,0.),(
    -9.999999999977E-05,0.),.PIECEWISE_BEZIER_KNOTS.);
#11232 = CARTESIAN_POINT('',(6.19995,-2.087146832366,4.820250456048));
#11233 = CARTESIAN_POINT('',(6.20005,-2.087146832366,4.820250456048));
#11234 = CARTESIAN_POINT('',(6.19995,-2.087146832366,4.798560648488));
#11235 = CARTESIAN_POINT('',(6.20005,-2.087146832366,4.798560648488));
#11236 = ADVANCED_FACE('',(#11237),#11247,.F.);
#11237 = FACE_BOUND('',#11238,.T.);
#11238 = EDGE_LOOP('',(#11239,#11240,#11245,#11246));
#11239 = ORIENTED_EDGE('',*,*,#1395,.T.);
#11240 = ORIENTED_EDGE('',*,*,#11241,.F.);
#11241 = EDGE_CURVE('',#10780,#1389,#11242,.T.);
#11242 = B_SPLINE_CURVE_WITH_KNOTS('',1,(#11243,#11244),.UNSPECIFIED.,
  .F.,.F.,(2,2),(-0.,9.999999999977E-05),.PIECEWISE_BEZIER_KNOTS.);
#11243 = CARTESIAN_POINT('',(6.20005,-1.783489526546,4.980755023707));
#11244 = CARTESIAN_POINT('',(6.19995,-1.783489526546,4.980755023707));
#11245 = ORIENTED_EDGE('',*,*,#10779,.F.);
#11246 = ORIENTED_EDGE('',*,*,#11225,.T.);
#11247 = B_SPLINE_SURFACE_WITH_KNOTS('',1,1,(
    (#11248,#11249)
    ,(#11250,#11251
    )),.UNSPECIFIED.,.F.,.F.,.F.,(2,2),(2,2),(-0.343466847916,
    3.112891989207E-16),(-9.999999999977E-05,0.),
  .PIECEWISE_BEZIER_KNOTS.);
#11248 = CARTESIAN_POINT('',(6.19995,-1.783489526546,4.980755023707));
#11249 = CARTESIAN_POINT('',(6.20005,-1.783489526546,4.980755023707));
#11250 = CARTESIAN_POINT('',(6.19995,-2.087146832366,4.820250456048));
#11251 = CARTESIAN_POINT('',(6.20005,-2.087146832366,4.820250456048));
#11252 = ADVANCED_FACE('',(#11253),#11263,.F.);
#11253 = FACE_BOUND('',#11254,.T.);
#11254 = EDGE_LOOP('',(#11255,#11256,#11261,#11262));
#11255 = ORIENTED_EDGE('',*,*,#1388,.T.);
#11256 = ORIENTED_EDGE('',*,*,#11257,.F.);
#11257 = EDGE_CURVE('',#10787,#1382,#11258,.T.);
#11258 = B_SPLINE_CURVE_WITH_KNOTS('',1,(#11259,#11260),.UNSPECIFIED.,
  .F.,.F.,(2,2),(-0.,9.999999999977E-05),.PIECEWISE_BEZIER_KNOTS.);
#11259 = CARTESIAN_POINT('',(6.20005,-1.850727896882,5.095711028589));
#11260 = CARTESIAN_POINT('',(6.19995,-1.850727896882,5.095711028589));
#11261 = ORIENTED_EDGE('',*,*,#10786,.F.);
#11262 = ORIENTED_EDGE('',*,*,#11241,.T.);
#11263 = B_SPLINE_SURFACE_WITH_KNOTS('',1,1,(
    (#11264,#11265)
    ,(#11266,#11267
    )),.UNSPECIFIED.,.F.,.F.,.F.,(2,2),(2,2),(-0.133176129632,0.),(
    -9.999999999977E-05,0.),.PIECEWISE_BEZIER_KNOTS.);
#11264 = CARTESIAN_POINT('',(6.19995,-1.850727896882,5.095711028589));
#11265 = CARTESIAN_POINT('',(6.20005,-1.850727896882,5.095711028589));
#11266 = CARTESIAN_POINT('',(6.19995,-1.783489526546,4.980755023707));
#11267 = CARTESIAN_POINT('',(6.20005,-1.783489526546,4.980755023707));
#11268 = ADVANCED_FACE('',(#11269),#11279,.F.);
#11269 = FACE_BOUND('',#11270,.T.);
#11270 = EDGE_LOOP('',(#11271,#11272,#11277,#11278));
#11271 = ORIENTED_EDGE('',*,*,#1381,.T.);
#11272 = ORIENTED_EDGE('',*,*,#11273,.F.);
#11273 = EDGE_CURVE('',#10794,#1373,#11274,.T.);
#11274 = B_SPLINE_CURVE_WITH_KNOTS('',1,(#11275,#11276),.UNSPECIFIED.,
  .F.,.F.,(2,2),(-0.,9.999999999977E-05),.PIECEWISE_BEZIER_KNOTS.);
#11275 = CARTESIAN_POINT('',(6.20005,-2.141371309893,4.943882375679));
#11276 = CARTESIAN_POINT('',(6.19995,-2.141371309893,4.943882375679));
#11277 = ORIENTED_EDGE('',*,*,#10793,.F.);
#11278 = ORIENTED_EDGE('',*,*,#11257,.T.);
#11279 = B_SPLINE_SURFACE_WITH_KNOTS('',1,1,(
    (#11280,#11281)
    ,(#11282,#11283
    )),.UNSPECIFIED.,.F.,.F.,.F.,(2,2),(2,2),(-0.327910861929,0.),(
    -9.999999999977E-05,0.),.PIECEWISE_BEZIER_KNOTS.);
#11280 = CARTESIAN_POINT('',(6.19995,-2.141371309893,4.943882375679));
#11281 = CARTESIAN_POINT('',(6.20005,-2.141371309893,4.943882375679));
#11282 = CARTESIAN_POINT('',(6.19995,-1.850727896882,5.095711028589));
#11283 = CARTESIAN_POINT('',(6.20005,-1.850727896882,5.095711028589));
#11284 = ADVANCED_FACE('',(#11285),#11295,.F.);
#11285 = FACE_BOUND('',#11286,.F.);
#11286 = EDGE_LOOP('',(#11287,#11288,#11289,#11294));
#11287 = ORIENTED_EDGE('',*,*,#11273,.F.);
#11288 = ORIENTED_EDGE('',*,*,#10800,.T.);
#11289 = ORIENTED_EDGE('',*,*,#11290,.T.);
#11290 = EDGE_CURVE('',#10801,#1364,#11291,.T.);
#11291 = B_SPLINE_CURVE_WITH_KNOTS('',1,(#11292,#11293),.UNSPECIFIED.,
  .F.,.F.,(2,2),(-0.,9.999999999888E-05),.PIECEWISE_BEZIER_KNOTS.);
#11292 = CARTESIAN_POINT('',(6.20005,-2.304044866582,5.017627713105));
#11293 = CARTESIAN_POINT('',(6.19995,-2.304044866582,5.017627713105));
#11294 = ORIENTED_EDGE('',*,*,#1372,.F.);
#11295 = B_SPLINE_SURFACE_WITH_KNOTS('',3,1,(
    (#11296,#11297)
    ,(#11298,#11299)
    ,(#11300,#11301)
    ,(#11302,#11303
    )),.UNSPECIFIED.,.F.,.F.,.F.,(4,4),(2,2),(15.,16.),(0.,1.),
  .PIECEWISE_BEZIER_KNOTS.);
#11296 = CARTESIAN_POINT('',(6.20005,-2.141371309893,4.943882375679));
#11297 = CARTESIAN_POINT('',(6.19995,-2.141371309893,4.943882375679));
#11298 = CARTESIAN_POINT('',(6.20005,-2.180412946951,4.989430979826));
#11299 = CARTESIAN_POINT('',(6.19995,-2.180412946951,4.989430979826));
#11300 = CARTESIAN_POINT('',(6.20005,-2.238975443907,5.017627713105));
#11301 = CARTESIAN_POINT('',(6.19995,-2.238975443907,5.017627713105));
#11302 = CARTESIAN_POINT('',(6.20005,-2.304044866582,5.017627713105));
#11303 = CARTESIAN_POINT('',(6.19995,-2.304044866582,5.017627713105));
#11304 = ADVANCED_FACE('',(#11305),#11315,.F.);
#11305 = FACE_BOUND('',#11306,.F.);
#11306 = EDGE_LOOP('',(#11307,#11308,#11309,#11314));
#11307 = ORIENTED_EDGE('',*,*,#11290,.F.);
#11308 = ORIENTED_EDGE('',*,*,#10809,.T.);
#11309 = ORIENTED_EDGE('',*,*,#11310,.T.);
#11310 = EDGE_CURVE('',#10810,#1355,#11311,.T.);
#11311 = B_SPLINE_CURVE_WITH_KNOTS('',1,(#11312,#11313),.UNSPECIFIED.,
  .F.,.F.,(2,2),(-0.,9.999999999888E-05),.PIECEWISE_BEZIER_KNOTS.);
#11312 = CARTESIAN_POINT('',(6.20005,-2.50792904936,4.874474974944));
#11313 = CARTESIAN_POINT('',(6.19995,-2.50792904936,4.874474974944));
#11314 = ORIENTED_EDGE('',*,*,#1363,.F.);
#11315 = B_SPLINE_SURFACE_WITH_KNOTS('',3,1,(
    (#11316,#11317)
    ,(#11318,#11319)
    ,(#11320,#11321)
    ,(#11322,#11323
    )),.UNSPECIFIED.,.F.,.F.,.F.,(4,4),(2,2),(16.,17.),(0.,1.),
  .PIECEWISE_BEZIER_KNOTS.);
#11316 = CARTESIAN_POINT('',(6.20005,-2.304044866582,5.017627713105));
#11317 = CARTESIAN_POINT('',(6.19995,-2.304044866582,5.017627713105));
#11318 = CARTESIAN_POINT('',(6.20005,-2.397311063906,5.017627713105));
#11319 = CARTESIAN_POINT('',(6.19995,-2.397311063906,5.017627713105));
#11320 = CARTESIAN_POINT('',(6.20005,-2.477563327051,4.95689626849));
#11321 = CARTESIAN_POINT('',(6.19995,-2.477563327051,4.95689626849));
#11322 = CARTESIAN_POINT('',(6.20005,-2.50792904936,4.874474974944));
#11323 = CARTESIAN_POINT('',(6.19995,-2.50792904936,4.874474974944));
#11324 = ADVANCED_FACE('',(#11325),#11335,.F.);
#11325 = FACE_BOUND('',#11326,.F.);
#11326 = EDGE_LOOP('',(#11327,#11328,#11329,#11334));
#11327 = ORIENTED_EDGE('',*,*,#11310,.F.);
#11328 = ORIENTED_EDGE('',*,*,#10818,.T.);
#11329 = ORIENTED_EDGE('',*,*,#11330,.T.);
#11330 = EDGE_CURVE('',#10819,#1346,#11331,.T.);
#11331 = B_SPLINE_CURVE_WITH_KNOTS('',1,(#11332,#11333),.UNSPECIFIED.,
  .F.,.F.,(2,2),(-0.,9.999999999888E-05),.PIECEWISE_BEZIER_KNOTS.);
#11332 = CARTESIAN_POINT('',(6.20005,-2.638067894711,5.074021221031));
#11333 = CARTESIAN_POINT('',(6.19995,-2.638067894711,5.074021221031));
#11334 = ORIENTED_EDGE('',*,*,#1354,.F.);
#11335 = B_SPLINE_SURFACE_WITH_KNOTS('',3,1,(
    (#11336,#11337)
    ,(#11338,#11339)
    ,(#11340,#11341)
    ,(#11342,#11343
    )),.UNSPECIFIED.,.F.,.F.,.F.,(4,4),(2,2),(17.,18.),(0.,1.),
  .PIECEWISE_BEZIER_KNOTS.);
#11336 = CARTESIAN_POINT('',(6.20005,-2.50792904936,4.874474974944));
#11337 = CARTESIAN_POINT('',(6.19995,-2.50792904936,4.874474974944));
#11338 = CARTESIAN_POINT('',(6.20005,-2.583843375814,4.909178675311));
#11339 = CARTESIAN_POINT('',(6.19995,-2.583843375814,4.909178675311));
#11340 = CARTESIAN_POINT('',(6.20005,-2.638067894711,4.985093001766));
#11341 = CARTESIAN_POINT('',(6.19995,-2.638067894711,4.985093001766));
#11342 = CARTESIAN_POINT('',(6.20005,-2.638067894711,5.074021221031));
#11343 = CARTESIAN_POINT('',(6.19995,-2.638067894711,5.074021221031));
#11344 = ADVANCED_FACE('',(#11345),#11355,.F.);
#11345 = FACE_BOUND('',#11346,.F.);
#11346 = EDGE_LOOP('',(#11347,#11348,#11349,#11354));
#11347 = ORIENTED_EDGE('',*,*,#11330,.F.);
#11348 = ORIENTED_EDGE('',*,*,#10827,.T.);
#11349 = ORIENTED_EDGE('',*,*,#11350,.T.);
#11350 = EDGE_CURVE('',#10828,#1337,#11351,.T.);
#11351 = B_SPLINE_CURVE_WITH_KNOTS('',1,(#11352,#11353),.UNSPECIFIED.,
  .F.,.F.,(2,2),(-0.,9.999999999888E-05),.PIECEWISE_BEZIER_KNOTS.);
#11352 = CARTESIAN_POINT('',(6.20005,-2.421169819126,5.290919296616));
#11353 = CARTESIAN_POINT('',(6.19995,-2.421169819126,5.290919296616));
#11354 = ORIENTED_EDGE('',*,*,#1345,.F.);
#11355 = B_SPLINE_SURFACE_WITH_KNOTS('',3,1,(
    (#11356,#11357)
    ,(#11358,#11359)
    ,(#11360,#11361)
    ,(#11362,#11363
    )),.UNSPECIFIED.,.F.,.F.,.F.,(4,4),(2,2),(18.,19.),(0.,1.),
  .PIECEWISE_BEZIER_KNOTS.);
#11356 = CARTESIAN_POINT('',(6.20005,-2.638067894711,5.074021221031));
#11357 = CARTESIAN_POINT('',(6.19995,-2.638067894711,5.074021221031));
#11358 = CARTESIAN_POINT('',(6.20005,-2.638067894711,5.193315162603));
#11359 = CARTESIAN_POINT('',(6.19995,-2.638067894711,5.193315162603));
#11360 = CARTESIAN_POINT('',(6.20005,-2.540463760697,5.290919296616));
#11361 = CARTESIAN_POINT('',(6.19995,-2.540463760697,5.290919296616));
#11362 = CARTESIAN_POINT('',(6.20005,-2.421169819126,5.290919296616));
#11363 = CARTESIAN_POINT('',(6.19995,-2.421169819126,5.290919296616));
#11364 = ADVANCED_FACE('',(#11365),#11375,.F.);
#11365 = FACE_BOUND('',#11366,.F.);
#11366 = EDGE_LOOP('',(#11367,#11368,#11369,#11374));
#11367 = ORIENTED_EDGE('',*,*,#11350,.F.);
#11368 = ORIENTED_EDGE('',*,*,#10836,.T.);
#11369 = ORIENTED_EDGE('',*,*,#11370,.T.);
#11370 = EDGE_CURVE('',#10837,#1328,#11371,.T.);
#11371 = B_SPLINE_CURVE_WITH_KNOTS('',1,(#11372,#11373),.UNSPECIFIED.,
  .F.,.F.,(2,2),(-0.,9.999999999888E-05),.PIECEWISE_BEZIER_KNOTS.);
#11372 = CARTESIAN_POINT('',(6.20005,-2.306213855613,5.258384585277));
#11373 = CARTESIAN_POINT('',(6.19995,-2.306213855613,5.258384585277));
#11374 = ORIENTED_EDGE('',*,*,#1336,.F.);
#11375 = B_SPLINE_SURFACE_WITH_KNOTS('',3,1,(
    (#11376,#11377)
    ,(#11378,#11379)
    ,(#11380,#11381)
    ,(#11382,#11383
    )),.UNSPECIFIED.,.F.,.F.,.F.,(4,4),(2,2),(19.,20.),(0.,1.),
  .PIECEWISE_BEZIER_KNOTS.);
#11376 = CARTESIAN_POINT('',(6.20005,-2.421169819126,5.290919296616));
#11377 = CARTESIAN_POINT('',(6.19995,-2.421169819126,5.290919296616));
#11378 = CARTESIAN_POINT('',(6.20005,-2.379959193037,5.290919296616));
#11379 = CARTESIAN_POINT('',(6.19995,-2.379959193037,5.290919296616));
#11380 = CARTESIAN_POINT('',(6.20005,-2.33874856695,5.277905403808));
#11381 = CARTESIAN_POINT('',(6.19995,-2.33874856695,5.277905403808));
#11382 = CARTESIAN_POINT('',(6.20005,-2.306213855613,5.258384585277));
#11383 = CARTESIAN_POINT('',(6.19995,-2.306213855613,5.258384585277));
#11384 = ADVANCED_FACE('',(#11385),#11395,.F.);
#11385 = FACE_BOUND('',#11386,.F.);
#11386 = EDGE_LOOP('',(#11387,#11388,#11389,#11394));
#11387 = ORIENTED_EDGE('',*,*,#11370,.F.);
#11388 = ORIENTED_EDGE('',*,*,#10845,.T.);
#11389 = ORIENTED_EDGE('',*,*,#11390,.T.);
#11390 = EDGE_CURVE('',#10846,#1319,#11391,.T.);
#11391 = B_SPLINE_CURVE_WITH_KNOTS('',1,(#11392,#11393),.UNSPECIFIED.,
  .F.,.F.,(2,2),(-0.,9.999999999888E-05),.PIECEWISE_BEZIER_KNOTS.);
#11392 = CARTESIAN_POINT('',(6.20005,-2.015570483971,5.466606622005));
#11393 = CARTESIAN_POINT('',(6.19995,-2.015570483971,5.466606622005));
#11394 = ORIENTED_EDGE('',*,*,#1327,.F.);
#11395 = B_SPLINE_SURFACE_WITH_KNOTS('',3,1,(
    (#11396,#11397)
    ,(#11398,#11399)
    ,(#11400,#11401)
    ,(#11402,#11403
    )),.UNSPECIFIED.,.F.,.F.,.F.,(4,4),(2,2),(20.,21.),(0.,1.),
  .PIECEWISE_BEZIER_KNOTS.);
#11396 = CARTESIAN_POINT('',(6.20005,-2.306213855613,5.258384585277));
#11397 = CARTESIAN_POINT('',(6.19995,-2.306213855613,5.258384585277));
#11398 = CARTESIAN_POINT('',(6.20005,-2.265003270895,5.379847391771));
#11399 = CARTESIAN_POINT('',(6.19995,-2.265003270895,5.379847391771));
#11400 = CARTESIAN_POINT('',(6.20005,-2.152216255043,5.466606622005));
#11401 = CARTESIAN_POINT('',(6.19995,-2.152216255043,5.466606622005));
#11402 = CARTESIAN_POINT('',(6.20005,-2.015570483971,5.466606622005));
#11403 = CARTESIAN_POINT('',(6.19995,-2.015570483971,5.466606622005));
#11404 = ADVANCED_FACE('',(#11405),#11415,.F.);
#11405 = FACE_BOUND('',#11406,.F.);
#11406 = EDGE_LOOP('',(#11407,#11408,#11409,#11414));
#11407 = ORIENTED_EDGE('',*,*,#11390,.F.);
#11408 = ORIENTED_EDGE('',*,*,#10854,.T.);
#11409 = ORIENTED_EDGE('',*,*,#11410,.T.);
#11410 = EDGE_CURVE('',#10855,#1310,#11411,.T.);
#11411 = B_SPLINE_CURVE_WITH_KNOTS('',1,(#11412,#11413),.UNSPECIFIED.,
  .F.,.F.,(2,2),(-0.,9.999999999888E-05),.PIECEWISE_BEZIER_KNOTS.);
#11412 = CARTESIAN_POINT('',(6.20005,-1.711913178151,5.195484027523));
#11413 = CARTESIAN_POINT('',(6.19995,-1.711913178151,5.195484027523));
#11414 = ORIENTED_EDGE('',*,*,#1318,.F.);
#11415 = B_SPLINE_SURFACE_WITH_KNOTS('',3,1,(
    (#11416,#11417)
    ,(#11418,#11419)
    ,(#11420,#11421)
    ,(#11422,#11423
    )),.UNSPECIFIED.,.F.,.F.,.F.,(4,4),(2,2),(21.,22.),(0.,1.),
  .PIECEWISE_BEZIER_KNOTS.);
#11416 = CARTESIAN_POINT('',(6.20005,-2.015570483971,5.466606622005));
#11417 = CARTESIAN_POINT('',(6.19995,-2.015570483971,5.466606622005));
#11418 = CARTESIAN_POINT('',(6.20005,-1.859403853001,5.466606622005));
#11419 = CARTESIAN_POINT('',(6.19995,-1.859403853001,5.466606622005));
#11420 = CARTESIAN_POINT('',(6.20005,-1.72926500765,5.347312680432));
#11421 = CARTESIAN_POINT('',(6.19995,-1.72926500765,5.347312680432));
#11422 = CARTESIAN_POINT('',(6.20005,-1.711913178151,5.195484027523));
#11423 = CARTESIAN_POINT('',(6.19995,-1.711913178151,5.195484027523));
#11424 = ADVANCED_FACE('',(#11425),#11435,.F.);
#11425 = FACE_BOUND('',#11426,.T.);
#11426 = EDGE_LOOP('',(#11427,#11428,#11433,#11434));
#11427 = ORIENTED_EDGE('',*,*,#1309,.T.);
#11428 = ORIENTED_EDGE('',*,*,#11429,.F.);
#11429 = EDGE_CURVE('',#10864,#1301,#11430,.T.);
#11430 = B_SPLINE_CURVE_WITH_KNOTS('',1,(#11431,#11432),.UNSPECIFIED.,
  .F.,.F.,(2,2),(-0.,9.999999999888E-05),.PIECEWISE_BEZIER_KNOTS.);
#11431 = CARTESIAN_POINT('',(6.20005,-1.694561348652,5.195484027523));
#11432 = CARTESIAN_POINT('',(6.19995,-1.694561348652,5.195484027523));
#11433 = ORIENTED_EDGE('',*,*,#10863,.F.);
#11434 = ORIENTED_EDGE('',*,*,#11410,.T.);
#11435 = B_SPLINE_SURFACE_WITH_KNOTS('',1,1,(
    (#11436,#11437)
    ,(#11438,#11439
    )),.UNSPECIFIED.,.F.,.F.,.F.,(2,2),(2,2),(-9.999999999977E-05,0.),(
    -4.440892098501E-16,1.735182949916E-02),.PIECEWISE_BEZIER_KNOTS.);
#11436 = CARTESIAN_POINT('',(6.19995,-1.711913178151,5.195484027523));
#11437 = CARTESIAN_POINT('',(6.19995,-1.694561348652,5.195484027523));
#11438 = CARTESIAN_POINT('',(6.20005,-1.711913178151,5.195484027523));
#11439 = CARTESIAN_POINT('',(6.20005,-1.694561348652,5.195484027523));
#11440 = ADVANCED_FACE('',(#11441),#11451,.F.);
#11441 = FACE_BOUND('',#11442,.F.);
#11442 = EDGE_LOOP('',(#11443,#11444,#11445,#11450));
#11443 = ORIENTED_EDGE('',*,*,#11429,.F.);
#11444 = ORIENTED_EDGE('',*,*,#10872,.T.);
#11445 = ORIENTED_EDGE('',*,*,#11446,.T.);
#11446 = EDGE_CURVE('',#10873,#1292,#11447,.T.);
#11447 = B_SPLINE_CURVE_WITH_KNOTS('',1,(#11448,#11449),.UNSPECIFIED.,
  .F.,.F.,(2,2),(-0.,9.999999999888E-05),.PIECEWISE_BEZIER_KNOTS.);
#11448 = CARTESIAN_POINT('',(6.20005,-1.525380866243,5.026303545114));
#11449 = CARTESIAN_POINT('',(6.19995,-1.525380866243,5.026303545114));
#11450 = ORIENTED_EDGE('',*,*,#1300,.F.);
#11451 = B_SPLINE_SURFACE_WITH_KNOTS('',3,1,(
    (#11452,#11453)
    ,(#11454,#11455)
    ,(#11456,#11457)
    ,(#11458,#11459
    )),.UNSPECIFIED.,.F.,.F.,.F.,(4,4),(2,2),(23.,24.),(0.,1.),
  .PIECEWISE_BEZIER_KNOTS.);
#11452 = CARTESIAN_POINT('',(6.20005,-1.694561348652,5.195484027523));
#11453 = CARTESIAN_POINT('',(6.19995,-1.694561348652,5.195484027523));
#11454 = CARTESIAN_POINT('',(6.20005,-1.601295192698,5.195484027523));
#11455 = CARTESIAN_POINT('',(6.19995,-1.601295192698,5.195484027523));
#11456 = CARTESIAN_POINT('',(6.20005,-1.525380866243,5.119569701068));
#11457 = CARTESIAN_POINT('',(6.19995,-1.525380866243,5.119569701068));
#11458 = CARTESIAN_POINT('',(6.20005,-1.525380866243,5.026303545114));
#11459 = CARTESIAN_POINT('',(6.19995,-1.525380866243,5.026303545114));
#11460 = ADVANCED_FACE('',(#11461),#11471,.F.);
#11461 = FACE_BOUND('',#11462,.F.);
#11462 = EDGE_LOOP('',(#11463,#11464,#11465,#11470));
#11463 = ORIENTED_EDGE('',*,*,#11446,.F.);
#11464 = ORIENTED_EDGE('',*,*,#10881,.T.);
#11465 = ORIENTED_EDGE('',*,*,#11466,.T.);
#11466 = EDGE_CURVE('',#10882,#1285,#11467,.T.);
#11467 = B_SPLINE_CURVE_WITH_KNOTS('',1,(#11468,#11469),.UNSPECIFIED.,
  .F.,.F.,(2,2),(-0.,9.999999999888E-05),.PIECEWISE_BEZIER_KNOTS.);
#11468 = CARTESIAN_POINT('',(6.20005,-1.681547497212,4.857123062705));
#11469 = CARTESIAN_POINT('',(6.19995,-1.681547497212,4.857123062705));
#11470 = ORIENTED_EDGE('',*,*,#1291,.F.);
#11471 = B_SPLINE_SURFACE_WITH_KNOTS('',3,1,(
    (#11472,#11473)
    ,(#11474,#11475)
    ,(#11476,#11477)
    ,(#11478,#11479
    )),.UNSPECIFIED.,.F.,.F.,.F.,(4,4),(2,2),(24.,25.),(0.,1.),
  .PIECEWISE_BEZIER_KNOTS.);
#11472 = CARTESIAN_POINT('',(6.20005,-1.525380866243,5.026303545114));
#11473 = CARTESIAN_POINT('',(6.19995,-1.525380866243,5.026303545114));
#11474 = CARTESIAN_POINT('',(6.20005,-1.525380866243,4.937375325849));
#11475 = CARTESIAN_POINT('',(6.19995,-1.525380866243,4.937375325849));
#11476 = CARTESIAN_POINT('',(6.20005,-1.592619236579,4.863629988425));
#11477 = CARTESIAN_POINT('',(6.19995,-1.592619236579,4.863629988425));
#11478 = CARTESIAN_POINT('',(6.20005,-1.681547497212,4.857123062705));
#11479 = CARTESIAN_POINT('',(6.19995,-1.681547497212,4.857123062705));
#11480 = ADVANCED_FACE('',(#11481),#11491,.F.);
#11481 = FACE_BOUND('',#11482,.T.);
#11482 = EDGE_LOOP('',(#11483,#11484,#11489,#11490));
#11483 = ORIENTED_EDGE('',*,*,#1284,.T.);
#11484 = ORIENTED_EDGE('',*,*,#11485,.F.);
#11485 = EDGE_CURVE('',#10891,#1276,#11486,.T.);
#11486 = B_SPLINE_CURVE_WITH_KNOTS('',1,(#11487,#11488),.UNSPECIFIED.,
  .F.,.F.,(2,2),(-0.,9.999999999977E-05),.PIECEWISE_BEZIER_KNOTS.);
#11487 = CARTESIAN_POINT('',(6.20005,-1.779151631226,4.857123062705));
#11488 = CARTESIAN_POINT('',(6.19995,-1.779151631226,4.857123062705));
#11489 = ORIENTED_EDGE('',*,*,#10890,.F.);
#11490 = ORIENTED_EDGE('',*,*,#11466,.T.);
#11491 = B_SPLINE_SURFACE_WITH_KNOTS('',1,1,(
    (#11492,#11493)
    ,(#11494,#11495
    )),.UNSPECIFIED.,.F.,.F.,.F.,(2,2),(2,2),(-9.760413401376E-02,
    4.440892098501E-16),(-9.999999999977E-05,0.),
  .PIECEWISE_BEZIER_KNOTS.);
#11492 = CARTESIAN_POINT('',(6.19995,-1.779151631226,4.857123062705));
#11493 = CARTESIAN_POINT('',(6.20005,-1.779151631226,4.857123062705));
#11494 = CARTESIAN_POINT('',(6.19995,-1.681547497212,4.857123062705));
#11495 = CARTESIAN_POINT('',(6.20005,-1.681547497212,4.857123062705));
#11496 = ADVANCED_FACE('',(#11497),#11507,.F.);
#11497 = FACE_BOUND('',#11498,.F.);
#11498 = EDGE_LOOP('',(#11499,#11500,#11501,#11506));
#11499 = ORIENTED_EDGE('',*,*,#11485,.F.);
#11500 = ORIENTED_EDGE('',*,*,#10897,.T.);
#11501 = ORIENTED_EDGE('',*,*,#11502,.T.);
#11502 = EDGE_CURVE('',#10898,#1267,#11503,.T.);
#11503 = B_SPLINE_CURVE_WITH_KNOTS('',1,(#11504,#11505),.UNSPECIFIED.,
  .F.,.F.,(2,2),(-0.,9.999999999888E-05),.PIECEWISE_BEZIER_KNOTS.);
#11504 = CARTESIAN_POINT('',(6.20005,-1.792165482665,4.859292010365));
#11505 = CARTESIAN_POINT('',(6.19995,-1.792165482665,4.859292010365));
#11506 = ORIENTED_EDGE('',*,*,#1275,.F.);
#11507 = B_SPLINE_SURFACE_WITH_KNOTS('',3,1,(
    (#11508,#11509)
    ,(#11510,#11511)
    ,(#11512,#11513)
    ,(#11514,#11515
    )),.UNSPECIFIED.,.F.,.F.,.F.,(4,4),(2,2),(26.,27.),(0.,1.),
  .PIECEWISE_BEZIER_KNOTS.);
#11508 = CARTESIAN_POINT('',(6.20005,-1.779151631226,4.857123062705));
#11509 = CARTESIAN_POINT('',(6.19995,-1.779151631226,4.857123062705));
#11510 = CARTESIAN_POINT('',(6.20005,-1.783489609286,4.857123062705));
#11511 = CARTESIAN_POINT('',(6.19995,-1.783489609286,4.857123062705));
#11512 = CARTESIAN_POINT('',(6.20005,-1.787827587346,4.859292010365));
#11513 = CARTESIAN_POINT('',(6.19995,-1.787827587346,4.859292010365));
#11514 = CARTESIAN_POINT('',(6.20005,-1.792165482665,4.859292010365));
#11515 = CARTESIAN_POINT('',(6.19995,-1.792165482665,4.859292010365));
#11516 = ADVANCED_FACE('',(#11517),#11527,.F.);
#11517 = FACE_BOUND('',#11518,.F.);
#11518 = EDGE_LOOP('',(#11519,#11520,#11521,#11526));
#11519 = ORIENTED_EDGE('',*,*,#11502,.F.);
#11520 = ORIENTED_EDGE('',*,*,#10906,.T.);
#11521 = ORIENTED_EDGE('',*,*,#11522,.T.);
#11522 = EDGE_CURVE('',#10907,#1258,#11523,.T.);
#11523 = B_SPLINE_CURVE_WITH_KNOTS('',1,(#11524,#11525),.UNSPECIFIED.,
  .F.,.F.,(2,2),(-0.,9.999999999888E-05),.PIECEWISE_BEZIER_KNOTS.);
#11524 = CARTESIAN_POINT('',(6.20005,-1.859403853001,4.792053640029));
#11525 = CARTESIAN_POINT('',(6.19995,-1.859403853001,4.792053640029));
#11526 = ORIENTED_EDGE('',*,*,#1266,.F.);
#11527 = B_SPLINE_SURFACE_WITH_KNOTS('',3,1,(
    (#11528,#11529)
    ,(#11530,#11531)
    ,(#11532,#11533)
    ,(#11534,#11535
    )),.UNSPECIFIED.,.F.,.F.,.F.,(4,4),(2,2),(27.,28.),(0.,1.),
  .PIECEWISE_BEZIER_KNOTS.);
#11528 = CARTESIAN_POINT('',(6.20005,-1.792165482665,4.859292010365));
#11529 = CARTESIAN_POINT('',(6.19995,-1.792165482665,4.859292010365));
#11530 = CARTESIAN_POINT('',(6.20005,-1.829038172063,4.859292010365));
#11531 = CARTESIAN_POINT('',(6.19995,-1.829038172063,4.859292010365));
#11532 = CARTESIAN_POINT('',(6.20005,-1.859403853001,4.828926246687));
#11533 = CARTESIAN_POINT('',(6.19995,-1.859403853001,4.828926246687));
#11534 = CARTESIAN_POINT('',(6.20005,-1.859403853001,4.792053640029));
#11535 = CARTESIAN_POINT('',(6.19995,-1.859403853001,4.792053640029));
#11536 = ADVANCED_FACE('',(#11537),#11547,.F.);
#11537 = FACE_BOUND('',#11538,.F.);
#11538 = EDGE_LOOP('',(#11539,#11540,#11541,#11546));
#11539 = ORIENTED_EDGE('',*,*,#11522,.F.);
#11540 = ORIENTED_EDGE('',*,*,#10915,.T.);
#11541 = ORIENTED_EDGE('',*,*,#11542,.T.);
#11542 = EDGE_CURVE('',#10916,#1251,#11543,.T.);
#11543 = B_SPLINE_CURVE_WITH_KNOTS('',1,(#11544,#11545),.UNSPECIFIED.,
  .F.,.F.,(2,2),(-0.,9.999999999888E-05),.PIECEWISE_BEZIER_KNOTS.);
#11544 = CARTESIAN_POINT('',(6.20005,-1.796503377985,4.724815269692));
#11545 = CARTESIAN_POINT('',(6.19995,-1.796503377985,4.724815269692));
#11546 = ORIENTED_EDGE('',*,*,#1257,.F.);
#11547 = B_SPLINE_SURFACE_WITH_KNOTS('',3,1,(
    (#11548,#11549)
    ,(#11550,#11551)
    ,(#11552,#11553)
    ,(#11554,#11555
    )),.UNSPECIFIED.,.F.,.F.,.F.,(4,4),(2,2),(28.,29.),(0.,1.),
  .PIECEWISE_BEZIER_KNOTS.);
#11548 = CARTESIAN_POINT('',(6.20005,-1.859403853001,4.792053640029));
#11549 = CARTESIAN_POINT('',(6.19995,-1.859403853001,4.792053640029));
#11550 = CARTESIAN_POINT('',(6.20005,-1.859403853001,4.757349981031));
#11551 = CARTESIAN_POINT('',(6.19995,-1.859403853001,4.757349981031));
#11552 = CARTESIAN_POINT('',(6.20005,-1.831207119724,4.726984217352));
#11553 = CARTESIAN_POINT('',(6.19995,-1.831207119724,4.726984217352));
#11554 = CARTESIAN_POINT('',(6.20005,-1.796503377985,4.724815269692));
#11555 = CARTESIAN_POINT('',(6.19995,-1.796503377985,4.724815269692));
#11556 = ADVANCED_FACE('',(#11557),#11567,.F.);
#11557 = FACE_BOUND('',#11558,.T.);
#11558 = EDGE_LOOP('',(#11559,#11560,#11565,#11566));
#11559 = ORIENTED_EDGE('',*,*,#1250,.T.);
#11560 = ORIENTED_EDGE('',*,*,#11561,.F.);
#11561 = EDGE_CURVE('',#10925,#1242,#11562,.T.);
#11562 = B_SPLINE_CURVE_WITH_KNOTS('',1,(#11563,#11564),.UNSPECIFIED.,
  .F.,.F.,(2,2),(-0.,9.999999999977E-05),.PIECEWISE_BEZIER_KNOTS.);
#11563 = CARTESIAN_POINT('',(6.20005,-1.668533563033,4.724815269692));
#11564 = CARTESIAN_POINT('',(6.19995,-1.668533563033,4.724815269692));
#11565 = ORIENTED_EDGE('',*,*,#10924,.F.);
#11566 = ORIENTED_EDGE('',*,*,#11542,.T.);
#11567 = B_SPLINE_SURFACE_WITH_KNOTS('',1,1,(
    (#11568,#11569)
    ,(#11570,#11571
    )),.UNSPECIFIED.,.F.,.F.,.F.,(2,2),(2,2),(-9.999999999977E-05,0.),(
    -0.121462889232,6.506925720194E-03),.PIECEWISE_BEZIER_KNOTS.);
#11568 = CARTESIAN_POINT('',(6.19995,-1.796503377985,4.724815269692));
#11569 = CARTESIAN_POINT('',(6.19995,-1.668533563033,4.724815269692));
#11570 = CARTESIAN_POINT('',(6.20005,-1.796503377985,4.724815269692));
#11571 = CARTESIAN_POINT('',(6.20005,-1.668533563033,4.724815269692));
#11572 = ADVANCED_FACE('',(#11573),#11583,.F.);
#11573 = FACE_BOUND('',#11574,.F.);
#11574 = EDGE_LOOP('',(#11575,#11576,#11577,#11582));
#11575 = ORIENTED_EDGE('',*,*,#11561,.F.);
#11576 = ORIENTED_EDGE('',*,*,#10931,.T.);
#11577 = ORIENTED_EDGE('',*,*,#11578,.T.);
#11578 = EDGE_CURVE('',#10932,#1233,#11579,.T.);
#11579 = B_SPLINE_CURVE_WITH_KNOTS('',1,(#11580,#11581),.UNSPECIFIED.,
  .F.,.F.,(2,2),(-0.,9.999999999888E-05),.PIECEWISE_BEZIER_KNOTS.);
#11580 = CARTESIAN_POINT('',(6.20005,-1.471156347347,4.822419403707));
#11581 = CARTESIAN_POINT('',(6.19995,-1.471156347347,4.822419403707));
#11582 = ORIENTED_EDGE('',*,*,#1241,.F.);
#11583 = B_SPLINE_SURFACE_WITH_KNOTS('',3,1,(
    (#11584,#11585)
    ,(#11586,#11587)
    ,(#11588,#11589)
    ,(#11590,#11591
    )),.UNSPECIFIED.,.F.,.F.,.F.,(4,4),(2,2),(33.,34.),(0.,1.),
  .PIECEWISE_BEZIER_KNOTS.);
#11584 = CARTESIAN_POINT('',(6.20005,-1.668533563033,4.724815269692));
#11585 = CARTESIAN_POINT('',(6.19995,-1.668533563033,4.724815269692));
#11586 = CARTESIAN_POINT('',(6.20005,-1.592619236579,4.731322195412));
#11587 = CARTESIAN_POINT('',(6.19995,-1.592619236579,4.731322195412));
#11588 = CARTESIAN_POINT('',(6.20005,-1.523211835842,4.766025937151));
#11589 = CARTESIAN_POINT('',(6.19995,-1.523211835842,4.766025937151));
#11590 = CARTESIAN_POINT('',(6.20005,-1.471156347347,4.822419403707));
#11591 = CARTESIAN_POINT('',(6.19995,-1.471156347347,4.822419403707));
#11592 = ADVANCED_FACE('',(#11593),#11599,.F.);
#11593 = FACE_BOUND('',#11594,.F.);
#11594 = EDGE_LOOP('',(#11595,#11596,#11597,#11598));
#11595 = ORIENTED_EDGE('',*,*,#11578,.F.);
#11596 = ORIENTED_EDGE('',*,*,#10940,.T.);
#11597 = ORIENTED_EDGE('',*,*,#10980,.T.);
#11598 = ORIENTED_EDGE('',*,*,#1232,.F.);
#11599 = B_SPLINE_SURFACE_WITH_KNOTS('',3,1,(
    (#11600,#11601)
    ,(#11602,#11603)
    ,(#11604,#11605)
    ,(#11606,#11607
    )),.UNSPECIFIED.,.F.,.F.,.F.,(4,4),(2,2),(34.,35.),(0.,1.),
  .PIECEWISE_BEZIER_KNOTS.);
#11600 = CARTESIAN_POINT('',(6.20005,-1.471156347347,4.822419403707));
#11601 = CARTESIAN_POINT('',(6.19995,-1.471156347347,4.822419403707));
#11602 = CARTESIAN_POINT('',(6.20005,-1.41910077611,4.878812870263));
#11603 = CARTESIAN_POINT('',(6.19995,-1.41910077611,4.878812870263));
#11604 = CARTESIAN_POINT('',(6.20005,-1.390904042831,4.952558249059));
#11605 = CARTESIAN_POINT('',(6.19995,-1.390904042831,4.952558249059));
#11606 = CARTESIAN_POINT('',(6.20005,-1.390904042831,5.028472575513));
#11607 = CARTESIAN_POINT('',(6.19995,-1.390904042831,5.028472575513));
#11608 = ADVANCED_FACE('',(#11609),#11636,.T.);
#11609 = FACE_BOUND('',#11610,.T.);
#11610 = EDGE_LOOP('',(#11611,#11625,#11630,#11631));
#11611 = ORIENTED_EDGE('',*,*,#11612,.F.);
#11612 = EDGE_CURVE('',#11613,#11615,#11617,.T.);
#11613 = VERTEX_POINT('',#11614);
#11614 = CARTESIAN_POINT('',(6.19995,-2.306213896983,4.711801252774));
#11615 = VERTEX_POINT('',#11616);
#11616 = CARTESIAN_POINT('',(6.19995,-2.306213896983,4.880981817923));
#11617 = B_SPLINE_CURVE_WITH_KNOTS('',3,(#11618,#11619,#11620,#11621,
    #11622,#11623,#11624),.UNSPECIFIED.,.F.,.F.,(4,3,4),(0.,1.,2.),
  .PIECEWISE_BEZIER_KNOTS.);
#11618 = CARTESIAN_POINT('',(6.19995,-2.306213896983,4.711801252774));
#11619 = CARTESIAN_POINT('',(6.19995,-2.258496345176,4.711801252774));
#11620 = CARTESIAN_POINT('',(6.19995,-2.221623655779,4.750842972571));
#11621 = CARTESIAN_POINT('',(6.19995,-2.221623655779,4.796391535348));
#11622 = CARTESIAN_POINT('',(6.19995,-2.221623655779,4.844109128525));
#11623 = CARTESIAN_POINT('',(6.19995,-2.260665292836,4.880981817923));
#11624 = CARTESIAN_POINT('',(6.19995,-2.306213896983,4.880981817923));
#11625 = ORIENTED_EDGE('',*,*,#11626,.F.);
#11626 = EDGE_CURVE('',#10950,#11613,#11627,.T.);
#11627 = B_SPLINE_CURVE_WITH_KNOTS('',1,(#11628,#11629),.UNSPECIFIED.,
  .F.,.F.,(2,2),(-0.,9.999999999888E-05),.PIECEWISE_BEZIER_KNOTS.);
#11628 = CARTESIAN_POINT('',(6.20005,-2.306213896983,4.711801252774));
#11629 = CARTESIAN_POINT('',(6.19995,-2.306213896983,4.711801252774));
#11630 = ORIENTED_EDGE('',*,*,#10949,.T.);
#11631 = ORIENTED_EDGE('',*,*,#11632,.T.);
#11632 = EDGE_CURVE('',#10952,#11615,#11633,.T.);
#11633 = B_SPLINE_CURVE_WITH_KNOTS('',1,(#11634,#11635),.UNSPECIFIED.,
  .F.,.F.,(2,2),(-0.,9.999999999977E-05),.PIECEWISE_BEZIER_KNOTS.);
#11634 = CARTESIAN_POINT('',(6.20005,-2.306213896983,4.880981817923));
#11635 = CARTESIAN_POINT('',(6.19995,-2.306213896983,4.880981817923));
#11636 = B_SPLINE_SURFACE_WITH_KNOTS('',3,1,(
    (#11637,#11638)
    ,(#11639,#11640)
    ,(#11641,#11642)
    ,(#11643,#11644)
    ,(#11645,#11646)
    ,(#11647,#11648)
    ,(#11649,#11650
  )),.UNSPECIFIED.,.F.,.F.,.F.,(4,3,4),(2,2),(0.,1.,2.),(0.,1.),
  .PIECEWISE_BEZIER_KNOTS.);
#11637 = CARTESIAN_POINT('',(6.20005,-2.306213896983,4.711801252774));
#11638 = CARTESIAN_POINT('',(6.19995,-2.306213896983,4.711801252774));
#11639 = CARTESIAN_POINT('',(6.20005,-2.258496345176,4.711801252774));
#11640 = CARTESIAN_POINT('',(6.19995,-2.258496345176,4.711801252774));
#11641 = CARTESIAN_POINT('',(6.20005,-2.221623655779,4.750842972571));
#11642 = CARTESIAN_POINT('',(6.19995,-2.221623655779,4.750842972571));
#11643 = CARTESIAN_POINT('',(6.20005,-2.221623655779,4.796391535348));
#11644 = CARTESIAN_POINT('',(6.19995,-2.221623655779,4.796391535348));
#11645 = CARTESIAN_POINT('',(6.20005,-2.221623655779,4.844109128525));
#11646 = CARTESIAN_POINT('',(6.19995,-2.221623655779,4.844109128525));
#11647 = CARTESIAN_POINT('',(6.20005,-2.260665292836,4.880981817923));
#11648 = CARTESIAN_POINT('',(6.19995,-2.260665292836,4.880981817923));
#11649 = CARTESIAN_POINT('',(6.20005,-2.306213896983,4.880981817923));
#11650 = CARTESIAN_POINT('',(6.19995,-2.306213896983,4.880981817923));
#11651 = ADVANCED_FACE('',(#11652),#11666,.T.);
#11652 = FACE_BOUND('',#11653,.T.);
#11653 = EDGE_LOOP('',(#11654,#11663,#11664,#11665));
#11654 = ORIENTED_EDGE('',*,*,#11655,.F.);
#11655 = EDGE_CURVE('',#11615,#11613,#11656,.T.);
#11656 = B_SPLINE_CURVE_WITH_KNOTS('',3,(#11657,#11658,#11659,#11660,
    #11661,#11662),.UNSPECIFIED.,.F.,.F.,(4,2,4),(2.,3.,4.),
  .UNSPECIFIED.);
#11657 = CARTESIAN_POINT('',(6.19995,-2.306213896983,4.880981817923));
#11658 = CARTESIAN_POINT('',(6.19995,-2.351762501129,4.880981817923));
#11659 = CARTESIAN_POINT('',(6.19995,-2.390804138187,4.844109128525));
#11660 = CARTESIAN_POINT('',(6.19995,-2.390804138187,4.748673942171));
#11661 = CARTESIAN_POINT('',(6.19995,-2.351762501129,4.711801252774));
#11662 = CARTESIAN_POINT('',(6.19995,-2.306213896983,4.711801252774));
#11663 = ORIENTED_EDGE('',*,*,#11632,.F.);
#11664 = ORIENTED_EDGE('',*,*,#10963,.T.);
#11665 = ORIENTED_EDGE('',*,*,#11626,.T.);
#11666 = B_SPLINE_SURFACE_WITH_KNOTS('',3,1,(
    (#11667,#11668)
    ,(#11669,#11670)
    ,(#11671,#11672)
    ,(#11673,#11674)
    ,(#11675,#11676)
    ,(#11677,#11678
  )),.UNSPECIFIED.,.F.,.F.,.F.,(4,2,4),(2,2),(2.,3.,4.),(0.,1.),
  .UNSPECIFIED.);
#11667 = CARTESIAN_POINT('',(6.20005,-2.306213896983,4.880981817923));
#11668 = CARTESIAN_POINT('',(6.19995,-2.306213896983,4.880981817923));
#11669 = CARTESIAN_POINT('',(6.20005,-2.351762501129,4.880981817923));
#11670 = CARTESIAN_POINT('',(6.19995,-2.351762501129,4.880981817923));
#11671 = CARTESIAN_POINT('',(6.20005,-2.390804138187,4.844109128525));
#11672 = CARTESIAN_POINT('',(6.19995,-2.390804138187,4.844109128525));
#11673 = CARTESIAN_POINT('',(6.20005,-2.390804138187,4.748673942171));
#11674 = CARTESIAN_POINT('',(6.19995,-2.390804138187,4.748673942171));
#11675 = CARTESIAN_POINT('',(6.20005,-2.351762501129,4.711801252774));
#11676 = CARTESIAN_POINT('',(6.19995,-2.351762501129,4.711801252774));
#11677 = CARTESIAN_POINT('',(6.20005,-2.306213896983,4.711801252774));
#11678 = CARTESIAN_POINT('',(6.19995,-2.306213896983,4.711801252774));
#11679 = ADVANCED_FACE('',(#11680),#11684,.F.);
#11680 = FACE_BOUND('',#11681,.T.);
#11681 = EDGE_LOOP('',(#11682,#11683));
#11682 = ORIENTED_EDGE('',*,*,#11655,.T.);
#11683 = ORIENTED_EDGE('',*,*,#11612,.T.);
#11684 = B_SPLINE_SURFACE_WITH_KNOTS('',1,1,(
    (#11685,#11686)
    ,(#11687,#11688
    )),.UNSPECIFIED.,.F.,.F.,.F.,(2,2),(2,2),(-4.788198847226,
    -4.619018282077),(3.359195861813,3.528376344221),
  .PIECEWISE_BEZIER_KNOTS.);
#11685 = CARTESIAN_POINT('',(6.19995,-2.390804138187,4.711801252774));
#11686 = CARTESIAN_POINT('',(6.19995,-2.221623655779,4.711801252774));
#11687 = CARTESIAN_POINT('',(6.19995,-2.390804138187,4.880981817923));
#11688 = CARTESIAN_POINT('',(6.19995,-2.221623655779,4.880981817923));
#11689 = ( GEOMETRIC_REPRESENTATION_CONTEXT(3) 
GLOBAL_UNCERTAINTY_ASSIGNED_CONTEXT((#11693)) 
GLOBAL_UNIT_ASSIGNED_CONTEXT((#11690,#11691,#11692)) 
REPRESENTATION_CONTEXT('Context #1',
  '3D Context with UNIT and UNCERTAINTY') );
#11690 = ( LENGTH_UNIT() NAMED_UNIT(*) SI_UNIT(.MILLI.,.METRE.) );
#11691 = ( NAMED_UNIT(*) PLANE_ANGLE_UNIT() SI_UNIT($,.RADIAN.) );
#11692 = ( NAMED_UNIT(*) SI_UNIT($,.STERADIAN.) SOLID_ANGLE_UNIT() );
#11693 = UNCERTAINTY_MEASURE_WITH_UNIT(LENGTH_MEASURE(1.E-07),#11690,
  'distance_accuracy_value','confusion accuracy');
#11694 = PRODUCT_RELATED_PRODUCT_CATEGORY('part',$,(#7));
#11695 = MECHANICAL_DESIGN_GEOMETRIC_PRESENTATION_REPRESENTATION('',(
    #11696,#11706,#11713,#11720,#11727,#11734,#11741,#11748,#11755,
    #11762,#11769,#11776,#11783,#11790,#11797,#11804,#11811,#11818,
    #11825,#11832,#11839,#11846,#11853,#11860,#11867,#11874,#11881,
    #11888,#11895,#11902,#11909,#11916,#11923,#11930,#11937,#11944,
    #11951,#11958,#11965,#11972,#11979,#11986,#11993,#12000,#12007,
    #12014,#12021,#12028,#12035,#12042,#12049,#12056,#12063,#12070,
    #12077,#12084,#12091,#12098,#12105,#12112,#12119,#12126,#12133,
    #12141,#12148,#12155,#12162,#12169,#12176,#12183,#12190,#12197,
    #12204,#12211,#12218,#12225,#12232,#12239,#12246,#12253,#12260,
    #12267,#12274,#12281,#12288,#12295,#12302,#12309,#12316,#12323,
    #12330,#12337,#12344,#12351,#12358,#12365,#12372,#12379,#12386,
    #12393,#12400,#12407,#12414,#12421,#12428,#12435,#12442,#12449,
    #12456,#12463,#12470,#12477,#12484,#12491,#12498,#12505,#12512,
    #12519,#12526,#12533,#12540,#12547,#12554,#12561,#12568,#12575,
    #12582,#12589,#12596,#12603,#12610,#12617,#12624,#12631,#12638,
    #12645,#12652,#12659,#12666,#12673,#12680,#12687,#12694,#12701,
    #12708,#12715,#12722,#12729,#12736,#12743,#12750,#12757,#12764,
    #12771,#12778,#12785,#12792,#12799,#12806,#12813,#12820,#12827,
    #12834,#12841,#12848,#12855,#12863,#12870,#12877,#12884,#12891,
    #12898,#12905,#12912,#12919,#12926,#12933,#12940,#12947,#12954,
    #12961,#12968,#12975,#12982,#12989,#12996,#13003,#13010,#13017,
    #13024,#13031,#13038,#13045,#13052,#13059,#13066,#13073,#13080,
    #13087,#13094,#13101,#13108,#13115,#13122,#13129,#13136,#13143,
    #13150,#13157,#13164,#13171,#13178,#13185,#13192,#13199,#13206,
    #13213,#13220,#13227,#13234,#13241,#13248,#13255,#13262,#13269,
    #13276,#13283,#13290,#13297,#13304,#13311,#13318,#13325,#13332,
    #13339,#13346,#13353,#13360,#13367,#13374,#13381,#13388,#13395,
    #13402,#13409,#13416,#13423,#13430,#13437,#13444,#13451,#13458,
    #13465,#13472,#13479,#13486,#13493,#13500,#13507,#13514,#13521,
    #13528,#13535,#13542,#13549,#13556,#13563,#13570,#13577,#13584,
    #13591,#13598,#13605,#13612,#13619,#13626,#13633,#13640,#13647,
    #13654,#13661,#13668,#13675,#13682,#13689,#13696,#13703,#13710,
    #13717,#13724,#13731,#13738,#13745,#13752,#13759,#13766,#13773,
    #13780,#13787,#13794,#13801,#13808,#13815,#13822,#13829,#13836,
    #13843,#13850,#13857,#13864,#13871,#13878,#13885,#13892,#13899,
    #13906,#13913,#13920,#13927,#13934,#13941,#13948,#13955,#13962,
    #13969,#13976,#13983,#13990,#13997,#14004,#14011,#14018,#14025,
    #14032,#14039,#14046,#14053,#14060,#14067,#14074,#14081,#14088,
    #14095,#14102,#14109,#14116,#14123,#14130,#14137,#14144,#14151,
    #14158,#14165,#14172,#14179,#14186,#14193,#14200,#14207,#14214,
    #14221,#14228,#14235,#14242,#14249,#14256,#14263,#14270,#14277,
    #14284,#14291,#14298,#14305,#14312,#14319,#14326,#14333,#14340,
    #14347,#14354,#14361,#14368,#14375,#14382,#14389,#14396,#14403,
    #14410,#14417),#11689);
#11696 = STYLED_ITEM('color',(#11697),#15);
#11697 = PRESENTATION_STYLE_ASSIGNMENT((#11698,#11704));
#11698 = SURFACE_STYLE_USAGE(.BOTH.,#11699);
#11699 = SURFACE_SIDE_STYLE('',(#11700));
#11700 = SURFACE_STYLE_FILL_AREA(#11701);
#11701 = FILL_AREA_STYLE('',(#11702));
#11702 = FILL_AREA_STYLE_COLOUR('',#11703);
#11703 = DRAUGHTING_PRE_DEFINED_COLOUR('white');
#11704 = CURVE_STYLE('',#11705,POSITIVE_LENGTH_MEASURE(0.1),#11703);
#11705 = DRAUGHTING_PRE_DEFINED_CURVE_FONT('continuous');
#11706 = OVER_RIDING_STYLED_ITEM('overriding color',(#11707),#17,#11696
  );
#11707 = PRESENTATION_STYLE_ASSIGNMENT((#11708));
#11708 = SURFACE_STYLE_USAGE(.BOTH.,#11709);
#11709 = SURFACE_SIDE_STYLE('',(#11710));
#11710 = SURFACE_STYLE_FILL_AREA(#11711);
#11711 = FILL_AREA_STYLE('',(#11712));
#11712 = FILL_AREA_STYLE_COLOUR('',#11703);
#11713 = OVER_RIDING_STYLED_ITEM('overriding color',(#11714),#57,#11696
  );
#11714 = PRESENTATION_STYLE_ASSIGNMENT((#11715));
#11715 = SURFACE_STYLE_USAGE(.BOTH.,#11716);
#11716 = SURFACE_SIDE_STYLE('',(#11717));
#11717 = SURFACE_STYLE_FILL_AREA(#11718);
#11718 = FILL_AREA_STYLE('',(#11719));
#11719 = FILL_AREA_STYLE_COLOUR('',#11703);
#11720 = OVER_RIDING_STYLED_ITEM('overriding color',(#11721),#1512,
  #11696);
#11721 = PRESENTATION_STYLE_ASSIGNMENT((#11722));
#11722 = SURFACE_STYLE_USAGE(.BOTH.,#11723);
#11723 = SURFACE_SIDE_STYLE('',(#11724));
#11724 = SURFACE_STYLE_FILL_AREA(#11725);
#11725 = FILL_AREA_STYLE('',(#11726));
#11726 = FILL_AREA_STYLE_COLOUR('',#11703);
#11727 = OVER_RIDING_STYLED_ITEM('overriding color',(#11728),#1813,
  #11696);
#11728 = PRESENTATION_STYLE_ASSIGNMENT((#11729));
#11729 = SURFACE_STYLE_USAGE(.BOTH.,#11730);
#11730 = SURFACE_SIDE_STYLE('',(#11731));
#11731 = SURFACE_STYLE_FILL_AREA(#11732);
#11732 = FILL_AREA_STYLE('',(#11733));
#11733 = FILL_AREA_STYLE_COLOUR('',#11703);
#11734 = OVER_RIDING_STYLED_ITEM('overriding color',(#11735),#1961,
  #11696);
#11735 = PRESENTATION_STYLE_ASSIGNMENT((#11736));
#11736 = SURFACE_STYLE_USAGE(.BOTH.,#11737);
#11737 = SURFACE_SIDE_STYLE('',(#11738));
#11738 = SURFACE_STYLE_FILL_AREA(#11739);
#11739 = FILL_AREA_STYLE('',(#11740));
#11740 = FILL_AREA_STYLE_COLOUR('',#11703);
#11741 = OVER_RIDING_STYLED_ITEM('overriding color',(#11742),#1981,
  #11696);
#11742 = PRESENTATION_STYLE_ASSIGNMENT((#11743));
#11743 = SURFACE_STYLE_USAGE(.BOTH.,#11744);
#11744 = SURFACE_SIDE_STYLE('',(#11745));
#11745 = SURFACE_STYLE_FILL_AREA(#11746);
#11746 = FILL_AREA_STYLE('',(#11747));
#11747 = FILL_AREA_STYLE_COLOUR('',#11703);
#11748 = OVER_RIDING_STYLED_ITEM('overriding color',(#11749),#2001,
  #11696);
#11749 = PRESENTATION_STYLE_ASSIGNMENT((#11750));
#11750 = SURFACE_STYLE_USAGE(.BOTH.,#11751);
#11751 = SURFACE_SIDE_STYLE('',(#11752));
#11752 = SURFACE_STYLE_FILL_AREA(#11753);
#11753 = FILL_AREA_STYLE('',(#11754));
#11754 = FILL_AREA_STYLE_COLOUR('',#11703);
#11755 = OVER_RIDING_STYLED_ITEM('overriding color',(#11756),#2035,
  #11696);
#11756 = PRESENTATION_STYLE_ASSIGNMENT((#11757));
#11757 = SURFACE_STYLE_USAGE(.BOTH.,#11758);
#11758 = SURFACE_SIDE_STYLE('',(#11759));
#11759 = SURFACE_STYLE_FILL_AREA(#11760);
#11760 = FILL_AREA_STYLE('',(#11761));
#11761 = FILL_AREA_STYLE_COLOUR('',#11703);
#11762 = OVER_RIDING_STYLED_ITEM('overriding color',(#11763),#2055,
  #11696);
#11763 = PRESENTATION_STYLE_ASSIGNMENT((#11764));
#11764 = SURFACE_STYLE_USAGE(.BOTH.,#11765);
#11765 = SURFACE_SIDE_STYLE('',(#11766));
#11766 = SURFACE_STYLE_FILL_AREA(#11767);
#11767 = FILL_AREA_STYLE('',(#11768));
#11768 = FILL_AREA_STYLE_COLOUR('',#11703);
#11769 = OVER_RIDING_STYLED_ITEM('overriding color',(#11770),#2083,
  #11696);
#11770 = PRESENTATION_STYLE_ASSIGNMENT((#11771));
#11771 = SURFACE_STYLE_USAGE(.BOTH.,#11772);
#11772 = SURFACE_SIDE_STYLE('',(#11773));
#11773 = SURFACE_STYLE_FILL_AREA(#11774);
#11774 = FILL_AREA_STYLE('',(#11775));
#11775 = FILL_AREA_STYLE_COLOUR('',#11703);
#11776 = OVER_RIDING_STYLED_ITEM('overriding color',(#11777),#2105,
  #11696);
#11777 = PRESENTATION_STYLE_ASSIGNMENT((#11778));
#11778 = SURFACE_STYLE_USAGE(.BOTH.,#11779);
#11779 = SURFACE_SIDE_STYLE('',(#11780));
#11780 = SURFACE_STYLE_FILL_AREA(#11781);
#11781 = FILL_AREA_STYLE('',(#11782));
#11782 = FILL_AREA_STYLE_COLOUR('',#11703);
#11783 = OVER_RIDING_STYLED_ITEM('overriding color',(#11784),#2133,
  #11696);
#11784 = PRESENTATION_STYLE_ASSIGNMENT((#11785));
#11785 = SURFACE_STYLE_USAGE(.BOTH.,#11786);
#11786 = SURFACE_SIDE_STYLE('',(#11787));
#11787 = SURFACE_STYLE_FILL_AREA(#11788);
#11788 = FILL_AREA_STYLE('',(#11789));
#11789 = FILL_AREA_STYLE_COLOUR('',#11703);
#11790 = OVER_RIDING_STYLED_ITEM('overriding color',(#11791),#2155,
  #11696);
#11791 = PRESENTATION_STYLE_ASSIGNMENT((#11792));
#11792 = SURFACE_STYLE_USAGE(.BOTH.,#11793);
#11793 = SURFACE_SIDE_STYLE('',(#11794));
#11794 = SURFACE_STYLE_FILL_AREA(#11795);
#11795 = FILL_AREA_STYLE('',(#11796));
#11796 = FILL_AREA_STYLE_COLOUR('',#11703);
#11797 = OVER_RIDING_STYLED_ITEM('overriding color',(#11798),#2183,
  #11696);
#11798 = PRESENTATION_STYLE_ASSIGNMENT((#11799));
#11799 = SURFACE_STYLE_USAGE(.BOTH.,#11800);
#11800 = SURFACE_SIDE_STYLE('',(#11801));
#11801 = SURFACE_STYLE_FILL_AREA(#11802);
#11802 = FILL_AREA_STYLE('',(#11803));
#11803 = FILL_AREA_STYLE_COLOUR('',#11703);
#11804 = OVER_RIDING_STYLED_ITEM('overriding color',(#11805),#2205,
  #11696);
#11805 = PRESENTATION_STYLE_ASSIGNMENT((#11806));
#11806 = SURFACE_STYLE_USAGE(.BOTH.,#11807);
#11807 = SURFACE_SIDE_STYLE('',(#11808));
#11808 = SURFACE_STYLE_FILL_AREA(#11809);
#11809 = FILL_AREA_STYLE('',(#11810));
#11810 = FILL_AREA_STYLE_COLOUR('',#11703);
#11811 = OVER_RIDING_STYLED_ITEM('overriding color',(#11812),#2241,
  #11696);
#11812 = PRESENTATION_STYLE_ASSIGNMENT((#11813));
#11813 = SURFACE_STYLE_USAGE(.BOTH.,#11814);
#11814 = SURFACE_SIDE_STYLE('',(#11815));
#11815 = SURFACE_STYLE_FILL_AREA(#11816);
#11816 = FILL_AREA_STYLE('',(#11817));
#11817 = FILL_AREA_STYLE_COLOUR('',#11703);
#11818 = OVER_RIDING_STYLED_ITEM('overriding color',(#11819),#2299,
  #11696);
#11819 = PRESENTATION_STYLE_ASSIGNMENT((#11820));
#11820 = SURFACE_STYLE_USAGE(.BOTH.,#11821);
#11821 = SURFACE_SIDE_STYLE('',(#11822));
#11822 = SURFACE_STYLE_FILL_AREA(#11823);
#11823 = FILL_AREA_STYLE('',(#11824));
#11824 = FILL_AREA_STYLE_COLOUR('',#11703);
#11825 = OVER_RIDING_STYLED_ITEM('overriding color',(#11826),#2361,
  #11696);
#11826 = PRESENTATION_STYLE_ASSIGNMENT((#11827));
#11827 = SURFACE_STYLE_USAGE(.BOTH.,#11828);
#11828 = SURFACE_SIDE_STYLE('',(#11829));
#11829 = SURFACE_STYLE_FILL_AREA(#11830);
#11830 = FILL_AREA_STYLE('',(#11831));
#11831 = FILL_AREA_STYLE_COLOUR('',#11703);
#11832 = OVER_RIDING_STYLED_ITEM('overriding color',(#11833),#2377,
  #11696);
#11833 = PRESENTATION_STYLE_ASSIGNMENT((#11834));
#11834 = SURFACE_STYLE_USAGE(.BOTH.,#11835);
#11835 = SURFACE_SIDE_STYLE('',(#11836));
#11836 = SURFACE_STYLE_FILL_AREA(#11837);
#11837 = FILL_AREA_STYLE('',(#11838));
#11838 = FILL_AREA_STYLE_COLOUR('',#11703);
#11839 = OVER_RIDING_STYLED_ITEM('overriding color',(#11840),#2395,
  #11696);
#11840 = PRESENTATION_STYLE_ASSIGNMENT((#11841));
#11841 = SURFACE_STYLE_USAGE(.BOTH.,#11842);
#11842 = SURFACE_SIDE_STYLE('',(#11843));
#11843 = SURFACE_STYLE_FILL_AREA(#11844);
#11844 = FILL_AREA_STYLE('',(#11845));
#11845 = FILL_AREA_STYLE_COLOUR('',#11703);
#11846 = OVER_RIDING_STYLED_ITEM('overriding color',(#11847),#2413,
  #11696);
#11847 = PRESENTATION_STYLE_ASSIGNMENT((#11848));
#11848 = SURFACE_STYLE_USAGE(.BOTH.,#11849);
#11849 = SURFACE_SIDE_STYLE('',(#11850));
#11850 = SURFACE_STYLE_FILL_AREA(#11851);
#11851 = FILL_AREA_STYLE('',(#11852));
#11852 = FILL_AREA_STYLE_COLOUR('',#11703);
#11853 = OVER_RIDING_STYLED_ITEM('overriding color',(#11854),#2471,
  #11696);
#11854 = PRESENTATION_STYLE_ASSIGNMENT((#11855));
#11855 = SURFACE_STYLE_USAGE(.BOTH.,#11856);
#11856 = SURFACE_SIDE_STYLE('',(#11857));
#11857 = SURFACE_STYLE_FILL_AREA(#11858);
#11858 = FILL_AREA_STYLE('',(#11859));
#11859 = FILL_AREA_STYLE_COLOUR('',#11703);
#11860 = OVER_RIDING_STYLED_ITEM('overriding color',(#11861),#2499,
  #11696);
#11861 = PRESENTATION_STYLE_ASSIGNMENT((#11862));
#11862 = SURFACE_STYLE_USAGE(.BOTH.,#11863);
#11863 = SURFACE_SIDE_STYLE('',(#11864));
#11864 = SURFACE_STYLE_FILL_AREA(#11865);
#11865 = FILL_AREA_STYLE('',(#11866));
#11866 = FILL_AREA_STYLE_COLOUR('',#11703);
#11867 = OVER_RIDING_STYLED_ITEM('overriding color',(#11868),#2549,
  #11696);
#11868 = PRESENTATION_STYLE_ASSIGNMENT((#11869));
#11869 = SURFACE_STYLE_USAGE(.BOTH.,#11870);
#11870 = SURFACE_SIDE_STYLE('',(#11871));
#11871 = SURFACE_STYLE_FILL_AREA(#11872);
#11872 = FILL_AREA_STYLE('',(#11873));
#11873 = FILL_AREA_STYLE_COLOUR('',#11703);
#11874 = OVER_RIDING_STYLED_ITEM('overriding color',(#11875),#2722,
  #11696);
#11875 = PRESENTATION_STYLE_ASSIGNMENT((#11876));
#11876 = SURFACE_STYLE_USAGE(.BOTH.,#11877);
#11877 = SURFACE_SIDE_STYLE('',(#11878));
#11878 = SURFACE_STYLE_FILL_AREA(#11879);
#11879 = FILL_AREA_STYLE('',(#11880));
#11880 = FILL_AREA_STYLE_COLOUR('',#11703);
#11881 = OVER_RIDING_STYLED_ITEM('overriding color',(#11882),#2854,
  #11696);
#11882 = PRESENTATION_STYLE_ASSIGNMENT((#11883));
#11883 = SURFACE_STYLE_USAGE(.BOTH.,#11884);
#11884 = SURFACE_SIDE_STYLE('',(#11885));
#11885 = SURFACE_STYLE_FILL_AREA(#11886);
#11886 = FILL_AREA_STYLE('',(#11887));
#11887 = FILL_AREA_STYLE_COLOUR('',#11703);
#11888 = OVER_RIDING_STYLED_ITEM('overriding color',(#11889),#2875,
  #11696);
#11889 = PRESENTATION_STYLE_ASSIGNMENT((#11890));
#11890 = SURFACE_STYLE_USAGE(.BOTH.,#11891);
#11891 = SURFACE_SIDE_STYLE('',(#11892));
#11892 = SURFACE_STYLE_FILL_AREA(#11893);
#11893 = FILL_AREA_STYLE('',(#11894));
#11894 = FILL_AREA_STYLE_COLOUR('',#11703);
#11895 = OVER_RIDING_STYLED_ITEM('overriding color',(#11896),#2891,
  #11696);
#11896 = PRESENTATION_STYLE_ASSIGNMENT((#11897));
#11897 = SURFACE_STYLE_USAGE(.BOTH.,#11898);
#11898 = SURFACE_SIDE_STYLE('',(#11899));
#11899 = SURFACE_STYLE_FILL_AREA(#11900);
#11900 = FILL_AREA_STYLE('',(#11901));
#11901 = FILL_AREA_STYLE_COLOUR('',#11703);
#11902 = OVER_RIDING_STYLED_ITEM('overriding color',(#11903),#2905,
  #11696);
#11903 = PRESENTATION_STYLE_ASSIGNMENT((#11904));
#11904 = SURFACE_STYLE_USAGE(.BOTH.,#11905);
#11905 = SURFACE_SIDE_STYLE('',(#11906));
#11906 = SURFACE_STYLE_FILL_AREA(#11907);
#11907 = FILL_AREA_STYLE('',(#11908));
#11908 = FILL_AREA_STYLE_COLOUR('',#11703);
#11909 = OVER_RIDING_STYLED_ITEM('overriding color',(#11910),#2925,
  #11696);
#11910 = PRESENTATION_STYLE_ASSIGNMENT((#11911));
#11911 = SURFACE_STYLE_USAGE(.BOTH.,#11912);
#11912 = SURFACE_SIDE_STYLE('',(#11913));
#11913 = SURFACE_STYLE_FILL_AREA(#11914);
#11914 = FILL_AREA_STYLE('',(#11915));
#11915 = FILL_AREA_STYLE_COLOUR('',#11703);
#11916 = OVER_RIDING_STYLED_ITEM('overriding color',(#11917),#2942,
  #11696);
#11917 = PRESENTATION_STYLE_ASSIGNMENT((#11918));
#11918 = SURFACE_STYLE_USAGE(.BOTH.,#11919);
#11919 = SURFACE_SIDE_STYLE('',(#11920));
#11920 = SURFACE_STYLE_FILL_AREA(#11921);
#11921 = FILL_AREA_STYLE('',(#11922));
#11922 = FILL_AREA_STYLE_COLOUR('',#11703);
#11923 = OVER_RIDING_STYLED_ITEM('overriding color',(#11924),#2956,
  #11696);
#11924 = PRESENTATION_STYLE_ASSIGNMENT((#11925));
#11925 = SURFACE_STYLE_USAGE(.BOTH.,#11926);
#11926 = SURFACE_SIDE_STYLE('',(#11927));
#11927 = SURFACE_STYLE_FILL_AREA(#11928);
#11928 = FILL_AREA_STYLE('',(#11929));
#11929 = FILL_AREA_STYLE_COLOUR('',#11703);
#11930 = OVER_RIDING_STYLED_ITEM('overriding color',(#11931),#2968,
  #11696);
#11931 = PRESENTATION_STYLE_ASSIGNMENT((#11932));
#11932 = SURFACE_STYLE_USAGE(.BOTH.,#11933);
#11933 = SURFACE_SIDE_STYLE('',(#11934));
#11934 = SURFACE_STYLE_FILL_AREA(#11935);
#11935 = FILL_AREA_STYLE('',(#11936));
#11936 = FILL_AREA_STYLE_COLOUR('',#11703);
#11937 = OVER_RIDING_STYLED_ITEM('overriding color',(#11938),#2986,
  #11696);
#11938 = PRESENTATION_STYLE_ASSIGNMENT((#11939));
#11939 = SURFACE_STYLE_USAGE(.BOTH.,#11940);
#11940 = SURFACE_SIDE_STYLE('',(#11941));
#11941 = SURFACE_STYLE_FILL_AREA(#11942);
#11942 = FILL_AREA_STYLE('',(#11943));
#11943 = FILL_AREA_STYLE_COLOUR('',#11703);
#11944 = OVER_RIDING_STYLED_ITEM('overriding color',(#11945),#3002,
  #11696);
#11945 = PRESENTATION_STYLE_ASSIGNMENT((#11946));
#11946 = SURFACE_STYLE_USAGE(.BOTH.,#11947);
#11947 = SURFACE_SIDE_STYLE('',(#11948));
#11948 = SURFACE_STYLE_FILL_AREA(#11949);
#11949 = FILL_AREA_STYLE('',(#11950));
#11950 = FILL_AREA_STYLE_COLOUR('',#11703);
#11951 = OVER_RIDING_STYLED_ITEM('overriding color',(#11952),#3018,
  #11696);
#11952 = PRESENTATION_STYLE_ASSIGNMENT((#11953));
#11953 = SURFACE_STYLE_USAGE(.BOTH.,#11954);
#11954 = SURFACE_SIDE_STYLE('',(#11955));
#11955 = SURFACE_STYLE_FILL_AREA(#11956);
#11956 = FILL_AREA_STYLE('',(#11957));
#11957 = FILL_AREA_STYLE_COLOUR('',#11703);
#11958 = OVER_RIDING_STYLED_ITEM('overriding color',(#11959),#3030,
  #11696);
#11959 = PRESENTATION_STYLE_ASSIGNMENT((#11960));
#11960 = SURFACE_STYLE_USAGE(.BOTH.,#11961);
#11961 = SURFACE_SIDE_STYLE('',(#11962));
#11962 = SURFACE_STYLE_FILL_AREA(#11963);
#11963 = FILL_AREA_STYLE('',(#11964));
#11964 = FILL_AREA_STYLE_COLOUR('',#11703);
#11965 = OVER_RIDING_STYLED_ITEM('overriding color',(#11966),#3052,
  #11696);
#11966 = PRESENTATION_STYLE_ASSIGNMENT((#11967));
#11967 = SURFACE_STYLE_USAGE(.BOTH.,#11968);
#11968 = SURFACE_SIDE_STYLE('',(#11969));
#11969 = SURFACE_STYLE_FILL_AREA(#11970);
#11970 = FILL_AREA_STYLE('',(#11971));
#11971 = FILL_AREA_STYLE_COLOUR('',#11703);
#11972 = OVER_RIDING_STYLED_ITEM('overriding color',(#11973),#3064,
  #11696);
#11973 = PRESENTATION_STYLE_ASSIGNMENT((#11974));
#11974 = SURFACE_STYLE_USAGE(.BOTH.,#11975);
#11975 = SURFACE_SIDE_STYLE('',(#11976));
#11976 = SURFACE_STYLE_FILL_AREA(#11977);
#11977 = FILL_AREA_STYLE('',(#11978));
#11978 = FILL_AREA_STYLE_COLOUR('',#11703);
#11979 = OVER_RIDING_STYLED_ITEM('overriding color',(#11980),#3082,
  #11696);
#11980 = PRESENTATION_STYLE_ASSIGNMENT((#11981));
#11981 = SURFACE_STYLE_USAGE(.BOTH.,#11982);
#11982 = SURFACE_SIDE_STYLE('',(#11983));
#11983 = SURFACE_STYLE_FILL_AREA(#11984);
#11984 = FILL_AREA_STYLE('',(#11985));
#11985 = FILL_AREA_STYLE_COLOUR('',#11703);
#11986 = OVER_RIDING_STYLED_ITEM('overriding color',(#11987),#3098,
  #11696);
#11987 = PRESENTATION_STYLE_ASSIGNMENT((#11988));
#11988 = SURFACE_STYLE_USAGE(.BOTH.,#11989);
#11989 = SURFACE_SIDE_STYLE('',(#11990));
#11990 = SURFACE_STYLE_FILL_AREA(#11991);
#11991 = FILL_AREA_STYLE('',(#11992));
#11992 = FILL_AREA_STYLE_COLOUR('',#11703);
#11993 = OVER_RIDING_STYLED_ITEM('overriding color',(#11994),#3116,
  #11696);
#11994 = PRESENTATION_STYLE_ASSIGNMENT((#11995));
#11995 = SURFACE_STYLE_USAGE(.BOTH.,#11996);
#11996 = SURFACE_SIDE_STYLE('',(#11997));
#11997 = SURFACE_STYLE_FILL_AREA(#11998);
#11998 = FILL_AREA_STYLE('',(#11999));
#11999 = FILL_AREA_STYLE_COLOUR('',#11703);
#12000 = OVER_RIDING_STYLED_ITEM('overriding color',(#12001),#3132,
  #11696);
#12001 = PRESENTATION_STYLE_ASSIGNMENT((#12002));
#12002 = SURFACE_STYLE_USAGE(.BOTH.,#12003);
#12003 = SURFACE_SIDE_STYLE('',(#12004));
#12004 = SURFACE_STYLE_FILL_AREA(#12005);
#12005 = FILL_AREA_STYLE('',(#12006));
#12006 = FILL_AREA_STYLE_COLOUR('',#11703);
#12007 = OVER_RIDING_STYLED_ITEM('overriding color',(#12008),#3150,
  #11696);
#12008 = PRESENTATION_STYLE_ASSIGNMENT((#12009));
#12009 = SURFACE_STYLE_USAGE(.BOTH.,#12010);
#12010 = SURFACE_SIDE_STYLE('',(#12011));
#12011 = SURFACE_STYLE_FILL_AREA(#12012);
#12012 = FILL_AREA_STYLE('',(#12013));
#12013 = FILL_AREA_STYLE_COLOUR('',#11703);
#12014 = OVER_RIDING_STYLED_ITEM('overriding color',(#12015),#3166,
  #11696);
#12015 = PRESENTATION_STYLE_ASSIGNMENT((#12016));
#12016 = SURFACE_STYLE_USAGE(.BOTH.,#12017);
#12017 = SURFACE_SIDE_STYLE('',(#12018));
#12018 = SURFACE_STYLE_FILL_AREA(#12019);
#12019 = FILL_AREA_STYLE('',(#12020));
#12020 = FILL_AREA_STYLE_COLOUR('',#11703);
#12021 = OVER_RIDING_STYLED_ITEM('overriding color',(#12022),#3178,
  #11696);
#12022 = PRESENTATION_STYLE_ASSIGNMENT((#12023));
#12023 = SURFACE_STYLE_USAGE(.BOTH.,#12024);
#12024 = SURFACE_SIDE_STYLE('',(#12025));
#12025 = SURFACE_STYLE_FILL_AREA(#12026);
#12026 = FILL_AREA_STYLE('',(#12027));
#12027 = FILL_AREA_STYLE_COLOUR('',#11703);
#12028 = OVER_RIDING_STYLED_ITEM('overriding color',(#12029),#3190,
  #11696);
#12029 = PRESENTATION_STYLE_ASSIGNMENT((#12030));
#12030 = SURFACE_STYLE_USAGE(.BOTH.,#12031);
#12031 = SURFACE_SIDE_STYLE('',(#12032));
#12032 = SURFACE_STYLE_FILL_AREA(#12033);
#12033 = FILL_AREA_STYLE('',(#12034));
#12034 = FILL_AREA_STYLE_COLOUR('',#11703);
#12035 = OVER_RIDING_STYLED_ITEM('overriding color',(#12036),#3206,
  #11696);
#12036 = PRESENTATION_STYLE_ASSIGNMENT((#12037));
#12037 = SURFACE_STYLE_USAGE(.BOTH.,#12038);
#12038 = SURFACE_SIDE_STYLE('',(#12039));
#12039 = SURFACE_STYLE_FILL_AREA(#12040);
#12040 = FILL_AREA_STYLE('',(#12041));
#12041 = FILL_AREA_STYLE_COLOUR('',#11703);
#12042 = OVER_RIDING_STYLED_ITEM('overriding color',(#12043),#3222,
  #11696);
#12043 = PRESENTATION_STYLE_ASSIGNMENT((#12044));
#12044 = SURFACE_STYLE_USAGE(.BOTH.,#12045);
#12045 = SURFACE_SIDE_STYLE('',(#12046));
#12046 = SURFACE_STYLE_FILL_AREA(#12047);
#12047 = FILL_AREA_STYLE('',(#12048));
#12048 = FILL_AREA_STYLE_COLOUR('',#11703);
#12049 = OVER_RIDING_STYLED_ITEM('overriding color',(#12050),#3240,
  #11696);
#12050 = PRESENTATION_STYLE_ASSIGNMENT((#12051));
#12051 = SURFACE_STYLE_USAGE(.BOTH.,#12052);
#12052 = SURFACE_SIDE_STYLE('',(#12053));
#12053 = SURFACE_STYLE_FILL_AREA(#12054);
#12054 = FILL_AREA_STYLE('',(#12055));
#12055 = FILL_AREA_STYLE_COLOUR('',#11703);
#12056 = OVER_RIDING_STYLED_ITEM('overriding color',(#12057),#3256,
  #11696);
#12057 = PRESENTATION_STYLE_ASSIGNMENT((#12058));
#12058 = SURFACE_STYLE_USAGE(.BOTH.,#12059);
#12059 = SURFACE_SIDE_STYLE('',(#12060));
#12060 = SURFACE_STYLE_FILL_AREA(#12061);
#12061 = FILL_AREA_STYLE('',(#12062));
#12062 = FILL_AREA_STYLE_COLOUR('',#11703);
#12063 = OVER_RIDING_STYLED_ITEM('overriding color',(#12064),#3274,
  #11696);
#12064 = PRESENTATION_STYLE_ASSIGNMENT((#12065));
#12065 = SURFACE_STYLE_USAGE(.BOTH.,#12066);
#12066 = SURFACE_SIDE_STYLE('',(#12067));
#12067 = SURFACE_STYLE_FILL_AREA(#12068);
#12068 = FILL_AREA_STYLE('',(#12069));
#12069 = FILL_AREA_STYLE_COLOUR('',#11703);
#12070 = OVER_RIDING_STYLED_ITEM('overriding color',(#12071),#3290,
  #11696);
#12071 = PRESENTATION_STYLE_ASSIGNMENT((#12072));
#12072 = SURFACE_STYLE_USAGE(.BOTH.,#12073);
#12073 = SURFACE_SIDE_STYLE('',(#12074));
#12074 = SURFACE_STYLE_FILL_AREA(#12075);
#12075 = FILL_AREA_STYLE('',(#12076));
#12076 = FILL_AREA_STYLE_COLOUR('',#11703);
#12077 = OVER_RIDING_STYLED_ITEM('overriding color',(#12078),#3308,
  #11696);
#12078 = PRESENTATION_STYLE_ASSIGNMENT((#12079));
#12079 = SURFACE_STYLE_USAGE(.BOTH.,#12080);
#12080 = SURFACE_SIDE_STYLE('',(#12081));
#12081 = SURFACE_STYLE_FILL_AREA(#12082);
#12082 = FILL_AREA_STYLE('',(#12083));
#12083 = FILL_AREA_STYLE_COLOUR('',#11703);
#12084 = OVER_RIDING_STYLED_ITEM('overriding color',(#12085),#3324,
  #11696);
#12085 = PRESENTATION_STYLE_ASSIGNMENT((#12086));
#12086 = SURFACE_STYLE_USAGE(.BOTH.,#12087);
#12087 = SURFACE_SIDE_STYLE('',(#12088));
#12088 = SURFACE_STYLE_FILL_AREA(#12089);
#12089 = FILL_AREA_STYLE('',(#12090));
#12090 = FILL_AREA_STYLE_COLOUR('',#11703);
#12091 = OVER_RIDING_STYLED_ITEM('overriding color',(#12092),#3342,
  #11696);
#12092 = PRESENTATION_STYLE_ASSIGNMENT((#12093));
#12093 = SURFACE_STYLE_USAGE(.BOTH.,#12094);
#12094 = SURFACE_SIDE_STYLE('',(#12095));
#12095 = SURFACE_STYLE_FILL_AREA(#12096);
#12096 = FILL_AREA_STYLE('',(#12097));
#12097 = FILL_AREA_STYLE_COLOUR('',#11703);
#12098 = OVER_RIDING_STYLED_ITEM('overriding color',(#12099),#3354,
  #11696);
#12099 = PRESENTATION_STYLE_ASSIGNMENT((#12100));
#12100 = SURFACE_STYLE_USAGE(.BOTH.,#12101);
#12101 = SURFACE_SIDE_STYLE('',(#12102));
#12102 = SURFACE_STYLE_FILL_AREA(#12103);
#12103 = FILL_AREA_STYLE('',(#12104));
#12104 = FILL_AREA_STYLE_COLOUR('',#11703);
#12105 = OVER_RIDING_STYLED_ITEM('overriding color',(#12106),#3382,
  #11696);
#12106 = PRESENTATION_STYLE_ASSIGNMENT((#12107));
#12107 = SURFACE_STYLE_USAGE(.BOTH.,#12108);
#12108 = SURFACE_SIDE_STYLE('',(#12109));
#12109 = SURFACE_STYLE_FILL_AREA(#12110);
#12110 = FILL_AREA_STYLE('',(#12111));
#12111 = FILL_AREA_STYLE_COLOUR('',#11703);
#12112 = OVER_RIDING_STYLED_ITEM('overriding color',(#12113),#3406,
  #11696);
#12113 = PRESENTATION_STYLE_ASSIGNMENT((#12114));
#12114 = SURFACE_STYLE_USAGE(.BOTH.,#12115);
#12115 = SURFACE_SIDE_STYLE('',(#12116));
#12116 = SURFACE_STYLE_FILL_AREA(#12117);
#12117 = FILL_AREA_STYLE('',(#12118));
#12118 = FILL_AREA_STYLE_COLOUR('',#11703);
#12119 = OVER_RIDING_STYLED_ITEM('overriding color',(#12120),#3430,
  #11696);
#12120 = PRESENTATION_STYLE_ASSIGNMENT((#12121));
#12121 = SURFACE_STYLE_USAGE(.BOTH.,#12122);
#12122 = SURFACE_SIDE_STYLE('',(#12123));
#12123 = SURFACE_STYLE_FILL_AREA(#12124);
#12124 = FILL_AREA_STYLE('',(#12125));
#12125 = FILL_AREA_STYLE_COLOUR('',#11703);
#12126 = OVER_RIDING_STYLED_ITEM('overriding color',(#12127),#3476,
  #11696);
#12127 = PRESENTATION_STYLE_ASSIGNMENT((#12128));
#12128 = SURFACE_STYLE_USAGE(.BOTH.,#12129);
#12129 = SURFACE_SIDE_STYLE('',(#12130));
#12130 = SURFACE_STYLE_FILL_AREA(#12131);
#12131 = FILL_AREA_STYLE('',(#12132));
#12132 = FILL_AREA_STYLE_COLOUR('',#11703);
#12133 = OVER_RIDING_STYLED_ITEM('overriding color',(#12134),#3488,
  #11696);
#12134 = PRESENTATION_STYLE_ASSIGNMENT((#12135));
#12135 = SURFACE_STYLE_USAGE(.BOTH.,#12136);
#12136 = SURFACE_SIDE_STYLE('',(#12137));
#12137 = SURFACE_STYLE_FILL_AREA(#12138);
#12138 = FILL_AREA_STYLE('',(#12139));
#12139 = FILL_AREA_STYLE_COLOUR('',#12140);
#12140 = COLOUR_RGB('',0.647058827698,0.619607835287,0.588235291739);
#12141 = OVER_RIDING_STYLED_ITEM('overriding color',(#12142),#3528,
  #11696);
#12142 = PRESENTATION_STYLE_ASSIGNMENT((#12143));
#12143 = SURFACE_STYLE_USAGE(.BOTH.,#12144);
#12144 = SURFACE_SIDE_STYLE('',(#12145));
#12145 = SURFACE_STYLE_FILL_AREA(#12146);
#12146 = FILL_AREA_STYLE('',(#12147));
#12147 = FILL_AREA_STYLE_COLOUR('',#12140);
#12148 = OVER_RIDING_STYLED_ITEM('overriding color',(#12149),#3556,
  #11696);
#12149 = PRESENTATION_STYLE_ASSIGNMENT((#12150));
#12150 = SURFACE_STYLE_USAGE(.BOTH.,#12151);
#12151 = SURFACE_SIDE_STYLE('',(#12152));
#12152 = SURFACE_STYLE_FILL_AREA(#12153);
#12153 = FILL_AREA_STYLE('',(#12154));
#12154 = FILL_AREA_STYLE_COLOUR('',#12140);
#12155 = OVER_RIDING_STYLED_ITEM('overriding color',(#12156),#3592,
  #11696);
#12156 = PRESENTATION_STYLE_ASSIGNMENT((#12157));
#12157 = SURFACE_STYLE_USAGE(.BOTH.,#12158);
#12158 = SURFACE_SIDE_STYLE('',(#12159));
#12159 = SURFACE_STYLE_FILL_AREA(#12160);
#12160 = FILL_AREA_STYLE('',(#12161));
#12161 = FILL_AREA_STYLE_COLOUR('',#12140);
#12162 = OVER_RIDING_STYLED_ITEM('overriding color',(#12163),#3628,
  #11696);
#12163 = PRESENTATION_STYLE_ASSIGNMENT((#12164));
#12164 = SURFACE_STYLE_USAGE(.BOTH.,#12165);
#12165 = SURFACE_SIDE_STYLE('',(#12166));
#12166 = SURFACE_STYLE_FILL_AREA(#12167);
#12167 = FILL_AREA_STYLE('',(#12168));
#12168 = FILL_AREA_STYLE_COLOUR('',#12140);
#12169 = OVER_RIDING_STYLED_ITEM('overriding color',(#12170),#3660,
  #11696);
#12170 = PRESENTATION_STYLE_ASSIGNMENT((#12171));
#12171 = SURFACE_STYLE_USAGE(.BOTH.,#12172);
#12172 = SURFACE_SIDE_STYLE('',(#12173));
#12173 = SURFACE_STYLE_FILL_AREA(#12174);
#12174 = FILL_AREA_STYLE('',(#12175));
#12175 = FILL_AREA_STYLE_COLOUR('',#12140);
#12176 = OVER_RIDING_STYLED_ITEM('overriding color',(#12177),#3688,
  #11696);
#12177 = PRESENTATION_STYLE_ASSIGNMENT((#12178));
#12178 = SURFACE_STYLE_USAGE(.BOTH.,#12179);
#12179 = SURFACE_SIDE_STYLE('',(#12180));
#12180 = SURFACE_STYLE_FILL_AREA(#12181);
#12181 = FILL_AREA_STYLE('',(#12182));
#12182 = FILL_AREA_STYLE_COLOUR('',#12140);
#12183 = OVER_RIDING_STYLED_ITEM('overriding color',(#12184),#3716,
  #11696);
#12184 = PRESENTATION_STYLE_ASSIGNMENT((#12185));
#12185 = SURFACE_STYLE_USAGE(.BOTH.,#12186);
#12186 = SURFACE_SIDE_STYLE('',(#12187));
#12187 = SURFACE_STYLE_FILL_AREA(#12188);
#12188 = FILL_AREA_STYLE('',(#12189));
#12189 = FILL_AREA_STYLE_COLOUR('',#12140);
#12190 = OVER_RIDING_STYLED_ITEM('overriding color',(#12191),#3728,
  #11696);
#12191 = PRESENTATION_STYLE_ASSIGNMENT((#12192));
#12192 = SURFACE_STYLE_USAGE(.BOTH.,#12193);
#12193 = SURFACE_SIDE_STYLE('',(#12194));
#12194 = SURFACE_STYLE_FILL_AREA(#12195);
#12195 = FILL_AREA_STYLE('',(#12196));
#12196 = FILL_AREA_STYLE_COLOUR('',#12140);
#12197 = OVER_RIDING_STYLED_ITEM('overriding color',(#12198),#3740,
  #11696);
#12198 = PRESENTATION_STYLE_ASSIGNMENT((#12199));
#12199 = SURFACE_STYLE_USAGE(.BOTH.,#12200);
#12200 = SURFACE_SIDE_STYLE('',(#12201));
#12201 = SURFACE_STYLE_FILL_AREA(#12202);
#12202 = FILL_AREA_STYLE('',(#12203));
#12203 = FILL_AREA_STYLE_COLOUR('',#12140);
#12204 = OVER_RIDING_STYLED_ITEM('overriding color',(#12205),#3768,
  #11696);
#12205 = PRESENTATION_STYLE_ASSIGNMENT((#12206));
#12206 = SURFACE_STYLE_USAGE(.BOTH.,#12207);
#12207 = SURFACE_SIDE_STYLE('',(#12208));
#12208 = SURFACE_STYLE_FILL_AREA(#12209);
#12209 = FILL_AREA_STYLE('',(#12210));
#12210 = FILL_AREA_STYLE_COLOUR('',#12140);
#12211 = OVER_RIDING_STYLED_ITEM('overriding color',(#12212),#3796,
  #11696);
#12212 = PRESENTATION_STYLE_ASSIGNMENT((#12213));
#12213 = SURFACE_STYLE_USAGE(.BOTH.,#12214);
#12214 = SURFACE_SIDE_STYLE('',(#12215));
#12215 = SURFACE_STYLE_FILL_AREA(#12216);
#12216 = FILL_AREA_STYLE('',(#12217));
#12217 = FILL_AREA_STYLE_COLOUR('',#12140);
#12218 = OVER_RIDING_STYLED_ITEM('overriding color',(#12219),#3812,
  #11696);
#12219 = PRESENTATION_STYLE_ASSIGNMENT((#12220));
#12220 = SURFACE_STYLE_USAGE(.BOTH.,#12221);
#12221 = SURFACE_SIDE_STYLE('',(#12222));
#12222 = SURFACE_STYLE_FILL_AREA(#12223);
#12223 = FILL_AREA_STYLE('',(#12224));
#12224 = FILL_AREA_STYLE_COLOUR('',#12140);
#12225 = OVER_RIDING_STYLED_ITEM('overriding color',(#12226),#3828,
  #11696);
#12226 = PRESENTATION_STYLE_ASSIGNMENT((#12227));
#12227 = SURFACE_STYLE_USAGE(.BOTH.,#12228);
#12228 = SURFACE_SIDE_STYLE('',(#12229));
#12229 = SURFACE_STYLE_FILL_AREA(#12230);
#12230 = FILL_AREA_STYLE('',(#12231));
#12231 = FILL_AREA_STYLE_COLOUR('',#12140);
#12232 = OVER_RIDING_STYLED_ITEM('overriding color',(#12233),#3864,
  #11696);
#12233 = PRESENTATION_STYLE_ASSIGNMENT((#12234));
#12234 = SURFACE_STYLE_USAGE(.BOTH.,#12235);
#12235 = SURFACE_SIDE_STYLE('',(#12236));
#12236 = SURFACE_STYLE_FILL_AREA(#12237);
#12237 = FILL_AREA_STYLE('',(#12238));
#12238 = FILL_AREA_STYLE_COLOUR('',#12140);
#12239 = OVER_RIDING_STYLED_ITEM('overriding color',(#12240),#3884,
  #11696);
#12240 = PRESENTATION_STYLE_ASSIGNMENT((#12241));
#12241 = SURFACE_STYLE_USAGE(.BOTH.,#12242);
#12242 = SURFACE_SIDE_STYLE('',(#12243));
#12243 = SURFACE_STYLE_FILL_AREA(#12244);
#12244 = FILL_AREA_STYLE('',(#12245));
#12245 = FILL_AREA_STYLE_COLOUR('',#12140);
#12246 = OVER_RIDING_STYLED_ITEM('overriding color',(#12247),#3900,
  #11696);
#12247 = PRESENTATION_STYLE_ASSIGNMENT((#12248));
#12248 = SURFACE_STYLE_USAGE(.BOTH.,#12249);
#12249 = SURFACE_SIDE_STYLE('',(#12250));
#12250 = SURFACE_STYLE_FILL_AREA(#12251);
#12251 = FILL_AREA_STYLE('',(#12252));
#12252 = FILL_AREA_STYLE_COLOUR('',#12140);
#12253 = OVER_RIDING_STYLED_ITEM('overriding color',(#12254),#3916,
  #11696);
#12254 = PRESENTATION_STYLE_ASSIGNMENT((#12255));
#12255 = SURFACE_STYLE_USAGE(.BOTH.,#12256);
#12256 = SURFACE_SIDE_STYLE('',(#12257));
#12257 = SURFACE_STYLE_FILL_AREA(#12258);
#12258 = FILL_AREA_STYLE('',(#12259));
#12259 = FILL_AREA_STYLE_COLOUR('',#12140);
#12260 = OVER_RIDING_STYLED_ITEM('overriding color',(#12261),#3928,
  #11696);
#12261 = PRESENTATION_STYLE_ASSIGNMENT((#12262));
#12262 = SURFACE_STYLE_USAGE(.BOTH.,#12263);
#12263 = SURFACE_SIDE_STYLE('',(#12264));
#12264 = SURFACE_STYLE_FILL_AREA(#12265);
#12265 = FILL_AREA_STYLE('',(#12266));
#12266 = FILL_AREA_STYLE_COLOUR('',#12140);
#12267 = OVER_RIDING_STYLED_ITEM('overriding color',(#12268),#3948,
  #11696);
#12268 = PRESENTATION_STYLE_ASSIGNMENT((#12269));
#12269 = SURFACE_STYLE_USAGE(.BOTH.,#12270);
#12270 = SURFACE_SIDE_STYLE('',(#12271));
#12271 = SURFACE_STYLE_FILL_AREA(#12272);
#12272 = FILL_AREA_STYLE('',(#12273));
#12273 = FILL_AREA_STYLE_COLOUR('',#12140);
#12274 = OVER_RIDING_STYLED_ITEM('overriding color',(#12275),#3964,
  #11696);
#12275 = PRESENTATION_STYLE_ASSIGNMENT((#12276));
#12276 = SURFACE_STYLE_USAGE(.BOTH.,#12277);
#12277 = SURFACE_SIDE_STYLE('',(#12278));
#12278 = SURFACE_STYLE_FILL_AREA(#12279);
#12279 = FILL_AREA_STYLE('',(#12280));
#12280 = FILL_AREA_STYLE_COLOUR('',#12140);
#12281 = OVER_RIDING_STYLED_ITEM('overriding color',(#12282),#3980,
  #11696);
#12282 = PRESENTATION_STYLE_ASSIGNMENT((#12283));
#12283 = SURFACE_STYLE_USAGE(.BOTH.,#12284);
#12284 = SURFACE_SIDE_STYLE('',(#12285));
#12285 = SURFACE_STYLE_FILL_AREA(#12286);
#12286 = FILL_AREA_STYLE('',(#12287));
#12287 = FILL_AREA_STYLE_COLOUR('',#12140);
#12288 = OVER_RIDING_STYLED_ITEM('overriding color',(#12289),#3992,
  #11696);
#12289 = PRESENTATION_STYLE_ASSIGNMENT((#12290));
#12290 = SURFACE_STYLE_USAGE(.BOTH.,#12291);
#12291 = SURFACE_SIDE_STYLE('',(#12292));
#12292 = SURFACE_STYLE_FILL_AREA(#12293);
#12293 = FILL_AREA_STYLE('',(#12294));
#12294 = FILL_AREA_STYLE_COLOUR('',#11703);
#12295 = OVER_RIDING_STYLED_ITEM('overriding color',(#12296),#4020,
  #11696);
#12296 = PRESENTATION_STYLE_ASSIGNMENT((#12297));
#12297 = SURFACE_STYLE_USAGE(.BOTH.,#12298);
#12298 = SURFACE_SIDE_STYLE('',(#12299));
#12299 = SURFACE_STYLE_FILL_AREA(#12300);
#12300 = FILL_AREA_STYLE('',(#12301));
#12301 = FILL_AREA_STYLE_COLOUR('',#11703);
#12302 = OVER_RIDING_STYLED_ITEM('overriding color',(#12303),#4044,
  #11696);
#12303 = PRESENTATION_STYLE_ASSIGNMENT((#12304));
#12304 = SURFACE_STYLE_USAGE(.BOTH.,#12305);
#12305 = SURFACE_SIDE_STYLE('',(#12306));
#12306 = SURFACE_STYLE_FILL_AREA(#12307);
#12307 = FILL_AREA_STYLE('',(#12308));
#12308 = FILL_AREA_STYLE_COLOUR('',#11703);
#12309 = OVER_RIDING_STYLED_ITEM('overriding color',(#12310),#4068,
  #11696);
#12310 = PRESENTATION_STYLE_ASSIGNMENT((#12311));
#12311 = SURFACE_STYLE_USAGE(.BOTH.,#12312);
#12312 = SURFACE_SIDE_STYLE('',(#12313));
#12313 = SURFACE_STYLE_FILL_AREA(#12314);
#12314 = FILL_AREA_STYLE('',(#12315));
#12315 = FILL_AREA_STYLE_COLOUR('',#11703);
#12316 = OVER_RIDING_STYLED_ITEM('overriding color',(#12317),#4114,
  #11696);
#12317 = PRESENTATION_STYLE_ASSIGNMENT((#12318));
#12318 = SURFACE_STYLE_USAGE(.BOTH.,#12319);
#12319 = SURFACE_SIDE_STYLE('',(#12320));
#12320 = SURFACE_STYLE_FILL_AREA(#12321);
#12321 = FILL_AREA_STYLE('',(#12322));
#12322 = FILL_AREA_STYLE_COLOUR('',#11703);
#12323 = OVER_RIDING_STYLED_ITEM('overriding color',(#12324),#4126,
  #11696);
#12324 = PRESENTATION_STYLE_ASSIGNMENT((#12325));
#12325 = SURFACE_STYLE_USAGE(.BOTH.,#12326);
#12326 = SURFACE_SIDE_STYLE('',(#12327));
#12327 = SURFACE_STYLE_FILL_AREA(#12328);
#12328 = FILL_AREA_STYLE('',(#12329));
#12329 = FILL_AREA_STYLE_COLOUR('',#11703);
#12330 = OVER_RIDING_STYLED_ITEM('overriding color',(#12331),#4154,
  #11696);
#12331 = PRESENTATION_STYLE_ASSIGNMENT((#12332));
#12332 = SURFACE_STYLE_USAGE(.BOTH.,#12333);
#12333 = SURFACE_SIDE_STYLE('',(#12334));
#12334 = SURFACE_STYLE_FILL_AREA(#12335);
#12335 = FILL_AREA_STYLE('',(#12336));
#12336 = FILL_AREA_STYLE_COLOUR('',#11703);
#12337 = OVER_RIDING_STYLED_ITEM('overriding color',(#12338),#4178,
  #11696);
#12338 = PRESENTATION_STYLE_ASSIGNMENT((#12339));
#12339 = SURFACE_STYLE_USAGE(.BOTH.,#12340);
#12340 = SURFACE_SIDE_STYLE('',(#12341));
#12341 = SURFACE_STYLE_FILL_AREA(#12342);
#12342 = FILL_AREA_STYLE('',(#12343));
#12343 = FILL_AREA_STYLE_COLOUR('',#11703);
#12344 = OVER_RIDING_STYLED_ITEM('overriding color',(#12345),#4202,
  #11696);
#12345 = PRESENTATION_STYLE_ASSIGNMENT((#12346));
#12346 = SURFACE_STYLE_USAGE(.BOTH.,#12347);
#12347 = SURFACE_SIDE_STYLE('',(#12348));
#12348 = SURFACE_STYLE_FILL_AREA(#12349);
#12349 = FILL_AREA_STYLE('',(#12350));
#12350 = FILL_AREA_STYLE_COLOUR('',#11703);
#12351 = OVER_RIDING_STYLED_ITEM('overriding color',(#12352),#4248,
  #11696);
#12352 = PRESENTATION_STYLE_ASSIGNMENT((#12353));
#12353 = SURFACE_STYLE_USAGE(.BOTH.,#12354);
#12354 = SURFACE_SIDE_STYLE('',(#12355));
#12355 = SURFACE_STYLE_FILL_AREA(#12356);
#12356 = FILL_AREA_STYLE('',(#12357));
#12357 = FILL_AREA_STYLE_COLOUR('',#11703);
#12358 = OVER_RIDING_STYLED_ITEM('overriding color',(#12359),#4260,
  #11696);
#12359 = PRESENTATION_STYLE_ASSIGNMENT((#12360));
#12360 = SURFACE_STYLE_USAGE(.BOTH.,#12361);
#12361 = SURFACE_SIDE_STYLE('',(#12362));
#12362 = SURFACE_STYLE_FILL_AREA(#12363);
#12363 = FILL_AREA_STYLE('',(#12364));
#12364 = FILL_AREA_STYLE_COLOUR('',#11703);
#12365 = OVER_RIDING_STYLED_ITEM('overriding color',(#12366),#4288,
  #11696);
#12366 = PRESENTATION_STYLE_ASSIGNMENT((#12367));
#12367 = SURFACE_STYLE_USAGE(.BOTH.,#12368);
#12368 = SURFACE_SIDE_STYLE('',(#12369));
#12369 = SURFACE_STYLE_FILL_AREA(#12370);
#12370 = FILL_AREA_STYLE('',(#12371));
#12371 = FILL_AREA_STYLE_COLOUR('',#11703);
#12372 = OVER_RIDING_STYLED_ITEM('overriding color',(#12373),#4312,
  #11696);
#12373 = PRESENTATION_STYLE_ASSIGNMENT((#12374));
#12374 = SURFACE_STYLE_USAGE(.BOTH.,#12375);
#12375 = SURFACE_SIDE_STYLE('',(#12376));
#12376 = SURFACE_STYLE_FILL_AREA(#12377);
#12377 = FILL_AREA_STYLE('',(#12378));
#12378 = FILL_AREA_STYLE_COLOUR('',#11703);
#12379 = OVER_RIDING_STYLED_ITEM('overriding color',(#12380),#4336,
  #11696);
#12380 = PRESENTATION_STYLE_ASSIGNMENT((#12381));
#12381 = SURFACE_STYLE_USAGE(.BOTH.,#12382);
#12382 = SURFACE_SIDE_STYLE('',(#12383));
#12383 = SURFACE_STYLE_FILL_AREA(#12384);
#12384 = FILL_AREA_STYLE('',(#12385));
#12385 = FILL_AREA_STYLE_COLOUR('',#11703);
#12386 = OVER_RIDING_STYLED_ITEM('overriding color',(#12387),#4382,
  #11696);
#12387 = PRESENTATION_STYLE_ASSIGNMENT((#12388));
#12388 = SURFACE_STYLE_USAGE(.BOTH.,#12389);
#12389 = SURFACE_SIDE_STYLE('',(#12390));
#12390 = SURFACE_STYLE_FILL_AREA(#12391);
#12391 = FILL_AREA_STYLE('',(#12392));
#12392 = FILL_AREA_STYLE_COLOUR('',#11703);
#12393 = OVER_RIDING_STYLED_ITEM('overriding color',(#12394),#4394,
  #11696);
#12394 = PRESENTATION_STYLE_ASSIGNMENT((#12395));
#12395 = SURFACE_STYLE_USAGE(.BOTH.,#12396);
#12396 = SURFACE_SIDE_STYLE('',(#12397));
#12397 = SURFACE_STYLE_FILL_AREA(#12398);
#12398 = FILL_AREA_STYLE('',(#12399));
#12399 = FILL_AREA_STYLE_COLOUR('',#12140);
#12400 = OVER_RIDING_STYLED_ITEM('overriding color',(#12401),#4434,
  #11696);
#12401 = PRESENTATION_STYLE_ASSIGNMENT((#12402));
#12402 = SURFACE_STYLE_USAGE(.BOTH.,#12403);
#12403 = SURFACE_SIDE_STYLE('',(#12404));
#12404 = SURFACE_STYLE_FILL_AREA(#12405);
#12405 = FILL_AREA_STYLE('',(#12406));
#12406 = FILL_AREA_STYLE_COLOUR('',#12140);
#12407 = OVER_RIDING_STYLED_ITEM('overriding color',(#12408),#4462,
  #11696);
#12408 = PRESENTATION_STYLE_ASSIGNMENT((#12409));
#12409 = SURFACE_STYLE_USAGE(.BOTH.,#12410);
#12410 = SURFACE_SIDE_STYLE('',(#12411));
#12411 = SURFACE_STYLE_FILL_AREA(#12412);
#12412 = FILL_AREA_STYLE('',(#12413));
#12413 = FILL_AREA_STYLE_COLOUR('',#12140);
#12414 = OVER_RIDING_STYLED_ITEM('overriding color',(#12415),#4498,
  #11696);
#12415 = PRESENTATION_STYLE_ASSIGNMENT((#12416));
#12416 = SURFACE_STYLE_USAGE(.BOTH.,#12417);
#12417 = SURFACE_SIDE_STYLE('',(#12418));
#12418 = SURFACE_STYLE_FILL_AREA(#12419);
#12419 = FILL_AREA_STYLE('',(#12420));
#12420 = FILL_AREA_STYLE_COLOUR('',#12140);
#12421 = OVER_RIDING_STYLED_ITEM('overriding color',(#12422),#4534,
  #11696);
#12422 = PRESENTATION_STYLE_ASSIGNMENT((#12423));
#12423 = SURFACE_STYLE_USAGE(.BOTH.,#12424);
#12424 = SURFACE_SIDE_STYLE('',(#12425));
#12425 = SURFACE_STYLE_FILL_AREA(#12426);
#12426 = FILL_AREA_STYLE('',(#12427));
#12427 = FILL_AREA_STYLE_COLOUR('',#12140);
#12428 = OVER_RIDING_STYLED_ITEM('overriding color',(#12429),#4566,
  #11696);
#12429 = PRESENTATION_STYLE_ASSIGNMENT((#12430));
#12430 = SURFACE_STYLE_USAGE(.BOTH.,#12431);
#12431 = SURFACE_SIDE_STYLE('',(#12432));
#12432 = SURFACE_STYLE_FILL_AREA(#12433);
#12433 = FILL_AREA_STYLE('',(#12434));
#12434 = FILL_AREA_STYLE_COLOUR('',#12140);
#12435 = OVER_RIDING_STYLED_ITEM('overriding color',(#12436),#4594,
  #11696);
#12436 = PRESENTATION_STYLE_ASSIGNMENT((#12437));
#12437 = SURFACE_STYLE_USAGE(.BOTH.,#12438);
#12438 = SURFACE_SIDE_STYLE('',(#12439));
#12439 = SURFACE_STYLE_FILL_AREA(#12440);
#12440 = FILL_AREA_STYLE('',(#12441));
#12441 = FILL_AREA_STYLE_COLOUR('',#12140);
#12442 = OVER_RIDING_STYLED_ITEM('overriding color',(#12443),#4622,
  #11696);
#12443 = PRESENTATION_STYLE_ASSIGNMENT((#12444));
#12444 = SURFACE_STYLE_USAGE(.BOTH.,#12445);
#12445 = SURFACE_SIDE_STYLE('',(#12446));
#12446 = SURFACE_STYLE_FILL_AREA(#12447);
#12447 = FILL_AREA_STYLE('',(#12448));
#12448 = FILL_AREA_STYLE_COLOUR('',#12140);
#12449 = OVER_RIDING_STYLED_ITEM('overriding color',(#12450),#4634,
  #11696);
#12450 = PRESENTATION_STYLE_ASSIGNMENT((#12451));
#12451 = SURFACE_STYLE_USAGE(.BOTH.,#12452);
#12452 = SURFACE_SIDE_STYLE('',(#12453));
#12453 = SURFACE_STYLE_FILL_AREA(#12454);
#12454 = FILL_AREA_STYLE('',(#12455));
#12455 = FILL_AREA_STYLE_COLOUR('',#12140);
#12456 = OVER_RIDING_STYLED_ITEM('overriding color',(#12457),#4646,
  #11696);
#12457 = PRESENTATION_STYLE_ASSIGNMENT((#12458));
#12458 = SURFACE_STYLE_USAGE(.BOTH.,#12459);
#12459 = SURFACE_SIDE_STYLE('',(#12460));
#12460 = SURFACE_STYLE_FILL_AREA(#12461);
#12461 = FILL_AREA_STYLE('',(#12462));
#12462 = FILL_AREA_STYLE_COLOUR('',#12140);
#12463 = OVER_RIDING_STYLED_ITEM('overriding color',(#12464),#4674,
  #11696);
#12464 = PRESENTATION_STYLE_ASSIGNMENT((#12465));
#12465 = SURFACE_STYLE_USAGE(.BOTH.,#12466);
#12466 = SURFACE_SIDE_STYLE('',(#12467));
#12467 = SURFACE_STYLE_FILL_AREA(#12468);
#12468 = FILL_AREA_STYLE('',(#12469));
#12469 = FILL_AREA_STYLE_COLOUR('',#12140);
#12470 = OVER_RIDING_STYLED_ITEM('overriding color',(#12471),#4702,
  #11696);
#12471 = PRESENTATION_STYLE_ASSIGNMENT((#12472));
#12472 = SURFACE_STYLE_USAGE(.BOTH.,#12473);
#12473 = SURFACE_SIDE_STYLE('',(#12474));
#12474 = SURFACE_STYLE_FILL_AREA(#12475);
#12475 = FILL_AREA_STYLE('',(#12476));
#12476 = FILL_AREA_STYLE_COLOUR('',#12140);
#12477 = OVER_RIDING_STYLED_ITEM('overriding color',(#12478),#4718,
  #11696);
#12478 = PRESENTATION_STYLE_ASSIGNMENT((#12479));
#12479 = SURFACE_STYLE_USAGE(.BOTH.,#12480);
#12480 = SURFACE_SIDE_STYLE('',(#12481));
#12481 = SURFACE_STYLE_FILL_AREA(#12482);
#12482 = FILL_AREA_STYLE('',(#12483));
#12483 = FILL_AREA_STYLE_COLOUR('',#12140);
#12484 = OVER_RIDING_STYLED_ITEM('overriding color',(#12485),#4734,
  #11696);
#12485 = PRESENTATION_STYLE_ASSIGNMENT((#12486));
#12486 = SURFACE_STYLE_USAGE(.BOTH.,#12487);
#12487 = SURFACE_SIDE_STYLE('',(#12488));
#12488 = SURFACE_STYLE_FILL_AREA(#12489);
#12489 = FILL_AREA_STYLE('',(#12490));
#12490 = FILL_AREA_STYLE_COLOUR('',#12140);
#12491 = OVER_RIDING_STYLED_ITEM('overriding color',(#12492),#4770,
  #11696);
#12492 = PRESENTATION_STYLE_ASSIGNMENT((#12493));
#12493 = SURFACE_STYLE_USAGE(.BOTH.,#12494);
#12494 = SURFACE_SIDE_STYLE('',(#12495));
#12495 = SURFACE_STYLE_FILL_AREA(#12496);
#12496 = FILL_AREA_STYLE('',(#12497));
#12497 = FILL_AREA_STYLE_COLOUR('',#12140);
#12498 = OVER_RIDING_STYLED_ITEM('overriding color',(#12499),#4810,
  #11696);
#12499 = PRESENTATION_STYLE_ASSIGNMENT((#12500));
#12500 = SURFACE_STYLE_USAGE(.BOTH.,#12501);
#12501 = SURFACE_SIDE_STYLE('',(#12502));
#12502 = SURFACE_STYLE_FILL_AREA(#12503);
#12503 = FILL_AREA_STYLE('',(#12504));
#12504 = FILL_AREA_STYLE_COLOUR('',#12140);
#12505 = OVER_RIDING_STYLED_ITEM('overriding color',(#12506),#4838,
  #11696);
#12506 = PRESENTATION_STYLE_ASSIGNMENT((#12507));
#12507 = SURFACE_STYLE_USAGE(.BOTH.,#12508);
#12508 = SURFACE_SIDE_STYLE('',(#12509));
#12509 = SURFACE_STYLE_FILL_AREA(#12510);
#12510 = FILL_AREA_STYLE('',(#12511));
#12511 = FILL_AREA_STYLE_COLOUR('',#12140);
#12512 = OVER_RIDING_STYLED_ITEM('overriding color',(#12513),#4874,
  #11696);
#12513 = PRESENTATION_STYLE_ASSIGNMENT((#12514));
#12514 = SURFACE_STYLE_USAGE(.BOTH.,#12515);
#12515 = SURFACE_SIDE_STYLE('',(#12516));
#12516 = SURFACE_STYLE_FILL_AREA(#12517);
#12517 = FILL_AREA_STYLE('',(#12518));
#12518 = FILL_AREA_STYLE_COLOUR('',#12140);
#12519 = OVER_RIDING_STYLED_ITEM('overriding color',(#12520),#4910,
  #11696);
#12520 = PRESENTATION_STYLE_ASSIGNMENT((#12521));
#12521 = SURFACE_STYLE_USAGE(.BOTH.,#12522);
#12522 = SURFACE_SIDE_STYLE('',(#12523));
#12523 = SURFACE_STYLE_FILL_AREA(#12524);
#12524 = FILL_AREA_STYLE('',(#12525));
#12525 = FILL_AREA_STYLE_COLOUR('',#12140);
#12526 = OVER_RIDING_STYLED_ITEM('overriding color',(#12527),#4942,
  #11696);
#12527 = PRESENTATION_STYLE_ASSIGNMENT((#12528));
#12528 = SURFACE_STYLE_USAGE(.BOTH.,#12529);
#12529 = SURFACE_SIDE_STYLE('',(#12530));
#12530 = SURFACE_STYLE_FILL_AREA(#12531);
#12531 = FILL_AREA_STYLE('',(#12532));
#12532 = FILL_AREA_STYLE_COLOUR('',#12140);
#12533 = OVER_RIDING_STYLED_ITEM('overriding color',(#12534),#4970,
  #11696);
#12534 = PRESENTATION_STYLE_ASSIGNMENT((#12535));
#12535 = SURFACE_STYLE_USAGE(.BOTH.,#12536);
#12536 = SURFACE_SIDE_STYLE('',(#12537));
#12537 = SURFACE_STYLE_FILL_AREA(#12538);
#12538 = FILL_AREA_STYLE('',(#12539));
#12539 = FILL_AREA_STYLE_COLOUR('',#12140);
#12540 = OVER_RIDING_STYLED_ITEM('overriding color',(#12541),#4998,
  #11696);
#12541 = PRESENTATION_STYLE_ASSIGNMENT((#12542));
#12542 = SURFACE_STYLE_USAGE(.BOTH.,#12543);
#12543 = SURFACE_SIDE_STYLE('',(#12544));
#12544 = SURFACE_STYLE_FILL_AREA(#12545);
#12545 = FILL_AREA_STYLE('',(#12546));
#12546 = FILL_AREA_STYLE_COLOUR('',#12140);
#12547 = OVER_RIDING_STYLED_ITEM('overriding color',(#12548),#5010,
  #11696);
#12548 = PRESENTATION_STYLE_ASSIGNMENT((#12549));
#12549 = SURFACE_STYLE_USAGE(.BOTH.,#12550);
#12550 = SURFACE_SIDE_STYLE('',(#12551));
#12551 = SURFACE_STYLE_FILL_AREA(#12552);
#12552 = FILL_AREA_STYLE('',(#12553));
#12553 = FILL_AREA_STYLE_COLOUR('',#12140);
#12554 = OVER_RIDING_STYLED_ITEM('overriding color',(#12555),#5022,
  #11696);
#12555 = PRESENTATION_STYLE_ASSIGNMENT((#12556));
#12556 = SURFACE_STYLE_USAGE(.BOTH.,#12557);
#12557 = SURFACE_SIDE_STYLE('',(#12558));
#12558 = SURFACE_STYLE_FILL_AREA(#12559);
#12559 = FILL_AREA_STYLE('',(#12560));
#12560 = FILL_AREA_STYLE_COLOUR('',#12140);
#12561 = OVER_RIDING_STYLED_ITEM('overriding color',(#12562),#5050,
  #11696);
#12562 = PRESENTATION_STYLE_ASSIGNMENT((#12563));
#12563 = SURFACE_STYLE_USAGE(.BOTH.,#12564);
#12564 = SURFACE_SIDE_STYLE('',(#12565));
#12565 = SURFACE_STYLE_FILL_AREA(#12566);
#12566 = FILL_AREA_STYLE('',(#12567));
#12567 = FILL_AREA_STYLE_COLOUR('',#12140);
#12568 = OVER_RIDING_STYLED_ITEM('overriding color',(#12569),#5078,
  #11696);
#12569 = PRESENTATION_STYLE_ASSIGNMENT((#12570));
#12570 = SURFACE_STYLE_USAGE(.BOTH.,#12571);
#12571 = SURFACE_SIDE_STYLE('',(#12572));
#12572 = SURFACE_STYLE_FILL_AREA(#12573);
#12573 = FILL_AREA_STYLE('',(#12574));
#12574 = FILL_AREA_STYLE_COLOUR('',#12140);
#12575 = OVER_RIDING_STYLED_ITEM('overriding color',(#12576),#5094,
  #11696);
#12576 = PRESENTATION_STYLE_ASSIGNMENT((#12577));
#12577 = SURFACE_STYLE_USAGE(.BOTH.,#12578);
#12578 = SURFACE_SIDE_STYLE('',(#12579));
#12579 = SURFACE_STYLE_FILL_AREA(#12580);
#12580 = FILL_AREA_STYLE('',(#12581));
#12581 = FILL_AREA_STYLE_COLOUR('',#12140);
#12582 = OVER_RIDING_STYLED_ITEM('overriding color',(#12583),#5110,
  #11696);
#12583 = PRESENTATION_STYLE_ASSIGNMENT((#12584));
#12584 = SURFACE_STYLE_USAGE(.BOTH.,#12585);
#12585 = SURFACE_SIDE_STYLE('',(#12586));
#12586 = SURFACE_STYLE_FILL_AREA(#12587);
#12587 = FILL_AREA_STYLE('',(#12588));
#12588 = FILL_AREA_STYLE_COLOUR('',#12140);
#12589 = OVER_RIDING_STYLED_ITEM('overriding color',(#12590),#5146,
  #11696);
#12590 = PRESENTATION_STYLE_ASSIGNMENT((#12591));
#12591 = SURFACE_STYLE_USAGE(.BOTH.,#12592);
#12592 = SURFACE_SIDE_STYLE('',(#12593));
#12593 = SURFACE_STYLE_FILL_AREA(#12594);
#12594 = FILL_AREA_STYLE('',(#12595));
#12595 = FILL_AREA_STYLE_COLOUR('',#12140);
#12596 = OVER_RIDING_STYLED_ITEM('overriding color',(#12597),#5186,
  #11696);
#12597 = PRESENTATION_STYLE_ASSIGNMENT((#12598));
#12598 = SURFACE_STYLE_USAGE(.BOTH.,#12599);
#12599 = SURFACE_SIDE_STYLE('',(#12600));
#12600 = SURFACE_STYLE_FILL_AREA(#12601);
#12601 = FILL_AREA_STYLE('',(#12602));
#12602 = FILL_AREA_STYLE_COLOUR('',#12140);
#12603 = OVER_RIDING_STYLED_ITEM('overriding color',(#12604),#5214,
  #11696);
#12604 = PRESENTATION_STYLE_ASSIGNMENT((#12605));
#12605 = SURFACE_STYLE_USAGE(.BOTH.,#12606);
#12606 = SURFACE_SIDE_STYLE('',(#12607));
#12607 = SURFACE_STYLE_FILL_AREA(#12608);
#12608 = FILL_AREA_STYLE('',(#12609));
#12609 = FILL_AREA_STYLE_COLOUR('',#12140);
#12610 = OVER_RIDING_STYLED_ITEM('overriding color',(#12611),#5250,
  #11696);
#12611 = PRESENTATION_STYLE_ASSIGNMENT((#12612));
#12612 = SURFACE_STYLE_USAGE(.BOTH.,#12613);
#12613 = SURFACE_SIDE_STYLE('',(#12614));
#12614 = SURFACE_STYLE_FILL_AREA(#12615);
#12615 = FILL_AREA_STYLE('',(#12616));
#12616 = FILL_AREA_STYLE_COLOUR('',#12140);
#12617 = OVER_RIDING_STYLED_ITEM('overriding color',(#12618),#5286,
  #11696);
#12618 = PRESENTATION_STYLE_ASSIGNMENT((#12619));
#12619 = SURFACE_STYLE_USAGE(.BOTH.,#12620);
#12620 = SURFACE_SIDE_STYLE('',(#12621));
#12621 = SURFACE_STYLE_FILL_AREA(#12622);
#12622 = FILL_AREA_STYLE('',(#12623));
#12623 = FILL_AREA_STYLE_COLOUR('',#12140);
#12624 = OVER_RIDING_STYLED_ITEM('overriding color',(#12625),#5318,
  #11696);
#12625 = PRESENTATION_STYLE_ASSIGNMENT((#12626));
#12626 = SURFACE_STYLE_USAGE(.BOTH.,#12627);
#12627 = SURFACE_SIDE_STYLE('',(#12628));
#12628 = SURFACE_STYLE_FILL_AREA(#12629);
#12629 = FILL_AREA_STYLE('',(#12630));
#12630 = FILL_AREA_STYLE_COLOUR('',#12140);
#12631 = OVER_RIDING_STYLED_ITEM('overriding color',(#12632),#5346,
  #11696);
#12632 = PRESENTATION_STYLE_ASSIGNMENT((#12633));
#12633 = SURFACE_STYLE_USAGE(.BOTH.,#12634);
#12634 = SURFACE_SIDE_STYLE('',(#12635));
#12635 = SURFACE_STYLE_FILL_AREA(#12636);
#12636 = FILL_AREA_STYLE('',(#12637));
#12637 = FILL_AREA_STYLE_COLOUR('',#12140);
#12638 = OVER_RIDING_STYLED_ITEM('overriding color',(#12639),#5374,
  #11696);
#12639 = PRESENTATION_STYLE_ASSIGNMENT((#12640));
#12640 = SURFACE_STYLE_USAGE(.BOTH.,#12641);
#12641 = SURFACE_SIDE_STYLE('',(#12642));
#12642 = SURFACE_STYLE_FILL_AREA(#12643);
#12643 = FILL_AREA_STYLE('',(#12644));
#12644 = FILL_AREA_STYLE_COLOUR('',#12140);
#12645 = OVER_RIDING_STYLED_ITEM('overriding color',(#12646),#5386,
  #11696);
#12646 = PRESENTATION_STYLE_ASSIGNMENT((#12647));
#12647 = SURFACE_STYLE_USAGE(.BOTH.,#12648);
#12648 = SURFACE_SIDE_STYLE('',(#12649));
#12649 = SURFACE_STYLE_FILL_AREA(#12650);
#12650 = FILL_AREA_STYLE('',(#12651));
#12651 = FILL_AREA_STYLE_COLOUR('',#12140);
#12652 = OVER_RIDING_STYLED_ITEM('overriding color',(#12653),#5398,
  #11696);
#12653 = PRESENTATION_STYLE_ASSIGNMENT((#12654));
#12654 = SURFACE_STYLE_USAGE(.BOTH.,#12655);
#12655 = SURFACE_SIDE_STYLE('',(#12656));
#12656 = SURFACE_STYLE_FILL_AREA(#12657);
#12657 = FILL_AREA_STYLE('',(#12658));
#12658 = FILL_AREA_STYLE_COLOUR('',#12140);
#12659 = OVER_RIDING_STYLED_ITEM('overriding color',(#12660),#5426,
  #11696);
#12660 = PRESENTATION_STYLE_ASSIGNMENT((#12661));
#12661 = SURFACE_STYLE_USAGE(.BOTH.,#12662);
#12662 = SURFACE_SIDE_STYLE('',(#12663));
#12663 = SURFACE_STYLE_FILL_AREA(#12664);
#12664 = FILL_AREA_STYLE('',(#12665));
#12665 = FILL_AREA_STYLE_COLOUR('',#12140);
#12666 = OVER_RIDING_STYLED_ITEM('overriding color',(#12667),#5454,
  #11696);
#12667 = PRESENTATION_STYLE_ASSIGNMENT((#12668));
#12668 = SURFACE_STYLE_USAGE(.BOTH.,#12669);
#12669 = SURFACE_SIDE_STYLE('',(#12670));
#12670 = SURFACE_STYLE_FILL_AREA(#12671);
#12671 = FILL_AREA_STYLE('',(#12672));
#12672 = FILL_AREA_STYLE_COLOUR('',#12140);
#12673 = OVER_RIDING_STYLED_ITEM('overriding color',(#12674),#5470,
  #11696);
#12674 = PRESENTATION_STYLE_ASSIGNMENT((#12675));
#12675 = SURFACE_STYLE_USAGE(.BOTH.,#12676);
#12676 = SURFACE_SIDE_STYLE('',(#12677));
#12677 = SURFACE_STYLE_FILL_AREA(#12678);
#12678 = FILL_AREA_STYLE('',(#12679));
#12679 = FILL_AREA_STYLE_COLOUR('',#12140);
#12680 = OVER_RIDING_STYLED_ITEM('overriding color',(#12681),#5486,
  #11696);
#12681 = PRESENTATION_STYLE_ASSIGNMENT((#12682));
#12682 = SURFACE_STYLE_USAGE(.BOTH.,#12683);
#12683 = SURFACE_SIDE_STYLE('',(#12684));
#12684 = SURFACE_STYLE_FILL_AREA(#12685);
#12685 = FILL_AREA_STYLE('',(#12686));
#12686 = FILL_AREA_STYLE_COLOUR('',#12140);
#12687 = OVER_RIDING_STYLED_ITEM('overriding color',(#12688),#5522,
  #11696);
#12688 = PRESENTATION_STYLE_ASSIGNMENT((#12689));
#12689 = SURFACE_STYLE_USAGE(.BOTH.,#12690);
#12690 = SURFACE_SIDE_STYLE('',(#12691));
#12691 = SURFACE_STYLE_FILL_AREA(#12692);
#12692 = FILL_AREA_STYLE('',(#12693));
#12693 = FILL_AREA_STYLE_COLOUR('',#12140);
#12694 = OVER_RIDING_STYLED_ITEM('overriding color',(#12695),#5542,
  #11696);
#12695 = PRESENTATION_STYLE_ASSIGNMENT((#12696));
#12696 = SURFACE_STYLE_USAGE(.BOTH.,#12697);
#12697 = SURFACE_SIDE_STYLE('',(#12698));
#12698 = SURFACE_STYLE_FILL_AREA(#12699);
#12699 = FILL_AREA_STYLE('',(#12700));
#12700 = FILL_AREA_STYLE_COLOUR('',#12140);
#12701 = OVER_RIDING_STYLED_ITEM('overriding color',(#12702),#5558,
  #11696);
#12702 = PRESENTATION_STYLE_ASSIGNMENT((#12703));
#12703 = SURFACE_STYLE_USAGE(.BOTH.,#12704);
#12704 = SURFACE_SIDE_STYLE('',(#12705));
#12705 = SURFACE_STYLE_FILL_AREA(#12706);
#12706 = FILL_AREA_STYLE('',(#12707));
#12707 = FILL_AREA_STYLE_COLOUR('',#12140);
#12708 = OVER_RIDING_STYLED_ITEM('overriding color',(#12709),#5574,
  #11696);
#12709 = PRESENTATION_STYLE_ASSIGNMENT((#12710));
#12710 = SURFACE_STYLE_USAGE(.BOTH.,#12711);
#12711 = SURFACE_SIDE_STYLE('',(#12712));
#12712 = SURFACE_STYLE_FILL_AREA(#12713);
#12713 = FILL_AREA_STYLE('',(#12714));
#12714 = FILL_AREA_STYLE_COLOUR('',#12140);
#12715 = OVER_RIDING_STYLED_ITEM('overriding color',(#12716),#5586,
  #11696);
#12716 = PRESENTATION_STYLE_ASSIGNMENT((#12717));
#12717 = SURFACE_STYLE_USAGE(.BOTH.,#12718);
#12718 = SURFACE_SIDE_STYLE('',(#12719));
#12719 = SURFACE_STYLE_FILL_AREA(#12720);
#12720 = FILL_AREA_STYLE('',(#12721));
#12721 = FILL_AREA_STYLE_COLOUR('',#12140);
#12722 = OVER_RIDING_STYLED_ITEM('overriding color',(#12723),#5606,
  #11696);
#12723 = PRESENTATION_STYLE_ASSIGNMENT((#12724));
#12724 = SURFACE_STYLE_USAGE(.BOTH.,#12725);
#12725 = SURFACE_SIDE_STYLE('',(#12726));
#12726 = SURFACE_STYLE_FILL_AREA(#12727);
#12727 = FILL_AREA_STYLE('',(#12728));
#12728 = FILL_AREA_STYLE_COLOUR('',#12140);
#12729 = OVER_RIDING_STYLED_ITEM('overriding color',(#12730),#5622,
  #11696);
#12730 = PRESENTATION_STYLE_ASSIGNMENT((#12731));
#12731 = SURFACE_STYLE_USAGE(.BOTH.,#12732);
#12732 = SURFACE_SIDE_STYLE('',(#12733));
#12733 = SURFACE_STYLE_FILL_AREA(#12734);
#12734 = FILL_AREA_STYLE('',(#12735));
#12735 = FILL_AREA_STYLE_COLOUR('',#12140);
#12736 = OVER_RIDING_STYLED_ITEM('overriding color',(#12737),#5638,
  #11696);
#12737 = PRESENTATION_STYLE_ASSIGNMENT((#12738));
#12738 = SURFACE_STYLE_USAGE(.BOTH.,#12739);
#12739 = SURFACE_SIDE_STYLE('',(#12740));
#12740 = SURFACE_STYLE_FILL_AREA(#12741);
#12741 = FILL_AREA_STYLE('',(#12742));
#12742 = FILL_AREA_STYLE_COLOUR('',#12140);
#12743 = OVER_RIDING_STYLED_ITEM('overriding color',(#12744),#5650,
  #11696);
#12744 = PRESENTATION_STYLE_ASSIGNMENT((#12745));
#12745 = SURFACE_STYLE_USAGE(.BOTH.,#12746);
#12746 = SURFACE_SIDE_STYLE('',(#12747));
#12747 = SURFACE_STYLE_FILL_AREA(#12748);
#12748 = FILL_AREA_STYLE('',(#12749));
#12749 = FILL_AREA_STYLE_COLOUR('',#12140);
#12750 = OVER_RIDING_STYLED_ITEM('overriding color',(#12751),#5670,
  #11696);
#12751 = PRESENTATION_STYLE_ASSIGNMENT((#12752));
#12752 = SURFACE_STYLE_USAGE(.BOTH.,#12753);
#12753 = SURFACE_SIDE_STYLE('',(#12754));
#12754 = SURFACE_STYLE_FILL_AREA(#12755);
#12755 = FILL_AREA_STYLE('',(#12756));
#12756 = FILL_AREA_STYLE_COLOUR('',#12140);
#12757 = OVER_RIDING_STYLED_ITEM('overriding color',(#12758),#5686,
  #11696);
#12758 = PRESENTATION_STYLE_ASSIGNMENT((#12759));
#12759 = SURFACE_STYLE_USAGE(.BOTH.,#12760);
#12760 = SURFACE_SIDE_STYLE('',(#12761));
#12761 = SURFACE_STYLE_FILL_AREA(#12762);
#12762 = FILL_AREA_STYLE('',(#12763));
#12763 = FILL_AREA_STYLE_COLOUR('',#12140);
#12764 = OVER_RIDING_STYLED_ITEM('overriding color',(#12765),#5702,
  #11696);
#12765 = PRESENTATION_STYLE_ASSIGNMENT((#12766));
#12766 = SURFACE_STYLE_USAGE(.BOTH.,#12767);
#12767 = SURFACE_SIDE_STYLE('',(#12768));
#12768 = SURFACE_STYLE_FILL_AREA(#12769);
#12769 = FILL_AREA_STYLE('',(#12770));
#12770 = FILL_AREA_STYLE_COLOUR('',#12140);
#12771 = OVER_RIDING_STYLED_ITEM('overriding color',(#12772),#5714,
  #11696);
#12772 = PRESENTATION_STYLE_ASSIGNMENT((#12773));
#12773 = SURFACE_STYLE_USAGE(.BOTH.,#12774);
#12774 = SURFACE_SIDE_STYLE('',(#12775));
#12775 = SURFACE_STYLE_FILL_AREA(#12776);
#12776 = FILL_AREA_STYLE('',(#12777));
#12777 = FILL_AREA_STYLE_COLOUR('',#12140);
#12778 = OVER_RIDING_STYLED_ITEM('overriding color',(#12779),#5734,
  #11696);
#12779 = PRESENTATION_STYLE_ASSIGNMENT((#12780));
#12780 = SURFACE_STYLE_USAGE(.BOTH.,#12781);
#12781 = SURFACE_SIDE_STYLE('',(#12782));
#12782 = SURFACE_STYLE_FILL_AREA(#12783);
#12783 = FILL_AREA_STYLE('',(#12784));
#12784 = FILL_AREA_STYLE_COLOUR('',#12140);
#12785 = OVER_RIDING_STYLED_ITEM('overriding color',(#12786),#5750,
  #11696);
#12786 = PRESENTATION_STYLE_ASSIGNMENT((#12787));
#12787 = SURFACE_STYLE_USAGE(.BOTH.,#12788);
#12788 = SURFACE_SIDE_STYLE('',(#12789));
#12789 = SURFACE_STYLE_FILL_AREA(#12790);
#12790 = FILL_AREA_STYLE('',(#12791));
#12791 = FILL_AREA_STYLE_COLOUR('',#12140);
#12792 = OVER_RIDING_STYLED_ITEM('overriding color',(#12793),#5766,
  #11696);
#12793 = PRESENTATION_STYLE_ASSIGNMENT((#12794));
#12794 = SURFACE_STYLE_USAGE(.BOTH.,#12795);
#12795 = SURFACE_SIDE_STYLE('',(#12796));
#12796 = SURFACE_STYLE_FILL_AREA(#12797);
#12797 = FILL_AREA_STYLE('',(#12798));
#12798 = FILL_AREA_STYLE_COLOUR('',#12140);
#12799 = OVER_RIDING_STYLED_ITEM('overriding color',(#12800),#5778,
  #11696);
#12800 = PRESENTATION_STYLE_ASSIGNMENT((#12801));
#12801 = SURFACE_STYLE_USAGE(.BOTH.,#12802);
#12802 = SURFACE_SIDE_STYLE('',(#12803));
#12803 = SURFACE_STYLE_FILL_AREA(#12804);
#12804 = FILL_AREA_STYLE('',(#12805));
#12805 = FILL_AREA_STYLE_COLOUR('',#12140);
#12806 = OVER_RIDING_STYLED_ITEM('overriding color',(#12807),#5798,
  #11696);
#12807 = PRESENTATION_STYLE_ASSIGNMENT((#12808));
#12808 = SURFACE_STYLE_USAGE(.BOTH.,#12809);
#12809 = SURFACE_SIDE_STYLE('',(#12810));
#12810 = SURFACE_STYLE_FILL_AREA(#12811);
#12811 = FILL_AREA_STYLE('',(#12812));
#12812 = FILL_AREA_STYLE_COLOUR('',#12140);
#12813 = OVER_RIDING_STYLED_ITEM('overriding color',(#12814),#5814,
  #11696);
#12814 = PRESENTATION_STYLE_ASSIGNMENT((#12815));
#12815 = SURFACE_STYLE_USAGE(.BOTH.,#12816);
#12816 = SURFACE_SIDE_STYLE('',(#12817));
#12817 = SURFACE_STYLE_FILL_AREA(#12818);
#12818 = FILL_AREA_STYLE('',(#12819));
#12819 = FILL_AREA_STYLE_COLOUR('',#12140);
#12820 = OVER_RIDING_STYLED_ITEM('overriding color',(#12821),#5830,
  #11696);
#12821 = PRESENTATION_STYLE_ASSIGNMENT((#12822));
#12822 = SURFACE_STYLE_USAGE(.BOTH.,#12823);
#12823 = SURFACE_SIDE_STYLE('',(#12824));
#12824 = SURFACE_STYLE_FILL_AREA(#12825);
#12825 = FILL_AREA_STYLE('',(#12826));
#12826 = FILL_AREA_STYLE_COLOUR('',#12140);
#12827 = OVER_RIDING_STYLED_ITEM('overriding color',(#12828),#5842,
  #11696);
#12828 = PRESENTATION_STYLE_ASSIGNMENT((#12829));
#12829 = SURFACE_STYLE_USAGE(.BOTH.,#12830);
#12830 = SURFACE_SIDE_STYLE('',(#12831));
#12831 = SURFACE_STYLE_FILL_AREA(#12832);
#12832 = FILL_AREA_STYLE('',(#12833));
#12833 = FILL_AREA_STYLE_COLOUR('',#12140);
#12834 = OVER_RIDING_STYLED_ITEM('overriding color',(#12835),#5862,
  #11696);
#12835 = PRESENTATION_STYLE_ASSIGNMENT((#12836));
#12836 = SURFACE_STYLE_USAGE(.BOTH.,#12837);
#12837 = SURFACE_SIDE_STYLE('',(#12838));
#12838 = SURFACE_STYLE_FILL_AREA(#12839);
#12839 = FILL_AREA_STYLE('',(#12840));
#12840 = FILL_AREA_STYLE_COLOUR('',#12140);
#12841 = OVER_RIDING_STYLED_ITEM('overriding color',(#12842),#5878,
  #11696);
#12842 = PRESENTATION_STYLE_ASSIGNMENT((#12843));
#12843 = SURFACE_STYLE_USAGE(.BOTH.,#12844);
#12844 = SURFACE_SIDE_STYLE('',(#12845));
#12845 = SURFACE_STYLE_FILL_AREA(#12846);
#12846 = FILL_AREA_STYLE('',(#12847));
#12847 = FILL_AREA_STYLE_COLOUR('',#12140);
#12848 = OVER_RIDING_STYLED_ITEM('overriding color',(#12849),#5894,
  #11696);
#12849 = PRESENTATION_STYLE_ASSIGNMENT((#12850));
#12850 = SURFACE_STYLE_USAGE(.BOTH.,#12851);
#12851 = SURFACE_SIDE_STYLE('',(#12852));
#12852 = SURFACE_STYLE_FILL_AREA(#12853);
#12853 = FILL_AREA_STYLE('',(#12854));
#12854 = FILL_AREA_STYLE_COLOUR('',#12140);
#12855 = OVER_RIDING_STYLED_ITEM('overriding color',(#12856),#5906,
  #11696);
#12856 = PRESENTATION_STYLE_ASSIGNMENT((#12857));
#12857 = SURFACE_STYLE_USAGE(.BOTH.,#12858);
#12858 = SURFACE_SIDE_STYLE('',(#12859));
#12859 = SURFACE_STYLE_FILL_AREA(#12860);
#12860 = FILL_AREA_STYLE('',(#12861));
#12861 = FILL_AREA_STYLE_COLOUR('',#12862);
#12862 = DRAUGHTING_PRE_DEFINED_COLOUR('black');
#12863 = OVER_RIDING_STYLED_ITEM('overriding color',(#12864),#5934,
  #11696);
#12864 = PRESENTATION_STYLE_ASSIGNMENT((#12865));
#12865 = SURFACE_STYLE_USAGE(.BOTH.,#12866);
#12866 = SURFACE_SIDE_STYLE('',(#12867));
#12867 = SURFACE_STYLE_FILL_AREA(#12868);
#12868 = FILL_AREA_STYLE('',(#12869));
#12869 = FILL_AREA_STYLE_COLOUR('',#12862);
#12870 = OVER_RIDING_STYLED_ITEM('overriding color',(#12871),#5956,
  #11696);
#12871 = PRESENTATION_STYLE_ASSIGNMENT((#12872));
#12872 = SURFACE_STYLE_USAGE(.BOTH.,#12873);
#12873 = SURFACE_SIDE_STYLE('',(#12874));
#12874 = SURFACE_STYLE_FILL_AREA(#12875);
#12875 = FILL_AREA_STYLE('',(#12876));
#12876 = FILL_AREA_STYLE_COLOUR('',#12862);
#12877 = OVER_RIDING_STYLED_ITEM('overriding color',(#12878),#5978,
  #11696);
#12878 = PRESENTATION_STYLE_ASSIGNMENT((#12879));
#12879 = SURFACE_STYLE_USAGE(.BOTH.,#12880);
#12880 = SURFACE_SIDE_STYLE('',(#12881));
#12881 = SURFACE_STYLE_FILL_AREA(#12882);
#12882 = FILL_AREA_STYLE('',(#12883));
#12883 = FILL_AREA_STYLE_COLOUR('',#12862);
#12884 = OVER_RIDING_STYLED_ITEM('overriding color',(#12885),#6000,
  #11696);
#12885 = PRESENTATION_STYLE_ASSIGNMENT((#12886));
#12886 = SURFACE_STYLE_USAGE(.BOTH.,#12887);
#12887 = SURFACE_SIDE_STYLE('',(#12888));
#12888 = SURFACE_STYLE_FILL_AREA(#12889);
#12889 = FILL_AREA_STYLE('',(#12890));
#12890 = FILL_AREA_STYLE_COLOUR('',#12862);
#12891 = OVER_RIDING_STYLED_ITEM('overriding color',(#12892),#6022,
  #11696);
#12892 = PRESENTATION_STYLE_ASSIGNMENT((#12893));
#12893 = SURFACE_STYLE_USAGE(.BOTH.,#12894);
#12894 = SURFACE_SIDE_STYLE('',(#12895));
#12895 = SURFACE_STYLE_FILL_AREA(#12896);
#12896 = FILL_AREA_STYLE('',(#12897));
#12897 = FILL_AREA_STYLE_COLOUR('',#12862);
#12898 = OVER_RIDING_STYLED_ITEM('overriding color',(#12899),#6038,
  #11696);
#12899 = PRESENTATION_STYLE_ASSIGNMENT((#12900));
#12900 = SURFACE_STYLE_USAGE(.BOTH.,#12901);
#12901 = SURFACE_SIDE_STYLE('',(#12902));
#12902 = SURFACE_STYLE_FILL_AREA(#12903);
#12903 = FILL_AREA_STYLE('',(#12904));
#12904 = FILL_AREA_STYLE_COLOUR('',#12862);
#12905 = OVER_RIDING_STYLED_ITEM('overriding color',(#12906),#6052,
  #11696);
#12906 = PRESENTATION_STYLE_ASSIGNMENT((#12907));
#12907 = SURFACE_STYLE_USAGE(.BOTH.,#12908);
#12908 = SURFACE_SIDE_STYLE('',(#12909));
#12909 = SURFACE_STYLE_FILL_AREA(#12910);
#12910 = FILL_AREA_STYLE('',(#12911));
#12911 = FILL_AREA_STYLE_COLOUR('',#12862);
#12912 = OVER_RIDING_STYLED_ITEM('overriding color',(#12913),#6086,
  #11696);
#12913 = PRESENTATION_STYLE_ASSIGNMENT((#12914));
#12914 = SURFACE_STYLE_USAGE(.BOTH.,#12915);
#12915 = SURFACE_SIDE_STYLE('',(#12916));
#12916 = SURFACE_STYLE_FILL_AREA(#12917);
#12917 = FILL_AREA_STYLE('',(#12918));
#12918 = FILL_AREA_STYLE_COLOUR('',#12862);
#12919 = OVER_RIDING_STYLED_ITEM('overriding color',(#12920),#6108,
  #11696);
#12920 = PRESENTATION_STYLE_ASSIGNMENT((#12921));
#12921 = SURFACE_STYLE_USAGE(.BOTH.,#12922);
#12922 = SURFACE_SIDE_STYLE('',(#12923));
#12923 = SURFACE_STYLE_FILL_AREA(#12924);
#12924 = FILL_AREA_STYLE('',(#12925));
#12925 = FILL_AREA_STYLE_COLOUR('',#12862);
#12926 = OVER_RIDING_STYLED_ITEM('overriding color',(#12927),#6136,
  #11696);
#12927 = PRESENTATION_STYLE_ASSIGNMENT((#12928));
#12928 = SURFACE_STYLE_USAGE(.BOTH.,#12929);
#12929 = SURFACE_SIDE_STYLE('',(#12930));
#12930 = SURFACE_STYLE_FILL_AREA(#12931);
#12931 = FILL_AREA_STYLE('',(#12932));
#12932 = FILL_AREA_STYLE_COLOUR('',#12862);
#12933 = OVER_RIDING_STYLED_ITEM('overriding color',(#12934),#6164,
  #11696);
#12934 = PRESENTATION_STYLE_ASSIGNMENT((#12935));
#12935 = SURFACE_STYLE_USAGE(.BOTH.,#12936);
#12936 = SURFACE_SIDE_STYLE('',(#12937));
#12937 = SURFACE_STYLE_FILL_AREA(#12938);
#12938 = FILL_AREA_STYLE('',(#12939));
#12939 = FILL_AREA_STYLE_COLOUR('',#12862);
#12940 = OVER_RIDING_STYLED_ITEM('overriding color',(#12941),#6192,
  #11696);
#12941 = PRESENTATION_STYLE_ASSIGNMENT((#12942));
#12942 = SURFACE_STYLE_USAGE(.BOTH.,#12943);
#12943 = SURFACE_SIDE_STYLE('',(#12944));
#12944 = SURFACE_STYLE_FILL_AREA(#12945);
#12945 = FILL_AREA_STYLE('',(#12946));
#12946 = FILL_AREA_STYLE_COLOUR('',#12862);
#12947 = OVER_RIDING_STYLED_ITEM('overriding color',(#12948),#6220,
  #11696);
#12948 = PRESENTATION_STYLE_ASSIGNMENT((#12949));
#12949 = SURFACE_STYLE_USAGE(.BOTH.,#12950);
#12950 = SURFACE_SIDE_STYLE('',(#12951));
#12951 = SURFACE_STYLE_FILL_AREA(#12952);
#12952 = FILL_AREA_STYLE('',(#12953));
#12953 = FILL_AREA_STYLE_COLOUR('',#12862);
#12954 = OVER_RIDING_STYLED_ITEM('overriding color',(#12955),#6248,
  #11696);
#12955 = PRESENTATION_STYLE_ASSIGNMENT((#12956));
#12956 = SURFACE_STYLE_USAGE(.BOTH.,#12957);
#12957 = SURFACE_SIDE_STYLE('',(#12958));
#12958 = SURFACE_STYLE_FILL_AREA(#12959);
#12959 = FILL_AREA_STYLE('',(#12960));
#12960 = FILL_AREA_STYLE_COLOUR('',#12862);
#12961 = OVER_RIDING_STYLED_ITEM('overriding color',(#12962),#6276,
  #11696);
#12962 = PRESENTATION_STYLE_ASSIGNMENT((#12963));
#12963 = SURFACE_STYLE_USAGE(.BOTH.,#12964);
#12964 = SURFACE_SIDE_STYLE('',(#12965));
#12965 = SURFACE_STYLE_FILL_AREA(#12966);
#12966 = FILL_AREA_STYLE('',(#12967));
#12967 = FILL_AREA_STYLE_COLOUR('',#12862);
#12968 = OVER_RIDING_STYLED_ITEM('overriding color',(#12969),#6298,
  #11696);
#12969 = PRESENTATION_STYLE_ASSIGNMENT((#12970));
#12970 = SURFACE_STYLE_USAGE(.BOTH.,#12971);
#12971 = SURFACE_SIDE_STYLE('',(#12972));
#12972 = SURFACE_STYLE_FILL_AREA(#12973);
#12973 = FILL_AREA_STYLE('',(#12974));
#12974 = FILL_AREA_STYLE_COLOUR('',#12862);
#12975 = OVER_RIDING_STYLED_ITEM('overriding color',(#12976),#6326,
  #11696);
#12976 = PRESENTATION_STYLE_ASSIGNMENT((#12977));
#12977 = SURFACE_STYLE_USAGE(.BOTH.,#12978);
#12978 = SURFACE_SIDE_STYLE('',(#12979));
#12979 = SURFACE_STYLE_FILL_AREA(#12980);
#12980 = FILL_AREA_STYLE('',(#12981));
#12981 = FILL_AREA_STYLE_COLOUR('',#12862);
#12982 = OVER_RIDING_STYLED_ITEM('overriding color',(#12983),#6354,
  #11696);
#12983 = PRESENTATION_STYLE_ASSIGNMENT((#12984));
#12984 = SURFACE_STYLE_USAGE(.BOTH.,#12985);
#12985 = SURFACE_SIDE_STYLE('',(#12986));
#12986 = SURFACE_STYLE_FILL_AREA(#12987);
#12987 = FILL_AREA_STYLE('',(#12988));
#12988 = FILL_AREA_STYLE_COLOUR('',#12862);
#12989 = OVER_RIDING_STYLED_ITEM('overriding color',(#12990),#6382,
  #11696);
#12990 = PRESENTATION_STYLE_ASSIGNMENT((#12991));
#12991 = SURFACE_STYLE_USAGE(.BOTH.,#12992);
#12992 = SURFACE_SIDE_STYLE('',(#12993));
#12993 = SURFACE_STYLE_FILL_AREA(#12994);
#12994 = FILL_AREA_STYLE('',(#12995));
#12995 = FILL_AREA_STYLE_COLOUR('',#12862);
#12996 = OVER_RIDING_STYLED_ITEM('overriding color',(#12997),#6410,
  #11696);
#12997 = PRESENTATION_STYLE_ASSIGNMENT((#12998));
#12998 = SURFACE_STYLE_USAGE(.BOTH.,#12999);
#12999 = SURFACE_SIDE_STYLE('',(#13000));
#13000 = SURFACE_STYLE_FILL_AREA(#13001);
#13001 = FILL_AREA_STYLE('',(#13002));
#13002 = FILL_AREA_STYLE_COLOUR('',#12862);
#13003 = OVER_RIDING_STYLED_ITEM('overriding color',(#13004),#6432,
  #11696);
#13004 = PRESENTATION_STYLE_ASSIGNMENT((#13005));
#13005 = SURFACE_STYLE_USAGE(.BOTH.,#13006);
#13006 = SURFACE_SIDE_STYLE('',(#13007));
#13007 = SURFACE_STYLE_FILL_AREA(#13008);
#13008 = FILL_AREA_STYLE('',(#13009));
#13009 = FILL_AREA_STYLE_COLOUR('',#12862);
#13010 = OVER_RIDING_STYLED_ITEM('overriding color',(#13011),#6454,
  #11696);
#13011 = PRESENTATION_STYLE_ASSIGNMENT((#13012));
#13012 = SURFACE_STYLE_USAGE(.BOTH.,#13013);
#13013 = SURFACE_SIDE_STYLE('',(#13014));
#13014 = SURFACE_STYLE_FILL_AREA(#13015);
#13015 = FILL_AREA_STYLE('',(#13016));
#13016 = FILL_AREA_STYLE_COLOUR('',#12862);
#13017 = OVER_RIDING_STYLED_ITEM('overriding color',(#13018),#6482,
  #11696);
#13018 = PRESENTATION_STYLE_ASSIGNMENT((#13019));
#13019 = SURFACE_STYLE_USAGE(.BOTH.,#13020);
#13020 = SURFACE_SIDE_STYLE('',(#13021));
#13021 = SURFACE_STYLE_FILL_AREA(#13022);
#13022 = FILL_AREA_STYLE('',(#13023));
#13023 = FILL_AREA_STYLE_COLOUR('',#12862);
#13024 = OVER_RIDING_STYLED_ITEM('overriding color',(#13025),#6504,
  #11696);
#13025 = PRESENTATION_STYLE_ASSIGNMENT((#13026));
#13026 = SURFACE_STYLE_USAGE(.BOTH.,#13027);
#13027 = SURFACE_SIDE_STYLE('',(#13028));
#13028 = SURFACE_STYLE_FILL_AREA(#13029);
#13029 = FILL_AREA_STYLE('',(#13030));
#13030 = FILL_AREA_STYLE_COLOUR('',#12862);
#13031 = OVER_RIDING_STYLED_ITEM('overriding color',(#13032),#6526,
  #11696);
#13032 = PRESENTATION_STYLE_ASSIGNMENT((#13033));
#13033 = SURFACE_STYLE_USAGE(.BOTH.,#13034);
#13034 = SURFACE_SIDE_STYLE('',(#13035));
#13035 = SURFACE_STYLE_FILL_AREA(#13036);
#13036 = FILL_AREA_STYLE('',(#13037));
#13037 = FILL_AREA_STYLE_COLOUR('',#12862);
#13038 = OVER_RIDING_STYLED_ITEM('overriding color',(#13039),#6548,
  #11696);
#13039 = PRESENTATION_STYLE_ASSIGNMENT((#13040));
#13040 = SURFACE_STYLE_USAGE(.BOTH.,#13041);
#13041 = SURFACE_SIDE_STYLE('',(#13042));
#13042 = SURFACE_STYLE_FILL_AREA(#13043);
#13043 = FILL_AREA_STYLE('',(#13044));
#13044 = FILL_AREA_STYLE_COLOUR('',#12862);
#13045 = OVER_RIDING_STYLED_ITEM('overriding color',(#13046),#6570,
  #11696);
#13046 = PRESENTATION_STYLE_ASSIGNMENT((#13047));
#13047 = SURFACE_STYLE_USAGE(.BOTH.,#13048);
#13048 = SURFACE_SIDE_STYLE('',(#13049));
#13049 = SURFACE_STYLE_FILL_AREA(#13050);
#13050 = FILL_AREA_STYLE('',(#13051));
#13051 = FILL_AREA_STYLE_COLOUR('',#12862);
#13052 = OVER_RIDING_STYLED_ITEM('overriding color',(#13053),#6592,
  #11696);
#13053 = PRESENTATION_STYLE_ASSIGNMENT((#13054));
#13054 = SURFACE_STYLE_USAGE(.BOTH.,#13055);
#13055 = SURFACE_SIDE_STYLE('',(#13056));
#13056 = SURFACE_STYLE_FILL_AREA(#13057);
#13057 = FILL_AREA_STYLE('',(#13058));
#13058 = FILL_AREA_STYLE_COLOUR('',#12862);
#13059 = OVER_RIDING_STYLED_ITEM('overriding color',(#13060),#6614,
  #11696);
#13060 = PRESENTATION_STYLE_ASSIGNMENT((#13061));
#13061 = SURFACE_STYLE_USAGE(.BOTH.,#13062);
#13062 = SURFACE_SIDE_STYLE('',(#13063));
#13063 = SURFACE_STYLE_FILL_AREA(#13064);
#13064 = FILL_AREA_STYLE('',(#13065));
#13065 = FILL_AREA_STYLE_COLOUR('',#12862);
#13066 = OVER_RIDING_STYLED_ITEM('overriding color',(#13067),#6636,
  #11696);
#13067 = PRESENTATION_STYLE_ASSIGNMENT((#13068));
#13068 = SURFACE_STYLE_USAGE(.BOTH.,#13069);
#13069 = SURFACE_SIDE_STYLE('',(#13070));
#13070 = SURFACE_STYLE_FILL_AREA(#13071);
#13071 = FILL_AREA_STYLE('',(#13072));
#13072 = FILL_AREA_STYLE_COLOUR('',#12862);
#13073 = OVER_RIDING_STYLED_ITEM('overriding color',(#13074),#6658,
  #11696);
#13074 = PRESENTATION_STYLE_ASSIGNMENT((#13075));
#13075 = SURFACE_STYLE_USAGE(.BOTH.,#13076);
#13076 = SURFACE_SIDE_STYLE('',(#13077));
#13077 = SURFACE_STYLE_FILL_AREA(#13078);
#13078 = FILL_AREA_STYLE('',(#13079));
#13079 = FILL_AREA_STYLE_COLOUR('',#12862);
#13080 = OVER_RIDING_STYLED_ITEM('overriding color',(#13081),#6680,
  #11696);
#13081 = PRESENTATION_STYLE_ASSIGNMENT((#13082));
#13082 = SURFACE_STYLE_USAGE(.BOTH.,#13083);
#13083 = SURFACE_SIDE_STYLE('',(#13084));
#13084 = SURFACE_STYLE_FILL_AREA(#13085);
#13085 = FILL_AREA_STYLE('',(#13086));
#13086 = FILL_AREA_STYLE_COLOUR('',#12862);
#13087 = OVER_RIDING_STYLED_ITEM('overriding color',(#13088),#6702,
  #11696);
#13088 = PRESENTATION_STYLE_ASSIGNMENT((#13089));
#13089 = SURFACE_STYLE_USAGE(.BOTH.,#13090);
#13090 = SURFACE_SIDE_STYLE('',(#13091));
#13091 = SURFACE_STYLE_FILL_AREA(#13092);
#13092 = FILL_AREA_STYLE('',(#13093));
#13093 = FILL_AREA_STYLE_COLOUR('',#12862);
#13094 = OVER_RIDING_STYLED_ITEM('overriding color',(#13095),#6718,
  #11696);
#13095 = PRESENTATION_STYLE_ASSIGNMENT((#13096));
#13096 = SURFACE_STYLE_USAGE(.BOTH.,#13097);
#13097 = SURFACE_SIDE_STYLE('',(#13098));
#13098 = SURFACE_STYLE_FILL_AREA(#13099);
#13099 = FILL_AREA_STYLE('',(#13100));
#13100 = FILL_AREA_STYLE_COLOUR('',#12862);
#13101 = OVER_RIDING_STYLED_ITEM('overriding color',(#13102),#6738,
  #11696);
#13102 = PRESENTATION_STYLE_ASSIGNMENT((#13103));
#13103 = SURFACE_STYLE_USAGE(.BOTH.,#13104);
#13104 = SURFACE_SIDE_STYLE('',(#13105));
#13105 = SURFACE_STYLE_FILL_AREA(#13106);
#13106 = FILL_AREA_STYLE('',(#13107));
#13107 = FILL_AREA_STYLE_COLOUR('',#12862);
#13108 = OVER_RIDING_STYLED_ITEM('overriding color',(#13109),#6862,
  #11696);
#13109 = PRESENTATION_STYLE_ASSIGNMENT((#13110));
#13110 = SURFACE_STYLE_USAGE(.BOTH.,#13111);
#13111 = SURFACE_SIDE_STYLE('',(#13112));
#13112 = SURFACE_STYLE_FILL_AREA(#13113);
#13113 = FILL_AREA_STYLE('',(#13114));
#13114 = FILL_AREA_STYLE_COLOUR('',#12862);
#13115 = OVER_RIDING_STYLED_ITEM('overriding color',(#13116),#6882,
  #11696);
#13116 = PRESENTATION_STYLE_ASSIGNMENT((#13117));
#13117 = SURFACE_STYLE_USAGE(.BOTH.,#13118);
#13118 = SURFACE_SIDE_STYLE('',(#13119));
#13119 = SURFACE_STYLE_FILL_AREA(#13120);
#13120 = FILL_AREA_STYLE('',(#13121));
#13121 = FILL_AREA_STYLE_COLOUR('',#12862);
#13122 = OVER_RIDING_STYLED_ITEM('overriding color',(#13123),#6902,
  #11696);
#13123 = PRESENTATION_STYLE_ASSIGNMENT((#13124));
#13124 = SURFACE_STYLE_USAGE(.BOTH.,#13125);
#13125 = SURFACE_SIDE_STYLE('',(#13126));
#13126 = SURFACE_STYLE_FILL_AREA(#13127);
#13127 = FILL_AREA_STYLE('',(#13128));
#13128 = FILL_AREA_STYLE_COLOUR('',#12862);
#13129 = OVER_RIDING_STYLED_ITEM('overriding color',(#13130),#6922,
  #11696);
#13130 = PRESENTATION_STYLE_ASSIGNMENT((#13131));
#13131 = SURFACE_STYLE_USAGE(.BOTH.,#13132);
#13132 = SURFACE_SIDE_STYLE('',(#13133));
#13133 = SURFACE_STYLE_FILL_AREA(#13134);
#13134 = FILL_AREA_STYLE('',(#13135));
#13135 = FILL_AREA_STYLE_COLOUR('',#12862);
#13136 = OVER_RIDING_STYLED_ITEM('overriding color',(#13137),#6942,
  #11696);
#13137 = PRESENTATION_STYLE_ASSIGNMENT((#13138));
#13138 = SURFACE_STYLE_USAGE(.BOTH.,#13139);
#13139 = SURFACE_SIDE_STYLE('',(#13140));
#13140 = SURFACE_STYLE_FILL_AREA(#13141);
#13141 = FILL_AREA_STYLE('',(#13142));
#13142 = FILL_AREA_STYLE_COLOUR('',#12862);
#13143 = OVER_RIDING_STYLED_ITEM('overriding color',(#13144),#6962,
  #11696);
#13144 = PRESENTATION_STYLE_ASSIGNMENT((#13145));
#13145 = SURFACE_STYLE_USAGE(.BOTH.,#13146);
#13146 = SURFACE_SIDE_STYLE('',(#13147));
#13147 = SURFACE_STYLE_FILL_AREA(#13148);
#13148 = FILL_AREA_STYLE('',(#13149));
#13149 = FILL_AREA_STYLE_COLOUR('',#12862);
#13150 = OVER_RIDING_STYLED_ITEM('overriding color',(#13151),#6978,
  #11696);
#13151 = PRESENTATION_STYLE_ASSIGNMENT((#13152));
#13152 = SURFACE_STYLE_USAGE(.BOTH.,#13153);
#13153 = SURFACE_SIDE_STYLE('',(#13154));
#13154 = SURFACE_STYLE_FILL_AREA(#13155);
#13155 = FILL_AREA_STYLE('',(#13156));
#13156 = FILL_AREA_STYLE_COLOUR('',#12862);
#13157 = OVER_RIDING_STYLED_ITEM('overriding color',(#13158),#6990,
  #11696);
#13158 = PRESENTATION_STYLE_ASSIGNMENT((#13159));
#13159 = SURFACE_STYLE_USAGE(.BOTH.,#13160);
#13160 = SURFACE_SIDE_STYLE('',(#13161));
#13161 = SURFACE_STYLE_FILL_AREA(#13162);
#13162 = FILL_AREA_STYLE('',(#13163));
#13163 = FILL_AREA_STYLE_COLOUR('',#12862);
#13164 = OVER_RIDING_STYLED_ITEM('overriding color',(#13165),#7018,
  #11696);
#13165 = PRESENTATION_STYLE_ASSIGNMENT((#13166));
#13166 = SURFACE_STYLE_USAGE(.BOTH.,#13167);
#13167 = SURFACE_SIDE_STYLE('',(#13168));
#13168 = SURFACE_STYLE_FILL_AREA(#13169);
#13169 = FILL_AREA_STYLE('',(#13170));
#13170 = FILL_AREA_STYLE_COLOUR('',#12862);
#13171 = OVER_RIDING_STYLED_ITEM('overriding color',(#13172),#7040,
  #11696);
#13172 = PRESENTATION_STYLE_ASSIGNMENT((#13173));
#13173 = SURFACE_STYLE_USAGE(.BOTH.,#13174);
#13174 = SURFACE_SIDE_STYLE('',(#13175));
#13175 = SURFACE_STYLE_FILL_AREA(#13176);
#13176 = FILL_AREA_STYLE('',(#13177));
#13177 = FILL_AREA_STYLE_COLOUR('',#12862);
#13178 = OVER_RIDING_STYLED_ITEM('overriding color',(#13179),#7062,
  #11696);
#13179 = PRESENTATION_STYLE_ASSIGNMENT((#13180));
#13180 = SURFACE_STYLE_USAGE(.BOTH.,#13181);
#13181 = SURFACE_SIDE_STYLE('',(#13182));
#13182 = SURFACE_STYLE_FILL_AREA(#13183);
#13183 = FILL_AREA_STYLE('',(#13184));
#13184 = FILL_AREA_STYLE_COLOUR('',#12862);
#13185 = OVER_RIDING_STYLED_ITEM('overriding color',(#13186),#7090,
  #11696);
#13186 = PRESENTATION_STYLE_ASSIGNMENT((#13187));
#13187 = SURFACE_STYLE_USAGE(.BOTH.,#13188);
#13188 = SURFACE_SIDE_STYLE('',(#13189));
#13189 = SURFACE_STYLE_FILL_AREA(#13190);
#13190 = FILL_AREA_STYLE('',(#13191));
#13191 = FILL_AREA_STYLE_COLOUR('',#12862);
#13192 = OVER_RIDING_STYLED_ITEM('overriding color',(#13193),#7118,
  #11696);
#13193 = PRESENTATION_STYLE_ASSIGNMENT((#13194));
#13194 = SURFACE_STYLE_USAGE(.BOTH.,#13195);
#13195 = SURFACE_SIDE_STYLE('',(#13196));
#13196 = SURFACE_STYLE_FILL_AREA(#13197);
#13197 = FILL_AREA_STYLE('',(#13198));
#13198 = FILL_AREA_STYLE_COLOUR('',#12862);
#13199 = OVER_RIDING_STYLED_ITEM('overriding color',(#13200),#7146,
  #11696);
#13200 = PRESENTATION_STYLE_ASSIGNMENT((#13201));
#13201 = SURFACE_STYLE_USAGE(.BOTH.,#13202);
#13202 = SURFACE_SIDE_STYLE('',(#13203));
#13203 = SURFACE_STYLE_FILL_AREA(#13204);
#13204 = FILL_AREA_STYLE('',(#13205));
#13205 = FILL_AREA_STYLE_COLOUR('',#12862);
#13206 = OVER_RIDING_STYLED_ITEM('overriding color',(#13207),#7168,
  #11696);
#13207 = PRESENTATION_STYLE_ASSIGNMENT((#13208));
#13208 = SURFACE_STYLE_USAGE(.BOTH.,#13209);
#13209 = SURFACE_SIDE_STYLE('',(#13210));
#13210 = SURFACE_STYLE_FILL_AREA(#13211);
#13211 = FILL_AREA_STYLE('',(#13212));
#13212 = FILL_AREA_STYLE_COLOUR('',#11703);
#13213 = OVER_RIDING_STYLED_ITEM('overriding color',(#13214),#7183,
  #11696);
#13214 = PRESENTATION_STYLE_ASSIGNMENT((#13215));
#13215 = SURFACE_STYLE_USAGE(.BOTH.,#13216);
#13216 = SURFACE_SIDE_STYLE('',(#13217));
#13217 = SURFACE_STYLE_FILL_AREA(#13218);
#13218 = FILL_AREA_STYLE('',(#13219));
#13219 = FILL_AREA_STYLE_COLOUR('',#12862);
#13220 = OVER_RIDING_STYLED_ITEM('overriding color',(#13221),#7295,
  #11696);
#13221 = PRESENTATION_STYLE_ASSIGNMENT((#13222));
#13222 = SURFACE_STYLE_USAGE(.BOTH.,#13223);
#13223 = SURFACE_SIDE_STYLE('',(#13224));
#13224 = SURFACE_STYLE_FILL_AREA(#13225);
#13225 = FILL_AREA_STYLE('',(#13226));
#13226 = FILL_AREA_STYLE_COLOUR('',#12862);
#13227 = OVER_RIDING_STYLED_ITEM('overriding color',(#13228),#7315,
  #11696);
#13228 = PRESENTATION_STYLE_ASSIGNMENT((#13229));
#13229 = SURFACE_STYLE_USAGE(.BOTH.,#13230);
#13230 = SURFACE_SIDE_STYLE('',(#13231));
#13231 = SURFACE_STYLE_FILL_AREA(#13232);
#13232 = FILL_AREA_STYLE('',(#13233));
#13233 = FILL_AREA_STYLE_COLOUR('',#12862);
#13234 = OVER_RIDING_STYLED_ITEM('overriding color',(#13235),#7331,
  #11696);
#13235 = PRESENTATION_STYLE_ASSIGNMENT((#13236));
#13236 = SURFACE_STYLE_USAGE(.BOTH.,#13237);
#13237 = SURFACE_SIDE_STYLE('',(#13238));
#13238 = SURFACE_STYLE_FILL_AREA(#13239);
#13239 = FILL_AREA_STYLE('',(#13240));
#13240 = FILL_AREA_STYLE_COLOUR('',#12862);
#13241 = OVER_RIDING_STYLED_ITEM('overriding color',(#13242),#7347,
  #11696);
#13242 = PRESENTATION_STYLE_ASSIGNMENT((#13243));
#13243 = SURFACE_STYLE_USAGE(.BOTH.,#13244);
#13244 = SURFACE_SIDE_STYLE('',(#13245));
#13245 = SURFACE_STYLE_FILL_AREA(#13246);
#13246 = FILL_AREA_STYLE('',(#13247));
#13247 = FILL_AREA_STYLE_COLOUR('',#12862);
#13248 = OVER_RIDING_STYLED_ITEM('overriding color',(#13249),#7363,
  #11696);
#13249 = PRESENTATION_STYLE_ASSIGNMENT((#13250));
#13250 = SURFACE_STYLE_USAGE(.BOTH.,#13251);
#13251 = SURFACE_SIDE_STYLE('',(#13252));
#13252 = SURFACE_STYLE_FILL_AREA(#13253);
#13253 = FILL_AREA_STYLE('',(#13254));
#13254 = FILL_AREA_STYLE_COLOUR('',#12862);
#13255 = OVER_RIDING_STYLED_ITEM('overriding color',(#13256),#7379,
  #11696);
#13256 = PRESENTATION_STYLE_ASSIGNMENT((#13257));
#13257 = SURFACE_STYLE_USAGE(.BOTH.,#13258);
#13258 = SURFACE_SIDE_STYLE('',(#13259));
#13259 = SURFACE_STYLE_FILL_AREA(#13260);
#13260 = FILL_AREA_STYLE('',(#13261));
#13261 = FILL_AREA_STYLE_COLOUR('',#12862);
#13262 = OVER_RIDING_STYLED_ITEM('overriding color',(#13263),#7395,
  #11696);
#13263 = PRESENTATION_STYLE_ASSIGNMENT((#13264));
#13264 = SURFACE_STYLE_USAGE(.BOTH.,#13265);
#13265 = SURFACE_SIDE_STYLE('',(#13266));
#13266 = SURFACE_STYLE_FILL_AREA(#13267);
#13267 = FILL_AREA_STYLE('',(#13268));
#13268 = FILL_AREA_STYLE_COLOUR('',#12862);
#13269 = OVER_RIDING_STYLED_ITEM('overriding color',(#13270),#7411,
  #11696);
#13270 = PRESENTATION_STYLE_ASSIGNMENT((#13271));
#13271 = SURFACE_STYLE_USAGE(.BOTH.,#13272);
#13272 = SURFACE_SIDE_STYLE('',(#13273));
#13273 = SURFACE_STYLE_FILL_AREA(#13274);
#13274 = FILL_AREA_STYLE('',(#13275));
#13275 = FILL_AREA_STYLE_COLOUR('',#12862);
#13276 = OVER_RIDING_STYLED_ITEM('overriding color',(#13277),#7423,
  #11696);
#13277 = PRESENTATION_STYLE_ASSIGNMENT((#13278));
#13278 = SURFACE_STYLE_USAGE(.BOTH.,#13279);
#13279 = SURFACE_SIDE_STYLE('',(#13280));
#13280 = SURFACE_STYLE_FILL_AREA(#13281);
#13281 = FILL_AREA_STYLE('',(#13282));
#13282 = FILL_AREA_STYLE_COLOUR('',#12862);
#13283 = OVER_RIDING_STYLED_ITEM('overriding color',(#13284),#7451,
  #11696);
#13284 = PRESENTATION_STYLE_ASSIGNMENT((#13285));
#13285 = SURFACE_STYLE_USAGE(.BOTH.,#13286);
#13286 = SURFACE_SIDE_STYLE('',(#13287));
#13287 = SURFACE_STYLE_FILL_AREA(#13288);
#13288 = FILL_AREA_STYLE('',(#13289));
#13289 = FILL_AREA_STYLE_COLOUR('',#12862);
#13290 = OVER_RIDING_STYLED_ITEM('overriding color',(#13291),#7473,
  #11696);
#13291 = PRESENTATION_STYLE_ASSIGNMENT((#13292));
#13292 = SURFACE_STYLE_USAGE(.BOTH.,#13293);
#13293 = SURFACE_SIDE_STYLE('',(#13294));
#13294 = SURFACE_STYLE_FILL_AREA(#13295);
#13295 = FILL_AREA_STYLE('',(#13296));
#13296 = FILL_AREA_STYLE_COLOUR('',#12862);
#13297 = OVER_RIDING_STYLED_ITEM('overriding color',(#13298),#7501,
  #11696);
#13298 = PRESENTATION_STYLE_ASSIGNMENT((#13299));
#13299 = SURFACE_STYLE_USAGE(.BOTH.,#13300);
#13300 = SURFACE_SIDE_STYLE('',(#13301));
#13301 = SURFACE_STYLE_FILL_AREA(#13302);
#13302 = FILL_AREA_STYLE('',(#13303));
#13303 = FILL_AREA_STYLE_COLOUR('',#12862);
#13304 = OVER_RIDING_STYLED_ITEM('overriding color',(#13305),#7523,
  #11696);
#13305 = PRESENTATION_STYLE_ASSIGNMENT((#13306));
#13306 = SURFACE_STYLE_USAGE(.BOTH.,#13307);
#13307 = SURFACE_SIDE_STYLE('',(#13308));
#13308 = SURFACE_STYLE_FILL_AREA(#13309);
#13309 = FILL_AREA_STYLE('',(#13310));
#13310 = FILL_AREA_STYLE_COLOUR('',#12862);
#13311 = OVER_RIDING_STYLED_ITEM('overriding color',(#13312),#7551,
  #11696);
#13312 = PRESENTATION_STYLE_ASSIGNMENT((#13313));
#13313 = SURFACE_STYLE_USAGE(.BOTH.,#13314);
#13314 = SURFACE_SIDE_STYLE('',(#13315));
#13315 = SURFACE_STYLE_FILL_AREA(#13316);
#13316 = FILL_AREA_STYLE('',(#13317));
#13317 = FILL_AREA_STYLE_COLOUR('',#12862);
#13318 = OVER_RIDING_STYLED_ITEM('overriding color',(#13319),#7567,
  #11696);
#13319 = PRESENTATION_STYLE_ASSIGNMENT((#13320));
#13320 = SURFACE_STYLE_USAGE(.BOTH.,#13321);
#13321 = SURFACE_SIDE_STYLE('',(#13322));
#13322 = SURFACE_STYLE_FILL_AREA(#13323);
#13323 = FILL_AREA_STYLE('',(#13324));
#13324 = FILL_AREA_STYLE_COLOUR('',#11703);
#13325 = OVER_RIDING_STYLED_ITEM('overriding color',(#13326),#7581,
  #11696);
#13326 = PRESENTATION_STYLE_ASSIGNMENT((#13327));
#13327 = SURFACE_STYLE_USAGE(.BOTH.,#13328);
#13328 = SURFACE_SIDE_STYLE('',(#13329));
#13329 = SURFACE_STYLE_FILL_AREA(#13330);
#13330 = FILL_AREA_STYLE('',(#13331));
#13331 = FILL_AREA_STYLE_COLOUR('',#12862);
#13332 = OVER_RIDING_STYLED_ITEM('overriding color',(#13333),#7609,
  #11696);
#13333 = PRESENTATION_STYLE_ASSIGNMENT((#13334));
#13334 = SURFACE_STYLE_USAGE(.BOTH.,#13335);
#13335 = SURFACE_SIDE_STYLE('',(#13336));
#13336 = SURFACE_STYLE_FILL_AREA(#13337);
#13337 = FILL_AREA_STYLE('',(#13338));
#13338 = FILL_AREA_STYLE_COLOUR('',#12862);
#13339 = OVER_RIDING_STYLED_ITEM('overriding color',(#13340),#7631,
  #11696);
#13340 = PRESENTATION_STYLE_ASSIGNMENT((#13341));
#13341 = SURFACE_STYLE_USAGE(.BOTH.,#13342);
#13342 = SURFACE_SIDE_STYLE('',(#13343));
#13343 = SURFACE_STYLE_FILL_AREA(#13344);
#13344 = FILL_AREA_STYLE('',(#13345));
#13345 = FILL_AREA_STYLE_COLOUR('',#12862);
#13346 = OVER_RIDING_STYLED_ITEM('overriding color',(#13347),#7653,
  #11696);
#13347 = PRESENTATION_STYLE_ASSIGNMENT((#13348));
#13348 = SURFACE_STYLE_USAGE(.BOTH.,#13349);
#13349 = SURFACE_SIDE_STYLE('',(#13350));
#13350 = SURFACE_STYLE_FILL_AREA(#13351);
#13351 = FILL_AREA_STYLE('',(#13352));
#13352 = FILL_AREA_STYLE_COLOUR('',#12862);
#13353 = OVER_RIDING_STYLED_ITEM('overriding color',(#13354),#7675,
  #11696);
#13354 = PRESENTATION_STYLE_ASSIGNMENT((#13355));
#13355 = SURFACE_STYLE_USAGE(.BOTH.,#13356);
#13356 = SURFACE_SIDE_STYLE('',(#13357));
#13357 = SURFACE_STYLE_FILL_AREA(#13358);
#13358 = FILL_AREA_STYLE('',(#13359));
#13359 = FILL_AREA_STYLE_COLOUR('',#12862);
#13360 = OVER_RIDING_STYLED_ITEM('overriding color',(#13361),#7697,
  #11696);
#13361 = PRESENTATION_STYLE_ASSIGNMENT((#13362));
#13362 = SURFACE_STYLE_USAGE(.BOTH.,#13363);
#13363 = SURFACE_SIDE_STYLE('',(#13364));
#13364 = SURFACE_STYLE_FILL_AREA(#13365);
#13365 = FILL_AREA_STYLE('',(#13366));
#13366 = FILL_AREA_STYLE_COLOUR('',#12862);
#13367 = OVER_RIDING_STYLED_ITEM('overriding color',(#13368),#7719,
  #11696);
#13368 = PRESENTATION_STYLE_ASSIGNMENT((#13369));
#13369 = SURFACE_STYLE_USAGE(.BOTH.,#13370);
#13370 = SURFACE_SIDE_STYLE('',(#13371));
#13371 = SURFACE_STYLE_FILL_AREA(#13372);
#13372 = FILL_AREA_STYLE('',(#13373));
#13373 = FILL_AREA_STYLE_COLOUR('',#12862);
#13374 = OVER_RIDING_STYLED_ITEM('overriding color',(#13375),#7741,
  #11696);
#13375 = PRESENTATION_STYLE_ASSIGNMENT((#13376));
#13376 = SURFACE_STYLE_USAGE(.BOTH.,#13377);
#13377 = SURFACE_SIDE_STYLE('',(#13378));
#13378 = SURFACE_STYLE_FILL_AREA(#13379);
#13379 = FILL_AREA_STYLE('',(#13380));
#13380 = FILL_AREA_STYLE_COLOUR('',#12862);
#13381 = OVER_RIDING_STYLED_ITEM('overriding color',(#13382),#7763,
  #11696);
#13382 = PRESENTATION_STYLE_ASSIGNMENT((#13383));
#13383 = SURFACE_STYLE_USAGE(.BOTH.,#13384);
#13384 = SURFACE_SIDE_STYLE('',(#13385));
#13385 = SURFACE_STYLE_FILL_AREA(#13386);
#13386 = FILL_AREA_STYLE('',(#13387));
#13387 = FILL_AREA_STYLE_COLOUR('',#12862);
#13388 = OVER_RIDING_STYLED_ITEM('overriding color',(#13389),#7785,
  #11696);
#13389 = PRESENTATION_STYLE_ASSIGNMENT((#13390));
#13390 = SURFACE_STYLE_USAGE(.BOTH.,#13391);
#13391 = SURFACE_SIDE_STYLE('',(#13392));
#13392 = SURFACE_STYLE_FILL_AREA(#13393);
#13393 = FILL_AREA_STYLE('',(#13394));
#13394 = FILL_AREA_STYLE_COLOUR('',#12862);
#13395 = OVER_RIDING_STYLED_ITEM('overriding color',(#13396),#7807,
  #11696);
#13396 = PRESENTATION_STYLE_ASSIGNMENT((#13397));
#13397 = SURFACE_STYLE_USAGE(.BOTH.,#13398);
#13398 = SURFACE_SIDE_STYLE('',(#13399));
#13399 = SURFACE_STYLE_FILL_AREA(#13400);
#13400 = FILL_AREA_STYLE('',(#13401));
#13401 = FILL_AREA_STYLE_COLOUR('',#12862);
#13402 = OVER_RIDING_STYLED_ITEM('overriding color',(#13403),#7829,
  #11696);
#13403 = PRESENTATION_STYLE_ASSIGNMENT((#13404));
#13404 = SURFACE_STYLE_USAGE(.BOTH.,#13405);
#13405 = SURFACE_SIDE_STYLE('',(#13406));
#13406 = SURFACE_STYLE_FILL_AREA(#13407);
#13407 = FILL_AREA_STYLE('',(#13408));
#13408 = FILL_AREA_STYLE_COLOUR('',#12862);
#13409 = OVER_RIDING_STYLED_ITEM('overriding color',(#13410),#7845,
  #11696);
#13410 = PRESENTATION_STYLE_ASSIGNMENT((#13411));
#13411 = SURFACE_STYLE_USAGE(.BOTH.,#13412);
#13412 = SURFACE_SIDE_STYLE('',(#13413));
#13413 = SURFACE_STYLE_FILL_AREA(#13414);
#13414 = FILL_AREA_STYLE('',(#13415));
#13415 = FILL_AREA_STYLE_COLOUR('',#12862);
#13416 = OVER_RIDING_STYLED_ITEM('overriding color',(#13417),#7865,
  #11696);
#13417 = PRESENTATION_STYLE_ASSIGNMENT((#13418));
#13418 = SURFACE_STYLE_USAGE(.BOTH.,#13419);
#13419 = SURFACE_SIDE_STYLE('',(#13420));
#13420 = SURFACE_STYLE_FILL_AREA(#13421);
#13421 = FILL_AREA_STYLE('',(#13422));
#13422 = FILL_AREA_STYLE_COLOUR('',#12862);
#13423 = OVER_RIDING_STYLED_ITEM('overriding color',(#13424),#8057,
  #11696);
#13424 = PRESENTATION_STYLE_ASSIGNMENT((#13425));
#13425 = SURFACE_STYLE_USAGE(.BOTH.,#13426);
#13426 = SURFACE_SIDE_STYLE('',(#13427));
#13427 = SURFACE_STYLE_FILL_AREA(#13428);
#13428 = FILL_AREA_STYLE('',(#13429));
#13429 = FILL_AREA_STYLE_COLOUR('',#12862);
#13430 = OVER_RIDING_STYLED_ITEM('overriding color',(#13431),#8081,
  #11696);
#13431 = PRESENTATION_STYLE_ASSIGNMENT((#13432));
#13432 = SURFACE_STYLE_USAGE(.BOTH.,#13433);
#13433 = SURFACE_SIDE_STYLE('',(#13434));
#13434 = SURFACE_STYLE_FILL_AREA(#13435);
#13435 = FILL_AREA_STYLE('',(#13436));
#13436 = FILL_AREA_STYLE_COLOUR('',#12862);
#13437 = OVER_RIDING_STYLED_ITEM('overriding color',(#13438),#8097,
  #11696);
#13438 = PRESENTATION_STYLE_ASSIGNMENT((#13439));
#13439 = SURFACE_STYLE_USAGE(.BOTH.,#13440);
#13440 = SURFACE_SIDE_STYLE('',(#13441));
#13441 = SURFACE_STYLE_FILL_AREA(#13442);
#13442 = FILL_AREA_STYLE('',(#13443));
#13443 = FILL_AREA_STYLE_COLOUR('',#12862);
#13444 = OVER_RIDING_STYLED_ITEM('overriding color',(#13445),#8117,
  #11696);
#13445 = PRESENTATION_STYLE_ASSIGNMENT((#13446));
#13446 = SURFACE_STYLE_USAGE(.BOTH.,#13447);
#13447 = SURFACE_SIDE_STYLE('',(#13448));
#13448 = SURFACE_STYLE_FILL_AREA(#13449);
#13449 = FILL_AREA_STYLE('',(#13450));
#13450 = FILL_AREA_STYLE_COLOUR('',#12862);
#13451 = OVER_RIDING_STYLED_ITEM('overriding color',(#13452),#8137,
  #11696);
#13452 = PRESENTATION_STYLE_ASSIGNMENT((#13453));
#13453 = SURFACE_STYLE_USAGE(.BOTH.,#13454);
#13454 = SURFACE_SIDE_STYLE('',(#13455));
#13455 = SURFACE_STYLE_FILL_AREA(#13456);
#13456 = FILL_AREA_STYLE('',(#13457));
#13457 = FILL_AREA_STYLE_COLOUR('',#12862);
#13458 = OVER_RIDING_STYLED_ITEM('overriding color',(#13459),#8153,
  #11696);
#13459 = PRESENTATION_STYLE_ASSIGNMENT((#13460));
#13460 = SURFACE_STYLE_USAGE(.BOTH.,#13461);
#13461 = SURFACE_SIDE_STYLE('',(#13462));
#13462 = SURFACE_STYLE_FILL_AREA(#13463);
#13463 = FILL_AREA_STYLE('',(#13464));
#13464 = FILL_AREA_STYLE_COLOUR('',#12862);
#13465 = OVER_RIDING_STYLED_ITEM('overriding color',(#13466),#8173,
  #11696);
#13466 = PRESENTATION_STYLE_ASSIGNMENT((#13467));
#13467 = SURFACE_STYLE_USAGE(.BOTH.,#13468);
#13468 = SURFACE_SIDE_STYLE('',(#13469));
#13469 = SURFACE_STYLE_FILL_AREA(#13470);
#13470 = FILL_AREA_STYLE('',(#13471));
#13471 = FILL_AREA_STYLE_COLOUR('',#12862);
#13472 = OVER_RIDING_STYLED_ITEM('overriding color',(#13473),#8193,
  #11696);
#13473 = PRESENTATION_STYLE_ASSIGNMENT((#13474));
#13474 = SURFACE_STYLE_USAGE(.BOTH.,#13475);
#13475 = SURFACE_SIDE_STYLE('',(#13476));
#13476 = SURFACE_STYLE_FILL_AREA(#13477);
#13477 = FILL_AREA_STYLE('',(#13478));
#13478 = FILL_AREA_STYLE_COLOUR('',#12862);
#13479 = OVER_RIDING_STYLED_ITEM('overriding color',(#13480),#8213,
  #11696);
#13480 = PRESENTATION_STYLE_ASSIGNMENT((#13481));
#13481 = SURFACE_STYLE_USAGE(.BOTH.,#13482);
#13482 = SURFACE_SIDE_STYLE('',(#13483));
#13483 = SURFACE_STYLE_FILL_AREA(#13484);
#13484 = FILL_AREA_STYLE('',(#13485));
#13485 = FILL_AREA_STYLE_COLOUR('',#12862);
#13486 = OVER_RIDING_STYLED_ITEM('overriding color',(#13487),#8233,
  #11696);
#13487 = PRESENTATION_STYLE_ASSIGNMENT((#13488));
#13488 = SURFACE_STYLE_USAGE(.BOTH.,#13489);
#13489 = SURFACE_SIDE_STYLE('',(#13490));
#13490 = SURFACE_STYLE_FILL_AREA(#13491);
#13491 = FILL_AREA_STYLE('',(#13492));
#13492 = FILL_AREA_STYLE_COLOUR('',#12862);
#13493 = OVER_RIDING_STYLED_ITEM('overriding color',(#13494),#8249,
  #11696);
#13494 = PRESENTATION_STYLE_ASSIGNMENT((#13495));
#13495 = SURFACE_STYLE_USAGE(.BOTH.,#13496);
#13496 = SURFACE_SIDE_STYLE('',(#13497));
#13497 = SURFACE_STYLE_FILL_AREA(#13498);
#13498 = FILL_AREA_STYLE('',(#13499));
#13499 = FILL_AREA_STYLE_COLOUR('',#12862);
#13500 = OVER_RIDING_STYLED_ITEM('overriding color',(#13501),#8265,
  #11696);
#13501 = PRESENTATION_STYLE_ASSIGNMENT((#13502));
#13502 = SURFACE_STYLE_USAGE(.BOTH.,#13503);
#13503 = SURFACE_SIDE_STYLE('',(#13504));
#13504 = SURFACE_STYLE_FILL_AREA(#13505);
#13505 = FILL_AREA_STYLE('',(#13506));
#13506 = FILL_AREA_STYLE_COLOUR('',#12862);
#13507 = OVER_RIDING_STYLED_ITEM('overriding color',(#13508),#8281,
  #11696);
#13508 = PRESENTATION_STYLE_ASSIGNMENT((#13509));
#13509 = SURFACE_STYLE_USAGE(.BOTH.,#13510);
#13510 = SURFACE_SIDE_STYLE('',(#13511));
#13511 = SURFACE_STYLE_FILL_AREA(#13512);
#13512 = FILL_AREA_STYLE('',(#13513));
#13513 = FILL_AREA_STYLE_COLOUR('',#12862);
#13514 = OVER_RIDING_STYLED_ITEM('overriding color',(#13515),#8297,
  #11696);
#13515 = PRESENTATION_STYLE_ASSIGNMENT((#13516));
#13516 = SURFACE_STYLE_USAGE(.BOTH.,#13517);
#13517 = SURFACE_SIDE_STYLE('',(#13518));
#13518 = SURFACE_STYLE_FILL_AREA(#13519);
#13519 = FILL_AREA_STYLE('',(#13520));
#13520 = FILL_AREA_STYLE_COLOUR('',#12862);
#13521 = OVER_RIDING_STYLED_ITEM('overriding color',(#13522),#8313,
  #11696);
#13522 = PRESENTATION_STYLE_ASSIGNMENT((#13523));
#13523 = SURFACE_STYLE_USAGE(.BOTH.,#13524);
#13524 = SURFACE_SIDE_STYLE('',(#13525));
#13525 = SURFACE_STYLE_FILL_AREA(#13526);
#13526 = FILL_AREA_STYLE('',(#13527));
#13527 = FILL_AREA_STYLE_COLOUR('',#12862);
#13528 = OVER_RIDING_STYLED_ITEM('overriding color',(#13529),#8347,
  #11696);
#13529 = PRESENTATION_STYLE_ASSIGNMENT((#13530));
#13530 = SURFACE_STYLE_USAGE(.BOTH.,#13531);
#13531 = SURFACE_SIDE_STYLE('',(#13532));
#13532 = SURFACE_STYLE_FILL_AREA(#13533);
#13533 = FILL_AREA_STYLE('',(#13534));
#13534 = FILL_AREA_STYLE_COLOUR('',#12862);
#13535 = OVER_RIDING_STYLED_ITEM('overriding color',(#13536),#8375,
  #11696);
#13536 = PRESENTATION_STYLE_ASSIGNMENT((#13537));
#13537 = SURFACE_STYLE_USAGE(.BOTH.,#13538);
#13538 = SURFACE_SIDE_STYLE('',(#13539));
#13539 = SURFACE_STYLE_FILL_AREA(#13540);
#13540 = FILL_AREA_STYLE('',(#13541));
#13541 = FILL_AREA_STYLE_COLOUR('',#12862);
#13542 = OVER_RIDING_STYLED_ITEM('overriding color',(#13543),#8403,
  #11696);
#13543 = PRESENTATION_STYLE_ASSIGNMENT((#13544));
#13544 = SURFACE_STYLE_USAGE(.BOTH.,#13545);
#13545 = SURFACE_SIDE_STYLE('',(#13546));
#13546 = SURFACE_STYLE_FILL_AREA(#13547);
#13547 = FILL_AREA_STYLE('',(#13548));
#13548 = FILL_AREA_STYLE_COLOUR('',#12862);
#13549 = OVER_RIDING_STYLED_ITEM('overriding color',(#13550),#8431,
  #11696);
#13550 = PRESENTATION_STYLE_ASSIGNMENT((#13551));
#13551 = SURFACE_STYLE_USAGE(.BOTH.,#13552);
#13552 = SURFACE_SIDE_STYLE('',(#13553));
#13553 = SURFACE_STYLE_FILL_AREA(#13554);
#13554 = FILL_AREA_STYLE('',(#13555));
#13555 = FILL_AREA_STYLE_COLOUR('',#12862);
#13556 = OVER_RIDING_STYLED_ITEM('overriding color',(#13557),#8459,
  #11696);
#13557 = PRESENTATION_STYLE_ASSIGNMENT((#13558));
#13558 = SURFACE_STYLE_USAGE(.BOTH.,#13559);
#13559 = SURFACE_SIDE_STYLE('',(#13560));
#13560 = SURFACE_STYLE_FILL_AREA(#13561);
#13561 = FILL_AREA_STYLE('',(#13562));
#13562 = FILL_AREA_STYLE_COLOUR('',#12862);
#13563 = OVER_RIDING_STYLED_ITEM('overriding color',(#13564),#8487,
  #11696);
#13564 = PRESENTATION_STYLE_ASSIGNMENT((#13565));
#13565 = SURFACE_STYLE_USAGE(.BOTH.,#13566);
#13566 = SURFACE_SIDE_STYLE('',(#13567));
#13567 = SURFACE_STYLE_FILL_AREA(#13568);
#13568 = FILL_AREA_STYLE('',(#13569));
#13569 = FILL_AREA_STYLE_COLOUR('',#12862);
#13570 = OVER_RIDING_STYLED_ITEM('overriding color',(#13571),#8509,
  #11696);
#13571 = PRESENTATION_STYLE_ASSIGNMENT((#13572));
#13572 = SURFACE_STYLE_USAGE(.BOTH.,#13573);
#13573 = SURFACE_SIDE_STYLE('',(#13574));
#13574 = SURFACE_STYLE_FILL_AREA(#13575);
#13575 = FILL_AREA_STYLE('',(#13576));
#13576 = FILL_AREA_STYLE_COLOUR('',#12862);
#13577 = OVER_RIDING_STYLED_ITEM('overriding color',(#13578),#8525,
  #11696);
#13578 = PRESENTATION_STYLE_ASSIGNMENT((#13579));
#13579 = SURFACE_STYLE_USAGE(.BOTH.,#13580);
#13580 = SURFACE_SIDE_STYLE('',(#13581));
#13581 = SURFACE_STYLE_FILL_AREA(#13582);
#13582 = FILL_AREA_STYLE('',(#13583));
#13583 = FILL_AREA_STYLE_COLOUR('',#11703);
#13584 = OVER_RIDING_STYLED_ITEM('overriding color',(#13585),#8541,
  #11696);
#13585 = PRESENTATION_STYLE_ASSIGNMENT((#13586));
#13586 = SURFACE_STYLE_USAGE(.BOTH.,#13587);
#13587 = SURFACE_SIDE_STYLE('',(#13588));
#13588 = SURFACE_STYLE_FILL_AREA(#13589);
#13589 = FILL_AREA_STYLE('',(#13590));
#13590 = FILL_AREA_STYLE_COLOUR('',#12862);
#13591 = OVER_RIDING_STYLED_ITEM('overriding color',(#13592),#8575,
  #11696);
#13592 = PRESENTATION_STYLE_ASSIGNMENT((#13593));
#13593 = SURFACE_STYLE_USAGE(.BOTH.,#13594);
#13594 = SURFACE_SIDE_STYLE('',(#13595));
#13595 = SURFACE_STYLE_FILL_AREA(#13596);
#13596 = FILL_AREA_STYLE('',(#13597));
#13597 = FILL_AREA_STYLE_COLOUR('',#12862);
#13598 = OVER_RIDING_STYLED_ITEM('overriding color',(#13599),#8597,
  #11696);
#13599 = PRESENTATION_STYLE_ASSIGNMENT((#13600));
#13600 = SURFACE_STYLE_USAGE(.BOTH.,#13601);
#13601 = SURFACE_SIDE_STYLE('',(#13602));
#13602 = SURFACE_STYLE_FILL_AREA(#13603);
#13603 = FILL_AREA_STYLE('',(#13604));
#13604 = FILL_AREA_STYLE_COLOUR('',#12862);
#13605 = OVER_RIDING_STYLED_ITEM('overriding color',(#13606),#8625,
  #11696);
#13606 = PRESENTATION_STYLE_ASSIGNMENT((#13607));
#13607 = SURFACE_STYLE_USAGE(.BOTH.,#13608);
#13608 = SURFACE_SIDE_STYLE('',(#13609));
#13609 = SURFACE_STYLE_FILL_AREA(#13610);
#13610 = FILL_AREA_STYLE('',(#13611));
#13611 = FILL_AREA_STYLE_COLOUR('',#12862);
#13612 = OVER_RIDING_STYLED_ITEM('overriding color',(#13613),#8653,
  #11696);
#13613 = PRESENTATION_STYLE_ASSIGNMENT((#13614));
#13614 = SURFACE_STYLE_USAGE(.BOTH.,#13615);
#13615 = SURFACE_SIDE_STYLE('',(#13616));
#13616 = SURFACE_STYLE_FILL_AREA(#13617);
#13617 = FILL_AREA_STYLE('',(#13618));
#13618 = FILL_AREA_STYLE_COLOUR('',#12862);
#13619 = OVER_RIDING_STYLED_ITEM('overriding color',(#13620),#8681,
  #11696);
#13620 = PRESENTATION_STYLE_ASSIGNMENT((#13621));
#13621 = SURFACE_STYLE_USAGE(.BOTH.,#13622);
#13622 = SURFACE_SIDE_STYLE('',(#13623));
#13623 = SURFACE_STYLE_FILL_AREA(#13624);
#13624 = FILL_AREA_STYLE('',(#13625));
#13625 = FILL_AREA_STYLE_COLOUR('',#12862);
#13626 = OVER_RIDING_STYLED_ITEM('overriding color',(#13627),#8709,
  #11696);
#13627 = PRESENTATION_STYLE_ASSIGNMENT((#13628));
#13628 = SURFACE_STYLE_USAGE(.BOTH.,#13629);
#13629 = SURFACE_SIDE_STYLE('',(#13630));
#13630 = SURFACE_STYLE_FILL_AREA(#13631);
#13631 = FILL_AREA_STYLE('',(#13632));
#13632 = FILL_AREA_STYLE_COLOUR('',#12862);
#13633 = OVER_RIDING_STYLED_ITEM('overriding color',(#13634),#8737,
  #11696);
#13634 = PRESENTATION_STYLE_ASSIGNMENT((#13635));
#13635 = SURFACE_STYLE_USAGE(.BOTH.,#13636);
#13636 = SURFACE_SIDE_STYLE('',(#13637));
#13637 = SURFACE_STYLE_FILL_AREA(#13638);
#13638 = FILL_AREA_STYLE('',(#13639));
#13639 = FILL_AREA_STYLE_COLOUR('',#12862);
#13640 = OVER_RIDING_STYLED_ITEM('overriding color',(#13641),#8765,
  #11696);
#13641 = PRESENTATION_STYLE_ASSIGNMENT((#13642));
#13642 = SURFACE_STYLE_USAGE(.BOTH.,#13643);
#13643 = SURFACE_SIDE_STYLE('',(#13644));
#13644 = SURFACE_STYLE_FILL_AREA(#13645);
#13645 = FILL_AREA_STYLE('',(#13646));
#13646 = FILL_AREA_STYLE_COLOUR('',#12862);
#13647 = OVER_RIDING_STYLED_ITEM('overriding color',(#13648),#8793,
  #11696);
#13648 = PRESENTATION_STYLE_ASSIGNMENT((#13649));
#13649 = SURFACE_STYLE_USAGE(.BOTH.,#13650);
#13650 = SURFACE_SIDE_STYLE('',(#13651));
#13651 = SURFACE_STYLE_FILL_AREA(#13652);
#13652 = FILL_AREA_STYLE('',(#13653));
#13653 = FILL_AREA_STYLE_COLOUR('',#12862);
#13654 = OVER_RIDING_STYLED_ITEM('overriding color',(#13655),#8821,
  #11696);
#13655 = PRESENTATION_STYLE_ASSIGNMENT((#13656));
#13656 = SURFACE_STYLE_USAGE(.BOTH.,#13657);
#13657 = SURFACE_SIDE_STYLE('',(#13658));
#13658 = SURFACE_STYLE_FILL_AREA(#13659);
#13659 = FILL_AREA_STYLE('',(#13660));
#13660 = FILL_AREA_STYLE_COLOUR('',#12862);
#13661 = OVER_RIDING_STYLED_ITEM('overriding color',(#13662),#8849,
  #11696);
#13662 = PRESENTATION_STYLE_ASSIGNMENT((#13663));
#13663 = SURFACE_STYLE_USAGE(.BOTH.,#13664);
#13664 = SURFACE_SIDE_STYLE('',(#13665));
#13665 = SURFACE_STYLE_FILL_AREA(#13666);
#13666 = FILL_AREA_STYLE('',(#13667));
#13667 = FILL_AREA_STYLE_COLOUR('',#12862);
#13668 = OVER_RIDING_STYLED_ITEM('overriding color',(#13669),#8877,
  #11696);
#13669 = PRESENTATION_STYLE_ASSIGNMENT((#13670));
#13670 = SURFACE_STYLE_USAGE(.BOTH.,#13671);
#13671 = SURFACE_SIDE_STYLE('',(#13672));
#13672 = SURFACE_STYLE_FILL_AREA(#13673);
#13673 = FILL_AREA_STYLE('',(#13674));
#13674 = FILL_AREA_STYLE_COLOUR('',#12862);
#13675 = OVER_RIDING_STYLED_ITEM('overriding color',(#13676),#8899,
  #11696);
#13676 = PRESENTATION_STYLE_ASSIGNMENT((#13677));
#13677 = SURFACE_STYLE_USAGE(.BOTH.,#13678);
#13678 = SURFACE_SIDE_STYLE('',(#13679));
#13679 = SURFACE_STYLE_FILL_AREA(#13680);
#13680 = FILL_AREA_STYLE('',(#13681));
#13681 = FILL_AREA_STYLE_COLOUR('',#12862);
#13682 = OVER_RIDING_STYLED_ITEM('overriding color',(#13683),#8927,
  #11696);
#13683 = PRESENTATION_STYLE_ASSIGNMENT((#13684));
#13684 = SURFACE_STYLE_USAGE(.BOTH.,#13685);
#13685 = SURFACE_SIDE_STYLE('',(#13686));
#13686 = SURFACE_STYLE_FILL_AREA(#13687);
#13687 = FILL_AREA_STYLE('',(#13688));
#13688 = FILL_AREA_STYLE_COLOUR('',#12862);
#13689 = OVER_RIDING_STYLED_ITEM('overriding color',(#13690),#8955,
  #11696);
#13690 = PRESENTATION_STYLE_ASSIGNMENT((#13691));
#13691 = SURFACE_STYLE_USAGE(.BOTH.,#13692);
#13692 = SURFACE_SIDE_STYLE('',(#13693));
#13693 = SURFACE_STYLE_FILL_AREA(#13694);
#13694 = FILL_AREA_STYLE('',(#13695));
#13695 = FILL_AREA_STYLE_COLOUR('',#12862);
#13696 = OVER_RIDING_STYLED_ITEM('overriding color',(#13697),#8983,
  #11696);
#13697 = PRESENTATION_STYLE_ASSIGNMENT((#13698));
#13698 = SURFACE_STYLE_USAGE(.BOTH.,#13699);
#13699 = SURFACE_SIDE_STYLE('',(#13700));
#13700 = SURFACE_STYLE_FILL_AREA(#13701);
#13701 = FILL_AREA_STYLE('',(#13702));
#13702 = FILL_AREA_STYLE_COLOUR('',#12862);
#13703 = OVER_RIDING_STYLED_ITEM('overriding color',(#13704),#9011,
  #11696);
#13704 = PRESENTATION_STYLE_ASSIGNMENT((#13705));
#13705 = SURFACE_STYLE_USAGE(.BOTH.,#13706);
#13706 = SURFACE_SIDE_STYLE('',(#13707));
#13707 = SURFACE_STYLE_FILL_AREA(#13708);
#13708 = FILL_AREA_STYLE('',(#13709));
#13709 = FILL_AREA_STYLE_COLOUR('',#12862);
#13710 = OVER_RIDING_STYLED_ITEM('overriding color',(#13711),#9039,
  #11696);
#13711 = PRESENTATION_STYLE_ASSIGNMENT((#13712));
#13712 = SURFACE_STYLE_USAGE(.BOTH.,#13713);
#13713 = SURFACE_SIDE_STYLE('',(#13714));
#13714 = SURFACE_STYLE_FILL_AREA(#13715);
#13715 = FILL_AREA_STYLE('',(#13716));
#13716 = FILL_AREA_STYLE_COLOUR('',#12862);
#13717 = OVER_RIDING_STYLED_ITEM('overriding color',(#13718),#9067,
  #11696);
#13718 = PRESENTATION_STYLE_ASSIGNMENT((#13719));
#13719 = SURFACE_STYLE_USAGE(.BOTH.,#13720);
#13720 = SURFACE_SIDE_STYLE('',(#13721));
#13721 = SURFACE_STYLE_FILL_AREA(#13722);
#13722 = FILL_AREA_STYLE('',(#13723));
#13723 = FILL_AREA_STYLE_COLOUR('',#12862);
#13724 = OVER_RIDING_STYLED_ITEM('overriding color',(#13725),#9095,
  #11696);
#13725 = PRESENTATION_STYLE_ASSIGNMENT((#13726));
#13726 = SURFACE_STYLE_USAGE(.BOTH.,#13727);
#13727 = SURFACE_SIDE_STYLE('',(#13728));
#13728 = SURFACE_STYLE_FILL_AREA(#13729);
#13729 = FILL_AREA_STYLE('',(#13730));
#13730 = FILL_AREA_STYLE_COLOUR('',#12862);
#13731 = OVER_RIDING_STYLED_ITEM('overriding color',(#13732),#9117,
  #11696);
#13732 = PRESENTATION_STYLE_ASSIGNMENT((#13733));
#13733 = SURFACE_STYLE_USAGE(.BOTH.,#13734);
#13734 = SURFACE_SIDE_STYLE('',(#13735));
#13735 = SURFACE_STYLE_FILL_AREA(#13736);
#13736 = FILL_AREA_STYLE('',(#13737));
#13737 = FILL_AREA_STYLE_COLOUR('',#12862);
#13738 = OVER_RIDING_STYLED_ITEM('overriding color',(#13739),#9146,
  #11696);
#13739 = PRESENTATION_STYLE_ASSIGNMENT((#13740));
#13740 = SURFACE_STYLE_USAGE(.BOTH.,#13741);
#13741 = SURFACE_SIDE_STYLE('',(#13742));
#13742 = SURFACE_STYLE_FILL_AREA(#13743);
#13743 = FILL_AREA_STYLE('',(#13744));
#13744 = FILL_AREA_STYLE_COLOUR('',#12862);
#13745 = OVER_RIDING_STYLED_ITEM('overriding color',(#13746),#9174,
  #11696);
#13746 = PRESENTATION_STYLE_ASSIGNMENT((#13747));
#13747 = SURFACE_STYLE_USAGE(.BOTH.,#13748);
#13748 = SURFACE_SIDE_STYLE('',(#13749));
#13749 = SURFACE_STYLE_FILL_AREA(#13750);
#13750 = FILL_AREA_STYLE('',(#13751));
#13751 = FILL_AREA_STYLE_COLOUR('',#12862);
#13752 = OVER_RIDING_STYLED_ITEM('overriding color',(#13753),#9196,
  #11696);
#13753 = PRESENTATION_STYLE_ASSIGNMENT((#13754));
#13754 = SURFACE_STYLE_USAGE(.BOTH.,#13755);
#13755 = SURFACE_SIDE_STYLE('',(#13756));
#13756 = SURFACE_STYLE_FILL_AREA(#13757);
#13757 = FILL_AREA_STYLE('',(#13758));
#13758 = FILL_AREA_STYLE_COLOUR('',#12862);
#13759 = OVER_RIDING_STYLED_ITEM('overriding color',(#13760),#9224,
  #11696);
#13760 = PRESENTATION_STYLE_ASSIGNMENT((#13761));
#13761 = SURFACE_STYLE_USAGE(.BOTH.,#13762);
#13762 = SURFACE_SIDE_STYLE('',(#13763));
#13763 = SURFACE_STYLE_FILL_AREA(#13764);
#13764 = FILL_AREA_STYLE('',(#13765));
#13765 = FILL_AREA_STYLE_COLOUR('',#12862);
#13766 = OVER_RIDING_STYLED_ITEM('overriding color',(#13767),#9246,
  #11696);
#13767 = PRESENTATION_STYLE_ASSIGNMENT((#13768));
#13768 = SURFACE_STYLE_USAGE(.BOTH.,#13769);
#13769 = SURFACE_SIDE_STYLE('',(#13770));
#13770 = SURFACE_STYLE_FILL_AREA(#13771);
#13771 = FILL_AREA_STYLE('',(#13772));
#13772 = FILL_AREA_STYLE_COLOUR('',#12862);
#13773 = OVER_RIDING_STYLED_ITEM('overriding color',(#13774),#9268,
  #11696);
#13774 = PRESENTATION_STYLE_ASSIGNMENT((#13775));
#13775 = SURFACE_STYLE_USAGE(.BOTH.,#13776);
#13776 = SURFACE_SIDE_STYLE('',(#13777));
#13777 = SURFACE_STYLE_FILL_AREA(#13778);
#13778 = FILL_AREA_STYLE('',(#13779));
#13779 = FILL_AREA_STYLE_COLOUR('',#12862);
#13780 = OVER_RIDING_STYLED_ITEM('overriding color',(#13781),#9290,
  #11696);
#13781 = PRESENTATION_STYLE_ASSIGNMENT((#13782));
#13782 = SURFACE_STYLE_USAGE(.BOTH.,#13783);
#13783 = SURFACE_SIDE_STYLE('',(#13784));
#13784 = SURFACE_STYLE_FILL_AREA(#13785);
#13785 = FILL_AREA_STYLE('',(#13786));
#13786 = FILL_AREA_STYLE_COLOUR('',#12862);
#13787 = OVER_RIDING_STYLED_ITEM('overriding color',(#13788),#9312,
  #11696);
#13788 = PRESENTATION_STYLE_ASSIGNMENT((#13789));
#13789 = SURFACE_STYLE_USAGE(.BOTH.,#13790);
#13790 = SURFACE_SIDE_STYLE('',(#13791));
#13791 = SURFACE_STYLE_FILL_AREA(#13792);
#13792 = FILL_AREA_STYLE('',(#13793));
#13793 = FILL_AREA_STYLE_COLOUR('',#12862);
#13794 = OVER_RIDING_STYLED_ITEM('overriding color',(#13795),#9334,
  #11696);
#13795 = PRESENTATION_STYLE_ASSIGNMENT((#13796));
#13796 = SURFACE_STYLE_USAGE(.BOTH.,#13797);
#13797 = SURFACE_SIDE_STYLE('',(#13798));
#13798 = SURFACE_STYLE_FILL_AREA(#13799);
#13799 = FILL_AREA_STYLE('',(#13800));
#13800 = FILL_AREA_STYLE_COLOUR('',#12862);
#13801 = OVER_RIDING_STYLED_ITEM('overriding color',(#13802),#9356,
  #11696);
#13802 = PRESENTATION_STYLE_ASSIGNMENT((#13803));
#13803 = SURFACE_STYLE_USAGE(.BOTH.,#13804);
#13804 = SURFACE_SIDE_STYLE('',(#13805));
#13805 = SURFACE_STYLE_FILL_AREA(#13806);
#13806 = FILL_AREA_STYLE('',(#13807));
#13807 = FILL_AREA_STYLE_COLOUR('',#12862);
#13808 = OVER_RIDING_STYLED_ITEM('overriding color',(#13809),#9384,
  #11696);
#13809 = PRESENTATION_STYLE_ASSIGNMENT((#13810));
#13810 = SURFACE_STYLE_USAGE(.BOTH.,#13811);
#13811 = SURFACE_SIDE_STYLE('',(#13812));
#13812 = SURFACE_STYLE_FILL_AREA(#13813);
#13813 = FILL_AREA_STYLE('',(#13814));
#13814 = FILL_AREA_STYLE_COLOUR('',#12862);
#13815 = OVER_RIDING_STYLED_ITEM('overriding color',(#13816),#9412,
  #11696);
#13816 = PRESENTATION_STYLE_ASSIGNMENT((#13817));
#13817 = SURFACE_STYLE_USAGE(.BOTH.,#13818);
#13818 = SURFACE_SIDE_STYLE('',(#13819));
#13819 = SURFACE_STYLE_FILL_AREA(#13820);
#13820 = FILL_AREA_STYLE('',(#13821));
#13821 = FILL_AREA_STYLE_COLOUR('',#12862);
#13822 = OVER_RIDING_STYLED_ITEM('overriding color',(#13823),#9434,
  #11696);
#13823 = PRESENTATION_STYLE_ASSIGNMENT((#13824));
#13824 = SURFACE_STYLE_USAGE(.BOTH.,#13825);
#13825 = SURFACE_SIDE_STYLE('',(#13826));
#13826 = SURFACE_STYLE_FILL_AREA(#13827);
#13827 = FILL_AREA_STYLE('',(#13828));
#13828 = FILL_AREA_STYLE_COLOUR('',#12862);
#13829 = OVER_RIDING_STYLED_ITEM('overriding color',(#13830),#9462,
  #11696);
#13830 = PRESENTATION_STYLE_ASSIGNMENT((#13831));
#13831 = SURFACE_STYLE_USAGE(.BOTH.,#13832);
#13832 = SURFACE_SIDE_STYLE('',(#13833));
#13833 = SURFACE_STYLE_FILL_AREA(#13834);
#13834 = FILL_AREA_STYLE('',(#13835));
#13835 = FILL_AREA_STYLE_COLOUR('',#12862);
#13836 = OVER_RIDING_STYLED_ITEM('overriding color',(#13837),#9490,
  #11696);
#13837 = PRESENTATION_STYLE_ASSIGNMENT((#13838));
#13838 = SURFACE_STYLE_USAGE(.BOTH.,#13839);
#13839 = SURFACE_SIDE_STYLE('',(#13840));
#13840 = SURFACE_STYLE_FILL_AREA(#13841);
#13841 = FILL_AREA_STYLE('',(#13842));
#13842 = FILL_AREA_STYLE_COLOUR('',#12862);
#13843 = OVER_RIDING_STYLED_ITEM('overriding color',(#13844),#9506,
  #11696);
#13844 = PRESENTATION_STYLE_ASSIGNMENT((#13845));
#13845 = SURFACE_STYLE_USAGE(.BOTH.,#13846);
#13846 = SURFACE_SIDE_STYLE('',(#13847));
#13847 = SURFACE_STYLE_FILL_AREA(#13848);
#13848 = FILL_AREA_STYLE('',(#13849));
#13849 = FILL_AREA_STYLE_COLOUR('',#12862);
#13850 = OVER_RIDING_STYLED_ITEM('overriding color',(#13851),#9529,
  #11696);
#13851 = PRESENTATION_STYLE_ASSIGNMENT((#13852));
#13852 = SURFACE_STYLE_USAGE(.BOTH.,#13853);
#13853 = SURFACE_SIDE_STYLE('',(#13854));
#13854 = SURFACE_STYLE_FILL_AREA(#13855);
#13855 = FILL_AREA_STYLE('',(#13856));
#13856 = FILL_AREA_STYLE_COLOUR('',#12862);
#13857 = OVER_RIDING_STYLED_ITEM('overriding color',(#13858),#9557,
  #11696);
#13858 = PRESENTATION_STYLE_ASSIGNMENT((#13859));
#13859 = SURFACE_STYLE_USAGE(.BOTH.,#13860);
#13860 = SURFACE_SIDE_STYLE('',(#13861));
#13861 = SURFACE_STYLE_FILL_AREA(#13862);
#13862 = FILL_AREA_STYLE('',(#13863));
#13863 = FILL_AREA_STYLE_COLOUR('',#12862);
#13864 = OVER_RIDING_STYLED_ITEM('overriding color',(#13865),#9579,
  #11696);
#13865 = PRESENTATION_STYLE_ASSIGNMENT((#13866));
#13866 = SURFACE_STYLE_USAGE(.BOTH.,#13867);
#13867 = SURFACE_SIDE_STYLE('',(#13868));
#13868 = SURFACE_STYLE_FILL_AREA(#13869);
#13869 = FILL_AREA_STYLE('',(#13870));
#13870 = FILL_AREA_STYLE_COLOUR('',#12862);
#13871 = OVER_RIDING_STYLED_ITEM('overriding color',(#13872),#9601,
  #11696);
#13872 = PRESENTATION_STYLE_ASSIGNMENT((#13873));
#13873 = SURFACE_STYLE_USAGE(.BOTH.,#13874);
#13874 = SURFACE_SIDE_STYLE('',(#13875));
#13875 = SURFACE_STYLE_FILL_AREA(#13876);
#13876 = FILL_AREA_STYLE('',(#13877));
#13877 = FILL_AREA_STYLE_COLOUR('',#12862);
#13878 = OVER_RIDING_STYLED_ITEM('overriding color',(#13879),#9623,
  #11696);
#13879 = PRESENTATION_STYLE_ASSIGNMENT((#13880));
#13880 = SURFACE_STYLE_USAGE(.BOTH.,#13881);
#13881 = SURFACE_SIDE_STYLE('',(#13882));
#13882 = SURFACE_STYLE_FILL_AREA(#13883);
#13883 = FILL_AREA_STYLE('',(#13884));
#13884 = FILL_AREA_STYLE_COLOUR('',#12862);
#13885 = OVER_RIDING_STYLED_ITEM('overriding color',(#13886),#9645,
  #11696);
#13886 = PRESENTATION_STYLE_ASSIGNMENT((#13887));
#13887 = SURFACE_STYLE_USAGE(.BOTH.,#13888);
#13888 = SURFACE_SIDE_STYLE('',(#13889));
#13889 = SURFACE_STYLE_FILL_AREA(#13890);
#13890 = FILL_AREA_STYLE('',(#13891));
#13891 = FILL_AREA_STYLE_COLOUR('',#12862);
#13892 = OVER_RIDING_STYLED_ITEM('overriding color',(#13893),#9667,
  #11696);
#13893 = PRESENTATION_STYLE_ASSIGNMENT((#13894));
#13894 = SURFACE_STYLE_USAGE(.BOTH.,#13895);
#13895 = SURFACE_SIDE_STYLE('',(#13896));
#13896 = SURFACE_STYLE_FILL_AREA(#13897);
#13897 = FILL_AREA_STYLE('',(#13898));
#13898 = FILL_AREA_STYLE_COLOUR('',#12862);
#13899 = OVER_RIDING_STYLED_ITEM('overriding color',(#13900),#9689,
  #11696);
#13900 = PRESENTATION_STYLE_ASSIGNMENT((#13901));
#13901 = SURFACE_STYLE_USAGE(.BOTH.,#13902);
#13902 = SURFACE_SIDE_STYLE('',(#13903));
#13903 = SURFACE_STYLE_FILL_AREA(#13904);
#13904 = FILL_AREA_STYLE('',(#13905));
#13905 = FILL_AREA_STYLE_COLOUR('',#12862);
#13906 = OVER_RIDING_STYLED_ITEM('overriding color',(#13907),#9711,
  #11696);
#13907 = PRESENTATION_STYLE_ASSIGNMENT((#13908));
#13908 = SURFACE_STYLE_USAGE(.BOTH.,#13909);
#13909 = SURFACE_SIDE_STYLE('',(#13910));
#13910 = SURFACE_STYLE_FILL_AREA(#13911);
#13911 = FILL_AREA_STYLE('',(#13912));
#13912 = FILL_AREA_STYLE_COLOUR('',#12862);
#13913 = OVER_RIDING_STYLED_ITEM('overriding color',(#13914),#9733,
  #11696);
#13914 = PRESENTATION_STYLE_ASSIGNMENT((#13915));
#13915 = SURFACE_STYLE_USAGE(.BOTH.,#13916);
#13916 = SURFACE_SIDE_STYLE('',(#13917));
#13917 = SURFACE_STYLE_FILL_AREA(#13918);
#13918 = FILL_AREA_STYLE('',(#13919));
#13919 = FILL_AREA_STYLE_COLOUR('',#12862);
#13920 = OVER_RIDING_STYLED_ITEM('overriding color',(#13921),#9755,
  #11696);
#13921 = PRESENTATION_STYLE_ASSIGNMENT((#13922));
#13922 = SURFACE_STYLE_USAGE(.BOTH.,#13923);
#13923 = SURFACE_SIDE_STYLE('',(#13924));
#13924 = SURFACE_STYLE_FILL_AREA(#13925);
#13925 = FILL_AREA_STYLE('',(#13926));
#13926 = FILL_AREA_STYLE_COLOUR('',#12862);
#13927 = OVER_RIDING_STYLED_ITEM('overriding color',(#13928),#9777,
  #11696);
#13928 = PRESENTATION_STYLE_ASSIGNMENT((#13929));
#13929 = SURFACE_STYLE_USAGE(.BOTH.,#13930);
#13930 = SURFACE_SIDE_STYLE('',(#13931));
#13931 = SURFACE_STYLE_FILL_AREA(#13932);
#13932 = FILL_AREA_STYLE('',(#13933));
#13933 = FILL_AREA_STYLE_COLOUR('',#12862);
#13934 = OVER_RIDING_STYLED_ITEM('overriding color',(#13935),#9793,
  #11696);
#13935 = PRESENTATION_STYLE_ASSIGNMENT((#13936));
#13936 = SURFACE_STYLE_USAGE(.BOTH.,#13937);
#13937 = SURFACE_SIDE_STYLE('',(#13938));
#13938 = SURFACE_STYLE_FILL_AREA(#13939);
#13939 = FILL_AREA_STYLE('',(#13940));
#13940 = FILL_AREA_STYLE_COLOUR('',#12862);
#13941 = OVER_RIDING_STYLED_ITEM('overriding color',(#13942),#9813,
  #11696);
#13942 = PRESENTATION_STYLE_ASSIGNMENT((#13943));
#13943 = SURFACE_STYLE_USAGE(.BOTH.,#13944);
#13944 = SURFACE_SIDE_STYLE('',(#13945));
#13945 = SURFACE_STYLE_FILL_AREA(#13946);
#13946 = FILL_AREA_STYLE('',(#13947));
#13947 = FILL_AREA_STYLE_COLOUR('',#12862);
#13948 = OVER_RIDING_STYLED_ITEM('overriding color',(#13949),#9937,
  #11696);
#13949 = PRESENTATION_STYLE_ASSIGNMENT((#13950));
#13950 = SURFACE_STYLE_USAGE(.BOTH.,#13951);
#13951 = SURFACE_SIDE_STYLE('',(#13952));
#13952 = SURFACE_STYLE_FILL_AREA(#13953);
#13953 = FILL_AREA_STYLE('',(#13954));
#13954 = FILL_AREA_STYLE_COLOUR('',#12862);
#13955 = OVER_RIDING_STYLED_ITEM('overriding color',(#13956),#9957,
  #11696);
#13956 = PRESENTATION_STYLE_ASSIGNMENT((#13957));
#13957 = SURFACE_STYLE_USAGE(.BOTH.,#13958);
#13958 = SURFACE_SIDE_STYLE('',(#13959));
#13959 = SURFACE_STYLE_FILL_AREA(#13960);
#13960 = FILL_AREA_STYLE('',(#13961));
#13961 = FILL_AREA_STYLE_COLOUR('',#12862);
#13962 = OVER_RIDING_STYLED_ITEM('overriding color',(#13963),#9977,
  #11696);
#13963 = PRESENTATION_STYLE_ASSIGNMENT((#13964));
#13964 = SURFACE_STYLE_USAGE(.BOTH.,#13965);
#13965 = SURFACE_SIDE_STYLE('',(#13966));
#13966 = SURFACE_STYLE_FILL_AREA(#13967);
#13967 = FILL_AREA_STYLE('',(#13968));
#13968 = FILL_AREA_STYLE_COLOUR('',#12862);
#13969 = OVER_RIDING_STYLED_ITEM('overriding color',(#13970),#9997,
  #11696);
#13970 = PRESENTATION_STYLE_ASSIGNMENT((#13971));
#13971 = SURFACE_STYLE_USAGE(.BOTH.,#13972);
#13972 = SURFACE_SIDE_STYLE('',(#13973));
#13973 = SURFACE_STYLE_FILL_AREA(#13974);
#13974 = FILL_AREA_STYLE('',(#13975));
#13975 = FILL_AREA_STYLE_COLOUR('',#12862);
#13976 = OVER_RIDING_STYLED_ITEM('overriding color',(#13977),#10017,
  #11696);
#13977 = PRESENTATION_STYLE_ASSIGNMENT((#13978));
#13978 = SURFACE_STYLE_USAGE(.BOTH.,#13979);
#13979 = SURFACE_SIDE_STYLE('',(#13980));
#13980 = SURFACE_STYLE_FILL_AREA(#13981);
#13981 = FILL_AREA_STYLE('',(#13982));
#13982 = FILL_AREA_STYLE_COLOUR('',#12862);
#13983 = OVER_RIDING_STYLED_ITEM('overriding color',(#13984),#10037,
  #11696);
#13984 = PRESENTATION_STYLE_ASSIGNMENT((#13985));
#13985 = SURFACE_STYLE_USAGE(.BOTH.,#13986);
#13986 = SURFACE_SIDE_STYLE('',(#13987));
#13987 = SURFACE_STYLE_FILL_AREA(#13988);
#13988 = FILL_AREA_STYLE('',(#13989));
#13989 = FILL_AREA_STYLE_COLOUR('',#12862);
#13990 = OVER_RIDING_STYLED_ITEM('overriding color',(#13991),#10053,
  #11696);
#13991 = PRESENTATION_STYLE_ASSIGNMENT((#13992));
#13992 = SURFACE_STYLE_USAGE(.BOTH.,#13993);
#13993 = SURFACE_SIDE_STYLE('',(#13994));
#13994 = SURFACE_STYLE_FILL_AREA(#13995);
#13995 = FILL_AREA_STYLE('',(#13996));
#13996 = FILL_AREA_STYLE_COLOUR('',#12862);
#13997 = OVER_RIDING_STYLED_ITEM('overriding color',(#13998),#10065,
  #11696);
#13998 = PRESENTATION_STYLE_ASSIGNMENT((#13999));
#13999 = SURFACE_STYLE_USAGE(.BOTH.,#14000);
#14000 = SURFACE_SIDE_STYLE('',(#14001));
#14001 = SURFACE_STYLE_FILL_AREA(#14002);
#14002 = FILL_AREA_STYLE('',(#14003));
#14003 = FILL_AREA_STYLE_COLOUR('',#12862);
#14004 = OVER_RIDING_STYLED_ITEM('overriding color',(#14005),#10093,
  #11696);
#14005 = PRESENTATION_STYLE_ASSIGNMENT((#14006));
#14006 = SURFACE_STYLE_USAGE(.BOTH.,#14007);
#14007 = SURFACE_SIDE_STYLE('',(#14008));
#14008 = SURFACE_STYLE_FILL_AREA(#14009);
#14009 = FILL_AREA_STYLE('',(#14010));
#14010 = FILL_AREA_STYLE_COLOUR('',#12862);
#14011 = OVER_RIDING_STYLED_ITEM('overriding color',(#14012),#10115,
  #11696);
#14012 = PRESENTATION_STYLE_ASSIGNMENT((#14013));
#14013 = SURFACE_STYLE_USAGE(.BOTH.,#14014);
#14014 = SURFACE_SIDE_STYLE('',(#14015));
#14015 = SURFACE_STYLE_FILL_AREA(#14016);
#14016 = FILL_AREA_STYLE('',(#14017));
#14017 = FILL_AREA_STYLE_COLOUR('',#12862);
#14018 = OVER_RIDING_STYLED_ITEM('overriding color',(#14019),#10137,
  #11696);
#14019 = PRESENTATION_STYLE_ASSIGNMENT((#14020));
#14020 = SURFACE_STYLE_USAGE(.BOTH.,#14021);
#14021 = SURFACE_SIDE_STYLE('',(#14022));
#14022 = SURFACE_STYLE_FILL_AREA(#14023);
#14023 = FILL_AREA_STYLE('',(#14024));
#14024 = FILL_AREA_STYLE_COLOUR('',#12862);
#14025 = OVER_RIDING_STYLED_ITEM('overriding color',(#14026),#10165,
  #11696);
#14026 = PRESENTATION_STYLE_ASSIGNMENT((#14027));
#14027 = SURFACE_STYLE_USAGE(.BOTH.,#14028);
#14028 = SURFACE_SIDE_STYLE('',(#14029));
#14029 = SURFACE_STYLE_FILL_AREA(#14030);
#14030 = FILL_AREA_STYLE('',(#14031));
#14031 = FILL_AREA_STYLE_COLOUR('',#12862);
#14032 = OVER_RIDING_STYLED_ITEM('overriding color',(#14033),#10193,
  #11696);
#14033 = PRESENTATION_STYLE_ASSIGNMENT((#14034));
#14034 = SURFACE_STYLE_USAGE(.BOTH.,#14035);
#14035 = SURFACE_SIDE_STYLE('',(#14036));
#14036 = SURFACE_STYLE_FILL_AREA(#14037);
#14037 = FILL_AREA_STYLE('',(#14038));
#14038 = FILL_AREA_STYLE_COLOUR('',#12862);
#14039 = OVER_RIDING_STYLED_ITEM('overriding color',(#14040),#10221,
  #11696);
#14040 = PRESENTATION_STYLE_ASSIGNMENT((#14041));
#14041 = SURFACE_STYLE_USAGE(.BOTH.,#14042);
#14042 = SURFACE_SIDE_STYLE('',(#14043));
#14043 = SURFACE_STYLE_FILL_AREA(#14044);
#14044 = FILL_AREA_STYLE('',(#14045));
#14045 = FILL_AREA_STYLE_COLOUR('',#12862);
#14046 = OVER_RIDING_STYLED_ITEM('overriding color',(#14047),#10243,
  #11696);
#14047 = PRESENTATION_STYLE_ASSIGNMENT((#14048));
#14048 = SURFACE_STYLE_USAGE(.BOTH.,#14049);
#14049 = SURFACE_SIDE_STYLE('',(#14050));
#14050 = SURFACE_STYLE_FILL_AREA(#14051);
#14051 = FILL_AREA_STYLE('',(#14052));
#14052 = FILL_AREA_STYLE_COLOUR('',#11703);
#14053 = OVER_RIDING_STYLED_ITEM('overriding color',(#14054),#10258,
  #11696);
#14054 = PRESENTATION_STYLE_ASSIGNMENT((#14055));
#14055 = SURFACE_STYLE_USAGE(.BOTH.,#14056);
#14056 = SURFACE_SIDE_STYLE('',(#14057));
#14057 = SURFACE_STYLE_FILL_AREA(#14058);
#14058 = FILL_AREA_STYLE('',(#14059));
#14059 = FILL_AREA_STYLE_COLOUR('',#12862);
#14060 = OVER_RIDING_STYLED_ITEM('overriding color',(#14061),#10370,
  #11696);
#14061 = PRESENTATION_STYLE_ASSIGNMENT((#14062));
#14062 = SURFACE_STYLE_USAGE(.BOTH.,#14063);
#14063 = SURFACE_SIDE_STYLE('',(#14064));
#14064 = SURFACE_STYLE_FILL_AREA(#14065);
#14065 = FILL_AREA_STYLE('',(#14066));
#14066 = FILL_AREA_STYLE_COLOUR('',#12862);
#14067 = OVER_RIDING_STYLED_ITEM('overriding color',(#14068),#10390,
  #11696);
#14068 = PRESENTATION_STYLE_ASSIGNMENT((#14069));
#14069 = SURFACE_STYLE_USAGE(.BOTH.,#14070);
#14070 = SURFACE_SIDE_STYLE('',(#14071));
#14071 = SURFACE_STYLE_FILL_AREA(#14072);
#14072 = FILL_AREA_STYLE('',(#14073));
#14073 = FILL_AREA_STYLE_COLOUR('',#12862);
#14074 = OVER_RIDING_STYLED_ITEM('overriding color',(#14075),#10406,
  #11696);
#14075 = PRESENTATION_STYLE_ASSIGNMENT((#14076));
#14076 = SURFACE_STYLE_USAGE(.BOTH.,#14077);
#14077 = SURFACE_SIDE_STYLE('',(#14078));
#14078 = SURFACE_STYLE_FILL_AREA(#14079);
#14079 = FILL_AREA_STYLE('',(#14080));
#14080 = FILL_AREA_STYLE_COLOUR('',#12862);
#14081 = OVER_RIDING_STYLED_ITEM('overriding color',(#14082),#10422,
  #11696);
#14082 = PRESENTATION_STYLE_ASSIGNMENT((#14083));
#14083 = SURFACE_STYLE_USAGE(.BOTH.,#14084);
#14084 = SURFACE_SIDE_STYLE('',(#14085));
#14085 = SURFACE_STYLE_FILL_AREA(#14086);
#14086 = FILL_AREA_STYLE('',(#14087));
#14087 = FILL_AREA_STYLE_COLOUR('',#12862);
#14088 = OVER_RIDING_STYLED_ITEM('overriding color',(#14089),#10438,
  #11696);
#14089 = PRESENTATION_STYLE_ASSIGNMENT((#14090));
#14090 = SURFACE_STYLE_USAGE(.BOTH.,#14091);
#14091 = SURFACE_SIDE_STYLE('',(#14092));
#14092 = SURFACE_STYLE_FILL_AREA(#14093);
#14093 = FILL_AREA_STYLE('',(#14094));
#14094 = FILL_AREA_STYLE_COLOUR('',#12862);
#14095 = OVER_RIDING_STYLED_ITEM('overriding color',(#14096),#10454,
  #11696);
#14096 = PRESENTATION_STYLE_ASSIGNMENT((#14097));
#14097 = SURFACE_STYLE_USAGE(.BOTH.,#14098);
#14098 = SURFACE_SIDE_STYLE('',(#14099));
#14099 = SURFACE_STYLE_FILL_AREA(#14100);
#14100 = FILL_AREA_STYLE('',(#14101));
#14101 = FILL_AREA_STYLE_COLOUR('',#12862);
#14102 = OVER_RIDING_STYLED_ITEM('overriding color',(#14103),#10470,
  #11696);
#14103 = PRESENTATION_STYLE_ASSIGNMENT((#14104));
#14104 = SURFACE_STYLE_USAGE(.BOTH.,#14105);
#14105 = SURFACE_SIDE_STYLE('',(#14106));
#14106 = SURFACE_STYLE_FILL_AREA(#14107);
#14107 = FILL_AREA_STYLE('',(#14108));
#14108 = FILL_AREA_STYLE_COLOUR('',#12862);
#14109 = OVER_RIDING_STYLED_ITEM('overriding color',(#14110),#10486,
  #11696);
#14110 = PRESENTATION_STYLE_ASSIGNMENT((#14111));
#14111 = SURFACE_STYLE_USAGE(.BOTH.,#14112);
#14112 = SURFACE_SIDE_STYLE('',(#14113));
#14113 = SURFACE_STYLE_FILL_AREA(#14114);
#14114 = FILL_AREA_STYLE('',(#14115));
#14115 = FILL_AREA_STYLE_COLOUR('',#12862);
#14116 = OVER_RIDING_STYLED_ITEM('overriding color',(#14117),#10498,
  #11696);
#14117 = PRESENTATION_STYLE_ASSIGNMENT((#14118));
#14118 = SURFACE_STYLE_USAGE(.BOTH.,#14119);
#14119 = SURFACE_SIDE_STYLE('',(#14120));
#14120 = SURFACE_STYLE_FILL_AREA(#14121);
#14121 = FILL_AREA_STYLE('',(#14122));
#14122 = FILL_AREA_STYLE_COLOUR('',#12862);
#14123 = OVER_RIDING_STYLED_ITEM('overriding color',(#14124),#10526,
  #11696);
#14124 = PRESENTATION_STYLE_ASSIGNMENT((#14125));
#14125 = SURFACE_STYLE_USAGE(.BOTH.,#14126);
#14126 = SURFACE_SIDE_STYLE('',(#14127));
#14127 = SURFACE_STYLE_FILL_AREA(#14128);
#14128 = FILL_AREA_STYLE('',(#14129));
#14129 = FILL_AREA_STYLE_COLOUR('',#12862);
#14130 = OVER_RIDING_STYLED_ITEM('overriding color',(#14131),#10548,
  #11696);
#14131 = PRESENTATION_STYLE_ASSIGNMENT((#14132));
#14132 = SURFACE_STYLE_USAGE(.BOTH.,#14133);
#14133 = SURFACE_SIDE_STYLE('',(#14134));
#14134 = SURFACE_STYLE_FILL_AREA(#14135);
#14135 = FILL_AREA_STYLE('',(#14136));
#14136 = FILL_AREA_STYLE_COLOUR('',#12862);
#14137 = OVER_RIDING_STYLED_ITEM('overriding color',(#14138),#10576,
  #11696);
#14138 = PRESENTATION_STYLE_ASSIGNMENT((#14139));
#14139 = SURFACE_STYLE_USAGE(.BOTH.,#14140);
#14140 = SURFACE_SIDE_STYLE('',(#14141));
#14141 = SURFACE_STYLE_FILL_AREA(#14142);
#14142 = FILL_AREA_STYLE('',(#14143));
#14143 = FILL_AREA_STYLE_COLOUR('',#12862);
#14144 = OVER_RIDING_STYLED_ITEM('overriding color',(#14145),#10598,
  #11696);
#14145 = PRESENTATION_STYLE_ASSIGNMENT((#14146));
#14146 = SURFACE_STYLE_USAGE(.BOTH.,#14147);
#14147 = SURFACE_SIDE_STYLE('',(#14148));
#14148 = SURFACE_STYLE_FILL_AREA(#14149);
#14149 = FILL_AREA_STYLE('',(#14150));
#14150 = FILL_AREA_STYLE_COLOUR('',#12862);
#14151 = OVER_RIDING_STYLED_ITEM('overriding color',(#14152),#10626,
  #11696);
#14152 = PRESENTATION_STYLE_ASSIGNMENT((#14153));
#14153 = SURFACE_STYLE_USAGE(.BOTH.,#14154);
#14154 = SURFACE_SIDE_STYLE('',(#14155));
#14155 = SURFACE_STYLE_FILL_AREA(#14156);
#14156 = FILL_AREA_STYLE('',(#14157));
#14157 = FILL_AREA_STYLE_COLOUR('',#12862);
#14158 = OVER_RIDING_STYLED_ITEM('overriding color',(#14159),#10642,
  #11696);
#14159 = PRESENTATION_STYLE_ASSIGNMENT((#14160));
#14160 = SURFACE_STYLE_USAGE(.BOTH.,#14161);
#14161 = SURFACE_SIDE_STYLE('',(#14162));
#14162 = SURFACE_STYLE_FILL_AREA(#14163);
#14163 = FILL_AREA_STYLE('',(#14164));
#14164 = FILL_AREA_STYLE_COLOUR('',#11703);
#14165 = OVER_RIDING_STYLED_ITEM('overriding color',(#14166),#10656,
  #11696);
#14166 = PRESENTATION_STYLE_ASSIGNMENT((#14167));
#14167 = SURFACE_STYLE_USAGE(.BOTH.,#14168);
#14168 = SURFACE_SIDE_STYLE('',(#14169));
#14169 = SURFACE_STYLE_FILL_AREA(#14170);
#14170 = FILL_AREA_STYLE('',(#14171));
#14171 = FILL_AREA_STYLE_COLOUR('',#12862);
#14172 = OVER_RIDING_STYLED_ITEM('overriding color',(#14173),#10976,
  #11696);
#14173 = PRESENTATION_STYLE_ASSIGNMENT((#14174));
#14174 = SURFACE_STYLE_USAGE(.BOTH.,#14175);
#14175 = SURFACE_SIDE_STYLE('',(#14176));
#14176 = SURFACE_STYLE_FILL_AREA(#14177);
#14177 = FILL_AREA_STYLE('',(#14178));
#14178 = FILL_AREA_STYLE_COLOUR('',#12862);
#14179 = OVER_RIDING_STYLED_ITEM('overriding color',(#14180),#11000,
  #11696);
#14180 = PRESENTATION_STYLE_ASSIGNMENT((#14181));
#14181 = SURFACE_STYLE_USAGE(.BOTH.,#14182);
#14182 = SURFACE_SIDE_STYLE('',(#14183));
#14183 = SURFACE_STYLE_FILL_AREA(#14184);
#14184 = FILL_AREA_STYLE('',(#14185));
#14185 = FILL_AREA_STYLE_COLOUR('',#12862);
#14186 = OVER_RIDING_STYLED_ITEM('overriding color',(#14187),#11020,
  #11696);
#14187 = PRESENTATION_STYLE_ASSIGNMENT((#14188));
#14188 = SURFACE_STYLE_USAGE(.BOTH.,#14189);
#14189 = SURFACE_SIDE_STYLE('',(#14190));
#14190 = SURFACE_STYLE_FILL_AREA(#14191);
#14191 = FILL_AREA_STYLE('',(#14192));
#14192 = FILL_AREA_STYLE_COLOUR('',#12862);
#14193 = OVER_RIDING_STYLED_ITEM('overriding color',(#14194),#11040,
  #11696);
#14194 = PRESENTATION_STYLE_ASSIGNMENT((#14195));
#14195 = SURFACE_STYLE_USAGE(.BOTH.,#14196);
#14196 = SURFACE_SIDE_STYLE('',(#14197));
#14197 = SURFACE_STYLE_FILL_AREA(#14198);
#14198 = FILL_AREA_STYLE('',(#14199));
#14199 = FILL_AREA_STYLE_COLOUR('',#12862);
#14200 = OVER_RIDING_STYLED_ITEM('overriding color',(#14201),#11060,
  #11696);
#14201 = PRESENTATION_STYLE_ASSIGNMENT((#14202));
#14202 = SURFACE_STYLE_USAGE(.BOTH.,#14203);
#14203 = SURFACE_SIDE_STYLE('',(#14204));
#14204 = SURFACE_STYLE_FILL_AREA(#14205);
#14205 = FILL_AREA_STYLE('',(#14206));
#14206 = FILL_AREA_STYLE_COLOUR('',#12862);
#14207 = OVER_RIDING_STYLED_ITEM('overriding color',(#14208),#11080,
  #11696);
#14208 = PRESENTATION_STYLE_ASSIGNMENT((#14209));
#14209 = SURFACE_STYLE_USAGE(.BOTH.,#14210);
#14210 = SURFACE_SIDE_STYLE('',(#14211));
#14211 = SURFACE_STYLE_FILL_AREA(#14212);
#14212 = FILL_AREA_STYLE('',(#14213));
#14213 = FILL_AREA_STYLE_COLOUR('',#12862);
#14214 = OVER_RIDING_STYLED_ITEM('overriding color',(#14215),#11100,
  #11696);
#14215 = PRESENTATION_STYLE_ASSIGNMENT((#14216));
#14216 = SURFACE_STYLE_USAGE(.BOTH.,#14217);
#14217 = SURFACE_SIDE_STYLE('',(#14218));
#14218 = SURFACE_STYLE_FILL_AREA(#14219);
#14219 = FILL_AREA_STYLE('',(#14220));
#14220 = FILL_AREA_STYLE_COLOUR('',#12862);
#14221 = OVER_RIDING_STYLED_ITEM('overriding color',(#14222),#11120,
  #11696);
#14222 = PRESENTATION_STYLE_ASSIGNMENT((#14223));
#14223 = SURFACE_STYLE_USAGE(.BOTH.,#14224);
#14224 = SURFACE_SIDE_STYLE('',(#14225));
#14225 = SURFACE_STYLE_FILL_AREA(#14226);
#14226 = FILL_AREA_STYLE('',(#14227));
#14227 = FILL_AREA_STYLE_COLOUR('',#12862);
#14228 = OVER_RIDING_STYLED_ITEM('overriding color',(#14229),#11140,
  #11696);
#14229 = PRESENTATION_STYLE_ASSIGNMENT((#14230));
#14230 = SURFACE_STYLE_USAGE(.BOTH.,#14231);
#14231 = SURFACE_SIDE_STYLE('',(#14232));
#14232 = SURFACE_STYLE_FILL_AREA(#14233);
#14233 = FILL_AREA_STYLE('',(#14234));
#14234 = FILL_AREA_STYLE_COLOUR('',#12862);
#14235 = OVER_RIDING_STYLED_ITEM('overriding color',(#14236),#11160,
  #11696);
#14236 = PRESENTATION_STYLE_ASSIGNMENT((#14237));
#14237 = SURFACE_STYLE_USAGE(.BOTH.,#14238);
#14238 = SURFACE_SIDE_STYLE('',(#14239));
#14239 = SURFACE_STYLE_FILL_AREA(#14240);
#14240 = FILL_AREA_STYLE('',(#14241));
#14241 = FILL_AREA_STYLE_COLOUR('',#12862);
#14242 = OVER_RIDING_STYLED_ITEM('overriding color',(#14243),#11180,
  #11696);
#14243 = PRESENTATION_STYLE_ASSIGNMENT((#14244));
#14244 = SURFACE_STYLE_USAGE(.BOTH.,#14245);
#14245 = SURFACE_SIDE_STYLE('',(#14246));
#14246 = SURFACE_STYLE_FILL_AREA(#14247);
#14247 = FILL_AREA_STYLE('',(#14248));
#14248 = FILL_AREA_STYLE_COLOUR('',#12862);
#14249 = OVER_RIDING_STYLED_ITEM('overriding color',(#14250),#11200,
  #11696);
#14250 = PRESENTATION_STYLE_ASSIGNMENT((#14251));
#14251 = SURFACE_STYLE_USAGE(.BOTH.,#14252);
#14252 = SURFACE_SIDE_STYLE('',(#14253));
#14253 = SURFACE_STYLE_FILL_AREA(#14254);
#14254 = FILL_AREA_STYLE('',(#14255));
#14255 = FILL_AREA_STYLE_COLOUR('',#12862);
#14256 = OVER_RIDING_STYLED_ITEM('overriding color',(#14257),#11220,
  #11696);
#14257 = PRESENTATION_STYLE_ASSIGNMENT((#14258));
#14258 = SURFACE_STYLE_USAGE(.BOTH.,#14259);
#14259 = SURFACE_SIDE_STYLE('',(#14260));
#14260 = SURFACE_STYLE_FILL_AREA(#14261);
#14261 = FILL_AREA_STYLE('',(#14262));
#14262 = FILL_AREA_STYLE_COLOUR('',#12862);
#14263 = OVER_RIDING_STYLED_ITEM('overriding color',(#14264),#11236,
  #11696);
#14264 = PRESENTATION_STYLE_ASSIGNMENT((#14265));
#14265 = SURFACE_STYLE_USAGE(.BOTH.,#14266);
#14266 = SURFACE_SIDE_STYLE('',(#14267));
#14267 = SURFACE_STYLE_FILL_AREA(#14268);
#14268 = FILL_AREA_STYLE('',(#14269));
#14269 = FILL_AREA_STYLE_COLOUR('',#12862);
#14270 = OVER_RIDING_STYLED_ITEM('overriding color',(#14271),#11252,
  #11696);
#14271 = PRESENTATION_STYLE_ASSIGNMENT((#14272));
#14272 = SURFACE_STYLE_USAGE(.BOTH.,#14273);
#14273 = SURFACE_SIDE_STYLE('',(#14274));
#14274 = SURFACE_STYLE_FILL_AREA(#14275);
#14275 = FILL_AREA_STYLE('',(#14276));
#14276 = FILL_AREA_STYLE_COLOUR('',#12862);
#14277 = OVER_RIDING_STYLED_ITEM('overriding color',(#14278),#11268,
  #11696);
#14278 = PRESENTATION_STYLE_ASSIGNMENT((#14279));
#14279 = SURFACE_STYLE_USAGE(.BOTH.,#14280);
#14280 = SURFACE_SIDE_STYLE('',(#14281));
#14281 = SURFACE_STYLE_FILL_AREA(#14282);
#14282 = FILL_AREA_STYLE('',(#14283));
#14283 = FILL_AREA_STYLE_COLOUR('',#12862);
#14284 = OVER_RIDING_STYLED_ITEM('overriding color',(#14285),#11284,
  #11696);
#14285 = PRESENTATION_STYLE_ASSIGNMENT((#14286));
#14286 = SURFACE_STYLE_USAGE(.BOTH.,#14287);
#14287 = SURFACE_SIDE_STYLE('',(#14288));
#14288 = SURFACE_STYLE_FILL_AREA(#14289);
#14289 = FILL_AREA_STYLE('',(#14290));
#14290 = FILL_AREA_STYLE_COLOUR('',#12862);
#14291 = OVER_RIDING_STYLED_ITEM('overriding color',(#14292),#11304,
  #11696);
#14292 = PRESENTATION_STYLE_ASSIGNMENT((#14293));
#14293 = SURFACE_STYLE_USAGE(.BOTH.,#14294);
#14294 = SURFACE_SIDE_STYLE('',(#14295));
#14295 = SURFACE_STYLE_FILL_AREA(#14296);
#14296 = FILL_AREA_STYLE('',(#14297));
#14297 = FILL_AREA_STYLE_COLOUR('',#12862);
#14298 = OVER_RIDING_STYLED_ITEM('overriding color',(#14299),#11324,
  #11696);
#14299 = PRESENTATION_STYLE_ASSIGNMENT((#14300));
#14300 = SURFACE_STYLE_USAGE(.BOTH.,#14301);
#14301 = SURFACE_SIDE_STYLE('',(#14302));
#14302 = SURFACE_STYLE_FILL_AREA(#14303);
#14303 = FILL_AREA_STYLE('',(#14304));
#14304 = FILL_AREA_STYLE_COLOUR('',#12862);
#14305 = OVER_RIDING_STYLED_ITEM('overriding color',(#14306),#11344,
  #11696);
#14306 = PRESENTATION_STYLE_ASSIGNMENT((#14307));
#14307 = SURFACE_STYLE_USAGE(.BOTH.,#14308);
#14308 = SURFACE_SIDE_STYLE('',(#14309));
#14309 = SURFACE_STYLE_FILL_AREA(#14310);
#14310 = FILL_AREA_STYLE('',(#14311));
#14311 = FILL_AREA_STYLE_COLOUR('',#12862);
#14312 = OVER_RIDING_STYLED_ITEM('overriding color',(#14313),#11364,
  #11696);
#14313 = PRESENTATION_STYLE_ASSIGNMENT((#14314));
#14314 = SURFACE_STYLE_USAGE(.BOTH.,#14315);
#14315 = SURFACE_SIDE_STYLE('',(#14316));
#14316 = SURFACE_STYLE_FILL_AREA(#14317);
#14317 = FILL_AREA_STYLE('',(#14318));
#14318 = FILL_AREA_STYLE_COLOUR('',#12862);
#14319 = OVER_RIDING_STYLED_ITEM('overriding color',(#14320),#11384,
  #11696);
#14320 = PRESENTATION_STYLE_ASSIGNMENT((#14321));
#14321 = SURFACE_STYLE_USAGE(.BOTH.,#14322);
#14322 = SURFACE_SIDE_STYLE('',(#14323));
#14323 = SURFACE_STYLE_FILL_AREA(#14324);
#14324 = FILL_AREA_STYLE('',(#14325));
#14325 = FILL_AREA_STYLE_COLOUR('',#12862);
#14326 = OVER_RIDING_STYLED_ITEM('overriding color',(#14327),#11404,
  #11696);
#14327 = PRESENTATION_STYLE_ASSIGNMENT((#14328));
#14328 = SURFACE_STYLE_USAGE(.BOTH.,#14329);
#14329 = SURFACE_SIDE_STYLE('',(#14330));
#14330 = SURFACE_STYLE_FILL_AREA(#14331);
#14331 = FILL_AREA_STYLE('',(#14332));
#14332 = FILL_AREA_STYLE_COLOUR('',#12862);
#14333 = OVER_RIDING_STYLED_ITEM('overriding color',(#14334),#11424,
  #11696);
#14334 = PRESENTATION_STYLE_ASSIGNMENT((#14335));
#14335 = SURFACE_STYLE_USAGE(.BOTH.,#14336);
#14336 = SURFACE_SIDE_STYLE('',(#14337));
#14337 = SURFACE_STYLE_FILL_AREA(#14338);
#14338 = FILL_AREA_STYLE('',(#14339));
#14339 = FILL_AREA_STYLE_COLOUR('',#12862);
#14340 = OVER_RIDING_STYLED_ITEM('overriding color',(#14341),#11440,
  #11696);
#14341 = PRESENTATION_STYLE_ASSIGNMENT((#14342));
#14342 = SURFACE_STYLE_USAGE(.BOTH.,#14343);
#14343 = SURFACE_SIDE_STYLE('',(#14344));
#14344 = SURFACE_STYLE_FILL_AREA(#14345);
#14345 = FILL_AREA_STYLE('',(#14346));
#14346 = FILL_AREA_STYLE_COLOUR('',#12862);
#14347 = OVER_RIDING_STYLED_ITEM('overriding color',(#14348),#11460,
  #11696);
#14348 = PRESENTATION_STYLE_ASSIGNMENT((#14349));
#14349 = SURFACE_STYLE_USAGE(.BOTH.,#14350);
#14350 = SURFACE_SIDE_STYLE('',(#14351));
#14351 = SURFACE_STYLE_FILL_AREA(#14352);
#14352 = FILL_AREA_STYLE('',(#14353));
#14353 = FILL_AREA_STYLE_COLOUR('',#12862);
#14354 = OVER_RIDING_STYLED_ITEM('overriding color',(#14355),#11480,
  #11696);
#14355 = PRESENTATION_STYLE_ASSIGNMENT((#14356));
#14356 = SURFACE_STYLE_USAGE(.BOTH.,#14357);
#14357 = SURFACE_SIDE_STYLE('',(#14358));
#14358 = SURFACE_STYLE_FILL_AREA(#14359);
#14359 = FILL_AREA_STYLE('',(#14360));
#14360 = FILL_AREA_STYLE_COLOUR('',#12862);
#14361 = OVER_RIDING_STYLED_ITEM('overriding color',(#14362),#11496,
  #11696);
#14362 = PRESENTATION_STYLE_ASSIGNMENT((#14363));
#14363 = SURFACE_STYLE_USAGE(.BOTH.,#14364);
#14364 = SURFACE_SIDE_STYLE('',(#14365));
#14365 = SURFACE_STYLE_FILL_AREA(#14366);
#14366 = FILL_AREA_STYLE('',(#14367));
#14367 = FILL_AREA_STYLE_COLOUR('',#12862);
#14368 = OVER_RIDING_STYLED_ITEM('overriding color',(#14369),#11516,
  #11696);
#14369 = PRESENTATION_STYLE_ASSIGNMENT((#14370));
#14370 = SURFACE_STYLE_USAGE(.BOTH.,#14371);
#14371 = SURFACE_SIDE_STYLE('',(#14372));
#14372 = SURFACE_STYLE_FILL_AREA(#14373);
#14373 = FILL_AREA_STYLE('',(#14374));
#14374 = FILL_AREA_STYLE_COLOUR('',#12862);
#14375 = OVER_RIDING_STYLED_ITEM('overriding color',(#14376),#11536,
  #11696);
#14376 = PRESENTATION_STYLE_ASSIGNMENT((#14377));
#14377 = SURFACE_STYLE_USAGE(.BOTH.,#14378);
#14378 = SURFACE_SIDE_STYLE('',(#14379));
#14379 = SURFACE_STYLE_FILL_AREA(#14380);
#14380 = FILL_AREA_STYLE('',(#14381));
#14381 = FILL_AREA_STYLE_COLOUR('',#12862);
#14382 = OVER_RIDING_STYLED_ITEM('overriding color',(#14383),#11556,
  #11696);
#14383 = PRESENTATION_STYLE_ASSIGNMENT((#14384));
#14384 = SURFACE_STYLE_USAGE(.BOTH.,#14385);
#14385 = SURFACE_SIDE_STYLE('',(#14386));
#14386 = SURFACE_STYLE_FILL_AREA(#14387);
#14387 = FILL_AREA_STYLE('',(#14388));
#14388 = FILL_AREA_STYLE_COLOUR('',#12862);
#14389 = OVER_RIDING_STYLED_ITEM('overriding color',(#14390),#11572,
  #11696);
#14390 = PRESENTATION_STYLE_ASSIGNMENT((#14391));
#14391 = SURFACE_STYLE_USAGE(.BOTH.,#14392);
#14392 = SURFACE_SIDE_STYLE('',(#14393));
#14393 = SURFACE_STYLE_FILL_AREA(#14394);
#14394 = FILL_AREA_STYLE('',(#14395));
#14395 = FILL_AREA_STYLE_COLOUR('',#12862);
#14396 = OVER_RIDING_STYLED_ITEM('overriding color',(#14397),#11592,
  #11696);
#14397 = PRESENTATION_STYLE_ASSIGNMENT((#14398));
#14398 = SURFACE_STYLE_USAGE(.BOTH.,#14399);
#14399 = SURFACE_SIDE_STYLE('',(#14400));
#14400 = SURFACE_STYLE_FILL_AREA(#14401);
#14401 = FILL_AREA_STYLE('',(#14402));
#14402 = FILL_AREA_STYLE_COLOUR('',#12862);
#14403 = OVER_RIDING_STYLED_ITEM('overriding color',(#14404),#11608,
  #11696);
#14404 = PRESENTATION_STYLE_ASSIGNMENT((#14405));
#14405 = SURFACE_STYLE_USAGE(.BOTH.,#14406);
#14406 = SURFACE_SIDE_STYLE('',(#14407));
#14407 = SURFACE_STYLE_FILL_AREA(#14408);
#14408 = FILL_AREA_STYLE('',(#14409));
#14409 = FILL_AREA_STYLE_COLOUR('',#12862);
#14410 = OVER_RIDING_STYLED_ITEM('overriding color',(#14411),#11651,
  #11696);
#14411 = PRESENTATION_STYLE_ASSIGNMENT((#14412));
#14412 = SURFACE_STYLE_USAGE(.BOTH.,#14413);
#14413 = SURFACE_SIDE_STYLE('',(#14414));
#14414 = SURFACE_STYLE_FILL_AREA(#14415);
#14415 = FILL_AREA_STYLE('',(#14416));
#14416 = FILL_AREA_STYLE_COLOUR('',#12862);
#14417 = OVER_RIDING_STYLED_ITEM('overriding color',(#14418),#11679,
  #11696);
#14418 = PRESENTATION_STYLE_ASSIGNMENT((#14419));
#14419 = SURFACE_STYLE_USAGE(.BOTH.,#14420);
#14420 = SURFACE_SIDE_STYLE('',(#14421));
#14421 = SURFACE_STYLE_FILL_AREA(#14422);
#14422 = FILL_AREA_STYLE('',(#14423));
#14423 = FILL_AREA_STYLE_COLOUR('',#11703);
ENDSEC;
END-ISO-10303-21;
