ISO-10303-21;
HEADER;
FILE_DESCRIPTION(('Open CASCADE Model'),'2;1');
FILE_NAME('Open CASCADE Shape Model','2026-09-02T07:15:57',('Author'),(
    'Open CASCADE'),'Open CASCADE STEP processor 7.9','Open CASCADE 7.9'
  ,'Unknown');
FILE_SCHEMA(('AUTOMOTIVE_DESIGN { 1 0 10303 214 1 1 1 1 }'));
ENDSEC;
DATA;
#1 = APPLICATION_PROTOCOL_DEFINITION('international standard',
  'automotive_design',2000,#2);
#2 = APPLICATION_CONTEXT(
  'core data for automotive mechanical design processes');
#3 = SHAPE_DEFINITION_REPRESENTATION(#4,#10);
#4 = PRODUCT_DEFINITION_SHAPE('','',#5);
#5 = PRODUCT_DEFINITION('design','',#6,#9);
#6 = PRODUCT_DEFINITION_FORMATION('','',#7);
#7 = PRODUCT('SOLID','SOLID','',(#8));
#8 = PRODUCT_CONTEXT('',#2,'mechanical');
#9 = PRODUCT_DEFINITION_CONTEXT('part definition',#2,'design');
#10 = ADVANCED_BREP_SHAPE_REPRESENTATION('',(#11,#15),#10439);
#11 = AXIS2_PLACEMENT_3D('',#12,#13,#14);
#12 = CARTESIAN_POINT('',(0.,0.,0.));
#13 = DIRECTION('',(0.,0.,1.));
#14 = DIRECTION('',(1.,0.,-0.));
#15 = MANIFOLD_SOLID_BREP('',#16);
#16 = CLOSED_SHELL('',(#17,#1465,#1621,#1663,#1747,#1767,#1789,#1865,
    #1887,#1923,#1945,#1994,#2016,#2032,#2050,#2074,#2096,#2132,#2175,
    #2275,#2310,#2382,#2402,#2418,#2434,#2451,#2465,#2483,#2496,#2508,
    #2520,#2542,#2558,#2574,#2586,#2602,#2620,#2636,#2652,#2664,#2692,
    #2716,#2740,#2786,#2798,#2826,#2850,#2874,#2920,#2932,#2972,#3000,
    #3032,#3060,#3092,#3134,#3168,#3204,#3244,#3272,#3304,#3332,#3364,
    #3392,#3424,#3468,#3512,#3524,#3536,#3564,#3600,#3628,#3644,#3660,
    #3682,#3700,#3718,#3730,#3750,#3766,#3782,#3794,#3834,#3862,#3894,
    #3922,#3954,#3996,#4030,#4066,#4106,#4134,#4166,#4194,#4226,#4254,
    #4286,#4330,#4374,#4386,#4398,#4426,#4462,#4490,#4506,#4522,#4544,
    #4562,#4580,#4592,#4612,#4628,#4644,#4656,#4684,#4706,#4728,#4750,
    #4772,#4788,#4802,#4836,#4858,#4886,#4914,#4942,#4970,#4998,#5026,
    #5048,#5076,#5104,#5132,#5160,#5182,#5204,#5232,#5254,#5276,#5298,
    #5320,#5342,#5364,#5386,#5408,#5430,#5452,#5468,#5488,#5612,#5632,
    #5652,#5672,#5692,#5712,#5728,#5740,#5768,#5790,#5812,#5840,#5868,
    #5896,#5918,#5933,#6045,#6065,#6081,#6097,#6113,#6129,#6145,#6161,
    #6173,#6201,#6223,#6251,#6273,#6301,#6317,#6331,#6359,#6381,#6403,
    #6425,#6447,#6469,#6491,#6513,#6535,#6557,#6579,#6595,#6615,#6807,
    #6831,#6847,#6867,#6887,#6903,#6923,#6943,#6963,#6983,#6999,#7015,
    #7031,#7047,#7063,#7097,#7125,#7153,#7181,#7209,#7237,#7259,#7275,
    #7291,#7325,#7347,#7375,#7403,#7431,#7459,#7487,#7515,#7543,#7571,
    #7599,#7627,#7649,#7677,#7705,#7733,#7761,#7789,#7817,#7845,#7867,
    #7896,#7924,#7946,#7974,#7996,#8018,#8040,#8062,#8084,#8106,#8134,
    #8162,#8184,#8212,#8240,#8256,#8279,#8307,#8329,#8351,#8373,#8395,
    #8417,#8439,#8461,#8483,#8505,#8527,#8543,#8563,#8687,#8707,#8727,
    #8747,#8767,#8787,#8803,#8815,#8843,#8865,#8887,#8915,#8943,#8971,
    #8993,#9008,#9120,#9140,#9156,#9172,#9188,#9204,#9220,#9236,#9248,
    #9276,#9298,#9326,#9348,#9376,#9392,#9406,#9726,#9750,#9770,#9790,
    #9810,#9830,#9850,#9870,#9890,#9910,#9930,#9950,#9970,#9986,#10002,
    #10018,#10034,#10054,#10074,#10094,#10114,#10134,#10154,#10174,
    #10190,#10210,#10230,#10246,#10266,#10286,#10306,#10322,#10342,
    #10358,#10401,#10429));
#17 = ADVANCED_FACE('',(#18,#135,#251,#337,#461,#534,#578,#664,#723,#781
    ,#968,#1054,#1113,#1171),#1460,.F.);
#18 = FACE_BOUND('',#19,.T.);
#19 = EDGE_LOOP('',(#20,#29,#36,#45,#54,#61,#70,#79,#86,#93,#100,#107,
    #114,#121,#130));
#20 = ORIENTED_EDGE('',*,*,#21,.F.);
#21 = EDGE_CURVE('',#22,#24,#26,.T.);
#22 = VERTEX_POINT('',#23);
#23 = CARTESIAN_POINT('',(3.6995,-2.072834290345,4.687399008562));
#24 = VERTEX_POINT('',#25);
#25 = CARTESIAN_POINT('',(3.6995,-2.112449066956,4.687399008562));
#26 = B_SPLINE_CURVE_WITH_KNOTS('',1,(#27,#28),.UNSPECIFIED.,.F.,.F.,(2,
    2),(-3.961477661021E-02,4.440892098501E-16),
  .PIECEWISE_BEZIER_KNOTS.);
#27 = CARTESIAN_POINT('',(3.6995,-2.072834290345,4.687399008562));
#28 = CARTESIAN_POINT('',(3.6995,-2.112449066956,4.687399008562));
#29 = ORIENTED_EDGE('',*,*,#30,.F.);
#30 = EDGE_CURVE('',#31,#22,#33,.T.);
#31 = VERTEX_POINT('',#32);
#32 = CARTESIAN_POINT('',(3.6995,-2.171715268187,4.436609399147));
#33 = B_SPLINE_CURVE_WITH_KNOTS('',1,(#34,#35),.UNSPECIFIED.,.F.,.F.,(2,
    2),(-0.269579071831,0.),.PIECEWISE_BEZIER_KNOTS.);
#34 = CARTESIAN_POINT('',(3.6995,-2.171715268187,4.436609399147));
#35 = CARTESIAN_POINT('',(3.6995,-2.072834290345,4.687399008562));
#36 = ORIENTED_EDGE('',*,*,#37,.F.);
#37 = EDGE_CURVE('',#38,#31,#40,.T.);
#38 = VERTEX_POINT('',#39);
#39 = CARTESIAN_POINT('',(3.6995,-2.249463166379,4.366893630857));
#40 = B_SPLINE_CURVE_WITH_KNOTS('',3,(#41,#42,#43,#44),.UNSPECIFIED.,.F.
  ,.F.,(4,4),(1.,2.),.PIECEWISE_BEZIER_KNOTS.);
#41 = CARTESIAN_POINT('',(3.6995,-2.249463166379,4.366893630857));
#42 = CARTESIAN_POINT('',(3.6995,-2.216008955422,4.366893630857));
#43 = CARTESIAN_POINT('',(3.6995,-2.190118983305,4.390132220287));
#44 = CARTESIAN_POINT('',(3.6995,-2.171715268187,4.436609399147));
#45 = ORIENTED_EDGE('',*,*,#46,.F.);
#46 = EDGE_CURVE('',#47,#38,#49,.T.);
#47 = VERTEX_POINT('',#48);
#48 = CARTESIAN_POINT('',(3.6995,-2.274105428996,4.370012904606));
#49 = B_SPLINE_CURVE_WITH_KNOTS('',3,(#50,#51,#52,#53),.UNSPECIFIED.,.F.
  ,.F.,(4,4),(2.,3.),.PIECEWISE_BEZIER_KNOTS.);
#50 = CARTESIAN_POINT('',(3.6995,-2.274105428996,4.370012904606));
#51 = CARTESIAN_POINT('',(3.6995,-2.267321008592,4.36798537667));
#52 = CARTESIAN_POINT('',(3.6995,-2.259054933158,4.366893630857));
#53 = CARTESIAN_POINT('',(3.6995,-2.249463166379,4.366893630857));
#54 = ORIENTED_EDGE('',*,*,#55,.F.);
#55 = EDGE_CURVE('',#56,#47,#58,.T.);
#56 = VERTEX_POINT('',#57);
#57 = CARTESIAN_POINT('',(3.6995,-2.274105428996,4.404012988471));
#58 = B_SPLINE_CURVE_WITH_KNOTS('',1,(#59,#60),.UNSPECIFIED.,.F.,.F.,(2,
    2),(-3.400008386433E-02,0.),.PIECEWISE_BEZIER_KNOTS.);
#59 = CARTESIAN_POINT('',(3.6995,-2.274105428996,4.404012988471));
#60 = CARTESIAN_POINT('',(3.6995,-2.274105428996,4.370012904606));
#61 = ORIENTED_EDGE('',*,*,#62,.F.);
#62 = EDGE_CURVE('',#63,#56,#65,.T.);
#63 = VERTEX_POINT('',#64);
#64 = CARTESIAN_POINT('',(3.6995,-2.252426476442,4.399646005221));
#65 = B_SPLINE_CURVE_WITH_KNOTS('',3,(#66,#67,#68,#69),.UNSPECIFIED.,.F.
  ,.F.,(4,4),(4.,5.),.PIECEWISE_BEZIER_KNOTS.);
#66 = CARTESIAN_POINT('',(3.6995,-2.252426476442,4.399646005221));
#67 = CARTESIAN_POINT('',(3.6995,-2.259444842376,4.399646005221));
#68 = CARTESIAN_POINT('',(3.6995,-2.266619171999,4.401049678408));
#69 = CARTESIAN_POINT('',(3.6995,-2.274105428996,4.404012988471));
#70 = ORIENTED_EDGE('',*,*,#71,.F.);
#71 = EDGE_CURVE('',#72,#63,#74,.T.);
#72 = VERTEX_POINT('',#73);
#73 = CARTESIAN_POINT('',(3.6995,-2.213279590892,4.430370851648));
#74 = B_SPLINE_CURVE_WITH_KNOTS('',3,(#75,#76,#77,#78),.UNSPECIFIED.,.F.
  ,.F.,(4,4),(5.,6.),.PIECEWISE_BEZIER_KNOTS.);
#75 = CARTESIAN_POINT('',(3.6995,-2.213279590892,4.430370851648));
#76 = CARTESIAN_POINT('',(3.6995,-2.221935575545,4.409783644906));
#77 = CARTESIAN_POINT('',(3.6995,-2.234958543446,4.399646005221));
#78 = CARTESIAN_POINT('',(3.6995,-2.252426476442,4.399646005221));
#79 = ORIENTED_EDGE('',*,*,#80,.F.);
#80 = EDGE_CURVE('',#81,#72,#83,.T.);
#81 = VERTEX_POINT('',#82);
#82 = CARTESIAN_POINT('',(3.6995,-2.196513494491,4.469985628261));
#83 = B_SPLINE_CURVE_WITH_KNOTS('',1,(#84,#85),.UNSPECIFIED.,.F.,.F.,(2,
    2),(-4.301665392122E-02,3.139725654719E-17),
  .PIECEWISE_BEZIER_KNOTS.);
#84 = CARTESIAN_POINT('',(3.6995,-2.196513494491,4.469985628261));
#85 = CARTESIAN_POINT('',(3.6995,-2.213279590892,4.430370851648));
#86 = ORIENTED_EDGE('',*,*,#87,.F.);
#87 = EDGE_CURVE('',#88,#81,#90,.T.);
#88 = VERTEX_POINT('',#89);
#89 = CARTESIAN_POINT('',(3.6995,-2.281981595212,4.687399008562));
#90 = B_SPLINE_CURVE_WITH_KNOTS('',1,(#91,#92),.UNSPECIFIED.,.F.,.F.,(2,
    2),(-0.233609447958,-9.007226465324E-16),.PIECEWISE_BEZIER_KNOTS.);
#91 = CARTESIAN_POINT('',(3.6995,-2.281981595212,4.687399008562));
#92 = CARTESIAN_POINT('',(3.6995,-2.196513494491,4.469985628261));
#93 = ORIENTED_EDGE('',*,*,#94,.F.);
#94 = EDGE_CURVE('',#95,#88,#97,.T.);
#95 = VERTEX_POINT('',#96);
#96 = CARTESIAN_POINT('',(3.6995,-2.239247544852,4.687399008562));
#97 = B_SPLINE_CURVE_WITH_KNOTS('',1,(#98,#99),.UNSPECIFIED.,.F.,.F.,(2,
    2),(-4.27340503608E-02,-8.881784197001E-16),
  .PIECEWISE_BEZIER_KNOTS.);
#98 = CARTESIAN_POINT('',(3.6995,-2.239247544852,4.687399008562));
#99 = CARTESIAN_POINT('',(3.6995,-2.281981595212,4.687399008562));
#100 = ORIENTED_EDGE('',*,*,#101,.F.);
#101 = EDGE_CURVE('',#102,#95,#104,.T.);
#102 = VERTEX_POINT('',#103);
#103 = CARTESIAN_POINT('',(3.6995,-2.182320798934,4.523637136742));
#104 = B_SPLINE_CURVE_WITH_KNOTS('',1,(#105,#106),.UNSPECIFIED.,.F.,.F.,
  (2,2),(-0.173374176459,0.),.PIECEWISE_BEZIER_KNOTS.);
#105 = CARTESIAN_POINT('',(3.6995,-2.182320798934,4.523637136742));
#106 = CARTESIAN_POINT('',(3.6995,-2.239247544852,4.687399008562));
#107 = ORIENTED_EDGE('',*,*,#108,.F.);
#108 = EDGE_CURVE('',#109,#102,#111,.T.);
#109 = VERTEX_POINT('',#110);
#110 = CARTESIAN_POINT('',(3.6995,-2.177641888309,4.505701312685));
#111 = B_SPLINE_CURVE_WITH_KNOTS('',1,(#112,#113),.UNSPECIFIED.,.F.,.F.,
  (2,2),(-1.853607264843E-02,4.390498767077E-16),
  .PIECEWISE_BEZIER_KNOTS.);
#112 = CARTESIAN_POINT('',(3.6995,-2.177641888309,4.505701312685));
#113 = CARTESIAN_POINT('',(3.6995,-2.182320798934,4.523637136742));
#114 = ORIENTED_EDGE('',*,*,#115,.F.);
#115 = EDGE_CURVE('',#116,#109,#118,.T.);
#116 = VERTEX_POINT('',#117);
#117 = CARTESIAN_POINT('',(3.6995,-2.176628124342,4.505701312685));
#118 = B_SPLINE_CURVE_WITH_KNOTS('',1,(#119,#120),.UNSPECIFIED.,.F.,.F.,
  (2,2),(-1.013763967252E-03,4.440892098501E-16),
  .PIECEWISE_BEZIER_KNOTS.);
#119 = CARTESIAN_POINT('',(3.6995,-2.176628124342,4.505701312685));
#120 = CARTESIAN_POINT('',(3.6995,-2.177641888309,4.505701312685));
#121 = ORIENTED_EDGE('',*,*,#122,.F.);
#122 = EDGE_CURVE('',#123,#116,#125,.T.);
#123 = VERTEX_POINT('',#124);
#124 = CARTESIAN_POINT('',(3.6995,-2.171949213718,4.523325209367));
#125 = B_SPLINE_CURVE_WITH_KNOTS('',3,(#126,#127,#128,#129),
  .UNSPECIFIED.,.F.,.F.,(4,4),(12.,13.),.PIECEWISE_BEZIER_KNOTS.);
#126 = CARTESIAN_POINT('',(3.6995,-2.171949213718,4.523325209367));
#127 = CARTESIAN_POINT('',(3.6995,-2.174288669029,4.515682988683));
#128 = CARTESIAN_POINT('',(3.6995,-2.175848305906,4.50975636856));
#129 = CARTESIAN_POINT('',(3.6995,-2.176628124342,4.505701312685));
#130 = ORIENTED_EDGE('',*,*,#131,.F.);
#131 = EDGE_CURVE('',#24,#123,#132,.T.);
#132 = B_SPLINE_CURVE_WITH_KNOTS('',1,(#133,#134),.UNSPECIFIED.,.F.,.F.,
  (2,2),(-0.174529307129,-1.513979147466E-16),.PIECEWISE_BEZIER_KNOTS.);
#133 = CARTESIAN_POINT('',(3.6995,-2.112449066956,4.687399008562));
#134 = CARTESIAN_POINT('',(3.6995,-2.171949213718,4.523325209367));
#135 = FACE_BOUND('',#136,.T.);
#136 = EDGE_LOOP('',(#137,#148,#157,#164,#171,#178,#185,#194,#203,#212,
    #221,#228,#237,#246));
#137 = ORIENTED_EDGE('',*,*,#138,.F.);
#138 = EDGE_CURVE('',#139,#141,#143,.T.);
#139 = VERTEX_POINT('',#140);
#140 = CARTESIAN_POINT('',(3.6995,-2.579560310862,4.692389846561));
#141 = VERTEX_POINT('',#142);
#142 = CARTESIAN_POINT('',(3.6995,-2.654578844525,4.672114567193));
#143 = B_SPLINE_CURVE_WITH_KNOTS('',3,(#144,#145,#146,#147),
  .UNSPECIFIED.,.F.,.F.,(4,4),(0.,1.),.PIECEWISE_BEZIER_KNOTS.);
#144 = CARTESIAN_POINT('',(3.6995,-2.579560310862,4.692389846561));
#145 = CARTESIAN_POINT('',(3.6995,-2.607945701977,4.692389846561));
#146 = CARTESIAN_POINT('',(3.6995,-2.632977873813,4.685683408));
#147 = CARTESIAN_POINT('',(3.6995,-2.654578844525,4.672114567193));
#148 = ORIENTED_EDGE('',*,*,#149,.F.);
#149 = EDGE_CURVE('',#150,#139,#152,.T.);
#150 = VERTEX_POINT('',#151);
#151 = CARTESIAN_POINT('',(3.6995,-2.500798648701,4.609729092212));
#152 = B_SPLINE_CURVE_WITH_KNOTS('',3,(#153,#154,#155,#156),
  .UNSPECIFIED.,.F.,.F.,(4,4),(1.,2.),.PIECEWISE_BEZIER_KNOTS.);
#153 = CARTESIAN_POINT('',(3.6995,-2.500798648701,4.609729092212));
#154 = CARTESIAN_POINT('',(3.6995,-2.500798648701,4.66494023757));
#155 = CARTESIAN_POINT('',(3.6995,-2.527078530037,4.692389846561));
#156 = CARTESIAN_POINT('',(3.6995,-2.579560310862,4.692389846561));
#157 = ORIENTED_EDGE('',*,*,#158,.F.);
#158 = EDGE_CURVE('',#159,#150,#161,.T.);
#159 = VERTEX_POINT('',#160);
#160 = CARTESIAN_POINT('',(3.6995,-2.500798648701,4.469517737199));
#161 = B_SPLINE_CURVE_WITH_KNOTS('',1,(#162,#163),.UNSPECIFIED.,.F.,.F.,
  (2,2),(-0.140211355014,0.),.PIECEWISE_BEZIER_KNOTS.);
#162 = CARTESIAN_POINT('',(3.6995,-2.500798648701,4.469517737199));
#163 = CARTESIAN_POINT('',(3.6995,-2.500798648701,4.609729092212));
#164 = ORIENTED_EDGE('',*,*,#165,.F.);
#165 = EDGE_CURVE('',#166,#159,#168,.T.);
#166 = VERTEX_POINT('',#167);
#167 = CARTESIAN_POINT('',(3.6995,-2.539009752126,4.469517737199));
#168 = B_SPLINE_CURVE_WITH_KNOTS('',1,(#169,#170),.UNSPECIFIED.,.F.,.F.,
  (2,2),(-3.821110342477E-02,-4.440892098501E-16),
  .PIECEWISE_BEZIER_KNOTS.);
#169 = CARTESIAN_POINT('',(3.6995,-2.539009752126,4.469517737199));
#170 = CARTESIAN_POINT('',(3.6995,-2.500798648701,4.469517737199));
#171 = ORIENTED_EDGE('',*,*,#172,.F.);
#172 = EDGE_CURVE('',#173,#166,#175,.T.);
#173 = VERTEX_POINT('',#174);
#174 = CARTESIAN_POINT('',(3.6995,-2.539009752126,4.503205893687));
#175 = B_SPLINE_CURVE_WITH_KNOTS('',1,(#176,#177),.UNSPECIFIED.,.F.,.F.,
  (2,2),(-3.368815648771E-02,-2.22044604925E-16),
  .PIECEWISE_BEZIER_KNOTS.);
#176 = CARTESIAN_POINT('',(3.6995,-2.539009752126,4.503205893687));
#177 = CARTESIAN_POINT('',(3.6995,-2.539009752126,4.469517737199));
#178 = ORIENTED_EDGE('',*,*,#179,.F.);
#179 = EDGE_CURVE('',#180,#173,#182,.T.);
#180 = VERTEX_POINT('',#181);
#181 = CARTESIAN_POINT('',(3.6995,-2.540023516095,4.503205893687));
#182 = B_SPLINE_CURVE_WITH_KNOTS('',1,(#183,#184),.UNSPECIFIED.,.F.,.F.,
  (2,2),(-1.013763968292E-03,-8.881784197001E-16),
  .PIECEWISE_BEZIER_KNOTS.);
#183 = CARTESIAN_POINT('',(3.6995,-2.540023516095,4.503205893687));
#184 = CARTESIAN_POINT('',(3.6995,-2.539009752126,4.503205893687));
#185 = ORIENTED_EDGE('',*,*,#186,.F.);
#186 = EDGE_CURVE('',#187,#180,#189,.T.);
#187 = VERTEX_POINT('',#188);
#188 = CARTESIAN_POINT('',(3.6995,-2.606775974322,4.464370935513));
#189 = B_SPLINE_CURVE_WITH_KNOTS('',3,(#190,#191,#192,#193),
  .UNSPECIFIED.,.F.,.F.,(4,4),(6.,7.),.PIECEWISE_BEZIER_KNOTS.);
#190 = CARTESIAN_POINT('',(3.6995,-2.606775974322,4.464370935513));
#191 = CARTESIAN_POINT('',(3.6995,-2.577376819238,4.464370935513));
#192 = CARTESIAN_POINT('',(3.6995,-2.555074011933,4.477315921571));
#193 = CARTESIAN_POINT('',(3.6995,-2.540023516095,4.503205893687));
#194 = ORIENTED_EDGE('',*,*,#195,.F.);
#195 = EDGE_CURVE('',#196,#187,#198,.T.);
#196 = VERTEX_POINT('',#197);
#197 = CARTESIAN_POINT('',(3.6995,-2.657152245367,4.481526941131));
#198 = B_SPLINE_CURVE_WITH_KNOTS('',3,(#199,#200,#201,#202),
  .UNSPECIFIED.,.F.,.F.,(4,4),(7.,8.),.PIECEWISE_BEZIER_KNOTS.);
#199 = CARTESIAN_POINT('',(3.6995,-2.657152245367,4.481526941131));
#200 = CARTESIAN_POINT('',(3.6995,-2.644675150372,4.470141591948));
#201 = CARTESIAN_POINT('',(3.6995,-2.627909053971,4.464370935513));
#202 = CARTESIAN_POINT('',(3.6995,-2.606775974322,4.464370935513));
#203 = ORIENTED_EDGE('',*,*,#204,.F.);
#204 = EDGE_CURVE('',#205,#196,#207,.T.);
#205 = VERTEX_POINT('',#206);
#206 = CARTESIAN_POINT('',(3.6995,-2.675867887861,4.527848156304));
#207 = B_SPLINE_CURVE_WITH_KNOTS('',3,(#208,#209,#210,#211),
  .UNSPECIFIED.,.F.,.F.,(4,4),(8.,9.),.PIECEWISE_BEZIER_KNOTS.);
#208 = CARTESIAN_POINT('',(3.6995,-2.675867887861,4.527848156304));
#209 = CARTESIAN_POINT('',(3.6995,-2.675867887861,4.508352695373));
#210 = CARTESIAN_POINT('',(3.6995,-2.669629340363,4.492912290314));
#211 = CARTESIAN_POINT('',(3.6995,-2.657152245367,4.481526941131));
#212 = ORIENTED_EDGE('',*,*,#213,.F.);
#213 = EDGE_CURVE('',#214,#205,#216,.T.);
#214 = VERTEX_POINT('',#215);
#215 = CARTESIAN_POINT('',(3.6995,-2.60357871873,4.59896759778));
#216 = B_SPLINE_CURVE_WITH_KNOTS('',3,(#217,#218,#219,#220),
  .UNSPECIFIED.,.F.,.F.,(4,4),(9.,10.),.PIECEWISE_BEZIER_KNOTS.);
#217 = CARTESIAN_POINT('',(3.6995,-2.60357871873,4.59896759778));
#218 = CARTESIAN_POINT('',(3.6995,-2.65177149815,4.59226115922));
#219 = CARTESIAN_POINT('',(3.6995,-2.675867887861,4.568554678727));
#220 = CARTESIAN_POINT('',(3.6995,-2.675867887861,4.527848156304));
#221 = ORIENTED_EDGE('',*,*,#222,.F.);
#222 = EDGE_CURVE('',#223,#214,#225,.T.);
#223 = VERTEX_POINT('',#224);
#224 = CARTESIAN_POINT('',(3.6995,-2.539009752126,4.608013491652));
#225 = B_SPLINE_CURVE_WITH_KNOTS('',1,(#226,#227),.UNSPECIFIED.,.F.,.F.,
  (2,2),(-6.519953714706E-02,-0.),.PIECEWISE_BEZIER_KNOTS.);
#226 = CARTESIAN_POINT('',(3.6995,-2.539009752126,4.608013491652));
#227 = CARTESIAN_POINT('',(3.6995,-2.60357871873,4.59896759778));
#228 = ORIENTED_EDGE('',*,*,#229,.F.);
#229 = EDGE_CURVE('',#230,#223,#232,.T.);
#230 = VERTEX_POINT('',#231);
#231 = CARTESIAN_POINT('',(3.6995,-2.583147475673,4.661353072759));
#232 = B_SPLINE_CURVE_WITH_KNOTS('',3,(#233,#234,#235,#236),
  .UNSPECIFIED.,.F.,.F.,(4,4),(11.,12.),.PIECEWISE_BEZIER_KNOTS.);
#233 = CARTESIAN_POINT('',(3.6995,-2.583147475673,4.661353072759));
#234 = CARTESIAN_POINT('',(3.6995,-2.55374832059,4.661353072759));
#235 = CARTESIAN_POINT('',(3.6995,-2.539009752126,4.643573212389));
#236 = CARTESIAN_POINT('',(3.6995,-2.539009752126,4.608013491652));
#237 = ORIENTED_EDGE('',*,*,#238,.F.);
#238 = EDGE_CURVE('',#239,#230,#241,.T.);
#239 = VERTEX_POINT('',#240);
#240 = CARTESIAN_POINT('',(3.6995,-2.654578844525,4.634995209579));
#241 = B_SPLINE_CURVE_WITH_KNOTS('',3,(#242,#243,#244,#245),
  .UNSPECIFIED.,.F.,.F.,(4,4),(12.,13.),.PIECEWISE_BEZIER_KNOTS.);
#242 = CARTESIAN_POINT('',(3.6995,-2.654578844525,4.634995209579));
#243 = CARTESIAN_POINT('',(3.6995,-2.633055855657,4.652463142574));
#244 = CARTESIAN_POINT('',(3.6995,-2.609271393321,4.661353072759));
#245 = CARTESIAN_POINT('',(3.6995,-2.583147475673,4.661353072759));
#246 = ORIENTED_EDGE('',*,*,#247,.F.);
#247 = EDGE_CURVE('',#141,#239,#248,.T.);
#248 = B_SPLINE_CURVE_WITH_KNOTS('',1,(#249,#250),.UNSPECIFIED.,.F.,.F.,
  (2,2),(-3.711935761389E-02,5.188478648851E-30),
  .PIECEWISE_BEZIER_KNOTS.);
#249 = CARTESIAN_POINT('',(3.6995,-2.654578844525,4.672114567193));
#250 = CARTESIAN_POINT('',(3.6995,-2.654578844525,4.634995209579));
#251 = FACE_BOUND('',#252,.T.);
#252 = EDGE_LOOP('',(#253,#262,#269,#276,#283,#290,#297,#304,#311,#318,
    #325,#332));
#253 = ORIENTED_EDGE('',*,*,#254,.F.);
#254 = EDGE_CURVE('',#255,#257,#259,.T.);
#255 = VERTEX_POINT('',#256);
#256 = CARTESIAN_POINT('',(3.6995,-2.712441372568,4.469517737199));
#257 = VERTEX_POINT('',#258);
#258 = CARTESIAN_POINT('',(3.6995,-2.712441372568,4.5042976395));
#259 = B_SPLINE_CURVE_WITH_KNOTS('',1,(#260,#261),.UNSPECIFIED.,.F.,.F.,
  (2,2),(-3.477990230068E-02,-6.661338147751E-16),
  .PIECEWISE_BEZIER_KNOTS.);
#260 = CARTESIAN_POINT('',(3.6995,-2.712441372568,4.469517737199));
#261 = CARTESIAN_POINT('',(3.6995,-2.712441372568,4.5042976395));
#262 = ORIENTED_EDGE('',*,*,#263,.F.);
#263 = EDGE_CURVE('',#264,#255,#266,.T.);
#264 = VERTEX_POINT('',#265);
#265 = CARTESIAN_POINT('',(3.6995,-2.876515171763,4.469517737199));
#266 = B_SPLINE_CURVE_WITH_KNOTS('',1,(#267,#268),.UNSPECIFIED.,.F.,.F.,
  (2,2),(-0.164073799195,0.),.PIECEWISE_BEZIER_KNOTS.);
#267 = CARTESIAN_POINT('',(3.6995,-2.876515171763,4.469517737199));
#268 = CARTESIAN_POINT('',(3.6995,-2.712441372568,4.469517737199));
#269 = ORIENTED_EDGE('',*,*,#270,.F.);
#270 = EDGE_CURVE('',#271,#264,#273,.T.);
#271 = VERTEX_POINT('',#272);
#272 = CARTESIAN_POINT('',(3.6995,-2.876515171763,4.774582709846));
#273 = B_SPLINE_CURVE_WITH_KNOTS('',1,(#274,#275),.UNSPECIFIED.,.F.,.F.,
  (2,2),(-0.305064972647,-4.440892098501E-16),.PIECEWISE_BEZIER_KNOTS.);
#274 = CARTESIAN_POINT('',(3.6995,-2.876515171763,4.774582709846));
#275 = CARTESIAN_POINT('',(3.6995,-2.876515171763,4.469517737199));
#276 = ORIENTED_EDGE('',*,*,#277,.F.);
#277 = EDGE_CURVE('',#278,#271,#280,.T.);
#278 = VERTEX_POINT('',#279);
#279 = CARTESIAN_POINT('',(3.6995,-2.71938175666,4.774582709846));
#280 = B_SPLINE_CURVE_WITH_KNOTS('',1,(#281,#282),.UNSPECIFIED.,.F.,.F.,
  (2,2),(-0.157133415103,-4.440892098501E-16),.PIECEWISE_BEZIER_KNOTS.);
#281 = CARTESIAN_POINT('',(3.6995,-2.71938175666,4.774582709846));
#282 = CARTESIAN_POINT('',(3.6995,-2.876515171763,4.774582709846));
#283 = ORIENTED_EDGE('',*,*,#284,.F.);
#284 = EDGE_CURVE('',#285,#278,#287,.T.);
#285 = VERTEX_POINT('',#286);
#286 = CARTESIAN_POINT('',(3.6995,-2.71938175666,4.739490880171));
#287 = B_SPLINE_CURVE_WITH_KNOTS('',1,(#288,#289),.UNSPECIFIED.,.F.,.F.,
  (2,2),(-3.509182967521E-02,-4.440892098501E-16),
  .PIECEWISE_BEZIER_KNOTS.);
#288 = CARTESIAN_POINT('',(3.6995,-2.71938175666,4.739490880171));
#289 = CARTESIAN_POINT('',(3.6995,-2.71938175666,4.774582709846));
#290 = ORIENTED_EDGE('',*,*,#291,.F.);
#291 = EDGE_CURVE('',#292,#285,#294,.T.);
#292 = VERTEX_POINT('',#293);
#293 = CARTESIAN_POINT('',(3.6995,-2.837134340682,4.739490880171));
#294 = B_SPLINE_CURVE_WITH_KNOTS('',1,(#295,#296),.UNSPECIFIED.,.F.,.F.,
  (2,2),(-0.117752584023,-1.635573401951E-30),.PIECEWISE_BEZIER_KNOTS.);
#295 = CARTESIAN_POINT('',(3.6995,-2.837134340682,4.739490880171));
#296 = CARTESIAN_POINT('',(3.6995,-2.71938175666,4.739490880171));
#297 = ORIENTED_EDGE('',*,*,#298,.F.);
#298 = EDGE_CURVE('',#299,#292,#301,.T.);
#299 = VERTEX_POINT('',#300);
#300 = CARTESIAN_POINT('',(3.6995,-2.837134340682,4.641857611827));
#301 = B_SPLINE_CURVE_WITH_KNOTS('',1,(#302,#303),.UNSPECIFIED.,.F.,.F.,
  (2,2),(-9.763326834319E-02,4.440892098501E-16),
  .PIECEWISE_BEZIER_KNOTS.);
#302 = CARTESIAN_POINT('',(3.6995,-2.837134340682,4.641857611827));
#303 = CARTESIAN_POINT('',(3.6995,-2.837134340682,4.739490880171));
#304 = ORIENTED_EDGE('',*,*,#305,.F.);
#305 = EDGE_CURVE('',#306,#299,#308,.T.);
#306 = VERTEX_POINT('',#307);
#307 = CARTESIAN_POINT('',(3.6995,-2.728037741312,4.641857611827));
#308 = B_SPLINE_CURVE_WITH_KNOTS('',1,(#309,#310),.UNSPECIFIED.,.F.,.F.,
  (2,2),(-0.10909659937,-8.881784197001E-16),.PIECEWISE_BEZIER_KNOTS.);
#309 = CARTESIAN_POINT('',(3.6995,-2.728037741312,4.641857611827));
#310 = CARTESIAN_POINT('',(3.6995,-2.837134340682,4.641857611827));
#311 = ORIENTED_EDGE('',*,*,#312,.F.);
#312 = EDGE_CURVE('',#313,#306,#315,.T.);
#313 = VERTEX_POINT('',#314);
#314 = CARTESIAN_POINT('',(3.6995,-2.728037741312,4.60692174584));
#315 = B_SPLINE_CURVE_WITH_KNOTS('',1,(#316,#317),.UNSPECIFIED.,.F.,.F.,
  (2,2),(-3.493586598795E-02,0.),.PIECEWISE_BEZIER_KNOTS.);
#316 = CARTESIAN_POINT('',(3.6995,-2.728037741312,4.60692174584));
#317 = CARTESIAN_POINT('',(3.6995,-2.728037741312,4.641857611827));
#318 = ORIENTED_EDGE('',*,*,#319,.F.);
#319 = EDGE_CURVE('',#320,#313,#322,.T.);
#320 = VERTEX_POINT('',#321);
#321 = CARTESIAN_POINT('',(3.6995,-2.837134340682,4.60692174584));
#322 = B_SPLINE_CURVE_WITH_KNOTS('',1,(#323,#324),.UNSPECIFIED.,.F.,.F.,
  (2,2),(-0.10909659937,8.881784197001E-16),.PIECEWISE_BEZIER_KNOTS.);
#323 = CARTESIAN_POINT('',(3.6995,-2.837134340682,4.60692174584));
#324 = CARTESIAN_POINT('',(3.6995,-2.728037741312,4.60692174584));
#325 = ORIENTED_EDGE('',*,*,#326,.F.);
#326 = EDGE_CURVE('',#327,#320,#329,.T.);
#327 = VERTEX_POINT('',#328);
#328 = CARTESIAN_POINT('',(3.6995,-2.837134340682,4.5042976395));
#329 = B_SPLINE_CURVE_WITH_KNOTS('',1,(#330,#331),.UNSPECIFIED.,.F.,.F.,
  (2,2),(-0.10262410634,-4.440892098501E-16),.PIECEWISE_BEZIER_KNOTS.);
#330 = CARTESIAN_POINT('',(3.6995,-2.837134340682,4.5042976395));
#331 = CARTESIAN_POINT('',(3.6995,-2.837134340682,4.60692174584));
#332 = ORIENTED_EDGE('',*,*,#333,.F.);
#333 = EDGE_CURVE('',#257,#327,#334,.T.);
#334 = B_SPLINE_CURVE_WITH_KNOTS('',1,(#335,#336),.UNSPECIFIED.,.F.,.F.,
  (2,2),(-0.124692968115,8.881784197001E-16),.PIECEWISE_BEZIER_KNOTS.);
#335 = CARTESIAN_POINT('',(3.6995,-2.712441372568,4.5042976395));
#336 = CARTESIAN_POINT('',(3.6995,-2.837134340682,4.5042976395));
#337 = FACE_BOUND('',#338,.T.);
#338 = EDGE_LOOP('',(#339,#350,#359,#368,#377,#386,#395,#402,#411,#420,
    #429,#438,#447,#456));
#339 = ORIENTED_EDGE('',*,*,#340,.F.);
#340 = EDGE_CURVE('',#341,#343,#345,.T.);
#341 = VERTEX_POINT('',#342);
#342 = CARTESIAN_POINT('',(3.6995,-2.559207049651,4.948326257662));
#343 = VERTEX_POINT('',#344);
#344 = CARTESIAN_POINT('',(3.6995,-2.474752712897,4.966106118032));
#345 = B_SPLINE_CURVE_WITH_KNOTS('',3,(#346,#347,#348,#349),
  .UNSPECIFIED.,.F.,.F.,(4,4),(0.,1.),.PIECEWISE_BEZIER_KNOTS.);
#346 = CARTESIAN_POINT('',(3.6995,-2.559207049651,4.948326257662));
#347 = CARTESIAN_POINT('',(3.6995,-2.525362929475,4.948326257662));
#348 = CARTESIAN_POINT('',(3.6995,-2.49721148389,4.954252877784));
#349 = CARTESIAN_POINT('',(3.6995,-2.474752712897,4.966106118032));
#350 = ORIENTED_EDGE('',*,*,#351,.F.);
#351 = EDGE_CURVE('',#352,#341,#354,.T.);
#352 = VERTEX_POINT('',#353);
#353 = CARTESIAN_POINT('',(3.6995,-2.664014647615,4.989968562211));
#354 = B_SPLINE_CURVE_WITH_KNOTS('',3,(#355,#356,#357,#358),
  .UNSPECIFIED.,.F.,.F.,(4,4),(1.,2.),.PIECEWISE_BEZIER_KNOTS.);
#355 = CARTESIAN_POINT('',(3.6995,-2.664014647615,4.989968562211));
#356 = CARTESIAN_POINT('',(3.6995,-2.637890729968,4.962207025846));
#357 = CARTESIAN_POINT('',(3.6995,-2.60295486398,4.948326257662));
#358 = CARTESIAN_POINT('',(3.6995,-2.559207049651,4.948326257662));
#359 = ORIENTED_EDGE('',*,*,#360,.F.);
#360 = EDGE_CURVE('',#361,#352,#363,.T.);
#361 = VERTEX_POINT('',#362);
#362 = CARTESIAN_POINT('',(3.6995,-2.703161533165,5.100234889235));
#363 = B_SPLINE_CURVE_WITH_KNOTS('',3,(#364,#365,#366,#367),
  .UNSPECIFIED.,.F.,.F.,(4,4),(2.,3.),.PIECEWISE_BEZIER_KNOTS.);
#364 = CARTESIAN_POINT('',(3.6995,-2.703161533165,5.100234889235));
#365 = CARTESIAN_POINT('',(3.6995,-2.703161533165,5.054537528813));
#366 = CARTESIAN_POINT('',(3.6995,-2.690138565263,5.017730098576));
#367 = CARTESIAN_POINT('',(3.6995,-2.664014647615,4.989968562211));
#368 = ORIENTED_EDGE('',*,*,#369,.F.);
#369 = EDGE_CURVE('',#370,#361,#372,.T.);
#370 = VERTEX_POINT('',#371);
#371 = CARTESIAN_POINT('',(3.6995,-2.659101791461,5.218767291696));
#372 = B_SPLINE_CURVE_WITH_KNOTS('',3,(#373,#374,#375,#376),
  .UNSPECIFIED.,.F.,.F.,(4,4),(3.,4.),.PIECEWISE_BEZIER_KNOTS.);
#373 = CARTESIAN_POINT('',(3.6995,-2.659101791461,5.218767291696));
#374 = CARTESIAN_POINT('',(3.6995,-2.688500946545,5.188822263706));
#375 = CARTESIAN_POINT('',(3.6995,-2.703161533165,5.149363450781));
#376 = CARTESIAN_POINT('',(3.6995,-2.703161533165,5.100234889235));
#377 = ORIENTED_EDGE('',*,*,#378,.F.);
#378 = EDGE_CURVE('',#379,#370,#381,.T.);
#379 = VERTEX_POINT('',#380);
#380 = CARTESIAN_POINT('',(3.6995,-2.54704188203,5.263684833681));
#381 = B_SPLINE_CURVE_WITH_KNOTS('',3,(#382,#383,#384,#385),
  .UNSPECIFIED.,.F.,.F.,(4,4),(4.,5.),.PIECEWISE_BEZIER_KNOTS.);
#382 = CARTESIAN_POINT('',(3.6995,-2.54704188203,5.263684833681));
#383 = CARTESIAN_POINT('',(3.6995,-2.592349333233,5.263684833681));
#384 = CARTESIAN_POINT('',(3.6995,-2.629702636377,5.248712319687));
#385 = CARTESIAN_POINT('',(3.6995,-2.659101791461,5.218767291696));
#386 = ORIENTED_EDGE('',*,*,#387,.F.);
#387 = EDGE_CURVE('',#388,#379,#390,.T.);
#388 = VERTEX_POINT('',#389);
#389 = CARTESIAN_POINT('',(3.6995,-2.474752712897,5.251207738685));
#390 = B_SPLINE_CURVE_WITH_KNOTS('',3,(#391,#392,#393,#394),
  .UNSPECIFIED.,.F.,.F.,(4,4),(5.,6.),.PIECEWISE_BEZIER_KNOTS.);
#391 = CARTESIAN_POINT('',(3.6995,-2.474752712897,5.251207738685));
#392 = CARTESIAN_POINT('',(3.6995,-2.493780282766,5.259473814121));
#393 = CARTESIAN_POINT('',(3.6995,-2.517876672477,5.263684833681));
#394 = CARTESIAN_POINT('',(3.6995,-2.54704188203,5.263684833681));
#395 = ORIENTED_EDGE('',*,*,#396,.F.);
#396 = EDGE_CURVE('',#397,#388,#399,.T.);
#397 = VERTEX_POINT('',#398);
#398 = CARTESIAN_POINT('',(3.6995,-2.474752712897,5.2100333252));
#399 = B_SPLINE_CURVE_WITH_KNOTS('',1,(#400,#401),.UNSPECIFIED.,.F.,.F.,
  (2,2),(-4.117441348498E-02,-2.22044604925E-16),
  .PIECEWISE_BEZIER_KNOTS.);
#400 = CARTESIAN_POINT('',(3.6995,-2.474752712897,5.2100333252));
#401 = CARTESIAN_POINT('',(3.6995,-2.474752712897,5.251207738685));
#402 = ORIENTED_EDGE('',*,*,#403,.F.);
#403 = EDGE_CURVE('',#404,#397,#406,.T.);
#404 = VERTEX_POINT('',#405);
#405 = CARTESIAN_POINT('',(3.6995,-2.546651972811,5.228125112942));
#406 = B_SPLINE_CURVE_WITH_KNOTS('',3,(#407,#408,#409,#410),
  .UNSPECIFIED.,.F.,.F.,(4,4),(7.,8.),.PIECEWISE_BEZIER_KNOTS.);
#407 = CARTESIAN_POINT('',(3.6995,-2.546651972811,5.228125112942));
#408 = CARTESIAN_POINT('',(3.6995,-2.520528055164,5.228125112942));
#409 = CARTESIAN_POINT('',(3.6995,-2.49658762914,5.22219849282));
#410 = CARTESIAN_POINT('',(3.6995,-2.474752712897,5.2100333252));
#411 = ORIENTED_EDGE('',*,*,#412,.F.);
#412 = EDGE_CURVE('',#413,#404,#415,.T.);
#413 = VERTEX_POINT('',#414);
#414 = CARTESIAN_POINT('',(3.6995,-2.62978061822,5.194280992767));
#415 = B_SPLINE_CURVE_WITH_KNOTS('',3,(#416,#417,#418,#419),
  .UNSPECIFIED.,.F.,.F.,(4,4),(8.,9.),.PIECEWISE_BEZIER_KNOTS.);
#416 = CARTESIAN_POINT('',(3.6995,-2.62978061822,5.194280992767));
#417 = CARTESIAN_POINT('',(3.6995,-2.608335611197,5.216895727446));
#418 = CARTESIAN_POINT('',(3.6995,-2.580652056674,5.228125112942));
#419 = CARTESIAN_POINT('',(3.6995,-2.546651972811,5.228125112942));
#420 = ORIENTED_EDGE('',*,*,#421,.F.);
#421 = EDGE_CURVE('',#422,#413,#424,.T.);
#422 = VERTEX_POINT('',#423);
#423 = CARTESIAN_POINT('',(3.6995,-2.661831155991,5.102574344549));
#424 = B_SPLINE_CURVE_WITH_KNOTS('',3,(#425,#426,#427,#428),
  .UNSPECIFIED.,.F.,.F.,(4,4),(9.,10.),.PIECEWISE_BEZIER_KNOTS.);
#425 = CARTESIAN_POINT('',(3.6995,-2.661831155991,5.102574344549));
#426 = CARTESIAN_POINT('',(3.6995,-2.661831155991,5.140941411661));
#427 = CARTESIAN_POINT('',(3.6995,-2.651147643401,5.171510294399));
#428 = CARTESIAN_POINT('',(3.6995,-2.62978061822,5.194280992767));
#429 = ORIENTED_EDGE('',*,*,#430,.F.);
#430 = EDGE_CURVE('',#431,#422,#433,.T.);
#431 = VERTEX_POINT('',#432);
#432 = CARTESIAN_POINT('',(3.6995,-2.631886128001,5.015546606952));
#433 = B_SPLINE_CURVE_WITH_KNOTS('',3,(#434,#435,#436,#437),
  .UNSPECIFIED.,.F.,.F.,(4,4),(10.,11.),.PIECEWISE_BEZIER_KNOTS.);
#434 = CARTESIAN_POINT('',(3.6995,-2.631886128001,5.015546606952));
#435 = CARTESIAN_POINT('',(3.6995,-2.651849479995,5.03706959582));
#436 = CARTESIAN_POINT('',(3.6995,-2.661831155991,5.066078841686));
#437 = CARTESIAN_POINT('',(3.6995,-2.661831155991,5.102574344549));
#438 = ORIENTED_EDGE('',*,*,#439,.F.);
#439 = EDGE_CURVE('',#440,#431,#442,.T.);
#440 = VERTEX_POINT('',#441);
#441 = CARTESIAN_POINT('',(3.6995,-2.553514375059,4.983418087337));
#442 = B_SPLINE_CURVE_WITH_KNOTS('',3,(#443,#444,#445,#446),
  .UNSPECIFIED.,.F.,.F.,(4,4),(11.,12.),.PIECEWISE_BEZIER_KNOTS.);
#443 = CARTESIAN_POINT('',(3.6995,-2.553514375059,4.983418087337));
#444 = CARTESIAN_POINT('',(3.6995,-2.58579885836,4.983418087337));
#445 = CARTESIAN_POINT('',(3.6995,-2.611922776008,4.994179581771));
#446 = CARTESIAN_POINT('',(3.6995,-2.631886128001,5.015546606952));
#447 = ORIENTED_EDGE('',*,*,#448,.F.);
#448 = EDGE_CURVE('',#449,#440,#451,.T.);
#449 = VERTEX_POINT('',#450);
#450 = CARTESIAN_POINT('',(3.6995,-2.474752712897,5.003849330394));
#451 = B_SPLINE_CURVE_WITH_KNOTS('',3,(#452,#453,#454,#455),
  .UNSPECIFIED.,.F.,.F.,(4,4),(12.,13.),.PIECEWISE_BEZIER_KNOTS.);
#452 = CARTESIAN_POINT('',(3.6995,-2.474752712897,5.003849330394));
#453 = CARTESIAN_POINT('',(3.6995,-2.497055520203,4.990280489585));
#454 = CARTESIAN_POINT('',(3.6995,-2.523335401538,4.983418087337));
#455 = CARTESIAN_POINT('',(3.6995,-2.553514375059,4.983418087337));
#456 = ORIENTED_EDGE('',*,*,#457,.F.);
#457 = EDGE_CURVE('',#343,#449,#458,.T.);
#458 = B_SPLINE_CURVE_WITH_KNOTS('',1,(#459,#460),.UNSPECIFIED.,.F.,.F.,
  (2,2),(-3.774321236296E-02,-2.22044604925E-16),
  .PIECEWISE_BEZIER_KNOTS.);
#459 = CARTESIAN_POINT('',(3.6995,-2.474752712897,4.966106118032));
#460 = CARTESIAN_POINT('',(3.6995,-2.474752712897,5.003849330394));
#461 = FACE_BOUND('',#462,.T.);
#462 = EDGE_LOOP('',(#463,#473,#480,#487,#494,#501,#508,#515,#522,#529)
  );
#463 = ORIENTED_EDGE('',*,*,#464,.F.);
#464 = EDGE_CURVE('',#465,#467,#469,.T.);
#465 = VERTEX_POINT('',#466);
#466 = CARTESIAN_POINT('',(3.6995,-2.25,7.7000035533));
#467 = VERTEX_POINT('',#468);
#468 = CARTESIAN_POINT('',(3.6995,-3.25,8.7000035533));
#469 = ( BOUNDED_CURVE() B_SPLINE_CURVE(2,(#470,#471,#472),
.UNSPECIFIED.,.F.,.F.) B_SPLINE_CURVE_WITH_KNOTS((3,3),(0.,
1.570796326795),.PIECEWISE_BEZIER_KNOTS.) CURVE() 
GEOMETRIC_REPRESENTATION_ITEM() RATIONAL_B_SPLINE_CURVE((1.,
0.707106781187,1.)) REPRESENTATION_ITEM('') );
#470 = CARTESIAN_POINT('',(3.6995,-2.25,7.7000035533));
#471 = CARTESIAN_POINT('',(3.6995,-2.25,8.7000035533));
#472 = CARTESIAN_POINT('',(3.6995,-3.25,8.7000035533));
#473 = ORIENTED_EDGE('',*,*,#474,.F.);
#474 = EDGE_CURVE('',#475,#465,#477,.T.);
#475 = VERTEX_POINT('',#476);
#476 = CARTESIAN_POINT('',(3.6995,-5.75,7.7000035533));
#477 = B_SPLINE_CURVE_WITH_KNOTS('',1,(#478,#479),.UNSPECIFIED.,.F.,.F.,
  (2,2),(3.5,7.),.PIECEWISE_BEZIER_KNOTS.);
#478 = CARTESIAN_POINT('',(3.6995,-5.75,7.7000035533));
#479 = CARTESIAN_POINT('',(3.6995,-2.25,7.7000035533));
#480 = ORIENTED_EDGE('',*,*,#481,.T.);
#481 = EDGE_CURVE('',#475,#482,#484,.T.);
#482 = VERTEX_POINT('',#483);
#483 = CARTESIAN_POINT('',(3.6995,-5.75,3.4000035533));
#484 = B_SPLINE_CURVE_WITH_KNOTS('',1,(#485,#486),.UNSPECIFIED.,.F.,.F.,
  (2,2),(1.8,6.1),.PIECEWISE_BEZIER_KNOTS.);
#485 = CARTESIAN_POINT('',(3.6995,-5.75,7.7000035533));
#486 = CARTESIAN_POINT('',(3.6995,-5.75,3.4000035533));
#487 = ORIENTED_EDGE('',*,*,#488,.T.);
#488 = EDGE_CURVE('',#482,#489,#491,.T.);
#489 = VERTEX_POINT('',#490);
#490 = CARTESIAN_POINT('',(3.6995,5.75,3.4000035533));
#491 = B_SPLINE_CURVE_WITH_KNOTS('',1,(#492,#493),.UNSPECIFIED.,.F.,.F.,
  (2,2),(-11.5,0.),.PIECEWISE_BEZIER_KNOTS.);
#492 = CARTESIAN_POINT('',(3.6995,-5.75,3.4000035533));
#493 = CARTESIAN_POINT('',(3.6995,5.75,3.4000035533));
#494 = ORIENTED_EDGE('',*,*,#495,.F.);
#495 = EDGE_CURVE('',#496,#489,#498,.T.);
#496 = VERTEX_POINT('',#497);
#497 = CARTESIAN_POINT('',(3.6995,5.75,6.381885537042));
#498 = B_SPLINE_CURVE_WITH_KNOTS('',1,(#499,#500),.UNSPECIFIED.,.F.,.F.,
  (2,2),(3.118118016258,6.1),.PIECEWISE_BEZIER_KNOTS.);
#499 = CARTESIAN_POINT('',(3.6995,5.75,6.381885537042));
#500 = CARTESIAN_POINT('',(3.6995,5.75,3.4000035533));
#501 = ORIENTED_EDGE('',*,*,#502,.F.);
#502 = EDGE_CURVE('',#503,#496,#505,.T.);
#503 = VERTEX_POINT('',#504);
#504 = CARTESIAN_POINT('',(3.6995,1.25,8.2000035533));
#505 = B_SPLINE_CURVE_WITH_KNOTS('',1,(#506,#507),.UNSPECIFIED.,.F.,.F.,
  (2,2),(0.,4.853406342049),.PIECEWISE_BEZIER_KNOTS.);
#506 = CARTESIAN_POINT('',(3.6995,1.25,8.2000035533));
#507 = CARTESIAN_POINT('',(3.6995,5.75,6.381885537042));
#508 = ORIENTED_EDGE('',*,*,#509,.F.);
#509 = EDGE_CURVE('',#510,#503,#512,.T.);
#510 = VERTEX_POINT('',#511);
#511 = CARTESIAN_POINT('',(3.6995,1.25,9.5000035533));
#512 = B_SPLINE_CURVE_WITH_KNOTS('',1,(#513,#514),.UNSPECIFIED.,.F.,.F.,
  (2,2),(0.,1.3),.PIECEWISE_BEZIER_KNOTS.);
#513 = CARTESIAN_POINT('',(3.6995,1.25,9.5000035533));
#514 = CARTESIAN_POINT('',(3.6995,1.25,8.2000035533));
#515 = ORIENTED_EDGE('',*,*,#516,.F.);
#516 = EDGE_CURVE('',#517,#510,#519,.T.);
#517 = VERTEX_POINT('',#518);
#518 = CARTESIAN_POINT('',(3.6995,-5.75,9.5000035533));
#519 = B_SPLINE_CURVE_WITH_KNOTS('',1,(#520,#521),.UNSPECIFIED.,.F.,.F.,
  (2,2),(-11.5,-4.5),.PIECEWISE_BEZIER_KNOTS.);
#520 = CARTESIAN_POINT('',(3.6995,-5.75,9.5000035533));
#521 = CARTESIAN_POINT('',(3.6995,1.25,9.5000035533));
#522 = ORIENTED_EDGE('',*,*,#523,.T.);
#523 = EDGE_CURVE('',#517,#524,#526,.T.);
#524 = VERTEX_POINT('',#525);
#525 = CARTESIAN_POINT('',(3.6995,-5.75,8.7000035533));
#526 = B_SPLINE_CURVE_WITH_KNOTS('',1,(#527,#528),.UNSPECIFIED.,.F.,.F.,
  (2,2),(-0.,0.8),.PIECEWISE_BEZIER_KNOTS.);
#527 = CARTESIAN_POINT('',(3.6995,-5.75,9.5000035533));
#528 = CARTESIAN_POINT('',(3.6995,-5.75,8.7000035533));
#529 = ORIENTED_EDGE('',*,*,#530,.F.);
#530 = EDGE_CURVE('',#467,#524,#531,.T.);
#531 = B_SPLINE_CURVE_WITH_KNOTS('',1,(#532,#533),.UNSPECIFIED.,.F.,.F.,
  (2,2),(-6.,-3.5),.PIECEWISE_BEZIER_KNOTS.);
#532 = CARTESIAN_POINT('',(3.6995,-3.25,8.7000035533));
#533 = CARTESIAN_POINT('',(3.6995,-5.75,8.7000035533));
#534 = FACE_BOUND('',#535,.T.);
#535 = EDGE_LOOP('',(#536,#545,#552,#559,#566,#573));
#536 = ORIENTED_EDGE('',*,*,#537,.F.);
#537 = EDGE_CURVE('',#538,#540,#542,.T.);
#538 = VERTEX_POINT('',#539);
#539 = CARTESIAN_POINT('',(3.6995,-2.71563862816,4.953473059348));
#540 = VERTEX_POINT('',#541);
#541 = CARTESIAN_POINT('',(3.6995,-2.71563862816,4.988252961649));
#542 = B_SPLINE_CURVE_WITH_KNOTS('',1,(#543,#544),.UNSPECIFIED.,.F.,.F.,
  (2,2),(-3.477990230068E-02,-2.22044604925E-16),
  .PIECEWISE_BEZIER_KNOTS.);
#543 = CARTESIAN_POINT('',(3.6995,-2.71563862816,4.953473059348));
#544 = CARTESIAN_POINT('',(3.6995,-2.71563862816,4.988252961649));
#545 = ORIENTED_EDGE('',*,*,#546,.F.);
#546 = EDGE_CURVE('',#547,#538,#549,.T.);
#547 = VERTEX_POINT('',#548);
#548 = CARTESIAN_POINT('',(3.6995,-2.876515171763,4.953473059348));
#549 = B_SPLINE_CURVE_WITH_KNOTS('',1,(#550,#551),.UNSPECIFIED.,.F.,.F.,
  (2,2),(-0.160876543603,0.),.PIECEWISE_BEZIER_KNOTS.);
#550 = CARTESIAN_POINT('',(3.6995,-2.876515171763,4.953473059348));
#551 = CARTESIAN_POINT('',(3.6995,-2.71563862816,4.953473059348));
#552 = ORIENTED_EDGE('',*,*,#553,.F.);
#553 = EDGE_CURVE('',#554,#547,#556,.T.);
#554 = VERTEX_POINT('',#555);
#555 = CARTESIAN_POINT('',(3.6995,-2.876515171763,5.258538031995));
#556 = B_SPLINE_CURVE_WITH_KNOTS('',1,(#557,#558),.UNSPECIFIED.,.F.,.F.,
  (2,2),(-0.305064972647,-4.440892098501E-16),.PIECEWISE_BEZIER_KNOTS.);
#557 = CARTESIAN_POINT('',(3.6995,-2.876515171763,5.258538031995));
#558 = CARTESIAN_POINT('',(3.6995,-2.876515171763,4.953473059348));
#559 = ORIENTED_EDGE('',*,*,#560,.F.);
#560 = EDGE_CURVE('',#561,#554,#563,.T.);
#561 = VERTEX_POINT('',#562);
#562 = CARTESIAN_POINT('',(3.6995,-2.837134340682,5.258538031995));
#563 = B_SPLINE_CURVE_WITH_KNOTS('',1,(#564,#565),.UNSPECIFIED.,.F.,.F.,
  (2,2),(-3.938083108034E-02,0.),.PIECEWISE_BEZIER_KNOTS.);
#564 = CARTESIAN_POINT('',(3.6995,-2.837134340682,5.258538031995));
#565 = CARTESIAN_POINT('',(3.6995,-2.876515171763,5.258538031995));
#566 = ORIENTED_EDGE('',*,*,#567,.F.);
#567 = EDGE_CURVE('',#568,#561,#570,.T.);
#568 = VERTEX_POINT('',#569);
#569 = CARTESIAN_POINT('',(3.6995,-2.837134340682,4.988252961649));
#570 = B_SPLINE_CURVE_WITH_KNOTS('',1,(#571,#572),.UNSPECIFIED.,.F.,.F.,
  (2,2),(-0.270285070346,4.440892098501E-16),.PIECEWISE_BEZIER_KNOTS.);
#571 = CARTESIAN_POINT('',(3.6995,-2.837134340682,4.988252961649));
#572 = CARTESIAN_POINT('',(3.6995,-2.837134340682,5.258538031995));
#573 = ORIENTED_EDGE('',*,*,#574,.F.);
#574 = EDGE_CURVE('',#540,#568,#575,.T.);
#575 = B_SPLINE_CURVE_WITH_KNOTS('',1,(#576,#577),.UNSPECIFIED.,.F.,.F.,
  (2,2),(-0.121495712522,8.881784197001E-16),.PIECEWISE_BEZIER_KNOTS.);
#576 = CARTESIAN_POINT('',(3.6995,-2.71563862816,4.988252961649));
#577 = CARTESIAN_POINT('',(3.6995,-2.837134340682,4.988252961649));
#578 = FACE_BOUND('',#579,.T.);
#579 = EDGE_LOOP('',(#580,#589,#596,#603,#610,#617,#624,#631,#638,#645,
    #652,#659));
#580 = ORIENTED_EDGE('',*,*,#581,.F.);
#581 = EDGE_CURVE('',#582,#584,#586,.T.);
#582 = VERTEX_POINT('',#583);
#583 = CARTESIAN_POINT('',(3.6995,-2.249619130068,4.953473059348));
#584 = VERTEX_POINT('',#585);
#585 = CARTESIAN_POINT('',(3.6995,-2.249619130068,4.988252961649));
#586 = B_SPLINE_CURVE_WITH_KNOTS('',1,(#587,#588),.UNSPECIFIED.,.F.,.F.,
  (2,2),(-3.477990230068E-02,-4.440892098501E-16),
  .PIECEWISE_BEZIER_KNOTS.);
#587 = CARTESIAN_POINT('',(3.6995,-2.249619130068,4.953473059348));
#588 = CARTESIAN_POINT('',(3.6995,-2.249619130068,4.988252961649));
#589 = ORIENTED_EDGE('',*,*,#590,.F.);
#590 = EDGE_CURVE('',#591,#582,#593,.T.);
#591 = VERTEX_POINT('',#592);
#592 = CARTESIAN_POINT('',(3.6995,-2.413692929261,4.953473059348));
#593 = B_SPLINE_CURVE_WITH_KNOTS('',1,(#594,#595),.UNSPECIFIED.,.F.,.F.,
  (2,2),(-0.164073799194,0.),.PIECEWISE_BEZIER_KNOTS.);
#594 = CARTESIAN_POINT('',(3.6995,-2.413692929261,4.953473059348));
#595 = CARTESIAN_POINT('',(3.6995,-2.249619130068,4.953473059348));
#596 = ORIENTED_EDGE('',*,*,#597,.F.);
#597 = EDGE_CURVE('',#598,#591,#600,.T.);
#598 = VERTEX_POINT('',#599);
#599 = CARTESIAN_POINT('',(3.6995,-2.413692929261,5.258538031995));
#600 = B_SPLINE_CURVE_WITH_KNOTS('',1,(#601,#602),.UNSPECIFIED.,.F.,.F.,
  (2,2),(-0.305064972647,-6.661338147751E-16),.PIECEWISE_BEZIER_KNOTS.);
#601 = CARTESIAN_POINT('',(3.6995,-2.413692929261,5.258538031995));
#602 = CARTESIAN_POINT('',(3.6995,-2.413692929261,4.953473059348));
#603 = ORIENTED_EDGE('',*,*,#604,.F.);
#604 = EDGE_CURVE('',#605,#598,#607,.T.);
#605 = VERTEX_POINT('',#606);
#606 = CARTESIAN_POINT('',(3.6995,-2.256559514158,5.258538031995));
#607 = B_SPLINE_CURVE_WITH_KNOTS('',1,(#608,#609),.UNSPECIFIED.,.F.,.F.,
  (2,2),(-0.157133415103,-1.7763568394E-15),.PIECEWISE_BEZIER_KNOTS.);
#608 = CARTESIAN_POINT('',(3.6995,-2.256559514158,5.258538031995));
#609 = CARTESIAN_POINT('',(3.6995,-2.413692929261,5.258538031995));
#610 = ORIENTED_EDGE('',*,*,#611,.F.);
#611 = EDGE_CURVE('',#612,#605,#614,.T.);
#612 = VERTEX_POINT('',#613);
#613 = CARTESIAN_POINT('',(3.6995,-2.256559514158,5.22344620232));
#614 = B_SPLINE_CURVE_WITH_KNOTS('',1,(#615,#616),.UNSPECIFIED.,.F.,.F.,
  (2,2),(-3.509182967522E-02,0.),.PIECEWISE_BEZIER_KNOTS.);
#615 = CARTESIAN_POINT('',(3.6995,-2.256559514158,5.22344620232));
#616 = CARTESIAN_POINT('',(3.6995,-2.256559514158,5.258538031995));
#617 = ORIENTED_EDGE('',*,*,#618,.F.);
#618 = EDGE_CURVE('',#619,#612,#621,.T.);
#619 = VERTEX_POINT('',#620);
#620 = CARTESIAN_POINT('',(3.6995,-2.374312098181,5.22344620232));
#621 = B_SPLINE_CURVE_WITH_KNOTS('',1,(#622,#623),.UNSPECIFIED.,.F.,.F.,
  (2,2),(-0.117752584023,-1.635573401951E-30),.PIECEWISE_BEZIER_KNOTS.);
#622 = CARTESIAN_POINT('',(3.6995,-2.374312098181,5.22344620232));
#623 = CARTESIAN_POINT('',(3.6995,-2.256559514158,5.22344620232));
#624 = ORIENTED_EDGE('',*,*,#625,.F.);
#625 = EDGE_CURVE('',#626,#619,#628,.T.);
#626 = VERTEX_POINT('',#627);
#627 = CARTESIAN_POINT('',(3.6995,-2.374312098181,5.125812933977));
#628 = B_SPLINE_CURVE_WITH_KNOTS('',1,(#629,#630),.UNSPECIFIED.,.F.,.F.,
  (2,2),(-9.763326834319E-02,4.440892098501E-16),
  .PIECEWISE_BEZIER_KNOTS.);
#629 = CARTESIAN_POINT('',(3.6995,-2.374312098181,5.125812933977));
#630 = CARTESIAN_POINT('',(3.6995,-2.374312098181,5.22344620232));
#631 = ORIENTED_EDGE('',*,*,#632,.F.);
#632 = EDGE_CURVE('',#633,#626,#635,.T.);
#633 = VERTEX_POINT('',#634);
#634 = CARTESIAN_POINT('',(3.6995,-2.265215498812,5.125812933977));
#635 = B_SPLINE_CURVE_WITH_KNOTS('',1,(#636,#637),.UNSPECIFIED.,.F.,.F.,
  (2,2),(-0.109096599369,8.881784197001E-16),.PIECEWISE_BEZIER_KNOTS.);
#636 = CARTESIAN_POINT('',(3.6995,-2.265215498812,5.125812933977));
#637 = CARTESIAN_POINT('',(3.6995,-2.374312098181,5.125812933977));
#638 = ORIENTED_EDGE('',*,*,#639,.F.);
#639 = EDGE_CURVE('',#640,#633,#642,.T.);
#640 = VERTEX_POINT('',#641);
#641 = CARTESIAN_POINT('',(3.6995,-2.265215498812,5.090877067989));
#642 = B_SPLINE_CURVE_WITH_KNOTS('',1,(#643,#644),.UNSPECIFIED.,.F.,.F.,
  (2,2),(-3.493586598795E-02,0.),.PIECEWISE_BEZIER_KNOTS.);
#643 = CARTESIAN_POINT('',(3.6995,-2.265215498812,5.090877067989));
#644 = CARTESIAN_POINT('',(3.6995,-2.265215498812,5.125812933977));
#645 = ORIENTED_EDGE('',*,*,#646,.F.);
#646 = EDGE_CURVE('',#647,#640,#649,.T.);
#647 = VERTEX_POINT('',#648);
#648 = CARTESIAN_POINT('',(3.6995,-2.374312098181,5.090877067989));
#649 = B_SPLINE_CURVE_WITH_KNOTS('',1,(#650,#651),.UNSPECIFIED.,.F.,.F.,
  (2,2),(-0.109096599369,-4.440892098501E-16),.PIECEWISE_BEZIER_KNOTS.);
#650 = CARTESIAN_POINT('',(3.6995,-2.374312098181,5.090877067989));
#651 = CARTESIAN_POINT('',(3.6995,-2.265215498812,5.090877067989));
#652 = ORIENTED_EDGE('',*,*,#653,.F.);
#653 = EDGE_CURVE('',#654,#647,#656,.T.);
#654 = VERTEX_POINT('',#655);
#655 = CARTESIAN_POINT('',(3.6995,-2.374312098181,4.988252961649));
#656 = B_SPLINE_CURVE_WITH_KNOTS('',1,(#657,#658),.UNSPECIFIED.,.F.,.F.,
  (2,2),(-0.10262410634,6.661338147751E-16),.PIECEWISE_BEZIER_KNOTS.);
#657 = CARTESIAN_POINT('',(3.6995,-2.374312098181,4.988252961649));
#658 = CARTESIAN_POINT('',(3.6995,-2.374312098181,5.090877067989));
#659 = ORIENTED_EDGE('',*,*,#660,.F.);
#660 = EDGE_CURVE('',#584,#654,#661,.T.);
#661 = B_SPLINE_CURVE_WITH_KNOTS('',1,(#662,#663),.UNSPECIFIED.,.F.,.F.,
  (2,2),(-0.124692968114,3.861344335457E-31),.PIECEWISE_BEZIER_KNOTS.);
#662 = CARTESIAN_POINT('',(3.6995,-2.249619130068,4.988252961649));
#663 = CARTESIAN_POINT('',(3.6995,-2.374312098181,4.988252961649));
#664 = FACE_BOUND('',#665,.T.);
#665 = EDGE_LOOP('',(#666,#675,#682,#689,#698,#707,#716));
#666 = ORIENTED_EDGE('',*,*,#667,.F.);
#667 = EDGE_CURVE('',#668,#670,#672,.T.);
#668 = VERTEX_POINT('',#669);
#669 = CARTESIAN_POINT('',(3.6995,-2.191990547555,4.953473059348));
#670 = VERTEX_POINT('',#671);
#671 = CARTESIAN_POINT('',(3.6995,-2.108082083708,4.953473059348));
#672 = B_SPLINE_CURVE_WITH_KNOTS('',1,(#673,#674),.UNSPECIFIED.,.F.,.F.,
  (2,2),(-8.390846384681E-02,4.440892098501E-16),
  .PIECEWISE_BEZIER_KNOTS.);
#673 = CARTESIAN_POINT('',(3.6995,-2.191990547555,4.953473059348));
#674 = CARTESIAN_POINT('',(3.6995,-2.108082083708,4.953473059348));
#675 = ORIENTED_EDGE('',*,*,#676,.F.);
#676 = EDGE_CURVE('',#677,#668,#679,.T.);
#677 = VERTEX_POINT('',#678);
#678 = CARTESIAN_POINT('',(3.6995,-2.191990547555,5.258538031995));
#679 = B_SPLINE_CURVE_WITH_KNOTS('',1,(#680,#681),.UNSPECIFIED.,.F.,.F.,
  (2,2),(-0.305064972647,0.),.PIECEWISE_BEZIER_KNOTS.);
#680 = CARTESIAN_POINT('',(3.6995,-2.191990547555,5.258538031995));
#681 = CARTESIAN_POINT('',(3.6995,-2.191990547555,4.953473059348));
#682 = ORIENTED_EDGE('',*,*,#683,.F.);
#683 = EDGE_CURVE('',#684,#677,#686,.T.);
#684 = VERTEX_POINT('',#685);
#685 = CARTESIAN_POINT('',(3.6995,-2.104962809958,5.258538031995));
#686 = B_SPLINE_CURVE_WITH_KNOTS('',1,(#687,#688),.UNSPECIFIED.,.F.,.F.,
  (2,2),(-8.702773759636E-02,-8.881784197001E-16),
  .PIECEWISE_BEZIER_KNOTS.);
#687 = CARTESIAN_POINT('',(3.6995,-2.104962809958,5.258538031995));
#688 = CARTESIAN_POINT('',(3.6995,-2.191990547555,5.258538031995));
#689 = ORIENTED_EDGE('',*,*,#690,.F.);
#690 = EDGE_CURVE('',#691,#684,#693,.T.);
#691 = VERTEX_POINT('',#692);
#692 = CARTESIAN_POINT('',(3.6995,-1.989627663091,5.218143436946));
#693 = B_SPLINE_CURVE_WITH_KNOTS('',3,(#694,#695,#696,#697),
  .UNSPECIFIED.,.F.,.F.,(4,4),(2.,3.),.PIECEWISE_BEZIER_KNOTS.);
#694 = CARTESIAN_POINT('',(3.6995,-1.989627663091,5.218143436946));
#695 = CARTESIAN_POINT('',(3.6995,-2.020274527675,5.245125154875));
#696 = CARTESIAN_POINT('',(3.6995,-2.058719576631,5.258538031995));
#697 = CARTESIAN_POINT('',(3.6995,-2.104962809958,5.258538031995));
#698 = ORIENTED_EDGE('',*,*,#699,.F.);
#699 = EDGE_CURVE('',#700,#691,#702,.T.);
#700 = VERTEX_POINT('',#701);
#701 = CARTESIAN_POINT('',(3.6995,-1.943618375295,5.109904637859));
#702 = B_SPLINE_CURVE_WITH_KNOTS('',3,(#703,#704,#705,#706),
  .UNSPECIFIED.,.F.,.F.,(4,4),(3.,4.),.PIECEWISE_BEZIER_KNOTS.);
#703 = CARTESIAN_POINT('',(3.6995,-1.943618375295,5.109904637859));
#704 = CARTESIAN_POINT('',(3.6995,-1.943618375295,5.155134107217));
#705 = CARTESIAN_POINT('',(3.6995,-1.958980798508,5.191161719018));
#706 = CARTESIAN_POINT('',(3.6995,-1.989627663091,5.218143436946));
#707 = ORIENTED_EDGE('',*,*,#708,.F.);
#708 = EDGE_CURVE('',#709,#700,#711,.T.);
#709 = VERTEX_POINT('',#710);
#710 = CARTESIAN_POINT('',(3.6995,-1.989627663091,4.996207109708));
#711 = B_SPLINE_CURVE_WITH_KNOTS('',3,(#712,#713,#714,#715),
  .UNSPECIFIED.,.F.,.F.,(4,4),(4.,5.),.PIECEWISE_BEZIER_KNOTS.);
#712 = CARTESIAN_POINT('',(3.6995,-1.989627663091,4.996207109708));
#713 = CARTESIAN_POINT('',(3.6995,-1.958980798508,5.024748464512));
#714 = CARTESIAN_POINT('',(3.6995,-1.943618375295,5.062647640562));
#715 = CARTESIAN_POINT('',(3.6995,-1.943618375295,5.109904637859));
#716 = ORIENTED_EDGE('',*,*,#717,.F.);
#717 = EDGE_CURVE('',#670,#709,#718,.T.);
#718 = B_SPLINE_CURVE_WITH_KNOTS('',3,(#719,#720,#721,#722),
  .UNSPECIFIED.,.F.,.F.,(4,4),(5.,6.),.PIECEWISE_BEZIER_KNOTS.);
#719 = CARTESIAN_POINT('',(3.6995,-2.108082083708,4.953473059348));
#720 = CARTESIAN_POINT('',(3.6995,-2.059811322444,4.953473059348));
#721 = CARTESIAN_POINT('',(3.6995,-2.020274527675,4.967665754906));
#722 = CARTESIAN_POINT('',(3.6995,-1.989627663091,4.996207109708));
#723 = FACE_BOUND('',#724,.T.);
#724 = EDGE_LOOP('',(#725,#734,#741,#748,#755,#762,#769,#776));
#725 = ORIENTED_EDGE('',*,*,#726,.F.);
#726 = EDGE_CURVE('',#727,#729,#731,.T.);
#727 = VERTEX_POINT('',#728);
#728 = CARTESIAN_POINT('',(3.6995,-1.652200225298,4.953473059348));
#729 = VERTEX_POINT('',#730);
#730 = CARTESIAN_POINT('',(3.6995,-1.768393172448,5.258538031995));
#731 = B_SPLINE_CURVE_WITH_KNOTS('',1,(#732,#733),.UNSPECIFIED.,.F.,.F.,
  (2,2),(-0.326443622243,2.075030011687E-16),.PIECEWISE_BEZIER_KNOTS.);
#732 = CARTESIAN_POINT('',(3.6995,-1.652200225298,4.953473059348));
#733 = CARTESIAN_POINT('',(3.6995,-1.768393172448,5.258538031995));
#734 = ORIENTED_EDGE('',*,*,#735,.F.);
#735 = EDGE_CURVE('',#736,#727,#738,.T.);
#736 = VERTEX_POINT('',#737);
#737 = CARTESIAN_POINT('',(3.6995,-1.695714094097,4.953473059348));
#738 = B_SPLINE_CURVE_WITH_KNOTS('',1,(#739,#740),.UNSPECIFIED.,.F.,.F.,
  (2,2),(-4.351386879818E-02,0.),.PIECEWISE_BEZIER_KNOTS.);
#739 = CARTESIAN_POINT('',(3.6995,-1.695714094097,4.953473059348));
#740 = CARTESIAN_POINT('',(3.6995,-1.652200225298,4.953473059348));
#741 = ORIENTED_EDGE('',*,*,#742,.F.);
#742 = EDGE_CURVE('',#743,#736,#745,.T.);
#743 = VERTEX_POINT('',#744);
#744 = CARTESIAN_POINT('',(3.6995,-1.726828849742,5.036913632133));
#745 = B_SPLINE_CURVE_WITH_KNOTS('',1,(#746,#747),.UNSPECIFIED.,.F.,.F.,
  (2,2),(-8.905311451925E-02,-1.551627624026E-16),
  .PIECEWISE_BEZIER_KNOTS.);
#746 = CARTESIAN_POINT('',(3.6995,-1.726828849742,5.036913632133));
#747 = CARTESIAN_POINT('',(3.6995,-1.695714094097,4.953473059348));
#748 = ORIENTED_EDGE('',*,*,#749,.F.);
#749 = EDGE_CURVE('',#750,#743,#752,.T.);
#750 = VERTEX_POINT('',#751);
#751 = CARTESIAN_POINT('',(3.6995,-1.853861273169,5.036913632133));
#752 = B_SPLINE_CURVE_WITH_KNOTS('',1,(#753,#754),.UNSPECIFIED.,.F.,.F.,
  (2,2),(-0.127032423427,-4.440892098501E-16),.PIECEWISE_BEZIER_KNOTS.);
#753 = CARTESIAN_POINT('',(3.6995,-1.853861273169,5.036913632133));
#754 = CARTESIAN_POINT('',(3.6995,-1.726828849742,5.036913632133));
#755 = ORIENTED_EDGE('',*,*,#756,.F.);
#756 = EDGE_CURVE('',#757,#750,#759,.T.);
#757 = VERTEX_POINT('',#758);
#758 = CARTESIAN_POINT('',(3.6995,-1.883182446409,4.953473059348));
#759 = B_SPLINE_CURVE_WITH_KNOTS('',1,(#760,#761),.UNSPECIFIED.,.F.,.F.,
  (2,2),(-8.844241282811E-02,-5.662020414445E-16),
  .PIECEWISE_BEZIER_KNOTS.);
#760 = CARTESIAN_POINT('',(3.6995,-1.883182446409,4.953473059348));
#761 = CARTESIAN_POINT('',(3.6995,-1.853861273169,5.036913632133));
#762 = ORIENTED_EDGE('',*,*,#763,.F.);
#763 = EDGE_CURVE('',#764,#757,#766,.T.);
#764 = VERTEX_POINT('',#765);
#765 = CARTESIAN_POINT('',(3.6995,-1.926696315205,4.953473059348));
#766 = B_SPLINE_CURVE_WITH_KNOTS('',1,(#767,#768),.UNSPECIFIED.,.F.,.F.,
  (2,2),(-4.35138687961E-02,4.440892098501E-16),
  .PIECEWISE_BEZIER_KNOTS.);
#767 = CARTESIAN_POINT('',(3.6995,-1.926696315205,4.953473059348));
#768 = CARTESIAN_POINT('',(3.6995,-1.883182446409,4.953473059348));
#769 = ORIENTED_EDGE('',*,*,#770,.F.);
#770 = EDGE_CURVE('',#771,#764,#773,.T.);
#771 = VERTEX_POINT('',#772);
#772 = CARTESIAN_POINT('',(3.6995,-1.810503368058,5.258538031995));
#773 = B_SPLINE_CURVE_WITH_KNOTS('',1,(#774,#775),.UNSPECIFIED.,.F.,.F.,
  (2,2),(-0.326443622243,-0.),.PIECEWISE_BEZIER_KNOTS.);
#774 = CARTESIAN_POINT('',(3.6995,-1.810503368058,5.258538031995));
#775 = CARTESIAN_POINT('',(3.6995,-1.926696315205,4.953473059348));
#776 = ORIENTED_EDGE('',*,*,#777,.F.);
#777 = EDGE_CURVE('',#729,#771,#778,.T.);
#778 = B_SPLINE_CURVE_WITH_KNOTS('',1,(#779,#780),.UNSPECIFIED.,.F.,.F.,
  (2,2),(-4.211019561068E-02,-2.22044604925E-16),
  .PIECEWISE_BEZIER_KNOTS.);
#779 = CARTESIAN_POINT('',(3.6995,-1.768393172448,5.258538031995));
#780 = CARTESIAN_POINT('',(3.6995,-1.810503368058,5.258538031995));
#781 = FACE_BOUND('',#782,.T.);
#782 = EDGE_LOOP('',(#783,#794,#803,#812,#821,#830,#839,#848,#857,#866,
    #873,#882,#891,#900,#909,#918,#927,#936,#945,#954,#963));
#783 = ORIENTED_EDGE('',*,*,#784,.F.);
#784 = EDGE_CURVE('',#785,#787,#789,.T.);
#785 = VERTEX_POINT('',#786);
#786 = CARTESIAN_POINT('',(3.6995,-2.386165338427,4.495563673002));
#787 = VERTEX_POINT('',#788);
#788 = CARTESIAN_POINT('',(3.6995,-2.449018704469,4.516618770806));
#789 = B_SPLINE_CURVE_WITH_KNOTS('',3,(#790,#791,#792,#793),
  .UNSPECIFIED.,.F.,.F.,(4,4),(0.,1.),.PIECEWISE_BEZIER_KNOTS.);
#790 = CARTESIAN_POINT('',(3.6995,-2.386165338427,4.495563673002));
#791 = CARTESIAN_POINT('',(3.6995,-2.40862410942,4.495563673002));
#792 = CARTESIAN_POINT('',(3.6995,-2.429523243538,4.502582038937));
#793 = CARTESIAN_POINT('',(3.6995,-2.449018704469,4.516618770806));
#794 = ORIENTED_EDGE('',*,*,#795,.F.);
#795 = EDGE_CURVE('',#796,#785,#798,.T.);
#796 = VERTEX_POINT('',#797);
#797 = CARTESIAN_POINT('',(3.6995,-2.341091832755,4.525040809929));
#798 = B_SPLINE_CURVE_WITH_KNOTS('',3,(#799,#800,#801,#802),
  .UNSPECIFIED.,.F.,.F.,(4,4),(1.,2.),.PIECEWISE_BEZIER_KNOTS.);
#799 = CARTESIAN_POINT('',(3.6995,-2.341091832755,4.525040809929));
#800 = CARTESIAN_POINT('',(3.6995,-2.341091832755,4.50538938531));
#801 = CARTESIAN_POINT('',(3.6995,-2.356142328593,4.495563673002));
#802 = CARTESIAN_POINT('',(3.6995,-2.386165338427,4.495563673002));
#803 = ORIENTED_EDGE('',*,*,#804,.F.);
#804 = EDGE_CURVE('',#805,#796,#807,.T.);
#805 = VERTEX_POINT('',#806);
#806 = CARTESIAN_POINT('',(3.6995,-2.350917545065,4.545783980359));
#807 = B_SPLINE_CURVE_WITH_KNOTS('',3,(#808,#809,#810,#811),
  .UNSPECIFIED.,.F.,.F.,(4,4),(2.,3.),.PIECEWISE_BEZIER_KNOTS.);
#808 = CARTESIAN_POINT('',(3.6995,-2.350917545065,4.545783980359));
#809 = CARTESIAN_POINT('',(3.6995,-2.344367070191,4.540325251298));
#810 = CARTESIAN_POINT('',(3.6995,-2.341091832755,4.533462849052));
#811 = CARTESIAN_POINT('',(3.6995,-2.341091832755,4.525040809929));
#812 = ORIENTED_EDGE('',*,*,#813,.F.);
#813 = EDGE_CURVE('',#814,#805,#816,.T.);
#814 = VERTEX_POINT('',#815);
#815 = CARTESIAN_POINT('',(3.6995,-2.390922230894,4.565279441291));
#816 = B_SPLINE_CURVE_WITH_KNOTS('',3,(#817,#818,#819,#820),
  .UNSPECIFIED.,.F.,.F.,(4,4),(3.,4.),.PIECEWISE_BEZIER_KNOTS.);
#817 = CARTESIAN_POINT('',(3.6995,-2.390922230894,4.565279441291));
#818 = CARTESIAN_POINT('',(3.6995,-2.370802915213,4.557793184293));
#819 = CARTESIAN_POINT('',(3.6995,-2.357468019937,4.55124270942));
#820 = CARTESIAN_POINT('',(3.6995,-2.350917545065,4.545783980359));
#821 = ORIENTED_EDGE('',*,*,#822,.F.);
#822 = EDGE_CURVE('',#823,#814,#825,.T.);
#823 = VERTEX_POINT('',#824);
#824 = CARTESIAN_POINT('',(3.6995,-2.43794528266,4.594132723469));
#825 = B_SPLINE_CURVE_WITH_KNOTS('',3,(#826,#827,#828,#829),
  .UNSPECIFIED.,.F.,.F.,(4,4),(4.,5.),.PIECEWISE_BEZIER_KNOTS.);
#826 = CARTESIAN_POINT('',(3.6995,-2.43794528266,4.594132723469));
#827 = CARTESIAN_POINT('',(3.6995,-2.430770953037,4.584618938535));
#828 = CARTESIAN_POINT('',(3.6995,-2.415018620605,4.574949189912));
#829 = CARTESIAN_POINT('',(3.6995,-2.390922230894,4.565279441291));
#830 = ORIENTED_EDGE('',*,*,#831,.F.);
#831 = EDGE_CURVE('',#832,#823,#834,.T.);
#832 = VERTEX_POINT('',#833);
#833 = CARTESIAN_POINT('',(3.6995,-2.448784758938,4.628600698395));
#834 = B_SPLINE_CURVE_WITH_KNOTS('',3,(#835,#836,#837,#838),
  .UNSPECIFIED.,.F.,.F.,(4,4),(5.,6.),.PIECEWISE_BEZIER_KNOTS.);
#835 = CARTESIAN_POINT('',(3.6995,-2.448784758938,4.628600698395));
#836 = CARTESIAN_POINT('',(3.6995,-2.448784758938,4.615187821273));
#837 = CARTESIAN_POINT('',(3.6995,-2.445197594126,4.603646508403));
#838 = CARTESIAN_POINT('',(3.6995,-2.43794528266,4.594132723469));
#839 = ORIENTED_EDGE('',*,*,#840,.F.);
#840 = EDGE_CURVE('',#841,#832,#843,.T.);
#841 = VERTEX_POINT('',#842);
#842 = CARTESIAN_POINT('',(3.6995,-2.424298460008,4.675077877253));
#843 = B_SPLINE_CURVE_WITH_KNOTS('',3,(#844,#845,#846,#847),
  .UNSPECIFIED.,.F.,.F.,(4,4),(6.,7.),.PIECEWISE_BEZIER_KNOTS.);
#844 = CARTESIAN_POINT('',(3.6995,-2.424298460008,4.675077877253));
#845 = CARTESIAN_POINT('',(3.6995,-2.440596665347,4.663380600696));
#846 = CARTESIAN_POINT('',(3.6995,-2.448784758938,4.647940195637));
#847 = CARTESIAN_POINT('',(3.6995,-2.448784758938,4.628600698395));
#848 = ORIENTED_EDGE('',*,*,#849,.F.);
#849 = EDGE_CURVE('',#850,#841,#852,.T.);
#850 = VERTEX_POINT('',#851);
#851 = CARTESIAN_POINT('',(3.6995,-2.363940512966,4.692389846561));
#852 = B_SPLINE_CURVE_WITH_KNOTS('',3,(#853,#854,#855,#856),
  .UNSPECIFIED.,.F.,.F.,(4,4),(7.,8.),.PIECEWISE_BEZIER_KNOTS.);
#853 = CARTESIAN_POINT('',(3.6995,-2.363940512966,4.692389846561));
#854 = CARTESIAN_POINT('',(3.6995,-2.387802957146,4.692389846561));
#855 = CARTESIAN_POINT('',(3.6995,-2.407922272826,4.686619190126));
#856 = CARTESIAN_POINT('',(3.6995,-2.424298460008,4.675077877253));
#857 = ORIENTED_EDGE('',*,*,#858,.F.);
#858 = EDGE_CURVE('',#859,#850,#861,.T.);
#859 = VERTEX_POINT('',#860);
#860 = CARTESIAN_POINT('',(3.6995,-2.312316532421,4.682720097938));
#861 = B_SPLINE_CURVE_WITH_KNOTS('',3,(#862,#863,#864,#865),
  .UNSPECIFIED.,.F.,.F.,(4,4),(8.,9.),.PIECEWISE_BEZIER_KNOTS.);
#862 = CARTESIAN_POINT('',(3.6995,-2.312316532421,4.682720097938));
#863 = CARTESIAN_POINT('',(3.6995,-2.328224828541,4.689270572812));
#864 = CARTESIAN_POINT('',(3.6995,-2.34538083416,4.692389846561));
#865 = CARTESIAN_POINT('',(3.6995,-2.363940512966,4.692389846561));
#866 = ORIENTED_EDGE('',*,*,#867,.F.);
#867 = EDGE_CURVE('',#868,#859,#870,.T.);
#868 = VERTEX_POINT('',#869);
#869 = CARTESIAN_POINT('',(3.6995,-2.312316532421,4.645600740326));
#870 = B_SPLINE_CURVE_WITH_KNOTS('',1,(#871,#872),.UNSPECIFIED.,.F.,.F.,
  (2,2),(-3.711935761179E-02,0.),.PIECEWISE_BEZIER_KNOTS.);
#871 = CARTESIAN_POINT('',(3.6995,-2.312316532421,4.645600740326));
#872 = CARTESIAN_POINT('',(3.6995,-2.312316532421,4.682720097938));
#873 = ORIENTED_EDGE('',*,*,#874,.F.);
#874 = EDGE_CURVE('',#875,#868,#877,.T.);
#875 = VERTEX_POINT('',#876);
#876 = CARTESIAN_POINT('',(3.6995,-2.367683641465,4.661353072759));
#877 = B_SPLINE_CURVE_WITH_KNOTS('',3,(#878,#879,#880,#881),
  .UNSPECIFIED.,.F.,.F.,(4,4),(10.,11.),.PIECEWISE_BEZIER_KNOTS.);
#878 = CARTESIAN_POINT('',(3.6995,-2.367683641465,4.661353072759));
#879 = CARTESIAN_POINT('',(3.6995,-2.347018452878,4.661353072759));
#880 = CARTESIAN_POINT('',(3.6995,-2.328614737759,4.656050307386));
#881 = CARTESIAN_POINT('',(3.6995,-2.312316532421,4.645600740326));
#882 = ORIENTED_EDGE('',*,*,#883,.F.);
#883 = EDGE_CURVE('',#884,#875,#886,.T.);
#884 = VERTEX_POINT('',#885);
#885 = CARTESIAN_POINT('',(3.6995,-2.397784633142,4.653242961011));
#886 = B_SPLINE_CURVE_WITH_KNOTS('',3,(#887,#888,#889,#890),
  .UNSPECIFIED.,.F.,.F.,(4,4),(11.,12.),.PIECEWISE_BEZIER_KNOTS.);
#887 = CARTESIAN_POINT('',(3.6995,-2.397784633142,4.653242961011));
#888 = CARTESIAN_POINT('',(3.6995,-2.390064430614,4.658701690071));
#889 = CARTESIAN_POINT('',(3.6995,-2.380004772773,4.661353072759));
#890 = CARTESIAN_POINT('',(3.6995,-2.367683641465,4.661353072759));
#891 = ORIENTED_EDGE('',*,*,#892,.F.);
#892 = EDGE_CURVE('',#893,#884,#895,.T.);
#893 = VERTEX_POINT('',#894);
#894 = CARTESIAN_POINT('',(3.6995,-2.409403927857,4.632031899519));
#895 = B_SPLINE_CURVE_WITH_KNOTS('',3,(#896,#897,#898,#899),
  .UNSPECIFIED.,.F.,.F.,(4,4),(12.,13.),.PIECEWISE_BEZIER_KNOTS.);
#896 = CARTESIAN_POINT('',(3.6995,-2.409403927857,4.632031899519));
#897 = CARTESIAN_POINT('',(3.6995,-2.409403927857,4.640765866014));
#898 = CARTESIAN_POINT('',(3.6995,-2.40550483567,4.647940195637));
#899 = CARTESIAN_POINT('',(3.6995,-2.397784633142,4.653242961011));
#900 = ORIENTED_EDGE('',*,*,#901,.F.);
#901 = EDGE_CURVE('',#902,#893,#904,.T.);
#902 = VERTEX_POINT('',#903);
#903 = CARTESIAN_POINT('',(3.6995,-2.401059870579,4.611756620151));
#904 = B_SPLINE_CURVE_WITH_KNOTS('',3,(#905,#906,#907,#908),
  .UNSPECIFIED.,.F.,.F.,(4,4),(13.,14.),.PIECEWISE_BEZIER_KNOTS.);
#905 = CARTESIAN_POINT('',(3.6995,-2.401059870579,4.611756620151));
#906 = CARTESIAN_POINT('',(3.6995,-2.406596581483,4.616591494461));
#907 = CARTESIAN_POINT('',(3.6995,-2.409403927857,4.623297933022));
#908 = CARTESIAN_POINT('',(3.6995,-2.409403927857,4.632031899519));
#909 = ORIENTED_EDGE('',*,*,#910,.F.);
#910 = EDGE_CURVE('',#911,#902,#913,.T.);
#911 = VERTEX_POINT('',#912);
#912 = CARTESIAN_POINT('',(3.6995,-2.363940512966,4.593040977656));
#913 = B_SPLINE_CURVE_WITH_KNOTS('',3,(#914,#915,#916,#917),
  .UNSPECIFIED.,.F.,.F.,(4,4),(14.,15.),.PIECEWISE_BEZIER_KNOTS.);
#914 = CARTESIAN_POINT('',(3.6995,-2.363940512966,4.593040977656));
#915 = CARTESIAN_POINT('',(3.6995,-2.383124046522,4.600527234653));
#916 = CARTESIAN_POINT('',(3.6995,-2.39544517783,4.606765782152));
#917 = CARTESIAN_POINT('',(3.6995,-2.401059870579,4.611756620151));
#918 = ORIENTED_EDGE('',*,*,#919,.F.);
#919 = EDGE_CURVE('',#920,#911,#922,.T.);
#920 = VERTEX_POINT('',#921);
#921 = CARTESIAN_POINT('',(3.6995,-2.314655987733,4.564811550229));
#922 = B_SPLINE_CURVE_WITH_KNOTS('',3,(#923,#924,#925,#926),
  .UNSPECIFIED.,.F.,.F.,(4,4),(15.,16.),.PIECEWISE_BEZIER_KNOTS.);
#923 = CARTESIAN_POINT('',(3.6995,-2.314655987733,4.564811550229));
#924 = CARTESIAN_POINT('',(3.6995,-2.323233990542,4.57448129885));
#925 = CARTESIAN_POINT('',(3.6995,-2.339610177724,4.583995083784));
#926 = CARTESIAN_POINT('',(3.6995,-2.363940512966,4.593040977656));
#927 = ORIENTED_EDGE('',*,*,#928,.F.);
#928 = EDGE_CURVE('',#929,#920,#931,.T.);
#929 = VERTEX_POINT('',#930);
#930 = CARTESIAN_POINT('',(3.6995,-2.301866965362,4.528783938428));
#931 = B_SPLINE_CURVE_WITH_KNOTS('',3,(#932,#933,#934,#935),
  .UNSPECIFIED.,.F.,.F.,(4,4),(16.,17.),.PIECEWISE_BEZIER_KNOTS.);
#932 = CARTESIAN_POINT('',(3.6995,-2.301866965362,4.528783938428));
#933 = CARTESIAN_POINT('',(3.6995,-2.301866965362,4.543132597673));
#934 = CARTESIAN_POINT('',(3.6995,-2.306155966767,4.555141801608));
#935 = CARTESIAN_POINT('',(3.6995,-2.314655987733,4.564811550229));
#936 = ORIENTED_EDGE('',*,*,#937,.F.);
#937 = EDGE_CURVE('',#938,#929,#940,.T.);
#938 = VERTEX_POINT('',#939);
#939 = CARTESIAN_POINT('',(3.6995,-2.326431246135,4.481682904818));
#940 = B_SPLINE_CURVE_WITH_KNOTS('',3,(#941,#942,#943,#944),
  .UNSPECIFIED.,.F.,.F.,(4,4),(17.,18.),.PIECEWISE_BEZIER_KNOTS.);
#941 = CARTESIAN_POINT('',(3.6995,-2.326431246135,4.481682904818));
#942 = CARTESIAN_POINT('',(3.6995,-2.310055058953,4.493068254004));
#943 = CARTESIAN_POINT('',(3.6995,-2.301866965362,4.508820586435));
#944 = CARTESIAN_POINT('',(3.6995,-2.301866965362,4.528783938428));
#945 = ORIENTED_EDGE('',*,*,#946,.F.);
#946 = EDGE_CURVE('',#947,#938,#949,.T.);
#947 = VERTEX_POINT('',#948);
#948 = CARTESIAN_POINT('',(3.6995,-2.389908466926,4.464370935513));
#949 = B_SPLINE_CURVE_WITH_KNOTS('',3,(#950,#951,#952,#953),
  .UNSPECIFIED.,.F.,.F.,(4,4),(18.,19.),.PIECEWISE_BEZIER_KNOTS.);
#950 = CARTESIAN_POINT('',(3.6995,-2.389908466926,4.464370935513));
#951 = CARTESIAN_POINT('',(3.6995,-2.363940512966,4.464370935513));
#952 = CARTESIAN_POINT('',(3.6995,-2.342729451474,4.470141591948));
#953 = CARTESIAN_POINT('',(3.6995,-2.326431246135,4.481682904818));
#954 = ORIENTED_EDGE('',*,*,#955,.F.);
#955 = EDGE_CURVE('',#956,#947,#958,.T.);
#956 = VERTEX_POINT('',#957);
#957 = CARTESIAN_POINT('',(3.6995,-2.449018704469,4.477159957883));
#958 = B_SPLINE_CURVE_WITH_KNOTS('',3,(#959,#960,#961,#962),
  .UNSPECIFIED.,.F.,.F.,(4,4),(19.,20.),.PIECEWISE_BEZIER_KNOTS.);
#959 = CARTESIAN_POINT('',(3.6995,-2.449018704469,4.477159957883));
#960 = CARTESIAN_POINT('',(3.6995,-2.432174626225,4.46873791876));
#961 = CARTESIAN_POINT('',(3.6995,-2.412523201606,4.464370935513));
#962 = CARTESIAN_POINT('',(3.6995,-2.389908466926,4.464370935513));
#963 = ORIENTED_EDGE('',*,*,#964,.F.);
#964 = EDGE_CURVE('',#787,#956,#965,.T.);
#965 = B_SPLINE_CURVE_WITH_KNOTS('',1,(#966,#967),.UNSPECIFIED.,.F.,.F.,
  (2,2),(-3.945881292292E-02,-0.),.PIECEWISE_BEZIER_KNOTS.);
#966 = CARTESIAN_POINT('',(3.6995,-2.449018704469,4.516618770806));
#967 = CARTESIAN_POINT('',(3.6995,-2.449018704469,4.477159957883));
#968 = FACE_BOUND('',#969,.T.);
#969 = EDGE_LOOP('',(#970,#979,#986,#993,#1000,#1007,#1014,#1021,#1028,
    #1035,#1042,#1049));
#970 = ORIENTED_EDGE('',*,*,#971,.F.);
#971 = EDGE_CURVE('',#972,#974,#976,.T.);
#972 = VERTEX_POINT('',#973);
#973 = CARTESIAN_POINT('',(3.6995,-1.867586077663,4.469517737199));
#974 = VERTEX_POINT('',#975);
#975 = CARTESIAN_POINT('',(3.6995,-1.867586077663,4.5042976395));
#976 = B_SPLINE_CURVE_WITH_KNOTS('',1,(#977,#978),.UNSPECIFIED.,.F.,.F.,
  (2,2),(-3.477990230068E-02,2.22044604925E-16),
  .PIECEWISE_BEZIER_KNOTS.);
#977 = CARTESIAN_POINT('',(3.6995,-1.867586077663,4.469517737199));
#978 = CARTESIAN_POINT('',(3.6995,-1.867586077663,4.5042976395));
#979 = ORIENTED_EDGE('',*,*,#980,.F.);
#980 = EDGE_CURVE('',#981,#972,#983,.T.);
#981 = VERTEX_POINT('',#982);
#982 = CARTESIAN_POINT('',(3.6995,-2.031659876858,4.469517737199));
#983 = B_SPLINE_CURVE_WITH_KNOTS('',1,(#984,#985),.UNSPECIFIED.,.F.,.F.,
  (2,2),(-0.164073799195,0.),.PIECEWISE_BEZIER_KNOTS.);
#984 = CARTESIAN_POINT('',(3.6995,-2.031659876858,4.469517737199));
#985 = CARTESIAN_POINT('',(3.6995,-1.867586077663,4.469517737199));
#986 = ORIENTED_EDGE('',*,*,#987,.F.);
#987 = EDGE_CURVE('',#988,#981,#990,.T.);
#988 = VERTEX_POINT('',#989);
#989 = CARTESIAN_POINT('',(3.6995,-2.031659876858,4.774582709846));
#990 = B_SPLINE_CURVE_WITH_KNOTS('',1,(#991,#992),.UNSPECIFIED.,.F.,.F.,
  (2,2),(-0.305064972647,-1.26263590846E-30),.PIECEWISE_BEZIER_KNOTS.);
#991 = CARTESIAN_POINT('',(3.6995,-2.031659876858,4.774582709846));
#992 = CARTESIAN_POINT('',(3.6995,-2.031659876858,4.469517737199));
#993 = ORIENTED_EDGE('',*,*,#994,.F.);
#994 = EDGE_CURVE('',#995,#988,#997,.T.);
#995 = VERTEX_POINT('',#996);
#996 = CARTESIAN_POINT('',(3.6995,-1.874526461755,4.774582709846));
#997 = B_SPLINE_CURVE_WITH_KNOTS('',1,(#998,#999),.UNSPECIFIED.,.F.,.F.,
  (2,2),(-0.157133415103,9.192490708244E-31),.PIECEWISE_BEZIER_KNOTS.);
#998 = CARTESIAN_POINT('',(3.6995,-1.874526461755,4.774582709846));
#999 = CARTESIAN_POINT('',(3.6995,-2.031659876858,4.774582709846));
#1000 = ORIENTED_EDGE('',*,*,#1001,.F.);
#1001 = EDGE_CURVE('',#1002,#995,#1004,.T.);
#1002 = VERTEX_POINT('',#1003);
#1003 = CARTESIAN_POINT('',(3.6995,-1.874526461755,4.739490880171));
#1004 = B_SPLINE_CURVE_WITH_KNOTS('',1,(#1005,#1006),.UNSPECIFIED.,.F.,
  .F.,(2,2),(-3.509182967521E-02,-4.440892098501E-16),
  .PIECEWISE_BEZIER_KNOTS.);
#1005 = CARTESIAN_POINT('',(3.6995,-1.874526461755,4.739490880171));
#1006 = CARTESIAN_POINT('',(3.6995,-1.874526461755,4.774582709846));
#1007 = ORIENTED_EDGE('',*,*,#1008,.F.);
#1008 = EDGE_CURVE('',#1009,#1002,#1011,.T.);
#1009 = VERTEX_POINT('',#1010);
#1010 = CARTESIAN_POINT('',(3.6995,-1.992279045777,4.739490880171));
#1011 = B_SPLINE_CURVE_WITH_KNOTS('',1,(#1012,#1013),.UNSPECIFIED.,.F.,
  .F.,(2,2),(-0.117752584022,0.),.PIECEWISE_BEZIER_KNOTS.);
#1012 = CARTESIAN_POINT('',(3.6995,-1.992279045777,4.739490880171));
#1013 = CARTESIAN_POINT('',(3.6995,-1.874526461755,4.739490880171));
#1014 = ORIENTED_EDGE('',*,*,#1015,.F.);
#1015 = EDGE_CURVE('',#1016,#1009,#1018,.T.);
#1016 = VERTEX_POINT('',#1017);
#1017 = CARTESIAN_POINT('',(3.6995,-1.992279045777,4.641857611827));
#1018 = B_SPLINE_CURVE_WITH_KNOTS('',1,(#1019,#1020),.UNSPECIFIED.,.F.,
  .F.,(2,2),(-9.763326834319E-02,-4.440892098501E-16),
  .PIECEWISE_BEZIER_KNOTS.);
#1019 = CARTESIAN_POINT('',(3.6995,-1.992279045777,4.641857611827));
#1020 = CARTESIAN_POINT('',(3.6995,-1.992279045777,4.739490880171));
#1021 = ORIENTED_EDGE('',*,*,#1022,.F.);
#1022 = EDGE_CURVE('',#1023,#1016,#1025,.T.);
#1023 = VERTEX_POINT('',#1024);
#1024 = CARTESIAN_POINT('',(3.6995,-1.883182446409,4.641857611827));
#1025 = B_SPLINE_CURVE_WITH_KNOTS('',1,(#1026,#1027),.UNSPECIFIED.,.F.,
  .F.,(2,2),(-0.109096599368,-4.440892098501E-16),
  .PIECEWISE_BEZIER_KNOTS.);
#1026 = CARTESIAN_POINT('',(3.6995,-1.883182446409,4.641857611827));
#1027 = CARTESIAN_POINT('',(3.6995,-1.992279045777,4.641857611827));
#1028 = ORIENTED_EDGE('',*,*,#1029,.F.);
#1029 = EDGE_CURVE('',#1030,#1023,#1032,.T.);
#1030 = VERTEX_POINT('',#1031);
#1031 = CARTESIAN_POINT('',(3.6995,-1.883182446409,4.60692174584));
#1032 = B_SPLINE_CURVE_WITH_KNOTS('',1,(#1033,#1034),.UNSPECIFIED.,.F.,
  .F.,(2,2),(-3.493586598795E-02,0.),.PIECEWISE_BEZIER_KNOTS.);
#1033 = CARTESIAN_POINT('',(3.6995,-1.883182446409,4.60692174584));
#1034 = CARTESIAN_POINT('',(3.6995,-1.883182446409,4.641857611827));
#1035 = ORIENTED_EDGE('',*,*,#1036,.F.);
#1036 = EDGE_CURVE('',#1037,#1030,#1039,.T.);
#1037 = VERTEX_POINT('',#1038);
#1038 = CARTESIAN_POINT('',(3.6995,-1.992279045777,4.60692174584));
#1039 = B_SPLINE_CURVE_WITH_KNOTS('',1,(#1040,#1041),.UNSPECIFIED.,.F.,
  .F.,(2,2),(-0.109096599368,-4.440892098501E-16),
  .PIECEWISE_BEZIER_KNOTS.);
#1040 = CARTESIAN_POINT('',(3.6995,-1.992279045777,4.60692174584));
#1041 = CARTESIAN_POINT('',(3.6995,-1.883182446409,4.60692174584));
#1042 = ORIENTED_EDGE('',*,*,#1043,.F.);
#1043 = EDGE_CURVE('',#1044,#1037,#1046,.T.);
#1044 = VERTEX_POINT('',#1045);
#1045 = CARTESIAN_POINT('',(3.6995,-1.992279045777,4.5042976395));
#1046 = B_SPLINE_CURVE_WITH_KNOTS('',1,(#1047,#1048),.UNSPECIFIED.,.F.,
  .F.,(2,2),(-0.10262410634,-4.440892098501E-16),
  .PIECEWISE_BEZIER_KNOTS.);
#1047 = CARTESIAN_POINT('',(3.6995,-1.992279045777,4.5042976395));
#1048 = CARTESIAN_POINT('',(3.6995,-1.992279045777,4.60692174584));
#1049 = ORIENTED_EDGE('',*,*,#1050,.F.);
#1050 = EDGE_CURVE('',#974,#1044,#1051,.T.);
#1051 = B_SPLINE_CURVE_WITH_KNOTS('',1,(#1052,#1053),.UNSPECIFIED.,.F.,
  .F.,(2,2),(-0.124692968114,-4.440892098501E-16),
  .PIECEWISE_BEZIER_KNOTS.);
#1052 = CARTESIAN_POINT('',(3.6995,-1.867586077663,4.5042976395));
#1053 = CARTESIAN_POINT('',(3.6995,-1.992279045777,4.5042976395));
#1054 = FACE_BOUND('',#1055,.T.);
#1055 = EDGE_LOOP('',(#1056,#1065,#1072,#1079,#1088,#1097,#1106));
#1056 = ORIENTED_EDGE('',*,*,#1057,.F.);
#1057 = EDGE_CURVE('',#1058,#1060,#1062,.T.);
#1058 = VERTEX_POINT('',#1059);
#1059 = CARTESIAN_POINT('',(3.6995,-1.809957495151,4.469517737199));
#1060 = VERTEX_POINT('',#1061);
#1061 = CARTESIAN_POINT('',(3.6995,-1.726049031304,4.469517737199));
#1062 = B_SPLINE_CURVE_WITH_KNOTS('',1,(#1063,#1064),.UNSPECIFIED.,.F.,
  .F.,(2,2),(-8.390846384681E-02,2.22044604925E-16),
  .PIECEWISE_BEZIER_KNOTS.);
#1063 = CARTESIAN_POINT('',(3.6995,-1.809957495151,4.469517737199));
#1064 = CARTESIAN_POINT('',(3.6995,-1.726049031304,4.469517737199));
#1065 = ORIENTED_EDGE('',*,*,#1066,.F.);
#1066 = EDGE_CURVE('',#1067,#1058,#1069,.T.);
#1067 = VERTEX_POINT('',#1068);
#1068 = CARTESIAN_POINT('',(3.6995,-1.809957495151,4.774582709846));
#1069 = B_SPLINE_CURVE_WITH_KNOTS('',1,(#1070,#1071),.UNSPECIFIED.,.F.,
  .F.,(2,2),(-0.305064972647,0.),.PIECEWISE_BEZIER_KNOTS.);
#1070 = CARTESIAN_POINT('',(3.6995,-1.809957495151,4.774582709846));
#1071 = CARTESIAN_POINT('',(3.6995,-1.809957495151,4.469517737199));
#1072 = ORIENTED_EDGE('',*,*,#1073,.F.);
#1073 = EDGE_CURVE('',#1074,#1067,#1076,.T.);
#1074 = VERTEX_POINT('',#1075);
#1075 = CARTESIAN_POINT('',(3.6995,-1.722929757556,4.774582709846));
#1076 = B_SPLINE_CURVE_WITH_KNOTS('',1,(#1077,#1078),.UNSPECIFIED.,.F.,
  .F.,(2,2),(-8.702773759428E-02,5.532517555971E-31),
  .PIECEWISE_BEZIER_KNOTS.);
#1077 = CARTESIAN_POINT('',(3.6995,-1.722929757556,4.774582709846));
#1078 = CARTESIAN_POINT('',(3.6995,-1.809957495151,4.774582709846));
#1079 = ORIENTED_EDGE('',*,*,#1080,.F.);
#1080 = EDGE_CURVE('',#1081,#1074,#1083,.T.);
#1081 = VERTEX_POINT('',#1082);
#1082 = CARTESIAN_POINT('',(3.6995,-1.607594610689,4.734188114797));
#1083 = B_SPLINE_CURVE_WITH_KNOTS('',3,(#1084,#1085,#1086,#1087),
  .UNSPECIFIED.,.F.,.F.,(4,4),(2.,3.),.PIECEWISE_BEZIER_KNOTS.);
#1084 = CARTESIAN_POINT('',(3.6995,-1.607594610689,4.734188114797));
#1085 = CARTESIAN_POINT('',(3.6995,-1.638241475271,4.761169832724));
#1086 = CARTESIAN_POINT('',(3.6995,-1.676686524229,4.774582709846));
#1087 = CARTESIAN_POINT('',(3.6995,-1.722929757556,4.774582709846));
#1088 = ORIENTED_EDGE('',*,*,#1089,.F.);
#1089 = EDGE_CURVE('',#1090,#1081,#1092,.T.);
#1090 = VERTEX_POINT('',#1091);
#1091 = CARTESIAN_POINT('',(3.6995,-1.561585322891,4.625949315707));
#1092 = B_SPLINE_CURVE_WITH_KNOTS('',3,(#1093,#1094,#1095,#1096),
  .UNSPECIFIED.,.F.,.F.,(4,4),(3.,4.),.PIECEWISE_BEZIER_KNOTS.);
#1093 = CARTESIAN_POINT('',(3.6995,-1.561585322891,4.625949315707));
#1094 = CARTESIAN_POINT('',(3.6995,-1.561585322891,4.671178785067));
#1095 = CARTESIAN_POINT('',(3.6995,-1.576947746106,4.707206396868));
#1096 = CARTESIAN_POINT('',(3.6995,-1.607594610689,4.734188114797));
#1097 = ORIENTED_EDGE('',*,*,#1098,.F.);
#1098 = EDGE_CURVE('',#1099,#1090,#1101,.T.);
#1099 = VERTEX_POINT('',#1100);
#1100 = CARTESIAN_POINT('',(3.6995,-1.607594610689,4.512251787559));
#1101 = B_SPLINE_CURVE_WITH_KNOTS('',3,(#1102,#1103,#1104,#1105),
  .UNSPECIFIED.,.F.,.F.,(4,4),(4.,5.),.PIECEWISE_BEZIER_KNOTS.);
#1102 = CARTESIAN_POINT('',(3.6995,-1.607594610689,4.512251787559));
#1103 = CARTESIAN_POINT('',(3.6995,-1.576947746106,4.540793142362));
#1104 = CARTESIAN_POINT('',(3.6995,-1.561585322891,4.57869231841));
#1105 = CARTESIAN_POINT('',(3.6995,-1.561585322891,4.625949315707));
#1106 = ORIENTED_EDGE('',*,*,#1107,.F.);
#1107 = EDGE_CURVE('',#1060,#1099,#1108,.T.);
#1108 = B_SPLINE_CURVE_WITH_KNOTS('',3,(#1109,#1110,#1111,#1112),
  .UNSPECIFIED.,.F.,.F.,(4,4),(5.,6.),.PIECEWISE_BEZIER_KNOTS.);
#1109 = CARTESIAN_POINT('',(3.6995,-1.726049031304,4.469517737199));
#1110 = CARTESIAN_POINT('',(3.6995,-1.67777827004,4.469517737199));
#1111 = CARTESIAN_POINT('',(3.6995,-1.638241475271,4.483710432755));
#1112 = CARTESIAN_POINT('',(3.6995,-1.607594610689,4.512251787559));
#1113 = FACE_BOUND('',#1114,.T.);
#1114 = EDGE_LOOP('',(#1115,#1124,#1131,#1138,#1145,#1152,#1159,#1166));
#1115 = ORIENTED_EDGE('',*,*,#1116,.F.);
#1116 = EDGE_CURVE('',#1117,#1119,#1121,.T.);
#1117 = VERTEX_POINT('',#1118);
#1118 = CARTESIAN_POINT('',(3.6995,-1.270167172897,4.469517737199));
#1119 = VERTEX_POINT('',#1120);
#1120 = CARTESIAN_POINT('',(3.6995,-1.386360120044,4.774582709846));
#1121 = B_SPLINE_CURVE_WITH_KNOTS('',1,(#1122,#1123),.UNSPECIFIED.,.F.,
  .F.,(2,2),(-0.326443622243,4.644417889172E-16),
  .PIECEWISE_BEZIER_KNOTS.);
#1122 = CARTESIAN_POINT('',(3.6995,-1.270167172897,4.469517737199));
#1123 = CARTESIAN_POINT('',(3.6995,-1.386360120044,4.774582709846));
#1124 = ORIENTED_EDGE('',*,*,#1125,.F.);
#1125 = EDGE_CURVE('',#1126,#1117,#1128,.T.);
#1126 = VERTEX_POINT('',#1127);
#1127 = CARTESIAN_POINT('',(3.6995,-1.313681041693,4.469517737199));
#1128 = B_SPLINE_CURVE_WITH_KNOTS('',1,(#1129,#1130),.UNSPECIFIED.,.F.,
  .F.,(2,2),(-4.35138687961E-02,0.),.PIECEWISE_BEZIER_KNOTS.);
#1129 = CARTESIAN_POINT('',(3.6995,-1.313681041693,4.469517737199));
#1130 = CARTESIAN_POINT('',(3.6995,-1.270167172897,4.469517737199));
#1131 = ORIENTED_EDGE('',*,*,#1132,.F.);
#1132 = EDGE_CURVE('',#1133,#1126,#1135,.T.);
#1133 = VERTEX_POINT('',#1134);
#1134 = CARTESIAN_POINT('',(3.6995,-1.34479579734,4.552958309982));
#1135 = B_SPLINE_CURVE_WITH_KNOTS('',1,(#1136,#1137),.UNSPECIFIED.,.F.,
  .F.,(2,2),(-8.905311451803E-02,0.),.PIECEWISE_BEZIER_KNOTS.);
#1136 = CARTESIAN_POINT('',(3.6995,-1.34479579734,4.552958309982));
#1137 = CARTESIAN_POINT('',(3.6995,-1.313681041693,4.469517737199));
#1138 = ORIENTED_EDGE('',*,*,#1139,.F.);
#1139 = EDGE_CURVE('',#1140,#1133,#1142,.T.);
#1140 = VERTEX_POINT('',#1141);
#1141 = CARTESIAN_POINT('',(3.6995,-1.471828220767,4.552958309982));
#1142 = B_SPLINE_CURVE_WITH_KNOTS('',1,(#1143,#1144),.UNSPECIFIED.,.F.,
  .F.,(2,2),(-0.127032423427,4.440892098501E-16),
  .PIECEWISE_BEZIER_KNOTS.);
#1143 = CARTESIAN_POINT('',(3.6995,-1.471828220767,4.552958309982));
#1144 = CARTESIAN_POINT('',(3.6995,-1.34479579734,4.552958309982));
#1145 = ORIENTED_EDGE('',*,*,#1146,.F.);
#1146 = EDGE_CURVE('',#1147,#1140,#1149,.T.);
#1147 = VERTEX_POINT('',#1148);
#1148 = CARTESIAN_POINT('',(3.6995,-1.501149394007,4.469517737199));
#1149 = B_SPLINE_CURVE_WITH_KNOTS('',1,(#1150,#1151),.UNSPECIFIED.,.F.,
  .F.,(2,2),(-8.844241282615E-02,2.094869240476E-16),
  .PIECEWISE_BEZIER_KNOTS.);
#1150 = CARTESIAN_POINT('',(3.6995,-1.501149394007,4.469517737199));
#1151 = CARTESIAN_POINT('',(3.6995,-1.471828220767,4.552958309982));
#1152 = ORIENTED_EDGE('',*,*,#1153,.F.);
#1153 = EDGE_CURVE('',#1154,#1147,#1156,.T.);
#1154 = VERTEX_POINT('',#1155);
#1155 = CARTESIAN_POINT('',(3.6995,-1.544663262805,4.469517737199));
#1156 = B_SPLINE_CURVE_WITH_KNOTS('',1,(#1157,#1158),.UNSPECIFIED.,.F.,
  .F.,(2,2),(-4.351386879818E-02,4.440892098501E-16),
  .PIECEWISE_BEZIER_KNOTS.);
#1157 = CARTESIAN_POINT('',(3.6995,-1.544663262805,4.469517737199));
#1158 = CARTESIAN_POINT('',(3.6995,-1.501149394007,4.469517737199));
#1159 = ORIENTED_EDGE('',*,*,#1160,.F.);
#1160 = EDGE_CURVE('',#1161,#1154,#1163,.T.);
#1161 = VERTEX_POINT('',#1162);
#1162 = CARTESIAN_POINT('',(3.6995,-1.428470315656,4.774582709846));
#1163 = B_SPLINE_CURVE_WITH_KNOTS('',1,(#1164,#1165),.UNSPECIFIED.,.F.,
  .F.,(2,2),(-0.326443622243,-2.569387877446E-16),
  .PIECEWISE_BEZIER_KNOTS.);
#1164 = CARTESIAN_POINT('',(3.6995,-1.428470315656,4.774582709846));
#1165 = CARTESIAN_POINT('',(3.6995,-1.544663262805,4.469517737199));
#1166 = ORIENTED_EDGE('',*,*,#1167,.F.);
#1167 = EDGE_CURVE('',#1119,#1161,#1168,.T.);
#1168 = B_SPLINE_CURVE_WITH_KNOTS('',1,(#1169,#1170),.UNSPECIFIED.,.F.,
  .F.,(2,2),(-4.211019561276E-02,-4.440892098501E-16),
  .PIECEWISE_BEZIER_KNOTS.);
#1169 = CARTESIAN_POINT('',(3.6995,-1.386360120044,4.774582709846));
#1170 = CARTESIAN_POINT('',(3.6995,-1.428470315656,4.774582709846));
#1171 = FACE_BOUND('',#1172,.T.);
#1172 = EDGE_LOOP('',(#1173,#1184,#1193,#1202,#1209,#1218,#1227,#1236,
    #1243,#1252,#1261,#1270,#1279,#1288,#1297,#1306,#1315,#1324,#1333,
    #1340,#1347,#1354,#1363,#1372,#1381,#1390,#1399,#1408,#1417,#1426,
    #1435,#1444,#1453));
#1173 = ORIENTED_EDGE('',*,*,#1174,.F.);
#1174 = EDGE_CURVE('',#1175,#1177,#1179,.T.);
#1175 = VERTEX_POINT('',#1176);
#1176 = CARTESIAN_POINT('',(3.6995,-3.126357467205,4.772117027856));
#1177 = VERTEX_POINT('',#1178);
#1178 = CARTESIAN_POINT('',(3.6995,-3.341086512391,5.056253432409));
#1179 = B_SPLINE_CURVE_WITH_KNOTS('',3,(#1180,#1181,#1182,#1183),
  .UNSPECIFIED.,.F.,.F.,(4,4),(35.,36.),.PIECEWISE_BEZIER_KNOTS.);
#1180 = CARTESIAN_POINT('',(3.6995,-3.126357467205,4.772117027856));
#1181 = CARTESIAN_POINT('',(3.6995,-3.128526414865,4.902255790468));
#1182 = CARTESIAN_POINT('',(3.6995,-3.2174546755,5.01721179535));
#1183 = CARTESIAN_POINT('',(3.6995,-3.341086512391,5.056253432409));
#1184 = ORIENTED_EDGE('',*,*,#1185,.F.);
#1185 = EDGE_CURVE('',#1186,#1175,#1188,.T.);
#1186 = VERTEX_POINT('',#1187);
#1187 = CARTESIAN_POINT('',(3.6995,-3.206609771721,4.56606385605));
#1188 = B_SPLINE_CURVE_WITH_KNOTS('',3,(#1189,#1190,#1191,#1192),
  .UNSPECIFIED.,.F.,.F.,(4,4),(34.,35.),.PIECEWISE_BEZIER_KNOTS.);
#1189 = CARTESIAN_POINT('',(3.6995,-3.206609771721,4.56606385605));
#1190 = CARTESIAN_POINT('',(3.6995,-3.154554200483,4.622457322606));
#1191 = CARTESIAN_POINT('',(3.6995,-3.126357467205,4.696202701402));
#1192 = CARTESIAN_POINT('',(3.6995,-3.126357467205,4.772117027856));
#1193 = ORIENTED_EDGE('',*,*,#1194,.F.);
#1194 = EDGE_CURVE('',#1195,#1186,#1197,.T.);
#1195 = VERTEX_POINT('',#1196);
#1196 = CARTESIAN_POINT('',(3.6995,-3.403986987407,4.468459722035));
#1197 = B_SPLINE_CURVE_WITH_KNOTS('',3,(#1198,#1199,#1200,#1201),
  .UNSPECIFIED.,.F.,.F.,(4,4),(33.,34.),.PIECEWISE_BEZIER_KNOTS.);
#1198 = CARTESIAN_POINT('',(3.6995,-3.403986987407,4.468459722035));
#1199 = CARTESIAN_POINT('',(3.6995,-3.328072660953,4.474966647755));
#1200 = CARTESIAN_POINT('',(3.6995,-3.258665260216,4.509670389494));
#1201 = CARTESIAN_POINT('',(3.6995,-3.206609771721,4.56606385605));
#1202 = ORIENTED_EDGE('',*,*,#1203,.F.);
#1203 = EDGE_CURVE('',#1204,#1195,#1206,.T.);
#1204 = VERTEX_POINT('',#1205);
#1205 = CARTESIAN_POINT('',(3.6995,-3.531956802359,4.468459722035));
#1206 = B_SPLINE_CURVE_WITH_KNOTS('',1,(#1207,#1208),.UNSPECIFIED.,.F.,
  .F.,(2,2),(-0.121462889232,6.506925720194E-03),
  .PIECEWISE_BEZIER_KNOTS.);
#1207 = CARTESIAN_POINT('',(3.6995,-3.531956802359,4.468459722035));
#1208 = CARTESIAN_POINT('',(3.6995,-3.403986987407,4.468459722035));
#1209 = ORIENTED_EDGE('',*,*,#1210,.F.);
#1210 = EDGE_CURVE('',#1211,#1204,#1213,.T.);
#1211 = VERTEX_POINT('',#1212);
#1212 = CARTESIAN_POINT('',(3.6995,-3.594857277374,4.535698092372));
#1213 = B_SPLINE_CURVE_WITH_KNOTS('',3,(#1214,#1215,#1216,#1217),
  .UNSPECIFIED.,.F.,.F.,(4,4),(28.,29.),.PIECEWISE_BEZIER_KNOTS.);
#1214 = CARTESIAN_POINT('',(3.6995,-3.594857277374,4.535698092372));
#1215 = CARTESIAN_POINT('',(3.6995,-3.594857277374,4.500994433374));
#1216 = CARTESIAN_POINT('',(3.6995,-3.566660544097,4.470628669694));
#1217 = CARTESIAN_POINT('',(3.6995,-3.531956802359,4.468459722035));
#1218 = ORIENTED_EDGE('',*,*,#1219,.F.);
#1219 = EDGE_CURVE('',#1220,#1211,#1222,.T.);
#1220 = VERTEX_POINT('',#1221);
#1221 = CARTESIAN_POINT('',(3.6995,-3.527618907039,4.602936462708));
#1222 = B_SPLINE_CURVE_WITH_KNOTS('',3,(#1223,#1224,#1225,#1226),
  .UNSPECIFIED.,.F.,.F.,(4,4),(27.,28.),.PIECEWISE_BEZIER_KNOTS.);
#1223 = CARTESIAN_POINT('',(3.6995,-3.527618907039,4.602936462708));
#1224 = CARTESIAN_POINT('',(3.6995,-3.564491596437,4.602936462708));
#1225 = CARTESIAN_POINT('',(3.6995,-3.594857277374,4.57257069903));
#1226 = CARTESIAN_POINT('',(3.6995,-3.594857277374,4.535698092372));
#1227 = ORIENTED_EDGE('',*,*,#1228,.F.);
#1228 = EDGE_CURVE('',#1229,#1220,#1231,.T.);
#1229 = VERTEX_POINT('',#1230);
#1230 = CARTESIAN_POINT('',(3.6995,-3.5146050556,4.600767515048));
#1231 = B_SPLINE_CURVE_WITH_KNOTS('',3,(#1232,#1233,#1234,#1235),
  .UNSPECIFIED.,.F.,.F.,(4,4),(26.,27.),.PIECEWISE_BEZIER_KNOTS.);
#1232 = CARTESIAN_POINT('',(3.6995,-3.5146050556,4.600767515048));
#1233 = CARTESIAN_POINT('',(3.6995,-3.51894303366,4.600767515048));
#1234 = CARTESIAN_POINT('',(3.6995,-3.523281011719,4.602936462708));
#1235 = CARTESIAN_POINT('',(3.6995,-3.527618907039,4.602936462708));
#1236 = ORIENTED_EDGE('',*,*,#1237,.F.);
#1237 = EDGE_CURVE('',#1238,#1229,#1240,.T.);
#1238 = VERTEX_POINT('',#1239);
#1239 = CARTESIAN_POINT('',(3.6995,-3.417000921586,4.600767515048));
#1240 = B_SPLINE_CURVE_WITH_KNOTS('',1,(#1241,#1242),.UNSPECIFIED.,.F.,
  .F.,(2,2),(-8.881784197001E-16,9.760413401376E-02),
  .PIECEWISE_BEZIER_KNOTS.);
#1241 = CARTESIAN_POINT('',(3.6995,-3.417000921586,4.600767515048));
#1242 = CARTESIAN_POINT('',(3.6995,-3.5146050556,4.600767515048));
#1243 = ORIENTED_EDGE('',*,*,#1244,.F.);
#1244 = EDGE_CURVE('',#1245,#1238,#1247,.T.);
#1245 = VERTEX_POINT('',#1246);
#1246 = CARTESIAN_POINT('',(3.6995,-3.260834290617,4.769947997457));
#1247 = B_SPLINE_CURVE_WITH_KNOTS('',3,(#1248,#1249,#1250,#1251),
  .UNSPECIFIED.,.F.,.F.,(4,4),(24.,25.),.PIECEWISE_BEZIER_KNOTS.);
#1248 = CARTESIAN_POINT('',(3.6995,-3.260834290617,4.769947997457));
#1249 = CARTESIAN_POINT('',(3.6995,-3.260834290617,4.681019778192));
#1250 = CARTESIAN_POINT('',(3.6995,-3.328072660953,4.607274440768));
#1251 = CARTESIAN_POINT('',(3.6995,-3.417000921586,4.600767515048));
#1252 = ORIENTED_EDGE('',*,*,#1253,.F.);
#1253 = EDGE_CURVE('',#1254,#1245,#1256,.T.);
#1254 = VERTEX_POINT('',#1255);
#1255 = CARTESIAN_POINT('',(3.6995,-3.430014773025,4.939128479866));
#1256 = B_SPLINE_CURVE_WITH_KNOTS('',3,(#1257,#1258,#1259,#1260),
  .UNSPECIFIED.,.F.,.F.,(4,4),(23.,24.),.PIECEWISE_BEZIER_KNOTS.);
#1257 = CARTESIAN_POINT('',(3.6995,-3.430014773025,4.939128479866));
#1258 = CARTESIAN_POINT('',(3.6995,-3.336748617071,4.939128479866));
#1259 = CARTESIAN_POINT('',(3.6995,-3.260834290617,4.863214153411));
#1260 = CARTESIAN_POINT('',(3.6995,-3.260834290617,4.769947997457));
#1261 = ORIENTED_EDGE('',*,*,#1262,.F.);
#1262 = EDGE_CURVE('',#1263,#1254,#1265,.T.);
#1263 = VERTEX_POINT('',#1264);
#1264 = CARTESIAN_POINT('',(3.6995,-3.447366602524,4.939128479866));
#1265 = B_SPLINE_CURVE_WITH_KNOTS('',3,(#1266,#1267,#1268,#1269),
  .UNSPECIFIED.,.F.,.F.,(4,4),(22.,23.),.PIECEWISE_BEZIER_KNOTS.);
#1266 = CARTESIAN_POINT('',(3.6995,-3.447366602524,4.939128479866));
#1267 = CARTESIAN_POINT('',(3.6995,-3.440859676805,4.939128479866));
#1268 = CARTESIAN_POINT('',(3.6995,-3.436521698745,4.939128479866));
#1269 = CARTESIAN_POINT('',(3.6995,-3.430014773025,4.939128479866));
#1270 = ORIENTED_EDGE('',*,*,#1271,.F.);
#1271 = EDGE_CURVE('',#1272,#1263,#1274,.T.);
#1272 = VERTEX_POINT('',#1273);
#1273 = CARTESIAN_POINT('',(3.6995,-3.751023908345,5.210251074348));
#1274 = B_SPLINE_CURVE_WITH_KNOTS('',3,(#1275,#1276,#1277,#1278),
  .UNSPECIFIED.,.F.,.F.,(4,4),(21.,22.),.PIECEWISE_BEZIER_KNOTS.);
#1275 = CARTESIAN_POINT('',(3.6995,-3.751023908345,5.210251074348));
#1276 = CARTESIAN_POINT('',(3.6995,-3.594857277374,5.210251074348));
#1277 = CARTESIAN_POINT('',(3.6995,-3.464718432024,5.090957132775));
#1278 = CARTESIAN_POINT('',(3.6995,-3.447366602524,4.939128479866));
#1279 = ORIENTED_EDGE('',*,*,#1280,.F.);
#1280 = EDGE_CURVE('',#1281,#1272,#1283,.T.);
#1281 = VERTEX_POINT('',#1282);
#1282 = CARTESIAN_POINT('',(3.6995,-4.041667279987,5.00202903762));
#1283 = B_SPLINE_CURVE_WITH_KNOTS('',3,(#1284,#1285,#1286,#1287),
  .UNSPECIFIED.,.F.,.F.,(4,4),(20.,21.),.PIECEWISE_BEZIER_KNOTS.);
#1284 = CARTESIAN_POINT('',(3.6995,-4.041667279987,5.00202903762));
#1285 = CARTESIAN_POINT('',(3.6995,-4.000456695269,5.123491844114));
#1286 = CARTESIAN_POINT('',(3.6995,-3.887669679417,5.210251074348));
#1287 = CARTESIAN_POINT('',(3.6995,-3.751023908345,5.210251074348));
#1288 = ORIENTED_EDGE('',*,*,#1289,.F.);
#1289 = EDGE_CURVE('',#1290,#1281,#1292,.T.);
#1290 = VERTEX_POINT('',#1291);
#1291 = CARTESIAN_POINT('',(3.6995,-4.156623243499,5.034563748959));
#1292 = B_SPLINE_CURVE_WITH_KNOTS('',3,(#1293,#1294,#1295,#1296),
  .UNSPECIFIED.,.F.,.F.,(4,4),(19.,20.),.PIECEWISE_BEZIER_KNOTS.);
#1293 = CARTESIAN_POINT('',(3.6995,-4.156623243499,5.034563748959));
#1294 = CARTESIAN_POINT('',(3.6995,-4.115412617411,5.034563748959));
#1295 = CARTESIAN_POINT('',(3.6995,-4.074201991323,5.021549856151));
#1296 = CARTESIAN_POINT('',(3.6995,-4.041667279987,5.00202903762));
#1297 = ORIENTED_EDGE('',*,*,#1298,.F.);
#1298 = EDGE_CURVE('',#1299,#1290,#1301,.T.);
#1299 = VERTEX_POINT('',#1300);
#1300 = CARTESIAN_POINT('',(3.6995,-4.373521319085,4.817665673374));
#1301 = B_SPLINE_CURVE_WITH_KNOTS('',3,(#1302,#1303,#1304,#1305),
  .UNSPECIFIED.,.F.,.F.,(4,4),(18.,19.),.PIECEWISE_BEZIER_KNOTS.);
#1302 = CARTESIAN_POINT('',(3.6995,-4.373521319085,4.817665673374));
#1303 = CARTESIAN_POINT('',(3.6995,-4.373521319085,4.936959614946));
#1304 = CARTESIAN_POINT('',(3.6995,-4.275917185071,5.034563748959));
#1305 = CARTESIAN_POINT('',(3.6995,-4.156623243499,5.034563748959));
#1306 = ORIENTED_EDGE('',*,*,#1307,.F.);
#1307 = EDGE_CURVE('',#1308,#1299,#1310,.T.);
#1308 = VERTEX_POINT('',#1309);
#1309 = CARTESIAN_POINT('',(3.6995,-4.243382473733,4.618119427287));
#1310 = B_SPLINE_CURVE_WITH_KNOTS('',3,(#1311,#1312,#1313,#1314),
  .UNSPECIFIED.,.F.,.F.,(4,4),(17.,18.),.PIECEWISE_BEZIER_KNOTS.);
#1311 = CARTESIAN_POINT('',(3.6995,-4.243382473733,4.618119427287));
#1312 = CARTESIAN_POINT('',(3.6995,-4.319296800188,4.652823127654));
#1313 = CARTESIAN_POINT('',(3.6995,-4.373521319085,4.728737454108));
#1314 = CARTESIAN_POINT('',(3.6995,-4.373521319085,4.817665673374));
#1315 = ORIENTED_EDGE('',*,*,#1316,.F.);
#1316 = EDGE_CURVE('',#1317,#1308,#1319,.T.);
#1317 = VERTEX_POINT('',#1318);
#1318 = CARTESIAN_POINT('',(3.6995,-4.039498290956,4.761272165447));
#1319 = B_SPLINE_CURVE_WITH_KNOTS('',3,(#1320,#1321,#1322,#1323),
  .UNSPECIFIED.,.F.,.F.,(4,4),(16.,17.),.PIECEWISE_BEZIER_KNOTS.);
#1320 = CARTESIAN_POINT('',(3.6995,-4.039498290956,4.761272165447));
#1321 = CARTESIAN_POINT('',(3.6995,-4.13276448828,4.761272165447));
#1322 = CARTESIAN_POINT('',(3.6995,-4.213016751425,4.700540720832));
#1323 = CARTESIAN_POINT('',(3.6995,-4.243382473733,4.618119427287));
#1324 = ORIENTED_EDGE('',*,*,#1325,.F.);
#1325 = EDGE_CURVE('',#1326,#1317,#1328,.T.);
#1326 = VERTEX_POINT('',#1327);
#1327 = CARTESIAN_POINT('',(3.6995,-3.876824734267,4.687526828022));
#1328 = B_SPLINE_CURVE_WITH_KNOTS('',3,(#1329,#1330,#1331,#1332),
  .UNSPECIFIED.,.F.,.F.,(4,4),(15.,16.),.PIECEWISE_BEZIER_KNOTS.);
#1329 = CARTESIAN_POINT('',(3.6995,-3.876824734267,4.687526828022));
#1330 = CARTESIAN_POINT('',(3.6995,-3.915866371325,4.733075432169));
#1331 = CARTESIAN_POINT('',(3.6995,-3.97442886828,4.761272165447));
#1332 = CARTESIAN_POINT('',(3.6995,-4.039498290956,4.761272165447));
#1333 = ORIENTED_EDGE('',*,*,#1334,.F.);
#1334 = EDGE_CURVE('',#1335,#1326,#1337,.T.);
#1335 = VERTEX_POINT('',#1336);
#1336 = CARTESIAN_POINT('',(3.6995,-3.586181321256,4.839355480932));
#1337 = B_SPLINE_CURVE_WITH_KNOTS('',1,(#1338,#1339),.UNSPECIFIED.,.F.,
  .F.,(2,2),(2.908072938468E-16,0.327910861929),
  .PIECEWISE_BEZIER_KNOTS.);
#1338 = CARTESIAN_POINT('',(3.6995,-3.586181321256,4.839355480932));
#1339 = CARTESIAN_POINT('',(3.6995,-3.876824734267,4.687526828022));
#1340 = ORIENTED_EDGE('',*,*,#1341,.F.);
#1341 = EDGE_CURVE('',#1342,#1335,#1344,.T.);
#1342 = VERTEX_POINT('',#1343);
#1343 = CARTESIAN_POINT('',(3.6995,-3.518942950919,4.72439947605));
#1344 = B_SPLINE_CURVE_WITH_KNOTS('',1,(#1345,#1346),.UNSPECIFIED.,.F.,
  .F.,(2,2),(6.726393424249E-16,0.133176129632),
  .PIECEWISE_BEZIER_KNOTS.);
#1345 = CARTESIAN_POINT('',(3.6995,-3.518942950919,4.72439947605));
#1346 = CARTESIAN_POINT('',(3.6995,-3.586181321256,4.839355480932));
#1347 = ORIENTED_EDGE('',*,*,#1348,.F.);
#1348 = EDGE_CURVE('',#1349,#1342,#1351,.T.);
#1349 = VERTEX_POINT('',#1350);
#1350 = CARTESIAN_POINT('',(3.6995,-3.82260025674,4.563894908391));
#1351 = B_SPLINE_CURVE_WITH_KNOTS('',1,(#1352,#1353),.UNSPECIFIED.,.F.,
  .F.,(2,2),(-5.188153315345E-16,0.343466847916),
  .PIECEWISE_BEZIER_KNOTS.);
#1352 = CARTESIAN_POINT('',(3.6995,-3.82260025674,4.563894908391));
#1353 = CARTESIAN_POINT('',(3.6995,-3.518942950919,4.72439947605));
#1354 = ORIENTED_EDGE('',*,*,#1355,.F.);
#1355 = EDGE_CURVE('',#1356,#1349,#1358,.T.);
#1356 = VERTEX_POINT('',#1357);
#1357 = CARTESIAN_POINT('',(3.6995,-3.82260025674,4.542205100831));
#1358 = B_SPLINE_CURVE_WITH_KNOTS('',3,(#1359,#1360,#1361,#1362),
  .UNSPECIFIED.,.F.,.F.,(4,4),(11.,12.),.PIECEWISE_BEZIER_KNOTS.);
#1359 = CARTESIAN_POINT('',(3.6995,-3.82260025674,4.542205100831));
#1360 = CARTESIAN_POINT('',(3.6995,-3.82260025674,4.548712026551));
#1361 = CARTESIAN_POINT('',(3.6995,-3.82260025674,4.555218952271));
#1362 = CARTESIAN_POINT('',(3.6995,-3.82260025674,4.563894908391));
#1363 = ORIENTED_EDGE('',*,*,#1364,.F.);
#1364 = EDGE_CURVE('',#1365,#1356,#1367,.T.);
#1365 = VERTEX_POINT('',#1366);
#1366 = CARTESIAN_POINT('',(3.6995,-4.039498332326,4.325307025245));
#1367 = B_SPLINE_CURVE_WITH_KNOTS('',3,(#1368,#1369,#1370,#1371),
  .UNSPECIFIED.,.F.,.F.,(4,4),(10.,11.),.PIECEWISE_BEZIER_KNOTS.);
#1368 = CARTESIAN_POINT('',(3.6995,-4.039498332326,4.325307025245));
#1369 = CARTESIAN_POINT('',(3.6995,-3.920204390754,4.325307025245));
#1370 = CARTESIAN_POINT('',(3.6995,-3.82260025674,4.422911159258));
#1371 = CARTESIAN_POINT('',(3.6995,-3.82260025674,4.542205100831));
#1372 = ORIENTED_EDGE('',*,*,#1373,.F.);
#1373 = EDGE_CURVE('',#1374,#1365,#1376,.T.);
#1374 = VERTEX_POINT('',#1375);
#1375 = CARTESIAN_POINT('',(3.6995,-4.245551524819,4.472797700096));
#1376 = B_SPLINE_CURVE_WITH_KNOTS('',3,(#1377,#1378,#1379,#1380),
  .UNSPECIFIED.,.F.,.F.,(4,4),(9.,10.),.PIECEWISE_BEZIER_KNOTS.);
#1377 = CARTESIAN_POINT('',(3.6995,-4.245551524819,4.472797700096));
#1378 = CARTESIAN_POINT('',(3.6995,-4.217354770856,4.38603846986));
#1379 = CARTESIAN_POINT('',(3.6995,-4.134933518681,4.325307025245));
#1380 = CARTESIAN_POINT('',(3.6995,-4.039498332326,4.325307025245));
#1381 = ORIENTED_EDGE('',*,*,#1382,.F.);
#1382 = EDGE_CURVE('',#1383,#1374,#1385,.T.);
#1383 = VERTEX_POINT('',#1384);
#1384 = CARTESIAN_POINT('',(3.6995,-4.419069985286,4.576908759829));
#1385 = B_SPLINE_CURVE_WITH_KNOTS('',3,(#1386,#1387,#1388,#1389),
  .UNSPECIFIED.,.F.,.F.,(4,4),(8.,9.),.PIECEWISE_BEZIER_KNOTS.);
#1386 = CARTESIAN_POINT('',(3.6995,-4.419069985286,4.576908759829));
#1387 = CARTESIAN_POINT('',(3.6995,-4.371352412796,4.524853188591));
#1388 = CARTESIAN_POINT('',(3.6995,-4.312789915839,4.490149529595));
#1389 = CARTESIAN_POINT('',(3.6995,-4.245551524819,4.472797700096));
#1390 = ORIENTED_EDGE('',*,*,#1391,.F.);
#1391 = EDGE_CURVE('',#1392,#1383,#1394,.T.);
#1392 = VERTEX_POINT('',#1393);
#1393 = CARTESIAN_POINT('',(3.6995,-4.510167172896,4.813327612575));
#1394 = B_SPLINE_CURVE_WITH_KNOTS('',3,(#1395,#1396,#1397,#1398),
  .UNSPECIFIED.,.F.,.F.,(4,4),(7.,8.),.PIECEWISE_BEZIER_KNOTS.);
#1395 = CARTESIAN_POINT('',(3.6995,-4.510167172896,4.813327612575));
#1396 = CARTESIAN_POINT('',(3.6995,-4.510167172896,4.726568382339));
#1397 = CARTESIAN_POINT('',(3.6995,-4.477632461559,4.641978099765));
#1398 = CARTESIAN_POINT('',(3.6995,-4.419069985286,4.576908759829));
#1399 = ORIENTED_EDGE('',*,*,#1400,.F.);
#1400 = EDGE_CURVE('',#1401,#1392,#1403,.T.);
#1401 = VERTEX_POINT('',#1402);
#1402 = CARTESIAN_POINT('',(3.6995,-4.408225019452,5.060591389783));
#1403 = B_SPLINE_CURVE_WITH_KNOTS('',3,(#1404,#1405,#1406,#1407),
  .UNSPECIFIED.,.F.,.F.,(4,4),(6.,7.),.PIECEWISE_BEZIER_KNOTS.);
#1404 = CARTESIAN_POINT('',(3.6995,-4.408225019452,5.060591389783));
#1405 = CARTESIAN_POINT('',(3.6995,-4.473294499012,4.995521987792));
#1406 = CARTESIAN_POINT('',(3.6995,-4.510167172896,4.906593768527));
#1407 = CARTESIAN_POINT('',(3.6995,-4.510167172896,4.813327612575));
#1408 = ORIENTED_EDGE('',*,*,#1409,.F.);
#1409 = EDGE_CURVE('',#1410,#1401,#1412,.T.);
#1410 = VERTEX_POINT('',#1411);
#1411 = CARTESIAN_POINT('',(3.6995,-4.158792232529,5.164702470201));
#1412 = B_SPLINE_CURVE_WITH_KNOTS('',3,(#1413,#1414,#1415,#1416),
  .UNSPECIFIED.,.F.,.F.,(4,4),(5.,6.),.PIECEWISE_BEZIER_KNOTS.);
#1413 = CARTESIAN_POINT('',(3.6995,-4.158792232529,5.164702470201));
#1414 = CARTESIAN_POINT('',(3.6995,-4.252058409168,5.164702470201));
#1415 = CARTESIAN_POINT('',(3.6995,-4.340986607747,5.12782980149));
#1416 = CARTESIAN_POINT('',(3.6995,-4.408225019452,5.060591389783));
#1417 = ORIENTED_EDGE('',*,*,#1418,.F.);
#1418 = EDGE_CURVE('',#1419,#1410,#1421,.T.);
#1419 = VERTEX_POINT('',#1420);
#1420 = CARTESIAN_POINT('',(3.6995,-4.108905691692,5.160364512827));
#1421 = B_SPLINE_CURVE_WITH_KNOTS('',3,(#1422,#1423,#1424,#1425),
  .UNSPECIFIED.,.F.,.F.,(4,4),(4.,5.),.PIECEWISE_BEZIER_KNOTS.);
#1422 = CARTESIAN_POINT('',(3.6995,-4.108905691692,5.160364512827));
#1423 = CARTESIAN_POINT('',(3.6995,-4.126257521191,5.162533501856));
#1424 = CARTESIAN_POINT('',(3.6995,-4.14144040303,5.164702470201));
#1425 = CARTESIAN_POINT('',(3.6995,-4.158792232529,5.164702470201));
#1426 = ORIENTED_EDGE('',*,*,#1427,.F.);
#1427 = EDGE_CURVE('',#1428,#1419,#1430,.T.);
#1428 = VERTEX_POINT('',#1429);
#1429 = CARTESIAN_POINT('',(3.6995,-4.013470546708,5.255799668152));
#1430 = B_SPLINE_CURVE_WITH_KNOTS('',3,(#1431,#1432,#1433,#1434),
  .UNSPECIFIED.,.F.,.F.,(4,4),(3.,4.),.PIECEWISE_BEZIER_KNOTS.);
#1431 = CARTESIAN_POINT('',(3.6995,-4.013470546708,5.255799668152));
#1432 = CARTESIAN_POINT('',(3.6995,-4.050343236106,5.229771892877));
#1433 = CARTESIAN_POINT('',(3.6995,-4.080708958414,5.19723718154));
#1434 = CARTESIAN_POINT('',(3.6995,-4.108905691692,5.160364512827));
#1435 = ORIENTED_EDGE('',*,*,#1436,.F.);
#1436 = EDGE_CURVE('',#1437,#1428,#1439,.T.);
#1437 = VERTEX_POINT('',#1438);
#1438 = CARTESIAN_POINT('',(3.6995,-3.753192856005,5.3403899197));
#1439 = B_SPLINE_CURVE_WITH_KNOTS('',3,(#1440,#1441,#1442,#1443),
  .UNSPECIFIED.,.F.,.F.,(4,4),(2.,3.),.PIECEWISE_BEZIER_KNOTS.);
#1440 = CARTESIAN_POINT('',(3.6995,-3.753192856005,5.3403899197));
#1441 = CARTESIAN_POINT('',(3.6995,-3.848628000988,5.3403899197));
#1442 = CARTESIAN_POINT('',(3.6995,-3.937556220253,5.310024189635));
#1443 = CARTESIAN_POINT('',(3.6995,-4.013470546708,5.255799668152));
#1444 = ORIENTED_EDGE('',*,*,#1445,.F.);
#1445 = EDGE_CURVE('',#1446,#1437,#1448,.T.);
#1446 = VERTEX_POINT('',#1447);
#1447 = CARTESIAN_POINT('',(3.6995,-3.458211506303,5.227602914189));
#1448 = B_SPLINE_CURVE_WITH_KNOTS('',3,(#1449,#1450,#1451,#1452),
  .UNSPECIFIED.,.F.,.F.,(4,4),(1.,2.),.PIECEWISE_BEZIER_KNOTS.);
#1449 = CARTESIAN_POINT('',(3.6995,-3.458211506303,5.227602914189));
#1450 = CARTESIAN_POINT('',(3.6995,-3.540632758478,5.299179285856));
#1451 = CARTESIAN_POINT('',(3.6995,-3.644743818212,5.3403899197));
#1452 = CARTESIAN_POINT('',(3.6995,-3.753192856005,5.3403899197));
#1453 = ORIENTED_EDGE('',*,*,#1454,.F.);
#1454 = EDGE_CURVE('',#1177,#1446,#1455,.T.);
#1455 = B_SPLINE_CURVE_WITH_KNOTS('',3,(#1456,#1457,#1458,#1459),
  .UNSPECIFIED.,.F.,.F.,(4,4),(0.,1.),.PIECEWISE_BEZIER_KNOTS.);
#1456 = CARTESIAN_POINT('',(3.6995,-3.341086512391,5.056253432409));
#1457 = CARTESIAN_POINT('',(3.6995,-3.364945267609,5.121322855083));
#1458 = CARTESIAN_POINT('',(3.6995,-3.406155935067,5.179885331356));
#1459 = CARTESIAN_POINT('',(3.6995,-3.458211506303,5.227602914189));
#1460 = B_SPLINE_SURFACE_WITH_KNOTS('',1,1,(
    (#1461,#1462)
    ,(#1463,#1464
    )),.UNSPECIFIED.,.F.,.F.,.F.,(2,2),(2,2),(-8.881784197001E-16,11.5),
  (-6.1,0.),.PIECEWISE_BEZIER_KNOTS.);
#1461 = CARTESIAN_POINT('',(3.6995,5.75,3.4000035533));
#1462 = CARTESIAN_POINT('',(3.6995,5.75,9.5000035533));
#1463 = CARTESIAN_POINT('',(3.6995,-5.75,3.4000035533));
#1464 = CARTESIAN_POINT('',(3.6995,-5.75,9.5000035533));
#1465 = ADVANCED_FACE('',(#1466),#1616,.T.);
#1466 = FACE_BOUND('',#1467,.T.);
#1467 = EDGE_LOOP('',(#1468,#1477,#1484,#1491,#1498,#1505,#1512,#1519,
    #1526,#1534,#1541,#1549,#1556,#1563,#1570,#1575,#1576,#1583,#1590,
    #1597,#1604,#1611));
#1468 = ORIENTED_EDGE('',*,*,#1469,.F.);
#1469 = EDGE_CURVE('',#1470,#1472,#1474,.T.);
#1470 = VERTEX_POINT('',#1471);
#1471 = CARTESIAN_POINT('',(-2.1505,0.594486372867,9.5000035533));
#1472 = VERTEX_POINT('',#1473);
#1473 = CARTESIAN_POINT('',(-0.3505,0.594486372867,9.5000035533));
#1474 = B_SPLINE_CURVE_WITH_KNOTS('',1,(#1475,#1476),.UNSPECIFIED.,.F.,
  .F.,(2,2),(0.,1.8),.PIECEWISE_BEZIER_KNOTS.);
#1475 = CARTESIAN_POINT('',(-2.1505,0.594486372867,9.5000035533));
#1476 = CARTESIAN_POINT('',(-0.3505,0.594486372867,9.5000035533));
#1477 = ORIENTED_EDGE('',*,*,#1478,.F.);
#1478 = EDGE_CURVE('',#1479,#1470,#1481,.T.);
#1479 = VERTEX_POINT('',#1480);
#1480 = CARTESIAN_POINT('',(-2.1505,1.25,9.5000035533));
#1481 = B_SPLINE_CURVE_WITH_KNOTS('',1,(#1482,#1483),.UNSPECIFIED.,.F.,
  .F.,(2,2),(0.,0.655513627133),.PIECEWISE_BEZIER_KNOTS.);
#1482 = CARTESIAN_POINT('',(-2.1505,1.25,9.5000035533));
#1483 = CARTESIAN_POINT('',(-2.1505,0.594486372867,9.5000035533));
#1484 = ORIENTED_EDGE('',*,*,#1485,.F.);
#1485 = EDGE_CURVE('',#1486,#1479,#1488,.T.);
#1486 = VERTEX_POINT('',#1487);
#1487 = CARTESIAN_POINT('',(-3.7005,1.25,9.5000035533));
#1488 = B_SPLINE_CURVE_WITH_KNOTS('',1,(#1489,#1490),.UNSPECIFIED.,.F.,
  .F.,(2,2),(-6.6,-5.05),.PIECEWISE_BEZIER_KNOTS.);
#1489 = CARTESIAN_POINT('',(-3.7005,1.25,9.5000035533));
#1490 = CARTESIAN_POINT('',(-2.1505,1.25,9.5000035533));
#1491 = ORIENTED_EDGE('',*,*,#1492,.T.);
#1492 = EDGE_CURVE('',#1486,#1493,#1495,.T.);
#1493 = VERTEX_POINT('',#1494);
#1494 = CARTESIAN_POINT('',(-3.7005,-5.75,9.5000035533));
#1495 = B_SPLINE_CURVE_WITH_KNOTS('',1,(#1496,#1497),.UNSPECIFIED.,.F.,
  .F.,(2,2),(4.5,11.5),.PIECEWISE_BEZIER_KNOTS.);
#1496 = CARTESIAN_POINT('',(-3.7005,1.25,9.5000035533));
#1497 = CARTESIAN_POINT('',(-3.7005,-5.75,9.5000035533));
#1498 = ORIENTED_EDGE('',*,*,#1499,.T.);
#1499 = EDGE_CURVE('',#1493,#1500,#1502,.T.);
#1500 = VERTEX_POINT('',#1501);
#1501 = CARTESIAN_POINT('',(-1.7005,-5.75,9.5000035533));
#1502 = B_SPLINE_CURVE_WITH_KNOTS('',1,(#1503,#1504),.UNSPECIFIED.,.F.,
  .F.,(2,2),(0.,2.),.PIECEWISE_BEZIER_KNOTS.);
#1503 = CARTESIAN_POINT('',(-3.7005,-5.75,9.5000035533));
#1504 = CARTESIAN_POINT('',(-1.7005,-5.75,9.5000035533));
#1505 = ORIENTED_EDGE('',*,*,#1506,.F.);
#1506 = EDGE_CURVE('',#1507,#1500,#1509,.T.);
#1507 = VERTEX_POINT('',#1508);
#1508 = CARTESIAN_POINT('',(-1.4005,-4.85,9.5000035533));
#1509 = B_SPLINE_CURVE_WITH_KNOTS('',1,(#1510,#1511),.UNSPECIFIED.,.F.,
  .F.,(2,2),(-0.948683298051,-0.),.PIECEWISE_BEZIER_KNOTS.);
#1510 = CARTESIAN_POINT('',(-1.4005,-4.85,9.5000035533));
#1511 = CARTESIAN_POINT('',(-1.7005,-5.75,9.5000035533));
#1512 = ORIENTED_EDGE('',*,*,#1513,.F.);
#1513 = EDGE_CURVE('',#1514,#1507,#1516,.T.);
#1514 = VERTEX_POINT('',#1515);
#1515 = CARTESIAN_POINT('',(-1.7005,-4.55,9.5000035533));
#1516 = B_SPLINE_CURVE_WITH_KNOTS('',1,(#1517,#1518),.UNSPECIFIED.,.F.,
  .F.,(2,2),(-0.424264068712,0.),.PIECEWISE_BEZIER_KNOTS.);
#1517 = CARTESIAN_POINT('',(-1.7005,-4.55,9.5000035533));
#1518 = CARTESIAN_POINT('',(-1.4005,-4.85,9.5000035533));
#1519 = ORIENTED_EDGE('',*,*,#1520,.F.);
#1520 = EDGE_CURVE('',#1521,#1514,#1523,.T.);
#1521 = VERTEX_POINT('',#1522);
#1522 = CARTESIAN_POINT('',(-1.7005,-2.35,9.5000035533));
#1523 = B_SPLINE_CURVE_WITH_KNOTS('',1,(#1524,#1525),.UNSPECIFIED.,.F.,
  .F.,(2,2),(-2.2,0.),.PIECEWISE_BEZIER_KNOTS.);
#1524 = CARTESIAN_POINT('',(-1.7005,-2.35,9.5000035533));
#1525 = CARTESIAN_POINT('',(-1.7005,-4.55,9.5000035533));
#1526 = ORIENTED_EDGE('',*,*,#1527,.F.);
#1527 = EDGE_CURVE('',#1528,#1521,#1530,.T.);
#1528 = VERTEX_POINT('',#1529);
#1529 = CARTESIAN_POINT('',(-1.3005,-1.95,9.5000035533));
#1530 = ( BOUNDED_CURVE() B_SPLINE_CURVE(2,(#1531,#1532,#1533),
.UNSPECIFIED.,.F.,.F.) B_SPLINE_CURVE_WITH_KNOTS((3,3),(4.712388980385,
6.28318530718),.PIECEWISE_BEZIER_KNOTS.) CURVE() 
GEOMETRIC_REPRESENTATION_ITEM() RATIONAL_B_SPLINE_CURVE((1.,
0.707106781187,1.)) REPRESENTATION_ITEM('') );
#1531 = CARTESIAN_POINT('',(-1.3005,-1.95,9.5000035533));
#1532 = CARTESIAN_POINT('',(-1.7005,-1.95,9.5000035533));
#1533 = CARTESIAN_POINT('',(-1.7005,-2.35,9.5000035533));
#1534 = ORIENTED_EDGE('',*,*,#1535,.F.);
#1535 = EDGE_CURVE('',#1536,#1528,#1538,.T.);
#1536 = VERTEX_POINT('',#1537);
#1537 = CARTESIAN_POINT('',(1.2995,-1.95,9.5000035533));
#1538 = B_SPLINE_CURVE_WITH_KNOTS('',1,(#1539,#1540),.UNSPECIFIED.,.F.,
  .F.,(2,2),(8.373608453858E-32,2.6),.PIECEWISE_BEZIER_KNOTS.);
#1539 = CARTESIAN_POINT('',(1.2995,-1.95,9.5000035533));
#1540 = CARTESIAN_POINT('',(-1.3005,-1.95,9.5000035533));
#1541 = ORIENTED_EDGE('',*,*,#1542,.F.);
#1542 = EDGE_CURVE('',#1543,#1536,#1545,.T.);
#1543 = VERTEX_POINT('',#1544);
#1544 = CARTESIAN_POINT('',(1.6995,-2.35,9.5000035533));
#1545 = ( BOUNDED_CURVE() B_SPLINE_CURVE(2,(#1546,#1547,#1548),
.UNSPECIFIED.,.F.,.F.) B_SPLINE_CURVE_WITH_KNOTS((3,3),(0.,
1.570796326795),.PIECEWISE_BEZIER_KNOTS.) CURVE() 
GEOMETRIC_REPRESENTATION_ITEM() RATIONAL_B_SPLINE_CURVE((1.,
0.707106781187,1.)) REPRESENTATION_ITEM('') );
#1546 = CARTESIAN_POINT('',(1.6995,-2.35,9.5000035533));
#1547 = CARTESIAN_POINT('',(1.6995,-1.95,9.5000035533));
#1548 = CARTESIAN_POINT('',(1.2995,-1.95,9.5000035533));
#1549 = ORIENTED_EDGE('',*,*,#1550,.F.);
#1550 = EDGE_CURVE('',#1551,#1543,#1553,.T.);
#1551 = VERTEX_POINT('',#1552);
#1552 = CARTESIAN_POINT('',(1.6995,-4.55,9.5000035533));
#1553 = B_SPLINE_CURVE_WITH_KNOTS('',1,(#1554,#1555),.UNSPECIFIED.,.F.,
  .F.,(2,2),(0.,2.2),.PIECEWISE_BEZIER_KNOTS.);
#1554 = CARTESIAN_POINT('',(1.6995,-4.55,9.5000035533));
#1555 = CARTESIAN_POINT('',(1.6995,-2.35,9.5000035533));
#1556 = ORIENTED_EDGE('',*,*,#1557,.F.);
#1557 = EDGE_CURVE('',#1558,#1551,#1560,.T.);
#1558 = VERTEX_POINT('',#1559);
#1559 = CARTESIAN_POINT('',(1.3995,-4.85,9.5000035533));
#1560 = B_SPLINE_CURVE_WITH_KNOTS('',1,(#1561,#1562),.UNSPECIFIED.,.F.,
  .F.,(2,2),(0.,0.424264068712),.PIECEWISE_BEZIER_KNOTS.);
#1561 = CARTESIAN_POINT('',(1.3995,-4.85,9.5000035533));
#1562 = CARTESIAN_POINT('',(1.6995,-4.55,9.5000035533));
#1563 = ORIENTED_EDGE('',*,*,#1564,.F.);
#1564 = EDGE_CURVE('',#1565,#1558,#1567,.T.);
#1565 = VERTEX_POINT('',#1566);
#1566 = CARTESIAN_POINT('',(1.6995,-5.75,9.5000035533));
#1567 = B_SPLINE_CURVE_WITH_KNOTS('',1,(#1568,#1569),.UNSPECIFIED.,.F.,
  .F.,(2,2),(0.,0.948683298051),.PIECEWISE_BEZIER_KNOTS.);
#1568 = CARTESIAN_POINT('',(1.6995,-5.75,9.5000035533));
#1569 = CARTESIAN_POINT('',(1.3995,-4.85,9.5000035533));
#1570 = ORIENTED_EDGE('',*,*,#1571,.T.);
#1571 = EDGE_CURVE('',#1565,#517,#1572,.T.);
#1572 = B_SPLINE_CURVE_WITH_KNOTS('',1,(#1573,#1574),.UNSPECIFIED.,.F.,
  .F.,(2,2),(5.4,7.4),.PIECEWISE_BEZIER_KNOTS.);
#1573 = CARTESIAN_POINT('',(1.6995,-5.75,9.5000035533));
#1574 = CARTESIAN_POINT('',(3.6995,-5.75,9.5000035533));
#1575 = ORIENTED_EDGE('',*,*,#516,.T.);
#1576 = ORIENTED_EDGE('',*,*,#1577,.F.);
#1577 = EDGE_CURVE('',#1578,#510,#1580,.T.);
#1578 = VERTEX_POINT('',#1579);
#1579 = CARTESIAN_POINT('',(2.1495,1.25,9.5000035533));
#1580 = B_SPLINE_CURVE_WITH_KNOTS('',1,(#1581,#1582),.UNSPECIFIED.,.F.,
  .F.,(2,2),(-0.75,0.8),.PIECEWISE_BEZIER_KNOTS.);
#1581 = CARTESIAN_POINT('',(2.1495,1.25,9.5000035533));
#1582 = CARTESIAN_POINT('',(3.6995,1.25,9.5000035533));
#1583 = ORIENTED_EDGE('',*,*,#1584,.T.);
#1584 = EDGE_CURVE('',#1578,#1585,#1587,.T.);
#1585 = VERTEX_POINT('',#1586);
#1586 = CARTESIAN_POINT('',(2.1495,0.594486372867,9.5000035533));
#1587 = B_SPLINE_CURVE_WITH_KNOTS('',1,(#1588,#1589),.UNSPECIFIED.,.F.,
  .F.,(2,2),(0.,0.655513627133),.PIECEWISE_BEZIER_KNOTS.);
#1588 = CARTESIAN_POINT('',(2.1495,1.25,9.5000035533));
#1589 = CARTESIAN_POINT('',(2.1495,0.594486372867,9.5000035533));
#1590 = ORIENTED_EDGE('',*,*,#1591,.F.);
#1591 = EDGE_CURVE('',#1592,#1585,#1594,.T.);
#1592 = VERTEX_POINT('',#1593);
#1593 = CARTESIAN_POINT('',(0.3495,0.594486372867,9.5000035533));
#1594 = B_SPLINE_CURVE_WITH_KNOTS('',1,(#1595,#1596),.UNSPECIFIED.,.F.,
  .F.,(2,2),(0.,1.8),.PIECEWISE_BEZIER_KNOTS.);
#1595 = CARTESIAN_POINT('',(0.3495,0.594486372867,9.5000035533));
#1596 = CARTESIAN_POINT('',(2.1495,0.594486372867,9.5000035533));
#1597 = ORIENTED_EDGE('',*,*,#1598,.F.);
#1598 = EDGE_CURVE('',#1599,#1592,#1601,.T.);
#1599 = VERTEX_POINT('',#1600);
#1600 = CARTESIAN_POINT('',(0.3495,1.25,9.5000035533));
#1601 = B_SPLINE_CURVE_WITH_KNOTS('',1,(#1602,#1603),.UNSPECIFIED.,.F.,
  .F.,(2,2),(0.,0.655513627133),.PIECEWISE_BEZIER_KNOTS.);
#1602 = CARTESIAN_POINT('',(0.3495,1.25,9.5000035533));
#1603 = CARTESIAN_POINT('',(0.3495,0.594486372867,9.5000035533));
#1604 = ORIENTED_EDGE('',*,*,#1605,.F.);
#1605 = EDGE_CURVE('',#1606,#1599,#1608,.T.);
#1606 = VERTEX_POINT('',#1607);
#1607 = CARTESIAN_POINT('',(-0.3505,1.25,9.5000035533));
#1608 = B_SPLINE_CURVE_WITH_KNOTS('',1,(#1609,#1610),.UNSPECIFIED.,.F.,
  .F.,(2,2),(-3.25,-2.55),.PIECEWISE_BEZIER_KNOTS.);
#1609 = CARTESIAN_POINT('',(-0.3505,1.25,9.5000035533));
#1610 = CARTESIAN_POINT('',(0.3495,1.25,9.5000035533));
#1611 = ORIENTED_EDGE('',*,*,#1612,.T.);
#1612 = EDGE_CURVE('',#1606,#1472,#1613,.T.);
#1613 = B_SPLINE_CURVE_WITH_KNOTS('',1,(#1614,#1615),.UNSPECIFIED.,.F.,
  .F.,(2,2),(0.,0.655513627133),.PIECEWISE_BEZIER_KNOTS.);
#1614 = CARTESIAN_POINT('',(-0.3505,1.25,9.5000035533));
#1615 = CARTESIAN_POINT('',(-0.3505,0.594486372867,9.5000035533));
#1616 = B_SPLINE_SURFACE_WITH_KNOTS('',1,1,(
    (#1617,#1618)
    ,(#1619,#1620
    )),.UNSPECIFIED.,.F.,.F.,.F.,(2,2),(2,2),(-3.7,3.7),(-5.75,1.25),
  .PIECEWISE_BEZIER_KNOTS.);
#1617 = CARTESIAN_POINT('',(-3.7005,-5.75,9.5000035533));
#1618 = CARTESIAN_POINT('',(-3.7005,1.25,9.5000035533));
#1619 = CARTESIAN_POINT('',(3.6995,-5.75,9.5000035533));
#1620 = CARTESIAN_POINT('',(3.6995,1.25,9.5000035533));
#1621 = ADVANCED_FACE('',(#1622),#1658,.F.);
#1622 = FACE_BOUND('',#1623,.T.);
#1623 = EDGE_LOOP('',(#1624,#1631,#1638,#1645,#1652,#1657));
#1624 = ORIENTED_EDGE('',*,*,#1625,.F.);
#1625 = EDGE_CURVE('',#1626,#1479,#1628,.T.);
#1626 = VERTEX_POINT('',#1627);
#1627 = CARTESIAN_POINT('',(-2.1505,1.25,3.6000035533));
#1628 = B_SPLINE_CURVE_WITH_KNOTS('',1,(#1629,#1630),.UNSPECIFIED.,.F.,
  .F.,(2,2),(0.2,6.1),.PIECEWISE_BEZIER_KNOTS.);
#1629 = CARTESIAN_POINT('',(-2.1505,1.25,3.6000035533));
#1630 = CARTESIAN_POINT('',(-2.1505,1.25,9.5000035533));
#1631 = ORIENTED_EDGE('',*,*,#1632,.T.);
#1632 = EDGE_CURVE('',#1626,#1633,#1635,.T.);
#1633 = VERTEX_POINT('',#1634);
#1634 = CARTESIAN_POINT('',(-2.9005,1.25,3.6000035533));
#1635 = B_SPLINE_CURVE_WITH_KNOTS('',1,(#1636,#1637),.UNSPECIFIED.,.F.,
  .F.,(2,2),(5.05,5.8),.PIECEWISE_BEZIER_KNOTS.);
#1636 = CARTESIAN_POINT('',(-2.1505,1.25,3.6000035533));
#1637 = CARTESIAN_POINT('',(-2.9005,1.25,3.6000035533));
#1638 = ORIENTED_EDGE('',*,*,#1639,.T.);
#1639 = EDGE_CURVE('',#1633,#1640,#1642,.T.);
#1640 = VERTEX_POINT('',#1641);
#1641 = CARTESIAN_POINT('',(-2.9005,1.25,8.2000035533));
#1642 = B_SPLINE_CURVE_WITH_KNOTS('',1,(#1643,#1644),.UNSPECIFIED.,.F.,
  .F.,(2,2),(0.2,4.8),.PIECEWISE_BEZIER_KNOTS.);
#1643 = CARTESIAN_POINT('',(-2.9005,1.25,3.6000035533));
#1644 = CARTESIAN_POINT('',(-2.9005,1.25,8.2000035533));
#1645 = ORIENTED_EDGE('',*,*,#1646,.F.);
#1646 = EDGE_CURVE('',#1647,#1640,#1649,.T.);
#1647 = VERTEX_POINT('',#1648);
#1648 = CARTESIAN_POINT('',(-3.7005,1.25,8.2000035533));
#1649 = B_SPLINE_CURVE_WITH_KNOTS('',1,(#1650,#1651),.UNSPECIFIED.,.F.,
  .F.,(2,2),(0.,0.8),.PIECEWISE_BEZIER_KNOTS.);
#1650 = CARTESIAN_POINT('',(-3.7005,1.25,8.2000035533));
#1651 = CARTESIAN_POINT('',(-2.9005,1.25,8.2000035533));
#1652 = ORIENTED_EDGE('',*,*,#1653,.F.);
#1653 = EDGE_CURVE('',#1486,#1647,#1654,.T.);
#1654 = B_SPLINE_CURVE_WITH_KNOTS('',1,(#1655,#1656),.UNSPECIFIED.,.F.,
  .F.,(2,2),(0.,1.3),.PIECEWISE_BEZIER_KNOTS.);
#1655 = CARTESIAN_POINT('',(-3.7005,1.25,9.5000035533));
#1656 = CARTESIAN_POINT('',(-3.7005,1.25,8.2000035533));
#1657 = ORIENTED_EDGE('',*,*,#1485,.T.);
#1658 = B_SPLINE_SURFACE_WITH_KNOTS('',1,1,(
    (#1659,#1660)
    ,(#1661,#1662
    )),.UNSPECIFIED.,.F.,.F.,.F.,(2,2),(2,2),(-6.1,-0.2),(-6.6,-5.05),
  .PIECEWISE_BEZIER_KNOTS.);
#1659 = CARTESIAN_POINT('',(-3.7005,1.25,9.5000035533));
#1660 = CARTESIAN_POINT('',(-2.1505,1.25,9.5000035533));
#1661 = CARTESIAN_POINT('',(-3.7005,1.25,3.6000035533));
#1662 = CARTESIAN_POINT('',(-2.1505,1.25,3.6000035533));
#1663 = ADVANCED_FACE('',(#1664),#1742,.F.);
#1664 = FACE_BOUND('',#1665,.T.);
#1665 = EDGE_LOOP('',(#1666,#1673,#1680,#1687,#1694,#1701,#1708,#1715,
    #1722,#1729,#1736,#1741));
#1666 = ORIENTED_EDGE('',*,*,#1667,.F.);
#1667 = EDGE_CURVE('',#1668,#1626,#1670,.T.);
#1668 = VERTEX_POINT('',#1669);
#1669 = CARTESIAN_POINT('',(-2.1505,0.326537180436,3.6000035533));
#1670 = B_SPLINE_CURVE_WITH_KNOTS('',1,(#1671,#1672),.UNSPECIFIED.,.F.,
  .F.,(2,2),(-3.923462819564,-3.),.PIECEWISE_BEZIER_KNOTS.);
#1671 = CARTESIAN_POINT('',(-2.1505,0.326537180436,3.6000035533));
#1672 = CARTESIAN_POINT('',(-2.1505,1.25,3.6000035533));
#1673 = ORIENTED_EDGE('',*,*,#1674,.T.);
#1674 = EDGE_CURVE('',#1668,#1675,#1677,.T.);
#1675 = VERTEX_POINT('',#1676);
#1676 = CARTESIAN_POINT('',(-0.3505,0.326537180436,3.6000035533));
#1677 = B_SPLINE_CURVE_WITH_KNOTS('',1,(#1678,#1679),.UNSPECIFIED.,.F.,
  .F.,(2,2),(0.75,2.55),.PIECEWISE_BEZIER_KNOTS.);
#1678 = CARTESIAN_POINT('',(-2.1505,0.326537180436,3.6000035533));
#1679 = CARTESIAN_POINT('',(-0.3505,0.326537180436,3.6000035533));
#1680 = ORIENTED_EDGE('',*,*,#1681,.T.);
#1681 = EDGE_CURVE('',#1675,#1682,#1684,.T.);
#1682 = VERTEX_POINT('',#1683);
#1683 = CARTESIAN_POINT('',(-0.3505,1.25,3.6000035533));
#1684 = B_SPLINE_CURVE_WITH_KNOTS('',1,(#1685,#1686),.UNSPECIFIED.,.F.,
  .F.,(2,2),(-3.923462819564,-3.),.PIECEWISE_BEZIER_KNOTS.);
#1685 = CARTESIAN_POINT('',(-0.3505,0.326537180436,3.6000035533));
#1686 = CARTESIAN_POINT('',(-0.3505,1.25,3.6000035533));
#1687 = ORIENTED_EDGE('',*,*,#1688,.F.);
#1688 = EDGE_CURVE('',#1689,#1682,#1691,.T.);
#1689 = VERTEX_POINT('',#1690);
#1690 = CARTESIAN_POINT('',(0.3495,1.25,3.6000035533));
#1691 = B_SPLINE_CURVE_WITH_KNOTS('',1,(#1692,#1693),.UNSPECIFIED.,.F.,
  .F.,(2,2),(2.55,3.25),.PIECEWISE_BEZIER_KNOTS.);
#1692 = CARTESIAN_POINT('',(0.3495,1.25,3.6000035533));
#1693 = CARTESIAN_POINT('',(-0.3505,1.25,3.6000035533));
#1694 = ORIENTED_EDGE('',*,*,#1695,.F.);
#1695 = EDGE_CURVE('',#1696,#1689,#1698,.T.);
#1696 = VERTEX_POINT('',#1697);
#1697 = CARTESIAN_POINT('',(0.3495,0.326537180436,3.6000035533));
#1698 = B_SPLINE_CURVE_WITH_KNOTS('',1,(#1699,#1700),.UNSPECIFIED.,.F.,
  .F.,(2,2),(-3.923462819564,-3.),.PIECEWISE_BEZIER_KNOTS.);
#1699 = CARTESIAN_POINT('',(0.3495,0.326537180436,3.6000035533));
#1700 = CARTESIAN_POINT('',(0.3495,1.25,3.6000035533));
#1701 = ORIENTED_EDGE('',*,*,#1702,.T.);
#1702 = EDGE_CURVE('',#1696,#1703,#1705,.T.);
#1703 = VERTEX_POINT('',#1704);
#1704 = CARTESIAN_POINT('',(2.1495,0.326537180436,3.6000035533));
#1705 = B_SPLINE_CURVE_WITH_KNOTS('',1,(#1706,#1707),.UNSPECIFIED.,.F.,
  .F.,(2,2),(3.25,5.05),.PIECEWISE_BEZIER_KNOTS.);
#1706 = CARTESIAN_POINT('',(0.3495,0.326537180436,3.6000035533));
#1707 = CARTESIAN_POINT('',(2.1495,0.326537180436,3.6000035533));
#1708 = ORIENTED_EDGE('',*,*,#1709,.T.);
#1709 = EDGE_CURVE('',#1703,#1710,#1712,.T.);
#1710 = VERTEX_POINT('',#1711);
#1711 = CARTESIAN_POINT('',(2.1495,1.25,3.6000035533));
#1712 = B_SPLINE_CURVE_WITH_KNOTS('',1,(#1713,#1714),.UNSPECIFIED.,.F.,
  .F.,(2,2),(-3.923462819564,-3.),.PIECEWISE_BEZIER_KNOTS.);
#1713 = CARTESIAN_POINT('',(2.1495,0.326537180436,3.6000035533));
#1714 = CARTESIAN_POINT('',(2.1495,1.25,3.6000035533));
#1715 = ORIENTED_EDGE('',*,*,#1716,.F.);
#1716 = EDGE_CURVE('',#1717,#1710,#1719,.T.);
#1717 = VERTEX_POINT('',#1718);
#1718 = CARTESIAN_POINT('',(2.8995,1.25,3.6000035533));
#1719 = B_SPLINE_CURVE_WITH_KNOTS('',1,(#1720,#1721),.UNSPECIFIED.,.F.,
  .F.,(2,2),(0.,0.75),.PIECEWISE_BEZIER_KNOTS.);
#1720 = CARTESIAN_POINT('',(2.8995,1.25,3.6000035533));
#1721 = CARTESIAN_POINT('',(2.1495,1.25,3.6000035533));
#1722 = ORIENTED_EDGE('',*,*,#1723,.T.);
#1723 = EDGE_CURVE('',#1717,#1724,#1726,.T.);
#1724 = VERTEX_POINT('',#1725);
#1725 = CARTESIAN_POINT('',(2.8995,-5.75,3.6000035533));
#1726 = B_SPLINE_CURVE_WITH_KNOTS('',1,(#1727,#1728),.UNSPECIFIED.,.F.,
  .F.,(2,2),(3.,10.),.PIECEWISE_BEZIER_KNOTS.);
#1727 = CARTESIAN_POINT('',(2.8995,1.25,3.6000035533));
#1728 = CARTESIAN_POINT('',(2.8995,-5.75,3.6000035533));
#1729 = ORIENTED_EDGE('',*,*,#1730,.T.);
#1730 = EDGE_CURVE('',#1724,#1731,#1733,.T.);
#1731 = VERTEX_POINT('',#1732);
#1732 = CARTESIAN_POINT('',(-2.9005,-5.75,3.6000035533));
#1733 = B_SPLINE_CURVE_WITH_KNOTS('',1,(#1734,#1735),.UNSPECIFIED.,.F.,
  .F.,(2,2),(-5.8,-0.),.PIECEWISE_BEZIER_KNOTS.);
#1734 = CARTESIAN_POINT('',(2.8995,-5.75,3.6000035533));
#1735 = CARTESIAN_POINT('',(-2.9005,-5.75,3.6000035533));
#1736 = ORIENTED_EDGE('',*,*,#1737,.F.);
#1737 = EDGE_CURVE('',#1633,#1731,#1738,.T.);
#1738 = B_SPLINE_CURVE_WITH_KNOTS('',1,(#1739,#1740),.UNSPECIFIED.,.F.,
  .F.,(2,2),(3.,10.),.PIECEWISE_BEZIER_KNOTS.);
#1739 = CARTESIAN_POINT('',(-2.9005,1.25,3.6000035533));
#1740 = CARTESIAN_POINT('',(-2.9005,-5.75,3.6000035533));
#1741 = ORIENTED_EDGE('',*,*,#1632,.F.);
#1742 = B_SPLINE_SURFACE_WITH_KNOTS('',1,1,(
    (#1743,#1744)
    ,(#1745,#1746
    )),.UNSPECIFIED.,.F.,.F.,.F.,(2,2),(2,2),(0.,5.8),(-10.,-3.),
  .PIECEWISE_BEZIER_KNOTS.);
#1743 = CARTESIAN_POINT('',(-2.9005,-5.75,3.6000035533));
#1744 = CARTESIAN_POINT('',(-2.9005,1.25,3.6000035533));
#1745 = CARTESIAN_POINT('',(2.8995,-5.75,3.6000035533));
#1746 = CARTESIAN_POINT('',(2.8995,1.25,3.6000035533));
#1747 = ADVANCED_FACE('',(#1748),#1762,.F.);
#1748 = FACE_BOUND('',#1749,.T.);
#1749 = EDGE_LOOP('',(#1750,#1751,#1756,#1757));
#1750 = ORIENTED_EDGE('',*,*,#1688,.T.);
#1751 = ORIENTED_EDGE('',*,*,#1752,.T.);
#1752 = EDGE_CURVE('',#1682,#1606,#1753,.T.);
#1753 = B_SPLINE_CURVE_WITH_KNOTS('',1,(#1754,#1755),.UNSPECIFIED.,.F.,
  .F.,(2,2),(0.2,6.1),.PIECEWISE_BEZIER_KNOTS.);
#1754 = CARTESIAN_POINT('',(-0.3505,1.25,3.6000035533));
#1755 = CARTESIAN_POINT('',(-0.3505,1.25,9.5000035533));
#1756 = ORIENTED_EDGE('',*,*,#1605,.T.);
#1757 = ORIENTED_EDGE('',*,*,#1758,.F.);
#1758 = EDGE_CURVE('',#1689,#1599,#1759,.T.);
#1759 = B_SPLINE_CURVE_WITH_KNOTS('',1,(#1760,#1761),.UNSPECIFIED.,.F.,
  .F.,(2,2),(0.2,6.1),.PIECEWISE_BEZIER_KNOTS.);
#1760 = CARTESIAN_POINT('',(0.3495,1.25,3.6000035533));
#1761 = CARTESIAN_POINT('',(0.3495,1.25,9.5000035533));
#1762 = B_SPLINE_SURFACE_WITH_KNOTS('',1,1,(
    (#1763,#1764)
    ,(#1765,#1766
    )),.UNSPECIFIED.,.F.,.F.,.F.,(2,2),(2,2),(-6.1,-0.2),(-3.25,-2.55),
  .PIECEWISE_BEZIER_KNOTS.);
#1763 = CARTESIAN_POINT('',(-0.3505,1.25,9.5000035533));
#1764 = CARTESIAN_POINT('',(0.3495,1.25,9.5000035533));
#1765 = CARTESIAN_POINT('',(-0.3505,1.25,3.6000035533));
#1766 = CARTESIAN_POINT('',(0.3495,1.25,3.6000035533));
#1767 = ADVANCED_FACE('',(#1768),#1784,.F.);
#1768 = FACE_BOUND('',#1769,.T.);
#1769 = EDGE_LOOP('',(#1770,#1771,#1778,#1783));
#1770 = ORIENTED_EDGE('',*,*,#1571,.F.);
#1771 = ORIENTED_EDGE('',*,*,#1772,.F.);
#1772 = EDGE_CURVE('',#1773,#1565,#1775,.T.);
#1773 = VERTEX_POINT('',#1774);
#1774 = CARTESIAN_POINT('',(1.6995,-5.75,8.7000035533));
#1775 = B_SPLINE_CURVE_WITH_KNOTS('',1,(#1776,#1777),.UNSPECIFIED.,.F.,
  .F.,(2,2),(0.,0.8),.PIECEWISE_BEZIER_KNOTS.);
#1776 = CARTESIAN_POINT('',(1.6995,-5.75,8.7000035533));
#1777 = CARTESIAN_POINT('',(1.6995,-5.75,9.5000035533));
#1778 = ORIENTED_EDGE('',*,*,#1779,.F.);
#1779 = EDGE_CURVE('',#524,#1773,#1780,.T.);
#1780 = B_SPLINE_CURVE_WITH_KNOTS('',1,(#1781,#1782),.UNSPECIFIED.,.F.,
  .F.,(2,2),(-0.8,1.2),.PIECEWISE_BEZIER_KNOTS.);
#1781 = CARTESIAN_POINT('',(3.6995,-5.75,8.7000035533));
#1782 = CARTESIAN_POINT('',(1.6995,-5.75,8.7000035533));
#1783 = ORIENTED_EDGE('',*,*,#523,.F.);
#1784 = B_SPLINE_SURFACE_WITH_KNOTS('',1,1,(
    (#1785,#1786)
    ,(#1787,#1788
    )),.UNSPECIFIED.,.F.,.F.,.F.,(2,2),(2,2),(-0.8,0.),(5.4,7.4),
  .PIECEWISE_BEZIER_KNOTS.);
#1785 = CARTESIAN_POINT('',(1.6995,-5.75,8.7000035533));
#1786 = CARTESIAN_POINT('',(3.6995,-5.75,8.7000035533));
#1787 = CARTESIAN_POINT('',(1.6995,-5.75,9.5000035533));
#1788 = CARTESIAN_POINT('',(3.6995,-5.75,9.5000035533));
#1789 = ADVANCED_FACE('',(#1790),#1860,.F.);
#1790 = FACE_BOUND('',#1791,.T.);
#1791 = EDGE_LOOP('',(#1792,#1793,#1800,#1807,#1814,#1821,#1828,#1835,
    #1842,#1847,#1848,#1855));
#1792 = ORIENTED_EDGE('',*,*,#481,.F.);
#1793 = ORIENTED_EDGE('',*,*,#1794,.T.);
#1794 = EDGE_CURVE('',#475,#1795,#1797,.T.);
#1795 = VERTEX_POINT('',#1796);
#1796 = CARTESIAN_POINT('',(3.2995,-5.75,7.7000035533));
#1797 = B_SPLINE_CURVE_WITH_KNOTS('',1,(#1798,#1799),.UNSPECIFIED.,.F.,
  .F.,(2,2),(-7.4,-7.),.PIECEWISE_BEZIER_KNOTS.);
#1798 = CARTESIAN_POINT('',(3.6995,-5.75,7.7000035533));
#1799 = CARTESIAN_POINT('',(3.2995,-5.75,7.7000035533));
#1800 = ORIENTED_EDGE('',*,*,#1801,.T.);
#1801 = EDGE_CURVE('',#1795,#1802,#1804,.T.);
#1802 = VERTEX_POINT('',#1803);
#1803 = CARTESIAN_POINT('',(3.2995,-5.75,4.0000035533));
#1804 = B_SPLINE_CURVE_WITH_KNOTS('',1,(#1805,#1806),.UNSPECIFIED.,.F.,
  .F.,(2,2),(1.8,5.5),.PIECEWISE_BEZIER_KNOTS.);
#1805 = CARTESIAN_POINT('',(3.2995,-5.75,7.7000035533));
#1806 = CARTESIAN_POINT('',(3.2995,-5.75,4.0000035533));
#1807 = ORIENTED_EDGE('',*,*,#1808,.T.);
#1808 = EDGE_CURVE('',#1802,#1809,#1811,.T.);
#1809 = VERTEX_POINT('',#1810);
#1810 = CARTESIAN_POINT('',(-3.3005,-5.75,4.0000035533));
#1811 = B_SPLINE_CURVE_WITH_KNOTS('',1,(#1812,#1813),.UNSPECIFIED.,.F.,
  .F.,(2,2),(-7.,-0.4),.PIECEWISE_BEZIER_KNOTS.);
#1812 = CARTESIAN_POINT('',(3.2995,-5.75,4.0000035533));
#1813 = CARTESIAN_POINT('',(-3.3005,-5.75,4.0000035533));
#1814 = ORIENTED_EDGE('',*,*,#1815,.T.);
#1815 = EDGE_CURVE('',#1809,#1816,#1818,.T.);
#1816 = VERTEX_POINT('',#1817);
#1817 = CARTESIAN_POINT('',(-3.3005,-5.75,7.7000035533));
#1818 = B_SPLINE_CURVE_WITH_KNOTS('',1,(#1819,#1820),.UNSPECIFIED.,.F.,
  .F.,(2,2),(-5.5,-1.8),.PIECEWISE_BEZIER_KNOTS.);
#1819 = CARTESIAN_POINT('',(-3.3005,-5.75,4.0000035533));
#1820 = CARTESIAN_POINT('',(-3.3005,-5.75,7.7000035533));
#1821 = ORIENTED_EDGE('',*,*,#1822,.T.);
#1822 = EDGE_CURVE('',#1816,#1823,#1825,.T.);
#1823 = VERTEX_POINT('',#1824);
#1824 = CARTESIAN_POINT('',(-3.7005,-5.75,7.7000035533));
#1825 = B_SPLINE_CURVE_WITH_KNOTS('',1,(#1826,#1827),.UNSPECIFIED.,.F.,
  .F.,(2,2),(-0.4,1.7763568394E-15),.PIECEWISE_BEZIER_KNOTS.);
#1826 = CARTESIAN_POINT('',(-3.3005,-5.75,7.7000035533));
#1827 = CARTESIAN_POINT('',(-3.7005,-5.75,7.7000035533));
#1828 = ORIENTED_EDGE('',*,*,#1829,.T.);
#1829 = EDGE_CURVE('',#1823,#1830,#1832,.T.);
#1830 = VERTEX_POINT('',#1831);
#1831 = CARTESIAN_POINT('',(-3.7005,-5.75,3.4000035533));
#1832 = B_SPLINE_CURVE_WITH_KNOTS('',1,(#1833,#1834),.UNSPECIFIED.,.F.,
  .F.,(2,2),(1.8,6.1),.PIECEWISE_BEZIER_KNOTS.);
#1833 = CARTESIAN_POINT('',(-3.7005,-5.75,7.7000035533));
#1834 = CARTESIAN_POINT('',(-3.7005,-5.75,3.4000035533));
#1835 = ORIENTED_EDGE('',*,*,#1836,.T.);
#1836 = EDGE_CURVE('',#1830,#1837,#1839,.T.);
#1837 = VERTEX_POINT('',#1838);
#1838 = CARTESIAN_POINT('',(-2.9005,-5.75,3.4000035533));
#1839 = B_SPLINE_CURVE_WITH_KNOTS('',1,(#1840,#1841),.UNSPECIFIED.,.F.,
  .F.,(2,2),(0.,0.8),.PIECEWISE_BEZIER_KNOTS.);
#1840 = CARTESIAN_POINT('',(-3.7005,-5.75,3.4000035533));
#1841 = CARTESIAN_POINT('',(-2.9005,-5.75,3.4000035533));
#1842 = ORIENTED_EDGE('',*,*,#1843,.F.);
#1843 = EDGE_CURVE('',#1731,#1837,#1844,.T.);
#1844 = B_SPLINE_CURVE_WITH_KNOTS('',1,(#1845,#1846),.UNSPECIFIED.,.F.,
  .F.,(2,2),(-0.4,-0.2),.PIECEWISE_BEZIER_KNOTS.);
#1845 = CARTESIAN_POINT('',(-2.9005,-5.75,3.6000035533));
#1846 = CARTESIAN_POINT('',(-2.9005,-5.75,3.4000035533));
#1847 = ORIENTED_EDGE('',*,*,#1730,.F.);
#1848 = ORIENTED_EDGE('',*,*,#1849,.F.);
#1849 = EDGE_CURVE('',#1850,#1724,#1852,.T.);
#1850 = VERTEX_POINT('',#1851);
#1851 = CARTESIAN_POINT('',(2.8995,-5.75,3.4000035533));
#1852 = B_SPLINE_CURVE_WITH_KNOTS('',1,(#1853,#1854),.UNSPECIFIED.,.F.,
  .F.,(2,2),(0.2,0.4),.PIECEWISE_BEZIER_KNOTS.);
#1853 = CARTESIAN_POINT('',(2.8995,-5.75,3.4000035533));
#1854 = CARTESIAN_POINT('',(2.8995,-5.75,3.6000035533));
#1855 = ORIENTED_EDGE('',*,*,#1856,.T.);
#1856 = EDGE_CURVE('',#1850,#482,#1857,.T.);
#1857 = B_SPLINE_CURVE_WITH_KNOTS('',1,(#1858,#1859),.UNSPECIFIED.,.F.,
  .F.,(2,2),(6.6,7.4),.PIECEWISE_BEZIER_KNOTS.);
#1858 = CARTESIAN_POINT('',(2.8995,-5.75,3.4000035533));
#1859 = CARTESIAN_POINT('',(3.6995,-5.75,3.4000035533));
#1860 = B_SPLINE_SURFACE_WITH_KNOTS('',1,1,(
    (#1861,#1862)
    ,(#1863,#1864
    )),.UNSPECIFIED.,.F.,.F.,.F.,(2,2),(2,2),(-6.1,-1.8),(
    -1.7763568394E-15,7.4),.PIECEWISE_BEZIER_KNOTS.);
#1861 = CARTESIAN_POINT('',(-3.7005,-5.75,3.4000035533));
#1862 = CARTESIAN_POINT('',(3.6995,-5.75,3.4000035533));
#1863 = CARTESIAN_POINT('',(-3.7005,-5.75,7.7000035533));
#1864 = CARTESIAN_POINT('',(3.6995,-5.75,7.7000035533));
#1865 = ADVANCED_FACE('',(#1866),#1882,.F.);
#1866 = FACE_BOUND('',#1867,.T.);
#1867 = EDGE_LOOP('',(#1868,#1869,#1876,#1881));
#1868 = ORIENTED_EDGE('',*,*,#1856,.F.);
#1869 = ORIENTED_EDGE('',*,*,#1870,.T.);
#1870 = EDGE_CURVE('',#1850,#1871,#1873,.T.);
#1871 = VERTEX_POINT('',#1872);
#1872 = CARTESIAN_POINT('',(2.8995,5.75,3.4000035533));
#1873 = B_SPLINE_CURVE_WITH_KNOTS('',1,(#1874,#1875),.UNSPECIFIED.,.F.,
  .F.,(2,2),(-16.,-4.5),.PIECEWISE_BEZIER_KNOTS.);
#1874 = CARTESIAN_POINT('',(2.8995,-5.75,3.4000035533));
#1875 = CARTESIAN_POINT('',(2.8995,5.75,3.4000035533));
#1876 = ORIENTED_EDGE('',*,*,#1877,.F.);
#1877 = EDGE_CURVE('',#489,#1871,#1878,.T.);
#1878 = B_SPLINE_CURVE_WITH_KNOTS('',1,(#1879,#1880),.UNSPECIFIED.,.F.,
  .F.,(2,2),(-7.4,-6.6),.PIECEWISE_BEZIER_KNOTS.);
#1879 = CARTESIAN_POINT('',(3.6995,5.75,3.4000035533));
#1880 = CARTESIAN_POINT('',(2.8995,5.75,3.4000035533));
#1881 = ORIENTED_EDGE('',*,*,#488,.F.);
#1882 = B_SPLINE_SURFACE_WITH_KNOTS('',1,1,(
    (#1883,#1884)
    ,(#1885,#1886
    )),.UNSPECIFIED.,.F.,.F.,.F.,(2,2),(2,2),(2.9,3.7),(-5.75,5.75),
  .PIECEWISE_BEZIER_KNOTS.);
#1883 = CARTESIAN_POINT('',(2.8995,-5.75,3.4000035533));
#1884 = CARTESIAN_POINT('',(2.8995,5.75,3.4000035533));
#1885 = CARTESIAN_POINT('',(3.6995,-5.75,3.4000035533));
#1886 = CARTESIAN_POINT('',(3.6995,5.75,3.4000035533));
#1887 = ADVANCED_FACE('',(#1888),#1918,.F.);
#1888 = FACE_BOUND('',#1889,.T.);
#1889 = EDGE_LOOP('',(#1890,#1899,#1906,#1913));
#1890 = ORIENTED_EDGE('',*,*,#1891,.F.);
#1891 = EDGE_CURVE('',#1892,#1894,#1896,.T.);
#1892 = VERTEX_POINT('',#1893);
#1893 = CARTESIAN_POINT('',(-3.7005,5.75,6.381885537042));
#1894 = VERTEX_POINT('',#1895);
#1895 = CARTESIAN_POINT('',(-3.7005,5.75,3.4000035533));
#1896 = B_SPLINE_CURVE_WITH_KNOTS('',1,(#1897,#1898),.UNSPECIFIED.,.F.,
  .F.,(2,2),(3.118118016258,6.1),.PIECEWISE_BEZIER_KNOTS.);
#1897 = CARTESIAN_POINT('',(-3.7005,5.75,6.381885537042));
#1898 = CARTESIAN_POINT('',(-3.7005,5.75,3.4000035533));
#1899 = ORIENTED_EDGE('',*,*,#1900,.T.);
#1900 = EDGE_CURVE('',#1892,#1901,#1903,.T.);
#1901 = VERTEX_POINT('',#1902);
#1902 = CARTESIAN_POINT('',(-2.9005,5.75,6.381885537042));
#1903 = B_SPLINE_CURVE_WITH_KNOTS('',1,(#1904,#1905),.UNSPECIFIED.,.F.,
  .F.,(2,2),(0.,0.8),.PIECEWISE_BEZIER_KNOTS.);
#1904 = CARTESIAN_POINT('',(-3.7005,5.75,6.381885537042));
#1905 = CARTESIAN_POINT('',(-2.9005,5.75,6.381885537042));
#1906 = ORIENTED_EDGE('',*,*,#1907,.T.);
#1907 = EDGE_CURVE('',#1901,#1908,#1910,.T.);
#1908 = VERTEX_POINT('',#1909);
#1909 = CARTESIAN_POINT('',(-2.9005,5.75,3.4000035533));
#1910 = B_SPLINE_CURVE_WITH_KNOTS('',1,(#1911,#1912),.UNSPECIFIED.,.F.,
  .F.,(2,2),(3.118118016258,6.1),.PIECEWISE_BEZIER_KNOTS.);
#1911 = CARTESIAN_POINT('',(-2.9005,5.75,6.381885537042));
#1912 = CARTESIAN_POINT('',(-2.9005,5.75,3.4000035533));
#1913 = ORIENTED_EDGE('',*,*,#1914,.T.);
#1914 = EDGE_CURVE('',#1908,#1894,#1915,.T.);
#1915 = B_SPLINE_CURVE_WITH_KNOTS('',1,(#1916,#1917),.UNSPECIFIED.,.F.,
  .F.,(2,2),(-0.8,-0.),.PIECEWISE_BEZIER_KNOTS.);
#1916 = CARTESIAN_POINT('',(-2.9005,5.75,3.4000035533));
#1917 = CARTESIAN_POINT('',(-3.7005,5.75,3.4000035533));
#1918 = B_SPLINE_SURFACE_WITH_KNOTS('',1,1,(
    (#1919,#1920)
    ,(#1921,#1922
    )),.UNSPECIFIED.,.F.,.F.,.F.,(2,2),(2,2),(3.118118016258,6.1),(
    -3.552713678801E-15,0.8),.PIECEWISE_BEZIER_KNOTS.);
#1919 = CARTESIAN_POINT('',(-3.7005,5.75,6.381885537042));
#1920 = CARTESIAN_POINT('',(-2.9005,5.75,6.381885537042));
#1921 = CARTESIAN_POINT('',(-3.7005,5.75,3.4000035533));
#1922 = CARTESIAN_POINT('',(-2.9005,5.75,3.4000035533));
#1923 = ADVANCED_FACE('',(#1924),#1940,.F.);
#1924 = FACE_BOUND('',#1925,.T.);
#1925 = EDGE_LOOP('',(#1926,#1933,#1938,#1939));
#1926 = ORIENTED_EDGE('',*,*,#1927,.T.);
#1927 = EDGE_CURVE('',#1871,#1928,#1930,.T.);
#1928 = VERTEX_POINT('',#1929);
#1929 = CARTESIAN_POINT('',(2.8995,5.75,6.381885537042));
#1930 = B_SPLINE_CURVE_WITH_KNOTS('',1,(#1931,#1932),.UNSPECIFIED.,.F.,
  .F.,(2,2),(-6.1,-3.118118016258),.PIECEWISE_BEZIER_KNOTS.);
#1931 = CARTESIAN_POINT('',(2.8995,5.75,3.4000035533));
#1932 = CARTESIAN_POINT('',(2.8995,5.75,6.381885537042));
#1933 = ORIENTED_EDGE('',*,*,#1934,.T.);
#1934 = EDGE_CURVE('',#1928,#496,#1935,.T.);
#1935 = B_SPLINE_CURVE_WITH_KNOTS('',1,(#1936,#1937),.UNSPECIFIED.,.F.,
  .F.,(2,2),(6.6,7.4),.PIECEWISE_BEZIER_KNOTS.);
#1936 = CARTESIAN_POINT('',(2.8995,5.75,6.381885537042));
#1937 = CARTESIAN_POINT('',(3.6995,5.75,6.381885537042));
#1938 = ORIENTED_EDGE('',*,*,#495,.T.);
#1939 = ORIENTED_EDGE('',*,*,#1877,.T.);
#1940 = B_SPLINE_SURFACE_WITH_KNOTS('',1,1,(
    (#1941,#1942)
    ,(#1943,#1944
    )),.UNSPECIFIED.,.F.,.F.,.F.,(2,2),(2,2),(3.118118016258,6.1),(6.6,
    7.4),.PIECEWISE_BEZIER_KNOTS.);
#1941 = CARTESIAN_POINT('',(2.8995,5.75,6.381885537042));
#1942 = CARTESIAN_POINT('',(3.6995,5.75,6.381885537042));
#1943 = CARTESIAN_POINT('',(2.8995,5.75,3.4000035533));
#1944 = CARTESIAN_POINT('',(3.6995,5.75,3.4000035533));
#1945 = ADVANCED_FACE('',(#1946),#1989,.F.);
#1946 = FACE_BOUND('',#1947,.T.);
#1947 = EDGE_LOOP('',(#1948,#1949,#1956,#1964,#1971,#1976,#1977,#1978,
    #1983,#1984));
#1948 = ORIENTED_EDGE('',*,*,#1829,.F.);
#1949 = ORIENTED_EDGE('',*,*,#1950,.T.);
#1950 = EDGE_CURVE('',#1823,#1951,#1953,.T.);
#1951 = VERTEX_POINT('',#1952);
#1952 = CARTESIAN_POINT('',(-3.7005,-2.25,7.7000035533));
#1953 = B_SPLINE_CURVE_WITH_KNOTS('',1,(#1954,#1955),.UNSPECIFIED.,.F.,
  .F.,(2,2),(3.5,7.),.PIECEWISE_BEZIER_KNOTS.);
#1954 = CARTESIAN_POINT('',(-3.7005,-5.75,7.7000035533));
#1955 = CARTESIAN_POINT('',(-3.7005,-2.25,7.7000035533));
#1956 = ORIENTED_EDGE('',*,*,#1957,.T.);
#1957 = EDGE_CURVE('',#1951,#1958,#1960,.T.);
#1958 = VERTEX_POINT('',#1959);
#1959 = CARTESIAN_POINT('',(-3.7005,-3.25,8.7000035533));
#1960 = ( BOUNDED_CURVE() B_SPLINE_CURVE(2,(#1961,#1962,#1963),
.UNSPECIFIED.,.F.,.F.) B_SPLINE_CURVE_WITH_KNOTS((3,3),(0.,
1.570796326795),.PIECEWISE_BEZIER_KNOTS.) CURVE() 
GEOMETRIC_REPRESENTATION_ITEM() RATIONAL_B_SPLINE_CURVE((1.,
0.707106781187,1.)) REPRESENTATION_ITEM('') );
#1961 = CARTESIAN_POINT('',(-3.7005,-2.25,7.7000035533));
#1962 = CARTESIAN_POINT('',(-3.7005,-2.25,8.7000035533));
#1963 = CARTESIAN_POINT('',(-3.7005,-3.25,8.7000035533));
#1964 = ORIENTED_EDGE('',*,*,#1965,.T.);
#1965 = EDGE_CURVE('',#1958,#1966,#1968,.T.);
#1966 = VERTEX_POINT('',#1967);
#1967 = CARTESIAN_POINT('',(-3.7005,-5.75,8.7000035533));
#1968 = B_SPLINE_CURVE_WITH_KNOTS('',1,(#1969,#1970),.UNSPECIFIED.,.F.,
  .F.,(2,2),(-6.,-3.5),.PIECEWISE_BEZIER_KNOTS.);
#1969 = CARTESIAN_POINT('',(-3.7005,-3.25,8.7000035533));
#1970 = CARTESIAN_POINT('',(-3.7005,-5.75,8.7000035533));
#1971 = ORIENTED_EDGE('',*,*,#1972,.F.);
#1972 = EDGE_CURVE('',#1493,#1966,#1973,.T.);
#1973 = B_SPLINE_CURVE_WITH_KNOTS('',1,(#1974,#1975),.UNSPECIFIED.,.F.,
  .F.,(2,2),(-0.,0.8),.PIECEWISE_BEZIER_KNOTS.);
#1974 = CARTESIAN_POINT('',(-3.7005,-5.75,9.5000035533));
#1975 = CARTESIAN_POINT('',(-3.7005,-5.75,8.7000035533));
#1976 = ORIENTED_EDGE('',*,*,#1492,.F.);
#1977 = ORIENTED_EDGE('',*,*,#1653,.T.);
#1978 = ORIENTED_EDGE('',*,*,#1979,.T.);
#1979 = EDGE_CURVE('',#1647,#1892,#1980,.T.);
#1980 = B_SPLINE_CURVE_WITH_KNOTS('',1,(#1981,#1982),.UNSPECIFIED.,.F.,
  .F.,(2,2),(0.,4.853406342049),.PIECEWISE_BEZIER_KNOTS.);
#1981 = CARTESIAN_POINT('',(-3.7005,1.25,8.2000035533));
#1982 = CARTESIAN_POINT('',(-3.7005,5.75,6.381885537042));
#1983 = ORIENTED_EDGE('',*,*,#1891,.T.);
#1984 = ORIENTED_EDGE('',*,*,#1985,.T.);
#1985 = EDGE_CURVE('',#1894,#1830,#1986,.T.);
#1986 = B_SPLINE_CURVE_WITH_KNOTS('',1,(#1987,#1988),.UNSPECIFIED.,.F.,
  .F.,(2,2),(0.,11.5),.PIECEWISE_BEZIER_KNOTS.);
#1987 = CARTESIAN_POINT('',(-3.7005,5.75,3.4000035533));
#1988 = CARTESIAN_POINT('',(-3.7005,-5.75,3.4000035533));
#1989 = B_SPLINE_SURFACE_WITH_KNOTS('',1,1,(
    (#1990,#1991)
    ,(#1992,#1993
    )),.UNSPECIFIED.,.F.,.F.,.F.,(2,2),(2,2),(-11.5,0.),(-6.1,0.),
  .PIECEWISE_BEZIER_KNOTS.);
#1990 = CARTESIAN_POINT('',(-3.7005,-5.75,3.4000035533));
#1991 = CARTESIAN_POINT('',(-3.7005,-5.75,9.5000035533));
#1992 = CARTESIAN_POINT('',(-3.7005,5.75,3.4000035533));
#1993 = CARTESIAN_POINT('',(-3.7005,5.75,9.5000035533));
#1994 = ADVANCED_FACE('',(#1995),#2011,.F.);
#1995 = FACE_BOUND('',#1996,.T.);
#1996 = EDGE_LOOP('',(#1997,#2004,#2009,#2010));
#1997 = ORIENTED_EDGE('',*,*,#1998,.F.);
#1998 = EDGE_CURVE('',#1999,#1966,#2001,.T.);
#1999 = VERTEX_POINT('',#2000);
#2000 = CARTESIAN_POINT('',(-1.7005,-5.75,8.7000035533));
#2001 = B_SPLINE_CURVE_WITH_KNOTS('',1,(#2002,#2003),.UNSPECIFIED.,.F.,
  .F.,(2,2),(4.6,6.6),.PIECEWISE_BEZIER_KNOTS.);
#2002 = CARTESIAN_POINT('',(-1.7005,-5.75,8.7000035533));
#2003 = CARTESIAN_POINT('',(-3.7005,-5.75,8.7000035533));
#2004 = ORIENTED_EDGE('',*,*,#2005,.T.);
#2005 = EDGE_CURVE('',#1999,#1500,#2006,.T.);
#2006 = B_SPLINE_CURVE_WITH_KNOTS('',1,(#2007,#2008),.UNSPECIFIED.,.F.,
  .F.,(2,2),(0.,0.8),.PIECEWISE_BEZIER_KNOTS.);
#2007 = CARTESIAN_POINT('',(-1.7005,-5.75,8.7000035533));
#2008 = CARTESIAN_POINT('',(-1.7005,-5.75,9.5000035533));
#2009 = ORIENTED_EDGE('',*,*,#1499,.F.);
#2010 = ORIENTED_EDGE('',*,*,#1972,.T.);
#2011 = B_SPLINE_SURFACE_WITH_KNOTS('',1,1,(
    (#2012,#2013)
    ,(#2014,#2015
    )),.UNSPECIFIED.,.F.,.F.,.F.,(2,2),(2,2),(-0.8,0.),(
    -1.7763568394E-15,2.),.PIECEWISE_BEZIER_KNOTS.);
#2012 = CARTESIAN_POINT('',(-3.7005,-5.75,8.7000035533));
#2013 = CARTESIAN_POINT('',(-1.7005,-5.75,8.7000035533));
#2014 = CARTESIAN_POINT('',(-3.7005,-5.75,9.5000035533));
#2015 = CARTESIAN_POINT('',(-1.7005,-5.75,9.5000035533));
#2016 = ADVANCED_FACE('',(#2017),#2027,.F.);
#2017 = FACE_BOUND('',#2018,.T.);
#2018 = EDGE_LOOP('',(#2019,#2024,#2025,#2026));
#2019 = ORIENTED_EDGE('',*,*,#2020,.T.);
#2020 = EDGE_CURVE('',#1908,#1837,#2021,.T.);
#2021 = B_SPLINE_CURVE_WITH_KNOTS('',1,(#2022,#2023),.UNSPECIFIED.,.F.,
  .F.,(2,2),(-5.75,5.75),.PIECEWISE_BEZIER_KNOTS.);
#2022 = CARTESIAN_POINT('',(-2.9005,5.75,3.4000035533));
#2023 = CARTESIAN_POINT('',(-2.9005,-5.75,3.4000035533));
#2024 = ORIENTED_EDGE('',*,*,#1836,.F.);
#2025 = ORIENTED_EDGE('',*,*,#1985,.F.);
#2026 = ORIENTED_EDGE('',*,*,#1914,.F.);
#2027 = B_SPLINE_SURFACE_WITH_KNOTS('',1,1,(
    (#2028,#2029)
    ,(#2030,#2031
    )),.UNSPECIFIED.,.F.,.F.,.F.,(2,2),(2,2),(-3.7,-2.9),(-5.75,5.75),
  .PIECEWISE_BEZIER_KNOTS.);
#2028 = CARTESIAN_POINT('',(-3.7005,-5.75,3.4000035533));
#2029 = CARTESIAN_POINT('',(-3.7005,5.75,3.4000035533));
#2030 = CARTESIAN_POINT('',(-2.9005,-5.75,3.4000035533));
#2031 = CARTESIAN_POINT('',(-2.9005,5.75,3.4000035533));
#2032 = ADVANCED_FACE('',(#2033),#2045,.F.);
#2033 = FACE_BOUND('',#2034,.T.);
#2034 = EDGE_LOOP('',(#2035,#2036,#2041,#2042,#2043,#2044));
#2035 = ORIENTED_EDGE('',*,*,#1907,.F.);
#2036 = ORIENTED_EDGE('',*,*,#2037,.T.);
#2037 = EDGE_CURVE('',#1901,#1640,#2038,.T.);
#2038 = B_SPLINE_CURVE_WITH_KNOTS('',1,(#2039,#2040),.UNSPECIFIED.,.F.,
  .F.,(2,2),(5.289359997448,10.142766339497),.PIECEWISE_BEZIER_KNOTS.);
#2039 = CARTESIAN_POINT('',(-2.9005,5.75,6.381885537042));
#2040 = CARTESIAN_POINT('',(-2.9005,1.25,8.2000035533));
#2041 = ORIENTED_EDGE('',*,*,#1639,.F.);
#2042 = ORIENTED_EDGE('',*,*,#1737,.T.);
#2043 = ORIENTED_EDGE('',*,*,#1843,.T.);
#2044 = ORIENTED_EDGE('',*,*,#2020,.F.);
#2045 = B_SPLINE_SURFACE_WITH_KNOTS('',1,1,(
    (#2046,#2047)
    ,(#2048,#2049
    )),.UNSPECIFIED.,.F.,.F.,.F.,(2,2),(2,2),(0.,4.8),(-16.,-4.5),
  .PIECEWISE_BEZIER_KNOTS.);
#2046 = CARTESIAN_POINT('',(-2.9005,-5.75,3.4000035533));
#2047 = CARTESIAN_POINT('',(-2.9005,5.75,3.4000035533));
#2048 = CARTESIAN_POINT('',(-2.9005,-5.75,8.2000035533));
#2049 = CARTESIAN_POINT('',(-2.9005,5.75,8.2000035533));
#2050 = ADVANCED_FACE('',(#2051),#2069,.F.);
#2051 = FACE_BOUND('',#2052,.T.);
#2052 = EDGE_LOOP('',(#2053,#2060,#2065,#2066,#2067,#2068));
#2053 = ORIENTED_EDGE('',*,*,#2054,.T.);
#2054 = EDGE_CURVE('',#1717,#2055,#2057,.T.);
#2055 = VERTEX_POINT('',#2056);
#2056 = CARTESIAN_POINT('',(2.8995,1.25,8.2000035533));
#2057 = B_SPLINE_CURVE_WITH_KNOTS('',1,(#2058,#2059),.UNSPECIFIED.,.F.,
  .F.,(2,2),(0.2,4.8),.PIECEWISE_BEZIER_KNOTS.);
#2058 = CARTESIAN_POINT('',(2.8995,1.25,3.6000035533));
#2059 = CARTESIAN_POINT('',(2.8995,1.25,8.2000035533));
#2060 = ORIENTED_EDGE('',*,*,#2061,.T.);
#2061 = EDGE_CURVE('',#2055,#1928,#2062,.T.);
#2062 = B_SPLINE_CURVE_WITH_KNOTS('',1,(#2063,#2064),.UNSPECIFIED.,.F.,
  .F.,(2,2),(-10.14276633949,-5.289359997448),.PIECEWISE_BEZIER_KNOTS.);
#2063 = CARTESIAN_POINT('',(2.8995,1.25,8.2000035533));
#2064 = CARTESIAN_POINT('',(2.8995,5.75,6.381885537042));
#2065 = ORIENTED_EDGE('',*,*,#1927,.F.);
#2066 = ORIENTED_EDGE('',*,*,#1870,.F.);
#2067 = ORIENTED_EDGE('',*,*,#1849,.T.);
#2068 = ORIENTED_EDGE('',*,*,#1723,.F.);
#2069 = B_SPLINE_SURFACE_WITH_KNOTS('',1,1,(
    (#2070,#2071)
    ,(#2072,#2073
    )),.UNSPECIFIED.,.F.,.F.,.F.,(2,2),(2,2),(-4.8,0.),(-16.,-4.5),
  .PIECEWISE_BEZIER_KNOTS.);
#2070 = CARTESIAN_POINT('',(2.8995,-5.75,8.2000035533));
#2071 = CARTESIAN_POINT('',(2.8995,5.75,8.2000035533));
#2072 = CARTESIAN_POINT('',(2.8995,-5.75,3.4000035533));
#2073 = CARTESIAN_POINT('',(2.8995,5.75,3.4000035533));
#2074 = ADVANCED_FACE('',(#2075),#2091,.F.);
#2075 = FACE_BOUND('',#2076,.T.);
#2076 = EDGE_LOOP('',(#2077,#2078,#2083,#2084,#2085,#2090));
#2077 = ORIENTED_EDGE('',*,*,#1716,.T.);
#2078 = ORIENTED_EDGE('',*,*,#2079,.T.);
#2079 = EDGE_CURVE('',#1710,#1578,#2080,.T.);
#2080 = B_SPLINE_CURVE_WITH_KNOTS('',1,(#2081,#2082),.UNSPECIFIED.,.F.,
  .F.,(2,2),(0.2,6.1),.PIECEWISE_BEZIER_KNOTS.);
#2081 = CARTESIAN_POINT('',(2.1495,1.25,3.6000035533));
#2082 = CARTESIAN_POINT('',(2.1495,1.25,9.5000035533));
#2083 = ORIENTED_EDGE('',*,*,#1577,.T.);
#2084 = ORIENTED_EDGE('',*,*,#509,.T.);
#2085 = ORIENTED_EDGE('',*,*,#2086,.F.);
#2086 = EDGE_CURVE('',#2055,#503,#2087,.T.);
#2087 = B_SPLINE_CURVE_WITH_KNOTS('',1,(#2088,#2089),.UNSPECIFIED.,.F.,
  .F.,(2,2),(6.6,7.4),.PIECEWISE_BEZIER_KNOTS.);
#2088 = CARTESIAN_POINT('',(2.8995,1.25,8.2000035533));
#2089 = CARTESIAN_POINT('',(3.6995,1.25,8.2000035533));
#2090 = ORIENTED_EDGE('',*,*,#2054,.F.);
#2091 = B_SPLINE_SURFACE_WITH_KNOTS('',1,1,(
    (#2092,#2093)
    ,(#2094,#2095
    )),.UNSPECIFIED.,.F.,.F.,.F.,(2,2),(2,2),(-6.1,-0.2),(-0.75,0.8),
  .PIECEWISE_BEZIER_KNOTS.);
#2092 = CARTESIAN_POINT('',(2.1495,1.25,9.5000035533));
#2093 = CARTESIAN_POINT('',(3.6995,1.25,9.5000035533));
#2094 = CARTESIAN_POINT('',(2.1495,1.25,3.6000035533));
#2095 = CARTESIAN_POINT('',(3.6995,1.25,3.6000035533));
#2096 = ADVANCED_FACE('',(#2097),#2127,.F.);
#2097 = FACE_BOUND('',#2098,.T.);
#2098 = EDGE_LOOP('',(#2099,#2108,#2115,#2122));
#2099 = ORIENTED_EDGE('',*,*,#2100,.T.);
#2100 = EDGE_CURVE('',#2101,#2103,#2105,.T.);
#2101 = VERTEX_POINT('',#2102);
#2102 = CARTESIAN_POINT('',(-2.9005,-0.25,4.4000035533));
#2103 = VERTEX_POINT('',#2104);
#2104 = CARTESIAN_POINT('',(-2.9005,-5.35,4.4000035533));
#2105 = B_SPLINE_CURVE_WITH_KNOTS('',1,(#2106,#2107),.UNSPECIFIED.,.F.,
  .F.,(2,2),(-0.,5.1),.PIECEWISE_BEZIER_KNOTS.);
#2106 = CARTESIAN_POINT('',(-2.9005,-0.25,4.4000035533));
#2107 = CARTESIAN_POINT('',(-2.9005,-5.35,4.4000035533));
#2108 = ORIENTED_EDGE('',*,*,#2109,.T.);
#2109 = EDGE_CURVE('',#2103,#2110,#2112,.T.);
#2110 = VERTEX_POINT('',#2111);
#2111 = CARTESIAN_POINT('',(2.8995,-5.35,4.4000035533));
#2112 = B_SPLINE_CURVE_WITH_KNOTS('',1,(#2113,#2114),.UNSPECIFIED.,.F.,
  .F.,(2,2),(0.,5.8),.PIECEWISE_BEZIER_KNOTS.);
#2113 = CARTESIAN_POINT('',(-2.9005,-5.35,4.4000035533));
#2114 = CARTESIAN_POINT('',(2.8995,-5.35,4.4000035533));
#2115 = ORIENTED_EDGE('',*,*,#2116,.F.);
#2116 = EDGE_CURVE('',#2117,#2110,#2119,.T.);
#2117 = VERTEX_POINT('',#2118);
#2118 = CARTESIAN_POINT('',(2.8995,-0.25,4.4000035533));
#2119 = B_SPLINE_CURVE_WITH_KNOTS('',1,(#2120,#2121),.UNSPECIFIED.,.F.,
  .F.,(2,2),(-0.,5.1),.PIECEWISE_BEZIER_KNOTS.);
#2120 = CARTESIAN_POINT('',(2.8995,-0.25,4.4000035533));
#2121 = CARTESIAN_POINT('',(2.8995,-5.35,4.4000035533));
#2122 = ORIENTED_EDGE('',*,*,#2123,.F.);
#2123 = EDGE_CURVE('',#2101,#2117,#2124,.T.);
#2124 = B_SPLINE_CURVE_WITH_KNOTS('',1,(#2125,#2126),.UNSPECIFIED.,.F.,
  .F.,(2,2),(0.,5.8),.PIECEWISE_BEZIER_KNOTS.);
#2125 = CARTESIAN_POINT('',(-2.9005,-0.25,4.4000035533));
#2126 = CARTESIAN_POINT('',(2.8995,-0.25,4.4000035533));
#2127 = B_SPLINE_SURFACE_WITH_KNOTS('',1,1,(
    (#2128,#2129)
    ,(#2130,#2131
    )),.UNSPECIFIED.,.F.,.F.,.F.,(2,2),(2,2),(-5.8,0.),(-5.1,0.),
  .PIECEWISE_BEZIER_KNOTS.);
#2128 = CARTESIAN_POINT('',(2.8995,-5.35,4.4000035533));
#2129 = CARTESIAN_POINT('',(2.8995,-0.25,4.4000035533));
#2130 = CARTESIAN_POINT('',(-2.9005,-5.35,4.4000035533));
#2131 = CARTESIAN_POINT('',(-2.9005,-0.25,4.4000035533));
#2132 = ADVANCED_FACE('',(#2133),#2170,.F.);
#2133 = FACE_BOUND('',#2134,.T.);
#2134 = EDGE_LOOP('',(#2135,#2145,#2152,#2157,#2158,#2165));
#2135 = ORIENTED_EDGE('',*,*,#2136,.T.);
#2136 = EDGE_CURVE('',#2137,#2139,#2141,.T.);
#2137 = VERTEX_POINT('',#2138);
#2138 = CARTESIAN_POINT('',(-2.9005,-3.25,8.7000035533));
#2139 = VERTEX_POINT('',#2140);
#2140 = CARTESIAN_POINT('',(-2.9005,-2.25,7.7000035533));
#2141 = ( BOUNDED_CURVE() B_SPLINE_CURVE(2,(#2142,#2143,#2144),
.UNSPECIFIED.,.F.,.F.) B_SPLINE_CURVE_WITH_KNOTS((3,3),(0.,
1.570796326795),.PIECEWISE_BEZIER_KNOTS.) CURVE() 
GEOMETRIC_REPRESENTATION_ITEM() RATIONAL_B_SPLINE_CURVE((1.,
0.707106781187,1.)) REPRESENTATION_ITEM('') );
#2142 = CARTESIAN_POINT('',(-2.9005,-3.25,8.7000035533));
#2143 = CARTESIAN_POINT('',(-2.9005,-2.25,8.7000035533));
#2144 = CARTESIAN_POINT('',(-2.9005,-2.25,7.7000035533));
#2145 = ORIENTED_EDGE('',*,*,#2146,.T.);
#2146 = EDGE_CURVE('',#2139,#2147,#2149,.T.);
#2147 = VERTEX_POINT('',#2148);
#2148 = CARTESIAN_POINT('',(-2.9005,-5.35,7.7000035533));
#2149 = B_SPLINE_CURVE_WITH_KNOTS('',1,(#2150,#2151),.UNSPECIFIED.,.F.,
  .F.,(2,2),(2.,5.1),.PIECEWISE_BEZIER_KNOTS.);
#2150 = CARTESIAN_POINT('',(-2.9005,-2.25,7.7000035533));
#2151 = CARTESIAN_POINT('',(-2.9005,-5.35,7.7000035533));
#2152 = ORIENTED_EDGE('',*,*,#2153,.T.);
#2153 = EDGE_CURVE('',#2147,#2103,#2154,.T.);
#2154 = B_SPLINE_CURVE_WITH_KNOTS('',1,(#2155,#2156),.UNSPECIFIED.,.F.,
  .F.,(2,2),(1.,4.3),.PIECEWISE_BEZIER_KNOTS.);
#2155 = CARTESIAN_POINT('',(-2.9005,-5.35,7.7000035533));
#2156 = CARTESIAN_POINT('',(-2.9005,-5.35,4.4000035533));
#2157 = ORIENTED_EDGE('',*,*,#2100,.F.);
#2158 = ORIENTED_EDGE('',*,*,#2159,.F.);
#2159 = EDGE_CURVE('',#2160,#2101,#2162,.T.);
#2160 = VERTEX_POINT('',#2161);
#2161 = CARTESIAN_POINT('',(-2.9005,-0.25,8.7000035533));
#2162 = B_SPLINE_CURVE_WITH_KNOTS('',1,(#2163,#2164),.UNSPECIFIED.,.F.,
  .F.,(2,2),(0.,4.3),.PIECEWISE_BEZIER_KNOTS.);
#2163 = CARTESIAN_POINT('',(-2.9005,-0.25,8.7000035533));
#2164 = CARTESIAN_POINT('',(-2.9005,-0.25,4.4000035533));
#2165 = ORIENTED_EDGE('',*,*,#2166,.T.);
#2166 = EDGE_CURVE('',#2160,#2137,#2167,.T.);
#2167 = B_SPLINE_CURVE_WITH_KNOTS('',1,(#2168,#2169),.UNSPECIFIED.,.F.,
  .F.,(2,2),(-0.,3.),.PIECEWISE_BEZIER_KNOTS.);
#2168 = CARTESIAN_POINT('',(-2.9005,-0.25,8.7000035533));
#2169 = CARTESIAN_POINT('',(-2.9005,-3.25,8.7000035533));
#2170 = B_SPLINE_SURFACE_WITH_KNOTS('',1,1,(
    (#2171,#2172)
    ,(#2173,#2174
    )),.UNSPECIFIED.,.F.,.F.,.F.,(2,2),(2,2),(-4.3,0.),(-5.1,0.),
  .PIECEWISE_BEZIER_KNOTS.);
#2171 = CARTESIAN_POINT('',(-2.9005,-5.35,4.4000035533));
#2172 = CARTESIAN_POINT('',(-2.9005,-0.25,4.4000035533));
#2173 = CARTESIAN_POINT('',(-2.9005,-5.35,8.7000035533));
#2174 = CARTESIAN_POINT('',(-2.9005,-0.25,8.7000035533));
#2175 = ADVANCED_FACE('',(#2176),#2270,.F.);
#2176 = FACE_BOUND('',#2177,.T.);
#2177 = EDGE_LOOP('',(#2178,#2187,#2195,#2202,#2209,#2214,#2215,#2216,
    #2221,#2222,#2229,#2236,#2241,#2242,#2243,#2250,#2257,#2264));
#2178 = ORIENTED_EDGE('',*,*,#2179,.T.);
#2179 = EDGE_CURVE('',#2180,#2182,#2184,.T.);
#2180 = VERTEX_POINT('',#2181);
#2181 = CARTESIAN_POINT('',(1.2995,-1.95,8.7000035533));
#2182 = VERTEX_POINT('',#2183);
#2183 = CARTESIAN_POINT('',(-1.3005,-1.95,8.7000035533));
#2184 = B_SPLINE_CURVE_WITH_KNOTS('',1,(#2185,#2186),.UNSPECIFIED.,.F.,
  .F.,(2,2),(8.373608453858E-32,2.6),.PIECEWISE_BEZIER_KNOTS.);
#2185 = CARTESIAN_POINT('',(1.2995,-1.95,8.7000035533));
#2186 = CARTESIAN_POINT('',(-1.3005,-1.95,8.7000035533));
#2187 = ORIENTED_EDGE('',*,*,#2188,.T.);
#2188 = EDGE_CURVE('',#2182,#2189,#2191,.T.);
#2189 = VERTEX_POINT('',#2190);
#2190 = CARTESIAN_POINT('',(-1.7005,-2.35,8.7000035533));
#2191 = ( BOUNDED_CURVE() B_SPLINE_CURVE(2,(#2192,#2193,#2194),
.UNSPECIFIED.,.F.,.F.) B_SPLINE_CURVE_WITH_KNOTS((3,3),(4.712388980385,
6.28318530718),.PIECEWISE_BEZIER_KNOTS.) CURVE() 
GEOMETRIC_REPRESENTATION_ITEM() RATIONAL_B_SPLINE_CURVE((1.,
0.707106781187,1.)) REPRESENTATION_ITEM('') );
#2192 = CARTESIAN_POINT('',(-1.3005,-1.95,8.7000035533));
#2193 = CARTESIAN_POINT('',(-1.7005,-1.95,8.7000035533));
#2194 = CARTESIAN_POINT('',(-1.7005,-2.35,8.7000035533));
#2195 = ORIENTED_EDGE('',*,*,#2196,.T.);
#2196 = EDGE_CURVE('',#2189,#2197,#2199,.T.);
#2197 = VERTEX_POINT('',#2198);
#2198 = CARTESIAN_POINT('',(-1.7005,-4.55,8.7000035533));
#2199 = B_SPLINE_CURVE_WITH_KNOTS('',1,(#2200,#2201),.UNSPECIFIED.,.F.,
  .F.,(2,2),(-2.2,1.313134052991E-31),.PIECEWISE_BEZIER_KNOTS.);
#2200 = CARTESIAN_POINT('',(-1.7005,-2.35,8.7000035533));
#2201 = CARTESIAN_POINT('',(-1.7005,-4.55,8.7000035533));
#2202 = ORIENTED_EDGE('',*,*,#2203,.T.);
#2203 = EDGE_CURVE('',#2197,#2204,#2206,.T.);
#2204 = VERTEX_POINT('',#2205);
#2205 = CARTESIAN_POINT('',(-1.4005,-4.85,8.7000035533));
#2206 = B_SPLINE_CURVE_WITH_KNOTS('',1,(#2207,#2208),.UNSPECIFIED.,.F.,
  .F.,(2,2),(-0.424264068712,0.),.PIECEWISE_BEZIER_KNOTS.);
#2207 = CARTESIAN_POINT('',(-1.7005,-4.55,8.7000035533));
#2208 = CARTESIAN_POINT('',(-1.4005,-4.85,8.7000035533));
#2209 = ORIENTED_EDGE('',*,*,#2210,.T.);
#2210 = EDGE_CURVE('',#2204,#1999,#2211,.T.);
#2211 = B_SPLINE_CURVE_WITH_KNOTS('',1,(#2212,#2213),.UNSPECIFIED.,.F.,
  .F.,(2,2),(-0.948683298051,-0.),.PIECEWISE_BEZIER_KNOTS.);
#2212 = CARTESIAN_POINT('',(-1.4005,-4.85,8.7000035533));
#2213 = CARTESIAN_POINT('',(-1.7005,-5.75,8.7000035533));
#2214 = ORIENTED_EDGE('',*,*,#1998,.T.);
#2215 = ORIENTED_EDGE('',*,*,#1965,.F.);
#2216 = ORIENTED_EDGE('',*,*,#2217,.T.);
#2217 = EDGE_CURVE('',#1958,#2137,#2218,.T.);
#2218 = B_SPLINE_CURVE_WITH_KNOTS('',1,(#2219,#2220),.UNSPECIFIED.,.F.,
  .F.,(2,2),(0.,0.8),.PIECEWISE_BEZIER_KNOTS.);
#2219 = CARTESIAN_POINT('',(-3.7005,-3.25,8.7000035533));
#2220 = CARTESIAN_POINT('',(-2.9005,-3.25,8.7000035533));
#2221 = ORIENTED_EDGE('',*,*,#2166,.F.);
#2222 = ORIENTED_EDGE('',*,*,#2223,.F.);
#2223 = EDGE_CURVE('',#2224,#2160,#2226,.T.);
#2224 = VERTEX_POINT('',#2225);
#2225 = CARTESIAN_POINT('',(2.8995,-0.25,8.7000035533));
#2226 = B_SPLINE_CURVE_WITH_KNOTS('',1,(#2227,#2228),.UNSPECIFIED.,.F.,
  .F.,(2,2),(0.,5.8),.PIECEWISE_BEZIER_KNOTS.);
#2227 = CARTESIAN_POINT('',(2.8995,-0.25,8.7000035533));
#2228 = CARTESIAN_POINT('',(-2.9005,-0.25,8.7000035533));
#2229 = ORIENTED_EDGE('',*,*,#2230,.T.);
#2230 = EDGE_CURVE('',#2224,#2231,#2233,.T.);
#2231 = VERTEX_POINT('',#2232);
#2232 = CARTESIAN_POINT('',(2.8995,-3.25,8.7000035533));
#2233 = B_SPLINE_CURVE_WITH_KNOTS('',1,(#2234,#2235),.UNSPECIFIED.,.F.,
  .F.,(2,2),(-0.,3.),.PIECEWISE_BEZIER_KNOTS.);
#2234 = CARTESIAN_POINT('',(2.8995,-0.25,8.7000035533));
#2235 = CARTESIAN_POINT('',(2.8995,-3.25,8.7000035533));
#2236 = ORIENTED_EDGE('',*,*,#2237,.T.);
#2237 = EDGE_CURVE('',#2231,#467,#2238,.T.);
#2238 = B_SPLINE_CURVE_WITH_KNOTS('',1,(#2239,#2240),.UNSPECIFIED.,.F.,
  .F.,(2,2),(6.6,7.4),.PIECEWISE_BEZIER_KNOTS.);
#2239 = CARTESIAN_POINT('',(2.8995,-3.25,8.7000035533));
#2240 = CARTESIAN_POINT('',(3.6995,-3.25,8.7000035533));
#2241 = ORIENTED_EDGE('',*,*,#530,.T.);
#2242 = ORIENTED_EDGE('',*,*,#1779,.T.);
#2243 = ORIENTED_EDGE('',*,*,#2244,.T.);
#2244 = EDGE_CURVE('',#1773,#2245,#2247,.T.);
#2245 = VERTEX_POINT('',#2246);
#2246 = CARTESIAN_POINT('',(1.3995,-4.85,8.7000035533));
#2247 = B_SPLINE_CURVE_WITH_KNOTS('',1,(#2248,#2249),.UNSPECIFIED.,.F.,
  .F.,(2,2),(0.,0.948683298051),.PIECEWISE_BEZIER_KNOTS.);
#2248 = CARTESIAN_POINT('',(1.6995,-5.75,8.7000035533));
#2249 = CARTESIAN_POINT('',(1.3995,-4.85,8.7000035533));
#2250 = ORIENTED_EDGE('',*,*,#2251,.T.);
#2251 = EDGE_CURVE('',#2245,#2252,#2254,.T.);
#2252 = VERTEX_POINT('',#2253);
#2253 = CARTESIAN_POINT('',(1.6995,-4.55,8.7000035533));
#2254 = B_SPLINE_CURVE_WITH_KNOTS('',1,(#2255,#2256),.UNSPECIFIED.,.F.,
  .F.,(2,2),(3.140184917368E-16,0.424264068712),
  .PIECEWISE_BEZIER_KNOTS.);
#2255 = CARTESIAN_POINT('',(1.3995,-4.85,8.7000035533));
#2256 = CARTESIAN_POINT('',(1.6995,-4.55,8.7000035533));
#2257 = ORIENTED_EDGE('',*,*,#2258,.T.);
#2258 = EDGE_CURVE('',#2252,#2259,#2261,.T.);
#2259 = VERTEX_POINT('',#2260);
#2260 = CARTESIAN_POINT('',(1.6995,-2.35,8.7000035533));
#2261 = B_SPLINE_CURVE_WITH_KNOTS('',1,(#2262,#2263),.UNSPECIFIED.,.F.,
  .F.,(2,2),(0.,2.2),.PIECEWISE_BEZIER_KNOTS.);
#2262 = CARTESIAN_POINT('',(1.6995,-4.55,8.7000035533));
#2263 = CARTESIAN_POINT('',(1.6995,-2.35,8.7000035533));
#2264 = ORIENTED_EDGE('',*,*,#2265,.T.);
#2265 = EDGE_CURVE('',#2259,#2180,#2266,.T.);
#2266 = ( BOUNDED_CURVE() B_SPLINE_CURVE(2,(#2267,#2268,#2269),
.UNSPECIFIED.,.F.,.F.) B_SPLINE_CURVE_WITH_KNOTS((3,3),(0.,
1.570796326795),.PIECEWISE_BEZIER_KNOTS.) CURVE() 
GEOMETRIC_REPRESENTATION_ITEM() RATIONAL_B_SPLINE_CURVE((1.,
0.707106781187,1.)) REPRESENTATION_ITEM('') );
#2267 = CARTESIAN_POINT('',(1.6995,-2.35,8.7000035533));
#2268 = CARTESIAN_POINT('',(1.6995,-1.95,8.7000035533));
#2269 = CARTESIAN_POINT('',(1.2995,-1.95,8.7000035533));
#2270 = B_SPLINE_SURFACE_WITH_KNOTS('',1,1,(
    (#2271,#2272)
    ,(#2273,#2274
    )),.UNSPECIFIED.,.F.,.F.,.F.,(2,2),(2,2),(-6.6,0.8),(-5.5,0.),
  .PIECEWISE_BEZIER_KNOTS.);
#2271 = CARTESIAN_POINT('',(-3.7005,-5.75,8.7000035533));
#2272 = CARTESIAN_POINT('',(-3.7005,-0.25,8.7000035533));
#2273 = CARTESIAN_POINT('',(3.6995,-5.75,8.7000035533));
#2274 = CARTESIAN_POINT('',(3.6995,-0.25,8.7000035533));
#2275 = ADVANCED_FACE('',(#2276),#2305,.F.);
#2276 = FACE_BOUND('',#2277,.T.);
#2277 = EDGE_LOOP('',(#2278,#2285,#2292,#2298,#2299,#2304));
#2278 = ORIENTED_EDGE('',*,*,#2279,.T.);
#2279 = EDGE_CURVE('',#2110,#2280,#2282,.T.);
#2280 = VERTEX_POINT('',#2281);
#2281 = CARTESIAN_POINT('',(2.8995,-5.35,7.7000035533));
#2282 = B_SPLINE_CURVE_WITH_KNOTS('',1,(#2283,#2284),.UNSPECIFIED.,.F.,
  .F.,(2,2),(0.,3.3),.PIECEWISE_BEZIER_KNOTS.);
#2283 = CARTESIAN_POINT('',(2.8995,-5.35,4.4000035533));
#2284 = CARTESIAN_POINT('',(2.8995,-5.35,7.7000035533));
#2285 = ORIENTED_EDGE('',*,*,#2286,.T.);
#2286 = EDGE_CURVE('',#2280,#2287,#2289,.T.);
#2287 = VERTEX_POINT('',#2288);
#2288 = CARTESIAN_POINT('',(2.8995,-2.25,7.7000035533));
#2289 = B_SPLINE_CURVE_WITH_KNOTS('',1,(#2290,#2291),.UNSPECIFIED.,.F.,
  .F.,(2,2),(-5.1,-2.),.PIECEWISE_BEZIER_KNOTS.);
#2290 = CARTESIAN_POINT('',(2.8995,-5.35,7.7000035533));
#2291 = CARTESIAN_POINT('',(2.8995,-2.25,7.7000035533));
#2292 = ORIENTED_EDGE('',*,*,#2293,.T.);
#2293 = EDGE_CURVE('',#2287,#2231,#2294,.T.);
#2294 = ( BOUNDED_CURVE() B_SPLINE_CURVE(2,(#2295,#2296,#2297),
.UNSPECIFIED.,.F.,.F.) B_SPLINE_CURVE_WITH_KNOTS((3,3),(1.570796326795,
3.14159265359),.PIECEWISE_BEZIER_KNOTS.) CURVE() 
GEOMETRIC_REPRESENTATION_ITEM() RATIONAL_B_SPLINE_CURVE((1.,
0.707106781187,1.)) REPRESENTATION_ITEM('') );
#2295 = CARTESIAN_POINT('',(2.8995,-2.25,7.7000035533));
#2296 = CARTESIAN_POINT('',(2.8995,-2.25,8.7000035533));
#2297 = CARTESIAN_POINT('',(2.8995,-3.25,8.7000035533));
#2298 = ORIENTED_EDGE('',*,*,#2230,.F.);
#2299 = ORIENTED_EDGE('',*,*,#2300,.F.);
#2300 = EDGE_CURVE('',#2117,#2224,#2301,.T.);
#2301 = B_SPLINE_CURVE_WITH_KNOTS('',1,(#2302,#2303),.UNSPECIFIED.,.F.,
  .F.,(2,2),(0.,4.3),.PIECEWISE_BEZIER_KNOTS.);
#2302 = CARTESIAN_POINT('',(2.8995,-0.25,4.4000035533));
#2303 = CARTESIAN_POINT('',(2.8995,-0.25,8.7000035533));
#2304 = ORIENTED_EDGE('',*,*,#2116,.T.);
#2305 = B_SPLINE_SURFACE_WITH_KNOTS('',1,1,(
    (#2306,#2307)
    ,(#2308,#2309
    )),.UNSPECIFIED.,.F.,.F.,.F.,(2,2),(2,2),(-4.3,0.),(-5.1,0.),
  .PIECEWISE_BEZIER_KNOTS.);
#2306 = CARTESIAN_POINT('',(2.8995,-5.35,8.7000035533));
#2307 = CARTESIAN_POINT('',(2.8995,-0.25,8.7000035533));
#2308 = CARTESIAN_POINT('',(2.8995,-5.35,4.4000035533));
#2309 = CARTESIAN_POINT('',(2.8995,-0.25,4.4000035533));
#2310 = ADVANCED_FACE('',(#2311,#2341,#2371),#2377,.T.);
#2311 = FACE_BOUND('',#2312,.T.);
#2312 = EDGE_LOOP('',(#2313,#2322,#2329,#2336));
#2313 = ORIENTED_EDGE('',*,*,#2314,.F.);
#2314 = EDGE_CURVE('',#2315,#2317,#2319,.T.);
#2315 = VERTEX_POINT('',#2316);
#2316 = CARTESIAN_POINT('',(-0.9305,-0.25,6.7300035533));
#2317 = VERTEX_POINT('',#2318);
#2318 = CARTESIAN_POINT('',(-0.9305,-0.25,7.3700035533));
#2319 = B_SPLINE_CURVE_WITH_KNOTS('',1,(#2320,#2321),.UNSPECIFIED.,.F.,
  .F.,(2,2),(3.33,3.97),.PIECEWISE_BEZIER_KNOTS.);
#2320 = CARTESIAN_POINT('',(-0.9305,-0.25,6.7300035533));
#2321 = CARTESIAN_POINT('',(-0.9305,-0.25,7.3700035533));
#2322 = ORIENTED_EDGE('',*,*,#2323,.T.);
#2323 = EDGE_CURVE('',#2315,#2324,#2326,.T.);
#2324 = VERTEX_POINT('',#2325);
#2325 = CARTESIAN_POINT('',(-1.5705,-0.25,6.7300035533));
#2326 = B_SPLINE_CURVE_WITH_KNOTS('',1,(#2327,#2328),.UNSPECIFIED.,.F.,
  .F.,(2,2),(0.93,1.57),.PIECEWISE_BEZIER_KNOTS.);
#2327 = CARTESIAN_POINT('',(-0.9305,-0.25,6.7300035533));
#2328 = CARTESIAN_POINT('',(-1.5705,-0.25,6.7300035533));
#2329 = ORIENTED_EDGE('',*,*,#2330,.T.);
#2330 = EDGE_CURVE('',#2324,#2331,#2333,.T.);
#2331 = VERTEX_POINT('',#2332);
#2332 = CARTESIAN_POINT('',(-1.5705,-0.25,7.3700035533));
#2333 = B_SPLINE_CURVE_WITH_KNOTS('',1,(#2334,#2335),.UNSPECIFIED.,.F.,
  .F.,(2,2),(3.33,3.97),.PIECEWISE_BEZIER_KNOTS.);
#2334 = CARTESIAN_POINT('',(-1.5705,-0.25,6.7300035533));
#2335 = CARTESIAN_POINT('',(-1.5705,-0.25,7.3700035533));
#2336 = ORIENTED_EDGE('',*,*,#2337,.F.);
#2337 = EDGE_CURVE('',#2317,#2331,#2338,.T.);
#2338 = B_SPLINE_CURVE_WITH_KNOTS('',1,(#2339,#2340),.UNSPECIFIED.,.F.,
  .F.,(2,2),(0.93,1.57),.PIECEWISE_BEZIER_KNOTS.);
#2339 = CARTESIAN_POINT('',(-0.9305,-0.25,7.3700035533));
#2340 = CARTESIAN_POINT('',(-1.5705,-0.25,7.3700035533));
#2341 = FACE_BOUND('',#2342,.T.);
#2342 = EDGE_LOOP('',(#2343,#2352,#2359,#2366));
#2343 = ORIENTED_EDGE('',*,*,#2344,.F.);
#2344 = EDGE_CURVE('',#2345,#2347,#2349,.T.);
#2345 = VERTEX_POINT('',#2346);
#2346 = CARTESIAN_POINT('',(1.5695,-0.25,6.7300035533));
#2347 = VERTEX_POINT('',#2348);
#2348 = CARTESIAN_POINT('',(1.5695,-0.25,7.3700035533));
#2349 = B_SPLINE_CURVE_WITH_KNOTS('',1,(#2350,#2351),.UNSPECIFIED.,.F.,
  .F.,(2,2),(3.33,3.97),.PIECEWISE_BEZIER_KNOTS.);
#2350 = CARTESIAN_POINT('',(1.5695,-0.25,6.7300035533));
#2351 = CARTESIAN_POINT('',(1.5695,-0.25,7.3700035533));
#2352 = ORIENTED_EDGE('',*,*,#2353,.T.);
#2353 = EDGE_CURVE('',#2345,#2354,#2356,.T.);
#2354 = VERTEX_POINT('',#2355);
#2355 = CARTESIAN_POINT('',(0.9295,-0.25,6.7300035533));
#2356 = B_SPLINE_CURVE_WITH_KNOTS('',1,(#2357,#2358),.UNSPECIFIED.,.F.,
  .F.,(2,2),(-1.57,-0.93),.PIECEWISE_BEZIER_KNOTS.);
#2357 = CARTESIAN_POINT('',(1.5695,-0.25,6.7300035533));
#2358 = CARTESIAN_POINT('',(0.9295,-0.25,6.7300035533));
#2359 = ORIENTED_EDGE('',*,*,#2360,.T.);
#2360 = EDGE_CURVE('',#2354,#2361,#2363,.T.);
#2361 = VERTEX_POINT('',#2362);
#2362 = CARTESIAN_POINT('',(0.9295,-0.25,7.3700035533));
#2363 = B_SPLINE_CURVE_WITH_KNOTS('',1,(#2364,#2365),.UNSPECIFIED.,.F.,
  .F.,(2,2),(3.33,3.97),.PIECEWISE_BEZIER_KNOTS.);
#2364 = CARTESIAN_POINT('',(0.9295,-0.25,6.7300035533));
#2365 = CARTESIAN_POINT('',(0.9295,-0.25,7.3700035533));
#2366 = ORIENTED_EDGE('',*,*,#2367,.F.);
#2367 = EDGE_CURVE('',#2347,#2361,#2368,.T.);
#2368 = B_SPLINE_CURVE_WITH_KNOTS('',1,(#2369,#2370),.UNSPECIFIED.,.F.,
  .F.,(2,2),(-1.57,-0.93),.PIECEWISE_BEZIER_KNOTS.);
#2369 = CARTESIAN_POINT('',(1.5695,-0.25,7.3700035533));
#2370 = CARTESIAN_POINT('',(0.9295,-0.25,7.3700035533));
#2371 = FACE_BOUND('',#2372,.T.);
#2372 = EDGE_LOOP('',(#2373,#2374,#2375,#2376));
#2373 = ORIENTED_EDGE('',*,*,#2123,.T.);
#2374 = ORIENTED_EDGE('',*,*,#2300,.T.);
#2375 = ORIENTED_EDGE('',*,*,#2223,.T.);
#2376 = ORIENTED_EDGE('',*,*,#2159,.T.);
#2377 = B_SPLINE_SURFACE_WITH_KNOTS('',1,1,(
    (#2378,#2379)
    ,(#2380,#2381
    )),.UNSPECIFIED.,.F.,.F.,.F.,(2,2),(2,2),(-5.3,-1.),(-2.9,2.9),
  .PIECEWISE_BEZIER_KNOTS.);
#2378 = CARTESIAN_POINT('',(-2.9005,-0.25,8.7000035533));
#2379 = CARTESIAN_POINT('',(2.8995,-0.25,8.7000035533));
#2380 = CARTESIAN_POINT('',(-2.9005,-0.25,4.4000035533));
#2381 = CARTESIAN_POINT('',(2.8995,-0.25,4.4000035533));
#2382 = ADVANCED_FACE('',(#2383),#2397,.F.);
#2383 = FACE_BOUND('',#2384,.T.);
#2384 = EDGE_LOOP('',(#2385,#2390,#2391,#2396));
#2385 = ORIENTED_EDGE('',*,*,#2386,.F.);
#2386 = EDGE_CURVE('',#1816,#2147,#2387,.T.);
#2387 = B_SPLINE_CURVE_WITH_KNOTS('',1,(#2388,#2389),.UNSPECIFIED.,.F.,
  .F.,(2,2),(-0.565685424949,-3.140184917368E-16),
  .PIECEWISE_BEZIER_KNOTS.);
#2388 = CARTESIAN_POINT('',(-3.3005,-5.75,7.7000035533));
#2389 = CARTESIAN_POINT('',(-2.9005,-5.35,7.7000035533));
#2390 = ORIENTED_EDGE('',*,*,#1815,.F.);
#2391 = ORIENTED_EDGE('',*,*,#2392,.F.);
#2392 = EDGE_CURVE('',#2103,#1809,#2393,.T.);
#2393 = B_SPLINE_CURVE_WITH_KNOTS('',1,(#2394,#2395),.UNSPECIFIED.,.F.,
  .F.,(2,2),(2.482606157515,3.175426480543),.PIECEWISE_BEZIER_KNOTS.);
#2394 = CARTESIAN_POINT('',(-2.9005,-5.35,4.4000035533));
#2395 = CARTESIAN_POINT('',(-3.3005,-5.75,4.0000035533));
#2396 = ORIENTED_EDGE('',*,*,#2153,.F.);
#2397 = B_SPLINE_SURFACE_WITH_KNOTS('',1,1,(
    (#2398,#2399)
    ,(#2400,#2401
    )),.UNSPECIFIED.,.F.,.F.,.F.,(2,2),(2,2),(1.,4.7),(0.,0.565685424949
    ),.PIECEWISE_BEZIER_KNOTS.);
#2398 = CARTESIAN_POINT('',(-2.9005,-5.35,7.7000035533));
#2399 = CARTESIAN_POINT('',(-3.3005,-5.75,7.7000035533));
#2400 = CARTESIAN_POINT('',(-2.9005,-5.35,4.0000035533));
#2401 = CARTESIAN_POINT('',(-3.3005,-5.75,4.0000035533));
#2402 = ADVANCED_FACE('',(#2403),#2413,.F.);
#2403 = FACE_BOUND('',#2404,.T.);
#2404 = EDGE_LOOP('',(#2405,#2406,#2407,#2412));
#2405 = ORIENTED_EDGE('',*,*,#2392,.T.);
#2406 = ORIENTED_EDGE('',*,*,#1808,.F.);
#2407 = ORIENTED_EDGE('',*,*,#2408,.F.);
#2408 = EDGE_CURVE('',#2110,#1802,#2409,.T.);
#2409 = B_SPLINE_CURVE_WITH_KNOTS('',1,(#2410,#2411),.UNSPECIFIED.,.F.,
  .F.,(2,2),(0.,0.692820323028),.PIECEWISE_BEZIER_KNOTS.);
#2410 = CARTESIAN_POINT('',(2.8995,-5.35,4.4000035533));
#2411 = CARTESIAN_POINT('',(3.2995,-5.75,4.0000035533));
#2412 = ORIENTED_EDGE('',*,*,#2109,.F.);
#2413 = B_SPLINE_SURFACE_WITH_KNOTS('',1,1,(
    (#2414,#2415)
    ,(#2416,#2417
    )),.UNSPECIFIED.,.F.,.F.,.F.,(2,2),(2,2),(-0.4,6.2),(0.,
    0.565685424949),.PIECEWISE_BEZIER_KNOTS.);
#2414 = CARTESIAN_POINT('',(-3.3005,-5.35,4.4000035533));
#2415 = CARTESIAN_POINT('',(-3.3005,-5.75,4.0000035533));
#2416 = CARTESIAN_POINT('',(3.2995,-5.35,4.4000035533));
#2417 = CARTESIAN_POINT('',(3.2995,-5.75,4.0000035533));
#2418 = ADVANCED_FACE('',(#2419),#2429,.F.);
#2419 = FACE_BOUND('',#2420,.T.);
#2420 = EDGE_LOOP('',(#2421,#2426,#2427,#2428));
#2421 = ORIENTED_EDGE('',*,*,#2422,.F.);
#2422 = EDGE_CURVE('',#2280,#1795,#2423,.T.);
#2423 = B_SPLINE_CURVE_WITH_KNOTS('',1,(#2424,#2425),.UNSPECIFIED.,.F.,
  .F.,(2,2),(3.140184917368E-16,0.565685424949),
  .PIECEWISE_BEZIER_KNOTS.);
#2424 = CARTESIAN_POINT('',(2.8995,-5.35,7.7000035533));
#2425 = CARTESIAN_POINT('',(3.2995,-5.75,7.7000035533));
#2426 = ORIENTED_EDGE('',*,*,#2279,.F.);
#2427 = ORIENTED_EDGE('',*,*,#2408,.T.);
#2428 = ORIENTED_EDGE('',*,*,#1801,.F.);
#2429 = B_SPLINE_SURFACE_WITH_KNOTS('',1,1,(
    (#2430,#2431)
    ,(#2432,#2433
    )),.UNSPECIFIED.,.F.,.F.,.F.,(2,2),(2,2),(-0.4,3.3),(0.,
    0.565685424949),.PIECEWISE_BEZIER_KNOTS.);
#2430 = CARTESIAN_POINT('',(2.8995,-5.35,4.0000035533));
#2431 = CARTESIAN_POINT('',(3.2995,-5.75,4.0000035533));
#2432 = CARTESIAN_POINT('',(2.8995,-5.35,7.7000035533));
#2433 = CARTESIAN_POINT('',(3.2995,-5.75,7.7000035533));
#2434 = ADVANCED_FACE('',(#2435),#2446,.F.);
#2435 = FACE_BOUND('',#2436,.T.);
#2436 = EDGE_LOOP('',(#2437,#2438,#2443,#2444,#2445));
#2437 = ORIENTED_EDGE('',*,*,#474,.T.);
#2438 = ORIENTED_EDGE('',*,*,#2439,.F.);
#2439 = EDGE_CURVE('',#2287,#465,#2440,.T.);
#2440 = B_SPLINE_CURVE_WITH_KNOTS('',1,(#2441,#2442),.UNSPECIFIED.,.F.,
  .F.,(2,2),(6.6,7.4),.PIECEWISE_BEZIER_KNOTS.);
#2441 = CARTESIAN_POINT('',(2.8995,-2.25,7.7000035533));
#2442 = CARTESIAN_POINT('',(3.6995,-2.25,7.7000035533));
#2443 = ORIENTED_EDGE('',*,*,#2286,.F.);
#2444 = ORIENTED_EDGE('',*,*,#2422,.T.);
#2445 = ORIENTED_EDGE('',*,*,#1794,.F.);
#2446 = B_SPLINE_SURFACE_WITH_KNOTS('',1,1,(
    (#2447,#2448)
    ,(#2449,#2450
    )),.UNSPECIFIED.,.F.,.F.,.F.,(2,2),(2,2),(-7.4,-6.6),(3.5,7.),
  .PIECEWISE_BEZIER_KNOTS.);
#2447 = CARTESIAN_POINT('',(3.6995,-5.75,7.7000035533));
#2448 = CARTESIAN_POINT('',(3.6995,-2.25,7.7000035533));
#2449 = CARTESIAN_POINT('',(2.8995,-5.75,7.7000035533));
#2450 = CARTESIAN_POINT('',(2.8995,-2.25,7.7000035533));
#2451 = ADVANCED_FACE('',(#2452),#2458,.F.);
#2452 = FACE_BOUND('',#2453,.F.);
#2453 = EDGE_LOOP('',(#2454,#2455,#2456,#2457));
#2454 = ORIENTED_EDGE('',*,*,#2293,.T.);
#2455 = ORIENTED_EDGE('',*,*,#2237,.T.);
#2456 = ORIENTED_EDGE('',*,*,#464,.F.);
#2457 = ORIENTED_EDGE('',*,*,#2439,.F.);
#2458 = ( BOUNDED_SURFACE() B_SPLINE_SURFACE(2,1,(
    (#2459,#2460)
    ,(#2461,#2462)
    ,(#2463,#2464
)),.UNSPECIFIED.,.F.,.F.,.F.) B_SPLINE_SURFACE_WITH_KNOTS((3,3),(2,2),(
    0.,1.570796326795),(6.6,7.4),.PIECEWISE_BEZIER_KNOTS.) 
GEOMETRIC_REPRESENTATION_ITEM() RATIONAL_B_SPLINE_SURFACE((
    (1.,1.)
    ,(0.707106781187,0.707106781187)
,(1.,1.))) REPRESENTATION_ITEM('') SURFACE() );
#2459 = CARTESIAN_POINT('',(2.8995,-2.25,7.7000035533));
#2460 = CARTESIAN_POINT('',(3.6995,-2.25,7.7000035533));
#2461 = CARTESIAN_POINT('',(2.8995,-2.25,8.7000035533));
#2462 = CARTESIAN_POINT('',(3.6995,-2.25,8.7000035533));
#2463 = CARTESIAN_POINT('',(2.8995,-3.25,8.7000035533));
#2464 = CARTESIAN_POINT('',(3.6995,-3.25,8.7000035533));
#2465 = ADVANCED_FACE('',(#2466),#2476,.F.);
#2466 = FACE_BOUND('',#2467,.F.);
#2467 = EDGE_LOOP('',(#2468,#2469,#2474,#2475));
#2468 = ORIENTED_EDGE('',*,*,#2136,.T.);
#2469 = ORIENTED_EDGE('',*,*,#2470,.F.);
#2470 = EDGE_CURVE('',#1951,#2139,#2471,.T.);
#2471 = B_SPLINE_CURVE_WITH_KNOTS('',1,(#2472,#2473),.UNSPECIFIED.,.F.,
  .F.,(2,2),(0.,0.8),.PIECEWISE_BEZIER_KNOTS.);
#2472 = CARTESIAN_POINT('',(-3.7005,-2.25,7.7000035533));
#2473 = CARTESIAN_POINT('',(-2.9005,-2.25,7.7000035533));
#2474 = ORIENTED_EDGE('',*,*,#1957,.T.);
#2475 = ORIENTED_EDGE('',*,*,#2217,.T.);
#2476 = ( BOUNDED_SURFACE() B_SPLINE_SURFACE(2,1,(
    (#2477,#2478)
    ,(#2479,#2480)
    ,(#2481,#2482
)),.UNSPECIFIED.,.F.,.F.,.F.) B_SPLINE_SURFACE_WITH_KNOTS((3,3),(2,2),(
    0.,1.570796326795),(-4.440892098501E-16,0.8),
.PIECEWISE_BEZIER_KNOTS.) GEOMETRIC_REPRESENTATION_ITEM() 
RATIONAL_B_SPLINE_SURFACE((
    (1.,1.)
    ,(0.707106781187,0.707106781187)
,(1.,1.))) REPRESENTATION_ITEM('') SURFACE() );
#2477 = CARTESIAN_POINT('',(-3.7005,-2.25,7.7000035533));
#2478 = CARTESIAN_POINT('',(-2.9005,-2.25,7.7000035533));
#2479 = CARTESIAN_POINT('',(-3.7005,-2.25,8.7000035533));
#2480 = CARTESIAN_POINT('',(-2.9005,-2.25,8.7000035533));
#2481 = CARTESIAN_POINT('',(-3.7005,-3.25,8.7000035533));
#2482 = CARTESIAN_POINT('',(-2.9005,-3.25,8.7000035533));
#2483 = ADVANCED_FACE('',(#2484),#2491,.F.);
#2484 = FACE_BOUND('',#2485,.T.);
#2485 = EDGE_LOOP('',(#2486,#2487,#2488,#2489,#2490));
#2486 = ORIENTED_EDGE('',*,*,#2386,.T.);
#2487 = ORIENTED_EDGE('',*,*,#2146,.F.);
#2488 = ORIENTED_EDGE('',*,*,#2470,.F.);
#2489 = ORIENTED_EDGE('',*,*,#1950,.F.);
#2490 = ORIENTED_EDGE('',*,*,#1822,.F.);
#2491 = B_SPLINE_SURFACE_WITH_KNOTS('',1,1,(
    (#2492,#2493)
    ,(#2494,#2495
    )),.UNSPECIFIED.,.F.,.F.,.F.,(2,2),(2,2),(-0.8,2.6645352591E-15),(
    3.5,7.),.PIECEWISE_BEZIER_KNOTS.);
#2492 = CARTESIAN_POINT('',(-2.9005,-5.75,7.7000035533));
#2493 = CARTESIAN_POINT('',(-2.9005,-2.25,7.7000035533));
#2494 = CARTESIAN_POINT('',(-3.7005,-5.75,7.7000035533));
#2495 = CARTESIAN_POINT('',(-3.7005,-2.25,7.7000035533));
#2496 = ADVANCED_FACE('',(#2497),#2503,.F.);
#2497 = FACE_BOUND('',#2498,.T.);
#2498 = EDGE_LOOP('',(#2499,#2500,#2501,#2502));
#2499 = ORIENTED_EDGE('',*,*,#2086,.T.);
#2500 = ORIENTED_EDGE('',*,*,#502,.T.);
#2501 = ORIENTED_EDGE('',*,*,#1934,.F.);
#2502 = ORIENTED_EDGE('',*,*,#2061,.F.);
#2503 = B_SPLINE_SURFACE_WITH_KNOTS('',1,1,(
    (#2504,#2505)
    ,(#2506,#2507
    )),.UNSPECIFIED.,.F.,.F.,.F.,(2,2),(2,2),(0.,4.853406342049),(6.6,
    7.4),.PIECEWISE_BEZIER_KNOTS.);
#2504 = CARTESIAN_POINT('',(2.8995,1.25,8.2000035533));
#2505 = CARTESIAN_POINT('',(3.6995,1.25,8.2000035533));
#2506 = CARTESIAN_POINT('',(2.8995,5.75,6.381885537042));
#2507 = CARTESIAN_POINT('',(3.6995,5.75,6.381885537042));
#2508 = ADVANCED_FACE('',(#2509),#2515,.F.);
#2509 = FACE_BOUND('',#2510,.T.);
#2510 = EDGE_LOOP('',(#2511,#2512,#2513,#2514));
#2511 = ORIENTED_EDGE('',*,*,#1900,.F.);
#2512 = ORIENTED_EDGE('',*,*,#1979,.F.);
#2513 = ORIENTED_EDGE('',*,*,#1646,.T.);
#2514 = ORIENTED_EDGE('',*,*,#2037,.F.);
#2515 = B_SPLINE_SURFACE_WITH_KNOTS('',1,1,(
    (#2516,#2517)
    ,(#2518,#2519
    )),.UNSPECIFIED.,.F.,.F.,.F.,(2,2),(2,2),(0.,4.853406342049),(
    -1.33226762955E-15,0.8),.PIECEWISE_BEZIER_KNOTS.);
#2516 = CARTESIAN_POINT('',(-3.7005,1.25,8.2000035533));
#2517 = CARTESIAN_POINT('',(-2.9005,1.25,8.2000035533));
#2518 = CARTESIAN_POINT('',(-3.7005,5.75,6.381885537042));
#2519 = CARTESIAN_POINT('',(-2.9005,5.75,6.381885537042));
#2520 = ADVANCED_FACE('',(#2521),#2535,.F.);
#2521 = FACE_BOUND('',#2522,.F.);
#2522 = EDGE_LOOP('',(#2523,#2528,#2529,#2534));
#2523 = ORIENTED_EDGE('',*,*,#2524,.F.);
#2524 = EDGE_CURVE('',#2182,#1528,#2525,.T.);
#2525 = B_SPLINE_CURVE_WITH_KNOTS('',1,(#2526,#2527),.UNSPECIFIED.,.F.,
  .F.,(2,2),(0.,0.8),.PIECEWISE_BEZIER_KNOTS.);
#2526 = CARTESIAN_POINT('',(-1.3005,-1.95,8.7000035533));
#2527 = CARTESIAN_POINT('',(-1.3005,-1.95,9.5000035533));
#2528 = ORIENTED_EDGE('',*,*,#2188,.T.);
#2529 = ORIENTED_EDGE('',*,*,#2530,.T.);
#2530 = EDGE_CURVE('',#2189,#1521,#2531,.T.);
#2531 = B_SPLINE_CURVE_WITH_KNOTS('',1,(#2532,#2533),.UNSPECIFIED.,.F.,
  .F.,(2,2),(0.,0.8),.PIECEWISE_BEZIER_KNOTS.);
#2532 = CARTESIAN_POINT('',(-1.7005,-2.35,8.7000035533));
#2533 = CARTESIAN_POINT('',(-1.7005,-2.35,9.5000035533));
#2534 = ORIENTED_EDGE('',*,*,#1527,.F.);
#2535 = ( BOUNDED_SURFACE() B_SPLINE_SURFACE(2,1,(
    (#2536,#2537)
    ,(#2538,#2539)
    ,(#2540,#2541
)),.UNSPECIFIED.,.F.,.F.,.F.) B_SPLINE_SURFACE_WITH_KNOTS((3,3),(2,2),(
    1.570796326795,3.14159265359),(0.,0.8),.PIECEWISE_BEZIER_KNOTS.) 
GEOMETRIC_REPRESENTATION_ITEM() RATIONAL_B_SPLINE_SURFACE((
    (1.,1.)
    ,(0.707106781187,0.707106781187)
,(1.,1.))) REPRESENTATION_ITEM('') SURFACE() );
#2536 = CARTESIAN_POINT('',(-1.3005,-1.95,8.7000035533));
#2537 = CARTESIAN_POINT('',(-1.3005,-1.95,9.5000035533));
#2538 = CARTESIAN_POINT('',(-1.7005,-1.95,8.7000035533));
#2539 = CARTESIAN_POINT('',(-1.7005,-1.95,9.5000035533));
#2540 = CARTESIAN_POINT('',(-1.7005,-2.35,8.7000035533));
#2541 = CARTESIAN_POINT('',(-1.7005,-2.35,9.5000035533));
#2542 = ADVANCED_FACE('',(#2543),#2553,.F.);
#2543 = FACE_BOUND('',#2544,.T.);
#2544 = EDGE_LOOP('',(#2545,#2546,#2547,#2548));
#2545 = ORIENTED_EDGE('',*,*,#1506,.T.);
#2546 = ORIENTED_EDGE('',*,*,#2005,.F.);
#2547 = ORIENTED_EDGE('',*,*,#2210,.F.);
#2548 = ORIENTED_EDGE('',*,*,#2549,.T.);
#2549 = EDGE_CURVE('',#2204,#1507,#2550,.T.);
#2550 = B_SPLINE_CURVE_WITH_KNOTS('',1,(#2551,#2552),.UNSPECIFIED.,.F.,
  .F.,(2,2),(0.,0.8),.PIECEWISE_BEZIER_KNOTS.);
#2551 = CARTESIAN_POINT('',(-1.4005,-4.85,8.7000035533));
#2552 = CARTESIAN_POINT('',(-1.4005,-4.85,9.5000035533));
#2553 = B_SPLINE_SURFACE_WITH_KNOTS('',1,1,(
    (#2554,#2555)
    ,(#2556,#2557
    )),.UNSPECIFIED.,.F.,.F.,.F.,(2,2),(2,2),(-0.948683298051,0.),(0.,
    0.8),.PIECEWISE_BEZIER_KNOTS.);
#2554 = CARTESIAN_POINT('',(-1.4005,-4.85,8.7000035533));
#2555 = CARTESIAN_POINT('',(-1.4005,-4.85,9.5000035533));
#2556 = CARTESIAN_POINT('',(-1.7005,-5.75,8.7000035533));
#2557 = CARTESIAN_POINT('',(-1.7005,-5.75,9.5000035533));
#2558 = ADVANCED_FACE('',(#2559),#2569,.F.);
#2559 = FACE_BOUND('',#2560,.T.);
#2560 = EDGE_LOOP('',(#2561,#2562,#2563,#2564));
#2561 = ORIENTED_EDGE('',*,*,#1513,.T.);
#2562 = ORIENTED_EDGE('',*,*,#2549,.F.);
#2563 = ORIENTED_EDGE('',*,*,#2203,.F.);
#2564 = ORIENTED_EDGE('',*,*,#2565,.T.);
#2565 = EDGE_CURVE('',#2197,#1514,#2566,.T.);
#2566 = B_SPLINE_CURVE_WITH_KNOTS('',1,(#2567,#2568),.UNSPECIFIED.,.F.,
  .F.,(2,2),(0.,0.8),.PIECEWISE_BEZIER_KNOTS.);
#2567 = CARTESIAN_POINT('',(-1.7005,-4.55,8.7000035533));
#2568 = CARTESIAN_POINT('',(-1.7005,-4.55,9.5000035533));
#2569 = B_SPLINE_SURFACE_WITH_KNOTS('',1,1,(
    (#2570,#2571)
    ,(#2572,#2573
    )),.UNSPECIFIED.,.F.,.F.,.F.,(2,2),(2,2),(-0.424264068712,0.),(0.,
    0.8),.PIECEWISE_BEZIER_KNOTS.);
#2570 = CARTESIAN_POINT('',(-1.7005,-4.55,8.7000035533));
#2571 = CARTESIAN_POINT('',(-1.7005,-4.55,9.5000035533));
#2572 = CARTESIAN_POINT('',(-1.4005,-4.85,8.7000035533));
#2573 = CARTESIAN_POINT('',(-1.4005,-4.85,9.5000035533));
#2574 = ADVANCED_FACE('',(#2575),#2581,.F.);
#2575 = FACE_BOUND('',#2576,.T.);
#2576 = EDGE_LOOP('',(#2577,#2578,#2579,#2580));
#2577 = ORIENTED_EDGE('',*,*,#1520,.T.);
#2578 = ORIENTED_EDGE('',*,*,#2565,.F.);
#2579 = ORIENTED_EDGE('',*,*,#2196,.F.);
#2580 = ORIENTED_EDGE('',*,*,#2530,.T.);
#2581 = B_SPLINE_SURFACE_WITH_KNOTS('',1,1,(
    (#2582,#2583)
    ,(#2584,#2585
    )),.UNSPECIFIED.,.F.,.F.,.F.,(2,2),(2,2),(-2.2,1.313134052991E-31),(
    0.,0.8),.PIECEWISE_BEZIER_KNOTS.);
#2582 = CARTESIAN_POINT('',(-1.7005,-2.35,8.7000035533));
#2583 = CARTESIAN_POINT('',(-1.7005,-2.35,9.5000035533));
#2584 = CARTESIAN_POINT('',(-1.7005,-4.55,8.7000035533));
#2585 = CARTESIAN_POINT('',(-1.7005,-4.55,9.5000035533));
#2586 = ADVANCED_FACE('',(#2587),#2597,.F.);
#2587 = FACE_BOUND('',#2588,.T.);
#2588 = EDGE_LOOP('',(#2589,#2590,#2591,#2592));
#2589 = ORIENTED_EDGE('',*,*,#1535,.T.);
#2590 = ORIENTED_EDGE('',*,*,#2524,.F.);
#2591 = ORIENTED_EDGE('',*,*,#2179,.F.);
#2592 = ORIENTED_EDGE('',*,*,#2593,.T.);
#2593 = EDGE_CURVE('',#2180,#1536,#2594,.T.);
#2594 = B_SPLINE_CURVE_WITH_KNOTS('',1,(#2595,#2596),.UNSPECIFIED.,.F.,
  .F.,(2,2),(0.,0.8),.PIECEWISE_BEZIER_KNOTS.);
#2595 = CARTESIAN_POINT('',(1.2995,-1.95,8.7000035533));
#2596 = CARTESIAN_POINT('',(1.2995,-1.95,9.5000035533));
#2597 = B_SPLINE_SURFACE_WITH_KNOTS('',1,1,(
    (#2598,#2599)
    ,(#2600,#2601
    )),.UNSPECIFIED.,.F.,.F.,.F.,(2,2),(2,2),(0.,2.6),(0.,0.8),
  .PIECEWISE_BEZIER_KNOTS.);
#2598 = CARTESIAN_POINT('',(1.2995,-1.95,8.7000035533));
#2599 = CARTESIAN_POINT('',(1.2995,-1.95,9.5000035533));
#2600 = CARTESIAN_POINT('',(-1.3005,-1.95,8.7000035533));
#2601 = CARTESIAN_POINT('',(-1.3005,-1.95,9.5000035533));
#2602 = ADVANCED_FACE('',(#2603),#2613,.F.);
#2603 = FACE_BOUND('',#2604,.F.);
#2604 = EDGE_LOOP('',(#2605,#2610,#2611,#2612));
#2605 = ORIENTED_EDGE('',*,*,#2606,.F.);
#2606 = EDGE_CURVE('',#2259,#1543,#2607,.T.);
#2607 = B_SPLINE_CURVE_WITH_KNOTS('',1,(#2608,#2609),.UNSPECIFIED.,.F.,
  .F.,(2,2),(0.,0.8),.PIECEWISE_BEZIER_KNOTS.);
#2608 = CARTESIAN_POINT('',(1.6995,-2.35,8.7000035533));
#2609 = CARTESIAN_POINT('',(1.6995,-2.35,9.5000035533));
#2610 = ORIENTED_EDGE('',*,*,#2265,.T.);
#2611 = ORIENTED_EDGE('',*,*,#2593,.T.);
#2612 = ORIENTED_EDGE('',*,*,#1542,.F.);
#2613 = ( BOUNDED_SURFACE() B_SPLINE_SURFACE(2,1,(
    (#2614,#2615)
    ,(#2616,#2617)
    ,(#2618,#2619
)),.UNSPECIFIED.,.F.,.F.,.F.) B_SPLINE_SURFACE_WITH_KNOTS((3,3),(2,2),(
    0.,1.570796326795),(0.,0.8),.PIECEWISE_BEZIER_KNOTS.) 
GEOMETRIC_REPRESENTATION_ITEM() RATIONAL_B_SPLINE_SURFACE((
    (1.,1.)
    ,(0.707106781187,0.707106781187)
,(1.,1.))) REPRESENTATION_ITEM('') SURFACE() );
#2614 = CARTESIAN_POINT('',(1.6995,-2.35,8.7000035533));
#2615 = CARTESIAN_POINT('',(1.6995,-2.35,9.5000035533));
#2616 = CARTESIAN_POINT('',(1.6995,-1.95,8.7000035533));
#2617 = CARTESIAN_POINT('',(1.6995,-1.95,9.5000035533));
#2618 = CARTESIAN_POINT('',(1.2995,-1.95,8.7000035533));
#2619 = CARTESIAN_POINT('',(1.2995,-1.95,9.5000035533));
#2620 = ADVANCED_FACE('',(#2621),#2631,.F.);
#2621 = FACE_BOUND('',#2622,.T.);
#2622 = EDGE_LOOP('',(#2623,#2624,#2625,#2626));
#2623 = ORIENTED_EDGE('',*,*,#1550,.T.);
#2624 = ORIENTED_EDGE('',*,*,#2606,.F.);
#2625 = ORIENTED_EDGE('',*,*,#2258,.F.);
#2626 = ORIENTED_EDGE('',*,*,#2627,.T.);
#2627 = EDGE_CURVE('',#2252,#1551,#2628,.T.);
#2628 = B_SPLINE_CURVE_WITH_KNOTS('',1,(#2629,#2630),.UNSPECIFIED.,.F.,
  .F.,(2,2),(0.,0.8),.PIECEWISE_BEZIER_KNOTS.);
#2629 = CARTESIAN_POINT('',(1.6995,-4.55,8.7000035533));
#2630 = CARTESIAN_POINT('',(1.6995,-4.55,9.5000035533));
#2631 = B_SPLINE_SURFACE_WITH_KNOTS('',1,1,(
    (#2632,#2633)
    ,(#2634,#2635
    )),.UNSPECIFIED.,.F.,.F.,.F.,(2,2),(2,2),(0.,2.2),(0.,0.8),
  .PIECEWISE_BEZIER_KNOTS.);
#2632 = CARTESIAN_POINT('',(1.6995,-4.55,8.7000035533));
#2633 = CARTESIAN_POINT('',(1.6995,-4.55,9.5000035533));
#2634 = CARTESIAN_POINT('',(1.6995,-2.35,8.7000035533));
#2635 = CARTESIAN_POINT('',(1.6995,-2.35,9.5000035533));
#2636 = ADVANCED_FACE('',(#2637),#2647,.F.);
#2637 = FACE_BOUND('',#2638,.T.);
#2638 = EDGE_LOOP('',(#2639,#2640,#2641,#2642));
#2639 = ORIENTED_EDGE('',*,*,#1557,.T.);
#2640 = ORIENTED_EDGE('',*,*,#2627,.F.);
#2641 = ORIENTED_EDGE('',*,*,#2251,.F.);
#2642 = ORIENTED_EDGE('',*,*,#2643,.T.);
#2643 = EDGE_CURVE('',#2245,#1558,#2644,.T.);
#2644 = B_SPLINE_CURVE_WITH_KNOTS('',1,(#2645,#2646),.UNSPECIFIED.,.F.,
  .F.,(2,2),(0.,0.8),.PIECEWISE_BEZIER_KNOTS.);
#2645 = CARTESIAN_POINT('',(1.3995,-4.85,8.7000035533));
#2646 = CARTESIAN_POINT('',(1.3995,-4.85,9.5000035533));
#2647 = B_SPLINE_SURFACE_WITH_KNOTS('',1,1,(
    (#2648,#2649)
    ,(#2650,#2651
    )),.UNSPECIFIED.,.F.,.F.,.F.,(2,2),(2,2),(0.,0.424264068712),(0.,0.8
    ),.PIECEWISE_BEZIER_KNOTS.);
#2648 = CARTESIAN_POINT('',(1.3995,-4.85,8.7000035533));
#2649 = CARTESIAN_POINT('',(1.3995,-4.85,9.5000035533));
#2650 = CARTESIAN_POINT('',(1.6995,-4.55,8.7000035533));
#2651 = CARTESIAN_POINT('',(1.6995,-4.55,9.5000035533));
#2652 = ADVANCED_FACE('',(#2653),#2659,.F.);
#2653 = FACE_BOUND('',#2654,.T.);
#2654 = EDGE_LOOP('',(#2655,#2656,#2657,#2658));
#2655 = ORIENTED_EDGE('',*,*,#1564,.T.);
#2656 = ORIENTED_EDGE('',*,*,#2643,.F.);
#2657 = ORIENTED_EDGE('',*,*,#2244,.F.);
#2658 = ORIENTED_EDGE('',*,*,#1772,.T.);
#2659 = B_SPLINE_SURFACE_WITH_KNOTS('',1,1,(
    (#2660,#2661)
    ,(#2662,#2663
    )),.UNSPECIFIED.,.F.,.F.,.F.,(2,2),(2,2),(0.,0.948683298051),(0.,0.8
    ),.PIECEWISE_BEZIER_KNOTS.);
#2660 = CARTESIAN_POINT('',(1.6995,-5.75,8.7000035533));
#2661 = CARTESIAN_POINT('',(1.6995,-5.75,9.5000035533));
#2662 = CARTESIAN_POINT('',(1.3995,-4.85,8.7000035533));
#2663 = CARTESIAN_POINT('',(1.3995,-4.85,9.5000035533));
#2664 = ADVANCED_FACE('',(#2665),#2687,.F.);
#2665 = FACE_BOUND('',#2666,.T.);
#2666 = EDGE_LOOP('',(#2667,#2674,#2681,#2686));
#2667 = ORIENTED_EDGE('',*,*,#2668,.F.);
#2668 = EDGE_CURVE('',#2669,#1696,#2671,.T.);
#2669 = VERTEX_POINT('',#2670);
#2670 = CARTESIAN_POINT('',(0.3495,1.05,6.3000035533));
#2671 = B_SPLINE_CURVE_WITH_KNOTS('',1,(#2672,#2673),.UNSPECIFIED.,.F.,
  .F.,(2,2),(0.,2.795245687107),.PIECEWISE_BEZIER_KNOTS.);
#2672 = CARTESIAN_POINT('',(0.3495,1.05,6.3000035533));
#2673 = CARTESIAN_POINT('',(0.3495,0.326537180436,3.6000035533));
#2674 = ORIENTED_EDGE('',*,*,#2675,.T.);
#2675 = EDGE_CURVE('',#2669,#2676,#2678,.T.);
#2676 = VERTEX_POINT('',#2677);
#2677 = CARTESIAN_POINT('',(2.1495,1.05,6.3000035533));
#2678 = B_SPLINE_CURVE_WITH_KNOTS('',1,(#2679,#2680),.UNSPECIFIED.,.F.,
  .F.,(2,2),(0.,1.8),.PIECEWISE_BEZIER_KNOTS.);
#2679 = CARTESIAN_POINT('',(0.3495,1.05,6.3000035533));
#2680 = CARTESIAN_POINT('',(2.1495,1.05,6.3000035533));
#2681 = ORIENTED_EDGE('',*,*,#2682,.T.);
#2682 = EDGE_CURVE('',#2676,#1703,#2683,.T.);
#2683 = B_SPLINE_CURVE_WITH_KNOTS('',1,(#2684,#2685),.UNSPECIFIED.,.F.,
  .F.,(2,2),(0.,2.795245687107),.PIECEWISE_BEZIER_KNOTS.);
#2684 = CARTESIAN_POINT('',(2.1495,1.05,6.3000035533));
#2685 = CARTESIAN_POINT('',(2.1495,0.326537180436,3.6000035533));
#2686 = ORIENTED_EDGE('',*,*,#1702,.F.);
#2687 = B_SPLINE_SURFACE_WITH_KNOTS('',1,1,(
    (#2688,#2689)
    ,(#2690,#2691
    )),.UNSPECIFIED.,.F.,.F.,.F.,(2,2),(2,2),(0.,2.795245687107),(0.,1.8
    ),.PIECEWISE_BEZIER_KNOTS.);
#2688 = CARTESIAN_POINT('',(0.3495,1.05,6.3000035533));
#2689 = CARTESIAN_POINT('',(2.1495,1.05,6.3000035533));
#2690 = CARTESIAN_POINT('',(0.3495,0.326537180436,3.6000035533));
#2691 = CARTESIAN_POINT('',(2.1495,0.326537180436,3.6000035533));
#2692 = ADVANCED_FACE('',(#2693),#2711,.T.);
#2693 = FACE_BOUND('',#2694,.T.);
#2694 = EDGE_LOOP('',(#2695,#2696,#2697,#2698,#2705,#2710));
#2695 = ORIENTED_EDGE('',*,*,#1695,.T.);
#2696 = ORIENTED_EDGE('',*,*,#1758,.T.);
#2697 = ORIENTED_EDGE('',*,*,#1598,.T.);
#2698 = ORIENTED_EDGE('',*,*,#2699,.T.);
#2699 = EDGE_CURVE('',#1592,#2700,#2702,.T.);
#2700 = VERTEX_POINT('',#2701);
#2701 = CARTESIAN_POINT('',(0.3495,1.05,7.8000035533));
#2702 = B_SPLINE_CURVE_WITH_KNOTS('',1,(#2703,#2704),.UNSPECIFIED.,.F.,
  .F.,(2,2),(0.,1.759969506697),.PIECEWISE_BEZIER_KNOTS.);
#2703 = CARTESIAN_POINT('',(0.3495,0.594486372867,9.5000035533));
#2704 = CARTESIAN_POINT('',(0.3495,1.05,7.8000035533));
#2705 = ORIENTED_EDGE('',*,*,#2706,.T.);
#2706 = EDGE_CURVE('',#2700,#2669,#2707,.T.);
#2707 = B_SPLINE_CURVE_WITH_KNOTS('',1,(#2708,#2709),.UNSPECIFIED.,.F.,
  .F.,(2,2),(0.,1.5),.PIECEWISE_BEZIER_KNOTS.);
#2708 = CARTESIAN_POINT('',(0.3495,1.05,7.8000035533));
#2709 = CARTESIAN_POINT('',(0.3495,1.05,6.3000035533));
#2710 = ORIENTED_EDGE('',*,*,#2668,.T.);
#2711 = B_SPLINE_SURFACE_WITH_KNOTS('',1,1,(
    (#2712,#2713)
    ,(#2714,#2715
    )),.UNSPECIFIED.,.F.,.F.,.F.,(2,2),(2,2),(-6.1,-0.2),(0.326537180436
    ,1.25),.PIECEWISE_BEZIER_KNOTS.);
#2712 = CARTESIAN_POINT('',(0.3495,0.326537180436,9.5000035533));
#2713 = CARTESIAN_POINT('',(0.3495,1.25,9.5000035533));
#2714 = CARTESIAN_POINT('',(0.3495,0.326537180436,3.6000035533));
#2715 = CARTESIAN_POINT('',(0.3495,1.25,3.6000035533));
#2716 = ADVANCED_FACE('',(#2717),#2735,.F.);
#2717 = FACE_BOUND('',#2718,.T.);
#2718 = EDGE_LOOP('',(#2719,#2720,#2727,#2732,#2733,#2734));
#2719 = ORIENTED_EDGE('',*,*,#2682,.F.);
#2720 = ORIENTED_EDGE('',*,*,#2721,.F.);
#2721 = EDGE_CURVE('',#2722,#2676,#2724,.T.);
#2722 = VERTEX_POINT('',#2723);
#2723 = CARTESIAN_POINT('',(2.1495,1.05,7.8000035533));
#2724 = B_SPLINE_CURVE_WITH_KNOTS('',1,(#2725,#2726),.UNSPECIFIED.,.F.,
  .F.,(2,2),(0.,1.5),.PIECEWISE_BEZIER_KNOTS.);
#2725 = CARTESIAN_POINT('',(2.1495,1.05,7.8000035533));
#2726 = CARTESIAN_POINT('',(2.1495,1.05,6.3000035533));
#2727 = ORIENTED_EDGE('',*,*,#2728,.F.);
#2728 = EDGE_CURVE('',#1585,#2722,#2729,.T.);
#2729 = B_SPLINE_CURVE_WITH_KNOTS('',1,(#2730,#2731),.UNSPECIFIED.,.F.,
  .F.,(2,2),(0.,1.759969506697),.PIECEWISE_BEZIER_KNOTS.);
#2730 = CARTESIAN_POINT('',(2.1495,0.594486372867,9.5000035533));
#2731 = CARTESIAN_POINT('',(2.1495,1.05,7.8000035533));
#2732 = ORIENTED_EDGE('',*,*,#1584,.F.);
#2733 = ORIENTED_EDGE('',*,*,#2079,.F.);
#2734 = ORIENTED_EDGE('',*,*,#1709,.F.);
#2735 = B_SPLINE_SURFACE_WITH_KNOTS('',1,1,(
    (#2736,#2737)
    ,(#2738,#2739
    )),.UNSPECIFIED.,.F.,.F.,.F.,(2,2),(2,2),(-6.1,-0.2),(0.326537180436
    ,1.25),.PIECEWISE_BEZIER_KNOTS.);
#2736 = CARTESIAN_POINT('',(2.1495,0.326537180436,9.5000035533));
#2737 = CARTESIAN_POINT('',(2.1495,1.25,9.5000035533));
#2738 = CARTESIAN_POINT('',(2.1495,0.326537180436,3.6000035533));
#2739 = CARTESIAN_POINT('',(2.1495,1.25,3.6000035533));
#2740 = ADVANCED_FACE('',(#2741,#2771),#2781,.F.);
#2741 = FACE_BOUND('',#2742,.T.);
#2742 = EDGE_LOOP('',(#2743,#2752,#2759,#2766));
#2743 = ORIENTED_EDGE('',*,*,#2744,.F.);
#2744 = EDGE_CURVE('',#2745,#2747,#2749,.T.);
#2745 = VERTEX_POINT('',#2746);
#2746 = CARTESIAN_POINT('',(1.5695,1.05,6.7300035533));
#2747 = VERTEX_POINT('',#2748);
#2748 = CARTESIAN_POINT('',(0.9295,1.05,6.7300035533));
#2749 = B_SPLINE_CURVE_WITH_KNOTS('',1,(#2750,#2751),.UNSPECIFIED.,.F.,
  .F.,(2,2),(-1.22,-0.58),.PIECEWISE_BEZIER_KNOTS.);
#2750 = CARTESIAN_POINT('',(1.5695,1.05,6.7300035533));
#2751 = CARTESIAN_POINT('',(0.9295,1.05,6.7300035533));
#2752 = ORIENTED_EDGE('',*,*,#2753,.T.);
#2753 = EDGE_CURVE('',#2745,#2754,#2756,.T.);
#2754 = VERTEX_POINT('',#2755);
#2755 = CARTESIAN_POINT('',(1.5695,1.05,7.3700035533));
#2756 = B_SPLINE_CURVE_WITH_KNOTS('',1,(#2757,#2758),.UNSPECIFIED.,.F.,
  .F.,(2,2),(-1.07,-0.43),.PIECEWISE_BEZIER_KNOTS.);
#2757 = CARTESIAN_POINT('',(1.5695,1.05,6.7300035533));
#2758 = CARTESIAN_POINT('',(1.5695,1.05,7.3700035533));
#2759 = ORIENTED_EDGE('',*,*,#2760,.T.);
#2760 = EDGE_CURVE('',#2754,#2761,#2763,.T.);
#2761 = VERTEX_POINT('',#2762);
#2762 = CARTESIAN_POINT('',(0.9295,1.05,7.3700035533));
#2763 = B_SPLINE_CURVE_WITH_KNOTS('',1,(#2764,#2765),.UNSPECIFIED.,.F.,
  .F.,(2,2),(-1.22,-0.58),.PIECEWISE_BEZIER_KNOTS.);
#2764 = CARTESIAN_POINT('',(1.5695,1.05,7.3700035533));
#2765 = CARTESIAN_POINT('',(0.9295,1.05,7.3700035533));
#2766 = ORIENTED_EDGE('',*,*,#2767,.F.);
#2767 = EDGE_CURVE('',#2747,#2761,#2768,.T.);
#2768 = B_SPLINE_CURVE_WITH_KNOTS('',1,(#2769,#2770),.UNSPECIFIED.,.F.,
  .F.,(2,2),(-1.07,-0.43),.PIECEWISE_BEZIER_KNOTS.);
#2769 = CARTESIAN_POINT('',(0.9295,1.05,6.7300035533));
#2770 = CARTESIAN_POINT('',(0.9295,1.05,7.3700035533));
#2771 = FACE_BOUND('',#2772,.T.);
#2772 = EDGE_LOOP('',(#2773,#2774,#2775,#2776));
#2773 = ORIENTED_EDGE('',*,*,#2721,.T.);
#2774 = ORIENTED_EDGE('',*,*,#2675,.F.);
#2775 = ORIENTED_EDGE('',*,*,#2706,.F.);
#2776 = ORIENTED_EDGE('',*,*,#2777,.T.);
#2777 = EDGE_CURVE('',#2700,#2722,#2778,.T.);
#2778 = B_SPLINE_CURVE_WITH_KNOTS('',1,(#2779,#2780),.UNSPECIFIED.,.F.,
  .F.,(2,2),(0.,1.8),.PIECEWISE_BEZIER_KNOTS.);
#2779 = CARTESIAN_POINT('',(0.3495,1.05,7.8000035533));
#2780 = CARTESIAN_POINT('',(2.1495,1.05,7.8000035533));
#2781 = B_SPLINE_SURFACE_WITH_KNOTS('',1,1,(
    (#2782,#2783)
    ,(#2784,#2785
    )),.UNSPECIFIED.,.F.,.F.,.F.,(2,2),(2,2),(0.,1.5),(0.,1.8),
  .PIECEWISE_BEZIER_KNOTS.);
#2782 = CARTESIAN_POINT('',(0.3495,1.05,7.8000035533));
#2783 = CARTESIAN_POINT('',(2.1495,1.05,7.8000035533));
#2784 = CARTESIAN_POINT('',(0.3495,1.05,6.3000035533));
#2785 = CARTESIAN_POINT('',(2.1495,1.05,6.3000035533));
#2786 = ADVANCED_FACE('',(#2787),#2793,.F.);
#2787 = FACE_BOUND('',#2788,.T.);
#2788 = EDGE_LOOP('',(#2789,#2790,#2791,#2792));
#2789 = ORIENTED_EDGE('',*,*,#2728,.T.);
#2790 = ORIENTED_EDGE('',*,*,#2777,.F.);
#2791 = ORIENTED_EDGE('',*,*,#2699,.F.);
#2792 = ORIENTED_EDGE('',*,*,#1591,.T.);
#2793 = B_SPLINE_SURFACE_WITH_KNOTS('',1,1,(
    (#2794,#2795)
    ,(#2796,#2797
    )),.UNSPECIFIED.,.F.,.F.,.F.,(2,2),(2,2),(0.,1.759969506697),(0.,1.8
    ),.PIECEWISE_BEZIER_KNOTS.);
#2794 = CARTESIAN_POINT('',(0.3495,0.594486372867,9.5000035533));
#2795 = CARTESIAN_POINT('',(2.1495,0.594486372867,9.5000035533));
#2796 = CARTESIAN_POINT('',(0.3495,1.05,7.8000035533));
#2797 = CARTESIAN_POINT('',(2.1495,1.05,7.8000035533));
#2798 = ADVANCED_FACE('',(#2799),#2821,.F.);
#2799 = FACE_BOUND('',#2800,.T.);
#2800 = EDGE_LOOP('',(#2801,#2808,#2815,#2820));
#2801 = ORIENTED_EDGE('',*,*,#2802,.F.);
#2802 = EDGE_CURVE('',#2803,#1668,#2805,.T.);
#2803 = VERTEX_POINT('',#2804);
#2804 = CARTESIAN_POINT('',(-2.1505,1.05,6.3000035533));
#2805 = B_SPLINE_CURVE_WITH_KNOTS('',1,(#2806,#2807),.UNSPECIFIED.,.F.,
  .F.,(2,2),(0.,2.795245687107),.PIECEWISE_BEZIER_KNOTS.);
#2806 = CARTESIAN_POINT('',(-2.1505,1.05,6.3000035533));
#2807 = CARTESIAN_POINT('',(-2.1505,0.326537180436,3.6000035533));
#2808 = ORIENTED_EDGE('',*,*,#2809,.T.);
#2809 = EDGE_CURVE('',#2803,#2810,#2812,.T.);
#2810 = VERTEX_POINT('',#2811);
#2811 = CARTESIAN_POINT('',(-0.3505,1.05,6.3000035533));
#2812 = B_SPLINE_CURVE_WITH_KNOTS('',1,(#2813,#2814),.UNSPECIFIED.,.F.,
  .F.,(2,2),(0.,1.8),.PIECEWISE_BEZIER_KNOTS.);
#2813 = CARTESIAN_POINT('',(-2.1505,1.05,6.3000035533));
#2814 = CARTESIAN_POINT('',(-0.3505,1.05,6.3000035533));
#2815 = ORIENTED_EDGE('',*,*,#2816,.T.);
#2816 = EDGE_CURVE('',#2810,#1675,#2817,.T.);
#2817 = B_SPLINE_CURVE_WITH_KNOTS('',1,(#2818,#2819),.UNSPECIFIED.,.F.,
  .F.,(2,2),(0.,2.795245687107),.PIECEWISE_BEZIER_KNOTS.);
#2818 = CARTESIAN_POINT('',(-0.3505,1.05,6.3000035533));
#2819 = CARTESIAN_POINT('',(-0.3505,0.326537180436,3.6000035533));
#2820 = ORIENTED_EDGE('',*,*,#1674,.F.);
#2821 = B_SPLINE_SURFACE_WITH_KNOTS('',1,1,(
    (#2822,#2823)
    ,(#2824,#2825
    )),.UNSPECIFIED.,.F.,.F.,.F.,(2,2),(2,2),(0.,2.795245687107),(0.,1.8
    ),.PIECEWISE_BEZIER_KNOTS.);
#2822 = CARTESIAN_POINT('',(-2.1505,1.05,6.3000035533));
#2823 = CARTESIAN_POINT('',(-0.3505,1.05,6.3000035533));
#2824 = CARTESIAN_POINT('',(-2.1505,0.326537180436,3.6000035533));
#2825 = CARTESIAN_POINT('',(-0.3505,0.326537180436,3.6000035533));
#2826 = ADVANCED_FACE('',(#2827),#2845,.T.);
#2827 = FACE_BOUND('',#2828,.T.);
#2828 = EDGE_LOOP('',(#2829,#2830,#2831,#2832,#2839,#2844));
#2829 = ORIENTED_EDGE('',*,*,#1667,.T.);
#2830 = ORIENTED_EDGE('',*,*,#1625,.T.);
#2831 = ORIENTED_EDGE('',*,*,#1478,.T.);
#2832 = ORIENTED_EDGE('',*,*,#2833,.T.);
#2833 = EDGE_CURVE('',#1470,#2834,#2836,.T.);
#2834 = VERTEX_POINT('',#2835);
#2835 = CARTESIAN_POINT('',(-2.1505,1.05,7.8000035533));
#2836 = B_SPLINE_CURVE_WITH_KNOTS('',1,(#2837,#2838),.UNSPECIFIED.,.F.,
  .F.,(2,2),(0.,1.759969506697),.PIECEWISE_BEZIER_KNOTS.);
#2837 = CARTESIAN_POINT('',(-2.1505,0.594486372867,9.5000035533));
#2838 = CARTESIAN_POINT('',(-2.1505,1.05,7.8000035533));
#2839 = ORIENTED_EDGE('',*,*,#2840,.T.);
#2840 = EDGE_CURVE('',#2834,#2803,#2841,.T.);
#2841 = B_SPLINE_CURVE_WITH_KNOTS('',1,(#2842,#2843),.UNSPECIFIED.,.F.,
  .F.,(2,2),(0.,1.5),.PIECEWISE_BEZIER_KNOTS.);
#2842 = CARTESIAN_POINT('',(-2.1505,1.05,7.8000035533));
#2843 = CARTESIAN_POINT('',(-2.1505,1.05,6.3000035533));
#2844 = ORIENTED_EDGE('',*,*,#2802,.T.);
#2845 = B_SPLINE_SURFACE_WITH_KNOTS('',1,1,(
    (#2846,#2847)
    ,(#2848,#2849
    )),.UNSPECIFIED.,.F.,.F.,.F.,(2,2),(2,2),(-6.1,-0.2),(0.326537180436
    ,1.25),.PIECEWISE_BEZIER_KNOTS.);
#2846 = CARTESIAN_POINT('',(-2.1505,0.326537180436,9.5000035533));
#2847 = CARTESIAN_POINT('',(-2.1505,1.25,9.5000035533));
#2848 = CARTESIAN_POINT('',(-2.1505,0.326537180436,3.6000035533));
#2849 = CARTESIAN_POINT('',(-2.1505,1.25,3.6000035533));
#2850 = ADVANCED_FACE('',(#2851),#2869,.F.);
#2851 = FACE_BOUND('',#2852,.T.);
#2852 = EDGE_LOOP('',(#2853,#2854,#2861,#2866,#2867,#2868));
#2853 = ORIENTED_EDGE('',*,*,#2816,.F.);
#2854 = ORIENTED_EDGE('',*,*,#2855,.F.);
#2855 = EDGE_CURVE('',#2856,#2810,#2858,.T.);
#2856 = VERTEX_POINT('',#2857);
#2857 = CARTESIAN_POINT('',(-0.3505,1.05,7.8000035533));
#2858 = B_SPLINE_CURVE_WITH_KNOTS('',1,(#2859,#2860),.UNSPECIFIED.,.F.,
  .F.,(2,2),(0.,1.5),.PIECEWISE_BEZIER_KNOTS.);
#2859 = CARTESIAN_POINT('',(-0.3505,1.05,7.8000035533));
#2860 = CARTESIAN_POINT('',(-0.3505,1.05,6.3000035533));
#2861 = ORIENTED_EDGE('',*,*,#2862,.F.);
#2862 = EDGE_CURVE('',#1472,#2856,#2863,.T.);
#2863 = B_SPLINE_CURVE_WITH_KNOTS('',1,(#2864,#2865),.UNSPECIFIED.,.F.,
  .F.,(2,2),(0.,1.759969506697),.PIECEWISE_BEZIER_KNOTS.);
#2864 = CARTESIAN_POINT('',(-0.3505,0.594486372867,9.5000035533));
#2865 = CARTESIAN_POINT('',(-0.3505,1.05,7.8000035533));
#2866 = ORIENTED_EDGE('',*,*,#1612,.F.);
#2867 = ORIENTED_EDGE('',*,*,#1752,.F.);
#2868 = ORIENTED_EDGE('',*,*,#1681,.F.);
#2869 = B_SPLINE_SURFACE_WITH_KNOTS('',1,1,(
    (#2870,#2871)
    ,(#2872,#2873
    )),.UNSPECIFIED.,.F.,.F.,.F.,(2,2),(2,2),(-6.1,-0.2),(0.326537180436
    ,1.25),.PIECEWISE_BEZIER_KNOTS.);
#2870 = CARTESIAN_POINT('',(-0.3505,0.326537180436,9.5000035533));
#2871 = CARTESIAN_POINT('',(-0.3505,1.25,9.5000035533));
#2872 = CARTESIAN_POINT('',(-0.3505,0.326537180436,3.6000035533));
#2873 = CARTESIAN_POINT('',(-0.3505,1.25,3.6000035533));
#2874 = ADVANCED_FACE('',(#2875,#2905),#2915,.F.);
#2875 = FACE_BOUND('',#2876,.T.);
#2876 = EDGE_LOOP('',(#2877,#2886,#2893,#2900));
#2877 = ORIENTED_EDGE('',*,*,#2878,.F.);
#2878 = EDGE_CURVE('',#2879,#2881,#2883,.T.);
#2879 = VERTEX_POINT('',#2880);
#2880 = CARTESIAN_POINT('',(-0.9305,1.05,6.7300035533));
#2881 = VERTEX_POINT('',#2882);
#2882 = CARTESIAN_POINT('',(-1.5705,1.05,6.7300035533));
#2883 = B_SPLINE_CURVE_WITH_KNOTS('',1,(#2884,#2885),.UNSPECIFIED.,.F.,
  .F.,(2,2),(-1.22,-0.58),.PIECEWISE_BEZIER_KNOTS.);
#2884 = CARTESIAN_POINT('',(-0.9305,1.05,6.7300035533));
#2885 = CARTESIAN_POINT('',(-1.5705,1.05,6.7300035533));
#2886 = ORIENTED_EDGE('',*,*,#2887,.T.);
#2887 = EDGE_CURVE('',#2879,#2888,#2890,.T.);
#2888 = VERTEX_POINT('',#2889);
#2889 = CARTESIAN_POINT('',(-0.9305,1.05,7.3700035533));
#2890 = B_SPLINE_CURVE_WITH_KNOTS('',1,(#2891,#2892),.UNSPECIFIED.,.F.,
  .F.,(2,2),(-1.07,-0.43),.PIECEWISE_BEZIER_KNOTS.);
#2891 = CARTESIAN_POINT('',(-0.9305,1.05,6.7300035533));
#2892 = CARTESIAN_POINT('',(-0.9305,1.05,7.3700035533));
#2893 = ORIENTED_EDGE('',*,*,#2894,.T.);
#2894 = EDGE_CURVE('',#2888,#2895,#2897,.T.);
#2895 = VERTEX_POINT('',#2896);
#2896 = CARTESIAN_POINT('',(-1.5705,1.05,7.3700035533));
#2897 = B_SPLINE_CURVE_WITH_KNOTS('',1,(#2898,#2899),.UNSPECIFIED.,.F.,
  .F.,(2,2),(-1.22,-0.58),.PIECEWISE_BEZIER_KNOTS.);
#2898 = CARTESIAN_POINT('',(-0.9305,1.05,7.3700035533));
#2899 = CARTESIAN_POINT('',(-1.5705,1.05,7.3700035533));
#2900 = ORIENTED_EDGE('',*,*,#2901,.F.);
#2901 = EDGE_CURVE('',#2881,#2895,#2902,.T.);
#2902 = B_SPLINE_CURVE_WITH_KNOTS('',1,(#2903,#2904),.UNSPECIFIED.,.F.,
  .F.,(2,2),(-1.07,-0.43),.PIECEWISE_BEZIER_KNOTS.);
#2903 = CARTESIAN_POINT('',(-1.5705,1.05,6.7300035533));
#2904 = CARTESIAN_POINT('',(-1.5705,1.05,7.3700035533));
#2905 = FACE_BOUND('',#2906,.T.);
#2906 = EDGE_LOOP('',(#2907,#2908,#2909,#2910));
#2907 = ORIENTED_EDGE('',*,*,#2855,.T.);
#2908 = ORIENTED_EDGE('',*,*,#2809,.F.);
#2909 = ORIENTED_EDGE('',*,*,#2840,.F.);
#2910 = ORIENTED_EDGE('',*,*,#2911,.T.);
#2911 = EDGE_CURVE('',#2834,#2856,#2912,.T.);
#2912 = B_SPLINE_CURVE_WITH_KNOTS('',1,(#2913,#2914),.UNSPECIFIED.,.F.,
  .F.,(2,2),(0.,1.8),.PIECEWISE_BEZIER_KNOTS.);
#2913 = CARTESIAN_POINT('',(-2.1505,1.05,7.8000035533));
#2914 = CARTESIAN_POINT('',(-0.3505,1.05,7.8000035533));
#2915 = B_SPLINE_SURFACE_WITH_KNOTS('',1,1,(
    (#2916,#2917)
    ,(#2918,#2919
    )),.UNSPECIFIED.,.F.,.F.,.F.,(2,2),(2,2),(0.,1.5),(0.,1.8),
  .PIECEWISE_BEZIER_KNOTS.);
#2916 = CARTESIAN_POINT('',(-2.1505,1.05,7.8000035533));
#2917 = CARTESIAN_POINT('',(-0.3505,1.05,7.8000035533));
#2918 = CARTESIAN_POINT('',(-2.1505,1.05,6.3000035533));
#2919 = CARTESIAN_POINT('',(-0.3505,1.05,6.3000035533));
#2920 = ADVANCED_FACE('',(#2921),#2927,.F.);
#2921 = FACE_BOUND('',#2922,.T.);
#2922 = EDGE_LOOP('',(#2923,#2924,#2925,#2926));
#2923 = ORIENTED_EDGE('',*,*,#2862,.T.);
#2924 = ORIENTED_EDGE('',*,*,#2911,.F.);
#2925 = ORIENTED_EDGE('',*,*,#2833,.F.);
#2926 = ORIENTED_EDGE('',*,*,#1469,.T.);
#2927 = B_SPLINE_SURFACE_WITH_KNOTS('',1,1,(
    (#2928,#2929)
    ,(#2930,#2931
    )),.UNSPECIFIED.,.F.,.F.,.F.,(2,2),(2,2),(0.,1.759969506697),(0.,1.8
    ),.PIECEWISE_BEZIER_KNOTS.);
#2928 = CARTESIAN_POINT('',(-2.1505,0.594486372867,9.5000035533));
#2929 = CARTESIAN_POINT('',(-0.3505,0.594486372867,9.5000035533));
#2930 = CARTESIAN_POINT('',(-2.1505,1.05,7.8000035533));
#2931 = CARTESIAN_POINT('',(-0.3505,1.05,7.8000035533));
#2932 = ADVANCED_FACE('',(#2933),#2965,.F.);
#2933 = FACE_BOUND('',#2934,.F.);
#2934 = EDGE_LOOP('',(#2935,#2944,#2952,#2959));
#2935 = ORIENTED_EDGE('',*,*,#2936,.F.);
#2936 = EDGE_CURVE('',#2937,#2939,#2941,.T.);
#2937 = VERTEX_POINT('',#2938);
#2938 = CARTESIAN_POINT('',(1.5695,2.8,6.7300035533));
#2939 = VERTEX_POINT('',#2940);
#2940 = CARTESIAN_POINT('',(0.9295,2.8,6.7300035533));
#2941 = B_SPLINE_CURVE_WITH_KNOTS('',1,(#2942,#2943),.UNSPECIFIED.,.F.,
  .F.,(2,2),(-0.,0.64),.PIECEWISE_BEZIER_KNOTS.);
#2942 = CARTESIAN_POINT('',(1.5695,2.8,6.7300035533));
#2943 = CARTESIAN_POINT('',(0.9295,2.8,6.7300035533));
#2944 = ORIENTED_EDGE('',*,*,#2945,.T.);
#2945 = EDGE_CURVE('',#2937,#2946,#2948,.T.);
#2946 = VERTEX_POINT('',#2947);
#2947 = CARTESIAN_POINT('',(1.5695,3.13,6.4000035533));
#2948 = ( BOUNDED_CURVE() B_SPLINE_CURVE(2,(#2949,#2950,#2951),
.UNSPECIFIED.,.F.,.F.) B_SPLINE_CURVE_WITH_KNOTS((3,3),(3.14159265359,
4.712388980385),.PIECEWISE_BEZIER_KNOTS.) CURVE() 
GEOMETRIC_REPRESENTATION_ITEM() RATIONAL_B_SPLINE_CURVE((1.,
0.707106781187,1.)) REPRESENTATION_ITEM('') );
#2949 = CARTESIAN_POINT('',(1.5695,2.8,6.7300035533));
#2950 = CARTESIAN_POINT('',(1.5695,3.13,6.7300035533));
#2951 = CARTESIAN_POINT('',(1.5695,3.13,6.4000035533));
#2952 = ORIENTED_EDGE('',*,*,#2953,.T.);
#2953 = EDGE_CURVE('',#2946,#2954,#2956,.T.);
#2954 = VERTEX_POINT('',#2955);
#2955 = CARTESIAN_POINT('',(0.9295,3.13,6.4000035533));
#2956 = B_SPLINE_CURVE_WITH_KNOTS('',1,(#2957,#2958),.UNSPECIFIED.,.F.,
  .F.,(2,2),(-0.,0.64),.PIECEWISE_BEZIER_KNOTS.);
#2957 = CARTESIAN_POINT('',(1.5695,3.13,6.4000035533));
#2958 = CARTESIAN_POINT('',(0.9295,3.13,6.4000035533));
#2959 = ORIENTED_EDGE('',*,*,#2960,.F.);
#2960 = EDGE_CURVE('',#2939,#2954,#2961,.T.);
#2961 = ( BOUNDED_CURVE() B_SPLINE_CURVE(2,(#2962,#2963,#2964),
.UNSPECIFIED.,.F.,.F.) B_SPLINE_CURVE_WITH_KNOTS((3,3),(3.14159265359,
4.712388980385),.PIECEWISE_BEZIER_KNOTS.) CURVE() 
GEOMETRIC_REPRESENTATION_ITEM() RATIONAL_B_SPLINE_CURVE((1.,
0.707106781187,1.)) REPRESENTATION_ITEM('') );
#2962 = CARTESIAN_POINT('',(0.9295,2.8,6.7300035533));
#2963 = CARTESIAN_POINT('',(0.9295,3.13,6.7300035533));
#2964 = CARTESIAN_POINT('',(0.9295,3.13,6.4000035533));
#2965 = ( BOUNDED_SURFACE() B_SPLINE_SURFACE(2,1,(
    (#2966,#2967)
    ,(#2968,#2969)
    ,(#2970,#2971
)),.UNSPECIFIED.,.F.,.F.,.F.) B_SPLINE_SURFACE_WITH_KNOTS((3,3),(2,2),(
    0.,1.570796326795),(0.,0.64),.PIECEWISE_BEZIER_KNOTS.) 
GEOMETRIC_REPRESENTATION_ITEM() RATIONAL_B_SPLINE_SURFACE((
    (1.,1.)
    ,(0.707106781187,0.707106781187)
,(1.,1.))) REPRESENTATION_ITEM('') SURFACE() );
#2966 = CARTESIAN_POINT('',(1.5695,2.8,6.7300035533));
#2967 = CARTESIAN_POINT('',(0.9295,2.8,6.7300035533));
#2968 = CARTESIAN_POINT('',(1.5695,3.13,6.7300035533));
#2969 = CARTESIAN_POINT('',(0.9295,3.13,6.7300035533));
#2970 = CARTESIAN_POINT('',(1.5695,3.13,6.4000035533));
#2971 = CARTESIAN_POINT('',(0.9295,3.13,6.4000035533));
#2972 = ADVANCED_FACE('',(#2973),#2995,.F.);
#2973 = FACE_BOUND('',#2974,.T.);
#2974 = EDGE_LOOP('',(#2975,#2982,#2989,#2994));
#2975 = ORIENTED_EDGE('',*,*,#2976,.T.);
#2976 = EDGE_CURVE('',#2954,#2977,#2979,.T.);
#2977 = VERTEX_POINT('',#2978);
#2978 = CARTESIAN_POINT('',(0.9295,3.13,3.169722370493));
#2979 = B_SPLINE_CURVE_WITH_KNOTS('',1,(#2980,#2981),.UNSPECIFIED.,.F.,
  .F.,(2,2),(0.,3.230281182807),.PIECEWISE_BEZIER_KNOTS.);
#2980 = CARTESIAN_POINT('',(0.9295,3.13,6.4000035533));
#2981 = CARTESIAN_POINT('',(0.9295,3.13,3.169722370493));
#2982 = ORIENTED_EDGE('',*,*,#2983,.F.);
#2983 = EDGE_CURVE('',#2984,#2977,#2986,.T.);
#2984 = VERTEX_POINT('',#2985);
#2985 = CARTESIAN_POINT('',(1.5695,3.13,3.169722370493));
#2986 = B_SPLINE_CURVE_WITH_KNOTS('',1,(#2987,#2988),.UNSPECIFIED.,.F.,
  .F.,(2,2),(-0.,0.64),.PIECEWISE_BEZIER_KNOTS.);
#2987 = CARTESIAN_POINT('',(1.5695,3.13,3.169722370493));
#2988 = CARTESIAN_POINT('',(0.9295,3.13,3.169722370493));
#2989 = ORIENTED_EDGE('',*,*,#2990,.F.);
#2990 = EDGE_CURVE('',#2946,#2984,#2991,.T.);
#2991 = B_SPLINE_CURVE_WITH_KNOTS('',1,(#2992,#2993),.UNSPECIFIED.,.F.,
  .F.,(2,2),(0.,3.230281182807),.PIECEWISE_BEZIER_KNOTS.);
#2992 = CARTESIAN_POINT('',(1.5695,3.13,6.4000035533));
#2993 = CARTESIAN_POINT('',(1.5695,3.13,3.169722370493));
#2994 = ORIENTED_EDGE('',*,*,#2953,.T.);
#2995 = B_SPLINE_SURFACE_WITH_KNOTS('',1,1,(
    (#2996,#2997)
    ,(#2998,#2999
    )),.UNSPECIFIED.,.F.,.F.,.F.,(2,2),(2,2),(-3.230281182807,0.),(-0.64
    ,0.),.PIECEWISE_BEZIER_KNOTS.);
#2996 = CARTESIAN_POINT('',(0.9295,3.13,3.169722370493));
#2997 = CARTESIAN_POINT('',(1.5695,3.13,3.169722370493));
#2998 = CARTESIAN_POINT('',(0.9295,3.13,6.4000035533));
#2999 = CARTESIAN_POINT('',(1.5695,3.13,6.4000035533));
#3000 = ADVANCED_FACE('',(#3001),#3025,.F.);
#3001 = FACE_BOUND('',#3002,.F.);
#3002 = EDGE_LOOP('',(#3003,#3004,#3012,#3019));
#3003 = ORIENTED_EDGE('',*,*,#2983,.F.);
#3004 = ORIENTED_EDGE('',*,*,#3005,.T.);
#3005 = EDGE_CURVE('',#2984,#3006,#3008,.T.);
#3006 = VERTEX_POINT('',#3007);
#3007 = CARTESIAN_POINT('',(1.5695,3.077279220614,3.042443149879));
#3008 = ( BOUNDED_CURVE() B_SPLINE_CURVE(2,(#3009,#3010,#3011),
.UNSPECIFIED.,.F.,.F.) B_SPLINE_CURVE_WITH_KNOTS((3,3),(4.712388980385,
5.497787143782),.PIECEWISE_BEZIER_KNOTS.) CURVE() 
GEOMETRIC_REPRESENTATION_ITEM() RATIONAL_B_SPLINE_CURVE((1.,
0.923879532511,1.)) REPRESENTATION_ITEM('') );
#3009 = CARTESIAN_POINT('',(1.5695,3.13,3.169722370493));
#3010 = CARTESIAN_POINT('',(1.5695,3.13,3.095163929266));
#3011 = CARTESIAN_POINT('',(1.5695,3.077279220614,3.042443149879));
#3012 = ORIENTED_EDGE('',*,*,#3013,.T.);
#3013 = EDGE_CURVE('',#3006,#3014,#3016,.T.);
#3014 = VERTEX_POINT('',#3015);
#3015 = CARTESIAN_POINT('',(0.9295,3.077279220614,3.042443149879));
#3016 = B_SPLINE_CURVE_WITH_KNOTS('',1,(#3017,#3018),.UNSPECIFIED.,.F.,
  .F.,(2,2),(-0.,0.64),.PIECEWISE_BEZIER_KNOTS.);
#3017 = CARTESIAN_POINT('',(1.5695,3.077279220614,3.042443149879));
#3018 = CARTESIAN_POINT('',(0.9295,3.077279220614,3.042443149879));
#3019 = ORIENTED_EDGE('',*,*,#3020,.F.);
#3020 = EDGE_CURVE('',#2977,#3014,#3021,.T.);
#3021 = ( BOUNDED_CURVE() B_SPLINE_CURVE(2,(#3022,#3023,#3024),
.UNSPECIFIED.,.F.,.F.) B_SPLINE_CURVE_WITH_KNOTS((3,3),(4.712388980385,
5.497787143782),.PIECEWISE_BEZIER_KNOTS.) CURVE() 
GEOMETRIC_REPRESENTATION_ITEM() RATIONAL_B_SPLINE_CURVE((1.,
0.923879532511,1.)) REPRESENTATION_ITEM('') );
#3022 = CARTESIAN_POINT('',(0.9295,3.13,3.169722370493));
#3023 = CARTESIAN_POINT('',(0.9295,3.13,3.095163929266));
#3024 = CARTESIAN_POINT('',(0.9295,3.077279220614,3.042443149879));
#3025 = ( BOUNDED_SURFACE() B_SPLINE_SURFACE(2,1,(
    (#3026,#3027)
    ,(#3028,#3029)
    ,(#3030,#3031
)),.UNSPECIFIED.,.F.,.F.,.F.) B_SPLINE_SURFACE_WITH_KNOTS((3,3),(2,2),(
    1.570796326795,2.356194490192),(0.,0.64),.PIECEWISE_BEZIER_KNOTS.) 
GEOMETRIC_REPRESENTATION_ITEM() RATIONAL_B_SPLINE_SURFACE((
    (1.,1.)
    ,(0.923879532511,0.923879532511)
,(1.,1.))) REPRESENTATION_ITEM('') SURFACE() );
#3026 = CARTESIAN_POINT('',(1.5695,3.13,3.169722370493));
#3027 = CARTESIAN_POINT('',(0.9295,3.13,3.169722370493));
#3028 = CARTESIAN_POINT('',(1.5695,3.13,3.095163929266));
#3029 = CARTESIAN_POINT('',(0.9295,3.13,3.095163929266));
#3030 = CARTESIAN_POINT('',(1.5695,3.077279220614,3.042443149879));
#3031 = CARTESIAN_POINT('',(0.9295,3.077279220614,3.042443149879));
#3032 = ADVANCED_FACE('',(#3033),#3055,.F.);
#3033 = FACE_BOUND('',#3034,.T.);
#3034 = EDGE_LOOP('',(#3035,#3042,#3049,#3054));
#3035 = ORIENTED_EDGE('',*,*,#3036,.T.);
#3036 = EDGE_CURVE('',#3014,#3037,#3039,.T.);
#3037 = VERTEX_POINT('',#3038);
#3038 = CARTESIAN_POINT('',(0.9295,3.047030914801,3.012194844067));
#3039 = B_SPLINE_CURVE_WITH_KNOTS('',1,(#3040,#3041),.UNSPECIFIED.,.F.,
  .F.,(2,2),(-7.850462293419E-17,4.277756431875E-02),
  .PIECEWISE_BEZIER_KNOTS.);
#3040 = CARTESIAN_POINT('',(0.9295,3.077279220614,3.042443149879));
#3041 = CARTESIAN_POINT('',(0.9295,3.047030914801,3.012194844067));
#3042 = ORIENTED_EDGE('',*,*,#3043,.F.);
#3043 = EDGE_CURVE('',#3044,#3037,#3046,.T.);
#3044 = VERTEX_POINT('',#3045);
#3045 = CARTESIAN_POINT('',(1.5695,3.047030914801,3.012194844067));
#3046 = B_SPLINE_CURVE_WITH_KNOTS('',1,(#3047,#3048),.UNSPECIFIED.,.F.,
  .F.,(2,2),(-0.,0.64),.PIECEWISE_BEZIER_KNOTS.);
#3047 = CARTESIAN_POINT('',(1.5695,3.047030914801,3.012194844067));
#3048 = CARTESIAN_POINT('',(0.9295,3.047030914801,3.012194844067));
#3049 = ORIENTED_EDGE('',*,*,#3050,.F.);
#3050 = EDGE_CURVE('',#3006,#3044,#3051,.T.);
#3051 = B_SPLINE_CURVE_WITH_KNOTS('',1,(#3052,#3053),.UNSPECIFIED.,.F.,
  .F.,(2,2),(-7.850462293419E-17,4.277756431875E-02),
  .PIECEWISE_BEZIER_KNOTS.);
#3052 = CARTESIAN_POINT('',(1.5695,3.077279220614,3.042443149879));
#3053 = CARTESIAN_POINT('',(1.5695,3.047030914801,3.012194844067));
#3054 = ORIENTED_EDGE('',*,*,#3013,.T.);
#3055 = B_SPLINE_SURFACE_WITH_KNOTS('',1,1,(
    (#3056,#3057)
    ,(#3058,#3059
    )),.UNSPECIFIED.,.F.,.F.,.F.,(2,2),(2,2),(-4.277756431875E-02,
    7.850462293419E-17),(-0.64,0.),.PIECEWISE_BEZIER_KNOTS.);
#3056 = CARTESIAN_POINT('',(0.9295,3.047030914801,3.012194844067));
#3057 = CARTESIAN_POINT('',(1.5695,3.047030914801,3.012194844067));
#3058 = CARTESIAN_POINT('',(0.9295,3.077279220614,3.042443149879));
#3059 = CARTESIAN_POINT('',(1.5695,3.077279220614,3.042443149879));
#3060 = ADVANCED_FACE('',(#3061),#3085,.T.);
#3061 = FACE_BOUND('',#3062,.T.);
#3062 = EDGE_LOOP('',(#3063,#3071,#3078,#3084));
#3063 = ORIENTED_EDGE('',*,*,#3064,.T.);
#3064 = EDGE_CURVE('',#3037,#3065,#3067,.T.);
#3065 = VERTEX_POINT('',#3066);
#3066 = CARTESIAN_POINT('',(0.9295,2.819316117904,2.289975777807));
#3067 = ( BOUNDED_CURVE() B_SPLINE_CURVE(2,(#3068,#3069,#3070),
.UNSPECIFIED.,.F.,.F.) B_SPLINE_CURVE_WITH_KNOTS((3,3),(3.926990816987,
4.886921905584),.PIECEWISE_BEZIER_KNOTS.) CURVE() 
GEOMETRIC_REPRESENTATION_ITEM() RATIONAL_B_SPLINE_CURVE((1.,
0.887010833178,1.)) REPRESENTATION_ITEM('') );
#3068 = CARTESIAN_POINT('',(0.9295,3.047030914801,3.012194844067));
#3069 = CARTESIAN_POINT('',(0.9295,2.745191791765,2.710355721031));
#3070 = CARTESIAN_POINT('',(0.9295,2.819316117904,2.289975777807));
#3071 = ORIENTED_EDGE('',*,*,#3072,.F.);
#3072 = EDGE_CURVE('',#3073,#3065,#3075,.T.);
#3073 = VERTEX_POINT('',#3074);
#3074 = CARTESIAN_POINT('',(1.5695,2.819316117904,2.289975777807));
#3075 = B_SPLINE_CURVE_WITH_KNOTS('',1,(#3076,#3077),.UNSPECIFIED.,.F.,
  .F.,(2,2),(-0.,0.64),.PIECEWISE_BEZIER_KNOTS.);
#3076 = CARTESIAN_POINT('',(1.5695,2.819316117904,2.289975777807));
#3077 = CARTESIAN_POINT('',(0.9295,2.819316117904,2.289975777807));
#3078 = ORIENTED_EDGE('',*,*,#3079,.F.);
#3079 = EDGE_CURVE('',#3044,#3073,#3080,.T.);
#3080 = ( BOUNDED_CURVE() B_SPLINE_CURVE(2,(#3081,#3082,#3083),
.UNSPECIFIED.,.F.,.F.) B_SPLINE_CURVE_WITH_KNOTS((3,3),(3.926990816987,
4.886921905584),.PIECEWISE_BEZIER_KNOTS.) CURVE() 
GEOMETRIC_REPRESENTATION_ITEM() RATIONAL_B_SPLINE_CURVE((1.,
0.887010833178,1.)) REPRESENTATION_ITEM('') );
#3081 = CARTESIAN_POINT('',(1.5695,3.047030914801,3.012194844067));
#3082 = CARTESIAN_POINT('',(1.5695,2.745191791765,2.710355721031));
#3083 = CARTESIAN_POINT('',(1.5695,2.819316117904,2.289975777807));
#3084 = ORIENTED_EDGE('',*,*,#3043,.T.);
#3085 = ( BOUNDED_SURFACE() B_SPLINE_SURFACE(2,1,(
    (#3086,#3087)
    ,(#3088,#3089)
    ,(#3090,#3091
)),.UNSPECIFIED.,.F.,.F.,.F.) B_SPLINE_SURFACE_WITH_KNOTS((3,3),(2,2),(
    4.537856055185,5.497787143782),(0.,0.64),.PIECEWISE_BEZIER_KNOTS.) 
GEOMETRIC_REPRESENTATION_ITEM() RATIONAL_B_SPLINE_SURFACE((
    (1.,1.)
    ,(0.887010833178,0.887010833178)
,(1.,1.))) REPRESENTATION_ITEM('') SURFACE() );
#3086 = CARTESIAN_POINT('',(1.5695,2.819316117904,2.289975777807));
#3087 = CARTESIAN_POINT('',(0.9295,2.819316117904,2.289975777807));
#3088 = CARTESIAN_POINT('',(1.5695,2.745191791765,2.710355721031));
#3089 = CARTESIAN_POINT('',(0.9295,2.745191791765,2.710355721031));
#3090 = CARTESIAN_POINT('',(1.5695,3.047030914801,3.012194844067));
#3091 = CARTESIAN_POINT('',(0.9295,3.047030914801,3.012194844067));
#3092 = ADVANCED_FACE('',(#3093),#3129,.F.);
#3093 = FACE_BOUND('',#3094,.T.);
#3094 = EDGE_LOOP('',(#3095,#3104,#3111,#3116,#3117,#3124));
#3095 = ORIENTED_EDGE('',*,*,#3096,.F.);
#3096 = EDGE_CURVE('',#3097,#3099,#3101,.T.);
#3097 = VERTEX_POINT('',#3098);
#3098 = CARTESIAN_POINT('',(1.568363840687,3.125138480964,0.555570970154
    ));
#3099 = VERTEX_POINT('',#3100);
#3100 = CARTESIAN_POINT('',(0.930636159313,3.125138480964,0.555570970154
    ));
#3101 = B_SPLINE_CURVE_WITH_KNOTS('',1,(#3102,#3103),.UNSPECIFIED.,.F.,
  .F.,(2,2),(1.136159313082E-03,0.638863840687),
  .PIECEWISE_BEZIER_KNOTS.);
#3102 = CARTESIAN_POINT('',(1.568363840687,3.125138480964,0.555570970154
    ));
#3103 = CARTESIAN_POINT('',(0.930636159313,3.125138480964,0.555570970154
    ));
#3104 = ORIENTED_EDGE('',*,*,#3105,.T.);
#3105 = EDGE_CURVE('',#3097,#3106,#3108,.T.);
#3106 = VERTEX_POINT('',#3107);
#3107 = CARTESIAN_POINT('',(1.5695,3.124390818545,0.559811174435));
#3108 = B_SPLINE_CURVE_WITH_KNOTS('',1,(#3109,#3110),.UNSPECIFIED.,.F.,
  .F.,(2,2),(0.67527343043,0.679726428232),.PIECEWISE_BEZIER_KNOTS.);
#3109 = CARTESIAN_POINT('',(1.568363840687,3.125138480964,0.555570970154
    ));
#3110 = CARTESIAN_POINT('',(1.5695,3.124390818545,0.559811174435));
#3111 = ORIENTED_EDGE('',*,*,#3112,.F.);
#3112 = EDGE_CURVE('',#3073,#3106,#3113,.T.);
#3113 = B_SPLINE_CURVE_WITH_KNOTS('',1,(#3114,#3115),.UNSPECIFIED.,.F.,
  .F.,(2,2),(0.,1.756855181206),.PIECEWISE_BEZIER_KNOTS.);
#3114 = CARTESIAN_POINT('',(1.5695,2.819316117904,2.289975777807));
#3115 = CARTESIAN_POINT('',(1.5695,3.124390818545,0.559811174435));
#3116 = ORIENTED_EDGE('',*,*,#3072,.T.);
#3117 = ORIENTED_EDGE('',*,*,#3118,.T.);
#3118 = EDGE_CURVE('',#3065,#3119,#3121,.T.);
#3119 = VERTEX_POINT('',#3120);
#3120 = CARTESIAN_POINT('',(0.9295,3.124390818545,0.559811174435));
#3121 = B_SPLINE_CURVE_WITH_KNOTS('',1,(#3122,#3123),.UNSPECIFIED.,.F.,
  .F.,(2,2),(0.,1.756855181206),.PIECEWISE_BEZIER_KNOTS.);
#3122 = CARTESIAN_POINT('',(0.9295,2.819316117904,2.289975777807));
#3123 = CARTESIAN_POINT('',(0.9295,3.124390818545,0.559811174435));
#3124 = ORIENTED_EDGE('',*,*,#3125,.T.);
#3125 = EDGE_CURVE('',#3119,#3099,#3126,.T.);
#3126 = B_SPLINE_CURVE_WITH_KNOTS('',1,(#3127,#3128),.UNSPECIFIED.,.F.,
  .F.,(2,2),(5.278650702485E-02,5.723950482738E-02),
  .PIECEWISE_BEZIER_KNOTS.);
#3127 = CARTESIAN_POINT('',(0.9295,3.124390818545,0.559811174435));
#3128 = CARTESIAN_POINT('',(0.930636159313,3.125138480964,0.555570970154
    ));
#3129 = B_SPLINE_SURFACE_WITH_KNOTS('',1,1,(
    (#3130,#3131)
    ,(#3132,#3133
    )),.UNSPECIFIED.,.F.,.F.,.F.,(2,2),(2,2),(-1.761160797474,0.),(-0.64
    ,0.),.PIECEWISE_BEZIER_KNOTS.);
#3130 = CARTESIAN_POINT('',(0.9295,3.125138480964,0.555570970154));
#3131 = CARTESIAN_POINT('',(1.5695,3.125138480964,0.555570970154));
#3132 = CARTESIAN_POINT('',(0.9295,2.819316117904,2.289975777807));
#3133 = CARTESIAN_POINT('',(1.5695,2.819316117904,2.289975777807));
#3134 = ADVANCED_FACE('',(#3135),#3161,.F.);
#3135 = FACE_BOUND('',#3136,.F.);
#3136 = EDGE_LOOP('',(#3137,#3146,#3147,#3156));
#3137 = ORIENTED_EDGE('',*,*,#3138,.F.);
#3138 = EDGE_CURVE('',#3099,#3139,#3141,.T.);
#3139 = VERTEX_POINT('',#3140);
#3140 = CARTESIAN_POINT('',(0.93461449057,3.127398605673,0.540723635775)
  );
#3141 = ( BOUNDED_CURVE() B_SPLINE_CURVE(3,(#3142,#3143,#3144,#3145),
.UNSPECIFIED.,.F.,.F.) B_SPLINE_CURVE_WITH_KNOTS((4,4),(1.396263401595,
1.443200122934),.PIECEWISE_BEZIER_KNOTS.) CURVE() 
GEOMETRIC_REPRESENTATION_ITEM() RATIONAL_B_SPLINE_CURVE((1.,
0.999816420442,0.999816420442,1.)) REPRESENTATION_ITEM('') );
#3142 = CARTESIAN_POINT('',(0.930636159313,3.125138480964,0.555570970154
    ));
#3143 = CARTESIAN_POINT('',(0.931957410083,3.126007944898,0.550639995152
    ));
#3144 = CARTESIAN_POINT('',(0.933283763993,3.12676145813,0.545689974971)
  );
#3145 = CARTESIAN_POINT('',(0.93461449057,3.127398605673,0.540723635775)
  );
#3146 = ORIENTED_EDGE('',*,*,#3096,.F.);
#3147 = ORIENTED_EDGE('',*,*,#3148,.F.);
#3148 = EDGE_CURVE('',#3149,#3097,#3151,.T.);
#3149 = VERTEX_POINT('',#3150);
#3150 = CARTESIAN_POINT('',(1.56438550943,3.127398605673,0.540723635775)
  );
#3151 = ( BOUNDED_CURVE() B_SPLINE_CURVE(3,(#3152,#3153,#3154,#3155),
.UNSPECIFIED.,.F.,.F.) B_SPLINE_CURVE_WITH_KNOTS((4,4),(1.698392530655,
1.745329251994),.PIECEWISE_BEZIER_KNOTS.) CURVE() 
GEOMETRIC_REPRESENTATION_ITEM() RATIONAL_B_SPLINE_CURVE((1.,
0.999816420442,0.999816420442,1.)) REPRESENTATION_ITEM('') );
#3152 = CARTESIAN_POINT('',(1.56438550943,3.127398605673,0.540723635775)
  );
#3153 = CARTESIAN_POINT('',(1.565716236007,3.12676145813,0.545689974971)
  );
#3154 = CARTESIAN_POINT('',(1.567042589917,3.126007944898,0.550639995152
    ));
#3155 = CARTESIAN_POINT('',(1.568363840687,3.125138480964,0.555570970154
    ));
#3156 = ORIENTED_EDGE('',*,*,#3157,.F.);
#3157 = EDGE_CURVE('',#3139,#3149,#3158,.T.);
#3158 = B_SPLINE_CURVE_WITH_KNOTS('',1,(#3159,#3160),.UNSPECIFIED.,.F.,
  .F.,(2,2),(-0.63488550943,-5.114490569502E-03),
  .PIECEWISE_BEZIER_KNOTS.);
#3159 = CARTESIAN_POINT('',(0.93461449057,3.127398605673,0.540723635775)
  );
#3160 = CARTESIAN_POINT('',(1.56438550943,3.127398605673,0.540723635775)
  );
#3161 = ( BOUNDED_SURFACE() B_SPLINE_SURFACE(2,1,(
    (#3162,#3163)
    ,(#3164,#3165)
    ,(#3166,#3167
)),.UNSPECIFIED.,.F.,.F.,.F.) B_SPLINE_SURFACE_WITH_KNOTS((3,3),(2,2),(
    1.396263401595,1.443200122934),(1.136159313082E-03,0.638863840687),
.PIECEWISE_BEZIER_KNOTS.) GEOMETRIC_REPRESENTATION_ITEM() 
RATIONAL_B_SPLINE_SURFACE((
    (1.,1.)
    ,(0.999724630663,0.999724630663)
,(1.,1.))) REPRESENTATION_ITEM('') SURFACE() );
#3162 = CARTESIAN_POINT('',(1.568363840687,3.125138480964,0.555570970154
    ));
#3163 = CARTESIAN_POINT('',(0.930636159313,3.125138480964,0.555570970154
    ));
#3164 = CARTESIAN_POINT('',(1.568363840687,3.12644279661,0.548173828545)
  );
#3165 = CARTESIAN_POINT('',(0.930636159313,3.12644279661,0.548173828545)
  );
#3166 = CARTESIAN_POINT('',(1.568363840687,3.127398605673,0.540723635775
    ));
#3167 = CARTESIAN_POINT('',(0.930636159313,3.127398605673,0.540723635775
    ));
#3168 = ADVANCED_FACE('',(#3169),#3199,.T.);
#3169 = FACE_BOUND('',#3170,.T.);
#3170 = EDGE_LOOP('',(#3171,#3180,#3187,#3194));
#3171 = ORIENTED_EDGE('',*,*,#3172,.T.);
#3172 = EDGE_CURVE('',#3173,#3175,#3177,.T.);
#3173 = VERTEX_POINT('',#3174);
#3174 = CARTESIAN_POINT('',(1.4195,3.617788987579,3.553300155446E-06));
#3175 = VERTEX_POINT('',#3176);
#3176 = CARTESIAN_POINT('',(1.4195,3.276179202082,3.553300155446E-06));
#3177 = B_SPLINE_CURVE_WITH_KNOTS('',1,(#3178,#3179),.UNSPECIFIED.,.F.,
  .F.,(2,2),(0.152211012421,0.493820797918),.PIECEWISE_BEZIER_KNOTS.);
#3178 = CARTESIAN_POINT('',(1.4195,3.617788987579,3.553300155446E-06));
#3179 = CARTESIAN_POINT('',(1.4195,3.276179202082,3.553300155446E-06));
#3180 = ORIENTED_EDGE('',*,*,#3181,.T.);
#3181 = EDGE_CURVE('',#3175,#3182,#3184,.T.);
#3182 = VERTEX_POINT('',#3183);
#3183 = CARTESIAN_POINT('',(1.0795,3.276179202082,3.553300155446E-06));
#3184 = B_SPLINE_CURVE_WITH_KNOTS('',1,(#3185,#3186),.UNSPECIFIED.,.F.,
  .F.,(2,2),(-0.49,-0.15),.PIECEWISE_BEZIER_KNOTS.);
#3185 = CARTESIAN_POINT('',(1.4195,3.276179202082,3.553300155446E-06));
#3186 = CARTESIAN_POINT('',(1.0795,3.276179202082,3.553300155446E-06));
#3187 = ORIENTED_EDGE('',*,*,#3188,.T.);
#3188 = EDGE_CURVE('',#3182,#3189,#3191,.T.);
#3189 = VERTEX_POINT('',#3190);
#3190 = CARTESIAN_POINT('',(1.0795,3.617788987579,3.553300155446E-06));
#3191 = B_SPLINE_CURVE_WITH_KNOTS('',1,(#3192,#3193),.UNSPECIFIED.,.F.,
  .F.,(2,2),(-0.493820797918,-0.152211012421),.PIECEWISE_BEZIER_KNOTS.);
#3192 = CARTESIAN_POINT('',(1.0795,3.276179202082,3.553300155446E-06));
#3193 = CARTESIAN_POINT('',(1.0795,3.617788987579,3.553300155446E-06));
#3194 = ORIENTED_EDGE('',*,*,#3195,.T.);
#3195 = EDGE_CURVE('',#3189,#3173,#3196,.T.);
#3196 = B_SPLINE_CURVE_WITH_KNOTS('',1,(#3197,#3198),.UNSPECIFIED.,.F.,
  .F.,(2,2),(-0.49,-0.15),.PIECEWISE_BEZIER_KNOTS.);
#3197 = CARTESIAN_POINT('',(1.0795,3.617788987579,3.553300155446E-06));
#3198 = CARTESIAN_POINT('',(1.4195,3.617788987579,3.553300155446E-06));
#3199 = B_SPLINE_SURFACE_WITH_KNOTS('',1,1,(
    (#3200,#3201)
    ,(#3202,#3203
    )),.UNSPECIFIED.,.F.,.F.,.F.,(2,2),(2,2),(0.15,0.49),(
    -0.493820797918,-0.152211012421),.PIECEWISE_BEZIER_KNOTS.);
#3200 = CARTESIAN_POINT('',(1.4195,3.276179202082,3.553300155446E-06));
#3201 = CARTESIAN_POINT('',(1.4195,3.617788987579,3.553300155446E-06));
#3202 = CARTESIAN_POINT('',(1.0795,3.276179202082,3.553300155446E-06));
#3203 = CARTESIAN_POINT('',(1.0795,3.617788987579,3.553300155446E-06));
#3204 = ADVANCED_FACE('',(#3205),#3237,.T.);
#3205 = FACE_BOUND('',#3206,.T.);
#3206 = EDGE_LOOP('',(#3207,#3217,#3224,#3232));
#3207 = ORIENTED_EDGE('',*,*,#3208,.T.);
#3208 = EDGE_CURVE('',#3209,#3211,#3213,.T.);
#3209 = VERTEX_POINT('',#3210);
#3210 = CARTESIAN_POINT('',(1.5695,3.755415442892,0.66670580386));
#3211 = VERTEX_POINT('',#3212);
#3212 = CARTESIAN_POINT('',(1.5695,3.767379540835,0.570886659831));
#3213 = ( BOUNDED_CURVE() B_SPLINE_CURVE(2,(#3214,#3215,#3216),
.UNSPECIFIED.,.F.,.F.) B_SPLINE_CURVE_WITH_KNOTS((3,3),(4.537856055185,
4.638485155102),.PIECEWISE_BEZIER_KNOTS.) CURVE() 
GEOMETRIC_REPRESENTATION_ITEM() RATIONAL_B_SPLINE_CURVE((1.,
0.998734490041,1.)) REPRESENTATION_ITEM('') );
#3214 = CARTESIAN_POINT('',(1.5695,3.755415442892,0.66670580386));
#3215 = CARTESIAN_POINT('',(1.5695,3.763810076624,0.619097470191));
#3216 = CARTESIAN_POINT('',(1.5695,3.767379540835,0.570886659831));
#3217 = ORIENTED_EDGE('',*,*,#3218,.T.);
#3218 = EDGE_CURVE('',#3211,#3219,#3221,.T.);
#3219 = VERTEX_POINT('',#3220);
#3220 = CARTESIAN_POINT('',(0.9295,3.767379540835,0.570886659831));
#3221 = B_SPLINE_CURVE_WITH_KNOTS('',1,(#3222,#3223),.UNSPECIFIED.,.F.,
  .F.,(2,2),(-0.,0.64),.PIECEWISE_BEZIER_KNOTS.);
#3222 = CARTESIAN_POINT('',(1.5695,3.767379540835,0.570886659831));
#3223 = CARTESIAN_POINT('',(0.9295,3.767379540835,0.570886659831));
#3224 = ORIENTED_EDGE('',*,*,#3225,.F.);
#3225 = EDGE_CURVE('',#3226,#3219,#3228,.T.);
#3226 = VERTEX_POINT('',#3227);
#3227 = CARTESIAN_POINT('',(0.9295,3.755415442892,0.66670580386));
#3228 = ( BOUNDED_CURVE() B_SPLINE_CURVE(2,(#3229,#3230,#3231),
.UNSPECIFIED.,.F.,.F.) B_SPLINE_CURVE_WITH_KNOTS((3,3),(4.537856055185,
4.638485155102),.PIECEWISE_BEZIER_KNOTS.) CURVE() 
GEOMETRIC_REPRESENTATION_ITEM() RATIONAL_B_SPLINE_CURVE((1.,
0.998734490041,1.)) REPRESENTATION_ITEM('') );
#3229 = CARTESIAN_POINT('',(0.9295,3.755415442892,0.66670580386));
#3230 = CARTESIAN_POINT('',(0.9295,3.763810076624,0.619097470191));
#3231 = CARTESIAN_POINT('',(0.9295,3.767379540835,0.570886659831));
#3232 = ORIENTED_EDGE('',*,*,#3233,.F.);
#3233 = EDGE_CURVE('',#3209,#3226,#3234,.T.);
#3234 = B_SPLINE_CURVE_WITH_KNOTS('',1,(#3235,#3236),.UNSPECIFIED.,.F.,
  .F.,(2,2),(-0.,0.64),.PIECEWISE_BEZIER_KNOTS.);
#3235 = CARTESIAN_POINT('',(1.5695,3.755415442892,0.66670580386));
#3236 = CARTESIAN_POINT('',(0.9295,3.755415442892,0.66670580386));
#3237 = ( BOUNDED_SURFACE() B_SPLINE_SURFACE(2,1,(
    (#3238,#3239)
    ,(#3240,#3241)
    ,(#3242,#3243
)),.UNSPECIFIED.,.F.,.F.,.F.) B_SPLINE_SURFACE_WITH_KNOTS((3,3),(2,2),(
    1.396263401595,1.496892501512),(0.,0.64),.PIECEWISE_BEZIER_KNOTS.) 
GEOMETRIC_REPRESENTATION_ITEM() RATIONAL_B_SPLINE_SURFACE((
    (1.,1.)
    ,(0.998734490041,0.998734490041)
,(1.,1.))) REPRESENTATION_ITEM('') SURFACE() );
#3238 = CARTESIAN_POINT('',(1.5695,3.755415442892,0.66670580386));
#3239 = CARTESIAN_POINT('',(0.9295,3.755415442892,0.66670580386));
#3240 = CARTESIAN_POINT('',(1.5695,3.763810076624,0.619097470191));
#3241 = CARTESIAN_POINT('',(0.9295,3.763810076624,0.619097470191));
#3242 = CARTESIAN_POINT('',(1.5695,3.767379540835,0.570886659831));
#3243 = CARTESIAN_POINT('',(0.9295,3.767379540835,0.570886659831));
#3244 = ADVANCED_FACE('',(#3245),#3267,.T.);
#3245 = FACE_BOUND('',#3246,.T.);
#3246 = EDGE_LOOP('',(#3247,#3254,#3261,#3266));
#3247 = ORIENTED_EDGE('',*,*,#3248,.F.);
#3248 = EDGE_CURVE('',#3249,#3226,#3251,.T.);
#3249 = VERTEX_POINT('',#3250);
#3250 = CARTESIAN_POINT('',(0.9295,3.449593079832,2.401110611514));
#3251 = B_SPLINE_CURVE_WITH_KNOTS('',1,(#3252,#3253),.UNSPECIFIED.,.F.,
  .F.,(2,2),(0.,1.761160797474),.PIECEWISE_BEZIER_KNOTS.);
#3252 = CARTESIAN_POINT('',(0.9295,3.449593079832,2.401110611514));
#3253 = CARTESIAN_POINT('',(0.9295,3.755415442892,0.66670580386));
#3254 = ORIENTED_EDGE('',*,*,#3255,.F.);
#3255 = EDGE_CURVE('',#3256,#3249,#3258,.T.);
#3256 = VERTEX_POINT('',#3257);
#3257 = CARTESIAN_POINT('',(1.5695,3.449593079832,2.401110611514));
#3258 = B_SPLINE_CURVE_WITH_KNOTS('',1,(#3259,#3260),.UNSPECIFIED.,.F.,
  .F.,(2,2),(-0.,0.64),.PIECEWISE_BEZIER_KNOTS.);
#3259 = CARTESIAN_POINT('',(1.5695,3.449593079832,2.401110611514));
#3260 = CARTESIAN_POINT('',(0.9295,3.449593079832,2.401110611514));
#3261 = ORIENTED_EDGE('',*,*,#3262,.T.);
#3262 = EDGE_CURVE('',#3256,#3209,#3263,.T.);
#3263 = B_SPLINE_CURVE_WITH_KNOTS('',1,(#3264,#3265),.UNSPECIFIED.,.F.,
  .F.,(2,2),(0.,1.761160797474),.PIECEWISE_BEZIER_KNOTS.);
#3264 = CARTESIAN_POINT('',(1.5695,3.449593079832,2.401110611514));
#3265 = CARTESIAN_POINT('',(1.5695,3.755415442892,0.66670580386));
#3266 = ORIENTED_EDGE('',*,*,#3233,.T.);
#3267 = B_SPLINE_SURFACE_WITH_KNOTS('',1,1,(
    (#3268,#3269)
    ,(#3270,#3271
    )),.UNSPECIFIED.,.F.,.F.,.F.,(2,2),(2,2),(-1.761160797474,0.),(-0.64
    ,0.),.PIECEWISE_BEZIER_KNOTS.);
#3268 = CARTESIAN_POINT('',(0.9295,3.755415442892,0.66670580386));
#3269 = CARTESIAN_POINT('',(1.5695,3.755415442892,0.66670580386));
#3270 = CARTESIAN_POINT('',(0.9295,3.449593079832,2.401110611514));
#3271 = CARTESIAN_POINT('',(1.5695,3.449593079832,2.401110611514));
#3272 = ADVANCED_FACE('',(#3273),#3297,.F.);
#3273 = FACE_BOUND('',#3274,.F.);
#3274 = EDGE_LOOP('',(#3275,#3276,#3284,#3291));
#3275 = ORIENTED_EDGE('',*,*,#3255,.F.);
#3276 = ORIENTED_EDGE('',*,*,#3277,.F.);
#3277 = EDGE_CURVE('',#3278,#3256,#3280,.T.);
#3278 = VERTEX_POINT('',#3279);
#3279 = CARTESIAN_POINT('',(1.5695,3.499579254761,2.559646504108));
#3280 = ( BOUNDED_CURVE() B_SPLINE_CURVE(2,(#3281,#3282,#3283),
.UNSPECIFIED.,.F.,.F.) B_SPLINE_CURVE_WITH_KNOTS((3,3),(3.926990816987,
4.886921905584),.PIECEWISE_BEZIER_KNOTS.) CURVE() 
GEOMETRIC_REPRESENTATION_ITEM() RATIONAL_B_SPLINE_CURVE((1.,
0.887010833178,1.)) REPRESENTATION_ITEM('') );
#3281 = CARTESIAN_POINT('',(1.5695,3.499579254761,2.559646504108));
#3282 = CARTESIAN_POINT('',(1.5695,3.433321886289,2.493389135636));
#3283 = CARTESIAN_POINT('',(1.5695,3.449593079832,2.401110611514));
#3284 = ORIENTED_EDGE('',*,*,#3285,.T.);
#3285 = EDGE_CURVE('',#3278,#3286,#3288,.T.);
#3286 = VERTEX_POINT('',#3287);
#3287 = CARTESIAN_POINT('',(0.9295,3.499579254761,2.559646504108));
#3288 = B_SPLINE_CURVE_WITH_KNOTS('',1,(#3289,#3290),.UNSPECIFIED.,.F.,
  .F.,(2,2),(-0.,0.64),.PIECEWISE_BEZIER_KNOTS.);
#3289 = CARTESIAN_POINT('',(1.5695,3.499579254761,2.559646504108));
#3290 = CARTESIAN_POINT('',(0.9295,3.499579254761,2.559646504108));
#3291 = ORIENTED_EDGE('',*,*,#3292,.T.);
#3292 = EDGE_CURVE('',#3286,#3249,#3293,.T.);
#3293 = ( BOUNDED_CURVE() B_SPLINE_CURVE(2,(#3294,#3295,#3296),
.UNSPECIFIED.,.F.,.F.) B_SPLINE_CURVE_WITH_KNOTS((3,3),(3.926990816987,
4.886921905584),.PIECEWISE_BEZIER_KNOTS.) CURVE() 
GEOMETRIC_REPRESENTATION_ITEM() RATIONAL_B_SPLINE_CURVE((1.,
0.887010833178,1.)) REPRESENTATION_ITEM('') );
#3294 = CARTESIAN_POINT('',(0.9295,3.499579254761,2.559646504108));
#3295 = CARTESIAN_POINT('',(0.9295,3.433321886289,2.493389135636));
#3296 = CARTESIAN_POINT('',(0.9295,3.449593079832,2.401110611514));
#3297 = ( BOUNDED_SURFACE() B_SPLINE_SURFACE(2,1,(
    (#3298,#3299)
    ,(#3300,#3301)
    ,(#3302,#3303
)),.UNSPECIFIED.,.F.,.F.,.F.) B_SPLINE_SURFACE_WITH_KNOTS((3,3),(2,2),(
    4.537856055185,5.497787143782),(0.,0.64),.PIECEWISE_BEZIER_KNOTS.) 
GEOMETRIC_REPRESENTATION_ITEM() RATIONAL_B_SPLINE_SURFACE((
    (1.,1.)
    ,(0.887010833178,0.887010833178)
,(1.,1.))) REPRESENTATION_ITEM('') SURFACE() );
#3298 = CARTESIAN_POINT('',(1.5695,3.449593079832,2.401110611514));
#3299 = CARTESIAN_POINT('',(0.9295,3.449593079832,2.401110611514));
#3300 = CARTESIAN_POINT('',(1.5695,3.433321886289,2.493389135636));
#3301 = CARTESIAN_POINT('',(0.9295,3.433321886289,2.493389135636));
#3302 = CARTESIAN_POINT('',(1.5695,3.499579254761,2.559646504108));
#3303 = CARTESIAN_POINT('',(0.9295,3.499579254761,2.559646504108));
#3304 = ADVANCED_FACE('',(#3305),#3327,.T.);
#3305 = FACE_BOUND('',#3306,.T.);
#3306 = EDGE_LOOP('',(#3307,#3314,#3321,#3326));
#3307 = ORIENTED_EDGE('',*,*,#3308,.F.);
#3308 = EDGE_CURVE('',#3309,#3286,#3311,.T.);
#3309 = VERTEX_POINT('',#3310);
#3310 = CARTESIAN_POINT('',(0.9295,3.529827560573,2.58989480992));
#3311 = B_SPLINE_CURVE_WITH_KNOTS('',1,(#3312,#3313),.UNSPECIFIED.,.F.,
  .F.,(2,2),(-7.850462293419E-17,4.277756431875E-02),
  .PIECEWISE_BEZIER_KNOTS.);
#3312 = CARTESIAN_POINT('',(0.9295,3.529827560573,2.58989480992));
#3313 = CARTESIAN_POINT('',(0.9295,3.499579254761,2.559646504108));
#3314 = ORIENTED_EDGE('',*,*,#3315,.F.);
#3315 = EDGE_CURVE('',#3316,#3309,#3318,.T.);
#3316 = VERTEX_POINT('',#3317);
#3317 = CARTESIAN_POINT('',(1.5695,3.529827560573,2.58989480992));
#3318 = B_SPLINE_CURVE_WITH_KNOTS('',1,(#3319,#3320),.UNSPECIFIED.,.F.,
  .F.,(2,2),(-0.,0.64),.PIECEWISE_BEZIER_KNOTS.);
#3319 = CARTESIAN_POINT('',(1.5695,3.529827560573,2.58989480992));
#3320 = CARTESIAN_POINT('',(0.9295,3.529827560573,2.58989480992));
#3321 = ORIENTED_EDGE('',*,*,#3322,.T.);
#3322 = EDGE_CURVE('',#3316,#3278,#3323,.T.);
#3323 = B_SPLINE_CURVE_WITH_KNOTS('',1,(#3324,#3325),.UNSPECIFIED.,.F.,
  .F.,(2,2),(-7.850462293419E-17,4.277756431875E-02),
  .PIECEWISE_BEZIER_KNOTS.);
#3324 = CARTESIAN_POINT('',(1.5695,3.529827560573,2.58989480992));
#3325 = CARTESIAN_POINT('',(1.5695,3.499579254761,2.559646504108));
#3326 = ORIENTED_EDGE('',*,*,#3285,.T.);
#3327 = B_SPLINE_SURFACE_WITH_KNOTS('',1,1,(
    (#3328,#3329)
    ,(#3330,#3331
    )),.UNSPECIFIED.,.F.,.F.,.F.,(2,2),(2,2),(-4.277756431875E-02,
    7.850462293419E-17),(-0.64,0.),.PIECEWISE_BEZIER_KNOTS.);
#3328 = CARTESIAN_POINT('',(0.9295,3.499579254761,2.559646504108));
#3329 = CARTESIAN_POINT('',(1.5695,3.499579254761,2.559646504108));
#3330 = CARTESIAN_POINT('',(0.9295,3.529827560573,2.58989480992));
#3331 = CARTESIAN_POINT('',(1.5695,3.529827560573,2.58989480992));
#3332 = ADVANCED_FACE('',(#3333),#3357,.T.);
#3333 = FACE_BOUND('',#3334,.T.);
#3334 = EDGE_LOOP('',(#3335,#3343,#3350,#3356));
#3335 = ORIENTED_EDGE('',*,*,#3336,.F.);
#3336 = EDGE_CURVE('',#3337,#3309,#3339,.T.);
#3337 = VERTEX_POINT('',#3338);
#3338 = CARTESIAN_POINT('',(0.9295,3.77,3.169722370493));
#3339 = ( BOUNDED_CURVE() B_SPLINE_CURVE(2,(#3340,#3341,#3342),
.UNSPECIFIED.,.F.,.F.) B_SPLINE_CURVE_WITH_KNOTS((3,3),(4.712388980385,
5.497787143782),.PIECEWISE_BEZIER_KNOTS.) CURVE() 
GEOMETRIC_REPRESENTATION_ITEM() RATIONAL_B_SPLINE_CURVE((1.,
0.923879532511,1.)) REPRESENTATION_ITEM('') );
#3340 = CARTESIAN_POINT('',(0.9295,3.77,3.169722370493));
#3341 = CARTESIAN_POINT('',(0.9295,3.77,2.830067249347));
#3342 = CARTESIAN_POINT('',(0.9295,3.529827560573,2.58989480992));
#3343 = ORIENTED_EDGE('',*,*,#3344,.F.);
#3344 = EDGE_CURVE('',#3345,#3337,#3347,.T.);
#3345 = VERTEX_POINT('',#3346);
#3346 = CARTESIAN_POINT('',(1.5695,3.77,3.169722370493));
#3347 = B_SPLINE_CURVE_WITH_KNOTS('',1,(#3348,#3349),.UNSPECIFIED.,.F.,
  .F.,(2,2),(-0.,0.64),.PIECEWISE_BEZIER_KNOTS.);
#3348 = CARTESIAN_POINT('',(1.5695,3.77,3.169722370493));
#3349 = CARTESIAN_POINT('',(0.9295,3.77,3.169722370493));
#3350 = ORIENTED_EDGE('',*,*,#3351,.T.);
#3351 = EDGE_CURVE('',#3345,#3316,#3352,.T.);
#3352 = ( BOUNDED_CURVE() B_SPLINE_CURVE(2,(#3353,#3354,#3355),
.UNSPECIFIED.,.F.,.F.) B_SPLINE_CURVE_WITH_KNOTS((3,3),(4.712388980385,
5.497787143782),.PIECEWISE_BEZIER_KNOTS.) CURVE() 
GEOMETRIC_REPRESENTATION_ITEM() RATIONAL_B_SPLINE_CURVE((1.,
0.923879532511,1.)) REPRESENTATION_ITEM('') );
#3353 = CARTESIAN_POINT('',(1.5695,3.77,3.169722370493));
#3354 = CARTESIAN_POINT('',(1.5695,3.77,2.830067249347));
#3355 = CARTESIAN_POINT('',(1.5695,3.529827560573,2.58989480992));
#3356 = ORIENTED_EDGE('',*,*,#3315,.T.);
#3357 = ( BOUNDED_SURFACE() B_SPLINE_SURFACE(2,1,(
    (#3358,#3359)
    ,(#3360,#3361)
    ,(#3362,#3363
)),.UNSPECIFIED.,.F.,.F.,.F.) B_SPLINE_SURFACE_WITH_KNOTS((3,3),(2,2),(
    1.570796326795,2.356194490192),(0.,0.64),.PIECEWISE_BEZIER_KNOTS.) 
GEOMETRIC_REPRESENTATION_ITEM() RATIONAL_B_SPLINE_SURFACE((
    (1.,1.)
    ,(0.923879532511,0.923879532511)
,(1.,1.))) REPRESENTATION_ITEM('') SURFACE() );
#3358 = CARTESIAN_POINT('',(1.5695,3.77,3.169722370493));
#3359 = CARTESIAN_POINT('',(0.9295,3.77,3.169722370493));
#3360 = CARTESIAN_POINT('',(1.5695,3.77,2.830067249347));
#3361 = CARTESIAN_POINT('',(0.9295,3.77,2.830067249347));
#3362 = CARTESIAN_POINT('',(1.5695,3.529827560573,2.58989480992));
#3363 = CARTESIAN_POINT('',(0.9295,3.529827560573,2.58989480992));
#3364 = ADVANCED_FACE('',(#3365),#3387,.T.);
#3365 = FACE_BOUND('',#3366,.T.);
#3366 = EDGE_LOOP('',(#3367,#3374,#3381,#3386));
#3367 = ORIENTED_EDGE('',*,*,#3368,.F.);
#3368 = EDGE_CURVE('',#3369,#3337,#3371,.T.);
#3369 = VERTEX_POINT('',#3370);
#3370 = CARTESIAN_POINT('',(0.9295,3.77,6.4000035533));
#3371 = B_SPLINE_CURVE_WITH_KNOTS('',1,(#3372,#3373),.UNSPECIFIED.,.F.,
  .F.,(2,2),(0.,3.230281182807),.PIECEWISE_BEZIER_KNOTS.);
#3372 = CARTESIAN_POINT('',(0.9295,3.77,6.4000035533));
#3373 = CARTESIAN_POINT('',(0.9295,3.77,3.169722370493));
#3374 = ORIENTED_EDGE('',*,*,#3375,.F.);
#3375 = EDGE_CURVE('',#3376,#3369,#3378,.T.);
#3376 = VERTEX_POINT('',#3377);
#3377 = CARTESIAN_POINT('',(1.5695,3.77,6.4000035533));
#3378 = B_SPLINE_CURVE_WITH_KNOTS('',1,(#3379,#3380),.UNSPECIFIED.,.F.,
  .F.,(2,2),(-0.,0.64),.PIECEWISE_BEZIER_KNOTS.);
#3379 = CARTESIAN_POINT('',(1.5695,3.77,6.4000035533));
#3380 = CARTESIAN_POINT('',(0.9295,3.77,6.4000035533));
#3381 = ORIENTED_EDGE('',*,*,#3382,.T.);
#3382 = EDGE_CURVE('',#3376,#3345,#3383,.T.);
#3383 = B_SPLINE_CURVE_WITH_KNOTS('',1,(#3384,#3385),.UNSPECIFIED.,.F.,
  .F.,(2,2),(0.,3.230281182807),.PIECEWISE_BEZIER_KNOTS.);
#3384 = CARTESIAN_POINT('',(1.5695,3.77,6.4000035533));
#3385 = CARTESIAN_POINT('',(1.5695,3.77,3.169722370493));
#3386 = ORIENTED_EDGE('',*,*,#3344,.T.);
#3387 = B_SPLINE_SURFACE_WITH_KNOTS('',1,1,(
    (#3388,#3389)
    ,(#3390,#3391
    )),.UNSPECIFIED.,.F.,.F.,.F.,(2,2),(2,2),(-3.230281182807,0.),(-0.64
    ,0.),.PIECEWISE_BEZIER_KNOTS.);
#3388 = CARTESIAN_POINT('',(0.9295,3.77,3.169722370493));
#3389 = CARTESIAN_POINT('',(1.5695,3.77,3.169722370493));
#3390 = CARTESIAN_POINT('',(0.9295,3.77,6.4000035533));
#3391 = CARTESIAN_POINT('',(1.5695,3.77,6.4000035533));
#3392 = ADVANCED_FACE('',(#3393),#3417,.T.);
#3393 = FACE_BOUND('',#3394,.T.);
#3394 = EDGE_LOOP('',(#3395,#3403,#3410,#3416));
#3395 = ORIENTED_EDGE('',*,*,#3396,.F.);
#3396 = EDGE_CURVE('',#3397,#3369,#3399,.T.);
#3397 = VERTEX_POINT('',#3398);
#3398 = CARTESIAN_POINT('',(0.9295,2.8,7.3700035533));
#3399 = ( BOUNDED_CURVE() B_SPLINE_CURVE(2,(#3400,#3401,#3402),
.UNSPECIFIED.,.F.,.F.) B_SPLINE_CURVE_WITH_KNOTS((3,3),(3.14159265359,
4.712388980385),.PIECEWISE_BEZIER_KNOTS.) CURVE() 
GEOMETRIC_REPRESENTATION_ITEM() RATIONAL_B_SPLINE_CURVE((1.,
0.707106781187,1.)) REPRESENTATION_ITEM('') );
#3400 = CARTESIAN_POINT('',(0.9295,2.8,7.3700035533));
#3401 = CARTESIAN_POINT('',(0.9295,3.77,7.3700035533));
#3402 = CARTESIAN_POINT('',(0.9295,3.77,6.4000035533));
#3403 = ORIENTED_EDGE('',*,*,#3404,.F.);
#3404 = EDGE_CURVE('',#3405,#3397,#3407,.T.);
#3405 = VERTEX_POINT('',#3406);
#3406 = CARTESIAN_POINT('',(1.5695,2.8,7.3700035533));
#3407 = B_SPLINE_CURVE_WITH_KNOTS('',1,(#3408,#3409),.UNSPECIFIED.,.F.,
  .F.,(2,2),(-0.,0.64),.PIECEWISE_BEZIER_KNOTS.);
#3408 = CARTESIAN_POINT('',(1.5695,2.8,7.3700035533));
#3409 = CARTESIAN_POINT('',(0.9295,2.8,7.3700035533));
#3410 = ORIENTED_EDGE('',*,*,#3411,.T.);
#3411 = EDGE_CURVE('',#3405,#3376,#3412,.T.);
#3412 = ( BOUNDED_CURVE() B_SPLINE_CURVE(2,(#3413,#3414,#3415),
.UNSPECIFIED.,.F.,.F.) B_SPLINE_CURVE_WITH_KNOTS((3,3),(3.14159265359,
4.712388980385),.PIECEWISE_BEZIER_KNOTS.) CURVE() 
GEOMETRIC_REPRESENTATION_ITEM() RATIONAL_B_SPLINE_CURVE((1.,
0.707106781187,1.)) REPRESENTATION_ITEM('') );
#3413 = CARTESIAN_POINT('',(1.5695,2.8,7.3700035533));
#3414 = CARTESIAN_POINT('',(1.5695,3.77,7.3700035533));
#3415 = CARTESIAN_POINT('',(1.5695,3.77,6.4000035533));
#3416 = ORIENTED_EDGE('',*,*,#3375,.T.);
#3417 = ( BOUNDED_SURFACE() B_SPLINE_SURFACE(2,1,(
    (#3418,#3419)
    ,(#3420,#3421)
    ,(#3422,#3423
)),.UNSPECIFIED.,.F.,.F.,.F.) B_SPLINE_SURFACE_WITH_KNOTS((3,3),(2,2),(
    0.,1.570796326795),(0.,0.64),.PIECEWISE_BEZIER_KNOTS.) 
GEOMETRIC_REPRESENTATION_ITEM() RATIONAL_B_SPLINE_SURFACE((
    (1.,1.)
    ,(0.707106781187,0.707106781187)
,(1.,1.))) REPRESENTATION_ITEM('') SURFACE() );
#3418 = CARTESIAN_POINT('',(1.5695,2.8,7.3700035533));
#3419 = CARTESIAN_POINT('',(0.9295,2.8,7.3700035533));
#3420 = CARTESIAN_POINT('',(1.5695,3.77,7.3700035533));
#3421 = CARTESIAN_POINT('',(0.9295,3.77,7.3700035533));
#3422 = CARTESIAN_POINT('',(1.5695,3.77,6.4000035533));
#3423 = CARTESIAN_POINT('',(0.9295,3.77,6.4000035533));
#3424 = ADVANCED_FACE('',(#3425),#3463,.F.);
#3425 = FACE_BOUND('',#3426,.T.);
#3426 = EDGE_LOOP('',(#3427,#3428,#3435,#3440,#3441,#3442,#3443,#3444,
    #3445,#3446,#3451,#3452,#3457,#3458,#3459,#3460,#3461,#3462));
#3427 = ORIENTED_EDGE('',*,*,#3225,.T.);
#3428 = ORIENTED_EDGE('',*,*,#3429,.T.);
#3429 = EDGE_CURVE('',#3219,#3430,#3432,.T.);
#3430 = VERTEX_POINT('',#3431);
#3431 = CARTESIAN_POINT('',(0.9295,3.76447739157,0.559811174435));
#3432 = B_SPLINE_CURVE_WITH_KNOTS('',1,(#3433,#3434),.UNSPECIFIED.,.F.,
  .F.,(2,2),(-8.591719969111E-16,1.144940378794E-02),
  .PIECEWISE_BEZIER_KNOTS.);
#3433 = CARTESIAN_POINT('',(0.9295,3.767379540835,0.570886659831));
#3434 = CARTESIAN_POINT('',(0.9295,3.76447739157,0.559811174435));
#3435 = ORIENTED_EDGE('',*,*,#3436,.T.);
#3436 = EDGE_CURVE('',#3430,#3119,#3437,.T.);
#3437 = B_SPLINE_CURVE_WITH_KNOTS('',1,(#3438,#3439),.UNSPECIFIED.,.F.,
  .F.,(2,2),(-0.63447739157,5.609181454711E-03),
  .PIECEWISE_BEZIER_KNOTS.);
#3438 = CARTESIAN_POINT('',(0.9295,3.76447739157,0.559811174435));
#3439 = CARTESIAN_POINT('',(0.9295,3.124390818545,0.559811174435));
#3440 = ORIENTED_EDGE('',*,*,#3118,.F.);
#3441 = ORIENTED_EDGE('',*,*,#3064,.F.);
#3442 = ORIENTED_EDGE('',*,*,#3036,.F.);
#3443 = ORIENTED_EDGE('',*,*,#3020,.F.);
#3444 = ORIENTED_EDGE('',*,*,#2976,.F.);
#3445 = ORIENTED_EDGE('',*,*,#2960,.F.);
#3446 = ORIENTED_EDGE('',*,*,#3447,.F.);
#3447 = EDGE_CURVE('',#2747,#2939,#3448,.T.);
#3448 = B_SPLINE_CURVE_WITH_KNOTS('',1,(#3449,#3450),.UNSPECIFIED.,.F.,
  .F.,(2,2),(5.8,7.55),.PIECEWISE_BEZIER_KNOTS.);
#3449 = CARTESIAN_POINT('',(0.9295,1.05,6.7300035533));
#3450 = CARTESIAN_POINT('',(0.9295,2.8,6.7300035533));
#3451 = ORIENTED_EDGE('',*,*,#2767,.T.);
#3452 = ORIENTED_EDGE('',*,*,#3453,.T.);
#3453 = EDGE_CURVE('',#2761,#3397,#3454,.T.);
#3454 = B_SPLINE_CURVE_WITH_KNOTS('',1,(#3455,#3456),.UNSPECIFIED.,.F.,
  .F.,(2,2),(5.8,7.55),.PIECEWISE_BEZIER_KNOTS.);
#3455 = CARTESIAN_POINT('',(0.9295,1.05,7.3700035533));
#3456 = CARTESIAN_POINT('',(0.9295,2.8,7.3700035533));
#3457 = ORIENTED_EDGE('',*,*,#3396,.T.);
#3458 = ORIENTED_EDGE('',*,*,#3368,.T.);
#3459 = ORIENTED_EDGE('',*,*,#3336,.T.);
#3460 = ORIENTED_EDGE('',*,*,#3308,.T.);
#3461 = ORIENTED_EDGE('',*,*,#3292,.T.);
#3462 = ORIENTED_EDGE('',*,*,#3248,.T.);
#3463 = B_SPLINE_SURFACE_WITH_KNOTS('',1,1,(
    (#3464,#3465)
    ,(#3466,#3467
    )),.UNSPECIFIED.,.F.,.F.,.F.,(2,2),(2,2),(-6.87,-5.980762113533E-02)
  ,(-1.76,0.96),.PIECEWISE_BEZIER_KNOTS.);
#3464 = CARTESIAN_POINT('',(0.9295,1.05,7.3700035533));
#3465 = CARTESIAN_POINT('',(0.9295,3.77,7.3700035533));
#3466 = CARTESIAN_POINT('',(0.9295,1.05,0.559811174435));
#3467 = CARTESIAN_POINT('',(0.9295,3.77,0.559811174435));
#3468 = ADVANCED_FACE('',(#3469),#3507,.T.);
#3469 = FACE_BOUND('',#3470,.T.);
#3470 = EDGE_LOOP('',(#3471,#3472,#3479,#3484,#3485,#3486,#3487,#3488,
    #3489,#3490,#3491,#3496,#3497,#3502,#3503,#3504,#3505,#3506));
#3471 = ORIENTED_EDGE('',*,*,#3112,.T.);
#3472 = ORIENTED_EDGE('',*,*,#3473,.T.);
#3473 = EDGE_CURVE('',#3106,#3474,#3476,.T.);
#3474 = VERTEX_POINT('',#3475);
#3475 = CARTESIAN_POINT('',(1.5695,3.76447739157,0.559811174435));
#3476 = B_SPLINE_CURVE_WITH_KNOTS('',1,(#3477,#3478),.UNSPECIFIED.,.F.,
  .F.,(2,2),(0.314390818545,0.95447739157),.PIECEWISE_BEZIER_KNOTS.);
#3477 = CARTESIAN_POINT('',(1.5695,3.124390818545,0.559811174435));
#3478 = CARTESIAN_POINT('',(1.5695,3.76447739157,0.559811174435));
#3479 = ORIENTED_EDGE('',*,*,#3480,.T.);
#3480 = EDGE_CURVE('',#3474,#3211,#3481,.T.);
#3481 = B_SPLINE_CURVE_WITH_KNOTS('',1,(#3482,#3483),.UNSPECIFIED.,.F.,
  .F.,(2,2),(0.299791531346,0.311240935134),.PIECEWISE_BEZIER_KNOTS.);
#3482 = CARTESIAN_POINT('',(1.5695,3.76447739157,0.559811174435));
#3483 = CARTESIAN_POINT('',(1.5695,3.767379540835,0.570886659831));
#3484 = ORIENTED_EDGE('',*,*,#3208,.F.);
#3485 = ORIENTED_EDGE('',*,*,#3262,.F.);
#3486 = ORIENTED_EDGE('',*,*,#3277,.F.);
#3487 = ORIENTED_EDGE('',*,*,#3322,.F.);
#3488 = ORIENTED_EDGE('',*,*,#3351,.F.);
#3489 = ORIENTED_EDGE('',*,*,#3382,.F.);
#3490 = ORIENTED_EDGE('',*,*,#3411,.F.);
#3491 = ORIENTED_EDGE('',*,*,#3492,.F.);
#3492 = EDGE_CURVE('',#2754,#3405,#3493,.T.);
#3493 = B_SPLINE_CURVE_WITH_KNOTS('',1,(#3494,#3495),.UNSPECIFIED.,.F.,
  .F.,(2,2),(5.8,7.55),.PIECEWISE_BEZIER_KNOTS.);
#3494 = CARTESIAN_POINT('',(1.5695,1.05,7.3700035533));
#3495 = CARTESIAN_POINT('',(1.5695,2.8,7.3700035533));
#3496 = ORIENTED_EDGE('',*,*,#2753,.F.);
#3497 = ORIENTED_EDGE('',*,*,#3498,.T.);
#3498 = EDGE_CURVE('',#2745,#2937,#3499,.T.);
#3499 = B_SPLINE_CURVE_WITH_KNOTS('',1,(#3500,#3501),.UNSPECIFIED.,.F.,
  .F.,(2,2),(5.8,7.55),.PIECEWISE_BEZIER_KNOTS.);
#3500 = CARTESIAN_POINT('',(1.5695,1.05,6.7300035533));
#3501 = CARTESIAN_POINT('',(1.5695,2.8,6.7300035533));
#3502 = ORIENTED_EDGE('',*,*,#2945,.T.);
#3503 = ORIENTED_EDGE('',*,*,#2990,.T.);
#3504 = ORIENTED_EDGE('',*,*,#3005,.T.);
#3505 = ORIENTED_EDGE('',*,*,#3050,.T.);
#3506 = ORIENTED_EDGE('',*,*,#3079,.T.);
#3507 = B_SPLINE_SURFACE_WITH_KNOTS('',1,1,(
    (#3508,#3509)
    ,(#3510,#3511
    )),.UNSPECIFIED.,.F.,.F.,.F.,(2,2),(2,2),(-6.87,-5.980762113533E-02)
  ,(-1.76,0.96),.PIECEWISE_BEZIER_KNOTS.);
#3508 = CARTESIAN_POINT('',(1.5695,1.05,7.3700035533));
#3509 = CARTESIAN_POINT('',(1.5695,3.77,7.3700035533));
#3510 = CARTESIAN_POINT('',(1.5695,1.05,0.559811174435));
#3511 = CARTESIAN_POINT('',(1.5695,3.77,0.559811174435));
#3512 = ADVANCED_FACE('',(#3513),#3519,.F.);
#3513 = FACE_BOUND('',#3514,.T.);
#3514 = EDGE_LOOP('',(#3515,#3516,#3517,#3518));
#3515 = ORIENTED_EDGE('',*,*,#3498,.F.);
#3516 = ORIENTED_EDGE('',*,*,#2744,.T.);
#3517 = ORIENTED_EDGE('',*,*,#3447,.T.);
#3518 = ORIENTED_EDGE('',*,*,#2936,.F.);
#3519 = B_SPLINE_SURFACE_WITH_KNOTS('',1,1,(
    (#3520,#3521)
    ,(#3522,#3523
    )),.UNSPECIFIED.,.F.,.F.,.F.,(2,2),(2,2),(-7.55,-5.8),(-0.64,0.),
  .PIECEWISE_BEZIER_KNOTS.);
#3520 = CARTESIAN_POINT('',(0.9295,2.8,6.7300035533));
#3521 = CARTESIAN_POINT('',(1.5695,2.8,6.7300035533));
#3522 = CARTESIAN_POINT('',(0.9295,1.05,6.7300035533));
#3523 = CARTESIAN_POINT('',(1.5695,1.05,6.7300035533));
#3524 = ADVANCED_FACE('',(#3525),#3531,.T.);
#3525 = FACE_BOUND('',#3526,.T.);
#3526 = EDGE_LOOP('',(#3527,#3528,#3529,#3530));
#3527 = ORIENTED_EDGE('',*,*,#2760,.F.);
#3528 = ORIENTED_EDGE('',*,*,#3492,.T.);
#3529 = ORIENTED_EDGE('',*,*,#3404,.T.);
#3530 = ORIENTED_EDGE('',*,*,#3453,.F.);
#3531 = B_SPLINE_SURFACE_WITH_KNOTS('',1,1,(
    (#3532,#3533)
    ,(#3534,#3535
    )),.UNSPECIFIED.,.F.,.F.,.F.,(2,2),(2,2),(-7.55,-5.8),(-0.64,0.),
  .PIECEWISE_BEZIER_KNOTS.);
#3532 = CARTESIAN_POINT('',(0.9295,2.8,7.3700035533));
#3533 = CARTESIAN_POINT('',(1.5695,2.8,7.3700035533));
#3534 = CARTESIAN_POINT('',(0.9295,1.05,7.3700035533));
#3535 = CARTESIAN_POINT('',(1.5695,1.05,7.3700035533));
#3536 = ADVANCED_FACE('',(#3537),#3559,.T.);
#3537 = FACE_BOUND('',#3538,.T.);
#3538 = EDGE_LOOP('',(#3539,#3546,#3553,#3558));
#3539 = ORIENTED_EDGE('',*,*,#3540,.F.);
#3540 = EDGE_CURVE('',#3541,#2361,#3543,.T.);
#3541 = VERTEX_POINT('',#3542);
#3542 = CARTESIAN_POINT('',(0.9295,-4.190192378865,7.3700035533));
#3543 = B_SPLINE_CURVE_WITH_KNOTS('',1,(#3544,#3545),.UNSPECIFIED.,.F.,
  .F.,(2,2),(0.559807621135,4.5),.PIECEWISE_BEZIER_KNOTS.);
#3544 = CARTESIAN_POINT('',(0.9295,-4.190192378865,7.3700035533));
#3545 = CARTESIAN_POINT('',(0.9295,-0.25,7.3700035533));
#3546 = ORIENTED_EDGE('',*,*,#3547,.T.);
#3547 = EDGE_CURVE('',#3541,#3548,#3550,.T.);
#3548 = VERTEX_POINT('',#3549);
#3549 = CARTESIAN_POINT('',(1.5695,-4.190192378865,7.3700035533));
#3550 = B_SPLINE_CURVE_WITH_KNOTS('',1,(#3551,#3552),.UNSPECIFIED.,.F.,
  .F.,(2,2),(-0.64,0.),.PIECEWISE_BEZIER_KNOTS.);
#3551 = CARTESIAN_POINT('',(0.9295,-4.190192378865,7.3700035533));
#3552 = CARTESIAN_POINT('',(1.5695,-4.190192378865,7.3700035533));
#3553 = ORIENTED_EDGE('',*,*,#3554,.T.);
#3554 = EDGE_CURVE('',#3548,#2347,#3555,.T.);
#3555 = B_SPLINE_CURVE_WITH_KNOTS('',1,(#3556,#3557),.UNSPECIFIED.,.F.,
  .F.,(2,2),(0.559807621135,4.5),.PIECEWISE_BEZIER_KNOTS.);
#3556 = CARTESIAN_POINT('',(1.5695,-4.190192378865,7.3700035533));
#3557 = CARTESIAN_POINT('',(1.5695,-0.25,7.3700035533));
#3558 = ORIENTED_EDGE('',*,*,#2367,.T.);
#3559 = B_SPLINE_SURFACE_WITH_KNOTS('',1,1,(
    (#3560,#3561)
    ,(#3562,#3563
    )),.UNSPECIFIED.,.F.,.F.,.F.,(2,2),(2,2),(-4.5,-0.559807621135),(
    -0.64,0.),.PIECEWISE_BEZIER_KNOTS.);
#3560 = CARTESIAN_POINT('',(0.9295,-0.25,7.3700035533));
#3561 = CARTESIAN_POINT('',(1.5695,-0.25,7.3700035533));
#3562 = CARTESIAN_POINT('',(0.9295,-4.190192378865,7.3700035533));
#3563 = CARTESIAN_POINT('',(1.5695,-4.190192378865,7.3700035533));
#3564 = ADVANCED_FACE('',(#3565),#3595,.T.);
#3565 = FACE_BOUND('',#3566,.T.);
#3566 = EDGE_LOOP('',(#3567,#3576,#3583,#3590));
#3567 = ORIENTED_EDGE('',*,*,#3568,.T.);
#3568 = EDGE_CURVE('',#3569,#3571,#3573,.T.);
#3569 = VERTEX_POINT('',#3570);
#3570 = CARTESIAN_POINT('',(1.4195,-4.75,6.8800035533));
#3571 = VERTEX_POINT('',#3572);
#3572 = CARTESIAN_POINT('',(1.4195,-4.75,7.2200035533));
#3573 = B_SPLINE_CURVE_WITH_KNOTS('',1,(#3574,#3575),.UNSPECIFIED.,.F.,
  .F.,(2,2),(0.15,0.49),.PIECEWISE_BEZIER_KNOTS.);
#3574 = CARTESIAN_POINT('',(1.4195,-4.75,6.8800035533));
#3575 = CARTESIAN_POINT('',(1.4195,-4.75,7.2200035533));
#3576 = ORIENTED_EDGE('',*,*,#3577,.T.);
#3577 = EDGE_CURVE('',#3571,#3578,#3580,.T.);
#3578 = VERTEX_POINT('',#3579);
#3579 = CARTESIAN_POINT('',(1.0795,-4.75,7.2200035533));
#3580 = B_SPLINE_CURVE_WITH_KNOTS('',1,(#3581,#3582),.UNSPECIFIED.,.F.,
  .F.,(2,2),(0.15,0.49),.PIECEWISE_BEZIER_KNOTS.);
#3581 = CARTESIAN_POINT('',(1.4195,-4.75,7.2200035533));
#3582 = CARTESIAN_POINT('',(1.0795,-4.75,7.2200035533));
#3583 = ORIENTED_EDGE('',*,*,#3584,.T.);
#3584 = EDGE_CURVE('',#3578,#3585,#3587,.T.);
#3585 = VERTEX_POINT('',#3586);
#3586 = CARTESIAN_POINT('',(1.0795,-4.75,6.8800035533));
#3587 = B_SPLINE_CURVE_WITH_KNOTS('',1,(#3588,#3589),.UNSPECIFIED.,.F.,
  .F.,(2,2),(-0.49,-0.15),.PIECEWISE_BEZIER_KNOTS.);
#3588 = CARTESIAN_POINT('',(1.0795,-4.75,7.2200035533));
#3589 = CARTESIAN_POINT('',(1.0795,-4.75,6.8800035533));
#3590 = ORIENTED_EDGE('',*,*,#3591,.T.);
#3591 = EDGE_CURVE('',#3585,#3569,#3592,.T.);
#3592 = B_SPLINE_CURVE_WITH_KNOTS('',1,(#3593,#3594),.UNSPECIFIED.,.F.,
  .F.,(2,2),(-0.49,-0.15),.PIECEWISE_BEZIER_KNOTS.);
#3593 = CARTESIAN_POINT('',(1.0795,-4.75,6.8800035533));
#3594 = CARTESIAN_POINT('',(1.4195,-4.75,6.8800035533));
#3595 = B_SPLINE_SURFACE_WITH_KNOTS('',1,1,(
    (#3596,#3597)
    ,(#3598,#3599
  )),.UNSPECIFIED.,.F.,.F.,.F.,(2,2),(2,2),(-0.49,-0.15),(-0.49,-0.15),
  .PIECEWISE_BEZIER_KNOTS.);
#3596 = CARTESIAN_POINT('',(1.0795,-4.75,7.2200035533));
#3597 = CARTESIAN_POINT('',(1.4195,-4.75,7.2200035533));
#3598 = CARTESIAN_POINT('',(1.0795,-4.75,6.8800035533));
#3599 = CARTESIAN_POINT('',(1.4195,-4.75,6.8800035533));
#3600 = ADVANCED_FACE('',(#3601),#3623,.F.);
#3601 = FACE_BOUND('',#3602,.T.);
#3602 = EDGE_LOOP('',(#3603,#3610,#3617,#3622));
#3603 = ORIENTED_EDGE('',*,*,#3604,.F.);
#3604 = EDGE_CURVE('',#3605,#2345,#3607,.T.);
#3605 = VERTEX_POINT('',#3606);
#3606 = CARTESIAN_POINT('',(1.5695,-4.190192378865,6.7300035533));
#3607 = B_SPLINE_CURVE_WITH_KNOTS('',1,(#3608,#3609),.UNSPECIFIED.,.F.,
  .F.,(2,2),(0.559807621135,4.5),.PIECEWISE_BEZIER_KNOTS.);
#3608 = CARTESIAN_POINT('',(1.5695,-4.190192378865,6.7300035533));
#3609 = CARTESIAN_POINT('',(1.5695,-0.25,6.7300035533));
#3610 = ORIENTED_EDGE('',*,*,#3611,.T.);
#3611 = EDGE_CURVE('',#3605,#3612,#3614,.T.);
#3612 = VERTEX_POINT('',#3613);
#3613 = CARTESIAN_POINT('',(0.9295,-4.190192378865,6.7300035533));
#3614 = B_SPLINE_CURVE_WITH_KNOTS('',1,(#3615,#3616),.UNSPECIFIED.,.F.,
  .F.,(2,2),(-0.64,0.),.PIECEWISE_BEZIER_KNOTS.);
#3615 = CARTESIAN_POINT('',(1.5695,-4.190192378865,6.7300035533));
#3616 = CARTESIAN_POINT('',(0.9295,-4.190192378865,6.7300035533));
#3617 = ORIENTED_EDGE('',*,*,#3618,.T.);
#3618 = EDGE_CURVE('',#3612,#2354,#3619,.T.);
#3619 = B_SPLINE_CURVE_WITH_KNOTS('',1,(#3620,#3621),.UNSPECIFIED.,.F.,
  .F.,(2,2),(0.559807621135,4.5),.PIECEWISE_BEZIER_KNOTS.);
#3620 = CARTESIAN_POINT('',(0.9295,-4.190192378865,6.7300035533));
#3621 = CARTESIAN_POINT('',(0.9295,-0.25,6.7300035533));
#3622 = ORIENTED_EDGE('',*,*,#2353,.F.);
#3623 = B_SPLINE_SURFACE_WITH_KNOTS('',1,1,(
    (#3624,#3625)
    ,(#3626,#3627
    )),.UNSPECIFIED.,.F.,.F.,.F.,(2,2),(2,2),(-4.5,-0.559807621135),(
    -0.64,0.),.PIECEWISE_BEZIER_KNOTS.);
#3624 = CARTESIAN_POINT('',(0.9295,-0.25,6.7300035533));
#3625 = CARTESIAN_POINT('',(1.5695,-0.25,6.7300035533));
#3626 = CARTESIAN_POINT('',(0.9295,-4.190192378865,6.7300035533));
#3627 = CARTESIAN_POINT('',(1.5695,-4.190192378865,6.7300035533));
#3628 = ADVANCED_FACE('',(#3629),#3639,.T.);
#3629 = FACE_BOUND('',#3630,.T.);
#3630 = EDGE_LOOP('',(#3631,#3632,#3637,#3638));
#3631 = ORIENTED_EDGE('',*,*,#3554,.F.);
#3632 = ORIENTED_EDGE('',*,*,#3633,.T.);
#3633 = EDGE_CURVE('',#3548,#3605,#3634,.T.);
#3634 = B_SPLINE_CURVE_WITH_KNOTS('',1,(#3635,#3636),.UNSPECIFIED.,.F.,
  .F.,(2,2),(-6.87,-6.23),.PIECEWISE_BEZIER_KNOTS.);
#3635 = CARTESIAN_POINT('',(1.5695,-4.190192378865,7.3700035533));
#3636 = CARTESIAN_POINT('',(1.5695,-4.190192378865,6.7300035533));
#3637 = ORIENTED_EDGE('',*,*,#3604,.T.);
#3638 = ORIENTED_EDGE('',*,*,#2344,.T.);
#3639 = B_SPLINE_SURFACE_WITH_KNOTS('',1,1,(
    (#3640,#3641)
    ,(#3642,#3643
  )),.UNSPECIFIED.,.F.,.F.,.F.,(2,2),(2,2),(-6.87,-6.23),(
    -7.000192378865,-3.06),.PIECEWISE_BEZIER_KNOTS.);
#3640 = CARTESIAN_POINT('',(1.5695,-4.190192378865,7.3700035533));
#3641 = CARTESIAN_POINT('',(1.5695,-0.25,7.3700035533));
#3642 = CARTESIAN_POINT('',(1.5695,-4.190192378865,6.7300035533));
#3643 = CARTESIAN_POINT('',(1.5695,-0.25,6.7300035533));
#3644 = ADVANCED_FACE('',(#3645),#3655,.F.);
#3645 = FACE_BOUND('',#3646,.T.);
#3646 = EDGE_LOOP('',(#3647,#3648,#3653,#3654));
#3647 = ORIENTED_EDGE('',*,*,#3618,.F.);
#3648 = ORIENTED_EDGE('',*,*,#3649,.T.);
#3649 = EDGE_CURVE('',#3612,#3541,#3650,.T.);
#3650 = B_SPLINE_CURVE_WITH_KNOTS('',1,(#3651,#3652),.UNSPECIFIED.,.F.,
  .F.,(2,2),(-0.64,0.),.PIECEWISE_BEZIER_KNOTS.);
#3651 = CARTESIAN_POINT('',(0.9295,-4.190192378865,6.7300035533));
#3652 = CARTESIAN_POINT('',(0.9295,-4.190192378865,7.3700035533));
#3653 = ORIENTED_EDGE('',*,*,#3540,.T.);
#3654 = ORIENTED_EDGE('',*,*,#2360,.F.);
#3655 = B_SPLINE_SURFACE_WITH_KNOTS('',1,1,(
    (#3656,#3657)
    ,(#3658,#3659
  )),.UNSPECIFIED.,.F.,.F.,.F.,(2,2),(2,2),(-6.87,-6.23),(
    -7.000192378865,-3.06),.PIECEWISE_BEZIER_KNOTS.);
#3656 = CARTESIAN_POINT('',(0.9295,-4.190192378865,7.3700035533));
#3657 = CARTESIAN_POINT('',(0.9295,-0.25,7.3700035533));
#3658 = CARTESIAN_POINT('',(0.9295,-4.190192378865,6.7300035533));
#3659 = CARTESIAN_POINT('',(0.9295,-0.25,6.7300035533));
#3660 = ADVANCED_FACE('',(#3661),#3677,.F.);
#3661 = FACE_BOUND('',#3662,.T.);
#3662 = EDGE_LOOP('',(#3663,#3664,#3665,#3670,#3671,#3676));
#3663 = ORIENTED_EDGE('',*,*,#3218,.F.);
#3664 = ORIENTED_EDGE('',*,*,#3480,.F.);
#3665 = ORIENTED_EDGE('',*,*,#3666,.F.);
#3666 = EDGE_CURVE('',#3173,#3474,#3667,.T.);
#3667 = B_SPLINE_CURVE_WITH_KNOTS('',1,(#3668,#3669),.UNSPECIFIED.,.F.,
  .F.,(2,2),(-0.608914281601,-1.108315114141E-02),
  .PIECEWISE_BEZIER_KNOTS.);
#3668 = CARTESIAN_POINT('',(1.4195,3.617788987579,3.553300155446E-06));
#3669 = CARTESIAN_POINT('',(1.5695,3.76447739157,0.559811174435));
#3670 = ORIENTED_EDGE('',*,*,#3195,.F.);
#3671 = ORIENTED_EDGE('',*,*,#3672,.F.);
#3672 = EDGE_CURVE('',#3430,#3189,#3673,.T.);
#3673 = B_SPLINE_CURVE_WITH_KNOTS('',1,(#3674,#3675),.UNSPECIFIED.,.F.,
  .F.,(2,2),(-0.234197849662,0.363633280798),.PIECEWISE_BEZIER_KNOTS.);
#3674 = CARTESIAN_POINT('',(0.9295,3.76447739157,0.559811174435));
#3675 = CARTESIAN_POINT('',(1.0795,3.617788987579,3.553300155446E-06));
#3676 = ORIENTED_EDGE('',*,*,#3429,.F.);
#3677 = B_SPLINE_SURFACE_WITH_KNOTS('',1,1,(
    (#3678,#3679)
    ,(#3680,#3681
    )),.UNSPECIFIED.,.F.,.F.,.F.,(2,2),(2,2),(0.,0.64),(
    -9.436895709314E-16,0.590156635941),.PIECEWISE_BEZIER_KNOTS.);
#3678 = CARTESIAN_POINT('',(1.5695,3.767379540835,0.570886659831));
#3679 = CARTESIAN_POINT('',(1.5695,3.617788987579,3.553300155446E-06));
#3680 = CARTESIAN_POINT('',(0.9295,3.767379540835,0.570886659831));
#3681 = CARTESIAN_POINT('',(0.9295,3.617788987579,3.553300155446E-06));
#3682 = ADVANCED_FACE('',(#3683),#3695,.F.);
#3683 = FACE_BOUND('',#3684,.T.);
#3684 = EDGE_LOOP('',(#3685,#3686,#3687,#3692,#3693,#3694));
#3685 = ORIENTED_EDGE('',*,*,#3105,.F.);
#3686 = ORIENTED_EDGE('',*,*,#3148,.F.);
#3687 = ORIENTED_EDGE('',*,*,#3688,.F.);
#3688 = EDGE_CURVE('',#3175,#3149,#3689,.T.);
#3689 = B_SPLINE_CURVE_WITH_KNOTS('',1,(#3690,#3691),.UNSPECIFIED.,.F.,
  .F.,(2,2),(0.126842773876,0.706071298988),.PIECEWISE_BEZIER_KNOTS.);
#3690 = CARTESIAN_POINT('',(1.4195,3.276179202082,3.553300155001E-06));
#3691 = CARTESIAN_POINT('',(1.56438550943,3.127398605673,0.540723635775)
  );
#3692 = ORIENTED_EDGE('',*,*,#3172,.F.);
#3693 = ORIENTED_EDGE('',*,*,#3666,.T.);
#3694 = ORIENTED_EDGE('',*,*,#3473,.F.);
#3695 = B_SPLINE_SURFACE_WITH_KNOTS('',1,1,(
    (#3696,#3697)
    ,(#3698,#3699
    )),.UNSPECIFIED.,.F.,.F.,.F.,(2,2),(2,2),(5.522608430211E-03,
    0.645609181455),(-2.498001805407E-16,0.579555495773),
  .PIECEWISE_BEZIER_KNOTS.);
#3696 = CARTESIAN_POINT('',(1.4195,3.76447739157,3.553300155001E-06));
#3697 = CARTESIAN_POINT('',(1.5695,3.76447739157,0.559811174435));
#3698 = CARTESIAN_POINT('',(1.4195,3.124390818545,3.553300155001E-06));
#3699 = CARTESIAN_POINT('',(1.5695,3.124390818545,0.559811174435));
#3700 = ADVANCED_FACE('',(#3701),#3713,.T.);
#3701 = FACE_BOUND('',#3702,.T.);
#3702 = EDGE_LOOP('',(#3703,#3704,#3705,#3710,#3711,#3712));
#3703 = ORIENTED_EDGE('',*,*,#3672,.T.);
#3704 = ORIENTED_EDGE('',*,*,#3188,.F.);
#3705 = ORIENTED_EDGE('',*,*,#3706,.F.);
#3706 = EDGE_CURVE('',#3139,#3182,#3707,.T.);
#3707 = B_SPLINE_CURVE_WITH_KNOTS('',1,(#3708,#3709),.UNSPECIFIED.,.F.,
  .F.,(2,2),(0.100624852498,0.679853377609),.PIECEWISE_BEZIER_KNOTS.);
#3708 = CARTESIAN_POINT('',(0.93461449057,3.127398605673,0.540723635775)
  );
#3709 = CARTESIAN_POINT('',(1.0795,3.276179202082,3.553300155446E-06));
#3710 = ORIENTED_EDGE('',*,*,#3138,.F.);
#3711 = ORIENTED_EDGE('',*,*,#3125,.F.);
#3712 = ORIENTED_EDGE('',*,*,#3436,.F.);
#3713 = B_SPLINE_SURFACE_WITH_KNOTS('',1,1,(
    (#3714,#3715)
    ,(#3716,#3717
    )),.UNSPECIFIED.,.F.,.F.,.F.,(2,2),(2,2),(0.314390818545,
    0.95447739157),(0.,0.579555495773),.PIECEWISE_BEZIER_KNOTS.);
#3714 = CARTESIAN_POINT('',(0.9295,3.124390818545,0.559811174435));
#3715 = CARTESIAN_POINT('',(1.0795,3.124390818545,3.553300155446E-06));
#3716 = CARTESIAN_POINT('',(0.9295,3.76447739157,0.559811174435));
#3717 = CARTESIAN_POINT('',(1.0795,3.76447739157,3.553300155446E-06));
#3718 = ADVANCED_FACE('',(#3719),#3725,.F.);
#3719 = FACE_BOUND('',#3720,.T.);
#3720 = EDGE_LOOP('',(#3721,#3722,#3723,#3724));
#3721 = ORIENTED_EDGE('',*,*,#3688,.T.);
#3722 = ORIENTED_EDGE('',*,*,#3157,.F.);
#3723 = ORIENTED_EDGE('',*,*,#3706,.T.);
#3724 = ORIENTED_EDGE('',*,*,#3181,.F.);
#3725 = B_SPLINE_SURFACE_WITH_KNOTS('',1,1,(
    (#3726,#3727)
    ,(#3728,#3729
    )),.UNSPECIFIED.,.F.,.F.,.F.,(2,2),(2,2),(5.114490569502E-03,
    0.63488550943),(-2.22044604925E-16,0.560815364857),
  .PIECEWISE_BEZIER_KNOTS.);
#3726 = CARTESIAN_POINT('',(1.56438550943,3.276179202082,
    3.553300155446E-06));
#3727 = CARTESIAN_POINT('',(1.56438550943,3.127398605673,0.540723635775)
  );
#3728 = CARTESIAN_POINT('',(0.93461449057,3.276179202082,
    3.553300155446E-06));
#3729 = CARTESIAN_POINT('',(0.93461449057,3.127398605673,0.540723635775)
  );
#3730 = ADVANCED_FACE('',(#3731),#3745,.T.);
#3731 = FACE_BOUND('',#3732,.T.);
#3732 = EDGE_LOOP('',(#3733,#3738,#3739,#3744));
#3733 = ORIENTED_EDGE('',*,*,#3734,.F.);
#3734 = EDGE_CURVE('',#3612,#3585,#3735,.T.);
#3735 = B_SPLINE_CURVE_WITH_KNOTS('',1,(#3736,#3737),.UNSPECIFIED.,.F.,
  .F.,(2,2),(1.561006288144,2.159658585126),.PIECEWISE_BEZIER_KNOTS.);
#3736 = CARTESIAN_POINT('',(0.9295,-4.190192378865,6.7300035533));
#3737 = CARTESIAN_POINT('',(1.0795,-4.75,6.8800035533));
#3738 = ORIENTED_EDGE('',*,*,#3611,.F.);
#3739 = ORIENTED_EDGE('',*,*,#3740,.F.);
#3740 = EDGE_CURVE('',#3569,#3605,#3741,.T.);
#3741 = B_SPLINE_CURVE_WITH_KNOTS('',1,(#3742,#3743),.UNSPECIFIED.,.F.,
  .F.,(2,2),(-0.598652296981,0.),.PIECEWISE_BEZIER_KNOTS.);
#3742 = CARTESIAN_POINT('',(1.4195,-4.75,6.8800035533));
#3743 = CARTESIAN_POINT('',(1.5695,-4.190192378865,6.7300035533));
#3744 = ORIENTED_EDGE('',*,*,#3591,.F.);
#3745 = B_SPLINE_SURFACE_WITH_KNOTS('',1,1,(
    (#3746,#3747)
    ,(#3748,#3749
    )),.UNSPECIFIED.,.F.,.F.,.F.,(2,2),(2,2),(-0.64,0.),(0.,
    0.579555495773),.PIECEWISE_BEZIER_KNOTS.);
#3746 = CARTESIAN_POINT('',(0.9295,-4.190192378865,6.7300035533));
#3747 = CARTESIAN_POINT('',(0.9295,-4.75,6.8800035533));
#3748 = CARTESIAN_POINT('',(1.5695,-4.190192378865,6.7300035533));
#3749 = CARTESIAN_POINT('',(1.5695,-4.75,6.8800035533));
#3750 = ADVANCED_FACE('',(#3751),#3761,.F.);
#3751 = FACE_BOUND('',#3752,.T.);
#3752 = EDGE_LOOP('',(#3753,#3754,#3755,#3760));
#3753 = ORIENTED_EDGE('',*,*,#3740,.T.);
#3754 = ORIENTED_EDGE('',*,*,#3633,.F.);
#3755 = ORIENTED_EDGE('',*,*,#3756,.F.);
#3756 = EDGE_CURVE('',#3571,#3548,#3757,.T.);
#3757 = B_SPLINE_CURVE_WITH_KNOTS('',1,(#3758,#3759),.UNSPECIFIED.,.F.,
  .F.,(2,2),(0.122775775472,0.721428072453),.PIECEWISE_BEZIER_KNOTS.);
#3758 = CARTESIAN_POINT('',(1.4195,-4.75,7.2200035533));
#3759 = CARTESIAN_POINT('',(1.5695,-4.190192378865,7.3700035533));
#3760 = ORIENTED_EDGE('',*,*,#3568,.F.);
#3761 = B_SPLINE_SURFACE_WITH_KNOTS('',1,1,(
    (#3762,#3763)
    ,(#3764,#3765
    )),.UNSPECIFIED.,.F.,.F.,.F.,(2,2),(2,2),(0.,0.64),(0.,
    0.579555495773),.PIECEWISE_BEZIER_KNOTS.);
#3762 = CARTESIAN_POINT('',(1.4195,-4.75,6.7300035533));
#3763 = CARTESIAN_POINT('',(1.5695,-4.190192378865,6.7300035533));
#3764 = CARTESIAN_POINT('',(1.4195,-4.75,7.3700035533));
#3765 = CARTESIAN_POINT('',(1.5695,-4.190192378865,7.3700035533));
#3766 = ADVANCED_FACE('',(#3767),#3777,.T.);
#3767 = FACE_BOUND('',#3768,.T.);
#3768 = EDGE_LOOP('',(#3769,#3770,#3771,#3776));
#3769 = ORIENTED_EDGE('',*,*,#3734,.T.);
#3770 = ORIENTED_EDGE('',*,*,#3584,.F.);
#3771 = ORIENTED_EDGE('',*,*,#3772,.F.);
#3772 = EDGE_CURVE('',#3541,#3578,#3773,.T.);
#3773 = B_SPLINE_CURVE_WITH_KNOTS('',1,(#3774,#3775),.UNSPECIFIED.,.F.,
  .F.,(2,2),(-1.721366484679,-1.122714187698),.PIECEWISE_BEZIER_KNOTS.);
#3774 = CARTESIAN_POINT('',(0.9295,-4.190192378865,7.3700035533));
#3775 = CARTESIAN_POINT('',(1.0795,-4.75,7.2200035533));
#3776 = ORIENTED_EDGE('',*,*,#3649,.F.);
#3777 = B_SPLINE_SURFACE_WITH_KNOTS('',1,1,(
    (#3778,#3779)
    ,(#3780,#3781
  )),.UNSPECIFIED.,.F.,.F.,.F.,(2,2),(2,2),(-6.87,-6.23),(
    -2.22044604925E-16,0.579555495773),.PIECEWISE_BEZIER_KNOTS.);
#3778 = CARTESIAN_POINT('',(0.9295,-4.190192378865,7.3700035533));
#3779 = CARTESIAN_POINT('',(1.0795,-4.75,7.3700035533));
#3780 = CARTESIAN_POINT('',(0.9295,-4.190192378865,6.7300035533));
#3781 = CARTESIAN_POINT('',(1.0795,-4.75,6.7300035533));
#3782 = ADVANCED_FACE('',(#3783),#3789,.F.);
#3783 = FACE_BOUND('',#3784,.T.);
#3784 = EDGE_LOOP('',(#3785,#3786,#3787,#3788));
#3785 = ORIENTED_EDGE('',*,*,#3756,.T.);
#3786 = ORIENTED_EDGE('',*,*,#3547,.F.);
#3787 = ORIENTED_EDGE('',*,*,#3772,.T.);
#3788 = ORIENTED_EDGE('',*,*,#3577,.F.);
#3789 = B_SPLINE_SURFACE_WITH_KNOTS('',1,1,(
    (#3790,#3791)
    ,(#3792,#3793
    )),.UNSPECIFIED.,.F.,.F.,.F.,(2,2),(2,2),(0.,0.64),(0.,
    0.579555495773),.PIECEWISE_BEZIER_KNOTS.);
#3790 = CARTESIAN_POINT('',(1.5695,-4.75,7.2200035533));
#3791 = CARTESIAN_POINT('',(1.5695,-4.190192378865,7.3700035533));
#3792 = CARTESIAN_POINT('',(0.9295,-4.75,7.2200035533));
#3793 = CARTESIAN_POINT('',(0.9295,-4.190192378865,7.3700035533));
#3794 = ADVANCED_FACE('',(#3795),#3827,.F.);
#3795 = FACE_BOUND('',#3796,.F.);
#3796 = EDGE_LOOP('',(#3797,#3806,#3814,#3821));
#3797 = ORIENTED_EDGE('',*,*,#3798,.F.);
#3798 = EDGE_CURVE('',#3799,#3801,#3803,.T.);
#3799 = VERTEX_POINT('',#3800);
#3800 = CARTESIAN_POINT('',(-0.9305,2.8,6.7300035533));
#3801 = VERTEX_POINT('',#3802);
#3802 = CARTESIAN_POINT('',(-1.5705,2.8,6.7300035533));
#3803 = B_SPLINE_CURVE_WITH_KNOTS('',1,(#3804,#3805),.UNSPECIFIED.,.F.,
  .F.,(2,2),(-0.,0.64),.PIECEWISE_BEZIER_KNOTS.);
#3804 = CARTESIAN_POINT('',(-0.9305,2.8,6.7300035533));
#3805 = CARTESIAN_POINT('',(-1.5705,2.8,6.7300035533));
#3806 = ORIENTED_EDGE('',*,*,#3807,.T.);
#3807 = EDGE_CURVE('',#3799,#3808,#3810,.T.);
#3808 = VERTEX_POINT('',#3809);
#3809 = CARTESIAN_POINT('',(-0.9305,3.13,6.4000035533));
#3810 = ( BOUNDED_CURVE() B_SPLINE_CURVE(2,(#3811,#3812,#3813),
.UNSPECIFIED.,.F.,.F.) B_SPLINE_CURVE_WITH_KNOTS((3,3),(3.14159265359,
4.712388980385),.PIECEWISE_BEZIER_KNOTS.) CURVE() 
GEOMETRIC_REPRESENTATION_ITEM() RATIONAL_B_SPLINE_CURVE((1.,
0.707106781187,1.)) REPRESENTATION_ITEM('') );
#3811 = CARTESIAN_POINT('',(-0.9305,2.8,6.7300035533));
#3812 = CARTESIAN_POINT('',(-0.9305,3.13,6.7300035533));
#3813 = CARTESIAN_POINT('',(-0.9305,3.13,6.4000035533));
#3814 = ORIENTED_EDGE('',*,*,#3815,.T.);
#3815 = EDGE_CURVE('',#3808,#3816,#3818,.T.);
#3816 = VERTEX_POINT('',#3817);
#3817 = CARTESIAN_POINT('',(-1.5705,3.13,6.4000035533));
#3818 = B_SPLINE_CURVE_WITH_KNOTS('',1,(#3819,#3820),.UNSPECIFIED.,.F.,
  .F.,(2,2),(-0.,0.64),.PIECEWISE_BEZIER_KNOTS.);
#3819 = CARTESIAN_POINT('',(-0.9305,3.13,6.4000035533));
#3820 = CARTESIAN_POINT('',(-1.5705,3.13,6.4000035533));
#3821 = ORIENTED_EDGE('',*,*,#3822,.F.);
#3822 = EDGE_CURVE('',#3801,#3816,#3823,.T.);
#3823 = ( BOUNDED_CURVE() B_SPLINE_CURVE(2,(#3824,#3825,#3826),
.UNSPECIFIED.,.F.,.F.) B_SPLINE_CURVE_WITH_KNOTS((3,3),(3.14159265359,
4.712388980385),.PIECEWISE_BEZIER_KNOTS.) CURVE() 
GEOMETRIC_REPRESENTATION_ITEM() RATIONAL_B_SPLINE_CURVE((1.,
0.707106781187,1.)) REPRESENTATION_ITEM('') );
#3824 = CARTESIAN_POINT('',(-1.5705,2.8,6.7300035533));
#3825 = CARTESIAN_POINT('',(-1.5705,3.13,6.7300035533));
#3826 = CARTESIAN_POINT('',(-1.5705,3.13,6.4000035533));
#3827 = ( BOUNDED_SURFACE() B_SPLINE_SURFACE(2,1,(
    (#3828,#3829)
    ,(#3830,#3831)
    ,(#3832,#3833
)),.UNSPECIFIED.,.F.,.F.,.F.) B_SPLINE_SURFACE_WITH_KNOTS((3,3),(2,2),(
    0.,1.570796326795),(0.,0.64),.PIECEWISE_BEZIER_KNOTS.) 
GEOMETRIC_REPRESENTATION_ITEM() RATIONAL_B_SPLINE_SURFACE((
    (1.,1.)
    ,(0.707106781187,0.707106781187)
,(1.,1.))) REPRESENTATION_ITEM('') SURFACE() );
#3828 = CARTESIAN_POINT('',(-0.9305,2.8,6.7300035533));
#3829 = CARTESIAN_POINT('',(-1.5705,2.8,6.7300035533));
#3830 = CARTESIAN_POINT('',(-0.9305,3.13,6.7300035533));
#3831 = CARTESIAN_POINT('',(-1.5705,3.13,6.7300035533));
#3832 = CARTESIAN_POINT('',(-0.9305,3.13,6.4000035533));
#3833 = CARTESIAN_POINT('',(-1.5705,3.13,6.4000035533));
#3834 = ADVANCED_FACE('',(#3835),#3857,.F.);
#3835 = FACE_BOUND('',#3836,.T.);
#3836 = EDGE_LOOP('',(#3837,#3844,#3851,#3856));
#3837 = ORIENTED_EDGE('',*,*,#3838,.T.);
#3838 = EDGE_CURVE('',#3816,#3839,#3841,.T.);
#3839 = VERTEX_POINT('',#3840);
#3840 = CARTESIAN_POINT('',(-1.5705,3.13,3.169722370493));
#3841 = B_SPLINE_CURVE_WITH_KNOTS('',1,(#3842,#3843),.UNSPECIFIED.,.F.,
  .F.,(2,2),(0.,3.230281182807),.PIECEWISE_BEZIER_KNOTS.);
#3842 = CARTESIAN_POINT('',(-1.5705,3.13,6.4000035533));
#3843 = CARTESIAN_POINT('',(-1.5705,3.13,3.169722370493));
#3844 = ORIENTED_EDGE('',*,*,#3845,.F.);
#3845 = EDGE_CURVE('',#3846,#3839,#3848,.T.);
#3846 = VERTEX_POINT('',#3847);
#3847 = CARTESIAN_POINT('',(-0.9305,3.13,3.169722370493));
#3848 = B_SPLINE_CURVE_WITH_KNOTS('',1,(#3849,#3850),.UNSPECIFIED.,.F.,
  .F.,(2,2),(-0.,0.64),.PIECEWISE_BEZIER_KNOTS.);
#3849 = CARTESIAN_POINT('',(-0.9305,3.13,3.169722370493));
#3850 = CARTESIAN_POINT('',(-1.5705,3.13,3.169722370493));
#3851 = ORIENTED_EDGE('',*,*,#3852,.F.);
#3852 = EDGE_CURVE('',#3808,#3846,#3853,.T.);
#3853 = B_SPLINE_CURVE_WITH_KNOTS('',1,(#3854,#3855),.UNSPECIFIED.,.F.,
  .F.,(2,2),(0.,3.230281182807),.PIECEWISE_BEZIER_KNOTS.);
#3854 = CARTESIAN_POINT('',(-0.9305,3.13,6.4000035533));
#3855 = CARTESIAN_POINT('',(-0.9305,3.13,3.169722370493));
#3856 = ORIENTED_EDGE('',*,*,#3815,.T.);
#3857 = B_SPLINE_SURFACE_WITH_KNOTS('',1,1,(
    (#3858,#3859)
    ,(#3860,#3861
    )),.UNSPECIFIED.,.F.,.F.,.F.,(2,2),(2,2),(-3.230281182807,0.),(-0.64
    ,0.),.PIECEWISE_BEZIER_KNOTS.);
#3858 = CARTESIAN_POINT('',(-1.5705,3.13,3.169722370493));
#3859 = CARTESIAN_POINT('',(-0.9305,3.13,3.169722370493));
#3860 = CARTESIAN_POINT('',(-1.5705,3.13,6.4000035533));
#3861 = CARTESIAN_POINT('',(-0.9305,3.13,6.4000035533));
#3862 = ADVANCED_FACE('',(#3863),#3887,.F.);
#3863 = FACE_BOUND('',#3864,.F.);
#3864 = EDGE_LOOP('',(#3865,#3866,#3874,#3881));
#3865 = ORIENTED_EDGE('',*,*,#3845,.F.);
#3866 = ORIENTED_EDGE('',*,*,#3867,.T.);
#3867 = EDGE_CURVE('',#3846,#3868,#3870,.T.);
#3868 = VERTEX_POINT('',#3869);
#3869 = CARTESIAN_POINT('',(-0.9305,3.077279220614,3.042443149879));
#3870 = ( BOUNDED_CURVE() B_SPLINE_CURVE(2,(#3871,#3872,#3873),
.UNSPECIFIED.,.F.,.F.) B_SPLINE_CURVE_WITH_KNOTS((3,3),(4.712388980385,
5.497787143782),.PIECEWISE_BEZIER_KNOTS.) CURVE() 
GEOMETRIC_REPRESENTATION_ITEM() RATIONAL_B_SPLINE_CURVE((1.,
0.923879532511,1.)) REPRESENTATION_ITEM('') );
#3871 = CARTESIAN_POINT('',(-0.9305,3.13,3.169722370493));
#3872 = CARTESIAN_POINT('',(-0.9305,3.13,3.095163929266));
#3873 = CARTESIAN_POINT('',(-0.9305,3.077279220614,3.042443149879));
#3874 = ORIENTED_EDGE('',*,*,#3875,.T.);
#3875 = EDGE_CURVE('',#3868,#3876,#3878,.T.);
#3876 = VERTEX_POINT('',#3877);
#3877 = CARTESIAN_POINT('',(-1.5705,3.077279220614,3.042443149879));
#3878 = B_SPLINE_CURVE_WITH_KNOTS('',1,(#3879,#3880),.UNSPECIFIED.,.F.,
  .F.,(2,2),(-0.,0.64),.PIECEWISE_BEZIER_KNOTS.);
#3879 = CARTESIAN_POINT('',(-0.9305,3.077279220614,3.042443149879));
#3880 = CARTESIAN_POINT('',(-1.5705,3.077279220614,3.042443149879));
#3881 = ORIENTED_EDGE('',*,*,#3882,.F.);
#3882 = EDGE_CURVE('',#3839,#3876,#3883,.T.);
#3883 = ( BOUNDED_CURVE() B_SPLINE_CURVE(2,(#3884,#3885,#3886),
.UNSPECIFIED.,.F.,.F.) B_SPLINE_CURVE_WITH_KNOTS((3,3),(4.712388980385,
5.497787143782),.PIECEWISE_BEZIER_KNOTS.) CURVE() 
GEOMETRIC_REPRESENTATION_ITEM() RATIONAL_B_SPLINE_CURVE((1.,
0.923879532511,1.)) REPRESENTATION_ITEM('') );
#3884 = CARTESIAN_POINT('',(-1.5705,3.13,3.169722370493));
#3885 = CARTESIAN_POINT('',(-1.5705,3.13,3.095163929266));
#3886 = CARTESIAN_POINT('',(-1.5705,3.077279220614,3.042443149879));
#3887 = ( BOUNDED_SURFACE() B_SPLINE_SURFACE(2,1,(
    (#3888,#3889)
    ,(#3890,#3891)
    ,(#3892,#3893
)),.UNSPECIFIED.,.F.,.F.,.F.) B_SPLINE_SURFACE_WITH_KNOTS((3,3),(2,2),(
    1.570796326795,2.356194490192),(0.,0.64),.PIECEWISE_BEZIER_KNOTS.) 
GEOMETRIC_REPRESENTATION_ITEM() RATIONAL_B_SPLINE_SURFACE((
    (1.,1.)
    ,(0.923879532511,0.923879532511)
,(1.,1.))) REPRESENTATION_ITEM('') SURFACE() );
#3888 = CARTESIAN_POINT('',(-0.9305,3.13,3.169722370493));
#3889 = CARTESIAN_POINT('',(-1.5705,3.13,3.169722370493));
#3890 = CARTESIAN_POINT('',(-0.9305,3.13,3.095163929266));
#3891 = CARTESIAN_POINT('',(-1.5705,3.13,3.095163929266));
#3892 = CARTESIAN_POINT('',(-0.9305,3.077279220614,3.042443149879));
#3893 = CARTESIAN_POINT('',(-1.5705,3.077279220614,3.042443149879));
#3894 = ADVANCED_FACE('',(#3895),#3917,.F.);
#3895 = FACE_BOUND('',#3896,.T.);
#3896 = EDGE_LOOP('',(#3897,#3904,#3911,#3916));
#3897 = ORIENTED_EDGE('',*,*,#3898,.T.);
#3898 = EDGE_CURVE('',#3876,#3899,#3901,.T.);
#3899 = VERTEX_POINT('',#3900);
#3900 = CARTESIAN_POINT('',(-1.5705,3.047030914801,3.012194844067));
#3901 = B_SPLINE_CURVE_WITH_KNOTS('',1,(#3902,#3903),.UNSPECIFIED.,.F.,
  .F.,(2,2),(-7.850462293419E-17,4.277756431875E-02),
  .PIECEWISE_BEZIER_KNOTS.);
#3902 = CARTESIAN_POINT('',(-1.5705,3.077279220614,3.042443149879));
#3903 = CARTESIAN_POINT('',(-1.5705,3.047030914801,3.012194844067));
#3904 = ORIENTED_EDGE('',*,*,#3905,.F.);
#3905 = EDGE_CURVE('',#3906,#3899,#3908,.T.);
#3906 = VERTEX_POINT('',#3907);
#3907 = CARTESIAN_POINT('',(-0.9305,3.047030914801,3.012194844067));
#3908 = B_SPLINE_CURVE_WITH_KNOTS('',1,(#3909,#3910),.UNSPECIFIED.,.F.,
  .F.,(2,2),(-0.,0.64),.PIECEWISE_BEZIER_KNOTS.);
#3909 = CARTESIAN_POINT('',(-0.9305,3.047030914801,3.012194844067));
#3910 = CARTESIAN_POINT('',(-1.5705,3.047030914801,3.012194844067));
#3911 = ORIENTED_EDGE('',*,*,#3912,.F.);
#3912 = EDGE_CURVE('',#3868,#3906,#3913,.T.);
#3913 = B_SPLINE_CURVE_WITH_KNOTS('',1,(#3914,#3915),.UNSPECIFIED.,.F.,
  .F.,(2,2),(-7.850462293419E-17,4.277756431875E-02),
  .PIECEWISE_BEZIER_KNOTS.);
#3914 = CARTESIAN_POINT('',(-0.9305,3.077279220614,3.042443149879));
#3915 = CARTESIAN_POINT('',(-0.9305,3.047030914801,3.012194844067));
#3916 = ORIENTED_EDGE('',*,*,#3875,.T.);
#3917 = B_SPLINE_SURFACE_WITH_KNOTS('',1,1,(
    (#3918,#3919)
    ,(#3920,#3921
    )),.UNSPECIFIED.,.F.,.F.,.F.,(2,2),(2,2),(-4.277756431875E-02,
    7.850462293419E-17),(-0.64,0.),.PIECEWISE_BEZIER_KNOTS.);
#3918 = CARTESIAN_POINT('',(-1.5705,3.047030914801,3.012194844067));
#3919 = CARTESIAN_POINT('',(-0.9305,3.047030914801,3.012194844067));
#3920 = CARTESIAN_POINT('',(-1.5705,3.077279220614,3.042443149879));
#3921 = CARTESIAN_POINT('',(-0.9305,3.077279220614,3.042443149879));
#3922 = ADVANCED_FACE('',(#3923),#3947,.T.);
#3923 = FACE_BOUND('',#3924,.T.);
#3924 = EDGE_LOOP('',(#3925,#3933,#3940,#3946));
#3925 = ORIENTED_EDGE('',*,*,#3926,.T.);
#3926 = EDGE_CURVE('',#3899,#3927,#3929,.T.);
#3927 = VERTEX_POINT('',#3928);
#3928 = CARTESIAN_POINT('',(-1.5705,2.819316117904,2.289975777807));
#3929 = ( BOUNDED_CURVE() B_SPLINE_CURVE(2,(#3930,#3931,#3932),
.UNSPECIFIED.,.F.,.F.) B_SPLINE_CURVE_WITH_KNOTS((3,3),(3.926990816987,
4.886921905584),.PIECEWISE_BEZIER_KNOTS.) CURVE() 
GEOMETRIC_REPRESENTATION_ITEM() RATIONAL_B_SPLINE_CURVE((1.,
0.887010833178,1.)) REPRESENTATION_ITEM('') );
#3930 = CARTESIAN_POINT('',(-1.5705,3.047030914801,3.012194844067));
#3931 = CARTESIAN_POINT('',(-1.5705,2.745191791765,2.710355721031));
#3932 = CARTESIAN_POINT('',(-1.5705,2.819316117904,2.289975777807));
#3933 = ORIENTED_EDGE('',*,*,#3934,.F.);
#3934 = EDGE_CURVE('',#3935,#3927,#3937,.T.);
#3935 = VERTEX_POINT('',#3936);
#3936 = CARTESIAN_POINT('',(-0.9305,2.819316117904,2.289975777807));
#3937 = B_SPLINE_CURVE_WITH_KNOTS('',1,(#3938,#3939),.UNSPECIFIED.,.F.,
  .F.,(2,2),(-0.,0.64),.PIECEWISE_BEZIER_KNOTS.);
#3938 = CARTESIAN_POINT('',(-0.9305,2.819316117904,2.289975777807));
#3939 = CARTESIAN_POINT('',(-1.5705,2.819316117904,2.289975777807));
#3940 = ORIENTED_EDGE('',*,*,#3941,.F.);
#3941 = EDGE_CURVE('',#3906,#3935,#3942,.T.);
#3942 = ( BOUNDED_CURVE() B_SPLINE_CURVE(2,(#3943,#3944,#3945),
.UNSPECIFIED.,.F.,.F.) B_SPLINE_CURVE_WITH_KNOTS((3,3),(3.926990816987,
4.886921905584),.PIECEWISE_BEZIER_KNOTS.) CURVE() 
GEOMETRIC_REPRESENTATION_ITEM() RATIONAL_B_SPLINE_CURVE((1.,
0.887010833178,1.)) REPRESENTATION_ITEM('') );
#3943 = CARTESIAN_POINT('',(-0.9305,3.047030914801,3.012194844067));
#3944 = CARTESIAN_POINT('',(-0.9305,2.745191791765,2.710355721031));
#3945 = CARTESIAN_POINT('',(-0.9305,2.819316117904,2.289975777807));
#3946 = ORIENTED_EDGE('',*,*,#3905,.T.);
#3947 = ( BOUNDED_SURFACE() B_SPLINE_SURFACE(2,1,(
    (#3948,#3949)
    ,(#3950,#3951)
    ,(#3952,#3953
)),.UNSPECIFIED.,.F.,.F.,.F.) B_SPLINE_SURFACE_WITH_KNOTS((3,3),(2,2),(
    4.537856055185,5.497787143782),(0.,0.64),.PIECEWISE_BEZIER_KNOTS.) 
GEOMETRIC_REPRESENTATION_ITEM() RATIONAL_B_SPLINE_SURFACE((
    (1.,1.)
    ,(0.887010833178,0.887010833178)
,(1.,1.))) REPRESENTATION_ITEM('') SURFACE() );
#3948 = CARTESIAN_POINT('',(-0.9305,2.819316117904,2.289975777807));
#3949 = CARTESIAN_POINT('',(-1.5705,2.819316117904,2.289975777807));
#3950 = CARTESIAN_POINT('',(-0.9305,2.745191791765,2.710355721031));
#3951 = CARTESIAN_POINT('',(-1.5705,2.745191791765,2.710355721031));
#3952 = CARTESIAN_POINT('',(-0.9305,3.047030914801,3.012194844067));
#3953 = CARTESIAN_POINT('',(-1.5705,3.047030914801,3.012194844067));
#3954 = ADVANCED_FACE('',(#3955),#3991,.F.);
#3955 = FACE_BOUND('',#3956,.T.);
#3956 = EDGE_LOOP('',(#3957,#3966,#3973,#3978,#3979,#3986));
#3957 = ORIENTED_EDGE('',*,*,#3958,.F.);
#3958 = EDGE_CURVE('',#3959,#3961,#3963,.T.);
#3959 = VERTEX_POINT('',#3960);
#3960 = CARTESIAN_POINT('',(-0.931636159313,3.125138480964,
    0.555570970154));
#3961 = VERTEX_POINT('',#3962);
#3962 = CARTESIAN_POINT('',(-1.569363840687,3.125138480964,
    0.555570970154));
#3963 = B_SPLINE_CURVE_WITH_KNOTS('',1,(#3964,#3965),.UNSPECIFIED.,.F.,
  .F.,(2,2),(1.136159313082E-03,0.638863840687),
  .PIECEWISE_BEZIER_KNOTS.);
#3964 = CARTESIAN_POINT('',(-0.931636159313,3.125138480964,
    0.555570970154));
#3965 = CARTESIAN_POINT('',(-1.569363840687,3.125138480964,
    0.555570970154));
#3966 = ORIENTED_EDGE('',*,*,#3967,.T.);
#3967 = EDGE_CURVE('',#3959,#3968,#3970,.T.);
#3968 = VERTEX_POINT('',#3969);
#3969 = CARTESIAN_POINT('',(-0.9305,3.124390818545,0.559811174435));
#3970 = B_SPLINE_CURVE_WITH_KNOTS('',1,(#3971,#3972),.UNSPECIFIED.,.F.,
  .F.,(2,2),(0.67527343043,0.679726428232),.PIECEWISE_BEZIER_KNOTS.);
#3971 = CARTESIAN_POINT('',(-0.931636159313,3.125138480964,
    0.555570970154));
#3972 = CARTESIAN_POINT('',(-0.9305,3.124390818545,0.559811174435));
#3973 = ORIENTED_EDGE('',*,*,#3974,.F.);
#3974 = EDGE_CURVE('',#3935,#3968,#3975,.T.);
#3975 = B_SPLINE_CURVE_WITH_KNOTS('',1,(#3976,#3977),.UNSPECIFIED.,.F.,
  .F.,(2,2),(0.,1.756855181206),.PIECEWISE_BEZIER_KNOTS.);
#3976 = CARTESIAN_POINT('',(-0.9305,2.819316117904,2.289975777807));
#3977 = CARTESIAN_POINT('',(-0.9305,3.124390818545,0.559811174435));
#3978 = ORIENTED_EDGE('',*,*,#3934,.T.);
#3979 = ORIENTED_EDGE('',*,*,#3980,.T.);
#3980 = EDGE_CURVE('',#3927,#3981,#3983,.T.);
#3981 = VERTEX_POINT('',#3982);
#3982 = CARTESIAN_POINT('',(-1.5705,3.124390818545,0.559811174435));
#3983 = B_SPLINE_CURVE_WITH_KNOTS('',1,(#3984,#3985),.UNSPECIFIED.,.F.,
  .F.,(2,2),(0.,1.756855181206),.PIECEWISE_BEZIER_KNOTS.);
#3984 = CARTESIAN_POINT('',(-1.5705,2.819316117904,2.289975777807));
#3985 = CARTESIAN_POINT('',(-1.5705,3.124390818545,0.559811174435));
#3986 = ORIENTED_EDGE('',*,*,#3987,.T.);
#3987 = EDGE_CURVE('',#3981,#3961,#3988,.T.);
#3988 = B_SPLINE_CURVE_WITH_KNOTS('',1,(#3989,#3990),.UNSPECIFIED.,.F.,
  .F.,(2,2),(5.278650702485E-02,5.723950482738E-02),
  .PIECEWISE_BEZIER_KNOTS.);
#3989 = CARTESIAN_POINT('',(-1.5705,3.124390818545,0.559811174435));
#3990 = CARTESIAN_POINT('',(-1.569363840687,3.125138480964,
    0.555570970154));
#3991 = B_SPLINE_SURFACE_WITH_KNOTS('',1,1,(
    (#3992,#3993)
    ,(#3994,#3995
    )),.UNSPECIFIED.,.F.,.F.,.F.,(2,2),(2,2),(-1.761160797474,0.),(-0.64
    ,2.775557561563E-17),.PIECEWISE_BEZIER_KNOTS.);
#3992 = CARTESIAN_POINT('',(-1.5705,3.125138480964,0.555570970154));
#3993 = CARTESIAN_POINT('',(-0.9305,3.125138480964,0.555570970154));
#3994 = CARTESIAN_POINT('',(-1.5705,2.819316117904,2.289975777807));
#3995 = CARTESIAN_POINT('',(-0.9305,2.819316117904,2.289975777807));
#3996 = ADVANCED_FACE('',(#3997),#4023,.F.);
#3997 = FACE_BOUND('',#3998,.F.);
#3998 = EDGE_LOOP('',(#3999,#4008,#4009,#4018));
#3999 = ORIENTED_EDGE('',*,*,#4000,.F.);
#4000 = EDGE_CURVE('',#3961,#4001,#4003,.T.);
#4001 = VERTEX_POINT('',#4002);
#4002 = CARTESIAN_POINT('',(-1.56538550943,3.127398605673,0.540723635775
    ));
#4003 = ( BOUNDED_CURVE() B_SPLINE_CURVE(3,(#4004,#4005,#4006,#4007),
.UNSPECIFIED.,.F.,.F.) B_SPLINE_CURVE_WITH_KNOTS((4,4),(1.396263401595,
1.443200122934),.PIECEWISE_BEZIER_KNOTS.) CURVE() 
GEOMETRIC_REPRESENTATION_ITEM() RATIONAL_B_SPLINE_CURVE((1.,
0.999816420442,0.999816420442,1.)) REPRESENTATION_ITEM('') );
#4004 = CARTESIAN_POINT('',(-1.569363840687,3.125138480964,
    0.555570970154));
#4005 = CARTESIAN_POINT('',(-1.568042589917,3.126007944898,
    0.550639995152));
#4006 = CARTESIAN_POINT('',(-1.566716236007,3.12676145813,0.545689974971
    ));
#4007 = CARTESIAN_POINT('',(-1.56538550943,3.127398605673,0.540723635775
    ));
#4008 = ORIENTED_EDGE('',*,*,#3958,.F.);
#4009 = ORIENTED_EDGE('',*,*,#4010,.F.);
#4010 = EDGE_CURVE('',#4011,#3959,#4013,.T.);
#4011 = VERTEX_POINT('',#4012);
#4012 = CARTESIAN_POINT('',(-0.93561449057,3.127398605673,0.540723635775
    ));
#4013 = ( BOUNDED_CURVE() B_SPLINE_CURVE(3,(#4014,#4015,#4016,#4017),
.UNSPECIFIED.,.F.,.F.) B_SPLINE_CURVE_WITH_KNOTS((4,4),(1.698392530655,
1.745329251994),.PIECEWISE_BEZIER_KNOTS.) CURVE() 
GEOMETRIC_REPRESENTATION_ITEM() RATIONAL_B_SPLINE_CURVE((1.,
0.999816420442,0.999816420442,1.)) REPRESENTATION_ITEM('') );
#4014 = CARTESIAN_POINT('',(-0.93561449057,3.127398605673,0.540723635775
    ));
#4015 = CARTESIAN_POINT('',(-0.934283763993,3.12676145813,0.545689974971
    ));
#4016 = CARTESIAN_POINT('',(-0.932957410083,3.126007944898,
    0.550639995152));
#4017 = CARTESIAN_POINT('',(-0.931636159313,3.125138480964,
    0.555570970154));
#4018 = ORIENTED_EDGE('',*,*,#4019,.F.);
#4019 = EDGE_CURVE('',#4001,#4011,#4020,.T.);
#4020 = B_SPLINE_CURVE_WITH_KNOTS('',1,(#4021,#4022),.UNSPECIFIED.,.F.,
  .F.,(2,2),(-0.63488550943,-5.114490569502E-03),
  .PIECEWISE_BEZIER_KNOTS.);
#4021 = CARTESIAN_POINT('',(-1.56538550943,3.127398605673,0.540723635775
    ));
#4022 = CARTESIAN_POINT('',(-0.93561449057,3.127398605673,0.540723635775
    ));
#4023 = ( BOUNDED_SURFACE() B_SPLINE_SURFACE(2,1,(
    (#4024,#4025)
    ,(#4026,#4027)
    ,(#4028,#4029
)),.UNSPECIFIED.,.F.,.F.,.F.) B_SPLINE_SURFACE_WITH_KNOTS((3,3),(2,2),(
    1.396263401595,1.443200122934),(1.136159313082E-03,0.638863840687),
.PIECEWISE_BEZIER_KNOTS.) GEOMETRIC_REPRESENTATION_ITEM() 
RATIONAL_B_SPLINE_SURFACE((
    (1.,1.)
    ,(0.999724630663,0.999724630663)
,(1.,1.))) REPRESENTATION_ITEM('') SURFACE() );
#4024 = CARTESIAN_POINT('',(-0.931636159313,3.125138480964,
    0.555570970154));
#4025 = CARTESIAN_POINT('',(-1.569363840687,3.125138480964,
    0.555570970154));
#4026 = CARTESIAN_POINT('',(-0.931636159313,3.12644279661,0.548173828545
    ));
#4027 = CARTESIAN_POINT('',(-1.569363840687,3.12644279661,0.548173828545
    ));
#4028 = CARTESIAN_POINT('',(-0.931636159313,3.127398605673,
    0.540723635775));
#4029 = CARTESIAN_POINT('',(-1.569363840687,3.127398605673,
    0.540723635775));
#4030 = ADVANCED_FACE('',(#4031),#4061,.T.);
#4031 = FACE_BOUND('',#4032,.T.);
#4032 = EDGE_LOOP('',(#4033,#4042,#4049,#4056));
#4033 = ORIENTED_EDGE('',*,*,#4034,.T.);
#4034 = EDGE_CURVE('',#4035,#4037,#4039,.T.);
#4035 = VERTEX_POINT('',#4036);
#4036 = CARTESIAN_POINT('',(-1.0805,3.617788987579,3.553300155446E-06));
#4037 = VERTEX_POINT('',#4038);
#4038 = CARTESIAN_POINT('',(-1.0805,3.276179202082,3.553300155446E-06));
#4039 = B_SPLINE_CURVE_WITH_KNOTS('',1,(#4040,#4041),.UNSPECIFIED.,.F.,
  .F.,(2,2),(0.152211012421,0.493820797918),.PIECEWISE_BEZIER_KNOTS.);
#4040 = CARTESIAN_POINT('',(-1.0805,3.617788987579,3.553300155446E-06));
#4041 = CARTESIAN_POINT('',(-1.0805,3.276179202082,3.553300155446E-06));
#4042 = ORIENTED_EDGE('',*,*,#4043,.T.);
#4043 = EDGE_CURVE('',#4037,#4044,#4046,.T.);
#4044 = VERTEX_POINT('',#4045);
#4045 = CARTESIAN_POINT('',(-1.4205,3.276179202082,3.553300155446E-06));
#4046 = B_SPLINE_CURVE_WITH_KNOTS('',1,(#4047,#4048),.UNSPECIFIED.,.F.,
  .F.,(2,2),(-0.49,-0.15),.PIECEWISE_BEZIER_KNOTS.);
#4047 = CARTESIAN_POINT('',(-1.0805,3.276179202082,3.553300155446E-06));
#4048 = CARTESIAN_POINT('',(-1.4205,3.276179202082,3.553300155446E-06));
#4049 = ORIENTED_EDGE('',*,*,#4050,.T.);
#4050 = EDGE_CURVE('',#4044,#4051,#4053,.T.);
#4051 = VERTEX_POINT('',#4052);
#4052 = CARTESIAN_POINT('',(-1.4205,3.617788987579,3.553300155446E-06));
#4053 = B_SPLINE_CURVE_WITH_KNOTS('',1,(#4054,#4055),.UNSPECIFIED.,.F.,
  .F.,(2,2),(-0.493820797918,-0.152211012421),.PIECEWISE_BEZIER_KNOTS.);
#4054 = CARTESIAN_POINT('',(-1.4205,3.276179202082,3.553300155446E-06));
#4055 = CARTESIAN_POINT('',(-1.4205,3.617788987579,3.553300155446E-06));
#4056 = ORIENTED_EDGE('',*,*,#4057,.T.);
#4057 = EDGE_CURVE('',#4051,#4035,#4058,.T.);
#4058 = B_SPLINE_CURVE_WITH_KNOTS('',1,(#4059,#4060),.UNSPECIFIED.,.F.,
  .F.,(2,2),(-0.49,-0.15),.PIECEWISE_BEZIER_KNOTS.);
#4059 = CARTESIAN_POINT('',(-1.4205,3.617788987579,3.553300155446E-06));
#4060 = CARTESIAN_POINT('',(-1.0805,3.617788987579,3.553300155446E-06));
#4061 = B_SPLINE_SURFACE_WITH_KNOTS('',1,1,(
    (#4062,#4063)
    ,(#4064,#4065
    )),.UNSPECIFIED.,.F.,.F.,.F.,(2,2),(2,2),(0.15,0.49),(
    -0.493820797918,-0.152211012421),.PIECEWISE_BEZIER_KNOTS.);
#4062 = CARTESIAN_POINT('',(-1.0805,3.276179202082,3.553300155446E-06));
#4063 = CARTESIAN_POINT('',(-1.0805,3.617788987579,3.553300155446E-06));
#4064 = CARTESIAN_POINT('',(-1.4205,3.276179202082,3.553300155446E-06));
#4065 = CARTESIAN_POINT('',(-1.4205,3.617788987579,3.553300155446E-06));
#4066 = ADVANCED_FACE('',(#4067),#4099,.T.);
#4067 = FACE_BOUND('',#4068,.T.);
#4068 = EDGE_LOOP('',(#4069,#4079,#4086,#4094));
#4069 = ORIENTED_EDGE('',*,*,#4070,.T.);
#4070 = EDGE_CURVE('',#4071,#4073,#4075,.T.);
#4071 = VERTEX_POINT('',#4072);
#4072 = CARTESIAN_POINT('',(-0.9305,3.755415442892,0.66670580386));
#4073 = VERTEX_POINT('',#4074);
#4074 = CARTESIAN_POINT('',(-0.9305,3.767379540835,0.570886659831));
#4075 = ( BOUNDED_CURVE() B_SPLINE_CURVE(2,(#4076,#4077,#4078),
.UNSPECIFIED.,.F.,.F.) B_SPLINE_CURVE_WITH_KNOTS((3,3),(4.537856055185,
4.638485155102),.PIECEWISE_BEZIER_KNOTS.) CURVE() 
GEOMETRIC_REPRESENTATION_ITEM() RATIONAL_B_SPLINE_CURVE((1.,
0.998734490041,1.)) REPRESENTATION_ITEM('') );
#4076 = CARTESIAN_POINT('',(-0.9305,3.755415442892,0.66670580386));
#4077 = CARTESIAN_POINT('',(-0.9305,3.763810076624,0.619097470191));
#4078 = CARTESIAN_POINT('',(-0.9305,3.767379540835,0.570886659831));
#4079 = ORIENTED_EDGE('',*,*,#4080,.T.);
#4080 = EDGE_CURVE('',#4073,#4081,#4083,.T.);
#4081 = VERTEX_POINT('',#4082);
#4082 = CARTESIAN_POINT('',(-1.5705,3.767379540835,0.570886659831));
#4083 = B_SPLINE_CURVE_WITH_KNOTS('',1,(#4084,#4085),.UNSPECIFIED.,.F.,
  .F.,(2,2),(-0.,0.64),.PIECEWISE_BEZIER_KNOTS.);
#4084 = CARTESIAN_POINT('',(-0.9305,3.767379540835,0.570886659831));
#4085 = CARTESIAN_POINT('',(-1.5705,3.767379540835,0.570886659831));
#4086 = ORIENTED_EDGE('',*,*,#4087,.F.);
#4087 = EDGE_CURVE('',#4088,#4081,#4090,.T.);
#4088 = VERTEX_POINT('',#4089);
#4089 = CARTESIAN_POINT('',(-1.5705,3.755415442892,0.66670580386));
#4090 = ( BOUNDED_CURVE() B_SPLINE_CURVE(2,(#4091,#4092,#4093),
.UNSPECIFIED.,.F.,.F.) B_SPLINE_CURVE_WITH_KNOTS((3,3),(4.537856055185,
4.638485155102),.PIECEWISE_BEZIER_KNOTS.) CURVE() 
GEOMETRIC_REPRESENTATION_ITEM() RATIONAL_B_SPLINE_CURVE((1.,
0.998734490041,1.)) REPRESENTATION_ITEM('') );
#4091 = CARTESIAN_POINT('',(-1.5705,3.755415442892,0.66670580386));
#4092 = CARTESIAN_POINT('',(-1.5705,3.763810076624,0.619097470191));
#4093 = CARTESIAN_POINT('',(-1.5705,3.767379540835,0.570886659831));
#4094 = ORIENTED_EDGE('',*,*,#4095,.F.);
#4095 = EDGE_CURVE('',#4071,#4088,#4096,.T.);
#4096 = B_SPLINE_CURVE_WITH_KNOTS('',1,(#4097,#4098),.UNSPECIFIED.,.F.,
  .F.,(2,2),(-0.,0.64),.PIECEWISE_BEZIER_KNOTS.);
#4097 = CARTESIAN_POINT('',(-0.9305,3.755415442892,0.66670580386));
#4098 = CARTESIAN_POINT('',(-1.5705,3.755415442892,0.66670580386));
#4099 = ( BOUNDED_SURFACE() B_SPLINE_SURFACE(2,1,(
    (#4100,#4101)
    ,(#4102,#4103)
    ,(#4104,#4105
)),.UNSPECIFIED.,.F.,.F.,.F.) B_SPLINE_SURFACE_WITH_KNOTS((3,3),(2,2),(
    1.396263401595,1.496892501512),(0.,0.64),.PIECEWISE_BEZIER_KNOTS.) 
GEOMETRIC_REPRESENTATION_ITEM() RATIONAL_B_SPLINE_SURFACE((
    (1.,1.)
    ,(0.998734490041,0.998734490041)
,(1.,1.))) REPRESENTATION_ITEM('') SURFACE() );
#4100 = CARTESIAN_POINT('',(-0.9305,3.755415442892,0.66670580386));
#4101 = CARTESIAN_POINT('',(-1.5705,3.755415442892,0.66670580386));
#4102 = CARTESIAN_POINT('',(-0.9305,3.763810076624,0.619097470191));
#4103 = CARTESIAN_POINT('',(-1.5705,3.763810076624,0.619097470191));
#4104 = CARTESIAN_POINT('',(-0.9305,3.767379540835,0.570886659831));
#4105 = CARTESIAN_POINT('',(-1.5705,3.767379540835,0.570886659831));
#4106 = ADVANCED_FACE('',(#4107),#4129,.T.);
#4107 = FACE_BOUND('',#4108,.T.);
#4108 = EDGE_LOOP('',(#4109,#4116,#4123,#4128));
#4109 = ORIENTED_EDGE('',*,*,#4110,.F.);
#4110 = EDGE_CURVE('',#4111,#4088,#4113,.T.);
#4111 = VERTEX_POINT('',#4112);
#4112 = CARTESIAN_POINT('',(-1.5705,3.449593079832,2.401110611514));
#4113 = B_SPLINE_CURVE_WITH_KNOTS('',1,(#4114,#4115),.UNSPECIFIED.,.F.,
  .F.,(2,2),(0.,1.761160797474),.PIECEWISE_BEZIER_KNOTS.);
#4114 = CARTESIAN_POINT('',(-1.5705,3.449593079832,2.401110611514));
#4115 = CARTESIAN_POINT('',(-1.5705,3.755415442892,0.66670580386));
#4116 = ORIENTED_EDGE('',*,*,#4117,.F.);
#4117 = EDGE_CURVE('',#4118,#4111,#4120,.T.);
#4118 = VERTEX_POINT('',#4119);
#4119 = CARTESIAN_POINT('',(-0.9305,3.449593079832,2.401110611514));
#4120 = B_SPLINE_CURVE_WITH_KNOTS('',1,(#4121,#4122),.UNSPECIFIED.,.F.,
  .F.,(2,2),(-0.,0.64),.PIECEWISE_BEZIER_KNOTS.);
#4121 = CARTESIAN_POINT('',(-0.9305,3.449593079832,2.401110611514));
#4122 = CARTESIAN_POINT('',(-1.5705,3.449593079832,2.401110611514));
#4123 = ORIENTED_EDGE('',*,*,#4124,.T.);
#4124 = EDGE_CURVE('',#4118,#4071,#4125,.T.);
#4125 = B_SPLINE_CURVE_WITH_KNOTS('',1,(#4126,#4127),.UNSPECIFIED.,.F.,
  .F.,(2,2),(0.,1.761160797474),.PIECEWISE_BEZIER_KNOTS.);
#4126 = CARTESIAN_POINT('',(-0.9305,3.449593079832,2.401110611514));
#4127 = CARTESIAN_POINT('',(-0.9305,3.755415442892,0.66670580386));
#4128 = ORIENTED_EDGE('',*,*,#4095,.T.);
#4129 = B_SPLINE_SURFACE_WITH_KNOTS('',1,1,(
    (#4130,#4131)
    ,(#4132,#4133
    )),.UNSPECIFIED.,.F.,.F.,.F.,(2,2),(2,2),(-1.761160797474,0.),(-0.64
    ,0.),.PIECEWISE_BEZIER_KNOTS.);
#4130 = CARTESIAN_POINT('',(-1.5705,3.755415442892,0.66670580386));
#4131 = CARTESIAN_POINT('',(-0.9305,3.755415442892,0.66670580386));
#4132 = CARTESIAN_POINT('',(-1.5705,3.449593079832,2.401110611514));
#4133 = CARTESIAN_POINT('',(-0.9305,3.449593079832,2.401110611514));
#4134 = ADVANCED_FACE('',(#4135),#4159,.F.);
#4135 = FACE_BOUND('',#4136,.F.);
#4136 = EDGE_LOOP('',(#4137,#4138,#4146,#4153));
#4137 = ORIENTED_EDGE('',*,*,#4117,.F.);
#4138 = ORIENTED_EDGE('',*,*,#4139,.F.);
#4139 = EDGE_CURVE('',#4140,#4118,#4142,.T.);
#4140 = VERTEX_POINT('',#4141);
#4141 = CARTESIAN_POINT('',(-0.9305,3.499579254761,2.559646504108));
#4142 = ( BOUNDED_CURVE() B_SPLINE_CURVE(2,(#4143,#4144,#4145),
.UNSPECIFIED.,.F.,.F.) B_SPLINE_CURVE_WITH_KNOTS((3,3),(3.926990816987,
4.886921905584),.PIECEWISE_BEZIER_KNOTS.) CURVE() 
GEOMETRIC_REPRESENTATION_ITEM() RATIONAL_B_SPLINE_CURVE((1.,
0.887010833178,1.)) REPRESENTATION_ITEM('') );
#4143 = CARTESIAN_POINT('',(-0.9305,3.499579254761,2.559646504108));
#4144 = CARTESIAN_POINT('',(-0.9305,3.433321886289,2.493389135636));
#4145 = CARTESIAN_POINT('',(-0.9305,3.449593079832,2.401110611514));
#4146 = ORIENTED_EDGE('',*,*,#4147,.T.);
#4147 = EDGE_CURVE('',#4140,#4148,#4150,.T.);
#4148 = VERTEX_POINT('',#4149);
#4149 = CARTESIAN_POINT('',(-1.5705,3.499579254761,2.559646504108));
#4150 = B_SPLINE_CURVE_WITH_KNOTS('',1,(#4151,#4152),.UNSPECIFIED.,.F.,
  .F.,(2,2),(-0.,0.64),.PIECEWISE_BEZIER_KNOTS.);
#4151 = CARTESIAN_POINT('',(-0.9305,3.499579254761,2.559646504108));
#4152 = CARTESIAN_POINT('',(-1.5705,3.499579254761,2.559646504108));
#4153 = ORIENTED_EDGE('',*,*,#4154,.T.);
#4154 = EDGE_CURVE('',#4148,#4111,#4155,.T.);
#4155 = ( BOUNDED_CURVE() B_SPLINE_CURVE(2,(#4156,#4157,#4158),
.UNSPECIFIED.,.F.,.F.) B_SPLINE_CURVE_WITH_KNOTS((3,3),(3.926990816987,
4.886921905584),.PIECEWISE_BEZIER_KNOTS.) CURVE() 
GEOMETRIC_REPRESENTATION_ITEM() RATIONAL_B_SPLINE_CURVE((1.,
0.887010833178,1.)) REPRESENTATION_ITEM('') );
#4156 = CARTESIAN_POINT('',(-1.5705,3.499579254761,2.559646504108));
#4157 = CARTESIAN_POINT('',(-1.5705,3.433321886289,2.493389135636));
#4158 = CARTESIAN_POINT('',(-1.5705,3.449593079832,2.401110611514));
#4159 = ( BOUNDED_SURFACE() B_SPLINE_SURFACE(2,1,(
    (#4160,#4161)
    ,(#4162,#4163)
    ,(#4164,#4165
)),.UNSPECIFIED.,.F.,.F.,.F.) B_SPLINE_SURFACE_WITH_KNOTS((3,3),(2,2),(
    4.537856055185,5.497787143782),(0.,0.64),.PIECEWISE_BEZIER_KNOTS.) 
GEOMETRIC_REPRESENTATION_ITEM() RATIONAL_B_SPLINE_SURFACE((
    (1.,1.)
    ,(0.887010833178,0.887010833178)
,(1.,1.))) REPRESENTATION_ITEM('') SURFACE() );
#4160 = CARTESIAN_POINT('',(-0.9305,3.449593079832,2.401110611514));
#4161 = CARTESIAN_POINT('',(-1.5705,3.449593079832,2.401110611514));
#4162 = CARTESIAN_POINT('',(-0.9305,3.433321886289,2.493389135636));
#4163 = CARTESIAN_POINT('',(-1.5705,3.433321886289,2.493389135636));
#4164 = CARTESIAN_POINT('',(-0.9305,3.499579254761,2.559646504108));
#4165 = CARTESIAN_POINT('',(-1.5705,3.499579254761,2.559646504108));
#4166 = ADVANCED_FACE('',(#4167),#4189,.T.);
#4167 = FACE_BOUND('',#4168,.T.);
#4168 = EDGE_LOOP('',(#4169,#4176,#4183,#4188));
#4169 = ORIENTED_EDGE('',*,*,#4170,.F.);
#4170 = EDGE_CURVE('',#4171,#4148,#4173,.T.);
#4171 = VERTEX_POINT('',#4172);
#4172 = CARTESIAN_POINT('',(-1.5705,3.529827560573,2.58989480992));
#4173 = B_SPLINE_CURVE_WITH_KNOTS('',1,(#4174,#4175),.UNSPECIFIED.,.F.,
  .F.,(2,2),(-7.850462293419E-17,4.277756431875E-02),
  .PIECEWISE_BEZIER_KNOTS.);
#4174 = CARTESIAN_POINT('',(-1.5705,3.529827560573,2.58989480992));
#4175 = CARTESIAN_POINT('',(-1.5705,3.499579254761,2.559646504108));
#4176 = ORIENTED_EDGE('',*,*,#4177,.F.);
#4177 = EDGE_CURVE('',#4178,#4171,#4180,.T.);
#4178 = VERTEX_POINT('',#4179);
#4179 = CARTESIAN_POINT('',(-0.9305,3.529827560573,2.58989480992));
#4180 = B_SPLINE_CURVE_WITH_KNOTS('',1,(#4181,#4182),.UNSPECIFIED.,.F.,
  .F.,(2,2),(-0.,0.64),.PIECEWISE_BEZIER_KNOTS.);
#4181 = CARTESIAN_POINT('',(-0.9305,3.529827560573,2.58989480992));
#4182 = CARTESIAN_POINT('',(-1.5705,3.529827560573,2.58989480992));
#4183 = ORIENTED_EDGE('',*,*,#4184,.T.);
#4184 = EDGE_CURVE('',#4178,#4140,#4185,.T.);
#4185 = B_SPLINE_CURVE_WITH_KNOTS('',1,(#4186,#4187),.UNSPECIFIED.,.F.,
  .F.,(2,2),(-7.850462293419E-17,4.277756431875E-02),
  .PIECEWISE_BEZIER_KNOTS.);
#4186 = CARTESIAN_POINT('',(-0.9305,3.529827560573,2.58989480992));
#4187 = CARTESIAN_POINT('',(-0.9305,3.499579254761,2.559646504108));
#4188 = ORIENTED_EDGE('',*,*,#4147,.T.);
#4189 = B_SPLINE_SURFACE_WITH_KNOTS('',1,1,(
    (#4190,#4191)
    ,(#4192,#4193
    )),.UNSPECIFIED.,.F.,.F.,.F.,(2,2),(2,2),(-4.277756431875E-02,
    7.850462293419E-17),(-0.64,0.),.PIECEWISE_BEZIER_KNOTS.);
#4190 = CARTESIAN_POINT('',(-1.5705,3.499579254761,2.559646504108));
#4191 = CARTESIAN_POINT('',(-0.9305,3.499579254761,2.559646504108));
#4192 = CARTESIAN_POINT('',(-1.5705,3.529827560573,2.58989480992));
#4193 = CARTESIAN_POINT('',(-0.9305,3.529827560573,2.58989480992));
#4194 = ADVANCED_FACE('',(#4195),#4219,.T.);
#4195 = FACE_BOUND('',#4196,.T.);
#4196 = EDGE_LOOP('',(#4197,#4205,#4212,#4218));
#4197 = ORIENTED_EDGE('',*,*,#4198,.F.);
#4198 = EDGE_CURVE('',#4199,#4171,#4201,.T.);
#4199 = VERTEX_POINT('',#4200);
#4200 = CARTESIAN_POINT('',(-1.5705,3.77,3.169722370493));
#4201 = ( BOUNDED_CURVE() B_SPLINE_CURVE(2,(#4202,#4203,#4204),
.UNSPECIFIED.,.F.,.F.) B_SPLINE_CURVE_WITH_KNOTS((3,3),(4.712388980385,
5.497787143782),.PIECEWISE_BEZIER_KNOTS.) CURVE() 
GEOMETRIC_REPRESENTATION_ITEM() RATIONAL_B_SPLINE_CURVE((1.,
0.923879532511,1.)) REPRESENTATION_ITEM('') );
#4202 = CARTESIAN_POINT('',(-1.5705,3.77,3.169722370493));
#4203 = CARTESIAN_POINT('',(-1.5705,3.77,2.830067249347));
#4204 = CARTESIAN_POINT('',(-1.5705,3.529827560573,2.58989480992));
#4205 = ORIENTED_EDGE('',*,*,#4206,.F.);
#4206 = EDGE_CURVE('',#4207,#4199,#4209,.T.);
#4207 = VERTEX_POINT('',#4208);
#4208 = CARTESIAN_POINT('',(-0.9305,3.77,3.169722370493));
#4209 = B_SPLINE_CURVE_WITH_KNOTS('',1,(#4210,#4211),.UNSPECIFIED.,.F.,
  .F.,(2,2),(-0.,0.64),.PIECEWISE_BEZIER_KNOTS.);
#4210 = CARTESIAN_POINT('',(-0.9305,3.77,3.169722370493));
#4211 = CARTESIAN_POINT('',(-1.5705,3.77,3.169722370493));
#4212 = ORIENTED_EDGE('',*,*,#4213,.T.);
#4213 = EDGE_CURVE('',#4207,#4178,#4214,.T.);
#4214 = ( BOUNDED_CURVE() B_SPLINE_CURVE(2,(#4215,#4216,#4217),
.UNSPECIFIED.,.F.,.F.) B_SPLINE_CURVE_WITH_KNOTS((3,3),(4.712388980385,
5.497787143782),.PIECEWISE_BEZIER_KNOTS.) CURVE() 
GEOMETRIC_REPRESENTATION_ITEM() RATIONAL_B_SPLINE_CURVE((1.,
0.923879532511,1.)) REPRESENTATION_ITEM('') );
#4215 = CARTESIAN_POINT('',(-0.9305,3.77,3.169722370493));
#4216 = CARTESIAN_POINT('',(-0.9305,3.77,2.830067249347));
#4217 = CARTESIAN_POINT('',(-0.9305,3.529827560573,2.58989480992));
#4218 = ORIENTED_EDGE('',*,*,#4177,.T.);
#4219 = ( BOUNDED_SURFACE() B_SPLINE_SURFACE(2,1,(
    (#4220,#4221)
    ,(#4222,#4223)
    ,(#4224,#4225
)),.UNSPECIFIED.,.F.,.F.,.F.) B_SPLINE_SURFACE_WITH_KNOTS((3,3),(2,2),(
    1.570796326795,2.356194490192),(0.,0.64),.PIECEWISE_BEZIER_KNOTS.) 
GEOMETRIC_REPRESENTATION_ITEM() RATIONAL_B_SPLINE_SURFACE((
    (1.,1.)
    ,(0.923879532511,0.923879532511)
,(1.,1.))) REPRESENTATION_ITEM('') SURFACE() );
#4220 = CARTESIAN_POINT('',(-0.9305,3.77,3.169722370493));
#4221 = CARTESIAN_POINT('',(-1.5705,3.77,3.169722370493));
#4222 = CARTESIAN_POINT('',(-0.9305,3.77,2.830067249347));
#4223 = CARTESIAN_POINT('',(-1.5705,3.77,2.830067249347));
#4224 = CARTESIAN_POINT('',(-0.9305,3.529827560573,2.58989480992));
#4225 = CARTESIAN_POINT('',(-1.5705,3.529827560573,2.58989480992));
#4226 = ADVANCED_FACE('',(#4227),#4249,.T.);
#4227 = FACE_BOUND('',#4228,.T.);
#4228 = EDGE_LOOP('',(#4229,#4236,#4243,#4248));
#4229 = ORIENTED_EDGE('',*,*,#4230,.F.);
#4230 = EDGE_CURVE('',#4231,#4199,#4233,.T.);
#4231 = VERTEX_POINT('',#4232);
#4232 = CARTESIAN_POINT('',(-1.5705,3.77,6.4000035533));
#4233 = B_SPLINE_CURVE_WITH_KNOTS('',1,(#4234,#4235),.UNSPECIFIED.,.F.,
  .F.,(2,2),(0.,3.230281182807),.PIECEWISE_BEZIER_KNOTS.);
#4234 = CARTESIAN_POINT('',(-1.5705,3.77,6.4000035533));
#4235 = CARTESIAN_POINT('',(-1.5705,3.77,3.169722370493));
#4236 = ORIENTED_EDGE('',*,*,#4237,.F.);
#4237 = EDGE_CURVE('',#4238,#4231,#4240,.T.);
#4238 = VERTEX_POINT('',#4239);
#4239 = CARTESIAN_POINT('',(-0.9305,3.77,6.4000035533));
#4240 = B_SPLINE_CURVE_WITH_KNOTS('',1,(#4241,#4242),.UNSPECIFIED.,.F.,
  .F.,(2,2),(-0.,0.64),.PIECEWISE_BEZIER_KNOTS.);
#4241 = CARTESIAN_POINT('',(-0.9305,3.77,6.4000035533));
#4242 = CARTESIAN_POINT('',(-1.5705,3.77,6.4000035533));
#4243 = ORIENTED_EDGE('',*,*,#4244,.T.);
#4244 = EDGE_CURVE('',#4238,#4207,#4245,.T.);
#4245 = B_SPLINE_CURVE_WITH_KNOTS('',1,(#4246,#4247),.UNSPECIFIED.,.F.,
  .F.,(2,2),(0.,3.230281182807),.PIECEWISE_BEZIER_KNOTS.);
#4246 = CARTESIAN_POINT('',(-0.9305,3.77,6.4000035533));
#4247 = CARTESIAN_POINT('',(-0.9305,3.77,3.169722370493));
#4248 = ORIENTED_EDGE('',*,*,#4206,.T.);
#4249 = B_SPLINE_SURFACE_WITH_KNOTS('',1,1,(
    (#4250,#4251)
    ,(#4252,#4253
    )),.UNSPECIFIED.,.F.,.F.,.F.,(2,2),(2,2),(-3.230281182807,0.),(-0.64
    ,0.),.PIECEWISE_BEZIER_KNOTS.);
#4250 = CARTESIAN_POINT('',(-1.5705,3.77,3.169722370493));
#4251 = CARTESIAN_POINT('',(-0.9305,3.77,3.169722370493));
#4252 = CARTESIAN_POINT('',(-1.5705,3.77,6.4000035533));
#4253 = CARTESIAN_POINT('',(-0.9305,3.77,6.4000035533));
#4254 = ADVANCED_FACE('',(#4255),#4279,.T.);
#4255 = FACE_BOUND('',#4256,.T.);
#4256 = EDGE_LOOP('',(#4257,#4265,#4272,#4278));
#4257 = ORIENTED_EDGE('',*,*,#4258,.F.);
#4258 = EDGE_CURVE('',#4259,#4231,#4261,.T.);
#4259 = VERTEX_POINT('',#4260);
#4260 = CARTESIAN_POINT('',(-1.5705,2.8,7.3700035533));
#4261 = ( BOUNDED_CURVE() B_SPLINE_CURVE(2,(#4262,#4263,#4264),
.UNSPECIFIED.,.F.,.F.) B_SPLINE_CURVE_WITH_KNOTS((3,3),(3.14159265359,
4.712388980385),.PIECEWISE_BEZIER_KNOTS.) CURVE() 
GEOMETRIC_REPRESENTATION_ITEM() RATIONAL_B_SPLINE_CURVE((1.,
0.707106781187,1.)) REPRESENTATION_ITEM('') );
#4262 = CARTESIAN_POINT('',(-1.5705,2.8,7.3700035533));
#4263 = CARTESIAN_POINT('',(-1.5705,3.77,7.3700035533));
#4264 = CARTESIAN_POINT('',(-1.5705,3.77,6.4000035533));
#4265 = ORIENTED_EDGE('',*,*,#4266,.F.);
#4266 = EDGE_CURVE('',#4267,#4259,#4269,.T.);
#4267 = VERTEX_POINT('',#4268);
#4268 = CARTESIAN_POINT('',(-0.9305,2.8,7.3700035533));
#4269 = B_SPLINE_CURVE_WITH_KNOTS('',1,(#4270,#4271),.UNSPECIFIED.,.F.,
  .F.,(2,2),(-0.,0.64),.PIECEWISE_BEZIER_KNOTS.);
#4270 = CARTESIAN_POINT('',(-0.9305,2.8,7.3700035533));
#4271 = CARTESIAN_POINT('',(-1.5705,2.8,7.3700035533));
#4272 = ORIENTED_EDGE('',*,*,#4273,.T.);
#4273 = EDGE_CURVE('',#4267,#4238,#4274,.T.);
#4274 = ( BOUNDED_CURVE() B_SPLINE_CURVE(2,(#4275,#4276,#4277),
.UNSPECIFIED.,.F.,.F.) B_SPLINE_CURVE_WITH_KNOTS((3,3),(3.14159265359,
4.712388980385),.PIECEWISE_BEZIER_KNOTS.) CURVE() 
GEOMETRIC_REPRESENTATION_ITEM() RATIONAL_B_SPLINE_CURVE((1.,
0.707106781187,1.)) REPRESENTATION_ITEM('') );
#4275 = CARTESIAN_POINT('',(-0.9305,2.8,7.3700035533));
#4276 = CARTESIAN_POINT('',(-0.9305,3.77,7.3700035533));
#4277 = CARTESIAN_POINT('',(-0.9305,3.77,6.4000035533));
#4278 = ORIENTED_EDGE('',*,*,#4237,.T.);
#4279 = ( BOUNDED_SURFACE() B_SPLINE_SURFACE(2,1,(
    (#4280,#4281)
    ,(#4282,#4283)
    ,(#4284,#4285
)),.UNSPECIFIED.,.F.,.F.,.F.) B_SPLINE_SURFACE_WITH_KNOTS((3,3),(2,2),(
    0.,1.570796326795),(0.,0.64),.PIECEWISE_BEZIER_KNOTS.) 
GEOMETRIC_REPRESENTATION_ITEM() RATIONAL_B_SPLINE_SURFACE((
    (1.,1.)
    ,(0.707106781187,0.707106781187)
,(1.,1.))) REPRESENTATION_ITEM('') SURFACE() );
#4280 = CARTESIAN_POINT('',(-0.9305,2.8,7.3700035533));
#4281 = CARTESIAN_POINT('',(-1.5705,2.8,7.3700035533));
#4282 = CARTESIAN_POINT('',(-0.9305,3.77,7.3700035533));
#4283 = CARTESIAN_POINT('',(-1.5705,3.77,7.3700035533));
#4284 = CARTESIAN_POINT('',(-0.9305,3.77,6.4000035533));
#4285 = CARTESIAN_POINT('',(-1.5705,3.77,6.4000035533));
#4286 = ADVANCED_FACE('',(#4287),#4325,.F.);
#4287 = FACE_BOUND('',#4288,.T.);
#4288 = EDGE_LOOP('',(#4289,#4290,#4297,#4302,#4303,#4304,#4305,#4306,
    #4307,#4308,#4313,#4314,#4319,#4320,#4321,#4322,#4323,#4324));
#4289 = ORIENTED_EDGE('',*,*,#4087,.T.);
#4290 = ORIENTED_EDGE('',*,*,#4291,.T.);
#4291 = EDGE_CURVE('',#4081,#4292,#4294,.T.);
#4292 = VERTEX_POINT('',#4293);
#4293 = CARTESIAN_POINT('',(-1.5705,3.76447739157,0.559811174435));
#4294 = B_SPLINE_CURVE_WITH_KNOTS('',1,(#4295,#4296),.UNSPECIFIED.,.F.,
  .F.,(2,2),(-8.591719969111E-16,1.144940378794E-02),
  .PIECEWISE_BEZIER_KNOTS.);
#4295 = CARTESIAN_POINT('',(-1.5705,3.767379540835,0.570886659831));
#4296 = CARTESIAN_POINT('',(-1.5705,3.76447739157,0.559811174435));
#4297 = ORIENTED_EDGE('',*,*,#4298,.T.);
#4298 = EDGE_CURVE('',#4292,#3981,#4299,.T.);
#4299 = B_SPLINE_CURVE_WITH_KNOTS('',1,(#4300,#4301),.UNSPECIFIED.,.F.,
  .F.,(2,2),(-0.63447739157,5.609181454711E-03),
  .PIECEWISE_BEZIER_KNOTS.);
#4300 = CARTESIAN_POINT('',(-1.5705,3.76447739157,0.559811174435));
#4301 = CARTESIAN_POINT('',(-1.5705,3.124390818545,0.559811174435));
#4302 = ORIENTED_EDGE('',*,*,#3980,.F.);
#4303 = ORIENTED_EDGE('',*,*,#3926,.F.);
#4304 = ORIENTED_EDGE('',*,*,#3898,.F.);
#4305 = ORIENTED_EDGE('',*,*,#3882,.F.);
#4306 = ORIENTED_EDGE('',*,*,#3838,.F.);
#4307 = ORIENTED_EDGE('',*,*,#3822,.F.);
#4308 = ORIENTED_EDGE('',*,*,#4309,.F.);
#4309 = EDGE_CURVE('',#2881,#3801,#4310,.T.);
#4310 = B_SPLINE_CURVE_WITH_KNOTS('',1,(#4311,#4312),.UNSPECIFIED.,.F.,
  .F.,(2,2),(5.8,7.55),.PIECEWISE_BEZIER_KNOTS.);
#4311 = CARTESIAN_POINT('',(-1.5705,1.05,6.7300035533));
#4312 = CARTESIAN_POINT('',(-1.5705,2.8,6.7300035533));
#4313 = ORIENTED_EDGE('',*,*,#2901,.T.);
#4314 = ORIENTED_EDGE('',*,*,#4315,.T.);
#4315 = EDGE_CURVE('',#2895,#4259,#4316,.T.);
#4316 = B_SPLINE_CURVE_WITH_KNOTS('',1,(#4317,#4318),.UNSPECIFIED.,.F.,
  .F.,(2,2),(5.8,7.55),.PIECEWISE_BEZIER_KNOTS.);
#4317 = CARTESIAN_POINT('',(-1.5705,1.05,7.3700035533));
#4318 = CARTESIAN_POINT('',(-1.5705,2.8,7.3700035533));
#4319 = ORIENTED_EDGE('',*,*,#4258,.T.);
#4320 = ORIENTED_EDGE('',*,*,#4230,.T.);
#4321 = ORIENTED_EDGE('',*,*,#4198,.T.);
#4322 = ORIENTED_EDGE('',*,*,#4170,.T.);
#4323 = ORIENTED_EDGE('',*,*,#4154,.T.);
#4324 = ORIENTED_EDGE('',*,*,#4110,.T.);
#4325 = B_SPLINE_SURFACE_WITH_KNOTS('',1,1,(
    (#4326,#4327)
    ,(#4328,#4329
    )),.UNSPECIFIED.,.F.,.F.,.F.,(2,2),(2,2),(-6.87,-5.980762113533E-02)
  ,(-1.76,0.96),.PIECEWISE_BEZIER_KNOTS.);
#4326 = CARTESIAN_POINT('',(-1.5705,1.05,7.3700035533));
#4327 = CARTESIAN_POINT('',(-1.5705,3.77,7.3700035533));
#4328 = CARTESIAN_POINT('',(-1.5705,1.05,0.559811174435));
#4329 = CARTESIAN_POINT('',(-1.5705,3.77,0.559811174435));
#4330 = ADVANCED_FACE('',(#4331),#4369,.T.);
#4331 = FACE_BOUND('',#4332,.T.);
#4332 = EDGE_LOOP('',(#4333,#4334,#4341,#4346,#4347,#4348,#4349,#4350,
    #4351,#4352,#4353,#4358,#4359,#4364,#4365,#4366,#4367,#4368));
#4333 = ORIENTED_EDGE('',*,*,#3974,.T.);
#4334 = ORIENTED_EDGE('',*,*,#4335,.T.);
#4335 = EDGE_CURVE('',#3968,#4336,#4338,.T.);
#4336 = VERTEX_POINT('',#4337);
#4337 = CARTESIAN_POINT('',(-0.9305,3.76447739157,0.559811174435));
#4338 = B_SPLINE_CURVE_WITH_KNOTS('',1,(#4339,#4340),.UNSPECIFIED.,.F.,
  .F.,(2,2),(0.314390818545,0.95447739157),.PIECEWISE_BEZIER_KNOTS.);
#4339 = CARTESIAN_POINT('',(-0.9305,3.124390818545,0.559811174435));
#4340 = CARTESIAN_POINT('',(-0.9305,3.76447739157,0.559811174435));
#4341 = ORIENTED_EDGE('',*,*,#4342,.T.);
#4342 = EDGE_CURVE('',#4336,#4073,#4343,.T.);
#4343 = B_SPLINE_CURVE_WITH_KNOTS('',1,(#4344,#4345),.UNSPECIFIED.,.F.,
  .F.,(2,2),(0.299791531346,0.311240935134),.PIECEWISE_BEZIER_KNOTS.);
#4344 = CARTESIAN_POINT('',(-0.9305,3.76447739157,0.559811174435));
#4345 = CARTESIAN_POINT('',(-0.9305,3.767379540835,0.570886659831));
#4346 = ORIENTED_EDGE('',*,*,#4070,.F.);
#4347 = ORIENTED_EDGE('',*,*,#4124,.F.);
#4348 = ORIENTED_EDGE('',*,*,#4139,.F.);
#4349 = ORIENTED_EDGE('',*,*,#4184,.F.);
#4350 = ORIENTED_EDGE('',*,*,#4213,.F.);
#4351 = ORIENTED_EDGE('',*,*,#4244,.F.);
#4352 = ORIENTED_EDGE('',*,*,#4273,.F.);
#4353 = ORIENTED_EDGE('',*,*,#4354,.F.);
#4354 = EDGE_CURVE('',#2888,#4267,#4355,.T.);
#4355 = B_SPLINE_CURVE_WITH_KNOTS('',1,(#4356,#4357),.UNSPECIFIED.,.F.,
  .F.,(2,2),(5.8,7.55),.PIECEWISE_BEZIER_KNOTS.);
#4356 = CARTESIAN_POINT('',(-0.9305,1.05,7.3700035533));
#4357 = CARTESIAN_POINT('',(-0.9305,2.8,7.3700035533));
#4358 = ORIENTED_EDGE('',*,*,#2887,.F.);
#4359 = ORIENTED_EDGE('',*,*,#4360,.T.);
#4360 = EDGE_CURVE('',#2879,#3799,#4361,.T.);
#4361 = B_SPLINE_CURVE_WITH_KNOTS('',1,(#4362,#4363),.UNSPECIFIED.,.F.,
  .F.,(2,2),(5.8,7.55),.PIECEWISE_BEZIER_KNOTS.);
#4362 = CARTESIAN_POINT('',(-0.9305,1.05,6.7300035533));
#4363 = CARTESIAN_POINT('',(-0.9305,2.8,6.7300035533));
#4364 = ORIENTED_EDGE('',*,*,#3807,.T.);
#4365 = ORIENTED_EDGE('',*,*,#3852,.T.);
#4366 = ORIENTED_EDGE('',*,*,#3867,.T.);
#4367 = ORIENTED_EDGE('',*,*,#3912,.T.);
#4368 = ORIENTED_EDGE('',*,*,#3941,.T.);
#4369 = B_SPLINE_SURFACE_WITH_KNOTS('',1,1,(
    (#4370,#4371)
    ,(#4372,#4373
    )),.UNSPECIFIED.,.F.,.F.,.F.,(2,2),(2,2),(-6.87,-5.980762113533E-02)
  ,(-1.76,0.96),.PIECEWISE_BEZIER_KNOTS.);
#4370 = CARTESIAN_POINT('',(-0.9305,1.05,7.3700035533));
#4371 = CARTESIAN_POINT('',(-0.9305,3.77,7.3700035533));
#4372 = CARTESIAN_POINT('',(-0.9305,1.05,0.559811174435));
#4373 = CARTESIAN_POINT('',(-0.9305,3.77,0.559811174435));
#4374 = ADVANCED_FACE('',(#4375),#4381,.F.);
#4375 = FACE_BOUND('',#4376,.T.);
#4376 = EDGE_LOOP('',(#4377,#4378,#4379,#4380));
#4377 = ORIENTED_EDGE('',*,*,#4360,.F.);
#4378 = ORIENTED_EDGE('',*,*,#2878,.T.);
#4379 = ORIENTED_EDGE('',*,*,#4309,.T.);
#4380 = ORIENTED_EDGE('',*,*,#3798,.F.);
#4381 = B_SPLINE_SURFACE_WITH_KNOTS('',1,1,(
    (#4382,#4383)
    ,(#4384,#4385
    )),.UNSPECIFIED.,.F.,.F.,.F.,(2,2),(2,2),(-7.55,-5.8),(-0.64,
    2.22044604925E-16),.PIECEWISE_BEZIER_KNOTS.);
#4382 = CARTESIAN_POINT('',(-1.5705,2.8,6.7300035533));
#4383 = CARTESIAN_POINT('',(-0.9305,2.8,6.7300035533));
#4384 = CARTESIAN_POINT('',(-1.5705,1.05,6.7300035533));
#4385 = CARTESIAN_POINT('',(-0.9305,1.05,6.7300035533));
#4386 = ADVANCED_FACE('',(#4387),#4393,.T.);
#4387 = FACE_BOUND('',#4388,.T.);
#4388 = EDGE_LOOP('',(#4389,#4390,#4391,#4392));
#4389 = ORIENTED_EDGE('',*,*,#2894,.F.);
#4390 = ORIENTED_EDGE('',*,*,#4354,.T.);
#4391 = ORIENTED_EDGE('',*,*,#4266,.T.);
#4392 = ORIENTED_EDGE('',*,*,#4315,.F.);
#4393 = B_SPLINE_SURFACE_WITH_KNOTS('',1,1,(
    (#4394,#4395)
    ,(#4396,#4397
    )),.UNSPECIFIED.,.F.,.F.,.F.,(2,2),(2,2),(-7.55,-5.8),(-0.64,
    2.22044604925E-16),.PIECEWISE_BEZIER_KNOTS.);
#4394 = CARTESIAN_POINT('',(-1.5705,2.8,7.3700035533));
#4395 = CARTESIAN_POINT('',(-0.9305,2.8,7.3700035533));
#4396 = CARTESIAN_POINT('',(-1.5705,1.05,7.3700035533));
#4397 = CARTESIAN_POINT('',(-0.9305,1.05,7.3700035533));
#4398 = ADVANCED_FACE('',(#4399),#4421,.T.);
#4399 = FACE_BOUND('',#4400,.T.);
#4400 = EDGE_LOOP('',(#4401,#4408,#4415,#4420));
#4401 = ORIENTED_EDGE('',*,*,#4402,.F.);
#4402 = EDGE_CURVE('',#4403,#2331,#4405,.T.);
#4403 = VERTEX_POINT('',#4404);
#4404 = CARTESIAN_POINT('',(-1.5705,-4.190192378865,7.3700035533));
#4405 = B_SPLINE_CURVE_WITH_KNOTS('',1,(#4406,#4407),.UNSPECIFIED.,.F.,
  .F.,(2,2),(0.559807621135,4.5),.PIECEWISE_BEZIER_KNOTS.);
#4406 = CARTESIAN_POINT('',(-1.5705,-4.190192378865,7.3700035533));
#4407 = CARTESIAN_POINT('',(-1.5705,-0.25,7.3700035533));
#4408 = ORIENTED_EDGE('',*,*,#4409,.T.);
#4409 = EDGE_CURVE('',#4403,#4410,#4412,.T.);
#4410 = VERTEX_POINT('',#4411);
#4411 = CARTESIAN_POINT('',(-0.9305,-4.190192378865,7.3700035533));
#4412 = B_SPLINE_CURVE_WITH_KNOTS('',1,(#4413,#4414),.UNSPECIFIED.,.F.,
  .F.,(2,2),(-0.64,0.),.PIECEWISE_BEZIER_KNOTS.);
#4413 = CARTESIAN_POINT('',(-1.5705,-4.190192378865,7.3700035533));
#4414 = CARTESIAN_POINT('',(-0.9305,-4.190192378865,7.3700035533));
#4415 = ORIENTED_EDGE('',*,*,#4416,.T.);
#4416 = EDGE_CURVE('',#4410,#2317,#4417,.T.);
#4417 = B_SPLINE_CURVE_WITH_KNOTS('',1,(#4418,#4419),.UNSPECIFIED.,.F.,
  .F.,(2,2),(0.559807621135,4.5),.PIECEWISE_BEZIER_KNOTS.);
#4418 = CARTESIAN_POINT('',(-0.9305,-4.190192378865,7.3700035533));
#4419 = CARTESIAN_POINT('',(-0.9305,-0.25,7.3700035533));
#4420 = ORIENTED_EDGE('',*,*,#2337,.T.);
#4421 = B_SPLINE_SURFACE_WITH_KNOTS('',1,1,(
    (#4422,#4423)
    ,(#4424,#4425
    )),.UNSPECIFIED.,.F.,.F.,.F.,(2,2),(2,2),(-4.5,-0.559807621135),(
    -0.64,0.),.PIECEWISE_BEZIER_KNOTS.);
#4422 = CARTESIAN_POINT('',(-1.5705,-0.25,7.3700035533));
#4423 = CARTESIAN_POINT('',(-0.9305,-0.25,7.3700035533));
#4424 = CARTESIAN_POINT('',(-1.5705,-4.190192378865,7.3700035533));
#4425 = CARTESIAN_POINT('',(-0.9305,-4.190192378865,7.3700035533));
#4426 = ADVANCED_FACE('',(#4427),#4457,.T.);
#4427 = FACE_BOUND('',#4428,.T.);
#4428 = EDGE_LOOP('',(#4429,#4438,#4445,#4452));
#4429 = ORIENTED_EDGE('',*,*,#4430,.T.);
#4430 = EDGE_CURVE('',#4431,#4433,#4435,.T.);
#4431 = VERTEX_POINT('',#4432);
#4432 = CARTESIAN_POINT('',(-1.0805,-4.75,6.8800035533));
#4433 = VERTEX_POINT('',#4434);
#4434 = CARTESIAN_POINT('',(-1.0805,-4.75,7.2200035533));
#4435 = B_SPLINE_CURVE_WITH_KNOTS('',1,(#4436,#4437),.UNSPECIFIED.,.F.,
  .F.,(2,2),(0.15,0.49),.PIECEWISE_BEZIER_KNOTS.);
#4436 = CARTESIAN_POINT('',(-1.0805,-4.75,6.8800035533));
#4437 = CARTESIAN_POINT('',(-1.0805,-4.75,7.2200035533));
#4438 = ORIENTED_EDGE('',*,*,#4439,.T.);
#4439 = EDGE_CURVE('',#4433,#4440,#4442,.T.);
#4440 = VERTEX_POINT('',#4441);
#4441 = CARTESIAN_POINT('',(-1.4205,-4.75,7.2200035533));
#4442 = B_SPLINE_CURVE_WITH_KNOTS('',1,(#4443,#4444),.UNSPECIFIED.,.F.,
  .F.,(2,2),(0.15,0.49),.PIECEWISE_BEZIER_KNOTS.);
#4443 = CARTESIAN_POINT('',(-1.0805,-4.75,7.2200035533));
#4444 = CARTESIAN_POINT('',(-1.4205,-4.75,7.2200035533));
#4445 = ORIENTED_EDGE('',*,*,#4446,.T.);
#4446 = EDGE_CURVE('',#4440,#4447,#4449,.T.);
#4447 = VERTEX_POINT('',#4448);
#4448 = CARTESIAN_POINT('',(-1.4205,-4.75,6.8800035533));
#4449 = B_SPLINE_CURVE_WITH_KNOTS('',1,(#4450,#4451),.UNSPECIFIED.,.F.,
  .F.,(2,2),(-0.49,-0.15),.PIECEWISE_BEZIER_KNOTS.);
#4450 = CARTESIAN_POINT('',(-1.4205,-4.75,7.2200035533));
#4451 = CARTESIAN_POINT('',(-1.4205,-4.75,6.8800035533));
#4452 = ORIENTED_EDGE('',*,*,#4453,.T.);
#4453 = EDGE_CURVE('',#4447,#4431,#4454,.T.);
#4454 = B_SPLINE_CURVE_WITH_KNOTS('',1,(#4455,#4456),.UNSPECIFIED.,.F.,
  .F.,(2,2),(-0.49,-0.15),.PIECEWISE_BEZIER_KNOTS.);
#4455 = CARTESIAN_POINT('',(-1.4205,-4.75,6.8800035533));
#4456 = CARTESIAN_POINT('',(-1.0805,-4.75,6.8800035533));
#4457 = B_SPLINE_SURFACE_WITH_KNOTS('',1,1,(
    (#4458,#4459)
    ,(#4460,#4461
  )),.UNSPECIFIED.,.F.,.F.,.F.,(2,2),(2,2),(-0.49,-0.15),(-0.49,-0.15),
  .PIECEWISE_BEZIER_KNOTS.);
#4458 = CARTESIAN_POINT('',(-1.4205,-4.75,7.2200035533));
#4459 = CARTESIAN_POINT('',(-1.0805,-4.75,7.2200035533));
#4460 = CARTESIAN_POINT('',(-1.4205,-4.75,6.8800035533));
#4461 = CARTESIAN_POINT('',(-1.0805,-4.75,6.8800035533));
#4462 = ADVANCED_FACE('',(#4463),#4485,.F.);
#4463 = FACE_BOUND('',#4464,.T.);
#4464 = EDGE_LOOP('',(#4465,#4472,#4479,#4484));
#4465 = ORIENTED_EDGE('',*,*,#4466,.F.);
#4466 = EDGE_CURVE('',#4467,#2315,#4469,.T.);
#4467 = VERTEX_POINT('',#4468);
#4468 = CARTESIAN_POINT('',(-0.9305,-4.190192378865,6.7300035533));
#4469 = B_SPLINE_CURVE_WITH_KNOTS('',1,(#4470,#4471),.UNSPECIFIED.,.F.,
  .F.,(2,2),(0.559807621135,4.5),.PIECEWISE_BEZIER_KNOTS.);
#4470 = CARTESIAN_POINT('',(-0.9305,-4.190192378865,6.7300035533));
#4471 = CARTESIAN_POINT('',(-0.9305,-0.25,6.7300035533));
#4472 = ORIENTED_EDGE('',*,*,#4473,.T.);
#4473 = EDGE_CURVE('',#4467,#4474,#4476,.T.);
#4474 = VERTEX_POINT('',#4475);
#4475 = CARTESIAN_POINT('',(-1.5705,-4.190192378865,6.7300035533));
#4476 = B_SPLINE_CURVE_WITH_KNOTS('',1,(#4477,#4478),.UNSPECIFIED.,.F.,
  .F.,(2,2),(-0.64,0.),.PIECEWISE_BEZIER_KNOTS.);
#4477 = CARTESIAN_POINT('',(-0.9305,-4.190192378865,6.7300035533));
#4478 = CARTESIAN_POINT('',(-1.5705,-4.190192378865,6.7300035533));
#4479 = ORIENTED_EDGE('',*,*,#4480,.T.);
#4480 = EDGE_CURVE('',#4474,#2324,#4481,.T.);
#4481 = B_SPLINE_CURVE_WITH_KNOTS('',1,(#4482,#4483),.UNSPECIFIED.,.F.,
  .F.,(2,2),(0.559807621135,4.5),.PIECEWISE_BEZIER_KNOTS.);
#4482 = CARTESIAN_POINT('',(-1.5705,-4.190192378865,6.7300035533));
#4483 = CARTESIAN_POINT('',(-1.5705,-0.25,6.7300035533));
#4484 = ORIENTED_EDGE('',*,*,#2323,.F.);
#4485 = B_SPLINE_SURFACE_WITH_KNOTS('',1,1,(
    (#4486,#4487)
    ,(#4488,#4489
    )),.UNSPECIFIED.,.F.,.F.,.F.,(2,2),(2,2),(-4.5,-0.559807621135),(
    -0.64,0.),.PIECEWISE_BEZIER_KNOTS.);
#4486 = CARTESIAN_POINT('',(-1.5705,-0.25,6.7300035533));
#4487 = CARTESIAN_POINT('',(-0.9305,-0.25,6.7300035533));
#4488 = CARTESIAN_POINT('',(-1.5705,-4.190192378865,6.7300035533));
#4489 = CARTESIAN_POINT('',(-0.9305,-4.190192378865,6.7300035533));
#4490 = ADVANCED_FACE('',(#4491),#4501,.T.);
#4491 = FACE_BOUND('',#4492,.T.);
#4492 = EDGE_LOOP('',(#4493,#4494,#4499,#4500));
#4493 = ORIENTED_EDGE('',*,*,#4416,.F.);
#4494 = ORIENTED_EDGE('',*,*,#4495,.T.);
#4495 = EDGE_CURVE('',#4410,#4467,#4496,.T.);
#4496 = B_SPLINE_CURVE_WITH_KNOTS('',1,(#4497,#4498),.UNSPECIFIED.,.F.,
  .F.,(2,2),(-6.87,-6.23),.PIECEWISE_BEZIER_KNOTS.);
#4497 = CARTESIAN_POINT('',(-0.9305,-4.190192378865,7.3700035533));
#4498 = CARTESIAN_POINT('',(-0.9305,-4.190192378865,6.7300035533));
#4499 = ORIENTED_EDGE('',*,*,#4466,.T.);
#4500 = ORIENTED_EDGE('',*,*,#2314,.T.);
#4501 = B_SPLINE_SURFACE_WITH_KNOTS('',1,1,(
    (#4502,#4503)
    ,(#4504,#4505
  )),.UNSPECIFIED.,.F.,.F.,.F.,(2,2),(2,2),(-6.87,-6.23),(
    -7.000192378865,-3.06),.PIECEWISE_BEZIER_KNOTS.);
#4502 = CARTESIAN_POINT('',(-0.9305,-4.190192378865,7.3700035533));
#4503 = CARTESIAN_POINT('',(-0.9305,-0.25,7.3700035533));
#4504 = CARTESIAN_POINT('',(-0.9305,-4.190192378865,6.7300035533));
#4505 = CARTESIAN_POINT('',(-0.9305,-0.25,6.7300035533));
#4506 = ADVANCED_FACE('',(#4507),#4517,.F.);
#4507 = FACE_BOUND('',#4508,.T.);
#4508 = EDGE_LOOP('',(#4509,#4510,#4515,#4516));
#4509 = ORIENTED_EDGE('',*,*,#4480,.F.);
#4510 = ORIENTED_EDGE('',*,*,#4511,.T.);
#4511 = EDGE_CURVE('',#4474,#4403,#4512,.T.);
#4512 = B_SPLINE_CURVE_WITH_KNOTS('',1,(#4513,#4514),.UNSPECIFIED.,.F.,
  .F.,(2,2),(-0.64,0.),.PIECEWISE_BEZIER_KNOTS.);
#4513 = CARTESIAN_POINT('',(-1.5705,-4.190192378865,6.7300035533));
#4514 = CARTESIAN_POINT('',(-1.5705,-4.190192378865,7.3700035533));
#4515 = ORIENTED_EDGE('',*,*,#4402,.T.);
#4516 = ORIENTED_EDGE('',*,*,#2330,.F.);
#4517 = B_SPLINE_SURFACE_WITH_KNOTS('',1,1,(
    (#4518,#4519)
    ,(#4520,#4521
  )),.UNSPECIFIED.,.F.,.F.,.F.,(2,2),(2,2),(-6.87,-6.23),(
    -7.000192378865,-3.06),.PIECEWISE_BEZIER_KNOTS.);
#4518 = CARTESIAN_POINT('',(-1.5705,-4.190192378865,7.3700035533));
#4519 = CARTESIAN_POINT('',(-1.5705,-0.25,7.3700035533));
#4520 = CARTESIAN_POINT('',(-1.5705,-4.190192378865,6.7300035533));
#4521 = CARTESIAN_POINT('',(-1.5705,-0.25,6.7300035533));
#4522 = ADVANCED_FACE('',(#4523),#4539,.F.);
#4523 = FACE_BOUND('',#4524,.T.);
#4524 = EDGE_LOOP('',(#4525,#4526,#4527,#4532,#4533,#4538));
#4525 = ORIENTED_EDGE('',*,*,#4080,.F.);
#4526 = ORIENTED_EDGE('',*,*,#4342,.F.);
#4527 = ORIENTED_EDGE('',*,*,#4528,.F.);
#4528 = EDGE_CURVE('',#4035,#4336,#4529,.T.);
#4529 = B_SPLINE_CURVE_WITH_KNOTS('',1,(#4530,#4531),.UNSPECIFIED.,.F.,
  .F.,(2,2),(-0.608914281601,-1.108315114141E-02),
  .PIECEWISE_BEZIER_KNOTS.);
#4530 = CARTESIAN_POINT('',(-1.0805,3.617788987579,3.553300155446E-06));
#4531 = CARTESIAN_POINT('',(-0.9305,3.76447739157,0.559811174435));
#4532 = ORIENTED_EDGE('',*,*,#4057,.F.);
#4533 = ORIENTED_EDGE('',*,*,#4534,.F.);
#4534 = EDGE_CURVE('',#4292,#4051,#4535,.T.);
#4535 = B_SPLINE_CURVE_WITH_KNOTS('',1,(#4536,#4537),.UNSPECIFIED.,.F.,
  .F.,(2,2),(-0.234197849662,0.363633280798),.PIECEWISE_BEZIER_KNOTS.);
#4536 = CARTESIAN_POINT('',(-1.5705,3.76447739157,0.559811174435));
#4537 = CARTESIAN_POINT('',(-1.4205,3.617788987579,3.553300155446E-06));
#4538 = ORIENTED_EDGE('',*,*,#4291,.F.);
#4539 = B_SPLINE_SURFACE_WITH_KNOTS('',1,1,(
    (#4540,#4541)
    ,(#4542,#4543
    )),.UNSPECIFIED.,.F.,.F.,.F.,(2,2),(2,2),(0.,0.64),(
    -9.436895709314E-16,0.590156635941),.PIECEWISE_BEZIER_KNOTS.);
#4540 = CARTESIAN_POINT('',(-0.9305,3.767379540835,0.570886659831));
#4541 = CARTESIAN_POINT('',(-0.9305,3.617788987579,3.553300155446E-06));
#4542 = CARTESIAN_POINT('',(-1.5705,3.767379540835,0.570886659831));
#4543 = CARTESIAN_POINT('',(-1.5705,3.617788987579,3.553300155446E-06));
#4544 = ADVANCED_FACE('',(#4545),#4557,.F.);
#4545 = FACE_BOUND('',#4546,.T.);
#4546 = EDGE_LOOP('',(#4547,#4548,#4549,#4554,#4555,#4556));
#4547 = ORIENTED_EDGE('',*,*,#3967,.F.);
#4548 = ORIENTED_EDGE('',*,*,#4010,.F.);
#4549 = ORIENTED_EDGE('',*,*,#4550,.F.);
#4550 = EDGE_CURVE('',#4037,#4011,#4551,.T.);
#4551 = B_SPLINE_CURVE_WITH_KNOTS('',1,(#4552,#4553),.UNSPECIFIED.,.F.,
  .F.,(2,2),(0.126842773876,0.706071298988),.PIECEWISE_BEZIER_KNOTS.);
#4552 = CARTESIAN_POINT('',(-1.0805,3.276179202082,3.553300155001E-06));
#4553 = CARTESIAN_POINT('',(-0.93561449057,3.127398605673,0.540723635775
    ));
#4554 = ORIENTED_EDGE('',*,*,#4034,.F.);
#4555 = ORIENTED_EDGE('',*,*,#4528,.T.);
#4556 = ORIENTED_EDGE('',*,*,#4335,.F.);
#4557 = B_SPLINE_SURFACE_WITH_KNOTS('',1,1,(
    (#4558,#4559)
    ,(#4560,#4561
    )),.UNSPECIFIED.,.F.,.F.,.F.,(2,2),(2,2),(5.522608430211E-03,
    0.645609181455),(-3.191891195797E-16,0.579555495773),
  .PIECEWISE_BEZIER_KNOTS.);
#4558 = CARTESIAN_POINT('',(-1.0805,3.76447739157,3.553300155001E-06));
#4559 = CARTESIAN_POINT('',(-0.9305,3.76447739157,0.559811174435));
#4560 = CARTESIAN_POINT('',(-1.0805,3.124390818545,3.553300155001E-06));
#4561 = CARTESIAN_POINT('',(-0.9305,3.124390818545,0.559811174435));
#4562 = ADVANCED_FACE('',(#4563),#4575,.T.);
#4563 = FACE_BOUND('',#4564,.T.);
#4564 = EDGE_LOOP('',(#4565,#4566,#4567,#4572,#4573,#4574));
#4565 = ORIENTED_EDGE('',*,*,#4534,.T.);
#4566 = ORIENTED_EDGE('',*,*,#4050,.F.);
#4567 = ORIENTED_EDGE('',*,*,#4568,.F.);
#4568 = EDGE_CURVE('',#4001,#4044,#4569,.T.);
#4569 = B_SPLINE_CURVE_WITH_KNOTS('',1,(#4570,#4571),.UNSPECIFIED.,.F.,
  .F.,(2,2),(0.100624852498,0.679853377609),.PIECEWISE_BEZIER_KNOTS.);
#4570 = CARTESIAN_POINT('',(-1.56538550943,3.127398605673,0.540723635775
    ));
#4571 = CARTESIAN_POINT('',(-1.4205,3.276179202082,3.553300155446E-06));
#4572 = ORIENTED_EDGE('',*,*,#4000,.F.);
#4573 = ORIENTED_EDGE('',*,*,#3987,.F.);
#4574 = ORIENTED_EDGE('',*,*,#4298,.F.);
#4575 = B_SPLINE_SURFACE_WITH_KNOTS('',1,1,(
    (#4576,#4577)
    ,(#4578,#4579
    )),.UNSPECIFIED.,.F.,.F.,.F.,(2,2),(2,2),(0.314390818545,
    0.95447739157),(0.,0.579555495773),.PIECEWISE_BEZIER_KNOTS.);
#4576 = CARTESIAN_POINT('',(-1.5705,3.124390818545,0.559811174435));
#4577 = CARTESIAN_POINT('',(-1.4205,3.124390818545,3.553300155446E-06));
#4578 = CARTESIAN_POINT('',(-1.5705,3.76447739157,0.559811174435));
#4579 = CARTESIAN_POINT('',(-1.4205,3.76447739157,3.553300155446E-06));
#4580 = ADVANCED_FACE('',(#4581),#4587,.F.);
#4581 = FACE_BOUND('',#4582,.T.);
#4582 = EDGE_LOOP('',(#4583,#4584,#4585,#4586));
#4583 = ORIENTED_EDGE('',*,*,#4550,.T.);
#4584 = ORIENTED_EDGE('',*,*,#4019,.F.);
#4585 = ORIENTED_EDGE('',*,*,#4568,.T.);
#4586 = ORIENTED_EDGE('',*,*,#4043,.F.);
#4587 = B_SPLINE_SURFACE_WITH_KNOTS('',1,1,(
    (#4588,#4589)
    ,(#4590,#4591
    )),.UNSPECIFIED.,.F.,.F.,.F.,(2,2),(2,2),(5.114490569502E-03,
    0.63488550943),(-2.636779683485E-16,0.560815364857),
  .PIECEWISE_BEZIER_KNOTS.);
#4588 = CARTESIAN_POINT('',(-0.93561449057,3.276179202082,
    3.553300155001E-06));
#4589 = CARTESIAN_POINT('',(-0.93561449057,3.127398605673,0.540723635775
    ));
#4590 = CARTESIAN_POINT('',(-1.56538550943,3.276179202082,
    3.553300155001E-06));
#4591 = CARTESIAN_POINT('',(-1.56538550943,3.127398605673,0.540723635775
    ));
#4592 = ADVANCED_FACE('',(#4593),#4607,.T.);
#4593 = FACE_BOUND('',#4594,.T.);
#4594 = EDGE_LOOP('',(#4595,#4600,#4601,#4606));
#4595 = ORIENTED_EDGE('',*,*,#4596,.F.);
#4596 = EDGE_CURVE('',#4474,#4447,#4597,.T.);
#4597 = B_SPLINE_CURVE_WITH_KNOTS('',1,(#4598,#4599),.UNSPECIFIED.,.F.,
  .F.,(2,2),(1.561006288144,2.159658585126),.PIECEWISE_BEZIER_KNOTS.);
#4598 = CARTESIAN_POINT('',(-1.5705,-4.190192378865,6.7300035533));
#4599 = CARTESIAN_POINT('',(-1.4205,-4.75,6.8800035533));
#4600 = ORIENTED_EDGE('',*,*,#4473,.F.);
#4601 = ORIENTED_EDGE('',*,*,#4602,.F.);
#4602 = EDGE_CURVE('',#4431,#4467,#4603,.T.);
#4603 = B_SPLINE_CURVE_WITH_KNOTS('',1,(#4604,#4605),.UNSPECIFIED.,.F.,
  .F.,(2,2),(-0.598652296981,0.),.PIECEWISE_BEZIER_KNOTS.);
#4604 = CARTESIAN_POINT('',(-1.0805,-4.75,6.8800035533));
#4605 = CARTESIAN_POINT('',(-0.9305,-4.190192378865,6.7300035533));
#4606 = ORIENTED_EDGE('',*,*,#4453,.F.);
#4607 = B_SPLINE_SURFACE_WITH_KNOTS('',1,1,(
    (#4608,#4609)
    ,(#4610,#4611
    )),.UNSPECIFIED.,.F.,.F.,.F.,(2,2),(2,2),(-0.64,0.),(0.,
    0.579555495773),.PIECEWISE_BEZIER_KNOTS.);
#4608 = CARTESIAN_POINT('',(-1.5705,-4.190192378865,6.7300035533));
#4609 = CARTESIAN_POINT('',(-1.5705,-4.75,6.8800035533));
#4610 = CARTESIAN_POINT('',(-0.9305,-4.190192378865,6.7300035533));
#4611 = CARTESIAN_POINT('',(-0.9305,-4.75,6.8800035533));
#4612 = ADVANCED_FACE('',(#4613),#4623,.F.);
#4613 = FACE_BOUND('',#4614,.T.);
#4614 = EDGE_LOOP('',(#4615,#4616,#4617,#4622));
#4615 = ORIENTED_EDGE('',*,*,#4602,.T.);
#4616 = ORIENTED_EDGE('',*,*,#4495,.F.);
#4617 = ORIENTED_EDGE('',*,*,#4618,.F.);
#4618 = EDGE_CURVE('',#4433,#4410,#4619,.T.);
#4619 = B_SPLINE_CURVE_WITH_KNOTS('',1,(#4620,#4621),.UNSPECIFIED.,.F.,
  .F.,(2,2),(0.122775775472,0.721428072453),.PIECEWISE_BEZIER_KNOTS.);
#4620 = CARTESIAN_POINT('',(-1.0805,-4.75,7.2200035533));
#4621 = CARTESIAN_POINT('',(-0.9305,-4.190192378865,7.3700035533));
#4622 = ORIENTED_EDGE('',*,*,#4430,.F.);
#4623 = B_SPLINE_SURFACE_WITH_KNOTS('',1,1,(
    (#4624,#4625)
    ,(#4626,#4627
    )),.UNSPECIFIED.,.F.,.F.,.F.,(2,2),(2,2),(0.,0.64),(0.,
    0.579555495773),.PIECEWISE_BEZIER_KNOTS.);
#4624 = CARTESIAN_POINT('',(-1.0805,-4.75,6.7300035533));
#4625 = CARTESIAN_POINT('',(-0.9305,-4.190192378865,6.7300035533));
#4626 = CARTESIAN_POINT('',(-1.0805,-4.75,7.3700035533));
#4627 = CARTESIAN_POINT('',(-0.9305,-4.190192378865,7.3700035533));
#4628 = ADVANCED_FACE('',(#4629),#4639,.T.);
#4629 = FACE_BOUND('',#4630,.T.);
#4630 = EDGE_LOOP('',(#4631,#4632,#4633,#4638));
#4631 = ORIENTED_EDGE('',*,*,#4596,.T.);
#4632 = ORIENTED_EDGE('',*,*,#4446,.F.);
#4633 = ORIENTED_EDGE('',*,*,#4634,.F.);
#4634 = EDGE_CURVE('',#4403,#4440,#4635,.T.);
#4635 = B_SPLINE_CURVE_WITH_KNOTS('',1,(#4636,#4637),.UNSPECIFIED.,.F.,
  .F.,(2,2),(-1.721366484679,-1.122714187698),.PIECEWISE_BEZIER_KNOTS.);
#4636 = CARTESIAN_POINT('',(-1.5705,-4.190192378865,7.3700035533));
#4637 = CARTESIAN_POINT('',(-1.4205,-4.75,7.2200035533));
#4638 = ORIENTED_EDGE('',*,*,#4511,.F.);
#4639 = B_SPLINE_SURFACE_WITH_KNOTS('',1,1,(
    (#4640,#4641)
    ,(#4642,#4643
  )),.UNSPECIFIED.,.F.,.F.,.F.,(2,2),(2,2),(-6.87,-6.23),(
    -2.22044604925E-16,0.579555495773),.PIECEWISE_BEZIER_KNOTS.);
#4640 = CARTESIAN_POINT('',(-1.5705,-4.190192378865,7.3700035533));
#4641 = CARTESIAN_POINT('',(-1.4205,-4.75,7.3700035533));
#4642 = CARTESIAN_POINT('',(-1.5705,-4.190192378865,6.7300035533));
#4643 = CARTESIAN_POINT('',(-1.4205,-4.75,6.7300035533));
#4644 = ADVANCED_FACE('',(#4645),#4651,.F.);
#4645 = FACE_BOUND('',#4646,.T.);
#4646 = EDGE_LOOP('',(#4647,#4648,#4649,#4650));
#4647 = ORIENTED_EDGE('',*,*,#4618,.T.);
#4648 = ORIENTED_EDGE('',*,*,#4409,.F.);
#4649 = ORIENTED_EDGE('',*,*,#4634,.T.);
#4650 = ORIENTED_EDGE('',*,*,#4439,.F.);
#4651 = B_SPLINE_SURFACE_WITH_KNOTS('',1,1,(
    (#4652,#4653)
    ,(#4654,#4655
    )),.UNSPECIFIED.,.F.,.F.,.F.,(2,2),(2,2),(0.,0.64),(0.,
    0.579555495773),.PIECEWISE_BEZIER_KNOTS.);
#4652 = CARTESIAN_POINT('',(-0.9305,-4.75,7.2200035533));
#4653 = CARTESIAN_POINT('',(-0.9305,-4.190192378865,7.3700035533));
#4654 = CARTESIAN_POINT('',(-1.5705,-4.75,7.2200035533));
#4655 = CARTESIAN_POINT('',(-1.5705,-4.190192378865,7.3700035533));
#4656 = ADVANCED_FACE('',(#4657),#4679,.F.);
#4657 = FACE_BOUND('',#4658,.T.);
#4658 = EDGE_LOOP('',(#4659,#4660,#4667,#4674));
#4659 = ORIENTED_EDGE('',*,*,#537,.T.);
#4660 = ORIENTED_EDGE('',*,*,#4661,.F.);
#4661 = EDGE_CURVE('',#4662,#540,#4664,.T.);
#4662 = VERTEX_POINT('',#4663);
#4663 = CARTESIAN_POINT('',(3.7005,-2.71563862816,4.988252961649));
#4664 = B_SPLINE_CURVE_WITH_KNOTS('',1,(#4665,#4666),.UNSPECIFIED.,.F.,
  .F.,(2,2),(-0.,1.E-03),.PIECEWISE_BEZIER_KNOTS.);
#4665 = CARTESIAN_POINT('',(3.7005,-2.71563862816,4.988252961649));
#4666 = CARTESIAN_POINT('',(3.6995,-2.71563862816,4.988252961649));
#4667 = ORIENTED_EDGE('',*,*,#4668,.F.);
#4668 = EDGE_CURVE('',#4669,#4662,#4671,.T.);
#4669 = VERTEX_POINT('',#4670);
#4670 = CARTESIAN_POINT('',(3.7005,-2.71563862816,4.953473059348));
#4671 = B_SPLINE_CURVE_WITH_KNOTS('',1,(#4672,#4673),.UNSPECIFIED.,.F.,
  .F.,(2,2),(-3.477990230068E-02,0.),.PIECEWISE_BEZIER_KNOTS.);
#4672 = CARTESIAN_POINT('',(3.7005,-2.71563862816,4.953473059348));
#4673 = CARTESIAN_POINT('',(3.7005,-2.71563862816,4.988252961649));
#4674 = ORIENTED_EDGE('',*,*,#4675,.T.);
#4675 = EDGE_CURVE('',#4669,#538,#4676,.T.);
#4676 = B_SPLINE_CURVE_WITH_KNOTS('',1,(#4677,#4678),.UNSPECIFIED.,.F.,
  .F.,(2,2),(-0.,9.999999999999E-04),.PIECEWISE_BEZIER_KNOTS.);
#4677 = CARTESIAN_POINT('',(3.7005,-2.71563862816,4.953473059348));
#4678 = CARTESIAN_POINT('',(3.6995,-2.71563862816,4.953473059348));
#4679 = B_SPLINE_SURFACE_WITH_KNOTS('',1,1,(
    (#4680,#4681)
    ,(#4682,#4683)),.UNSPECIFIED.,.F.,.F.,.F.,(2,2),(2,2),(-1.E-03,0.),(
    -3.477990230068E-02,0.),.PIECEWISE_BEZIER_KNOTS.);
#4680 = CARTESIAN_POINT('',(3.6995,-2.71563862816,4.953473059348));
#4681 = CARTESIAN_POINT('',(3.6995,-2.71563862816,4.988252961649));
#4682 = CARTESIAN_POINT('',(3.7005,-2.71563862816,4.953473059348));
#4683 = CARTESIAN_POINT('',(3.7005,-2.71563862816,4.988252961649));
#4684 = ADVANCED_FACE('',(#4685),#4701,.F.);
#4685 = FACE_BOUND('',#4686,.T.);
#4686 = EDGE_LOOP('',(#4687,#4688,#4695,#4700));
#4687 = ORIENTED_EDGE('',*,*,#574,.T.);
#4688 = ORIENTED_EDGE('',*,*,#4689,.F.);
#4689 = EDGE_CURVE('',#4690,#568,#4692,.T.);
#4690 = VERTEX_POINT('',#4691);
#4691 = CARTESIAN_POINT('',(3.7005,-2.837134340682,4.988252961649));
#4692 = B_SPLINE_CURVE_WITH_KNOTS('',1,(#4693,#4694),.UNSPECIFIED.,.F.,
  .F.,(2,2),(-0.,1.E-03),.PIECEWISE_BEZIER_KNOTS.);
#4693 = CARTESIAN_POINT('',(3.7005,-2.837134340682,4.988252961649));
#4694 = CARTESIAN_POINT('',(3.6995,-2.837134340682,4.988252961649));
#4695 = ORIENTED_EDGE('',*,*,#4696,.F.);
#4696 = EDGE_CURVE('',#4662,#4690,#4697,.T.);
#4697 = B_SPLINE_CURVE_WITH_KNOTS('',1,(#4698,#4699),.UNSPECIFIED.,.F.,
  .F.,(2,2),(-0.121495712522,-0.),.PIECEWISE_BEZIER_KNOTS.);
#4698 = CARTESIAN_POINT('',(3.7005,-2.71563862816,4.988252961649));
#4699 = CARTESIAN_POINT('',(3.7005,-2.837134340682,4.988252961649));
#4700 = ORIENTED_EDGE('',*,*,#4661,.T.);
#4701 = B_SPLINE_SURFACE_WITH_KNOTS('',1,1,(
    (#4702,#4703)
    ,(#4704,#4705
    )),.UNSPECIFIED.,.F.,.F.,.F.,(2,2),(2,2),(-8.881784197001E-16,
    0.121495712522),(-1.E-03,0.),.PIECEWISE_BEZIER_KNOTS.);
#4702 = CARTESIAN_POINT('',(3.6995,-2.837134340682,4.988252961649));
#4703 = CARTESIAN_POINT('',(3.7005,-2.837134340682,4.988252961649));
#4704 = CARTESIAN_POINT('',(3.6995,-2.71563862816,4.988252961649));
#4705 = CARTESIAN_POINT('',(3.7005,-2.71563862816,4.988252961649));
#4706 = ADVANCED_FACE('',(#4707),#4723,.F.);
#4707 = FACE_BOUND('',#4708,.T.);
#4708 = EDGE_LOOP('',(#4709,#4710,#4717,#4722));
#4709 = ORIENTED_EDGE('',*,*,#567,.T.);
#4710 = ORIENTED_EDGE('',*,*,#4711,.F.);
#4711 = EDGE_CURVE('',#4712,#561,#4714,.T.);
#4712 = VERTEX_POINT('',#4713);
#4713 = CARTESIAN_POINT('',(3.7005,-2.837134340682,5.258538031995));
#4714 = B_SPLINE_CURVE_WITH_KNOTS('',1,(#4715,#4716),.UNSPECIFIED.,.F.,
  .F.,(2,2),(-0.,1.E-03),.PIECEWISE_BEZIER_KNOTS.);
#4715 = CARTESIAN_POINT('',(3.7005,-2.837134340682,5.258538031995));
#4716 = CARTESIAN_POINT('',(3.6995,-2.837134340682,5.258538031995));
#4717 = ORIENTED_EDGE('',*,*,#4718,.F.);
#4718 = EDGE_CURVE('',#4690,#4712,#4719,.T.);
#4719 = B_SPLINE_CURVE_WITH_KNOTS('',1,(#4720,#4721),.UNSPECIFIED.,.F.,
  .F.,(2,2),(-0.270285070346,0.),.PIECEWISE_BEZIER_KNOTS.);
#4720 = CARTESIAN_POINT('',(3.7005,-2.837134340682,4.988252961649));
#4721 = CARTESIAN_POINT('',(3.7005,-2.837134340682,5.258538031995));
#4722 = ORIENTED_EDGE('',*,*,#4689,.T.);
#4723 = B_SPLINE_SURFACE_WITH_KNOTS('',1,1,(
    (#4724,#4725)
    ,(#4726,#4727
    )),.UNSPECIFIED.,.F.,.F.,.F.,(2,2),(2,2),(-4.440892098501E-16,
    0.270285070346),(-1.E-03,6.565670264957E-33),
  .PIECEWISE_BEZIER_KNOTS.);
#4724 = CARTESIAN_POINT('',(3.6995,-2.837134340682,5.258538031995));
#4725 = CARTESIAN_POINT('',(3.7005,-2.837134340682,5.258538031995));
#4726 = CARTESIAN_POINT('',(3.6995,-2.837134340682,4.988252961649));
#4727 = CARTESIAN_POINT('',(3.7005,-2.837134340682,4.988252961649));
#4728 = ADVANCED_FACE('',(#4729),#4745,.F.);
#4729 = FACE_BOUND('',#4730,.T.);
#4730 = EDGE_LOOP('',(#4731,#4732,#4739,#4744));
#4731 = ORIENTED_EDGE('',*,*,#560,.T.);
#4732 = ORIENTED_EDGE('',*,*,#4733,.F.);
#4733 = EDGE_CURVE('',#4734,#554,#4736,.T.);
#4734 = VERTEX_POINT('',#4735);
#4735 = CARTESIAN_POINT('',(3.7005,-2.876515171763,5.258538031995));
#4736 = B_SPLINE_CURVE_WITH_KNOTS('',1,(#4737,#4738),.UNSPECIFIED.,.F.,
  .F.,(2,2),(-0.,1.E-03),.PIECEWISE_BEZIER_KNOTS.);
#4737 = CARTESIAN_POINT('',(3.7005,-2.876515171763,5.258538031995));
#4738 = CARTESIAN_POINT('',(3.6995,-2.876515171763,5.258538031995));
#4739 = ORIENTED_EDGE('',*,*,#4740,.F.);
#4740 = EDGE_CURVE('',#4712,#4734,#4741,.T.);
#4741 = B_SPLINE_CURVE_WITH_KNOTS('',1,(#4742,#4743),.UNSPECIFIED.,.F.,
  .F.,(2,2),(-3.938083108034E-02,-0.),.PIECEWISE_BEZIER_KNOTS.);
#4742 = CARTESIAN_POINT('',(3.7005,-2.837134340682,5.258538031995));
#4743 = CARTESIAN_POINT('',(3.7005,-2.876515171763,5.258538031995));
#4744 = ORIENTED_EDGE('',*,*,#4711,.T.);
#4745 = B_SPLINE_SURFACE_WITH_KNOTS('',1,1,(
    (#4746,#4747)
    ,(#4748,#4749)),.UNSPECIFIED.,.F.,.F.,.F.,(2,2),(2,2),(0.,1.E-03),(
    -3.154042683595E-19,3.938083108034E-02),.PIECEWISE_BEZIER_KNOTS.);
#4746 = CARTESIAN_POINT('',(3.7005,-2.876515171763,5.258538031995));
#4747 = CARTESIAN_POINT('',(3.7005,-2.837134340682,5.258538031995));
#4748 = CARTESIAN_POINT('',(3.6995,-2.876515171763,5.258538031995));
#4749 = CARTESIAN_POINT('',(3.6995,-2.837134340682,5.258538031995));
#4750 = ADVANCED_FACE('',(#4751),#4767,.F.);
#4751 = FACE_BOUND('',#4752,.T.);
#4752 = EDGE_LOOP('',(#4753,#4754,#4761,#4766));
#4753 = ORIENTED_EDGE('',*,*,#553,.T.);
#4754 = ORIENTED_EDGE('',*,*,#4755,.F.);
#4755 = EDGE_CURVE('',#4756,#547,#4758,.T.);
#4756 = VERTEX_POINT('',#4757);
#4757 = CARTESIAN_POINT('',(3.7005,-2.876515171763,4.953473059348));
#4758 = B_SPLINE_CURVE_WITH_KNOTS('',1,(#4759,#4760),.UNSPECIFIED.,.F.,
  .F.,(2,2),(-0.,1.E-03),.PIECEWISE_BEZIER_KNOTS.);
#4759 = CARTESIAN_POINT('',(3.7005,-2.876515171763,4.953473059348));
#4760 = CARTESIAN_POINT('',(3.6995,-2.876515171763,4.953473059348));
#4761 = ORIENTED_EDGE('',*,*,#4762,.F.);
#4762 = EDGE_CURVE('',#4734,#4756,#4763,.T.);
#4763 = B_SPLINE_CURVE_WITH_KNOTS('',1,(#4764,#4765),.UNSPECIFIED.,.F.,
  .F.,(2,2),(-0.305064972647,0.),.PIECEWISE_BEZIER_KNOTS.);
#4764 = CARTESIAN_POINT('',(3.7005,-2.876515171763,5.258538031995));
#4765 = CARTESIAN_POINT('',(3.7005,-2.876515171763,4.953473059348));
#4766 = ORIENTED_EDGE('',*,*,#4733,.T.);
#4767 = B_SPLINE_SURFACE_WITH_KNOTS('',1,1,(
    (#4768,#4769)
    ,(#4770,#4771
    )),.UNSPECIFIED.,.F.,.F.,.F.,(2,2),(2,2),(0.,0.305064972647),(
    -1.E-03,0.),.PIECEWISE_BEZIER_KNOTS.);
#4768 = CARTESIAN_POINT('',(3.6995,-2.876515171763,4.953473059348));
#4769 = CARTESIAN_POINT('',(3.7005,-2.876515171763,4.953473059348));
#4770 = CARTESIAN_POINT('',(3.6995,-2.876515171763,5.258538031995));
#4771 = CARTESIAN_POINT('',(3.7005,-2.876515171763,5.258538031995));
#4772 = ADVANCED_FACE('',(#4773),#4783,.F.);
#4773 = FACE_BOUND('',#4774,.T.);
#4774 = EDGE_LOOP('',(#4775,#4776,#4777,#4782));
#4775 = ORIENTED_EDGE('',*,*,#546,.T.);
#4776 = ORIENTED_EDGE('',*,*,#4675,.F.);
#4777 = ORIENTED_EDGE('',*,*,#4778,.F.);
#4778 = EDGE_CURVE('',#4756,#4669,#4779,.T.);
#4779 = B_SPLINE_CURVE_WITH_KNOTS('',1,(#4780,#4781),.UNSPECIFIED.,.F.,
  .F.,(2,2),(-0.160876543603,0.),.PIECEWISE_BEZIER_KNOTS.);
#4780 = CARTESIAN_POINT('',(3.7005,-2.876515171763,4.953473059348));
#4781 = CARTESIAN_POINT('',(3.7005,-2.71563862816,4.953473059348));
#4782 = ORIENTED_EDGE('',*,*,#4755,.T.);
#4783 = B_SPLINE_SURFACE_WITH_KNOTS('',1,1,(
    (#4784,#4785)
    ,(#4786,#4787
    )),.UNSPECIFIED.,.F.,.F.,.F.,(2,2),(2,2),(-0.,0.160876543603),(
    -1.E-03,3.539864199302E-47),.PIECEWISE_BEZIER_KNOTS.);
#4784 = CARTESIAN_POINT('',(3.6995,-2.71563862816,4.953473059348));
#4785 = CARTESIAN_POINT('',(3.7005,-2.71563862816,4.953473059348));
#4786 = CARTESIAN_POINT('',(3.6995,-2.876515171763,4.953473059348));
#4787 = CARTESIAN_POINT('',(3.7005,-2.876515171763,4.953473059348));
#4788 = ADVANCED_FACE('',(#4789),#4797,.F.);
#4789 = FACE_BOUND('',#4790,.T.);
#4790 = EDGE_LOOP('',(#4791,#4792,#4793,#4794,#4795,#4796));
#4791 = ORIENTED_EDGE('',*,*,#4668,.T.);
#4792 = ORIENTED_EDGE('',*,*,#4696,.T.);
#4793 = ORIENTED_EDGE('',*,*,#4718,.T.);
#4794 = ORIENTED_EDGE('',*,*,#4740,.T.);
#4795 = ORIENTED_EDGE('',*,*,#4762,.T.);
#4796 = ORIENTED_EDGE('',*,*,#4778,.T.);
#4797 = B_SPLINE_SURFACE_WITH_KNOTS('',1,1,(
    (#4798,#4799)
    ,(#4800,#4801
    )),.UNSPECIFIED.,.F.,.F.,.F.,(2,2),(2,2),(1.553469506048,
    1.858534478695),(-2.876515171763,-2.71563862816),
  .PIECEWISE_BEZIER_KNOTS.);
#4798 = CARTESIAN_POINT('',(3.7005,-2.876515171763,4.953473059348));
#4799 = CARTESIAN_POINT('',(3.7005,-2.71563862816,4.953473059348));
#4800 = CARTESIAN_POINT('',(3.7005,-2.876515171763,5.258538031995));
#4801 = CARTESIAN_POINT('',(3.7005,-2.71563862816,5.258538031995));
#4802 = ADVANCED_FACE('',(#4803),#4827,.F.);
#4803 = FACE_BOUND('',#4804,.F.);
#4804 = EDGE_LOOP('',(#4805,#4812,#4821,#4826));
#4805 = ORIENTED_EDGE('',*,*,#4806,.F.);
#4806 = EDGE_CURVE('',#4807,#341,#4809,.T.);
#4807 = VERTEX_POINT('',#4808);
#4808 = CARTESIAN_POINT('',(3.7005,-2.559207049651,4.948326257662));
#4809 = B_SPLINE_CURVE_WITH_KNOTS('',1,(#4810,#4811),.UNSPECIFIED.,.F.,
  .F.,(2,2),(-0.,9.999999999999E-04),.PIECEWISE_BEZIER_KNOTS.);
#4810 = CARTESIAN_POINT('',(3.7005,-2.559207049651,4.948326257662));
#4811 = CARTESIAN_POINT('',(3.6995,-2.559207049651,4.948326257662));
#4812 = ORIENTED_EDGE('',*,*,#4813,.T.);
#4813 = EDGE_CURVE('',#4807,#4814,#4816,.T.);
#4814 = VERTEX_POINT('',#4815);
#4815 = CARTESIAN_POINT('',(3.7005,-2.474752712897,4.966106118032));
#4816 = B_SPLINE_CURVE_WITH_KNOTS('',3,(#4817,#4818,#4819,#4820),
  .UNSPECIFIED.,.F.,.F.,(4,4),(0.,1.),.PIECEWISE_BEZIER_KNOTS.);
#4817 = CARTESIAN_POINT('',(3.7005,-2.559207049651,4.948326257662));
#4818 = CARTESIAN_POINT('',(3.7005,-2.525362929475,4.948326257662));
#4819 = CARTESIAN_POINT('',(3.7005,-2.49721148389,4.954252877784));
#4820 = CARTESIAN_POINT('',(3.7005,-2.474752712897,4.966106118032));
#4821 = ORIENTED_EDGE('',*,*,#4822,.T.);
#4822 = EDGE_CURVE('',#4814,#343,#4823,.T.);
#4823 = B_SPLINE_CURVE_WITH_KNOTS('',1,(#4824,#4825),.UNSPECIFIED.,.F.,
  .F.,(2,2),(-0.,1.E-03),.PIECEWISE_BEZIER_KNOTS.);
#4824 = CARTESIAN_POINT('',(3.7005,-2.474752712897,4.966106118032));
#4825 = CARTESIAN_POINT('',(3.6995,-2.474752712897,4.966106118032));
#4826 = ORIENTED_EDGE('',*,*,#340,.F.);
#4827 = B_SPLINE_SURFACE_WITH_KNOTS('',3,1,(
    (#4828,#4829)
    ,(#4830,#4831)
    ,(#4832,#4833)
    ,(#4834,#4835
    )),.UNSPECIFIED.,.F.,.F.,.F.,(4,4),(2,2),(0.,1.),(0.,1.),
  .PIECEWISE_BEZIER_KNOTS.);
#4828 = CARTESIAN_POINT('',(3.7005,-2.559207049651,4.948326257662));
#4829 = CARTESIAN_POINT('',(3.6995,-2.559207049651,4.948326257662));
#4830 = CARTESIAN_POINT('',(3.7005,-2.525362929475,4.948326257662));
#4831 = CARTESIAN_POINT('',(3.6995,-2.525362929475,4.948326257662));
#4832 = CARTESIAN_POINT('',(3.7005,-2.49721148389,4.954252877784));
#4833 = CARTESIAN_POINT('',(3.6995,-2.49721148389,4.954252877784));
#4834 = CARTESIAN_POINT('',(3.7005,-2.474752712897,4.966106118032));
#4835 = CARTESIAN_POINT('',(3.6995,-2.474752712897,4.966106118032));
#4836 = ADVANCED_FACE('',(#4837),#4853,.F.);
#4837 = FACE_BOUND('',#4838,.T.);
#4838 = EDGE_LOOP('',(#4839,#4840,#4847,#4852));
#4839 = ORIENTED_EDGE('',*,*,#457,.T.);
#4840 = ORIENTED_EDGE('',*,*,#4841,.F.);
#4841 = EDGE_CURVE('',#4842,#449,#4844,.T.);
#4842 = VERTEX_POINT('',#4843);
#4843 = CARTESIAN_POINT('',(3.7005,-2.474752712897,5.003849330394));
#4844 = B_SPLINE_CURVE_WITH_KNOTS('',1,(#4845,#4846),.UNSPECIFIED.,.F.,
  .F.,(2,2),(-0.,9.99999999999E-04),.PIECEWISE_BEZIER_KNOTS.);
#4845 = CARTESIAN_POINT('',(3.7005,-2.474752712897,5.003849330394));
#4846 = CARTESIAN_POINT('',(3.6995,-2.474752712897,5.003849330394));
#4847 = ORIENTED_EDGE('',*,*,#4848,.F.);
#4848 = EDGE_CURVE('',#4814,#4842,#4849,.T.);
#4849 = B_SPLINE_CURVE_WITH_KNOTS('',1,(#4850,#4851),.UNSPECIFIED.,.F.,
  .F.,(2,2),(-3.774321236296E-02,0.),.PIECEWISE_BEZIER_KNOTS.);
#4850 = CARTESIAN_POINT('',(3.7005,-2.474752712897,4.966106118032));
#4851 = CARTESIAN_POINT('',(3.7005,-2.474752712897,5.003849330394));
#4852 = ORIENTED_EDGE('',*,*,#4822,.T.);
#4853 = B_SPLINE_SURFACE_WITH_KNOTS('',1,1,(
    (#4854,#4855)
    ,(#4856,#4857
    )),.UNSPECIFIED.,.F.,.F.,.F.,(2,2),(2,2),(-3.624089965397E-33,
    3.774321236296E-02),(-1.E-03,3.282835132478E-33),
  .PIECEWISE_BEZIER_KNOTS.);
#4854 = CARTESIAN_POINT('',(3.6995,-2.474752712897,5.003849330394));
#4855 = CARTESIAN_POINT('',(3.7005,-2.474752712897,5.003849330394));
#4856 = CARTESIAN_POINT('',(3.6995,-2.474752712897,4.966106118032));
#4857 = CARTESIAN_POINT('',(3.7005,-2.474752712897,4.966106118032));
#4858 = ADVANCED_FACE('',(#4859),#4877,.F.);
#4859 = FACE_BOUND('',#4860,.F.);
#4860 = EDGE_LOOP('',(#4861,#4862,#4871,#4876));
#4861 = ORIENTED_EDGE('',*,*,#4841,.F.);
#4862 = ORIENTED_EDGE('',*,*,#4863,.T.);
#4863 = EDGE_CURVE('',#4842,#4864,#4866,.T.);
#4864 = VERTEX_POINT('',#4865);
#4865 = CARTESIAN_POINT('',(3.7005,-2.553514375059,4.983418087337));
#4866 = B_SPLINE_CURVE_WITH_KNOTS('',3,(#4867,#4868,#4869,#4870),
  .UNSPECIFIED.,.F.,.F.,(4,4),(12.,13.),.PIECEWISE_BEZIER_KNOTS.);
#4867 = CARTESIAN_POINT('',(3.7005,-2.474752712897,5.003849330394));
#4868 = CARTESIAN_POINT('',(3.7005,-2.497055520203,4.990280489585));
#4869 = CARTESIAN_POINT('',(3.7005,-2.523335401538,4.983418087337));
#4870 = CARTESIAN_POINT('',(3.7005,-2.553514375059,4.983418087337));
#4871 = ORIENTED_EDGE('',*,*,#4872,.T.);
#4872 = EDGE_CURVE('',#4864,#440,#4873,.T.);
#4873 = B_SPLINE_CURVE_WITH_KNOTS('',1,(#4874,#4875),.UNSPECIFIED.,.F.,
  .F.,(2,2),(-0.,9.999999999986E-04),.PIECEWISE_BEZIER_KNOTS.);
#4874 = CARTESIAN_POINT('',(3.7005,-2.553514375059,4.983418087337));
#4875 = CARTESIAN_POINT('',(3.6995,-2.553514375059,4.983418087337));
#4876 = ORIENTED_EDGE('',*,*,#448,.F.);
#4877 = B_SPLINE_SURFACE_WITH_KNOTS('',3,1,(
    (#4878,#4879)
    ,(#4880,#4881)
    ,(#4882,#4883)
    ,(#4884,#4885
    )),.UNSPECIFIED.,.F.,.F.,.F.,(4,4),(2,2),(12.,13.),(0.,1.),
  .PIECEWISE_BEZIER_KNOTS.);
#4878 = CARTESIAN_POINT('',(3.7005,-2.474752712897,5.003849330394));
#4879 = CARTESIAN_POINT('',(3.6995,-2.474752712897,5.003849330394));
#4880 = CARTESIAN_POINT('',(3.7005,-2.497055520203,4.990280489585));
#4881 = CARTESIAN_POINT('',(3.6995,-2.497055520203,4.990280489585));
#4882 = CARTESIAN_POINT('',(3.7005,-2.523335401538,4.983418087337));
#4883 = CARTESIAN_POINT('',(3.6995,-2.523335401538,4.983418087337));
#4884 = CARTESIAN_POINT('',(3.7005,-2.553514375059,4.983418087337));
#4885 = CARTESIAN_POINT('',(3.6995,-2.553514375059,4.983418087337));
#4886 = ADVANCED_FACE('',(#4887),#4905,.F.);
#4887 = FACE_BOUND('',#4888,.F.);
#4888 = EDGE_LOOP('',(#4889,#4890,#4899,#4904));
#4889 = ORIENTED_EDGE('',*,*,#4872,.F.);
#4890 = ORIENTED_EDGE('',*,*,#4891,.T.);
#4891 = EDGE_CURVE('',#4864,#4892,#4894,.T.);
#4892 = VERTEX_POINT('',#4893);
#4893 = CARTESIAN_POINT('',(3.7005,-2.631886128001,5.015546606952));
#4894 = B_SPLINE_CURVE_WITH_KNOTS('',3,(#4895,#4896,#4897,#4898),
  .UNSPECIFIED.,.F.,.F.,(4,4),(11.,12.),.PIECEWISE_BEZIER_KNOTS.);
#4895 = CARTESIAN_POINT('',(3.7005,-2.553514375059,4.983418087337));
#4896 = CARTESIAN_POINT('',(3.7005,-2.58579885836,4.983418087337));
#4897 = CARTESIAN_POINT('',(3.7005,-2.611922776008,4.994179581771));
#4898 = CARTESIAN_POINT('',(3.7005,-2.631886128001,5.015546606952));
#4899 = ORIENTED_EDGE('',*,*,#4900,.T.);
#4900 = EDGE_CURVE('',#4892,#431,#4901,.T.);
#4901 = B_SPLINE_CURVE_WITH_KNOTS('',1,(#4902,#4903),.UNSPECIFIED.,.F.,
  .F.,(2,2),(-0.,9.999999999986E-04),.PIECEWISE_BEZIER_KNOTS.);
#4902 = CARTESIAN_POINT('',(3.7005,-2.631886128001,5.015546606952));
#4903 = CARTESIAN_POINT('',(3.6995,-2.631886128001,5.015546606952));
#4904 = ORIENTED_EDGE('',*,*,#439,.F.);
#4905 = B_SPLINE_SURFACE_WITH_KNOTS('',3,1,(
    (#4906,#4907)
    ,(#4908,#4909)
    ,(#4910,#4911)
    ,(#4912,#4913
    )),.UNSPECIFIED.,.F.,.F.,.F.,(4,4),(2,2),(11.,12.),(0.,1.),
  .PIECEWISE_BEZIER_KNOTS.);
#4906 = CARTESIAN_POINT('',(3.7005,-2.553514375059,4.983418087337));
#4907 = CARTESIAN_POINT('',(3.6995,-2.553514375059,4.983418087337));
#4908 = CARTESIAN_POINT('',(3.7005,-2.58579885836,4.983418087337));
#4909 = CARTESIAN_POINT('',(3.6995,-2.58579885836,4.983418087337));
#4910 = CARTESIAN_POINT('',(3.7005,-2.611922776008,4.994179581771));
#4911 = CARTESIAN_POINT('',(3.6995,-2.611922776008,4.994179581771));
#4912 = CARTESIAN_POINT('',(3.7005,-2.631886128001,5.015546606952));
#4913 = CARTESIAN_POINT('',(3.6995,-2.631886128001,5.015546606952));
#4914 = ADVANCED_FACE('',(#4915),#4933,.F.);
#4915 = FACE_BOUND('',#4916,.F.);
#4916 = EDGE_LOOP('',(#4917,#4918,#4927,#4932));
#4917 = ORIENTED_EDGE('',*,*,#4900,.F.);
#4918 = ORIENTED_EDGE('',*,*,#4919,.T.);
#4919 = EDGE_CURVE('',#4892,#4920,#4922,.T.);
#4920 = VERTEX_POINT('',#4921);
#4921 = CARTESIAN_POINT('',(3.7005,-2.661831155991,5.102574344549));
#4922 = B_SPLINE_CURVE_WITH_KNOTS('',3,(#4923,#4924,#4925,#4926),
  .UNSPECIFIED.,.F.,.F.,(4,4),(10.,11.),.PIECEWISE_BEZIER_KNOTS.);
#4923 = CARTESIAN_POINT('',(3.7005,-2.631886128001,5.015546606952));
#4924 = CARTESIAN_POINT('',(3.7005,-2.651849479995,5.03706959582));
#4925 = CARTESIAN_POINT('',(3.7005,-2.661831155991,5.066078841686));
#4926 = CARTESIAN_POINT('',(3.7005,-2.661831155991,5.102574344549));
#4927 = ORIENTED_EDGE('',*,*,#4928,.T.);
#4928 = EDGE_CURVE('',#4920,#422,#4929,.T.);
#4929 = B_SPLINE_CURVE_WITH_KNOTS('',1,(#4930,#4931),.UNSPECIFIED.,.F.,
  .F.,(2,2),(-0.,9.999999999986E-04),.PIECEWISE_BEZIER_KNOTS.);
#4930 = CARTESIAN_POINT('',(3.7005,-2.661831155991,5.102574344549));
#4931 = CARTESIAN_POINT('',(3.6995,-2.661831155991,5.102574344549));
#4932 = ORIENTED_EDGE('',*,*,#430,.F.);
#4933 = B_SPLINE_SURFACE_WITH_KNOTS('',3,1,(
    (#4934,#4935)
    ,(#4936,#4937)
    ,(#4938,#4939)
    ,(#4940,#4941
    )),.UNSPECIFIED.,.F.,.F.,.F.,(4,4),(2,2),(10.,11.),(0.,1.),
  .PIECEWISE_BEZIER_KNOTS.);
#4934 = CARTESIAN_POINT('',(3.7005,-2.631886128001,5.015546606952));
#4935 = CARTESIAN_POINT('',(3.6995,-2.631886128001,5.015546606952));
#4936 = CARTESIAN_POINT('',(3.7005,-2.651849479995,5.03706959582));
#4937 = CARTESIAN_POINT('',(3.6995,-2.651849479995,5.03706959582));
#4938 = CARTESIAN_POINT('',(3.7005,-2.661831155991,5.066078841686));
#4939 = CARTESIAN_POINT('',(3.6995,-2.661831155991,5.066078841686));
#4940 = CARTESIAN_POINT('',(3.7005,-2.661831155991,5.102574344549));
#4941 = CARTESIAN_POINT('',(3.6995,-2.661831155991,5.102574344549));
#4942 = ADVANCED_FACE('',(#4943),#4961,.F.);
#4943 = FACE_BOUND('',#4944,.F.);
#4944 = EDGE_LOOP('',(#4945,#4946,#4955,#4960));
#4945 = ORIENTED_EDGE('',*,*,#4928,.F.);
#4946 = ORIENTED_EDGE('',*,*,#4947,.T.);
#4947 = EDGE_CURVE('',#4920,#4948,#4950,.T.);
#4948 = VERTEX_POINT('',#4949);
#4949 = CARTESIAN_POINT('',(3.7005,-2.62978061822,5.194280992767));
#4950 = B_SPLINE_CURVE_WITH_KNOTS('',3,(#4951,#4952,#4953,#4954),
  .UNSPECIFIED.,.F.,.F.,(4,4),(9.,10.),.PIECEWISE_BEZIER_KNOTS.);
#4951 = CARTESIAN_POINT('',(3.7005,-2.661831155991,5.102574344549));
#4952 = CARTESIAN_POINT('',(3.7005,-2.661831155991,5.140941411661));
#4953 = CARTESIAN_POINT('',(3.7005,-2.651147643401,5.171510294399));
#4954 = CARTESIAN_POINT('',(3.7005,-2.62978061822,5.194280992767));
#4955 = ORIENTED_EDGE('',*,*,#4956,.T.);
#4956 = EDGE_CURVE('',#4948,#413,#4957,.T.);
#4957 = B_SPLINE_CURVE_WITH_KNOTS('',1,(#4958,#4959),.UNSPECIFIED.,.F.,
  .F.,(2,2),(-0.,9.999999999986E-04),.PIECEWISE_BEZIER_KNOTS.);
#4958 = CARTESIAN_POINT('',(3.7005,-2.62978061822,5.194280992767));
#4959 = CARTESIAN_POINT('',(3.6995,-2.62978061822,5.194280992767));
#4960 = ORIENTED_EDGE('',*,*,#421,.F.);
#4961 = B_SPLINE_SURFACE_WITH_KNOTS('',3,1,(
    (#4962,#4963)
    ,(#4964,#4965)
    ,(#4966,#4967)
    ,(#4968,#4969
    )),.UNSPECIFIED.,.F.,.F.,.F.,(4,4),(2,2),(9.,10.),(0.,1.),
  .PIECEWISE_BEZIER_KNOTS.);
#4962 = CARTESIAN_POINT('',(3.7005,-2.661831155991,5.102574344549));
#4963 = CARTESIAN_POINT('',(3.6995,-2.661831155991,5.102574344549));
#4964 = CARTESIAN_POINT('',(3.7005,-2.661831155991,5.140941411661));
#4965 = CARTESIAN_POINT('',(3.6995,-2.661831155991,5.140941411661));
#4966 = CARTESIAN_POINT('',(3.7005,-2.651147643401,5.171510294399));
#4967 = CARTESIAN_POINT('',(3.6995,-2.651147643401,5.171510294399));
#4968 = CARTESIAN_POINT('',(3.7005,-2.62978061822,5.194280992767));
#4969 = CARTESIAN_POINT('',(3.6995,-2.62978061822,5.194280992767));
#4970 = ADVANCED_FACE('',(#4971),#4989,.F.);
#4971 = FACE_BOUND('',#4972,.F.);
#4972 = EDGE_LOOP('',(#4973,#4974,#4983,#4988));
#4973 = ORIENTED_EDGE('',*,*,#4956,.F.);
#4974 = ORIENTED_EDGE('',*,*,#4975,.T.);
#4975 = EDGE_CURVE('',#4948,#4976,#4978,.T.);
#4976 = VERTEX_POINT('',#4977);
#4977 = CARTESIAN_POINT('',(3.7005,-2.546651972811,5.228125112942));
#4978 = B_SPLINE_CURVE_WITH_KNOTS('',3,(#4979,#4980,#4981,#4982),
  .UNSPECIFIED.,.F.,.F.,(4,4),(8.,9.),.PIECEWISE_BEZIER_KNOTS.);
#4979 = CARTESIAN_POINT('',(3.7005,-2.62978061822,5.194280992767));
#4980 = CARTESIAN_POINT('',(3.7005,-2.608335611197,5.216895727446));
#4981 = CARTESIAN_POINT('',(3.7005,-2.580652056674,5.228125112942));
#4982 = CARTESIAN_POINT('',(3.7005,-2.546651972811,5.228125112942));
#4983 = ORIENTED_EDGE('',*,*,#4984,.T.);
#4984 = EDGE_CURVE('',#4976,#404,#4985,.T.);
#4985 = B_SPLINE_CURVE_WITH_KNOTS('',1,(#4986,#4987),.UNSPECIFIED.,.F.,
  .F.,(2,2),(-0.,9.999999999986E-04),.PIECEWISE_BEZIER_KNOTS.);
#4986 = CARTESIAN_POINT('',(3.7005,-2.546651972811,5.228125112942));
#4987 = CARTESIAN_POINT('',(3.6995,-2.546651972811,5.228125112942));
#4988 = ORIENTED_EDGE('',*,*,#412,.F.);
#4989 = B_SPLINE_SURFACE_WITH_KNOTS('',3,1,(
    (#4990,#4991)
    ,(#4992,#4993)
    ,(#4994,#4995)
    ,(#4996,#4997
    )),.UNSPECIFIED.,.F.,.F.,.F.,(4,4),(2,2),(8.,9.),(0.,1.),
  .PIECEWISE_BEZIER_KNOTS.);
#4990 = CARTESIAN_POINT('',(3.7005,-2.62978061822,5.194280992767));
#4991 = CARTESIAN_POINT('',(3.6995,-2.62978061822,5.194280992767));
#4992 = CARTESIAN_POINT('',(3.7005,-2.608335611197,5.216895727446));
#4993 = CARTESIAN_POINT('',(3.6995,-2.608335611197,5.216895727446));
#4994 = CARTESIAN_POINT('',(3.7005,-2.580652056674,5.228125112942));
#4995 = CARTESIAN_POINT('',(3.6995,-2.580652056674,5.228125112942));
#4996 = CARTESIAN_POINT('',(3.7005,-2.546651972811,5.228125112942));
#4997 = CARTESIAN_POINT('',(3.6995,-2.546651972811,5.228125112942));
#4998 = ADVANCED_FACE('',(#4999),#5017,.F.);
#4999 = FACE_BOUND('',#5000,.F.);
#5000 = EDGE_LOOP('',(#5001,#5002,#5011,#5016));
#5001 = ORIENTED_EDGE('',*,*,#4984,.F.);
#5002 = ORIENTED_EDGE('',*,*,#5003,.T.);
#5003 = EDGE_CURVE('',#4976,#5004,#5006,.T.);
#5004 = VERTEX_POINT('',#5005);
#5005 = CARTESIAN_POINT('',(3.7005,-2.474752712897,5.2100333252));
#5006 = B_SPLINE_CURVE_WITH_KNOTS('',3,(#5007,#5008,#5009,#5010),
  .UNSPECIFIED.,.F.,.F.,(4,4),(7.,8.),.PIECEWISE_BEZIER_KNOTS.);
#5007 = CARTESIAN_POINT('',(3.7005,-2.546651972811,5.228125112942));
#5008 = CARTESIAN_POINT('',(3.7005,-2.520528055164,5.228125112942));
#5009 = CARTESIAN_POINT('',(3.7005,-2.49658762914,5.22219849282));
#5010 = CARTESIAN_POINT('',(3.7005,-2.474752712897,5.2100333252));
#5011 = ORIENTED_EDGE('',*,*,#5012,.T.);
#5012 = EDGE_CURVE('',#5004,#397,#5013,.T.);
#5013 = B_SPLINE_CURVE_WITH_KNOTS('',1,(#5014,#5015),.UNSPECIFIED.,.F.,
  .F.,(2,2),(-0.,9.999999999999E-04),.PIECEWISE_BEZIER_KNOTS.);
#5014 = CARTESIAN_POINT('',(3.7005,-2.474752712897,5.2100333252));
#5015 = CARTESIAN_POINT('',(3.6995,-2.474752712897,5.2100333252));
#5016 = ORIENTED_EDGE('',*,*,#403,.F.);
#5017 = B_SPLINE_SURFACE_WITH_KNOTS('',3,1,(
    (#5018,#5019)
    ,(#5020,#5021)
    ,(#5022,#5023)
    ,(#5024,#5025
    )),.UNSPECIFIED.,.F.,.F.,.F.,(4,4),(2,2),(7.,8.),(0.,1.),
  .PIECEWISE_BEZIER_KNOTS.);
#5018 = CARTESIAN_POINT('',(3.7005,-2.546651972811,5.228125112942));
#5019 = CARTESIAN_POINT('',(3.6995,-2.546651972811,5.228125112942));
#5020 = CARTESIAN_POINT('',(3.7005,-2.520528055164,5.228125112942));
#5021 = CARTESIAN_POINT('',(3.6995,-2.520528055164,5.228125112942));
#5022 = CARTESIAN_POINT('',(3.7005,-2.49658762914,5.22219849282));
#5023 = CARTESIAN_POINT('',(3.6995,-2.49658762914,5.22219849282));
#5024 = CARTESIAN_POINT('',(3.7005,-2.474752712897,5.2100333252));
#5025 = CARTESIAN_POINT('',(3.6995,-2.474752712897,5.2100333252));
#5026 = ADVANCED_FACE('',(#5027),#5043,.F.);
#5027 = FACE_BOUND('',#5028,.T.);
#5028 = EDGE_LOOP('',(#5029,#5030,#5037,#5042));
#5029 = ORIENTED_EDGE('',*,*,#396,.T.);
#5030 = ORIENTED_EDGE('',*,*,#5031,.F.);
#5031 = EDGE_CURVE('',#5032,#388,#5034,.T.);
#5032 = VERTEX_POINT('',#5033);
#5033 = CARTESIAN_POINT('',(3.7005,-2.474752712897,5.251207738685));
#5034 = B_SPLINE_CURVE_WITH_KNOTS('',1,(#5035,#5036),.UNSPECIFIED.,.F.,
  .F.,(2,2),(-0.,9.99999999999E-04),.PIECEWISE_BEZIER_KNOTS.);
#5035 = CARTESIAN_POINT('',(3.7005,-2.474752712897,5.251207738685));
#5036 = CARTESIAN_POINT('',(3.6995,-2.474752712897,5.251207738685));
#5037 = ORIENTED_EDGE('',*,*,#5038,.F.);
#5038 = EDGE_CURVE('',#5004,#5032,#5039,.T.);
#5039 = B_SPLINE_CURVE_WITH_KNOTS('',1,(#5040,#5041),.UNSPECIFIED.,.F.,
  .F.,(2,2),(-4.117441348498E-02,0.),.PIECEWISE_BEZIER_KNOTS.);
#5040 = CARTESIAN_POINT('',(3.7005,-2.474752712897,5.2100333252));
#5041 = CARTESIAN_POINT('',(3.7005,-2.474752712897,5.251207738685));
#5042 = ORIENTED_EDGE('',*,*,#5012,.T.);
#5043 = B_SPLINE_SURFACE_WITH_KNOTS('',1,1,(
    (#5044,#5045)
    ,(#5046,#5047)),.UNSPECIFIED.,.F.,.F.,.F.,(2,2),(2,2),(-1.E-03,0.),(
    -4.117441348498E-02,0.),.PIECEWISE_BEZIER_KNOTS.);
#5044 = CARTESIAN_POINT('',(3.6995,-2.474752712897,5.2100333252));
#5045 = CARTESIAN_POINT('',(3.6995,-2.474752712897,5.251207738685));
#5046 = CARTESIAN_POINT('',(3.7005,-2.474752712897,5.2100333252));
#5047 = CARTESIAN_POINT('',(3.7005,-2.474752712897,5.251207738685));
#5048 = ADVANCED_FACE('',(#5049),#5067,.F.);
#5049 = FACE_BOUND('',#5050,.F.);
#5050 = EDGE_LOOP('',(#5051,#5052,#5061,#5066));
#5051 = ORIENTED_EDGE('',*,*,#5031,.F.);
#5052 = ORIENTED_EDGE('',*,*,#5053,.T.);
#5053 = EDGE_CURVE('',#5032,#5054,#5056,.T.);
#5054 = VERTEX_POINT('',#5055);
#5055 = CARTESIAN_POINT('',(3.7005,-2.54704188203,5.263684833681));
#5056 = B_SPLINE_CURVE_WITH_KNOTS('',3,(#5057,#5058,#5059,#5060),
  .UNSPECIFIED.,.F.,.F.,(4,4),(5.,6.),.PIECEWISE_BEZIER_KNOTS.);
#5057 = CARTESIAN_POINT('',(3.7005,-2.474752712897,5.251207738685));
#5058 = CARTESIAN_POINT('',(3.7005,-2.493780282766,5.259473814121));
#5059 = CARTESIAN_POINT('',(3.7005,-2.517876672477,5.263684833681));
#5060 = CARTESIAN_POINT('',(3.7005,-2.54704188203,5.263684833681));
#5061 = ORIENTED_EDGE('',*,*,#5062,.T.);
#5062 = EDGE_CURVE('',#5054,#379,#5063,.T.);
#5063 = B_SPLINE_CURVE_WITH_KNOTS('',1,(#5064,#5065),.UNSPECIFIED.,.F.,
  .F.,(2,2),(-0.,9.999999999986E-04),.PIECEWISE_BEZIER_KNOTS.);
#5064 = CARTESIAN_POINT('',(3.7005,-2.54704188203,5.263684833681));
#5065 = CARTESIAN_POINT('',(3.6995,-2.54704188203,5.263684833681));
#5066 = ORIENTED_EDGE('',*,*,#387,.F.);
#5067 = B_SPLINE_SURFACE_WITH_KNOTS('',3,1,(
    (#5068,#5069)
    ,(#5070,#5071)
    ,(#5072,#5073)
    ,(#5074,#5075
    )),.UNSPECIFIED.,.F.,.F.,.F.,(4,4),(2,2),(5.,6.),(0.,1.),
  .PIECEWISE_BEZIER_KNOTS.);
#5068 = CARTESIAN_POINT('',(3.7005,-2.474752712897,5.251207738685));
#5069 = CARTESIAN_POINT('',(3.6995,-2.474752712897,5.251207738685));
#5070 = CARTESIAN_POINT('',(3.7005,-2.493780282766,5.259473814121));
#5071 = CARTESIAN_POINT('',(3.6995,-2.493780282766,5.259473814121));
#5072 = CARTESIAN_POINT('',(3.7005,-2.517876672477,5.263684833681));
#5073 = CARTESIAN_POINT('',(3.6995,-2.517876672477,5.263684833681));
#5074 = CARTESIAN_POINT('',(3.7005,-2.54704188203,5.263684833681));
#5075 = CARTESIAN_POINT('',(3.6995,-2.54704188203,5.263684833681));
#5076 = ADVANCED_FACE('',(#5077),#5095,.F.);
#5077 = FACE_BOUND('',#5078,.F.);
#5078 = EDGE_LOOP('',(#5079,#5080,#5089,#5094));
#5079 = ORIENTED_EDGE('',*,*,#5062,.F.);
#5080 = ORIENTED_EDGE('',*,*,#5081,.T.);
#5081 = EDGE_CURVE('',#5054,#5082,#5084,.T.);
#5082 = VERTEX_POINT('',#5083);
#5083 = CARTESIAN_POINT('',(3.7005,-2.659101791461,5.218767291696));
#5084 = B_SPLINE_CURVE_WITH_KNOTS('',3,(#5085,#5086,#5087,#5088),
  .UNSPECIFIED.,.F.,.F.,(4,4),(4.,5.),.PIECEWISE_BEZIER_KNOTS.);
#5085 = CARTESIAN_POINT('',(3.7005,-2.54704188203,5.263684833681));
#5086 = CARTESIAN_POINT('',(3.7005,-2.592349333233,5.263684833681));
#5087 = CARTESIAN_POINT('',(3.7005,-2.629702636377,5.248712319687));
#5088 = CARTESIAN_POINT('',(3.7005,-2.659101791461,5.218767291696));
#5089 = ORIENTED_EDGE('',*,*,#5090,.T.);
#5090 = EDGE_CURVE('',#5082,#370,#5091,.T.);
#5091 = B_SPLINE_CURVE_WITH_KNOTS('',1,(#5092,#5093),.UNSPECIFIED.,.F.,
  .F.,(2,2),(-0.,9.999999999986E-04),.PIECEWISE_BEZIER_KNOTS.);
#5092 = CARTESIAN_POINT('',(3.7005,-2.659101791461,5.218767291696));
#5093 = CARTESIAN_POINT('',(3.6995,-2.659101791461,5.218767291696));
#5094 = ORIENTED_EDGE('',*,*,#378,.F.);
#5095 = B_SPLINE_SURFACE_WITH_KNOTS('',3,1,(
    (#5096,#5097)
    ,(#5098,#5099)
    ,(#5100,#5101)
    ,(#5102,#5103
    )),.UNSPECIFIED.,.F.,.F.,.F.,(4,4),(2,2),(4.,5.),(0.,1.),
  .PIECEWISE_BEZIER_KNOTS.);
#5096 = CARTESIAN_POINT('',(3.7005,-2.54704188203,5.263684833681));
#5097 = CARTESIAN_POINT('',(3.6995,-2.54704188203,5.263684833681));
#5098 = CARTESIAN_POINT('',(3.7005,-2.592349333233,5.263684833681));
#5099 = CARTESIAN_POINT('',(3.6995,-2.592349333233,5.263684833681));
#5100 = CARTESIAN_POINT('',(3.7005,-2.629702636377,5.248712319687));
#5101 = CARTESIAN_POINT('',(3.6995,-2.629702636377,5.248712319687));
#5102 = CARTESIAN_POINT('',(3.7005,-2.659101791461,5.218767291696));
#5103 = CARTESIAN_POINT('',(3.6995,-2.659101791461,5.218767291696));
#5104 = ADVANCED_FACE('',(#5105),#5123,.F.);
#5105 = FACE_BOUND('',#5106,.F.);
#5106 = EDGE_LOOP('',(#5107,#5108,#5117,#5122));
#5107 = ORIENTED_EDGE('',*,*,#5090,.F.);
#5108 = ORIENTED_EDGE('',*,*,#5109,.T.);
#5109 = EDGE_CURVE('',#5082,#5110,#5112,.T.);
#5110 = VERTEX_POINT('',#5111);
#5111 = CARTESIAN_POINT('',(3.7005,-2.703161533165,5.100234889235));
#5112 = B_SPLINE_CURVE_WITH_KNOTS('',3,(#5113,#5114,#5115,#5116),
  .UNSPECIFIED.,.F.,.F.,(4,4),(3.,4.),.PIECEWISE_BEZIER_KNOTS.);
#5113 = CARTESIAN_POINT('',(3.7005,-2.659101791461,5.218767291696));
#5114 = CARTESIAN_POINT('',(3.7005,-2.688500946545,5.188822263706));
#5115 = CARTESIAN_POINT('',(3.7005,-2.703161533165,5.149363450781));
#5116 = CARTESIAN_POINT('',(3.7005,-2.703161533165,5.100234889235));
#5117 = ORIENTED_EDGE('',*,*,#5118,.T.);
#5118 = EDGE_CURVE('',#5110,#361,#5119,.T.);
#5119 = B_SPLINE_CURVE_WITH_KNOTS('',1,(#5120,#5121),.UNSPECIFIED.,.F.,
  .F.,(2,2),(-0.,9.999999999986E-04),.PIECEWISE_BEZIER_KNOTS.);
#5120 = CARTESIAN_POINT('',(3.7005,-2.703161533165,5.100234889235));
#5121 = CARTESIAN_POINT('',(3.6995,-2.703161533165,5.100234889235));
#5122 = ORIENTED_EDGE('',*,*,#369,.F.);
#5123 = B_SPLINE_SURFACE_WITH_KNOTS('',3,1,(
    (#5124,#5125)
    ,(#5126,#5127)
    ,(#5128,#5129)
    ,(#5130,#5131
    )),.UNSPECIFIED.,.F.,.F.,.F.,(4,4),(2,2),(3.,4.),(0.,1.),
  .PIECEWISE_BEZIER_KNOTS.);
#5124 = CARTESIAN_POINT('',(3.7005,-2.659101791461,5.218767291696));
#5125 = CARTESIAN_POINT('',(3.6995,-2.659101791461,5.218767291696));
#5126 = CARTESIAN_POINT('',(3.7005,-2.688500946545,5.188822263706));
#5127 = CARTESIAN_POINT('',(3.6995,-2.688500946545,5.188822263706));
#5128 = CARTESIAN_POINT('',(3.7005,-2.703161533165,5.149363450781));
#5129 = CARTESIAN_POINT('',(3.6995,-2.703161533165,5.149363450781));
#5130 = CARTESIAN_POINT('',(3.7005,-2.703161533165,5.100234889235));
#5131 = CARTESIAN_POINT('',(3.6995,-2.703161533165,5.100234889235));
#5132 = ADVANCED_FACE('',(#5133),#5151,.F.);
#5133 = FACE_BOUND('',#5134,.F.);
#5134 = EDGE_LOOP('',(#5135,#5136,#5145,#5150));
#5135 = ORIENTED_EDGE('',*,*,#5118,.F.);
#5136 = ORIENTED_EDGE('',*,*,#5137,.T.);
#5137 = EDGE_CURVE('',#5110,#5138,#5140,.T.);
#5138 = VERTEX_POINT('',#5139);
#5139 = CARTESIAN_POINT('',(3.7005,-2.664014647615,4.989968562211));
#5140 = B_SPLINE_CURVE_WITH_KNOTS('',3,(#5141,#5142,#5143,#5144),
  .UNSPECIFIED.,.F.,.F.,(4,4),(2.,3.),.PIECEWISE_BEZIER_KNOTS.);
#5141 = CARTESIAN_POINT('',(3.7005,-2.703161533165,5.100234889235));
#5142 = CARTESIAN_POINT('',(3.7005,-2.703161533165,5.054537528813));
#5143 = CARTESIAN_POINT('',(3.7005,-2.690138565263,5.017730098576));
#5144 = CARTESIAN_POINT('',(3.7005,-2.664014647615,4.989968562211));
#5145 = ORIENTED_EDGE('',*,*,#5146,.T.);
#5146 = EDGE_CURVE('',#5138,#352,#5147,.T.);
#5147 = B_SPLINE_CURVE_WITH_KNOTS('',1,(#5148,#5149),.UNSPECIFIED.,.F.,
  .F.,(2,2),(-0.,9.999999999986E-04),.PIECEWISE_BEZIER_KNOTS.);
#5148 = CARTESIAN_POINT('',(3.7005,-2.664014647615,4.989968562211));
#5149 = CARTESIAN_POINT('',(3.6995,-2.664014647615,4.989968562211));
#5150 = ORIENTED_EDGE('',*,*,#360,.F.);
#5151 = B_SPLINE_SURFACE_WITH_KNOTS('',3,1,(
    (#5152,#5153)
    ,(#5154,#5155)
    ,(#5156,#5157)
    ,(#5158,#5159
    )),.UNSPECIFIED.,.F.,.F.,.F.,(4,4),(2,2),(2.,3.),(0.,1.),
  .PIECEWISE_BEZIER_KNOTS.);
#5152 = CARTESIAN_POINT('',(3.7005,-2.703161533165,5.100234889235));
#5153 = CARTESIAN_POINT('',(3.6995,-2.703161533165,5.100234889235));
#5154 = CARTESIAN_POINT('',(3.7005,-2.703161533165,5.054537528813));
#5155 = CARTESIAN_POINT('',(3.6995,-2.703161533165,5.054537528813));
#5156 = CARTESIAN_POINT('',(3.7005,-2.690138565263,5.017730098576));
#5157 = CARTESIAN_POINT('',(3.6995,-2.690138565263,5.017730098576));
#5158 = CARTESIAN_POINT('',(3.7005,-2.664014647615,4.989968562211));
#5159 = CARTESIAN_POINT('',(3.6995,-2.664014647615,4.989968562211));
#5160 = ADVANCED_FACE('',(#5161),#5173,.F.);
#5161 = FACE_BOUND('',#5162,.F.);
#5162 = EDGE_LOOP('',(#5163,#5164,#5171,#5172));
#5163 = ORIENTED_EDGE('',*,*,#5146,.F.);
#5164 = ORIENTED_EDGE('',*,*,#5165,.T.);
#5165 = EDGE_CURVE('',#5138,#4807,#5166,.T.);
#5166 = B_SPLINE_CURVE_WITH_KNOTS('',3,(#5167,#5168,#5169,#5170),
  .UNSPECIFIED.,.F.,.F.,(4,4),(1.,2.),.PIECEWISE_BEZIER_KNOTS.);
#5167 = CARTESIAN_POINT('',(3.7005,-2.664014647615,4.989968562211));
#5168 = CARTESIAN_POINT('',(3.7005,-2.637890729968,4.962207025846));
#5169 = CARTESIAN_POINT('',(3.7005,-2.60295486398,4.948326257662));
#5170 = CARTESIAN_POINT('',(3.7005,-2.559207049651,4.948326257662));
#5171 = ORIENTED_EDGE('',*,*,#4806,.T.);
#5172 = ORIENTED_EDGE('',*,*,#351,.F.);
#5173 = B_SPLINE_SURFACE_WITH_KNOTS('',3,1,(
    (#5174,#5175)
    ,(#5176,#5177)
    ,(#5178,#5179)
    ,(#5180,#5181
    )),.UNSPECIFIED.,.F.,.F.,.F.,(4,4),(2,2),(1.,2.),(0.,1.),
  .PIECEWISE_BEZIER_KNOTS.);
#5174 = CARTESIAN_POINT('',(3.7005,-2.664014647615,4.989968562211));
#5175 = CARTESIAN_POINT('',(3.6995,-2.664014647615,4.989968562211));
#5176 = CARTESIAN_POINT('',(3.7005,-2.637890729968,4.962207025846));
#5177 = CARTESIAN_POINT('',(3.6995,-2.637890729968,4.962207025846));
#5178 = CARTESIAN_POINT('',(3.7005,-2.60295486398,4.948326257662));
#5179 = CARTESIAN_POINT('',(3.6995,-2.60295486398,4.948326257662));
#5180 = CARTESIAN_POINT('',(3.7005,-2.559207049651,4.948326257662));
#5181 = CARTESIAN_POINT('',(3.6995,-2.559207049651,4.948326257662));
#5182 = ADVANCED_FACE('',(#5183),#5199,.T.);
#5183 = FACE_BOUND('',#5184,.T.);
#5184 = EDGE_LOOP('',(#5185,#5186,#5187,#5188,#5189,#5190,#5191,#5192,
    #5193,#5194,#5195,#5196,#5197,#5198));
#5185 = ORIENTED_EDGE('',*,*,#4813,.T.);
#5186 = ORIENTED_EDGE('',*,*,#4848,.T.);
#5187 = ORIENTED_EDGE('',*,*,#4863,.T.);
#5188 = ORIENTED_EDGE('',*,*,#4891,.T.);
#5189 = ORIENTED_EDGE('',*,*,#4919,.T.);
#5190 = ORIENTED_EDGE('',*,*,#4947,.T.);
#5191 = ORIENTED_EDGE('',*,*,#4975,.T.);
#5192 = ORIENTED_EDGE('',*,*,#5003,.T.);
#5193 = ORIENTED_EDGE('',*,*,#5038,.T.);
#5194 = ORIENTED_EDGE('',*,*,#5053,.T.);
#5195 = ORIENTED_EDGE('',*,*,#5081,.T.);
#5196 = ORIENTED_EDGE('',*,*,#5109,.T.);
#5197 = ORIENTED_EDGE('',*,*,#5137,.T.);
#5198 = ORIENTED_EDGE('',*,*,#5165,.T.);
#5199 = B_SPLINE_SURFACE_WITH_KNOTS('',1,1,(
    (#5200,#5201)
    ,(#5202,#5203
    )),.UNSPECIFIED.,.F.,.F.,.F.,(2,2),(2,2),(-0.310913610927,
    4.444965092128E-03),(-0.190451157835,3.795766243295E-02),
  .PIECEWISE_BEZIER_KNOTS.);
#5200 = CARTESIAN_POINT('',(3.7005,-2.703161533165,5.263684833681));
#5201 = CARTESIAN_POINT('',(3.7005,-2.474752712897,5.263684833681));
#5202 = CARTESIAN_POINT('',(3.7005,-2.703161533165,4.948326257662));
#5203 = CARTESIAN_POINT('',(3.7005,-2.474752712897,4.948326257662));
#5204 = ADVANCED_FACE('',(#5205),#5227,.F.);
#5205 = FACE_BOUND('',#5206,.T.);
#5206 = EDGE_LOOP('',(#5207,#5208,#5215,#5222));
#5207 = ORIENTED_EDGE('',*,*,#581,.T.);
#5208 = ORIENTED_EDGE('',*,*,#5209,.F.);
#5209 = EDGE_CURVE('',#5210,#584,#5212,.T.);
#5210 = VERTEX_POINT('',#5211);
#5211 = CARTESIAN_POINT('',(3.7005,-2.249619130068,4.988252961649));
#5212 = B_SPLINE_CURVE_WITH_KNOTS('',1,(#5213,#5214),.UNSPECIFIED.,.F.,
  .F.,(2,2),(-0.,9.999999999999E-04),.PIECEWISE_BEZIER_KNOTS.);
#5213 = CARTESIAN_POINT('',(3.7005,-2.249619130068,4.988252961649));
#5214 = CARTESIAN_POINT('',(3.6995,-2.249619130068,4.988252961649));
#5215 = ORIENTED_EDGE('',*,*,#5216,.F.);
#5216 = EDGE_CURVE('',#5217,#5210,#5219,.T.);
#5217 = VERTEX_POINT('',#5218);
#5218 = CARTESIAN_POINT('',(3.7005,-2.249619130068,4.953473059348));
#5219 = B_SPLINE_CURVE_WITH_KNOTS('',1,(#5220,#5221),.UNSPECIFIED.,.F.,
  .F.,(2,2),(-3.477990230068E-02,0.),.PIECEWISE_BEZIER_KNOTS.);
#5220 = CARTESIAN_POINT('',(3.7005,-2.249619130068,4.953473059348));
#5221 = CARTESIAN_POINT('',(3.7005,-2.249619130068,4.988252961649));
#5222 = ORIENTED_EDGE('',*,*,#5223,.T.);
#5223 = EDGE_CURVE('',#5217,#582,#5224,.T.);
#5224 = B_SPLINE_CURVE_WITH_KNOTS('',1,(#5225,#5226),.UNSPECIFIED.,.F.,
  .F.,(2,2),(-0.,9.999999999999E-04),.PIECEWISE_BEZIER_KNOTS.);
#5225 = CARTESIAN_POINT('',(3.7005,-2.249619130068,4.953473059348));
#5226 = CARTESIAN_POINT('',(3.6995,-2.249619130068,4.953473059348));
#5227 = B_SPLINE_SURFACE_WITH_KNOTS('',1,1,(
    (#5228,#5229)
    ,(#5230,#5231
    )),.UNSPECIFIED.,.F.,.F.,.F.,(2,2),(2,2),(-9.999999999999E-04,0.),(
    -3.477990230068E-02,0.),.PIECEWISE_BEZIER_KNOTS.);
#5228 = CARTESIAN_POINT('',(3.6995,-2.249619130068,4.953473059348));
#5229 = CARTESIAN_POINT('',(3.6995,-2.249619130068,4.988252961649));
#5230 = CARTESIAN_POINT('',(3.7005,-2.249619130068,4.953473059348));
#5231 = CARTESIAN_POINT('',(3.7005,-2.249619130068,4.988252961649));
#5232 = ADVANCED_FACE('',(#5233),#5249,.F.);
#5233 = FACE_BOUND('',#5234,.T.);
#5234 = EDGE_LOOP('',(#5235,#5236,#5243,#5248));
#5235 = ORIENTED_EDGE('',*,*,#660,.T.);
#5236 = ORIENTED_EDGE('',*,*,#5237,.F.);
#5237 = EDGE_CURVE('',#5238,#654,#5240,.T.);
#5238 = VERTEX_POINT('',#5239);
#5239 = CARTESIAN_POINT('',(3.7005,-2.374312098181,4.988252961649));
#5240 = B_SPLINE_CURVE_WITH_KNOTS('',1,(#5241,#5242),.UNSPECIFIED.,.F.,
  .F.,(2,2),(-0.,9.999999999999E-04),.PIECEWISE_BEZIER_KNOTS.);
#5241 = CARTESIAN_POINT('',(3.7005,-2.374312098181,4.988252961649));
#5242 = CARTESIAN_POINT('',(3.6995,-2.374312098181,4.988252961649));
#5243 = ORIENTED_EDGE('',*,*,#5244,.F.);
#5244 = EDGE_CURVE('',#5210,#5238,#5245,.T.);
#5245 = B_SPLINE_CURVE_WITH_KNOTS('',1,(#5246,#5247),.UNSPECIFIED.,.F.,
  .F.,(2,2),(-0.124692968114,-0.),.PIECEWISE_BEZIER_KNOTS.);
#5246 = CARTESIAN_POINT('',(3.7005,-2.249619130068,4.988252961649));
#5247 = CARTESIAN_POINT('',(3.7005,-2.374312098181,4.988252961649));
#5248 = ORIENTED_EDGE('',*,*,#5209,.T.);
#5249 = B_SPLINE_SURFACE_WITH_KNOTS('',1,1,(
    (#5250,#5251)
    ,(#5252,#5253
    )),.UNSPECIFIED.,.F.,.F.,.F.,(2,2),(2,2),(-3.154042683594E-19,
    0.124692968114),(-9.999999999999E-04,0.),.PIECEWISE_BEZIER_KNOTS.);
#5250 = CARTESIAN_POINT('',(3.6995,-2.374312098181,4.988252961649));
#5251 = CARTESIAN_POINT('',(3.7005,-2.374312098181,4.988252961649));
#5252 = CARTESIAN_POINT('',(3.6995,-2.249619130068,4.988252961649));
#5253 = CARTESIAN_POINT('',(3.7005,-2.249619130068,4.988252961649));
#5254 = ADVANCED_FACE('',(#5255),#5271,.F.);
#5255 = FACE_BOUND('',#5256,.T.);
#5256 = EDGE_LOOP('',(#5257,#5258,#5265,#5270));
#5257 = ORIENTED_EDGE('',*,*,#653,.T.);
#5258 = ORIENTED_EDGE('',*,*,#5259,.F.);
#5259 = EDGE_CURVE('',#5260,#647,#5262,.T.);
#5260 = VERTEX_POINT('',#5261);
#5261 = CARTESIAN_POINT('',(3.7005,-2.374312098181,5.090877067989));
#5262 = B_SPLINE_CURVE_WITH_KNOTS('',1,(#5263,#5264),.UNSPECIFIED.,.F.,
  .F.,(2,2),(-0.,9.999999999999E-04),.PIECEWISE_BEZIER_KNOTS.);
#5263 = CARTESIAN_POINT('',(3.7005,-2.374312098181,5.090877067989));
#5264 = CARTESIAN_POINT('',(3.6995,-2.374312098181,5.090877067989));
#5265 = ORIENTED_EDGE('',*,*,#5266,.F.);
#5266 = EDGE_CURVE('',#5238,#5260,#5267,.T.);
#5267 = B_SPLINE_CURVE_WITH_KNOTS('',1,(#5268,#5269),.UNSPECIFIED.,.F.,
  .F.,(2,2),(-0.10262410634,0.),.PIECEWISE_BEZIER_KNOTS.);
#5268 = CARTESIAN_POINT('',(3.7005,-2.374312098181,4.988252961649));
#5269 = CARTESIAN_POINT('',(3.7005,-2.374312098181,5.090877067989));
#5270 = ORIENTED_EDGE('',*,*,#5237,.T.);
#5271 = B_SPLINE_SURFACE_WITH_KNOTS('',1,1,(
    (#5272,#5273)
    ,(#5274,#5275
    )),.UNSPECIFIED.,.F.,.F.,.F.,(2,2),(2,2),(-6.661338147751E-16,
    0.10262410634),(-9.999999999999E-04,3.282835132478E-33),
  .PIECEWISE_BEZIER_KNOTS.);
#5272 = CARTESIAN_POINT('',(3.6995,-2.374312098181,5.090877067989));
#5273 = CARTESIAN_POINT('',(3.7005,-2.374312098181,5.090877067989));
#5274 = CARTESIAN_POINT('',(3.6995,-2.374312098181,4.988252961649));
#5275 = CARTESIAN_POINT('',(3.7005,-2.374312098181,4.988252961649));
#5276 = ADVANCED_FACE('',(#5277),#5293,.F.);
#5277 = FACE_BOUND('',#5278,.T.);
#5278 = EDGE_LOOP('',(#5279,#5280,#5287,#5292));
#5279 = ORIENTED_EDGE('',*,*,#646,.T.);
#5280 = ORIENTED_EDGE('',*,*,#5281,.F.);
#5281 = EDGE_CURVE('',#5282,#640,#5284,.T.);
#5282 = VERTEX_POINT('',#5283);
#5283 = CARTESIAN_POINT('',(3.7005,-2.265215498812,5.090877067989));
#5284 = B_SPLINE_CURVE_WITH_KNOTS('',1,(#5285,#5286),.UNSPECIFIED.,.F.,
  .F.,(2,2),(-0.,9.999999999999E-04),.PIECEWISE_BEZIER_KNOTS.);
#5285 = CARTESIAN_POINT('',(3.7005,-2.265215498812,5.090877067989));
#5286 = CARTESIAN_POINT('',(3.6995,-2.265215498812,5.090877067989));
#5287 = ORIENTED_EDGE('',*,*,#5288,.F.);
#5288 = EDGE_CURVE('',#5260,#5282,#5289,.T.);
#5289 = B_SPLINE_CURVE_WITH_KNOTS('',1,(#5290,#5291),.UNSPECIFIED.,.F.,
  .F.,(2,2),(-0.109096599369,0.),.PIECEWISE_BEZIER_KNOTS.);
#5290 = CARTESIAN_POINT('',(3.7005,-2.374312098181,5.090877067989));
#5291 = CARTESIAN_POINT('',(3.7005,-2.265215498812,5.090877067989));
#5292 = ORIENTED_EDGE('',*,*,#5259,.T.);
#5293 = B_SPLINE_SURFACE_WITH_KNOTS('',1,1,(
    (#5294,#5295)
    ,(#5296,#5297
    )),.UNSPECIFIED.,.F.,.F.,.F.,(2,2),(2,2),(0.,0.109096599369),(
    -9.999999999999E-04,1.304992824023E-47),.PIECEWISE_BEZIER_KNOTS.);
#5294 = CARTESIAN_POINT('',(3.6995,-2.265215498812,5.090877067989));
#5295 = CARTESIAN_POINT('',(3.7005,-2.265215498812,5.090877067989));
#5296 = CARTESIAN_POINT('',(3.6995,-2.374312098181,5.090877067989));
#5297 = CARTESIAN_POINT('',(3.7005,-2.374312098181,5.090877067989));
#5298 = ADVANCED_FACE('',(#5299),#5315,.F.);
#5299 = FACE_BOUND('',#5300,.T.);
#5300 = EDGE_LOOP('',(#5301,#5302,#5309,#5314));
#5301 = ORIENTED_EDGE('',*,*,#639,.T.);
#5302 = ORIENTED_EDGE('',*,*,#5303,.F.);
#5303 = EDGE_CURVE('',#5304,#633,#5306,.T.);
#5304 = VERTEX_POINT('',#5305);
#5305 = CARTESIAN_POINT('',(3.7005,-2.265215498812,5.125812933977));
#5306 = B_SPLINE_CURVE_WITH_KNOTS('',1,(#5307,#5308),.UNSPECIFIED.,.F.,
  .F.,(2,2),(-0.,9.999999999999E-04),.PIECEWISE_BEZIER_KNOTS.);
#5307 = CARTESIAN_POINT('',(3.7005,-2.265215498812,5.125812933977));
#5308 = CARTESIAN_POINT('',(3.6995,-2.265215498812,5.125812933977));
#5309 = ORIENTED_EDGE('',*,*,#5310,.F.);
#5310 = EDGE_CURVE('',#5282,#5304,#5311,.T.);
#5311 = B_SPLINE_CURVE_WITH_KNOTS('',1,(#5312,#5313),.UNSPECIFIED.,.F.,
  .F.,(2,2),(-3.493586598795E-02,0.),.PIECEWISE_BEZIER_KNOTS.);
#5312 = CARTESIAN_POINT('',(3.7005,-2.265215498812,5.090877067989));
#5313 = CARTESIAN_POINT('',(3.7005,-2.265215498812,5.125812933977));
#5314 = ORIENTED_EDGE('',*,*,#5281,.T.);
#5315 = B_SPLINE_SURFACE_WITH_KNOTS('',1,1,(
    (#5316,#5317)
    ,(#5318,#5319
    )),.UNSPECIFIED.,.F.,.F.,.F.,(2,2),(2,2),(-9.999999999999E-04,0.),(
    -3.493586598795E-02,0.),.PIECEWISE_BEZIER_KNOTS.);
#5316 = CARTESIAN_POINT('',(3.6995,-2.265215498812,5.090877067989));
#5317 = CARTESIAN_POINT('',(3.6995,-2.265215498812,5.125812933977));
#5318 = CARTESIAN_POINT('',(3.7005,-2.265215498812,5.090877067989));
#5319 = CARTESIAN_POINT('',(3.7005,-2.265215498812,5.125812933977));
#5320 = ADVANCED_FACE('',(#5321),#5337,.F.);
#5321 = FACE_BOUND('',#5322,.T.);
#5322 = EDGE_LOOP('',(#5323,#5324,#5331,#5336));
#5323 = ORIENTED_EDGE('',*,*,#632,.T.);
#5324 = ORIENTED_EDGE('',*,*,#5325,.F.);
#5325 = EDGE_CURVE('',#5326,#626,#5328,.T.);
#5326 = VERTEX_POINT('',#5327);
#5327 = CARTESIAN_POINT('',(3.7005,-2.374312098181,5.125812933977));
#5328 = B_SPLINE_CURVE_WITH_KNOTS('',1,(#5329,#5330),.UNSPECIFIED.,.F.,
  .F.,(2,2),(-0.,9.999999999999E-04),.PIECEWISE_BEZIER_KNOTS.);
#5329 = CARTESIAN_POINT('',(3.7005,-2.374312098181,5.125812933977));
#5330 = CARTESIAN_POINT('',(3.6995,-2.374312098181,5.125812933977));
#5331 = ORIENTED_EDGE('',*,*,#5332,.F.);
#5332 = EDGE_CURVE('',#5304,#5326,#5333,.T.);
#5333 = B_SPLINE_CURVE_WITH_KNOTS('',1,(#5334,#5335),.UNSPECIFIED.,.F.,
  .F.,(2,2),(-0.109096599369,-0.),.PIECEWISE_BEZIER_KNOTS.);
#5334 = CARTESIAN_POINT('',(3.7005,-2.265215498812,5.125812933977));
#5335 = CARTESIAN_POINT('',(3.7005,-2.374312098181,5.125812933977));
#5336 = ORIENTED_EDGE('',*,*,#5303,.T.);
#5337 = B_SPLINE_SURFACE_WITH_KNOTS('',1,1,(
    (#5338,#5339)
    ,(#5340,#5341
    )),.UNSPECIFIED.,.F.,.F.,.F.,(2,2),(2,2),(-8.881784197001E-16,
    0.109096599369),(-9.999999999999E-04,0.),.PIECEWISE_BEZIER_KNOTS.);
#5338 = CARTESIAN_POINT('',(3.6995,-2.374312098181,5.125812933977));
#5339 = CARTESIAN_POINT('',(3.7005,-2.374312098181,5.125812933977));
#5340 = CARTESIAN_POINT('',(3.6995,-2.265215498812,5.125812933977));
#5341 = CARTESIAN_POINT('',(3.7005,-2.265215498812,5.125812933977));
#5342 = ADVANCED_FACE('',(#5343),#5359,.F.);
#5343 = FACE_BOUND('',#5344,.T.);
#5344 = EDGE_LOOP('',(#5345,#5346,#5353,#5358));
#5345 = ORIENTED_EDGE('',*,*,#625,.T.);
#5346 = ORIENTED_EDGE('',*,*,#5347,.F.);
#5347 = EDGE_CURVE('',#5348,#619,#5350,.T.);
#5348 = VERTEX_POINT('',#5349);
#5349 = CARTESIAN_POINT('',(3.7005,-2.374312098181,5.22344620232));
#5350 = B_SPLINE_CURVE_WITH_KNOTS('',1,(#5351,#5352),.UNSPECIFIED.,.F.,
  .F.,(2,2),(-0.,9.999999999999E-04),.PIECEWISE_BEZIER_KNOTS.);
#5351 = CARTESIAN_POINT('',(3.7005,-2.374312098181,5.22344620232));
#5352 = CARTESIAN_POINT('',(3.6995,-2.374312098181,5.22344620232));
#5353 = ORIENTED_EDGE('',*,*,#5354,.F.);
#5354 = EDGE_CURVE('',#5326,#5348,#5355,.T.);
#5355 = B_SPLINE_CURVE_WITH_KNOTS('',1,(#5356,#5357),.UNSPECIFIED.,.F.,
  .F.,(2,2),(-9.763326834319E-02,0.),.PIECEWISE_BEZIER_KNOTS.);
#5356 = CARTESIAN_POINT('',(3.7005,-2.374312098181,5.125812933977));
#5357 = CARTESIAN_POINT('',(3.7005,-2.374312098181,5.22344620232));
#5358 = ORIENTED_EDGE('',*,*,#5325,.T.);
#5359 = B_SPLINE_SURFACE_WITH_KNOTS('',1,1,(
    (#5360,#5361)
    ,(#5362,#5363
    )),.UNSPECIFIED.,.F.,.F.,.F.,(2,2),(2,2),(-4.440892098501E-16,
    9.763326834319E-02),(-9.999999999999E-04,3.282835132478E-33),
  .PIECEWISE_BEZIER_KNOTS.);
#5360 = CARTESIAN_POINT('',(3.6995,-2.374312098181,5.22344620232));
#5361 = CARTESIAN_POINT('',(3.7005,-2.374312098181,5.22344620232));
#5362 = CARTESIAN_POINT('',(3.6995,-2.374312098181,5.125812933977));
#5363 = CARTESIAN_POINT('',(3.7005,-2.374312098181,5.125812933977));
#5364 = ADVANCED_FACE('',(#5365),#5381,.F.);
#5365 = FACE_BOUND('',#5366,.T.);
#5366 = EDGE_LOOP('',(#5367,#5368,#5375,#5380));
#5367 = ORIENTED_EDGE('',*,*,#618,.T.);
#5368 = ORIENTED_EDGE('',*,*,#5369,.F.);
#5369 = EDGE_CURVE('',#5370,#612,#5372,.T.);
#5370 = VERTEX_POINT('',#5371);
#5371 = CARTESIAN_POINT('',(3.7005,-2.256559514158,5.22344620232));
#5372 = B_SPLINE_CURVE_WITH_KNOTS('',1,(#5373,#5374),.UNSPECIFIED.,.F.,
  .F.,(2,2),(-0.,9.999999999999E-04),.PIECEWISE_BEZIER_KNOTS.);
#5373 = CARTESIAN_POINT('',(3.7005,-2.256559514158,5.22344620232));
#5374 = CARTESIAN_POINT('',(3.6995,-2.256559514158,5.22344620232));
#5375 = ORIENTED_EDGE('',*,*,#5376,.F.);
#5376 = EDGE_CURVE('',#5348,#5370,#5377,.T.);
#5377 = B_SPLINE_CURVE_WITH_KNOTS('',1,(#5378,#5379),.UNSPECIFIED.,.F.,
  .F.,(2,2),(-0.117752584023,0.),.PIECEWISE_BEZIER_KNOTS.);
#5378 = CARTESIAN_POINT('',(3.7005,-2.374312098181,5.22344620232));
#5379 = CARTESIAN_POINT('',(3.7005,-2.256559514158,5.22344620232));
#5380 = ORIENTED_EDGE('',*,*,#5347,.T.);
#5381 = B_SPLINE_SURFACE_WITH_KNOTS('',1,1,(
    (#5382,#5383)
    ,(#5384,#5385
    )),.UNSPECIFIED.,.F.,.F.,.F.,(2,2),(2,2),(0.,0.117752584023),(
    -9.999999999999E-04,1.209062887946E-47),.PIECEWISE_BEZIER_KNOTS.);
#5382 = CARTESIAN_POINT('',(3.6995,-2.256559514158,5.22344620232));
#5383 = CARTESIAN_POINT('',(3.7005,-2.256559514158,5.22344620232));
#5384 = CARTESIAN_POINT('',(3.6995,-2.374312098181,5.22344620232));
#5385 = CARTESIAN_POINT('',(3.7005,-2.374312098181,5.22344620232));
#5386 = ADVANCED_FACE('',(#5387),#5403,.F.);
#5387 = FACE_BOUND('',#5388,.T.);
#5388 = EDGE_LOOP('',(#5389,#5390,#5397,#5402));
#5389 = ORIENTED_EDGE('',*,*,#611,.T.);
#5390 = ORIENTED_EDGE('',*,*,#5391,.F.);
#5391 = EDGE_CURVE('',#5392,#605,#5394,.T.);
#5392 = VERTEX_POINT('',#5393);
#5393 = CARTESIAN_POINT('',(3.7005,-2.256559514158,5.258538031995));
#5394 = B_SPLINE_CURVE_WITH_KNOTS('',1,(#5395,#5396),.UNSPECIFIED.,.F.,
  .F.,(2,2),(-0.,9.999999999999E-04),.PIECEWISE_BEZIER_KNOTS.);
#5395 = CARTESIAN_POINT('',(3.7005,-2.256559514158,5.258538031995));
#5396 = CARTESIAN_POINT('',(3.6995,-2.256559514158,5.258538031995));
#5397 = ORIENTED_EDGE('',*,*,#5398,.F.);
#5398 = EDGE_CURVE('',#5370,#5392,#5399,.T.);
#5399 = B_SPLINE_CURVE_WITH_KNOTS('',1,(#5400,#5401),.UNSPECIFIED.,.F.,
  .F.,(2,2),(-3.509182967522E-02,0.),.PIECEWISE_BEZIER_KNOTS.);
#5400 = CARTESIAN_POINT('',(3.7005,-2.256559514158,5.22344620232));
#5401 = CARTESIAN_POINT('',(3.7005,-2.256559514158,5.258538031995));
#5402 = ORIENTED_EDGE('',*,*,#5369,.T.);
#5403 = B_SPLINE_SURFACE_WITH_KNOTS('',1,1,(
    (#5404,#5405)
    ,(#5406,#5407
    )),.UNSPECIFIED.,.F.,.F.,.F.,(2,2),(2,2),(-9.999999999999E-04,0.),(
    -3.509182967522E-02,0.),.PIECEWISE_BEZIER_KNOTS.);
#5404 = CARTESIAN_POINT('',(3.6995,-2.256559514158,5.22344620232));
#5405 = CARTESIAN_POINT('',(3.6995,-2.256559514158,5.258538031995));
#5406 = CARTESIAN_POINT('',(3.7005,-2.256559514158,5.22344620232));
#5407 = CARTESIAN_POINT('',(3.7005,-2.256559514158,5.258538031995));
#5408 = ADVANCED_FACE('',(#5409),#5425,.F.);
#5409 = FACE_BOUND('',#5410,.T.);
#5410 = EDGE_LOOP('',(#5411,#5412,#5419,#5424));
#5411 = ORIENTED_EDGE('',*,*,#604,.T.);
#5412 = ORIENTED_EDGE('',*,*,#5413,.F.);
#5413 = EDGE_CURVE('',#5414,#598,#5416,.T.);
#5414 = VERTEX_POINT('',#5415);
#5415 = CARTESIAN_POINT('',(3.7005,-2.413692929261,5.258538031995));
#5416 = B_SPLINE_CURVE_WITH_KNOTS('',1,(#5417,#5418),.UNSPECIFIED.,.F.,
  .F.,(2,2),(-0.,9.999999999999E-04),.PIECEWISE_BEZIER_KNOTS.);
#5417 = CARTESIAN_POINT('',(3.7005,-2.413692929261,5.258538031995));
#5418 = CARTESIAN_POINT('',(3.6995,-2.413692929261,5.258538031995));
#5419 = ORIENTED_EDGE('',*,*,#5420,.F.);
#5420 = EDGE_CURVE('',#5392,#5414,#5421,.T.);
#5421 = B_SPLINE_CURVE_WITH_KNOTS('',1,(#5422,#5423),.UNSPECIFIED.,.F.,
  .F.,(2,2),(-0.157133415103,-0.),.PIECEWISE_BEZIER_KNOTS.);
#5422 = CARTESIAN_POINT('',(3.7005,-2.256559514158,5.258538031995));
#5423 = CARTESIAN_POINT('',(3.7005,-2.413692929261,5.258538031995));
#5424 = ORIENTED_EDGE('',*,*,#5391,.T.);
#5425 = B_SPLINE_SURFACE_WITH_KNOTS('',1,1,(
    (#5426,#5427)
    ,(#5428,#5429
    )),.UNSPECIFIED.,.F.,.F.,.F.,(2,2),(2,2),(-3.154042683594E-19,
    0.157133415103),(-9.999999999999E-04,0.),.PIECEWISE_BEZIER_KNOTS.);
#5426 = CARTESIAN_POINT('',(3.6995,-2.413692929261,5.258538031995));
#5427 = CARTESIAN_POINT('',(3.7005,-2.413692929261,5.258538031995));
#5428 = CARTESIAN_POINT('',(3.6995,-2.256559514158,5.258538031995));
#5429 = CARTESIAN_POINT('',(3.7005,-2.256559514158,5.258538031995));
#5430 = ADVANCED_FACE('',(#5431),#5447,.F.);
#5431 = FACE_BOUND('',#5432,.T.);
#5432 = EDGE_LOOP('',(#5433,#5434,#5441,#5446));
#5433 = ORIENTED_EDGE('',*,*,#597,.T.);
#5434 = ORIENTED_EDGE('',*,*,#5435,.F.);
#5435 = EDGE_CURVE('',#5436,#591,#5438,.T.);
#5436 = VERTEX_POINT('',#5437);
#5437 = CARTESIAN_POINT('',(3.7005,-2.413692929261,4.953473059348));
#5438 = B_SPLINE_CURVE_WITH_KNOTS('',1,(#5439,#5440),.UNSPECIFIED.,.F.,
  .F.,(2,2),(-0.,9.999999999999E-04),.PIECEWISE_BEZIER_KNOTS.);
#5439 = CARTESIAN_POINT('',(3.7005,-2.413692929261,4.953473059348));
#5440 = CARTESIAN_POINT('',(3.6995,-2.413692929261,4.953473059348));
#5441 = ORIENTED_EDGE('',*,*,#5442,.F.);
#5442 = EDGE_CURVE('',#5414,#5436,#5443,.T.);
#5443 = B_SPLINE_CURVE_WITH_KNOTS('',1,(#5444,#5445),.UNSPECIFIED.,.F.,
  .F.,(2,2),(-0.305064972647,0.),.PIECEWISE_BEZIER_KNOTS.);
#5444 = CARTESIAN_POINT('',(3.7005,-2.413692929261,5.258538031995));
#5445 = CARTESIAN_POINT('',(3.7005,-2.413692929261,4.953473059348));
#5446 = ORIENTED_EDGE('',*,*,#5413,.T.);
#5447 = B_SPLINE_SURFACE_WITH_KNOTS('',1,1,(
    (#5448,#5449)
    ,(#5450,#5451
    )),.UNSPECIFIED.,.F.,.F.,.F.,(2,2),(2,2),(0.,0.305064972647),(
    -9.999999999999E-04,0.),.PIECEWISE_BEZIER_KNOTS.);
#5448 = CARTESIAN_POINT('',(3.6995,-2.413692929261,4.953473059348));
#5449 = CARTESIAN_POINT('',(3.7005,-2.413692929261,4.953473059348));
#5450 = CARTESIAN_POINT('',(3.6995,-2.413692929261,5.258538031995));
#5451 = CARTESIAN_POINT('',(3.7005,-2.413692929261,5.258538031995));
#5452 = ADVANCED_FACE('',(#5453),#5463,.F.);
#5453 = FACE_BOUND('',#5454,.T.);
#5454 = EDGE_LOOP('',(#5455,#5456,#5457,#5462));
#5455 = ORIENTED_EDGE('',*,*,#590,.T.);
#5456 = ORIENTED_EDGE('',*,*,#5223,.F.);
#5457 = ORIENTED_EDGE('',*,*,#5458,.F.);
#5458 = EDGE_CURVE('',#5436,#5217,#5459,.T.);
#5459 = B_SPLINE_CURVE_WITH_KNOTS('',1,(#5460,#5461),.UNSPECIFIED.,.F.,
  .F.,(2,2),(-0.164073799194,0.),.PIECEWISE_BEZIER_KNOTS.);
#5460 = CARTESIAN_POINT('',(3.7005,-2.413692929261,4.953473059348));
#5461 = CARTESIAN_POINT('',(3.7005,-2.249619130068,4.953473059348));
#5462 = ORIENTED_EDGE('',*,*,#5435,.T.);
#5463 = B_SPLINE_SURFACE_WITH_KNOTS('',1,1,(
    (#5464,#5465)
    ,(#5466,#5467
    )),.UNSPECIFIED.,.F.,.F.,.F.,(2,2),(2,2),(-0.,0.164073799194),(
    -9.999999999999E-04,1.952372225198E-47),.PIECEWISE_BEZIER_KNOTS.);
#5464 = CARTESIAN_POINT('',(3.6995,-2.249619130068,4.953473059348));
#5465 = CARTESIAN_POINT('',(3.7005,-2.249619130068,4.953473059348));
#5466 = CARTESIAN_POINT('',(3.6995,-2.413692929261,4.953473059348));
#5467 = CARTESIAN_POINT('',(3.7005,-2.413692929261,4.953473059348));
#5468 = ADVANCED_FACE('',(#5469),#5483,.F.);
#5469 = FACE_BOUND('',#5470,.T.);
#5470 = EDGE_LOOP('',(#5471,#5472,#5473,#5474,#5475,#5476,#5477,#5478,
    #5479,#5480,#5481,#5482));
#5471 = ORIENTED_EDGE('',*,*,#5216,.T.);
#5472 = ORIENTED_EDGE('',*,*,#5244,.T.);
#5473 = ORIENTED_EDGE('',*,*,#5266,.T.);
#5474 = ORIENTED_EDGE('',*,*,#5288,.T.);
#5475 = ORIENTED_EDGE('',*,*,#5310,.T.);
#5476 = ORIENTED_EDGE('',*,*,#5332,.T.);
#5477 = ORIENTED_EDGE('',*,*,#5354,.T.);
#5478 = ORIENTED_EDGE('',*,*,#5376,.T.);
#5479 = ORIENTED_EDGE('',*,*,#5398,.T.);
#5480 = ORIENTED_EDGE('',*,*,#5420,.T.);
#5481 = ORIENTED_EDGE('',*,*,#5442,.T.);
#5482 = ORIENTED_EDGE('',*,*,#5458,.T.);
#5483 = B_SPLINE_SURFACE_WITH_KNOTS('',1,1,(
    (#5484,#5485)
    ,(#5486,#5487
    )),.UNSPECIFIED.,.F.,.F.,.F.,(2,2),(2,2),(1.553469506048,
    1.858534478695),(-2.413692929261,-2.249619130068),
  .PIECEWISE_BEZIER_KNOTS.);
#5484 = CARTESIAN_POINT('',(3.7005,-2.413692929261,4.953473059348));
#5485 = CARTESIAN_POINT('',(3.7005,-2.249619130068,4.953473059348));
#5486 = CARTESIAN_POINT('',(3.7005,-2.413692929261,5.258538031995));
#5487 = CARTESIAN_POINT('',(3.7005,-2.249619130068,5.258538031995));
#5488 = ADVANCED_FACE('',(#5489,#5548),#5607,.T.);
#5489 = FACE_BOUND('',#5490,.T.);
#5490 = EDGE_LOOP('',(#5491,#5500,#5509,#5518,#5527,#5536,#5543));
#5491 = ORIENTED_EDGE('',*,*,#5492,.T.);
#5492 = EDGE_CURVE('',#5493,#5495,#5497,.T.);
#5493 = VERTEX_POINT('',#5494);
#5494 = CARTESIAN_POINT('',(3.7005,-2.191990547555,4.953473059348));
#5495 = VERTEX_POINT('',#5496);
#5496 = CARTESIAN_POINT('',(3.7005,-2.108082083708,4.953473059348));
#5497 = B_SPLINE_CURVE_WITH_KNOTS('',1,(#5498,#5499),.UNSPECIFIED.,.F.,
  .F.,(2,2),(-8.390846384681E-02,4.440892098501E-16),
  .PIECEWISE_BEZIER_KNOTS.);
#5498 = CARTESIAN_POINT('',(3.7005,-2.191990547555,4.953473059348));
#5499 = CARTESIAN_POINT('',(3.7005,-2.108082083708,4.953473059348));
#5500 = ORIENTED_EDGE('',*,*,#5501,.T.);
#5501 = EDGE_CURVE('',#5495,#5502,#5504,.T.);
#5502 = VERTEX_POINT('',#5503);
#5503 = CARTESIAN_POINT('',(3.7005,-1.989627663091,4.996207109708));
#5504 = B_SPLINE_CURVE_WITH_KNOTS('',3,(#5505,#5506,#5507,#5508),
  .UNSPECIFIED.,.F.,.F.,(4,4),(5.,6.),.PIECEWISE_BEZIER_KNOTS.);
#5505 = CARTESIAN_POINT('',(3.7005,-2.108082083708,4.953473059348));
#5506 = CARTESIAN_POINT('',(3.7005,-2.059811322444,4.953473059348));
#5507 = CARTESIAN_POINT('',(3.7005,-2.020274527675,4.967665754906));
#5508 = CARTESIAN_POINT('',(3.7005,-1.989627663091,4.996207109708));
#5509 = ORIENTED_EDGE('',*,*,#5510,.T.);
#5510 = EDGE_CURVE('',#5502,#5511,#5513,.T.);
#5511 = VERTEX_POINT('',#5512);
#5512 = CARTESIAN_POINT('',(3.7005,-1.943618375295,5.109904637859));
#5513 = B_SPLINE_CURVE_WITH_KNOTS('',3,(#5514,#5515,#5516,#5517),
  .UNSPECIFIED.,.F.,.F.,(4,4),(4.,5.),.PIECEWISE_BEZIER_KNOTS.);
#5514 = CARTESIAN_POINT('',(3.7005,-1.989627663091,4.996207109708));
#5515 = CARTESIAN_POINT('',(3.7005,-1.958980798508,5.024748464512));
#5516 = CARTESIAN_POINT('',(3.7005,-1.943618375295,5.062647640562));
#5517 = CARTESIAN_POINT('',(3.7005,-1.943618375295,5.109904637859));
#5518 = ORIENTED_EDGE('',*,*,#5519,.T.);
#5519 = EDGE_CURVE('',#5511,#5520,#5522,.T.);
#5520 = VERTEX_POINT('',#5521);
#5521 = CARTESIAN_POINT('',(3.7005,-1.989627663091,5.218143436946));
#5522 = B_SPLINE_CURVE_WITH_KNOTS('',3,(#5523,#5524,#5525,#5526),
  .UNSPECIFIED.,.F.,.F.,(4,4),(3.,4.),.PIECEWISE_BEZIER_KNOTS.);
#5523 = CARTESIAN_POINT('',(3.7005,-1.943618375295,5.109904637859));
#5524 = CARTESIAN_POINT('',(3.7005,-1.943618375295,5.155134107217));
#5525 = CARTESIAN_POINT('',(3.7005,-1.958980798508,5.191161719018));
#5526 = CARTESIAN_POINT('',(3.7005,-1.989627663091,5.218143436946));
#5527 = ORIENTED_EDGE('',*,*,#5528,.T.);
#5528 = EDGE_CURVE('',#5520,#5529,#5531,.T.);
#5529 = VERTEX_POINT('',#5530);
#5530 = CARTESIAN_POINT('',(3.7005,-2.104962809958,5.258538031995));
#5531 = B_SPLINE_CURVE_WITH_KNOTS('',3,(#5532,#5533,#5534,#5535),
  .UNSPECIFIED.,.F.,.F.,(4,4),(2.,3.),.PIECEWISE_BEZIER_KNOTS.);
#5532 = CARTESIAN_POINT('',(3.7005,-1.989627663091,5.218143436946));
#5533 = CARTESIAN_POINT('',(3.7005,-2.020274527675,5.245125154875));
#5534 = CARTESIAN_POINT('',(3.7005,-2.058719576631,5.258538031995));
#5535 = CARTESIAN_POINT('',(3.7005,-2.104962809958,5.258538031995));
#5536 = ORIENTED_EDGE('',*,*,#5537,.T.);
#5537 = EDGE_CURVE('',#5529,#5538,#5540,.T.);
#5538 = VERTEX_POINT('',#5539);
#5539 = CARTESIAN_POINT('',(3.7005,-2.191990547555,5.258538031995));
#5540 = B_SPLINE_CURVE_WITH_KNOTS('',1,(#5541,#5542),.UNSPECIFIED.,.F.,
  .F.,(2,2),(-8.702773759636E-02,-0.),.PIECEWISE_BEZIER_KNOTS.);
#5541 = CARTESIAN_POINT('',(3.7005,-2.104962809958,5.258538031995));
#5542 = CARTESIAN_POINT('',(3.7005,-2.191990547555,5.258538031995));
#5543 = ORIENTED_EDGE('',*,*,#5544,.T.);
#5544 = EDGE_CURVE('',#5538,#5493,#5545,.T.);
#5545 = B_SPLINE_CURVE_WITH_KNOTS('',1,(#5546,#5547),.UNSPECIFIED.,.F.,
  .F.,(2,2),(-0.305064972647,0.),.PIECEWISE_BEZIER_KNOTS.);
#5546 = CARTESIAN_POINT('',(3.7005,-2.191990547555,5.258538031995));
#5547 = CARTESIAN_POINT('',(3.7005,-2.191990547555,4.953473059348));
#5548 = FACE_BOUND('',#5549,.T.);
#5549 = EDGE_LOOP('',(#5550,#5559,#5566,#5575,#5584,#5593,#5602));
#5550 = ORIENTED_EDGE('',*,*,#5551,.F.);
#5551 = EDGE_CURVE('',#5552,#5554,#5556,.T.);
#5552 = VERTEX_POINT('',#5553);
#5553 = CARTESIAN_POINT('',(3.7005,-2.152609716473,5.22344620232));
#5554 = VERTEX_POINT('',#5555);
#5555 = CARTESIAN_POINT('',(3.7005,-2.152609716473,4.988252961649));
#5556 = B_SPLINE_CURVE_WITH_KNOTS('',1,(#5557,#5558),.UNSPECIFIED.,.F.,
  .F.,(2,2),(0.,0.235193240671),.PIECEWISE_BEZIER_KNOTS.);
#5557 = CARTESIAN_POINT('',(3.7005,-2.152609716473,5.22344620232));
#5558 = CARTESIAN_POINT('',(3.7005,-2.152609716473,4.988252961649));
#5559 = ORIENTED_EDGE('',*,*,#5560,.F.);
#5560 = EDGE_CURVE('',#5561,#5552,#5563,.T.);
#5561 = VERTEX_POINT('',#5562);
#5562 = CARTESIAN_POINT('',(3.7005,-2.106522446835,5.22344620232));
#5563 = B_SPLINE_CURVE_WITH_KNOTS('',1,(#5564,#5565),.UNSPECIFIED.,.F.,
  .F.,(2,2),(0.,4.608726963813E-02),.PIECEWISE_BEZIER_KNOTS.);
#5564 = CARTESIAN_POINT('',(3.7005,-2.106522446835,5.22344620232));
#5565 = CARTESIAN_POINT('',(3.7005,-2.152609716473,5.22344620232));
#5566 = ORIENTED_EDGE('',*,*,#5567,.F.);
#5567 = EDGE_CURVE('',#5568,#5561,#5570,.T.);
#5568 = VERTEX_POINT('',#5569);
#5569 = CARTESIAN_POINT('',(3.7005,-2.01848094527,5.194748883829));
#5570 = B_SPLINE_CURVE_WITH_KNOTS('',3,(#5571,#5572,#5573,#5574),
  .UNSPECIFIED.,.F.,.F.,(4,4),(5.,6.),.PIECEWISE_BEZIER_KNOTS.);
#5571 = CARTESIAN_POINT('',(3.7005,-2.01848094527,5.194748883829));
#5572 = CARTESIAN_POINT('',(3.7005,-2.040783752576,5.213932417386));
#5573 = CARTESIAN_POINT('',(3.7005,-2.07018290766,5.22344620232));
#5574 = CARTESIAN_POINT('',(3.7005,-2.106522446835,5.22344620232));
#5575 = ORIENTED_EDGE('',*,*,#5576,.F.);
#5576 = EDGE_CURVE('',#5577,#5568,#5579,.T.);
#5577 = VERTEX_POINT('',#5578);
#5578 = CARTESIAN_POINT('',(3.7005,-1.985026734311,5.108812892046));
#5579 = B_SPLINE_CURVE_WITH_KNOTS('',3,(#5580,#5581,#5582,#5583),
  .UNSPECIFIED.,.F.,.F.,(4,4),(4.,5.),.PIECEWISE_BEZIER_KNOTS.);
#5580 = CARTESIAN_POINT('',(3.7005,-1.985026734311,5.108812892046));
#5581 = CARTESIAN_POINT('',(3.7005,-1.985026734311,5.146868031783));
#5582 = CARTESIAN_POINT('',(3.7005,-1.996178137965,5.175565350274));
#5583 = CARTESIAN_POINT('',(3.7005,-2.01848094527,5.194748883829));
#5584 = ORIENTED_EDGE('',*,*,#5585,.F.);
#5585 = EDGE_CURVE('',#5586,#5577,#5588,.T.);
#5586 = VERTEX_POINT('',#5587);
#5587 = CARTESIAN_POINT('',(3.7005,-2.017623144988,5.020069553887));
#5588 = B_SPLINE_CURVE_WITH_KNOTS('',3,(#5589,#5590,#5591,#5592),
  .UNSPECIFIED.,.F.,.F.,(4,4),(3.,4.),.PIECEWISE_BEZIER_KNOTS.);
#5589 = CARTESIAN_POINT('',(3.7005,-2.017623144988,5.020069553887));
#5590 = CARTESIAN_POINT('',(3.7005,-1.995866210588,5.041124651694));
#5591 = CARTESIAN_POINT('',(3.7005,-1.985026734311,5.070757752308));
#5592 = CARTESIAN_POINT('',(3.7005,-1.985026734311,5.108812892046));
#5593 = ORIENTED_EDGE('',*,*,#5594,.F.);
#5594 = EDGE_CURVE('',#5595,#5586,#5597,.T.);
#5595 = VERTEX_POINT('',#5596);
#5596 = CARTESIAN_POINT('',(3.7005,-2.108316029239,4.988252961649));
#5597 = B_SPLINE_CURVE_WITH_KNOTS('',3,(#5598,#5599,#5600,#5601),
  .UNSPECIFIED.,.F.,.F.,(4,4),(2.,3.),.PIECEWISE_BEZIER_KNOTS.);
#5598 = CARTESIAN_POINT('',(3.7005,-2.108316029239,4.988252961649));
#5599 = CARTESIAN_POINT('',(3.7005,-2.069559052909,4.988252961649));
#5600 = CARTESIAN_POINT('',(3.7005,-2.039302097543,4.998858492396));
#5601 = CARTESIAN_POINT('',(3.7005,-2.017623144988,5.020069553887));
#5602 = ORIENTED_EDGE('',*,*,#5603,.F.);
#5603 = EDGE_CURVE('',#5554,#5595,#5604,.T.);
#5604 = B_SPLINE_CURVE_WITH_KNOTS('',1,(#5605,#5606),.UNSPECIFIED.,.F.,
  .F.,(2,2),(0.,4.429368723452E-02),.PIECEWISE_BEZIER_KNOTS.);
#5605 = CARTESIAN_POINT('',(3.7005,-2.152609716473,4.988252961649));
#5606 = CARTESIAN_POINT('',(3.7005,-2.108316029239,4.988252961649));
#5607 = B_SPLINE_SURFACE_WITH_KNOTS('',1,1,(
    (#5608,#5609)
    ,(#5610,#5611
    )),.UNSPECIFIED.,.F.,.F.,.F.,(2,2),(2,2),(-1.007915330099E-02,
    0.294985819346),(-0.150543949309,9.782822295123E-02),
  .PIECEWISE_BEZIER_KNOTS.);
#5608 = CARTESIAN_POINT('',(3.7005,-2.191990547555,5.258538031995));
#5609 = CARTESIAN_POINT('',(3.7005,-1.943618375295,5.258538031995));
#5610 = CARTESIAN_POINT('',(3.7005,-2.191990547555,4.953473059348));
#5611 = CARTESIAN_POINT('',(3.7005,-1.943618375295,4.953473059348));
#5612 = ADVANCED_FACE('',(#5613),#5627,.F.);
#5613 = FACE_BOUND('',#5614,.T.);
#5614 = EDGE_LOOP('',(#5615,#5616,#5621,#5622));
#5615 = ORIENTED_EDGE('',*,*,#667,.T.);
#5616 = ORIENTED_EDGE('',*,*,#5617,.F.);
#5617 = EDGE_CURVE('',#5495,#670,#5618,.T.);
#5618 = B_SPLINE_CURVE_WITH_KNOTS('',1,(#5619,#5620),.UNSPECIFIED.,.F.,
  .F.,(2,2),(-0.,9.999999999986E-04),.PIECEWISE_BEZIER_KNOTS.);
#5619 = CARTESIAN_POINT('',(3.7005,-2.108082083708,4.953473059348));
#5620 = CARTESIAN_POINT('',(3.6995,-2.108082083708,4.953473059348));
#5621 = ORIENTED_EDGE('',*,*,#5492,.F.);
#5622 = ORIENTED_EDGE('',*,*,#5623,.T.);
#5623 = EDGE_CURVE('',#5493,#668,#5624,.T.);
#5624 = B_SPLINE_CURVE_WITH_KNOTS('',1,(#5625,#5626),.UNSPECIFIED.,.F.,
  .F.,(2,2),(-0.,9.999999999999E-04),.PIECEWISE_BEZIER_KNOTS.);
#5625 = CARTESIAN_POINT('',(3.7005,-2.191990547555,4.953473059348));
#5626 = CARTESIAN_POINT('',(3.6995,-2.191990547555,4.953473059348));
#5627 = B_SPLINE_SURFACE_WITH_KNOTS('',1,1,(
    (#5628,#5629)
    ,(#5630,#5631
    )),.UNSPECIFIED.,.F.,.F.,.F.,(2,2),(2,2),(-4.440892098501E-16,
    8.390846384681E-02),(-9.999999999999E-04,4.241833087354E-48),
  .PIECEWISE_BEZIER_KNOTS.);
#5628 = CARTESIAN_POINT('',(3.6995,-2.108082083708,4.953473059348));
#5629 = CARTESIAN_POINT('',(3.7005,-2.108082083708,4.953473059348));
#5630 = CARTESIAN_POINT('',(3.6995,-2.191990547555,4.953473059348));
#5631 = CARTESIAN_POINT('',(3.7005,-2.191990547555,4.953473059348));
#5632 = ADVANCED_FACE('',(#5633),#5643,.F.);
#5633 = FACE_BOUND('',#5634,.F.);
#5634 = EDGE_LOOP('',(#5635,#5636,#5637,#5642));
#5635 = ORIENTED_EDGE('',*,*,#5617,.F.);
#5636 = ORIENTED_EDGE('',*,*,#5501,.T.);
#5637 = ORIENTED_EDGE('',*,*,#5638,.T.);
#5638 = EDGE_CURVE('',#5502,#709,#5639,.T.);
#5639 = B_SPLINE_CURVE_WITH_KNOTS('',1,(#5640,#5641),.UNSPECIFIED.,.F.,
  .F.,(2,2),(-0.,9.999999999986E-04),.PIECEWISE_BEZIER_KNOTS.);
#5640 = CARTESIAN_POINT('',(3.7005,-1.989627663091,4.996207109708));
#5641 = CARTESIAN_POINT('',(3.6995,-1.989627663091,4.996207109708));
#5642 = ORIENTED_EDGE('',*,*,#717,.F.);
#5643 = B_SPLINE_SURFACE_WITH_KNOTS('',3,1,(
    (#5644,#5645)
    ,(#5646,#5647)
    ,(#5648,#5649)
    ,(#5650,#5651
    )),.UNSPECIFIED.,.F.,.F.,.F.,(4,4),(2,2),(5.,6.),(0.,1.),
  .PIECEWISE_BEZIER_KNOTS.);
#5644 = CARTESIAN_POINT('',(3.7005,-2.108082083708,4.953473059348));
#5645 = CARTESIAN_POINT('',(3.6995,-2.108082083708,4.953473059348));
#5646 = CARTESIAN_POINT('',(3.7005,-2.059811322444,4.953473059348));
#5647 = CARTESIAN_POINT('',(3.6995,-2.059811322444,4.953473059348));
#5648 = CARTESIAN_POINT('',(3.7005,-2.020274527675,4.967665754906));
#5649 = CARTESIAN_POINT('',(3.6995,-2.020274527675,4.967665754906));
#5650 = CARTESIAN_POINT('',(3.7005,-1.989627663091,4.996207109708));
#5651 = CARTESIAN_POINT('',(3.6995,-1.989627663091,4.996207109708));
#5652 = ADVANCED_FACE('',(#5653),#5663,.F.);
#5653 = FACE_BOUND('',#5654,.F.);
#5654 = EDGE_LOOP('',(#5655,#5656,#5657,#5662));
#5655 = ORIENTED_EDGE('',*,*,#5638,.F.);
#5656 = ORIENTED_EDGE('',*,*,#5510,.T.);
#5657 = ORIENTED_EDGE('',*,*,#5658,.T.);
#5658 = EDGE_CURVE('',#5511,#700,#5659,.T.);
#5659 = B_SPLINE_CURVE_WITH_KNOTS('',1,(#5660,#5661),.UNSPECIFIED.,.F.,
  .F.,(2,2),(-0.,9.999999999986E-04),.PIECEWISE_BEZIER_KNOTS.);
#5660 = CARTESIAN_POINT('',(3.7005,-1.943618375295,5.109904637859));
#5661 = CARTESIAN_POINT('',(3.6995,-1.943618375295,5.109904637859));
#5662 = ORIENTED_EDGE('',*,*,#708,.F.);
#5663 = B_SPLINE_SURFACE_WITH_KNOTS('',3,1,(
    (#5664,#5665)
    ,(#5666,#5667)
    ,(#5668,#5669)
    ,(#5670,#5671
    )),.UNSPECIFIED.,.F.,.F.,.F.,(4,4),(2,2),(4.,5.),(0.,1.),
  .PIECEWISE_BEZIER_KNOTS.);
#5664 = CARTESIAN_POINT('',(3.7005,-1.989627663091,4.996207109708));
#5665 = CARTESIAN_POINT('',(3.6995,-1.989627663091,4.996207109708));
#5666 = CARTESIAN_POINT('',(3.7005,-1.958980798508,5.024748464512));
#5667 = CARTESIAN_POINT('',(3.6995,-1.958980798508,5.024748464512));
#5668 = CARTESIAN_POINT('',(3.7005,-1.943618375295,5.062647640562));
#5669 = CARTESIAN_POINT('',(3.6995,-1.943618375295,5.062647640562));
#5670 = CARTESIAN_POINT('',(3.7005,-1.943618375295,5.109904637859));
#5671 = CARTESIAN_POINT('',(3.6995,-1.943618375295,5.109904637859));
#5672 = ADVANCED_FACE('',(#5673),#5683,.F.);
#5673 = FACE_BOUND('',#5674,.F.);
#5674 = EDGE_LOOP('',(#5675,#5676,#5677,#5682));
#5675 = ORIENTED_EDGE('',*,*,#5658,.F.);
#5676 = ORIENTED_EDGE('',*,*,#5519,.T.);
#5677 = ORIENTED_EDGE('',*,*,#5678,.T.);
#5678 = EDGE_CURVE('',#5520,#691,#5679,.T.);
#5679 = B_SPLINE_CURVE_WITH_KNOTS('',1,(#5680,#5681),.UNSPECIFIED.,.F.,
  .F.,(2,2),(-0.,9.999999999986E-04),.PIECEWISE_BEZIER_KNOTS.);
#5680 = CARTESIAN_POINT('',(3.7005,-1.989627663091,5.218143436946));
#5681 = CARTESIAN_POINT('',(3.6995,-1.989627663091,5.218143436946));
#5682 = ORIENTED_EDGE('',*,*,#699,.F.);
#5683 = B_SPLINE_SURFACE_WITH_KNOTS('',3,1,(
    (#5684,#5685)
    ,(#5686,#5687)
    ,(#5688,#5689)
    ,(#5690,#5691
    )),.UNSPECIFIED.,.F.,.F.,.F.,(4,4),(2,2),(3.,4.),(0.,1.),
  .PIECEWISE_BEZIER_KNOTS.);
#5684 = CARTESIAN_POINT('',(3.7005,-1.943618375295,5.109904637859));
#5685 = CARTESIAN_POINT('',(3.6995,-1.943618375295,5.109904637859));
#5686 = CARTESIAN_POINT('',(3.7005,-1.943618375295,5.155134107217));
#5687 = CARTESIAN_POINT('',(3.6995,-1.943618375295,5.155134107217));
#5688 = CARTESIAN_POINT('',(3.7005,-1.958980798508,5.191161719018));
#5689 = CARTESIAN_POINT('',(3.6995,-1.958980798508,5.191161719018));
#5690 = CARTESIAN_POINT('',(3.7005,-1.989627663091,5.218143436946));
#5691 = CARTESIAN_POINT('',(3.6995,-1.989627663091,5.218143436946));
#5692 = ADVANCED_FACE('',(#5693),#5703,.F.);
#5693 = FACE_BOUND('',#5694,.F.);
#5694 = EDGE_LOOP('',(#5695,#5696,#5697,#5702));
#5695 = ORIENTED_EDGE('',*,*,#5678,.F.);
#5696 = ORIENTED_EDGE('',*,*,#5528,.T.);
#5697 = ORIENTED_EDGE('',*,*,#5698,.T.);
#5698 = EDGE_CURVE('',#5529,#684,#5699,.T.);
#5699 = B_SPLINE_CURVE_WITH_KNOTS('',1,(#5700,#5701),.UNSPECIFIED.,.F.,
  .F.,(2,2),(-0.,9.999999999999E-04),.PIECEWISE_BEZIER_KNOTS.);
#5700 = CARTESIAN_POINT('',(3.7005,-2.104962809958,5.258538031995));
#5701 = CARTESIAN_POINT('',(3.6995,-2.104962809958,5.258538031995));
#5702 = ORIENTED_EDGE('',*,*,#690,.F.);
#5703 = B_SPLINE_SURFACE_WITH_KNOTS('',3,1,(
    (#5704,#5705)
    ,(#5706,#5707)
    ,(#5708,#5709)
    ,(#5710,#5711
    )),.UNSPECIFIED.,.F.,.F.,.F.,(4,4),(2,2),(2.,3.),(0.,1.),
  .PIECEWISE_BEZIER_KNOTS.);
#5704 = CARTESIAN_POINT('',(3.7005,-1.989627663091,5.218143436946));
#5705 = CARTESIAN_POINT('',(3.6995,-1.989627663091,5.218143436946));
#5706 = CARTESIAN_POINT('',(3.7005,-2.020274527675,5.245125154875));
#5707 = CARTESIAN_POINT('',(3.6995,-2.020274527675,5.245125154875));
#5708 = CARTESIAN_POINT('',(3.7005,-2.058719576631,5.258538031995));
#5709 = CARTESIAN_POINT('',(3.6995,-2.058719576631,5.258538031995));
#5710 = CARTESIAN_POINT('',(3.7005,-2.104962809958,5.258538031995));
#5711 = CARTESIAN_POINT('',(3.6995,-2.104962809958,5.258538031995));
#5712 = ADVANCED_FACE('',(#5713),#5723,.F.);
#5713 = FACE_BOUND('',#5714,.T.);
#5714 = EDGE_LOOP('',(#5715,#5716,#5721,#5722));
#5715 = ORIENTED_EDGE('',*,*,#683,.T.);
#5716 = ORIENTED_EDGE('',*,*,#5717,.F.);
#5717 = EDGE_CURVE('',#5538,#677,#5718,.T.);
#5718 = B_SPLINE_CURVE_WITH_KNOTS('',1,(#5719,#5720),.UNSPECIFIED.,.F.,
  .F.,(2,2),(-0.,9.999999999999E-04),.PIECEWISE_BEZIER_KNOTS.);
#5719 = CARTESIAN_POINT('',(3.7005,-2.191990547555,5.258538031995));
#5720 = CARTESIAN_POINT('',(3.6995,-2.191990547555,5.258538031995));
#5721 = ORIENTED_EDGE('',*,*,#5537,.F.);
#5722 = ORIENTED_EDGE('',*,*,#5698,.T.);
#5723 = B_SPLINE_SURFACE_WITH_KNOTS('',1,1,(
    (#5724,#5725)
    ,(#5726,#5727
    )),.UNSPECIFIED.,.F.,.F.,.F.,(2,2),(2,2),(-3.154042683594E-19,
    8.702773759636E-02),(-9.999999999999E-04,0.),
  .PIECEWISE_BEZIER_KNOTS.);
#5724 = CARTESIAN_POINT('',(3.6995,-2.191990547555,5.258538031995));
#5725 = CARTESIAN_POINT('',(3.7005,-2.191990547555,5.258538031995));
#5726 = CARTESIAN_POINT('',(3.6995,-2.104962809958,5.258538031995));
#5727 = CARTESIAN_POINT('',(3.7005,-2.104962809958,5.258538031995));
#5728 = ADVANCED_FACE('',(#5729),#5735,.F.);
#5729 = FACE_BOUND('',#5730,.T.);
#5730 = EDGE_LOOP('',(#5731,#5732,#5733,#5734));
#5731 = ORIENTED_EDGE('',*,*,#676,.T.);
#5732 = ORIENTED_EDGE('',*,*,#5623,.F.);
#5733 = ORIENTED_EDGE('',*,*,#5544,.F.);
#5734 = ORIENTED_EDGE('',*,*,#5717,.T.);
#5735 = B_SPLINE_SURFACE_WITH_KNOTS('',1,1,(
    (#5736,#5737)
    ,(#5738,#5739
    )),.UNSPECIFIED.,.F.,.F.,.F.,(2,2),(2,2),(0.,0.305064972647),(
    -9.999999999999E-04,0.),.PIECEWISE_BEZIER_KNOTS.);
#5736 = CARTESIAN_POINT('',(3.6995,-2.191990547555,4.953473059348));
#5737 = CARTESIAN_POINT('',(3.7005,-2.191990547555,4.953473059348));
#5738 = CARTESIAN_POINT('',(3.6995,-2.191990547555,5.258538031995));
#5739 = CARTESIAN_POINT('',(3.7005,-2.191990547555,5.258538031995));
#5740 = ADVANCED_FACE('',(#5741),#5763,.T.);
#5741 = FACE_BOUND('',#5742,.T.);
#5742 = EDGE_LOOP('',(#5743,#5752,#5757,#5758));
#5743 = ORIENTED_EDGE('',*,*,#5744,.F.);
#5744 = EDGE_CURVE('',#5745,#5747,#5749,.T.);
#5745 = VERTEX_POINT('',#5746);
#5746 = CARTESIAN_POINT('',(3.6995,-2.106522446835,5.22344620232));
#5747 = VERTEX_POINT('',#5748);
#5748 = CARTESIAN_POINT('',(3.6995,-2.152609716473,5.22344620232));
#5749 = B_SPLINE_CURVE_WITH_KNOTS('',1,(#5750,#5751),.UNSPECIFIED.,.F.,
  .F.,(2,2),(0.,4.608726963813E-02),.PIECEWISE_BEZIER_KNOTS.);
#5750 = CARTESIAN_POINT('',(3.6995,-2.106522446835,5.22344620232));
#5751 = CARTESIAN_POINT('',(3.6995,-2.152609716473,5.22344620232));
#5752 = ORIENTED_EDGE('',*,*,#5753,.F.);
#5753 = EDGE_CURVE('',#5561,#5745,#5754,.T.);
#5754 = B_SPLINE_CURVE_WITH_KNOTS('',1,(#5755,#5756),.UNSPECIFIED.,.F.,
  .F.,(2,2),(-0.,9.999999999986E-04),.PIECEWISE_BEZIER_KNOTS.);
#5755 = CARTESIAN_POINT('',(3.7005,-2.106522446835,5.22344620232));
#5756 = CARTESIAN_POINT('',(3.6995,-2.106522446835,5.22344620232));
#5757 = ORIENTED_EDGE('',*,*,#5560,.T.);
#5758 = ORIENTED_EDGE('',*,*,#5759,.T.);
#5759 = EDGE_CURVE('',#5552,#5747,#5760,.T.);
#5760 = B_SPLINE_CURVE_WITH_KNOTS('',1,(#5761,#5762),.UNSPECIFIED.,.F.,
  .F.,(2,2),(-0.,9.999999999999E-04),.PIECEWISE_BEZIER_KNOTS.);
#5761 = CARTESIAN_POINT('',(3.7005,-2.152609716473,5.22344620232));
#5762 = CARTESIAN_POINT('',(3.6995,-2.152609716473,5.22344620232));
#5763 = B_SPLINE_SURFACE_WITH_KNOTS('',1,1,(
    (#5764,#5765)
    ,(#5766,#5767
    )),.UNSPECIFIED.,.F.,.F.,.F.,(2,2),(2,2),(0.,9.999999999999E-04),(
    -4.608726963813E-02,0.),.PIECEWISE_BEZIER_KNOTS.);
#5764 = CARTESIAN_POINT('',(3.7005,-2.152609716473,5.22344620232));
#5765 = CARTESIAN_POINT('',(3.7005,-2.106522446835,5.22344620232));
#5766 = CARTESIAN_POINT('',(3.6995,-2.152609716473,5.22344620232));
#5767 = CARTESIAN_POINT('',(3.6995,-2.106522446835,5.22344620232));
#5768 = ADVANCED_FACE('',(#5769),#5785,.T.);
#5769 = FACE_BOUND('',#5770,.T.);
#5770 = EDGE_LOOP('',(#5771,#5778,#5779,#5780));
#5771 = ORIENTED_EDGE('',*,*,#5772,.F.);
#5772 = EDGE_CURVE('',#5747,#5773,#5775,.T.);
#5773 = VERTEX_POINT('',#5774);
#5774 = CARTESIAN_POINT('',(3.6995,-2.152609716473,4.988252961649));
#5775 = B_SPLINE_CURVE_WITH_KNOTS('',1,(#5776,#5777),.UNSPECIFIED.,.F.,
  .F.,(2,2),(0.,0.235193240671),.PIECEWISE_BEZIER_KNOTS.);
#5776 = CARTESIAN_POINT('',(3.6995,-2.152609716473,5.22344620232));
#5777 = CARTESIAN_POINT('',(3.6995,-2.152609716473,4.988252961649));
#5778 = ORIENTED_EDGE('',*,*,#5759,.F.);
#5779 = ORIENTED_EDGE('',*,*,#5551,.T.);
#5780 = ORIENTED_EDGE('',*,*,#5781,.T.);
#5781 = EDGE_CURVE('',#5554,#5773,#5782,.T.);
#5782 = B_SPLINE_CURVE_WITH_KNOTS('',1,(#5783,#5784),.UNSPECIFIED.,.F.,
  .F.,(2,2),(-0.,9.999999999999E-04),.PIECEWISE_BEZIER_KNOTS.);
#5783 = CARTESIAN_POINT('',(3.7005,-2.152609716473,4.988252961649));
#5784 = CARTESIAN_POINT('',(3.6995,-2.152609716473,4.988252961649));
#5785 = B_SPLINE_SURFACE_WITH_KNOTS('',1,1,(
    (#5786,#5787)
    ,(#5788,#5789
    )),.UNSPECIFIED.,.F.,.F.,.F.,(2,2),(2,2),(-0.235193240671,
    1.744754187615E-33),(-9.999999999999E-04,9.848505397435E-33),
  .PIECEWISE_BEZIER_KNOTS.);
#5786 = CARTESIAN_POINT('',(3.6995,-2.152609716473,4.988252961649));
#5787 = CARTESIAN_POINT('',(3.7005,-2.152609716473,4.988252961649));
#5788 = CARTESIAN_POINT('',(3.6995,-2.152609716473,5.22344620232));
#5789 = CARTESIAN_POINT('',(3.7005,-2.152609716473,5.22344620232));
#5790 = ADVANCED_FACE('',(#5791),#5807,.T.);
#5791 = FACE_BOUND('',#5792,.T.);
#5792 = EDGE_LOOP('',(#5793,#5800,#5801,#5802));
#5793 = ORIENTED_EDGE('',*,*,#5794,.F.);
#5794 = EDGE_CURVE('',#5773,#5795,#5797,.T.);
#5795 = VERTEX_POINT('',#5796);
#5796 = CARTESIAN_POINT('',(3.6995,-2.108316029239,4.988252961649));
#5797 = B_SPLINE_CURVE_WITH_KNOTS('',1,(#5798,#5799),.UNSPECIFIED.,.F.,
  .F.,(2,2),(0.,4.429368723452E-02),.PIECEWISE_BEZIER_KNOTS.);
#5798 = CARTESIAN_POINT('',(3.6995,-2.152609716473,4.988252961649));
#5799 = CARTESIAN_POINT('',(3.6995,-2.108316029239,4.988252961649));
#5800 = ORIENTED_EDGE('',*,*,#5781,.F.);
#5801 = ORIENTED_EDGE('',*,*,#5603,.T.);
#5802 = ORIENTED_EDGE('',*,*,#5803,.T.);
#5803 = EDGE_CURVE('',#5595,#5795,#5804,.T.);
#5804 = B_SPLINE_CURVE_WITH_KNOTS('',1,(#5805,#5806),.UNSPECIFIED.,.F.,
  .F.,(2,2),(-0.,9.999999999999E-04),.PIECEWISE_BEZIER_KNOTS.);
#5805 = CARTESIAN_POINT('',(3.7005,-2.108316029239,4.988252961649));
#5806 = CARTESIAN_POINT('',(3.6995,-2.108316029239,4.988252961649));
#5807 = B_SPLINE_SURFACE_WITH_KNOTS('',1,1,(
    (#5808,#5809)
    ,(#5810,#5811
    )),.UNSPECIFIED.,.F.,.F.,.F.,(2,2),(2,2),(-4.429368723452E-02,
    3.154042683594E-19),(-9.999999999999E-04,5.512805847465E-62),
  .PIECEWISE_BEZIER_KNOTS.);
#5808 = CARTESIAN_POINT('',(3.6995,-2.108316029239,4.988252961649));
#5809 = CARTESIAN_POINT('',(3.7005,-2.108316029239,4.988252961649));
#5810 = CARTESIAN_POINT('',(3.6995,-2.152609716473,4.988252961649));
#5811 = CARTESIAN_POINT('',(3.7005,-2.152609716473,4.988252961649));
#5812 = ADVANCED_FACE('',(#5813),#5831,.T.);
#5813 = FACE_BOUND('',#5814,.T.);
#5814 = EDGE_LOOP('',(#5815,#5824,#5825,#5826));
#5815 = ORIENTED_EDGE('',*,*,#5816,.F.);
#5816 = EDGE_CURVE('',#5795,#5817,#5819,.T.);
#5817 = VERTEX_POINT('',#5818);
#5818 = CARTESIAN_POINT('',(3.6995,-2.017623144988,5.020069553887));
#5819 = B_SPLINE_CURVE_WITH_KNOTS('',3,(#5820,#5821,#5822,#5823),
  .UNSPECIFIED.,.F.,.F.,(4,4),(2.,3.),.PIECEWISE_BEZIER_KNOTS.);
#5820 = CARTESIAN_POINT('',(3.6995,-2.108316029239,4.988252961649));
#5821 = CARTESIAN_POINT('',(3.6995,-2.069559052909,4.988252961649));
#5822 = CARTESIAN_POINT('',(3.6995,-2.039302097543,4.998858492396));
#5823 = CARTESIAN_POINT('',(3.6995,-2.017623144988,5.020069553887));
#5824 = ORIENTED_EDGE('',*,*,#5803,.F.);
#5825 = ORIENTED_EDGE('',*,*,#5594,.T.);
#5826 = ORIENTED_EDGE('',*,*,#5827,.T.);
#5827 = EDGE_CURVE('',#5586,#5817,#5828,.T.);
#5828 = B_SPLINE_CURVE_WITH_KNOTS('',1,(#5829,#5830),.UNSPECIFIED.,.F.,
  .F.,(2,2),(-0.,9.999999999999E-04),.PIECEWISE_BEZIER_KNOTS.);
#5829 = CARTESIAN_POINT('',(3.7005,-2.017623144988,5.020069553887));
#5830 = CARTESIAN_POINT('',(3.6995,-2.017623144988,5.020069553887));
#5831 = B_SPLINE_SURFACE_WITH_KNOTS('',3,1,(
    (#5832,#5833)
    ,(#5834,#5835)
    ,(#5836,#5837)
    ,(#5838,#5839
    )),.UNSPECIFIED.,.F.,.F.,.F.,(4,4),(2,2),(2.,3.),(0.,1.),
  .PIECEWISE_BEZIER_KNOTS.);
#5832 = CARTESIAN_POINT('',(3.7005,-2.108316029239,4.988252961649));
#5833 = CARTESIAN_POINT('',(3.6995,-2.108316029239,4.988252961649));
#5834 = CARTESIAN_POINT('',(3.7005,-2.069559052909,4.988252961649));
#5835 = CARTESIAN_POINT('',(3.6995,-2.069559052909,4.988252961649));
#5836 = CARTESIAN_POINT('',(3.7005,-2.039302097543,4.998858492396));
#5837 = CARTESIAN_POINT('',(3.6995,-2.039302097543,4.998858492396));
#5838 = CARTESIAN_POINT('',(3.7005,-2.017623144988,5.020069553887));
#5839 = CARTESIAN_POINT('',(3.6995,-2.017623144988,5.020069553887));
#5840 = ADVANCED_FACE('',(#5841),#5859,.T.);
#5841 = FACE_BOUND('',#5842,.T.);
#5842 = EDGE_LOOP('',(#5843,#5852,#5853,#5854));
#5843 = ORIENTED_EDGE('',*,*,#5844,.F.);
#5844 = EDGE_CURVE('',#5817,#5845,#5847,.T.);
#5845 = VERTEX_POINT('',#5846);
#5846 = CARTESIAN_POINT('',(3.6995,-1.985026734311,5.108812892046));
#5847 = B_SPLINE_CURVE_WITH_KNOTS('',3,(#5848,#5849,#5850,#5851),
  .UNSPECIFIED.,.F.,.F.,(4,4),(3.,4.),.PIECEWISE_BEZIER_KNOTS.);
#5848 = CARTESIAN_POINT('',(3.6995,-2.017623144988,5.020069553887));
#5849 = CARTESIAN_POINT('',(3.6995,-1.995866210588,5.041124651694));
#5850 = CARTESIAN_POINT('',(3.6995,-1.985026734311,5.070757752308));
#5851 = CARTESIAN_POINT('',(3.6995,-1.985026734311,5.108812892046));
#5852 = ORIENTED_EDGE('',*,*,#5827,.F.);
#5853 = ORIENTED_EDGE('',*,*,#5585,.T.);
#5854 = ORIENTED_EDGE('',*,*,#5855,.T.);
#5855 = EDGE_CURVE('',#5577,#5845,#5856,.T.);
#5856 = B_SPLINE_CURVE_WITH_KNOTS('',1,(#5857,#5858),.UNSPECIFIED.,.F.,
  .F.,(2,2),(-0.,9.999999999999E-04),.PIECEWISE_BEZIER_KNOTS.);
#5857 = CARTESIAN_POINT('',(3.7005,-1.985026734311,5.108812892046));
#5858 = CARTESIAN_POINT('',(3.6995,-1.985026734311,5.108812892046));
#5859 = B_SPLINE_SURFACE_WITH_KNOTS('',3,1,(
    (#5860,#5861)
    ,(#5862,#5863)
    ,(#5864,#5865)
    ,(#5866,#5867
    )),.UNSPECIFIED.,.F.,.F.,.F.,(4,4),(2,2),(3.,4.),(0.,1.),
  .PIECEWISE_BEZIER_KNOTS.);
#5860 = CARTESIAN_POINT('',(3.7005,-2.017623144988,5.020069553887));
#5861 = CARTESIAN_POINT('',(3.6995,-2.017623144988,5.020069553887));
#5862 = CARTESIAN_POINT('',(3.7005,-1.995866210588,5.041124651694));
#5863 = CARTESIAN_POINT('',(3.6995,-1.995866210588,5.041124651694));
#5864 = CARTESIAN_POINT('',(3.7005,-1.985026734311,5.070757752308));
#5865 = CARTESIAN_POINT('',(3.6995,-1.985026734311,5.070757752308));
#5866 = CARTESIAN_POINT('',(3.7005,-1.985026734311,5.108812892046));
#5867 = CARTESIAN_POINT('',(3.6995,-1.985026734311,5.108812892046));
#5868 = ADVANCED_FACE('',(#5869),#5887,.T.);
#5869 = FACE_BOUND('',#5870,.T.);
#5870 = EDGE_LOOP('',(#5871,#5880,#5881,#5882));
#5871 = ORIENTED_EDGE('',*,*,#5872,.F.);
#5872 = EDGE_CURVE('',#5845,#5873,#5875,.T.);
#5873 = VERTEX_POINT('',#5874);
#5874 = CARTESIAN_POINT('',(3.6995,-2.01848094527,5.194748883829));
#5875 = B_SPLINE_CURVE_WITH_KNOTS('',3,(#5876,#5877,#5878,#5879),
  .UNSPECIFIED.,.F.,.F.,(4,4),(4.,5.),.PIECEWISE_BEZIER_KNOTS.);
#5876 = CARTESIAN_POINT('',(3.6995,-1.985026734311,5.108812892046));
#5877 = CARTESIAN_POINT('',(3.6995,-1.985026734311,5.146868031783));
#5878 = CARTESIAN_POINT('',(3.6995,-1.996178137965,5.175565350274));
#5879 = CARTESIAN_POINT('',(3.6995,-2.01848094527,5.194748883829));
#5880 = ORIENTED_EDGE('',*,*,#5855,.F.);
#5881 = ORIENTED_EDGE('',*,*,#5576,.T.);
#5882 = ORIENTED_EDGE('',*,*,#5883,.T.);
#5883 = EDGE_CURVE('',#5568,#5873,#5884,.T.);
#5884 = B_SPLINE_CURVE_WITH_KNOTS('',1,(#5885,#5886),.UNSPECIFIED.,.F.,
  .F.,(2,2),(-0.,9.999999999999E-04),.PIECEWISE_BEZIER_KNOTS.);
#5885 = CARTESIAN_POINT('',(3.7005,-2.01848094527,5.194748883829));
#5886 = CARTESIAN_POINT('',(3.6995,-2.01848094527,5.194748883829));
#5887 = B_SPLINE_SURFACE_WITH_KNOTS('',3,1,(
    (#5888,#5889)
    ,(#5890,#5891)
    ,(#5892,#5893)
    ,(#5894,#5895
    )),.UNSPECIFIED.,.F.,.F.,.F.,(4,4),(2,2),(4.,5.),(0.,1.),
  .PIECEWISE_BEZIER_KNOTS.);
#5888 = CARTESIAN_POINT('',(3.7005,-1.985026734311,5.108812892046));
#5889 = CARTESIAN_POINT('',(3.6995,-1.985026734311,5.108812892046));
#5890 = CARTESIAN_POINT('',(3.7005,-1.985026734311,5.146868031783));
#5891 = CARTESIAN_POINT('',(3.6995,-1.985026734311,5.146868031783));
#5892 = CARTESIAN_POINT('',(3.7005,-1.996178137965,5.175565350274));
#5893 = CARTESIAN_POINT('',(3.6995,-1.996178137965,5.175565350274));
#5894 = CARTESIAN_POINT('',(3.7005,-2.01848094527,5.194748883829));
#5895 = CARTESIAN_POINT('',(3.6995,-2.01848094527,5.194748883829));
#5896 = ADVANCED_FACE('',(#5897),#5909,.T.);
#5897 = FACE_BOUND('',#5898,.T.);
#5898 = EDGE_LOOP('',(#5899,#5906,#5907,#5908));
#5899 = ORIENTED_EDGE('',*,*,#5900,.F.);
#5900 = EDGE_CURVE('',#5873,#5745,#5901,.T.);
#5901 = B_SPLINE_CURVE_WITH_KNOTS('',3,(#5902,#5903,#5904,#5905),
  .UNSPECIFIED.,.F.,.F.,(4,4),(5.,6.),.PIECEWISE_BEZIER_KNOTS.);
#5902 = CARTESIAN_POINT('',(3.6995,-2.01848094527,5.194748883829));
#5903 = CARTESIAN_POINT('',(3.6995,-2.040783752576,5.213932417386));
#5904 = CARTESIAN_POINT('',(3.6995,-2.07018290766,5.22344620232));
#5905 = CARTESIAN_POINT('',(3.6995,-2.106522446835,5.22344620232));
#5906 = ORIENTED_EDGE('',*,*,#5883,.F.);
#5907 = ORIENTED_EDGE('',*,*,#5567,.T.);
#5908 = ORIENTED_EDGE('',*,*,#5753,.T.);
#5909 = B_SPLINE_SURFACE_WITH_KNOTS('',3,1,(
    (#5910,#5911)
    ,(#5912,#5913)
    ,(#5914,#5915)
    ,(#5916,#5917
    )),.UNSPECIFIED.,.F.,.F.,.F.,(4,4),(2,2),(5.,6.),(0.,1.),
  .PIECEWISE_BEZIER_KNOTS.);
#5910 = CARTESIAN_POINT('',(3.7005,-2.01848094527,5.194748883829));
#5911 = CARTESIAN_POINT('',(3.6995,-2.01848094527,5.194748883829));
#5912 = CARTESIAN_POINT('',(3.7005,-2.040783752576,5.213932417386));
#5913 = CARTESIAN_POINT('',(3.6995,-2.040783752576,5.213932417386));
#5914 = CARTESIAN_POINT('',(3.7005,-2.07018290766,5.22344620232));
#5915 = CARTESIAN_POINT('',(3.6995,-2.07018290766,5.22344620232));
#5916 = CARTESIAN_POINT('',(3.7005,-2.106522446835,5.22344620232));
#5917 = CARTESIAN_POINT('',(3.6995,-2.106522446835,5.22344620232));
#5918 = ADVANCED_FACE('',(#5919),#5928,.F.);
#5919 = FACE_BOUND('',#5920,.T.);
#5920 = EDGE_LOOP('',(#5921,#5922,#5923,#5924,#5925,#5926,#5927));
#5921 = ORIENTED_EDGE('',*,*,#5900,.T.);
#5922 = ORIENTED_EDGE('',*,*,#5744,.T.);
#5923 = ORIENTED_EDGE('',*,*,#5772,.T.);
#5924 = ORIENTED_EDGE('',*,*,#5794,.T.);
#5925 = ORIENTED_EDGE('',*,*,#5816,.T.);
#5926 = ORIENTED_EDGE('',*,*,#5844,.T.);
#5927 = ORIENTED_EDGE('',*,*,#5872,.T.);
#5928 = B_SPLINE_SURFACE_WITH_KNOTS('',1,1,(
    (#5929,#5930)
    ,(#5931,#5932
    )),.UNSPECIFIED.,.F.,.F.,.F.,(2,2),(2,2),(7.735026734311,
    7.902609716473),(-4.511750591651,-4.27655735098),
  .PIECEWISE_BEZIER_KNOTS.);
#5929 = CARTESIAN_POINT('',(3.6995,-1.985026734311,4.988252961649));
#5930 = CARTESIAN_POINT('',(3.6995,-1.985026734311,5.22344620232));
#5931 = CARTESIAN_POINT('',(3.6995,-2.152609716473,4.988252961649));
#5932 = CARTESIAN_POINT('',(3.6995,-2.152609716473,5.22344620232));
#5933 = ADVANCED_FACE('',(#5934,#5992),#6040,.F.);
#5934 = FACE_BOUND('',#5935,.T.);
#5935 = EDGE_LOOP('',(#5936,#5945,#5952,#5959,#5966,#5973,#5980,#5987));
#5936 = ORIENTED_EDGE('',*,*,#5937,.T.);
#5937 = EDGE_CURVE('',#5938,#5940,#5942,.T.);
#5938 = VERTEX_POINT('',#5939);
#5939 = CARTESIAN_POINT('',(3.7005,-1.652200225298,4.953473059348));
#5940 = VERTEX_POINT('',#5941);
#5941 = CARTESIAN_POINT('',(3.7005,-1.768393172448,5.258538031995));
#5942 = B_SPLINE_CURVE_WITH_KNOTS('',1,(#5943,#5944),.UNSPECIFIED.,.F.,
  .F.,(2,2),(-0.326443622243,0.),.PIECEWISE_BEZIER_KNOTS.);
#5943 = CARTESIAN_POINT('',(3.7005,-1.652200225298,4.953473059348));
#5944 = CARTESIAN_POINT('',(3.7005,-1.768393172448,5.258538031995));
#5945 = ORIENTED_EDGE('',*,*,#5946,.T.);
#5946 = EDGE_CURVE('',#5940,#5947,#5949,.T.);
#5947 = VERTEX_POINT('',#5948);
#5948 = CARTESIAN_POINT('',(3.7005,-1.810503368058,5.258538031995));
#5949 = B_SPLINE_CURVE_WITH_KNOTS('',1,(#5950,#5951),.UNSPECIFIED.,.F.,
  .F.,(2,2),(-4.211019561068E-02,-0.),.PIECEWISE_BEZIER_KNOTS.);
#5950 = CARTESIAN_POINT('',(3.7005,-1.768393172448,5.258538031995));
#5951 = CARTESIAN_POINT('',(3.7005,-1.810503368058,5.258538031995));
#5952 = ORIENTED_EDGE('',*,*,#5953,.T.);
#5953 = EDGE_CURVE('',#5947,#5954,#5956,.T.);
#5954 = VERTEX_POINT('',#5955);
#5955 = CARTESIAN_POINT('',(3.7005,-1.926696315205,4.953473059348));
#5956 = B_SPLINE_CURVE_WITH_KNOTS('',1,(#5957,#5958),.UNSPECIFIED.,.F.,
  .F.,(2,2),(-0.326443622243,-0.),.PIECEWISE_BEZIER_KNOTS.);
#5957 = CARTESIAN_POINT('',(3.7005,-1.810503368058,5.258538031995));
#5958 = CARTESIAN_POINT('',(3.7005,-1.926696315205,4.953473059348));
#5959 = ORIENTED_EDGE('',*,*,#5960,.T.);
#5960 = EDGE_CURVE('',#5954,#5961,#5963,.T.);
#5961 = VERTEX_POINT('',#5962);
#5962 = CARTESIAN_POINT('',(3.7005,-1.883182446409,4.953473059348));
#5963 = B_SPLINE_CURVE_WITH_KNOTS('',1,(#5964,#5965),.UNSPECIFIED.,.F.,
  .F.,(2,2),(-4.35138687961E-02,0.),.PIECEWISE_BEZIER_KNOTS.);
#5964 = CARTESIAN_POINT('',(3.7005,-1.926696315205,4.953473059348));
#5965 = CARTESIAN_POINT('',(3.7005,-1.883182446409,4.953473059348));
#5966 = ORIENTED_EDGE('',*,*,#5967,.T.);
#5967 = EDGE_CURVE('',#5961,#5968,#5970,.T.);
#5968 = VERTEX_POINT('',#5969);
#5969 = CARTESIAN_POINT('',(3.7005,-1.853861273169,5.036913632133));
#5970 = B_SPLINE_CURVE_WITH_KNOTS('',1,(#5971,#5972),.UNSPECIFIED.,.F.,
  .F.,(2,2),(-8.844241282812E-02,0.),.PIECEWISE_BEZIER_KNOTS.);
#5971 = CARTESIAN_POINT('',(3.7005,-1.883182446409,4.953473059348));
#5972 = CARTESIAN_POINT('',(3.7005,-1.853861273169,5.036913632133));
#5973 = ORIENTED_EDGE('',*,*,#5974,.T.);
#5974 = EDGE_CURVE('',#5968,#5975,#5977,.T.);
#5975 = VERTEX_POINT('',#5976);
#5976 = CARTESIAN_POINT('',(3.7005,-1.726828849742,5.036913632133));
#5977 = B_SPLINE_CURVE_WITH_KNOTS('',1,(#5978,#5979),.UNSPECIFIED.,.F.,
  .F.,(2,2),(-0.127032423427,0.),.PIECEWISE_BEZIER_KNOTS.);
#5978 = CARTESIAN_POINT('',(3.7005,-1.853861273169,5.036913632133));
#5979 = CARTESIAN_POINT('',(3.7005,-1.726828849742,5.036913632133));
#5980 = ORIENTED_EDGE('',*,*,#5981,.T.);
#5981 = EDGE_CURVE('',#5975,#5982,#5984,.T.);
#5982 = VERTEX_POINT('',#5983);
#5983 = CARTESIAN_POINT('',(3.7005,-1.695714094097,4.953473059348));
#5984 = B_SPLINE_CURVE_WITH_KNOTS('',1,(#5985,#5986),.UNSPECIFIED.,.F.,
  .F.,(2,2),(-8.905311451925E-02,0.),.PIECEWISE_BEZIER_KNOTS.);
#5985 = CARTESIAN_POINT('',(3.7005,-1.726828849742,5.036913632133));
#5986 = CARTESIAN_POINT('',(3.7005,-1.695714094097,4.953473059348));
#5987 = ORIENTED_EDGE('',*,*,#5988,.T.);
#5988 = EDGE_CURVE('',#5982,#5938,#5989,.T.);
#5989 = B_SPLINE_CURVE_WITH_KNOTS('',1,(#5990,#5991),.UNSPECIFIED.,.F.,
  .F.,(2,2),(-4.351386879818E-02,0.),.PIECEWISE_BEZIER_KNOTS.);
#5990 = CARTESIAN_POINT('',(3.7005,-1.695714094097,4.953473059348));
#5991 = CARTESIAN_POINT('',(3.7005,-1.652200225298,4.953473059348));
#5992 = FACE_BOUND('',#5993,.T.);
#5993 = EDGE_LOOP('',(#5994,#6003,#6010,#6019,#6026,#6035));
#5994 = ORIENTED_EDGE('',*,*,#5995,.F.);
#5995 = EDGE_CURVE('',#5996,#5998,#6000,.T.);
#5996 = VERTEX_POINT('',#5997);
#5997 = CARTESIAN_POINT('',(3.7005,-1.841384178173,5.071381607059));
#5998 = VERTEX_POINT('',#5999);
#5999 = CARTESIAN_POINT('',(3.7005,-1.738994017364,5.071381607059));
#6000 = B_SPLINE_CURVE_WITH_KNOTS('',1,(#6001,#6002),.UNSPECIFIED.,.F.,
  .F.,(2,2),(0.,0.102390160809),.PIECEWISE_BEZIER_KNOTS.);
#6001 = CARTESIAN_POINT('',(3.7005,-1.841384178173,5.071381607059));
#6002 = CARTESIAN_POINT('',(3.7005,-1.738994017364,5.071381607059));
#6003 = ORIENTED_EDGE('',*,*,#6004,.F.);
#6004 = EDGE_CURVE('',#6005,#5996,#6007,.T.);
#6005 = VERTEX_POINT('',#6006);
#6006 = CARTESIAN_POINT('',(3.7005,-1.795764799595,5.198180084953));
#6007 = B_SPLINE_CURVE_WITH_KNOTS('',1,(#6008,#6009),.UNSPECIFIED.,.F.,
  .F.,(2,2),(0.,0.134755265938),.PIECEWISE_BEZIER_KNOTS.);
#6008 = CARTESIAN_POINT('',(3.7005,-1.795764799595,5.198180084953));
#6009 = CARTESIAN_POINT('',(3.7005,-1.841384178173,5.071381607059));
#6010 = ORIENTED_EDGE('',*,*,#6011,.F.);
#6011 = EDGE_CURVE('',#6012,#6005,#6014,.T.);
#6012 = VERTEX_POINT('',#6013);
#6013 = CARTESIAN_POINT('',(3.7005,-1.790773961596,5.219547110134));
#6014 = B_SPLINE_CURVE_WITH_KNOTS('',3,(#6015,#6016,#6017,#6018),
  .UNSPECIFIED.,.F.,.F.,(4,4),(3.,4.),.PIECEWISE_BEZIER_KNOTS.);
#6015 = CARTESIAN_POINT('',(3.7005,-1.790773961596,5.219547110134));
#6016 = CARTESIAN_POINT('',(3.7005,-1.792255616627,5.210345252575));
#6017 = CARTESIAN_POINT('',(3.7005,-1.793893235345,5.203170922952));
#6018 = CARTESIAN_POINT('',(3.7005,-1.795764799595,5.198180084953));
#6019 = ORIENTED_EDGE('',*,*,#6020,.F.);
#6020 = EDGE_CURVE('',#6021,#6012,#6023,.T.);
#6021 = VERTEX_POINT('',#6022);
#6022 = CARTESIAN_POINT('',(3.7005,-1.789838179472,5.219547110134));
#6023 = B_SPLINE_CURVE_WITH_KNOTS('',1,(#6024,#6025),.UNSPECIFIED.,.F.,
  .F.,(2,2),(-2.22044604925E-16,9.357821236191E-04),
  .PIECEWISE_BEZIER_KNOTS.);
#6024 = CARTESIAN_POINT('',(3.7005,-1.789838179472,5.219547110134));
#6025 = CARTESIAN_POINT('',(3.7005,-1.790773961596,5.219547110134));
#6026 = ORIENTED_EDGE('',*,*,#6027,.F.);
#6027 = EDGE_CURVE('',#6028,#6021,#6030,.T.);
#6028 = VERTEX_POINT('',#6029);
#6029 = CARTESIAN_POINT('',(3.7005,-1.785081287004,5.198180084953));
#6030 = B_SPLINE_CURVE_WITH_KNOTS('',3,(#6031,#6032,#6033,#6034),
  .UNSPECIFIED.,.F.,.F.,(4,4),(1.,2.),.PIECEWISE_BEZIER_KNOTS.);
#6031 = CARTESIAN_POINT('',(3.7005,-1.785081287004,5.198180084953));
#6032 = CARTESIAN_POINT('',(3.7005,-1.786562942035,5.202391104514));
#6033 = CARTESIAN_POINT('',(3.7005,-1.78812257891,5.209409470449));
#6034 = CARTESIAN_POINT('',(3.7005,-1.789838179472,5.219547110134));
#6035 = ORIENTED_EDGE('',*,*,#6036,.F.);
#6036 = EDGE_CURVE('',#5998,#6028,#6037,.T.);
#6037 = B_SPLINE_CURVE_WITH_KNOTS('',1,(#6038,#6039),.UNSPECIFIED.,.F.,
  .F.,(2,2),(0.,0.13491438181),.PIECEWISE_BEZIER_KNOTS.);
#6038 = CARTESIAN_POINT('',(3.7005,-1.738994017364,5.071381607059));
#6039 = CARTESIAN_POINT('',(3.7005,-1.785081287004,5.198180084953));
#6040 = B_SPLINE_SURFACE_WITH_KNOTS('',1,1,(
    (#6041,#6042)
    ,(#6043,#6044
    )),.UNSPECIFIED.,.F.,.F.,.F.,(2,2),(2,2),(1.553469506048,
    1.858534478695),(-1.926696315205,-1.652200225298),
  .PIECEWISE_BEZIER_KNOTS.);
#6041 = CARTESIAN_POINT('',(3.7005,-1.926696315205,4.953473059348));
#6042 = CARTESIAN_POINT('',(3.7005,-1.652200225298,4.953473059348));
#6043 = CARTESIAN_POINT('',(3.7005,-1.926696315205,5.258538031995));
#6044 = CARTESIAN_POINT('',(3.7005,-1.652200225298,5.258538031995));
#6045 = ADVANCED_FACE('',(#6046),#6060,.F.);
#6046 = FACE_BOUND('',#6047,.T.);
#6047 = EDGE_LOOP('',(#6048,#6049,#6054,#6055));
#6048 = ORIENTED_EDGE('',*,*,#726,.T.);
#6049 = ORIENTED_EDGE('',*,*,#6050,.F.);
#6050 = EDGE_CURVE('',#5940,#729,#6051,.T.);
#6051 = B_SPLINE_CURVE_WITH_KNOTS('',1,(#6052,#6053),.UNSPECIFIED.,.F.,
  .F.,(2,2),(-0.,9.999999999999E-04),.PIECEWISE_BEZIER_KNOTS.);
#6052 = CARTESIAN_POINT('',(3.7005,-1.768393172448,5.258538031995));
#6053 = CARTESIAN_POINT('',(3.6995,-1.768393172448,5.258538031995));
#6054 = ORIENTED_EDGE('',*,*,#5937,.F.);
#6055 = ORIENTED_EDGE('',*,*,#6056,.T.);
#6056 = EDGE_CURVE('',#5938,#727,#6057,.T.);
#6057 = B_SPLINE_CURVE_WITH_KNOTS('',1,(#6058,#6059),.UNSPECIFIED.,.F.,
  .F.,(2,2),(-0.,9.999999999999E-04),.PIECEWISE_BEZIER_KNOTS.);
#6058 = CARTESIAN_POINT('',(3.7005,-1.652200225298,4.953473059348));
#6059 = CARTESIAN_POINT('',(3.6995,-1.652200225298,4.953473059348));
#6060 = B_SPLINE_SURFACE_WITH_KNOTS('',1,1,(
    (#6061,#6062)
    ,(#6063,#6064
    )),.UNSPECIFIED.,.F.,.F.,.F.,(2,2),(2,2),(-2.075030011687E-16,
    0.326443622243),(-9.999999999999E-04,3.08148791102E-32),
  .PIECEWISE_BEZIER_KNOTS.);
#6061 = CARTESIAN_POINT('',(3.6995,-1.768393172448,5.258538031995));
#6062 = CARTESIAN_POINT('',(3.7005,-1.768393172448,5.258538031995));
#6063 = CARTESIAN_POINT('',(3.6995,-1.652200225298,4.953473059348));
#6064 = CARTESIAN_POINT('',(3.7005,-1.652200225298,4.953473059348));
#6065 = ADVANCED_FACE('',(#6066),#6076,.F.);
#6066 = FACE_BOUND('',#6067,.T.);
#6067 = EDGE_LOOP('',(#6068,#6069,#6074,#6075));
#6068 = ORIENTED_EDGE('',*,*,#777,.T.);
#6069 = ORIENTED_EDGE('',*,*,#6070,.F.);
#6070 = EDGE_CURVE('',#5947,#771,#6071,.T.);
#6071 = B_SPLINE_CURVE_WITH_KNOTS('',1,(#6072,#6073),.UNSPECIFIED.,.F.,
  .F.,(2,2),(-0.,9.999999999999E-04),.PIECEWISE_BEZIER_KNOTS.);
#6072 = CARTESIAN_POINT('',(3.7005,-1.810503368058,5.258538031995));
#6073 = CARTESIAN_POINT('',(3.6995,-1.810503368058,5.258538031995));
#6074 = ORIENTED_EDGE('',*,*,#5946,.F.);
#6075 = ORIENTED_EDGE('',*,*,#6050,.T.);
#6076 = B_SPLINE_SURFACE_WITH_KNOTS('',1,1,(
    (#6077,#6078)
    ,(#6079,#6080
    )),.UNSPECIFIED.,.F.,.F.,.F.,(2,2),(2,2),(-3.154042683594E-19,
    4.211019561068E-02),(-9.999999999999E-04,0.),
  .PIECEWISE_BEZIER_KNOTS.);
#6077 = CARTESIAN_POINT('',(3.6995,-1.810503368058,5.258538031995));
#6078 = CARTESIAN_POINT('',(3.7005,-1.810503368058,5.258538031995));
#6079 = CARTESIAN_POINT('',(3.6995,-1.768393172448,5.258538031995));
#6080 = CARTESIAN_POINT('',(3.7005,-1.768393172448,5.258538031995));
#6081 = ADVANCED_FACE('',(#6082),#6092,.F.);
#6082 = FACE_BOUND('',#6083,.T.);
#6083 = EDGE_LOOP('',(#6084,#6085,#6090,#6091));
#6084 = ORIENTED_EDGE('',*,*,#770,.T.);
#6085 = ORIENTED_EDGE('',*,*,#6086,.F.);
#6086 = EDGE_CURVE('',#5954,#764,#6087,.T.);
#6087 = B_SPLINE_CURVE_WITH_KNOTS('',1,(#6088,#6089),.UNSPECIFIED.,.F.,
  .F.,(2,2),(-0.,9.999999999999E-04),.PIECEWISE_BEZIER_KNOTS.);
#6088 = CARTESIAN_POINT('',(3.7005,-1.926696315205,4.953473059348));
#6089 = CARTESIAN_POINT('',(3.6995,-1.926696315205,4.953473059348));
#6090 = ORIENTED_EDGE('',*,*,#5953,.F.);
#6091 = ORIENTED_EDGE('',*,*,#6070,.T.);
#6092 = B_SPLINE_SURFACE_WITH_KNOTS('',1,1,(
    (#6093,#6094)
    ,(#6095,#6096
    )),.UNSPECIFIED.,.F.,.F.,.F.,(2,2),(2,2),(-1.122636467261E-19,
    0.326443622243),(-9.999999999999E-04,1.232595164408E-32),
  .PIECEWISE_BEZIER_KNOTS.);
#6093 = CARTESIAN_POINT('',(3.6995,-1.926696315205,4.953473059348));
#6094 = CARTESIAN_POINT('',(3.7005,-1.926696315205,4.953473059348));
#6095 = CARTESIAN_POINT('',(3.6995,-1.810503368058,5.258538031995));
#6096 = CARTESIAN_POINT('',(3.7005,-1.810503368058,5.258538031995));
#6097 = ADVANCED_FACE('',(#6098),#6108,.F.);
#6098 = FACE_BOUND('',#6099,.T.);
#6099 = EDGE_LOOP('',(#6100,#6101,#6106,#6107));
#6100 = ORIENTED_EDGE('',*,*,#763,.T.);
#6101 = ORIENTED_EDGE('',*,*,#6102,.F.);
#6102 = EDGE_CURVE('',#5961,#757,#6103,.T.);
#6103 = B_SPLINE_CURVE_WITH_KNOTS('',1,(#6104,#6105),.UNSPECIFIED.,.F.,
  .F.,(2,2),(-0.,9.999999999999E-04),.PIECEWISE_BEZIER_KNOTS.);
#6104 = CARTESIAN_POINT('',(3.7005,-1.883182446409,4.953473059348));
#6105 = CARTESIAN_POINT('',(3.6995,-1.883182446409,4.953473059348));
#6106 = ORIENTED_EDGE('',*,*,#5960,.F.);
#6107 = ORIENTED_EDGE('',*,*,#6086,.T.);
#6108 = B_SPLINE_SURFACE_WITH_KNOTS('',1,1,(
    (#6109,#6110)
    ,(#6111,#6112
    )),.UNSPECIFIED.,.F.,.F.,.F.,(2,2),(2,2),(-9.999999999999E-04,0.),(
    -4.35138687961E-02,4.440892098501E-16),.PIECEWISE_BEZIER_KNOTS.);
#6109 = CARTESIAN_POINT('',(3.6995,-1.926696315205,4.953473059348));
#6110 = CARTESIAN_POINT('',(3.6995,-1.883182446409,4.953473059348));
#6111 = CARTESIAN_POINT('',(3.7005,-1.926696315205,4.953473059348));
#6112 = CARTESIAN_POINT('',(3.7005,-1.883182446409,4.953473059348));
#6113 = ADVANCED_FACE('',(#6114),#6124,.F.);
#6114 = FACE_BOUND('',#6115,.T.);
#6115 = EDGE_LOOP('',(#6116,#6117,#6122,#6123));
#6116 = ORIENTED_EDGE('',*,*,#756,.T.);
#6117 = ORIENTED_EDGE('',*,*,#6118,.F.);
#6118 = EDGE_CURVE('',#5968,#750,#6119,.T.);
#6119 = B_SPLINE_CURVE_WITH_KNOTS('',1,(#6120,#6121),.UNSPECIFIED.,.F.,
  .F.,(2,2),(-0.,9.999999999999E-04),.PIECEWISE_BEZIER_KNOTS.);
#6120 = CARTESIAN_POINT('',(3.7005,-1.853861273169,5.036913632133));
#6121 = CARTESIAN_POINT('',(3.6995,-1.853861273169,5.036913632133));
#6122 = ORIENTED_EDGE('',*,*,#5967,.F.);
#6123 = ORIENTED_EDGE('',*,*,#6102,.T.);
#6124 = B_SPLINE_SURFACE_WITH_KNOTS('',1,1,(
    (#6125,#6126)
    ,(#6127,#6128
    )),.UNSPECIFIED.,.F.,.F.,.F.,(2,2),(2,2),(0.,8.844241282812E-02),(
    -9.999999999999E-04,0.),.PIECEWISE_BEZIER_KNOTS.);
#6125 = CARTESIAN_POINT('',(3.6995,-1.853861273169,5.036913632133));
#6126 = CARTESIAN_POINT('',(3.7005,-1.853861273169,5.036913632133));
#6127 = CARTESIAN_POINT('',(3.6995,-1.883182446409,4.953473059348));
#6128 = CARTESIAN_POINT('',(3.7005,-1.883182446409,4.953473059348));
#6129 = ADVANCED_FACE('',(#6130),#6140,.F.);
#6130 = FACE_BOUND('',#6131,.T.);
#6131 = EDGE_LOOP('',(#6132,#6133,#6138,#6139));
#6132 = ORIENTED_EDGE('',*,*,#749,.T.);
#6133 = ORIENTED_EDGE('',*,*,#6134,.F.);
#6134 = EDGE_CURVE('',#5975,#743,#6135,.T.);
#6135 = B_SPLINE_CURVE_WITH_KNOTS('',1,(#6136,#6137),.UNSPECIFIED.,.F.,
  .F.,(2,2),(-0.,9.999999999999E-04),.PIECEWISE_BEZIER_KNOTS.);
#6136 = CARTESIAN_POINT('',(3.7005,-1.726828849742,5.036913632133));
#6137 = CARTESIAN_POINT('',(3.6995,-1.726828849742,5.036913632133));
#6138 = ORIENTED_EDGE('',*,*,#5974,.F.);
#6139 = ORIENTED_EDGE('',*,*,#6118,.T.);
#6140 = B_SPLINE_SURFACE_WITH_KNOTS('',1,1,(
    (#6141,#6142)
    ,(#6143,#6144
    )),.UNSPECIFIED.,.F.,.F.,.F.,(2,2),(2,2),(0.,0.127032423427),(
    -9.999999999999E-04,1.120739693546E-47),.PIECEWISE_BEZIER_KNOTS.);
#6141 = CARTESIAN_POINT('',(3.6995,-1.726828849742,5.036913632133));
#6142 = CARTESIAN_POINT('',(3.7005,-1.726828849742,5.036913632133));
#6143 = CARTESIAN_POINT('',(3.6995,-1.853861273169,5.036913632133));
#6144 = CARTESIAN_POINT('',(3.7005,-1.853861273169,5.036913632133));
#6145 = ADVANCED_FACE('',(#6146),#6156,.F.);
#6146 = FACE_BOUND('',#6147,.T.);
#6147 = EDGE_LOOP('',(#6148,#6149,#6154,#6155));
#6148 = ORIENTED_EDGE('',*,*,#742,.T.);
#6149 = ORIENTED_EDGE('',*,*,#6150,.F.);
#6150 = EDGE_CURVE('',#5982,#736,#6151,.T.);
#6151 = B_SPLINE_CURVE_WITH_KNOTS('',1,(#6152,#6153),.UNSPECIFIED.,.F.,
  .F.,(2,2),(-0.,9.999999999999E-04),.PIECEWISE_BEZIER_KNOTS.);
#6152 = CARTESIAN_POINT('',(3.7005,-1.695714094097,4.953473059348));
#6153 = CARTESIAN_POINT('',(3.6995,-1.695714094097,4.953473059348));
#6154 = ORIENTED_EDGE('',*,*,#5981,.F.);
#6155 = ORIENTED_EDGE('',*,*,#6134,.T.);
#6156 = B_SPLINE_SURFACE_WITH_KNOTS('',1,1,(
    (#6157,#6158)
    ,(#6159,#6160
    )),.UNSPECIFIED.,.F.,.F.,.F.,(2,2),(2,2),(0.,8.905311451925E-02),(
    -9.999999999999E-04,1.078520768857E-32),.PIECEWISE_BEZIER_KNOTS.);
#6157 = CARTESIAN_POINT('',(3.6995,-1.695714094097,4.953473059348));
#6158 = CARTESIAN_POINT('',(3.7005,-1.695714094097,4.953473059348));
#6159 = CARTESIAN_POINT('',(3.6995,-1.726828849742,5.036913632133));
#6160 = CARTESIAN_POINT('',(3.7005,-1.726828849742,5.036913632133));
#6161 = ADVANCED_FACE('',(#6162),#6168,.F.);
#6162 = FACE_BOUND('',#6163,.T.);
#6163 = EDGE_LOOP('',(#6164,#6165,#6166,#6167));
#6164 = ORIENTED_EDGE('',*,*,#735,.T.);
#6165 = ORIENTED_EDGE('',*,*,#6056,.F.);
#6166 = ORIENTED_EDGE('',*,*,#5988,.F.);
#6167 = ORIENTED_EDGE('',*,*,#6150,.T.);
#6168 = B_SPLINE_SURFACE_WITH_KNOTS('',1,1,(
    (#6169,#6170)
    ,(#6171,#6172
    )),.UNSPECIFIED.,.F.,.F.,.F.,(2,2),(2,2),(-9.999999999999E-04,0.),(
    -4.351386879818E-02,0.),.PIECEWISE_BEZIER_KNOTS.);
#6169 = CARTESIAN_POINT('',(3.6995,-1.695714094097,4.953473059348));
#6170 = CARTESIAN_POINT('',(3.6995,-1.652200225298,4.953473059348));
#6171 = CARTESIAN_POINT('',(3.7005,-1.695714094097,4.953473059348));
#6172 = CARTESIAN_POINT('',(3.7005,-1.652200225298,4.953473059348));
#6173 = ADVANCED_FACE('',(#6174),#6196,.T.);
#6174 = FACE_BOUND('',#6175,.T.);
#6175 = EDGE_LOOP('',(#6176,#6185,#6190,#6191));
#6176 = ORIENTED_EDGE('',*,*,#6177,.F.);
#6177 = EDGE_CURVE('',#6178,#6180,#6182,.T.);
#6178 = VERTEX_POINT('',#6179);
#6179 = CARTESIAN_POINT('',(3.6995,-1.841384178173,5.071381607059));
#6180 = VERTEX_POINT('',#6181);
#6181 = CARTESIAN_POINT('',(3.6995,-1.738994017364,5.071381607059));
#6182 = B_SPLINE_CURVE_WITH_KNOTS('',1,(#6183,#6184),.UNSPECIFIED.,.F.,
  .F.,(2,2),(4.440892098501E-16,0.102390160809),
  .PIECEWISE_BEZIER_KNOTS.);
#6183 = CARTESIAN_POINT('',(3.6995,-1.841384178173,5.071381607059));
#6184 = CARTESIAN_POINT('',(3.6995,-1.738994017364,5.071381607059));
#6185 = ORIENTED_EDGE('',*,*,#6186,.F.);
#6186 = EDGE_CURVE('',#5996,#6178,#6187,.T.);
#6187 = B_SPLINE_CURVE_WITH_KNOTS('',1,(#6188,#6189),.UNSPECIFIED.,.F.,
  .F.,(2,2),(-0.,9.999999999999E-04),.PIECEWISE_BEZIER_KNOTS.);
#6188 = CARTESIAN_POINT('',(3.7005,-1.841384178173,5.071381607059));
#6189 = CARTESIAN_POINT('',(3.6995,-1.841384178173,5.071381607059));
#6190 = ORIENTED_EDGE('',*,*,#5995,.T.);
#6191 = ORIENTED_EDGE('',*,*,#6192,.T.);
#6192 = EDGE_CURVE('',#5998,#6180,#6193,.T.);
#6193 = B_SPLINE_CURVE_WITH_KNOTS('',1,(#6194,#6195),.UNSPECIFIED.,.F.,
  .F.,(2,2),(-0.,9.999999999999E-04),.PIECEWISE_BEZIER_KNOTS.);
#6194 = CARTESIAN_POINT('',(3.7005,-1.738994017364,5.071381607059));
#6195 = CARTESIAN_POINT('',(3.6995,-1.738994017364,5.071381607059));
#6196 = B_SPLINE_SURFACE_WITH_KNOTS('',1,1,(
    (#6197,#6198)
    ,(#6199,#6200
    )),.UNSPECIFIED.,.F.,.F.,.F.,(2,2),(2,2),(-0.102390160809,
    3.154042683594E-19),(-9.999999999999E-04,0.),
  .PIECEWISE_BEZIER_KNOTS.);
#6197 = CARTESIAN_POINT('',(3.6995,-1.738994017364,5.071381607059));
#6198 = CARTESIAN_POINT('',(3.7005,-1.738994017364,5.071381607059));
#6199 = CARTESIAN_POINT('',(3.6995,-1.841384178173,5.071381607059));
#6200 = CARTESIAN_POINT('',(3.7005,-1.841384178173,5.071381607059));
#6201 = ADVANCED_FACE('',(#6202),#6218,.T.);
#6202 = FACE_BOUND('',#6203,.T.);
#6203 = EDGE_LOOP('',(#6204,#6211,#6212,#6213));
#6204 = ORIENTED_EDGE('',*,*,#6205,.F.);
#6205 = EDGE_CURVE('',#6180,#6206,#6208,.T.);
#6206 = VERTEX_POINT('',#6207);
#6207 = CARTESIAN_POINT('',(3.6995,-1.785081287004,5.198180084953));
#6208 = B_SPLINE_CURVE_WITH_KNOTS('',1,(#6209,#6210),.UNSPECIFIED.,.F.,
  .F.,(2,2),(0.,0.13491438181),.PIECEWISE_BEZIER_KNOTS.);
#6209 = CARTESIAN_POINT('',(3.6995,-1.738994017364,5.071381607059));
#6210 = CARTESIAN_POINT('',(3.6995,-1.785081287004,5.198180084953));
#6211 = ORIENTED_EDGE('',*,*,#6192,.F.);
#6212 = ORIENTED_EDGE('',*,*,#6036,.T.);
#6213 = ORIENTED_EDGE('',*,*,#6214,.T.);
#6214 = EDGE_CURVE('',#6028,#6206,#6215,.T.);
#6215 = B_SPLINE_CURVE_WITH_KNOTS('',1,(#6216,#6217),.UNSPECIFIED.,.F.,
  .F.,(2,2),(-0.,9.999999999999E-04),.PIECEWISE_BEZIER_KNOTS.);
#6216 = CARTESIAN_POINT('',(3.7005,-1.785081287004,5.198180084953));
#6217 = CARTESIAN_POINT('',(3.6995,-1.785081287004,5.198180084953));
#6218 = B_SPLINE_SURFACE_WITH_KNOTS('',1,1,(
    (#6219,#6220)
    ,(#6221,#6222
    )),.UNSPECIFIED.,.F.,.F.,.F.,(2,2),(2,2),(-0.13491438181,0.),(
    -9.999999999999E-04,1.662948146277E-33),.PIECEWISE_BEZIER_KNOTS.);
#6219 = CARTESIAN_POINT('',(3.6995,-1.785081287004,5.198180084953));
#6220 = CARTESIAN_POINT('',(3.7005,-1.785081287004,5.198180084953));
#6221 = CARTESIAN_POINT('',(3.6995,-1.738994017364,5.071381607059));
#6222 = CARTESIAN_POINT('',(3.7005,-1.738994017364,5.071381607059));
#6223 = ADVANCED_FACE('',(#6224),#6242,.T.);
#6224 = FACE_BOUND('',#6225,.T.);
#6225 = EDGE_LOOP('',(#6226,#6235,#6236,#6237));
#6226 = ORIENTED_EDGE('',*,*,#6227,.F.);
#6227 = EDGE_CURVE('',#6206,#6228,#6230,.T.);
#6228 = VERTEX_POINT('',#6229);
#6229 = CARTESIAN_POINT('',(3.6995,-1.789838179472,5.219547110134));
#6230 = B_SPLINE_CURVE_WITH_KNOTS('',3,(#6231,#6232,#6233,#6234),
  .UNSPECIFIED.,.F.,.F.,(4,4),(1.,2.),.PIECEWISE_BEZIER_KNOTS.);
#6231 = CARTESIAN_POINT('',(3.6995,-1.785081287004,5.198180084953));
#6232 = CARTESIAN_POINT('',(3.6995,-1.786562942035,5.202391104514));
#6233 = CARTESIAN_POINT('',(3.6995,-1.78812257891,5.209409470449));
#6234 = CARTESIAN_POINT('',(3.6995,-1.789838179472,5.219547110134));
#6235 = ORIENTED_EDGE('',*,*,#6214,.F.);
#6236 = ORIENTED_EDGE('',*,*,#6027,.T.);
#6237 = ORIENTED_EDGE('',*,*,#6238,.T.);
#6238 = EDGE_CURVE('',#6021,#6228,#6239,.T.);
#6239 = B_SPLINE_CURVE_WITH_KNOTS('',1,(#6240,#6241),.UNSPECIFIED.,.F.,
  .F.,(2,2),(-0.,9.999999999999E-04),.PIECEWISE_BEZIER_KNOTS.);
#6240 = CARTESIAN_POINT('',(3.7005,-1.789838179472,5.219547110134));
#6241 = CARTESIAN_POINT('',(3.6995,-1.789838179472,5.219547110134));
#6242 = B_SPLINE_SURFACE_WITH_KNOTS('',3,1,(
    (#6243,#6244)
    ,(#6245,#6246)
    ,(#6247,#6248)
    ,(#6249,#6250
    )),.UNSPECIFIED.,.F.,.F.,.F.,(4,4),(2,2),(1.,2.),(0.,1.),
  .PIECEWISE_BEZIER_KNOTS.);
#6243 = CARTESIAN_POINT('',(3.7005,-1.785081287004,5.198180084953));
#6244 = CARTESIAN_POINT('',(3.6995,-1.785081287004,5.198180084953));
#6245 = CARTESIAN_POINT('',(3.7005,-1.786562942035,5.202391104514));
#6246 = CARTESIAN_POINT('',(3.6995,-1.786562942035,5.202391104514));
#6247 = CARTESIAN_POINT('',(3.7005,-1.78812257891,5.209409470449));
#6248 = CARTESIAN_POINT('',(3.6995,-1.78812257891,5.209409470449));
#6249 = CARTESIAN_POINT('',(3.7005,-1.789838179472,5.219547110134));
#6250 = CARTESIAN_POINT('',(3.6995,-1.789838179472,5.219547110134));
#6251 = ADVANCED_FACE('',(#6252),#6268,.T.);
#6252 = FACE_BOUND('',#6253,.T.);
#6253 = EDGE_LOOP('',(#6254,#6261,#6262,#6263));
#6254 = ORIENTED_EDGE('',*,*,#6255,.F.);
#6255 = EDGE_CURVE('',#6228,#6256,#6258,.T.);
#6256 = VERTEX_POINT('',#6257);
#6257 = CARTESIAN_POINT('',(3.6995,-1.790773961596,5.219547110134));
#6258 = B_SPLINE_CURVE_WITH_KNOTS('',1,(#6259,#6260),.UNSPECIFIED.,.F.,
  .F.,(2,2),(-2.22044604925E-16,9.357821236191E-04),
  .PIECEWISE_BEZIER_KNOTS.);
#6259 = CARTESIAN_POINT('',(3.6995,-1.789838179472,5.219547110134));
#6260 = CARTESIAN_POINT('',(3.6995,-1.790773961596,5.219547110134));
#6261 = ORIENTED_EDGE('',*,*,#6238,.F.);
#6262 = ORIENTED_EDGE('',*,*,#6020,.T.);
#6263 = ORIENTED_EDGE('',*,*,#6264,.T.);
#6264 = EDGE_CURVE('',#6012,#6256,#6265,.T.);
#6265 = B_SPLINE_CURVE_WITH_KNOTS('',1,(#6266,#6267),.UNSPECIFIED.,.F.,
  .F.,(2,2),(-0.,9.999999999999E-04),.PIECEWISE_BEZIER_KNOTS.);
#6266 = CARTESIAN_POINT('',(3.7005,-1.790773961596,5.219547110134));
#6267 = CARTESIAN_POINT('',(3.6995,-1.790773961596,5.219547110134));
#6268 = B_SPLINE_SURFACE_WITH_KNOTS('',1,1,(
    (#6269,#6270)
    ,(#6271,#6272
    )),.UNSPECIFIED.,.F.,.F.,.F.,(2,2),(2,2),(0.,9.999999999999E-04),(
    -9.357821236191E-04,2.22044604925E-16),.PIECEWISE_BEZIER_KNOTS.);
#6269 = CARTESIAN_POINT('',(3.7005,-1.790773961596,5.219547110134));
#6270 = CARTESIAN_POINT('',(3.7005,-1.789838179472,5.219547110134));
#6271 = CARTESIAN_POINT('',(3.6995,-1.790773961596,5.219547110134));
#6272 = CARTESIAN_POINT('',(3.6995,-1.789838179472,5.219547110134));
#6273 = ADVANCED_FACE('',(#6274),#6292,.T.);
#6274 = FACE_BOUND('',#6275,.T.);
#6275 = EDGE_LOOP('',(#6276,#6285,#6286,#6287));
#6276 = ORIENTED_EDGE('',*,*,#6277,.F.);
#6277 = EDGE_CURVE('',#6256,#6278,#6280,.T.);
#6278 = VERTEX_POINT('',#6279);
#6279 = CARTESIAN_POINT('',(3.6995,-1.795764799595,5.198180084953));
#6280 = B_SPLINE_CURVE_WITH_KNOTS('',3,(#6281,#6282,#6283,#6284),
  .UNSPECIFIED.,.F.,.F.,(4,4),(3.,4.),.PIECEWISE_BEZIER_KNOTS.);
#6281 = CARTESIAN_POINT('',(3.6995,-1.790773961596,5.219547110134));
#6282 = CARTESIAN_POINT('',(3.6995,-1.792255616627,5.210345252575));
#6283 = CARTESIAN_POINT('',(3.6995,-1.793893235345,5.203170922952));
#6284 = CARTESIAN_POINT('',(3.6995,-1.795764799595,5.198180084953));
#6285 = ORIENTED_EDGE('',*,*,#6264,.F.);
#6286 = ORIENTED_EDGE('',*,*,#6011,.T.);
#6287 = ORIENTED_EDGE('',*,*,#6288,.T.);
#6288 = EDGE_CURVE('',#6005,#6278,#6289,.T.);
#6289 = B_SPLINE_CURVE_WITH_KNOTS('',1,(#6290,#6291),.UNSPECIFIED.,.F.,
  .F.,(2,2),(7.003381615954E-32,9.999999999999E-04),
  .PIECEWISE_BEZIER_KNOTS.);
#6290 = CARTESIAN_POINT('',(3.7005,-1.795764799595,5.198180084953));
#6291 = CARTESIAN_POINT('',(3.6995,-1.795764799595,5.198180084953));
#6292 = B_SPLINE_SURFACE_WITH_KNOTS('',3,1,(
    (#6293,#6294)
    ,(#6295,#6296)
    ,(#6297,#6298)
    ,(#6299,#6300
    )),.UNSPECIFIED.,.F.,.F.,.F.,(4,4),(2,2),(3.,4.),(0.,1.),
  .PIECEWISE_BEZIER_KNOTS.);
#6293 = CARTESIAN_POINT('',(3.7005,-1.790773961596,5.219547110134));
#6294 = CARTESIAN_POINT('',(3.6995,-1.790773961596,5.219547110134));
#6295 = CARTESIAN_POINT('',(3.7005,-1.792255616627,5.210345252575));
#6296 = CARTESIAN_POINT('',(3.6995,-1.792255616627,5.210345252575));
#6297 = CARTESIAN_POINT('',(3.7005,-1.793893235345,5.203170922952));
#6298 = CARTESIAN_POINT('',(3.6995,-1.793893235345,5.203170922952));
#6299 = CARTESIAN_POINT('',(3.7005,-1.795764799595,5.198180084953));
#6300 = CARTESIAN_POINT('',(3.6995,-1.795764799595,5.198180084953));
#6301 = ADVANCED_FACE('',(#6302),#6312,.T.);
#6302 = FACE_BOUND('',#6303,.T.);
#6303 = EDGE_LOOP('',(#6304,#6309,#6310,#6311));
#6304 = ORIENTED_EDGE('',*,*,#6305,.F.);
#6305 = EDGE_CURVE('',#6278,#6178,#6306,.T.);
#6306 = B_SPLINE_CURVE_WITH_KNOTS('',1,(#6307,#6308),.UNSPECIFIED.,.F.,
  .F.,(2,2),(-7.516987794757E-17,0.134755265938),
  .PIECEWISE_BEZIER_KNOTS.);
#6307 = CARTESIAN_POINT('',(3.6995,-1.795764799595,5.198180084953));
#6308 = CARTESIAN_POINT('',(3.6995,-1.841384178173,5.071381607059));
#6309 = ORIENTED_EDGE('',*,*,#6288,.F.);
#6310 = ORIENTED_EDGE('',*,*,#6004,.T.);
#6311 = ORIENTED_EDGE('',*,*,#6186,.T.);
#6312 = B_SPLINE_SURFACE_WITH_KNOTS('',1,1,(
    (#6313,#6314)
    ,(#6315,#6316
    )),.UNSPECIFIED.,.F.,.F.,.F.,(2,2),(2,2),(-0.134755265938,
    7.516987794757E-17),(-9.999999999999E-04,0.),
  .PIECEWISE_BEZIER_KNOTS.);
#6313 = CARTESIAN_POINT('',(3.6995,-1.841384178173,5.071381607059));
#6314 = CARTESIAN_POINT('',(3.7005,-1.841384178173,5.071381607059));
#6315 = CARTESIAN_POINT('',(3.6995,-1.795764799595,5.198180084953));
#6316 = CARTESIAN_POINT('',(3.7005,-1.795764799595,5.198180084953));
#6317 = ADVANCED_FACE('',(#6318),#6326,.F.);
#6318 = FACE_BOUND('',#6319,.T.);
#6319 = EDGE_LOOP('',(#6320,#6321,#6322,#6323,#6324,#6325));
#6320 = ORIENTED_EDGE('',*,*,#6305,.T.);
#6321 = ORIENTED_EDGE('',*,*,#6177,.T.);
#6322 = ORIENTED_EDGE('',*,*,#6205,.T.);
#6323 = ORIENTED_EDGE('',*,*,#6227,.T.);
#6324 = ORIENTED_EDGE('',*,*,#6255,.T.);
#6325 = ORIENTED_EDGE('',*,*,#6277,.T.);
#6326 = B_SPLINE_SURFACE_WITH_KNOTS('',1,1,(
    (#6327,#6328)
    ,(#6329,#6330
    )),.UNSPECIFIED.,.F.,.F.,.F.,(2,2),(2,2),(7.488994017364,
    7.591384178173),(-4.428621946241,-4.280456443166),
  .PIECEWISE_BEZIER_KNOTS.);
#6327 = CARTESIAN_POINT('',(3.6995,-1.738994017364,5.071381607059));
#6328 = CARTESIAN_POINT('',(3.6995,-1.738994017364,5.219547110134));
#6329 = CARTESIAN_POINT('',(3.6995,-1.841384178173,5.071381607059));
#6330 = CARTESIAN_POINT('',(3.6995,-1.841384178173,5.219547110134));
#6331 = ADVANCED_FACE('',(#6332),#6354,.F.);
#6332 = FACE_BOUND('',#6333,.T.);
#6333 = EDGE_LOOP('',(#6334,#6335,#6342,#6349));
#6334 = ORIENTED_EDGE('',*,*,#254,.T.);
#6335 = ORIENTED_EDGE('',*,*,#6336,.F.);
#6336 = EDGE_CURVE('',#6337,#257,#6339,.T.);
#6337 = VERTEX_POINT('',#6338);
#6338 = CARTESIAN_POINT('',(3.7005,-2.712441372568,4.5042976395));
#6339 = B_SPLINE_CURVE_WITH_KNOTS('',1,(#6340,#6341),.UNSPECIFIED.,.F.,
  .F.,(2,2),(-0.,1.E-03),.PIECEWISE_BEZIER_KNOTS.);
#6340 = CARTESIAN_POINT('',(3.7005,-2.712441372568,4.5042976395));
#6341 = CARTESIAN_POINT('',(3.6995,-2.712441372568,4.5042976395));
#6342 = ORIENTED_EDGE('',*,*,#6343,.F.);
#6343 = EDGE_CURVE('',#6344,#6337,#6346,.T.);
#6344 = VERTEX_POINT('',#6345);
#6345 = CARTESIAN_POINT('',(3.7005,-2.712441372568,4.469517737199));
#6346 = B_SPLINE_CURVE_WITH_KNOTS('',1,(#6347,#6348),.UNSPECIFIED.,.F.,
  .F.,(2,2),(-3.477990230068E-02,0.),.PIECEWISE_BEZIER_KNOTS.);
#6347 = CARTESIAN_POINT('',(3.7005,-2.712441372568,4.469517737199));
#6348 = CARTESIAN_POINT('',(3.7005,-2.712441372568,4.5042976395));
#6349 = ORIENTED_EDGE('',*,*,#6350,.T.);
#6350 = EDGE_CURVE('',#6344,#255,#6351,.T.);
#6351 = B_SPLINE_CURVE_WITH_KNOTS('',1,(#6352,#6353),.UNSPECIFIED.,.F.,
  .F.,(2,2),(-0.,9.999999999999E-04),.PIECEWISE_BEZIER_KNOTS.);
#6352 = CARTESIAN_POINT('',(3.7005,-2.712441372568,4.469517737199));
#6353 = CARTESIAN_POINT('',(3.6995,-2.712441372568,4.469517737199));
#6354 = B_SPLINE_SURFACE_WITH_KNOTS('',1,1,(
    (#6355,#6356)
    ,(#6357,#6358)),.UNSPECIFIED.,.F.,.F.,.F.,(2,2),(2,2),(-1.E-03,0.),(
    -3.477990230068E-02,0.),.PIECEWISE_BEZIER_KNOTS.);
#6355 = CARTESIAN_POINT('',(3.6995,-2.712441372568,4.469517737199));
#6356 = CARTESIAN_POINT('',(3.6995,-2.712441372568,4.5042976395));
#6357 = CARTESIAN_POINT('',(3.7005,-2.712441372568,4.469517737199));
#6358 = CARTESIAN_POINT('',(3.7005,-2.712441372568,4.5042976395));
#6359 = ADVANCED_FACE('',(#6360),#6376,.F.);
#6360 = FACE_BOUND('',#6361,.T.);
#6361 = EDGE_LOOP('',(#6362,#6363,#6370,#6375));
#6362 = ORIENTED_EDGE('',*,*,#333,.T.);
#6363 = ORIENTED_EDGE('',*,*,#6364,.F.);
#6364 = EDGE_CURVE('',#6365,#327,#6367,.T.);
#6365 = VERTEX_POINT('',#6366);
#6366 = CARTESIAN_POINT('',(3.7005,-2.837134340682,4.5042976395));
#6367 = B_SPLINE_CURVE_WITH_KNOTS('',1,(#6368,#6369),.UNSPECIFIED.,.F.,
  .F.,(2,2),(-0.,1.E-03),.PIECEWISE_BEZIER_KNOTS.);
#6368 = CARTESIAN_POINT('',(3.7005,-2.837134340682,4.5042976395));
#6369 = CARTESIAN_POINT('',(3.6995,-2.837134340682,4.5042976395));
#6370 = ORIENTED_EDGE('',*,*,#6371,.F.);
#6371 = EDGE_CURVE('',#6337,#6365,#6372,.T.);
#6372 = B_SPLINE_CURVE_WITH_KNOTS('',1,(#6373,#6374),.UNSPECIFIED.,.F.,
  .F.,(2,2),(-0.124692968115,-0.),.PIECEWISE_BEZIER_KNOTS.);
#6373 = CARTESIAN_POINT('',(3.7005,-2.712441372568,4.5042976395));
#6374 = CARTESIAN_POINT('',(3.7005,-2.837134340682,4.5042976395));
#6375 = ORIENTED_EDGE('',*,*,#6336,.T.);
#6376 = B_SPLINE_SURFACE_WITH_KNOTS('',1,1,(
    (#6377,#6378)
    ,(#6379,#6380
    )),.UNSPECIFIED.,.F.,.F.,.F.,(2,2),(2,2),(-8.881784197001E-16,
    0.124692968115),(-1.E-03,0.),.PIECEWISE_BEZIER_KNOTS.);
#6377 = CARTESIAN_POINT('',(3.6995,-2.837134340682,4.5042976395));
#6378 = CARTESIAN_POINT('',(3.7005,-2.837134340682,4.5042976395));
#6379 = CARTESIAN_POINT('',(3.6995,-2.712441372568,4.5042976395));
#6380 = CARTESIAN_POINT('',(3.7005,-2.712441372568,4.5042976395));
#6381 = ADVANCED_FACE('',(#6382),#6398,.F.);
#6382 = FACE_BOUND('',#6383,.T.);
#6383 = EDGE_LOOP('',(#6384,#6385,#6392,#6397));
#6384 = ORIENTED_EDGE('',*,*,#326,.T.);
#6385 = ORIENTED_EDGE('',*,*,#6386,.F.);
#6386 = EDGE_CURVE('',#6387,#320,#6389,.T.);
#6387 = VERTEX_POINT('',#6388);
#6388 = CARTESIAN_POINT('',(3.7005,-2.837134340682,4.60692174584));
#6389 = B_SPLINE_CURVE_WITH_KNOTS('',1,(#6390,#6391),.UNSPECIFIED.,.F.,
  .F.,(2,2),(-0.,1.E-03),.PIECEWISE_BEZIER_KNOTS.);
#6390 = CARTESIAN_POINT('',(3.7005,-2.837134340682,4.60692174584));
#6391 = CARTESIAN_POINT('',(3.6995,-2.837134340682,4.60692174584));
#6392 = ORIENTED_EDGE('',*,*,#6393,.F.);
#6393 = EDGE_CURVE('',#6365,#6387,#6394,.T.);
#6394 = B_SPLINE_CURVE_WITH_KNOTS('',1,(#6395,#6396),.UNSPECIFIED.,.F.,
  .F.,(2,2),(-0.10262410634,0.),.PIECEWISE_BEZIER_KNOTS.);
#6395 = CARTESIAN_POINT('',(3.7005,-2.837134340682,4.5042976395));
#6396 = CARTESIAN_POINT('',(3.7005,-2.837134340682,4.60692174584));
#6397 = ORIENTED_EDGE('',*,*,#6364,.T.);
#6398 = B_SPLINE_SURFACE_WITH_KNOTS('',1,1,(
    (#6399,#6400)
    ,(#6401,#6402
    )),.UNSPECIFIED.,.F.,.F.,.F.,(2,2),(2,2),(-1.E-03,0.),(
    -0.10262410634,0.),.PIECEWISE_BEZIER_KNOTS.);
#6399 = CARTESIAN_POINT('',(3.6995,-2.837134340682,4.5042976395));
#6400 = CARTESIAN_POINT('',(3.6995,-2.837134340682,4.60692174584));
#6401 = CARTESIAN_POINT('',(3.7005,-2.837134340682,4.5042976395));
#6402 = CARTESIAN_POINT('',(3.7005,-2.837134340682,4.60692174584));
#6403 = ADVANCED_FACE('',(#6404),#6420,.F.);
#6404 = FACE_BOUND('',#6405,.T.);
#6405 = EDGE_LOOP('',(#6406,#6407,#6414,#6419));
#6406 = ORIENTED_EDGE('',*,*,#319,.T.);
#6407 = ORIENTED_EDGE('',*,*,#6408,.F.);
#6408 = EDGE_CURVE('',#6409,#313,#6411,.T.);
#6409 = VERTEX_POINT('',#6410);
#6410 = CARTESIAN_POINT('',(3.7005,-2.728037741312,4.60692174584));
#6411 = B_SPLINE_CURVE_WITH_KNOTS('',1,(#6412,#6413),.UNSPECIFIED.,.F.,
  .F.,(2,2),(-0.,1.E-03),.PIECEWISE_BEZIER_KNOTS.);
#6412 = CARTESIAN_POINT('',(3.7005,-2.728037741312,4.60692174584));
#6413 = CARTESIAN_POINT('',(3.6995,-2.728037741312,4.60692174584));
#6414 = ORIENTED_EDGE('',*,*,#6415,.F.);
#6415 = EDGE_CURVE('',#6387,#6409,#6416,.T.);
#6416 = B_SPLINE_CURVE_WITH_KNOTS('',1,(#6417,#6418),.UNSPECIFIED.,.F.,
  .F.,(2,2),(-0.10909659937,0.),.PIECEWISE_BEZIER_KNOTS.);
#6417 = CARTESIAN_POINT('',(3.7005,-2.837134340682,4.60692174584));
#6418 = CARTESIAN_POINT('',(3.7005,-2.728037741312,4.60692174584));
#6419 = ORIENTED_EDGE('',*,*,#6386,.T.);
#6420 = B_SPLINE_SURFACE_WITH_KNOTS('',1,1,(
    (#6421,#6422)
    ,(#6423,#6424
    )),.UNSPECIFIED.,.F.,.F.,.F.,(2,2),(2,2),(-8.881784197001E-16,
    0.10909659937),(-1.E-03,3.262482060026E-48),
  .PIECEWISE_BEZIER_KNOTS.);
#6421 = CARTESIAN_POINT('',(3.6995,-2.728037741312,4.60692174584));
#6422 = CARTESIAN_POINT('',(3.7005,-2.728037741312,4.60692174584));
#6423 = CARTESIAN_POINT('',(3.6995,-2.837134340682,4.60692174584));
#6424 = CARTESIAN_POINT('',(3.7005,-2.837134340682,4.60692174584));
#6425 = ADVANCED_FACE('',(#6426),#6442,.F.);
#6426 = FACE_BOUND('',#6427,.T.);
#6427 = EDGE_LOOP('',(#6428,#6429,#6436,#6441));
#6428 = ORIENTED_EDGE('',*,*,#312,.T.);
#6429 = ORIENTED_EDGE('',*,*,#6430,.F.);
#6430 = EDGE_CURVE('',#6431,#306,#6433,.T.);
#6431 = VERTEX_POINT('',#6432);
#6432 = CARTESIAN_POINT('',(3.7005,-2.728037741312,4.641857611827));
#6433 = B_SPLINE_CURVE_WITH_KNOTS('',1,(#6434,#6435),.UNSPECIFIED.,.F.,
  .F.,(2,2),(-0.,1.E-03),.PIECEWISE_BEZIER_KNOTS.);
#6434 = CARTESIAN_POINT('',(3.7005,-2.728037741312,4.641857611827));
#6435 = CARTESIAN_POINT('',(3.6995,-2.728037741312,4.641857611827));
#6436 = ORIENTED_EDGE('',*,*,#6437,.F.);
#6437 = EDGE_CURVE('',#6409,#6431,#6438,.T.);
#6438 = B_SPLINE_CURVE_WITH_KNOTS('',1,(#6439,#6440),.UNSPECIFIED.,.F.,
  .F.,(2,2),(-3.493586598795E-02,0.),.PIECEWISE_BEZIER_KNOTS.);
#6439 = CARTESIAN_POINT('',(3.7005,-2.728037741312,4.60692174584));
#6440 = CARTESIAN_POINT('',(3.7005,-2.728037741312,4.641857611827));
#6441 = ORIENTED_EDGE('',*,*,#6408,.T.);
#6442 = B_SPLINE_SURFACE_WITH_KNOTS('',1,1,(
    (#6443,#6444)
    ,(#6445,#6446)),.UNSPECIFIED.,.F.,.F.,.F.,(2,2),(2,2),(-1.E-03,0.),(
    -3.493586598795E-02,0.),.PIECEWISE_BEZIER_KNOTS.);
#6443 = CARTESIAN_POINT('',(3.6995,-2.728037741312,4.60692174584));
#6444 = CARTESIAN_POINT('',(3.6995,-2.728037741312,4.641857611827));
#6445 = CARTESIAN_POINT('',(3.7005,-2.728037741312,4.60692174584));
#6446 = CARTESIAN_POINT('',(3.7005,-2.728037741312,4.641857611827));
#6447 = ADVANCED_FACE('',(#6448),#6464,.F.);
#6448 = FACE_BOUND('',#6449,.T.);
#6449 = EDGE_LOOP('',(#6450,#6451,#6458,#6463));
#6450 = ORIENTED_EDGE('',*,*,#305,.T.);
#6451 = ORIENTED_EDGE('',*,*,#6452,.F.);
#6452 = EDGE_CURVE('',#6453,#299,#6455,.T.);
#6453 = VERTEX_POINT('',#6454);
#6454 = CARTESIAN_POINT('',(3.7005,-2.837134340682,4.641857611827));
#6455 = B_SPLINE_CURVE_WITH_KNOTS('',1,(#6456,#6457),.UNSPECIFIED.,.F.,
  .F.,(2,2),(-0.,1.E-03),.PIECEWISE_BEZIER_KNOTS.);
#6456 = CARTESIAN_POINT('',(3.7005,-2.837134340682,4.641857611827));
#6457 = CARTESIAN_POINT('',(3.6995,-2.837134340682,4.641857611827));
#6458 = ORIENTED_EDGE('',*,*,#6459,.F.);
#6459 = EDGE_CURVE('',#6431,#6453,#6460,.T.);
#6460 = B_SPLINE_CURVE_WITH_KNOTS('',1,(#6461,#6462),.UNSPECIFIED.,.F.,
  .F.,(2,2),(-0.10909659937,-0.),.PIECEWISE_BEZIER_KNOTS.);
#6461 = CARTESIAN_POINT('',(3.7005,-2.728037741312,4.641857611827));
#6462 = CARTESIAN_POINT('',(3.7005,-2.837134340682,4.641857611827));
#6463 = ORIENTED_EDGE('',*,*,#6430,.T.);
#6464 = B_SPLINE_SURFACE_WITH_KNOTS('',1,1,(
    (#6465,#6466)
    ,(#6467,#6468
    )),.UNSPECIFIED.,.F.,.F.,.F.,(2,2),(2,2),(-3.154042683595E-19,
    0.10909659937),(-1.E-03,0.),.PIECEWISE_BEZIER_KNOTS.);
#6465 = CARTESIAN_POINT('',(3.6995,-2.837134340682,4.641857611827));
#6466 = CARTESIAN_POINT('',(3.7005,-2.837134340682,4.641857611827));
#6467 = CARTESIAN_POINT('',(3.6995,-2.728037741312,4.641857611827));
#6468 = CARTESIAN_POINT('',(3.7005,-2.728037741312,4.641857611827));
#6469 = ADVANCED_FACE('',(#6470),#6486,.F.);
#6470 = FACE_BOUND('',#6471,.T.);
#6471 = EDGE_LOOP('',(#6472,#6473,#6480,#6485));
#6472 = ORIENTED_EDGE('',*,*,#298,.T.);
#6473 = ORIENTED_EDGE('',*,*,#6474,.F.);
#6474 = EDGE_CURVE('',#6475,#292,#6477,.T.);
#6475 = VERTEX_POINT('',#6476);
#6476 = CARTESIAN_POINT('',(3.7005,-2.837134340682,4.739490880171));
#6477 = B_SPLINE_CURVE_WITH_KNOTS('',1,(#6478,#6479),.UNSPECIFIED.,.F.,
  .F.,(2,2),(-0.,1.E-03),.PIECEWISE_BEZIER_KNOTS.);
#6478 = CARTESIAN_POINT('',(3.7005,-2.837134340682,4.739490880171));
#6479 = CARTESIAN_POINT('',(3.6995,-2.837134340682,4.739490880171));
#6480 = ORIENTED_EDGE('',*,*,#6481,.F.);
#6481 = EDGE_CURVE('',#6453,#6475,#6482,.T.);
#6482 = B_SPLINE_CURVE_WITH_KNOTS('',1,(#6483,#6484),.UNSPECIFIED.,.F.,
  .F.,(2,2),(-9.763326834319E-02,0.),.PIECEWISE_BEZIER_KNOTS.);
#6483 = CARTESIAN_POINT('',(3.7005,-2.837134340682,4.641857611827));
#6484 = CARTESIAN_POINT('',(3.7005,-2.837134340682,4.739490880171));
#6485 = ORIENTED_EDGE('',*,*,#6452,.T.);
#6486 = B_SPLINE_SURFACE_WITH_KNOTS('',1,1,(
    (#6487,#6488)
    ,(#6489,#6490
    )),.UNSPECIFIED.,.F.,.F.,.F.,(2,2),(2,2),(-4.440892098501E-16,
    9.763326834319E-02),(-1.E-03,6.565670264957E-33),
  .PIECEWISE_BEZIER_KNOTS.);
#6487 = CARTESIAN_POINT('',(3.6995,-2.837134340682,4.739490880171));
#6488 = CARTESIAN_POINT('',(3.7005,-2.837134340682,4.739490880171));
#6489 = CARTESIAN_POINT('',(3.6995,-2.837134340682,4.641857611827));
#6490 = CARTESIAN_POINT('',(3.7005,-2.837134340682,4.641857611827));
#6491 = ADVANCED_FACE('',(#6492),#6508,.F.);
#6492 = FACE_BOUND('',#6493,.T.);
#6493 = EDGE_LOOP('',(#6494,#6495,#6502,#6507));
#6494 = ORIENTED_EDGE('',*,*,#291,.T.);
#6495 = ORIENTED_EDGE('',*,*,#6496,.F.);
#6496 = EDGE_CURVE('',#6497,#285,#6499,.T.);
#6497 = VERTEX_POINT('',#6498);
#6498 = CARTESIAN_POINT('',(3.7005,-2.71938175666,4.739490880171));
#6499 = B_SPLINE_CURVE_WITH_KNOTS('',1,(#6500,#6501),.UNSPECIFIED.,.F.,
  .F.,(2,2),(-0.,1.E-03),.PIECEWISE_BEZIER_KNOTS.);
#6500 = CARTESIAN_POINT('',(3.7005,-2.71938175666,4.739490880171));
#6501 = CARTESIAN_POINT('',(3.6995,-2.71938175666,4.739490880171));
#6502 = ORIENTED_EDGE('',*,*,#6503,.F.);
#6503 = EDGE_CURVE('',#6475,#6497,#6504,.T.);
#6504 = B_SPLINE_CURVE_WITH_KNOTS('',1,(#6505,#6506),.UNSPECIFIED.,.F.,
  .F.,(2,2),(-0.117752584023,0.),.PIECEWISE_BEZIER_KNOTS.);
#6505 = CARTESIAN_POINT('',(3.7005,-2.837134340682,4.739490880171));
#6506 = CARTESIAN_POINT('',(3.7005,-2.71938175666,4.739490880171));
#6507 = ORIENTED_EDGE('',*,*,#6474,.T.);
#6508 = B_SPLINE_SURFACE_WITH_KNOTS('',1,1,(
    (#6509,#6510)
    ,(#6511,#6512
    )),.UNSPECIFIED.,.F.,.F.,.F.,(2,2),(2,2),(0.,0.117752584023),(
    -1.E-03,1.209062887946E-47),.PIECEWISE_BEZIER_KNOTS.);
#6509 = CARTESIAN_POINT('',(3.6995,-2.71938175666,4.739490880171));
#6510 = CARTESIAN_POINT('',(3.7005,-2.71938175666,4.739490880171));
#6511 = CARTESIAN_POINT('',(3.6995,-2.837134340682,4.739490880171));
#6512 = CARTESIAN_POINT('',(3.7005,-2.837134340682,4.739490880171));
#6513 = ADVANCED_FACE('',(#6514),#6530,.F.);
#6514 = FACE_BOUND('',#6515,.T.);
#6515 = EDGE_LOOP('',(#6516,#6517,#6524,#6529));
#6516 = ORIENTED_EDGE('',*,*,#284,.T.);
#6517 = ORIENTED_EDGE('',*,*,#6518,.F.);
#6518 = EDGE_CURVE('',#6519,#278,#6521,.T.);
#6519 = VERTEX_POINT('',#6520);
#6520 = CARTESIAN_POINT('',(3.7005,-2.71938175666,4.774582709846));
#6521 = B_SPLINE_CURVE_WITH_KNOTS('',1,(#6522,#6523),.UNSPECIFIED.,.F.,
  .F.,(2,2),(-0.,1.E-03),.PIECEWISE_BEZIER_KNOTS.);
#6522 = CARTESIAN_POINT('',(3.7005,-2.71938175666,4.774582709846));
#6523 = CARTESIAN_POINT('',(3.6995,-2.71938175666,4.774582709846));
#6524 = ORIENTED_EDGE('',*,*,#6525,.F.);
#6525 = EDGE_CURVE('',#6497,#6519,#6526,.T.);
#6526 = B_SPLINE_CURVE_WITH_KNOTS('',1,(#6527,#6528),.UNSPECIFIED.,.F.,
  .F.,(2,2),(-3.509182967521E-02,0.),.PIECEWISE_BEZIER_KNOTS.);
#6527 = CARTESIAN_POINT('',(3.7005,-2.71938175666,4.739490880171));
#6528 = CARTESIAN_POINT('',(3.7005,-2.71938175666,4.774582709846));
#6529 = ORIENTED_EDGE('',*,*,#6496,.T.);
#6530 = B_SPLINE_SURFACE_WITH_KNOTS('',1,1,(
    (#6531,#6532)
    ,(#6533,#6534)),.UNSPECIFIED.,.F.,.F.,.F.,(2,2),(2,2),(-1.E-03,0.),(
    -3.509182967521E-02,0.),.PIECEWISE_BEZIER_KNOTS.);
#6531 = CARTESIAN_POINT('',(3.6995,-2.71938175666,4.739490880171));
#6532 = CARTESIAN_POINT('',(3.6995,-2.71938175666,4.774582709846));
#6533 = CARTESIAN_POINT('',(3.7005,-2.71938175666,4.739490880171));
#6534 = CARTESIAN_POINT('',(3.7005,-2.71938175666,4.774582709846));
#6535 = ADVANCED_FACE('',(#6536),#6552,.F.);
#6536 = FACE_BOUND('',#6537,.T.);
#6537 = EDGE_LOOP('',(#6538,#6539,#6546,#6551));
#6538 = ORIENTED_EDGE('',*,*,#277,.T.);
#6539 = ORIENTED_EDGE('',*,*,#6540,.F.);
#6540 = EDGE_CURVE('',#6541,#271,#6543,.T.);
#6541 = VERTEX_POINT('',#6542);
#6542 = CARTESIAN_POINT('',(3.7005,-2.876515171763,4.774582709846));
#6543 = B_SPLINE_CURVE_WITH_KNOTS('',1,(#6544,#6545),.UNSPECIFIED.,.F.,
  .F.,(2,2),(-0.,1.E-03),.PIECEWISE_BEZIER_KNOTS.);
#6544 = CARTESIAN_POINT('',(3.7005,-2.876515171763,4.774582709846));
#6545 = CARTESIAN_POINT('',(3.6995,-2.876515171763,4.774582709846));
#6546 = ORIENTED_EDGE('',*,*,#6547,.F.);
#6547 = EDGE_CURVE('',#6519,#6541,#6548,.T.);
#6548 = B_SPLINE_CURVE_WITH_KNOTS('',1,(#6549,#6550),.UNSPECIFIED.,.F.,
  .F.,(2,2),(-0.157133415103,-0.),.PIECEWISE_BEZIER_KNOTS.);
#6549 = CARTESIAN_POINT('',(3.7005,-2.71938175666,4.774582709846));
#6550 = CARTESIAN_POINT('',(3.7005,-2.876515171763,4.774582709846));
#6551 = ORIENTED_EDGE('',*,*,#6518,.T.);
#6552 = B_SPLINE_SURFACE_WITH_KNOTS('',1,1,(
    (#6553,#6554)
    ,(#6555,#6556
    )),.UNSPECIFIED.,.F.,.F.,.F.,(2,2),(2,2),(-3.154042683595E-19,
    0.157133415103),(-1.E-03,0.),.PIECEWISE_BEZIER_KNOTS.);
#6553 = CARTESIAN_POINT('',(3.6995,-2.876515171763,4.774582709846));
#6554 = CARTESIAN_POINT('',(3.7005,-2.876515171763,4.774582709846));
#6555 = CARTESIAN_POINT('',(3.6995,-2.71938175666,4.774582709846));
#6556 = CARTESIAN_POINT('',(3.7005,-2.71938175666,4.774582709846));
#6557 = ADVANCED_FACE('',(#6558),#6574,.F.);
#6558 = FACE_BOUND('',#6559,.T.);
#6559 = EDGE_LOOP('',(#6560,#6561,#6568,#6573));
#6560 = ORIENTED_EDGE('',*,*,#270,.T.);
#6561 = ORIENTED_EDGE('',*,*,#6562,.F.);
#6562 = EDGE_CURVE('',#6563,#264,#6565,.T.);
#6563 = VERTEX_POINT('',#6564);
#6564 = CARTESIAN_POINT('',(3.7005,-2.876515171763,4.469517737199));
#6565 = B_SPLINE_CURVE_WITH_KNOTS('',1,(#6566,#6567),.UNSPECIFIED.,.F.,
  .F.,(2,2),(-0.,1.E-03),.PIECEWISE_BEZIER_KNOTS.);
#6566 = CARTESIAN_POINT('',(3.7005,-2.876515171763,4.469517737199));
#6567 = CARTESIAN_POINT('',(3.6995,-2.876515171763,4.469517737199));
#6568 = ORIENTED_EDGE('',*,*,#6569,.F.);
#6569 = EDGE_CURVE('',#6541,#6563,#6570,.T.);
#6570 = B_SPLINE_CURVE_WITH_KNOTS('',1,(#6571,#6572),.UNSPECIFIED.,.F.,
  .F.,(2,2),(-0.305064972647,0.),.PIECEWISE_BEZIER_KNOTS.);
#6571 = CARTESIAN_POINT('',(3.7005,-2.876515171763,4.774582709846));
#6572 = CARTESIAN_POINT('',(3.7005,-2.876515171763,4.469517737199));
#6573 = ORIENTED_EDGE('',*,*,#6540,.T.);
#6574 = B_SPLINE_SURFACE_WITH_KNOTS('',1,1,(
    (#6575,#6576)
    ,(#6577,#6578
    )),.UNSPECIFIED.,.F.,.F.,.F.,(2,2),(2,2),(0.,0.305064972647),(
    -1.E-03,0.),.PIECEWISE_BEZIER_KNOTS.);
#6575 = CARTESIAN_POINT('',(3.6995,-2.876515171763,4.469517737199));
#6576 = CARTESIAN_POINT('',(3.7005,-2.876515171763,4.469517737199));
#6577 = CARTESIAN_POINT('',(3.6995,-2.876515171763,4.774582709846));
#6578 = CARTESIAN_POINT('',(3.7005,-2.876515171763,4.774582709846));
#6579 = ADVANCED_FACE('',(#6580),#6590,.F.);
#6580 = FACE_BOUND('',#6581,.T.);
#6581 = EDGE_LOOP('',(#6582,#6583,#6584,#6589));
#6582 = ORIENTED_EDGE('',*,*,#263,.T.);
#6583 = ORIENTED_EDGE('',*,*,#6350,.F.);
#6584 = ORIENTED_EDGE('',*,*,#6585,.F.);
#6585 = EDGE_CURVE('',#6563,#6344,#6586,.T.);
#6586 = B_SPLINE_CURVE_WITH_KNOTS('',1,(#6587,#6588),.UNSPECIFIED.,.F.,
  .F.,(2,2),(-0.164073799195,0.),.PIECEWISE_BEZIER_KNOTS.);
#6587 = CARTESIAN_POINT('',(3.7005,-2.876515171763,4.469517737199));
#6588 = CARTESIAN_POINT('',(3.7005,-2.712441372568,4.469517737199));
#6589 = ORIENTED_EDGE('',*,*,#6562,.T.);
#6590 = B_SPLINE_SURFACE_WITH_KNOTS('',1,1,(
    (#6591,#6592)
    ,(#6593,#6594
    )),.UNSPECIFIED.,.F.,.F.,.F.,(2,2),(2,2),(-0.,0.164073799195),(
    -1.E-03,8.677209889716E-48),.PIECEWISE_BEZIER_KNOTS.);
#6591 = CARTESIAN_POINT('',(3.6995,-2.712441372568,4.469517737199));
#6592 = CARTESIAN_POINT('',(3.7005,-2.712441372568,4.469517737199));
#6593 = CARTESIAN_POINT('',(3.6995,-2.876515171763,4.469517737199));
#6594 = CARTESIAN_POINT('',(3.7005,-2.876515171763,4.469517737199));
#6595 = ADVANCED_FACE('',(#6596),#6610,.F.);
#6596 = FACE_BOUND('',#6597,.T.);
#6597 = EDGE_LOOP('',(#6598,#6599,#6600,#6601,#6602,#6603,#6604,#6605,
    #6606,#6607,#6608,#6609));
#6598 = ORIENTED_EDGE('',*,*,#6343,.T.);
#6599 = ORIENTED_EDGE('',*,*,#6371,.T.);
#6600 = ORIENTED_EDGE('',*,*,#6393,.T.);
#6601 = ORIENTED_EDGE('',*,*,#6415,.T.);
#6602 = ORIENTED_EDGE('',*,*,#6437,.T.);
#6603 = ORIENTED_EDGE('',*,*,#6459,.T.);
#6604 = ORIENTED_EDGE('',*,*,#6481,.T.);
#6605 = ORIENTED_EDGE('',*,*,#6503,.T.);
#6606 = ORIENTED_EDGE('',*,*,#6525,.T.);
#6607 = ORIENTED_EDGE('',*,*,#6547,.T.);
#6608 = ORIENTED_EDGE('',*,*,#6569,.T.);
#6609 = ORIENTED_EDGE('',*,*,#6585,.T.);
#6610 = B_SPLINE_SURFACE_WITH_KNOTS('',1,1,(
    (#6611,#6612)
    ,(#6613,#6614
    )),.UNSPECIFIED.,.F.,.F.,.F.,(2,2),(2,2),(1.069514183899,
    1.374579156546),(-2.876515171763,-2.712441372568),
  .PIECEWISE_BEZIER_KNOTS.);
#6611 = CARTESIAN_POINT('',(3.7005,-2.876515171763,4.469517737199));
#6612 = CARTESIAN_POINT('',(3.7005,-2.712441372568,4.469517737199));
#6613 = CARTESIAN_POINT('',(3.7005,-2.876515171763,4.774582709846));
#6614 = CARTESIAN_POINT('',(3.7005,-2.712441372568,4.774582709846));
#6615 = ADVANCED_FACE('',(#6616,#6732),#6802,.T.);
#6616 = FACE_BOUND('',#6617,.T.);
#6617 = EDGE_LOOP('',(#6618,#6629,#6636,#6645,#6654,#6661,#6670,#6679,
    #6688,#6697,#6704,#6711,#6718,#6725));
#6618 = ORIENTED_EDGE('',*,*,#6619,.T.);
#6619 = EDGE_CURVE('',#6620,#6622,#6624,.T.);
#6620 = VERTEX_POINT('',#6621);
#6621 = CARTESIAN_POINT('',(3.7005,-2.579560310862,4.692389846561));
#6622 = VERTEX_POINT('',#6623);
#6623 = CARTESIAN_POINT('',(3.7005,-2.654578844525,4.672114567193));
#6624 = B_SPLINE_CURVE_WITH_KNOTS('',3,(#6625,#6626,#6627,#6628),
  .UNSPECIFIED.,.F.,.F.,(4,4),(0.,1.),.PIECEWISE_BEZIER_KNOTS.);
#6625 = CARTESIAN_POINT('',(3.7005,-2.579560310862,4.692389846561));
#6626 = CARTESIAN_POINT('',(3.7005,-2.607945701977,4.692389846561));
#6627 = CARTESIAN_POINT('',(3.7005,-2.632977873813,4.685683408));
#6628 = CARTESIAN_POINT('',(3.7005,-2.654578844525,4.672114567193));
#6629 = ORIENTED_EDGE('',*,*,#6630,.T.);
#6630 = EDGE_CURVE('',#6622,#6631,#6633,.T.);
#6631 = VERTEX_POINT('',#6632);
#6632 = CARTESIAN_POINT('',(3.7005,-2.654578844525,4.634995209579));
#6633 = B_SPLINE_CURVE_WITH_KNOTS('',1,(#6634,#6635),.UNSPECIFIED.,.F.,
  .F.,(2,2),(-3.711935761389E-02,0.),.PIECEWISE_BEZIER_KNOTS.);
#6634 = CARTESIAN_POINT('',(3.7005,-2.654578844525,4.672114567193));
#6635 = CARTESIAN_POINT('',(3.7005,-2.654578844525,4.634995209579));
#6636 = ORIENTED_EDGE('',*,*,#6637,.T.);
#6637 = EDGE_CURVE('',#6631,#6638,#6640,.T.);
#6638 = VERTEX_POINT('',#6639);
#6639 = CARTESIAN_POINT('',(3.7005,-2.583147475673,4.661353072759));
#6640 = B_SPLINE_CURVE_WITH_KNOTS('',3,(#6641,#6642,#6643,#6644),
  .UNSPECIFIED.,.F.,.F.,(4,4),(12.,13.),.PIECEWISE_BEZIER_KNOTS.);
#6641 = CARTESIAN_POINT('',(3.7005,-2.654578844525,4.634995209579));
#6642 = CARTESIAN_POINT('',(3.7005,-2.633055855657,4.652463142574));
#6643 = CARTESIAN_POINT('',(3.7005,-2.609271393321,4.661353072759));
#6644 = CARTESIAN_POINT('',(3.7005,-2.583147475673,4.661353072759));
#6645 = ORIENTED_EDGE('',*,*,#6646,.T.);
#6646 = EDGE_CURVE('',#6638,#6647,#6649,.T.);
#6647 = VERTEX_POINT('',#6648);
#6648 = CARTESIAN_POINT('',(3.7005,-2.539009752126,4.608013491652));
#6649 = B_SPLINE_CURVE_WITH_KNOTS('',3,(#6650,#6651,#6652,#6653),
  .UNSPECIFIED.,.F.,.F.,(4,4),(11.,12.),.PIECEWISE_BEZIER_KNOTS.);
#6650 = CARTESIAN_POINT('',(3.7005,-2.583147475673,4.661353072759));
#6651 = CARTESIAN_POINT('',(3.7005,-2.55374832059,4.661353072759));
#6652 = CARTESIAN_POINT('',(3.7005,-2.539009752126,4.643573212389));
#6653 = CARTESIAN_POINT('',(3.7005,-2.539009752126,4.608013491652));
#6654 = ORIENTED_EDGE('',*,*,#6655,.T.);
#6655 = EDGE_CURVE('',#6647,#6656,#6658,.T.);
#6656 = VERTEX_POINT('',#6657);
#6657 = CARTESIAN_POINT('',(3.7005,-2.60357871873,4.59896759778));
#6658 = B_SPLINE_CURVE_WITH_KNOTS('',1,(#6659,#6660),.UNSPECIFIED.,.F.,
  .F.,(2,2),(-6.519953714706E-02,-0.),.PIECEWISE_BEZIER_KNOTS.);
#6659 = CARTESIAN_POINT('',(3.7005,-2.539009752126,4.608013491652));
#6660 = CARTESIAN_POINT('',(3.7005,-2.60357871873,4.59896759778));
#6661 = ORIENTED_EDGE('',*,*,#6662,.T.);
#6662 = EDGE_CURVE('',#6656,#6663,#6665,.T.);
#6663 = VERTEX_POINT('',#6664);
#6664 = CARTESIAN_POINT('',(3.7005,-2.675867887861,4.527848156304));
#6665 = B_SPLINE_CURVE_WITH_KNOTS('',3,(#6666,#6667,#6668,#6669),
  .UNSPECIFIED.,.F.,.F.,(4,4),(9.,10.),.PIECEWISE_BEZIER_KNOTS.);
#6666 = CARTESIAN_POINT('',(3.7005,-2.60357871873,4.59896759778));
#6667 = CARTESIAN_POINT('',(3.7005,-2.65177149815,4.59226115922));
#6668 = CARTESIAN_POINT('',(3.7005,-2.675867887861,4.568554678727));
#6669 = CARTESIAN_POINT('',(3.7005,-2.675867887861,4.527848156304));
#6670 = ORIENTED_EDGE('',*,*,#6671,.T.);
#6671 = EDGE_CURVE('',#6663,#6672,#6674,.T.);
#6672 = VERTEX_POINT('',#6673);
#6673 = CARTESIAN_POINT('',(3.7005,-2.657152245367,4.481526941131));
#6674 = B_SPLINE_CURVE_WITH_KNOTS('',3,(#6675,#6676,#6677,#6678),
  .UNSPECIFIED.,.F.,.F.,(4,4),(8.,9.),.PIECEWISE_BEZIER_KNOTS.);
#6675 = CARTESIAN_POINT('',(3.7005,-2.675867887861,4.527848156304));
#6676 = CARTESIAN_POINT('',(3.7005,-2.675867887861,4.508352695373));
#6677 = CARTESIAN_POINT('',(3.7005,-2.669629340363,4.492912290314));
#6678 = CARTESIAN_POINT('',(3.7005,-2.657152245367,4.481526941131));
#6679 = ORIENTED_EDGE('',*,*,#6680,.T.);
#6680 = EDGE_CURVE('',#6672,#6681,#6683,.T.);
#6681 = VERTEX_POINT('',#6682);
#6682 = CARTESIAN_POINT('',(3.7005,-2.606775974322,4.464370935513));
#6683 = B_SPLINE_CURVE_WITH_KNOTS('',3,(#6684,#6685,#6686,#6687),
  .UNSPECIFIED.,.F.,.F.,(4,4),(7.,8.),.PIECEWISE_BEZIER_KNOTS.);
#6684 = CARTESIAN_POINT('',(3.7005,-2.657152245367,4.481526941131));
#6685 = CARTESIAN_POINT('',(3.7005,-2.644675150372,4.470141591948));
#6686 = CARTESIAN_POINT('',(3.7005,-2.627909053971,4.464370935513));
#6687 = CARTESIAN_POINT('',(3.7005,-2.606775974322,4.464370935513));
#6688 = ORIENTED_EDGE('',*,*,#6689,.T.);
#6689 = EDGE_CURVE('',#6681,#6690,#6692,.T.);
#6690 = VERTEX_POINT('',#6691);
#6691 = CARTESIAN_POINT('',(3.7005,-2.540023516095,4.503205893687));
#6692 = B_SPLINE_CURVE_WITH_KNOTS('',3,(#6693,#6694,#6695,#6696),
  .UNSPECIFIED.,.F.,.F.,(4,4),(6.,7.),.PIECEWISE_BEZIER_KNOTS.);
#6693 = CARTESIAN_POINT('',(3.7005,-2.606775974322,4.464370935513));
#6694 = CARTESIAN_POINT('',(3.7005,-2.577376819238,4.464370935513));
#6695 = CARTESIAN_POINT('',(3.7005,-2.555074011933,4.477315921571));
#6696 = CARTESIAN_POINT('',(3.7005,-2.540023516095,4.503205893687));
#6697 = ORIENTED_EDGE('',*,*,#6698,.T.);
#6698 = EDGE_CURVE('',#6690,#6699,#6701,.T.);
#6699 = VERTEX_POINT('',#6700);
#6700 = CARTESIAN_POINT('',(3.7005,-2.539009752126,4.503205893687));
#6701 = B_SPLINE_CURVE_WITH_KNOTS('',1,(#6702,#6703),.UNSPECIFIED.,.F.,
  .F.,(2,2),(-1.013763968291E-03,0.),.PIECEWISE_BEZIER_KNOTS.);
#6702 = CARTESIAN_POINT('',(3.7005,-2.540023516095,4.503205893687));
#6703 = CARTESIAN_POINT('',(3.7005,-2.539009752126,4.503205893687));
#6704 = ORIENTED_EDGE('',*,*,#6705,.T.);
#6705 = EDGE_CURVE('',#6699,#6706,#6708,.T.);
#6706 = VERTEX_POINT('',#6707);
#6707 = CARTESIAN_POINT('',(3.7005,-2.539009752126,4.469517737199));
#6708 = B_SPLINE_CURVE_WITH_KNOTS('',1,(#6709,#6710),.UNSPECIFIED.,.F.,
  .F.,(2,2),(-3.368815648771E-02,-0.),.PIECEWISE_BEZIER_KNOTS.);
#6709 = CARTESIAN_POINT('',(3.7005,-2.539009752126,4.503205893687));
#6710 = CARTESIAN_POINT('',(3.7005,-2.539009752126,4.469517737199));
#6711 = ORIENTED_EDGE('',*,*,#6712,.T.);
#6712 = EDGE_CURVE('',#6706,#6713,#6715,.T.);
#6713 = VERTEX_POINT('',#6714);
#6714 = CARTESIAN_POINT('',(3.7005,-2.500798648701,4.469517737199));
#6715 = B_SPLINE_CURVE_WITH_KNOTS('',1,(#6716,#6717),.UNSPECIFIED.,.F.,
  .F.,(2,2),(-3.821110342477E-02,0.),.PIECEWISE_BEZIER_KNOTS.);
#6716 = CARTESIAN_POINT('',(3.7005,-2.539009752126,4.469517737199));
#6717 = CARTESIAN_POINT('',(3.7005,-2.500798648701,4.469517737199));
#6718 = ORIENTED_EDGE('',*,*,#6719,.T.);
#6719 = EDGE_CURVE('',#6713,#6720,#6722,.T.);
#6720 = VERTEX_POINT('',#6721);
#6721 = CARTESIAN_POINT('',(3.7005,-2.500798648701,4.609729092212));
#6722 = B_SPLINE_CURVE_WITH_KNOTS('',1,(#6723,#6724),.UNSPECIFIED.,.F.,
  .F.,(2,2),(-0.140211355014,0.),.PIECEWISE_BEZIER_KNOTS.);
#6723 = CARTESIAN_POINT('',(3.7005,-2.500798648701,4.469517737199));
#6724 = CARTESIAN_POINT('',(3.7005,-2.500798648701,4.609729092212));
#6725 = ORIENTED_EDGE('',*,*,#6726,.T.);
#6726 = EDGE_CURVE('',#6720,#6620,#6727,.T.);
#6727 = B_SPLINE_CURVE_WITH_KNOTS('',3,(#6728,#6729,#6730,#6731),
  .UNSPECIFIED.,.F.,.F.,(4,4),(1.,2.),.PIECEWISE_BEZIER_KNOTS.);
#6728 = CARTESIAN_POINT('',(3.7005,-2.500798648701,4.609729092212));
#6729 = CARTESIAN_POINT('',(3.7005,-2.500798648701,4.66494023757));
#6730 = CARTESIAN_POINT('',(3.7005,-2.527078530037,4.692389846561));
#6731 = CARTESIAN_POINT('',(3.7005,-2.579560310862,4.692389846561));
#6732 = FACE_BOUND('',#6733,.T.);
#6733 = EDGE_LOOP('',(#6734,#6745,#6754,#6761,#6768,#6777,#6786,#6795));
#6734 = ORIENTED_EDGE('',*,*,#6735,.F.);
#6735 = EDGE_CURVE('',#6736,#6738,#6740,.T.);
#6736 = VERTEX_POINT('',#6737);
#6737 = CARTESIAN_POINT('',(3.7005,-2.626973271846,4.55857300273));
#6738 = VERTEX_POINT('',#6739);
#6739 = CARTESIAN_POINT('',(3.7005,-2.63711091153,4.530967430052));
#6740 = B_SPLINE_CURVE_WITH_KNOTS('',3,(#6741,#6742,#6743,#6744),
  .UNSPECIFIED.,.F.,.F.,(4,4),(1.,2.),.PIECEWISE_BEZIER_KNOTS.);
#6741 = CARTESIAN_POINT('',(3.7005,-2.626973271846,4.55857300273));
#6742 = CARTESIAN_POINT('',(3.7005,-2.633679710407,4.552022527858));
#6743 = CARTESIAN_POINT('',(3.7005,-2.63711091153,4.542820670299));
#6744 = CARTESIAN_POINT('',(3.7005,-2.63711091153,4.530967430052));
#6745 = ORIENTED_EDGE('',*,*,#6746,.F.);
#6746 = EDGE_CURVE('',#6747,#6736,#6749,.T.);
#6747 = VERTEX_POINT('',#6748);
#6748 = CARTESIAN_POINT('',(3.7005,-2.590009877922,4.571985879852));
#6749 = B_SPLINE_CURVE_WITH_KNOTS('',3,(#6750,#6751,#6752,#6753),
  .UNSPECIFIED.,.F.,.F.,(4,4),(0.,1.),.PIECEWISE_BEZIER_KNOTS.);
#6750 = CARTESIAN_POINT('',(3.7005,-2.590009877922,4.571985879852));
#6751 = CARTESIAN_POINT('',(3.7005,-2.607867720134,4.569490460851));
#6752 = CARTESIAN_POINT('',(3.7005,-2.620188851443,4.565123477603));
#6753 = CARTESIAN_POINT('',(3.7005,-2.626973271846,4.55857300273));
#6754 = ORIENTED_EDGE('',*,*,#6755,.F.);
#6755 = EDGE_CURVE('',#6756,#6747,#6758,.T.);
#6756 = VERTEX_POINT('',#6757);
#6757 = CARTESIAN_POINT('',(3.7005,-2.539009752126,4.5788482821));
#6758 = B_SPLINE_CURVE_WITH_KNOTS('',1,(#6759,#6760),.UNSPECIFIED.,.F.,
  .F.,(2,2),(-0.,5.145974539159E-02),.PIECEWISE_BEZIER_KNOTS.);
#6759 = CARTESIAN_POINT('',(3.7005,-2.539009752126,4.5788482821));
#6760 = CARTESIAN_POINT('',(3.7005,-2.590009877922,4.571985879852));
#6761 = ORIENTED_EDGE('',*,*,#6762,.F.);
#6762 = EDGE_CURVE('',#6763,#6756,#6765,.T.);
#6763 = VERTEX_POINT('',#6764);
#6764 = CARTESIAN_POINT('',(3.7005,-2.539009752126,4.557949147981));
#6765 = B_SPLINE_CURVE_WITH_KNOTS('',1,(#6766,#6767),.UNSPECIFIED.,.F.,
  .F.,(2,2),(0.,2.08991341191E-02),.PIECEWISE_BEZIER_KNOTS.);
#6766 = CARTESIAN_POINT('',(3.7005,-2.539009752126,4.557949147981));
#6767 = CARTESIAN_POINT('',(3.7005,-2.539009752126,4.5788482821));
#6768 = ORIENTED_EDGE('',*,*,#6769,.F.);
#6769 = EDGE_CURVE('',#6770,#6763,#6772,.T.);
#6770 = VERTEX_POINT('',#6771);
#6771 = CARTESIAN_POINT('',(3.7005,-2.555385939308,4.513499497059));
#6772 = B_SPLINE_CURVE_WITH_KNOTS('',3,(#6773,#6774,#6775,#6776),
  .UNSPECIFIED.,.F.,.F.,(4,4),(5.,6.),.PIECEWISE_BEZIER_KNOTS.);
#6773 = CARTESIAN_POINT('',(3.7005,-2.555385939308,4.513499497059));
#6774 = CARTESIAN_POINT('',(3.7005,-2.544468481187,4.525196773617));
#6775 = CARTESIAN_POINT('',(3.7005,-2.539009752126,4.540013323924));
#6776 = CARTESIAN_POINT('',(3.7005,-2.539009752126,4.557949147981));
#6777 = ORIENTED_EDGE('',*,*,#6778,.F.);
#6778 = EDGE_CURVE('',#6779,#6770,#6781,.T.);
#6779 = VERTEX_POINT('',#6780);
#6780 = CARTESIAN_POINT('',(3.7005,-2.596872280169,4.495719636689));
#6781 = B_SPLINE_CURVE_WITH_KNOTS('',3,(#6782,#6783,#6784,#6785),
  .UNSPECIFIED.,.F.,.F.,(4,4),(4.,5.),.PIECEWISE_BEZIER_KNOTS.);
#6782 = CARTESIAN_POINT('',(3.7005,-2.596872280169,4.495719636689));
#6783 = CARTESIAN_POINT('',(3.7005,-2.580106183769,4.495719636689));
#6784 = CARTESIAN_POINT('',(3.7005,-2.566225415586,4.501646256812));
#6785 = CARTESIAN_POINT('',(3.7005,-2.555385939308,4.513499497059));
#6786 = ORIENTED_EDGE('',*,*,#6787,.F.);
#6787 = EDGE_CURVE('',#6788,#6779,#6790,.T.);
#6788 = VERTEX_POINT('',#6789);
#6789 = CARTESIAN_POINT('',(3.7005,-2.626037489722,4.505545348998));
#6790 = B_SPLINE_CURVE_WITH_KNOTS('',3,(#6791,#6792,#6793,#6794),
  .UNSPECIFIED.,.F.,.F.,(4,4),(3.,4.),.PIECEWISE_BEZIER_KNOTS.);
#6791 = CARTESIAN_POINT('',(3.7005,-2.626037489722,4.505545348998));
#6792 = CARTESIAN_POINT('',(3.7005,-2.618707196412,4.498994874126));
#6793 = CARTESIAN_POINT('',(3.7005,-2.608959465947,4.495719636689));
#6794 = CARTESIAN_POINT('',(3.7005,-2.596872280169,4.495719636689));
#6795 = ORIENTED_EDGE('',*,*,#6796,.F.);
#6796 = EDGE_CURVE('',#6738,#6788,#6797,.T.);
#6797 = B_SPLINE_CURVE_WITH_KNOTS('',3,(#6798,#6799,#6800,#6801),
  .UNSPECIFIED.,.F.,.F.,(4,4),(2.,3.),.PIECEWISE_BEZIER_KNOTS.);
#6798 = CARTESIAN_POINT('',(3.7005,-2.63711091153,4.530967430052));
#6799 = CARTESIAN_POINT('',(3.7005,-2.63711091153,4.520517862994));
#6800 = CARTESIAN_POINT('',(3.7005,-2.633445764875,4.512095823871));
#6801 = CARTESIAN_POINT('',(3.7005,-2.626037489722,4.505545348998));
#6802 = B_SPLINE_SURFACE_WITH_KNOTS('',1,1,(
    (#6803,#6804)
    ,(#6805,#6806
    )),.UNSPECIFIED.,.F.,.F.,.F.,(2,2),(2,2),(-5.049324381341E-03,
    0.222969586667),(-5.625415251646E-02,0.118815086644),
  .PIECEWISE_BEZIER_KNOTS.);
#6803 = CARTESIAN_POINT('',(3.7005,-2.675867887861,4.692389846561));
#6804 = CARTESIAN_POINT('',(3.7005,-2.500798648701,4.692389846561));
#6805 = CARTESIAN_POINT('',(3.7005,-2.675867887861,4.464370935513));
#6806 = CARTESIAN_POINT('',(3.7005,-2.500798648701,4.464370935513));
#6807 = ADVANCED_FACE('',(#6808),#6822,.F.);
#6808 = FACE_BOUND('',#6809,.F.);
#6809 = EDGE_LOOP('',(#6810,#6815,#6816,#6821));
#6810 = ORIENTED_EDGE('',*,*,#6811,.F.);
#6811 = EDGE_CURVE('',#6620,#139,#6812,.T.);
#6812 = B_SPLINE_CURVE_WITH_KNOTS('',1,(#6813,#6814),.UNSPECIFIED.,.F.,
  .F.,(2,2),(-0.,9.999999999999E-04),.PIECEWISE_BEZIER_KNOTS.);
#6813 = CARTESIAN_POINT('',(3.7005,-2.579560310862,4.692389846561));
#6814 = CARTESIAN_POINT('',(3.6995,-2.579560310862,4.692389846561));
#6815 = ORIENTED_EDGE('',*,*,#6619,.T.);
#6816 = ORIENTED_EDGE('',*,*,#6817,.T.);
#6817 = EDGE_CURVE('',#6622,#141,#6818,.T.);
#6818 = B_SPLINE_CURVE_WITH_KNOTS('',1,(#6819,#6820),.UNSPECIFIED.,.F.,
  .F.,(2,2),(-0.,1.E-03),.PIECEWISE_BEZIER_KNOTS.);
#6819 = CARTESIAN_POINT('',(3.7005,-2.654578844525,4.672114567193));
#6820 = CARTESIAN_POINT('',(3.6995,-2.654578844525,4.672114567193));
#6821 = ORIENTED_EDGE('',*,*,#138,.F.);
#6822 = B_SPLINE_SURFACE_WITH_KNOTS('',3,1,(
    (#6823,#6824)
    ,(#6825,#6826)
    ,(#6827,#6828)
    ,(#6829,#6830
    )),.UNSPECIFIED.,.F.,.F.,.F.,(4,4),(2,2),(0.,1.),(0.,1.),
  .PIECEWISE_BEZIER_KNOTS.);
#6823 = CARTESIAN_POINT('',(3.7005,-2.579560310862,4.692389846561));
#6824 = CARTESIAN_POINT('',(3.6995,-2.579560310862,4.692389846561));
#6825 = CARTESIAN_POINT('',(3.7005,-2.607945701977,4.692389846561));
#6826 = CARTESIAN_POINT('',(3.6995,-2.607945701977,4.692389846561));
#6827 = CARTESIAN_POINT('',(3.7005,-2.632977873813,4.685683408));
#6828 = CARTESIAN_POINT('',(3.6995,-2.632977873813,4.685683408));
#6829 = CARTESIAN_POINT('',(3.7005,-2.654578844525,4.672114567193));
#6830 = CARTESIAN_POINT('',(3.6995,-2.654578844525,4.672114567193));
#6831 = ADVANCED_FACE('',(#6832),#6842,.F.);
#6832 = FACE_BOUND('',#6833,.T.);
#6833 = EDGE_LOOP('',(#6834,#6835,#6840,#6841));
#6834 = ORIENTED_EDGE('',*,*,#247,.T.);
#6835 = ORIENTED_EDGE('',*,*,#6836,.F.);
#6836 = EDGE_CURVE('',#6631,#239,#6837,.T.);
#6837 = B_SPLINE_CURVE_WITH_KNOTS('',1,(#6838,#6839),.UNSPECIFIED.,.F.,
  .F.,(2,2),(-0.,9.99999999999E-04),.PIECEWISE_BEZIER_KNOTS.);
#6838 = CARTESIAN_POINT('',(3.7005,-2.654578844525,4.634995209579));
#6839 = CARTESIAN_POINT('',(3.6995,-2.654578844525,4.634995209579));
#6840 = ORIENTED_EDGE('',*,*,#6630,.F.);
#6841 = ORIENTED_EDGE('',*,*,#6817,.T.);
#6842 = B_SPLINE_SURFACE_WITH_KNOTS('',1,1,(
    (#6843,#6844)
    ,(#6845,#6846
    )),.UNSPECIFIED.,.F.,.F.,.F.,(2,2),(2,2),(-5.188478648851E-30,
    3.711935761389E-02),(-1.E-03,0.),.PIECEWISE_BEZIER_KNOTS.);
#6843 = CARTESIAN_POINT('',(3.6995,-2.654578844525,4.634995209579));
#6844 = CARTESIAN_POINT('',(3.7005,-2.654578844525,4.634995209579));
#6845 = CARTESIAN_POINT('',(3.6995,-2.654578844525,4.672114567193));
#6846 = CARTESIAN_POINT('',(3.7005,-2.654578844525,4.672114567193));
#6847 = ADVANCED_FACE('',(#6848),#6858,.F.);
#6848 = FACE_BOUND('',#6849,.F.);
#6849 = EDGE_LOOP('',(#6850,#6851,#6852,#6857));
#6850 = ORIENTED_EDGE('',*,*,#6836,.F.);
#6851 = ORIENTED_EDGE('',*,*,#6637,.T.);
#6852 = ORIENTED_EDGE('',*,*,#6853,.T.);
#6853 = EDGE_CURVE('',#6638,#230,#6854,.T.);
#6854 = B_SPLINE_CURVE_WITH_KNOTS('',1,(#6855,#6856),.UNSPECIFIED.,.F.,
  .F.,(2,2),(-0.,9.999999999986E-04),.PIECEWISE_BEZIER_KNOTS.);
#6855 = CARTESIAN_POINT('',(3.7005,-2.583147475673,4.661353072759));
#6856 = CARTESIAN_POINT('',(3.6995,-2.583147475673,4.661353072759));
#6857 = ORIENTED_EDGE('',*,*,#238,.F.);
#6858 = B_SPLINE_SURFACE_WITH_KNOTS('',3,1,(
    (#6859,#6860)
    ,(#6861,#6862)
    ,(#6863,#6864)
    ,(#6865,#6866
    )),.UNSPECIFIED.,.F.,.F.,.F.,(4,4),(2,2),(12.,13.),(0.,1.),
  .PIECEWISE_BEZIER_KNOTS.);
#6859 = CARTESIAN_POINT('',(3.7005,-2.654578844525,4.634995209579));
#6860 = CARTESIAN_POINT('',(3.6995,-2.654578844525,4.634995209579));
#6861 = CARTESIAN_POINT('',(3.7005,-2.633055855657,4.652463142574));
#6862 = CARTESIAN_POINT('',(3.6995,-2.633055855657,4.652463142574));
#6863 = CARTESIAN_POINT('',(3.7005,-2.609271393321,4.661353072759));
#6864 = CARTESIAN_POINT('',(3.6995,-2.609271393321,4.661353072759));
#6865 = CARTESIAN_POINT('',(3.7005,-2.583147475673,4.661353072759));
#6866 = CARTESIAN_POINT('',(3.6995,-2.583147475673,4.661353072759));
#6867 = ADVANCED_FACE('',(#6868),#6878,.F.);
#6868 = FACE_BOUND('',#6869,.F.);
#6869 = EDGE_LOOP('',(#6870,#6871,#6872,#6877));
#6870 = ORIENTED_EDGE('',*,*,#6853,.F.);
#6871 = ORIENTED_EDGE('',*,*,#6646,.T.);
#6872 = ORIENTED_EDGE('',*,*,#6873,.T.);
#6873 = EDGE_CURVE('',#6647,#223,#6874,.T.);
#6874 = B_SPLINE_CURVE_WITH_KNOTS('',1,(#6875,#6876),.UNSPECIFIED.,.F.,
  .F.,(2,2),(-0.,9.999999999999E-04),.PIECEWISE_BEZIER_KNOTS.);
#6875 = CARTESIAN_POINT('',(3.7005,-2.539009752126,4.608013491652));
#6876 = CARTESIAN_POINT('',(3.6995,-2.539009752126,4.608013491652));
#6877 = ORIENTED_EDGE('',*,*,#229,.F.);
#6878 = B_SPLINE_SURFACE_WITH_KNOTS('',3,1,(
    (#6879,#6880)
    ,(#6881,#6882)
    ,(#6883,#6884)
    ,(#6885,#6886
    )),.UNSPECIFIED.,.F.,.F.,.F.,(4,4),(2,2),(11.,12.),(0.,1.),
  .PIECEWISE_BEZIER_KNOTS.);
#6879 = CARTESIAN_POINT('',(3.7005,-2.583147475673,4.661353072759));
#6880 = CARTESIAN_POINT('',(3.6995,-2.583147475673,4.661353072759));
#6881 = CARTESIAN_POINT('',(3.7005,-2.55374832059,4.661353072759));
#6882 = CARTESIAN_POINT('',(3.6995,-2.55374832059,4.661353072759));
#6883 = CARTESIAN_POINT('',(3.7005,-2.539009752126,4.643573212389));
#6884 = CARTESIAN_POINT('',(3.6995,-2.539009752126,4.643573212389));
#6885 = CARTESIAN_POINT('',(3.7005,-2.539009752126,4.608013491652));
#6886 = CARTESIAN_POINT('',(3.6995,-2.539009752126,4.608013491652));
#6887 = ADVANCED_FACE('',(#6888),#6898,.F.);
#6888 = FACE_BOUND('',#6889,.T.);
#6889 = EDGE_LOOP('',(#6890,#6891,#6896,#6897));
#6890 = ORIENTED_EDGE('',*,*,#222,.T.);
#6891 = ORIENTED_EDGE('',*,*,#6892,.F.);
#6892 = EDGE_CURVE('',#6656,#214,#6893,.T.);
#6893 = B_SPLINE_CURVE_WITH_KNOTS('',1,(#6894,#6895),.UNSPECIFIED.,.F.,
  .F.,(2,2),(-0.,9.99999999999E-04),.PIECEWISE_BEZIER_KNOTS.);
#6894 = CARTESIAN_POINT('',(3.7005,-2.60357871873,4.59896759778));
#6895 = CARTESIAN_POINT('',(3.6995,-2.60357871873,4.59896759778));
#6896 = ORIENTED_EDGE('',*,*,#6655,.F.);
#6897 = ORIENTED_EDGE('',*,*,#6873,.T.);
#6898 = B_SPLINE_SURFACE_WITH_KNOTS('',1,1,(
    (#6899,#6900)
    ,(#6901,#6902
    )),.UNSPECIFIED.,.F.,.F.,.F.,(2,2),(2,2),(-3.12353868776E-19,
    6.519953714706E-02),(-1.E-03,0.),.PIECEWISE_BEZIER_KNOTS.);
#6899 = CARTESIAN_POINT('',(3.6995,-2.60357871873,4.59896759778));
#6900 = CARTESIAN_POINT('',(3.7005,-2.60357871873,4.59896759778));
#6901 = CARTESIAN_POINT('',(3.6995,-2.539009752126,4.608013491652));
#6902 = CARTESIAN_POINT('',(3.7005,-2.539009752126,4.608013491652));
#6903 = ADVANCED_FACE('',(#6904),#6914,.F.);
#6904 = FACE_BOUND('',#6905,.F.);
#6905 = EDGE_LOOP('',(#6906,#6907,#6908,#6913));
#6906 = ORIENTED_EDGE('',*,*,#6892,.F.);
#6907 = ORIENTED_EDGE('',*,*,#6662,.T.);
#6908 = ORIENTED_EDGE('',*,*,#6909,.T.);
#6909 = EDGE_CURVE('',#6663,#205,#6910,.T.);
#6910 = B_SPLINE_CURVE_WITH_KNOTS('',1,(#6911,#6912),.UNSPECIFIED.,.F.,
  .F.,(2,2),(-0.,9.999999999986E-04),.PIECEWISE_BEZIER_KNOTS.);
#6911 = CARTESIAN_POINT('',(3.7005,-2.675867887861,4.527848156304));
#6912 = CARTESIAN_POINT('',(3.6995,-2.675867887861,4.527848156304));
#6913 = ORIENTED_EDGE('',*,*,#213,.F.);
#6914 = B_SPLINE_SURFACE_WITH_KNOTS('',3,1,(
    (#6915,#6916)
    ,(#6917,#6918)
    ,(#6919,#6920)
    ,(#6921,#6922
    )),.UNSPECIFIED.,.F.,.F.,.F.,(4,4),(2,2),(9.,10.),(0.,1.),
  .PIECEWISE_BEZIER_KNOTS.);
#6915 = CARTESIAN_POINT('',(3.7005,-2.60357871873,4.59896759778));
#6916 = CARTESIAN_POINT('',(3.6995,-2.60357871873,4.59896759778));
#6917 = CARTESIAN_POINT('',(3.7005,-2.65177149815,4.59226115922));
#6918 = CARTESIAN_POINT('',(3.6995,-2.65177149815,4.59226115922));
#6919 = CARTESIAN_POINT('',(3.7005,-2.675867887861,4.568554678727));
#6920 = CARTESIAN_POINT('',(3.6995,-2.675867887861,4.568554678727));
#6921 = CARTESIAN_POINT('',(3.7005,-2.675867887861,4.527848156304));
#6922 = CARTESIAN_POINT('',(3.6995,-2.675867887861,4.527848156304));
#6923 = ADVANCED_FACE('',(#6924),#6934,.F.);
#6924 = FACE_BOUND('',#6925,.F.);
#6925 = EDGE_LOOP('',(#6926,#6927,#6928,#6933));
#6926 = ORIENTED_EDGE('',*,*,#6909,.F.);
#6927 = ORIENTED_EDGE('',*,*,#6671,.T.);
#6928 = ORIENTED_EDGE('',*,*,#6929,.T.);
#6929 = EDGE_CURVE('',#6672,#196,#6930,.T.);
#6930 = B_SPLINE_CURVE_WITH_KNOTS('',1,(#6931,#6932),.UNSPECIFIED.,.F.,
  .F.,(2,2),(-0.,9.999999999986E-04),.PIECEWISE_BEZIER_KNOTS.);
#6931 = CARTESIAN_POINT('',(3.7005,-2.657152245367,4.481526941131));
#6932 = CARTESIAN_POINT('',(3.6995,-2.657152245367,4.481526941131));
#6933 = ORIENTED_EDGE('',*,*,#204,.F.);
#6934 = B_SPLINE_SURFACE_WITH_KNOTS('',3,1,(
    (#6935,#6936)
    ,(#6937,#6938)
    ,(#6939,#6940)
    ,(#6941,#6942
    )),.UNSPECIFIED.,.F.,.F.,.F.,(4,4),(2,2),(8.,9.),(0.,1.),
  .PIECEWISE_BEZIER_KNOTS.);
#6935 = CARTESIAN_POINT('',(3.7005,-2.675867887861,4.527848156304));
#6936 = CARTESIAN_POINT('',(3.6995,-2.675867887861,4.527848156304));
#6937 = CARTESIAN_POINT('',(3.7005,-2.675867887861,4.508352695373));
#6938 = CARTESIAN_POINT('',(3.6995,-2.675867887861,4.508352695373));
#6939 = CARTESIAN_POINT('',(3.7005,-2.669629340363,4.492912290314));
#6940 = CARTESIAN_POINT('',(3.6995,-2.669629340363,4.492912290314));
#6941 = CARTESIAN_POINT('',(3.7005,-2.657152245367,4.481526941131));
#6942 = CARTESIAN_POINT('',(3.6995,-2.657152245367,4.481526941131));
#6943 = ADVANCED_FACE('',(#6944),#6954,.F.);
#6944 = FACE_BOUND('',#6945,.F.);
#6945 = EDGE_LOOP('',(#6946,#6947,#6948,#6953));
#6946 = ORIENTED_EDGE('',*,*,#6929,.F.);
#6947 = ORIENTED_EDGE('',*,*,#6680,.T.);
#6948 = ORIENTED_EDGE('',*,*,#6949,.T.);
#6949 = EDGE_CURVE('',#6681,#187,#6950,.T.);
#6950 = B_SPLINE_CURVE_WITH_KNOTS('',1,(#6951,#6952),.UNSPECIFIED.,.F.,
  .F.,(2,2),(-0.,9.999999999986E-04),.PIECEWISE_BEZIER_KNOTS.);
#6951 = CARTESIAN_POINT('',(3.7005,-2.606775974322,4.464370935513));
#6952 = CARTESIAN_POINT('',(3.6995,-2.606775974322,4.464370935513));
#6953 = ORIENTED_EDGE('',*,*,#195,.F.);
#6954 = B_SPLINE_SURFACE_WITH_KNOTS('',3,1,(
    (#6955,#6956)
    ,(#6957,#6958)
    ,(#6959,#6960)
    ,(#6961,#6962
    )),.UNSPECIFIED.,.F.,.F.,.F.,(4,4),(2,2),(7.,8.),(0.,1.),
  .PIECEWISE_BEZIER_KNOTS.);
#6955 = CARTESIAN_POINT('',(3.7005,-2.657152245367,4.481526941131));
#6956 = CARTESIAN_POINT('',(3.6995,-2.657152245367,4.481526941131));
#6957 = CARTESIAN_POINT('',(3.7005,-2.644675150372,4.470141591948));
#6958 = CARTESIAN_POINT('',(3.6995,-2.644675150372,4.470141591948));
#6959 = CARTESIAN_POINT('',(3.7005,-2.627909053971,4.464370935513));
#6960 = CARTESIAN_POINT('',(3.6995,-2.627909053971,4.464370935513));
#6961 = CARTESIAN_POINT('',(3.7005,-2.606775974322,4.464370935513));
#6962 = CARTESIAN_POINT('',(3.6995,-2.606775974322,4.464370935513));
#6963 = ADVANCED_FACE('',(#6964),#6974,.F.);
#6964 = FACE_BOUND('',#6965,.F.);
#6965 = EDGE_LOOP('',(#6966,#6967,#6968,#6973));
#6966 = ORIENTED_EDGE('',*,*,#6949,.F.);
#6967 = ORIENTED_EDGE('',*,*,#6689,.T.);
#6968 = ORIENTED_EDGE('',*,*,#6969,.T.);
#6969 = EDGE_CURVE('',#6690,#180,#6970,.T.);
#6970 = B_SPLINE_CURVE_WITH_KNOTS('',1,(#6971,#6972),.UNSPECIFIED.,.F.,
  .F.,(2,2),(-0.,9.999999999999E-04),.PIECEWISE_BEZIER_KNOTS.);
#6971 = CARTESIAN_POINT('',(3.7005,-2.540023516095,4.503205893687));
#6972 = CARTESIAN_POINT('',(3.6995,-2.540023516095,4.503205893687));
#6973 = ORIENTED_EDGE('',*,*,#186,.F.);
#6974 = B_SPLINE_SURFACE_WITH_KNOTS('',3,1,(
    (#6975,#6976)
    ,(#6977,#6978)
    ,(#6979,#6980)
    ,(#6981,#6982
    )),.UNSPECIFIED.,.F.,.F.,.F.,(4,4),(2,2),(6.,7.),(0.,1.),
  .PIECEWISE_BEZIER_KNOTS.);
#6975 = CARTESIAN_POINT('',(3.7005,-2.606775974322,4.464370935513));
#6976 = CARTESIAN_POINT('',(3.6995,-2.606775974322,4.464370935513));
#6977 = CARTESIAN_POINT('',(3.7005,-2.577376819238,4.464370935513));
#6978 = CARTESIAN_POINT('',(3.6995,-2.577376819238,4.464370935513));
#6979 = CARTESIAN_POINT('',(3.7005,-2.555074011933,4.477315921571));
#6980 = CARTESIAN_POINT('',(3.6995,-2.555074011933,4.477315921571));
#6981 = CARTESIAN_POINT('',(3.7005,-2.540023516095,4.503205893687));
#6982 = CARTESIAN_POINT('',(3.6995,-2.540023516095,4.503205893687));
#6983 = ADVANCED_FACE('',(#6984),#6994,.F.);
#6984 = FACE_BOUND('',#6985,.T.);
#6985 = EDGE_LOOP('',(#6986,#6987,#6992,#6993));
#6986 = ORIENTED_EDGE('',*,*,#179,.T.);
#6987 = ORIENTED_EDGE('',*,*,#6988,.F.);
#6988 = EDGE_CURVE('',#6699,#173,#6989,.T.);
#6989 = B_SPLINE_CURVE_WITH_KNOTS('',1,(#6990,#6991),.UNSPECIFIED.,.F.,
  .F.,(2,2),(-0.,1.E-03),.PIECEWISE_BEZIER_KNOTS.);
#6990 = CARTESIAN_POINT('',(3.7005,-2.539009752126,4.503205893687));
#6991 = CARTESIAN_POINT('',(3.6995,-2.539009752126,4.503205893687));
#6992 = ORIENTED_EDGE('',*,*,#6698,.F.);
#6993 = ORIENTED_EDGE('',*,*,#6969,.T.);
#6994 = B_SPLINE_SURFACE_WITH_KNOTS('',1,1,(
    (#6995,#6996)
    ,(#6997,#6998)),.UNSPECIFIED.,.F.,.F.,.F.,(2,2),(2,2),(-1.E-03,0.),(
    -1.013763968292E-03,0.),.PIECEWISE_BEZIER_KNOTS.);
#6995 = CARTESIAN_POINT('',(3.6995,-2.540023516095,4.503205893687));
#6996 = CARTESIAN_POINT('',(3.6995,-2.539009752126,4.503205893687));
#6997 = CARTESIAN_POINT('',(3.7005,-2.540023516095,4.503205893687));
#6998 = CARTESIAN_POINT('',(3.7005,-2.539009752126,4.503205893687));
#6999 = ADVANCED_FACE('',(#7000),#7010,.F.);
#7000 = FACE_BOUND('',#7001,.T.);
#7001 = EDGE_LOOP('',(#7002,#7003,#7008,#7009));
#7002 = ORIENTED_EDGE('',*,*,#172,.T.);
#7003 = ORIENTED_EDGE('',*,*,#7004,.F.);
#7004 = EDGE_CURVE('',#6706,#166,#7005,.T.);
#7005 = B_SPLINE_CURVE_WITH_KNOTS('',1,(#7006,#7007),.UNSPECIFIED.,.F.,
  .F.,(2,2),(-0.,1.E-03),.PIECEWISE_BEZIER_KNOTS.);
#7006 = CARTESIAN_POINT('',(3.7005,-2.539009752126,4.469517737199));
#7007 = CARTESIAN_POINT('',(3.6995,-2.539009752126,4.469517737199));
#7008 = ORIENTED_EDGE('',*,*,#6705,.F.);
#7009 = ORIENTED_EDGE('',*,*,#6988,.T.);
#7010 = B_SPLINE_SURFACE_WITH_KNOTS('',1,1,(
    (#7011,#7012)
    ,(#7013,#7014
    )),.UNSPECIFIED.,.F.,.F.,.F.,(2,2),(2,2),(0.,1.E-03),(0.,
    3.368815648771E-02),.PIECEWISE_BEZIER_KNOTS.);
#7011 = CARTESIAN_POINT('',(3.7005,-2.539009752126,4.469517737199));
#7012 = CARTESIAN_POINT('',(3.7005,-2.539009752126,4.503205893687));
#7013 = CARTESIAN_POINT('',(3.6995,-2.539009752126,4.469517737199));
#7014 = CARTESIAN_POINT('',(3.6995,-2.539009752126,4.503205893687));
#7015 = ADVANCED_FACE('',(#7016),#7026,.F.);
#7016 = FACE_BOUND('',#7017,.T.);
#7017 = EDGE_LOOP('',(#7018,#7019,#7024,#7025));
#7018 = ORIENTED_EDGE('',*,*,#165,.T.);
#7019 = ORIENTED_EDGE('',*,*,#7020,.F.);
#7020 = EDGE_CURVE('',#6713,#159,#7021,.T.);
#7021 = B_SPLINE_CURVE_WITH_KNOTS('',1,(#7022,#7023),.UNSPECIFIED.,.F.,
  .F.,(2,2),(-0.,1.E-03),.PIECEWISE_BEZIER_KNOTS.);
#7022 = CARTESIAN_POINT('',(3.7005,-2.500798648701,4.469517737199));
#7023 = CARTESIAN_POINT('',(3.6995,-2.500798648701,4.469517737199));
#7024 = ORIENTED_EDGE('',*,*,#6712,.F.);
#7025 = ORIENTED_EDGE('',*,*,#7004,.T.);
#7026 = B_SPLINE_SURFACE_WITH_KNOTS('',1,1,(
    (#7027,#7028)
    ,(#7029,#7030
    )),.UNSPECIFIED.,.F.,.F.,.F.,(2,2),(2,2),(0.,3.821110342477E-02),(
    -1.E-03,9.314719187712E-48),.PIECEWISE_BEZIER_KNOTS.);
#7027 = CARTESIAN_POINT('',(3.6995,-2.500798648701,4.469517737199));
#7028 = CARTESIAN_POINT('',(3.7005,-2.500798648701,4.469517737199));
#7029 = CARTESIAN_POINT('',(3.6995,-2.539009752126,4.469517737199));
#7030 = CARTESIAN_POINT('',(3.7005,-2.539009752126,4.469517737199));
#7031 = ADVANCED_FACE('',(#7032),#7042,.F.);
#7032 = FACE_BOUND('',#7033,.T.);
#7033 = EDGE_LOOP('',(#7034,#7035,#7040,#7041));
#7034 = ORIENTED_EDGE('',*,*,#158,.T.);
#7035 = ORIENTED_EDGE('',*,*,#7036,.F.);
#7036 = EDGE_CURVE('',#6720,#150,#7037,.T.);
#7037 = B_SPLINE_CURVE_WITH_KNOTS('',1,(#7038,#7039),.UNSPECIFIED.,.F.,
  .F.,(2,2),(-0.,9.99999999999E-04),.PIECEWISE_BEZIER_KNOTS.);
#7038 = CARTESIAN_POINT('',(3.7005,-2.500798648701,4.609729092212));
#7039 = CARTESIAN_POINT('',(3.6995,-2.500798648701,4.609729092212));
#7040 = ORIENTED_EDGE('',*,*,#6719,.F.);
#7041 = ORIENTED_EDGE('',*,*,#7020,.T.);
#7042 = B_SPLINE_SURFACE_WITH_KNOTS('',1,1,(
    (#7043,#7044)
    ,(#7045,#7046
    )),.UNSPECIFIED.,.F.,.F.,.F.,(2,2),(2,2),(-1.E-03,0.),(
    -0.140211355014,0.),.PIECEWISE_BEZIER_KNOTS.);
#7043 = CARTESIAN_POINT('',(3.6995,-2.500798648701,4.469517737199));
#7044 = CARTESIAN_POINT('',(3.6995,-2.500798648701,4.609729092212));
#7045 = CARTESIAN_POINT('',(3.7005,-2.500798648701,4.469517737199));
#7046 = CARTESIAN_POINT('',(3.7005,-2.500798648701,4.609729092212));
#7047 = ADVANCED_FACE('',(#7048),#7054,.F.);
#7048 = FACE_BOUND('',#7049,.F.);
#7049 = EDGE_LOOP('',(#7050,#7051,#7052,#7053));
#7050 = ORIENTED_EDGE('',*,*,#7036,.F.);
#7051 = ORIENTED_EDGE('',*,*,#6726,.T.);
#7052 = ORIENTED_EDGE('',*,*,#6811,.T.);
#7053 = ORIENTED_EDGE('',*,*,#149,.F.);
#7054 = B_SPLINE_SURFACE_WITH_KNOTS('',3,1,(
    (#7055,#7056)
    ,(#7057,#7058)
    ,(#7059,#7060)
    ,(#7061,#7062
    )),.UNSPECIFIED.,.F.,.F.,.F.,(4,4),(2,2),(1.,2.),(0.,1.),
  .PIECEWISE_BEZIER_KNOTS.);
#7055 = CARTESIAN_POINT('',(3.7005,-2.500798648701,4.609729092212));
#7056 = CARTESIAN_POINT('',(3.6995,-2.500798648701,4.609729092212));
#7057 = CARTESIAN_POINT('',(3.7005,-2.500798648701,4.66494023757));
#7058 = CARTESIAN_POINT('',(3.6995,-2.500798648701,4.66494023757));
#7059 = CARTESIAN_POINT('',(3.7005,-2.527078530037,4.692389846561));
#7060 = CARTESIAN_POINT('',(3.6995,-2.527078530037,4.692389846561));
#7061 = CARTESIAN_POINT('',(3.7005,-2.579560310862,4.692389846561));
#7062 = CARTESIAN_POINT('',(3.6995,-2.579560310862,4.692389846561));
#7063 = ADVANCED_FACE('',(#7064),#7088,.T.);
#7064 = FACE_BOUND('',#7065,.T.);
#7065 = EDGE_LOOP('',(#7066,#7077,#7082,#7083));
#7066 = ORIENTED_EDGE('',*,*,#7067,.F.);
#7067 = EDGE_CURVE('',#7068,#7070,#7072,.T.);
#7068 = VERTEX_POINT('',#7069);
#7069 = CARTESIAN_POINT('',(3.6995,-2.590009877922,4.571985879852));
#7070 = VERTEX_POINT('',#7071);
#7071 = CARTESIAN_POINT('',(3.6995,-2.626973271846,4.55857300273));
#7072 = B_SPLINE_CURVE_WITH_KNOTS('',3,(#7073,#7074,#7075,#7076),
  .UNSPECIFIED.,.F.,.F.,(4,4),(0.,1.),.PIECEWISE_BEZIER_KNOTS.);
#7073 = CARTESIAN_POINT('',(3.6995,-2.590009877922,4.571985879852));
#7074 = CARTESIAN_POINT('',(3.6995,-2.607867720134,4.569490460851));
#7075 = CARTESIAN_POINT('',(3.6995,-2.620188851443,4.565123477603));
#7076 = CARTESIAN_POINT('',(3.6995,-2.626973271846,4.55857300273));
#7077 = ORIENTED_EDGE('',*,*,#7078,.F.);
#7078 = EDGE_CURVE('',#6747,#7068,#7079,.T.);
#7079 = B_SPLINE_CURVE_WITH_KNOTS('',1,(#7080,#7081),.UNSPECIFIED.,.F.,
  .F.,(2,2),(-0.,1.E-03),.PIECEWISE_BEZIER_KNOTS.);
#7080 = CARTESIAN_POINT('',(3.7005,-2.590009877922,4.571985879852));
#7081 = CARTESIAN_POINT('',(3.6995,-2.590009877922,4.571985879852));
#7082 = ORIENTED_EDGE('',*,*,#6746,.T.);
#7083 = ORIENTED_EDGE('',*,*,#7084,.T.);
#7084 = EDGE_CURVE('',#6736,#7070,#7085,.T.);
#7085 = B_SPLINE_CURVE_WITH_KNOTS('',1,(#7086,#7087),.UNSPECIFIED.,.F.,
  .F.,(2,2),(-0.,9.999999999999E-04),.PIECEWISE_BEZIER_KNOTS.);
#7086 = CARTESIAN_POINT('',(3.7005,-2.626973271846,4.55857300273));
#7087 = CARTESIAN_POINT('',(3.6995,-2.626973271846,4.55857300273));
#7088 = B_SPLINE_SURFACE_WITH_KNOTS('',3,1,(
    (#7089,#7090)
    ,(#7091,#7092)
    ,(#7093,#7094)
    ,(#7095,#7096
    )),.UNSPECIFIED.,.F.,.F.,.F.,(4,4),(2,2),(0.,1.),(0.,1.),
  .PIECEWISE_BEZIER_KNOTS.);
#7089 = CARTESIAN_POINT('',(3.7005,-2.590009877922,4.571985879852));
#7090 = CARTESIAN_POINT('',(3.6995,-2.590009877922,4.571985879852));
#7091 = CARTESIAN_POINT('',(3.7005,-2.607867720134,4.569490460851));
#7092 = CARTESIAN_POINT('',(3.6995,-2.607867720134,4.569490460851));
#7093 = CARTESIAN_POINT('',(3.7005,-2.620188851443,4.565123477603));
#7094 = CARTESIAN_POINT('',(3.6995,-2.620188851443,4.565123477603));
#7095 = CARTESIAN_POINT('',(3.7005,-2.626973271846,4.55857300273));
#7096 = CARTESIAN_POINT('',(3.6995,-2.626973271846,4.55857300273));
#7097 = ADVANCED_FACE('',(#7098),#7116,.T.);
#7098 = FACE_BOUND('',#7099,.T.);
#7099 = EDGE_LOOP('',(#7100,#7109,#7110,#7111));
#7100 = ORIENTED_EDGE('',*,*,#7101,.F.);
#7101 = EDGE_CURVE('',#7070,#7102,#7104,.T.);
#7102 = VERTEX_POINT('',#7103);
#7103 = CARTESIAN_POINT('',(3.6995,-2.63711091153,4.530967430052));
#7104 = B_SPLINE_CURVE_WITH_KNOTS('',3,(#7105,#7106,#7107,#7108),
  .UNSPECIFIED.,.F.,.F.,(4,4),(1.,2.),.PIECEWISE_BEZIER_KNOTS.);
#7105 = CARTESIAN_POINT('',(3.6995,-2.626973271846,4.55857300273));
#7106 = CARTESIAN_POINT('',(3.6995,-2.633679710407,4.552022527858));
#7107 = CARTESIAN_POINT('',(3.6995,-2.63711091153,4.542820670299));
#7108 = CARTESIAN_POINT('',(3.6995,-2.63711091153,4.530967430052));
#7109 = ORIENTED_EDGE('',*,*,#7084,.F.);
#7110 = ORIENTED_EDGE('',*,*,#6735,.T.);
#7111 = ORIENTED_EDGE('',*,*,#7112,.T.);
#7112 = EDGE_CURVE('',#6738,#7102,#7113,.T.);
#7113 = B_SPLINE_CURVE_WITH_KNOTS('',1,(#7114,#7115),.UNSPECIFIED.,.F.,
  .F.,(2,2),(-0.,9.999999999999E-04),.PIECEWISE_BEZIER_KNOTS.);
#7114 = CARTESIAN_POINT('',(3.7005,-2.63711091153,4.530967430052));
#7115 = CARTESIAN_POINT('',(3.6995,-2.63711091153,4.530967430052));
#7116 = B_SPLINE_SURFACE_WITH_KNOTS('',3,1,(
    (#7117,#7118)
    ,(#7119,#7120)
    ,(#7121,#7122)
    ,(#7123,#7124
    )),.UNSPECIFIED.,.F.,.F.,.F.,(4,4),(2,2),(1.,2.),(0.,1.),
  .PIECEWISE_BEZIER_KNOTS.);
#7117 = CARTESIAN_POINT('',(3.7005,-2.626973271846,4.55857300273));
#7118 = CARTESIAN_POINT('',(3.6995,-2.626973271846,4.55857300273));
#7119 = CARTESIAN_POINT('',(3.7005,-2.633679710407,4.552022527858));
#7120 = CARTESIAN_POINT('',(3.6995,-2.633679710407,4.552022527858));
#7121 = CARTESIAN_POINT('',(3.7005,-2.63711091153,4.542820670299));
#7122 = CARTESIAN_POINT('',(3.6995,-2.63711091153,4.542820670299));
#7123 = CARTESIAN_POINT('',(3.7005,-2.63711091153,4.530967430052));
#7124 = CARTESIAN_POINT('',(3.6995,-2.63711091153,4.530967430052));
#7125 = ADVANCED_FACE('',(#7126),#7144,.T.);
#7126 = FACE_BOUND('',#7127,.T.);
#7127 = EDGE_LOOP('',(#7128,#7137,#7138,#7139));
#7128 = ORIENTED_EDGE('',*,*,#7129,.F.);
#7129 = EDGE_CURVE('',#7102,#7130,#7132,.T.);
#7130 = VERTEX_POINT('',#7131);
#7131 = CARTESIAN_POINT('',(3.6995,-2.626037489722,4.505545348998));
#7132 = B_SPLINE_CURVE_WITH_KNOTS('',3,(#7133,#7134,#7135,#7136),
  .UNSPECIFIED.,.F.,.F.,(4,4),(2.,3.),.PIECEWISE_BEZIER_KNOTS.);
#7133 = CARTESIAN_POINT('',(3.6995,-2.63711091153,4.530967430052));
#7134 = CARTESIAN_POINT('',(3.6995,-2.63711091153,4.520517862994));
#7135 = CARTESIAN_POINT('',(3.6995,-2.633445764875,4.512095823871));
#7136 = CARTESIAN_POINT('',(3.6995,-2.626037489722,4.505545348998));
#7137 = ORIENTED_EDGE('',*,*,#7112,.F.);
#7138 = ORIENTED_EDGE('',*,*,#6796,.T.);
#7139 = ORIENTED_EDGE('',*,*,#7140,.T.);
#7140 = EDGE_CURVE('',#6788,#7130,#7141,.T.);
#7141 = B_SPLINE_CURVE_WITH_KNOTS('',1,(#7142,#7143),.UNSPECIFIED.,.F.,
  .F.,(2,2),(-0.,9.999999999999E-04),.PIECEWISE_BEZIER_KNOTS.);
#7142 = CARTESIAN_POINT('',(3.7005,-2.626037489722,4.505545348998));
#7143 = CARTESIAN_POINT('',(3.6995,-2.626037489722,4.505545348998));
#7144 = B_SPLINE_SURFACE_WITH_KNOTS('',3,1,(
    (#7145,#7146)
    ,(#7147,#7148)
    ,(#7149,#7150)
    ,(#7151,#7152
    )),.UNSPECIFIED.,.F.,.F.,.F.,(4,4),(2,2),(2.,3.),(0.,1.),
  .PIECEWISE_BEZIER_KNOTS.);
#7145 = CARTESIAN_POINT('',(3.7005,-2.63711091153,4.530967430052));
#7146 = CARTESIAN_POINT('',(3.6995,-2.63711091153,4.530967430052));
#7147 = CARTESIAN_POINT('',(3.7005,-2.63711091153,4.520517862994));
#7148 = CARTESIAN_POINT('',(3.6995,-2.63711091153,4.520517862994));
#7149 = CARTESIAN_POINT('',(3.7005,-2.633445764875,4.512095823871));
#7150 = CARTESIAN_POINT('',(3.6995,-2.633445764875,4.512095823871));
#7151 = CARTESIAN_POINT('',(3.7005,-2.626037489722,4.505545348998));
#7152 = CARTESIAN_POINT('',(3.6995,-2.626037489722,4.505545348998));
#7153 = ADVANCED_FACE('',(#7154),#7172,.T.);
#7154 = FACE_BOUND('',#7155,.T.);
#7155 = EDGE_LOOP('',(#7156,#7165,#7166,#7167));
#7156 = ORIENTED_EDGE('',*,*,#7157,.F.);
#7157 = EDGE_CURVE('',#7130,#7158,#7160,.T.);
#7158 = VERTEX_POINT('',#7159);
#7159 = CARTESIAN_POINT('',(3.6995,-2.596872280169,4.495719636689));
#7160 = B_SPLINE_CURVE_WITH_KNOTS('',3,(#7161,#7162,#7163,#7164),
  .UNSPECIFIED.,.F.,.F.,(4,4),(3.,4.),.PIECEWISE_BEZIER_KNOTS.);
#7161 = CARTESIAN_POINT('',(3.6995,-2.626037489722,4.505545348998));
#7162 = CARTESIAN_POINT('',(3.6995,-2.618707196412,4.498994874126));
#7163 = CARTESIAN_POINT('',(3.6995,-2.608959465947,4.495719636689));
#7164 = CARTESIAN_POINT('',(3.6995,-2.596872280169,4.495719636689));
#7165 = ORIENTED_EDGE('',*,*,#7140,.F.);
#7166 = ORIENTED_EDGE('',*,*,#6787,.T.);
#7167 = ORIENTED_EDGE('',*,*,#7168,.T.);
#7168 = EDGE_CURVE('',#6779,#7158,#7169,.T.);
#7169 = B_SPLINE_CURVE_WITH_KNOTS('',1,(#7170,#7171),.UNSPECIFIED.,.F.,
  .F.,(2,2),(-0.,9.999999999999E-04),.PIECEWISE_BEZIER_KNOTS.);
#7170 = CARTESIAN_POINT('',(3.7005,-2.596872280169,4.495719636689));
#7171 = CARTESIAN_POINT('',(3.6995,-2.596872280169,4.495719636689));
#7172 = B_SPLINE_SURFACE_WITH_KNOTS('',3,1,(
    (#7173,#7174)
    ,(#7175,#7176)
    ,(#7177,#7178)
    ,(#7179,#7180
    )),.UNSPECIFIED.,.F.,.F.,.F.,(4,4),(2,2),(3.,4.),(0.,1.),
  .PIECEWISE_BEZIER_KNOTS.);
#7173 = CARTESIAN_POINT('',(3.7005,-2.626037489722,4.505545348998));
#7174 = CARTESIAN_POINT('',(3.6995,-2.626037489722,4.505545348998));
#7175 = CARTESIAN_POINT('',(3.7005,-2.618707196412,4.498994874126));
#7176 = CARTESIAN_POINT('',(3.6995,-2.618707196412,4.498994874126));
#7177 = CARTESIAN_POINT('',(3.7005,-2.608959465947,4.495719636689));
#7178 = CARTESIAN_POINT('',(3.6995,-2.608959465947,4.495719636689));
#7179 = CARTESIAN_POINT('',(3.7005,-2.596872280169,4.495719636689));
#7180 = CARTESIAN_POINT('',(3.6995,-2.596872280169,4.495719636689));
#7181 = ADVANCED_FACE('',(#7182),#7200,.T.);
#7182 = FACE_BOUND('',#7183,.T.);
#7183 = EDGE_LOOP('',(#7184,#7193,#7194,#7195));
#7184 = ORIENTED_EDGE('',*,*,#7185,.F.);
#7185 = EDGE_CURVE('',#7158,#7186,#7188,.T.);
#7186 = VERTEX_POINT('',#7187);
#7187 = CARTESIAN_POINT('',(3.6995,-2.555385939308,4.513499497059));
#7188 = B_SPLINE_CURVE_WITH_KNOTS('',3,(#7189,#7190,#7191,#7192),
  .UNSPECIFIED.,.F.,.F.,(4,4),(4.,5.),.PIECEWISE_BEZIER_KNOTS.);
#7189 = CARTESIAN_POINT('',(3.6995,-2.596872280169,4.495719636689));
#7190 = CARTESIAN_POINT('',(3.6995,-2.580106183769,4.495719636689));
#7191 = CARTESIAN_POINT('',(3.6995,-2.566225415586,4.501646256812));
#7192 = CARTESIAN_POINT('',(3.6995,-2.555385939308,4.513499497059));
#7193 = ORIENTED_EDGE('',*,*,#7168,.F.);
#7194 = ORIENTED_EDGE('',*,*,#6778,.T.);
#7195 = ORIENTED_EDGE('',*,*,#7196,.T.);
#7196 = EDGE_CURVE('',#6770,#7186,#7197,.T.);
#7197 = B_SPLINE_CURVE_WITH_KNOTS('',1,(#7198,#7199),.UNSPECIFIED.,.F.,
  .F.,(2,2),(-0.,9.999999999999E-04),.PIECEWISE_BEZIER_KNOTS.);
#7198 = CARTESIAN_POINT('',(3.7005,-2.555385939308,4.513499497059));
#7199 = CARTESIAN_POINT('',(3.6995,-2.555385939308,4.513499497059));
#7200 = B_SPLINE_SURFACE_WITH_KNOTS('',3,1,(
    (#7201,#7202)
    ,(#7203,#7204)
    ,(#7205,#7206)
    ,(#7207,#7208
    )),.UNSPECIFIED.,.F.,.F.,.F.,(4,4),(2,2),(4.,5.),(0.,1.),
  .PIECEWISE_BEZIER_KNOTS.);
#7201 = CARTESIAN_POINT('',(3.7005,-2.596872280169,4.495719636689));
#7202 = CARTESIAN_POINT('',(3.6995,-2.596872280169,4.495719636689));
#7203 = CARTESIAN_POINT('',(3.7005,-2.580106183769,4.495719636689));
#7204 = CARTESIAN_POINT('',(3.6995,-2.580106183769,4.495719636689));
#7205 = CARTESIAN_POINT('',(3.7005,-2.566225415586,4.501646256812));
#7206 = CARTESIAN_POINT('',(3.6995,-2.566225415586,4.501646256812));
#7207 = CARTESIAN_POINT('',(3.7005,-2.555385939308,4.513499497059));
#7208 = CARTESIAN_POINT('',(3.6995,-2.555385939308,4.513499497059));
#7209 = ADVANCED_FACE('',(#7210),#7228,.T.);
#7210 = FACE_BOUND('',#7211,.T.);
#7211 = EDGE_LOOP('',(#7212,#7221,#7222,#7223));
#7212 = ORIENTED_EDGE('',*,*,#7213,.F.);
#7213 = EDGE_CURVE('',#7186,#7214,#7216,.T.);
#7214 = VERTEX_POINT('',#7215);
#7215 = CARTESIAN_POINT('',(3.6995,-2.539009752126,4.557949147981));
#7216 = B_SPLINE_CURVE_WITH_KNOTS('',3,(#7217,#7218,#7219,#7220),
  .UNSPECIFIED.,.F.,.F.,(4,4),(5.,6.),.PIECEWISE_BEZIER_KNOTS.);
#7217 = CARTESIAN_POINT('',(3.6995,-2.555385939308,4.513499497059));
#7218 = CARTESIAN_POINT('',(3.6995,-2.544468481187,4.525196773617));
#7219 = CARTESIAN_POINT('',(3.6995,-2.539009752126,4.540013323924));
#7220 = CARTESIAN_POINT('',(3.6995,-2.539009752126,4.557949147981));
#7221 = ORIENTED_EDGE('',*,*,#7196,.F.);
#7222 = ORIENTED_EDGE('',*,*,#6769,.T.);
#7223 = ORIENTED_EDGE('',*,*,#7224,.T.);
#7224 = EDGE_CURVE('',#6763,#7214,#7225,.T.);
#7225 = B_SPLINE_CURVE_WITH_KNOTS('',1,(#7226,#7227),.UNSPECIFIED.,.F.,
  .F.,(2,2),(-0.,9.999999999999E-04),.PIECEWISE_BEZIER_KNOTS.);
#7226 = CARTESIAN_POINT('',(3.7005,-2.539009752126,4.557949147981));
#7227 = CARTESIAN_POINT('',(3.6995,-2.539009752126,4.557949147981));
#7228 = B_SPLINE_SURFACE_WITH_KNOTS('',3,1,(
    (#7229,#7230)
    ,(#7231,#7232)
    ,(#7233,#7234)
    ,(#7235,#7236
    )),.UNSPECIFIED.,.F.,.F.,.F.,(4,4),(2,2),(5.,6.),(0.,1.),
  .PIECEWISE_BEZIER_KNOTS.);
#7229 = CARTESIAN_POINT('',(3.7005,-2.555385939308,4.513499497059));
#7230 = CARTESIAN_POINT('',(3.6995,-2.555385939308,4.513499497059));
#7231 = CARTESIAN_POINT('',(3.7005,-2.544468481187,4.525196773617));
#7232 = CARTESIAN_POINT('',(3.6995,-2.544468481187,4.525196773617));
#7233 = CARTESIAN_POINT('',(3.7005,-2.539009752126,4.540013323924));
#7234 = CARTESIAN_POINT('',(3.6995,-2.539009752126,4.540013323924));
#7235 = CARTESIAN_POINT('',(3.7005,-2.539009752126,4.557949147981));
#7236 = CARTESIAN_POINT('',(3.6995,-2.539009752126,4.557949147981));
#7237 = ADVANCED_FACE('',(#7238),#7254,.T.);
#7238 = FACE_BOUND('',#7239,.T.);
#7239 = EDGE_LOOP('',(#7240,#7247,#7248,#7249));
#7240 = ORIENTED_EDGE('',*,*,#7241,.F.);
#7241 = EDGE_CURVE('',#7214,#7242,#7244,.T.);
#7242 = VERTEX_POINT('',#7243);
#7243 = CARTESIAN_POINT('',(3.6995,-2.539009752126,4.5788482821));
#7244 = B_SPLINE_CURVE_WITH_KNOTS('',1,(#7245,#7246),.UNSPECIFIED.,.F.,
  .F.,(2,2),(0.,2.08991341191E-02),.PIECEWISE_BEZIER_KNOTS.);
#7245 = CARTESIAN_POINT('',(3.6995,-2.539009752126,4.557949147981));
#7246 = CARTESIAN_POINT('',(3.6995,-2.539009752126,4.5788482821));
#7247 = ORIENTED_EDGE('',*,*,#7224,.F.);
#7248 = ORIENTED_EDGE('',*,*,#6762,.T.);
#7249 = ORIENTED_EDGE('',*,*,#7250,.T.);
#7250 = EDGE_CURVE('',#6756,#7242,#7251,.T.);
#7251 = B_SPLINE_CURVE_WITH_KNOTS('',1,(#7252,#7253),.UNSPECIFIED.,.F.,
  .F.,(2,2),(4.440892098501E-16,9.999999999999E-04),
  .PIECEWISE_BEZIER_KNOTS.);
#7252 = CARTESIAN_POINT('',(3.7005,-2.539009752126,4.5788482821));
#7253 = CARTESIAN_POINT('',(3.6995,-2.539009752126,4.5788482821));
#7254 = B_SPLINE_SURFACE_WITH_KNOTS('',1,1,(
    (#7255,#7256)
    ,(#7257,#7258
    )),.UNSPECIFIED.,.F.,.F.,.F.,(2,2),(2,2),(-9.999999999999E-04,0.),(
    0.,2.08991341191E-02),.PIECEWISE_BEZIER_KNOTS.);
#7255 = CARTESIAN_POINT('',(3.6995,-2.539009752126,4.557949147981));
#7256 = CARTESIAN_POINT('',(3.6995,-2.539009752126,4.5788482821));
#7257 = CARTESIAN_POINT('',(3.7005,-2.539009752126,4.557949147981));
#7258 = CARTESIAN_POINT('',(3.7005,-2.539009752126,4.5788482821));
#7259 = ADVANCED_FACE('',(#7260),#7270,.T.);
#7260 = FACE_BOUND('',#7261,.T.);
#7261 = EDGE_LOOP('',(#7262,#7267,#7268,#7269));
#7262 = ORIENTED_EDGE('',*,*,#7263,.F.);
#7263 = EDGE_CURVE('',#7242,#7068,#7264,.T.);
#7264 = B_SPLINE_CURVE_WITH_KNOTS('',1,(#7265,#7266),.UNSPECIFIED.,.F.,
  .F.,(2,2),(0.,5.145974539159E-02),.PIECEWISE_BEZIER_KNOTS.);
#7265 = CARTESIAN_POINT('',(3.6995,-2.539009752126,4.5788482821));
#7266 = CARTESIAN_POINT('',(3.6995,-2.590009877922,4.571985879852));
#7267 = ORIENTED_EDGE('',*,*,#7250,.F.);
#7268 = ORIENTED_EDGE('',*,*,#6755,.T.);
#7269 = ORIENTED_EDGE('',*,*,#7078,.T.);
#7270 = B_SPLINE_SURFACE_WITH_KNOTS('',1,1,(
    (#7271,#7272)
    ,(#7273,#7274
    )),.UNSPECIFIED.,.F.,.F.,.F.,(2,2),(2,2),(-5.145974539159E-02,
    1.54074395551E-36),(-1.E-03,0.),.PIECEWISE_BEZIER_KNOTS.);
#7271 = CARTESIAN_POINT('',(3.6995,-2.590009877922,4.571985879852));
#7272 = CARTESIAN_POINT('',(3.7005,-2.590009877922,4.571985879852));
#7273 = CARTESIAN_POINT('',(3.6995,-2.539009752126,4.5788482821));
#7274 = CARTESIAN_POINT('',(3.7005,-2.539009752126,4.5788482821));
#7275 = ADVANCED_FACE('',(#7276),#7286,.F.);
#7276 = FACE_BOUND('',#7277,.T.);
#7277 = EDGE_LOOP('',(#7278,#7279,#7280,#7281,#7282,#7283,#7284,#7285));
#7278 = ORIENTED_EDGE('',*,*,#7263,.T.);
#7279 = ORIENTED_EDGE('',*,*,#7067,.T.);
#7280 = ORIENTED_EDGE('',*,*,#7101,.T.);
#7281 = ORIENTED_EDGE('',*,*,#7129,.T.);
#7282 = ORIENTED_EDGE('',*,*,#7157,.T.);
#7283 = ORIENTED_EDGE('',*,*,#7185,.T.);
#7284 = ORIENTED_EDGE('',*,*,#7213,.T.);
#7285 = ORIENTED_EDGE('',*,*,#7241,.T.);
#7286 = B_SPLINE_SURFACE_WITH_KNOTS('',1,1,(
    (#7287,#7288)
    ,(#7289,#7290
    )),.UNSPECIFIED.,.F.,.F.,.F.,(2,2),(2,2),(8.289009752126,
    8.38711091153),(-5.004283916611,-4.9211552712),
  .PIECEWISE_BEZIER_KNOTS.);
#7287 = CARTESIAN_POINT('',(3.6995,-2.539009752126,4.495719636689));
#7288 = CARTESIAN_POINT('',(3.6995,-2.539009752126,4.5788482821));
#7289 = CARTESIAN_POINT('',(3.6995,-2.63711091153,4.495719636689));
#7290 = CARTESIAN_POINT('',(3.6995,-2.63711091153,4.5788482821));
#7291 = ADVANCED_FACE('',(#7292),#7316,.F.);
#7292 = FACE_BOUND('',#7293,.F.);
#7293 = EDGE_LOOP('',(#7294,#7301,#7310,#7315));
#7294 = ORIENTED_EDGE('',*,*,#7295,.F.);
#7295 = EDGE_CURVE('',#7296,#785,#7298,.T.);
#7296 = VERTEX_POINT('',#7297);
#7297 = CARTESIAN_POINT('',(3.7005,-2.386165338427,4.495563673002));
#7298 = B_SPLINE_CURVE_WITH_KNOTS('',1,(#7299,#7300),.UNSPECIFIED.,.F.,
  .F.,(2,2),(-0.,9.999999999999E-04),.PIECEWISE_BEZIER_KNOTS.);
#7299 = CARTESIAN_POINT('',(3.7005,-2.386165338427,4.495563673002));
#7300 = CARTESIAN_POINT('',(3.6995,-2.386165338427,4.495563673002));
#7301 = ORIENTED_EDGE('',*,*,#7302,.T.);
#7302 = EDGE_CURVE('',#7296,#7303,#7305,.T.);
#7303 = VERTEX_POINT('',#7304);
#7304 = CARTESIAN_POINT('',(3.7005,-2.449018704469,4.516618770806));
#7305 = B_SPLINE_CURVE_WITH_KNOTS('',3,(#7306,#7307,#7308,#7309),
  .UNSPECIFIED.,.F.,.F.,(4,4),(0.,1.),.PIECEWISE_BEZIER_KNOTS.);
#7306 = CARTESIAN_POINT('',(3.7005,-2.386165338427,4.495563673002));
#7307 = CARTESIAN_POINT('',(3.7005,-2.40862410942,4.495563673002));
#7308 = CARTESIAN_POINT('',(3.7005,-2.429523243538,4.502582038937));
#7309 = CARTESIAN_POINT('',(3.7005,-2.449018704469,4.516618770806));
#7310 = ORIENTED_EDGE('',*,*,#7311,.T.);
#7311 = EDGE_CURVE('',#7303,#787,#7312,.T.);
#7312 = B_SPLINE_CURVE_WITH_KNOTS('',1,(#7313,#7314),.UNSPECIFIED.,.F.,
  .F.,(2,2),(-0.,1.E-03),.PIECEWISE_BEZIER_KNOTS.);
#7313 = CARTESIAN_POINT('',(3.7005,-2.449018704469,4.516618770806));
#7314 = CARTESIAN_POINT('',(3.6995,-2.449018704469,4.516618770806));
#7315 = ORIENTED_EDGE('',*,*,#784,.F.);
#7316 = B_SPLINE_SURFACE_WITH_KNOTS('',3,1,(
    (#7317,#7318)
    ,(#7319,#7320)
    ,(#7321,#7322)
    ,(#7323,#7324
    )),.UNSPECIFIED.,.F.,.F.,.F.,(4,4),(2,2),(0.,1.),(0.,1.),
  .PIECEWISE_BEZIER_KNOTS.);
#7317 = CARTESIAN_POINT('',(3.7005,-2.386165338427,4.495563673002));
#7318 = CARTESIAN_POINT('',(3.6995,-2.386165338427,4.495563673002));
#7319 = CARTESIAN_POINT('',(3.7005,-2.40862410942,4.495563673002));
#7320 = CARTESIAN_POINT('',(3.6995,-2.40862410942,4.495563673002));
#7321 = CARTESIAN_POINT('',(3.7005,-2.429523243538,4.502582038937));
#7322 = CARTESIAN_POINT('',(3.6995,-2.429523243538,4.502582038937));
#7323 = CARTESIAN_POINT('',(3.7005,-2.449018704469,4.516618770806));
#7324 = CARTESIAN_POINT('',(3.6995,-2.449018704469,4.516618770806));
#7325 = ADVANCED_FACE('',(#7326),#7342,.F.);
#7326 = FACE_BOUND('',#7327,.T.);
#7327 = EDGE_LOOP('',(#7328,#7329,#7336,#7341));
#7328 = ORIENTED_EDGE('',*,*,#964,.T.);
#7329 = ORIENTED_EDGE('',*,*,#7330,.F.);
#7330 = EDGE_CURVE('',#7331,#956,#7333,.T.);
#7331 = VERTEX_POINT('',#7332);
#7332 = CARTESIAN_POINT('',(3.7005,-2.449018704469,4.477159957883));
#7333 = B_SPLINE_CURVE_WITH_KNOTS('',1,(#7334,#7335),.UNSPECIFIED.,.F.,
  .F.,(2,2),(-0.,9.99999999999E-04),.PIECEWISE_BEZIER_KNOTS.);
#7334 = CARTESIAN_POINT('',(3.7005,-2.449018704469,4.477159957883));
#7335 = CARTESIAN_POINT('',(3.6995,-2.449018704469,4.477159957883));
#7336 = ORIENTED_EDGE('',*,*,#7337,.F.);
#7337 = EDGE_CURVE('',#7303,#7331,#7338,.T.);
#7338 = B_SPLINE_CURVE_WITH_KNOTS('',1,(#7339,#7340),.UNSPECIFIED.,.F.,
  .F.,(2,2),(-3.945881292292E-02,-0.),.PIECEWISE_BEZIER_KNOTS.);
#7339 = CARTESIAN_POINT('',(3.7005,-2.449018704469,4.516618770806));
#7340 = CARTESIAN_POINT('',(3.7005,-2.449018704469,4.477159957883));
#7341 = ORIENTED_EDGE('',*,*,#7311,.T.);
#7342 = B_SPLINE_SURFACE_WITH_KNOTS('',1,1,(
    (#7343,#7344)
    ,(#7345,#7346
    )),.UNSPECIFIED.,.F.,.F.,.F.,(2,2),(2,2),(0.,1.E-03),(0.,
    3.945881292292E-02),.PIECEWISE_BEZIER_KNOTS.);
#7343 = CARTESIAN_POINT('',(3.7005,-2.449018704469,4.477159957883));
#7344 = CARTESIAN_POINT('',(3.7005,-2.449018704469,4.516618770806));
#7345 = CARTESIAN_POINT('',(3.6995,-2.449018704469,4.477159957883));
#7346 = CARTESIAN_POINT('',(3.6995,-2.449018704469,4.516618770806));
#7347 = ADVANCED_FACE('',(#7348),#7366,.F.);
#7348 = FACE_BOUND('',#7349,.F.);
#7349 = EDGE_LOOP('',(#7350,#7351,#7360,#7365));
#7350 = ORIENTED_EDGE('',*,*,#7330,.F.);
#7351 = ORIENTED_EDGE('',*,*,#7352,.T.);
#7352 = EDGE_CURVE('',#7331,#7353,#7355,.T.);
#7353 = VERTEX_POINT('',#7354);
#7354 = CARTESIAN_POINT('',(3.7005,-2.389908466926,4.464370935513));
#7355 = B_SPLINE_CURVE_WITH_KNOTS('',3,(#7356,#7357,#7358,#7359),
  .UNSPECIFIED.,.F.,.F.,(4,4),(19.,20.),.PIECEWISE_BEZIER_KNOTS.);
#7356 = CARTESIAN_POINT('',(3.7005,-2.449018704469,4.477159957883));
#7357 = CARTESIAN_POINT('',(3.7005,-2.432174626225,4.46873791876));
#7358 = CARTESIAN_POINT('',(3.7005,-2.412523201606,4.464370935513));
#7359 = CARTESIAN_POINT('',(3.7005,-2.389908466926,4.464370935513));
#7360 = ORIENTED_EDGE('',*,*,#7361,.T.);
#7361 = EDGE_CURVE('',#7353,#947,#7362,.T.);
#7362 = B_SPLINE_CURVE_WITH_KNOTS('',1,(#7363,#7364),.UNSPECIFIED.,.F.,
  .F.,(2,2),(-0.,9.999999999986E-04),.PIECEWISE_BEZIER_KNOTS.);
#7363 = CARTESIAN_POINT('',(3.7005,-2.389908466926,4.464370935513));
#7364 = CARTESIAN_POINT('',(3.6995,-2.389908466926,4.464370935513));
#7365 = ORIENTED_EDGE('',*,*,#955,.F.);
#7366 = B_SPLINE_SURFACE_WITH_KNOTS('',3,1,(
    (#7367,#7368)
    ,(#7369,#7370)
    ,(#7371,#7372)
    ,(#7373,#7374
    )),.UNSPECIFIED.,.F.,.F.,.F.,(4,4),(2,2),(19.,20.),(0.,1.),
  .PIECEWISE_BEZIER_KNOTS.);
#7367 = CARTESIAN_POINT('',(3.7005,-2.449018704469,4.477159957883));
#7368 = CARTESIAN_POINT('',(3.6995,-2.449018704469,4.477159957883));
#7369 = CARTESIAN_POINT('',(3.7005,-2.432174626225,4.46873791876));
#7370 = CARTESIAN_POINT('',(3.6995,-2.432174626225,4.46873791876));
#7371 = CARTESIAN_POINT('',(3.7005,-2.412523201606,4.464370935513));
#7372 = CARTESIAN_POINT('',(3.6995,-2.412523201606,4.464370935513));
#7373 = CARTESIAN_POINT('',(3.7005,-2.389908466926,4.464370935513));
#7374 = CARTESIAN_POINT('',(3.6995,-2.389908466926,4.464370935513));
#7375 = ADVANCED_FACE('',(#7376),#7394,.F.);
#7376 = FACE_BOUND('',#7377,.F.);
#7377 = EDGE_LOOP('',(#7378,#7379,#7388,#7393));
#7378 = ORIENTED_EDGE('',*,*,#7361,.F.);
#7379 = ORIENTED_EDGE('',*,*,#7380,.T.);
#7380 = EDGE_CURVE('',#7353,#7381,#7383,.T.);
#7381 = VERTEX_POINT('',#7382);
#7382 = CARTESIAN_POINT('',(3.7005,-2.326431246135,4.481682904818));
#7383 = B_SPLINE_CURVE_WITH_KNOTS('',3,(#7384,#7385,#7386,#7387),
  .UNSPECIFIED.,.F.,.F.,(4,4),(18.,19.),.PIECEWISE_BEZIER_KNOTS.);
#7384 = CARTESIAN_POINT('',(3.7005,-2.389908466926,4.464370935513));
#7385 = CARTESIAN_POINT('',(3.7005,-2.363940512966,4.464370935513));
#7386 = CARTESIAN_POINT('',(3.7005,-2.342729451474,4.470141591948));
#7387 = CARTESIAN_POINT('',(3.7005,-2.326431246135,4.481682904818));
#7388 = ORIENTED_EDGE('',*,*,#7389,.T.);
#7389 = EDGE_CURVE('',#7381,#938,#7390,.T.);
#7390 = B_SPLINE_CURVE_WITH_KNOTS('',1,(#7391,#7392),.UNSPECIFIED.,.F.,
  .F.,(2,2),(-0.,9.999999999986E-04),.PIECEWISE_BEZIER_KNOTS.);
#7391 = CARTESIAN_POINT('',(3.7005,-2.326431246135,4.481682904818));
#7392 = CARTESIAN_POINT('',(3.6995,-2.326431246135,4.481682904818));
#7393 = ORIENTED_EDGE('',*,*,#946,.F.);
#7394 = B_SPLINE_SURFACE_WITH_KNOTS('',3,1,(
    (#7395,#7396)
    ,(#7397,#7398)
    ,(#7399,#7400)
    ,(#7401,#7402
    )),.UNSPECIFIED.,.F.,.F.,.F.,(4,4),(2,2),(18.,19.),(0.,1.),
  .PIECEWISE_BEZIER_KNOTS.);
#7395 = CARTESIAN_POINT('',(3.7005,-2.389908466926,4.464370935513));
#7396 = CARTESIAN_POINT('',(3.6995,-2.389908466926,4.464370935513));
#7397 = CARTESIAN_POINT('',(3.7005,-2.363940512966,4.464370935513));
#7398 = CARTESIAN_POINT('',(3.6995,-2.363940512966,4.464370935513));
#7399 = CARTESIAN_POINT('',(3.7005,-2.342729451474,4.470141591948));
#7400 = CARTESIAN_POINT('',(3.6995,-2.342729451474,4.470141591948));
#7401 = CARTESIAN_POINT('',(3.7005,-2.326431246135,4.481682904818));
#7402 = CARTESIAN_POINT('',(3.6995,-2.326431246135,4.481682904818));
#7403 = ADVANCED_FACE('',(#7404),#7422,.F.);
#7404 = FACE_BOUND('',#7405,.F.);
#7405 = EDGE_LOOP('',(#7406,#7407,#7416,#7421));
#7406 = ORIENTED_EDGE('',*,*,#7389,.F.);
#7407 = ORIENTED_EDGE('',*,*,#7408,.T.);
#7408 = EDGE_CURVE('',#7381,#7409,#7411,.T.);
#7409 = VERTEX_POINT('',#7410);
#7410 = CARTESIAN_POINT('',(3.7005,-2.301866965362,4.528783938428));
#7411 = B_SPLINE_CURVE_WITH_KNOTS('',3,(#7412,#7413,#7414,#7415),
  .UNSPECIFIED.,.F.,.F.,(4,4),(17.,18.),.PIECEWISE_BEZIER_KNOTS.);
#7412 = CARTESIAN_POINT('',(3.7005,-2.326431246135,4.481682904818));
#7413 = CARTESIAN_POINT('',(3.7005,-2.310055058953,4.493068254004));
#7414 = CARTESIAN_POINT('',(3.7005,-2.301866965362,4.508820586435));
#7415 = CARTESIAN_POINT('',(3.7005,-2.301866965362,4.528783938428));
#7416 = ORIENTED_EDGE('',*,*,#7417,.T.);
#7417 = EDGE_CURVE('',#7409,#929,#7418,.T.);
#7418 = B_SPLINE_CURVE_WITH_KNOTS('',1,(#7419,#7420),.UNSPECIFIED.,.F.,
  .F.,(2,2),(-0.,9.999999999986E-04),.PIECEWISE_BEZIER_KNOTS.);
#7419 = CARTESIAN_POINT('',(3.7005,-2.301866965362,4.528783938428));
#7420 = CARTESIAN_POINT('',(3.6995,-2.301866965362,4.528783938428));
#7421 = ORIENTED_EDGE('',*,*,#937,.F.);
#7422 = B_SPLINE_SURFACE_WITH_KNOTS('',3,1,(
    (#7423,#7424)
    ,(#7425,#7426)
    ,(#7427,#7428)
    ,(#7429,#7430
    )),.UNSPECIFIED.,.F.,.F.,.F.,(4,4),(2,2),(17.,18.),(0.,1.),
  .PIECEWISE_BEZIER_KNOTS.);
#7423 = CARTESIAN_POINT('',(3.7005,-2.326431246135,4.481682904818));
#7424 = CARTESIAN_POINT('',(3.6995,-2.326431246135,4.481682904818));
#7425 = CARTESIAN_POINT('',(3.7005,-2.310055058953,4.493068254004));
#7426 = CARTESIAN_POINT('',(3.6995,-2.310055058953,4.493068254004));
#7427 = CARTESIAN_POINT('',(3.7005,-2.301866965362,4.508820586435));
#7428 = CARTESIAN_POINT('',(3.6995,-2.301866965362,4.508820586435));
#7429 = CARTESIAN_POINT('',(3.7005,-2.301866965362,4.528783938428));
#7430 = CARTESIAN_POINT('',(3.6995,-2.301866965362,4.528783938428));
#7431 = ADVANCED_FACE('',(#7432),#7450,.F.);
#7432 = FACE_BOUND('',#7433,.F.);
#7433 = EDGE_LOOP('',(#7434,#7435,#7444,#7449));
#7434 = ORIENTED_EDGE('',*,*,#7417,.F.);
#7435 = ORIENTED_EDGE('',*,*,#7436,.T.);
#7436 = EDGE_CURVE('',#7409,#7437,#7439,.T.);
#7437 = VERTEX_POINT('',#7438);
#7438 = CARTESIAN_POINT('',(3.7005,-2.314655987733,4.564811550229));
#7439 = B_SPLINE_CURVE_WITH_KNOTS('',3,(#7440,#7441,#7442,#7443),
  .UNSPECIFIED.,.F.,.F.,(4,4),(16.,17.),.PIECEWISE_BEZIER_KNOTS.);
#7440 = CARTESIAN_POINT('',(3.7005,-2.301866965362,4.528783938428));
#7441 = CARTESIAN_POINT('',(3.7005,-2.301866965362,4.543132597673));
#7442 = CARTESIAN_POINT('',(3.7005,-2.306155966767,4.555141801608));
#7443 = CARTESIAN_POINT('',(3.7005,-2.314655987733,4.564811550229));
#7444 = ORIENTED_EDGE('',*,*,#7445,.T.);
#7445 = EDGE_CURVE('',#7437,#920,#7446,.T.);
#7446 = B_SPLINE_CURVE_WITH_KNOTS('',1,(#7447,#7448),.UNSPECIFIED.,.F.,
  .F.,(2,2),(-0.,9.999999999986E-04),.PIECEWISE_BEZIER_KNOTS.);
#7447 = CARTESIAN_POINT('',(3.7005,-2.314655987733,4.564811550229));
#7448 = CARTESIAN_POINT('',(3.6995,-2.314655987733,4.564811550229));
#7449 = ORIENTED_EDGE('',*,*,#928,.F.);
#7450 = B_SPLINE_SURFACE_WITH_KNOTS('',3,1,(
    (#7451,#7452)
    ,(#7453,#7454)
    ,(#7455,#7456)
    ,(#7457,#7458
    )),.UNSPECIFIED.,.F.,.F.,.F.,(4,4),(2,2),(16.,17.),(0.,1.),
  .PIECEWISE_BEZIER_KNOTS.);
#7451 = CARTESIAN_POINT('',(3.7005,-2.301866965362,4.528783938428));
#7452 = CARTESIAN_POINT('',(3.6995,-2.301866965362,4.528783938428));
#7453 = CARTESIAN_POINT('',(3.7005,-2.301866965362,4.543132597673));
#7454 = CARTESIAN_POINT('',(3.6995,-2.301866965362,4.543132597673));
#7455 = CARTESIAN_POINT('',(3.7005,-2.306155966767,4.555141801608));
#7456 = CARTESIAN_POINT('',(3.6995,-2.306155966767,4.555141801608));
#7457 = CARTESIAN_POINT('',(3.7005,-2.314655987733,4.564811550229));
#7458 = CARTESIAN_POINT('',(3.6995,-2.314655987733,4.564811550229));
#7459 = ADVANCED_FACE('',(#7460),#7478,.F.);
#7460 = FACE_BOUND('',#7461,.F.);
#7461 = EDGE_LOOP('',(#7462,#7463,#7472,#7477));
#7462 = ORIENTED_EDGE('',*,*,#7445,.F.);
#7463 = ORIENTED_EDGE('',*,*,#7464,.T.);
#7464 = EDGE_CURVE('',#7437,#7465,#7467,.T.);
#7465 = VERTEX_POINT('',#7466);
#7466 = CARTESIAN_POINT('',(3.7005,-2.363940512966,4.593040977656));
#7467 = B_SPLINE_CURVE_WITH_KNOTS('',3,(#7468,#7469,#7470,#7471),
  .UNSPECIFIED.,.F.,.F.,(4,4),(15.,16.),.PIECEWISE_BEZIER_KNOTS.);
#7468 = CARTESIAN_POINT('',(3.7005,-2.314655987733,4.564811550229));
#7469 = CARTESIAN_POINT('',(3.7005,-2.323233990542,4.57448129885));
#7470 = CARTESIAN_POINT('',(3.7005,-2.339610177724,4.583995083784));
#7471 = CARTESIAN_POINT('',(3.7005,-2.363940512966,4.593040977656));
#7472 = ORIENTED_EDGE('',*,*,#7473,.T.);
#7473 = EDGE_CURVE('',#7465,#911,#7474,.T.);
#7474 = B_SPLINE_CURVE_WITH_KNOTS('',1,(#7475,#7476),.UNSPECIFIED.,.F.,
  .F.,(2,2),(-0.,9.999999999986E-04),.PIECEWISE_BEZIER_KNOTS.);
#7475 = CARTESIAN_POINT('',(3.7005,-2.363940512966,4.593040977656));
#7476 = CARTESIAN_POINT('',(3.6995,-2.363940512966,4.593040977656));
#7477 = ORIENTED_EDGE('',*,*,#919,.F.);
#7478 = B_SPLINE_SURFACE_WITH_KNOTS('',3,1,(
    (#7479,#7480)
    ,(#7481,#7482)
    ,(#7483,#7484)
    ,(#7485,#7486
    )),.UNSPECIFIED.,.F.,.F.,.F.,(4,4),(2,2),(15.,16.),(0.,1.),
  .PIECEWISE_BEZIER_KNOTS.);
#7479 = CARTESIAN_POINT('',(3.7005,-2.314655987733,4.564811550229));
#7480 = CARTESIAN_POINT('',(3.6995,-2.314655987733,4.564811550229));
#7481 = CARTESIAN_POINT('',(3.7005,-2.323233990542,4.57448129885));
#7482 = CARTESIAN_POINT('',(3.6995,-2.323233990542,4.57448129885));
#7483 = CARTESIAN_POINT('',(3.7005,-2.339610177724,4.583995083784));
#7484 = CARTESIAN_POINT('',(3.6995,-2.339610177724,4.583995083784));
#7485 = CARTESIAN_POINT('',(3.7005,-2.363940512966,4.593040977656));
#7486 = CARTESIAN_POINT('',(3.6995,-2.363940512966,4.593040977656));
#7487 = ADVANCED_FACE('',(#7488),#7506,.F.);
#7488 = FACE_BOUND('',#7489,.F.);
#7489 = EDGE_LOOP('',(#7490,#7491,#7500,#7505));
#7490 = ORIENTED_EDGE('',*,*,#7473,.F.);
#7491 = ORIENTED_EDGE('',*,*,#7492,.T.);
#7492 = EDGE_CURVE('',#7465,#7493,#7495,.T.);
#7493 = VERTEX_POINT('',#7494);
#7494 = CARTESIAN_POINT('',(3.7005,-2.401059870579,4.611756620151));
#7495 = B_SPLINE_CURVE_WITH_KNOTS('',3,(#7496,#7497,#7498,#7499),
  .UNSPECIFIED.,.F.,.F.,(4,4),(14.,15.),.PIECEWISE_BEZIER_KNOTS.);
#7496 = CARTESIAN_POINT('',(3.7005,-2.363940512966,4.593040977656));
#7497 = CARTESIAN_POINT('',(3.7005,-2.383124046522,4.600527234653));
#7498 = CARTESIAN_POINT('',(3.7005,-2.39544517783,4.606765782152));
#7499 = CARTESIAN_POINT('',(3.7005,-2.401059870579,4.611756620151));
#7500 = ORIENTED_EDGE('',*,*,#7501,.T.);
#7501 = EDGE_CURVE('',#7493,#902,#7502,.T.);
#7502 = B_SPLINE_CURVE_WITH_KNOTS('',1,(#7503,#7504),.UNSPECIFIED.,.F.,
  .F.,(2,2),(-0.,9.999999999986E-04),.PIECEWISE_BEZIER_KNOTS.);
#7503 = CARTESIAN_POINT('',(3.7005,-2.401059870579,4.611756620151));
#7504 = CARTESIAN_POINT('',(3.6995,-2.401059870579,4.611756620151));
#7505 = ORIENTED_EDGE('',*,*,#910,.F.);
#7506 = B_SPLINE_SURFACE_WITH_KNOTS('',3,1,(
    (#7507,#7508)
    ,(#7509,#7510)
    ,(#7511,#7512)
    ,(#7513,#7514
    )),.UNSPECIFIED.,.F.,.F.,.F.,(4,4),(2,2),(14.,15.),(0.,1.),
  .PIECEWISE_BEZIER_KNOTS.);
#7507 = CARTESIAN_POINT('',(3.7005,-2.363940512966,4.593040977656));
#7508 = CARTESIAN_POINT('',(3.6995,-2.363940512966,4.593040977656));
#7509 = CARTESIAN_POINT('',(3.7005,-2.383124046522,4.600527234653));
#7510 = CARTESIAN_POINT('',(3.6995,-2.383124046522,4.600527234653));
#7511 = CARTESIAN_POINT('',(3.7005,-2.39544517783,4.606765782152));
#7512 = CARTESIAN_POINT('',(3.6995,-2.39544517783,4.606765782152));
#7513 = CARTESIAN_POINT('',(3.7005,-2.401059870579,4.611756620151));
#7514 = CARTESIAN_POINT('',(3.6995,-2.401059870579,4.611756620151));
#7515 = ADVANCED_FACE('',(#7516),#7534,.F.);
#7516 = FACE_BOUND('',#7517,.F.);
#7517 = EDGE_LOOP('',(#7518,#7519,#7528,#7533));
#7518 = ORIENTED_EDGE('',*,*,#7501,.F.);
#7519 = ORIENTED_EDGE('',*,*,#7520,.T.);
#7520 = EDGE_CURVE('',#7493,#7521,#7523,.T.);
#7521 = VERTEX_POINT('',#7522);
#7522 = CARTESIAN_POINT('',(3.7005,-2.409403927857,4.632031899519));
#7523 = B_SPLINE_CURVE_WITH_KNOTS('',3,(#7524,#7525,#7526,#7527),
  .UNSPECIFIED.,.F.,.F.,(4,4),(13.,14.),.PIECEWISE_BEZIER_KNOTS.);
#7524 = CARTESIAN_POINT('',(3.7005,-2.401059870579,4.611756620151));
#7525 = CARTESIAN_POINT('',(3.7005,-2.406596581483,4.616591494461));
#7526 = CARTESIAN_POINT('',(3.7005,-2.409403927857,4.623297933022));
#7527 = CARTESIAN_POINT('',(3.7005,-2.409403927857,4.632031899519));
#7528 = ORIENTED_EDGE('',*,*,#7529,.T.);
#7529 = EDGE_CURVE('',#7521,#893,#7530,.T.);
#7530 = B_SPLINE_CURVE_WITH_KNOTS('',1,(#7531,#7532),.UNSPECIFIED.,.F.,
  .F.,(2,2),(-0.,9.999999999986E-04),.PIECEWISE_BEZIER_KNOTS.);
#7531 = CARTESIAN_POINT('',(3.7005,-2.409403927857,4.632031899519));
#7532 = CARTESIAN_POINT('',(3.6995,-2.409403927857,4.632031899519));
#7533 = ORIENTED_EDGE('',*,*,#901,.F.);
#7534 = B_SPLINE_SURFACE_WITH_KNOTS('',3,1,(
    (#7535,#7536)
    ,(#7537,#7538)
    ,(#7539,#7540)
    ,(#7541,#7542
    )),.UNSPECIFIED.,.F.,.F.,.F.,(4,4),(2,2),(13.,14.),(0.,1.),
  .PIECEWISE_BEZIER_KNOTS.);
#7535 = CARTESIAN_POINT('',(3.7005,-2.401059870579,4.611756620151));
#7536 = CARTESIAN_POINT('',(3.6995,-2.401059870579,4.611756620151));
#7537 = CARTESIAN_POINT('',(3.7005,-2.406596581483,4.616591494461));
#7538 = CARTESIAN_POINT('',(3.6995,-2.406596581483,4.616591494461));
#7539 = CARTESIAN_POINT('',(3.7005,-2.409403927857,4.623297933022));
#7540 = CARTESIAN_POINT('',(3.6995,-2.409403927857,4.623297933022));
#7541 = CARTESIAN_POINT('',(3.7005,-2.409403927857,4.632031899519));
#7542 = CARTESIAN_POINT('',(3.6995,-2.409403927857,4.632031899519));
#7543 = ADVANCED_FACE('',(#7544),#7562,.F.);
#7544 = FACE_BOUND('',#7545,.F.);
#7545 = EDGE_LOOP('',(#7546,#7547,#7556,#7561));
#7546 = ORIENTED_EDGE('',*,*,#7529,.F.);
#7547 = ORIENTED_EDGE('',*,*,#7548,.T.);
#7548 = EDGE_CURVE('',#7521,#7549,#7551,.T.);
#7549 = VERTEX_POINT('',#7550);
#7550 = CARTESIAN_POINT('',(3.7005,-2.397784633142,4.653242961011));
#7551 = B_SPLINE_CURVE_WITH_KNOTS('',3,(#7552,#7553,#7554,#7555),
  .UNSPECIFIED.,.F.,.F.,(4,4),(12.,13.),.PIECEWISE_BEZIER_KNOTS.);
#7552 = CARTESIAN_POINT('',(3.7005,-2.409403927857,4.632031899519));
#7553 = CARTESIAN_POINT('',(3.7005,-2.409403927857,4.640765866014));
#7554 = CARTESIAN_POINT('',(3.7005,-2.40550483567,4.647940195637));
#7555 = CARTESIAN_POINT('',(3.7005,-2.397784633142,4.653242961011));
#7556 = ORIENTED_EDGE('',*,*,#7557,.T.);
#7557 = EDGE_CURVE('',#7549,#884,#7558,.T.);
#7558 = B_SPLINE_CURVE_WITH_KNOTS('',1,(#7559,#7560),.UNSPECIFIED.,.F.,
  .F.,(2,2),(-0.,9.999999999986E-04),.PIECEWISE_BEZIER_KNOTS.);
#7559 = CARTESIAN_POINT('',(3.7005,-2.397784633142,4.653242961011));
#7560 = CARTESIAN_POINT('',(3.6995,-2.397784633142,4.653242961011));
#7561 = ORIENTED_EDGE('',*,*,#892,.F.);
#7562 = B_SPLINE_SURFACE_WITH_KNOTS('',3,1,(
    (#7563,#7564)
    ,(#7565,#7566)
    ,(#7567,#7568)
    ,(#7569,#7570
    )),.UNSPECIFIED.,.F.,.F.,.F.,(4,4),(2,2),(12.,13.),(0.,1.),
  .PIECEWISE_BEZIER_KNOTS.);
#7563 = CARTESIAN_POINT('',(3.7005,-2.409403927857,4.632031899519));
#7564 = CARTESIAN_POINT('',(3.6995,-2.409403927857,4.632031899519));
#7565 = CARTESIAN_POINT('',(3.7005,-2.409403927857,4.640765866014));
#7566 = CARTESIAN_POINT('',(3.6995,-2.409403927857,4.640765866014));
#7567 = CARTESIAN_POINT('',(3.7005,-2.40550483567,4.647940195637));
#7568 = CARTESIAN_POINT('',(3.6995,-2.40550483567,4.647940195637));
#7569 = CARTESIAN_POINT('',(3.7005,-2.397784633142,4.653242961011));
#7570 = CARTESIAN_POINT('',(3.6995,-2.397784633142,4.653242961011));
#7571 = ADVANCED_FACE('',(#7572),#7590,.F.);
#7572 = FACE_BOUND('',#7573,.F.);
#7573 = EDGE_LOOP('',(#7574,#7575,#7584,#7589));
#7574 = ORIENTED_EDGE('',*,*,#7557,.F.);
#7575 = ORIENTED_EDGE('',*,*,#7576,.T.);
#7576 = EDGE_CURVE('',#7549,#7577,#7579,.T.);
#7577 = VERTEX_POINT('',#7578);
#7578 = CARTESIAN_POINT('',(3.7005,-2.367683641465,4.661353072759));
#7579 = B_SPLINE_CURVE_WITH_KNOTS('',3,(#7580,#7581,#7582,#7583),
  .UNSPECIFIED.,.F.,.F.,(4,4),(11.,12.),.PIECEWISE_BEZIER_KNOTS.);
#7580 = CARTESIAN_POINT('',(3.7005,-2.397784633142,4.653242961011));
#7581 = CARTESIAN_POINT('',(3.7005,-2.390064430614,4.658701690071));
#7582 = CARTESIAN_POINT('',(3.7005,-2.380004772773,4.661353072759));
#7583 = CARTESIAN_POINT('',(3.7005,-2.367683641465,4.661353072759));
#7584 = ORIENTED_EDGE('',*,*,#7585,.T.);
#7585 = EDGE_CURVE('',#7577,#875,#7586,.T.);
#7586 = B_SPLINE_CURVE_WITH_KNOTS('',1,(#7587,#7588),.UNSPECIFIED.,.F.,
  .F.,(2,2),(-0.,9.999999999986E-04),.PIECEWISE_BEZIER_KNOTS.);
#7587 = CARTESIAN_POINT('',(3.7005,-2.367683641465,4.661353072759));
#7588 = CARTESIAN_POINT('',(3.6995,-2.367683641465,4.661353072759));
#7589 = ORIENTED_EDGE('',*,*,#883,.F.);
#7590 = B_SPLINE_SURFACE_WITH_KNOTS('',3,1,(
    (#7591,#7592)
    ,(#7593,#7594)
    ,(#7595,#7596)
    ,(#7597,#7598
    )),.UNSPECIFIED.,.F.,.F.,.F.,(4,4),(2,2),(11.,12.),(0.,1.),
  .PIECEWISE_BEZIER_KNOTS.);
#7591 = CARTESIAN_POINT('',(3.7005,-2.397784633142,4.653242961011));
#7592 = CARTESIAN_POINT('',(3.6995,-2.397784633142,4.653242961011));
#7593 = CARTESIAN_POINT('',(3.7005,-2.390064430614,4.658701690071));
#7594 = CARTESIAN_POINT('',(3.6995,-2.390064430614,4.658701690071));
#7595 = CARTESIAN_POINT('',(3.7005,-2.380004772773,4.661353072759));
#7596 = CARTESIAN_POINT('',(3.6995,-2.380004772773,4.661353072759));
#7597 = CARTESIAN_POINT('',(3.7005,-2.367683641465,4.661353072759));
#7598 = CARTESIAN_POINT('',(3.6995,-2.367683641465,4.661353072759));
#7599 = ADVANCED_FACE('',(#7600),#7618,.F.);
#7600 = FACE_BOUND('',#7601,.F.);
#7601 = EDGE_LOOP('',(#7602,#7603,#7612,#7617));
#7602 = ORIENTED_EDGE('',*,*,#7585,.F.);
#7603 = ORIENTED_EDGE('',*,*,#7604,.T.);
#7604 = EDGE_CURVE('',#7577,#7605,#7607,.T.);
#7605 = VERTEX_POINT('',#7606);
#7606 = CARTESIAN_POINT('',(3.7005,-2.312316532421,4.645600740326));
#7607 = B_SPLINE_CURVE_WITH_KNOTS('',3,(#7608,#7609,#7610,#7611),
  .UNSPECIFIED.,.F.,.F.,(4,4),(10.,11.),.PIECEWISE_BEZIER_KNOTS.);
#7608 = CARTESIAN_POINT('',(3.7005,-2.367683641465,4.661353072759));
#7609 = CARTESIAN_POINT('',(3.7005,-2.347018452878,4.661353072759));
#7610 = CARTESIAN_POINT('',(3.7005,-2.328614737759,4.656050307386));
#7611 = CARTESIAN_POINT('',(3.7005,-2.312316532421,4.645600740326));
#7612 = ORIENTED_EDGE('',*,*,#7613,.T.);
#7613 = EDGE_CURVE('',#7605,#868,#7614,.T.);
#7614 = B_SPLINE_CURVE_WITH_KNOTS('',1,(#7615,#7616),.UNSPECIFIED.,.F.,
  .F.,(2,2),(-0.,9.999999999999E-04),.PIECEWISE_BEZIER_KNOTS.);
#7615 = CARTESIAN_POINT('',(3.7005,-2.312316532421,4.645600740326));
#7616 = CARTESIAN_POINT('',(3.6995,-2.312316532421,4.645600740326));
#7617 = ORIENTED_EDGE('',*,*,#874,.F.);
#7618 = B_SPLINE_SURFACE_WITH_KNOTS('',3,1,(
    (#7619,#7620)
    ,(#7621,#7622)
    ,(#7623,#7624)
    ,(#7625,#7626
    )),.UNSPECIFIED.,.F.,.F.,.F.,(4,4),(2,2),(10.,11.),(0.,1.),
  .PIECEWISE_BEZIER_KNOTS.);
#7619 = CARTESIAN_POINT('',(3.7005,-2.367683641465,4.661353072759));
#7620 = CARTESIAN_POINT('',(3.6995,-2.367683641465,4.661353072759));
#7621 = CARTESIAN_POINT('',(3.7005,-2.347018452878,4.661353072759));
#7622 = CARTESIAN_POINT('',(3.6995,-2.347018452878,4.661353072759));
#7623 = CARTESIAN_POINT('',(3.7005,-2.328614737759,4.656050307386));
#7624 = CARTESIAN_POINT('',(3.6995,-2.328614737759,4.656050307386));
#7625 = CARTESIAN_POINT('',(3.7005,-2.312316532421,4.645600740326));
#7626 = CARTESIAN_POINT('',(3.6995,-2.312316532421,4.645600740326));
#7627 = ADVANCED_FACE('',(#7628),#7644,.F.);
#7628 = FACE_BOUND('',#7629,.T.);
#7629 = EDGE_LOOP('',(#7630,#7631,#7638,#7643));
#7630 = ORIENTED_EDGE('',*,*,#867,.T.);
#7631 = ORIENTED_EDGE('',*,*,#7632,.F.);
#7632 = EDGE_CURVE('',#7633,#859,#7635,.T.);
#7633 = VERTEX_POINT('',#7634);
#7634 = CARTESIAN_POINT('',(3.7005,-2.312316532421,4.682720097938));
#7635 = B_SPLINE_CURVE_WITH_KNOTS('',1,(#7636,#7637),.UNSPECIFIED.,.F.,
  .F.,(2,2),(-0.,9.999999999986E-04),.PIECEWISE_BEZIER_KNOTS.);
#7636 = CARTESIAN_POINT('',(3.7005,-2.312316532421,4.682720097938));
#7637 = CARTESIAN_POINT('',(3.6995,-2.312316532421,4.682720097938));
#7638 = ORIENTED_EDGE('',*,*,#7639,.F.);
#7639 = EDGE_CURVE('',#7605,#7633,#7640,.T.);
#7640 = B_SPLINE_CURVE_WITH_KNOTS('',1,(#7641,#7642),.UNSPECIFIED.,.F.,
  .F.,(2,2),(-3.711935761179E-02,0.),.PIECEWISE_BEZIER_KNOTS.);
#7641 = CARTESIAN_POINT('',(3.7005,-2.312316532421,4.645600740326));
#7642 = CARTESIAN_POINT('',(3.7005,-2.312316532421,4.682720097938));
#7643 = ORIENTED_EDGE('',*,*,#7613,.T.);
#7644 = B_SPLINE_SURFACE_WITH_KNOTS('',1,1,(
    (#7645,#7646)
    ,(#7647,#7648
    )),.UNSPECIFIED.,.F.,.F.,.F.,(2,2),(2,2),(-9.999999999999E-04,0.),(
    -3.711935761179E-02,0.),.PIECEWISE_BEZIER_KNOTS.);
#7645 = CARTESIAN_POINT('',(3.6995,-2.312316532421,4.645600740326));
#7646 = CARTESIAN_POINT('',(3.6995,-2.312316532421,4.682720097938));
#7647 = CARTESIAN_POINT('',(3.7005,-2.312316532421,4.645600740326));
#7648 = CARTESIAN_POINT('',(3.7005,-2.312316532421,4.682720097938));
#7649 = ADVANCED_FACE('',(#7650),#7668,.F.);
#7650 = FACE_BOUND('',#7651,.F.);
#7651 = EDGE_LOOP('',(#7652,#7653,#7662,#7667));
#7652 = ORIENTED_EDGE('',*,*,#7632,.F.);
#7653 = ORIENTED_EDGE('',*,*,#7654,.T.);
#7654 = EDGE_CURVE('',#7633,#7655,#7657,.T.);
#7655 = VERTEX_POINT('',#7656);
#7656 = CARTESIAN_POINT('',(3.7005,-2.363940512966,4.692389846561));
#7657 = B_SPLINE_CURVE_WITH_KNOTS('',3,(#7658,#7659,#7660,#7661),
  .UNSPECIFIED.,.F.,.F.,(4,4),(8.,9.),.PIECEWISE_BEZIER_KNOTS.);
#7658 = CARTESIAN_POINT('',(3.7005,-2.312316532421,4.682720097938));
#7659 = CARTESIAN_POINT('',(3.7005,-2.328224828541,4.689270572812));
#7660 = CARTESIAN_POINT('',(3.7005,-2.34538083416,4.692389846561));
#7661 = CARTESIAN_POINT('',(3.7005,-2.363940512966,4.692389846561));
#7662 = ORIENTED_EDGE('',*,*,#7663,.T.);
#7663 = EDGE_CURVE('',#7655,#850,#7664,.T.);
#7664 = B_SPLINE_CURVE_WITH_KNOTS('',1,(#7665,#7666),.UNSPECIFIED.,.F.,
  .F.,(2,2),(-0.,9.999999999986E-04),.PIECEWISE_BEZIER_KNOTS.);
#7665 = CARTESIAN_POINT('',(3.7005,-2.363940512966,4.692389846561));
#7666 = CARTESIAN_POINT('',(3.6995,-2.363940512966,4.692389846561));
#7667 = ORIENTED_EDGE('',*,*,#858,.F.);
#7668 = B_SPLINE_SURFACE_WITH_KNOTS('',3,1,(
    (#7669,#7670)
    ,(#7671,#7672)
    ,(#7673,#7674)
    ,(#7675,#7676
    )),.UNSPECIFIED.,.F.,.F.,.F.,(4,4),(2,2),(8.,9.),(0.,1.),
  .PIECEWISE_BEZIER_KNOTS.);
#7669 = CARTESIAN_POINT('',(3.7005,-2.312316532421,4.682720097938));
#7670 = CARTESIAN_POINT('',(3.6995,-2.312316532421,4.682720097938));
#7671 = CARTESIAN_POINT('',(3.7005,-2.328224828541,4.689270572812));
#7672 = CARTESIAN_POINT('',(3.6995,-2.328224828541,4.689270572812));
#7673 = CARTESIAN_POINT('',(3.7005,-2.34538083416,4.692389846561));
#7674 = CARTESIAN_POINT('',(3.6995,-2.34538083416,4.692389846561));
#7675 = CARTESIAN_POINT('',(3.7005,-2.363940512966,4.692389846561));
#7676 = CARTESIAN_POINT('',(3.6995,-2.363940512966,4.692389846561));
#7677 = ADVANCED_FACE('',(#7678),#7696,.F.);
#7678 = FACE_BOUND('',#7679,.F.);
#7679 = EDGE_LOOP('',(#7680,#7681,#7690,#7695));
#7680 = ORIENTED_EDGE('',*,*,#7663,.F.);
#7681 = ORIENTED_EDGE('',*,*,#7682,.T.);
#7682 = EDGE_CURVE('',#7655,#7683,#7685,.T.);
#7683 = VERTEX_POINT('',#7684);
#7684 = CARTESIAN_POINT('',(3.7005,-2.424298460008,4.675077877253));
#7685 = B_SPLINE_CURVE_WITH_KNOTS('',3,(#7686,#7687,#7688,#7689),
  .UNSPECIFIED.,.F.,.F.,(4,4),(7.,8.),.PIECEWISE_BEZIER_KNOTS.);
#7686 = CARTESIAN_POINT('',(3.7005,-2.363940512966,4.692389846561));
#7687 = CARTESIAN_POINT('',(3.7005,-2.387802957146,4.692389846561));
#7688 = CARTESIAN_POINT('',(3.7005,-2.407922272826,4.686619190126));
#7689 = CARTESIAN_POINT('',(3.7005,-2.424298460008,4.675077877253));
#7690 = ORIENTED_EDGE('',*,*,#7691,.T.);
#7691 = EDGE_CURVE('',#7683,#841,#7692,.T.);
#7692 = B_SPLINE_CURVE_WITH_KNOTS('',1,(#7693,#7694),.UNSPECIFIED.,.F.,
  .F.,(2,2),(-0.,9.999999999986E-04),.PIECEWISE_BEZIER_KNOTS.);
#7693 = CARTESIAN_POINT('',(3.7005,-2.424298460008,4.675077877253));
#7694 = CARTESIAN_POINT('',(3.6995,-2.424298460008,4.675077877253));
#7695 = ORIENTED_EDGE('',*,*,#849,.F.);
#7696 = B_SPLINE_SURFACE_WITH_KNOTS('',3,1,(
    (#7697,#7698)
    ,(#7699,#7700)
    ,(#7701,#7702)
    ,(#7703,#7704
    )),.UNSPECIFIED.,.F.,.F.,.F.,(4,4),(2,2),(7.,8.),(0.,1.),
  .PIECEWISE_BEZIER_KNOTS.);
#7697 = CARTESIAN_POINT('',(3.7005,-2.363940512966,4.692389846561));
#7698 = CARTESIAN_POINT('',(3.6995,-2.363940512966,4.692389846561));
#7699 = CARTESIAN_POINT('',(3.7005,-2.387802957146,4.692389846561));
#7700 = CARTESIAN_POINT('',(3.6995,-2.387802957146,4.692389846561));
#7701 = CARTESIAN_POINT('',(3.7005,-2.407922272826,4.686619190126));
#7702 = CARTESIAN_POINT('',(3.6995,-2.407922272826,4.686619190126));
#7703 = CARTESIAN_POINT('',(3.7005,-2.424298460008,4.675077877253));
#7704 = CARTESIAN_POINT('',(3.6995,-2.424298460008,4.675077877253));
#7705 = ADVANCED_FACE('',(#7706),#7724,.F.);
#7706 = FACE_BOUND('',#7707,.F.);
#7707 = EDGE_LOOP('',(#7708,#7709,#7718,#7723));
#7708 = ORIENTED_EDGE('',*,*,#7691,.F.);
#7709 = ORIENTED_EDGE('',*,*,#7710,.T.);
#7710 = EDGE_CURVE('',#7683,#7711,#7713,.T.);
#7711 = VERTEX_POINT('',#7712);
#7712 = CARTESIAN_POINT('',(3.7005,-2.448784758938,4.628600698395));
#7713 = B_SPLINE_CURVE_WITH_KNOTS('',3,(#7714,#7715,#7716,#7717),
  .UNSPECIFIED.,.F.,.F.,(4,4),(6.,7.),.PIECEWISE_BEZIER_KNOTS.);
#7714 = CARTESIAN_POINT('',(3.7005,-2.424298460008,4.675077877253));
#7715 = CARTESIAN_POINT('',(3.7005,-2.440596665347,4.663380600696));
#7716 = CARTESIAN_POINT('',(3.7005,-2.448784758938,4.647940195637));
#7717 = CARTESIAN_POINT('',(3.7005,-2.448784758938,4.628600698395));
#7718 = ORIENTED_EDGE('',*,*,#7719,.T.);
#7719 = EDGE_CURVE('',#7711,#832,#7720,.T.);
#7720 = B_SPLINE_CURVE_WITH_KNOTS('',1,(#7721,#7722),.UNSPECIFIED.,.F.,
  .F.,(2,2),(-0.,9.999999999986E-04),.PIECEWISE_BEZIER_KNOTS.);
#7721 = CARTESIAN_POINT('',(3.7005,-2.448784758938,4.628600698395));
#7722 = CARTESIAN_POINT('',(3.6995,-2.448784758938,4.628600698395));
#7723 = ORIENTED_EDGE('',*,*,#840,.F.);
#7724 = B_SPLINE_SURFACE_WITH_KNOTS('',3,1,(
    (#7725,#7726)
    ,(#7727,#7728)
    ,(#7729,#7730)
    ,(#7731,#7732
    )),.UNSPECIFIED.,.F.,.F.,.F.,(4,4),(2,2),(6.,7.),(0.,1.),
  .PIECEWISE_BEZIER_KNOTS.);
#7725 = CARTESIAN_POINT('',(3.7005,-2.424298460008,4.675077877253));
#7726 = CARTESIAN_POINT('',(3.6995,-2.424298460008,4.675077877253));
#7727 = CARTESIAN_POINT('',(3.7005,-2.440596665347,4.663380600696));
#7728 = CARTESIAN_POINT('',(3.6995,-2.440596665347,4.663380600696));
#7729 = CARTESIAN_POINT('',(3.7005,-2.448784758938,4.647940195637));
#7730 = CARTESIAN_POINT('',(3.6995,-2.448784758938,4.647940195637));
#7731 = CARTESIAN_POINT('',(3.7005,-2.448784758938,4.628600698395));
#7732 = CARTESIAN_POINT('',(3.6995,-2.448784758938,4.628600698395));
#7733 = ADVANCED_FACE('',(#7734),#7752,.F.);
#7734 = FACE_BOUND('',#7735,.F.);
#7735 = EDGE_LOOP('',(#7736,#7737,#7746,#7751));
#7736 = ORIENTED_EDGE('',*,*,#7719,.F.);
#7737 = ORIENTED_EDGE('',*,*,#7738,.T.);
#7738 = EDGE_CURVE('',#7711,#7739,#7741,.T.);
#7739 = VERTEX_POINT('',#7740);
#7740 = CARTESIAN_POINT('',(3.7005,-2.43794528266,4.594132723469));
#7741 = B_SPLINE_CURVE_WITH_KNOTS('',3,(#7742,#7743,#7744,#7745),
  .UNSPECIFIED.,.F.,.F.,(4,4),(5.,6.),.PIECEWISE_BEZIER_KNOTS.);
#7742 = CARTESIAN_POINT('',(3.7005,-2.448784758938,4.628600698395));
#7743 = CARTESIAN_POINT('',(3.7005,-2.448784758938,4.615187821273));
#7744 = CARTESIAN_POINT('',(3.7005,-2.445197594126,4.603646508403));
#7745 = CARTESIAN_POINT('',(3.7005,-2.43794528266,4.594132723469));
#7746 = ORIENTED_EDGE('',*,*,#7747,.T.);
#7747 = EDGE_CURVE('',#7739,#823,#7748,.T.);
#7748 = B_SPLINE_CURVE_WITH_KNOTS('',1,(#7749,#7750),.UNSPECIFIED.,.F.,
  .F.,(2,2),(-0.,9.999999999986E-04),.PIECEWISE_BEZIER_KNOTS.);
#7749 = CARTESIAN_POINT('',(3.7005,-2.43794528266,4.594132723469));
#7750 = CARTESIAN_POINT('',(3.6995,-2.43794528266,4.594132723469));
#7751 = ORIENTED_EDGE('',*,*,#831,.F.);
#7752 = B_SPLINE_SURFACE_WITH_KNOTS('',3,1,(
    (#7753,#7754)
    ,(#7755,#7756)
    ,(#7757,#7758)
    ,(#7759,#7760
    )),.UNSPECIFIED.,.F.,.F.,.F.,(4,4),(2,2),(5.,6.),(0.,1.),
  .PIECEWISE_BEZIER_KNOTS.);
#7753 = CARTESIAN_POINT('',(3.7005,-2.448784758938,4.628600698395));
#7754 = CARTESIAN_POINT('',(3.6995,-2.448784758938,4.628600698395));
#7755 = CARTESIAN_POINT('',(3.7005,-2.448784758938,4.615187821273));
#7756 = CARTESIAN_POINT('',(3.6995,-2.448784758938,4.615187821273));
#7757 = CARTESIAN_POINT('',(3.7005,-2.445197594126,4.603646508403));
#7758 = CARTESIAN_POINT('',(3.6995,-2.445197594126,4.603646508403));
#7759 = CARTESIAN_POINT('',(3.7005,-2.43794528266,4.594132723469));
#7760 = CARTESIAN_POINT('',(3.6995,-2.43794528266,4.594132723469));
#7761 = ADVANCED_FACE('',(#7762),#7780,.F.);
#7762 = FACE_BOUND('',#7763,.F.);
#7763 = EDGE_LOOP('',(#7764,#7765,#7774,#7779));
#7764 = ORIENTED_EDGE('',*,*,#7747,.F.);
#7765 = ORIENTED_EDGE('',*,*,#7766,.T.);
#7766 = EDGE_CURVE('',#7739,#7767,#7769,.T.);
#7767 = VERTEX_POINT('',#7768);
#7768 = CARTESIAN_POINT('',(3.7005,-2.390922230894,4.565279441291));
#7769 = B_SPLINE_CURVE_WITH_KNOTS('',3,(#7770,#7771,#7772,#7773),
  .UNSPECIFIED.,.F.,.F.,(4,4),(4.,5.),.PIECEWISE_BEZIER_KNOTS.);
#7770 = CARTESIAN_POINT('',(3.7005,-2.43794528266,4.594132723469));
#7771 = CARTESIAN_POINT('',(3.7005,-2.430770953037,4.584618938535));
#7772 = CARTESIAN_POINT('',(3.7005,-2.415018620605,4.574949189912));
#7773 = CARTESIAN_POINT('',(3.7005,-2.390922230894,4.565279441291));
#7774 = ORIENTED_EDGE('',*,*,#7775,.T.);
#7775 = EDGE_CURVE('',#7767,#814,#7776,.T.);
#7776 = B_SPLINE_CURVE_WITH_KNOTS('',1,(#7777,#7778),.UNSPECIFIED.,.F.,
  .F.,(2,2),(-0.,9.999999999986E-04),.PIECEWISE_BEZIER_KNOTS.);
#7777 = CARTESIAN_POINT('',(3.7005,-2.390922230894,4.565279441291));
#7778 = CARTESIAN_POINT('',(3.6995,-2.390922230894,4.565279441291));
#7779 = ORIENTED_EDGE('',*,*,#822,.F.);
#7780 = B_SPLINE_SURFACE_WITH_KNOTS('',3,1,(
    (#7781,#7782)
    ,(#7783,#7784)
    ,(#7785,#7786)
    ,(#7787,#7788
    )),.UNSPECIFIED.,.F.,.F.,.F.,(4,4),(2,2),(4.,5.),(0.,1.),
  .PIECEWISE_BEZIER_KNOTS.);
#7781 = CARTESIAN_POINT('',(3.7005,-2.43794528266,4.594132723469));
#7782 = CARTESIAN_POINT('',(3.6995,-2.43794528266,4.594132723469));
#7783 = CARTESIAN_POINT('',(3.7005,-2.430770953037,4.584618938535));
#7784 = CARTESIAN_POINT('',(3.6995,-2.430770953037,4.584618938535));
#7785 = CARTESIAN_POINT('',(3.7005,-2.415018620605,4.574949189912));
#7786 = CARTESIAN_POINT('',(3.6995,-2.415018620605,4.574949189912));
#7787 = CARTESIAN_POINT('',(3.7005,-2.390922230894,4.565279441291));
#7788 = CARTESIAN_POINT('',(3.6995,-2.390922230894,4.565279441291));
#7789 = ADVANCED_FACE('',(#7790),#7808,.F.);
#7790 = FACE_BOUND('',#7791,.F.);
#7791 = EDGE_LOOP('',(#7792,#7793,#7802,#7807));
#7792 = ORIENTED_EDGE('',*,*,#7775,.F.);
#7793 = ORIENTED_EDGE('',*,*,#7794,.T.);
#7794 = EDGE_CURVE('',#7767,#7795,#7797,.T.);
#7795 = VERTEX_POINT('',#7796);
#7796 = CARTESIAN_POINT('',(3.7005,-2.350917545065,4.545783980359));
#7797 = B_SPLINE_CURVE_WITH_KNOTS('',3,(#7798,#7799,#7800,#7801),
  .UNSPECIFIED.,.F.,.F.,(4,4),(3.,4.),.PIECEWISE_BEZIER_KNOTS.);
#7798 = CARTESIAN_POINT('',(3.7005,-2.390922230894,4.565279441291));
#7799 = CARTESIAN_POINT('',(3.7005,-2.370802915213,4.557793184293));
#7800 = CARTESIAN_POINT('',(3.7005,-2.357468019937,4.55124270942));
#7801 = CARTESIAN_POINT('',(3.7005,-2.350917545065,4.545783980359));
#7802 = ORIENTED_EDGE('',*,*,#7803,.T.);
#7803 = EDGE_CURVE('',#7795,#805,#7804,.T.);
#7804 = B_SPLINE_CURVE_WITH_KNOTS('',1,(#7805,#7806),.UNSPECIFIED.,.F.,
  .F.,(2,2),(-0.,9.999999999986E-04),.PIECEWISE_BEZIER_KNOTS.);
#7805 = CARTESIAN_POINT('',(3.7005,-2.350917545065,4.545783980359));
#7806 = CARTESIAN_POINT('',(3.6995,-2.350917545065,4.545783980359));
#7807 = ORIENTED_EDGE('',*,*,#813,.F.);
#7808 = B_SPLINE_SURFACE_WITH_KNOTS('',3,1,(
    (#7809,#7810)
    ,(#7811,#7812)
    ,(#7813,#7814)
    ,(#7815,#7816
    )),.UNSPECIFIED.,.F.,.F.,.F.,(4,4),(2,2),(3.,4.),(0.,1.),
  .PIECEWISE_BEZIER_KNOTS.);
#7809 = CARTESIAN_POINT('',(3.7005,-2.390922230894,4.565279441291));
#7810 = CARTESIAN_POINT('',(3.6995,-2.390922230894,4.565279441291));
#7811 = CARTESIAN_POINT('',(3.7005,-2.370802915213,4.557793184293));
#7812 = CARTESIAN_POINT('',(3.6995,-2.370802915213,4.557793184293));
#7813 = CARTESIAN_POINT('',(3.7005,-2.357468019937,4.55124270942));
#7814 = CARTESIAN_POINT('',(3.6995,-2.357468019937,4.55124270942));
#7815 = CARTESIAN_POINT('',(3.7005,-2.350917545065,4.545783980359));
#7816 = CARTESIAN_POINT('',(3.6995,-2.350917545065,4.545783980359));
#7817 = ADVANCED_FACE('',(#7818),#7836,.F.);
#7818 = FACE_BOUND('',#7819,.F.);
#7819 = EDGE_LOOP('',(#7820,#7821,#7830,#7835));
#7820 = ORIENTED_EDGE('',*,*,#7803,.F.);
#7821 = ORIENTED_EDGE('',*,*,#7822,.T.);
#7822 = EDGE_CURVE('',#7795,#7823,#7825,.T.);
#7823 = VERTEX_POINT('',#7824);
#7824 = CARTESIAN_POINT('',(3.7005,-2.341091832755,4.525040809929));
#7825 = B_SPLINE_CURVE_WITH_KNOTS('',3,(#7826,#7827,#7828,#7829),
  .UNSPECIFIED.,.F.,.F.,(4,4),(2.,3.),.PIECEWISE_BEZIER_KNOTS.);
#7826 = CARTESIAN_POINT('',(3.7005,-2.350917545065,4.545783980359));
#7827 = CARTESIAN_POINT('',(3.7005,-2.344367070191,4.540325251298));
#7828 = CARTESIAN_POINT('',(3.7005,-2.341091832755,4.533462849052));
#7829 = CARTESIAN_POINT('',(3.7005,-2.341091832755,4.525040809929));
#7830 = ORIENTED_EDGE('',*,*,#7831,.T.);
#7831 = EDGE_CURVE('',#7823,#796,#7832,.T.);
#7832 = B_SPLINE_CURVE_WITH_KNOTS('',1,(#7833,#7834),.UNSPECIFIED.,.F.,
  .F.,(2,2),(-0.,9.999999999986E-04),.PIECEWISE_BEZIER_KNOTS.);
#7833 = CARTESIAN_POINT('',(3.7005,-2.341091832755,4.525040809929));
#7834 = CARTESIAN_POINT('',(3.6995,-2.341091832755,4.525040809929));
#7835 = ORIENTED_EDGE('',*,*,#804,.F.);
#7836 = B_SPLINE_SURFACE_WITH_KNOTS('',3,1,(
    (#7837,#7838)
    ,(#7839,#7840)
    ,(#7841,#7842)
    ,(#7843,#7844
    )),.UNSPECIFIED.,.F.,.F.,.F.,(4,4),(2,2),(2.,3.),(0.,1.),
  .PIECEWISE_BEZIER_KNOTS.);
#7837 = CARTESIAN_POINT('',(3.7005,-2.350917545065,4.545783980359));
#7838 = CARTESIAN_POINT('',(3.6995,-2.350917545065,4.545783980359));
#7839 = CARTESIAN_POINT('',(3.7005,-2.344367070191,4.540325251298));
#7840 = CARTESIAN_POINT('',(3.6995,-2.344367070191,4.540325251298));
#7841 = CARTESIAN_POINT('',(3.7005,-2.341091832755,4.533462849052));
#7842 = CARTESIAN_POINT('',(3.6995,-2.341091832755,4.533462849052));
#7843 = CARTESIAN_POINT('',(3.7005,-2.341091832755,4.525040809929));
#7844 = CARTESIAN_POINT('',(3.6995,-2.341091832755,4.525040809929));
#7845 = ADVANCED_FACE('',(#7846),#7858,.F.);
#7846 = FACE_BOUND('',#7847,.F.);
#7847 = EDGE_LOOP('',(#7848,#7849,#7856,#7857));
#7848 = ORIENTED_EDGE('',*,*,#7831,.F.);
#7849 = ORIENTED_EDGE('',*,*,#7850,.T.);
#7850 = EDGE_CURVE('',#7823,#7296,#7851,.T.);
#7851 = B_SPLINE_CURVE_WITH_KNOTS('',3,(#7852,#7853,#7854,#7855),
  .UNSPECIFIED.,.F.,.F.,(4,4),(1.,2.),.PIECEWISE_BEZIER_KNOTS.);
#7852 = CARTESIAN_POINT('',(3.7005,-2.341091832755,4.525040809929));
#7853 = CARTESIAN_POINT('',(3.7005,-2.341091832755,4.50538938531));
#7854 = CARTESIAN_POINT('',(3.7005,-2.356142328593,4.495563673002));
#7855 = CARTESIAN_POINT('',(3.7005,-2.386165338427,4.495563673002));
#7856 = ORIENTED_EDGE('',*,*,#7295,.T.);
#7857 = ORIENTED_EDGE('',*,*,#795,.F.);
#7858 = B_SPLINE_SURFACE_WITH_KNOTS('',3,1,(
    (#7859,#7860)
    ,(#7861,#7862)
    ,(#7863,#7864)
    ,(#7865,#7866
    )),.UNSPECIFIED.,.F.,.F.,.F.,(4,4),(2,2),(1.,2.),(0.,1.),
  .PIECEWISE_BEZIER_KNOTS.);
#7859 = CARTESIAN_POINT('',(3.7005,-2.341091832755,4.525040809929));
#7860 = CARTESIAN_POINT('',(3.6995,-2.341091832755,4.525040809929));
#7861 = CARTESIAN_POINT('',(3.7005,-2.341091832755,4.50538938531));
#7862 = CARTESIAN_POINT('',(3.6995,-2.341091832755,4.50538938531));
#7863 = CARTESIAN_POINT('',(3.7005,-2.356142328593,4.495563673002));
#7864 = CARTESIAN_POINT('',(3.6995,-2.356142328593,4.495563673002));
#7865 = CARTESIAN_POINT('',(3.7005,-2.386165338427,4.495563673002));
#7866 = CARTESIAN_POINT('',(3.6995,-2.386165338427,4.495563673002));
#7867 = ADVANCED_FACE('',(#7868),#7891,.F.);
#7868 = FACE_BOUND('',#7869,.T.);
#7869 = EDGE_LOOP('',(#7870,#7871,#7872,#7873,#7874,#7875,#7876,#7877,
    #7878,#7879,#7880,#7881,#7882,#7883,#7884,#7885,#7886,#7887,#7888,
    #7889,#7890));
#7870 = ORIENTED_EDGE('',*,*,#7302,.T.);
#7871 = ORIENTED_EDGE('',*,*,#7337,.T.);
#7872 = ORIENTED_EDGE('',*,*,#7352,.T.);
#7873 = ORIENTED_EDGE('',*,*,#7380,.T.);
#7874 = ORIENTED_EDGE('',*,*,#7408,.T.);
#7875 = ORIENTED_EDGE('',*,*,#7436,.T.);
#7876 = ORIENTED_EDGE('',*,*,#7464,.T.);
#7877 = ORIENTED_EDGE('',*,*,#7492,.T.);
#7878 = ORIENTED_EDGE('',*,*,#7520,.T.);
#7879 = ORIENTED_EDGE('',*,*,#7548,.T.);
#7880 = ORIENTED_EDGE('',*,*,#7576,.T.);
#7881 = ORIENTED_EDGE('',*,*,#7604,.T.);
#7882 = ORIENTED_EDGE('',*,*,#7639,.T.);
#7883 = ORIENTED_EDGE('',*,*,#7654,.T.);
#7884 = ORIENTED_EDGE('',*,*,#7682,.T.);
#7885 = ORIENTED_EDGE('',*,*,#7710,.T.);
#7886 = ORIENTED_EDGE('',*,*,#7738,.T.);
#7887 = ORIENTED_EDGE('',*,*,#7766,.T.);
#7888 = ORIENTED_EDGE('',*,*,#7794,.T.);
#7889 = ORIENTED_EDGE('',*,*,#7822,.T.);
#7890 = ORIENTED_EDGE('',*,*,#7850,.T.);
#7891 = B_SPLINE_SURFACE_WITH_KNOTS('',1,1,(
    (#7892,#7893)
    ,(#7894,#7895
    )),.UNSPECIFIED.,.F.,.F.,.F.,(2,2),(2,2),(-3.645651194065E-02,
    0.191562399108),(-3.031544174738E-02,0.116836297359),
  .PIECEWISE_BEZIER_KNOTS.);
#7892 = CARTESIAN_POINT('',(3.7005,-2.449018704469,4.464370935513));
#7893 = CARTESIAN_POINT('',(3.7005,-2.301866965362,4.464370935513));
#7894 = CARTESIAN_POINT('',(3.7005,-2.449018704469,4.692389846561));
#7895 = CARTESIAN_POINT('',(3.7005,-2.301866965362,4.692389846561));
#7896 = ADVANCED_FACE('',(#7897),#7919,.F.);
#7897 = FACE_BOUND('',#7898,.T.);
#7898 = EDGE_LOOP('',(#7899,#7900,#7907,#7914));
#7899 = ORIENTED_EDGE('',*,*,#21,.T.);
#7900 = ORIENTED_EDGE('',*,*,#7901,.F.);
#7901 = EDGE_CURVE('',#7902,#24,#7904,.T.);
#7902 = VERTEX_POINT('',#7903);
#7903 = CARTESIAN_POINT('',(3.7005,-2.112449066956,4.687399008562));
#7904 = B_SPLINE_CURVE_WITH_KNOTS('',1,(#7905,#7906),.UNSPECIFIED.,.F.,
  .F.,(2,2),(-0.,9.999999999999E-04),.PIECEWISE_BEZIER_KNOTS.);
#7905 = CARTESIAN_POINT('',(3.7005,-2.112449066956,4.687399008562));
#7906 = CARTESIAN_POINT('',(3.6995,-2.112449066956,4.687399008562));
#7907 = ORIENTED_EDGE('',*,*,#7908,.F.);
#7908 = EDGE_CURVE('',#7909,#7902,#7911,.T.);
#7909 = VERTEX_POINT('',#7910);
#7910 = CARTESIAN_POINT('',(3.7005,-2.072834290345,4.687399008562));
#7911 = B_SPLINE_CURVE_WITH_KNOTS('',1,(#7912,#7913),.UNSPECIFIED.,.F.,
  .F.,(2,2),(-3.961477661021E-02,-0.),.PIECEWISE_BEZIER_KNOTS.);
#7912 = CARTESIAN_POINT('',(3.7005,-2.072834290345,4.687399008562));
#7913 = CARTESIAN_POINT('',(3.7005,-2.112449066956,4.687399008562));
#7914 = ORIENTED_EDGE('',*,*,#7915,.T.);
#7915 = EDGE_CURVE('',#7909,#22,#7916,.T.);
#7916 = B_SPLINE_CURVE_WITH_KNOTS('',1,(#7917,#7918),.UNSPECIFIED.,.F.,
  .F.,(2,2),(-0.,9.999999999999E-04),.PIECEWISE_BEZIER_KNOTS.);
#7917 = CARTESIAN_POINT('',(3.7005,-2.072834290345,4.687399008562));
#7918 = CARTESIAN_POINT('',(3.6995,-2.072834290345,4.687399008562));
#7919 = B_SPLINE_SURFACE_WITH_KNOTS('',1,1,(
    (#7920,#7921)
    ,(#7922,#7923
    )),.UNSPECIFIED.,.F.,.F.,.F.,(2,2),(2,2),(-4.440892098501E-16,
    3.961477661021E-02),(-9.999999999999E-04,0.),
  .PIECEWISE_BEZIER_KNOTS.);
#7920 = CARTESIAN_POINT('',(3.6995,-2.112449066956,4.687399008562));
#7921 = CARTESIAN_POINT('',(3.7005,-2.112449066956,4.687399008562));
#7922 = CARTESIAN_POINT('',(3.6995,-2.072834290345,4.687399008562));
#7923 = CARTESIAN_POINT('',(3.7005,-2.072834290345,4.687399008562));
#7924 = ADVANCED_FACE('',(#7925),#7941,.F.);
#7925 = FACE_BOUND('',#7926,.T.);
#7926 = EDGE_LOOP('',(#7927,#7928,#7935,#7940));
#7927 = ORIENTED_EDGE('',*,*,#131,.T.);
#7928 = ORIENTED_EDGE('',*,*,#7929,.F.);
#7929 = EDGE_CURVE('',#7930,#123,#7932,.T.);
#7930 = VERTEX_POINT('',#7931);
#7931 = CARTESIAN_POINT('',(3.7005,-2.171949213718,4.523325209367));
#7932 = B_SPLINE_CURVE_WITH_KNOTS('',1,(#7933,#7934),.UNSPECIFIED.,.F.,
  .F.,(2,2),(-0.,9.999999999986E-04),.PIECEWISE_BEZIER_KNOTS.);
#7933 = CARTESIAN_POINT('',(3.7005,-2.171949213718,4.523325209367));
#7934 = CARTESIAN_POINT('',(3.6995,-2.171949213718,4.523325209367));
#7935 = ORIENTED_EDGE('',*,*,#7936,.F.);
#7936 = EDGE_CURVE('',#7902,#7930,#7937,.T.);
#7937 = B_SPLINE_CURVE_WITH_KNOTS('',1,(#7938,#7939),.UNSPECIFIED.,.F.,
  .F.,(2,2),(-0.174529307129,-1.513979147466E-16),
  .PIECEWISE_BEZIER_KNOTS.);
#7938 = CARTESIAN_POINT('',(3.7005,-2.112449066956,4.687399008562));
#7939 = CARTESIAN_POINT('',(3.7005,-2.171949213718,4.523325209367));
#7940 = ORIENTED_EDGE('',*,*,#7901,.T.);
#7941 = B_SPLINE_SURFACE_WITH_KNOTS('',1,1,(
    (#7942,#7943)
    ,(#7944,#7945
    )),.UNSPECIFIED.,.F.,.F.,.F.,(2,2),(2,2),(1.513979147466E-16,
    0.174529307129),(-9.999999999999E-04,4.302479600297E-33),
  .PIECEWISE_BEZIER_KNOTS.);
#7942 = CARTESIAN_POINT('',(3.6995,-2.171949213718,4.523325209367));
#7943 = CARTESIAN_POINT('',(3.7005,-2.171949213718,4.523325209367));
#7944 = CARTESIAN_POINT('',(3.6995,-2.112449066956,4.687399008562));
#7945 = CARTESIAN_POINT('',(3.7005,-2.112449066956,4.687399008562));
#7946 = ADVANCED_FACE('',(#7947),#7965,.F.);
#7947 = FACE_BOUND('',#7948,.F.);
#7948 = EDGE_LOOP('',(#7949,#7950,#7959,#7964));
#7949 = ORIENTED_EDGE('',*,*,#7929,.F.);
#7950 = ORIENTED_EDGE('',*,*,#7951,.T.);
#7951 = EDGE_CURVE('',#7930,#7952,#7954,.T.);
#7952 = VERTEX_POINT('',#7953);
#7953 = CARTESIAN_POINT('',(3.7005,-2.176628124342,4.505701312685));
#7954 = B_SPLINE_CURVE_WITH_KNOTS('',3,(#7955,#7956,#7957,#7958),
  .UNSPECIFIED.,.F.,.F.,(4,4),(12.,13.),.PIECEWISE_BEZIER_KNOTS.);
#7955 = CARTESIAN_POINT('',(3.7005,-2.171949213718,4.523325209367));
#7956 = CARTESIAN_POINT('',(3.7005,-2.174288669029,4.515682988683));
#7957 = CARTESIAN_POINT('',(3.7005,-2.175848305906,4.50975636856));
#7958 = CARTESIAN_POINT('',(3.7005,-2.176628124342,4.505701312685));
#7959 = ORIENTED_EDGE('',*,*,#7960,.T.);
#7960 = EDGE_CURVE('',#7952,#116,#7961,.T.);
#7961 = B_SPLINE_CURVE_WITH_KNOTS('',1,(#7962,#7963),.UNSPECIFIED.,.F.,
  .F.,(2,2),(-0.,9.999999999999E-04),.PIECEWISE_BEZIER_KNOTS.);
#7962 = CARTESIAN_POINT('',(3.7005,-2.176628124342,4.505701312685));
#7963 = CARTESIAN_POINT('',(3.6995,-2.176628124342,4.505701312685));
#7964 = ORIENTED_EDGE('',*,*,#122,.F.);
#7965 = B_SPLINE_SURFACE_WITH_KNOTS('',3,1,(
    (#7966,#7967)
    ,(#7968,#7969)
    ,(#7970,#7971)
    ,(#7972,#7973
    )),.UNSPECIFIED.,.F.,.F.,.F.,(4,4),(2,2),(12.,13.),(0.,1.),
  .PIECEWISE_BEZIER_KNOTS.);
#7966 = CARTESIAN_POINT('',(3.7005,-2.171949213718,4.523325209367));
#7967 = CARTESIAN_POINT('',(3.6995,-2.171949213718,4.523325209367));
#7968 = CARTESIAN_POINT('',(3.7005,-2.174288669029,4.515682988683));
#7969 = CARTESIAN_POINT('',(3.6995,-2.174288669029,4.515682988683));
#7970 = CARTESIAN_POINT('',(3.7005,-2.175848305906,4.50975636856));
#7971 = CARTESIAN_POINT('',(3.6995,-2.175848305906,4.50975636856));
#7972 = CARTESIAN_POINT('',(3.7005,-2.176628124342,4.505701312685));
#7973 = CARTESIAN_POINT('',(3.6995,-2.176628124342,4.505701312685));
#7974 = ADVANCED_FACE('',(#7975),#7991,.F.);
#7975 = FACE_BOUND('',#7976,.T.);
#7976 = EDGE_LOOP('',(#7977,#7978,#7985,#7990));
#7977 = ORIENTED_EDGE('',*,*,#115,.T.);
#7978 = ORIENTED_EDGE('',*,*,#7979,.F.);
#7979 = EDGE_CURVE('',#7980,#109,#7982,.T.);
#7980 = VERTEX_POINT('',#7981);
#7981 = CARTESIAN_POINT('',(3.7005,-2.177641888309,4.505701312685));
#7982 = B_SPLINE_CURVE_WITH_KNOTS('',1,(#7983,#7984),.UNSPECIFIED.,.F.,
  .F.,(2,2),(-0.,9.999999999999E-04),.PIECEWISE_BEZIER_KNOTS.);
#7983 = CARTESIAN_POINT('',(3.7005,-2.177641888309,4.505701312685));
#7984 = CARTESIAN_POINT('',(3.6995,-2.177641888309,4.505701312685));
#7985 = ORIENTED_EDGE('',*,*,#7986,.F.);
#7986 = EDGE_CURVE('',#7952,#7980,#7987,.T.);
#7987 = B_SPLINE_CURVE_WITH_KNOTS('',1,(#7988,#7989),.UNSPECIFIED.,.F.,
  .F.,(2,2),(-1.013763967252E-03,-0.),.PIECEWISE_BEZIER_KNOTS.);
#7988 = CARTESIAN_POINT('',(3.7005,-2.176628124342,4.505701312685));
#7989 = CARTESIAN_POINT('',(3.7005,-2.177641888309,4.505701312685));
#7990 = ORIENTED_EDGE('',*,*,#7960,.T.);
#7991 = B_SPLINE_SURFACE_WITH_KNOTS('',1,1,(
    (#7992,#7993)
    ,(#7994,#7995
    )),.UNSPECIFIED.,.F.,.F.,.F.,(2,2),(2,2),(0.,9.999999999999E-04),(
    -4.440892098501E-16,1.013763967252E-03),.PIECEWISE_BEZIER_KNOTS.);
#7992 = CARTESIAN_POINT('',(3.7005,-2.177641888309,4.505701312685));
#7993 = CARTESIAN_POINT('',(3.7005,-2.176628124342,4.505701312685));
#7994 = CARTESIAN_POINT('',(3.6995,-2.177641888309,4.505701312685));
#7995 = CARTESIAN_POINT('',(3.6995,-2.176628124342,4.505701312685));
#7996 = ADVANCED_FACE('',(#7997),#8013,.F.);
#7997 = FACE_BOUND('',#7998,.T.);
#7998 = EDGE_LOOP('',(#7999,#8000,#8007,#8012));
#7999 = ORIENTED_EDGE('',*,*,#108,.T.);
#8000 = ORIENTED_EDGE('',*,*,#8001,.F.);
#8001 = EDGE_CURVE('',#8002,#102,#8004,.T.);
#8002 = VERTEX_POINT('',#8003);
#8003 = CARTESIAN_POINT('',(3.7005,-2.182320798934,4.523637136742));
#8004 = B_SPLINE_CURVE_WITH_KNOTS('',1,(#8005,#8006),.UNSPECIFIED.,.F.,
  .F.,(2,2),(-0.,9.999999999999E-04),.PIECEWISE_BEZIER_KNOTS.);
#8005 = CARTESIAN_POINT('',(3.7005,-2.182320798934,4.523637136742));
#8006 = CARTESIAN_POINT('',(3.6995,-2.182320798934,4.523637136742));
#8007 = ORIENTED_EDGE('',*,*,#8008,.F.);
#8008 = EDGE_CURVE('',#7980,#8002,#8009,.T.);
#8009 = B_SPLINE_CURVE_WITH_KNOTS('',1,(#8010,#8011),.UNSPECIFIED.,.F.,
  .F.,(2,2),(-1.853607264843E-02,0.),.PIECEWISE_BEZIER_KNOTS.);
#8010 = CARTESIAN_POINT('',(3.7005,-2.177641888309,4.505701312685));
#8011 = CARTESIAN_POINT('',(3.7005,-2.182320798934,4.523637136742));
#8012 = ORIENTED_EDGE('',*,*,#7979,.T.);
#8013 = B_SPLINE_SURFACE_WITH_KNOTS('',1,1,(
    (#8014,#8015)
    ,(#8016,#8017
    )),.UNSPECIFIED.,.F.,.F.,.F.,(2,2),(2,2),(-4.390498767077E-16,
    1.853607264843E-02),(-9.999999999999E-04,4.569494702713E-34),
  .PIECEWISE_BEZIER_KNOTS.);
#8014 = CARTESIAN_POINT('',(3.6995,-2.182320798934,4.523637136742));
#8015 = CARTESIAN_POINT('',(3.7005,-2.182320798934,4.523637136742));
#8016 = CARTESIAN_POINT('',(3.6995,-2.177641888309,4.505701312685));
#8017 = CARTESIAN_POINT('',(3.7005,-2.177641888309,4.505701312685));
#8018 = ADVANCED_FACE('',(#8019),#8035,.F.);
#8019 = FACE_BOUND('',#8020,.T.);
#8020 = EDGE_LOOP('',(#8021,#8022,#8029,#8034));
#8021 = ORIENTED_EDGE('',*,*,#101,.T.);
#8022 = ORIENTED_EDGE('',*,*,#8023,.F.);
#8023 = EDGE_CURVE('',#8024,#95,#8026,.T.);
#8024 = VERTEX_POINT('',#8025);
#8025 = CARTESIAN_POINT('',(3.7005,-2.239247544852,4.687399008562));
#8026 = B_SPLINE_CURVE_WITH_KNOTS('',1,(#8027,#8028),.UNSPECIFIED.,.F.,
  .F.,(2,2),(-0.,9.999999999999E-04),.PIECEWISE_BEZIER_KNOTS.);
#8027 = CARTESIAN_POINT('',(3.7005,-2.239247544852,4.687399008562));
#8028 = CARTESIAN_POINT('',(3.6995,-2.239247544852,4.687399008562));
#8029 = ORIENTED_EDGE('',*,*,#8030,.F.);
#8030 = EDGE_CURVE('',#8002,#8024,#8031,.T.);
#8031 = B_SPLINE_CURVE_WITH_KNOTS('',1,(#8032,#8033),.UNSPECIFIED.,.F.,
  .F.,(2,2),(-0.173374176459,0.),.PIECEWISE_BEZIER_KNOTS.);
#8032 = CARTESIAN_POINT('',(3.7005,-2.182320798934,4.523637136742));
#8033 = CARTESIAN_POINT('',(3.7005,-2.239247544852,4.687399008562));
#8034 = ORIENTED_EDGE('',*,*,#8001,.T.);
#8035 = B_SPLINE_SURFACE_WITH_KNOTS('',1,1,(
    (#8036,#8037)
    ,(#8038,#8039
    )),.UNSPECIFIED.,.F.,.F.,.F.,(2,2),(2,2),(-1.035617818813E-19,
    0.173374176459),(-9.999999999999E-04,4.930380657631E-32),
  .PIECEWISE_BEZIER_KNOTS.);
#8036 = CARTESIAN_POINT('',(3.6995,-2.239247544852,4.687399008562));
#8037 = CARTESIAN_POINT('',(3.7005,-2.239247544852,4.687399008562));
#8038 = CARTESIAN_POINT('',(3.6995,-2.182320798934,4.523637136742));
#8039 = CARTESIAN_POINT('',(3.7005,-2.182320798934,4.523637136742));
#8040 = ADVANCED_FACE('',(#8041),#8057,.F.);
#8041 = FACE_BOUND('',#8042,.T.);
#8042 = EDGE_LOOP('',(#8043,#8044,#8051,#8056));
#8043 = ORIENTED_EDGE('',*,*,#94,.T.);
#8044 = ORIENTED_EDGE('',*,*,#8045,.F.);
#8045 = EDGE_CURVE('',#8046,#88,#8048,.T.);
#8046 = VERTEX_POINT('',#8047);
#8047 = CARTESIAN_POINT('',(3.7005,-2.281981595212,4.687399008562));
#8048 = B_SPLINE_CURVE_WITH_KNOTS('',1,(#8049,#8050),.UNSPECIFIED.,.F.,
  .F.,(2,2),(-0.,9.999999999999E-04),.PIECEWISE_BEZIER_KNOTS.);
#8049 = CARTESIAN_POINT('',(3.7005,-2.281981595212,4.687399008562));
#8050 = CARTESIAN_POINT('',(3.6995,-2.281981595212,4.687399008562));
#8051 = ORIENTED_EDGE('',*,*,#8052,.F.);
#8052 = EDGE_CURVE('',#8024,#8046,#8053,.T.);
#8053 = B_SPLINE_CURVE_WITH_KNOTS('',1,(#8054,#8055),.UNSPECIFIED.,.F.,
  .F.,(2,2),(-4.27340503608E-02,-0.),.PIECEWISE_BEZIER_KNOTS.);
#8054 = CARTESIAN_POINT('',(3.7005,-2.239247544852,4.687399008562));
#8055 = CARTESIAN_POINT('',(3.7005,-2.281981595212,4.687399008562));
#8056 = ORIENTED_EDGE('',*,*,#8023,.T.);
#8057 = B_SPLINE_SURFACE_WITH_KNOTS('',1,1,(
    (#8058,#8059)
    ,(#8060,#8061
    )),.UNSPECIFIED.,.F.,.F.,.F.,(2,2),(2,2),(-3.154042683594E-19,
    4.27340503608E-02),(-9.999999999999E-04,0.),
  .PIECEWISE_BEZIER_KNOTS.);
#8058 = CARTESIAN_POINT('',(3.6995,-2.281981595212,4.687399008562));
#8059 = CARTESIAN_POINT('',(3.7005,-2.281981595212,4.687399008562));
#8060 = CARTESIAN_POINT('',(3.6995,-2.239247544852,4.687399008562));
#8061 = CARTESIAN_POINT('',(3.7005,-2.239247544852,4.687399008562));
#8062 = ADVANCED_FACE('',(#8063),#8079,.F.);
#8063 = FACE_BOUND('',#8064,.T.);
#8064 = EDGE_LOOP('',(#8065,#8066,#8073,#8078));
#8065 = ORIENTED_EDGE('',*,*,#87,.T.);
#8066 = ORIENTED_EDGE('',*,*,#8067,.F.);
#8067 = EDGE_CURVE('',#8068,#81,#8070,.T.);
#8068 = VERTEX_POINT('',#8069);
#8069 = CARTESIAN_POINT('',(3.7005,-2.196513494491,4.469985628261));
#8070 = B_SPLINE_CURVE_WITH_KNOTS('',1,(#8071,#8072),.UNSPECIFIED.,.F.,
  .F.,(2,2),(-0.,9.999999999999E-04),.PIECEWISE_BEZIER_KNOTS.);
#8071 = CARTESIAN_POINT('',(3.7005,-2.196513494491,4.469985628261));
#8072 = CARTESIAN_POINT('',(3.6995,-2.196513494491,4.469985628261));
#8073 = ORIENTED_EDGE('',*,*,#8074,.F.);
#8074 = EDGE_CURVE('',#8046,#8068,#8075,.T.);
#8075 = B_SPLINE_CURVE_WITH_KNOTS('',1,(#8076,#8077),.UNSPECIFIED.,.F.,
  .F.,(2,2),(-0.233609447958,0.),.PIECEWISE_BEZIER_KNOTS.);
#8076 = CARTESIAN_POINT('',(3.7005,-2.281981595212,4.687399008562));
#8077 = CARTESIAN_POINT('',(3.7005,-2.196513494491,4.469985628261));
#8078 = ORIENTED_EDGE('',*,*,#8045,.T.);
#8079 = B_SPLINE_SURFACE_WITH_KNOTS('',1,1,(
    (#8080,#8081)
    ,(#8082,#8083
    )),.UNSPECIFIED.,.F.,.F.,.F.,(2,2),(2,2),(0.,0.233609447958),(
    -9.999999999999E-04,0.),.PIECEWISE_BEZIER_KNOTS.);
#8080 = CARTESIAN_POINT('',(3.6995,-2.196513494491,4.469985628261));
#8081 = CARTESIAN_POINT('',(3.7005,-2.196513494491,4.469985628261));
#8082 = CARTESIAN_POINT('',(3.6995,-2.281981595212,4.687399008562));
#8083 = CARTESIAN_POINT('',(3.7005,-2.281981595212,4.687399008562));
#8084 = ADVANCED_FACE('',(#8085),#8101,.F.);
#8085 = FACE_BOUND('',#8086,.T.);
#8086 = EDGE_LOOP('',(#8087,#8088,#8095,#8100));
#8087 = ORIENTED_EDGE('',*,*,#80,.T.);
#8088 = ORIENTED_EDGE('',*,*,#8089,.F.);
#8089 = EDGE_CURVE('',#8090,#72,#8092,.T.);
#8090 = VERTEX_POINT('',#8091);
#8091 = CARTESIAN_POINT('',(3.7005,-2.213279590892,4.430370851648));
#8092 = B_SPLINE_CURVE_WITH_KNOTS('',1,(#8093,#8094),.UNSPECIFIED.,.F.,
  .F.,(2,2),(-0.,9.999999999986E-04),.PIECEWISE_BEZIER_KNOTS.);
#8093 = CARTESIAN_POINT('',(3.7005,-2.213279590892,4.430370851648));
#8094 = CARTESIAN_POINT('',(3.6995,-2.213279590892,4.430370851648));
#8095 = ORIENTED_EDGE('',*,*,#8096,.F.);
#8096 = EDGE_CURVE('',#8068,#8090,#8097,.T.);
#8097 = B_SPLINE_CURVE_WITH_KNOTS('',1,(#8098,#8099),.UNSPECIFIED.,.F.,
  .F.,(2,2),(-4.301665392122E-02,3.139725654719E-17),
  .PIECEWISE_BEZIER_KNOTS.);
#8098 = CARTESIAN_POINT('',(3.7005,-2.196513494491,4.469985628261));
#8099 = CARTESIAN_POINT('',(3.7005,-2.213279590892,4.430370851648));
#8100 = ORIENTED_EDGE('',*,*,#8067,.T.);
#8101 = B_SPLINE_SURFACE_WITH_KNOTS('',1,1,(
    (#8102,#8103)
    ,(#8104,#8105
    )),.UNSPECIFIED.,.F.,.F.,.F.,(2,2),(2,2),(-3.139725654719E-17,
    4.301665392122E-02),(-9.999999999999E-04,5.30221196123E-34),
  .PIECEWISE_BEZIER_KNOTS.);
#8102 = CARTESIAN_POINT('',(3.6995,-2.213279590892,4.430370851648));
#8103 = CARTESIAN_POINT('',(3.7005,-2.213279590892,4.430370851648));
#8104 = CARTESIAN_POINT('',(3.6995,-2.196513494491,4.469985628261));
#8105 = CARTESIAN_POINT('',(3.7005,-2.196513494491,4.469985628261));
#8106 = ADVANCED_FACE('',(#8107),#8125,.F.);
#8107 = FACE_BOUND('',#8108,.F.);
#8108 = EDGE_LOOP('',(#8109,#8110,#8119,#8124));
#8109 = ORIENTED_EDGE('',*,*,#8089,.F.);
#8110 = ORIENTED_EDGE('',*,*,#8111,.T.);
#8111 = EDGE_CURVE('',#8090,#8112,#8114,.T.);
#8112 = VERTEX_POINT('',#8113);
#8113 = CARTESIAN_POINT('',(3.7005,-2.252426476442,4.399646005221));
#8114 = B_SPLINE_CURVE_WITH_KNOTS('',3,(#8115,#8116,#8117,#8118),
  .UNSPECIFIED.,.F.,.F.,(4,4),(5.,6.),.PIECEWISE_BEZIER_KNOTS.);
#8115 = CARTESIAN_POINT('',(3.7005,-2.213279590892,4.430370851648));
#8116 = CARTESIAN_POINT('',(3.7005,-2.221935575545,4.409783644906));
#8117 = CARTESIAN_POINT('',(3.7005,-2.234958543446,4.399646005221));
#8118 = CARTESIAN_POINT('',(3.7005,-2.252426476442,4.399646005221));
#8119 = ORIENTED_EDGE('',*,*,#8120,.T.);
#8120 = EDGE_CURVE('',#8112,#63,#8121,.T.);
#8121 = B_SPLINE_CURVE_WITH_KNOTS('',1,(#8122,#8123),.UNSPECIFIED.,.F.,
  .F.,(2,2),(-0.,9.999999999986E-04),.PIECEWISE_BEZIER_KNOTS.);
#8122 = CARTESIAN_POINT('',(3.7005,-2.252426476442,4.399646005221));
#8123 = CARTESIAN_POINT('',(3.6995,-2.252426476442,4.399646005221));
#8124 = ORIENTED_EDGE('',*,*,#71,.F.);
#8125 = B_SPLINE_SURFACE_WITH_KNOTS('',3,1,(
    (#8126,#8127)
    ,(#8128,#8129)
    ,(#8130,#8131)
    ,(#8132,#8133
    )),.UNSPECIFIED.,.F.,.F.,.F.,(4,4),(2,2),(5.,6.),(0.,1.),
  .PIECEWISE_BEZIER_KNOTS.);
#8126 = CARTESIAN_POINT('',(3.7005,-2.213279590892,4.430370851648));
#8127 = CARTESIAN_POINT('',(3.6995,-2.213279590892,4.430370851648));
#8128 = CARTESIAN_POINT('',(3.7005,-2.221935575545,4.409783644906));
#8129 = CARTESIAN_POINT('',(3.6995,-2.221935575545,4.409783644906));
#8130 = CARTESIAN_POINT('',(3.7005,-2.234958543446,4.399646005221));
#8131 = CARTESIAN_POINT('',(3.6995,-2.234958543446,4.399646005221));
#8132 = CARTESIAN_POINT('',(3.7005,-2.252426476442,4.399646005221));
#8133 = CARTESIAN_POINT('',(3.6995,-2.252426476442,4.399646005221));
#8134 = ADVANCED_FACE('',(#8135),#8153,.F.);
#8135 = FACE_BOUND('',#8136,.F.);
#8136 = EDGE_LOOP('',(#8137,#8138,#8147,#8152));
#8137 = ORIENTED_EDGE('',*,*,#8120,.F.);
#8138 = ORIENTED_EDGE('',*,*,#8139,.T.);
#8139 = EDGE_CURVE('',#8112,#8140,#8142,.T.);
#8140 = VERTEX_POINT('',#8141);
#8141 = CARTESIAN_POINT('',(3.7005,-2.274105428996,4.404012988471));
#8142 = B_SPLINE_CURVE_WITH_KNOTS('',3,(#8143,#8144,#8145,#8146),
  .UNSPECIFIED.,.F.,.F.,(4,4),(4.,5.),.PIECEWISE_BEZIER_KNOTS.);
#8143 = CARTESIAN_POINT('',(3.7005,-2.252426476442,4.399646005221));
#8144 = CARTESIAN_POINT('',(3.7005,-2.259444842376,4.399646005221));
#8145 = CARTESIAN_POINT('',(3.7005,-2.266619171999,4.401049678408));
#8146 = CARTESIAN_POINT('',(3.7005,-2.274105428996,4.404012988471));
#8147 = ORIENTED_EDGE('',*,*,#8148,.T.);
#8148 = EDGE_CURVE('',#8140,#56,#8149,.T.);
#8149 = B_SPLINE_CURVE_WITH_KNOTS('',1,(#8150,#8151),.UNSPECIFIED.,.F.,
  .F.,(2,2),(-0.,9.999999999999E-04),.PIECEWISE_BEZIER_KNOTS.);
#8150 = CARTESIAN_POINT('',(3.7005,-2.274105428996,4.404012988471));
#8151 = CARTESIAN_POINT('',(3.6995,-2.274105428996,4.404012988471));
#8152 = ORIENTED_EDGE('',*,*,#62,.F.);
#8153 = B_SPLINE_SURFACE_WITH_KNOTS('',3,1,(
    (#8154,#8155)
    ,(#8156,#8157)
    ,(#8158,#8159)
    ,(#8160,#8161
    )),.UNSPECIFIED.,.F.,.F.,.F.,(4,4),(2,2),(4.,5.),(0.,1.),
  .PIECEWISE_BEZIER_KNOTS.);
#8154 = CARTESIAN_POINT('',(3.7005,-2.252426476442,4.399646005221));
#8155 = CARTESIAN_POINT('',(3.6995,-2.252426476442,4.399646005221));
#8156 = CARTESIAN_POINT('',(3.7005,-2.259444842376,4.399646005221));
#8157 = CARTESIAN_POINT('',(3.6995,-2.259444842376,4.399646005221));
#8158 = CARTESIAN_POINT('',(3.7005,-2.266619171999,4.401049678408));
#8159 = CARTESIAN_POINT('',(3.6995,-2.266619171999,4.401049678408));
#8160 = CARTESIAN_POINT('',(3.7005,-2.274105428996,4.404012988471));
#8161 = CARTESIAN_POINT('',(3.6995,-2.274105428996,4.404012988471));
#8162 = ADVANCED_FACE('',(#8163),#8179,.F.);
#8163 = FACE_BOUND('',#8164,.T.);
#8164 = EDGE_LOOP('',(#8165,#8166,#8173,#8178));
#8165 = ORIENTED_EDGE('',*,*,#55,.T.);
#8166 = ORIENTED_EDGE('',*,*,#8167,.F.);
#8167 = EDGE_CURVE('',#8168,#47,#8170,.T.);
#8168 = VERTEX_POINT('',#8169);
#8169 = CARTESIAN_POINT('',(3.7005,-2.274105428996,4.370012904606));
#8170 = B_SPLINE_CURVE_WITH_KNOTS('',1,(#8171,#8172),.UNSPECIFIED.,.F.,
  .F.,(2,2),(-0.,9.999999999986E-04),.PIECEWISE_BEZIER_KNOTS.);
#8171 = CARTESIAN_POINT('',(3.7005,-2.274105428996,4.370012904606));
#8172 = CARTESIAN_POINT('',(3.6995,-2.274105428996,4.370012904606));
#8173 = ORIENTED_EDGE('',*,*,#8174,.F.);
#8174 = EDGE_CURVE('',#8140,#8168,#8175,.T.);
#8175 = B_SPLINE_CURVE_WITH_KNOTS('',1,(#8176,#8177),.UNSPECIFIED.,.F.,
  .F.,(2,2),(-3.400008386433E-02,0.),.PIECEWISE_BEZIER_KNOTS.);
#8176 = CARTESIAN_POINT('',(3.7005,-2.274105428996,4.404012988471));
#8177 = CARTESIAN_POINT('',(3.7005,-2.274105428996,4.370012904606));
#8178 = ORIENTED_EDGE('',*,*,#8148,.T.);
#8179 = B_SPLINE_SURFACE_WITH_KNOTS('',1,1,(
    (#8180,#8181)
    ,(#8182,#8183
    )),.UNSPECIFIED.,.F.,.F.,.F.,(2,2),(2,2),(0.,3.400008386433E-02),(
    -9.999999999999E-04,0.),.PIECEWISE_BEZIER_KNOTS.);
#8180 = CARTESIAN_POINT('',(3.6995,-2.274105428996,4.370012904606));
#8181 = CARTESIAN_POINT('',(3.7005,-2.274105428996,4.370012904606));
#8182 = CARTESIAN_POINT('',(3.6995,-2.274105428996,4.404012988471));
#8183 = CARTESIAN_POINT('',(3.7005,-2.274105428996,4.404012988471));
#8184 = ADVANCED_FACE('',(#8185),#8203,.F.);
#8185 = FACE_BOUND('',#8186,.F.);
#8186 = EDGE_LOOP('',(#8187,#8188,#8197,#8202));
#8187 = ORIENTED_EDGE('',*,*,#8167,.F.);
#8188 = ORIENTED_EDGE('',*,*,#8189,.T.);
#8189 = EDGE_CURVE('',#8168,#8190,#8192,.T.);
#8190 = VERTEX_POINT('',#8191);
#8191 = CARTESIAN_POINT('',(3.7005,-2.249463166379,4.366893630857));
#8192 = B_SPLINE_CURVE_WITH_KNOTS('',3,(#8193,#8194,#8195,#8196),
  .UNSPECIFIED.,.F.,.F.,(4,4),(2.,3.),.PIECEWISE_BEZIER_KNOTS.);
#8193 = CARTESIAN_POINT('',(3.7005,-2.274105428996,4.370012904606));
#8194 = CARTESIAN_POINT('',(3.7005,-2.267321008592,4.36798537667));
#8195 = CARTESIAN_POINT('',(3.7005,-2.259054933158,4.366893630857));
#8196 = CARTESIAN_POINT('',(3.7005,-2.249463166379,4.366893630857));
#8197 = ORIENTED_EDGE('',*,*,#8198,.T.);
#8198 = EDGE_CURVE('',#8190,#38,#8199,.T.);
#8199 = B_SPLINE_CURVE_WITH_KNOTS('',1,(#8200,#8201),.UNSPECIFIED.,.F.,
  .F.,(2,2),(-0.,9.999999999986E-04),.PIECEWISE_BEZIER_KNOTS.);
#8200 = CARTESIAN_POINT('',(3.7005,-2.249463166379,4.366893630857));
#8201 = CARTESIAN_POINT('',(3.6995,-2.249463166379,4.366893630857));
#8202 = ORIENTED_EDGE('',*,*,#46,.F.);
#8203 = B_SPLINE_SURFACE_WITH_KNOTS('',3,1,(
    (#8204,#8205)
    ,(#8206,#8207)
    ,(#8208,#8209)
    ,(#8210,#8211
    )),.UNSPECIFIED.,.F.,.F.,.F.,(4,4),(2,2),(2.,3.),(0.,1.),
  .PIECEWISE_BEZIER_KNOTS.);
#8204 = CARTESIAN_POINT('',(3.7005,-2.274105428996,4.370012904606));
#8205 = CARTESIAN_POINT('',(3.6995,-2.274105428996,4.370012904606));
#8206 = CARTESIAN_POINT('',(3.7005,-2.267321008592,4.36798537667));
#8207 = CARTESIAN_POINT('',(3.6995,-2.267321008592,4.36798537667));
#8208 = CARTESIAN_POINT('',(3.7005,-2.259054933158,4.366893630857));
#8209 = CARTESIAN_POINT('',(3.6995,-2.259054933158,4.366893630857));
#8210 = CARTESIAN_POINT('',(3.7005,-2.249463166379,4.366893630857));
#8211 = CARTESIAN_POINT('',(3.6995,-2.249463166379,4.366893630857));
#8212 = ADVANCED_FACE('',(#8213),#8231,.F.);
#8213 = FACE_BOUND('',#8214,.F.);
#8214 = EDGE_LOOP('',(#8215,#8216,#8225,#8230));
#8215 = ORIENTED_EDGE('',*,*,#8198,.F.);
#8216 = ORIENTED_EDGE('',*,*,#8217,.T.);
#8217 = EDGE_CURVE('',#8190,#8218,#8220,.T.);
#8218 = VERTEX_POINT('',#8219);
#8219 = CARTESIAN_POINT('',(3.7005,-2.171715268187,4.436609399147));
#8220 = B_SPLINE_CURVE_WITH_KNOTS('',3,(#8221,#8222,#8223,#8224),
  .UNSPECIFIED.,.F.,.F.,(4,4),(1.,2.),.PIECEWISE_BEZIER_KNOTS.);
#8221 = CARTESIAN_POINT('',(3.7005,-2.249463166379,4.366893630857));
#8222 = CARTESIAN_POINT('',(3.7005,-2.216008955422,4.366893630857));
#8223 = CARTESIAN_POINT('',(3.7005,-2.190118983305,4.390132220287));
#8224 = CARTESIAN_POINT('',(3.7005,-2.171715268187,4.436609399147));
#8225 = ORIENTED_EDGE('',*,*,#8226,.T.);
#8226 = EDGE_CURVE('',#8218,#31,#8227,.T.);
#8227 = B_SPLINE_CURVE_WITH_KNOTS('',1,(#8228,#8229),.UNSPECIFIED.,.F.,
  .F.,(2,2),(-0.,9.999999999999E-04),.PIECEWISE_BEZIER_KNOTS.);
#8228 = CARTESIAN_POINT('',(3.7005,-2.171715268187,4.436609399147));
#8229 = CARTESIAN_POINT('',(3.6995,-2.171715268187,4.436609399147));
#8230 = ORIENTED_EDGE('',*,*,#37,.F.);
#8231 = B_SPLINE_SURFACE_WITH_KNOTS('',3,1,(
    (#8232,#8233)
    ,(#8234,#8235)
    ,(#8236,#8237)
    ,(#8238,#8239
    )),.UNSPECIFIED.,.F.,.F.,.F.,(4,4),(2,2),(1.,2.),(0.,1.),
  .PIECEWISE_BEZIER_KNOTS.);
#8232 = CARTESIAN_POINT('',(3.7005,-2.249463166379,4.366893630857));
#8233 = CARTESIAN_POINT('',(3.6995,-2.249463166379,4.366893630857));
#8234 = CARTESIAN_POINT('',(3.7005,-2.216008955422,4.366893630857));
#8235 = CARTESIAN_POINT('',(3.6995,-2.216008955422,4.366893630857));
#8236 = CARTESIAN_POINT('',(3.7005,-2.190118983305,4.390132220287));
#8237 = CARTESIAN_POINT('',(3.6995,-2.190118983305,4.390132220287));
#8238 = CARTESIAN_POINT('',(3.7005,-2.171715268187,4.436609399147));
#8239 = CARTESIAN_POINT('',(3.6995,-2.171715268187,4.436609399147));
#8240 = ADVANCED_FACE('',(#8241),#8251,.F.);
#8241 = FACE_BOUND('',#8242,.T.);
#8242 = EDGE_LOOP('',(#8243,#8244,#8245,#8250));
#8243 = ORIENTED_EDGE('',*,*,#30,.T.);
#8244 = ORIENTED_EDGE('',*,*,#7915,.F.);
#8245 = ORIENTED_EDGE('',*,*,#8246,.F.);
#8246 = EDGE_CURVE('',#8218,#7909,#8247,.T.);
#8247 = B_SPLINE_CURVE_WITH_KNOTS('',1,(#8248,#8249),.UNSPECIFIED.,.F.,
  .F.,(2,2),(-0.269579071831,0.),.PIECEWISE_BEZIER_KNOTS.);
#8248 = CARTESIAN_POINT('',(3.7005,-2.171715268187,4.436609399147));
#8249 = CARTESIAN_POINT('',(3.7005,-2.072834290345,4.687399008562));
#8250 = ORIENTED_EDGE('',*,*,#8226,.T.);
#8251 = B_SPLINE_SURFACE_WITH_KNOTS('',1,1,(
    (#8252,#8253)
    ,(#8254,#8255
    )),.UNSPECIFIED.,.F.,.F.,.F.,(2,2),(2,2),(-0.,0.269579071831),(
    -9.999999999999E-04,1.54074395551E-32),.PIECEWISE_BEZIER_KNOTS.);
#8252 = CARTESIAN_POINT('',(3.6995,-2.072834290345,4.687399008562));
#8253 = CARTESIAN_POINT('',(3.7005,-2.072834290345,4.687399008562));
#8254 = CARTESIAN_POINT('',(3.6995,-2.171715268187,4.436609399147));
#8255 = CARTESIAN_POINT('',(3.7005,-2.171715268187,4.436609399147));
#8256 = ADVANCED_FACE('',(#8257),#8274,.T.);
#8257 = FACE_BOUND('',#8258,.T.);
#8258 = EDGE_LOOP('',(#8259,#8260,#8261,#8262,#8263,#8264,#8265,#8266,
    #8267,#8268,#8269,#8270,#8271,#8272,#8273));
#8259 = ORIENTED_EDGE('',*,*,#7908,.T.);
#8260 = ORIENTED_EDGE('',*,*,#7936,.T.);
#8261 = ORIENTED_EDGE('',*,*,#7951,.T.);
#8262 = ORIENTED_EDGE('',*,*,#7986,.T.);
#8263 = ORIENTED_EDGE('',*,*,#8008,.T.);
#8264 = ORIENTED_EDGE('',*,*,#8030,.T.);
#8265 = ORIENTED_EDGE('',*,*,#8052,.T.);
#8266 = ORIENTED_EDGE('',*,*,#8074,.T.);
#8267 = ORIENTED_EDGE('',*,*,#8096,.T.);
#8268 = ORIENTED_EDGE('',*,*,#8111,.T.);
#8269 = ORIENTED_EDGE('',*,*,#8139,.T.);
#8270 = ORIENTED_EDGE('',*,*,#8174,.T.);
#8271 = ORIENTED_EDGE('',*,*,#8189,.T.);
#8272 = ORIENTED_EDGE('',*,*,#8217,.T.);
#8273 = ORIENTED_EDGE('',*,*,#8246,.T.);
#8274 = B_SPLINE_SURFACE_WITH_KNOTS('',1,1,(
    (#8275,#8276)
    ,(#8277,#8278
    )),.UNSPECIFIED.,.F.,.F.,.F.,(2,2),(2,2),(-0.303076435633,
    1.742894207267E-02),(-7.703631386869E-02,0.132110990998),
  .PIECEWISE_BEZIER_KNOTS.);
#8275 = CARTESIAN_POINT('',(3.7005,-2.281981595212,4.687399008562));
#8276 = CARTESIAN_POINT('',(3.7005,-2.072834290345,4.687399008562));
#8277 = CARTESIAN_POINT('',(3.7005,-2.281981595212,4.366893630857));
#8278 = CARTESIAN_POINT('',(3.7005,-2.072834290345,4.366893630857));
#8279 = ADVANCED_FACE('',(#8280),#8302,.F.);
#8280 = FACE_BOUND('',#8281,.T.);
#8281 = EDGE_LOOP('',(#8282,#8283,#8290,#8297));
#8282 = ORIENTED_EDGE('',*,*,#971,.T.);
#8283 = ORIENTED_EDGE('',*,*,#8284,.F.);
#8284 = EDGE_CURVE('',#8285,#974,#8287,.T.);
#8285 = VERTEX_POINT('',#8286);
#8286 = CARTESIAN_POINT('',(3.7005,-1.867586077663,4.5042976395));
#8287 = B_SPLINE_CURVE_WITH_KNOTS('',1,(#8288,#8289),.UNSPECIFIED.,.F.,
  .F.,(2,2),(-0.,9.999999999999E-04),.PIECEWISE_BEZIER_KNOTS.);
#8288 = CARTESIAN_POINT('',(3.7005,-1.867586077663,4.5042976395));
#8289 = CARTESIAN_POINT('',(3.6995,-1.867586077663,4.5042976395));
#8290 = ORIENTED_EDGE('',*,*,#8291,.F.);
#8291 = EDGE_CURVE('',#8292,#8285,#8294,.T.);
#8292 = VERTEX_POINT('',#8293);
#8293 = CARTESIAN_POINT('',(3.7005,-1.867586077663,4.469517737199));
#8294 = B_SPLINE_CURVE_WITH_KNOTS('',1,(#8295,#8296),.UNSPECIFIED.,.F.,
  .F.,(2,2),(-3.477990230068E-02,0.),.PIECEWISE_BEZIER_KNOTS.);
#8295 = CARTESIAN_POINT('',(3.7005,-1.867586077663,4.469517737199));
#8296 = CARTESIAN_POINT('',(3.7005,-1.867586077663,4.5042976395));
#8297 = ORIENTED_EDGE('',*,*,#8298,.T.);
#8298 = EDGE_CURVE('',#8292,#972,#8299,.T.);
#8299 = B_SPLINE_CURVE_WITH_KNOTS('',1,(#8300,#8301),.UNSPECIFIED.,.F.,
  .F.,(2,2),(-0.,9.999999999999E-04),.PIECEWISE_BEZIER_KNOTS.);
#8300 = CARTESIAN_POINT('',(3.7005,-1.867586077663,4.469517737199));
#8301 = CARTESIAN_POINT('',(3.6995,-1.867586077663,4.469517737199));
#8302 = B_SPLINE_SURFACE_WITH_KNOTS('',1,1,(
    (#8303,#8304)
    ,(#8305,#8306
    )),.UNSPECIFIED.,.F.,.F.,.F.,(2,2),(2,2),(-9.999999999999E-04,0.),(
    -3.477990230068E-02,2.22044604925E-16),.PIECEWISE_BEZIER_KNOTS.);
#8303 = CARTESIAN_POINT('',(3.6995,-1.867586077663,4.469517737199));
#8304 = CARTESIAN_POINT('',(3.6995,-1.867586077663,4.5042976395));
#8305 = CARTESIAN_POINT('',(3.7005,-1.867586077663,4.469517737199));
#8306 = CARTESIAN_POINT('',(3.7005,-1.867586077663,4.5042976395));
#8307 = ADVANCED_FACE('',(#8308),#8324,.F.);
#8308 = FACE_BOUND('',#8309,.T.);
#8309 = EDGE_LOOP('',(#8310,#8311,#8318,#8323));
#8310 = ORIENTED_EDGE('',*,*,#1050,.T.);
#8311 = ORIENTED_EDGE('',*,*,#8312,.F.);
#8312 = EDGE_CURVE('',#8313,#1044,#8315,.T.);
#8313 = VERTEX_POINT('',#8314);
#8314 = CARTESIAN_POINT('',(3.7005,-1.992279045777,4.5042976395));
#8315 = B_SPLINE_CURVE_WITH_KNOTS('',1,(#8316,#8317),.UNSPECIFIED.,.F.,
  .F.,(2,2),(-0.,9.999999999999E-04),.PIECEWISE_BEZIER_KNOTS.);
#8316 = CARTESIAN_POINT('',(3.7005,-1.992279045777,4.5042976395));
#8317 = CARTESIAN_POINT('',(3.6995,-1.992279045777,4.5042976395));
#8318 = ORIENTED_EDGE('',*,*,#8319,.F.);
#8319 = EDGE_CURVE('',#8285,#8313,#8320,.T.);
#8320 = B_SPLINE_CURVE_WITH_KNOTS('',1,(#8321,#8322),.UNSPECIFIED.,.F.,
  .F.,(2,2),(-0.124692968114,-0.),.PIECEWISE_BEZIER_KNOTS.);
#8321 = CARTESIAN_POINT('',(3.7005,-1.867586077663,4.5042976395));
#8322 = CARTESIAN_POINT('',(3.7005,-1.992279045777,4.5042976395));
#8323 = ORIENTED_EDGE('',*,*,#8284,.T.);
#8324 = B_SPLINE_SURFACE_WITH_KNOTS('',1,1,(
    (#8325,#8326)
    ,(#8327,#8328
    )),.UNSPECIFIED.,.F.,.F.,.F.,(2,2),(2,2),(-3.154042683594E-19,
    0.124692968114),(-9.999999999999E-04,0.),.PIECEWISE_BEZIER_KNOTS.);
#8325 = CARTESIAN_POINT('',(3.6995,-1.992279045777,4.5042976395));
#8326 = CARTESIAN_POINT('',(3.7005,-1.992279045777,4.5042976395));
#8327 = CARTESIAN_POINT('',(3.6995,-1.867586077663,4.5042976395));
#8328 = CARTESIAN_POINT('',(3.7005,-1.867586077663,4.5042976395));
#8329 = ADVANCED_FACE('',(#8330),#8346,.F.);
#8330 = FACE_BOUND('',#8331,.T.);
#8331 = EDGE_LOOP('',(#8332,#8333,#8340,#8345));
#8332 = ORIENTED_EDGE('',*,*,#1043,.T.);
#8333 = ORIENTED_EDGE('',*,*,#8334,.F.);
#8334 = EDGE_CURVE('',#8335,#1037,#8337,.T.);
#8335 = VERTEX_POINT('',#8336);
#8336 = CARTESIAN_POINT('',(3.7005,-1.992279045777,4.60692174584));
#8337 = B_SPLINE_CURVE_WITH_KNOTS('',1,(#8338,#8339),.UNSPECIFIED.,.F.,
  .F.,(2,2),(-0.,9.999999999999E-04),.PIECEWISE_BEZIER_KNOTS.);
#8338 = CARTESIAN_POINT('',(3.7005,-1.992279045777,4.60692174584));
#8339 = CARTESIAN_POINT('',(3.6995,-1.992279045777,4.60692174584));
#8340 = ORIENTED_EDGE('',*,*,#8341,.F.);
#8341 = EDGE_CURVE('',#8313,#8335,#8342,.T.);
#8342 = B_SPLINE_CURVE_WITH_KNOTS('',1,(#8343,#8344),.UNSPECIFIED.,.F.,
  .F.,(2,2),(-0.10262410634,0.),.PIECEWISE_BEZIER_KNOTS.);
#8343 = CARTESIAN_POINT('',(3.7005,-1.992279045777,4.5042976395));
#8344 = CARTESIAN_POINT('',(3.7005,-1.992279045777,4.60692174584));
#8345 = ORIENTED_EDGE('',*,*,#8312,.T.);
#8346 = B_SPLINE_SURFACE_WITH_KNOTS('',1,1,(
    (#8347,#8348)
    ,(#8349,#8350
    )),.UNSPECIFIED.,.F.,.F.,.F.,(2,2),(2,2),(-1.332871993384E-33,
    0.10262410634),(-9.999999999999E-04,3.282835132478E-33),
  .PIECEWISE_BEZIER_KNOTS.);
#8347 = CARTESIAN_POINT('',(3.6995,-1.992279045777,4.60692174584));
#8348 = CARTESIAN_POINT('',(3.7005,-1.992279045777,4.60692174584));
#8349 = CARTESIAN_POINT('',(3.6995,-1.992279045777,4.5042976395));
#8350 = CARTESIAN_POINT('',(3.7005,-1.992279045777,4.5042976395));
#8351 = ADVANCED_FACE('',(#8352),#8368,.F.);
#8352 = FACE_BOUND('',#8353,.T.);
#8353 = EDGE_LOOP('',(#8354,#8355,#8362,#8367));
#8354 = ORIENTED_EDGE('',*,*,#1036,.T.);
#8355 = ORIENTED_EDGE('',*,*,#8356,.F.);
#8356 = EDGE_CURVE('',#8357,#1030,#8359,.T.);
#8357 = VERTEX_POINT('',#8358);
#8358 = CARTESIAN_POINT('',(3.7005,-1.883182446409,4.60692174584));
#8359 = B_SPLINE_CURVE_WITH_KNOTS('',1,(#8360,#8361),.UNSPECIFIED.,.F.,
  .F.,(2,2),(-0.,9.999999999999E-04),.PIECEWISE_BEZIER_KNOTS.);
#8360 = CARTESIAN_POINT('',(3.7005,-1.883182446409,4.60692174584));
#8361 = CARTESIAN_POINT('',(3.6995,-1.883182446409,4.60692174584));
#8362 = ORIENTED_EDGE('',*,*,#8363,.F.);
#8363 = EDGE_CURVE('',#8335,#8357,#8364,.T.);
#8364 = B_SPLINE_CURVE_WITH_KNOTS('',1,(#8365,#8366),.UNSPECIFIED.,.F.,
  .F.,(2,2),(-0.109096599368,0.),.PIECEWISE_BEZIER_KNOTS.);
#8365 = CARTESIAN_POINT('',(3.7005,-1.992279045777,4.60692174584));
#8366 = CARTESIAN_POINT('',(3.7005,-1.883182446409,4.60692174584));
#8367 = ORIENTED_EDGE('',*,*,#8334,.T.);
#8368 = B_SPLINE_SURFACE_WITH_KNOTS('',1,1,(
    (#8369,#8370)
    ,(#8371,#8372
    )),.UNSPECIFIED.,.F.,.F.,.F.,(2,2),(2,2),(0.,0.109096599368),(
    -9.999999999999E-04,1.304992824035E-47),.PIECEWISE_BEZIER_KNOTS.);
#8369 = CARTESIAN_POINT('',(3.6995,-1.883182446409,4.60692174584));
#8370 = CARTESIAN_POINT('',(3.7005,-1.883182446409,4.60692174584));
#8371 = CARTESIAN_POINT('',(3.6995,-1.992279045777,4.60692174584));
#8372 = CARTESIAN_POINT('',(3.7005,-1.992279045777,4.60692174584));
#8373 = ADVANCED_FACE('',(#8374),#8390,.F.);
#8374 = FACE_BOUND('',#8375,.T.);
#8375 = EDGE_LOOP('',(#8376,#8377,#8384,#8389));
#8376 = ORIENTED_EDGE('',*,*,#1029,.T.);
#8377 = ORIENTED_EDGE('',*,*,#8378,.F.);
#8378 = EDGE_CURVE('',#8379,#1023,#8381,.T.);
#8379 = VERTEX_POINT('',#8380);
#8380 = CARTESIAN_POINT('',(3.7005,-1.883182446409,4.641857611827));
#8381 = B_SPLINE_CURVE_WITH_KNOTS('',1,(#8382,#8383),.UNSPECIFIED.,.F.,
  .F.,(2,2),(-0.,9.999999999999E-04),.PIECEWISE_BEZIER_KNOTS.);
#8382 = CARTESIAN_POINT('',(3.7005,-1.883182446409,4.641857611827));
#8383 = CARTESIAN_POINT('',(3.6995,-1.883182446409,4.641857611827));
#8384 = ORIENTED_EDGE('',*,*,#8385,.F.);
#8385 = EDGE_CURVE('',#8357,#8379,#8386,.T.);
#8386 = B_SPLINE_CURVE_WITH_KNOTS('',1,(#8387,#8388),.UNSPECIFIED.,.F.,
  .F.,(2,2),(-3.493586598795E-02,0.),.PIECEWISE_BEZIER_KNOTS.);
#8387 = CARTESIAN_POINT('',(3.7005,-1.883182446409,4.60692174584));
#8388 = CARTESIAN_POINT('',(3.7005,-1.883182446409,4.641857611827));
#8389 = ORIENTED_EDGE('',*,*,#8356,.T.);
#8390 = B_SPLINE_SURFACE_WITH_KNOTS('',1,1,(
    (#8391,#8392)
    ,(#8393,#8394
    )),.UNSPECIFIED.,.F.,.F.,.F.,(2,2),(2,2),(-3.915311480579E-33,
    3.493586598795E-02),(-9.999999999999E-04,3.282835132478E-33),
  .PIECEWISE_BEZIER_KNOTS.);
#8391 = CARTESIAN_POINT('',(3.6995,-1.883182446409,4.641857611827));
#8392 = CARTESIAN_POINT('',(3.7005,-1.883182446409,4.641857611827));
#8393 = CARTESIAN_POINT('',(3.6995,-1.883182446409,4.60692174584));
#8394 = CARTESIAN_POINT('',(3.7005,-1.883182446409,4.60692174584));
#8395 = ADVANCED_FACE('',(#8396),#8412,.F.);
#8396 = FACE_BOUND('',#8397,.T.);
#8397 = EDGE_LOOP('',(#8398,#8399,#8406,#8411));
#8398 = ORIENTED_EDGE('',*,*,#1022,.T.);
#8399 = ORIENTED_EDGE('',*,*,#8400,.F.);
#8400 = EDGE_CURVE('',#8401,#1016,#8403,.T.);
#8401 = VERTEX_POINT('',#8402);
#8402 = CARTESIAN_POINT('',(3.7005,-1.992279045777,4.641857611827));
#8403 = B_SPLINE_CURVE_WITH_KNOTS('',1,(#8404,#8405),.UNSPECIFIED.,.F.,
  .F.,(2,2),(-0.,9.999999999999E-04),.PIECEWISE_BEZIER_KNOTS.);
#8404 = CARTESIAN_POINT('',(3.7005,-1.992279045777,4.641857611827));
#8405 = CARTESIAN_POINT('',(3.6995,-1.992279045777,4.641857611827));
#8406 = ORIENTED_EDGE('',*,*,#8407,.F.);
#8407 = EDGE_CURVE('',#8379,#8401,#8408,.T.);
#8408 = B_SPLINE_CURVE_WITH_KNOTS('',1,(#8409,#8410),.UNSPECIFIED.,.F.,
  .F.,(2,2),(-0.109096599368,-0.),.PIECEWISE_BEZIER_KNOTS.);
#8409 = CARTESIAN_POINT('',(3.7005,-1.883182446409,4.641857611827));
#8410 = CARTESIAN_POINT('',(3.7005,-1.992279045777,4.641857611827));
#8411 = ORIENTED_EDGE('',*,*,#8378,.T.);
#8412 = B_SPLINE_SURFACE_WITH_KNOTS('',1,1,(
    (#8413,#8414)
    ,(#8415,#8416
    )),.UNSPECIFIED.,.F.,.F.,.F.,(2,2),(2,2),(-3.154042683594E-19,
    0.109096599368),(-9.999999999999E-04,0.),.PIECEWISE_BEZIER_KNOTS.);
#8413 = CARTESIAN_POINT('',(3.6995,-1.992279045777,4.641857611827));
#8414 = CARTESIAN_POINT('',(3.7005,-1.992279045777,4.641857611827));
#8415 = CARTESIAN_POINT('',(3.6995,-1.883182446409,4.641857611827));
#8416 = CARTESIAN_POINT('',(3.7005,-1.883182446409,4.641857611827));
#8417 = ADVANCED_FACE('',(#8418),#8434,.F.);
#8418 = FACE_BOUND('',#8419,.T.);
#8419 = EDGE_LOOP('',(#8420,#8421,#8428,#8433));
#8420 = ORIENTED_EDGE('',*,*,#1015,.T.);
#8421 = ORIENTED_EDGE('',*,*,#8422,.F.);
#8422 = EDGE_CURVE('',#8423,#1009,#8425,.T.);
#8423 = VERTEX_POINT('',#8424);
#8424 = CARTESIAN_POINT('',(3.7005,-1.992279045777,4.739490880171));
#8425 = B_SPLINE_CURVE_WITH_KNOTS('',1,(#8426,#8427),.UNSPECIFIED.,.F.,
  .F.,(2,2),(-0.,9.999999999999E-04),.PIECEWISE_BEZIER_KNOTS.);
#8426 = CARTESIAN_POINT('',(3.7005,-1.992279045777,4.739490880171));
#8427 = CARTESIAN_POINT('',(3.6995,-1.992279045777,4.739490880171));
#8428 = ORIENTED_EDGE('',*,*,#8429,.F.);
#8429 = EDGE_CURVE('',#8401,#8423,#8430,.T.);
#8430 = B_SPLINE_CURVE_WITH_KNOTS('',1,(#8431,#8432),.UNSPECIFIED.,.F.,
  .F.,(2,2),(-9.763326834319E-02,0.),.PIECEWISE_BEZIER_KNOTS.);
#8431 = CARTESIAN_POINT('',(3.7005,-1.992279045777,4.641857611827));
#8432 = CARTESIAN_POINT('',(3.7005,-1.992279045777,4.739490880171));
#8433 = ORIENTED_EDGE('',*,*,#8400,.T.);
#8434 = B_SPLINE_SURFACE_WITH_KNOTS('',1,1,(
    (#8435,#8436)
    ,(#8437,#8438
    )),.UNSPECIFIED.,.F.,.F.,.F.,(2,2),(2,2),(-1.401006024973E-33,
    9.763326834319E-02),(-9.999999999999E-04,3.282835132478E-33),
  .PIECEWISE_BEZIER_KNOTS.);
#8435 = CARTESIAN_POINT('',(3.6995,-1.992279045777,4.739490880171));
#8436 = CARTESIAN_POINT('',(3.7005,-1.992279045777,4.739490880171));
#8437 = CARTESIAN_POINT('',(3.6995,-1.992279045777,4.641857611827));
#8438 = CARTESIAN_POINT('',(3.7005,-1.992279045777,4.641857611827));
#8439 = ADVANCED_FACE('',(#8440),#8456,.F.);
#8440 = FACE_BOUND('',#8441,.T.);
#8441 = EDGE_LOOP('',(#8442,#8443,#8450,#8455));
#8442 = ORIENTED_EDGE('',*,*,#1008,.T.);
#8443 = ORIENTED_EDGE('',*,*,#8444,.F.);
#8444 = EDGE_CURVE('',#8445,#1002,#8447,.T.);
#8445 = VERTEX_POINT('',#8446);
#8446 = CARTESIAN_POINT('',(3.7005,-1.874526461755,4.739490880171));
#8447 = B_SPLINE_CURVE_WITH_KNOTS('',1,(#8448,#8449),.UNSPECIFIED.,.F.,
  .F.,(2,2),(-0.,9.999999999999E-04),.PIECEWISE_BEZIER_KNOTS.);
#8448 = CARTESIAN_POINT('',(3.7005,-1.874526461755,4.739490880171));
#8449 = CARTESIAN_POINT('',(3.6995,-1.874526461755,4.739490880171));
#8450 = ORIENTED_EDGE('',*,*,#8451,.F.);
#8451 = EDGE_CURVE('',#8423,#8445,#8452,.T.);
#8452 = B_SPLINE_CURVE_WITH_KNOTS('',1,(#8453,#8454),.UNSPECIFIED.,.F.,
  .F.,(2,2),(-0.117752584022,0.),.PIECEWISE_BEZIER_KNOTS.);
#8453 = CARTESIAN_POINT('',(3.7005,-1.992279045777,4.739490880171));
#8454 = CARTESIAN_POINT('',(3.7005,-1.874526461755,4.739490880171));
#8455 = ORIENTED_EDGE('',*,*,#8422,.T.);
#8456 = B_SPLINE_SURFACE_WITH_KNOTS('',1,1,(
    (#8457,#8458)
    ,(#8459,#8460
    )),.UNSPECIFIED.,.F.,.F.,.F.,(2,2),(2,2),(-0.,0.117752584022),(
    -9.999999999999E-04,1.209062887957E-47),.PIECEWISE_BEZIER_KNOTS.);
#8457 = CARTESIAN_POINT('',(3.6995,-1.874526461755,4.739490880171));
#8458 = CARTESIAN_POINT('',(3.7005,-1.874526461755,4.739490880171));
#8459 = CARTESIAN_POINT('',(3.6995,-1.992279045777,4.739490880171));
#8460 = CARTESIAN_POINT('',(3.7005,-1.992279045777,4.739490880171));
#8461 = ADVANCED_FACE('',(#8462),#8478,.F.);
#8462 = FACE_BOUND('',#8463,.T.);
#8463 = EDGE_LOOP('',(#8464,#8465,#8472,#8477));
#8464 = ORIENTED_EDGE('',*,*,#1001,.T.);
#8465 = ORIENTED_EDGE('',*,*,#8466,.F.);
#8466 = EDGE_CURVE('',#8467,#995,#8469,.T.);
#8467 = VERTEX_POINT('',#8468);
#8468 = CARTESIAN_POINT('',(3.7005,-1.874526461755,4.774582709846));
#8469 = B_SPLINE_CURVE_WITH_KNOTS('',1,(#8470,#8471),.UNSPECIFIED.,.F.,
  .F.,(2,2),(-0.,9.999999999999E-04),.PIECEWISE_BEZIER_KNOTS.);
#8470 = CARTESIAN_POINT('',(3.7005,-1.874526461755,4.774582709846));
#8471 = CARTESIAN_POINT('',(3.6995,-1.874526461755,4.774582709846));
#8472 = ORIENTED_EDGE('',*,*,#8473,.F.);
#8473 = EDGE_CURVE('',#8445,#8467,#8474,.T.);
#8474 = B_SPLINE_CURVE_WITH_KNOTS('',1,(#8475,#8476),.UNSPECIFIED.,.F.,
  .F.,(2,2),(-3.509182967521E-02,0.),.PIECEWISE_BEZIER_KNOTS.);
#8475 = CARTESIAN_POINT('',(3.7005,-1.874526461755,4.739490880171));
#8476 = CARTESIAN_POINT('',(3.7005,-1.874526461755,4.774582709846));
#8477 = ORIENTED_EDGE('',*,*,#8444,.T.);
#8478 = B_SPLINE_SURFACE_WITH_KNOTS('',1,1,(
    (#8479,#8480)
    ,(#8481,#8482
    )),.UNSPECIFIED.,.F.,.F.,.F.,(2,2),(2,2),(-9.999999999999E-04,0.),(
    -3.509182967521E-02,0.),.PIECEWISE_BEZIER_KNOTS.);
#8479 = CARTESIAN_POINT('',(3.6995,-1.874526461755,4.739490880171));
#8480 = CARTESIAN_POINT('',(3.6995,-1.874526461755,4.774582709846));
#8481 = CARTESIAN_POINT('',(3.7005,-1.874526461755,4.739490880171));
#8482 = CARTESIAN_POINT('',(3.7005,-1.874526461755,4.774582709846));
#8483 = ADVANCED_FACE('',(#8484),#8500,.F.);
#8484 = FACE_BOUND('',#8485,.T.);
#8485 = EDGE_LOOP('',(#8486,#8487,#8494,#8499));
#8486 = ORIENTED_EDGE('',*,*,#994,.T.);
#8487 = ORIENTED_EDGE('',*,*,#8488,.F.);
#8488 = EDGE_CURVE('',#8489,#988,#8491,.T.);
#8489 = VERTEX_POINT('',#8490);
#8490 = CARTESIAN_POINT('',(3.7005,-2.031659876858,4.774582709846));
#8491 = B_SPLINE_CURVE_WITH_KNOTS('',1,(#8492,#8493),.UNSPECIFIED.,.F.,
  .F.,(2,2),(-0.,9.999999999999E-04),.PIECEWISE_BEZIER_KNOTS.);
#8492 = CARTESIAN_POINT('',(3.7005,-2.031659876858,4.774582709846));
#8493 = CARTESIAN_POINT('',(3.6995,-2.031659876858,4.774582709846));
#8494 = ORIENTED_EDGE('',*,*,#8495,.F.);
#8495 = EDGE_CURVE('',#8467,#8489,#8496,.T.);
#8496 = B_SPLINE_CURVE_WITH_KNOTS('',1,(#8497,#8498),.UNSPECIFIED.,.F.,
  .F.,(2,2),(-0.157133415103,-0.),.PIECEWISE_BEZIER_KNOTS.);
#8497 = CARTESIAN_POINT('',(3.7005,-1.874526461755,4.774582709846));
#8498 = CARTESIAN_POINT('',(3.7005,-2.031659876858,4.774582709846));
#8499 = ORIENTED_EDGE('',*,*,#8466,.T.);
#8500 = B_SPLINE_SURFACE_WITH_KNOTS('',1,1,(
    (#8501,#8502)
    ,(#8503,#8504
    )),.UNSPECIFIED.,.F.,.F.,.F.,(2,2),(2,2),(-3.154042683594E-19,
    0.157133415103),(-9.999999999999E-04,0.),.PIECEWISE_BEZIER_KNOTS.);
#8501 = CARTESIAN_POINT('',(3.6995,-2.031659876858,4.774582709846));
#8502 = CARTESIAN_POINT('',(3.7005,-2.031659876858,4.774582709846));
#8503 = CARTESIAN_POINT('',(3.6995,-1.874526461755,4.774582709846));
#8504 = CARTESIAN_POINT('',(3.7005,-1.874526461755,4.774582709846));
#8505 = ADVANCED_FACE('',(#8506),#8522,.F.);
#8506 = FACE_BOUND('',#8507,.T.);
#8507 = EDGE_LOOP('',(#8508,#8509,#8516,#8521));
#8508 = ORIENTED_EDGE('',*,*,#987,.T.);
#8509 = ORIENTED_EDGE('',*,*,#8510,.F.);
#8510 = EDGE_CURVE('',#8511,#981,#8513,.T.);
#8511 = VERTEX_POINT('',#8512);
#8512 = CARTESIAN_POINT('',(3.7005,-2.031659876858,4.469517737199));
#8513 = B_SPLINE_CURVE_WITH_KNOTS('',1,(#8514,#8515),.UNSPECIFIED.,.F.,
  .F.,(2,2),(-0.,9.999999999999E-04),.PIECEWISE_BEZIER_KNOTS.);
#8514 = CARTESIAN_POINT('',(3.7005,-2.031659876858,4.469517737199));
#8515 = CARTESIAN_POINT('',(3.6995,-2.031659876858,4.469517737199));
#8516 = ORIENTED_EDGE('',*,*,#8517,.F.);
#8517 = EDGE_CURVE('',#8489,#8511,#8518,.T.);
#8518 = B_SPLINE_CURVE_WITH_KNOTS('',1,(#8519,#8520),.UNSPECIFIED.,.F.,
  .F.,(2,2),(-0.305064972647,0.),.PIECEWISE_BEZIER_KNOTS.);
#8519 = CARTESIAN_POINT('',(3.7005,-2.031659876858,4.774582709846));
#8520 = CARTESIAN_POINT('',(3.7005,-2.031659876858,4.469517737199));
#8521 = ORIENTED_EDGE('',*,*,#8488,.T.);
#8522 = B_SPLINE_SURFACE_WITH_KNOTS('',1,1,(
    (#8523,#8524)
    ,(#8525,#8526
    )),.UNSPECIFIED.,.F.,.F.,.F.,(2,2),(2,2),(0.,0.305064972647),(
    -9.999999999999E-04,0.),.PIECEWISE_BEZIER_KNOTS.);
#8523 = CARTESIAN_POINT('',(3.6995,-2.031659876858,4.469517737199));
#8524 = CARTESIAN_POINT('',(3.7005,-2.031659876858,4.469517737199));
#8525 = CARTESIAN_POINT('',(3.6995,-2.031659876858,4.774582709846));
#8526 = CARTESIAN_POINT('',(3.7005,-2.031659876858,4.774582709846));
#8527 = ADVANCED_FACE('',(#8528),#8538,.F.);
#8528 = FACE_BOUND('',#8529,.T.);
#8529 = EDGE_LOOP('',(#8530,#8531,#8532,#8537));
#8530 = ORIENTED_EDGE('',*,*,#980,.T.);
#8531 = ORIENTED_EDGE('',*,*,#8298,.F.);
#8532 = ORIENTED_EDGE('',*,*,#8533,.F.);
#8533 = EDGE_CURVE('',#8511,#8292,#8534,.T.);
#8534 = B_SPLINE_CURVE_WITH_KNOTS('',1,(#8535,#8536),.UNSPECIFIED.,.F.,
  .F.,(2,2),(-0.164073799195,0.),.PIECEWISE_BEZIER_KNOTS.);
#8535 = CARTESIAN_POINT('',(3.7005,-2.031659876858,4.469517737199));
#8536 = CARTESIAN_POINT('',(3.7005,-1.867586077663,4.469517737199));
#8537 = ORIENTED_EDGE('',*,*,#8510,.T.);
#8538 = B_SPLINE_SURFACE_WITH_KNOTS('',1,1,(
    (#8539,#8540)
    ,(#8541,#8542
    )),.UNSPECIFIED.,.F.,.F.,.F.,(2,2),(2,2),(-0.,0.164073799195),(
    -9.999999999999E-04,1.952372225186E-47),.PIECEWISE_BEZIER_KNOTS.);
#8539 = CARTESIAN_POINT('',(3.6995,-1.867586077663,4.469517737199));
#8540 = CARTESIAN_POINT('',(3.7005,-1.867586077663,4.469517737199));
#8541 = CARTESIAN_POINT('',(3.6995,-2.031659876858,4.469517737199));
#8542 = CARTESIAN_POINT('',(3.7005,-2.031659876858,4.469517737199));
#8543 = ADVANCED_FACE('',(#8544),#8558,.F.);
#8544 = FACE_BOUND('',#8545,.T.);
#8545 = EDGE_LOOP('',(#8546,#8547,#8548,#8549,#8550,#8551,#8552,#8553,
    #8554,#8555,#8556,#8557));
#8546 = ORIENTED_EDGE('',*,*,#8291,.T.);
#8547 = ORIENTED_EDGE('',*,*,#8319,.T.);
#8548 = ORIENTED_EDGE('',*,*,#8341,.T.);
#8549 = ORIENTED_EDGE('',*,*,#8363,.T.);
#8550 = ORIENTED_EDGE('',*,*,#8385,.T.);
#8551 = ORIENTED_EDGE('',*,*,#8407,.T.);
#8552 = ORIENTED_EDGE('',*,*,#8429,.T.);
#8553 = ORIENTED_EDGE('',*,*,#8451,.T.);
#8554 = ORIENTED_EDGE('',*,*,#8473,.T.);
#8555 = ORIENTED_EDGE('',*,*,#8495,.T.);
#8556 = ORIENTED_EDGE('',*,*,#8517,.T.);
#8557 = ORIENTED_EDGE('',*,*,#8533,.T.);
#8558 = B_SPLINE_SURFACE_WITH_KNOTS('',1,1,(
    (#8559,#8560)
    ,(#8561,#8562
    )),.UNSPECIFIED.,.F.,.F.,.F.,(2,2),(2,2),(1.069514183899,
    1.374579156546),(-2.031659876858,-1.867586077663),
  .PIECEWISE_BEZIER_KNOTS.);
#8559 = CARTESIAN_POINT('',(3.7005,-2.031659876858,4.469517737199));
#8560 = CARTESIAN_POINT('',(3.7005,-1.867586077663,4.469517737199));
#8561 = CARTESIAN_POINT('',(3.7005,-2.031659876858,4.774582709846));
#8562 = CARTESIAN_POINT('',(3.7005,-1.867586077663,4.774582709846));
#8563 = ADVANCED_FACE('',(#8564,#8623),#8682,.T.);
#8564 = FACE_BOUND('',#8565,.T.);
#8565 = EDGE_LOOP('',(#8566,#8575,#8584,#8593,#8602,#8611,#8618));
#8566 = ORIENTED_EDGE('',*,*,#8567,.T.);
#8567 = EDGE_CURVE('',#8568,#8570,#8572,.T.);
#8568 = VERTEX_POINT('',#8569);
#8569 = CARTESIAN_POINT('',(3.7005,-1.809957495151,4.469517737199));
#8570 = VERTEX_POINT('',#8571);
#8571 = CARTESIAN_POINT('',(3.7005,-1.726049031304,4.469517737199));
#8572 = B_SPLINE_CURVE_WITH_KNOTS('',1,(#8573,#8574),.UNSPECIFIED.,.F.,
  .F.,(2,2),(-8.390846384681E-02,2.22044604925E-16),
  .PIECEWISE_BEZIER_KNOTS.);
#8573 = CARTESIAN_POINT('',(3.7005,-1.809957495151,4.469517737199));
#8574 = CARTESIAN_POINT('',(3.7005,-1.726049031304,4.469517737199));
#8575 = ORIENTED_EDGE('',*,*,#8576,.T.);
#8576 = EDGE_CURVE('',#8570,#8577,#8579,.T.);
#8577 = VERTEX_POINT('',#8578);
#8578 = CARTESIAN_POINT('',(3.7005,-1.607594610689,4.512251787559));
#8579 = B_SPLINE_CURVE_WITH_KNOTS('',3,(#8580,#8581,#8582,#8583),
  .UNSPECIFIED.,.F.,.F.,(4,4),(5.,6.),.PIECEWISE_BEZIER_KNOTS.);
#8580 = CARTESIAN_POINT('',(3.7005,-1.726049031304,4.469517737199));
#8581 = CARTESIAN_POINT('',(3.7005,-1.67777827004,4.469517737199));
#8582 = CARTESIAN_POINT('',(3.7005,-1.638241475271,4.483710432755));
#8583 = CARTESIAN_POINT('',(3.7005,-1.607594610689,4.512251787559));
#8584 = ORIENTED_EDGE('',*,*,#8585,.T.);
#8585 = EDGE_CURVE('',#8577,#8586,#8588,.T.);
#8586 = VERTEX_POINT('',#8587);
#8587 = CARTESIAN_POINT('',(3.7005,-1.561585322891,4.625949315707));
#8588 = B_SPLINE_CURVE_WITH_KNOTS('',3,(#8589,#8590,#8591,#8592),
  .UNSPECIFIED.,.F.,.F.,(4,4),(4.,5.),.PIECEWISE_BEZIER_KNOTS.);
#8589 = CARTESIAN_POINT('',(3.7005,-1.607594610689,4.512251787559));
#8590 = CARTESIAN_POINT('',(3.7005,-1.576947746106,4.540793142362));
#8591 = CARTESIAN_POINT('',(3.7005,-1.561585322891,4.57869231841));
#8592 = CARTESIAN_POINT('',(3.7005,-1.561585322891,4.625949315707));
#8593 = ORIENTED_EDGE('',*,*,#8594,.T.);
#8594 = EDGE_CURVE('',#8586,#8595,#8597,.T.);
#8595 = VERTEX_POINT('',#8596);
#8596 = CARTESIAN_POINT('',(3.7005,-1.607594610689,4.734188114797));
#8597 = B_SPLINE_CURVE_WITH_KNOTS('',3,(#8598,#8599,#8600,#8601),
  .UNSPECIFIED.,.F.,.F.,(4,4),(3.,4.),.PIECEWISE_BEZIER_KNOTS.);
#8598 = CARTESIAN_POINT('',(3.7005,-1.561585322891,4.625949315707));
#8599 = CARTESIAN_POINT('',(3.7005,-1.561585322891,4.671178785067));
#8600 = CARTESIAN_POINT('',(3.7005,-1.576947746106,4.707206396868));
#8601 = CARTESIAN_POINT('',(3.7005,-1.607594610689,4.734188114797));
#8602 = ORIENTED_EDGE('',*,*,#8603,.T.);
#8603 = EDGE_CURVE('',#8595,#8604,#8606,.T.);
#8604 = VERTEX_POINT('',#8605);
#8605 = CARTESIAN_POINT('',(3.7005,-1.722929757556,4.774582709846));
#8606 = B_SPLINE_CURVE_WITH_KNOTS('',3,(#8607,#8608,#8609,#8610),
  .UNSPECIFIED.,.F.,.F.,(4,4),(2.,3.),.PIECEWISE_BEZIER_KNOTS.);
#8607 = CARTESIAN_POINT('',(3.7005,-1.607594610689,4.734188114797));
#8608 = CARTESIAN_POINT('',(3.7005,-1.638241475271,4.761169832724));
#8609 = CARTESIAN_POINT('',(3.7005,-1.676686524229,4.774582709846));
#8610 = CARTESIAN_POINT('',(3.7005,-1.722929757556,4.774582709846));
#8611 = ORIENTED_EDGE('',*,*,#8612,.T.);
#8612 = EDGE_CURVE('',#8604,#8613,#8615,.T.);
#8613 = VERTEX_POINT('',#8614);
#8614 = CARTESIAN_POINT('',(3.7005,-1.809957495151,4.774582709846));
#8615 = B_SPLINE_CURVE_WITH_KNOTS('',1,(#8616,#8617),.UNSPECIFIED.,.F.,
  .F.,(2,2),(-8.702773759428E-02,-0.),.PIECEWISE_BEZIER_KNOTS.);
#8616 = CARTESIAN_POINT('',(3.7005,-1.722929757556,4.774582709846));
#8617 = CARTESIAN_POINT('',(3.7005,-1.809957495151,4.774582709846));
#8618 = ORIENTED_EDGE('',*,*,#8619,.T.);
#8619 = EDGE_CURVE('',#8613,#8568,#8620,.T.);
#8620 = B_SPLINE_CURVE_WITH_KNOTS('',1,(#8621,#8622),.UNSPECIFIED.,.F.,
  .F.,(2,2),(-0.305064972647,0.),.PIECEWISE_BEZIER_KNOTS.);
#8621 = CARTESIAN_POINT('',(3.7005,-1.809957495151,4.774582709846));
#8622 = CARTESIAN_POINT('',(3.7005,-1.809957495151,4.469517737199));
#8623 = FACE_BOUND('',#8624,.T.);
#8624 = EDGE_LOOP('',(#8625,#8634,#8641,#8650,#8659,#8668,#8677));
#8625 = ORIENTED_EDGE('',*,*,#8626,.F.);
#8626 = EDGE_CURVE('',#8627,#8629,#8631,.T.);
#8627 = VERTEX_POINT('',#8628);
#8628 = CARTESIAN_POINT('',(3.7005,-1.770576664071,4.739490880171));
#8629 = VERTEX_POINT('',#8630);
#8630 = CARTESIAN_POINT('',(3.7005,-1.770576664071,4.5042976395));
#8631 = B_SPLINE_CURVE_WITH_KNOTS('',1,(#8632,#8633),.UNSPECIFIED.,.F.,
  .F.,(2,2),(0.,0.235193240671),.PIECEWISE_BEZIER_KNOTS.);
#8632 = CARTESIAN_POINT('',(3.7005,-1.770576664071,4.739490880171));
#8633 = CARTESIAN_POINT('',(3.7005,-1.770576664071,4.5042976395));
#8634 = ORIENTED_EDGE('',*,*,#8635,.F.);
#8635 = EDGE_CURVE('',#8636,#8627,#8638,.T.);
#8636 = VERTEX_POINT('',#8637);
#8637 = CARTESIAN_POINT('',(3.7005,-1.724489394431,4.739490880171));
#8638 = B_SPLINE_CURVE_WITH_KNOTS('',1,(#8639,#8640),.UNSPECIFIED.,.F.,
  .F.,(2,2),(-2.22044604925E-16,4.608726964021E-02),
  .PIECEWISE_BEZIER_KNOTS.);
#8639 = CARTESIAN_POINT('',(3.7005,-1.724489394431,4.739490880171));
#8640 = CARTESIAN_POINT('',(3.7005,-1.770576664071,4.739490880171));
#8641 = ORIENTED_EDGE('',*,*,#8642,.F.);
#8642 = EDGE_CURVE('',#8643,#8636,#8645,.T.);
#8643 = VERTEX_POINT('',#8644);
#8644 = CARTESIAN_POINT('',(3.7005,-1.636447892868,4.71079356168));
#8645 = B_SPLINE_CURVE_WITH_KNOTS('',3,(#8646,#8647,#8648,#8649),
  .UNSPECIFIED.,.F.,.F.,(4,4),(5.,6.),.PIECEWISE_BEZIER_KNOTS.);
#8646 = CARTESIAN_POINT('',(3.7005,-1.636447892868,4.71079356168));
#8647 = CARTESIAN_POINT('',(3.7005,-1.658750700172,4.729977095235));
#8648 = CARTESIAN_POINT('',(3.7005,-1.688149855256,4.739490880171));
#8649 = CARTESIAN_POINT('',(3.7005,-1.724489394431,4.739490880171));
#8650 = ORIENTED_EDGE('',*,*,#8651,.F.);
#8651 = EDGE_CURVE('',#8652,#8643,#8654,.T.);
#8652 = VERTEX_POINT('',#8653);
#8653 = CARTESIAN_POINT('',(3.7005,-1.602993681911,4.624857569896));
#8654 = B_SPLINE_CURVE_WITH_KNOTS('',3,(#8655,#8656,#8657,#8658),
  .UNSPECIFIED.,.F.,.F.,(4,4),(4.,5.),.PIECEWISE_BEZIER_KNOTS.);
#8655 = CARTESIAN_POINT('',(3.7005,-1.602993681911,4.624857569896));
#8656 = CARTESIAN_POINT('',(3.7005,-1.602993681911,4.662912709634));
#8657 = CARTESIAN_POINT('',(3.7005,-1.614145085563,4.691610028123));
#8658 = CARTESIAN_POINT('',(3.7005,-1.636447892868,4.71079356168));
#8659 = ORIENTED_EDGE('',*,*,#8660,.F.);
#8660 = EDGE_CURVE('',#8661,#8652,#8663,.T.);
#8661 = VERTEX_POINT('',#8662);
#8662 = CARTESIAN_POINT('',(3.7005,-1.635590092586,4.536114231738));
#8663 = B_SPLINE_CURVE_WITH_KNOTS('',3,(#8664,#8665,#8666,#8667),
  .UNSPECIFIED.,.F.,.F.,(4,4),(3.,4.),.PIECEWISE_BEZIER_KNOTS.);
#8664 = CARTESIAN_POINT('',(3.7005,-1.635590092586,4.536114231738));
#8665 = CARTESIAN_POINT('',(3.7005,-1.613833158186,4.557169329544));
#8666 = CARTESIAN_POINT('',(3.7005,-1.602993681911,4.586802430159));
#8667 = CARTESIAN_POINT('',(3.7005,-1.602993681911,4.624857569896));
#8668 = ORIENTED_EDGE('',*,*,#8669,.F.);
#8669 = EDGE_CURVE('',#8670,#8661,#8672,.T.);
#8670 = VERTEX_POINT('',#8671);
#8671 = CARTESIAN_POINT('',(3.7005,-1.726282976837,4.5042976395));
#8672 = B_SPLINE_CURVE_WITH_KNOTS('',3,(#8673,#8674,#8675,#8676),
  .UNSPECIFIED.,.F.,.F.,(4,4),(2.,3.),.PIECEWISE_BEZIER_KNOTS.);
#8673 = CARTESIAN_POINT('',(3.7005,-1.726282976837,4.5042976395));
#8674 = CARTESIAN_POINT('',(3.7005,-1.687526000507,4.5042976395));
#8675 = CARTESIAN_POINT('',(3.7005,-1.657269045141,4.514903170244));
#8676 = CARTESIAN_POINT('',(3.7005,-1.635590092586,4.536114231738));
#8677 = ORIENTED_EDGE('',*,*,#8678,.F.);
#8678 = EDGE_CURVE('',#8629,#8670,#8679,.T.);
#8679 = B_SPLINE_CURVE_WITH_KNOTS('',1,(#8680,#8681),.UNSPECIFIED.,.F.,
  .F.,(2,2),(0.,4.429368723454E-02),.PIECEWISE_BEZIER_KNOTS.);
#8680 = CARTESIAN_POINT('',(3.7005,-1.770576664071,4.5042976395));
#8681 = CARTESIAN_POINT('',(3.7005,-1.726282976837,4.5042976395));
#8682 = B_SPLINE_SURFACE_WITH_KNOTS('',1,1,(
    (#8683,#8684)
    ,(#8685,#8686
    )),.UNSPECIFIED.,.F.,.F.,.F.,(2,2),(2,2),(-1.007915330177E-02,
    0.294985819345),(-0.150543949307,9.782822295254E-02),
  .PIECEWISE_BEZIER_KNOTS.);
#8683 = CARTESIAN_POINT('',(3.7005,-1.809957495151,4.774582709846));
#8684 = CARTESIAN_POINT('',(3.7005,-1.561585322891,4.774582709846));
#8685 = CARTESIAN_POINT('',(3.7005,-1.809957495151,4.469517737199));
#8686 = CARTESIAN_POINT('',(3.7005,-1.561585322891,4.469517737199));
#8687 = ADVANCED_FACE('',(#8688),#8702,.F.);
#8688 = FACE_BOUND('',#8689,.T.);
#8689 = EDGE_LOOP('',(#8690,#8691,#8696,#8697));
#8690 = ORIENTED_EDGE('',*,*,#1057,.T.);
#8691 = ORIENTED_EDGE('',*,*,#8692,.F.);
#8692 = EDGE_CURVE('',#8570,#1060,#8693,.T.);
#8693 = B_SPLINE_CURVE_WITH_KNOTS('',1,(#8694,#8695),.UNSPECIFIED.,.F.,
  .F.,(2,2),(-0.,9.99999999999E-04),.PIECEWISE_BEZIER_KNOTS.);
#8694 = CARTESIAN_POINT('',(3.7005,-1.726049031304,4.469517737199));
#8695 = CARTESIAN_POINT('',(3.6995,-1.726049031304,4.469517737199));
#8696 = ORIENTED_EDGE('',*,*,#8567,.F.);
#8697 = ORIENTED_EDGE('',*,*,#8698,.T.);
#8698 = EDGE_CURVE('',#8568,#1058,#8699,.T.);
#8699 = B_SPLINE_CURVE_WITH_KNOTS('',1,(#8700,#8701),.UNSPECIFIED.,.F.,
  .F.,(2,2),(-0.,9.999999999999E-04),.PIECEWISE_BEZIER_KNOTS.);
#8700 = CARTESIAN_POINT('',(3.7005,-1.809957495151,4.469517737199));
#8701 = CARTESIAN_POINT('',(3.6995,-1.809957495151,4.469517737199));
#8702 = B_SPLINE_SURFACE_WITH_KNOTS('',1,1,(
    (#8703,#8704)
    ,(#8705,#8706
    )),.UNSPECIFIED.,.F.,.F.,.F.,(2,2),(2,2),(-2.22044604925E-16,
    8.390846384681E-02),(-9.999999999999E-04,4.241833087354E-48),
  .PIECEWISE_BEZIER_KNOTS.);
#8703 = CARTESIAN_POINT('',(3.6995,-1.726049031304,4.469517737199));
#8704 = CARTESIAN_POINT('',(3.7005,-1.726049031304,4.469517737199));
#8705 = CARTESIAN_POINT('',(3.6995,-1.809957495151,4.469517737199));
#8706 = CARTESIAN_POINT('',(3.7005,-1.809957495151,4.469517737199));
#8707 = ADVANCED_FACE('',(#8708),#8718,.F.);
#8708 = FACE_BOUND('',#8709,.F.);
#8709 = EDGE_LOOP('',(#8710,#8711,#8712,#8717));
#8710 = ORIENTED_EDGE('',*,*,#8692,.F.);
#8711 = ORIENTED_EDGE('',*,*,#8576,.T.);
#8712 = ORIENTED_EDGE('',*,*,#8713,.T.);
#8713 = EDGE_CURVE('',#8577,#1099,#8714,.T.);
#8714 = B_SPLINE_CURVE_WITH_KNOTS('',1,(#8715,#8716),.UNSPECIFIED.,.F.,
  .F.,(2,2),(-0.,9.99999999999E-04),.PIECEWISE_BEZIER_KNOTS.);
#8715 = CARTESIAN_POINT('',(3.7005,-1.607594610689,4.512251787559));
#8716 = CARTESIAN_POINT('',(3.6995,-1.607594610689,4.512251787559));
#8717 = ORIENTED_EDGE('',*,*,#1107,.F.);
#8718 = B_SPLINE_SURFACE_WITH_KNOTS('',3,1,(
    (#8719,#8720)
    ,(#8721,#8722)
    ,(#8723,#8724)
    ,(#8725,#8726
    )),.UNSPECIFIED.,.F.,.F.,.F.,(4,4),(2,2),(5.,6.),(0.,1.),
  .PIECEWISE_BEZIER_KNOTS.);
#8719 = CARTESIAN_POINT('',(3.7005,-1.726049031304,4.469517737199));
#8720 = CARTESIAN_POINT('',(3.6995,-1.726049031304,4.469517737199));
#8721 = CARTESIAN_POINT('',(3.7005,-1.67777827004,4.469517737199));
#8722 = CARTESIAN_POINT('',(3.6995,-1.67777827004,4.469517737199));
#8723 = CARTESIAN_POINT('',(3.7005,-1.638241475271,4.483710432755));
#8724 = CARTESIAN_POINT('',(3.6995,-1.638241475271,4.483710432755));
#8725 = CARTESIAN_POINT('',(3.7005,-1.607594610689,4.512251787559));
#8726 = CARTESIAN_POINT('',(3.6995,-1.607594610689,4.512251787559));
#8727 = ADVANCED_FACE('',(#8728),#8738,.F.);
#8728 = FACE_BOUND('',#8729,.F.);
#8729 = EDGE_LOOP('',(#8730,#8731,#8732,#8737));
#8730 = ORIENTED_EDGE('',*,*,#8713,.F.);
#8731 = ORIENTED_EDGE('',*,*,#8585,.T.);
#8732 = ORIENTED_EDGE('',*,*,#8733,.T.);
#8733 = EDGE_CURVE('',#8586,#1090,#8734,.T.);
#8734 = B_SPLINE_CURVE_WITH_KNOTS('',1,(#8735,#8736),.UNSPECIFIED.,.F.,
  .F.,(2,2),(-0.,9.99999999999E-04),.PIECEWISE_BEZIER_KNOTS.);
#8735 = CARTESIAN_POINT('',(3.7005,-1.561585322891,4.625949315707));
#8736 = CARTESIAN_POINT('',(3.6995,-1.561585322891,4.625949315707));
#8737 = ORIENTED_EDGE('',*,*,#1098,.F.);
#8738 = B_SPLINE_SURFACE_WITH_KNOTS('',3,1,(
    (#8739,#8740)
    ,(#8741,#8742)
    ,(#8743,#8744)
    ,(#8745,#8746
    )),.UNSPECIFIED.,.F.,.F.,.F.,(4,4),(2,2),(4.,5.),(0.,1.),
  .PIECEWISE_BEZIER_KNOTS.);
#8739 = CARTESIAN_POINT('',(3.7005,-1.607594610689,4.512251787559));
#8740 = CARTESIAN_POINT('',(3.6995,-1.607594610689,4.512251787559));
#8741 = CARTESIAN_POINT('',(3.7005,-1.576947746106,4.540793142362));
#8742 = CARTESIAN_POINT('',(3.6995,-1.576947746106,4.540793142362));
#8743 = CARTESIAN_POINT('',(3.7005,-1.561585322891,4.57869231841));
#8744 = CARTESIAN_POINT('',(3.6995,-1.561585322891,4.57869231841));
#8745 = CARTESIAN_POINT('',(3.7005,-1.561585322891,4.625949315707));
#8746 = CARTESIAN_POINT('',(3.6995,-1.561585322891,4.625949315707));
#8747 = ADVANCED_FACE('',(#8748),#8758,.F.);
#8748 = FACE_BOUND('',#8749,.F.);
#8749 = EDGE_LOOP('',(#8750,#8751,#8752,#8757));
#8750 = ORIENTED_EDGE('',*,*,#8733,.F.);
#8751 = ORIENTED_EDGE('',*,*,#8594,.T.);
#8752 = ORIENTED_EDGE('',*,*,#8753,.T.);
#8753 = EDGE_CURVE('',#8595,#1081,#8754,.T.);
#8754 = B_SPLINE_CURVE_WITH_KNOTS('',1,(#8755,#8756),.UNSPECIFIED.,.F.,
  .F.,(2,2),(-0.,9.99999999999E-04),.PIECEWISE_BEZIER_KNOTS.);
#8755 = CARTESIAN_POINT('',(3.7005,-1.607594610689,4.734188114797));
#8756 = CARTESIAN_POINT('',(3.6995,-1.607594610689,4.734188114797));
#8757 = ORIENTED_EDGE('',*,*,#1089,.F.);
#8758 = B_SPLINE_SURFACE_WITH_KNOTS('',3,1,(
    (#8759,#8760)
    ,(#8761,#8762)
    ,(#8763,#8764)
    ,(#8765,#8766
    )),.UNSPECIFIED.,.F.,.F.,.F.,(4,4),(2,2),(3.,4.),(0.,1.),
  .PIECEWISE_BEZIER_KNOTS.);
#8759 = CARTESIAN_POINT('',(3.7005,-1.561585322891,4.625949315707));
#8760 = CARTESIAN_POINT('',(3.6995,-1.561585322891,4.625949315707));
#8761 = CARTESIAN_POINT('',(3.7005,-1.561585322891,4.671178785067));
#8762 = CARTESIAN_POINT('',(3.6995,-1.561585322891,4.671178785067));
#8763 = CARTESIAN_POINT('',(3.7005,-1.576947746106,4.707206396868));
#8764 = CARTESIAN_POINT('',(3.6995,-1.576947746106,4.707206396868));
#8765 = CARTESIAN_POINT('',(3.7005,-1.607594610689,4.734188114797));
#8766 = CARTESIAN_POINT('',(3.6995,-1.607594610689,4.734188114797));
#8767 = ADVANCED_FACE('',(#8768),#8778,.F.);
#8768 = FACE_BOUND('',#8769,.F.);
#8769 = EDGE_LOOP('',(#8770,#8771,#8772,#8777));
#8770 = ORIENTED_EDGE('',*,*,#8753,.F.);
#8771 = ORIENTED_EDGE('',*,*,#8603,.T.);
#8772 = ORIENTED_EDGE('',*,*,#8773,.T.);
#8773 = EDGE_CURVE('',#8604,#1074,#8774,.T.);
#8774 = B_SPLINE_CURVE_WITH_KNOTS('',1,(#8775,#8776),.UNSPECIFIED.,.F.,
  .F.,(2,2),(-0.,9.999999999999E-04),.PIECEWISE_BEZIER_KNOTS.);
#8775 = CARTESIAN_POINT('',(3.7005,-1.722929757556,4.774582709846));
#8776 = CARTESIAN_POINT('',(3.6995,-1.722929757556,4.774582709846));
#8777 = ORIENTED_EDGE('',*,*,#1080,.F.);
#8778 = B_SPLINE_SURFACE_WITH_KNOTS('',3,1,(
    (#8779,#8780)
    ,(#8781,#8782)
    ,(#8783,#8784)
    ,(#8785,#8786
    )),.UNSPECIFIED.,.F.,.F.,.F.,(4,4),(2,2),(2.,3.),(0.,1.),
  .PIECEWISE_BEZIER_KNOTS.);
#8779 = CARTESIAN_POINT('',(3.7005,-1.607594610689,4.734188114797));
#8780 = CARTESIAN_POINT('',(3.6995,-1.607594610689,4.734188114797));
#8781 = CARTESIAN_POINT('',(3.7005,-1.638241475271,4.761169832724));
#8782 = CARTESIAN_POINT('',(3.6995,-1.638241475271,4.761169832724));
#8783 = CARTESIAN_POINT('',(3.7005,-1.676686524229,4.774582709846));
#8784 = CARTESIAN_POINT('',(3.6995,-1.676686524229,4.774582709846));
#8785 = CARTESIAN_POINT('',(3.7005,-1.722929757556,4.774582709846));
#8786 = CARTESIAN_POINT('',(3.6995,-1.722929757556,4.774582709846));
#8787 = ADVANCED_FACE('',(#8788),#8798,.F.);
#8788 = FACE_BOUND('',#8789,.T.);
#8789 = EDGE_LOOP('',(#8790,#8791,#8796,#8797));
#8790 = ORIENTED_EDGE('',*,*,#1073,.T.);
#8791 = ORIENTED_EDGE('',*,*,#8792,.F.);
#8792 = EDGE_CURVE('',#8613,#1067,#8793,.T.);
#8793 = B_SPLINE_CURVE_WITH_KNOTS('',1,(#8794,#8795),.UNSPECIFIED.,.F.,
  .F.,(2,2),(-0.,9.999999999999E-04),.PIECEWISE_BEZIER_KNOTS.);
#8794 = CARTESIAN_POINT('',(3.7005,-1.809957495151,4.774582709846));
#8795 = CARTESIAN_POINT('',(3.6995,-1.809957495151,4.774582709846));
#8796 = ORIENTED_EDGE('',*,*,#8612,.F.);
#8797 = ORIENTED_EDGE('',*,*,#8773,.T.);
#8798 = B_SPLINE_SURFACE_WITH_KNOTS('',1,1,(
    (#8799,#8800)
    ,(#8801,#8802
    )),.UNSPECIFIED.,.F.,.F.,.F.,(2,2),(2,2),(-3.154042683594E-19,
    8.702773759428E-02),(-9.999999999999E-04,0.),
  .PIECEWISE_BEZIER_KNOTS.);
#8799 = CARTESIAN_POINT('',(3.6995,-1.809957495151,4.774582709846));
#8800 = CARTESIAN_POINT('',(3.7005,-1.809957495151,4.774582709846));
#8801 = CARTESIAN_POINT('',(3.6995,-1.722929757556,4.774582709846));
#8802 = CARTESIAN_POINT('',(3.7005,-1.722929757556,4.774582709846));
#8803 = ADVANCED_FACE('',(#8804),#8810,.F.);
#8804 = FACE_BOUND('',#8805,.T.);
#8805 = EDGE_LOOP('',(#8806,#8807,#8808,#8809));
#8806 = ORIENTED_EDGE('',*,*,#1066,.T.);
#8807 = ORIENTED_EDGE('',*,*,#8698,.F.);
#8808 = ORIENTED_EDGE('',*,*,#8619,.F.);
#8809 = ORIENTED_EDGE('',*,*,#8792,.T.);
#8810 = B_SPLINE_SURFACE_WITH_KNOTS('',1,1,(
    (#8811,#8812)
    ,(#8813,#8814
    )),.UNSPECIFIED.,.F.,.F.,.F.,(2,2),(2,2),(0.,0.305064972647),(
    -9.999999999999E-04,0.),.PIECEWISE_BEZIER_KNOTS.);
#8811 = CARTESIAN_POINT('',(3.6995,-1.809957495151,4.469517737199));
#8812 = CARTESIAN_POINT('',(3.7005,-1.809957495151,4.469517737199));
#8813 = CARTESIAN_POINT('',(3.6995,-1.809957495151,4.774582709846));
#8814 = CARTESIAN_POINT('',(3.7005,-1.809957495151,4.774582709846));
#8815 = ADVANCED_FACE('',(#8816),#8838,.T.);
#8816 = FACE_BOUND('',#8817,.T.);
#8817 = EDGE_LOOP('',(#8818,#8827,#8832,#8833));
#8818 = ORIENTED_EDGE('',*,*,#8819,.F.);
#8819 = EDGE_CURVE('',#8820,#8822,#8824,.T.);
#8820 = VERTEX_POINT('',#8821);
#8821 = CARTESIAN_POINT('',(3.6995,-1.724489394431,4.739490880171));
#8822 = VERTEX_POINT('',#8823);
#8823 = CARTESIAN_POINT('',(3.6995,-1.770576664071,4.739490880171));
#8824 = B_SPLINE_CURVE_WITH_KNOTS('',1,(#8825,#8826),.UNSPECIFIED.,.F.,
  .F.,(2,2),(-2.22044604925E-16,4.608726964021E-02),
  .PIECEWISE_BEZIER_KNOTS.);
#8825 = CARTESIAN_POINT('',(3.6995,-1.724489394431,4.739490880171));
#8826 = CARTESIAN_POINT('',(3.6995,-1.770576664071,4.739490880171));
#8827 = ORIENTED_EDGE('',*,*,#8828,.F.);
#8828 = EDGE_CURVE('',#8636,#8820,#8829,.T.);
#8829 = B_SPLINE_CURVE_WITH_KNOTS('',1,(#8830,#8831),.UNSPECIFIED.,.F.,
  .F.,(2,2),(-0.,9.99999999999E-04),.PIECEWISE_BEZIER_KNOTS.);
#8830 = CARTESIAN_POINT('',(3.7005,-1.724489394431,4.739490880171));
#8831 = CARTESIAN_POINT('',(3.6995,-1.724489394431,4.739490880171));
#8832 = ORIENTED_EDGE('',*,*,#8635,.T.);
#8833 = ORIENTED_EDGE('',*,*,#8834,.T.);
#8834 = EDGE_CURVE('',#8627,#8822,#8835,.T.);
#8835 = B_SPLINE_CURVE_WITH_KNOTS('',1,(#8836,#8837),.UNSPECIFIED.,.F.,
  .F.,(2,2),(-0.,9.999999999999E-04),.PIECEWISE_BEZIER_KNOTS.);
#8836 = CARTESIAN_POINT('',(3.7005,-1.770576664071,4.739490880171));
#8837 = CARTESIAN_POINT('',(3.6995,-1.770576664071,4.739490880171));
#8838 = B_SPLINE_SURFACE_WITH_KNOTS('',1,1,(
    (#8839,#8840)
    ,(#8841,#8842
    )),.UNSPECIFIED.,.F.,.F.,.F.,(2,2),(2,2),(0.,9.999999999999E-04),(
    -4.608726964021E-02,2.22044604925E-16),.PIECEWISE_BEZIER_KNOTS.);
#8839 = CARTESIAN_POINT('',(3.7005,-1.770576664071,4.739490880171));
#8840 = CARTESIAN_POINT('',(3.7005,-1.724489394431,4.739490880171));
#8841 = CARTESIAN_POINT('',(3.6995,-1.770576664071,4.739490880171));
#8842 = CARTESIAN_POINT('',(3.6995,-1.724489394431,4.739490880171));
#8843 = ADVANCED_FACE('',(#8844),#8860,.T.);
#8844 = FACE_BOUND('',#8845,.T.);
#8845 = EDGE_LOOP('',(#8846,#8853,#8854,#8855));
#8846 = ORIENTED_EDGE('',*,*,#8847,.F.);
#8847 = EDGE_CURVE('',#8822,#8848,#8850,.T.);
#8848 = VERTEX_POINT('',#8849);
#8849 = CARTESIAN_POINT('',(3.6995,-1.770576664071,4.5042976395));
#8850 = B_SPLINE_CURVE_WITH_KNOTS('',1,(#8851,#8852),.UNSPECIFIED.,.F.,
  .F.,(2,2),(0.,0.235193240671),.PIECEWISE_BEZIER_KNOTS.);
#8851 = CARTESIAN_POINT('',(3.6995,-1.770576664071,4.739490880171));
#8852 = CARTESIAN_POINT('',(3.6995,-1.770576664071,4.5042976395));
#8853 = ORIENTED_EDGE('',*,*,#8834,.F.);
#8854 = ORIENTED_EDGE('',*,*,#8626,.T.);
#8855 = ORIENTED_EDGE('',*,*,#8856,.T.);
#8856 = EDGE_CURVE('',#8629,#8848,#8857,.T.);
#8857 = B_SPLINE_CURVE_WITH_KNOTS('',1,(#8858,#8859),.UNSPECIFIED.,.F.,
  .F.,(2,2),(-0.,9.999999999999E-04),.PIECEWISE_BEZIER_KNOTS.);
#8858 = CARTESIAN_POINT('',(3.7005,-1.770576664071,4.5042976395));
#8859 = CARTESIAN_POINT('',(3.6995,-1.770576664071,4.5042976395));
#8860 = B_SPLINE_SURFACE_WITH_KNOTS('',1,1,(
    (#8861,#8862)
    ,(#8863,#8864
    )),.UNSPECIFIED.,.F.,.F.,.F.,(2,2),(2,2),(-0.235193240671,
    1.16316945841E-33),(-9.999999999999E-04,6.565670264956E-33),
  .PIECEWISE_BEZIER_KNOTS.);
#8861 = CARTESIAN_POINT('',(3.6995,-1.770576664071,4.5042976395));
#8862 = CARTESIAN_POINT('',(3.7005,-1.770576664071,4.5042976395));
#8863 = CARTESIAN_POINT('',(3.6995,-1.770576664071,4.739490880171));
#8864 = CARTESIAN_POINT('',(3.7005,-1.770576664071,4.739490880171));
#8865 = ADVANCED_FACE('',(#8866),#8882,.T.);
#8866 = FACE_BOUND('',#8867,.T.);
#8867 = EDGE_LOOP('',(#8868,#8875,#8876,#8877));
#8868 = ORIENTED_EDGE('',*,*,#8869,.F.);
#8869 = EDGE_CURVE('',#8848,#8870,#8872,.T.);
#8870 = VERTEX_POINT('',#8871);
#8871 = CARTESIAN_POINT('',(3.6995,-1.726282976837,4.5042976395));
#8872 = B_SPLINE_CURVE_WITH_KNOTS('',1,(#8873,#8874),.UNSPECIFIED.,.F.,
  .F.,(2,2),(0.,4.429368723454E-02),.PIECEWISE_BEZIER_KNOTS.);
#8873 = CARTESIAN_POINT('',(3.6995,-1.770576664071,4.5042976395));
#8874 = CARTESIAN_POINT('',(3.6995,-1.726282976837,4.5042976395));
#8875 = ORIENTED_EDGE('',*,*,#8856,.F.);
#8876 = ORIENTED_EDGE('',*,*,#8678,.T.);
#8877 = ORIENTED_EDGE('',*,*,#8878,.T.);
#8878 = EDGE_CURVE('',#8670,#8870,#8879,.T.);
#8879 = B_SPLINE_CURVE_WITH_KNOTS('',1,(#8880,#8881),.UNSPECIFIED.,.F.,
  .F.,(2,2),(-0.,9.999999999999E-04),.PIECEWISE_BEZIER_KNOTS.);
#8880 = CARTESIAN_POINT('',(3.7005,-1.726282976837,4.5042976395));
#8881 = CARTESIAN_POINT('',(3.6995,-1.726282976837,4.5042976395));
#8882 = B_SPLINE_SURFACE_WITH_KNOTS('',1,1,(
    (#8883,#8884)
    ,(#8885,#8886
    )),.UNSPECIFIED.,.F.,.F.,.F.,(2,2),(2,2),(-4.429368723454E-02,
    3.154042683594E-19),(-9.999999999999E-04,0.),
  .PIECEWISE_BEZIER_KNOTS.);
#8883 = CARTESIAN_POINT('',(3.6995,-1.726282976837,4.5042976395));
#8884 = CARTESIAN_POINT('',(3.7005,-1.726282976837,4.5042976395));
#8885 = CARTESIAN_POINT('',(3.6995,-1.770576664071,4.5042976395));
#8886 = CARTESIAN_POINT('',(3.7005,-1.770576664071,4.5042976395));
#8887 = ADVANCED_FACE('',(#8888),#8906,.T.);
#8888 = FACE_BOUND('',#8889,.T.);
#8889 = EDGE_LOOP('',(#8890,#8899,#8900,#8901));
#8890 = ORIENTED_EDGE('',*,*,#8891,.F.);
#8891 = EDGE_CURVE('',#8870,#8892,#8894,.T.);
#8892 = VERTEX_POINT('',#8893);
#8893 = CARTESIAN_POINT('',(3.6995,-1.635590092586,4.536114231738));
#8894 = B_SPLINE_CURVE_WITH_KNOTS('',3,(#8895,#8896,#8897,#8898),
  .UNSPECIFIED.,.F.,.F.,(4,4),(2.,3.),.PIECEWISE_BEZIER_KNOTS.);
#8895 = CARTESIAN_POINT('',(3.6995,-1.726282976837,4.5042976395));
#8896 = CARTESIAN_POINT('',(3.6995,-1.687526000507,4.5042976395));
#8897 = CARTESIAN_POINT('',(3.6995,-1.657269045141,4.514903170244));
#8898 = CARTESIAN_POINT('',(3.6995,-1.635590092586,4.536114231738));
#8899 = ORIENTED_EDGE('',*,*,#8878,.F.);
#8900 = ORIENTED_EDGE('',*,*,#8669,.T.);
#8901 = ORIENTED_EDGE('',*,*,#8902,.T.);
#8902 = EDGE_CURVE('',#8661,#8892,#8903,.T.);
#8903 = B_SPLINE_CURVE_WITH_KNOTS('',1,(#8904,#8905),.UNSPECIFIED.,.F.,
  .F.,(2,2),(-0.,9.999999999999E-04),.PIECEWISE_BEZIER_KNOTS.);
#8904 = CARTESIAN_POINT('',(3.7005,-1.635590092586,4.536114231738));
#8905 = CARTESIAN_POINT('',(3.6995,-1.635590092586,4.536114231738));
#8906 = B_SPLINE_SURFACE_WITH_KNOTS('',3,1,(
    (#8907,#8908)
    ,(#8909,#8910)
    ,(#8911,#8912)
    ,(#8913,#8914
    )),.UNSPECIFIED.,.F.,.F.,.F.,(4,4),(2,2),(2.,3.),(0.,1.),
  .PIECEWISE_BEZIER_KNOTS.);
#8907 = CARTESIAN_POINT('',(3.7005,-1.726282976837,4.5042976395));
#8908 = CARTESIAN_POINT('',(3.6995,-1.726282976837,4.5042976395));
#8909 = CARTESIAN_POINT('',(3.7005,-1.687526000507,4.5042976395));
#8910 = CARTESIAN_POINT('',(3.6995,-1.687526000507,4.5042976395));
#8911 = CARTESIAN_POINT('',(3.7005,-1.657269045141,4.514903170244));
#8912 = CARTESIAN_POINT('',(3.6995,-1.657269045141,4.514903170244));
#8913 = CARTESIAN_POINT('',(3.7005,-1.635590092586,4.536114231738));
#8914 = CARTESIAN_POINT('',(3.6995,-1.635590092586,4.536114231738));
#8915 = ADVANCED_FACE('',(#8916),#8934,.T.);
#8916 = FACE_BOUND('',#8917,.T.);
#8917 = EDGE_LOOP('',(#8918,#8927,#8928,#8929));
#8918 = ORIENTED_EDGE('',*,*,#8919,.F.);
#8919 = EDGE_CURVE('',#8892,#8920,#8922,.T.);
#8920 = VERTEX_POINT('',#8921);
#8921 = CARTESIAN_POINT('',(3.6995,-1.602993681911,4.624857569896));
#8922 = B_SPLINE_CURVE_WITH_KNOTS('',3,(#8923,#8924,#8925,#8926),
  .UNSPECIFIED.,.F.,.F.,(4,4),(3.,4.),.PIECEWISE_BEZIER_KNOTS.);
#8923 = CARTESIAN_POINT('',(3.6995,-1.635590092586,4.536114231738));
#8924 = CARTESIAN_POINT('',(3.6995,-1.613833158186,4.557169329544));
#8925 = CARTESIAN_POINT('',(3.6995,-1.602993681911,4.586802430159));
#8926 = CARTESIAN_POINT('',(3.6995,-1.602993681911,4.624857569896));
#8927 = ORIENTED_EDGE('',*,*,#8902,.F.);
#8928 = ORIENTED_EDGE('',*,*,#8660,.T.);
#8929 = ORIENTED_EDGE('',*,*,#8930,.T.);
#8930 = EDGE_CURVE('',#8652,#8920,#8931,.T.);
#8931 = B_SPLINE_CURVE_WITH_KNOTS('',1,(#8932,#8933),.UNSPECIFIED.,.F.,
  .F.,(2,2),(-0.,9.999999999999E-04),.PIECEWISE_BEZIER_KNOTS.);
#8932 = CARTESIAN_POINT('',(3.7005,-1.602993681911,4.624857569896));
#8933 = CARTESIAN_POINT('',(3.6995,-1.602993681911,4.624857569896));
#8934 = B_SPLINE_SURFACE_WITH_KNOTS('',3,1,(
    (#8935,#8936)
    ,(#8937,#8938)
    ,(#8939,#8940)
    ,(#8941,#8942
    )),.UNSPECIFIED.,.F.,.F.,.F.,(4,4),(2,2),(3.,4.),(0.,1.),
  .PIECEWISE_BEZIER_KNOTS.);
#8935 = CARTESIAN_POINT('',(3.7005,-1.635590092586,4.536114231738));
#8936 = CARTESIAN_POINT('',(3.6995,-1.635590092586,4.536114231738));
#8937 = CARTESIAN_POINT('',(3.7005,-1.613833158186,4.557169329544));
#8938 = CARTESIAN_POINT('',(3.6995,-1.613833158186,4.557169329544));
#8939 = CARTESIAN_POINT('',(3.7005,-1.602993681911,4.586802430159));
#8940 = CARTESIAN_POINT('',(3.6995,-1.602993681911,4.586802430159));
#8941 = CARTESIAN_POINT('',(3.7005,-1.602993681911,4.624857569896));
#8942 = CARTESIAN_POINT('',(3.6995,-1.602993681911,4.624857569896));
#8943 = ADVANCED_FACE('',(#8944),#8962,.T.);
#8944 = FACE_BOUND('',#8945,.T.);
#8945 = EDGE_LOOP('',(#8946,#8955,#8956,#8957));
#8946 = ORIENTED_EDGE('',*,*,#8947,.F.);
#8947 = EDGE_CURVE('',#8920,#8948,#8950,.T.);
#8948 = VERTEX_POINT('',#8949);
#8949 = CARTESIAN_POINT('',(3.6995,-1.636447892868,4.71079356168));
#8950 = B_SPLINE_CURVE_WITH_KNOTS('',3,(#8951,#8952,#8953,#8954),
  .UNSPECIFIED.,.F.,.F.,(4,4),(4.,5.),.PIECEWISE_BEZIER_KNOTS.);
#8951 = CARTESIAN_POINT('',(3.6995,-1.602993681911,4.624857569896));
#8952 = CARTESIAN_POINT('',(3.6995,-1.602993681911,4.662912709634));
#8953 = CARTESIAN_POINT('',(3.6995,-1.614145085563,4.691610028123));
#8954 = CARTESIAN_POINT('',(3.6995,-1.636447892868,4.71079356168));
#8955 = ORIENTED_EDGE('',*,*,#8930,.F.);
#8956 = ORIENTED_EDGE('',*,*,#8651,.T.);
#8957 = ORIENTED_EDGE('',*,*,#8958,.T.);
#8958 = EDGE_CURVE('',#8643,#8948,#8959,.T.);
#8959 = B_SPLINE_CURVE_WITH_KNOTS('',1,(#8960,#8961),.UNSPECIFIED.,.F.,
  .F.,(2,2),(-0.,9.999999999999E-04),.PIECEWISE_BEZIER_KNOTS.);
#8960 = CARTESIAN_POINT('',(3.7005,-1.636447892868,4.71079356168));
#8961 = CARTESIAN_POINT('',(3.6995,-1.636447892868,4.71079356168));
#8962 = B_SPLINE_SURFACE_WITH_KNOTS('',3,1,(
    (#8963,#8964)
    ,(#8965,#8966)
    ,(#8967,#8968)
    ,(#8969,#8970
    )),.UNSPECIFIED.,.F.,.F.,.F.,(4,4),(2,2),(4.,5.),(0.,1.),
  .PIECEWISE_BEZIER_KNOTS.);
#8963 = CARTESIAN_POINT('',(3.7005,-1.602993681911,4.624857569896));
#8964 = CARTESIAN_POINT('',(3.6995,-1.602993681911,4.624857569896));
#8965 = CARTESIAN_POINT('',(3.7005,-1.602993681911,4.662912709634));
#8966 = CARTESIAN_POINT('',(3.6995,-1.602993681911,4.662912709634));
#8967 = CARTESIAN_POINT('',(3.7005,-1.614145085563,4.691610028123));
#8968 = CARTESIAN_POINT('',(3.6995,-1.614145085563,4.691610028123));
#8969 = CARTESIAN_POINT('',(3.7005,-1.636447892868,4.71079356168));
#8970 = CARTESIAN_POINT('',(3.6995,-1.636447892868,4.71079356168));
#8971 = ADVANCED_FACE('',(#8972),#8984,.T.);
#8972 = FACE_BOUND('',#8973,.T.);
#8973 = EDGE_LOOP('',(#8974,#8981,#8982,#8983));
#8974 = ORIENTED_EDGE('',*,*,#8975,.F.);
#8975 = EDGE_CURVE('',#8948,#8820,#8976,.T.);
#8976 = B_SPLINE_CURVE_WITH_KNOTS('',3,(#8977,#8978,#8979,#8980),
  .UNSPECIFIED.,.F.,.F.,(4,4),(5.,6.),.PIECEWISE_BEZIER_KNOTS.);
#8977 = CARTESIAN_POINT('',(3.6995,-1.636447892868,4.71079356168));
#8978 = CARTESIAN_POINT('',(3.6995,-1.658750700172,4.729977095235));
#8979 = CARTESIAN_POINT('',(3.6995,-1.688149855256,4.739490880171));
#8980 = CARTESIAN_POINT('',(3.6995,-1.724489394431,4.739490880171));
#8981 = ORIENTED_EDGE('',*,*,#8958,.F.);
#8982 = ORIENTED_EDGE('',*,*,#8642,.T.);
#8983 = ORIENTED_EDGE('',*,*,#8828,.T.);
#8984 = B_SPLINE_SURFACE_WITH_KNOTS('',3,1,(
    (#8985,#8986)
    ,(#8987,#8988)
    ,(#8989,#8990)
    ,(#8991,#8992
    )),.UNSPECIFIED.,.F.,.F.,.F.,(4,4),(2,2),(5.,6.),(0.,1.),
  .PIECEWISE_BEZIER_KNOTS.);
#8985 = CARTESIAN_POINT('',(3.7005,-1.636447892868,4.71079356168));
#8986 = CARTESIAN_POINT('',(3.6995,-1.636447892868,4.71079356168));
#8987 = CARTESIAN_POINT('',(3.7005,-1.658750700172,4.729977095235));
#8988 = CARTESIAN_POINT('',(3.6995,-1.658750700172,4.729977095235));
#8989 = CARTESIAN_POINT('',(3.7005,-1.688149855256,4.739490880171));
#8990 = CARTESIAN_POINT('',(3.6995,-1.688149855256,4.739490880171));
#8991 = CARTESIAN_POINT('',(3.7005,-1.724489394431,4.739490880171));
#8992 = CARTESIAN_POINT('',(3.6995,-1.724489394431,4.739490880171));
#8993 = ADVANCED_FACE('',(#8994),#9003,.F.);
#8994 = FACE_BOUND('',#8995,.T.);
#8995 = EDGE_LOOP('',(#8996,#8997,#8998,#8999,#9000,#9001,#9002));
#8996 = ORIENTED_EDGE('',*,*,#8975,.T.);
#8997 = ORIENTED_EDGE('',*,*,#8819,.T.);
#8998 = ORIENTED_EDGE('',*,*,#8847,.T.);
#8999 = ORIENTED_EDGE('',*,*,#8869,.T.);
#9000 = ORIENTED_EDGE('',*,*,#8891,.T.);
#9001 = ORIENTED_EDGE('',*,*,#8919,.T.);
#9002 = ORIENTED_EDGE('',*,*,#8947,.T.);
#9003 = B_SPLINE_SURFACE_WITH_KNOTS('',1,1,(
    (#9004,#9005)
    ,(#9006,#9007
    )),.UNSPECIFIED.,.F.,.F.,.F.,(2,2),(2,2),(7.352993681911,
    7.520576664071),(-4.995705913801,-4.76051267313),
  .PIECEWISE_BEZIER_KNOTS.);
#9004 = CARTESIAN_POINT('',(3.6995,-1.602993681911,4.5042976395));
#9005 = CARTESIAN_POINT('',(3.6995,-1.602993681911,4.739490880171));
#9006 = CARTESIAN_POINT('',(3.6995,-1.770576664071,4.5042976395));
#9007 = CARTESIAN_POINT('',(3.6995,-1.770576664071,4.739490880171));
#9008 = ADVANCED_FACE('',(#9009,#9067),#9115,.F.);
#9009 = FACE_BOUND('',#9010,.T.);
#9010 = EDGE_LOOP('',(#9011,#9020,#9027,#9034,#9041,#9048,#9055,#9062));
#9011 = ORIENTED_EDGE('',*,*,#9012,.T.);
#9012 = EDGE_CURVE('',#9013,#9015,#9017,.T.);
#9013 = VERTEX_POINT('',#9014);
#9014 = CARTESIAN_POINT('',(3.7005,-1.270167172897,4.469517737199));
#9015 = VERTEX_POINT('',#9016);
#9016 = CARTESIAN_POINT('',(3.7005,-1.386360120044,4.774582709846));
#9017 = B_SPLINE_CURVE_WITH_KNOTS('',1,(#9018,#9019),.UNSPECIFIED.,.F.,
  .F.,(2,2),(-0.326443622243,0.),.PIECEWISE_BEZIER_KNOTS.);
#9018 = CARTESIAN_POINT('',(3.7005,-1.270167172897,4.469517737199));
#9019 = CARTESIAN_POINT('',(3.7005,-1.386360120044,4.774582709846));
#9020 = ORIENTED_EDGE('',*,*,#9021,.T.);
#9021 = EDGE_CURVE('',#9015,#9022,#9024,.T.);
#9022 = VERTEX_POINT('',#9023);
#9023 = CARTESIAN_POINT('',(3.7005,-1.428470315656,4.774582709846));
#9024 = B_SPLINE_CURVE_WITH_KNOTS('',1,(#9025,#9026),.UNSPECIFIED.,.F.,
  .F.,(2,2),(-4.211019561276E-02,-0.),.PIECEWISE_BEZIER_KNOTS.);
#9025 = CARTESIAN_POINT('',(3.7005,-1.386360120044,4.774582709846));
#9026 = CARTESIAN_POINT('',(3.7005,-1.428470315656,4.774582709846));
#9027 = ORIENTED_EDGE('',*,*,#9028,.T.);
#9028 = EDGE_CURVE('',#9022,#9029,#9031,.T.);
#9029 = VERTEX_POINT('',#9030);
#9030 = CARTESIAN_POINT('',(3.7005,-1.544663262805,4.469517737199));
#9031 = B_SPLINE_CURVE_WITH_KNOTS('',1,(#9032,#9033),.UNSPECIFIED.,.F.,
  .F.,(2,2),(-0.326443622243,-0.),.PIECEWISE_BEZIER_KNOTS.);
#9032 = CARTESIAN_POINT('',(3.7005,-1.428470315656,4.774582709846));
#9033 = CARTESIAN_POINT('',(3.7005,-1.544663262805,4.469517737199));
#9034 = ORIENTED_EDGE('',*,*,#9035,.T.);
#9035 = EDGE_CURVE('',#9029,#9036,#9038,.T.);
#9036 = VERTEX_POINT('',#9037);
#9037 = CARTESIAN_POINT('',(3.7005,-1.501149394007,4.469517737199));
#9038 = B_SPLINE_CURVE_WITH_KNOTS('',1,(#9039,#9040),.UNSPECIFIED.,.F.,
  .F.,(2,2),(-4.351386879818E-02,0.),.PIECEWISE_BEZIER_KNOTS.);
#9039 = CARTESIAN_POINT('',(3.7005,-1.544663262805,4.469517737199));
#9040 = CARTESIAN_POINT('',(3.7005,-1.501149394007,4.469517737199));
#9041 = ORIENTED_EDGE('',*,*,#9042,.T.);
#9042 = EDGE_CURVE('',#9036,#9043,#9045,.T.);
#9043 = VERTEX_POINT('',#9044);
#9044 = CARTESIAN_POINT('',(3.7005,-1.471828220767,4.552958309982));
#9045 = B_SPLINE_CURVE_WITH_KNOTS('',1,(#9046,#9047),.UNSPECIFIED.,.F.,
  .F.,(2,2),(-8.844241282615E-02,0.),.PIECEWISE_BEZIER_KNOTS.);
#9046 = CARTESIAN_POINT('',(3.7005,-1.501149394007,4.469517737199));
#9047 = CARTESIAN_POINT('',(3.7005,-1.471828220767,4.552958309982));
#9048 = ORIENTED_EDGE('',*,*,#9049,.T.);
#9049 = EDGE_CURVE('',#9043,#9050,#9052,.T.);
#9050 = VERTEX_POINT('',#9051);
#9051 = CARTESIAN_POINT('',(3.7005,-1.34479579734,4.552958309982));
#9052 = B_SPLINE_CURVE_WITH_KNOTS('',1,(#9053,#9054),.UNSPECIFIED.,.F.,
  .F.,(2,2),(-0.127032423427,0.),.PIECEWISE_BEZIER_KNOTS.);
#9053 = CARTESIAN_POINT('',(3.7005,-1.471828220767,4.552958309982));
#9054 = CARTESIAN_POINT('',(3.7005,-1.34479579734,4.552958309982));
#9055 = ORIENTED_EDGE('',*,*,#9056,.T.);
#9056 = EDGE_CURVE('',#9050,#9057,#9059,.T.);
#9057 = VERTEX_POINT('',#9058);
#9058 = CARTESIAN_POINT('',(3.7005,-1.313681041693,4.469517737199));
#9059 = B_SPLINE_CURVE_WITH_KNOTS('',1,(#9060,#9061),.UNSPECIFIED.,.F.,
  .F.,(2,2),(-8.905311451803E-02,0.),.PIECEWISE_BEZIER_KNOTS.);
#9060 = CARTESIAN_POINT('',(3.7005,-1.34479579734,4.552958309982));
#9061 = CARTESIAN_POINT('',(3.7005,-1.313681041693,4.469517737199));
#9062 = ORIENTED_EDGE('',*,*,#9063,.T.);
#9063 = EDGE_CURVE('',#9057,#9013,#9064,.T.);
#9064 = B_SPLINE_CURVE_WITH_KNOTS('',1,(#9065,#9066),.UNSPECIFIED.,.F.,
  .F.,(2,2),(-4.35138687961E-02,0.),.PIECEWISE_BEZIER_KNOTS.);
#9065 = CARTESIAN_POINT('',(3.7005,-1.313681041693,4.469517737199));
#9066 = CARTESIAN_POINT('',(3.7005,-1.270167172897,4.469517737199));
#9067 = FACE_BOUND('',#9068,.T.);
#9068 = EDGE_LOOP('',(#9069,#9078,#9085,#9094,#9101,#9110));
#9069 = ORIENTED_EDGE('',*,*,#9070,.F.);
#9070 = EDGE_CURVE('',#9071,#9073,#9075,.T.);
#9071 = VERTEX_POINT('',#9072);
#9072 = CARTESIAN_POINT('',(3.7005,-1.459351125769,4.587426284908));
#9073 = VERTEX_POINT('',#9074);
#9074 = CARTESIAN_POINT('',(3.7005,-1.35696096496,4.587426284908));
#9075 = B_SPLINE_CURVE_WITH_KNOTS('',1,(#9076,#9077),.UNSPECIFIED.,.F.,
  .F.,(2,2),(0.,0.102390160809),.PIECEWISE_BEZIER_KNOTS.);
#9076 = CARTESIAN_POINT('',(3.7005,-1.459351125769,4.587426284908));
#9077 = CARTESIAN_POINT('',(3.7005,-1.35696096496,4.587426284908));
#9078 = ORIENTED_EDGE('',*,*,#9079,.F.);
#9079 = EDGE_CURVE('',#9080,#9071,#9082,.T.);
#9080 = VERTEX_POINT('',#9081);
#9081 = CARTESIAN_POINT('',(3.7005,-1.413731747193,4.714224762804));
#9082 = B_SPLINE_CURVE_WITH_KNOTS('',1,(#9083,#9084),.UNSPECIFIED.,.F.,
  .F.,(2,2),(2.089337120387E-16,0.134755265939),
  .PIECEWISE_BEZIER_KNOTS.);
#9083 = CARTESIAN_POINT('',(3.7005,-1.413731747193,4.714224762804));
#9084 = CARTESIAN_POINT('',(3.7005,-1.459351125769,4.587426284908));
#9085 = ORIENTED_EDGE('',*,*,#9086,.F.);
#9086 = EDGE_CURVE('',#9087,#9080,#9089,.T.);
#9087 = VERTEX_POINT('',#9088);
#9088 = CARTESIAN_POINT('',(3.7005,-1.408740909194,4.735591787983));
#9089 = B_SPLINE_CURVE_WITH_KNOTS('',3,(#9090,#9091,#9092,#9093),
  .UNSPECIFIED.,.F.,.F.,(4,4),(3.,4.),.PIECEWISE_BEZIER_KNOTS.);
#9090 = CARTESIAN_POINT('',(3.7005,-1.408740909194,4.735591787983));
#9091 = CARTESIAN_POINT('',(3.7005,-1.410222564225,4.726389930423));
#9092 = CARTESIAN_POINT('',(3.7005,-1.411860182941,4.719215600801));
#9093 = CARTESIAN_POINT('',(3.7005,-1.413731747193,4.714224762804));
#9094 = ORIENTED_EDGE('',*,*,#9095,.F.);
#9095 = EDGE_CURVE('',#9096,#9087,#9098,.T.);
#9096 = VERTEX_POINT('',#9097);
#9097 = CARTESIAN_POINT('',(3.7005,-1.407805127068,4.735591787983));
#9098 = B_SPLINE_CURVE_WITH_KNOTS('',1,(#9099,#9100),.UNSPECIFIED.,.F.,
  .F.,(2,2),(-4.440892098501E-16,9.357821257001E-04),
  .PIECEWISE_BEZIER_KNOTS.);
#9099 = CARTESIAN_POINT('',(3.7005,-1.407805127068,4.735591787983));
#9100 = CARTESIAN_POINT('',(3.7005,-1.408740909194,4.735591787983));
#9101 = ORIENTED_EDGE('',*,*,#9102,.F.);
#9102 = EDGE_CURVE('',#9103,#9096,#9105,.T.);
#9103 = VERTEX_POINT('',#9104);
#9104 = CARTESIAN_POINT('',(3.7005,-1.403048234602,4.714224762804));
#9105 = B_SPLINE_CURVE_WITH_KNOTS('',3,(#9106,#9107,#9108,#9109),
  .UNSPECIFIED.,.F.,.F.,(4,4),(1.,2.),.PIECEWISE_BEZIER_KNOTS.);
#9106 = CARTESIAN_POINT('',(3.7005,-1.403048234602,4.714224762804));
#9107 = CARTESIAN_POINT('',(3.7005,-1.404529889631,4.718435782364));
#9108 = CARTESIAN_POINT('',(3.7005,-1.406089526508,4.7254541483));
#9109 = CARTESIAN_POINT('',(3.7005,-1.407805127068,4.735591787983));
#9110 = ORIENTED_EDGE('',*,*,#9111,.F.);
#9111 = EDGE_CURVE('',#9073,#9103,#9112,.T.);
#9112 = B_SPLINE_CURVE_WITH_KNOTS('',1,(#9113,#9114),.UNSPECIFIED.,.F.,
  .F.,(2,2),(0.,0.134914381812),.PIECEWISE_BEZIER_KNOTS.);
#9113 = CARTESIAN_POINT('',(3.7005,-1.35696096496,4.587426284908));
#9114 = CARTESIAN_POINT('',(3.7005,-1.403048234602,4.714224762804));
#9115 = B_SPLINE_SURFACE_WITH_KNOTS('',1,1,(
    (#9116,#9117)
    ,(#9118,#9119
    )),.UNSPECIFIED.,.F.,.F.,.F.,(2,2),(2,2),(1.069514183899,
    1.374579156546),(-1.544663262805,-1.270167172897),
  .PIECEWISE_BEZIER_KNOTS.);
#9116 = CARTESIAN_POINT('',(3.7005,-1.544663262805,4.469517737199));
#9117 = CARTESIAN_POINT('',(3.7005,-1.270167172897,4.469517737199));
#9118 = CARTESIAN_POINT('',(3.7005,-1.544663262805,4.774582709846));
#9119 = CARTESIAN_POINT('',(3.7005,-1.270167172897,4.774582709846));
#9120 = ADVANCED_FACE('',(#9121),#9135,.F.);
#9121 = FACE_BOUND('',#9122,.T.);
#9122 = EDGE_LOOP('',(#9123,#9124,#9129,#9130));
#9123 = ORIENTED_EDGE('',*,*,#1116,.T.);
#9124 = ORIENTED_EDGE('',*,*,#9125,.F.);
#9125 = EDGE_CURVE('',#9015,#1119,#9126,.T.);
#9126 = B_SPLINE_CURVE_WITH_KNOTS('',1,(#9127,#9128),.UNSPECIFIED.,.F.,
  .F.,(2,2),(-0.,1.E-03),.PIECEWISE_BEZIER_KNOTS.);
#9127 = CARTESIAN_POINT('',(3.7005,-1.386360120044,4.774582709846));
#9128 = CARTESIAN_POINT('',(3.6995,-1.386360120044,4.774582709846));
#9129 = ORIENTED_EDGE('',*,*,#9012,.F.);
#9130 = ORIENTED_EDGE('',*,*,#9131,.T.);
#9131 = EDGE_CURVE('',#9013,#1117,#9132,.T.);
#9132 = B_SPLINE_CURVE_WITH_KNOTS('',1,(#9133,#9134),.UNSPECIFIED.,.F.,
  .F.,(2,2),(-0.,9.999999999999E-04),.PIECEWISE_BEZIER_KNOTS.);
#9133 = CARTESIAN_POINT('',(3.7005,-1.270167172897,4.469517737199));
#9134 = CARTESIAN_POINT('',(3.6995,-1.270167172897,4.469517737199));
#9135 = B_SPLINE_SURFACE_WITH_KNOTS('',1,1,(
    (#9136,#9137)
    ,(#9138,#9139
    )),.UNSPECIFIED.,.F.,.F.,.F.,(2,2),(2,2),(-4.644417889172E-16,
    0.326443622243),(-1.E-03,4.023728302279E-33),
  .PIECEWISE_BEZIER_KNOTS.);
#9136 = CARTESIAN_POINT('',(3.6995,-1.386360120044,4.774582709846));
#9137 = CARTESIAN_POINT('',(3.7005,-1.386360120044,4.774582709846));
#9138 = CARTESIAN_POINT('',(3.6995,-1.270167172897,4.469517737199));
#9139 = CARTESIAN_POINT('',(3.7005,-1.270167172897,4.469517737199));
#9140 = ADVANCED_FACE('',(#9141),#9151,.F.);
#9141 = FACE_BOUND('',#9142,.T.);
#9142 = EDGE_LOOP('',(#9143,#9144,#9149,#9150));
#9143 = ORIENTED_EDGE('',*,*,#1167,.T.);
#9144 = ORIENTED_EDGE('',*,*,#9145,.F.);
#9145 = EDGE_CURVE('',#9022,#1161,#9146,.T.);
#9146 = B_SPLINE_CURVE_WITH_KNOTS('',1,(#9147,#9148),.UNSPECIFIED.,.F.,
  .F.,(2,2),(-0.,9.999999999999E-04),.PIECEWISE_BEZIER_KNOTS.);
#9147 = CARTESIAN_POINT('',(3.7005,-1.428470315656,4.774582709846));
#9148 = CARTESIAN_POINT('',(3.6995,-1.428470315656,4.774582709846));
#9149 = ORIENTED_EDGE('',*,*,#9021,.F.);
#9150 = ORIENTED_EDGE('',*,*,#9125,.T.);
#9151 = B_SPLINE_SURFACE_WITH_KNOTS('',1,1,(
    (#9152,#9153)
    ,(#9154,#9155
    )),.UNSPECIFIED.,.F.,.F.,.F.,(2,2),(2,2),(-3.154042683594E-19,
    4.211019561276E-02),(-1.E-03,0.),.PIECEWISE_BEZIER_KNOTS.);
#9152 = CARTESIAN_POINT('',(3.6995,-1.428470315656,4.774582709846));
#9153 = CARTESIAN_POINT('',(3.7005,-1.428470315656,4.774582709846));
#9154 = CARTESIAN_POINT('',(3.6995,-1.386360120044,4.774582709846));
#9155 = CARTESIAN_POINT('',(3.7005,-1.386360120044,4.774582709846));
#9156 = ADVANCED_FACE('',(#9157),#9167,.F.);
#9157 = FACE_BOUND('',#9158,.T.);
#9158 = EDGE_LOOP('',(#9159,#9160,#9165,#9166));
#9159 = ORIENTED_EDGE('',*,*,#1160,.T.);
#9160 = ORIENTED_EDGE('',*,*,#9161,.F.);
#9161 = EDGE_CURVE('',#9029,#1154,#9162,.T.);
#9162 = B_SPLINE_CURVE_WITH_KNOTS('',1,(#9163,#9164),.UNSPECIFIED.,.F.,
  .F.,(2,2),(-0.,9.999999999999E-04),.PIECEWISE_BEZIER_KNOTS.);
#9163 = CARTESIAN_POINT('',(3.7005,-1.544663262805,4.469517737199));
#9164 = CARTESIAN_POINT('',(3.6995,-1.544663262805,4.469517737199));
#9165 = ORIENTED_EDGE('',*,*,#9028,.F.);
#9166 = ORIENTED_EDGE('',*,*,#9145,.T.);
#9167 = B_SPLINE_SURFACE_WITH_KNOTS('',1,1,(
    (#9168,#9169)
    ,(#9170,#9171
    )),.UNSPECIFIED.,.F.,.F.,.F.,(2,2),(2,2),(-1.122636467278E-19,
    0.326443622243),(-9.999999999999E-04,3.08148791102E-32),
  .PIECEWISE_BEZIER_KNOTS.);
#9168 = CARTESIAN_POINT('',(3.6995,-1.544663262805,4.469517737199));
#9169 = CARTESIAN_POINT('',(3.7005,-1.544663262805,4.469517737199));
#9170 = CARTESIAN_POINT('',(3.6995,-1.428470315656,4.774582709846));
#9171 = CARTESIAN_POINT('',(3.7005,-1.428470315656,4.774582709846));
#9172 = ADVANCED_FACE('',(#9173),#9183,.F.);
#9173 = FACE_BOUND('',#9174,.T.);
#9174 = EDGE_LOOP('',(#9175,#9176,#9181,#9182));
#9175 = ORIENTED_EDGE('',*,*,#1153,.T.);
#9176 = ORIENTED_EDGE('',*,*,#9177,.F.);
#9177 = EDGE_CURVE('',#9036,#1147,#9178,.T.);
#9178 = B_SPLINE_CURVE_WITH_KNOTS('',1,(#9179,#9180),.UNSPECIFIED.,.F.,
  .F.,(2,2),(-0.,9.999999999999E-04),.PIECEWISE_BEZIER_KNOTS.);
#9179 = CARTESIAN_POINT('',(3.7005,-1.501149394007,4.469517737199));
#9180 = CARTESIAN_POINT('',(3.6995,-1.501149394007,4.469517737199));
#9181 = ORIENTED_EDGE('',*,*,#9035,.F.);
#9182 = ORIENTED_EDGE('',*,*,#9161,.T.);
#9183 = B_SPLINE_SURFACE_WITH_KNOTS('',1,1,(
    (#9184,#9185)
    ,(#9186,#9187
    )),.UNSPECIFIED.,.F.,.F.,.F.,(2,2),(2,2),(-4.440892098501E-16,
    4.351386879818E-02),(-9.999999999999E-04,8.17959211821E-48),
  .PIECEWISE_BEZIER_KNOTS.);
#9184 = CARTESIAN_POINT('',(3.6995,-1.501149394007,4.469517737199));
#9185 = CARTESIAN_POINT('',(3.7005,-1.501149394007,4.469517737199));
#9186 = CARTESIAN_POINT('',(3.6995,-1.544663262805,4.469517737199));
#9187 = CARTESIAN_POINT('',(3.7005,-1.544663262805,4.469517737199));
#9188 = ADVANCED_FACE('',(#9189),#9199,.F.);
#9189 = FACE_BOUND('',#9190,.T.);
#9190 = EDGE_LOOP('',(#9191,#9192,#9197,#9198));
#9191 = ORIENTED_EDGE('',*,*,#1146,.T.);
#9192 = ORIENTED_EDGE('',*,*,#9193,.F.);
#9193 = EDGE_CURVE('',#9043,#1140,#9194,.T.);
#9194 = B_SPLINE_CURVE_WITH_KNOTS('',1,(#9195,#9196),.UNSPECIFIED.,.F.,
  .F.,(2,2),(-0.,9.999999999999E-04),.PIECEWISE_BEZIER_KNOTS.);
#9195 = CARTESIAN_POINT('',(3.7005,-1.471828220767,4.552958309982));
#9196 = CARTESIAN_POINT('',(3.6995,-1.471828220767,4.552958309982));
#9197 = ORIENTED_EDGE('',*,*,#9042,.F.);
#9198 = ORIENTED_EDGE('',*,*,#9177,.T.);
#9199 = B_SPLINE_SURFACE_WITH_KNOTS('',1,1,(
    (#9200,#9201)
    ,(#9202,#9203
    )),.UNSPECIFIED.,.F.,.F.,.F.,(2,2),(2,2),(-2.094869240476E-16,
    8.844241282615E-02),(-9.999999999999E-04,6.162975822039E-33),
  .PIECEWISE_BEZIER_KNOTS.);
#9200 = CARTESIAN_POINT('',(3.6995,-1.471828220767,4.552958309982));
#9201 = CARTESIAN_POINT('',(3.7005,-1.471828220767,4.552958309982));
#9202 = CARTESIAN_POINT('',(3.6995,-1.501149394007,4.469517737199));
#9203 = CARTESIAN_POINT('',(3.7005,-1.501149394007,4.469517737199));
#9204 = ADVANCED_FACE('',(#9205),#9215,.F.);
#9205 = FACE_BOUND('',#9206,.T.);
#9206 = EDGE_LOOP('',(#9207,#9208,#9213,#9214));
#9207 = ORIENTED_EDGE('',*,*,#1139,.T.);
#9208 = ORIENTED_EDGE('',*,*,#9209,.F.);
#9209 = EDGE_CURVE('',#9050,#1133,#9210,.T.);
#9210 = B_SPLINE_CURVE_WITH_KNOTS('',1,(#9211,#9212),.UNSPECIFIED.,.F.,
  .F.,(2,2),(-0.,9.999999999999E-04),.PIECEWISE_BEZIER_KNOTS.);
#9211 = CARTESIAN_POINT('',(3.7005,-1.34479579734,4.552958309982));
#9212 = CARTESIAN_POINT('',(3.6995,-1.34479579734,4.552958309982));
#9213 = ORIENTED_EDGE('',*,*,#9049,.F.);
#9214 = ORIENTED_EDGE('',*,*,#9193,.T.);
#9215 = B_SPLINE_SURFACE_WITH_KNOTS('',1,1,(
    (#9216,#9217)
    ,(#9218,#9219
    )),.UNSPECIFIED.,.F.,.F.,.F.,(2,2),(2,2),(-4.440892098501E-16,
    0.127032423427),(-9.999999999999E-04,1.120739693546E-47),
  .PIECEWISE_BEZIER_KNOTS.);
#9216 = CARTESIAN_POINT('',(3.6995,-1.34479579734,4.552958309982));
#9217 = CARTESIAN_POINT('',(3.7005,-1.34479579734,4.552958309982));
#9218 = CARTESIAN_POINT('',(3.6995,-1.471828220767,4.552958309982));
#9219 = CARTESIAN_POINT('',(3.7005,-1.471828220767,4.552958309982));
#9220 = ADVANCED_FACE('',(#9221),#9231,.F.);
#9221 = FACE_BOUND('',#9222,.T.);
#9222 = EDGE_LOOP('',(#9223,#9224,#9229,#9230));
#9223 = ORIENTED_EDGE('',*,*,#1132,.T.);
#9224 = ORIENTED_EDGE('',*,*,#9225,.F.);
#9225 = EDGE_CURVE('',#9057,#1126,#9226,.T.);
#9226 = B_SPLINE_CURVE_WITH_KNOTS('',1,(#9227,#9228),.UNSPECIFIED.,.F.,
  .F.,(2,2),(-0.,1.E-03),.PIECEWISE_BEZIER_KNOTS.);
#9227 = CARTESIAN_POINT('',(3.7005,-1.313681041693,4.469517737199));
#9228 = CARTESIAN_POINT('',(3.6995,-1.313681041693,4.469517737199));
#9229 = ORIENTED_EDGE('',*,*,#9056,.F.);
#9230 = ORIENTED_EDGE('',*,*,#9209,.T.);
#9231 = B_SPLINE_SURFACE_WITH_KNOTS('',1,1,(
    (#9232,#9233)
    ,(#9234,#9235
    )),.UNSPECIFIED.,.F.,.F.,.F.,(2,2),(2,2),(0.,8.905311451803E-02),(
    -1.E-03,1.232595164408E-32),.PIECEWISE_BEZIER_KNOTS.);
#9232 = CARTESIAN_POINT('',(3.6995,-1.313681041693,4.469517737199));
#9233 = CARTESIAN_POINT('',(3.7005,-1.313681041693,4.469517737199));
#9234 = CARTESIAN_POINT('',(3.6995,-1.34479579734,4.552958309982));
#9235 = CARTESIAN_POINT('',(3.7005,-1.34479579734,4.552958309982));
#9236 = ADVANCED_FACE('',(#9237),#9243,.F.);
#9237 = FACE_BOUND('',#9238,.T.);
#9238 = EDGE_LOOP('',(#9239,#9240,#9241,#9242));
#9239 = ORIENTED_EDGE('',*,*,#1125,.T.);
#9240 = ORIENTED_EDGE('',*,*,#9131,.F.);
#9241 = ORIENTED_EDGE('',*,*,#9063,.F.);
#9242 = ORIENTED_EDGE('',*,*,#9225,.T.);
#9243 = B_SPLINE_SURFACE_WITH_KNOTS('',1,1,(
    (#9244,#9245)
    ,(#9246,#9247
    )),.UNSPECIFIED.,.F.,.F.,.F.,(2,2),(2,2),(-0.,4.35138687961E-02),(
    -1.E-03,8.179592118603E-48),.PIECEWISE_BEZIER_KNOTS.);
#9244 = CARTESIAN_POINT('',(3.6995,-1.270167172897,4.469517737199));
#9245 = CARTESIAN_POINT('',(3.7005,-1.270167172897,4.469517737199));
#9246 = CARTESIAN_POINT('',(3.6995,-1.313681041693,4.469517737199));
#9247 = CARTESIAN_POINT('',(3.7005,-1.313681041693,4.469517737199));
#9248 = ADVANCED_FACE('',(#9249),#9271,.T.);
#9249 = FACE_BOUND('',#9250,.T.);
#9250 = EDGE_LOOP('',(#9251,#9260,#9265,#9266));
#9251 = ORIENTED_EDGE('',*,*,#9252,.F.);
#9252 = EDGE_CURVE('',#9253,#9255,#9257,.T.);
#9253 = VERTEX_POINT('',#9254);
#9254 = CARTESIAN_POINT('',(3.6995,-1.459351125769,4.587426284908));
#9255 = VERTEX_POINT('',#9256);
#9256 = CARTESIAN_POINT('',(3.6995,-1.35696096496,4.587426284908));
#9257 = B_SPLINE_CURVE_WITH_KNOTS('',1,(#9258,#9259),.UNSPECIFIED.,.F.,
  .F.,(2,2),(8.881784197001E-16,0.102390160809),
  .PIECEWISE_BEZIER_KNOTS.);
#9258 = CARTESIAN_POINT('',(3.6995,-1.459351125769,4.587426284908));
#9259 = CARTESIAN_POINT('',(3.6995,-1.35696096496,4.587426284908));
#9260 = ORIENTED_EDGE('',*,*,#9261,.F.);
#9261 = EDGE_CURVE('',#9071,#9253,#9262,.T.);
#9262 = B_SPLINE_CURVE_WITH_KNOTS('',1,(#9263,#9264),.UNSPECIFIED.,.F.,
  .F.,(2,2),(-0.,9.999999999999E-04),.PIECEWISE_BEZIER_KNOTS.);
#9263 = CARTESIAN_POINT('',(3.7005,-1.459351125769,4.587426284908));
#9264 = CARTESIAN_POINT('',(3.6995,-1.459351125769,4.587426284908));
#9265 = ORIENTED_EDGE('',*,*,#9070,.T.);
#9266 = ORIENTED_EDGE('',*,*,#9267,.T.);
#9267 = EDGE_CURVE('',#9073,#9255,#9268,.T.);
#9268 = B_SPLINE_CURVE_WITH_KNOTS('',1,(#9269,#9270),.UNSPECIFIED.,.F.,
  .F.,(2,2),(-0.,9.999999999999E-04),.PIECEWISE_BEZIER_KNOTS.);
#9269 = CARTESIAN_POINT('',(3.7005,-1.35696096496,4.587426284908));
#9270 = CARTESIAN_POINT('',(3.6995,-1.35696096496,4.587426284908));
#9271 = B_SPLINE_SURFACE_WITH_KNOTS('',1,1,(
    (#9272,#9273)
    ,(#9274,#9275
    )),.UNSPECIFIED.,.F.,.F.,.F.,(2,2),(2,2),(-0.102390160809,
    3.154042683594E-19),(-9.999999999999E-04,0.),
  .PIECEWISE_BEZIER_KNOTS.);
#9272 = CARTESIAN_POINT('',(3.6995,-1.35696096496,4.587426284908));
#9273 = CARTESIAN_POINT('',(3.7005,-1.35696096496,4.587426284908));
#9274 = CARTESIAN_POINT('',(3.6995,-1.459351125769,4.587426284908));
#9275 = CARTESIAN_POINT('',(3.7005,-1.459351125769,4.587426284908));
#9276 = ADVANCED_FACE('',(#9277),#9293,.T.);
#9277 = FACE_BOUND('',#9278,.T.);
#9278 = EDGE_LOOP('',(#9279,#9286,#9287,#9288));
#9279 = ORIENTED_EDGE('',*,*,#9280,.F.);
#9280 = EDGE_CURVE('',#9255,#9281,#9283,.T.);
#9281 = VERTEX_POINT('',#9282);
#9282 = CARTESIAN_POINT('',(3.6995,-1.403048234602,4.714224762804));
#9283 = B_SPLINE_CURVE_WITH_KNOTS('',1,(#9284,#9285),.UNSPECIFIED.,.F.,
  .F.,(2,2),(0.,0.134914381812),.PIECEWISE_BEZIER_KNOTS.);
#9284 = CARTESIAN_POINT('',(3.6995,-1.35696096496,4.587426284908));
#9285 = CARTESIAN_POINT('',(3.6995,-1.403048234602,4.714224762804));
#9286 = ORIENTED_EDGE('',*,*,#9267,.F.);
#9287 = ORIENTED_EDGE('',*,*,#9111,.T.);
#9288 = ORIENTED_EDGE('',*,*,#9289,.T.);
#9289 = EDGE_CURVE('',#9103,#9281,#9290,.T.);
#9290 = B_SPLINE_CURVE_WITH_KNOTS('',1,(#9291,#9292),.UNSPECIFIED.,.F.,
  .F.,(2,2),(-0.,9.999999999999E-04),.PIECEWISE_BEZIER_KNOTS.);
#9291 = CARTESIAN_POINT('',(3.7005,-1.403048234602,4.714224762804));
#9292 = CARTESIAN_POINT('',(3.6995,-1.403048234602,4.714224762804));
#9293 = B_SPLINE_SURFACE_WITH_KNOTS('',1,1,(
    (#9294,#9295)
    ,(#9296,#9297
    )),.UNSPECIFIED.,.F.,.F.,.F.,(2,2),(2,2),(-0.134914381812,0.),(
    -9.999999999999E-04,2.157041537714E-32),.PIECEWISE_BEZIER_KNOTS.);
#9294 = CARTESIAN_POINT('',(3.6995,-1.403048234602,4.714224762804));
#9295 = CARTESIAN_POINT('',(3.7005,-1.403048234602,4.714224762804));
#9296 = CARTESIAN_POINT('',(3.6995,-1.35696096496,4.587426284908));
#9297 = CARTESIAN_POINT('',(3.7005,-1.35696096496,4.587426284908));
#9298 = ADVANCED_FACE('',(#9299),#9317,.T.);
#9299 = FACE_BOUND('',#9300,.T.);
#9300 = EDGE_LOOP('',(#9301,#9310,#9311,#9312));
#9301 = ORIENTED_EDGE('',*,*,#9302,.F.);
#9302 = EDGE_CURVE('',#9281,#9303,#9305,.T.);
#9303 = VERTEX_POINT('',#9304);
#9304 = CARTESIAN_POINT('',(3.6995,-1.407805127068,4.735591787983));
#9305 = B_SPLINE_CURVE_WITH_KNOTS('',3,(#9306,#9307,#9308,#9309),
  .UNSPECIFIED.,.F.,.F.,(4,4),(1.,2.),.PIECEWISE_BEZIER_KNOTS.);
#9306 = CARTESIAN_POINT('',(3.6995,-1.403048234602,4.714224762804));
#9307 = CARTESIAN_POINT('',(3.6995,-1.404529889631,4.718435782364));
#9308 = CARTESIAN_POINT('',(3.6995,-1.406089526508,4.7254541483));
#9309 = CARTESIAN_POINT('',(3.6995,-1.407805127068,4.735591787983));
#9310 = ORIENTED_EDGE('',*,*,#9289,.F.);
#9311 = ORIENTED_EDGE('',*,*,#9102,.T.);
#9312 = ORIENTED_EDGE('',*,*,#9313,.T.);
#9313 = EDGE_CURVE('',#9096,#9303,#9314,.T.);
#9314 = B_SPLINE_CURVE_WITH_KNOTS('',1,(#9315,#9316),.UNSPECIFIED.,.F.,
  .F.,(2,2),(-0.,1.E-03),.PIECEWISE_BEZIER_KNOTS.);
#9315 = CARTESIAN_POINT('',(3.7005,-1.407805127068,4.735591787983));
#9316 = CARTESIAN_POINT('',(3.6995,-1.407805127068,4.735591787983));
#9317 = B_SPLINE_SURFACE_WITH_KNOTS('',3,1,(
    (#9318,#9319)
    ,(#9320,#9321)
    ,(#9322,#9323)
    ,(#9324,#9325
    )),.UNSPECIFIED.,.F.,.F.,.F.,(4,4),(2,2),(1.,2.),(0.,1.),
  .PIECEWISE_BEZIER_KNOTS.);
#9318 = CARTESIAN_POINT('',(3.7005,-1.403048234602,4.714224762804));
#9319 = CARTESIAN_POINT('',(3.6995,-1.403048234602,4.714224762804));
#9320 = CARTESIAN_POINT('',(3.7005,-1.404529889631,4.718435782364));
#9321 = CARTESIAN_POINT('',(3.6995,-1.404529889631,4.718435782364));
#9322 = CARTESIAN_POINT('',(3.7005,-1.406089526508,4.7254541483));
#9323 = CARTESIAN_POINT('',(3.6995,-1.406089526508,4.7254541483));
#9324 = CARTESIAN_POINT('',(3.7005,-1.407805127068,4.735591787983));
#9325 = CARTESIAN_POINT('',(3.6995,-1.407805127068,4.735591787983));
#9326 = ADVANCED_FACE('',(#9327),#9343,.T.);
#9327 = FACE_BOUND('',#9328,.T.);
#9328 = EDGE_LOOP('',(#9329,#9336,#9337,#9338));
#9329 = ORIENTED_EDGE('',*,*,#9330,.F.);
#9330 = EDGE_CURVE('',#9303,#9331,#9333,.T.);
#9331 = VERTEX_POINT('',#9332);
#9332 = CARTESIAN_POINT('',(3.6995,-1.408740909194,4.735591787983));
#9333 = B_SPLINE_CURVE_WITH_KNOTS('',1,(#9334,#9335),.UNSPECIFIED.,.F.,
  .F.,(2,2),(-4.440892098501E-16,9.357821257001E-04),
  .PIECEWISE_BEZIER_KNOTS.);
#9334 = CARTESIAN_POINT('',(3.6995,-1.407805127068,4.735591787983));
#9335 = CARTESIAN_POINT('',(3.6995,-1.408740909194,4.735591787983));
#9336 = ORIENTED_EDGE('',*,*,#9313,.F.);
#9337 = ORIENTED_EDGE('',*,*,#9095,.T.);
#9338 = ORIENTED_EDGE('',*,*,#9339,.T.);
#9339 = EDGE_CURVE('',#9087,#9331,#9340,.T.);
#9340 = B_SPLINE_CURVE_WITH_KNOTS('',1,(#9341,#9342),.UNSPECIFIED.,.F.,
  .F.,(2,2),(-0.,9.999999999999E-04),.PIECEWISE_BEZIER_KNOTS.);
#9341 = CARTESIAN_POINT('',(3.7005,-1.408740909194,4.735591787983));
#9342 = CARTESIAN_POINT('',(3.6995,-1.408740909194,4.735591787983));
#9343 = B_SPLINE_SURFACE_WITH_KNOTS('',1,1,(
    (#9344,#9345)
    ,(#9346,#9347)),.UNSPECIFIED.,.F.,.F.,.F.,(2,2),(2,2),(0.,1.E-03),(
    -9.357821257001E-04,4.440892098501E-16),.PIECEWISE_BEZIER_KNOTS.);
#9344 = CARTESIAN_POINT('',(3.7005,-1.408740909194,4.735591787983));
#9345 = CARTESIAN_POINT('',(3.7005,-1.407805127068,4.735591787983));
#9346 = CARTESIAN_POINT('',(3.6995,-1.408740909194,4.735591787983));
#9347 = CARTESIAN_POINT('',(3.6995,-1.407805127068,4.735591787983));
#9348 = ADVANCED_FACE('',(#9349),#9367,.T.);
#9349 = FACE_BOUND('',#9350,.T.);
#9350 = EDGE_LOOP('',(#9351,#9360,#9361,#9362));
#9351 = ORIENTED_EDGE('',*,*,#9352,.F.);
#9352 = EDGE_CURVE('',#9331,#9353,#9355,.T.);
#9353 = VERTEX_POINT('',#9354);
#9354 = CARTESIAN_POINT('',(3.6995,-1.413731747193,4.714224762804));
#9355 = B_SPLINE_CURVE_WITH_KNOTS('',3,(#9356,#9357,#9358,#9359),
  .UNSPECIFIED.,.F.,.F.,(4,4),(3.,4.),.PIECEWISE_BEZIER_KNOTS.);
#9356 = CARTESIAN_POINT('',(3.6995,-1.408740909194,4.735591787983));
#9357 = CARTESIAN_POINT('',(3.6995,-1.410222564225,4.726389930423));
#9358 = CARTESIAN_POINT('',(3.6995,-1.411860182941,4.719215600801));
#9359 = CARTESIAN_POINT('',(3.6995,-1.413731747193,4.714224762804));
#9360 = ORIENTED_EDGE('',*,*,#9339,.F.);
#9361 = ORIENTED_EDGE('',*,*,#9086,.T.);
#9362 = ORIENTED_EDGE('',*,*,#9363,.T.);
#9363 = EDGE_CURVE('',#9080,#9353,#9364,.T.);
#9364 = B_SPLINE_CURVE_WITH_KNOTS('',1,(#9365,#9366),.UNSPECIFIED.,.F.,
  .F.,(2,2),(7.003381615954E-32,1.E-03),.PIECEWISE_BEZIER_KNOTS.);
#9365 = CARTESIAN_POINT('',(3.7005,-1.413731747193,4.714224762804));
#9366 = CARTESIAN_POINT('',(3.6995,-1.413731747193,4.714224762804));
#9367 = B_SPLINE_SURFACE_WITH_KNOTS('',3,1,(
    (#9368,#9369)
    ,(#9370,#9371)
    ,(#9372,#9373)
    ,(#9374,#9375
    )),.UNSPECIFIED.,.F.,.F.,.F.,(4,4),(2,2),(3.,4.),(0.,1.),
  .PIECEWISE_BEZIER_KNOTS.);
#9368 = CARTESIAN_POINT('',(3.7005,-1.408740909194,4.735591787983));
#9369 = CARTESIAN_POINT('',(3.6995,-1.408740909194,4.735591787983));
#9370 = CARTESIAN_POINT('',(3.7005,-1.410222564225,4.726389930423));
#9371 = CARTESIAN_POINT('',(3.6995,-1.410222564225,4.726389930423));
#9372 = CARTESIAN_POINT('',(3.7005,-1.411860182941,4.719215600801));
#9373 = CARTESIAN_POINT('',(3.6995,-1.411860182941,4.719215600801));
#9374 = CARTESIAN_POINT('',(3.7005,-1.413731747193,4.714224762804));
#9375 = CARTESIAN_POINT('',(3.6995,-1.413731747193,4.714224762804));
#9376 = ADVANCED_FACE('',(#9377),#9387,.T.);
#9377 = FACE_BOUND('',#9378,.T.);
#9378 = EDGE_LOOP('',(#9379,#9384,#9385,#9386));
#9379 = ORIENTED_EDGE('',*,*,#9380,.F.);
#9380 = EDGE_CURVE('',#9353,#9253,#9381,.T.);
#9381 = B_SPLINE_CURVE_WITH_KNOTS('',1,(#9382,#9383),.UNSPECIFIED.,.F.,
  .F.,(2,2),(-7.516987794346E-17,0.134755265939),
  .PIECEWISE_BEZIER_KNOTS.);
#9382 = CARTESIAN_POINT('',(3.6995,-1.413731747193,4.714224762804));
#9383 = CARTESIAN_POINT('',(3.6995,-1.459351125769,4.587426284908));
#9384 = ORIENTED_EDGE('',*,*,#9363,.F.);
#9385 = ORIENTED_EDGE('',*,*,#9079,.T.);
#9386 = ORIENTED_EDGE('',*,*,#9261,.T.);
#9387 = B_SPLINE_SURFACE_WITH_KNOTS('',1,1,(
    (#9388,#9389)
    ,(#9390,#9391
    )),.UNSPECIFIED.,.F.,.F.,.F.,(2,2),(2,2),(-0.134755265939,
    7.516987794346E-17),(-1.E-03,0.),.PIECEWISE_BEZIER_KNOTS.);
#9388 = CARTESIAN_POINT('',(3.6995,-1.459351125769,4.587426284908));
#9389 = CARTESIAN_POINT('',(3.7005,-1.459351125769,4.587426284908));
#9390 = CARTESIAN_POINT('',(3.6995,-1.413731747193,4.714224762804));
#9391 = CARTESIAN_POINT('',(3.7005,-1.413731747193,4.714224762804));
#9392 = ADVANCED_FACE('',(#9393),#9401,.F.);
#9393 = FACE_BOUND('',#9394,.T.);
#9394 = EDGE_LOOP('',(#9395,#9396,#9397,#9398,#9399,#9400));
#9395 = ORIENTED_EDGE('',*,*,#9380,.T.);
#9396 = ORIENTED_EDGE('',*,*,#9252,.T.);
#9397 = ORIENTED_EDGE('',*,*,#9280,.T.);
#9398 = ORIENTED_EDGE('',*,*,#9302,.T.);
#9399 = ORIENTED_EDGE('',*,*,#9330,.T.);
#9400 = ORIENTED_EDGE('',*,*,#9352,.T.);
#9401 = B_SPLINE_SURFACE_WITH_KNOTS('',1,1,(
    (#9402,#9403)
    ,(#9404,#9405
    )),.UNSPECIFIED.,.F.,.F.,.F.,(2,2),(2,2),(7.10696096496,
    7.209351125769),(-4.912577268392,-4.764411765317),
  .PIECEWISE_BEZIER_KNOTS.);
#9402 = CARTESIAN_POINT('',(3.6995,-1.35696096496,4.587426284908));
#9403 = CARTESIAN_POINT('',(3.6995,-1.35696096496,4.735591787983));
#9404 = CARTESIAN_POINT('',(3.6995,-1.459351125769,4.587426284908));
#9405 = CARTESIAN_POINT('',(3.6995,-1.459351125769,4.735591787983));
#9406 = ADVANCED_FACE('',(#9407,#9696),#9721,.F.);
#9407 = FACE_BOUND('',#9408,.T.);
#9408 = EDGE_LOOP('',(#9409,#9420,#9429,#9438,#9447,#9456,#9465,#9474,
    #9483,#9492,#9501,#9510,#9519,#9528,#9535,#9542,#9549,#9558,#9567,
    #9576,#9585,#9594,#9603,#9612,#9621,#9630,#9639,#9646,#9655,#9664,
    #9673,#9680,#9689));
#9409 = ORIENTED_EDGE('',*,*,#9410,.T.);
#9410 = EDGE_CURVE('',#9411,#9413,#9415,.T.);
#9411 = VERTEX_POINT('',#9412);
#9412 = CARTESIAN_POINT('',(3.7005,-3.126357467205,4.772117027856));
#9413 = VERTEX_POINT('',#9414);
#9414 = CARTESIAN_POINT('',(3.7005,-3.341086512391,5.056253432409));
#9415 = B_SPLINE_CURVE_WITH_KNOTS('',3,(#9416,#9417,#9418,#9419),
  .UNSPECIFIED.,.F.,.F.,(4,4),(35.,36.),.PIECEWISE_BEZIER_KNOTS.);
#9416 = CARTESIAN_POINT('',(3.7005,-3.126357467205,4.772117027856));
#9417 = CARTESIAN_POINT('',(3.7005,-3.128526414865,4.902255790468));
#9418 = CARTESIAN_POINT('',(3.7005,-3.2174546755,5.01721179535));
#9419 = CARTESIAN_POINT('',(3.7005,-3.341086512391,5.056253432409));
#9420 = ORIENTED_EDGE('',*,*,#9421,.T.);
#9421 = EDGE_CURVE('',#9413,#9422,#9424,.T.);
#9422 = VERTEX_POINT('',#9423);
#9423 = CARTESIAN_POINT('',(3.7005,-3.458211506303,5.227602914189));
#9424 = B_SPLINE_CURVE_WITH_KNOTS('',3,(#9425,#9426,#9427,#9428),
  .UNSPECIFIED.,.F.,.F.,(4,4),(0.,1.),.PIECEWISE_BEZIER_KNOTS.);
#9425 = CARTESIAN_POINT('',(3.7005,-3.341086512391,5.056253432409));
#9426 = CARTESIAN_POINT('',(3.7005,-3.364945267609,5.121322855083));
#9427 = CARTESIAN_POINT('',(3.7005,-3.406155935067,5.179885331356));
#9428 = CARTESIAN_POINT('',(3.7005,-3.458211506303,5.227602914189));
#9429 = ORIENTED_EDGE('',*,*,#9430,.T.);
#9430 = EDGE_CURVE('',#9422,#9431,#9433,.T.);
#9431 = VERTEX_POINT('',#9432);
#9432 = CARTESIAN_POINT('',(3.7005,-3.753192856005,5.3403899197));
#9433 = B_SPLINE_CURVE_WITH_KNOTS('',3,(#9434,#9435,#9436,#9437),
  .UNSPECIFIED.,.F.,.F.,(4,4),(1.,2.),.PIECEWISE_BEZIER_KNOTS.);
#9434 = CARTESIAN_POINT('',(3.7005,-3.458211506303,5.227602914189));
#9435 = CARTESIAN_POINT('',(3.7005,-3.540632758478,5.299179285856));
#9436 = CARTESIAN_POINT('',(3.7005,-3.644743818212,5.3403899197));
#9437 = CARTESIAN_POINT('',(3.7005,-3.753192856005,5.3403899197));
#9438 = ORIENTED_EDGE('',*,*,#9439,.T.);
#9439 = EDGE_CURVE('',#9431,#9440,#9442,.T.);
#9440 = VERTEX_POINT('',#9441);
#9441 = CARTESIAN_POINT('',(3.7005,-4.013470546708,5.255799668152));
#9442 = B_SPLINE_CURVE_WITH_KNOTS('',3,(#9443,#9444,#9445,#9446),
  .UNSPECIFIED.,.F.,.F.,(4,4),(2.,3.),.PIECEWISE_BEZIER_KNOTS.);
#9443 = CARTESIAN_POINT('',(3.7005,-3.753192856005,5.3403899197));
#9444 = CARTESIAN_POINT('',(3.7005,-3.848628000988,5.3403899197));
#9445 = CARTESIAN_POINT('',(3.7005,-3.937556220253,5.310024189635));
#9446 = CARTESIAN_POINT('',(3.7005,-4.013470546708,5.255799668152));
#9447 = ORIENTED_EDGE('',*,*,#9448,.T.);
#9448 = EDGE_CURVE('',#9440,#9449,#9451,.T.);
#9449 = VERTEX_POINT('',#9450);
#9450 = CARTESIAN_POINT('',(3.7005,-4.108905691692,5.160364512827));
#9451 = B_SPLINE_CURVE_WITH_KNOTS('',3,(#9452,#9453,#9454,#9455),
  .UNSPECIFIED.,.F.,.F.,(4,4),(3.,4.),.PIECEWISE_BEZIER_KNOTS.);
#9452 = CARTESIAN_POINT('',(3.7005,-4.013470546708,5.255799668152));
#9453 = CARTESIAN_POINT('',(3.7005,-4.050343236106,5.229771892877));
#9454 = CARTESIAN_POINT('',(3.7005,-4.080708958414,5.19723718154));
#9455 = CARTESIAN_POINT('',(3.7005,-4.108905691692,5.160364512827));
#9456 = ORIENTED_EDGE('',*,*,#9457,.T.);
#9457 = EDGE_CURVE('',#9449,#9458,#9460,.T.);
#9458 = VERTEX_POINT('',#9459);
#9459 = CARTESIAN_POINT('',(3.7005,-4.158792232529,5.164702470201));
#9460 = B_SPLINE_CURVE_WITH_KNOTS('',3,(#9461,#9462,#9463,#9464),
  .UNSPECIFIED.,.F.,.F.,(4,4),(4.,5.),.PIECEWISE_BEZIER_KNOTS.);
#9461 = CARTESIAN_POINT('',(3.7005,-4.108905691692,5.160364512827));
#9462 = CARTESIAN_POINT('',(3.7005,-4.126257521191,5.162533501856));
#9463 = CARTESIAN_POINT('',(3.7005,-4.14144040303,5.164702470201));
#9464 = CARTESIAN_POINT('',(3.7005,-4.158792232529,5.164702470201));
#9465 = ORIENTED_EDGE('',*,*,#9466,.T.);
#9466 = EDGE_CURVE('',#9458,#9467,#9469,.T.);
#9467 = VERTEX_POINT('',#9468);
#9468 = CARTESIAN_POINT('',(3.7005,-4.408225019452,5.060591389783));
#9469 = B_SPLINE_CURVE_WITH_KNOTS('',3,(#9470,#9471,#9472,#9473),
  .UNSPECIFIED.,.F.,.F.,(4,4),(5.,6.),.PIECEWISE_BEZIER_KNOTS.);
#9470 = CARTESIAN_POINT('',(3.7005,-4.158792232529,5.164702470201));
#9471 = CARTESIAN_POINT('',(3.7005,-4.252058409168,5.164702470201));
#9472 = CARTESIAN_POINT('',(3.7005,-4.340986607747,5.12782980149));
#9473 = CARTESIAN_POINT('',(3.7005,-4.408225019452,5.060591389783));
#9474 = ORIENTED_EDGE('',*,*,#9475,.T.);
#9475 = EDGE_CURVE('',#9467,#9476,#9478,.T.);
#9476 = VERTEX_POINT('',#9477);
#9477 = CARTESIAN_POINT('',(3.7005,-4.510167172896,4.813327612575));
#9478 = B_SPLINE_CURVE_WITH_KNOTS('',3,(#9479,#9480,#9481,#9482),
  .UNSPECIFIED.,.F.,.F.,(4,4),(6.,7.),.PIECEWISE_BEZIER_KNOTS.);
#9479 = CARTESIAN_POINT('',(3.7005,-4.408225019452,5.060591389783));
#9480 = CARTESIAN_POINT('',(3.7005,-4.473294499012,4.995521987792));
#9481 = CARTESIAN_POINT('',(3.7005,-4.510167172896,4.906593768527));
#9482 = CARTESIAN_POINT('',(3.7005,-4.510167172896,4.813327612575));
#9483 = ORIENTED_EDGE('',*,*,#9484,.T.);
#9484 = EDGE_CURVE('',#9476,#9485,#9487,.T.);
#9485 = VERTEX_POINT('',#9486);
#9486 = CARTESIAN_POINT('',(3.7005,-4.419069985286,4.576908759829));
#9487 = B_SPLINE_CURVE_WITH_KNOTS('',3,(#9488,#9489,#9490,#9491),
  .UNSPECIFIED.,.F.,.F.,(4,4),(7.,8.),.PIECEWISE_BEZIER_KNOTS.);
#9488 = CARTESIAN_POINT('',(3.7005,-4.510167172896,4.813327612575));
#9489 = CARTESIAN_POINT('',(3.7005,-4.510167172896,4.726568382339));
#9490 = CARTESIAN_POINT('',(3.7005,-4.477632461559,4.641978099765));
#9491 = CARTESIAN_POINT('',(3.7005,-4.419069985286,4.576908759829));
#9492 = ORIENTED_EDGE('',*,*,#9493,.T.);
#9493 = EDGE_CURVE('',#9485,#9494,#9496,.T.);
#9494 = VERTEX_POINT('',#9495);
#9495 = CARTESIAN_POINT('',(3.7005,-4.245551524819,4.472797700096));
#9496 = B_SPLINE_CURVE_WITH_KNOTS('',3,(#9497,#9498,#9499,#9500),
  .UNSPECIFIED.,.F.,.F.,(4,4),(8.,9.),.PIECEWISE_BEZIER_KNOTS.);
#9497 = CARTESIAN_POINT('',(3.7005,-4.419069985286,4.576908759829));
#9498 = CARTESIAN_POINT('',(3.7005,-4.371352412796,4.524853188591));
#9499 = CARTESIAN_POINT('',(3.7005,-4.312789915839,4.490149529595));
#9500 = CARTESIAN_POINT('',(3.7005,-4.245551524819,4.472797700096));
#9501 = ORIENTED_EDGE('',*,*,#9502,.T.);
#9502 = EDGE_CURVE('',#9494,#9503,#9505,.T.);
#9503 = VERTEX_POINT('',#9504);
#9504 = CARTESIAN_POINT('',(3.7005,-4.039498332326,4.325307025245));
#9505 = B_SPLINE_CURVE_WITH_KNOTS('',3,(#9506,#9507,#9508,#9509),
  .UNSPECIFIED.,.F.,.F.,(4,4),(9.,10.),.PIECEWISE_BEZIER_KNOTS.);
#9506 = CARTESIAN_POINT('',(3.7005,-4.245551524819,4.472797700096));
#9507 = CARTESIAN_POINT('',(3.7005,-4.217354770856,4.38603846986));
#9508 = CARTESIAN_POINT('',(3.7005,-4.134933518681,4.325307025245));
#9509 = CARTESIAN_POINT('',(3.7005,-4.039498332326,4.325307025245));
#9510 = ORIENTED_EDGE('',*,*,#9511,.T.);
#9511 = EDGE_CURVE('',#9503,#9512,#9514,.T.);
#9512 = VERTEX_POINT('',#9513);
#9513 = CARTESIAN_POINT('',(3.7005,-3.82260025674,4.542205100831));
#9514 = B_SPLINE_CURVE_WITH_KNOTS('',3,(#9515,#9516,#9517,#9518),
  .UNSPECIFIED.,.F.,.F.,(4,4),(10.,11.),.PIECEWISE_BEZIER_KNOTS.);
#9515 = CARTESIAN_POINT('',(3.7005,-4.039498332326,4.325307025245));
#9516 = CARTESIAN_POINT('',(3.7005,-3.920204390754,4.325307025245));
#9517 = CARTESIAN_POINT('',(3.7005,-3.82260025674,4.422911159258));
#9518 = CARTESIAN_POINT('',(3.7005,-3.82260025674,4.542205100831));
#9519 = ORIENTED_EDGE('',*,*,#9520,.T.);
#9520 = EDGE_CURVE('',#9512,#9521,#9523,.T.);
#9521 = VERTEX_POINT('',#9522);
#9522 = CARTESIAN_POINT('',(3.7005,-3.82260025674,4.563894908391));
#9523 = B_SPLINE_CURVE_WITH_KNOTS('',3,(#9524,#9525,#9526,#9527),
  .UNSPECIFIED.,.F.,.F.,(4,4),(11.,12.),.PIECEWISE_BEZIER_KNOTS.);
#9524 = CARTESIAN_POINT('',(3.7005,-3.82260025674,4.542205100831));
#9525 = CARTESIAN_POINT('',(3.7005,-3.82260025674,4.548712026551));
#9526 = CARTESIAN_POINT('',(3.7005,-3.82260025674,4.555218952271));
#9527 = CARTESIAN_POINT('',(3.7005,-3.82260025674,4.563894908391));
#9528 = ORIENTED_EDGE('',*,*,#9529,.T.);
#9529 = EDGE_CURVE('',#9521,#9530,#9532,.T.);
#9530 = VERTEX_POINT('',#9531);
#9531 = CARTESIAN_POINT('',(3.7005,-3.518942950919,4.72439947605));
#9532 = B_SPLINE_CURVE_WITH_KNOTS('',1,(#9533,#9534),.UNSPECIFIED.,.F.,
  .F.,(2,2),(3.92617027888E-16,0.343466847916),
  .PIECEWISE_BEZIER_KNOTS.);
#9533 = CARTESIAN_POINT('',(3.7005,-3.82260025674,4.563894908391));
#9534 = CARTESIAN_POINT('',(3.7005,-3.518942950919,4.72439947605));
#9535 = ORIENTED_EDGE('',*,*,#9536,.T.);
#9536 = EDGE_CURVE('',#9530,#9537,#9539,.T.);
#9537 = VERTEX_POINT('',#9538);
#9538 = CARTESIAN_POINT('',(3.7005,-3.586181321256,4.839355480932));
#9539 = B_SPLINE_CURVE_WITH_KNOTS('',1,(#9540,#9541),.UNSPECIFIED.,.F.,
  .F.,(2,2),(0.,0.133176129632),.PIECEWISE_BEZIER_KNOTS.);
#9540 = CARTESIAN_POINT('',(3.7005,-3.518942950919,4.72439947605));
#9541 = CARTESIAN_POINT('',(3.7005,-3.586181321256,4.839355480932));
#9542 = ORIENTED_EDGE('',*,*,#9543,.T.);
#9543 = EDGE_CURVE('',#9537,#9544,#9546,.T.);
#9544 = VERTEX_POINT('',#9545);
#9545 = CARTESIAN_POINT('',(3.7005,-3.876824734267,4.687526828022));
#9546 = B_SPLINE_CURVE_WITH_KNOTS('',1,(#9547,#9548),.UNSPECIFIED.,.F.,
  .F.,(2,2),(0.,0.327910861929),.PIECEWISE_BEZIER_KNOTS.);
#9547 = CARTESIAN_POINT('',(3.7005,-3.586181321256,4.839355480932));
#9548 = CARTESIAN_POINT('',(3.7005,-3.876824734267,4.687526828022));
#9549 = ORIENTED_EDGE('',*,*,#9550,.T.);
#9550 = EDGE_CURVE('',#9544,#9551,#9553,.T.);
#9551 = VERTEX_POINT('',#9552);
#9552 = CARTESIAN_POINT('',(3.7005,-4.039498290956,4.761272165447));
#9553 = B_SPLINE_CURVE_WITH_KNOTS('',3,(#9554,#9555,#9556,#9557),
  .UNSPECIFIED.,.F.,.F.,(4,4),(15.,16.),.PIECEWISE_BEZIER_KNOTS.);
#9554 = CARTESIAN_POINT('',(3.7005,-3.876824734267,4.687526828022));
#9555 = CARTESIAN_POINT('',(3.7005,-3.915866371325,4.733075432169));
#9556 = CARTESIAN_POINT('',(3.7005,-3.97442886828,4.761272165447));
#9557 = CARTESIAN_POINT('',(3.7005,-4.039498290956,4.761272165447));
#9558 = ORIENTED_EDGE('',*,*,#9559,.T.);
#9559 = EDGE_CURVE('',#9551,#9560,#9562,.T.);
#9560 = VERTEX_POINT('',#9561);
#9561 = CARTESIAN_POINT('',(3.7005,-4.243382473733,4.618119427287));
#9562 = B_SPLINE_CURVE_WITH_KNOTS('',3,(#9563,#9564,#9565,#9566),
  .UNSPECIFIED.,.F.,.F.,(4,4),(16.,17.),.PIECEWISE_BEZIER_KNOTS.);
#9563 = CARTESIAN_POINT('',(3.7005,-4.039498290956,4.761272165447));
#9564 = CARTESIAN_POINT('',(3.7005,-4.13276448828,4.761272165447));
#9565 = CARTESIAN_POINT('',(3.7005,-4.213016751425,4.700540720832));
#9566 = CARTESIAN_POINT('',(3.7005,-4.243382473733,4.618119427287));
#9567 = ORIENTED_EDGE('',*,*,#9568,.T.);
#9568 = EDGE_CURVE('',#9560,#9569,#9571,.T.);
#9569 = VERTEX_POINT('',#9570);
#9570 = CARTESIAN_POINT('',(3.7005,-4.373521319085,4.817665673374));
#9571 = B_SPLINE_CURVE_WITH_KNOTS('',3,(#9572,#9573,#9574,#9575),
  .UNSPECIFIED.,.F.,.F.,(4,4),(17.,18.),.PIECEWISE_BEZIER_KNOTS.);
#9572 = CARTESIAN_POINT('',(3.7005,-4.243382473733,4.618119427287));
#9573 = CARTESIAN_POINT('',(3.7005,-4.319296800188,4.652823127654));
#9574 = CARTESIAN_POINT('',(3.7005,-4.373521319085,4.728737454108));
#9575 = CARTESIAN_POINT('',(3.7005,-4.373521319085,4.817665673374));
#9576 = ORIENTED_EDGE('',*,*,#9577,.T.);
#9577 = EDGE_CURVE('',#9569,#9578,#9580,.T.);
#9578 = VERTEX_POINT('',#9579);
#9579 = CARTESIAN_POINT('',(3.7005,-4.156623243499,5.034563748959));
#9580 = B_SPLINE_CURVE_WITH_KNOTS('',3,(#9581,#9582,#9583,#9584),
  .UNSPECIFIED.,.F.,.F.,(4,4),(18.,19.),.PIECEWISE_BEZIER_KNOTS.);
#9581 = CARTESIAN_POINT('',(3.7005,-4.373521319085,4.817665673374));
#9582 = CARTESIAN_POINT('',(3.7005,-4.373521319085,4.936959614946));
#9583 = CARTESIAN_POINT('',(3.7005,-4.275917185071,5.034563748959));
#9584 = CARTESIAN_POINT('',(3.7005,-4.156623243499,5.034563748959));
#9585 = ORIENTED_EDGE('',*,*,#9586,.T.);
#9586 = EDGE_CURVE('',#9578,#9587,#9589,.T.);
#9587 = VERTEX_POINT('',#9588);
#9588 = CARTESIAN_POINT('',(3.7005,-4.041667279987,5.00202903762));
#9589 = B_SPLINE_CURVE_WITH_KNOTS('',3,(#9590,#9591,#9592,#9593),
  .UNSPECIFIED.,.F.,.F.,(4,4),(19.,20.),.PIECEWISE_BEZIER_KNOTS.);
#9590 = CARTESIAN_POINT('',(3.7005,-4.156623243499,5.034563748959));
#9591 = CARTESIAN_POINT('',(3.7005,-4.115412617411,5.034563748959));
#9592 = CARTESIAN_POINT('',(3.7005,-4.074201991323,5.021549856151));
#9593 = CARTESIAN_POINT('',(3.7005,-4.041667279987,5.00202903762));
#9594 = ORIENTED_EDGE('',*,*,#9595,.T.);
#9595 = EDGE_CURVE('',#9587,#9596,#9598,.T.);
#9596 = VERTEX_POINT('',#9597);
#9597 = CARTESIAN_POINT('',(3.7005,-3.751023908345,5.210251074348));
#9598 = B_SPLINE_CURVE_WITH_KNOTS('',3,(#9599,#9600,#9601,#9602),
  .UNSPECIFIED.,.F.,.F.,(4,4),(20.,21.),.PIECEWISE_BEZIER_KNOTS.);
#9599 = CARTESIAN_POINT('',(3.7005,-4.041667279987,5.00202903762));
#9600 = CARTESIAN_POINT('',(3.7005,-4.000456695269,5.123491844114));
#9601 = CARTESIAN_POINT('',(3.7005,-3.887669679417,5.210251074348));
#9602 = CARTESIAN_POINT('',(3.7005,-3.751023908345,5.210251074348));
#9603 = ORIENTED_EDGE('',*,*,#9604,.T.);
#9604 = EDGE_CURVE('',#9596,#9605,#9607,.T.);
#9605 = VERTEX_POINT('',#9606);
#9606 = CARTESIAN_POINT('',(3.7005,-3.447366602524,4.939128479866));
#9607 = B_SPLINE_CURVE_WITH_KNOTS('',3,(#9608,#9609,#9610,#9611),
  .UNSPECIFIED.,.F.,.F.,(4,4),(21.,22.),.PIECEWISE_BEZIER_KNOTS.);
#9608 = CARTESIAN_POINT('',(3.7005,-3.751023908345,5.210251074348));
#9609 = CARTESIAN_POINT('',(3.7005,-3.594857277374,5.210251074348));
#9610 = CARTESIAN_POINT('',(3.7005,-3.464718432024,5.090957132775));
#9611 = CARTESIAN_POINT('',(3.7005,-3.447366602524,4.939128479866));
#9612 = ORIENTED_EDGE('',*,*,#9613,.T.);
#9613 = EDGE_CURVE('',#9605,#9614,#9616,.T.);
#9614 = VERTEX_POINT('',#9615);
#9615 = CARTESIAN_POINT('',(3.7005,-3.430014773025,4.939128479866));
#9616 = B_SPLINE_CURVE_WITH_KNOTS('',3,(#9617,#9618,#9619,#9620),
  .UNSPECIFIED.,.F.,.F.,(4,4),(22.,23.),.PIECEWISE_BEZIER_KNOTS.);
#9617 = CARTESIAN_POINT('',(3.7005,-3.447366602524,4.939128479866));
#9618 = CARTESIAN_POINT('',(3.7005,-3.440859676805,4.939128479866));
#9619 = CARTESIAN_POINT('',(3.7005,-3.436521698745,4.939128479866));
#9620 = CARTESIAN_POINT('',(3.7005,-3.430014773025,4.939128479866));
#9621 = ORIENTED_EDGE('',*,*,#9622,.T.);
#9622 = EDGE_CURVE('',#9614,#9623,#9625,.T.);
#9623 = VERTEX_POINT('',#9624);
#9624 = CARTESIAN_POINT('',(3.7005,-3.260834290617,4.769947997457));
#9625 = B_SPLINE_CURVE_WITH_KNOTS('',3,(#9626,#9627,#9628,#9629),
  .UNSPECIFIED.,.F.,.F.,(4,4),(23.,24.),.PIECEWISE_BEZIER_KNOTS.);
#9626 = CARTESIAN_POINT('',(3.7005,-3.430014773025,4.939128479866));
#9627 = CARTESIAN_POINT('',(3.7005,-3.336748617071,4.939128479866));
#9628 = CARTESIAN_POINT('',(3.7005,-3.260834290617,4.863214153411));
#9629 = CARTESIAN_POINT('',(3.7005,-3.260834290617,4.769947997457));
#9630 = ORIENTED_EDGE('',*,*,#9631,.T.);
#9631 = EDGE_CURVE('',#9623,#9632,#9634,.T.);
#9632 = VERTEX_POINT('',#9633);
#9633 = CARTESIAN_POINT('',(3.7005,-3.417000921586,4.600767515048));
#9634 = B_SPLINE_CURVE_WITH_KNOTS('',3,(#9635,#9636,#9637,#9638),
  .UNSPECIFIED.,.F.,.F.,(4,4),(24.,25.),.PIECEWISE_BEZIER_KNOTS.);
#9635 = CARTESIAN_POINT('',(3.7005,-3.260834290617,4.769947997457));
#9636 = CARTESIAN_POINT('',(3.7005,-3.260834290617,4.681019778192));
#9637 = CARTESIAN_POINT('',(3.7005,-3.328072660953,4.607274440768));
#9638 = CARTESIAN_POINT('',(3.7005,-3.417000921586,4.600767515048));
#9639 = ORIENTED_EDGE('',*,*,#9640,.T.);
#9640 = EDGE_CURVE('',#9632,#9641,#9643,.T.);
#9641 = VERTEX_POINT('',#9642);
#9642 = CARTESIAN_POINT('',(3.7005,-3.5146050556,4.600767515048));
#9643 = B_SPLINE_CURVE_WITH_KNOTS('',1,(#9644,#9645),.UNSPECIFIED.,.F.,
  .F.,(2,2),(-4.440892098501E-16,9.760413401376E-02),
  .PIECEWISE_BEZIER_KNOTS.);
#9644 = CARTESIAN_POINT('',(3.7005,-3.417000921586,4.600767515048));
#9645 = CARTESIAN_POINT('',(3.7005,-3.5146050556,4.600767515048));
#9646 = ORIENTED_EDGE('',*,*,#9647,.T.);
#9647 = EDGE_CURVE('',#9641,#9648,#9650,.T.);
#9648 = VERTEX_POINT('',#9649);
#9649 = CARTESIAN_POINT('',(3.7005,-3.527618907039,4.602936462708));
#9650 = B_SPLINE_CURVE_WITH_KNOTS('',3,(#9651,#9652,#9653,#9654),
  .UNSPECIFIED.,.F.,.F.,(4,4),(26.,27.),.PIECEWISE_BEZIER_KNOTS.);
#9651 = CARTESIAN_POINT('',(3.7005,-3.5146050556,4.600767515048));
#9652 = CARTESIAN_POINT('',(3.7005,-3.51894303366,4.600767515048));
#9653 = CARTESIAN_POINT('',(3.7005,-3.523281011719,4.602936462708));
#9654 = CARTESIAN_POINT('',(3.7005,-3.527618907039,4.602936462708));
#9655 = ORIENTED_EDGE('',*,*,#9656,.T.);
#9656 = EDGE_CURVE('',#9648,#9657,#9659,.T.);
#9657 = VERTEX_POINT('',#9658);
#9658 = CARTESIAN_POINT('',(3.7005,-3.594857277374,4.535698092372));
#9659 = B_SPLINE_CURVE_WITH_KNOTS('',3,(#9660,#9661,#9662,#9663),
  .UNSPECIFIED.,.F.,.F.,(4,4),(27.,28.),.PIECEWISE_BEZIER_KNOTS.);
#9660 = CARTESIAN_POINT('',(3.7005,-3.527618907039,4.602936462708));
#9661 = CARTESIAN_POINT('',(3.7005,-3.564491596437,4.602936462708));
#9662 = CARTESIAN_POINT('',(3.7005,-3.594857277374,4.57257069903));
#9663 = CARTESIAN_POINT('',(3.7005,-3.594857277374,4.535698092372));
#9664 = ORIENTED_EDGE('',*,*,#9665,.T.);
#9665 = EDGE_CURVE('',#9657,#9666,#9668,.T.);
#9666 = VERTEX_POINT('',#9667);
#9667 = CARTESIAN_POINT('',(3.7005,-3.531956802359,4.468459722035));
#9668 = B_SPLINE_CURVE_WITH_KNOTS('',3,(#9669,#9670,#9671,#9672),
  .UNSPECIFIED.,.F.,.F.,(4,4),(28.,29.),.PIECEWISE_BEZIER_KNOTS.);
#9669 = CARTESIAN_POINT('',(3.7005,-3.594857277374,4.535698092372));
#9670 = CARTESIAN_POINT('',(3.7005,-3.594857277374,4.500994433374));
#9671 = CARTESIAN_POINT('',(3.7005,-3.566660544097,4.470628669694));
#9672 = CARTESIAN_POINT('',(3.7005,-3.531956802359,4.468459722035));
#9673 = ORIENTED_EDGE('',*,*,#9674,.T.);
#9674 = EDGE_CURVE('',#9666,#9675,#9677,.T.);
#9675 = VERTEX_POINT('',#9676);
#9676 = CARTESIAN_POINT('',(3.7005,-3.403986987407,4.468459722035));
#9677 = B_SPLINE_CURVE_WITH_KNOTS('',1,(#9678,#9679),.UNSPECIFIED.,.F.,
  .F.,(2,2),(0.,0.127969814952),.PIECEWISE_BEZIER_KNOTS.);
#9678 = CARTESIAN_POINT('',(3.7005,-3.531956802359,4.468459722035));
#9679 = CARTESIAN_POINT('',(3.7005,-3.403986987407,4.468459722035));
#9680 = ORIENTED_EDGE('',*,*,#9681,.T.);
#9681 = EDGE_CURVE('',#9675,#9682,#9684,.T.);
#9682 = VERTEX_POINT('',#9683);
#9683 = CARTESIAN_POINT('',(3.7005,-3.206609771721,4.56606385605));
#9684 = B_SPLINE_CURVE_WITH_KNOTS('',3,(#9685,#9686,#9687,#9688),
  .UNSPECIFIED.,.F.,.F.,(4,4),(33.,34.),.PIECEWISE_BEZIER_KNOTS.);
#9685 = CARTESIAN_POINT('',(3.7005,-3.403986987407,4.468459722035));
#9686 = CARTESIAN_POINT('',(3.7005,-3.328072660953,4.474966647755));
#9687 = CARTESIAN_POINT('',(3.7005,-3.258665260216,4.509670389494));
#9688 = CARTESIAN_POINT('',(3.7005,-3.206609771721,4.56606385605));
#9689 = ORIENTED_EDGE('',*,*,#9690,.T.);
#9690 = EDGE_CURVE('',#9682,#9411,#9691,.T.);
#9691 = B_SPLINE_CURVE_WITH_KNOTS('',3,(#9692,#9693,#9694,#9695),
  .UNSPECIFIED.,.F.,.F.,(4,4),(34.,35.),.PIECEWISE_BEZIER_KNOTS.);
#9692 = CARTESIAN_POINT('',(3.7005,-3.206609771721,4.56606385605));
#9693 = CARTESIAN_POINT('',(3.7005,-3.154554200483,4.622457322606));
#9694 = CARTESIAN_POINT('',(3.7005,-3.126357467205,4.696202701402));
#9695 = CARTESIAN_POINT('',(3.7005,-3.126357467205,4.772117027856));
#9696 = FACE_BOUND('',#9697,.T.);
#9697 = EDGE_LOOP('',(#9698,#9712));
#9698 = ORIENTED_EDGE('',*,*,#9699,.F.);
#9699 = EDGE_CURVE('',#9700,#9702,#9704,.T.);
#9700 = VERTEX_POINT('',#9701);
#9701 = CARTESIAN_POINT('',(3.7005,-4.041667321357,4.455445705117));
#9702 = VERTEX_POINT('',#9703);
#9703 = CARTESIAN_POINT('',(3.7005,-4.041667321357,4.624626270265));
#9704 = B_SPLINE_CURVE_WITH_KNOTS('',3,(#9705,#9706,#9707,#9708,#9709,
    #9710,#9711),.UNSPECIFIED.,.F.,.F.,(4,3,4),(0.,1.,2.),
  .PIECEWISE_BEZIER_KNOTS.);
#9705 = CARTESIAN_POINT('',(3.7005,-4.041667321357,4.455445705117));
#9706 = CARTESIAN_POINT('',(3.7005,-3.99394976955,4.455445705117));
#9707 = CARTESIAN_POINT('',(3.7005,-3.957077080152,4.494487424914));
#9708 = CARTESIAN_POINT('',(3.7005,-3.957077080152,4.540035987691));
#9709 = CARTESIAN_POINT('',(3.7005,-3.957077080152,4.587753580868));
#9710 = CARTESIAN_POINT('',(3.7005,-3.996118717209,4.624626270265));
#9711 = CARTESIAN_POINT('',(3.7005,-4.041667321357,4.624626270265));
#9712 = ORIENTED_EDGE('',*,*,#9713,.F.);
#9713 = EDGE_CURVE('',#9702,#9700,#9714,.T.);
#9714 = B_SPLINE_CURVE_WITH_KNOTS('',3,(#9715,#9716,#9717,#9718,#9719,
    #9720),.UNSPECIFIED.,.F.,.F.,(4,2,4),(2.,3.,4.),.UNSPECIFIED.);
#9715 = CARTESIAN_POINT('',(3.7005,-4.041667321357,4.624626270265));
#9716 = CARTESIAN_POINT('',(3.7005,-4.087215925503,4.624626270265));
#9717 = CARTESIAN_POINT('',(3.7005,-4.126257562561,4.587753580868));
#9718 = CARTESIAN_POINT('',(3.7005,-4.126257562561,4.492318394514));
#9719 = CARTESIAN_POINT('',(3.7005,-4.087215925503,4.455445705117));
#9720 = CARTESIAN_POINT('',(3.7005,-4.041667321357,4.455445705117));
#9721 = B_SPLINE_SURFACE_WITH_KNOTS('',1,1,(
    (#9722,#9723)
    ,(#9724,#9725
    )),.UNSPECIFIED.,.F.,.F.,.F.,(2,2),(2,2),(-0.62303962697,
    0.392043267485),(-1.321993766559,6.181593913137E-02),
  .PIECEWISE_BEZIER_KNOTS.);
#9722 = CARTESIAN_POINT('',(3.7005,-4.510167172896,4.325307025245));
#9723 = CARTESIAN_POINT('',(3.7005,-3.126357467205,4.325307025245));
#9724 = CARTESIAN_POINT('',(3.7005,-4.510167172896,5.3403899197));
#9725 = CARTESIAN_POINT('',(3.7005,-3.126357467205,5.3403899197));
#9726 = ADVANCED_FACE('',(#9727),#9741,.F.);
#9727 = FACE_BOUND('',#9728,.F.);
#9728 = EDGE_LOOP('',(#9729,#9734,#9735,#9740));
#9729 = ORIENTED_EDGE('',*,*,#9730,.F.);
#9730 = EDGE_CURVE('',#9411,#1175,#9731,.T.);
#9731 = B_SPLINE_CURVE_WITH_KNOTS('',1,(#9732,#9733),.UNSPECIFIED.,.F.,
  .F.,(2,2),(-0.,9.999999999999E-04),.PIECEWISE_BEZIER_KNOTS.);
#9732 = CARTESIAN_POINT('',(3.7005,-3.126357467205,4.772117027856));
#9733 = CARTESIAN_POINT('',(3.6995,-3.126357467205,4.772117027856));
#9734 = ORIENTED_EDGE('',*,*,#9410,.T.);
#9735 = ORIENTED_EDGE('',*,*,#9736,.T.);
#9736 = EDGE_CURVE('',#9413,#1177,#9737,.T.);
#9737 = B_SPLINE_CURVE_WITH_KNOTS('',1,(#9738,#9739),.UNSPECIFIED.,.F.,
  .F.,(2,2),(-0.,9.999999999981E-04),.PIECEWISE_BEZIER_KNOTS.);
#9738 = CARTESIAN_POINT('',(3.7005,-3.341086512391,5.056253432409));
#9739 = CARTESIAN_POINT('',(3.6995,-3.341086512391,5.056253432409));
#9740 = ORIENTED_EDGE('',*,*,#1174,.F.);
#9741 = B_SPLINE_SURFACE_WITH_KNOTS('',3,1,(
    (#9742,#9743)
    ,(#9744,#9745)
    ,(#9746,#9747)
    ,(#9748,#9749
    )),.UNSPECIFIED.,.F.,.F.,.F.,(4,4),(2,2),(35.,36.),(0.,1.),
  .PIECEWISE_BEZIER_KNOTS.);
#9742 = CARTESIAN_POINT('',(3.7005,-3.126357467205,4.772117027856));
#9743 = CARTESIAN_POINT('',(3.6995,-3.126357467205,4.772117027856));
#9744 = CARTESIAN_POINT('',(3.7005,-3.128526414865,4.902255790468));
#9745 = CARTESIAN_POINT('',(3.6995,-3.128526414865,4.902255790468));
#9746 = CARTESIAN_POINT('',(3.7005,-3.2174546755,5.01721179535));
#9747 = CARTESIAN_POINT('',(3.6995,-3.2174546755,5.01721179535));
#9748 = CARTESIAN_POINT('',(3.7005,-3.341086512391,5.056253432409));
#9749 = CARTESIAN_POINT('',(3.6995,-3.341086512391,5.056253432409));
#9750 = ADVANCED_FACE('',(#9751),#9761,.F.);
#9751 = FACE_BOUND('',#9752,.F.);
#9752 = EDGE_LOOP('',(#9753,#9754,#9755,#9760));
#9753 = ORIENTED_EDGE('',*,*,#9736,.F.);
#9754 = ORIENTED_EDGE('',*,*,#9421,.T.);
#9755 = ORIENTED_EDGE('',*,*,#9756,.T.);
#9756 = EDGE_CURVE('',#9422,#1446,#9757,.T.);
#9757 = B_SPLINE_CURVE_WITH_KNOTS('',1,(#9758,#9759),.UNSPECIFIED.,.F.,
  .F.,(2,2),(-0.,9.999999999986E-04),.PIECEWISE_BEZIER_KNOTS.);
#9758 = CARTESIAN_POINT('',(3.7005,-3.458211506303,5.227602914189));
#9759 = CARTESIAN_POINT('',(3.6995,-3.458211506303,5.227602914189));
#9760 = ORIENTED_EDGE('',*,*,#1454,.F.);
#9761 = B_SPLINE_SURFACE_WITH_KNOTS('',3,1,(
    (#9762,#9763)
    ,(#9764,#9765)
    ,(#9766,#9767)
    ,(#9768,#9769
    )),.UNSPECIFIED.,.F.,.F.,.F.,(4,4),(2,2),(0.,1.),(0.,1.),
  .PIECEWISE_BEZIER_KNOTS.);
#9762 = CARTESIAN_POINT('',(3.7005,-3.341086512391,5.056253432409));
#9763 = CARTESIAN_POINT('',(3.6995,-3.341086512391,5.056253432409));
#9764 = CARTESIAN_POINT('',(3.7005,-3.364945267609,5.121322855083));
#9765 = CARTESIAN_POINT('',(3.6995,-3.364945267609,5.121322855083));
#9766 = CARTESIAN_POINT('',(3.7005,-3.406155935067,5.179885331356));
#9767 = CARTESIAN_POINT('',(3.6995,-3.406155935067,5.179885331356));
#9768 = CARTESIAN_POINT('',(3.7005,-3.458211506303,5.227602914189));
#9769 = CARTESIAN_POINT('',(3.6995,-3.458211506303,5.227602914189));
#9770 = ADVANCED_FACE('',(#9771),#9781,.F.);
#9771 = FACE_BOUND('',#9772,.F.);
#9772 = EDGE_LOOP('',(#9773,#9774,#9775,#9780));
#9773 = ORIENTED_EDGE('',*,*,#9756,.F.);
#9774 = ORIENTED_EDGE('',*,*,#9430,.T.);
#9775 = ORIENTED_EDGE('',*,*,#9776,.T.);
#9776 = EDGE_CURVE('',#9431,#1437,#9777,.T.);
#9777 = B_SPLINE_CURVE_WITH_KNOTS('',1,(#9778,#9779),.UNSPECIFIED.,.F.,
  .F.,(2,2),(-0.,9.999999999986E-04),.PIECEWISE_BEZIER_KNOTS.);
#9778 = CARTESIAN_POINT('',(3.7005,-3.753192856005,5.3403899197));
#9779 = CARTESIAN_POINT('',(3.6995,-3.753192856005,5.3403899197));
#9780 = ORIENTED_EDGE('',*,*,#1445,.F.);
#9781 = B_SPLINE_SURFACE_WITH_KNOTS('',3,1,(
    (#9782,#9783)
    ,(#9784,#9785)
    ,(#9786,#9787)
    ,(#9788,#9789
    )),.UNSPECIFIED.,.F.,.F.,.F.,(4,4),(2,2),(1.,2.),(0.,1.),
  .PIECEWISE_BEZIER_KNOTS.);
#9782 = CARTESIAN_POINT('',(3.7005,-3.458211506303,5.227602914189));
#9783 = CARTESIAN_POINT('',(3.6995,-3.458211506303,5.227602914189));
#9784 = CARTESIAN_POINT('',(3.7005,-3.540632758478,5.299179285856));
#9785 = CARTESIAN_POINT('',(3.6995,-3.540632758478,5.299179285856));
#9786 = CARTESIAN_POINT('',(3.7005,-3.644743818212,5.3403899197));
#9787 = CARTESIAN_POINT('',(3.6995,-3.644743818212,5.3403899197));
#9788 = CARTESIAN_POINT('',(3.7005,-3.753192856005,5.3403899197));
#9789 = CARTESIAN_POINT('',(3.6995,-3.753192856005,5.3403899197));
#9790 = ADVANCED_FACE('',(#9791),#9801,.F.);
#9791 = FACE_BOUND('',#9792,.F.);
#9792 = EDGE_LOOP('',(#9793,#9794,#9795,#9800));
#9793 = ORIENTED_EDGE('',*,*,#9776,.F.);
#9794 = ORIENTED_EDGE('',*,*,#9439,.T.);
#9795 = ORIENTED_EDGE('',*,*,#9796,.T.);
#9796 = EDGE_CURVE('',#9440,#1428,#9797,.T.);
#9797 = B_SPLINE_CURVE_WITH_KNOTS('',1,(#9798,#9799),.UNSPECIFIED.,.F.,
  .F.,(2,2),(-0.,9.999999999986E-04),.PIECEWISE_BEZIER_KNOTS.);
#9798 = CARTESIAN_POINT('',(3.7005,-4.013470546708,5.255799668152));
#9799 = CARTESIAN_POINT('',(3.6995,-4.013470546708,5.255799668152));
#9800 = ORIENTED_EDGE('',*,*,#1436,.F.);
#9801 = B_SPLINE_SURFACE_WITH_KNOTS('',3,1,(
    (#9802,#9803)
    ,(#9804,#9805)
    ,(#9806,#9807)
    ,(#9808,#9809
    )),.UNSPECIFIED.,.F.,.F.,.F.,(4,4),(2,2),(2.,3.),(0.,1.),
  .PIECEWISE_BEZIER_KNOTS.);
#9802 = CARTESIAN_POINT('',(3.7005,-3.753192856005,5.3403899197));
#9803 = CARTESIAN_POINT('',(3.6995,-3.753192856005,5.3403899197));
#9804 = CARTESIAN_POINT('',(3.7005,-3.848628000988,5.3403899197));
#9805 = CARTESIAN_POINT('',(3.6995,-3.848628000988,5.3403899197));
#9806 = CARTESIAN_POINT('',(3.7005,-3.937556220253,5.310024189635));
#9807 = CARTESIAN_POINT('',(3.6995,-3.937556220253,5.310024189635));
#9808 = CARTESIAN_POINT('',(3.7005,-4.013470546708,5.255799668152));
#9809 = CARTESIAN_POINT('',(3.6995,-4.013470546708,5.255799668152));
#9810 = ADVANCED_FACE('',(#9811),#9821,.F.);
#9811 = FACE_BOUND('',#9812,.F.);
#9812 = EDGE_LOOP('',(#9813,#9814,#9815,#9820));
#9813 = ORIENTED_EDGE('',*,*,#9796,.F.);
#9814 = ORIENTED_EDGE('',*,*,#9448,.T.);
#9815 = ORIENTED_EDGE('',*,*,#9816,.T.);
#9816 = EDGE_CURVE('',#9449,#1419,#9817,.T.);
#9817 = B_SPLINE_CURVE_WITH_KNOTS('',1,(#9818,#9819),.UNSPECIFIED.,.F.,
  .F.,(2,2),(-0.,9.999999999986E-04),.PIECEWISE_BEZIER_KNOTS.);
#9818 = CARTESIAN_POINT('',(3.7005,-4.108905691692,5.160364512827));
#9819 = CARTESIAN_POINT('',(3.6995,-4.108905691692,5.160364512827));
#9820 = ORIENTED_EDGE('',*,*,#1427,.F.);
#9821 = B_SPLINE_SURFACE_WITH_KNOTS('',3,1,(
    (#9822,#9823)
    ,(#9824,#9825)
    ,(#9826,#9827)
    ,(#9828,#9829
    )),.UNSPECIFIED.,.F.,.F.,.F.,(4,4),(2,2),(3.,4.),(0.,1.),
  .PIECEWISE_BEZIER_KNOTS.);
#9822 = CARTESIAN_POINT('',(3.7005,-4.013470546708,5.255799668152));
#9823 = CARTESIAN_POINT('',(3.6995,-4.013470546708,5.255799668152));
#9824 = CARTESIAN_POINT('',(3.7005,-4.050343236106,5.229771892877));
#9825 = CARTESIAN_POINT('',(3.6995,-4.050343236106,5.229771892877));
#9826 = CARTESIAN_POINT('',(3.7005,-4.080708958414,5.19723718154));
#9827 = CARTESIAN_POINT('',(3.6995,-4.080708958414,5.19723718154));
#9828 = CARTESIAN_POINT('',(3.7005,-4.108905691692,5.160364512827));
#9829 = CARTESIAN_POINT('',(3.6995,-4.108905691692,5.160364512827));
#9830 = ADVANCED_FACE('',(#9831),#9841,.F.);
#9831 = FACE_BOUND('',#9832,.F.);
#9832 = EDGE_LOOP('',(#9833,#9834,#9835,#9840));
#9833 = ORIENTED_EDGE('',*,*,#9816,.F.);
#9834 = ORIENTED_EDGE('',*,*,#9457,.T.);
#9835 = ORIENTED_EDGE('',*,*,#9836,.T.);
#9836 = EDGE_CURVE('',#9458,#1410,#9837,.T.);
#9837 = B_SPLINE_CURVE_WITH_KNOTS('',1,(#9838,#9839),.UNSPECIFIED.,.F.,
  .F.,(2,2),(-0.,9.999999999986E-04),.PIECEWISE_BEZIER_KNOTS.);
#9838 = CARTESIAN_POINT('',(3.7005,-4.158792232529,5.164702470201));
#9839 = CARTESIAN_POINT('',(3.6995,-4.158792232529,5.164702470201));
#9840 = ORIENTED_EDGE('',*,*,#1418,.F.);
#9841 = B_SPLINE_SURFACE_WITH_KNOTS('',3,1,(
    (#9842,#9843)
    ,(#9844,#9845)
    ,(#9846,#9847)
    ,(#9848,#9849
    )),.UNSPECIFIED.,.F.,.F.,.F.,(4,4),(2,2),(4.,5.),(0.,1.),
  .PIECEWISE_BEZIER_KNOTS.);
#9842 = CARTESIAN_POINT('',(3.7005,-4.108905691692,5.160364512827));
#9843 = CARTESIAN_POINT('',(3.6995,-4.108905691692,5.160364512827));
#9844 = CARTESIAN_POINT('',(3.7005,-4.126257521191,5.162533501856));
#9845 = CARTESIAN_POINT('',(3.6995,-4.126257521191,5.162533501856));
#9846 = CARTESIAN_POINT('',(3.7005,-4.14144040303,5.164702470201));
#9847 = CARTESIAN_POINT('',(3.6995,-4.14144040303,5.164702470201));
#9848 = CARTESIAN_POINT('',(3.7005,-4.158792232529,5.164702470201));
#9849 = CARTESIAN_POINT('',(3.6995,-4.158792232529,5.164702470201));
#9850 = ADVANCED_FACE('',(#9851),#9861,.F.);
#9851 = FACE_BOUND('',#9852,.F.);
#9852 = EDGE_LOOP('',(#9853,#9854,#9855,#9860));
#9853 = ORIENTED_EDGE('',*,*,#9836,.F.);
#9854 = ORIENTED_EDGE('',*,*,#9466,.T.);
#9855 = ORIENTED_EDGE('',*,*,#9856,.T.);
#9856 = EDGE_CURVE('',#9467,#1401,#9857,.T.);
#9857 = B_SPLINE_CURVE_WITH_KNOTS('',1,(#9858,#9859),.UNSPECIFIED.,.F.,
  .F.,(2,2),(-0.,9.999999999986E-04),.PIECEWISE_BEZIER_KNOTS.);
#9858 = CARTESIAN_POINT('',(3.7005,-4.408225019452,5.060591389783));
#9859 = CARTESIAN_POINT('',(3.6995,-4.408225019452,5.060591389783));
#9860 = ORIENTED_EDGE('',*,*,#1409,.F.);
#9861 = B_SPLINE_SURFACE_WITH_KNOTS('',3,1,(
    (#9862,#9863)
    ,(#9864,#9865)
    ,(#9866,#9867)
    ,(#9868,#9869
    )),.UNSPECIFIED.,.F.,.F.,.F.,(4,4),(2,2),(5.,6.),(0.,1.),
  .PIECEWISE_BEZIER_KNOTS.);
#9862 = CARTESIAN_POINT('',(3.7005,-4.158792232529,5.164702470201));
#9863 = CARTESIAN_POINT('',(3.6995,-4.158792232529,5.164702470201));
#9864 = CARTESIAN_POINT('',(3.7005,-4.252058409168,5.164702470201));
#9865 = CARTESIAN_POINT('',(3.6995,-4.252058409168,5.164702470201));
#9866 = CARTESIAN_POINT('',(3.7005,-4.340986607747,5.12782980149));
#9867 = CARTESIAN_POINT('',(3.6995,-4.340986607747,5.12782980149));
#9868 = CARTESIAN_POINT('',(3.7005,-4.408225019452,5.060591389783));
#9869 = CARTESIAN_POINT('',(3.6995,-4.408225019452,5.060591389783));
#9870 = ADVANCED_FACE('',(#9871),#9881,.F.);
#9871 = FACE_BOUND('',#9872,.F.);
#9872 = EDGE_LOOP('',(#9873,#9874,#9875,#9880));
#9873 = ORIENTED_EDGE('',*,*,#9856,.F.);
#9874 = ORIENTED_EDGE('',*,*,#9475,.T.);
#9875 = ORIENTED_EDGE('',*,*,#9876,.T.);
#9876 = EDGE_CURVE('',#9476,#1392,#9877,.T.);
#9877 = B_SPLINE_CURVE_WITH_KNOTS('',1,(#9878,#9879),.UNSPECIFIED.,.F.,
  .F.,(2,2),(-0.,9.999999999986E-04),.PIECEWISE_BEZIER_KNOTS.);
#9878 = CARTESIAN_POINT('',(3.7005,-4.510167172896,4.813327612575));
#9879 = CARTESIAN_POINT('',(3.6995,-4.510167172896,4.813327612575));
#9880 = ORIENTED_EDGE('',*,*,#1400,.F.);
#9881 = B_SPLINE_SURFACE_WITH_KNOTS('',3,1,(
    (#9882,#9883)
    ,(#9884,#9885)
    ,(#9886,#9887)
    ,(#9888,#9889
    )),.UNSPECIFIED.,.F.,.F.,.F.,(4,4),(2,2),(6.,7.),(0.,1.),
  .PIECEWISE_BEZIER_KNOTS.);
#9882 = CARTESIAN_POINT('',(3.7005,-4.408225019452,5.060591389783));
#9883 = CARTESIAN_POINT('',(3.6995,-4.408225019452,5.060591389783));
#9884 = CARTESIAN_POINT('',(3.7005,-4.473294499012,4.995521987792));
#9885 = CARTESIAN_POINT('',(3.6995,-4.473294499012,4.995521987792));
#9886 = CARTESIAN_POINT('',(3.7005,-4.510167172896,4.906593768527));
#9887 = CARTESIAN_POINT('',(3.6995,-4.510167172896,4.906593768527));
#9888 = CARTESIAN_POINT('',(3.7005,-4.510167172896,4.813327612575));
#9889 = CARTESIAN_POINT('',(3.6995,-4.510167172896,4.813327612575));
#9890 = ADVANCED_FACE('',(#9891),#9901,.F.);
#9891 = FACE_BOUND('',#9892,.F.);
#9892 = EDGE_LOOP('',(#9893,#9894,#9895,#9900));
#9893 = ORIENTED_EDGE('',*,*,#9876,.F.);
#9894 = ORIENTED_EDGE('',*,*,#9484,.T.);
#9895 = ORIENTED_EDGE('',*,*,#9896,.T.);
#9896 = EDGE_CURVE('',#9485,#1383,#9897,.T.);
#9897 = B_SPLINE_CURVE_WITH_KNOTS('',1,(#9898,#9899),.UNSPECIFIED.,.F.,
  .F.,(2,2),(-0.,9.999999999986E-04),.PIECEWISE_BEZIER_KNOTS.);
#9898 = CARTESIAN_POINT('',(3.7005,-4.419069985286,4.576908759829));
#9899 = CARTESIAN_POINT('',(3.6995,-4.419069985286,4.576908759829));
#9900 = ORIENTED_EDGE('',*,*,#1391,.F.);
#9901 = B_SPLINE_SURFACE_WITH_KNOTS('',3,1,(
    (#9902,#9903)
    ,(#9904,#9905)
    ,(#9906,#9907)
    ,(#9908,#9909
    )),.UNSPECIFIED.,.F.,.F.,.F.,(4,4),(2,2),(7.,8.),(0.,1.),
  .PIECEWISE_BEZIER_KNOTS.);
#9902 = CARTESIAN_POINT('',(3.7005,-4.510167172896,4.813327612575));
#9903 = CARTESIAN_POINT('',(3.6995,-4.510167172896,4.813327612575));
#9904 = CARTESIAN_POINT('',(3.7005,-4.510167172896,4.726568382339));
#9905 = CARTESIAN_POINT('',(3.6995,-4.510167172896,4.726568382339));
#9906 = CARTESIAN_POINT('',(3.7005,-4.477632461559,4.641978099765));
#9907 = CARTESIAN_POINT('',(3.6995,-4.477632461559,4.641978099765));
#9908 = CARTESIAN_POINT('',(3.7005,-4.419069985286,4.576908759829));
#9909 = CARTESIAN_POINT('',(3.6995,-4.419069985286,4.576908759829));
#9910 = ADVANCED_FACE('',(#9911),#9921,.F.);
#9911 = FACE_BOUND('',#9912,.F.);
#9912 = EDGE_LOOP('',(#9913,#9914,#9915,#9920));
#9913 = ORIENTED_EDGE('',*,*,#9896,.F.);
#9914 = ORIENTED_EDGE('',*,*,#9493,.T.);
#9915 = ORIENTED_EDGE('',*,*,#9916,.T.);
#9916 = EDGE_CURVE('',#9494,#1374,#9917,.T.);
#9917 = B_SPLINE_CURVE_WITH_KNOTS('',1,(#9918,#9919),.UNSPECIFIED.,.F.,
  .F.,(2,2),(-0.,9.999999999986E-04),.PIECEWISE_BEZIER_KNOTS.);
#9918 = CARTESIAN_POINT('',(3.7005,-4.245551524819,4.472797700096));
#9919 = CARTESIAN_POINT('',(3.6995,-4.245551524819,4.472797700096));
#9920 = ORIENTED_EDGE('',*,*,#1382,.F.);
#9921 = B_SPLINE_SURFACE_WITH_KNOTS('',3,1,(
    (#9922,#9923)
    ,(#9924,#9925)
    ,(#9926,#9927)
    ,(#9928,#9929
    )),.UNSPECIFIED.,.F.,.F.,.F.,(4,4),(2,2),(8.,9.),(0.,1.),
  .PIECEWISE_BEZIER_KNOTS.);
#9922 = CARTESIAN_POINT('',(3.7005,-4.419069985286,4.576908759829));
#9923 = CARTESIAN_POINT('',(3.6995,-4.419069985286,4.576908759829));
#9924 = CARTESIAN_POINT('',(3.7005,-4.371352412796,4.524853188591));
#9925 = CARTESIAN_POINT('',(3.6995,-4.371352412796,4.524853188591));
#9926 = CARTESIAN_POINT('',(3.7005,-4.312789915839,4.490149529595));
#9927 = CARTESIAN_POINT('',(3.6995,-4.312789915839,4.490149529595));
#9928 = CARTESIAN_POINT('',(3.7005,-4.245551524819,4.472797700096));
#9929 = CARTESIAN_POINT('',(3.6995,-4.245551524819,4.472797700096));
#9930 = ADVANCED_FACE('',(#9931),#9941,.F.);
#9931 = FACE_BOUND('',#9932,.F.);
#9932 = EDGE_LOOP('',(#9933,#9934,#9935,#9940));
#9933 = ORIENTED_EDGE('',*,*,#9916,.F.);
#9934 = ORIENTED_EDGE('',*,*,#9502,.T.);
#9935 = ORIENTED_EDGE('',*,*,#9936,.T.);
#9936 = EDGE_CURVE('',#9503,#1365,#9937,.T.);
#9937 = B_SPLINE_CURVE_WITH_KNOTS('',1,(#9938,#9939),.UNSPECIFIED.,.F.,
  .F.,(2,2),(-0.,9.999999999986E-04),.PIECEWISE_BEZIER_KNOTS.);
#9938 = CARTESIAN_POINT('',(3.7005,-4.039498332326,4.325307025245));
#9939 = CARTESIAN_POINT('',(3.6995,-4.039498332326,4.325307025245));
#9940 = ORIENTED_EDGE('',*,*,#1373,.F.);
#9941 = B_SPLINE_SURFACE_WITH_KNOTS('',3,1,(
    (#9942,#9943)
    ,(#9944,#9945)
    ,(#9946,#9947)
    ,(#9948,#9949
    )),.UNSPECIFIED.,.F.,.F.,.F.,(4,4),(2,2),(9.,10.),(0.,1.),
  .PIECEWISE_BEZIER_KNOTS.);
#9942 = CARTESIAN_POINT('',(3.7005,-4.245551524819,4.472797700096));
#9943 = CARTESIAN_POINT('',(3.6995,-4.245551524819,4.472797700096));
#9944 = CARTESIAN_POINT('',(3.7005,-4.217354770856,4.38603846986));
#9945 = CARTESIAN_POINT('',(3.6995,-4.217354770856,4.38603846986));
#9946 = CARTESIAN_POINT('',(3.7005,-4.134933518681,4.325307025245));
#9947 = CARTESIAN_POINT('',(3.6995,-4.134933518681,4.325307025245));
#9948 = CARTESIAN_POINT('',(3.7005,-4.039498332326,4.325307025245));
#9949 = CARTESIAN_POINT('',(3.6995,-4.039498332326,4.325307025245));
#9950 = ADVANCED_FACE('',(#9951),#9961,.F.);
#9951 = FACE_BOUND('',#9952,.F.);
#9952 = EDGE_LOOP('',(#9953,#9954,#9955,#9960));
#9953 = ORIENTED_EDGE('',*,*,#9936,.F.);
#9954 = ORIENTED_EDGE('',*,*,#9511,.T.);
#9955 = ORIENTED_EDGE('',*,*,#9956,.T.);
#9956 = EDGE_CURVE('',#9512,#1356,#9957,.T.);
#9957 = B_SPLINE_CURVE_WITH_KNOTS('',1,(#9958,#9959),.UNSPECIFIED.,.F.,
  .F.,(2,2),(-0.,1.E-03),.PIECEWISE_BEZIER_KNOTS.);
#9958 = CARTESIAN_POINT('',(3.7005,-3.82260025674,4.542205100831));
#9959 = CARTESIAN_POINT('',(3.6995,-3.82260025674,4.542205100831));
#9960 = ORIENTED_EDGE('',*,*,#1364,.F.);
#9961 = B_SPLINE_SURFACE_WITH_KNOTS('',3,1,(
    (#9962,#9963)
    ,(#9964,#9965)
    ,(#9966,#9967)
    ,(#9968,#9969
    )),.UNSPECIFIED.,.F.,.F.,.F.,(4,4),(2,2),(10.,11.),(0.,1.),
  .PIECEWISE_BEZIER_KNOTS.);
#9962 = CARTESIAN_POINT('',(3.7005,-4.039498332326,4.325307025245));
#9963 = CARTESIAN_POINT('',(3.6995,-4.039498332326,4.325307025245));
#9964 = CARTESIAN_POINT('',(3.7005,-3.920204390754,4.325307025245));
#9965 = CARTESIAN_POINT('',(3.6995,-3.920204390754,4.325307025245));
#9966 = CARTESIAN_POINT('',(3.7005,-3.82260025674,4.422911159258));
#9967 = CARTESIAN_POINT('',(3.6995,-3.82260025674,4.422911159258));
#9968 = CARTESIAN_POINT('',(3.7005,-3.82260025674,4.542205100831));
#9969 = CARTESIAN_POINT('',(3.6995,-3.82260025674,4.542205100831));
#9970 = ADVANCED_FACE('',(#9971),#9981,.F.);
#9971 = FACE_BOUND('',#9972,.T.);
#9972 = EDGE_LOOP('',(#9973,#9974,#9979,#9980));
#9973 = ORIENTED_EDGE('',*,*,#1355,.T.);
#9974 = ORIENTED_EDGE('',*,*,#9975,.F.);
#9975 = EDGE_CURVE('',#9521,#1349,#9976,.T.);
#9976 = B_SPLINE_CURVE_WITH_KNOTS('',1,(#9977,#9978),.UNSPECIFIED.,.F.,
  .F.,(2,2),(-0.,1.E-03),.PIECEWISE_BEZIER_KNOTS.);
#9977 = CARTESIAN_POINT('',(3.7005,-3.82260025674,4.563894908391));
#9978 = CARTESIAN_POINT('',(3.6995,-3.82260025674,4.563894908391));
#9979 = ORIENTED_EDGE('',*,*,#9520,.F.);
#9980 = ORIENTED_EDGE('',*,*,#9956,.T.);
#9981 = B_SPLINE_SURFACE_WITH_KNOTS('',1,1,(
    (#9982,#9983)
    ,(#9984,#9985
    )),.UNSPECIFIED.,.F.,.F.,.F.,(2,2),(2,2),(-1.E-03,0.),(0.,
    2.168980756E-02),.PIECEWISE_BEZIER_KNOTS.);
#9982 = CARTESIAN_POINT('',(3.6995,-3.82260025674,4.542205100831));
#9983 = CARTESIAN_POINT('',(3.6995,-3.82260025674,4.563894908391));
#9984 = CARTESIAN_POINT('',(3.7005,-3.82260025674,4.542205100831));
#9985 = CARTESIAN_POINT('',(3.7005,-3.82260025674,4.563894908391));
#9986 = ADVANCED_FACE('',(#9987),#9997,.F.);
#9987 = FACE_BOUND('',#9988,.T.);
#9988 = EDGE_LOOP('',(#9989,#9990,#9995,#9996));
#9989 = ORIENTED_EDGE('',*,*,#1348,.T.);
#9990 = ORIENTED_EDGE('',*,*,#9991,.F.);
#9991 = EDGE_CURVE('',#9530,#1342,#9992,.T.);
#9992 = B_SPLINE_CURVE_WITH_KNOTS('',1,(#9993,#9994),.UNSPECIFIED.,.F.,
  .F.,(2,2),(-0.,1.E-03),.PIECEWISE_BEZIER_KNOTS.);
#9993 = CARTESIAN_POINT('',(3.7005,-3.518942950919,4.72439947605));
#9994 = CARTESIAN_POINT('',(3.6995,-3.518942950919,4.72439947605));
#9995 = ORIENTED_EDGE('',*,*,#9529,.F.);
#9996 = ORIENTED_EDGE('',*,*,#9975,.T.);
#9997 = B_SPLINE_SURFACE_WITH_KNOTS('',1,1,(
    (#9998,#9999)
    ,(#10000,#10001
    )),.UNSPECIFIED.,.F.,.F.,.F.,(2,2),(2,2),(-0.343466847916,
    5.188153315345E-16),(-1.000000000001E-03,-4.957406948282E-31),
  .PIECEWISE_BEZIER_KNOTS.);
#9998 = CARTESIAN_POINT('',(3.6995,-3.518942950919,4.72439947605));
#9999 = CARTESIAN_POINT('',(3.7005,-3.518942950919,4.72439947605));
#10000 = CARTESIAN_POINT('',(3.6995,-3.82260025674,4.563894908391));
#10001 = CARTESIAN_POINT('',(3.7005,-3.82260025674,4.563894908391));
#10002 = ADVANCED_FACE('',(#10003),#10013,.F.);
#10003 = FACE_BOUND('',#10004,.T.);
#10004 = EDGE_LOOP('',(#10005,#10006,#10011,#10012));
#10005 = ORIENTED_EDGE('',*,*,#1341,.T.);
#10006 = ORIENTED_EDGE('',*,*,#10007,.F.);
#10007 = EDGE_CURVE('',#9537,#1335,#10008,.T.);
#10008 = B_SPLINE_CURVE_WITH_KNOTS('',1,(#10009,#10010),.UNSPECIFIED.,
  .F.,.F.,(2,2),(-0.,1.E-03),.PIECEWISE_BEZIER_KNOTS.);
#10009 = CARTESIAN_POINT('',(3.7005,-3.586181321256,4.839355480932));
#10010 = CARTESIAN_POINT('',(3.6995,-3.586181321256,4.839355480932));
#10011 = ORIENTED_EDGE('',*,*,#9536,.F.);
#10012 = ORIENTED_EDGE('',*,*,#9991,.T.);
#10013 = B_SPLINE_SURFACE_WITH_KNOTS('',1,1,(
    (#10014,#10015)
    ,(#10016,#10017
    )),.UNSPECIFIED.,.F.,.F.,.F.,(2,2),(2,2),(-0.133176129632,0.),(
    -1.E-03,2.157041537714E-32),.PIECEWISE_BEZIER_KNOTS.);
#10014 = CARTESIAN_POINT('',(3.6995,-3.586181321256,4.839355480932));
#10015 = CARTESIAN_POINT('',(3.7005,-3.586181321256,4.839355480932));
#10016 = CARTESIAN_POINT('',(3.6995,-3.518942950919,4.72439947605));
#10017 = CARTESIAN_POINT('',(3.7005,-3.518942950919,4.72439947605));
#10018 = ADVANCED_FACE('',(#10019),#10029,.F.);
#10019 = FACE_BOUND('',#10020,.T.);
#10020 = EDGE_LOOP('',(#10021,#10022,#10027,#10028));
#10021 = ORIENTED_EDGE('',*,*,#1334,.T.);
#10022 = ORIENTED_EDGE('',*,*,#10023,.F.);
#10023 = EDGE_CURVE('',#9544,#1326,#10024,.T.);
#10024 = B_SPLINE_CURVE_WITH_KNOTS('',1,(#10025,#10026),.UNSPECIFIED.,
  .F.,.F.,(2,2),(-0.,9.99999999999E-04),.PIECEWISE_BEZIER_KNOTS.);
#10025 = CARTESIAN_POINT('',(3.7005,-3.876824734267,4.687526828022));
#10026 = CARTESIAN_POINT('',(3.6995,-3.876824734267,4.687526828022));
#10027 = ORIENTED_EDGE('',*,*,#9543,.F.);
#10028 = ORIENTED_EDGE('',*,*,#10007,.T.);
#10029 = B_SPLINE_SURFACE_WITH_KNOTS('',1,1,(
    (#10030,#10031)
    ,(#10032,#10033
    )),.UNSPECIFIED.,.F.,.F.,.F.,(2,2),(2,2),(-0.327910861929,0.),(
    -1.E-03,4.440892098501E-16),.PIECEWISE_BEZIER_KNOTS.);
#10030 = CARTESIAN_POINT('',(3.6995,-3.876824734267,4.687526828022));
#10031 = CARTESIAN_POINT('',(3.7005,-3.876824734267,4.687526828022));
#10032 = CARTESIAN_POINT('',(3.6995,-3.586181321256,4.839355480932));
#10033 = CARTESIAN_POINT('',(3.7005,-3.586181321256,4.839355480932));
#10034 = ADVANCED_FACE('',(#10035),#10045,.F.);
#10035 = FACE_BOUND('',#10036,.F.);
#10036 = EDGE_LOOP('',(#10037,#10038,#10039,#10044));
#10037 = ORIENTED_EDGE('',*,*,#10023,.F.);
#10038 = ORIENTED_EDGE('',*,*,#9550,.T.);
#10039 = ORIENTED_EDGE('',*,*,#10040,.T.);
#10040 = EDGE_CURVE('',#9551,#1317,#10041,.T.);
#10041 = B_SPLINE_CURVE_WITH_KNOTS('',1,(#10042,#10043),.UNSPECIFIED.,
  .F.,.F.,(2,2),(-0.,9.999999999986E-04),.PIECEWISE_BEZIER_KNOTS.);
#10042 = CARTESIAN_POINT('',(3.7005,-4.039498290956,4.761272165447));
#10043 = CARTESIAN_POINT('',(3.6995,-4.039498290956,4.761272165447));
#10044 = ORIENTED_EDGE('',*,*,#1325,.F.);
#10045 = B_SPLINE_SURFACE_WITH_KNOTS('',3,1,(
    (#10046,#10047)
    ,(#10048,#10049)
    ,(#10050,#10051)
    ,(#10052,#10053
    )),.UNSPECIFIED.,.F.,.F.,.F.,(4,4),(2,2),(15.,16.),(0.,1.),
  .PIECEWISE_BEZIER_KNOTS.);
#10046 = CARTESIAN_POINT('',(3.7005,-3.876824734267,4.687526828022));
#10047 = CARTESIAN_POINT('',(3.6995,-3.876824734267,4.687526828022));
#10048 = CARTESIAN_POINT('',(3.7005,-3.915866371325,4.733075432169));
#10049 = CARTESIAN_POINT('',(3.6995,-3.915866371325,4.733075432169));
#10050 = CARTESIAN_POINT('',(3.7005,-3.97442886828,4.761272165447));
#10051 = CARTESIAN_POINT('',(3.6995,-3.97442886828,4.761272165447));
#10052 = CARTESIAN_POINT('',(3.7005,-4.039498290956,4.761272165447));
#10053 = CARTESIAN_POINT('',(3.6995,-4.039498290956,4.761272165447));
#10054 = ADVANCED_FACE('',(#10055),#10065,.F.);
#10055 = FACE_BOUND('',#10056,.F.);
#10056 = EDGE_LOOP('',(#10057,#10058,#10059,#10064));
#10057 = ORIENTED_EDGE('',*,*,#10040,.F.);
#10058 = ORIENTED_EDGE('',*,*,#9559,.T.);
#10059 = ORIENTED_EDGE('',*,*,#10060,.T.);
#10060 = EDGE_CURVE('',#9560,#1308,#10061,.T.);
#10061 = B_SPLINE_CURVE_WITH_KNOTS('',1,(#10062,#10063),.UNSPECIFIED.,
  .F.,.F.,(2,2),(-0.,9.999999999986E-04),.PIECEWISE_BEZIER_KNOTS.);
#10062 = CARTESIAN_POINT('',(3.7005,-4.243382473733,4.618119427287));
#10063 = CARTESIAN_POINT('',(3.6995,-4.243382473733,4.618119427287));
#10064 = ORIENTED_EDGE('',*,*,#1316,.F.);
#10065 = B_SPLINE_SURFACE_WITH_KNOTS('',3,1,(
    (#10066,#10067)
    ,(#10068,#10069)
    ,(#10070,#10071)
    ,(#10072,#10073
    )),.UNSPECIFIED.,.F.,.F.,.F.,(4,4),(2,2),(16.,17.),(0.,1.),
  .PIECEWISE_BEZIER_KNOTS.);
#10066 = CARTESIAN_POINT('',(3.7005,-4.039498290956,4.761272165447));
#10067 = CARTESIAN_POINT('',(3.6995,-4.039498290956,4.761272165447));
#10068 = CARTESIAN_POINT('',(3.7005,-4.13276448828,4.761272165447));
#10069 = CARTESIAN_POINT('',(3.6995,-4.13276448828,4.761272165447));
#10070 = CARTESIAN_POINT('',(3.7005,-4.213016751425,4.700540720832));
#10071 = CARTESIAN_POINT('',(3.6995,-4.213016751425,4.700540720832));
#10072 = CARTESIAN_POINT('',(3.7005,-4.243382473733,4.618119427287));
#10073 = CARTESIAN_POINT('',(3.6995,-4.243382473733,4.618119427287));
#10074 = ADVANCED_FACE('',(#10075),#10085,.F.);
#10075 = FACE_BOUND('',#10076,.F.);
#10076 = EDGE_LOOP('',(#10077,#10078,#10079,#10084));
#10077 = ORIENTED_EDGE('',*,*,#10060,.F.);
#10078 = ORIENTED_EDGE('',*,*,#9568,.T.);
#10079 = ORIENTED_EDGE('',*,*,#10080,.T.);
#10080 = EDGE_CURVE('',#9569,#1299,#10081,.T.);
#10081 = B_SPLINE_CURVE_WITH_KNOTS('',1,(#10082,#10083),.UNSPECIFIED.,
  .F.,.F.,(2,2),(-0.,9.999999999986E-04),.PIECEWISE_BEZIER_KNOTS.);
#10082 = CARTESIAN_POINT('',(3.7005,-4.373521319085,4.817665673374));
#10083 = CARTESIAN_POINT('',(3.6995,-4.373521319085,4.817665673374));
#10084 = ORIENTED_EDGE('',*,*,#1307,.F.);
#10085 = B_SPLINE_SURFACE_WITH_KNOTS('',3,1,(
    (#10086,#10087)
    ,(#10088,#10089)
    ,(#10090,#10091)
    ,(#10092,#10093
    )),.UNSPECIFIED.,.F.,.F.,.F.,(4,4),(2,2),(17.,18.),(0.,1.),
  .PIECEWISE_BEZIER_KNOTS.);
#10086 = CARTESIAN_POINT('',(3.7005,-4.243382473733,4.618119427287));
#10087 = CARTESIAN_POINT('',(3.6995,-4.243382473733,4.618119427287));
#10088 = CARTESIAN_POINT('',(3.7005,-4.319296800188,4.652823127654));
#10089 = CARTESIAN_POINT('',(3.6995,-4.319296800188,4.652823127654));
#10090 = CARTESIAN_POINT('',(3.7005,-4.373521319085,4.728737454108));
#10091 = CARTESIAN_POINT('',(3.6995,-4.373521319085,4.728737454108));
#10092 = CARTESIAN_POINT('',(3.7005,-4.373521319085,4.817665673374));
#10093 = CARTESIAN_POINT('',(3.6995,-4.373521319085,4.817665673374));
#10094 = ADVANCED_FACE('',(#10095),#10105,.F.);
#10095 = FACE_BOUND('',#10096,.F.);
#10096 = EDGE_LOOP('',(#10097,#10098,#10099,#10104));
#10097 = ORIENTED_EDGE('',*,*,#10080,.F.);
#10098 = ORIENTED_EDGE('',*,*,#9577,.T.);
#10099 = ORIENTED_EDGE('',*,*,#10100,.T.);
#10100 = EDGE_CURVE('',#9578,#1290,#10101,.T.);
#10101 = B_SPLINE_CURVE_WITH_KNOTS('',1,(#10102,#10103),.UNSPECIFIED.,
  .F.,.F.,(2,2),(-0.,9.999999999986E-04),.PIECEWISE_BEZIER_KNOTS.);
#10102 = CARTESIAN_POINT('',(3.7005,-4.156623243499,5.034563748959));
#10103 = CARTESIAN_POINT('',(3.6995,-4.156623243499,5.034563748959));
#10104 = ORIENTED_EDGE('',*,*,#1298,.F.);
#10105 = B_SPLINE_SURFACE_WITH_KNOTS('',3,1,(
    (#10106,#10107)
    ,(#10108,#10109)
    ,(#10110,#10111)
    ,(#10112,#10113
    )),.UNSPECIFIED.,.F.,.F.,.F.,(4,4),(2,2),(18.,19.),(0.,1.),
  .PIECEWISE_BEZIER_KNOTS.);
#10106 = CARTESIAN_POINT('',(3.7005,-4.373521319085,4.817665673374));
#10107 = CARTESIAN_POINT('',(3.6995,-4.373521319085,4.817665673374));
#10108 = CARTESIAN_POINT('',(3.7005,-4.373521319085,4.936959614946));
#10109 = CARTESIAN_POINT('',(3.6995,-4.373521319085,4.936959614946));
#10110 = CARTESIAN_POINT('',(3.7005,-4.275917185071,5.034563748959));
#10111 = CARTESIAN_POINT('',(3.6995,-4.275917185071,5.034563748959));
#10112 = CARTESIAN_POINT('',(3.7005,-4.156623243499,5.034563748959));
#10113 = CARTESIAN_POINT('',(3.6995,-4.156623243499,5.034563748959));
#10114 = ADVANCED_FACE('',(#10115),#10125,.F.);
#10115 = FACE_BOUND('',#10116,.F.);
#10116 = EDGE_LOOP('',(#10117,#10118,#10119,#10124));
#10117 = ORIENTED_EDGE('',*,*,#10100,.F.);
#10118 = ORIENTED_EDGE('',*,*,#9586,.T.);
#10119 = ORIENTED_EDGE('',*,*,#10120,.T.);
#10120 = EDGE_CURVE('',#9587,#1281,#10121,.T.);
#10121 = B_SPLINE_CURVE_WITH_KNOTS('',1,(#10122,#10123),.UNSPECIFIED.,
  .F.,.F.,(2,2),(-0.,9.999999999986E-04),.PIECEWISE_BEZIER_KNOTS.);
#10122 = CARTESIAN_POINT('',(3.7005,-4.041667279987,5.00202903762));
#10123 = CARTESIAN_POINT('',(3.6995,-4.041667279987,5.00202903762));
#10124 = ORIENTED_EDGE('',*,*,#1289,.F.);
#10125 = B_SPLINE_SURFACE_WITH_KNOTS('',3,1,(
    (#10126,#10127)
    ,(#10128,#10129)
    ,(#10130,#10131)
    ,(#10132,#10133
    )),.UNSPECIFIED.,.F.,.F.,.F.,(4,4),(2,2),(19.,20.),(0.,1.),
  .PIECEWISE_BEZIER_KNOTS.);
#10126 = CARTESIAN_POINT('',(3.7005,-4.156623243499,5.034563748959));
#10127 = CARTESIAN_POINT('',(3.6995,-4.156623243499,5.034563748959));
#10128 = CARTESIAN_POINT('',(3.7005,-4.115412617411,5.034563748959));
#10129 = CARTESIAN_POINT('',(3.6995,-4.115412617411,5.034563748959));
#10130 = CARTESIAN_POINT('',(3.7005,-4.074201991323,5.021549856151));
#10131 = CARTESIAN_POINT('',(3.6995,-4.074201991323,5.021549856151));
#10132 = CARTESIAN_POINT('',(3.7005,-4.041667279987,5.00202903762));
#10133 = CARTESIAN_POINT('',(3.6995,-4.041667279987,5.00202903762));
#10134 = ADVANCED_FACE('',(#10135),#10145,.F.);
#10135 = FACE_BOUND('',#10136,.F.);
#10136 = EDGE_LOOP('',(#10137,#10138,#10139,#10144));
#10137 = ORIENTED_EDGE('',*,*,#10120,.F.);
#10138 = ORIENTED_EDGE('',*,*,#9595,.T.);
#10139 = ORIENTED_EDGE('',*,*,#10140,.T.);
#10140 = EDGE_CURVE('',#9596,#1272,#10141,.T.);
#10141 = B_SPLINE_CURVE_WITH_KNOTS('',1,(#10142,#10143),.UNSPECIFIED.,
  .F.,.F.,(2,2),(-0.,9.999999999986E-04),.PIECEWISE_BEZIER_KNOTS.);
#10142 = CARTESIAN_POINT('',(3.7005,-3.751023908345,5.210251074348));
#10143 = CARTESIAN_POINT('',(3.6995,-3.751023908345,5.210251074348));
#10144 = ORIENTED_EDGE('',*,*,#1280,.F.);
#10145 = B_SPLINE_SURFACE_WITH_KNOTS('',3,1,(
    (#10146,#10147)
    ,(#10148,#10149)
    ,(#10150,#10151)
    ,(#10152,#10153
    )),.UNSPECIFIED.,.F.,.F.,.F.,(4,4),(2,2),(20.,21.),(0.,1.),
  .PIECEWISE_BEZIER_KNOTS.);
#10146 = CARTESIAN_POINT('',(3.7005,-4.041667279987,5.00202903762));
#10147 = CARTESIAN_POINT('',(3.6995,-4.041667279987,5.00202903762));
#10148 = CARTESIAN_POINT('',(3.7005,-4.000456695269,5.123491844114));
#10149 = CARTESIAN_POINT('',(3.6995,-4.000456695269,5.123491844114));
#10150 = CARTESIAN_POINT('',(3.7005,-3.887669679417,5.210251074348));
#10151 = CARTESIAN_POINT('',(3.6995,-3.887669679417,5.210251074348));
#10152 = CARTESIAN_POINT('',(3.7005,-3.751023908345,5.210251074348));
#10153 = CARTESIAN_POINT('',(3.6995,-3.751023908345,5.210251074348));
#10154 = ADVANCED_FACE('',(#10155),#10165,.F.);
#10155 = FACE_BOUND('',#10156,.F.);
#10156 = EDGE_LOOP('',(#10157,#10158,#10159,#10164));
#10157 = ORIENTED_EDGE('',*,*,#10140,.F.);
#10158 = ORIENTED_EDGE('',*,*,#9604,.T.);
#10159 = ORIENTED_EDGE('',*,*,#10160,.T.);
#10160 = EDGE_CURVE('',#9605,#1263,#10161,.T.);
#10161 = B_SPLINE_CURVE_WITH_KNOTS('',1,(#10162,#10163),.UNSPECIFIED.,
  .F.,.F.,(2,2),(-0.,9.999999999999E-04),.PIECEWISE_BEZIER_KNOTS.);
#10162 = CARTESIAN_POINT('',(3.7005,-3.447366602524,4.939128479866));
#10163 = CARTESIAN_POINT('',(3.6995,-3.447366602524,4.939128479866));
#10164 = ORIENTED_EDGE('',*,*,#1271,.F.);
#10165 = B_SPLINE_SURFACE_WITH_KNOTS('',3,1,(
    (#10166,#10167)
    ,(#10168,#10169)
    ,(#10170,#10171)
    ,(#10172,#10173
    )),.UNSPECIFIED.,.F.,.F.,.F.,(4,4),(2,2),(21.,22.),(0.,1.),
  .PIECEWISE_BEZIER_KNOTS.);
#10166 = CARTESIAN_POINT('',(3.7005,-3.751023908345,5.210251074348));
#10167 = CARTESIAN_POINT('',(3.6995,-3.751023908345,5.210251074348));
#10168 = CARTESIAN_POINT('',(3.7005,-3.594857277374,5.210251074348));
#10169 = CARTESIAN_POINT('',(3.6995,-3.594857277374,5.210251074348));
#10170 = CARTESIAN_POINT('',(3.7005,-3.464718432024,5.090957132775));
#10171 = CARTESIAN_POINT('',(3.6995,-3.464718432024,5.090957132775));
#10172 = CARTESIAN_POINT('',(3.7005,-3.447366602524,4.939128479866));
#10173 = CARTESIAN_POINT('',(3.6995,-3.447366602524,4.939128479866));
#10174 = ADVANCED_FACE('',(#10175),#10185,.F.);
#10175 = FACE_BOUND('',#10176,.T.);
#10176 = EDGE_LOOP('',(#10177,#10178,#10183,#10184));
#10177 = ORIENTED_EDGE('',*,*,#1262,.T.);
#10178 = ORIENTED_EDGE('',*,*,#10179,.F.);
#10179 = EDGE_CURVE('',#9614,#1254,#10180,.T.);
#10180 = B_SPLINE_CURVE_WITH_KNOTS('',1,(#10181,#10182),.UNSPECIFIED.,
  .F.,.F.,(2,2),(-0.,9.999999999981E-04),.PIECEWISE_BEZIER_KNOTS.);
#10181 = CARTESIAN_POINT('',(3.7005,-3.430014773025,4.939128479866));
#10182 = CARTESIAN_POINT('',(3.6995,-3.430014773025,4.939128479866));
#10183 = ORIENTED_EDGE('',*,*,#9613,.F.);
#10184 = ORIENTED_EDGE('',*,*,#10160,.T.);
#10185 = B_SPLINE_SURFACE_WITH_KNOTS('',1,1,(
    (#10186,#10187)
    ,(#10188,#10189
    )),.UNSPECIFIED.,.F.,.F.,.F.,(2,2),(2,2),(-9.999999999999E-04,0.),(
    -4.440892098501E-16,1.735182949916E-02),.PIECEWISE_BEZIER_KNOTS.);
#10186 = CARTESIAN_POINT('',(3.6995,-3.447366602524,4.939128479866));
#10187 = CARTESIAN_POINT('',(3.6995,-3.430014773025,4.939128479866));
#10188 = CARTESIAN_POINT('',(3.7005,-3.447366602524,4.939128479866));
#10189 = CARTESIAN_POINT('',(3.7005,-3.430014773025,4.939128479866));
#10190 = ADVANCED_FACE('',(#10191),#10201,.F.);
#10191 = FACE_BOUND('',#10192,.F.);
#10192 = EDGE_LOOP('',(#10193,#10194,#10195,#10200));
#10193 = ORIENTED_EDGE('',*,*,#10179,.F.);
#10194 = ORIENTED_EDGE('',*,*,#9622,.T.);
#10195 = ORIENTED_EDGE('',*,*,#10196,.T.);
#10196 = EDGE_CURVE('',#9623,#1245,#10197,.T.);
#10197 = B_SPLINE_CURVE_WITH_KNOTS('',1,(#10198,#10199),.UNSPECIFIED.,
  .F.,.F.,(2,2),(-0.,9.999999999981E-04),.PIECEWISE_BEZIER_KNOTS.);
#10198 = CARTESIAN_POINT('',(3.7005,-3.260834290617,4.769947997457));
#10199 = CARTESIAN_POINT('',(3.6995,-3.260834290617,4.769947997457));
#10200 = ORIENTED_EDGE('',*,*,#1253,.F.);
#10201 = B_SPLINE_SURFACE_WITH_KNOTS('',3,1,(
    (#10202,#10203)
    ,(#10204,#10205)
    ,(#10206,#10207)
    ,(#10208,#10209
    )),.UNSPECIFIED.,.F.,.F.,.F.,(4,4),(2,2),(23.,24.),(0.,1.),
  .PIECEWISE_BEZIER_KNOTS.);
#10202 = CARTESIAN_POINT('',(3.7005,-3.430014773025,4.939128479866));
#10203 = CARTESIAN_POINT('',(3.6995,-3.430014773025,4.939128479866));
#10204 = CARTESIAN_POINT('',(3.7005,-3.336748617071,4.939128479866));
#10205 = CARTESIAN_POINT('',(3.6995,-3.336748617071,4.939128479866));
#10206 = CARTESIAN_POINT('',(3.7005,-3.260834290617,4.863214153411));
#10207 = CARTESIAN_POINT('',(3.6995,-3.260834290617,4.863214153411));
#10208 = CARTESIAN_POINT('',(3.7005,-3.260834290617,4.769947997457));
#10209 = CARTESIAN_POINT('',(3.6995,-3.260834290617,4.769947997457));
#10210 = ADVANCED_FACE('',(#10211),#10221,.F.);
#10211 = FACE_BOUND('',#10212,.F.);
#10212 = EDGE_LOOP('',(#10213,#10214,#10215,#10220));
#10213 = ORIENTED_EDGE('',*,*,#10196,.F.);
#10214 = ORIENTED_EDGE('',*,*,#9631,.T.);
#10215 = ORIENTED_EDGE('',*,*,#10216,.T.);
#10216 = EDGE_CURVE('',#9632,#1238,#10217,.T.);
#10217 = B_SPLINE_CURVE_WITH_KNOTS('',1,(#10218,#10219),.UNSPECIFIED.,
  .F.,.F.,(2,2),(-0.,9.999999999999E-04),.PIECEWISE_BEZIER_KNOTS.);
#10218 = CARTESIAN_POINT('',(3.7005,-3.417000921586,4.600767515048));
#10219 = CARTESIAN_POINT('',(3.6995,-3.417000921586,4.600767515048));
#10220 = ORIENTED_EDGE('',*,*,#1244,.F.);
#10221 = B_SPLINE_SURFACE_WITH_KNOTS('',3,1,(
    (#10222,#10223)
    ,(#10224,#10225)
    ,(#10226,#10227)
    ,(#10228,#10229
    )),.UNSPECIFIED.,.F.,.F.,.F.,(4,4),(2,2),(24.,25.),(0.,1.),
  .PIECEWISE_BEZIER_KNOTS.);
#10222 = CARTESIAN_POINT('',(3.7005,-3.260834290617,4.769947997457));
#10223 = CARTESIAN_POINT('',(3.6995,-3.260834290617,4.769947997457));
#10224 = CARTESIAN_POINT('',(3.7005,-3.260834290617,4.681019778192));
#10225 = CARTESIAN_POINT('',(3.6995,-3.260834290617,4.681019778192));
#10226 = CARTESIAN_POINT('',(3.7005,-3.328072660953,4.607274440768));
#10227 = CARTESIAN_POINT('',(3.6995,-3.328072660953,4.607274440768));
#10228 = CARTESIAN_POINT('',(3.7005,-3.417000921586,4.600767515048));
#10229 = CARTESIAN_POINT('',(3.6995,-3.417000921586,4.600767515048));
#10230 = ADVANCED_FACE('',(#10231),#10241,.F.);
#10231 = FACE_BOUND('',#10232,.T.);
#10232 = EDGE_LOOP('',(#10233,#10234,#10239,#10240));
#10233 = ORIENTED_EDGE('',*,*,#1237,.T.);
#10234 = ORIENTED_EDGE('',*,*,#10235,.F.);
#10235 = EDGE_CURVE('',#9641,#1229,#10236,.T.);
#10236 = B_SPLINE_CURVE_WITH_KNOTS('',1,(#10237,#10238),.UNSPECIFIED.,
  .F.,.F.,(2,2),(-0.,9.99999999999E-04),.PIECEWISE_BEZIER_KNOTS.);
#10237 = CARTESIAN_POINT('',(3.7005,-3.5146050556,4.600767515048));
#10238 = CARTESIAN_POINT('',(3.6995,-3.5146050556,4.600767515048));
#10239 = ORIENTED_EDGE('',*,*,#9640,.F.);
#10240 = ORIENTED_EDGE('',*,*,#10216,.T.);
#10241 = B_SPLINE_SURFACE_WITH_KNOTS('',1,1,(
    (#10242,#10243)
    ,(#10244,#10245
    )),.UNSPECIFIED.,.F.,.F.,.F.,(2,2),(2,2),(-9.760413401376E-02,
    8.881784197001E-16),(-1.E-03,1.45865009449E-47),
  .PIECEWISE_BEZIER_KNOTS.);
#10242 = CARTESIAN_POINT('',(3.6995,-3.5146050556,4.600767515048));
#10243 = CARTESIAN_POINT('',(3.7005,-3.5146050556,4.600767515048));
#10244 = CARTESIAN_POINT('',(3.6995,-3.417000921586,4.600767515048));
#10245 = CARTESIAN_POINT('',(3.7005,-3.417000921586,4.600767515048));
#10246 = ADVANCED_FACE('',(#10247),#10257,.F.);
#10247 = FACE_BOUND('',#10248,.F.);
#10248 = EDGE_LOOP('',(#10249,#10250,#10251,#10256));
#10249 = ORIENTED_EDGE('',*,*,#10235,.F.);
#10250 = ORIENTED_EDGE('',*,*,#9647,.T.);
#10251 = ORIENTED_EDGE('',*,*,#10252,.T.);
#10252 = EDGE_CURVE('',#9648,#1220,#10253,.T.);
#10253 = B_SPLINE_CURVE_WITH_KNOTS('',1,(#10254,#10255),.UNSPECIFIED.,
  .F.,.F.,(2,2),(-0.,9.999999999986E-04),.PIECEWISE_BEZIER_KNOTS.);
#10254 = CARTESIAN_POINT('',(3.7005,-3.527618907039,4.602936462708));
#10255 = CARTESIAN_POINT('',(3.6995,-3.527618907039,4.602936462708));
#10256 = ORIENTED_EDGE('',*,*,#1228,.F.);
#10257 = B_SPLINE_SURFACE_WITH_KNOTS('',3,1,(
    (#10258,#10259)
    ,(#10260,#10261)
    ,(#10262,#10263)
    ,(#10264,#10265
    )),.UNSPECIFIED.,.F.,.F.,.F.,(4,4),(2,2),(26.,27.),(0.,1.),
  .PIECEWISE_BEZIER_KNOTS.);
#10258 = CARTESIAN_POINT('',(3.7005,-3.5146050556,4.600767515048));
#10259 = CARTESIAN_POINT('',(3.6995,-3.5146050556,4.600767515048));
#10260 = CARTESIAN_POINT('',(3.7005,-3.51894303366,4.600767515048));
#10261 = CARTESIAN_POINT('',(3.6995,-3.51894303366,4.600767515048));
#10262 = CARTESIAN_POINT('',(3.7005,-3.523281011719,4.602936462708));
#10263 = CARTESIAN_POINT('',(3.6995,-3.523281011719,4.602936462708));
#10264 = CARTESIAN_POINT('',(3.7005,-3.527618907039,4.602936462708));
#10265 = CARTESIAN_POINT('',(3.6995,-3.527618907039,4.602936462708));
#10266 = ADVANCED_FACE('',(#10267),#10277,.F.);
#10267 = FACE_BOUND('',#10268,.F.);
#10268 = EDGE_LOOP('',(#10269,#10270,#10271,#10276));
#10269 = ORIENTED_EDGE('',*,*,#10252,.F.);
#10270 = ORIENTED_EDGE('',*,*,#9656,.T.);
#10271 = ORIENTED_EDGE('',*,*,#10272,.T.);
#10272 = EDGE_CURVE('',#9657,#1211,#10273,.T.);
#10273 = B_SPLINE_CURVE_WITH_KNOTS('',1,(#10274,#10275),.UNSPECIFIED.,
  .F.,.F.,(2,2),(-0.,9.999999999986E-04),.PIECEWISE_BEZIER_KNOTS.);
#10274 = CARTESIAN_POINT('',(3.7005,-3.594857277374,4.535698092372));
#10275 = CARTESIAN_POINT('',(3.6995,-3.594857277374,4.535698092372));
#10276 = ORIENTED_EDGE('',*,*,#1219,.F.);
#10277 = B_SPLINE_SURFACE_WITH_KNOTS('',3,1,(
    (#10278,#10279)
    ,(#10280,#10281)
    ,(#10282,#10283)
    ,(#10284,#10285
    )),.UNSPECIFIED.,.F.,.F.,.F.,(4,4),(2,2),(27.,28.),(0.,1.),
  .PIECEWISE_BEZIER_KNOTS.);
#10278 = CARTESIAN_POINT('',(3.7005,-3.527618907039,4.602936462708));
#10279 = CARTESIAN_POINT('',(3.6995,-3.527618907039,4.602936462708));
#10280 = CARTESIAN_POINT('',(3.7005,-3.564491596437,4.602936462708));
#10281 = CARTESIAN_POINT('',(3.6995,-3.564491596437,4.602936462708));
#10282 = CARTESIAN_POINT('',(3.7005,-3.594857277374,4.57257069903));
#10283 = CARTESIAN_POINT('',(3.6995,-3.594857277374,4.57257069903));
#10284 = CARTESIAN_POINT('',(3.7005,-3.594857277374,4.535698092372));
#10285 = CARTESIAN_POINT('',(3.6995,-3.594857277374,4.535698092372));
#10286 = ADVANCED_FACE('',(#10287),#10297,.F.);
#10287 = FACE_BOUND('',#10288,.F.);
#10288 = EDGE_LOOP('',(#10289,#10290,#10291,#10296));
#10289 = ORIENTED_EDGE('',*,*,#10272,.F.);
#10290 = ORIENTED_EDGE('',*,*,#9665,.T.);
#10291 = ORIENTED_EDGE('',*,*,#10292,.T.);
#10292 = EDGE_CURVE('',#9666,#1204,#10293,.T.);
#10293 = B_SPLINE_CURVE_WITH_KNOTS('',1,(#10294,#10295),.UNSPECIFIED.,
  .F.,.F.,(2,2),(-0.,1.E-03),.PIECEWISE_BEZIER_KNOTS.);
#10294 = CARTESIAN_POINT('',(3.7005,-3.531956802359,4.468459722035));
#10295 = CARTESIAN_POINT('',(3.6995,-3.531956802359,4.468459722035));
#10296 = ORIENTED_EDGE('',*,*,#1210,.F.);
#10297 = B_SPLINE_SURFACE_WITH_KNOTS('',3,1,(
    (#10298,#10299)
    ,(#10300,#10301)
    ,(#10302,#10303)
    ,(#10304,#10305
    )),.UNSPECIFIED.,.F.,.F.,.F.,(4,4),(2,2),(28.,29.),(0.,1.),
  .PIECEWISE_BEZIER_KNOTS.);
#10298 = CARTESIAN_POINT('',(3.7005,-3.594857277374,4.535698092372));
#10299 = CARTESIAN_POINT('',(3.6995,-3.594857277374,4.535698092372));
#10300 = CARTESIAN_POINT('',(3.7005,-3.594857277374,4.500994433374));
#10301 = CARTESIAN_POINT('',(3.6995,-3.594857277374,4.500994433374));
#10302 = CARTESIAN_POINT('',(3.7005,-3.566660544097,4.470628669694));
#10303 = CARTESIAN_POINT('',(3.6995,-3.566660544097,4.470628669694));
#10304 = CARTESIAN_POINT('',(3.7005,-3.531956802359,4.468459722035));
#10305 = CARTESIAN_POINT('',(3.6995,-3.531956802359,4.468459722035));
#10306 = ADVANCED_FACE('',(#10307),#10317,.F.);
#10307 = FACE_BOUND('',#10308,.T.);
#10308 = EDGE_LOOP('',(#10309,#10310,#10315,#10316));
#10309 = ORIENTED_EDGE('',*,*,#1203,.T.);
#10310 = ORIENTED_EDGE('',*,*,#10311,.F.);
#10311 = EDGE_CURVE('',#9675,#1195,#10312,.T.);
#10312 = B_SPLINE_CURVE_WITH_KNOTS('',1,(#10313,#10314),.UNSPECIFIED.,
  .F.,.F.,(2,2),(-0.,9.999999999986E-04),.PIECEWISE_BEZIER_KNOTS.);
#10313 = CARTESIAN_POINT('',(3.7005,-3.403986987407,4.468459722035));
#10314 = CARTESIAN_POINT('',(3.6995,-3.403986987407,4.468459722035));
#10315 = ORIENTED_EDGE('',*,*,#9674,.F.);
#10316 = ORIENTED_EDGE('',*,*,#10292,.T.);
#10317 = B_SPLINE_SURFACE_WITH_KNOTS('',1,1,(
    (#10318,#10319)
    ,(#10320,#10321
  )),.UNSPECIFIED.,.F.,.F.,.F.,(2,2),(2,2),(-1.E-03,0.),(-0.121462889232
    ,6.506925720194E-03),.PIECEWISE_BEZIER_KNOTS.);
#10318 = CARTESIAN_POINT('',(3.6995,-3.531956802359,4.468459722035));
#10319 = CARTESIAN_POINT('',(3.6995,-3.403986987407,4.468459722035));
#10320 = CARTESIAN_POINT('',(3.7005,-3.531956802359,4.468459722035));
#10321 = CARTESIAN_POINT('',(3.7005,-3.403986987407,4.468459722035));
#10322 = ADVANCED_FACE('',(#10323),#10333,.F.);
#10323 = FACE_BOUND('',#10324,.F.);
#10324 = EDGE_LOOP('',(#10325,#10326,#10327,#10332));
#10325 = ORIENTED_EDGE('',*,*,#10311,.F.);
#10326 = ORIENTED_EDGE('',*,*,#9681,.T.);
#10327 = ORIENTED_EDGE('',*,*,#10328,.T.);
#10328 = EDGE_CURVE('',#9682,#1186,#10329,.T.);
#10329 = B_SPLINE_CURVE_WITH_KNOTS('',1,(#10330,#10331),.UNSPECIFIED.,
  .F.,.F.,(2,2),(-0.,9.999999999986E-04),.PIECEWISE_BEZIER_KNOTS.);
#10330 = CARTESIAN_POINT('',(3.7005,-3.206609771721,4.56606385605));
#10331 = CARTESIAN_POINT('',(3.6995,-3.206609771721,4.56606385605));
#10332 = ORIENTED_EDGE('',*,*,#1194,.F.);
#10333 = B_SPLINE_SURFACE_WITH_KNOTS('',3,1,(
    (#10334,#10335)
    ,(#10336,#10337)
    ,(#10338,#10339)
    ,(#10340,#10341
    )),.UNSPECIFIED.,.F.,.F.,.F.,(4,4),(2,2),(33.,34.),(0.,1.),
  .PIECEWISE_BEZIER_KNOTS.);
#10334 = CARTESIAN_POINT('',(3.7005,-3.403986987407,4.468459722035));
#10335 = CARTESIAN_POINT('',(3.6995,-3.403986987407,4.468459722035));
#10336 = CARTESIAN_POINT('',(3.7005,-3.328072660953,4.474966647755));
#10337 = CARTESIAN_POINT('',(3.6995,-3.328072660953,4.474966647755));
#10338 = CARTESIAN_POINT('',(3.7005,-3.258665260216,4.509670389494));
#10339 = CARTESIAN_POINT('',(3.6995,-3.258665260216,4.509670389494));
#10340 = CARTESIAN_POINT('',(3.7005,-3.206609771721,4.56606385605));
#10341 = CARTESIAN_POINT('',(3.6995,-3.206609771721,4.56606385605));
#10342 = ADVANCED_FACE('',(#10343),#10349,.F.);
#10343 = FACE_BOUND('',#10344,.F.);
#10344 = EDGE_LOOP('',(#10345,#10346,#10347,#10348));
#10345 = ORIENTED_EDGE('',*,*,#10328,.F.);
#10346 = ORIENTED_EDGE('',*,*,#9690,.T.);
#10347 = ORIENTED_EDGE('',*,*,#9730,.T.);
#10348 = ORIENTED_EDGE('',*,*,#1185,.F.);
#10349 = B_SPLINE_SURFACE_WITH_KNOTS('',3,1,(
    (#10350,#10351)
    ,(#10352,#10353)
    ,(#10354,#10355)
    ,(#10356,#10357
    )),.UNSPECIFIED.,.F.,.F.,.F.,(4,4),(2,2),(34.,35.),(0.,1.),
  .PIECEWISE_BEZIER_KNOTS.);
#10350 = CARTESIAN_POINT('',(3.7005,-3.206609771721,4.56606385605));
#10351 = CARTESIAN_POINT('',(3.6995,-3.206609771721,4.56606385605));
#10352 = CARTESIAN_POINT('',(3.7005,-3.154554200483,4.622457322606));
#10353 = CARTESIAN_POINT('',(3.6995,-3.154554200483,4.622457322606));
#10354 = CARTESIAN_POINT('',(3.7005,-3.126357467205,4.696202701402));
#10355 = CARTESIAN_POINT('',(3.6995,-3.126357467205,4.696202701402));
#10356 = CARTESIAN_POINT('',(3.7005,-3.126357467205,4.772117027856));
#10357 = CARTESIAN_POINT('',(3.6995,-3.126357467205,4.772117027856));
#10358 = ADVANCED_FACE('',(#10359),#10386,.T.);
#10359 = FACE_BOUND('',#10360,.T.);
#10360 = EDGE_LOOP('',(#10361,#10375,#10380,#10381));
#10361 = ORIENTED_EDGE('',*,*,#10362,.F.);
#10362 = EDGE_CURVE('',#10363,#10365,#10367,.T.);
#10363 = VERTEX_POINT('',#10364);
#10364 = CARTESIAN_POINT('',(3.6995,-4.041667321357,4.455445705117));
#10365 = VERTEX_POINT('',#10366);
#10366 = CARTESIAN_POINT('',(3.6995,-4.041667321357,4.624626270265));
#10367 = B_SPLINE_CURVE_WITH_KNOTS('',3,(#10368,#10369,#10370,#10371,
    #10372,#10373,#10374),.UNSPECIFIED.,.F.,.F.,(4,3,4),(0.,1.,2.),
  .PIECEWISE_BEZIER_KNOTS.);
#10368 = CARTESIAN_POINT('',(3.6995,-4.041667321357,4.455445705117));
#10369 = CARTESIAN_POINT('',(3.6995,-3.99394976955,4.455445705117));
#10370 = CARTESIAN_POINT('',(3.6995,-3.957077080152,4.494487424914));
#10371 = CARTESIAN_POINT('',(3.6995,-3.957077080152,4.540035987691));
#10372 = CARTESIAN_POINT('',(3.6995,-3.957077080152,4.587753580868));
#10373 = CARTESIAN_POINT('',(3.6995,-3.996118717209,4.624626270265));
#10374 = CARTESIAN_POINT('',(3.6995,-4.041667321357,4.624626270265));
#10375 = ORIENTED_EDGE('',*,*,#10376,.F.);
#10376 = EDGE_CURVE('',#9700,#10363,#10377,.T.);
#10377 = B_SPLINE_CURVE_WITH_KNOTS('',1,(#10378,#10379),.UNSPECIFIED.,
  .F.,.F.,(2,2),(-0.,9.999999999986E-04),.PIECEWISE_BEZIER_KNOTS.);
#10378 = CARTESIAN_POINT('',(3.7005,-4.041667321357,4.455445705117));
#10379 = CARTESIAN_POINT('',(3.6995,-4.041667321357,4.455445705117));
#10380 = ORIENTED_EDGE('',*,*,#9699,.T.);
#10381 = ORIENTED_EDGE('',*,*,#10382,.T.);
#10382 = EDGE_CURVE('',#9702,#10365,#10383,.T.);
#10383 = B_SPLINE_CURVE_WITH_KNOTS('',1,(#10384,#10385),.UNSPECIFIED.,
  .F.,.F.,(2,2),(-0.,9.999999999999E-04),.PIECEWISE_BEZIER_KNOTS.);
#10384 = CARTESIAN_POINT('',(3.7005,-4.041667321357,4.624626270265));
#10385 = CARTESIAN_POINT('',(3.6995,-4.041667321357,4.624626270265));
#10386 = B_SPLINE_SURFACE_WITH_KNOTS('',3,1,(
    (#10387,#10388)
    ,(#10389,#10390)
    ,(#10391,#10392)
    ,(#10393,#10394)
    ,(#10395,#10396)
    ,(#10397,#10398)
    ,(#10399,#10400
  )),.UNSPECIFIED.,.F.,.F.,.F.,(4,3,4),(2,2),(0.,1.,2.),(0.,1.),
  .PIECEWISE_BEZIER_KNOTS.);
#10387 = CARTESIAN_POINT('',(3.7005,-4.041667321357,4.455445705117));
#10388 = CARTESIAN_POINT('',(3.6995,-4.041667321357,4.455445705117));
#10389 = CARTESIAN_POINT('',(3.7005,-3.99394976955,4.455445705117));
#10390 = CARTESIAN_POINT('',(3.6995,-3.99394976955,4.455445705117));
#10391 = CARTESIAN_POINT('',(3.7005,-3.957077080152,4.494487424914));
#10392 = CARTESIAN_POINT('',(3.6995,-3.957077080152,4.494487424914));
#10393 = CARTESIAN_POINT('',(3.7005,-3.957077080152,4.540035987691));
#10394 = CARTESIAN_POINT('',(3.6995,-3.957077080152,4.540035987691));
#10395 = CARTESIAN_POINT('',(3.7005,-3.957077080152,4.587753580868));
#10396 = CARTESIAN_POINT('',(3.6995,-3.957077080152,4.587753580868));
#10397 = CARTESIAN_POINT('',(3.7005,-3.996118717209,4.624626270265));
#10398 = CARTESIAN_POINT('',(3.6995,-3.996118717209,4.624626270265));
#10399 = CARTESIAN_POINT('',(3.7005,-4.041667321357,4.624626270265));
#10400 = CARTESIAN_POINT('',(3.6995,-4.041667321357,4.624626270265));
#10401 = ADVANCED_FACE('',(#10402),#10416,.T.);
#10402 = FACE_BOUND('',#10403,.T.);
#10403 = EDGE_LOOP('',(#10404,#10413,#10414,#10415));
#10404 = ORIENTED_EDGE('',*,*,#10405,.F.);
#10405 = EDGE_CURVE('',#10365,#10363,#10406,.T.);
#10406 = B_SPLINE_CURVE_WITH_KNOTS('',3,(#10407,#10408,#10409,#10410,
    #10411,#10412),.UNSPECIFIED.,.F.,.F.,(4,2,4),(2.,3.,4.),
  .UNSPECIFIED.);
#10407 = CARTESIAN_POINT('',(3.6995,-4.041667321357,4.624626270265));
#10408 = CARTESIAN_POINT('',(3.6995,-4.087215925503,4.624626270265));
#10409 = CARTESIAN_POINT('',(3.6995,-4.126257562561,4.587753580868));
#10410 = CARTESIAN_POINT('',(3.6995,-4.126257562561,4.492318394514));
#10411 = CARTESIAN_POINT('',(3.6995,-4.087215925503,4.455445705117));
#10412 = CARTESIAN_POINT('',(3.6995,-4.041667321357,4.455445705117));
#10413 = ORIENTED_EDGE('',*,*,#10382,.F.);
#10414 = ORIENTED_EDGE('',*,*,#9713,.T.);
#10415 = ORIENTED_EDGE('',*,*,#10376,.T.);
#10416 = B_SPLINE_SURFACE_WITH_KNOTS('',3,1,(
    (#10417,#10418)
    ,(#10419,#10420)
    ,(#10421,#10422)
    ,(#10423,#10424)
    ,(#10425,#10426)
    ,(#10427,#10428
  )),.UNSPECIFIED.,.F.,.F.,.F.,(4,2,4),(2,2),(2.,3.,4.),(0.,1.),
  .UNSPECIFIED.);
#10417 = CARTESIAN_POINT('',(3.7005,-4.041667321357,4.624626270265));
#10418 = CARTESIAN_POINT('',(3.6995,-4.041667321357,4.624626270265));
#10419 = CARTESIAN_POINT('',(3.7005,-4.087215925503,4.624626270265));
#10420 = CARTESIAN_POINT('',(3.6995,-4.087215925503,4.624626270265));
#10421 = CARTESIAN_POINT('',(3.7005,-4.126257562561,4.587753580868));
#10422 = CARTESIAN_POINT('',(3.6995,-4.126257562561,4.587753580868));
#10423 = CARTESIAN_POINT('',(3.7005,-4.126257562561,4.492318394514));
#10424 = CARTESIAN_POINT('',(3.6995,-4.126257562561,4.492318394514));
#10425 = CARTESIAN_POINT('',(3.7005,-4.087215925503,4.455445705117));
#10426 = CARTESIAN_POINT('',(3.6995,-4.087215925503,4.455445705117));
#10427 = CARTESIAN_POINT('',(3.7005,-4.041667321357,4.455445705117));
#10428 = CARTESIAN_POINT('',(3.6995,-4.041667321357,4.455445705117));
#10429 = ADVANCED_FACE('',(#10430),#10434,.F.);
#10430 = FACE_BOUND('',#10431,.T.);
#10431 = EDGE_LOOP('',(#10432,#10433));
#10432 = ORIENTED_EDGE('',*,*,#10405,.T.);
#10433 = ORIENTED_EDGE('',*,*,#10362,.T.);
#10434 = B_SPLINE_SURFACE_WITH_KNOTS('',1,1,(
    (#10435,#10436)
    ,(#10437,#10438
    )),.UNSPECIFIED.,.F.,.F.,.F.,(2,2),(2,2),(9.707077080152,
    9.876257562561),(-5.044557848183,-4.875377283035),
  .PIECEWISE_BEZIER_KNOTS.);
#10435 = CARTESIAN_POINT('',(3.6995,-3.957077080152,4.455445705117));
#10436 = CARTESIAN_POINT('',(3.6995,-3.957077080152,4.624626270265));
#10437 = CARTESIAN_POINT('',(3.6995,-4.126257562561,4.455445705117));
#10438 = CARTESIAN_POINT('',(3.6995,-4.126257562561,4.624626270265));
#10439 = ( GEOMETRIC_REPRESENTATION_CONTEXT(3) 
GLOBAL_UNCERTAINTY_ASSIGNED_CONTEXT((#10443)) 
GLOBAL_UNIT_ASSIGNED_CONTEXT((#10440,#10441,#10442)) 
REPRESENTATION_CONTEXT('Context #1',
  '3D Context with UNIT and UNCERTAINTY') );
#10440 = ( LENGTH_UNIT() NAMED_UNIT(*) SI_UNIT(.MILLI.,.METRE.) );
#10441 = ( NAMED_UNIT(*) PLANE_ANGLE_UNIT() SI_UNIT($,.RADIAN.) );
#10442 = ( NAMED_UNIT(*) SI_UNIT($,.STERADIAN.) SOLID_ANGLE_UNIT() );
#10443 = UNCERTAINTY_MEASURE_WITH_UNIT(LENGTH_MEASURE(1.E-07),#10440,
  'distance_accuracy_value','confusion accuracy');
#10444 = PRODUCT_RELATED_PRODUCT_CATEGORY('part',$,(#7));
#10445 = MECHANICAL_DESIGN_GEOMETRIC_PRESENTATION_REPRESENTATION('',(
    #10446,#10456,#10463,#10470,#10477,#10484,#10491,#10498,#10505,
    #10512,#10519,#10526,#10533,#10540,#10547,#10554,#10561,#10568,
    #10575,#10582,#10589,#10596,#10603,#10610,#10617,#10624,#10631,
    #10638,#10645,#10652,#10659,#10666,#10673,#10680,#10687,#10694,
    #10701,#10708,#10715,#10722,#10729,#10736,#10743,#10750,#10757,
    #10764,#10771,#10778,#10785,#10792,#10799,#10807,#10814,#10821,
    #10828,#10835,#10842,#10849,#10856,#10863,#10870,#10877,#10884,
    #10891,#10898,#10905,#10912,#10919,#10926,#10933,#10940,#10947,
    #10954,#10961,#10968,#10975,#10982,#10989,#10996,#11003,#11010,
    #11017,#11024,#11031,#11038,#11045,#11052,#11059,#11066,#11073,
    #11080,#11087,#11094,#11101,#11108,#11115,#11122,#11129,#11136,
    #11143,#11150,#11157,#11164,#11171,#11178,#11185,#11192,#11199,
    #11206,#11213,#11220,#11227,#11234,#11241,#11248,#11256,#11263,
    #11270,#11277,#11284,#11291,#11298,#11305,#11312,#11319,#11326,
    #11333,#11340,#11347,#11354,#11361,#11368,#11375,#11382,#11389,
    #11396,#11403,#11410,#11417,#11424,#11431,#11438,#11445,#11452,
    #11459,#11466,#11473,#11480,#11487,#11494,#11501,#11508,#11515,
    #11522,#11529,#11536,#11543,#11550,#11557,#11564,#11571,#11578,
    #11585,#11592,#11599,#11606,#11613,#11620,#11627,#11634,#11641,
    #11648,#11655,#11662,#11669,#11676,#11683,#11690,#11697,#11704,
    #11711,#11718,#11725,#11732,#11739,#11746,#11753,#11760,#11767,
    #11774,#11781,#11788,#11795,#11802,#11809,#11816,#11823,#11830,
    #11837,#11844,#11851,#11858,#11865,#11872,#11879,#11886,#11893,
    #11900,#11907,#11914,#11921,#11928,#11935,#11942,#11949,#11956,
    #11963,#11970,#11977,#11984,#11991,#11998,#12005,#12012,#12019,
    #12026,#12033,#12040,#12047,#12054,#12061,#12068,#12075,#12082,
    #12089,#12096,#12103,#12110,#12117,#12124,#12131,#12138,#12145,
    #12152,#12159,#12166,#12173,#12180,#12187,#12194,#12201,#12208,
    #12215,#12222,#12229,#12236,#12243,#12250,#12257,#12264,#12271,
    #12278,#12285,#12292,#12299,#12306,#12313,#12320,#12327,#12334,
    #12341,#12348,#12355,#12362,#12369,#12376,#12383,#12390,#12397,
    #12404,#12411,#12418,#12425,#12432,#12439,#12446,#12453,#12460,
    #12467,#12474,#12481,#12488,#12495,#12502,#12509,#12516,#12523,
    #12530,#12537,#12544,#12551,#12558,#12565,#12572,#12579,#12586,
    #12593,#12600,#12607,#12614,#12621,#12628,#12635,#12642,#12649,
    #12656,#12663,#12670,#12677,#12684,#12691,#12698,#12705,#12712,
    #12719,#12726,#12733,#12740,#12747,#12754,#12761,#12768,#12775,
    #12782,#12789,#12796,#12803,#12810),#10439);
#10446 = STYLED_ITEM('color',(#10447),#15);
#10447 = PRESENTATION_STYLE_ASSIGNMENT((#10448,#10454));
#10448 = SURFACE_STYLE_USAGE(.BOTH.,#10449);
#10449 = SURFACE_SIDE_STYLE('',(#10450));
#10450 = SURFACE_STYLE_FILL_AREA(#10451);
#10451 = FILL_AREA_STYLE('',(#10452));
#10452 = FILL_AREA_STYLE_COLOUR('',#10453);
#10453 = DRAUGHTING_PRE_DEFINED_COLOUR('white');
#10454 = CURVE_STYLE('',#10455,POSITIVE_LENGTH_MEASURE(0.1),#10453);
#10455 = DRAUGHTING_PRE_DEFINED_CURVE_FONT('continuous');
#10456 = OVER_RIDING_STYLED_ITEM('overriding color',(#10457),#17,#10446
  );
#10457 = PRESENTATION_STYLE_ASSIGNMENT((#10458));
#10458 = SURFACE_STYLE_USAGE(.BOTH.,#10459);
#10459 = SURFACE_SIDE_STYLE('',(#10460));
#10460 = SURFACE_STYLE_FILL_AREA(#10461);
#10461 = FILL_AREA_STYLE('',(#10462));
#10462 = FILL_AREA_STYLE_COLOUR('',#10453);
#10463 = OVER_RIDING_STYLED_ITEM('overriding color',(#10464),#1465,
  #10446);
#10464 = PRESENTATION_STYLE_ASSIGNMENT((#10465));
#10465 = SURFACE_STYLE_USAGE(.BOTH.,#10466);
#10466 = SURFACE_SIDE_STYLE('',(#10467));
#10467 = SURFACE_STYLE_FILL_AREA(#10468);
#10468 = FILL_AREA_STYLE('',(#10469));
#10469 = FILL_AREA_STYLE_COLOUR('',#10453);
#10470 = OVER_RIDING_STYLED_ITEM('overriding color',(#10471),#1621,
  #10446);
#10471 = PRESENTATION_STYLE_ASSIGNMENT((#10472));
#10472 = SURFACE_STYLE_USAGE(.BOTH.,#10473);
#10473 = SURFACE_SIDE_STYLE('',(#10474));
#10474 = SURFACE_STYLE_FILL_AREA(#10475);
#10475 = FILL_AREA_STYLE('',(#10476));
#10476 = FILL_AREA_STYLE_COLOUR('',#10453);
#10477 = OVER_RIDING_STYLED_ITEM('overriding color',(#10478),#1663,
  #10446);
#10478 = PRESENTATION_STYLE_ASSIGNMENT((#10479));
#10479 = SURFACE_STYLE_USAGE(.BOTH.,#10480);
#10480 = SURFACE_SIDE_STYLE('',(#10481));
#10481 = SURFACE_STYLE_FILL_AREA(#10482);
#10482 = FILL_AREA_STYLE('',(#10483));
#10483 = FILL_AREA_STYLE_COLOUR('',#10453);
#10484 = OVER_RIDING_STYLED_ITEM('overriding color',(#10485),#1747,
  #10446);
#10485 = PRESENTATION_STYLE_ASSIGNMENT((#10486));
#10486 = SURFACE_STYLE_USAGE(.BOTH.,#10487);
#10487 = SURFACE_SIDE_STYLE('',(#10488));
#10488 = SURFACE_STYLE_FILL_AREA(#10489);
#10489 = FILL_AREA_STYLE('',(#10490));
#10490 = FILL_AREA_STYLE_COLOUR('',#10453);
#10491 = OVER_RIDING_STYLED_ITEM('overriding color',(#10492),#1767,
  #10446);
#10492 = PRESENTATION_STYLE_ASSIGNMENT((#10493));
#10493 = SURFACE_STYLE_USAGE(.BOTH.,#10494);
#10494 = SURFACE_SIDE_STYLE('',(#10495));
#10495 = SURFACE_STYLE_FILL_AREA(#10496);
#10496 = FILL_AREA_STYLE('',(#10497));
#10497 = FILL_AREA_STYLE_COLOUR('',#10453);
#10498 = OVER_RIDING_STYLED_ITEM('overriding color',(#10499),#1789,
  #10446);
#10499 = PRESENTATION_STYLE_ASSIGNMENT((#10500));
#10500 = SURFACE_STYLE_USAGE(.BOTH.,#10501);
#10501 = SURFACE_SIDE_STYLE('',(#10502));
#10502 = SURFACE_STYLE_FILL_AREA(#10503);
#10503 = FILL_AREA_STYLE('',(#10504));
#10504 = FILL_AREA_STYLE_COLOUR('',#10453);
#10505 = OVER_RIDING_STYLED_ITEM('overriding color',(#10506),#1865,
  #10446);
#10506 = PRESENTATION_STYLE_ASSIGNMENT((#10507));
#10507 = SURFACE_STYLE_USAGE(.BOTH.,#10508);
#10508 = SURFACE_SIDE_STYLE('',(#10509));
#10509 = SURFACE_STYLE_FILL_AREA(#10510);
#10510 = FILL_AREA_STYLE('',(#10511));
#10511 = FILL_AREA_STYLE_COLOUR('',#10453);
#10512 = OVER_RIDING_STYLED_ITEM('overriding color',(#10513),#1887,
  #10446);
#10513 = PRESENTATION_STYLE_ASSIGNMENT((#10514));
#10514 = SURFACE_STYLE_USAGE(.BOTH.,#10515);
#10515 = SURFACE_SIDE_STYLE('',(#10516));
#10516 = SURFACE_STYLE_FILL_AREA(#10517);
#10517 = FILL_AREA_STYLE('',(#10518));
#10518 = FILL_AREA_STYLE_COLOUR('',#10453);
#10519 = OVER_RIDING_STYLED_ITEM('overriding color',(#10520),#1923,
  #10446);
#10520 = PRESENTATION_STYLE_ASSIGNMENT((#10521));
#10521 = SURFACE_STYLE_USAGE(.BOTH.,#10522);
#10522 = SURFACE_SIDE_STYLE('',(#10523));
#10523 = SURFACE_STYLE_FILL_AREA(#10524);
#10524 = FILL_AREA_STYLE('',(#10525));
#10525 = FILL_AREA_STYLE_COLOUR('',#10453);
#10526 = OVER_RIDING_STYLED_ITEM('overriding color',(#10527),#1945,
  #10446);
#10527 = PRESENTATION_STYLE_ASSIGNMENT((#10528));
#10528 = SURFACE_STYLE_USAGE(.BOTH.,#10529);
#10529 = SURFACE_SIDE_STYLE('',(#10530));
#10530 = SURFACE_STYLE_FILL_AREA(#10531);
#10531 = FILL_AREA_STYLE('',(#10532));
#10532 = FILL_AREA_STYLE_COLOUR('',#10453);
#10533 = OVER_RIDING_STYLED_ITEM('overriding color',(#10534),#1994,
  #10446);
#10534 = PRESENTATION_STYLE_ASSIGNMENT((#10535));
#10535 = SURFACE_STYLE_USAGE(.BOTH.,#10536);
#10536 = SURFACE_SIDE_STYLE('',(#10537));
#10537 = SURFACE_STYLE_FILL_AREA(#10538);
#10538 = FILL_AREA_STYLE('',(#10539));
#10539 = FILL_AREA_STYLE_COLOUR('',#10453);
#10540 = OVER_RIDING_STYLED_ITEM('overriding color',(#10541),#2016,
  #10446);
#10541 = PRESENTATION_STYLE_ASSIGNMENT((#10542));
#10542 = SURFACE_STYLE_USAGE(.BOTH.,#10543);
#10543 = SURFACE_SIDE_STYLE('',(#10544));
#10544 = SURFACE_STYLE_FILL_AREA(#10545);
#10545 = FILL_AREA_STYLE('',(#10546));
#10546 = FILL_AREA_STYLE_COLOUR('',#10453);
#10547 = OVER_RIDING_STYLED_ITEM('overriding color',(#10548),#2032,
  #10446);
#10548 = PRESENTATION_STYLE_ASSIGNMENT((#10549));
#10549 = SURFACE_STYLE_USAGE(.BOTH.,#10550);
#10550 = SURFACE_SIDE_STYLE('',(#10551));
#10551 = SURFACE_STYLE_FILL_AREA(#10552);
#10552 = FILL_AREA_STYLE('',(#10553));
#10553 = FILL_AREA_STYLE_COLOUR('',#10453);
#10554 = OVER_RIDING_STYLED_ITEM('overriding color',(#10555),#2050,
  #10446);
#10555 = PRESENTATION_STYLE_ASSIGNMENT((#10556));
#10556 = SURFACE_STYLE_USAGE(.BOTH.,#10557);
#10557 = SURFACE_SIDE_STYLE('',(#10558));
#10558 = SURFACE_STYLE_FILL_AREA(#10559);
#10559 = FILL_AREA_STYLE('',(#10560));
#10560 = FILL_AREA_STYLE_COLOUR('',#10453);
#10561 = OVER_RIDING_STYLED_ITEM('overriding color',(#10562),#2074,
  #10446);
#10562 = PRESENTATION_STYLE_ASSIGNMENT((#10563));
#10563 = SURFACE_STYLE_USAGE(.BOTH.,#10564);
#10564 = SURFACE_SIDE_STYLE('',(#10565));
#10565 = SURFACE_STYLE_FILL_AREA(#10566);
#10566 = FILL_AREA_STYLE('',(#10567));
#10567 = FILL_AREA_STYLE_COLOUR('',#10453);
#10568 = OVER_RIDING_STYLED_ITEM('overriding color',(#10569),#2096,
  #10446);
#10569 = PRESENTATION_STYLE_ASSIGNMENT((#10570));
#10570 = SURFACE_STYLE_USAGE(.BOTH.,#10571);
#10571 = SURFACE_SIDE_STYLE('',(#10572));
#10572 = SURFACE_STYLE_FILL_AREA(#10573);
#10573 = FILL_AREA_STYLE('',(#10574));
#10574 = FILL_AREA_STYLE_COLOUR('',#10453);
#10575 = OVER_RIDING_STYLED_ITEM('overriding color',(#10576),#2132,
  #10446);
#10576 = PRESENTATION_STYLE_ASSIGNMENT((#10577));
#10577 = SURFACE_STYLE_USAGE(.BOTH.,#10578);
#10578 = SURFACE_SIDE_STYLE('',(#10579));
#10579 = SURFACE_STYLE_FILL_AREA(#10580);
#10580 = FILL_AREA_STYLE('',(#10581));
#10581 = FILL_AREA_STYLE_COLOUR('',#10453);
#10582 = OVER_RIDING_STYLED_ITEM('overriding color',(#10583),#2175,
  #10446);
#10583 = PRESENTATION_STYLE_ASSIGNMENT((#10584));
#10584 = SURFACE_STYLE_USAGE(.BOTH.,#10585);
#10585 = SURFACE_SIDE_STYLE('',(#10586));
#10586 = SURFACE_STYLE_FILL_AREA(#10587);
#10587 = FILL_AREA_STYLE('',(#10588));
#10588 = FILL_AREA_STYLE_COLOUR('',#10453);
#10589 = OVER_RIDING_STYLED_ITEM('overriding color',(#10590),#2275,
  #10446);
#10590 = PRESENTATION_STYLE_ASSIGNMENT((#10591));
#10591 = SURFACE_STYLE_USAGE(.BOTH.,#10592);
#10592 = SURFACE_SIDE_STYLE('',(#10593));
#10593 = SURFACE_STYLE_FILL_AREA(#10594);
#10594 = FILL_AREA_STYLE('',(#10595));
#10595 = FILL_AREA_STYLE_COLOUR('',#10453);
#10596 = OVER_RIDING_STYLED_ITEM('overriding color',(#10597),#2310,
  #10446);
#10597 = PRESENTATION_STYLE_ASSIGNMENT((#10598));
#10598 = SURFACE_STYLE_USAGE(.BOTH.,#10599);
#10599 = SURFACE_SIDE_STYLE('',(#10600));
#10600 = SURFACE_STYLE_FILL_AREA(#10601);
#10601 = FILL_AREA_STYLE('',(#10602));
#10602 = FILL_AREA_STYLE_COLOUR('',#10453);
#10603 = OVER_RIDING_STYLED_ITEM('overriding color',(#10604),#2382,
  #10446);
#10604 = PRESENTATION_STYLE_ASSIGNMENT((#10605));
#10605 = SURFACE_STYLE_USAGE(.BOTH.,#10606);
#10606 = SURFACE_SIDE_STYLE('',(#10607));
#10607 = SURFACE_STYLE_FILL_AREA(#10608);
#10608 = FILL_AREA_STYLE('',(#10609));
#10609 = FILL_AREA_STYLE_COLOUR('',#10453);
#10610 = OVER_RIDING_STYLED_ITEM('overriding color',(#10611),#2402,
  #10446);
#10611 = PRESENTATION_STYLE_ASSIGNMENT((#10612));
#10612 = SURFACE_STYLE_USAGE(.BOTH.,#10613);
#10613 = SURFACE_SIDE_STYLE('',(#10614));
#10614 = SURFACE_STYLE_FILL_AREA(#10615);
#10615 = FILL_AREA_STYLE('',(#10616));
#10616 = FILL_AREA_STYLE_COLOUR('',#10453);
#10617 = OVER_RIDING_STYLED_ITEM('overriding color',(#10618),#2418,
  #10446);
#10618 = PRESENTATION_STYLE_ASSIGNMENT((#10619));
#10619 = SURFACE_STYLE_USAGE(.BOTH.,#10620);
#10620 = SURFACE_SIDE_STYLE('',(#10621));
#10621 = SURFACE_STYLE_FILL_AREA(#10622);
#10622 = FILL_AREA_STYLE('',(#10623));
#10623 = FILL_AREA_STYLE_COLOUR('',#10453);
#10624 = OVER_RIDING_STYLED_ITEM('overriding color',(#10625),#2434,
  #10446);
#10625 = PRESENTATION_STYLE_ASSIGNMENT((#10626));
#10626 = SURFACE_STYLE_USAGE(.BOTH.,#10627);
#10627 = SURFACE_SIDE_STYLE('',(#10628));
#10628 = SURFACE_STYLE_FILL_AREA(#10629);
#10629 = FILL_AREA_STYLE('',(#10630));
#10630 = FILL_AREA_STYLE_COLOUR('',#10453);
#10631 = OVER_RIDING_STYLED_ITEM('overriding color',(#10632),#2451,
  #10446);
#10632 = PRESENTATION_STYLE_ASSIGNMENT((#10633));
#10633 = SURFACE_STYLE_USAGE(.BOTH.,#10634);
#10634 = SURFACE_SIDE_STYLE('',(#10635));
#10635 = SURFACE_STYLE_FILL_AREA(#10636);
#10636 = FILL_AREA_STYLE('',(#10637));
#10637 = FILL_AREA_STYLE_COLOUR('',#10453);
#10638 = OVER_RIDING_STYLED_ITEM('overriding color',(#10639),#2465,
  #10446);
#10639 = PRESENTATION_STYLE_ASSIGNMENT((#10640));
#10640 = SURFACE_STYLE_USAGE(.BOTH.,#10641);
#10641 = SURFACE_SIDE_STYLE('',(#10642));
#10642 = SURFACE_STYLE_FILL_AREA(#10643);
#10643 = FILL_AREA_STYLE('',(#10644));
#10644 = FILL_AREA_STYLE_COLOUR('',#10453);
#10645 = OVER_RIDING_STYLED_ITEM('overriding color',(#10646),#2483,
  #10446);
#10646 = PRESENTATION_STYLE_ASSIGNMENT((#10647));
#10647 = SURFACE_STYLE_USAGE(.BOTH.,#10648);
#10648 = SURFACE_SIDE_STYLE('',(#10649));
#10649 = SURFACE_STYLE_FILL_AREA(#10650);
#10650 = FILL_AREA_STYLE('',(#10651));
#10651 = FILL_AREA_STYLE_COLOUR('',#10453);
#10652 = OVER_RIDING_STYLED_ITEM('overriding color',(#10653),#2496,
  #10446);
#10653 = PRESENTATION_STYLE_ASSIGNMENT((#10654));
#10654 = SURFACE_STYLE_USAGE(.BOTH.,#10655);
#10655 = SURFACE_SIDE_STYLE('',(#10656));
#10656 = SURFACE_STYLE_FILL_AREA(#10657);
#10657 = FILL_AREA_STYLE('',(#10658));
#10658 = FILL_AREA_STYLE_COLOUR('',#10453);
#10659 = OVER_RIDING_STYLED_ITEM('overriding color',(#10660),#2508,
  #10446);
#10660 = PRESENTATION_STYLE_ASSIGNMENT((#10661));
#10661 = SURFACE_STYLE_USAGE(.BOTH.,#10662);
#10662 = SURFACE_SIDE_STYLE('',(#10663));
#10663 = SURFACE_STYLE_FILL_AREA(#10664);
#10664 = FILL_AREA_STYLE('',(#10665));
#10665 = FILL_AREA_STYLE_COLOUR('',#10453);
#10666 = OVER_RIDING_STYLED_ITEM('overriding color',(#10667),#2520,
  #10446);
#10667 = PRESENTATION_STYLE_ASSIGNMENT((#10668));
#10668 = SURFACE_STYLE_USAGE(.BOTH.,#10669);
#10669 = SURFACE_SIDE_STYLE('',(#10670));
#10670 = SURFACE_STYLE_FILL_AREA(#10671);
#10671 = FILL_AREA_STYLE('',(#10672));
#10672 = FILL_AREA_STYLE_COLOUR('',#10453);
#10673 = OVER_RIDING_STYLED_ITEM('overriding color',(#10674),#2542,
  #10446);
#10674 = PRESENTATION_STYLE_ASSIGNMENT((#10675));
#10675 = SURFACE_STYLE_USAGE(.BOTH.,#10676);
#10676 = SURFACE_SIDE_STYLE('',(#10677));
#10677 = SURFACE_STYLE_FILL_AREA(#10678);
#10678 = FILL_AREA_STYLE('',(#10679));
#10679 = FILL_AREA_STYLE_COLOUR('',#10453);
#10680 = OVER_RIDING_STYLED_ITEM('overriding color',(#10681),#2558,
  #10446);
#10681 = PRESENTATION_STYLE_ASSIGNMENT((#10682));
#10682 = SURFACE_STYLE_USAGE(.BOTH.,#10683);
#10683 = SURFACE_SIDE_STYLE('',(#10684));
#10684 = SURFACE_STYLE_FILL_AREA(#10685);
#10685 = FILL_AREA_STYLE('',(#10686));
#10686 = FILL_AREA_STYLE_COLOUR('',#10453);
#10687 = OVER_RIDING_STYLED_ITEM('overriding color',(#10688),#2574,
  #10446);
#10688 = PRESENTATION_STYLE_ASSIGNMENT((#10689));
#10689 = SURFACE_STYLE_USAGE(.BOTH.,#10690);
#10690 = SURFACE_SIDE_STYLE('',(#10691));
#10691 = SURFACE_STYLE_FILL_AREA(#10692);
#10692 = FILL_AREA_STYLE('',(#10693));
#10693 = FILL_AREA_STYLE_COLOUR('',#10453);
#10694 = OVER_RIDING_STYLED_ITEM('overriding color',(#10695),#2586,
  #10446);
#10695 = PRESENTATION_STYLE_ASSIGNMENT((#10696));
#10696 = SURFACE_STYLE_USAGE(.BOTH.,#10697);
#10697 = SURFACE_SIDE_STYLE('',(#10698));
#10698 = SURFACE_STYLE_FILL_AREA(#10699);
#10699 = FILL_AREA_STYLE('',(#10700));
#10700 = FILL_AREA_STYLE_COLOUR('',#10453);
#10701 = OVER_RIDING_STYLED_ITEM('overriding color',(#10702),#2602,
  #10446);
#10702 = PRESENTATION_STYLE_ASSIGNMENT((#10703));
#10703 = SURFACE_STYLE_USAGE(.BOTH.,#10704);
#10704 = SURFACE_SIDE_STYLE('',(#10705));
#10705 = SURFACE_STYLE_FILL_AREA(#10706);
#10706 = FILL_AREA_STYLE('',(#10707));
#10707 = FILL_AREA_STYLE_COLOUR('',#10453);
#10708 = OVER_RIDING_STYLED_ITEM('overriding color',(#10709),#2620,
  #10446);
#10709 = PRESENTATION_STYLE_ASSIGNMENT((#10710));
#10710 = SURFACE_STYLE_USAGE(.BOTH.,#10711);
#10711 = SURFACE_SIDE_STYLE('',(#10712));
#10712 = SURFACE_STYLE_FILL_AREA(#10713);
#10713 = FILL_AREA_STYLE('',(#10714));
#10714 = FILL_AREA_STYLE_COLOUR('',#10453);
#10715 = OVER_RIDING_STYLED_ITEM('overriding color',(#10716),#2636,
  #10446);
#10716 = PRESENTATION_STYLE_ASSIGNMENT((#10717));
#10717 = SURFACE_STYLE_USAGE(.BOTH.,#10718);
#10718 = SURFACE_SIDE_STYLE('',(#10719));
#10719 = SURFACE_STYLE_FILL_AREA(#10720);
#10720 = FILL_AREA_STYLE('',(#10721));
#10721 = FILL_AREA_STYLE_COLOUR('',#10453);
#10722 = OVER_RIDING_STYLED_ITEM('overriding color',(#10723),#2652,
  #10446);
#10723 = PRESENTATION_STYLE_ASSIGNMENT((#10724));
#10724 = SURFACE_STYLE_USAGE(.BOTH.,#10725);
#10725 = SURFACE_SIDE_STYLE('',(#10726));
#10726 = SURFACE_STYLE_FILL_AREA(#10727);
#10727 = FILL_AREA_STYLE('',(#10728));
#10728 = FILL_AREA_STYLE_COLOUR('',#10453);
#10729 = OVER_RIDING_STYLED_ITEM('overriding color',(#10730),#2664,
  #10446);
#10730 = PRESENTATION_STYLE_ASSIGNMENT((#10731));
#10731 = SURFACE_STYLE_USAGE(.BOTH.,#10732);
#10732 = SURFACE_SIDE_STYLE('',(#10733));
#10733 = SURFACE_STYLE_FILL_AREA(#10734);
#10734 = FILL_AREA_STYLE('',(#10735));
#10735 = FILL_AREA_STYLE_COLOUR('',#10453);
#10736 = OVER_RIDING_STYLED_ITEM('overriding color',(#10737),#2692,
  #10446);
#10737 = PRESENTATION_STYLE_ASSIGNMENT((#10738));
#10738 = SURFACE_STYLE_USAGE(.BOTH.,#10739);
#10739 = SURFACE_SIDE_STYLE('',(#10740));
#10740 = SURFACE_STYLE_FILL_AREA(#10741);
#10741 = FILL_AREA_STYLE('',(#10742));
#10742 = FILL_AREA_STYLE_COLOUR('',#10453);
#10743 = OVER_RIDING_STYLED_ITEM('overriding color',(#10744),#2716,
  #10446);
#10744 = PRESENTATION_STYLE_ASSIGNMENT((#10745));
#10745 = SURFACE_STYLE_USAGE(.BOTH.,#10746);
#10746 = SURFACE_SIDE_STYLE('',(#10747));
#10747 = SURFACE_STYLE_FILL_AREA(#10748);
#10748 = FILL_AREA_STYLE('',(#10749));
#10749 = FILL_AREA_STYLE_COLOUR('',#10453);
#10750 = OVER_RIDING_STYLED_ITEM('overriding color',(#10751),#2740,
  #10446);
#10751 = PRESENTATION_STYLE_ASSIGNMENT((#10752));
#10752 = SURFACE_STYLE_USAGE(.BOTH.,#10753);
#10753 = SURFACE_SIDE_STYLE('',(#10754));
#10754 = SURFACE_STYLE_FILL_AREA(#10755);
#10755 = FILL_AREA_STYLE('',(#10756));
#10756 = FILL_AREA_STYLE_COLOUR('',#10453);
#10757 = OVER_RIDING_STYLED_ITEM('overriding color',(#10758),#2786,
  #10446);
#10758 = PRESENTATION_STYLE_ASSIGNMENT((#10759));
#10759 = SURFACE_STYLE_USAGE(.BOTH.,#10760);
#10760 = SURFACE_SIDE_STYLE('',(#10761));
#10761 = SURFACE_STYLE_FILL_AREA(#10762);
#10762 = FILL_AREA_STYLE('',(#10763));
#10763 = FILL_AREA_STYLE_COLOUR('',#10453);
#10764 = OVER_RIDING_STYLED_ITEM('overriding color',(#10765),#2798,
  #10446);
#10765 = PRESENTATION_STYLE_ASSIGNMENT((#10766));
#10766 = SURFACE_STYLE_USAGE(.BOTH.,#10767);
#10767 = SURFACE_SIDE_STYLE('',(#10768));
#10768 = SURFACE_STYLE_FILL_AREA(#10769);
#10769 = FILL_AREA_STYLE('',(#10770));
#10770 = FILL_AREA_STYLE_COLOUR('',#10453);
#10771 = OVER_RIDING_STYLED_ITEM('overriding color',(#10772),#2826,
  #10446);
#10772 = PRESENTATION_STYLE_ASSIGNMENT((#10773));
#10773 = SURFACE_STYLE_USAGE(.BOTH.,#10774);
#10774 = SURFACE_SIDE_STYLE('',(#10775));
#10775 = SURFACE_STYLE_FILL_AREA(#10776);
#10776 = FILL_AREA_STYLE('',(#10777));
#10777 = FILL_AREA_STYLE_COLOUR('',#10453);
#10778 = OVER_RIDING_STYLED_ITEM('overriding color',(#10779),#2850,
  #10446);
#10779 = PRESENTATION_STYLE_ASSIGNMENT((#10780));
#10780 = SURFACE_STYLE_USAGE(.BOTH.,#10781);
#10781 = SURFACE_SIDE_STYLE('',(#10782));
#10782 = SURFACE_STYLE_FILL_AREA(#10783);
#10783 = FILL_AREA_STYLE('',(#10784));
#10784 = FILL_AREA_STYLE_COLOUR('',#10453);
#10785 = OVER_RIDING_STYLED_ITEM('overriding color',(#10786),#2874,
  #10446);
#10786 = PRESENTATION_STYLE_ASSIGNMENT((#10787));
#10787 = SURFACE_STYLE_USAGE(.BOTH.,#10788);
#10788 = SURFACE_SIDE_STYLE('',(#10789));
#10789 = SURFACE_STYLE_FILL_AREA(#10790);
#10790 = FILL_AREA_STYLE('',(#10791));
#10791 = FILL_AREA_STYLE_COLOUR('',#10453);
#10792 = OVER_RIDING_STYLED_ITEM('overriding color',(#10793),#2920,
  #10446);
#10793 = PRESENTATION_STYLE_ASSIGNMENT((#10794));
#10794 = SURFACE_STYLE_USAGE(.BOTH.,#10795);
#10795 = SURFACE_SIDE_STYLE('',(#10796));
#10796 = SURFACE_STYLE_FILL_AREA(#10797);
#10797 = FILL_AREA_STYLE('',(#10798));
#10798 = FILL_AREA_STYLE_COLOUR('',#10453);
#10799 = OVER_RIDING_STYLED_ITEM('overriding color',(#10800),#2932,
  #10446);
#10800 = PRESENTATION_STYLE_ASSIGNMENT((#10801));
#10801 = SURFACE_STYLE_USAGE(.BOTH.,#10802);
#10802 = SURFACE_SIDE_STYLE('',(#10803));
#10803 = SURFACE_STYLE_FILL_AREA(#10804);
#10804 = FILL_AREA_STYLE('',(#10805));
#10805 = FILL_AREA_STYLE_COLOUR('',#10806);
#10806 = COLOUR_RGB('',0.647058827698,0.619607835287,0.588235291739);
#10807 = OVER_RIDING_STYLED_ITEM('overriding color',(#10808),#2972,
  #10446);
#10808 = PRESENTATION_STYLE_ASSIGNMENT((#10809));
#10809 = SURFACE_STYLE_USAGE(.BOTH.,#10810);
#10810 = SURFACE_SIDE_STYLE('',(#10811));
#10811 = SURFACE_STYLE_FILL_AREA(#10812);
#10812 = FILL_AREA_STYLE('',(#10813));
#10813 = FILL_AREA_STYLE_COLOUR('',#10806);
#10814 = OVER_RIDING_STYLED_ITEM('overriding color',(#10815),#3000,
  #10446);
#10815 = PRESENTATION_STYLE_ASSIGNMENT((#10816));
#10816 = SURFACE_STYLE_USAGE(.BOTH.,#10817);
#10817 = SURFACE_SIDE_STYLE('',(#10818));
#10818 = SURFACE_STYLE_FILL_AREA(#10819);
#10819 = FILL_AREA_STYLE('',(#10820));
#10820 = FILL_AREA_STYLE_COLOUR('',#10806);
#10821 = OVER_RIDING_STYLED_ITEM('overriding color',(#10822),#3032,
  #10446);
#10822 = PRESENTATION_STYLE_ASSIGNMENT((#10823));
#10823 = SURFACE_STYLE_USAGE(.BOTH.,#10824);
#10824 = SURFACE_SIDE_STYLE('',(#10825));
#10825 = SURFACE_STYLE_FILL_AREA(#10826);
#10826 = FILL_AREA_STYLE('',(#10827));
#10827 = FILL_AREA_STYLE_COLOUR('',#10806);
#10828 = OVER_RIDING_STYLED_ITEM('overriding color',(#10829),#3060,
  #10446);
#10829 = PRESENTATION_STYLE_ASSIGNMENT((#10830));
#10830 = SURFACE_STYLE_USAGE(.BOTH.,#10831);
#10831 = SURFACE_SIDE_STYLE('',(#10832));
#10832 = SURFACE_STYLE_FILL_AREA(#10833);
#10833 = FILL_AREA_STYLE('',(#10834));
#10834 = FILL_AREA_STYLE_COLOUR('',#10806);
#10835 = OVER_RIDING_STYLED_ITEM('overriding color',(#10836),#3092,
  #10446);
#10836 = PRESENTATION_STYLE_ASSIGNMENT((#10837));
#10837 = SURFACE_STYLE_USAGE(.BOTH.,#10838);
#10838 = SURFACE_SIDE_STYLE('',(#10839));
#10839 = SURFACE_STYLE_FILL_AREA(#10840);
#10840 = FILL_AREA_STYLE('',(#10841));
#10841 = FILL_AREA_STYLE_COLOUR('',#10806);
#10842 = OVER_RIDING_STYLED_ITEM('overriding color',(#10843),#3134,
  #10446);
#10843 = PRESENTATION_STYLE_ASSIGNMENT((#10844));
#10844 = SURFACE_STYLE_USAGE(.BOTH.,#10845);
#10845 = SURFACE_SIDE_STYLE('',(#10846));
#10846 = SURFACE_STYLE_FILL_AREA(#10847);
#10847 = FILL_AREA_STYLE('',(#10848));
#10848 = FILL_AREA_STYLE_COLOUR('',#10806);
#10849 = OVER_RIDING_STYLED_ITEM('overriding color',(#10850),#3168,
  #10446);
#10850 = PRESENTATION_STYLE_ASSIGNMENT((#10851));
#10851 = SURFACE_STYLE_USAGE(.BOTH.,#10852);
#10852 = SURFACE_SIDE_STYLE('',(#10853));
#10853 = SURFACE_STYLE_FILL_AREA(#10854);
#10854 = FILL_AREA_STYLE('',(#10855));
#10855 = FILL_AREA_STYLE_COLOUR('',#10806);
#10856 = OVER_RIDING_STYLED_ITEM('overriding color',(#10857),#3204,
  #10446);
#10857 = PRESENTATION_STYLE_ASSIGNMENT((#10858));
#10858 = SURFACE_STYLE_USAGE(.BOTH.,#10859);
#10859 = SURFACE_SIDE_STYLE('',(#10860));
#10860 = SURFACE_STYLE_FILL_AREA(#10861);
#10861 = FILL_AREA_STYLE('',(#10862));
#10862 = FILL_AREA_STYLE_COLOUR('',#10806);
#10863 = OVER_RIDING_STYLED_ITEM('overriding color',(#10864),#3244,
  #10446);
#10864 = PRESENTATION_STYLE_ASSIGNMENT((#10865));
#10865 = SURFACE_STYLE_USAGE(.BOTH.,#10866);
#10866 = SURFACE_SIDE_STYLE('',(#10867));
#10867 = SURFACE_STYLE_FILL_AREA(#10868);
#10868 = FILL_AREA_STYLE('',(#10869));
#10869 = FILL_AREA_STYLE_COLOUR('',#10806);
#10870 = OVER_RIDING_STYLED_ITEM('overriding color',(#10871),#3272,
  #10446);
#10871 = PRESENTATION_STYLE_ASSIGNMENT((#10872));
#10872 = SURFACE_STYLE_USAGE(.BOTH.,#10873);
#10873 = SURFACE_SIDE_STYLE('',(#10874));
#10874 = SURFACE_STYLE_FILL_AREA(#10875);
#10875 = FILL_AREA_STYLE('',(#10876));
#10876 = FILL_AREA_STYLE_COLOUR('',#10806);
#10877 = OVER_RIDING_STYLED_ITEM('overriding color',(#10878),#3304,
  #10446);
#10878 = PRESENTATION_STYLE_ASSIGNMENT((#10879));
#10879 = SURFACE_STYLE_USAGE(.BOTH.,#10880);
#10880 = SURFACE_SIDE_STYLE('',(#10881));
#10881 = SURFACE_STYLE_FILL_AREA(#10882);
#10882 = FILL_AREA_STYLE('',(#10883));
#10883 = FILL_AREA_STYLE_COLOUR('',#10806);
#10884 = OVER_RIDING_STYLED_ITEM('overriding color',(#10885),#3332,
  #10446);
#10885 = PRESENTATION_STYLE_ASSIGNMENT((#10886));
#10886 = SURFACE_STYLE_USAGE(.BOTH.,#10887);
#10887 = SURFACE_SIDE_STYLE('',(#10888));
#10888 = SURFACE_STYLE_FILL_AREA(#10889);
#10889 = FILL_AREA_STYLE('',(#10890));
#10890 = FILL_AREA_STYLE_COLOUR('',#10806);
#10891 = OVER_RIDING_STYLED_ITEM('overriding color',(#10892),#3364,
  #10446);
#10892 = PRESENTATION_STYLE_ASSIGNMENT((#10893));
#10893 = SURFACE_STYLE_USAGE(.BOTH.,#10894);
#10894 = SURFACE_SIDE_STYLE('',(#10895));
#10895 = SURFACE_STYLE_FILL_AREA(#10896);
#10896 = FILL_AREA_STYLE('',(#10897));
#10897 = FILL_AREA_STYLE_COLOUR('',#10806);
#10898 = OVER_RIDING_STYLED_ITEM('overriding color',(#10899),#3392,
  #10446);
#10899 = PRESENTATION_STYLE_ASSIGNMENT((#10900));
#10900 = SURFACE_STYLE_USAGE(.BOTH.,#10901);
#10901 = SURFACE_SIDE_STYLE('',(#10902));
#10902 = SURFACE_STYLE_FILL_AREA(#10903);
#10903 = FILL_AREA_STYLE('',(#10904));
#10904 = FILL_AREA_STYLE_COLOUR('',#10806);
#10905 = OVER_RIDING_STYLED_ITEM('overriding color',(#10906),#3424,
  #10446);
#10906 = PRESENTATION_STYLE_ASSIGNMENT((#10907));
#10907 = SURFACE_STYLE_USAGE(.BOTH.,#10908);
#10908 = SURFACE_SIDE_STYLE('',(#10909));
#10909 = SURFACE_STYLE_FILL_AREA(#10910);
#10910 = FILL_AREA_STYLE('',(#10911));
#10911 = FILL_AREA_STYLE_COLOUR('',#10806);
#10912 = OVER_RIDING_STYLED_ITEM('overriding color',(#10913),#3468,
  #10446);
#10913 = PRESENTATION_STYLE_ASSIGNMENT((#10914));
#10914 = SURFACE_STYLE_USAGE(.BOTH.,#10915);
#10915 = SURFACE_SIDE_STYLE('',(#10916));
#10916 = SURFACE_STYLE_FILL_AREA(#10917);
#10917 = FILL_AREA_STYLE('',(#10918));
#10918 = FILL_AREA_STYLE_COLOUR('',#10806);
#10919 = OVER_RIDING_STYLED_ITEM('overriding color',(#10920),#3512,
  #10446);
#10920 = PRESENTATION_STYLE_ASSIGNMENT((#10921));
#10921 = SURFACE_STYLE_USAGE(.BOTH.,#10922);
#10922 = SURFACE_SIDE_STYLE('',(#10923));
#10923 = SURFACE_STYLE_FILL_AREA(#10924);
#10924 = FILL_AREA_STYLE('',(#10925));
#10925 = FILL_AREA_STYLE_COLOUR('',#10806);
#10926 = OVER_RIDING_STYLED_ITEM('overriding color',(#10927),#3524,
  #10446);
#10927 = PRESENTATION_STYLE_ASSIGNMENT((#10928));
#10928 = SURFACE_STYLE_USAGE(.BOTH.,#10929);
#10929 = SURFACE_SIDE_STYLE('',(#10930));
#10930 = SURFACE_STYLE_FILL_AREA(#10931);
#10931 = FILL_AREA_STYLE('',(#10932));
#10932 = FILL_AREA_STYLE_COLOUR('',#10806);
#10933 = OVER_RIDING_STYLED_ITEM('overriding color',(#10934),#3536,
  #10446);
#10934 = PRESENTATION_STYLE_ASSIGNMENT((#10935));
#10935 = SURFACE_STYLE_USAGE(.BOTH.,#10936);
#10936 = SURFACE_SIDE_STYLE('',(#10937));
#10937 = SURFACE_STYLE_FILL_AREA(#10938);
#10938 = FILL_AREA_STYLE('',(#10939));
#10939 = FILL_AREA_STYLE_COLOUR('',#10806);
#10940 = OVER_RIDING_STYLED_ITEM('overriding color',(#10941),#3564,
  #10446);
#10941 = PRESENTATION_STYLE_ASSIGNMENT((#10942));
#10942 = SURFACE_STYLE_USAGE(.BOTH.,#10943);
#10943 = SURFACE_SIDE_STYLE('',(#10944));
#10944 = SURFACE_STYLE_FILL_AREA(#10945);
#10945 = FILL_AREA_STYLE('',(#10946));
#10946 = FILL_AREA_STYLE_COLOUR('',#10806);
#10947 = OVER_RIDING_STYLED_ITEM('overriding color',(#10948),#3600,
  #10446);
#10948 = PRESENTATION_STYLE_ASSIGNMENT((#10949));
#10949 = SURFACE_STYLE_USAGE(.BOTH.,#10950);
#10950 = SURFACE_SIDE_STYLE('',(#10951));
#10951 = SURFACE_STYLE_FILL_AREA(#10952);
#10952 = FILL_AREA_STYLE('',(#10953));
#10953 = FILL_AREA_STYLE_COLOUR('',#10806);
#10954 = OVER_RIDING_STYLED_ITEM('overriding color',(#10955),#3628,
  #10446);
#10955 = PRESENTATION_STYLE_ASSIGNMENT((#10956));
#10956 = SURFACE_STYLE_USAGE(.BOTH.,#10957);
#10957 = SURFACE_SIDE_STYLE('',(#10958));
#10958 = SURFACE_STYLE_FILL_AREA(#10959);
#10959 = FILL_AREA_STYLE('',(#10960));
#10960 = FILL_AREA_STYLE_COLOUR('',#10806);
#10961 = OVER_RIDING_STYLED_ITEM('overriding color',(#10962),#3644,
  #10446);
#10962 = PRESENTATION_STYLE_ASSIGNMENT((#10963));
#10963 = SURFACE_STYLE_USAGE(.BOTH.,#10964);
#10964 = SURFACE_SIDE_STYLE('',(#10965));
#10965 = SURFACE_STYLE_FILL_AREA(#10966);
#10966 = FILL_AREA_STYLE('',(#10967));
#10967 = FILL_AREA_STYLE_COLOUR('',#10806);
#10968 = OVER_RIDING_STYLED_ITEM('overriding color',(#10969),#3660,
  #10446);
#10969 = PRESENTATION_STYLE_ASSIGNMENT((#10970));
#10970 = SURFACE_STYLE_USAGE(.BOTH.,#10971);
#10971 = SURFACE_SIDE_STYLE('',(#10972));
#10972 = SURFACE_STYLE_FILL_AREA(#10973);
#10973 = FILL_AREA_STYLE('',(#10974));
#10974 = FILL_AREA_STYLE_COLOUR('',#10806);
#10975 = OVER_RIDING_STYLED_ITEM('overriding color',(#10976),#3682,
  #10446);
#10976 = PRESENTATION_STYLE_ASSIGNMENT((#10977));
#10977 = SURFACE_STYLE_USAGE(.BOTH.,#10978);
#10978 = SURFACE_SIDE_STYLE('',(#10979));
#10979 = SURFACE_STYLE_FILL_AREA(#10980);
#10980 = FILL_AREA_STYLE('',(#10981));
#10981 = FILL_AREA_STYLE_COLOUR('',#10806);
#10982 = OVER_RIDING_STYLED_ITEM('overriding color',(#10983),#3700,
  #10446);
#10983 = PRESENTATION_STYLE_ASSIGNMENT((#10984));
#10984 = SURFACE_STYLE_USAGE(.BOTH.,#10985);
#10985 = SURFACE_SIDE_STYLE('',(#10986));
#10986 = SURFACE_STYLE_FILL_AREA(#10987);
#10987 = FILL_AREA_STYLE('',(#10988));
#10988 = FILL_AREA_STYLE_COLOUR('',#10806);
#10989 = OVER_RIDING_STYLED_ITEM('overriding color',(#10990),#3718,
  #10446);
#10990 = PRESENTATION_STYLE_ASSIGNMENT((#10991));
#10991 = SURFACE_STYLE_USAGE(.BOTH.,#10992);
#10992 = SURFACE_SIDE_STYLE('',(#10993));
#10993 = SURFACE_STYLE_FILL_AREA(#10994);
#10994 = FILL_AREA_STYLE('',(#10995));
#10995 = FILL_AREA_STYLE_COLOUR('',#10806);
#10996 = OVER_RIDING_STYLED_ITEM('overriding color',(#10997),#3730,
  #10446);
#10997 = PRESENTATION_STYLE_ASSIGNMENT((#10998));
#10998 = SURFACE_STYLE_USAGE(.BOTH.,#10999);
#10999 = SURFACE_SIDE_STYLE('',(#11000));
#11000 = SURFACE_STYLE_FILL_AREA(#11001);
#11001 = FILL_AREA_STYLE('',(#11002));
#11002 = FILL_AREA_STYLE_COLOUR('',#10806);
#11003 = OVER_RIDING_STYLED_ITEM('overriding color',(#11004),#3750,
  #10446);
#11004 = PRESENTATION_STYLE_ASSIGNMENT((#11005));
#11005 = SURFACE_STYLE_USAGE(.BOTH.,#11006);
#11006 = SURFACE_SIDE_STYLE('',(#11007));
#11007 = SURFACE_STYLE_FILL_AREA(#11008);
#11008 = FILL_AREA_STYLE('',(#11009));
#11009 = FILL_AREA_STYLE_COLOUR('',#10806);
#11010 = OVER_RIDING_STYLED_ITEM('overriding color',(#11011),#3766,
  #10446);
#11011 = PRESENTATION_STYLE_ASSIGNMENT((#11012));
#11012 = SURFACE_STYLE_USAGE(.BOTH.,#11013);
#11013 = SURFACE_SIDE_STYLE('',(#11014));
#11014 = SURFACE_STYLE_FILL_AREA(#11015);
#11015 = FILL_AREA_STYLE('',(#11016));
#11016 = FILL_AREA_STYLE_COLOUR('',#10806);
#11017 = OVER_RIDING_STYLED_ITEM('overriding color',(#11018),#3782,
  #10446);
#11018 = PRESENTATION_STYLE_ASSIGNMENT((#11019));
#11019 = SURFACE_STYLE_USAGE(.BOTH.,#11020);
#11020 = SURFACE_SIDE_STYLE('',(#11021));
#11021 = SURFACE_STYLE_FILL_AREA(#11022);
#11022 = FILL_AREA_STYLE('',(#11023));
#11023 = FILL_AREA_STYLE_COLOUR('',#10806);
#11024 = OVER_RIDING_STYLED_ITEM('overriding color',(#11025),#3794,
  #10446);
#11025 = PRESENTATION_STYLE_ASSIGNMENT((#11026));
#11026 = SURFACE_STYLE_USAGE(.BOTH.,#11027);
#11027 = SURFACE_SIDE_STYLE('',(#11028));
#11028 = SURFACE_STYLE_FILL_AREA(#11029);
#11029 = FILL_AREA_STYLE('',(#11030));
#11030 = FILL_AREA_STYLE_COLOUR('',#10806);
#11031 = OVER_RIDING_STYLED_ITEM('overriding color',(#11032),#3834,
  #10446);
#11032 = PRESENTATION_STYLE_ASSIGNMENT((#11033));
#11033 = SURFACE_STYLE_USAGE(.BOTH.,#11034);
#11034 = SURFACE_SIDE_STYLE('',(#11035));
#11035 = SURFACE_STYLE_FILL_AREA(#11036);
#11036 = FILL_AREA_STYLE('',(#11037));
#11037 = FILL_AREA_STYLE_COLOUR('',#10806);
#11038 = OVER_RIDING_STYLED_ITEM('overriding color',(#11039),#3862,
  #10446);
#11039 = PRESENTATION_STYLE_ASSIGNMENT((#11040));
#11040 = SURFACE_STYLE_USAGE(.BOTH.,#11041);
#11041 = SURFACE_SIDE_STYLE('',(#11042));
#11042 = SURFACE_STYLE_FILL_AREA(#11043);
#11043 = FILL_AREA_STYLE('',(#11044));
#11044 = FILL_AREA_STYLE_COLOUR('',#10806);
#11045 = OVER_RIDING_STYLED_ITEM('overriding color',(#11046),#3894,
  #10446);
#11046 = PRESENTATION_STYLE_ASSIGNMENT((#11047));
#11047 = SURFACE_STYLE_USAGE(.BOTH.,#11048);
#11048 = SURFACE_SIDE_STYLE('',(#11049));
#11049 = SURFACE_STYLE_FILL_AREA(#11050);
#11050 = FILL_AREA_STYLE('',(#11051));
#11051 = FILL_AREA_STYLE_COLOUR('',#10806);
#11052 = OVER_RIDING_STYLED_ITEM('overriding color',(#11053),#3922,
  #10446);
#11053 = PRESENTATION_STYLE_ASSIGNMENT((#11054));
#11054 = SURFACE_STYLE_USAGE(.BOTH.,#11055);
#11055 = SURFACE_SIDE_STYLE('',(#11056));
#11056 = SURFACE_STYLE_FILL_AREA(#11057);
#11057 = FILL_AREA_STYLE('',(#11058));
#11058 = FILL_AREA_STYLE_COLOUR('',#10806);
#11059 = OVER_RIDING_STYLED_ITEM('overriding color',(#11060),#3954,
  #10446);
#11060 = PRESENTATION_STYLE_ASSIGNMENT((#11061));
#11061 = SURFACE_STYLE_USAGE(.BOTH.,#11062);
#11062 = SURFACE_SIDE_STYLE('',(#11063));
#11063 = SURFACE_STYLE_FILL_AREA(#11064);
#11064 = FILL_AREA_STYLE('',(#11065));
#11065 = FILL_AREA_STYLE_COLOUR('',#10806);
#11066 = OVER_RIDING_STYLED_ITEM('overriding color',(#11067),#3996,
  #10446);
#11067 = PRESENTATION_STYLE_ASSIGNMENT((#11068));
#11068 = SURFACE_STYLE_USAGE(.BOTH.,#11069);
#11069 = SURFACE_SIDE_STYLE('',(#11070));
#11070 = SURFACE_STYLE_FILL_AREA(#11071);
#11071 = FILL_AREA_STYLE('',(#11072));
#11072 = FILL_AREA_STYLE_COLOUR('',#10806);
#11073 = OVER_RIDING_STYLED_ITEM('overriding color',(#11074),#4030,
  #10446);
#11074 = PRESENTATION_STYLE_ASSIGNMENT((#11075));
#11075 = SURFACE_STYLE_USAGE(.BOTH.,#11076);
#11076 = SURFACE_SIDE_STYLE('',(#11077));
#11077 = SURFACE_STYLE_FILL_AREA(#11078);
#11078 = FILL_AREA_STYLE('',(#11079));
#11079 = FILL_AREA_STYLE_COLOUR('',#10806);
#11080 = OVER_RIDING_STYLED_ITEM('overriding color',(#11081),#4066,
  #10446);
#11081 = PRESENTATION_STYLE_ASSIGNMENT((#11082));
#11082 = SURFACE_STYLE_USAGE(.BOTH.,#11083);
#11083 = SURFACE_SIDE_STYLE('',(#11084));
#11084 = SURFACE_STYLE_FILL_AREA(#11085);
#11085 = FILL_AREA_STYLE('',(#11086));
#11086 = FILL_AREA_STYLE_COLOUR('',#10806);
#11087 = OVER_RIDING_STYLED_ITEM('overriding color',(#11088),#4106,
  #10446);
#11088 = PRESENTATION_STYLE_ASSIGNMENT((#11089));
#11089 = SURFACE_STYLE_USAGE(.BOTH.,#11090);
#11090 = SURFACE_SIDE_STYLE('',(#11091));
#11091 = SURFACE_STYLE_FILL_AREA(#11092);
#11092 = FILL_AREA_STYLE('',(#11093));
#11093 = FILL_AREA_STYLE_COLOUR('',#10806);
#11094 = OVER_RIDING_STYLED_ITEM('overriding color',(#11095),#4134,
  #10446);
#11095 = PRESENTATION_STYLE_ASSIGNMENT((#11096));
#11096 = SURFACE_STYLE_USAGE(.BOTH.,#11097);
#11097 = SURFACE_SIDE_STYLE('',(#11098));
#11098 = SURFACE_STYLE_FILL_AREA(#11099);
#11099 = FILL_AREA_STYLE('',(#11100));
#11100 = FILL_AREA_STYLE_COLOUR('',#10806);
#11101 = OVER_RIDING_STYLED_ITEM('overriding color',(#11102),#4166,
  #10446);
#11102 = PRESENTATION_STYLE_ASSIGNMENT((#11103));
#11103 = SURFACE_STYLE_USAGE(.BOTH.,#11104);
#11104 = SURFACE_SIDE_STYLE('',(#11105));
#11105 = SURFACE_STYLE_FILL_AREA(#11106);
#11106 = FILL_AREA_STYLE('',(#11107));
#11107 = FILL_AREA_STYLE_COLOUR('',#10806);
#11108 = OVER_RIDING_STYLED_ITEM('overriding color',(#11109),#4194,
  #10446);
#11109 = PRESENTATION_STYLE_ASSIGNMENT((#11110));
#11110 = SURFACE_STYLE_USAGE(.BOTH.,#11111);
#11111 = SURFACE_SIDE_STYLE('',(#11112));
#11112 = SURFACE_STYLE_FILL_AREA(#11113);
#11113 = FILL_AREA_STYLE('',(#11114));
#11114 = FILL_AREA_STYLE_COLOUR('',#10806);
#11115 = OVER_RIDING_STYLED_ITEM('overriding color',(#11116),#4226,
  #10446);
#11116 = PRESENTATION_STYLE_ASSIGNMENT((#11117));
#11117 = SURFACE_STYLE_USAGE(.BOTH.,#11118);
#11118 = SURFACE_SIDE_STYLE('',(#11119));
#11119 = SURFACE_STYLE_FILL_AREA(#11120);
#11120 = FILL_AREA_STYLE('',(#11121));
#11121 = FILL_AREA_STYLE_COLOUR('',#10806);
#11122 = OVER_RIDING_STYLED_ITEM('overriding color',(#11123),#4254,
  #10446);
#11123 = PRESENTATION_STYLE_ASSIGNMENT((#11124));
#11124 = SURFACE_STYLE_USAGE(.BOTH.,#11125);
#11125 = SURFACE_SIDE_STYLE('',(#11126));
#11126 = SURFACE_STYLE_FILL_AREA(#11127);
#11127 = FILL_AREA_STYLE('',(#11128));
#11128 = FILL_AREA_STYLE_COLOUR('',#10806);
#11129 = OVER_RIDING_STYLED_ITEM('overriding color',(#11130),#4286,
  #10446);
#11130 = PRESENTATION_STYLE_ASSIGNMENT((#11131));
#11131 = SURFACE_STYLE_USAGE(.BOTH.,#11132);
#11132 = SURFACE_SIDE_STYLE('',(#11133));
#11133 = SURFACE_STYLE_FILL_AREA(#11134);
#11134 = FILL_AREA_STYLE('',(#11135));
#11135 = FILL_AREA_STYLE_COLOUR('',#10806);
#11136 = OVER_RIDING_STYLED_ITEM('overriding color',(#11137),#4330,
  #10446);
#11137 = PRESENTATION_STYLE_ASSIGNMENT((#11138));
#11138 = SURFACE_STYLE_USAGE(.BOTH.,#11139);
#11139 = SURFACE_SIDE_STYLE('',(#11140));
#11140 = SURFACE_STYLE_FILL_AREA(#11141);
#11141 = FILL_AREA_STYLE('',(#11142));
#11142 = FILL_AREA_STYLE_COLOUR('',#10806);
#11143 = OVER_RIDING_STYLED_ITEM('overriding color',(#11144),#4374,
  #10446);
#11144 = PRESENTATION_STYLE_ASSIGNMENT((#11145));
#11145 = SURFACE_STYLE_USAGE(.BOTH.,#11146);
#11146 = SURFACE_SIDE_STYLE('',(#11147));
#11147 = SURFACE_STYLE_FILL_AREA(#11148);
#11148 = FILL_AREA_STYLE('',(#11149));
#11149 = FILL_AREA_STYLE_COLOUR('',#10806);
#11150 = OVER_RIDING_STYLED_ITEM('overriding color',(#11151),#4386,
  #10446);
#11151 = PRESENTATION_STYLE_ASSIGNMENT((#11152));
#11152 = SURFACE_STYLE_USAGE(.BOTH.,#11153);
#11153 = SURFACE_SIDE_STYLE('',(#11154));
#11154 = SURFACE_STYLE_FILL_AREA(#11155);
#11155 = FILL_AREA_STYLE('',(#11156));
#11156 = FILL_AREA_STYLE_COLOUR('',#10806);
#11157 = OVER_RIDING_STYLED_ITEM('overriding color',(#11158),#4398,
  #10446);
#11158 = PRESENTATION_STYLE_ASSIGNMENT((#11159));
#11159 = SURFACE_STYLE_USAGE(.BOTH.,#11160);
#11160 = SURFACE_SIDE_STYLE('',(#11161));
#11161 = SURFACE_STYLE_FILL_AREA(#11162);
#11162 = FILL_AREA_STYLE('',(#11163));
#11163 = FILL_AREA_STYLE_COLOUR('',#10806);
#11164 = OVER_RIDING_STYLED_ITEM('overriding color',(#11165),#4426,
  #10446);
#11165 = PRESENTATION_STYLE_ASSIGNMENT((#11166));
#11166 = SURFACE_STYLE_USAGE(.BOTH.,#11167);
#11167 = SURFACE_SIDE_STYLE('',(#11168));
#11168 = SURFACE_STYLE_FILL_AREA(#11169);
#11169 = FILL_AREA_STYLE('',(#11170));
#11170 = FILL_AREA_STYLE_COLOUR('',#10806);
#11171 = OVER_RIDING_STYLED_ITEM('overriding color',(#11172),#4462,
  #10446);
#11172 = PRESENTATION_STYLE_ASSIGNMENT((#11173));
#11173 = SURFACE_STYLE_USAGE(.BOTH.,#11174);
#11174 = SURFACE_SIDE_STYLE('',(#11175));
#11175 = SURFACE_STYLE_FILL_AREA(#11176);
#11176 = FILL_AREA_STYLE('',(#11177));
#11177 = FILL_AREA_STYLE_COLOUR('',#10806);
#11178 = OVER_RIDING_STYLED_ITEM('overriding color',(#11179),#4490,
  #10446);
#11179 = PRESENTATION_STYLE_ASSIGNMENT((#11180));
#11180 = SURFACE_STYLE_USAGE(.BOTH.,#11181);
#11181 = SURFACE_SIDE_STYLE('',(#11182));
#11182 = SURFACE_STYLE_FILL_AREA(#11183);
#11183 = FILL_AREA_STYLE('',(#11184));
#11184 = FILL_AREA_STYLE_COLOUR('',#10806);
#11185 = OVER_RIDING_STYLED_ITEM('overriding color',(#11186),#4506,
  #10446);
#11186 = PRESENTATION_STYLE_ASSIGNMENT((#11187));
#11187 = SURFACE_STYLE_USAGE(.BOTH.,#11188);
#11188 = SURFACE_SIDE_STYLE('',(#11189));
#11189 = SURFACE_STYLE_FILL_AREA(#11190);
#11190 = FILL_AREA_STYLE('',(#11191));
#11191 = FILL_AREA_STYLE_COLOUR('',#10806);
#11192 = OVER_RIDING_STYLED_ITEM('overriding color',(#11193),#4522,
  #10446);
#11193 = PRESENTATION_STYLE_ASSIGNMENT((#11194));
#11194 = SURFACE_STYLE_USAGE(.BOTH.,#11195);
#11195 = SURFACE_SIDE_STYLE('',(#11196));
#11196 = SURFACE_STYLE_FILL_AREA(#11197);
#11197 = FILL_AREA_STYLE('',(#11198));
#11198 = FILL_AREA_STYLE_COLOUR('',#10806);
#11199 = OVER_RIDING_STYLED_ITEM('overriding color',(#11200),#4544,
  #10446);
#11200 = PRESENTATION_STYLE_ASSIGNMENT((#11201));
#11201 = SURFACE_STYLE_USAGE(.BOTH.,#11202);
#11202 = SURFACE_SIDE_STYLE('',(#11203));
#11203 = SURFACE_STYLE_FILL_AREA(#11204);
#11204 = FILL_AREA_STYLE('',(#11205));
#11205 = FILL_AREA_STYLE_COLOUR('',#10806);
#11206 = OVER_RIDING_STYLED_ITEM('overriding color',(#11207),#4562,
  #10446);
#11207 = PRESENTATION_STYLE_ASSIGNMENT((#11208));
#11208 = SURFACE_STYLE_USAGE(.BOTH.,#11209);
#11209 = SURFACE_SIDE_STYLE('',(#11210));
#11210 = SURFACE_STYLE_FILL_AREA(#11211);
#11211 = FILL_AREA_STYLE('',(#11212));
#11212 = FILL_AREA_STYLE_COLOUR('',#10806);
#11213 = OVER_RIDING_STYLED_ITEM('overriding color',(#11214),#4580,
  #10446);
#11214 = PRESENTATION_STYLE_ASSIGNMENT((#11215));
#11215 = SURFACE_STYLE_USAGE(.BOTH.,#11216);
#11216 = SURFACE_SIDE_STYLE('',(#11217));
#11217 = SURFACE_STYLE_FILL_AREA(#11218);
#11218 = FILL_AREA_STYLE('',(#11219));
#11219 = FILL_AREA_STYLE_COLOUR('',#10806);
#11220 = OVER_RIDING_STYLED_ITEM('overriding color',(#11221),#4592,
  #10446);
#11221 = PRESENTATION_STYLE_ASSIGNMENT((#11222));
#11222 = SURFACE_STYLE_USAGE(.BOTH.,#11223);
#11223 = SURFACE_SIDE_STYLE('',(#11224));
#11224 = SURFACE_STYLE_FILL_AREA(#11225);
#11225 = FILL_AREA_STYLE('',(#11226));
#11226 = FILL_AREA_STYLE_COLOUR('',#10806);
#11227 = OVER_RIDING_STYLED_ITEM('overriding color',(#11228),#4612,
  #10446);
#11228 = PRESENTATION_STYLE_ASSIGNMENT((#11229));
#11229 = SURFACE_STYLE_USAGE(.BOTH.,#11230);
#11230 = SURFACE_SIDE_STYLE('',(#11231));
#11231 = SURFACE_STYLE_FILL_AREA(#11232);
#11232 = FILL_AREA_STYLE('',(#11233));
#11233 = FILL_AREA_STYLE_COLOUR('',#10806);
#11234 = OVER_RIDING_STYLED_ITEM('overriding color',(#11235),#4628,
  #10446);
#11235 = PRESENTATION_STYLE_ASSIGNMENT((#11236));
#11236 = SURFACE_STYLE_USAGE(.BOTH.,#11237);
#11237 = SURFACE_SIDE_STYLE('',(#11238));
#11238 = SURFACE_STYLE_FILL_AREA(#11239);
#11239 = FILL_AREA_STYLE('',(#11240));
#11240 = FILL_AREA_STYLE_COLOUR('',#10806);
#11241 = OVER_RIDING_STYLED_ITEM('overriding color',(#11242),#4644,
  #10446);
#11242 = PRESENTATION_STYLE_ASSIGNMENT((#11243));
#11243 = SURFACE_STYLE_USAGE(.BOTH.,#11244);
#11244 = SURFACE_SIDE_STYLE('',(#11245));
#11245 = SURFACE_STYLE_FILL_AREA(#11246);
#11246 = FILL_AREA_STYLE('',(#11247));
#11247 = FILL_AREA_STYLE_COLOUR('',#10806);
#11248 = OVER_RIDING_STYLED_ITEM('overriding color',(#11249),#4656,
  #10446);
#11249 = PRESENTATION_STYLE_ASSIGNMENT((#11250));
#11250 = SURFACE_STYLE_USAGE(.BOTH.,#11251);
#11251 = SURFACE_SIDE_STYLE('',(#11252));
#11252 = SURFACE_STYLE_FILL_AREA(#11253);
#11253 = FILL_AREA_STYLE('',(#11254));
#11254 = FILL_AREA_STYLE_COLOUR('',#11255);
#11255 = DRAUGHTING_PRE_DEFINED_COLOUR('black');
#11256 = OVER_RIDING_STYLED_ITEM('overriding color',(#11257),#4684,
  #10446);
#11257 = PRESENTATION_STYLE_ASSIGNMENT((#11258));
#11258 = SURFACE_STYLE_USAGE(.BOTH.,#11259);
#11259 = SURFACE_SIDE_STYLE('',(#11260));
#11260 = SURFACE_STYLE_FILL_AREA(#11261);
#11261 = FILL_AREA_STYLE('',(#11262));
#11262 = FILL_AREA_STYLE_COLOUR('',#11255);
#11263 = OVER_RIDING_STYLED_ITEM('overriding color',(#11264),#4706,
  #10446);
#11264 = PRESENTATION_STYLE_ASSIGNMENT((#11265));
#11265 = SURFACE_STYLE_USAGE(.BOTH.,#11266);
#11266 = SURFACE_SIDE_STYLE('',(#11267));
#11267 = SURFACE_STYLE_FILL_AREA(#11268);
#11268 = FILL_AREA_STYLE('',(#11269));
#11269 = FILL_AREA_STYLE_COLOUR('',#11255);
#11270 = OVER_RIDING_STYLED_ITEM('overriding color',(#11271),#4728,
  #10446);
#11271 = PRESENTATION_STYLE_ASSIGNMENT((#11272));
#11272 = SURFACE_STYLE_USAGE(.BOTH.,#11273);
#11273 = SURFACE_SIDE_STYLE('',(#11274));
#11274 = SURFACE_STYLE_FILL_AREA(#11275);
#11275 = FILL_AREA_STYLE('',(#11276));
#11276 = FILL_AREA_STYLE_COLOUR('',#11255);
#11277 = OVER_RIDING_STYLED_ITEM('overriding color',(#11278),#4750,
  #10446);
#11278 = PRESENTATION_STYLE_ASSIGNMENT((#11279));
#11279 = SURFACE_STYLE_USAGE(.BOTH.,#11280);
#11280 = SURFACE_SIDE_STYLE('',(#11281));
#11281 = SURFACE_STYLE_FILL_AREA(#11282);
#11282 = FILL_AREA_STYLE('',(#11283));
#11283 = FILL_AREA_STYLE_COLOUR('',#11255);
#11284 = OVER_RIDING_STYLED_ITEM('overriding color',(#11285),#4772,
  #10446);
#11285 = PRESENTATION_STYLE_ASSIGNMENT((#11286));
#11286 = SURFACE_STYLE_USAGE(.BOTH.,#11287);
#11287 = SURFACE_SIDE_STYLE('',(#11288));
#11288 = SURFACE_STYLE_FILL_AREA(#11289);
#11289 = FILL_AREA_STYLE('',(#11290));
#11290 = FILL_AREA_STYLE_COLOUR('',#11255);
#11291 = OVER_RIDING_STYLED_ITEM('overriding color',(#11292),#4788,
  #10446);
#11292 = PRESENTATION_STYLE_ASSIGNMENT((#11293));
#11293 = SURFACE_STYLE_USAGE(.BOTH.,#11294);
#11294 = SURFACE_SIDE_STYLE('',(#11295));
#11295 = SURFACE_STYLE_FILL_AREA(#11296);
#11296 = FILL_AREA_STYLE('',(#11297));
#11297 = FILL_AREA_STYLE_COLOUR('',#11255);
#11298 = OVER_RIDING_STYLED_ITEM('overriding color',(#11299),#4802,
  #10446);
#11299 = PRESENTATION_STYLE_ASSIGNMENT((#11300));
#11300 = SURFACE_STYLE_USAGE(.BOTH.,#11301);
#11301 = SURFACE_SIDE_STYLE('',(#11302));
#11302 = SURFACE_STYLE_FILL_AREA(#11303);
#11303 = FILL_AREA_STYLE('',(#11304));
#11304 = FILL_AREA_STYLE_COLOUR('',#11255);
#11305 = OVER_RIDING_STYLED_ITEM('overriding color',(#11306),#4836,
  #10446);
#11306 = PRESENTATION_STYLE_ASSIGNMENT((#11307));
#11307 = SURFACE_STYLE_USAGE(.BOTH.,#11308);
#11308 = SURFACE_SIDE_STYLE('',(#11309));
#11309 = SURFACE_STYLE_FILL_AREA(#11310);
#11310 = FILL_AREA_STYLE('',(#11311));
#11311 = FILL_AREA_STYLE_COLOUR('',#11255);
#11312 = OVER_RIDING_STYLED_ITEM('overriding color',(#11313),#4858,
  #10446);
#11313 = PRESENTATION_STYLE_ASSIGNMENT((#11314));
#11314 = SURFACE_STYLE_USAGE(.BOTH.,#11315);
#11315 = SURFACE_SIDE_STYLE('',(#11316));
#11316 = SURFACE_STYLE_FILL_AREA(#11317);
#11317 = FILL_AREA_STYLE('',(#11318));
#11318 = FILL_AREA_STYLE_COLOUR('',#11255);
#11319 = OVER_RIDING_STYLED_ITEM('overriding color',(#11320),#4886,
  #10446);
#11320 = PRESENTATION_STYLE_ASSIGNMENT((#11321));
#11321 = SURFACE_STYLE_USAGE(.BOTH.,#11322);
#11322 = SURFACE_SIDE_STYLE('',(#11323));
#11323 = SURFACE_STYLE_FILL_AREA(#11324);
#11324 = FILL_AREA_STYLE('',(#11325));
#11325 = FILL_AREA_STYLE_COLOUR('',#11255);
#11326 = OVER_RIDING_STYLED_ITEM('overriding color',(#11327),#4914,
  #10446);
#11327 = PRESENTATION_STYLE_ASSIGNMENT((#11328));
#11328 = SURFACE_STYLE_USAGE(.BOTH.,#11329);
#11329 = SURFACE_SIDE_STYLE('',(#11330));
#11330 = SURFACE_STYLE_FILL_AREA(#11331);
#11331 = FILL_AREA_STYLE('',(#11332));
#11332 = FILL_AREA_STYLE_COLOUR('',#11255);
#11333 = OVER_RIDING_STYLED_ITEM('overriding color',(#11334),#4942,
  #10446);
#11334 = PRESENTATION_STYLE_ASSIGNMENT((#11335));
#11335 = SURFACE_STYLE_USAGE(.BOTH.,#11336);
#11336 = SURFACE_SIDE_STYLE('',(#11337));
#11337 = SURFACE_STYLE_FILL_AREA(#11338);
#11338 = FILL_AREA_STYLE('',(#11339));
#11339 = FILL_AREA_STYLE_COLOUR('',#11255);
#11340 = OVER_RIDING_STYLED_ITEM('overriding color',(#11341),#4970,
  #10446);
#11341 = PRESENTATION_STYLE_ASSIGNMENT((#11342));
#11342 = SURFACE_STYLE_USAGE(.BOTH.,#11343);
#11343 = SURFACE_SIDE_STYLE('',(#11344));
#11344 = SURFACE_STYLE_FILL_AREA(#11345);
#11345 = FILL_AREA_STYLE('',(#11346));
#11346 = FILL_AREA_STYLE_COLOUR('',#11255);
#11347 = OVER_RIDING_STYLED_ITEM('overriding color',(#11348),#4998,
  #10446);
#11348 = PRESENTATION_STYLE_ASSIGNMENT((#11349));
#11349 = SURFACE_STYLE_USAGE(.BOTH.,#11350);
#11350 = SURFACE_SIDE_STYLE('',(#11351));
#11351 = SURFACE_STYLE_FILL_AREA(#11352);
#11352 = FILL_AREA_STYLE('',(#11353));
#11353 = FILL_AREA_STYLE_COLOUR('',#11255);
#11354 = OVER_RIDING_STYLED_ITEM('overriding color',(#11355),#5026,
  #10446);
#11355 = PRESENTATION_STYLE_ASSIGNMENT((#11356));
#11356 = SURFACE_STYLE_USAGE(.BOTH.,#11357);
#11357 = SURFACE_SIDE_STYLE('',(#11358));
#11358 = SURFACE_STYLE_FILL_AREA(#11359);
#11359 = FILL_AREA_STYLE('',(#11360));
#11360 = FILL_AREA_STYLE_COLOUR('',#11255);
#11361 = OVER_RIDING_STYLED_ITEM('overriding color',(#11362),#5048,
  #10446);
#11362 = PRESENTATION_STYLE_ASSIGNMENT((#11363));
#11363 = SURFACE_STYLE_USAGE(.BOTH.,#11364);
#11364 = SURFACE_SIDE_STYLE('',(#11365));
#11365 = SURFACE_STYLE_FILL_AREA(#11366);
#11366 = FILL_AREA_STYLE('',(#11367));
#11367 = FILL_AREA_STYLE_COLOUR('',#11255);
#11368 = OVER_RIDING_STYLED_ITEM('overriding color',(#11369),#5076,
  #10446);
#11369 = PRESENTATION_STYLE_ASSIGNMENT((#11370));
#11370 = SURFACE_STYLE_USAGE(.BOTH.,#11371);
#11371 = SURFACE_SIDE_STYLE('',(#11372));
#11372 = SURFACE_STYLE_FILL_AREA(#11373);
#11373 = FILL_AREA_STYLE('',(#11374));
#11374 = FILL_AREA_STYLE_COLOUR('',#11255);
#11375 = OVER_RIDING_STYLED_ITEM('overriding color',(#11376),#5104,
  #10446);
#11376 = PRESENTATION_STYLE_ASSIGNMENT((#11377));
#11377 = SURFACE_STYLE_USAGE(.BOTH.,#11378);
#11378 = SURFACE_SIDE_STYLE('',(#11379));
#11379 = SURFACE_STYLE_FILL_AREA(#11380);
#11380 = FILL_AREA_STYLE('',(#11381));
#11381 = FILL_AREA_STYLE_COLOUR('',#11255);
#11382 = OVER_RIDING_STYLED_ITEM('overriding color',(#11383),#5132,
  #10446);
#11383 = PRESENTATION_STYLE_ASSIGNMENT((#11384));
#11384 = SURFACE_STYLE_USAGE(.BOTH.,#11385);
#11385 = SURFACE_SIDE_STYLE('',(#11386));
#11386 = SURFACE_STYLE_FILL_AREA(#11387);
#11387 = FILL_AREA_STYLE('',(#11388));
#11388 = FILL_AREA_STYLE_COLOUR('',#11255);
#11389 = OVER_RIDING_STYLED_ITEM('overriding color',(#11390),#5160,
  #10446);
#11390 = PRESENTATION_STYLE_ASSIGNMENT((#11391));
#11391 = SURFACE_STYLE_USAGE(.BOTH.,#11392);
#11392 = SURFACE_SIDE_STYLE('',(#11393));
#11393 = SURFACE_STYLE_FILL_AREA(#11394);
#11394 = FILL_AREA_STYLE('',(#11395));
#11395 = FILL_AREA_STYLE_COLOUR('',#11255);
#11396 = OVER_RIDING_STYLED_ITEM('overriding color',(#11397),#5182,
  #10446);
#11397 = PRESENTATION_STYLE_ASSIGNMENT((#11398));
#11398 = SURFACE_STYLE_USAGE(.BOTH.,#11399);
#11399 = SURFACE_SIDE_STYLE('',(#11400));
#11400 = SURFACE_STYLE_FILL_AREA(#11401);
#11401 = FILL_AREA_STYLE('',(#11402));
#11402 = FILL_AREA_STYLE_COLOUR('',#11255);
#11403 = OVER_RIDING_STYLED_ITEM('overriding color',(#11404),#5204,
  #10446);
#11404 = PRESENTATION_STYLE_ASSIGNMENT((#11405));
#11405 = SURFACE_STYLE_USAGE(.BOTH.,#11406);
#11406 = SURFACE_SIDE_STYLE('',(#11407));
#11407 = SURFACE_STYLE_FILL_AREA(#11408);
#11408 = FILL_AREA_STYLE('',(#11409));
#11409 = FILL_AREA_STYLE_COLOUR('',#11255);
#11410 = OVER_RIDING_STYLED_ITEM('overriding color',(#11411),#5232,
  #10446);
#11411 = PRESENTATION_STYLE_ASSIGNMENT((#11412));
#11412 = SURFACE_STYLE_USAGE(.BOTH.,#11413);
#11413 = SURFACE_SIDE_STYLE('',(#11414));
#11414 = SURFACE_STYLE_FILL_AREA(#11415);
#11415 = FILL_AREA_STYLE('',(#11416));
#11416 = FILL_AREA_STYLE_COLOUR('',#11255);
#11417 = OVER_RIDING_STYLED_ITEM('overriding color',(#11418),#5254,
  #10446);
#11418 = PRESENTATION_STYLE_ASSIGNMENT((#11419));
#11419 = SURFACE_STYLE_USAGE(.BOTH.,#11420);
#11420 = SURFACE_SIDE_STYLE('',(#11421));
#11421 = SURFACE_STYLE_FILL_AREA(#11422);
#11422 = FILL_AREA_STYLE('',(#11423));
#11423 = FILL_AREA_STYLE_COLOUR('',#11255);
#11424 = OVER_RIDING_STYLED_ITEM('overriding color',(#11425),#5276,
  #10446);
#11425 = PRESENTATION_STYLE_ASSIGNMENT((#11426));
#11426 = SURFACE_STYLE_USAGE(.BOTH.,#11427);
#11427 = SURFACE_SIDE_STYLE('',(#11428));
#11428 = SURFACE_STYLE_FILL_AREA(#11429);
#11429 = FILL_AREA_STYLE('',(#11430));
#11430 = FILL_AREA_STYLE_COLOUR('',#11255);
#11431 = OVER_RIDING_STYLED_ITEM('overriding color',(#11432),#5298,
  #10446);
#11432 = PRESENTATION_STYLE_ASSIGNMENT((#11433));
#11433 = SURFACE_STYLE_USAGE(.BOTH.,#11434);
#11434 = SURFACE_SIDE_STYLE('',(#11435));
#11435 = SURFACE_STYLE_FILL_AREA(#11436);
#11436 = FILL_AREA_STYLE('',(#11437));
#11437 = FILL_AREA_STYLE_COLOUR('',#11255);
#11438 = OVER_RIDING_STYLED_ITEM('overriding color',(#11439),#5320,
  #10446);
#11439 = PRESENTATION_STYLE_ASSIGNMENT((#11440));
#11440 = SURFACE_STYLE_USAGE(.BOTH.,#11441);
#11441 = SURFACE_SIDE_STYLE('',(#11442));
#11442 = SURFACE_STYLE_FILL_AREA(#11443);
#11443 = FILL_AREA_STYLE('',(#11444));
#11444 = FILL_AREA_STYLE_COLOUR('',#11255);
#11445 = OVER_RIDING_STYLED_ITEM('overriding color',(#11446),#5342,
  #10446);
#11446 = PRESENTATION_STYLE_ASSIGNMENT((#11447));
#11447 = SURFACE_STYLE_USAGE(.BOTH.,#11448);
#11448 = SURFACE_SIDE_STYLE('',(#11449));
#11449 = SURFACE_STYLE_FILL_AREA(#11450);
#11450 = FILL_AREA_STYLE('',(#11451));
#11451 = FILL_AREA_STYLE_COLOUR('',#11255);
#11452 = OVER_RIDING_STYLED_ITEM('overriding color',(#11453),#5364,
  #10446);
#11453 = PRESENTATION_STYLE_ASSIGNMENT((#11454));
#11454 = SURFACE_STYLE_USAGE(.BOTH.,#11455);
#11455 = SURFACE_SIDE_STYLE('',(#11456));
#11456 = SURFACE_STYLE_FILL_AREA(#11457);
#11457 = FILL_AREA_STYLE('',(#11458));
#11458 = FILL_AREA_STYLE_COLOUR('',#11255);
#11459 = OVER_RIDING_STYLED_ITEM('overriding color',(#11460),#5386,
  #10446);
#11460 = PRESENTATION_STYLE_ASSIGNMENT((#11461));
#11461 = SURFACE_STYLE_USAGE(.BOTH.,#11462);
#11462 = SURFACE_SIDE_STYLE('',(#11463));
#11463 = SURFACE_STYLE_FILL_AREA(#11464);
#11464 = FILL_AREA_STYLE('',(#11465));
#11465 = FILL_AREA_STYLE_COLOUR('',#11255);
#11466 = OVER_RIDING_STYLED_ITEM('overriding color',(#11467),#5408,
  #10446);
#11467 = PRESENTATION_STYLE_ASSIGNMENT((#11468));
#11468 = SURFACE_STYLE_USAGE(.BOTH.,#11469);
#11469 = SURFACE_SIDE_STYLE('',(#11470));
#11470 = SURFACE_STYLE_FILL_AREA(#11471);
#11471 = FILL_AREA_STYLE('',(#11472));
#11472 = FILL_AREA_STYLE_COLOUR('',#11255);
#11473 = OVER_RIDING_STYLED_ITEM('overriding color',(#11474),#5430,
  #10446);
#11474 = PRESENTATION_STYLE_ASSIGNMENT((#11475));
#11475 = SURFACE_STYLE_USAGE(.BOTH.,#11476);
#11476 = SURFACE_SIDE_STYLE('',(#11477));
#11477 = SURFACE_STYLE_FILL_AREA(#11478);
#11478 = FILL_AREA_STYLE('',(#11479));
#11479 = FILL_AREA_STYLE_COLOUR('',#11255);
#11480 = OVER_RIDING_STYLED_ITEM('overriding color',(#11481),#5452,
  #10446);
#11481 = PRESENTATION_STYLE_ASSIGNMENT((#11482));
#11482 = SURFACE_STYLE_USAGE(.BOTH.,#11483);
#11483 = SURFACE_SIDE_STYLE('',(#11484));
#11484 = SURFACE_STYLE_FILL_AREA(#11485);
#11485 = FILL_AREA_STYLE('',(#11486));
#11486 = FILL_AREA_STYLE_COLOUR('',#11255);
#11487 = OVER_RIDING_STYLED_ITEM('overriding color',(#11488),#5468,
  #10446);
#11488 = PRESENTATION_STYLE_ASSIGNMENT((#11489));
#11489 = SURFACE_STYLE_USAGE(.BOTH.,#11490);
#11490 = SURFACE_SIDE_STYLE('',(#11491));
#11491 = SURFACE_STYLE_FILL_AREA(#11492);
#11492 = FILL_AREA_STYLE('',(#11493));
#11493 = FILL_AREA_STYLE_COLOUR('',#11255);
#11494 = OVER_RIDING_STYLED_ITEM('overriding color',(#11495),#5488,
  #10446);
#11495 = PRESENTATION_STYLE_ASSIGNMENT((#11496));
#11496 = SURFACE_STYLE_USAGE(.BOTH.,#11497);
#11497 = SURFACE_SIDE_STYLE('',(#11498));
#11498 = SURFACE_STYLE_FILL_AREA(#11499);
#11499 = FILL_AREA_STYLE('',(#11500));
#11500 = FILL_AREA_STYLE_COLOUR('',#11255);
#11501 = OVER_RIDING_STYLED_ITEM('overriding color',(#11502),#5612,
  #10446);
#11502 = PRESENTATION_STYLE_ASSIGNMENT((#11503));
#11503 = SURFACE_STYLE_USAGE(.BOTH.,#11504);
#11504 = SURFACE_SIDE_STYLE('',(#11505));
#11505 = SURFACE_STYLE_FILL_AREA(#11506);
#11506 = FILL_AREA_STYLE('',(#11507));
#11507 = FILL_AREA_STYLE_COLOUR('',#11255);
#11508 = OVER_RIDING_STYLED_ITEM('overriding color',(#11509),#5632,
  #10446);
#11509 = PRESENTATION_STYLE_ASSIGNMENT((#11510));
#11510 = SURFACE_STYLE_USAGE(.BOTH.,#11511);
#11511 = SURFACE_SIDE_STYLE('',(#11512));
#11512 = SURFACE_STYLE_FILL_AREA(#11513);
#11513 = FILL_AREA_STYLE('',(#11514));
#11514 = FILL_AREA_STYLE_COLOUR('',#11255);
#11515 = OVER_RIDING_STYLED_ITEM('overriding color',(#11516),#5652,
  #10446);
#11516 = PRESENTATION_STYLE_ASSIGNMENT((#11517));
#11517 = SURFACE_STYLE_USAGE(.BOTH.,#11518);
#11518 = SURFACE_SIDE_STYLE('',(#11519));
#11519 = SURFACE_STYLE_FILL_AREA(#11520);
#11520 = FILL_AREA_STYLE('',(#11521));
#11521 = FILL_AREA_STYLE_COLOUR('',#11255);
#11522 = OVER_RIDING_STYLED_ITEM('overriding color',(#11523),#5672,
  #10446);
#11523 = PRESENTATION_STYLE_ASSIGNMENT((#11524));
#11524 = SURFACE_STYLE_USAGE(.BOTH.,#11525);
#11525 = SURFACE_SIDE_STYLE('',(#11526));
#11526 = SURFACE_STYLE_FILL_AREA(#11527);
#11527 = FILL_AREA_STYLE('',(#11528));
#11528 = FILL_AREA_STYLE_COLOUR('',#11255);
#11529 = OVER_RIDING_STYLED_ITEM('overriding color',(#11530),#5692,
  #10446);
#11530 = PRESENTATION_STYLE_ASSIGNMENT((#11531));
#11531 = SURFACE_STYLE_USAGE(.BOTH.,#11532);
#11532 = SURFACE_SIDE_STYLE('',(#11533));
#11533 = SURFACE_STYLE_FILL_AREA(#11534);
#11534 = FILL_AREA_STYLE('',(#11535));
#11535 = FILL_AREA_STYLE_COLOUR('',#11255);
#11536 = OVER_RIDING_STYLED_ITEM('overriding color',(#11537),#5712,
  #10446);
#11537 = PRESENTATION_STYLE_ASSIGNMENT((#11538));
#11538 = SURFACE_STYLE_USAGE(.BOTH.,#11539);
#11539 = SURFACE_SIDE_STYLE('',(#11540));
#11540 = SURFACE_STYLE_FILL_AREA(#11541);
#11541 = FILL_AREA_STYLE('',(#11542));
#11542 = FILL_AREA_STYLE_COLOUR('',#11255);
#11543 = OVER_RIDING_STYLED_ITEM('overriding color',(#11544),#5728,
  #10446);
#11544 = PRESENTATION_STYLE_ASSIGNMENT((#11545));
#11545 = SURFACE_STYLE_USAGE(.BOTH.,#11546);
#11546 = SURFACE_SIDE_STYLE('',(#11547));
#11547 = SURFACE_STYLE_FILL_AREA(#11548);
#11548 = FILL_AREA_STYLE('',(#11549));
#11549 = FILL_AREA_STYLE_COLOUR('',#11255);
#11550 = OVER_RIDING_STYLED_ITEM('overriding color',(#11551),#5740,
  #10446);
#11551 = PRESENTATION_STYLE_ASSIGNMENT((#11552));
#11552 = SURFACE_STYLE_USAGE(.BOTH.,#11553);
#11553 = SURFACE_SIDE_STYLE('',(#11554));
#11554 = SURFACE_STYLE_FILL_AREA(#11555);
#11555 = FILL_AREA_STYLE('',(#11556));
#11556 = FILL_AREA_STYLE_COLOUR('',#11255);
#11557 = OVER_RIDING_STYLED_ITEM('overriding color',(#11558),#5768,
  #10446);
#11558 = PRESENTATION_STYLE_ASSIGNMENT((#11559));
#11559 = SURFACE_STYLE_USAGE(.BOTH.,#11560);
#11560 = SURFACE_SIDE_STYLE('',(#11561));
#11561 = SURFACE_STYLE_FILL_AREA(#11562);
#11562 = FILL_AREA_STYLE('',(#11563));
#11563 = FILL_AREA_STYLE_COLOUR('',#11255);
#11564 = OVER_RIDING_STYLED_ITEM('overriding color',(#11565),#5790,
  #10446);
#11565 = PRESENTATION_STYLE_ASSIGNMENT((#11566));
#11566 = SURFACE_STYLE_USAGE(.BOTH.,#11567);
#11567 = SURFACE_SIDE_STYLE('',(#11568));
#11568 = SURFACE_STYLE_FILL_AREA(#11569);
#11569 = FILL_AREA_STYLE('',(#11570));
#11570 = FILL_AREA_STYLE_COLOUR('',#11255);
#11571 = OVER_RIDING_STYLED_ITEM('overriding color',(#11572),#5812,
  #10446);
#11572 = PRESENTATION_STYLE_ASSIGNMENT((#11573));
#11573 = SURFACE_STYLE_USAGE(.BOTH.,#11574);
#11574 = SURFACE_SIDE_STYLE('',(#11575));
#11575 = SURFACE_STYLE_FILL_AREA(#11576);
#11576 = FILL_AREA_STYLE('',(#11577));
#11577 = FILL_AREA_STYLE_COLOUR('',#11255);
#11578 = OVER_RIDING_STYLED_ITEM('overriding color',(#11579),#5840,
  #10446);
#11579 = PRESENTATION_STYLE_ASSIGNMENT((#11580));
#11580 = SURFACE_STYLE_USAGE(.BOTH.,#11581);
#11581 = SURFACE_SIDE_STYLE('',(#11582));
#11582 = SURFACE_STYLE_FILL_AREA(#11583);
#11583 = FILL_AREA_STYLE('',(#11584));
#11584 = FILL_AREA_STYLE_COLOUR('',#11255);
#11585 = OVER_RIDING_STYLED_ITEM('overriding color',(#11586),#5868,
  #10446);
#11586 = PRESENTATION_STYLE_ASSIGNMENT((#11587));
#11587 = SURFACE_STYLE_USAGE(.BOTH.,#11588);
#11588 = SURFACE_SIDE_STYLE('',(#11589));
#11589 = SURFACE_STYLE_FILL_AREA(#11590);
#11590 = FILL_AREA_STYLE('',(#11591));
#11591 = FILL_AREA_STYLE_COLOUR('',#11255);
#11592 = OVER_RIDING_STYLED_ITEM('overriding color',(#11593),#5896,
  #10446);
#11593 = PRESENTATION_STYLE_ASSIGNMENT((#11594));
#11594 = SURFACE_STYLE_USAGE(.BOTH.,#11595);
#11595 = SURFACE_SIDE_STYLE('',(#11596));
#11596 = SURFACE_STYLE_FILL_AREA(#11597);
#11597 = FILL_AREA_STYLE('',(#11598));
#11598 = FILL_AREA_STYLE_COLOUR('',#11255);
#11599 = OVER_RIDING_STYLED_ITEM('overriding color',(#11600),#5918,
  #10446);
#11600 = PRESENTATION_STYLE_ASSIGNMENT((#11601));
#11601 = SURFACE_STYLE_USAGE(.BOTH.,#11602);
#11602 = SURFACE_SIDE_STYLE('',(#11603));
#11603 = SURFACE_STYLE_FILL_AREA(#11604);
#11604 = FILL_AREA_STYLE('',(#11605));
#11605 = FILL_AREA_STYLE_COLOUR('',#10453);
#11606 = OVER_RIDING_STYLED_ITEM('overriding color',(#11607),#5933,
  #10446);
#11607 = PRESENTATION_STYLE_ASSIGNMENT((#11608));
#11608 = SURFACE_STYLE_USAGE(.BOTH.,#11609);
#11609 = SURFACE_SIDE_STYLE('',(#11610));
#11610 = SURFACE_STYLE_FILL_AREA(#11611);
#11611 = FILL_AREA_STYLE('',(#11612));
#11612 = FILL_AREA_STYLE_COLOUR('',#11255);
#11613 = OVER_RIDING_STYLED_ITEM('overriding color',(#11614),#6045,
  #10446);
#11614 = PRESENTATION_STYLE_ASSIGNMENT((#11615));
#11615 = SURFACE_STYLE_USAGE(.BOTH.,#11616);
#11616 = SURFACE_SIDE_STYLE('',(#11617));
#11617 = SURFACE_STYLE_FILL_AREA(#11618);
#11618 = FILL_AREA_STYLE('',(#11619));
#11619 = FILL_AREA_STYLE_COLOUR('',#11255);
#11620 = OVER_RIDING_STYLED_ITEM('overriding color',(#11621),#6065,
  #10446);
#11621 = PRESENTATION_STYLE_ASSIGNMENT((#11622));
#11622 = SURFACE_STYLE_USAGE(.BOTH.,#11623);
#11623 = SURFACE_SIDE_STYLE('',(#11624));
#11624 = SURFACE_STYLE_FILL_AREA(#11625);
#11625 = FILL_AREA_STYLE('',(#11626));
#11626 = FILL_AREA_STYLE_COLOUR('',#11255);
#11627 = OVER_RIDING_STYLED_ITEM('overriding color',(#11628),#6081,
  #10446);
#11628 = PRESENTATION_STYLE_ASSIGNMENT((#11629));
#11629 = SURFACE_STYLE_USAGE(.BOTH.,#11630);
#11630 = SURFACE_SIDE_STYLE('',(#11631));
#11631 = SURFACE_STYLE_FILL_AREA(#11632);
#11632 = FILL_AREA_STYLE('',(#11633));
#11633 = FILL_AREA_STYLE_COLOUR('',#11255);
#11634 = OVER_RIDING_STYLED_ITEM('overriding color',(#11635),#6097,
  #10446);
#11635 = PRESENTATION_STYLE_ASSIGNMENT((#11636));
#11636 = SURFACE_STYLE_USAGE(.BOTH.,#11637);
#11637 = SURFACE_SIDE_STYLE('',(#11638));
#11638 = SURFACE_STYLE_FILL_AREA(#11639);
#11639 = FILL_AREA_STYLE('',(#11640));
#11640 = FILL_AREA_STYLE_COLOUR('',#11255);
#11641 = OVER_RIDING_STYLED_ITEM('overriding color',(#11642),#6113,
  #10446);
#11642 = PRESENTATION_STYLE_ASSIGNMENT((#11643));
#11643 = SURFACE_STYLE_USAGE(.BOTH.,#11644);
#11644 = SURFACE_SIDE_STYLE('',(#11645));
#11645 = SURFACE_STYLE_FILL_AREA(#11646);
#11646 = FILL_AREA_STYLE('',(#11647));
#11647 = FILL_AREA_STYLE_COLOUR('',#11255);
#11648 = OVER_RIDING_STYLED_ITEM('overriding color',(#11649),#6129,
  #10446);
#11649 = PRESENTATION_STYLE_ASSIGNMENT((#11650));
#11650 = SURFACE_STYLE_USAGE(.BOTH.,#11651);
#11651 = SURFACE_SIDE_STYLE('',(#11652));
#11652 = SURFACE_STYLE_FILL_AREA(#11653);
#11653 = FILL_AREA_STYLE('',(#11654));
#11654 = FILL_AREA_STYLE_COLOUR('',#11255);
#11655 = OVER_RIDING_STYLED_ITEM('overriding color',(#11656),#6145,
  #10446);
#11656 = PRESENTATION_STYLE_ASSIGNMENT((#11657));
#11657 = SURFACE_STYLE_USAGE(.BOTH.,#11658);
#11658 = SURFACE_SIDE_STYLE('',(#11659));
#11659 = SURFACE_STYLE_FILL_AREA(#11660);
#11660 = FILL_AREA_STYLE('',(#11661));
#11661 = FILL_AREA_STYLE_COLOUR('',#11255);
#11662 = OVER_RIDING_STYLED_ITEM('overriding color',(#11663),#6161,
  #10446);
#11663 = PRESENTATION_STYLE_ASSIGNMENT((#11664));
#11664 = SURFACE_STYLE_USAGE(.BOTH.,#11665);
#11665 = SURFACE_SIDE_STYLE('',(#11666));
#11666 = SURFACE_STYLE_FILL_AREA(#11667);
#11667 = FILL_AREA_STYLE('',(#11668));
#11668 = FILL_AREA_STYLE_COLOUR('',#11255);
#11669 = OVER_RIDING_STYLED_ITEM('overriding color',(#11670),#6173,
  #10446);
#11670 = PRESENTATION_STYLE_ASSIGNMENT((#11671));
#11671 = SURFACE_STYLE_USAGE(.BOTH.,#11672);
#11672 = SURFACE_SIDE_STYLE('',(#11673));
#11673 = SURFACE_STYLE_FILL_AREA(#11674);
#11674 = FILL_AREA_STYLE('',(#11675));
#11675 = FILL_AREA_STYLE_COLOUR('',#11255);
#11676 = OVER_RIDING_STYLED_ITEM('overriding color',(#11677),#6201,
  #10446);
#11677 = PRESENTATION_STYLE_ASSIGNMENT((#11678));
#11678 = SURFACE_STYLE_USAGE(.BOTH.,#11679);
#11679 = SURFACE_SIDE_STYLE('',(#11680));
#11680 = SURFACE_STYLE_FILL_AREA(#11681);
#11681 = FILL_AREA_STYLE('',(#11682));
#11682 = FILL_AREA_STYLE_COLOUR('',#11255);
#11683 = OVER_RIDING_STYLED_ITEM('overriding color',(#11684),#6223,
  #10446);
#11684 = PRESENTATION_STYLE_ASSIGNMENT((#11685));
#11685 = SURFACE_STYLE_USAGE(.BOTH.,#11686);
#11686 = SURFACE_SIDE_STYLE('',(#11687));
#11687 = SURFACE_STYLE_FILL_AREA(#11688);
#11688 = FILL_AREA_STYLE('',(#11689));
#11689 = FILL_AREA_STYLE_COLOUR('',#11255);
#11690 = OVER_RIDING_STYLED_ITEM('overriding color',(#11691),#6251,
  #10446);
#11691 = PRESENTATION_STYLE_ASSIGNMENT((#11692));
#11692 = SURFACE_STYLE_USAGE(.BOTH.,#11693);
#11693 = SURFACE_SIDE_STYLE('',(#11694));
#11694 = SURFACE_STYLE_FILL_AREA(#11695);
#11695 = FILL_AREA_STYLE('',(#11696));
#11696 = FILL_AREA_STYLE_COLOUR('',#11255);
#11697 = OVER_RIDING_STYLED_ITEM('overriding color',(#11698),#6273,
  #10446);
#11698 = PRESENTATION_STYLE_ASSIGNMENT((#11699));
#11699 = SURFACE_STYLE_USAGE(.BOTH.,#11700);
#11700 = SURFACE_SIDE_STYLE('',(#11701));
#11701 = SURFACE_STYLE_FILL_AREA(#11702);
#11702 = FILL_AREA_STYLE('',(#11703));
#11703 = FILL_AREA_STYLE_COLOUR('',#11255);
#11704 = OVER_RIDING_STYLED_ITEM('overriding color',(#11705),#6301,
  #10446);
#11705 = PRESENTATION_STYLE_ASSIGNMENT((#11706));
#11706 = SURFACE_STYLE_USAGE(.BOTH.,#11707);
#11707 = SURFACE_SIDE_STYLE('',(#11708));
#11708 = SURFACE_STYLE_FILL_AREA(#11709);
#11709 = FILL_AREA_STYLE('',(#11710));
#11710 = FILL_AREA_STYLE_COLOUR('',#11255);
#11711 = OVER_RIDING_STYLED_ITEM('overriding color',(#11712),#6317,
  #10446);
#11712 = PRESENTATION_STYLE_ASSIGNMENT((#11713));
#11713 = SURFACE_STYLE_USAGE(.BOTH.,#11714);
#11714 = SURFACE_SIDE_STYLE('',(#11715));
#11715 = SURFACE_STYLE_FILL_AREA(#11716);
#11716 = FILL_AREA_STYLE('',(#11717));
#11717 = FILL_AREA_STYLE_COLOUR('',#10453);
#11718 = OVER_RIDING_STYLED_ITEM('overriding color',(#11719),#6331,
  #10446);
#11719 = PRESENTATION_STYLE_ASSIGNMENT((#11720));
#11720 = SURFACE_STYLE_USAGE(.BOTH.,#11721);
#11721 = SURFACE_SIDE_STYLE('',(#11722));
#11722 = SURFACE_STYLE_FILL_AREA(#11723);
#11723 = FILL_AREA_STYLE('',(#11724));
#11724 = FILL_AREA_STYLE_COLOUR('',#11255);
#11725 = OVER_RIDING_STYLED_ITEM('overriding color',(#11726),#6359,
  #10446);
#11726 = PRESENTATION_STYLE_ASSIGNMENT((#11727));
#11727 = SURFACE_STYLE_USAGE(.BOTH.,#11728);
#11728 = SURFACE_SIDE_STYLE('',(#11729));
#11729 = SURFACE_STYLE_FILL_AREA(#11730);
#11730 = FILL_AREA_STYLE('',(#11731));
#11731 = FILL_AREA_STYLE_COLOUR('',#11255);
#11732 = OVER_RIDING_STYLED_ITEM('overriding color',(#11733),#6381,
  #10446);
#11733 = PRESENTATION_STYLE_ASSIGNMENT((#11734));
#11734 = SURFACE_STYLE_USAGE(.BOTH.,#11735);
#11735 = SURFACE_SIDE_STYLE('',(#11736));
#11736 = SURFACE_STYLE_FILL_AREA(#11737);
#11737 = FILL_AREA_STYLE('',(#11738));
#11738 = FILL_AREA_STYLE_COLOUR('',#11255);
#11739 = OVER_RIDING_STYLED_ITEM('overriding color',(#11740),#6403,
  #10446);
#11740 = PRESENTATION_STYLE_ASSIGNMENT((#11741));
#11741 = SURFACE_STYLE_USAGE(.BOTH.,#11742);
#11742 = SURFACE_SIDE_STYLE('',(#11743));
#11743 = SURFACE_STYLE_FILL_AREA(#11744);
#11744 = FILL_AREA_STYLE('',(#11745));
#11745 = FILL_AREA_STYLE_COLOUR('',#11255);
#11746 = OVER_RIDING_STYLED_ITEM('overriding color',(#11747),#6425,
  #10446);
#11747 = PRESENTATION_STYLE_ASSIGNMENT((#11748));
#11748 = SURFACE_STYLE_USAGE(.BOTH.,#11749);
#11749 = SURFACE_SIDE_STYLE('',(#11750));
#11750 = SURFACE_STYLE_FILL_AREA(#11751);
#11751 = FILL_AREA_STYLE('',(#11752));
#11752 = FILL_AREA_STYLE_COLOUR('',#11255);
#11753 = OVER_RIDING_STYLED_ITEM('overriding color',(#11754),#6447,
  #10446);
#11754 = PRESENTATION_STYLE_ASSIGNMENT((#11755));
#11755 = SURFACE_STYLE_USAGE(.BOTH.,#11756);
#11756 = SURFACE_SIDE_STYLE('',(#11757));
#11757 = SURFACE_STYLE_FILL_AREA(#11758);
#11758 = FILL_AREA_STYLE('',(#11759));
#11759 = FILL_AREA_STYLE_COLOUR('',#11255);
#11760 = OVER_RIDING_STYLED_ITEM('overriding color',(#11761),#6469,
  #10446);
#11761 = PRESENTATION_STYLE_ASSIGNMENT((#11762));
#11762 = SURFACE_STYLE_USAGE(.BOTH.,#11763);
#11763 = SURFACE_SIDE_STYLE('',(#11764));
#11764 = SURFACE_STYLE_FILL_AREA(#11765);
#11765 = FILL_AREA_STYLE('',(#11766));
#11766 = FILL_AREA_STYLE_COLOUR('',#11255);
#11767 = OVER_RIDING_STYLED_ITEM('overriding color',(#11768),#6491,
  #10446);
#11768 = PRESENTATION_STYLE_ASSIGNMENT((#11769));
#11769 = SURFACE_STYLE_USAGE(.BOTH.,#11770);
#11770 = SURFACE_SIDE_STYLE('',(#11771));
#11771 = SURFACE_STYLE_FILL_AREA(#11772);
#11772 = FILL_AREA_STYLE('',(#11773));
#11773 = FILL_AREA_STYLE_COLOUR('',#11255);
#11774 = OVER_RIDING_STYLED_ITEM('overriding color',(#11775),#6513,
  #10446);
#11775 = PRESENTATION_STYLE_ASSIGNMENT((#11776));
#11776 = SURFACE_STYLE_USAGE(.BOTH.,#11777);
#11777 = SURFACE_SIDE_STYLE('',(#11778));
#11778 = SURFACE_STYLE_FILL_AREA(#11779);
#11779 = FILL_AREA_STYLE('',(#11780));
#11780 = FILL_AREA_STYLE_COLOUR('',#11255);
#11781 = OVER_RIDING_STYLED_ITEM('overriding color',(#11782),#6535,
  #10446);
#11782 = PRESENTATION_STYLE_ASSIGNMENT((#11783));
#11783 = SURFACE_STYLE_USAGE(.BOTH.,#11784);
#11784 = SURFACE_SIDE_STYLE('',(#11785));
#11785 = SURFACE_STYLE_FILL_AREA(#11786);
#11786 = FILL_AREA_STYLE('',(#11787));
#11787 = FILL_AREA_STYLE_COLOUR('',#11255);
#11788 = OVER_RIDING_STYLED_ITEM('overriding color',(#11789),#6557,
  #10446);
#11789 = PRESENTATION_STYLE_ASSIGNMENT((#11790));
#11790 = SURFACE_STYLE_USAGE(.BOTH.,#11791);
#11791 = SURFACE_SIDE_STYLE('',(#11792));
#11792 = SURFACE_STYLE_FILL_AREA(#11793);
#11793 = FILL_AREA_STYLE('',(#11794));
#11794 = FILL_AREA_STYLE_COLOUR('',#11255);
#11795 = OVER_RIDING_STYLED_ITEM('overriding color',(#11796),#6579,
  #10446);
#11796 = PRESENTATION_STYLE_ASSIGNMENT((#11797));
#11797 = SURFACE_STYLE_USAGE(.BOTH.,#11798);
#11798 = SURFACE_SIDE_STYLE('',(#11799));
#11799 = SURFACE_STYLE_FILL_AREA(#11800);
#11800 = FILL_AREA_STYLE('',(#11801));
#11801 = FILL_AREA_STYLE_COLOUR('',#11255);
#11802 = OVER_RIDING_STYLED_ITEM('overriding color',(#11803),#6595,
  #10446);
#11803 = PRESENTATION_STYLE_ASSIGNMENT((#11804));
#11804 = SURFACE_STYLE_USAGE(.BOTH.,#11805);
#11805 = SURFACE_SIDE_STYLE('',(#11806));
#11806 = SURFACE_STYLE_FILL_AREA(#11807);
#11807 = FILL_AREA_STYLE('',(#11808));
#11808 = FILL_AREA_STYLE_COLOUR('',#11255);
#11809 = OVER_RIDING_STYLED_ITEM('overriding color',(#11810),#6615,
  #10446);
#11810 = PRESENTATION_STYLE_ASSIGNMENT((#11811));
#11811 = SURFACE_STYLE_USAGE(.BOTH.,#11812);
#11812 = SURFACE_SIDE_STYLE('',(#11813));
#11813 = SURFACE_STYLE_FILL_AREA(#11814);
#11814 = FILL_AREA_STYLE('',(#11815));
#11815 = FILL_AREA_STYLE_COLOUR('',#11255);
#11816 = OVER_RIDING_STYLED_ITEM('overriding color',(#11817),#6807,
  #10446);
#11817 = PRESENTATION_STYLE_ASSIGNMENT((#11818));
#11818 = SURFACE_STYLE_USAGE(.BOTH.,#11819);
#11819 = SURFACE_SIDE_STYLE('',(#11820));
#11820 = SURFACE_STYLE_FILL_AREA(#11821);
#11821 = FILL_AREA_STYLE('',(#11822));
#11822 = FILL_AREA_STYLE_COLOUR('',#11255);
#11823 = OVER_RIDING_STYLED_ITEM('overriding color',(#11824),#6831,
  #10446);
#11824 = PRESENTATION_STYLE_ASSIGNMENT((#11825));
#11825 = SURFACE_STYLE_USAGE(.BOTH.,#11826);
#11826 = SURFACE_SIDE_STYLE('',(#11827));
#11827 = SURFACE_STYLE_FILL_AREA(#11828);
#11828 = FILL_AREA_STYLE('',(#11829));
#11829 = FILL_AREA_STYLE_COLOUR('',#11255);
#11830 = OVER_RIDING_STYLED_ITEM('overriding color',(#11831),#6847,
  #10446);
#11831 = PRESENTATION_STYLE_ASSIGNMENT((#11832));
#11832 = SURFACE_STYLE_USAGE(.BOTH.,#11833);
#11833 = SURFACE_SIDE_STYLE('',(#11834));
#11834 = SURFACE_STYLE_FILL_AREA(#11835);
#11835 = FILL_AREA_STYLE('',(#11836));
#11836 = FILL_AREA_STYLE_COLOUR('',#11255);
#11837 = OVER_RIDING_STYLED_ITEM('overriding color',(#11838),#6867,
  #10446);
#11838 = PRESENTATION_STYLE_ASSIGNMENT((#11839));
#11839 = SURFACE_STYLE_USAGE(.BOTH.,#11840);
#11840 = SURFACE_SIDE_STYLE('',(#11841));
#11841 = SURFACE_STYLE_FILL_AREA(#11842);
#11842 = FILL_AREA_STYLE('',(#11843));
#11843 = FILL_AREA_STYLE_COLOUR('',#11255);
#11844 = OVER_RIDING_STYLED_ITEM('overriding color',(#11845),#6887,
  #10446);
#11845 = PRESENTATION_STYLE_ASSIGNMENT((#11846));
#11846 = SURFACE_STYLE_USAGE(.BOTH.,#11847);
#11847 = SURFACE_SIDE_STYLE('',(#11848));
#11848 = SURFACE_STYLE_FILL_AREA(#11849);
#11849 = FILL_AREA_STYLE('',(#11850));
#11850 = FILL_AREA_STYLE_COLOUR('',#11255);
#11851 = OVER_RIDING_STYLED_ITEM('overriding color',(#11852),#6903,
  #10446);
#11852 = PRESENTATION_STYLE_ASSIGNMENT((#11853));
#11853 = SURFACE_STYLE_USAGE(.BOTH.,#11854);
#11854 = SURFACE_SIDE_STYLE('',(#11855));
#11855 = SURFACE_STYLE_FILL_AREA(#11856);
#11856 = FILL_AREA_STYLE('',(#11857));
#11857 = FILL_AREA_STYLE_COLOUR('',#11255);
#11858 = OVER_RIDING_STYLED_ITEM('overriding color',(#11859),#6923,
  #10446);
#11859 = PRESENTATION_STYLE_ASSIGNMENT((#11860));
#11860 = SURFACE_STYLE_USAGE(.BOTH.,#11861);
#11861 = SURFACE_SIDE_STYLE('',(#11862));
#11862 = SURFACE_STYLE_FILL_AREA(#11863);
#11863 = FILL_AREA_STYLE('',(#11864));
#11864 = FILL_AREA_STYLE_COLOUR('',#11255);
#11865 = OVER_RIDING_STYLED_ITEM('overriding color',(#11866),#6943,
  #10446);
#11866 = PRESENTATION_STYLE_ASSIGNMENT((#11867));
#11867 = SURFACE_STYLE_USAGE(.BOTH.,#11868);
#11868 = SURFACE_SIDE_STYLE('',(#11869));
#11869 = SURFACE_STYLE_FILL_AREA(#11870);
#11870 = FILL_AREA_STYLE('',(#11871));
#11871 = FILL_AREA_STYLE_COLOUR('',#11255);
#11872 = OVER_RIDING_STYLED_ITEM('overriding color',(#11873),#6963,
  #10446);
#11873 = PRESENTATION_STYLE_ASSIGNMENT((#11874));
#11874 = SURFACE_STYLE_USAGE(.BOTH.,#11875);
#11875 = SURFACE_SIDE_STYLE('',(#11876));
#11876 = SURFACE_STYLE_FILL_AREA(#11877);
#11877 = FILL_AREA_STYLE('',(#11878));
#11878 = FILL_AREA_STYLE_COLOUR('',#11255);
#11879 = OVER_RIDING_STYLED_ITEM('overriding color',(#11880),#6983,
  #10446);
#11880 = PRESENTATION_STYLE_ASSIGNMENT((#11881));
#11881 = SURFACE_STYLE_USAGE(.BOTH.,#11882);
#11882 = SURFACE_SIDE_STYLE('',(#11883));
#11883 = SURFACE_STYLE_FILL_AREA(#11884);
#11884 = FILL_AREA_STYLE('',(#11885));
#11885 = FILL_AREA_STYLE_COLOUR('',#11255);
#11886 = OVER_RIDING_STYLED_ITEM('overriding color',(#11887),#6999,
  #10446);
#11887 = PRESENTATION_STYLE_ASSIGNMENT((#11888));
#11888 = SURFACE_STYLE_USAGE(.BOTH.,#11889);
#11889 = SURFACE_SIDE_STYLE('',(#11890));
#11890 = SURFACE_STYLE_FILL_AREA(#11891);
#11891 = FILL_AREA_STYLE('',(#11892));
#11892 = FILL_AREA_STYLE_COLOUR('',#11255);
#11893 = OVER_RIDING_STYLED_ITEM('overriding color',(#11894),#7015,
  #10446);
#11894 = PRESENTATION_STYLE_ASSIGNMENT((#11895));
#11895 = SURFACE_STYLE_USAGE(.BOTH.,#11896);
#11896 = SURFACE_SIDE_STYLE('',(#11897));
#11897 = SURFACE_STYLE_FILL_AREA(#11898);
#11898 = FILL_AREA_STYLE('',(#11899));
#11899 = FILL_AREA_STYLE_COLOUR('',#11255);
#11900 = OVER_RIDING_STYLED_ITEM('overriding color',(#11901),#7031,
  #10446);
#11901 = PRESENTATION_STYLE_ASSIGNMENT((#11902));
#11902 = SURFACE_STYLE_USAGE(.BOTH.,#11903);
#11903 = SURFACE_SIDE_STYLE('',(#11904));
#11904 = SURFACE_STYLE_FILL_AREA(#11905);
#11905 = FILL_AREA_STYLE('',(#11906));
#11906 = FILL_AREA_STYLE_COLOUR('',#11255);
#11907 = OVER_RIDING_STYLED_ITEM('overriding color',(#11908),#7047,
  #10446);
#11908 = PRESENTATION_STYLE_ASSIGNMENT((#11909));
#11909 = SURFACE_STYLE_USAGE(.BOTH.,#11910);
#11910 = SURFACE_SIDE_STYLE('',(#11911));
#11911 = SURFACE_STYLE_FILL_AREA(#11912);
#11912 = FILL_AREA_STYLE('',(#11913));
#11913 = FILL_AREA_STYLE_COLOUR('',#11255);
#11914 = OVER_RIDING_STYLED_ITEM('overriding color',(#11915),#7063,
  #10446);
#11915 = PRESENTATION_STYLE_ASSIGNMENT((#11916));
#11916 = SURFACE_STYLE_USAGE(.BOTH.,#11917);
#11917 = SURFACE_SIDE_STYLE('',(#11918));
#11918 = SURFACE_STYLE_FILL_AREA(#11919);
#11919 = FILL_AREA_STYLE('',(#11920));
#11920 = FILL_AREA_STYLE_COLOUR('',#11255);
#11921 = OVER_RIDING_STYLED_ITEM('overriding color',(#11922),#7097,
  #10446);
#11922 = PRESENTATION_STYLE_ASSIGNMENT((#11923));
#11923 = SURFACE_STYLE_USAGE(.BOTH.,#11924);
#11924 = SURFACE_SIDE_STYLE('',(#11925));
#11925 = SURFACE_STYLE_FILL_AREA(#11926);
#11926 = FILL_AREA_STYLE('',(#11927));
#11927 = FILL_AREA_STYLE_COLOUR('',#11255);
#11928 = OVER_RIDING_STYLED_ITEM('overriding color',(#11929),#7125,
  #10446);
#11929 = PRESENTATION_STYLE_ASSIGNMENT((#11930));
#11930 = SURFACE_STYLE_USAGE(.BOTH.,#11931);
#11931 = SURFACE_SIDE_STYLE('',(#11932));
#11932 = SURFACE_STYLE_FILL_AREA(#11933);
#11933 = FILL_AREA_STYLE('',(#11934));
#11934 = FILL_AREA_STYLE_COLOUR('',#11255);
#11935 = OVER_RIDING_STYLED_ITEM('overriding color',(#11936),#7153,
  #10446);
#11936 = PRESENTATION_STYLE_ASSIGNMENT((#11937));
#11937 = SURFACE_STYLE_USAGE(.BOTH.,#11938);
#11938 = SURFACE_SIDE_STYLE('',(#11939));
#11939 = SURFACE_STYLE_FILL_AREA(#11940);
#11940 = FILL_AREA_STYLE('',(#11941));
#11941 = FILL_AREA_STYLE_COLOUR('',#11255);
#11942 = OVER_RIDING_STYLED_ITEM('overriding color',(#11943),#7181,
  #10446);
#11943 = PRESENTATION_STYLE_ASSIGNMENT((#11944));
#11944 = SURFACE_STYLE_USAGE(.BOTH.,#11945);
#11945 = SURFACE_SIDE_STYLE('',(#11946));
#11946 = SURFACE_STYLE_FILL_AREA(#11947);
#11947 = FILL_AREA_STYLE('',(#11948));
#11948 = FILL_AREA_STYLE_COLOUR('',#11255);
#11949 = OVER_RIDING_STYLED_ITEM('overriding color',(#11950),#7209,
  #10446);
#11950 = PRESENTATION_STYLE_ASSIGNMENT((#11951));
#11951 = SURFACE_STYLE_USAGE(.BOTH.,#11952);
#11952 = SURFACE_SIDE_STYLE('',(#11953));
#11953 = SURFACE_STYLE_FILL_AREA(#11954);
#11954 = FILL_AREA_STYLE('',(#11955));
#11955 = FILL_AREA_STYLE_COLOUR('',#11255);
#11956 = OVER_RIDING_STYLED_ITEM('overriding color',(#11957),#7237,
  #10446);
#11957 = PRESENTATION_STYLE_ASSIGNMENT((#11958));
#11958 = SURFACE_STYLE_USAGE(.BOTH.,#11959);
#11959 = SURFACE_SIDE_STYLE('',(#11960));
#11960 = SURFACE_STYLE_FILL_AREA(#11961);
#11961 = FILL_AREA_STYLE('',(#11962));
#11962 = FILL_AREA_STYLE_COLOUR('',#11255);
#11963 = OVER_RIDING_STYLED_ITEM('overriding color',(#11964),#7259,
  #10446);
#11964 = PRESENTATION_STYLE_ASSIGNMENT((#11965));
#11965 = SURFACE_STYLE_USAGE(.BOTH.,#11966);
#11966 = SURFACE_SIDE_STYLE('',(#11967));
#11967 = SURFACE_STYLE_FILL_AREA(#11968);
#11968 = FILL_AREA_STYLE('',(#11969));
#11969 = FILL_AREA_STYLE_COLOUR('',#11255);
#11970 = OVER_RIDING_STYLED_ITEM('overriding color',(#11971),#7275,
  #10446);
#11971 = PRESENTATION_STYLE_ASSIGNMENT((#11972));
#11972 = SURFACE_STYLE_USAGE(.BOTH.,#11973);
#11973 = SURFACE_SIDE_STYLE('',(#11974));
#11974 = SURFACE_STYLE_FILL_AREA(#11975);
#11975 = FILL_AREA_STYLE('',(#11976));
#11976 = FILL_AREA_STYLE_COLOUR('',#10453);
#11977 = OVER_RIDING_STYLED_ITEM('overriding color',(#11978),#7291,
  #10446);
#11978 = PRESENTATION_STYLE_ASSIGNMENT((#11979));
#11979 = SURFACE_STYLE_USAGE(.BOTH.,#11980);
#11980 = SURFACE_SIDE_STYLE('',(#11981));
#11981 = SURFACE_STYLE_FILL_AREA(#11982);
#11982 = FILL_AREA_STYLE('',(#11983));
#11983 = FILL_AREA_STYLE_COLOUR('',#11255);
#11984 = OVER_RIDING_STYLED_ITEM('overriding color',(#11985),#7325,
  #10446);
#11985 = PRESENTATION_STYLE_ASSIGNMENT((#11986));
#11986 = SURFACE_STYLE_USAGE(.BOTH.,#11987);
#11987 = SURFACE_SIDE_STYLE('',(#11988));
#11988 = SURFACE_STYLE_FILL_AREA(#11989);
#11989 = FILL_AREA_STYLE('',(#11990));
#11990 = FILL_AREA_STYLE_COLOUR('',#11255);
#11991 = OVER_RIDING_STYLED_ITEM('overriding color',(#11992),#7347,
  #10446);
#11992 = PRESENTATION_STYLE_ASSIGNMENT((#11993));
#11993 = SURFACE_STYLE_USAGE(.BOTH.,#11994);
#11994 = SURFACE_SIDE_STYLE('',(#11995));
#11995 = SURFACE_STYLE_FILL_AREA(#11996);
#11996 = FILL_AREA_STYLE('',(#11997));
#11997 = FILL_AREA_STYLE_COLOUR('',#11255);
#11998 = OVER_RIDING_STYLED_ITEM('overriding color',(#11999),#7375,
  #10446);
#11999 = PRESENTATION_STYLE_ASSIGNMENT((#12000));
#12000 = SURFACE_STYLE_USAGE(.BOTH.,#12001);
#12001 = SURFACE_SIDE_STYLE('',(#12002));
#12002 = SURFACE_STYLE_FILL_AREA(#12003);
#12003 = FILL_AREA_STYLE('',(#12004));
#12004 = FILL_AREA_STYLE_COLOUR('',#11255);
#12005 = OVER_RIDING_STYLED_ITEM('overriding color',(#12006),#7403,
  #10446);
#12006 = PRESENTATION_STYLE_ASSIGNMENT((#12007));
#12007 = SURFACE_STYLE_USAGE(.BOTH.,#12008);
#12008 = SURFACE_SIDE_STYLE('',(#12009));
#12009 = SURFACE_STYLE_FILL_AREA(#12010);
#12010 = FILL_AREA_STYLE('',(#12011));
#12011 = FILL_AREA_STYLE_COLOUR('',#11255);
#12012 = OVER_RIDING_STYLED_ITEM('overriding color',(#12013),#7431,
  #10446);
#12013 = PRESENTATION_STYLE_ASSIGNMENT((#12014));
#12014 = SURFACE_STYLE_USAGE(.BOTH.,#12015);
#12015 = SURFACE_SIDE_STYLE('',(#12016));
#12016 = SURFACE_STYLE_FILL_AREA(#12017);
#12017 = FILL_AREA_STYLE('',(#12018));
#12018 = FILL_AREA_STYLE_COLOUR('',#11255);
#12019 = OVER_RIDING_STYLED_ITEM('overriding color',(#12020),#7459,
  #10446);
#12020 = PRESENTATION_STYLE_ASSIGNMENT((#12021));
#12021 = SURFACE_STYLE_USAGE(.BOTH.,#12022);
#12022 = SURFACE_SIDE_STYLE('',(#12023));
#12023 = SURFACE_STYLE_FILL_AREA(#12024);
#12024 = FILL_AREA_STYLE('',(#12025));
#12025 = FILL_AREA_STYLE_COLOUR('',#11255);
#12026 = OVER_RIDING_STYLED_ITEM('overriding color',(#12027),#7487,
  #10446);
#12027 = PRESENTATION_STYLE_ASSIGNMENT((#12028));
#12028 = SURFACE_STYLE_USAGE(.BOTH.,#12029);
#12029 = SURFACE_SIDE_STYLE('',(#12030));
#12030 = SURFACE_STYLE_FILL_AREA(#12031);
#12031 = FILL_AREA_STYLE('',(#12032));
#12032 = FILL_AREA_STYLE_COLOUR('',#11255);
#12033 = OVER_RIDING_STYLED_ITEM('overriding color',(#12034),#7515,
  #10446);
#12034 = PRESENTATION_STYLE_ASSIGNMENT((#12035));
#12035 = SURFACE_STYLE_USAGE(.BOTH.,#12036);
#12036 = SURFACE_SIDE_STYLE('',(#12037));
#12037 = SURFACE_STYLE_FILL_AREA(#12038);
#12038 = FILL_AREA_STYLE('',(#12039));
#12039 = FILL_AREA_STYLE_COLOUR('',#11255);
#12040 = OVER_RIDING_STYLED_ITEM('overriding color',(#12041),#7543,
  #10446);
#12041 = PRESENTATION_STYLE_ASSIGNMENT((#12042));
#12042 = SURFACE_STYLE_USAGE(.BOTH.,#12043);
#12043 = SURFACE_SIDE_STYLE('',(#12044));
#12044 = SURFACE_STYLE_FILL_AREA(#12045);
#12045 = FILL_AREA_STYLE('',(#12046));
#12046 = FILL_AREA_STYLE_COLOUR('',#11255);
#12047 = OVER_RIDING_STYLED_ITEM('overriding color',(#12048),#7571,
  #10446);
#12048 = PRESENTATION_STYLE_ASSIGNMENT((#12049));
#12049 = SURFACE_STYLE_USAGE(.BOTH.,#12050);
#12050 = SURFACE_SIDE_STYLE('',(#12051));
#12051 = SURFACE_STYLE_FILL_AREA(#12052);
#12052 = FILL_AREA_STYLE('',(#12053));
#12053 = FILL_AREA_STYLE_COLOUR('',#11255);
#12054 = OVER_RIDING_STYLED_ITEM('overriding color',(#12055),#7599,
  #10446);
#12055 = PRESENTATION_STYLE_ASSIGNMENT((#12056));
#12056 = SURFACE_STYLE_USAGE(.BOTH.,#12057);
#12057 = SURFACE_SIDE_STYLE('',(#12058));
#12058 = SURFACE_STYLE_FILL_AREA(#12059);
#12059 = FILL_AREA_STYLE('',(#12060));
#12060 = FILL_AREA_STYLE_COLOUR('',#11255);
#12061 = OVER_RIDING_STYLED_ITEM('overriding color',(#12062),#7627,
  #10446);
#12062 = PRESENTATION_STYLE_ASSIGNMENT((#12063));
#12063 = SURFACE_STYLE_USAGE(.BOTH.,#12064);
#12064 = SURFACE_SIDE_STYLE('',(#12065));
#12065 = SURFACE_STYLE_FILL_AREA(#12066);
#12066 = FILL_AREA_STYLE('',(#12067));
#12067 = FILL_AREA_STYLE_COLOUR('',#11255);
#12068 = OVER_RIDING_STYLED_ITEM('overriding color',(#12069),#7649,
  #10446);
#12069 = PRESENTATION_STYLE_ASSIGNMENT((#12070));
#12070 = SURFACE_STYLE_USAGE(.BOTH.,#12071);
#12071 = SURFACE_SIDE_STYLE('',(#12072));
#12072 = SURFACE_STYLE_FILL_AREA(#12073);
#12073 = FILL_AREA_STYLE('',(#12074));
#12074 = FILL_AREA_STYLE_COLOUR('',#11255);
#12075 = OVER_RIDING_STYLED_ITEM('overriding color',(#12076),#7677,
  #10446);
#12076 = PRESENTATION_STYLE_ASSIGNMENT((#12077));
#12077 = SURFACE_STYLE_USAGE(.BOTH.,#12078);
#12078 = SURFACE_SIDE_STYLE('',(#12079));
#12079 = SURFACE_STYLE_FILL_AREA(#12080);
#12080 = FILL_AREA_STYLE('',(#12081));
#12081 = FILL_AREA_STYLE_COLOUR('',#11255);
#12082 = OVER_RIDING_STYLED_ITEM('overriding color',(#12083),#7705,
  #10446);
#12083 = PRESENTATION_STYLE_ASSIGNMENT((#12084));
#12084 = SURFACE_STYLE_USAGE(.BOTH.,#12085);
#12085 = SURFACE_SIDE_STYLE('',(#12086));
#12086 = SURFACE_STYLE_FILL_AREA(#12087);
#12087 = FILL_AREA_STYLE('',(#12088));
#12088 = FILL_AREA_STYLE_COLOUR('',#11255);
#12089 = OVER_RIDING_STYLED_ITEM('overriding color',(#12090),#7733,
  #10446);
#12090 = PRESENTATION_STYLE_ASSIGNMENT((#12091));
#12091 = SURFACE_STYLE_USAGE(.BOTH.,#12092);
#12092 = SURFACE_SIDE_STYLE('',(#12093));
#12093 = SURFACE_STYLE_FILL_AREA(#12094);
#12094 = FILL_AREA_STYLE('',(#12095));
#12095 = FILL_AREA_STYLE_COLOUR('',#11255);
#12096 = OVER_RIDING_STYLED_ITEM('overriding color',(#12097),#7761,
  #10446);
#12097 = PRESENTATION_STYLE_ASSIGNMENT((#12098));
#12098 = SURFACE_STYLE_USAGE(.BOTH.,#12099);
#12099 = SURFACE_SIDE_STYLE('',(#12100));
#12100 = SURFACE_STYLE_FILL_AREA(#12101);
#12101 = FILL_AREA_STYLE('',(#12102));
#12102 = FILL_AREA_STYLE_COLOUR('',#11255);
#12103 = OVER_RIDING_STYLED_ITEM('overriding color',(#12104),#7789,
  #10446);
#12104 = PRESENTATION_STYLE_ASSIGNMENT((#12105));
#12105 = SURFACE_STYLE_USAGE(.BOTH.,#12106);
#12106 = SURFACE_SIDE_STYLE('',(#12107));
#12107 = SURFACE_STYLE_FILL_AREA(#12108);
#12108 = FILL_AREA_STYLE('',(#12109));
#12109 = FILL_AREA_STYLE_COLOUR('',#11255);
#12110 = OVER_RIDING_STYLED_ITEM('overriding color',(#12111),#7817,
  #10446);
#12111 = PRESENTATION_STYLE_ASSIGNMENT((#12112));
#12112 = SURFACE_STYLE_USAGE(.BOTH.,#12113);
#12113 = SURFACE_SIDE_STYLE('',(#12114));
#12114 = SURFACE_STYLE_FILL_AREA(#12115);
#12115 = FILL_AREA_STYLE('',(#12116));
#12116 = FILL_AREA_STYLE_COLOUR('',#11255);
#12117 = OVER_RIDING_STYLED_ITEM('overriding color',(#12118),#7845,
  #10446);
#12118 = PRESENTATION_STYLE_ASSIGNMENT((#12119));
#12119 = SURFACE_STYLE_USAGE(.BOTH.,#12120);
#12120 = SURFACE_SIDE_STYLE('',(#12121));
#12121 = SURFACE_STYLE_FILL_AREA(#12122);
#12122 = FILL_AREA_STYLE('',(#12123));
#12123 = FILL_AREA_STYLE_COLOUR('',#11255);
#12124 = OVER_RIDING_STYLED_ITEM('overriding color',(#12125),#7867,
  #10446);
#12125 = PRESENTATION_STYLE_ASSIGNMENT((#12126));
#12126 = SURFACE_STYLE_USAGE(.BOTH.,#12127);
#12127 = SURFACE_SIDE_STYLE('',(#12128));
#12128 = SURFACE_STYLE_FILL_AREA(#12129);
#12129 = FILL_AREA_STYLE('',(#12130));
#12130 = FILL_AREA_STYLE_COLOUR('',#11255);
#12131 = OVER_RIDING_STYLED_ITEM('overriding color',(#12132),#7896,
  #10446);
#12132 = PRESENTATION_STYLE_ASSIGNMENT((#12133));
#12133 = SURFACE_STYLE_USAGE(.BOTH.,#12134);
#12134 = SURFACE_SIDE_STYLE('',(#12135));
#12135 = SURFACE_STYLE_FILL_AREA(#12136);
#12136 = FILL_AREA_STYLE('',(#12137));
#12137 = FILL_AREA_STYLE_COLOUR('',#11255);
#12138 = OVER_RIDING_STYLED_ITEM('overriding color',(#12139),#7924,
  #10446);
#12139 = PRESENTATION_STYLE_ASSIGNMENT((#12140));
#12140 = SURFACE_STYLE_USAGE(.BOTH.,#12141);
#12141 = SURFACE_SIDE_STYLE('',(#12142));
#12142 = SURFACE_STYLE_FILL_AREA(#12143);
#12143 = FILL_AREA_STYLE('',(#12144));
#12144 = FILL_AREA_STYLE_COLOUR('',#11255);
#12145 = OVER_RIDING_STYLED_ITEM('overriding color',(#12146),#7946,
  #10446);
#12146 = PRESENTATION_STYLE_ASSIGNMENT((#12147));
#12147 = SURFACE_STYLE_USAGE(.BOTH.,#12148);
#12148 = SURFACE_SIDE_STYLE('',(#12149));
#12149 = SURFACE_STYLE_FILL_AREA(#12150);
#12150 = FILL_AREA_STYLE('',(#12151));
#12151 = FILL_AREA_STYLE_COLOUR('',#11255);
#12152 = OVER_RIDING_STYLED_ITEM('overriding color',(#12153),#7974,
  #10446);
#12153 = PRESENTATION_STYLE_ASSIGNMENT((#12154));
#12154 = SURFACE_STYLE_USAGE(.BOTH.,#12155);
#12155 = SURFACE_SIDE_STYLE('',(#12156));
#12156 = SURFACE_STYLE_FILL_AREA(#12157);
#12157 = FILL_AREA_STYLE('',(#12158));
#12158 = FILL_AREA_STYLE_COLOUR('',#11255);
#12159 = OVER_RIDING_STYLED_ITEM('overriding color',(#12160),#7996,
  #10446);
#12160 = PRESENTATION_STYLE_ASSIGNMENT((#12161));
#12161 = SURFACE_STYLE_USAGE(.BOTH.,#12162);
#12162 = SURFACE_SIDE_STYLE('',(#12163));
#12163 = SURFACE_STYLE_FILL_AREA(#12164);
#12164 = FILL_AREA_STYLE('',(#12165));
#12165 = FILL_AREA_STYLE_COLOUR('',#11255);
#12166 = OVER_RIDING_STYLED_ITEM('overriding color',(#12167),#8018,
  #10446);
#12167 = PRESENTATION_STYLE_ASSIGNMENT((#12168));
#12168 = SURFACE_STYLE_USAGE(.BOTH.,#12169);
#12169 = SURFACE_SIDE_STYLE('',(#12170));
#12170 = SURFACE_STYLE_FILL_AREA(#12171);
#12171 = FILL_AREA_STYLE('',(#12172));
#12172 = FILL_AREA_STYLE_COLOUR('',#11255);
#12173 = OVER_RIDING_STYLED_ITEM('overriding color',(#12174),#8040,
  #10446);
#12174 = PRESENTATION_STYLE_ASSIGNMENT((#12175));
#12175 = SURFACE_STYLE_USAGE(.BOTH.,#12176);
#12176 = SURFACE_SIDE_STYLE('',(#12177));
#12177 = SURFACE_STYLE_FILL_AREA(#12178);
#12178 = FILL_AREA_STYLE('',(#12179));
#12179 = FILL_AREA_STYLE_COLOUR('',#11255);
#12180 = OVER_RIDING_STYLED_ITEM('overriding color',(#12181),#8062,
  #10446);
#12181 = PRESENTATION_STYLE_ASSIGNMENT((#12182));
#12182 = SURFACE_STYLE_USAGE(.BOTH.,#12183);
#12183 = SURFACE_SIDE_STYLE('',(#12184));
#12184 = SURFACE_STYLE_FILL_AREA(#12185);
#12185 = FILL_AREA_STYLE('',(#12186));
#12186 = FILL_AREA_STYLE_COLOUR('',#11255);
#12187 = OVER_RIDING_STYLED_ITEM('overriding color',(#12188),#8084,
  #10446);
#12188 = PRESENTATION_STYLE_ASSIGNMENT((#12189));
#12189 = SURFACE_STYLE_USAGE(.BOTH.,#12190);
#12190 = SURFACE_SIDE_STYLE('',(#12191));
#12191 = SURFACE_STYLE_FILL_AREA(#12192);
#12192 = FILL_AREA_STYLE('',(#12193));
#12193 = FILL_AREA_STYLE_COLOUR('',#11255);
#12194 = OVER_RIDING_STYLED_ITEM('overriding color',(#12195),#8106,
  #10446);
#12195 = PRESENTATION_STYLE_ASSIGNMENT((#12196));
#12196 = SURFACE_STYLE_USAGE(.BOTH.,#12197);
#12197 = SURFACE_SIDE_STYLE('',(#12198));
#12198 = SURFACE_STYLE_FILL_AREA(#12199);
#12199 = FILL_AREA_STYLE('',(#12200));
#12200 = FILL_AREA_STYLE_COLOUR('',#11255);
#12201 = OVER_RIDING_STYLED_ITEM('overriding color',(#12202),#8134,
  #10446);
#12202 = PRESENTATION_STYLE_ASSIGNMENT((#12203));
#12203 = SURFACE_STYLE_USAGE(.BOTH.,#12204);
#12204 = SURFACE_SIDE_STYLE('',(#12205));
#12205 = SURFACE_STYLE_FILL_AREA(#12206);
#12206 = FILL_AREA_STYLE('',(#12207));
#12207 = FILL_AREA_STYLE_COLOUR('',#11255);
#12208 = OVER_RIDING_STYLED_ITEM('overriding color',(#12209),#8162,
  #10446);
#12209 = PRESENTATION_STYLE_ASSIGNMENT((#12210));
#12210 = SURFACE_STYLE_USAGE(.BOTH.,#12211);
#12211 = SURFACE_SIDE_STYLE('',(#12212));
#12212 = SURFACE_STYLE_FILL_AREA(#12213);
#12213 = FILL_AREA_STYLE('',(#12214));
#12214 = FILL_AREA_STYLE_COLOUR('',#11255);
#12215 = OVER_RIDING_STYLED_ITEM('overriding color',(#12216),#8184,
  #10446);
#12216 = PRESENTATION_STYLE_ASSIGNMENT((#12217));
#12217 = SURFACE_STYLE_USAGE(.BOTH.,#12218);
#12218 = SURFACE_SIDE_STYLE('',(#12219));
#12219 = SURFACE_STYLE_FILL_AREA(#12220);
#12220 = FILL_AREA_STYLE('',(#12221));
#12221 = FILL_AREA_STYLE_COLOUR('',#11255);
#12222 = OVER_RIDING_STYLED_ITEM('overriding color',(#12223),#8212,
  #10446);
#12223 = PRESENTATION_STYLE_ASSIGNMENT((#12224));
#12224 = SURFACE_STYLE_USAGE(.BOTH.,#12225);
#12225 = SURFACE_SIDE_STYLE('',(#12226));
#12226 = SURFACE_STYLE_FILL_AREA(#12227);
#12227 = FILL_AREA_STYLE('',(#12228));
#12228 = FILL_AREA_STYLE_COLOUR('',#11255);
#12229 = OVER_RIDING_STYLED_ITEM('overriding color',(#12230),#8240,
  #10446);
#12230 = PRESENTATION_STYLE_ASSIGNMENT((#12231));
#12231 = SURFACE_STYLE_USAGE(.BOTH.,#12232);
#12232 = SURFACE_SIDE_STYLE('',(#12233));
#12233 = SURFACE_STYLE_FILL_AREA(#12234);
#12234 = FILL_AREA_STYLE('',(#12235));
#12235 = FILL_AREA_STYLE_COLOUR('',#11255);
#12236 = OVER_RIDING_STYLED_ITEM('overriding color',(#12237),#8256,
  #10446);
#12237 = PRESENTATION_STYLE_ASSIGNMENT((#12238));
#12238 = SURFACE_STYLE_USAGE(.BOTH.,#12239);
#12239 = SURFACE_SIDE_STYLE('',(#12240));
#12240 = SURFACE_STYLE_FILL_AREA(#12241);
#12241 = FILL_AREA_STYLE('',(#12242));
#12242 = FILL_AREA_STYLE_COLOUR('',#11255);
#12243 = OVER_RIDING_STYLED_ITEM('overriding color',(#12244),#8279,
  #10446);
#12244 = PRESENTATION_STYLE_ASSIGNMENT((#12245));
#12245 = SURFACE_STYLE_USAGE(.BOTH.,#12246);
#12246 = SURFACE_SIDE_STYLE('',(#12247));
#12247 = SURFACE_STYLE_FILL_AREA(#12248);
#12248 = FILL_AREA_STYLE('',(#12249));
#12249 = FILL_AREA_STYLE_COLOUR('',#11255);
#12250 = OVER_RIDING_STYLED_ITEM('overriding color',(#12251),#8307,
  #10446);
#12251 = PRESENTATION_STYLE_ASSIGNMENT((#12252));
#12252 = SURFACE_STYLE_USAGE(.BOTH.,#12253);
#12253 = SURFACE_SIDE_STYLE('',(#12254));
#12254 = SURFACE_STYLE_FILL_AREA(#12255);
#12255 = FILL_AREA_STYLE('',(#12256));
#12256 = FILL_AREA_STYLE_COLOUR('',#11255);
#12257 = OVER_RIDING_STYLED_ITEM('overriding color',(#12258),#8329,
  #10446);
#12258 = PRESENTATION_STYLE_ASSIGNMENT((#12259));
#12259 = SURFACE_STYLE_USAGE(.BOTH.,#12260);
#12260 = SURFACE_SIDE_STYLE('',(#12261));
#12261 = SURFACE_STYLE_FILL_AREA(#12262);
#12262 = FILL_AREA_STYLE('',(#12263));
#12263 = FILL_AREA_STYLE_COLOUR('',#11255);
#12264 = OVER_RIDING_STYLED_ITEM('overriding color',(#12265),#8351,
  #10446);
#12265 = PRESENTATION_STYLE_ASSIGNMENT((#12266));
#12266 = SURFACE_STYLE_USAGE(.BOTH.,#12267);
#12267 = SURFACE_SIDE_STYLE('',(#12268));
#12268 = SURFACE_STYLE_FILL_AREA(#12269);
#12269 = FILL_AREA_STYLE('',(#12270));
#12270 = FILL_AREA_STYLE_COLOUR('',#11255);
#12271 = OVER_RIDING_STYLED_ITEM('overriding color',(#12272),#8373,
  #10446);
#12272 = PRESENTATION_STYLE_ASSIGNMENT((#12273));
#12273 = SURFACE_STYLE_USAGE(.BOTH.,#12274);
#12274 = SURFACE_SIDE_STYLE('',(#12275));
#12275 = SURFACE_STYLE_FILL_AREA(#12276);
#12276 = FILL_AREA_STYLE('',(#12277));
#12277 = FILL_AREA_STYLE_COLOUR('',#11255);
#12278 = OVER_RIDING_STYLED_ITEM('overriding color',(#12279),#8395,
  #10446);
#12279 = PRESENTATION_STYLE_ASSIGNMENT((#12280));
#12280 = SURFACE_STYLE_USAGE(.BOTH.,#12281);
#12281 = SURFACE_SIDE_STYLE('',(#12282));
#12282 = SURFACE_STYLE_FILL_AREA(#12283);
#12283 = FILL_AREA_STYLE('',(#12284));
#12284 = FILL_AREA_STYLE_COLOUR('',#11255);
#12285 = OVER_RIDING_STYLED_ITEM('overriding color',(#12286),#8417,
  #10446);
#12286 = PRESENTATION_STYLE_ASSIGNMENT((#12287));
#12287 = SURFACE_STYLE_USAGE(.BOTH.,#12288);
#12288 = SURFACE_SIDE_STYLE('',(#12289));
#12289 = SURFACE_STYLE_FILL_AREA(#12290);
#12290 = FILL_AREA_STYLE('',(#12291));
#12291 = FILL_AREA_STYLE_COLOUR('',#11255);
#12292 = OVER_RIDING_STYLED_ITEM('overriding color',(#12293),#8439,
  #10446);
#12293 = PRESENTATION_STYLE_ASSIGNMENT((#12294));
#12294 = SURFACE_STYLE_USAGE(.BOTH.,#12295);
#12295 = SURFACE_SIDE_STYLE('',(#12296));
#12296 = SURFACE_STYLE_FILL_AREA(#12297);
#12297 = FILL_AREA_STYLE('',(#12298));
#12298 = FILL_AREA_STYLE_COLOUR('',#11255);
#12299 = OVER_RIDING_STYLED_ITEM('overriding color',(#12300),#8461,
  #10446);
#12300 = PRESENTATION_STYLE_ASSIGNMENT((#12301));
#12301 = SURFACE_STYLE_USAGE(.BOTH.,#12302);
#12302 = SURFACE_SIDE_STYLE('',(#12303));
#12303 = SURFACE_STYLE_FILL_AREA(#12304);
#12304 = FILL_AREA_STYLE('',(#12305));
#12305 = FILL_AREA_STYLE_COLOUR('',#11255);
#12306 = OVER_RIDING_STYLED_ITEM('overriding color',(#12307),#8483,
  #10446);
#12307 = PRESENTATION_STYLE_ASSIGNMENT((#12308));
#12308 = SURFACE_STYLE_USAGE(.BOTH.,#12309);
#12309 = SURFACE_SIDE_STYLE('',(#12310));
#12310 = SURFACE_STYLE_FILL_AREA(#12311);
#12311 = FILL_AREA_STYLE('',(#12312));
#12312 = FILL_AREA_STYLE_COLOUR('',#11255);
#12313 = OVER_RIDING_STYLED_ITEM('overriding color',(#12314),#8505,
  #10446);
#12314 = PRESENTATION_STYLE_ASSIGNMENT((#12315));
#12315 = SURFACE_STYLE_USAGE(.BOTH.,#12316);
#12316 = SURFACE_SIDE_STYLE('',(#12317));
#12317 = SURFACE_STYLE_FILL_AREA(#12318);
#12318 = FILL_AREA_STYLE('',(#12319));
#12319 = FILL_AREA_STYLE_COLOUR('',#11255);
#12320 = OVER_RIDING_STYLED_ITEM('overriding color',(#12321),#8527,
  #10446);
#12321 = PRESENTATION_STYLE_ASSIGNMENT((#12322));
#12322 = SURFACE_STYLE_USAGE(.BOTH.,#12323);
#12323 = SURFACE_SIDE_STYLE('',(#12324));
#12324 = SURFACE_STYLE_FILL_AREA(#12325);
#12325 = FILL_AREA_STYLE('',(#12326));
#12326 = FILL_AREA_STYLE_COLOUR('',#11255);
#12327 = OVER_RIDING_STYLED_ITEM('overriding color',(#12328),#8543,
  #10446);
#12328 = PRESENTATION_STYLE_ASSIGNMENT((#12329));
#12329 = SURFACE_STYLE_USAGE(.BOTH.,#12330);
#12330 = SURFACE_SIDE_STYLE('',(#12331));
#12331 = SURFACE_STYLE_FILL_AREA(#12332);
#12332 = FILL_AREA_STYLE('',(#12333));
#12333 = FILL_AREA_STYLE_COLOUR('',#11255);
#12334 = OVER_RIDING_STYLED_ITEM('overriding color',(#12335),#8563,
  #10446);
#12335 = PRESENTATION_STYLE_ASSIGNMENT((#12336));
#12336 = SURFACE_STYLE_USAGE(.BOTH.,#12337);
#12337 = SURFACE_SIDE_STYLE('',(#12338));
#12338 = SURFACE_STYLE_FILL_AREA(#12339);
#12339 = FILL_AREA_STYLE('',(#12340));
#12340 = FILL_AREA_STYLE_COLOUR('',#11255);
#12341 = OVER_RIDING_STYLED_ITEM('overriding color',(#12342),#8687,
  #10446);
#12342 = PRESENTATION_STYLE_ASSIGNMENT((#12343));
#12343 = SURFACE_STYLE_USAGE(.BOTH.,#12344);
#12344 = SURFACE_SIDE_STYLE('',(#12345));
#12345 = SURFACE_STYLE_FILL_AREA(#12346);
#12346 = FILL_AREA_STYLE('',(#12347));
#12347 = FILL_AREA_STYLE_COLOUR('',#11255);
#12348 = OVER_RIDING_STYLED_ITEM('overriding color',(#12349),#8707,
  #10446);
#12349 = PRESENTATION_STYLE_ASSIGNMENT((#12350));
#12350 = SURFACE_STYLE_USAGE(.BOTH.,#12351);
#12351 = SURFACE_SIDE_STYLE('',(#12352));
#12352 = SURFACE_STYLE_FILL_AREA(#12353);
#12353 = FILL_AREA_STYLE('',(#12354));
#12354 = FILL_AREA_STYLE_COLOUR('',#11255);
#12355 = OVER_RIDING_STYLED_ITEM('overriding color',(#12356),#8727,
  #10446);
#12356 = PRESENTATION_STYLE_ASSIGNMENT((#12357));
#12357 = SURFACE_STYLE_USAGE(.BOTH.,#12358);
#12358 = SURFACE_SIDE_STYLE('',(#12359));
#12359 = SURFACE_STYLE_FILL_AREA(#12360);
#12360 = FILL_AREA_STYLE('',(#12361));
#12361 = FILL_AREA_STYLE_COLOUR('',#11255);
#12362 = OVER_RIDING_STYLED_ITEM('overriding color',(#12363),#8747,
  #10446);
#12363 = PRESENTATION_STYLE_ASSIGNMENT((#12364));
#12364 = SURFACE_STYLE_USAGE(.BOTH.,#12365);
#12365 = SURFACE_SIDE_STYLE('',(#12366));
#12366 = SURFACE_STYLE_FILL_AREA(#12367);
#12367 = FILL_AREA_STYLE('',(#12368));
#12368 = FILL_AREA_STYLE_COLOUR('',#11255);
#12369 = OVER_RIDING_STYLED_ITEM('overriding color',(#12370),#8767,
  #10446);
#12370 = PRESENTATION_STYLE_ASSIGNMENT((#12371));
#12371 = SURFACE_STYLE_USAGE(.BOTH.,#12372);
#12372 = SURFACE_SIDE_STYLE('',(#12373));
#12373 = SURFACE_STYLE_FILL_AREA(#12374);
#12374 = FILL_AREA_STYLE('',(#12375));
#12375 = FILL_AREA_STYLE_COLOUR('',#11255);
#12376 = OVER_RIDING_STYLED_ITEM('overriding color',(#12377),#8787,
  #10446);
#12377 = PRESENTATION_STYLE_ASSIGNMENT((#12378));
#12378 = SURFACE_STYLE_USAGE(.BOTH.,#12379);
#12379 = SURFACE_SIDE_STYLE('',(#12380));
#12380 = SURFACE_STYLE_FILL_AREA(#12381);
#12381 = FILL_AREA_STYLE('',(#12382));
#12382 = FILL_AREA_STYLE_COLOUR('',#11255);
#12383 = OVER_RIDING_STYLED_ITEM('overriding color',(#12384),#8803,
  #10446);
#12384 = PRESENTATION_STYLE_ASSIGNMENT((#12385));
#12385 = SURFACE_STYLE_USAGE(.BOTH.,#12386);
#12386 = SURFACE_SIDE_STYLE('',(#12387));
#12387 = SURFACE_STYLE_FILL_AREA(#12388);
#12388 = FILL_AREA_STYLE('',(#12389));
#12389 = FILL_AREA_STYLE_COLOUR('',#11255);
#12390 = OVER_RIDING_STYLED_ITEM('overriding color',(#12391),#8815,
  #10446);
#12391 = PRESENTATION_STYLE_ASSIGNMENT((#12392));
#12392 = SURFACE_STYLE_USAGE(.BOTH.,#12393);
#12393 = SURFACE_SIDE_STYLE('',(#12394));
#12394 = SURFACE_STYLE_FILL_AREA(#12395);
#12395 = FILL_AREA_STYLE('',(#12396));
#12396 = FILL_AREA_STYLE_COLOUR('',#11255);
#12397 = OVER_RIDING_STYLED_ITEM('overriding color',(#12398),#8843,
  #10446);
#12398 = PRESENTATION_STYLE_ASSIGNMENT((#12399));
#12399 = SURFACE_STYLE_USAGE(.BOTH.,#12400);
#12400 = SURFACE_SIDE_STYLE('',(#12401));
#12401 = SURFACE_STYLE_FILL_AREA(#12402);
#12402 = FILL_AREA_STYLE('',(#12403));
#12403 = FILL_AREA_STYLE_COLOUR('',#11255);
#12404 = OVER_RIDING_STYLED_ITEM('overriding color',(#12405),#8865,
  #10446);
#12405 = PRESENTATION_STYLE_ASSIGNMENT((#12406));
#12406 = SURFACE_STYLE_USAGE(.BOTH.,#12407);
#12407 = SURFACE_SIDE_STYLE('',(#12408));
#12408 = SURFACE_STYLE_FILL_AREA(#12409);
#12409 = FILL_AREA_STYLE('',(#12410));
#12410 = FILL_AREA_STYLE_COLOUR('',#11255);
#12411 = OVER_RIDING_STYLED_ITEM('overriding color',(#12412),#8887,
  #10446);
#12412 = PRESENTATION_STYLE_ASSIGNMENT((#12413));
#12413 = SURFACE_STYLE_USAGE(.BOTH.,#12414);
#12414 = SURFACE_SIDE_STYLE('',(#12415));
#12415 = SURFACE_STYLE_FILL_AREA(#12416);
#12416 = FILL_AREA_STYLE('',(#12417));
#12417 = FILL_AREA_STYLE_COLOUR('',#11255);
#12418 = OVER_RIDING_STYLED_ITEM('overriding color',(#12419),#8915,
  #10446);
#12419 = PRESENTATION_STYLE_ASSIGNMENT((#12420));
#12420 = SURFACE_STYLE_USAGE(.BOTH.,#12421);
#12421 = SURFACE_SIDE_STYLE('',(#12422));
#12422 = SURFACE_STYLE_FILL_AREA(#12423);
#12423 = FILL_AREA_STYLE('',(#12424));
#12424 = FILL_AREA_STYLE_COLOUR('',#11255);
#12425 = OVER_RIDING_STYLED_ITEM('overriding color',(#12426),#8943,
  #10446);
#12426 = PRESENTATION_STYLE_ASSIGNMENT((#12427));
#12427 = SURFACE_STYLE_USAGE(.BOTH.,#12428);
#12428 = SURFACE_SIDE_STYLE('',(#12429));
#12429 = SURFACE_STYLE_FILL_AREA(#12430);
#12430 = FILL_AREA_STYLE('',(#12431));
#12431 = FILL_AREA_STYLE_COLOUR('',#11255);
#12432 = OVER_RIDING_STYLED_ITEM('overriding color',(#12433),#8971,
  #10446);
#12433 = PRESENTATION_STYLE_ASSIGNMENT((#12434));
#12434 = SURFACE_STYLE_USAGE(.BOTH.,#12435);
#12435 = SURFACE_SIDE_STYLE('',(#12436));
#12436 = SURFACE_STYLE_FILL_AREA(#12437);
#12437 = FILL_AREA_STYLE('',(#12438));
#12438 = FILL_AREA_STYLE_COLOUR('',#11255);
#12439 = OVER_RIDING_STYLED_ITEM('overriding color',(#12440),#8993,
  #10446);
#12440 = PRESENTATION_STYLE_ASSIGNMENT((#12441));
#12441 = SURFACE_STYLE_USAGE(.BOTH.,#12442);
#12442 = SURFACE_SIDE_STYLE('',(#12443));
#12443 = SURFACE_STYLE_FILL_AREA(#12444);
#12444 = FILL_AREA_STYLE('',(#12445));
#12445 = FILL_AREA_STYLE_COLOUR('',#10453);
#12446 = OVER_RIDING_STYLED_ITEM('overriding color',(#12447),#9008,
  #10446);
#12447 = PRESENTATION_STYLE_ASSIGNMENT((#12448));
#12448 = SURFACE_STYLE_USAGE(.BOTH.,#12449);
#12449 = SURFACE_SIDE_STYLE('',(#12450));
#12450 = SURFACE_STYLE_FILL_AREA(#12451);
#12451 = FILL_AREA_STYLE('',(#12452));
#12452 = FILL_AREA_STYLE_COLOUR('',#11255);
#12453 = OVER_RIDING_STYLED_ITEM('overriding color',(#12454),#9120,
  #10446);
#12454 = PRESENTATION_STYLE_ASSIGNMENT((#12455));
#12455 = SURFACE_STYLE_USAGE(.BOTH.,#12456);
#12456 = SURFACE_SIDE_STYLE('',(#12457));
#12457 = SURFACE_STYLE_FILL_AREA(#12458);
#12458 = FILL_AREA_STYLE('',(#12459));
#12459 = FILL_AREA_STYLE_COLOUR('',#11255);
#12460 = OVER_RIDING_STYLED_ITEM('overriding color',(#12461),#9140,
  #10446);
#12461 = PRESENTATION_STYLE_ASSIGNMENT((#12462));
#12462 = SURFACE_STYLE_USAGE(.BOTH.,#12463);
#12463 = SURFACE_SIDE_STYLE('',(#12464));
#12464 = SURFACE_STYLE_FILL_AREA(#12465);
#12465 = FILL_AREA_STYLE('',(#12466));
#12466 = FILL_AREA_STYLE_COLOUR('',#11255);
#12467 = OVER_RIDING_STYLED_ITEM('overriding color',(#12468),#9156,
  #10446);
#12468 = PRESENTATION_STYLE_ASSIGNMENT((#12469));
#12469 = SURFACE_STYLE_USAGE(.BOTH.,#12470);
#12470 = SURFACE_SIDE_STYLE('',(#12471));
#12471 = SURFACE_STYLE_FILL_AREA(#12472);
#12472 = FILL_AREA_STYLE('',(#12473));
#12473 = FILL_AREA_STYLE_COLOUR('',#11255);
#12474 = OVER_RIDING_STYLED_ITEM('overriding color',(#12475),#9172,
  #10446);
#12475 = PRESENTATION_STYLE_ASSIGNMENT((#12476));
#12476 = SURFACE_STYLE_USAGE(.BOTH.,#12477);
#12477 = SURFACE_SIDE_STYLE('',(#12478));
#12478 = SURFACE_STYLE_FILL_AREA(#12479);
#12479 = FILL_AREA_STYLE('',(#12480));
#12480 = FILL_AREA_STYLE_COLOUR('',#11255);
#12481 = OVER_RIDING_STYLED_ITEM('overriding color',(#12482),#9188,
  #10446);
#12482 = PRESENTATION_STYLE_ASSIGNMENT((#12483));
#12483 = SURFACE_STYLE_USAGE(.BOTH.,#12484);
#12484 = SURFACE_SIDE_STYLE('',(#12485));
#12485 = SURFACE_STYLE_FILL_AREA(#12486);
#12486 = FILL_AREA_STYLE('',(#12487));
#12487 = FILL_AREA_STYLE_COLOUR('',#11255);
#12488 = OVER_RIDING_STYLED_ITEM('overriding color',(#12489),#9204,
  #10446);
#12489 = PRESENTATION_STYLE_ASSIGNMENT((#12490));
#12490 = SURFACE_STYLE_USAGE(.BOTH.,#12491);
#12491 = SURFACE_SIDE_STYLE('',(#12492));
#12492 = SURFACE_STYLE_FILL_AREA(#12493);
#12493 = FILL_AREA_STYLE('',(#12494));
#12494 = FILL_AREA_STYLE_COLOUR('',#11255);
#12495 = OVER_RIDING_STYLED_ITEM('overriding color',(#12496),#9220,
  #10446);
#12496 = PRESENTATION_STYLE_ASSIGNMENT((#12497));
#12497 = SURFACE_STYLE_USAGE(.BOTH.,#12498);
#12498 = SURFACE_SIDE_STYLE('',(#12499));
#12499 = SURFACE_STYLE_FILL_AREA(#12500);
#12500 = FILL_AREA_STYLE('',(#12501));
#12501 = FILL_AREA_STYLE_COLOUR('',#11255);
#12502 = OVER_RIDING_STYLED_ITEM('overriding color',(#12503),#9236,
  #10446);
#12503 = PRESENTATION_STYLE_ASSIGNMENT((#12504));
#12504 = SURFACE_STYLE_USAGE(.BOTH.,#12505);
#12505 = SURFACE_SIDE_STYLE('',(#12506));
#12506 = SURFACE_STYLE_FILL_AREA(#12507);
#12507 = FILL_AREA_STYLE('',(#12508));
#12508 = FILL_AREA_STYLE_COLOUR('',#11255);
#12509 = OVER_RIDING_STYLED_ITEM('overriding color',(#12510),#9248,
  #10446);
#12510 = PRESENTATION_STYLE_ASSIGNMENT((#12511));
#12511 = SURFACE_STYLE_USAGE(.BOTH.,#12512);
#12512 = SURFACE_SIDE_STYLE('',(#12513));
#12513 = SURFACE_STYLE_FILL_AREA(#12514);
#12514 = FILL_AREA_STYLE('',(#12515));
#12515 = FILL_AREA_STYLE_COLOUR('',#11255);
#12516 = OVER_RIDING_STYLED_ITEM('overriding color',(#12517),#9276,
  #10446);
#12517 = PRESENTATION_STYLE_ASSIGNMENT((#12518));
#12518 = SURFACE_STYLE_USAGE(.BOTH.,#12519);
#12519 = SURFACE_SIDE_STYLE('',(#12520));
#12520 = SURFACE_STYLE_FILL_AREA(#12521);
#12521 = FILL_AREA_STYLE('',(#12522));
#12522 = FILL_AREA_STYLE_COLOUR('',#11255);
#12523 = OVER_RIDING_STYLED_ITEM('overriding color',(#12524),#9298,
  #10446);
#12524 = PRESENTATION_STYLE_ASSIGNMENT((#12525));
#12525 = SURFACE_STYLE_USAGE(.BOTH.,#12526);
#12526 = SURFACE_SIDE_STYLE('',(#12527));
#12527 = SURFACE_STYLE_FILL_AREA(#12528);
#12528 = FILL_AREA_STYLE('',(#12529));
#12529 = FILL_AREA_STYLE_COLOUR('',#11255);
#12530 = OVER_RIDING_STYLED_ITEM('overriding color',(#12531),#9326,
  #10446);
#12531 = PRESENTATION_STYLE_ASSIGNMENT((#12532));
#12532 = SURFACE_STYLE_USAGE(.BOTH.,#12533);
#12533 = SURFACE_SIDE_STYLE('',(#12534));
#12534 = SURFACE_STYLE_FILL_AREA(#12535);
#12535 = FILL_AREA_STYLE('',(#12536));
#12536 = FILL_AREA_STYLE_COLOUR('',#11255);
#12537 = OVER_RIDING_STYLED_ITEM('overriding color',(#12538),#9348,
  #10446);
#12538 = PRESENTATION_STYLE_ASSIGNMENT((#12539));
#12539 = SURFACE_STYLE_USAGE(.BOTH.,#12540);
#12540 = SURFACE_SIDE_STYLE('',(#12541));
#12541 = SURFACE_STYLE_FILL_AREA(#12542);
#12542 = FILL_AREA_STYLE('',(#12543));
#12543 = FILL_AREA_STYLE_COLOUR('',#11255);
#12544 = OVER_RIDING_STYLED_ITEM('overriding color',(#12545),#9376,
  #10446);
#12545 = PRESENTATION_STYLE_ASSIGNMENT((#12546));
#12546 = SURFACE_STYLE_USAGE(.BOTH.,#12547);
#12547 = SURFACE_SIDE_STYLE('',(#12548));
#12548 = SURFACE_STYLE_FILL_AREA(#12549);
#12549 = FILL_AREA_STYLE('',(#12550));
#12550 = FILL_AREA_STYLE_COLOUR('',#11255);
#12551 = OVER_RIDING_STYLED_ITEM('overriding color',(#12552),#9392,
  #10446);
#12552 = PRESENTATION_STYLE_ASSIGNMENT((#12553));
#12553 = SURFACE_STYLE_USAGE(.BOTH.,#12554);
#12554 = SURFACE_SIDE_STYLE('',(#12555));
#12555 = SURFACE_STYLE_FILL_AREA(#12556);
#12556 = FILL_AREA_STYLE('',(#12557));
#12557 = FILL_AREA_STYLE_COLOUR('',#10453);
#12558 = OVER_RIDING_STYLED_ITEM('overriding color',(#12559),#9406,
  #10446);
#12559 = PRESENTATION_STYLE_ASSIGNMENT((#12560));
#12560 = SURFACE_STYLE_USAGE(.BOTH.,#12561);
#12561 = SURFACE_SIDE_STYLE('',(#12562));
#12562 = SURFACE_STYLE_FILL_AREA(#12563);
#12563 = FILL_AREA_STYLE('',(#12564));
#12564 = FILL_AREA_STYLE_COLOUR('',#11255);
#12565 = OVER_RIDING_STYLED_ITEM('overriding color',(#12566),#9726,
  #10446);
#12566 = PRESENTATION_STYLE_ASSIGNMENT((#12567));
#12567 = SURFACE_STYLE_USAGE(.BOTH.,#12568);
#12568 = SURFACE_SIDE_STYLE('',(#12569));
#12569 = SURFACE_STYLE_FILL_AREA(#12570);
#12570 = FILL_AREA_STYLE('',(#12571));
#12571 = FILL_AREA_STYLE_COLOUR('',#11255);
#12572 = OVER_RIDING_STYLED_ITEM('overriding color',(#12573),#9750,
  #10446);
#12573 = PRESENTATION_STYLE_ASSIGNMENT((#12574));
#12574 = SURFACE_STYLE_USAGE(.BOTH.,#12575);
#12575 = SURFACE_SIDE_STYLE('',(#12576));
#12576 = SURFACE_STYLE_FILL_AREA(#12577);
#12577 = FILL_AREA_STYLE('',(#12578));
#12578 = FILL_AREA_STYLE_COLOUR('',#11255);
#12579 = OVER_RIDING_STYLED_ITEM('overriding color',(#12580),#9770,
  #10446);
#12580 = PRESENTATION_STYLE_ASSIGNMENT((#12581));
#12581 = SURFACE_STYLE_USAGE(.BOTH.,#12582);
#12582 = SURFACE_SIDE_STYLE('',(#12583));
#12583 = SURFACE_STYLE_FILL_AREA(#12584);
#12584 = FILL_AREA_STYLE('',(#12585));
#12585 = FILL_AREA_STYLE_COLOUR('',#11255);
#12586 = OVER_RIDING_STYLED_ITEM('overriding color',(#12587),#9790,
  #10446);
#12587 = PRESENTATION_STYLE_ASSIGNMENT((#12588));
#12588 = SURFACE_STYLE_USAGE(.BOTH.,#12589);
#12589 = SURFACE_SIDE_STYLE('',(#12590));
#12590 = SURFACE_STYLE_FILL_AREA(#12591);
#12591 = FILL_AREA_STYLE('',(#12592));
#12592 = FILL_AREA_STYLE_COLOUR('',#11255);
#12593 = OVER_RIDING_STYLED_ITEM('overriding color',(#12594),#9810,
  #10446);
#12594 = PRESENTATION_STYLE_ASSIGNMENT((#12595));
#12595 = SURFACE_STYLE_USAGE(.BOTH.,#12596);
#12596 = SURFACE_SIDE_STYLE('',(#12597));
#12597 = SURFACE_STYLE_FILL_AREA(#12598);
#12598 = FILL_AREA_STYLE('',(#12599));
#12599 = FILL_AREA_STYLE_COLOUR('',#11255);
#12600 = OVER_RIDING_STYLED_ITEM('overriding color',(#12601),#9830,
  #10446);
#12601 = PRESENTATION_STYLE_ASSIGNMENT((#12602));
#12602 = SURFACE_STYLE_USAGE(.BOTH.,#12603);
#12603 = SURFACE_SIDE_STYLE('',(#12604));
#12604 = SURFACE_STYLE_FILL_AREA(#12605);
#12605 = FILL_AREA_STYLE('',(#12606));
#12606 = FILL_AREA_STYLE_COLOUR('',#11255);
#12607 = OVER_RIDING_STYLED_ITEM('overriding color',(#12608),#9850,
  #10446);
#12608 = PRESENTATION_STYLE_ASSIGNMENT((#12609));
#12609 = SURFACE_STYLE_USAGE(.BOTH.,#12610);
#12610 = SURFACE_SIDE_STYLE('',(#12611));
#12611 = SURFACE_STYLE_FILL_AREA(#12612);
#12612 = FILL_AREA_STYLE('',(#12613));
#12613 = FILL_AREA_STYLE_COLOUR('',#11255);
#12614 = OVER_RIDING_STYLED_ITEM('overriding color',(#12615),#9870,
  #10446);
#12615 = PRESENTATION_STYLE_ASSIGNMENT((#12616));
#12616 = SURFACE_STYLE_USAGE(.BOTH.,#12617);
#12617 = SURFACE_SIDE_STYLE('',(#12618));
#12618 = SURFACE_STYLE_FILL_AREA(#12619);
#12619 = FILL_AREA_STYLE('',(#12620));
#12620 = FILL_AREA_STYLE_COLOUR('',#11255);
#12621 = OVER_RIDING_STYLED_ITEM('overriding color',(#12622),#9890,
  #10446);
#12622 = PRESENTATION_STYLE_ASSIGNMENT((#12623));
#12623 = SURFACE_STYLE_USAGE(.BOTH.,#12624);
#12624 = SURFACE_SIDE_STYLE('',(#12625));
#12625 = SURFACE_STYLE_FILL_AREA(#12626);
#12626 = FILL_AREA_STYLE('',(#12627));
#12627 = FILL_AREA_STYLE_COLOUR('',#11255);
#12628 = OVER_RIDING_STYLED_ITEM('overriding color',(#12629),#9910,
  #10446);
#12629 = PRESENTATION_STYLE_ASSIGNMENT((#12630));
#12630 = SURFACE_STYLE_USAGE(.BOTH.,#12631);
#12631 = SURFACE_SIDE_STYLE('',(#12632));
#12632 = SURFACE_STYLE_FILL_AREA(#12633);
#12633 = FILL_AREA_STYLE('',(#12634));
#12634 = FILL_AREA_STYLE_COLOUR('',#11255);
#12635 = OVER_RIDING_STYLED_ITEM('overriding color',(#12636),#9930,
  #10446);
#12636 = PRESENTATION_STYLE_ASSIGNMENT((#12637));
#12637 = SURFACE_STYLE_USAGE(.BOTH.,#12638);
#12638 = SURFACE_SIDE_STYLE('',(#12639));
#12639 = SURFACE_STYLE_FILL_AREA(#12640);
#12640 = FILL_AREA_STYLE('',(#12641));
#12641 = FILL_AREA_STYLE_COLOUR('',#11255);
#12642 = OVER_RIDING_STYLED_ITEM('overriding color',(#12643),#9950,
  #10446);
#12643 = PRESENTATION_STYLE_ASSIGNMENT((#12644));
#12644 = SURFACE_STYLE_USAGE(.BOTH.,#12645);
#12645 = SURFACE_SIDE_STYLE('',(#12646));
#12646 = SURFACE_STYLE_FILL_AREA(#12647);
#12647 = FILL_AREA_STYLE('',(#12648));
#12648 = FILL_AREA_STYLE_COLOUR('',#11255);
#12649 = OVER_RIDING_STYLED_ITEM('overriding color',(#12650),#9970,
  #10446);
#12650 = PRESENTATION_STYLE_ASSIGNMENT((#12651));
#12651 = SURFACE_STYLE_USAGE(.BOTH.,#12652);
#12652 = SURFACE_SIDE_STYLE('',(#12653));
#12653 = SURFACE_STYLE_FILL_AREA(#12654);
#12654 = FILL_AREA_STYLE('',(#12655));
#12655 = FILL_AREA_STYLE_COLOUR('',#11255);
#12656 = OVER_RIDING_STYLED_ITEM('overriding color',(#12657),#9986,
  #10446);
#12657 = PRESENTATION_STYLE_ASSIGNMENT((#12658));
#12658 = SURFACE_STYLE_USAGE(.BOTH.,#12659);
#12659 = SURFACE_SIDE_STYLE('',(#12660));
#12660 = SURFACE_STYLE_FILL_AREA(#12661);
#12661 = FILL_AREA_STYLE('',(#12662));
#12662 = FILL_AREA_STYLE_COLOUR('',#11255);
#12663 = OVER_RIDING_STYLED_ITEM('overriding color',(#12664),#10002,
  #10446);
#12664 = PRESENTATION_STYLE_ASSIGNMENT((#12665));
#12665 = SURFACE_STYLE_USAGE(.BOTH.,#12666);
#12666 = SURFACE_SIDE_STYLE('',(#12667));
#12667 = SURFACE_STYLE_FILL_AREA(#12668);
#12668 = FILL_AREA_STYLE('',(#12669));
#12669 = FILL_AREA_STYLE_COLOUR('',#11255);
#12670 = OVER_RIDING_STYLED_ITEM('overriding color',(#12671),#10018,
  #10446);
#12671 = PRESENTATION_STYLE_ASSIGNMENT((#12672));
#12672 = SURFACE_STYLE_USAGE(.BOTH.,#12673);
#12673 = SURFACE_SIDE_STYLE('',(#12674));
#12674 = SURFACE_STYLE_FILL_AREA(#12675);
#12675 = FILL_AREA_STYLE('',(#12676));
#12676 = FILL_AREA_STYLE_COLOUR('',#11255);
#12677 = OVER_RIDING_STYLED_ITEM('overriding color',(#12678),#10034,
  #10446);
#12678 = PRESENTATION_STYLE_ASSIGNMENT((#12679));
#12679 = SURFACE_STYLE_USAGE(.BOTH.,#12680);
#12680 = SURFACE_SIDE_STYLE('',(#12681));
#12681 = SURFACE_STYLE_FILL_AREA(#12682);
#12682 = FILL_AREA_STYLE('',(#12683));
#12683 = FILL_AREA_STYLE_COLOUR('',#11255);
#12684 = OVER_RIDING_STYLED_ITEM('overriding color',(#12685),#10054,
  #10446);
#12685 = PRESENTATION_STYLE_ASSIGNMENT((#12686));
#12686 = SURFACE_STYLE_USAGE(.BOTH.,#12687);
#12687 = SURFACE_SIDE_STYLE('',(#12688));
#12688 = SURFACE_STYLE_FILL_AREA(#12689);
#12689 = FILL_AREA_STYLE('',(#12690));
#12690 = FILL_AREA_STYLE_COLOUR('',#11255);
#12691 = OVER_RIDING_STYLED_ITEM('overriding color',(#12692),#10074,
  #10446);
#12692 = PRESENTATION_STYLE_ASSIGNMENT((#12693));
#12693 = SURFACE_STYLE_USAGE(.BOTH.,#12694);
#12694 = SURFACE_SIDE_STYLE('',(#12695));
#12695 = SURFACE_STYLE_FILL_AREA(#12696);
#12696 = FILL_AREA_STYLE('',(#12697));
#12697 = FILL_AREA_STYLE_COLOUR('',#11255);
#12698 = OVER_RIDING_STYLED_ITEM('overriding color',(#12699),#10094,
  #10446);
#12699 = PRESENTATION_STYLE_ASSIGNMENT((#12700));
#12700 = SURFACE_STYLE_USAGE(.BOTH.,#12701);
#12701 = SURFACE_SIDE_STYLE('',(#12702));
#12702 = SURFACE_STYLE_FILL_AREA(#12703);
#12703 = FILL_AREA_STYLE('',(#12704));
#12704 = FILL_AREA_STYLE_COLOUR('',#11255);
#12705 = OVER_RIDING_STYLED_ITEM('overriding color',(#12706),#10114,
  #10446);
#12706 = PRESENTATION_STYLE_ASSIGNMENT((#12707));
#12707 = SURFACE_STYLE_USAGE(.BOTH.,#12708);
#12708 = SURFACE_SIDE_STYLE('',(#12709));
#12709 = SURFACE_STYLE_FILL_AREA(#12710);
#12710 = FILL_AREA_STYLE('',(#12711));
#12711 = FILL_AREA_STYLE_COLOUR('',#11255);
#12712 = OVER_RIDING_STYLED_ITEM('overriding color',(#12713),#10134,
  #10446);
#12713 = PRESENTATION_STYLE_ASSIGNMENT((#12714));
#12714 = SURFACE_STYLE_USAGE(.BOTH.,#12715);
#12715 = SURFACE_SIDE_STYLE('',(#12716));
#12716 = SURFACE_STYLE_FILL_AREA(#12717);
#12717 = FILL_AREA_STYLE('',(#12718));
#12718 = FILL_AREA_STYLE_COLOUR('',#11255);
#12719 = OVER_RIDING_STYLED_ITEM('overriding color',(#12720),#10154,
  #10446);
#12720 = PRESENTATION_STYLE_ASSIGNMENT((#12721));
#12721 = SURFACE_STYLE_USAGE(.BOTH.,#12722);
#12722 = SURFACE_SIDE_STYLE('',(#12723));
#12723 = SURFACE_STYLE_FILL_AREA(#12724);
#12724 = FILL_AREA_STYLE('',(#12725));
#12725 = FILL_AREA_STYLE_COLOUR('',#11255);
#12726 = OVER_RIDING_STYLED_ITEM('overriding color',(#12727),#10174,
  #10446);
#12727 = PRESENTATION_STYLE_ASSIGNMENT((#12728));
#12728 = SURFACE_STYLE_USAGE(.BOTH.,#12729);
#12729 = SURFACE_SIDE_STYLE('',(#12730));
#12730 = SURFACE_STYLE_FILL_AREA(#12731);
#12731 = FILL_AREA_STYLE('',(#12732));
#12732 = FILL_AREA_STYLE_COLOUR('',#11255);
#12733 = OVER_RIDING_STYLED_ITEM('overriding color',(#12734),#10190,
  #10446);
#12734 = PRESENTATION_STYLE_ASSIGNMENT((#12735));
#12735 = SURFACE_STYLE_USAGE(.BOTH.,#12736);
#12736 = SURFACE_SIDE_STYLE('',(#12737));
#12737 = SURFACE_STYLE_FILL_AREA(#12738);
#12738 = FILL_AREA_STYLE('',(#12739));
#12739 = FILL_AREA_STYLE_COLOUR('',#11255);
#12740 = OVER_RIDING_STYLED_ITEM('overriding color',(#12741),#10210,
  #10446);
#12741 = PRESENTATION_STYLE_ASSIGNMENT((#12742));
#12742 = SURFACE_STYLE_USAGE(.BOTH.,#12743);
#12743 = SURFACE_SIDE_STYLE('',(#12744));
#12744 = SURFACE_STYLE_FILL_AREA(#12745);
#12745 = FILL_AREA_STYLE('',(#12746));
#12746 = FILL_AREA_STYLE_COLOUR('',#11255);
#12747 = OVER_RIDING_STYLED_ITEM('overriding color',(#12748),#10230,
  #10446);
#12748 = PRESENTATION_STYLE_ASSIGNMENT((#12749));
#12749 = SURFACE_STYLE_USAGE(.BOTH.,#12750);
#12750 = SURFACE_SIDE_STYLE('',(#12751));
#12751 = SURFACE_STYLE_FILL_AREA(#12752);
#12752 = FILL_AREA_STYLE('',(#12753));
#12753 = FILL_AREA_STYLE_COLOUR('',#11255);
#12754 = OVER_RIDING_STYLED_ITEM('overriding color',(#12755),#10246,
  #10446);
#12755 = PRESENTATION_STYLE_ASSIGNMENT((#12756));
#12756 = SURFACE_STYLE_USAGE(.BOTH.,#12757);
#12757 = SURFACE_SIDE_STYLE('',(#12758));
#12758 = SURFACE_STYLE_FILL_AREA(#12759);
#12759 = FILL_AREA_STYLE('',(#12760));
#12760 = FILL_AREA_STYLE_COLOUR('',#11255);
#12761 = OVER_RIDING_STYLED_ITEM('overriding color',(#12762),#10266,
  #10446);
#12762 = PRESENTATION_STYLE_ASSIGNMENT((#12763));
#12763 = SURFACE_STYLE_USAGE(.BOTH.,#12764);
#12764 = SURFACE_SIDE_STYLE('',(#12765));
#12765 = SURFACE_STYLE_FILL_AREA(#12766);
#12766 = FILL_AREA_STYLE('',(#12767));
#12767 = FILL_AREA_STYLE_COLOUR('',#11255);
#12768 = OVER_RIDING_STYLED_ITEM('overriding color',(#12769),#10286,
  #10446);
#12769 = PRESENTATION_STYLE_ASSIGNMENT((#12770));
#12770 = SURFACE_STYLE_USAGE(.BOTH.,#12771);
#12771 = SURFACE_SIDE_STYLE('',(#12772));
#12772 = SURFACE_STYLE_FILL_AREA(#12773);
#12773 = FILL_AREA_STYLE('',(#12774));
#12774 = FILL_AREA_STYLE_COLOUR('',#11255);
#12775 = OVER_RIDING_STYLED_ITEM('overriding color',(#12776),#10306,
  #10446);
#12776 = PRESENTATION_STYLE_ASSIGNMENT((#12777));
#12777 = SURFACE_STYLE_USAGE(.BOTH.,#12778);
#12778 = SURFACE_SIDE_STYLE('',(#12779));
#12779 = SURFACE_STYLE_FILL_AREA(#12780);
#12780 = FILL_AREA_STYLE('',(#12781));
#12781 = FILL_AREA_STYLE_COLOUR('',#11255);
#12782 = OVER_RIDING_STYLED_ITEM('overriding color',(#12783),#10322,
  #10446);
#12783 = PRESENTATION_STYLE_ASSIGNMENT((#12784));
#12784 = SURFACE_STYLE_USAGE(.BOTH.,#12785);
#12785 = SURFACE_SIDE_STYLE('',(#12786));
#12786 = SURFACE_STYLE_FILL_AREA(#12787);
#12787 = FILL_AREA_STYLE('',(#12788));
#12788 = FILL_AREA_STYLE_COLOUR('',#11255);
#12789 = OVER_RIDING_STYLED_ITEM('overriding color',(#12790),#10342,
  #10446);
#12790 = PRESENTATION_STYLE_ASSIGNMENT((#12791));
#12791 = SURFACE_STYLE_USAGE(.BOTH.,#12792);
#12792 = SURFACE_SIDE_STYLE('',(#12793));
#12793 = SURFACE_STYLE_FILL_AREA(#12794);
#12794 = FILL_AREA_STYLE('',(#12795));
#12795 = FILL_AREA_STYLE_COLOUR('',#11255);
#12796 = OVER_RIDING_STYLED_ITEM('overriding color',(#12797),#10358,
  #10446);
#12797 = PRESENTATION_STYLE_ASSIGNMENT((#12798));
#12798 = SURFACE_STYLE_USAGE(.BOTH.,#12799);
#12799 = SURFACE_SIDE_STYLE('',(#12800));
#12800 = SURFACE_STYLE_FILL_AREA(#12801);
#12801 = FILL_AREA_STYLE('',(#12802));
#12802 = FILL_AREA_STYLE_COLOUR('',#11255);
#12803 = OVER_RIDING_STYLED_ITEM('overriding color',(#12804),#10401,
  #10446);
#12804 = PRESENTATION_STYLE_ASSIGNMENT((#12805));
#12805 = SURFACE_STYLE_USAGE(.BOTH.,#12806);
#12806 = SURFACE_SIDE_STYLE('',(#12807));
#12807 = SURFACE_STYLE_FILL_AREA(#12808);
#12808 = FILL_AREA_STYLE('',(#12809));
#12809 = FILL_AREA_STYLE_COLOUR('',#11255);
#12810 = OVER_RIDING_STYLED_ITEM('overriding color',(#12811),#10429,
  #10446);
#12811 = PRESENTATION_STYLE_ASSIGNMENT((#12812));
#12812 = SURFACE_STYLE_USAGE(.BOTH.,#12813);
#12813 = SURFACE_SIDE_STYLE('',(#12814));
#12814 = SURFACE_STYLE_FILL_AREA(#12815);
#12815 = FILL_AREA_STYLE('',(#12816));
#12816 = FILL_AREA_STYLE_COLOUR('',#10453);
ENDSEC;
END-ISO-10303-21;
