ISO-10303-21;
HEADER;
FILE_DESCRIPTION(('Open CASCADE Model'),'2;1');
FILE_NAME('Open CASCADE Shape Model','2026-09-02T07:29:12',('Author'),(
    'Open CASCADE'),'Open CASCADE STEP processor 7.9','Open CASCADE 7.9'
  ,'Unknown');
FILE_SCHEMA(('AUTOMOTIVE_DESIGN { 1 0 10303 214 1 1 1 1 }'));
ENDSEC;
DATA;
#1 = APPLICATION_PROTOCOL_DEFINITION('international standard',
  'automotive_design',2000,#2);
#2 = APPLICATION_CONTEXT(
  'core data for automotive mechanical design processes');
#3 = SHAPE_DEFINITION_REPRESENTATION(#4,#10);
#4 = PRODUCT_DEFINITION_SHAPE('','',#5);
#5 = PRODUCT_DEFINITION('design','',#6,#9);
#6 = PRODUCT_DEFINITION_FORMATION('','',#7);
#7 = PRODUCT('COMPOUND','COMPOUND','',(#8));
#8 = PRODUCT_CONTEXT('',#2,'mechanical');
#9 = PRODUCT_DEFINITION_CONTEXT('part definition',#2,'design');
#10 = SHAPE_REPRESENTATION('',(#11,#15,#913,#3273,#3471,#4005,#4383,
    #4889,#5347,#5725,#6519,#7319,#7827,#8205,#8711,#9169),#10493);
#11 = AXIS2_PLACEMENT_3D('',#12,#13,#14);
#12 = CARTESIAN_POINT('',(0.,0.,0.));
#13 = DIRECTION('',(0.,0.,1.));
#14 = DIRECTION('',(1.,0.,-0.));
#15 = MANIFOLD_SOLID_BREP('',#16);
#16 = CLOSED_SHELL('',(#17,#72,#127,#182,#237,#274,#311,#348,#385,#433,
    #469,#497,#525,#545,#612,#635,#653,#678,#695,#720,#737,#762,#779,
    #804,#821,#844,#867,#890));
#17 = ADVANCED_FACE('',(#18),#56,.T.);
#18 = FACE_BOUND('',#19,.T.);
#19 = EDGE_LOOP('',(#20,#32,#40,#50));
#20 = ORIENTED_EDGE('',*,*,#21,.F.);
#21 = EDGE_CURVE('',#22,#24,#26,.T.);
#22 = VERTEX_POINT('',#23);
#23 = CARTESIAN_POINT('',(-2.6,-1.995,3.1100001));
#24 = VERTEX_POINT('',#25);
#25 = CARTESIAN_POINT('',(-1.4,-1.995,3.1100001));
#26 = ( BOUNDED_CURVE() B_SPLINE_CURVE(2,(#27,#28,#29,#30,#31),
.UNSPECIFIED.,.F.,.F.) B_SPLINE_CURVE_WITH_KNOTS((3,2,3),(3.14159265359,
4.712388980385,6.28318530718),.PIECEWISE_BEZIER_KNOTS.) CURVE() 
GEOMETRIC_REPRESENTATION_ITEM() RATIONAL_B_SPLINE_CURVE((1.,
0.707106781187,1.,0.707106781187,1.)) REPRESENTATION_ITEM('') );
#27 = CARTESIAN_POINT('',(-2.6,-1.995,3.1100001));
#28 = CARTESIAN_POINT('',(-2.6,-1.395,3.1100001));
#29 = CARTESIAN_POINT('',(-2.,-1.395,3.1100001));
#30 = CARTESIAN_POINT('',(-1.4,-1.395,3.1100001));
#31 = CARTESIAN_POINT('',(-1.4,-1.995,3.1100001));
#32 = ORIENTED_EDGE('',*,*,#33,.T.);
#33 = EDGE_CURVE('',#22,#34,#36,.T.);
#34 = VERTEX_POINT('',#35);
#35 = CARTESIAN_POINT('',(-2.3,-1.995,3.4100001));
#36 = ( BOUNDED_CURVE() B_SPLINE_CURVE(2,(#37,#38,#39),.UNSPECIFIED.,.F.
,.F.) B_SPLINE_CURVE_WITH_KNOTS((3,3),(0.,1.570796326795),
.PIECEWISE_BEZIER_KNOTS.) CURVE() GEOMETRIC_REPRESENTATION_ITEM() 
RATIONAL_B_SPLINE_CURVE((1.,0.707106781187,1.)) REPRESENTATION_ITEM('') 
  );
#37 = CARTESIAN_POINT('',(-2.6,-1.995,3.1100001));
#38 = CARTESIAN_POINT('',(-2.6,-1.995,3.4100001));
#39 = CARTESIAN_POINT('',(-2.3,-1.995,3.4100001));
#40 = ORIENTED_EDGE('',*,*,#41,.F.);
#41 = EDGE_CURVE('',#42,#34,#44,.T.);
#42 = VERTEX_POINT('',#43);
#43 = CARTESIAN_POINT('',(-1.7,-1.995,3.4100001));
#44 = ( BOUNDED_CURVE() B_SPLINE_CURVE(2,(#45,#46,#47,#48,#49),
.UNSPECIFIED.,.F.,.F.) B_SPLINE_CURVE_WITH_KNOTS((3,2,3),(0.,
1.570796326795,3.14159265359),.PIECEWISE_BEZIER_KNOTS.) CURVE() 
GEOMETRIC_REPRESENTATION_ITEM() RATIONAL_B_SPLINE_CURVE((1.,
0.707106781187,1.,0.707106781187,1.)) REPRESENTATION_ITEM('') );
#45 = CARTESIAN_POINT('',(-1.7,-1.995,3.4100001));
#46 = CARTESIAN_POINT('',(-1.7,-1.695,3.4100001));
#47 = CARTESIAN_POINT('',(-2.,-1.695,3.4100001));
#48 = CARTESIAN_POINT('',(-2.3,-1.695,3.4100001));
#49 = CARTESIAN_POINT('',(-2.3,-1.995,3.4100001));
#50 = ORIENTED_EDGE('',*,*,#51,.F.);
#51 = EDGE_CURVE('',#24,#42,#52,.T.);
#52 = ( BOUNDED_CURVE() B_SPLINE_CURVE(2,(#53,#54,#55),.UNSPECIFIED.,.F.
,.F.) B_SPLINE_CURVE_WITH_KNOTS((3,3),(1.570796326795,3.14159265359),
.PIECEWISE_BEZIER_KNOTS.) CURVE() GEOMETRIC_REPRESENTATION_ITEM() 
RATIONAL_B_SPLINE_CURVE((1.,0.707106781187,1.)) REPRESENTATION_ITEM('') 
  );
#53 = CARTESIAN_POINT('',(-1.4,-1.995,3.1100001));
#54 = CARTESIAN_POINT('',(-1.4,-1.995,3.4100001));
#55 = CARTESIAN_POINT('',(-1.7,-1.995,3.4100001));
#56 = ( BOUNDED_SURFACE() B_SPLINE_SURFACE(2,2,(
    (#57,#58,#59)
    ,(#60,#61,#62)
    ,(#63,#64,#65)
    ,(#66,#67,#68)
    ,(#69,#70,#71
)),.UNSPECIFIED.,.F.,.F.,.F.) B_SPLINE_SURFACE_WITH_KNOTS((3,2,3),(3,3),
  (0.,1.570796326795,3.14159265359),(0.,1.570796326795),
.PIECEWISE_BEZIER_KNOTS.) GEOMETRIC_REPRESENTATION_ITEM() 
RATIONAL_B_SPLINE_SURFACE((
    (1.,0.707106781187,1.)
    ,(0.707106781187,0.5,0.707106781187)
    ,(1.,0.707106781187,1.)
    ,(0.707106781187,0.5,0.707106781187)
,(1.,0.707106781187,1.))) REPRESENTATION_ITEM('') SURFACE() );
#57 = CARTESIAN_POINT('',(-1.4,-1.995,3.1100001));
#58 = CARTESIAN_POINT('',(-1.4,-1.995,3.4100001));
#59 = CARTESIAN_POINT('',(-1.7,-1.995,3.4100001));
#60 = CARTESIAN_POINT('',(-1.4,-1.395,3.1100001));
#61 = CARTESIAN_POINT('',(-1.4,-1.395,3.4100001));
#62 = CARTESIAN_POINT('',(-1.7,-1.695,3.4100001));
#63 = CARTESIAN_POINT('',(-2.,-1.395,3.1100001));
#64 = CARTESIAN_POINT('',(-2.,-1.395,3.4100001));
#65 = CARTESIAN_POINT('',(-2.,-1.695,3.4100001));
#66 = CARTESIAN_POINT('',(-2.6,-1.395,3.1100001));
#67 = CARTESIAN_POINT('',(-2.6,-1.395,3.4100001));
#68 = CARTESIAN_POINT('',(-2.3,-1.695,3.4100001));
#69 = CARTESIAN_POINT('',(-2.6,-1.995,3.1100001));
#70 = CARTESIAN_POINT('',(-2.6,-1.995,3.4100001));
#71 = CARTESIAN_POINT('',(-2.3,-1.995,3.4100001));
#72 = ADVANCED_FACE('',(#73),#111,.T.);
#73 = FACE_BOUND('',#74,.T.);
#74 = EDGE_LOOP('',(#75,#87,#95,#105));
#75 = ORIENTED_EDGE('',*,*,#76,.F.);
#76 = EDGE_CURVE('',#77,#79,#81,.T.);
#77 = VERTEX_POINT('',#78);
#78 = CARTESIAN_POINT('',(2.3,-1.995,3.4100001));
#79 = VERTEX_POINT('',#80);
#80 = CARTESIAN_POINT('',(1.7,-1.995,3.4100001));
#81 = ( BOUNDED_CURVE() B_SPLINE_CURVE(2,(#82,#83,#84,#85,#86),
.UNSPECIFIED.,.F.,.F.) B_SPLINE_CURVE_WITH_KNOTS((3,2,3),(3.14159265359,
4.712388980385,6.28318530718),.PIECEWISE_BEZIER_KNOTS.) CURVE() 
GEOMETRIC_REPRESENTATION_ITEM() RATIONAL_B_SPLINE_CURVE((1.,
0.707106781187,1.,0.707106781187,1.)) REPRESENTATION_ITEM('') );
#82 = CARTESIAN_POINT('',(2.3,-1.995,3.4100001));
#83 = CARTESIAN_POINT('',(2.3,-1.695,3.4100001));
#84 = CARTESIAN_POINT('',(2.,-1.695,3.4100001));
#85 = CARTESIAN_POINT('',(1.7,-1.695,3.4100001));
#86 = CARTESIAN_POINT('',(1.7,-1.995,3.4100001));
#87 = ORIENTED_EDGE('',*,*,#88,.T.);
#88 = EDGE_CURVE('',#77,#89,#91,.T.);
#89 = VERTEX_POINT('',#90);
#90 = CARTESIAN_POINT('',(2.6,-1.995,3.1100001));
#91 = ( BOUNDED_CURVE() B_SPLINE_CURVE(2,(#92,#93,#94),.UNSPECIFIED.,.F.
,.F.) B_SPLINE_CURVE_WITH_KNOTS((3,3),(1.570796326795,3.14159265359),
.PIECEWISE_BEZIER_KNOTS.) CURVE() GEOMETRIC_REPRESENTATION_ITEM() 
RATIONAL_B_SPLINE_CURVE((1.,0.707106781187,1.)) REPRESENTATION_ITEM('') 
  );
#92 = CARTESIAN_POINT('',(2.3,-1.995,3.4100001));
#93 = CARTESIAN_POINT('',(2.6,-1.995,3.4100001));
#94 = CARTESIAN_POINT('',(2.6,-1.995,3.1100001));
#95 = ORIENTED_EDGE('',*,*,#96,.F.);
#96 = EDGE_CURVE('',#97,#89,#99,.T.);
#97 = VERTEX_POINT('',#98);
#98 = CARTESIAN_POINT('',(1.4,-1.995,3.1100001));
#99 = ( BOUNDED_CURVE() B_SPLINE_CURVE(2,(#100,#101,#102,#103,#104),
.UNSPECIFIED.,.F.,.F.) B_SPLINE_CURVE_WITH_KNOTS((3,2,3),(0.,
1.570796326795,3.14159265359),.PIECEWISE_BEZIER_KNOTS.) CURVE() 
GEOMETRIC_REPRESENTATION_ITEM() RATIONAL_B_SPLINE_CURVE((1.,
0.707106781187,1.,0.707106781187,1.)) REPRESENTATION_ITEM('') );
#100 = CARTESIAN_POINT('',(1.4,-1.995,3.1100001));
#101 = CARTESIAN_POINT('',(1.4,-1.395,3.1100001));
#102 = CARTESIAN_POINT('',(2.,-1.395,3.1100001));
#103 = CARTESIAN_POINT('',(2.6,-1.395,3.1100001));
#104 = CARTESIAN_POINT('',(2.6,-1.995,3.1100001));
#105 = ORIENTED_EDGE('',*,*,#106,.F.);
#106 = EDGE_CURVE('',#79,#97,#107,.T.);
#107 = ( BOUNDED_CURVE() B_SPLINE_CURVE(2,(#108,#109,#110),
.UNSPECIFIED.,.F.,.F.) B_SPLINE_CURVE_WITH_KNOTS((3,3),(3.14159265359,
4.712388980385),.PIECEWISE_BEZIER_KNOTS.) CURVE() 
GEOMETRIC_REPRESENTATION_ITEM() RATIONAL_B_SPLINE_CURVE((1.,
0.707106781187,1.)) REPRESENTATION_ITEM('') );
#108 = CARTESIAN_POINT('',(1.7,-1.995,3.4100001));
#109 = CARTESIAN_POINT('',(1.4,-1.995,3.4100001));
#110 = CARTESIAN_POINT('',(1.4,-1.995,3.1100001));
#111 = ( BOUNDED_SURFACE() B_SPLINE_SURFACE(2,2,(
    (#112,#113,#114)
    ,(#115,#116,#117)
    ,(#118,#119,#120)
    ,(#121,#122,#123)
    ,(#124,#125,#126
)),.UNSPECIFIED.,.F.,.F.,.F.) B_SPLINE_SURFACE_WITH_KNOTS((3,2,3),(3,3),
  (0.,1.570796326795,3.14159265359),(4.712388980385,6.28318530718),
.PIECEWISE_BEZIER_KNOTS.) GEOMETRIC_REPRESENTATION_ITEM() 
RATIONAL_B_SPLINE_SURFACE((
    (1.,0.707106781187,1.)
    ,(0.707106781187,0.5,0.707106781187)
    ,(1.,0.707106781187,1.)
    ,(0.707106781187,0.5,0.707106781187)
,(1.,0.707106781187,1.))) REPRESENTATION_ITEM('') SURFACE() );
#112 = CARTESIAN_POINT('',(1.7,-1.995,3.4100001));
#113 = CARTESIAN_POINT('',(1.4,-1.995,3.4100001));
#114 = CARTESIAN_POINT('',(1.4,-1.995,3.1100001));
#115 = CARTESIAN_POINT('',(1.7,-1.695,3.4100001));
#116 = CARTESIAN_POINT('',(1.4,-1.395,3.4100001));
#117 = CARTESIAN_POINT('',(1.4,-1.395,3.1100001));
#118 = CARTESIAN_POINT('',(2.,-1.695,3.4100001));
#119 = CARTESIAN_POINT('',(2.,-1.395,3.4100001));
#120 = CARTESIAN_POINT('',(2.,-1.395,3.1100001));
#121 = CARTESIAN_POINT('',(2.3,-1.695,3.4100001));
#122 = CARTESIAN_POINT('',(2.6,-1.395,3.4100001));
#123 = CARTESIAN_POINT('',(2.6,-1.395,3.1100001));
#124 = CARTESIAN_POINT('',(2.3,-1.995,3.4100001));
#125 = CARTESIAN_POINT('',(2.6,-1.995,3.4100001));
#126 = CARTESIAN_POINT('',(2.6,-1.995,3.1100001));
#127 = ADVANCED_FACE('',(#128),#166,.T.);
#128 = FACE_BOUND('',#129,.T.);
#129 = EDGE_LOOP('',(#130,#142,#150,#160));
#130 = ORIENTED_EDGE('',*,*,#131,.F.);
#131 = EDGE_CURVE('',#132,#134,#136,.T.);
#132 = VERTEX_POINT('',#133);
#133 = CARTESIAN_POINT('',(1.4,2.005,3.1100001));
#134 = VERTEX_POINT('',#135);
#135 = CARTESIAN_POINT('',(2.6,2.005,3.1100001));
#136 = ( BOUNDED_CURVE() B_SPLINE_CURVE(2,(#137,#138,#139,#140,#141),
.UNSPECIFIED.,.F.,.F.) B_SPLINE_CURVE_WITH_KNOTS((3,2,3),(3.14159265359,
4.712388980385,6.28318530718),.PIECEWISE_BEZIER_KNOTS.) CURVE() 
GEOMETRIC_REPRESENTATION_ITEM() RATIONAL_B_SPLINE_CURVE((1.,
0.707106781187,1.,0.707106781187,1.)) REPRESENTATION_ITEM('') );
#137 = CARTESIAN_POINT('',(1.4,2.005,3.1100001));
#138 = CARTESIAN_POINT('',(1.4,2.605,3.1100001));
#139 = CARTESIAN_POINT('',(2.,2.605,3.1100001));
#140 = CARTESIAN_POINT('',(2.6,2.605,3.1100001));
#141 = CARTESIAN_POINT('',(2.6,2.005,3.1100001));
#142 = ORIENTED_EDGE('',*,*,#143,.T.);
#143 = EDGE_CURVE('',#132,#144,#146,.T.);
#144 = VERTEX_POINT('',#145);
#145 = CARTESIAN_POINT('',(1.7,2.005,3.4100001));
#146 = ( BOUNDED_CURVE() B_SPLINE_CURVE(2,(#147,#148,#149),
.UNSPECIFIED.,.F.,.F.) B_SPLINE_CURVE_WITH_KNOTS((3,3),(0.,
1.570796326795),.PIECEWISE_BEZIER_KNOTS.) CURVE() 
GEOMETRIC_REPRESENTATION_ITEM() RATIONAL_B_SPLINE_CURVE((1.,
0.707106781187,1.)) REPRESENTATION_ITEM('') );
#147 = CARTESIAN_POINT('',(1.4,2.005,3.1100001));
#148 = CARTESIAN_POINT('',(1.4,2.005,3.4100001));
#149 = CARTESIAN_POINT('',(1.7,2.005,3.4100001));
#150 = ORIENTED_EDGE('',*,*,#151,.F.);
#151 = EDGE_CURVE('',#152,#144,#154,.T.);
#152 = VERTEX_POINT('',#153);
#153 = CARTESIAN_POINT('',(2.3,2.005,3.4100001));
#154 = ( BOUNDED_CURVE() B_SPLINE_CURVE(2,(#155,#156,#157,#158,#159),
.UNSPECIFIED.,.F.,.F.) B_SPLINE_CURVE_WITH_KNOTS((3,2,3),(0.,
1.570796326795,3.14159265359),.PIECEWISE_BEZIER_KNOTS.) CURVE() 
GEOMETRIC_REPRESENTATION_ITEM() RATIONAL_B_SPLINE_CURVE((1.,
0.707106781187,1.,0.707106781187,1.)) REPRESENTATION_ITEM('') );
#155 = CARTESIAN_POINT('',(2.3,2.005,3.4100001));
#156 = CARTESIAN_POINT('',(2.3,2.305,3.4100001));
#157 = CARTESIAN_POINT('',(2.,2.305,3.4100001));
#158 = CARTESIAN_POINT('',(1.7,2.305,3.4100001));
#159 = CARTESIAN_POINT('',(1.7,2.005,3.4100001));
#160 = ORIENTED_EDGE('',*,*,#161,.F.);
#161 = EDGE_CURVE('',#134,#152,#162,.T.);
#162 = ( BOUNDED_CURVE() B_SPLINE_CURVE(2,(#163,#164,#165),
.UNSPECIFIED.,.F.,.F.) B_SPLINE_CURVE_WITH_KNOTS((3,3),(1.570796326795,
3.14159265359),.PIECEWISE_BEZIER_KNOTS.) CURVE() 
GEOMETRIC_REPRESENTATION_ITEM() RATIONAL_B_SPLINE_CURVE((1.,
0.707106781187,1.)) REPRESENTATION_ITEM('') );
#163 = CARTESIAN_POINT('',(2.6,2.005,3.1100001));
#164 = CARTESIAN_POINT('',(2.6,2.005,3.4100001));
#165 = CARTESIAN_POINT('',(2.3,2.005,3.4100001));
#166 = ( BOUNDED_SURFACE() B_SPLINE_SURFACE(2,2,(
    (#167,#168,#169)
    ,(#170,#171,#172)
    ,(#173,#174,#175)
    ,(#176,#177,#178)
    ,(#179,#180,#181
)),.UNSPECIFIED.,.F.,.F.,.F.) B_SPLINE_SURFACE_WITH_KNOTS((3,2,3),(3,3),
  (0.,1.570796326795,3.14159265359),(0.,1.570796326795),
.PIECEWISE_BEZIER_KNOTS.) GEOMETRIC_REPRESENTATION_ITEM() 
RATIONAL_B_SPLINE_SURFACE((
    (1.,0.707106781187,1.)
    ,(0.707106781187,0.5,0.707106781187)
    ,(1.,0.707106781187,1.)
    ,(0.707106781187,0.5,0.707106781187)
,(1.,0.707106781187,1.))) REPRESENTATION_ITEM('') SURFACE() );
#167 = CARTESIAN_POINT('',(2.6,2.005,3.1100001));
#168 = CARTESIAN_POINT('',(2.6,2.005,3.4100001));
#169 = CARTESIAN_POINT('',(2.3,2.005,3.4100001));
#170 = CARTESIAN_POINT('',(2.6,2.605,3.1100001));
#171 = CARTESIAN_POINT('',(2.6,2.605,3.4100001));
#172 = CARTESIAN_POINT('',(2.3,2.305,3.4100001));
#173 = CARTESIAN_POINT('',(2.,2.605,3.1100001));
#174 = CARTESIAN_POINT('',(2.,2.605,3.4100001));
#175 = CARTESIAN_POINT('',(2.,2.305,3.4100001));
#176 = CARTESIAN_POINT('',(1.4,2.605,3.1100001));
#177 = CARTESIAN_POINT('',(1.4,2.605,3.4100001));
#178 = CARTESIAN_POINT('',(1.7,2.305,3.4100001));
#179 = CARTESIAN_POINT('',(1.4,2.005,3.1100001));
#180 = CARTESIAN_POINT('',(1.4,2.005,3.4100001));
#181 = CARTESIAN_POINT('',(1.7,2.005,3.4100001));
#182 = ADVANCED_FACE('',(#183),#221,.T.);
#183 = FACE_BOUND('',#184,.T.);
#184 = EDGE_LOOP('',(#185,#197,#205,#215));
#185 = ORIENTED_EDGE('',*,*,#186,.F.);
#186 = EDGE_CURVE('',#187,#189,#191,.T.);
#187 = VERTEX_POINT('',#188);
#188 = CARTESIAN_POINT('',(-1.7,2.005,3.4100001));
#189 = VERTEX_POINT('',#190);
#190 = CARTESIAN_POINT('',(-2.3,2.005,3.4100001));
#191 = ( BOUNDED_CURVE() B_SPLINE_CURVE(2,(#192,#193,#194,#195,#196),
.UNSPECIFIED.,.F.,.F.) B_SPLINE_CURVE_WITH_KNOTS((3,2,3),(3.14159265359,
4.712388980385,6.28318530718),.PIECEWISE_BEZIER_KNOTS.) CURVE() 
GEOMETRIC_REPRESENTATION_ITEM() RATIONAL_B_SPLINE_CURVE((1.,
0.707106781187,1.,0.707106781187,1.)) REPRESENTATION_ITEM('') );
#192 = CARTESIAN_POINT('',(-1.7,2.005,3.4100001));
#193 = CARTESIAN_POINT('',(-1.7,2.305,3.4100001));
#194 = CARTESIAN_POINT('',(-2.,2.305,3.4100001));
#195 = CARTESIAN_POINT('',(-2.3,2.305,3.4100001));
#196 = CARTESIAN_POINT('',(-2.3,2.005,3.4100001));
#197 = ORIENTED_EDGE('',*,*,#198,.T.);
#198 = EDGE_CURVE('',#187,#199,#201,.T.);
#199 = VERTEX_POINT('',#200);
#200 = CARTESIAN_POINT('',(-1.4,2.005,3.1100001));
#201 = ( BOUNDED_CURVE() B_SPLINE_CURVE(2,(#202,#203,#204),
.UNSPECIFIED.,.F.,.F.) B_SPLINE_CURVE_WITH_KNOTS((3,3),(1.570796326795,
3.14159265359),.PIECEWISE_BEZIER_KNOTS.) CURVE() 
GEOMETRIC_REPRESENTATION_ITEM() RATIONAL_B_SPLINE_CURVE((1.,
0.707106781187,1.)) REPRESENTATION_ITEM('') );
#202 = CARTESIAN_POINT('',(-1.7,2.005,3.4100001));
#203 = CARTESIAN_POINT('',(-1.4,2.005,3.4100001));
#204 = CARTESIAN_POINT('',(-1.4,2.005,3.1100001));
#205 = ORIENTED_EDGE('',*,*,#206,.F.);
#206 = EDGE_CURVE('',#207,#199,#209,.T.);
#207 = VERTEX_POINT('',#208);
#208 = CARTESIAN_POINT('',(-2.6,2.005,3.1100001));
#209 = ( BOUNDED_CURVE() B_SPLINE_CURVE(2,(#210,#211,#212,#213,#214),
.UNSPECIFIED.,.F.,.F.) B_SPLINE_CURVE_WITH_KNOTS((3,2,3),(0.,
1.570796326795,3.14159265359),.PIECEWISE_BEZIER_KNOTS.) CURVE() 
GEOMETRIC_REPRESENTATION_ITEM() RATIONAL_B_SPLINE_CURVE((1.,
0.707106781187,1.,0.707106781187,1.)) REPRESENTATION_ITEM('') );
#210 = CARTESIAN_POINT('',(-2.6,2.005,3.1100001));
#211 = CARTESIAN_POINT('',(-2.6,2.605,3.1100001));
#212 = CARTESIAN_POINT('',(-2.,2.605,3.1100001));
#213 = CARTESIAN_POINT('',(-1.4,2.605,3.1100001));
#214 = CARTESIAN_POINT('',(-1.4,2.005,3.1100001));
#215 = ORIENTED_EDGE('',*,*,#216,.F.);
#216 = EDGE_CURVE('',#189,#207,#217,.T.);
#217 = ( BOUNDED_CURVE() B_SPLINE_CURVE(2,(#218,#219,#220),
.UNSPECIFIED.,.F.,.F.) B_SPLINE_CURVE_WITH_KNOTS((3,3),(3.14159265359,
4.712388980385),.PIECEWISE_BEZIER_KNOTS.) CURVE() 
GEOMETRIC_REPRESENTATION_ITEM() RATIONAL_B_SPLINE_CURVE((1.,
0.707106781187,1.)) REPRESENTATION_ITEM('') );
#218 = CARTESIAN_POINT('',(-2.3,2.005,3.4100001));
#219 = CARTESIAN_POINT('',(-2.6,2.005,3.4100001));
#220 = CARTESIAN_POINT('',(-2.6,2.005,3.1100001));
#221 = ( BOUNDED_SURFACE() B_SPLINE_SURFACE(2,2,(
    (#222,#223,#224)
    ,(#225,#226,#227)
    ,(#228,#229,#230)
    ,(#231,#232,#233)
    ,(#234,#235,#236
)),.UNSPECIFIED.,.F.,.F.,.F.) B_SPLINE_SURFACE_WITH_KNOTS((3,2,3),(3,3),
  (0.,1.570796326795,3.14159265359),(4.712388980385,6.28318530718),
.PIECEWISE_BEZIER_KNOTS.) GEOMETRIC_REPRESENTATION_ITEM() 
RATIONAL_B_SPLINE_SURFACE((
    (1.,0.707106781187,1.)
    ,(0.707106781187,0.5,0.707106781187)
    ,(1.,0.707106781187,1.)
    ,(0.707106781187,0.5,0.707106781187)
,(1.,0.707106781187,1.))) REPRESENTATION_ITEM('') SURFACE() );
#222 = CARTESIAN_POINT('',(-2.3,2.005,3.4100001));
#223 = CARTESIAN_POINT('',(-2.6,2.005,3.4100001));
#224 = CARTESIAN_POINT('',(-2.6,2.005,3.1100001));
#225 = CARTESIAN_POINT('',(-2.3,2.305,3.4100001));
#226 = CARTESIAN_POINT('',(-2.6,2.605,3.4100001));
#227 = CARTESIAN_POINT('',(-2.6,2.605,3.1100001));
#228 = CARTESIAN_POINT('',(-2.,2.305,3.4100001));
#229 = CARTESIAN_POINT('',(-2.,2.605,3.4100001));
#230 = CARTESIAN_POINT('',(-2.,2.605,3.1100001));
#231 = CARTESIAN_POINT('',(-1.7,2.305,3.4100001));
#232 = CARTESIAN_POINT('',(-1.4,2.605,3.4100001));
#233 = CARTESIAN_POINT('',(-1.4,2.605,3.1100001));
#234 = CARTESIAN_POINT('',(-1.7,2.005,3.4100001));
#235 = CARTESIAN_POINT('',(-1.4,2.005,3.4100001));
#236 = CARTESIAN_POINT('',(-1.4,2.005,3.1100001));
#237 = ADVANCED_FACE('',(#238),#263,.T.);
#238 = FACE_BOUND('',#239,.T.);
#239 = EDGE_LOOP('',(#240,#241,#248,#258));
#240 = ORIENTED_EDGE('',*,*,#96,.T.);
#241 = ORIENTED_EDGE('',*,*,#242,.T.);
#242 = EDGE_CURVE('',#89,#243,#245,.T.);
#243 = VERTEX_POINT('',#244);
#244 = CARTESIAN_POINT('',(2.6,-1.995,3.0100001));
#245 = B_SPLINE_CURVE_WITH_KNOTS('',1,(#246,#247),.UNSPECIFIED.,.F.,.F.,
  (2,2),(0.3,0.4),.PIECEWISE_BEZIER_KNOTS.);
#246 = CARTESIAN_POINT('',(2.6,-1.995,3.1100001));
#247 = CARTESIAN_POINT('',(2.6,-1.995,3.0100001));
#248 = ORIENTED_EDGE('',*,*,#249,.T.);
#249 = EDGE_CURVE('',#243,#250,#252,.T.);
#250 = VERTEX_POINT('',#251);
#251 = CARTESIAN_POINT('',(1.4,-1.995,3.0100001));
#252 = ( BOUNDED_CURVE() B_SPLINE_CURVE(2,(#253,#254,#255,#256,#257),
.UNSPECIFIED.,.F.,.F.) B_SPLINE_CURVE_WITH_KNOTS((3,2,3),(3.14159265359,
4.712388980385,6.28318530718),.PIECEWISE_BEZIER_KNOTS.) CURVE() 
GEOMETRIC_REPRESENTATION_ITEM() RATIONAL_B_SPLINE_CURVE((1.,
0.707106781187,1.,0.707106781187,1.)) REPRESENTATION_ITEM('') );
#253 = CARTESIAN_POINT('',(2.6,-1.995,3.0100001));
#254 = CARTESIAN_POINT('',(2.6,-1.395,3.0100001));
#255 = CARTESIAN_POINT('',(2.,-1.395,3.0100001));
#256 = CARTESIAN_POINT('',(1.4,-1.395,3.0100001));
#257 = CARTESIAN_POINT('',(1.4,-1.995,3.0100001));
#258 = ORIENTED_EDGE('',*,*,#259,.F.);
#259 = EDGE_CURVE('',#97,#250,#260,.T.);
#260 = B_SPLINE_CURVE_WITH_KNOTS('',1,(#261,#262),.UNSPECIFIED.,.F.,.F.,
  (2,2),(0.3,0.4),.PIECEWISE_BEZIER_KNOTS.);
#261 = CARTESIAN_POINT('',(1.4,-1.995,3.1100001));
#262 = CARTESIAN_POINT('',(1.4,-1.995,3.0100001));
#263 = ( BOUNDED_SURFACE() B_SPLINE_SURFACE(2,1,(
    (#264,#265)
    ,(#266,#267)
    ,(#268,#269)
    ,(#270,#271)
,(#272,#273
    )),.UNSPECIFIED.,.F.,.F.,.F.) B_SPLINE_SURFACE_WITH_KNOTS((3,2,3),(2
    ,2),(0.,1.570796326795,3.14159265359),(0.3,0.4),
.PIECEWISE_BEZIER_KNOTS.) GEOMETRIC_REPRESENTATION_ITEM() 
RATIONAL_B_SPLINE_SURFACE((
    (1.,1.)
    ,(0.707106781187,0.707106781187)
    ,(1.,1.)
    ,(0.707106781187,0.707106781187)
,(1.,1.))) REPRESENTATION_ITEM('') SURFACE() );
#264 = CARTESIAN_POINT('',(1.4,-1.995,3.1100001));
#265 = CARTESIAN_POINT('',(1.4,-1.995,3.0100001));
#266 = CARTESIAN_POINT('',(1.4,-1.395,3.1100001));
#267 = CARTESIAN_POINT('',(1.4,-1.395,3.0100001));
#268 = CARTESIAN_POINT('',(2.,-1.395,3.1100001));
#269 = CARTESIAN_POINT('',(2.,-1.395,3.0100001));
#270 = CARTESIAN_POINT('',(2.6,-1.395,3.1100001));
#271 = CARTESIAN_POINT('',(2.6,-1.395,3.0100001));
#272 = CARTESIAN_POINT('',(2.6,-1.995,3.1100001));
#273 = CARTESIAN_POINT('',(2.6,-1.995,3.0100001));
#274 = ADVANCED_FACE('',(#275),#300,.T.);
#275 = FACE_BOUND('',#276,.T.);
#276 = EDGE_LOOP('',(#277,#278,#285,#295));
#277 = ORIENTED_EDGE('',*,*,#131,.T.);
#278 = ORIENTED_EDGE('',*,*,#279,.T.);
#279 = EDGE_CURVE('',#134,#280,#282,.T.);
#280 = VERTEX_POINT('',#281);
#281 = CARTESIAN_POINT('',(2.6,2.005,3.0100001));
#282 = B_SPLINE_CURVE_WITH_KNOTS('',1,(#283,#284),.UNSPECIFIED.,.F.,.F.,
  (2,2),(0.3,0.4),.PIECEWISE_BEZIER_KNOTS.);
#283 = CARTESIAN_POINT('',(2.6,2.005,3.1100001));
#284 = CARTESIAN_POINT('',(2.6,2.005,3.0100001));
#285 = ORIENTED_EDGE('',*,*,#286,.T.);
#286 = EDGE_CURVE('',#280,#287,#289,.T.);
#287 = VERTEX_POINT('',#288);
#288 = CARTESIAN_POINT('',(1.4,2.005,3.0100001));
#289 = ( BOUNDED_CURVE() B_SPLINE_CURVE(2,(#290,#291,#292,#293,#294),
.UNSPECIFIED.,.F.,.F.) B_SPLINE_CURVE_WITH_KNOTS((3,2,3),(0.,
1.570796326795,3.14159265359),.PIECEWISE_BEZIER_KNOTS.) CURVE() 
GEOMETRIC_REPRESENTATION_ITEM() RATIONAL_B_SPLINE_CURVE((1.,
0.707106781187,1.,0.707106781187,1.)) REPRESENTATION_ITEM('') );
#290 = CARTESIAN_POINT('',(2.6,2.005,3.0100001));
#291 = CARTESIAN_POINT('',(2.6,2.605,3.0100001));
#292 = CARTESIAN_POINT('',(2.,2.605,3.0100001));
#293 = CARTESIAN_POINT('',(1.4,2.605,3.0100001));
#294 = CARTESIAN_POINT('',(1.4,2.005,3.0100001));
#295 = ORIENTED_EDGE('',*,*,#296,.F.);
#296 = EDGE_CURVE('',#132,#287,#297,.T.);
#297 = B_SPLINE_CURVE_WITH_KNOTS('',1,(#298,#299),.UNSPECIFIED.,.F.,.F.,
  (2,2),(0.3,0.4),.PIECEWISE_BEZIER_KNOTS.);
#298 = CARTESIAN_POINT('',(1.4,2.005,3.1100001));
#299 = CARTESIAN_POINT('',(1.4,2.005,3.0100001));
#300 = ( BOUNDED_SURFACE() B_SPLINE_SURFACE(2,1,(
    (#301,#302)
    ,(#303,#304)
    ,(#305,#306)
    ,(#307,#308)
,(#309,#310
    )),.UNSPECIFIED.,.F.,.F.,.F.) B_SPLINE_SURFACE_WITH_KNOTS((3,2,3),(2
    ,2),(0.,1.570796326795,3.14159265359),(0.3,0.4),
.PIECEWISE_BEZIER_KNOTS.) GEOMETRIC_REPRESENTATION_ITEM() 
RATIONAL_B_SPLINE_SURFACE((
    (1.,1.)
    ,(0.707106781187,0.707106781187)
    ,(1.,1.)
    ,(0.707106781187,0.707106781187)
,(1.,1.))) REPRESENTATION_ITEM('') SURFACE() );
#301 = CARTESIAN_POINT('',(1.4,2.005,3.1100001));
#302 = CARTESIAN_POINT('',(1.4,2.005,3.0100001));
#303 = CARTESIAN_POINT('',(1.4,2.605,3.1100001));
#304 = CARTESIAN_POINT('',(1.4,2.605,3.0100001));
#305 = CARTESIAN_POINT('',(2.,2.605,3.1100001));
#306 = CARTESIAN_POINT('',(2.,2.605,3.0100001));
#307 = CARTESIAN_POINT('',(2.6,2.605,3.1100001));
#308 = CARTESIAN_POINT('',(2.6,2.605,3.0100001));
#309 = CARTESIAN_POINT('',(2.6,2.005,3.1100001));
#310 = CARTESIAN_POINT('',(2.6,2.005,3.0100001));
#311 = ADVANCED_FACE('',(#312),#337,.T.);
#312 = FACE_BOUND('',#313,.T.);
#313 = EDGE_LOOP('',(#314,#315,#322,#332));
#314 = ORIENTED_EDGE('',*,*,#206,.T.);
#315 = ORIENTED_EDGE('',*,*,#316,.T.);
#316 = EDGE_CURVE('',#199,#317,#319,.T.);
#317 = VERTEX_POINT('',#318);
#318 = CARTESIAN_POINT('',(-1.4,2.005,3.0100001));
#319 = B_SPLINE_CURVE_WITH_KNOTS('',1,(#320,#321),.UNSPECIFIED.,.F.,.F.,
  (2,2),(0.3,0.4),.PIECEWISE_BEZIER_KNOTS.);
#320 = CARTESIAN_POINT('',(-1.4,2.005,3.1100001));
#321 = CARTESIAN_POINT('',(-1.4,2.005,3.0100001));
#322 = ORIENTED_EDGE('',*,*,#323,.T.);
#323 = EDGE_CURVE('',#317,#324,#326,.T.);
#324 = VERTEX_POINT('',#325);
#325 = CARTESIAN_POINT('',(-2.6,2.005,3.0100001));
#326 = ( BOUNDED_CURVE() B_SPLINE_CURVE(2,(#327,#328,#329,#330,#331),
.UNSPECIFIED.,.F.,.F.) B_SPLINE_CURVE_WITH_KNOTS((3,2,3),(3.14159265359,
4.712388980385,6.28318530718),.PIECEWISE_BEZIER_KNOTS.) CURVE() 
GEOMETRIC_REPRESENTATION_ITEM() RATIONAL_B_SPLINE_CURVE((1.,
0.707106781187,1.,0.707106781187,1.)) REPRESENTATION_ITEM('') );
#327 = CARTESIAN_POINT('',(-1.4,2.005,3.0100001));
#328 = CARTESIAN_POINT('',(-1.4,2.605,3.0100001));
#329 = CARTESIAN_POINT('',(-2.,2.605,3.0100001));
#330 = CARTESIAN_POINT('',(-2.6,2.605,3.0100001));
#331 = CARTESIAN_POINT('',(-2.6,2.005,3.0100001));
#332 = ORIENTED_EDGE('',*,*,#333,.F.);
#333 = EDGE_CURVE('',#207,#324,#334,.T.);
#334 = B_SPLINE_CURVE_WITH_KNOTS('',1,(#335,#336),.UNSPECIFIED.,.F.,.F.,
  (2,2),(0.3,0.4),.PIECEWISE_BEZIER_KNOTS.);
#335 = CARTESIAN_POINT('',(-2.6,2.005,3.1100001));
#336 = CARTESIAN_POINT('',(-2.6,2.005,3.0100001));
#337 = ( BOUNDED_SURFACE() B_SPLINE_SURFACE(2,1,(
    (#338,#339)
    ,(#340,#341)
    ,(#342,#343)
    ,(#344,#345)
,(#346,#347
    )),.UNSPECIFIED.,.F.,.F.,.F.) B_SPLINE_SURFACE_WITH_KNOTS((3,2,3),(2
    ,2),(0.,1.570796326795,3.14159265359),(0.3,0.4),
.PIECEWISE_BEZIER_KNOTS.) GEOMETRIC_REPRESENTATION_ITEM() 
RATIONAL_B_SPLINE_SURFACE((
    (1.,1.)
    ,(0.707106781187,0.707106781187)
    ,(1.,1.)
    ,(0.707106781187,0.707106781187)
,(1.,1.))) REPRESENTATION_ITEM('') SURFACE() );
#338 = CARTESIAN_POINT('',(-2.6,2.005,3.1100001));
#339 = CARTESIAN_POINT('',(-2.6,2.005,3.0100001));
#340 = CARTESIAN_POINT('',(-2.6,2.605,3.1100001));
#341 = CARTESIAN_POINT('',(-2.6,2.605,3.0100001));
#342 = CARTESIAN_POINT('',(-2.,2.605,3.1100001));
#343 = CARTESIAN_POINT('',(-2.,2.605,3.0100001));
#344 = CARTESIAN_POINT('',(-1.4,2.605,3.1100001));
#345 = CARTESIAN_POINT('',(-1.4,2.605,3.0100001));
#346 = CARTESIAN_POINT('',(-1.4,2.005,3.1100001));
#347 = CARTESIAN_POINT('',(-1.4,2.005,3.0100001));
#348 = ADVANCED_FACE('',(#349),#374,.T.);
#349 = FACE_BOUND('',#350,.T.);
#350 = EDGE_LOOP('',(#351,#352,#359,#369));
#351 = ORIENTED_EDGE('',*,*,#21,.T.);
#352 = ORIENTED_EDGE('',*,*,#353,.T.);
#353 = EDGE_CURVE('',#24,#354,#356,.T.);
#354 = VERTEX_POINT('',#355);
#355 = CARTESIAN_POINT('',(-1.4,-1.995,3.0100001));
#356 = B_SPLINE_CURVE_WITH_KNOTS('',1,(#357,#358),.UNSPECIFIED.,.F.,.F.,
  (2,2),(0.3,0.4),.PIECEWISE_BEZIER_KNOTS.);
#357 = CARTESIAN_POINT('',(-1.4,-1.995,3.1100001));
#358 = CARTESIAN_POINT('',(-1.4,-1.995,3.0100001));
#359 = ORIENTED_EDGE('',*,*,#360,.T.);
#360 = EDGE_CURVE('',#354,#361,#363,.T.);
#361 = VERTEX_POINT('',#362);
#362 = CARTESIAN_POINT('',(-2.6,-1.995,3.0100001));
#363 = ( BOUNDED_CURVE() B_SPLINE_CURVE(2,(#364,#365,#366,#367,#368),
.UNSPECIFIED.,.F.,.F.) B_SPLINE_CURVE_WITH_KNOTS((3,2,3),(0.,
1.570796326795,3.14159265359),.PIECEWISE_BEZIER_KNOTS.) CURVE() 
GEOMETRIC_REPRESENTATION_ITEM() RATIONAL_B_SPLINE_CURVE((1.,
0.707106781187,1.,0.707106781187,1.)) REPRESENTATION_ITEM('') );
#364 = CARTESIAN_POINT('',(-1.4,-1.995,3.0100001));
#365 = CARTESIAN_POINT('',(-1.4,-1.395,3.0100001));
#366 = CARTESIAN_POINT('',(-2.,-1.395,3.0100001));
#367 = CARTESIAN_POINT('',(-2.6,-1.395,3.0100001));
#368 = CARTESIAN_POINT('',(-2.6,-1.995,3.0100001));
#369 = ORIENTED_EDGE('',*,*,#370,.F.);
#370 = EDGE_CURVE('',#22,#361,#371,.T.);
#371 = B_SPLINE_CURVE_WITH_KNOTS('',1,(#372,#373),.UNSPECIFIED.,.F.,.F.,
  (2,2),(0.3,0.4),.PIECEWISE_BEZIER_KNOTS.);
#372 = CARTESIAN_POINT('',(-2.6,-1.995,3.1100001));
#373 = CARTESIAN_POINT('',(-2.6,-1.995,3.0100001));
#374 = ( BOUNDED_SURFACE() B_SPLINE_SURFACE(2,1,(
    (#375,#376)
    ,(#377,#378)
    ,(#379,#380)
    ,(#381,#382)
,(#383,#384
    )),.UNSPECIFIED.,.F.,.F.,.F.) B_SPLINE_SURFACE_WITH_KNOTS((3,2,3),(2
    ,2),(0.,1.570796326795,3.14159265359),(0.3,0.4),
.PIECEWISE_BEZIER_KNOTS.) GEOMETRIC_REPRESENTATION_ITEM() 
RATIONAL_B_SPLINE_SURFACE((
    (1.,1.)
    ,(0.707106781187,0.707106781187)
    ,(1.,1.)
    ,(0.707106781187,0.707106781187)
,(1.,1.))) REPRESENTATION_ITEM('') SURFACE() );
#375 = CARTESIAN_POINT('',(-2.6,-1.995,3.1100001));
#376 = CARTESIAN_POINT('',(-2.6,-1.995,3.0100001));
#377 = CARTESIAN_POINT('',(-2.6,-1.395,3.1100001));
#378 = CARTESIAN_POINT('',(-2.6,-1.395,3.0100001));
#379 = CARTESIAN_POINT('',(-2.,-1.395,3.1100001));
#380 = CARTESIAN_POINT('',(-2.,-1.395,3.0100001));
#381 = CARTESIAN_POINT('',(-1.4,-1.395,3.1100001));
#382 = CARTESIAN_POINT('',(-1.4,-1.395,3.0100001));
#383 = CARTESIAN_POINT('',(-1.4,-1.995,3.1100001));
#384 = CARTESIAN_POINT('',(-1.4,-1.995,3.0100001));
#385 = ADVANCED_FACE('',(#386),#422,.F.);
#386 = FACE_BOUND('',#387,.F.);
#387 = EDGE_LOOP('',(#388,#397,#407,#414));
#388 = ORIENTED_EDGE('',*,*,#389,.T.);
#389 = EDGE_CURVE('',#390,#392,#394,.T.);
#390 = VERTEX_POINT('',#391);
#391 = CARTESIAN_POINT('',(1.76,5.000000000001E-03,2.6100001));
#392 = VERTEX_POINT('',#393);
#393 = CARTESIAN_POINT('',(1.76,5.000000000001E-03,3.0100001));
#394 = B_SPLINE_CURVE_WITH_KNOTS('',1,(#395,#396),.UNSPECIFIED.,.F.,.F.,
  (2,2),(0.,0.4),.PIECEWISE_BEZIER_KNOTS.);
#395 = CARTESIAN_POINT('',(1.76,5.000000000001E-03,2.6100001));
#396 = CARTESIAN_POINT('',(1.76,5.000000000001E-03,3.0100001));
#397 = ORIENTED_EDGE('',*,*,#398,.F.);
#398 = EDGE_CURVE('',#399,#392,#401,.T.);
#399 = VERTEX_POINT('',#400);
#400 = CARTESIAN_POINT('',(-1.76,5.000000000001E-03,3.0100001));
#401 = ( BOUNDED_CURVE() B_SPLINE_CURVE(2,(#402,#403,#404,#405,#406),
.UNSPECIFIED.,.F.,.F.) B_SPLINE_CURVE_WITH_KNOTS((3,2,3),(3.14159265359,
4.712388980385,6.28318530718),.PIECEWISE_BEZIER_KNOTS.) CURVE() 
GEOMETRIC_REPRESENTATION_ITEM() RATIONAL_B_SPLINE_CURVE((1.,
0.707106781187,1.,0.707106781187,1.)) REPRESENTATION_ITEM('') );
#402 = CARTESIAN_POINT('',(-1.76,5.000000000001E-03,3.0100001));
#403 = CARTESIAN_POINT('',(-1.76,-1.755,3.0100001));
#404 = CARTESIAN_POINT('',(-3.233067549749E-16,-1.755,3.0100001));
#405 = CARTESIAN_POINT('',(1.76,-1.755,3.0100001));
#406 = CARTESIAN_POINT('',(1.76,5.E-03,3.0100001));
#407 = ORIENTED_EDGE('',*,*,#408,.F.);
#408 = EDGE_CURVE('',#409,#399,#411,.T.);
#409 = VERTEX_POINT('',#410);
#410 = CARTESIAN_POINT('',(-1.76,5.000000000001E-03,2.6100001));
#411 = B_SPLINE_CURVE_WITH_KNOTS('',1,(#412,#413),.UNSPECIFIED.,.F.,.F.,
  (2,2),(0.,0.4),.PIECEWISE_BEZIER_KNOTS.);
#412 = CARTESIAN_POINT('',(-1.76,5.000000000001E-03,2.6100001));
#413 = CARTESIAN_POINT('',(-1.76,5.000000000001E-03,3.0100001));
#414 = ORIENTED_EDGE('',*,*,#415,.T.);
#415 = EDGE_CURVE('',#409,#390,#416,.T.);
#416 = ( BOUNDED_CURVE() B_SPLINE_CURVE(2,(#417,#418,#419,#420,#421),
.UNSPECIFIED.,.F.,.F.) B_SPLINE_CURVE_WITH_KNOTS((3,2,3),(3.14159265359,
4.712388980385,6.28318530718),.PIECEWISE_BEZIER_KNOTS.) CURVE() 
GEOMETRIC_REPRESENTATION_ITEM() RATIONAL_B_SPLINE_CURVE((1.,
0.707106781187,1.,0.707106781187,1.)) REPRESENTATION_ITEM('') );
#417 = CARTESIAN_POINT('',(-1.76,5.000000000001E-03,2.6100001));
#418 = CARTESIAN_POINT('',(-1.76,-1.755,2.6100001));
#419 = CARTESIAN_POINT('',(-3.233067549749E-16,-1.755,2.6100001));
#420 = CARTESIAN_POINT('',(1.76,-1.755,2.6100001));
#421 = CARTESIAN_POINT('',(1.76,5.E-03,2.6100001));
#422 = ( BOUNDED_SURFACE() B_SPLINE_SURFACE(2,1,(
    (#423,#424)
    ,(#425,#426)
    ,(#427,#428)
    ,(#429,#430)
,(#431,#432
    )),.UNSPECIFIED.,.F.,.F.,.F.) B_SPLINE_SURFACE_WITH_KNOTS((3,2,3),(2
    ,2),(3.14159265359,4.712388980385,6.28318530718),(0.,0.4),
.PIECEWISE_BEZIER_KNOTS.) GEOMETRIC_REPRESENTATION_ITEM() 
RATIONAL_B_SPLINE_SURFACE((
    (1.,1.)
    ,(0.707106781187,0.707106781187)
    ,(1.,1.)
    ,(0.707106781187,0.707106781187)
,(1.,1.))) REPRESENTATION_ITEM('') SURFACE() );
#423 = CARTESIAN_POINT('',(-1.76,5.000000000001E-03,2.6100001));
#424 = CARTESIAN_POINT('',(-1.76,5.000000000001E-03,3.0100001));
#425 = CARTESIAN_POINT('',(-1.76,-1.755,2.6100001));
#426 = CARTESIAN_POINT('',(-1.76,-1.755,3.0100001));
#427 = CARTESIAN_POINT('',(-3.233067549749E-16,-1.755,2.6100001));
#428 = CARTESIAN_POINT('',(-3.233067549749E-16,-1.755,3.0100001));
#429 = CARTESIAN_POINT('',(1.76,-1.755,2.6100001));
#430 = CARTESIAN_POINT('',(1.76,-1.755,3.0100001));
#431 = CARTESIAN_POINT('',(1.76,5.E-03,2.6100001));
#432 = CARTESIAN_POINT('',(1.76,5.E-03,3.0100001));
#433 = ADVANCED_FACE('',(#434),#464,.F.);
#434 = FACE_BOUND('',#435,.T.);
#435 = EDGE_LOOP('',(#436,#445,#452,#459));
#436 = ORIENTED_EDGE('',*,*,#437,.T.);
#437 = EDGE_CURVE('',#438,#440,#442,.T.);
#438 = VERTEX_POINT('',#439);
#439 = CARTESIAN_POINT('',(-3.,-2.995,2.6100001));
#440 = VERTEX_POINT('',#441);
#441 = CARTESIAN_POINT('',(3.,-2.995,2.6100001));
#442 = B_SPLINE_CURVE_WITH_KNOTS('',1,(#443,#444),.UNSPECIFIED.,.F.,.F.,
  (2,2),(0.,6.),.PIECEWISE_BEZIER_KNOTS.);
#443 = CARTESIAN_POINT('',(-3.,-2.995,2.6100001));
#444 = CARTESIAN_POINT('',(3.,-2.995,2.6100001));
#445 = ORIENTED_EDGE('',*,*,#446,.F.);
#446 = EDGE_CURVE('',#447,#440,#449,.T.);
#447 = VERTEX_POINT('',#448);
#448 = CARTESIAN_POINT('',(3.,-2.995,3.0100001));
#449 = B_SPLINE_CURVE_WITH_KNOTS('',1,(#450,#451),.UNSPECIFIED.,.F.,.F.,
  (2,2),(-0.,0.4),.PIECEWISE_BEZIER_KNOTS.);
#450 = CARTESIAN_POINT('',(3.,-2.995,3.0100001));
#451 = CARTESIAN_POINT('',(3.,-2.995,2.6100001));
#452 = ORIENTED_EDGE('',*,*,#453,.F.);
#453 = EDGE_CURVE('',#454,#447,#456,.T.);
#454 = VERTEX_POINT('',#455);
#455 = CARTESIAN_POINT('',(-3.,-2.995,3.0100001));
#456 = B_SPLINE_CURVE_WITH_KNOTS('',1,(#457,#458),.UNSPECIFIED.,.F.,.F.,
  (2,2),(0.,6.),.PIECEWISE_BEZIER_KNOTS.);
#457 = CARTESIAN_POINT('',(-3.,-2.995,3.0100001));
#458 = CARTESIAN_POINT('',(3.,-2.995,3.0100001));
#459 = ORIENTED_EDGE('',*,*,#460,.T.);
#460 = EDGE_CURVE('',#454,#438,#461,.T.);
#461 = B_SPLINE_CURVE_WITH_KNOTS('',1,(#462,#463),.UNSPECIFIED.,.F.,.F.,
  (2,2),(-0.,0.4),.PIECEWISE_BEZIER_KNOTS.);
#462 = CARTESIAN_POINT('',(-3.,-2.995,3.0100001));
#463 = CARTESIAN_POINT('',(-3.,-2.995,2.6100001));
#464 = B_SPLINE_SURFACE_WITH_KNOTS('',1,1,(
    (#465,#466)
    ,(#467,#468
    )),.UNSPECIFIED.,.F.,.F.,.F.,(2,2),(2,2),(-0.4,0.),(0.,6.),
  .PIECEWISE_BEZIER_KNOTS.);
#465 = CARTESIAN_POINT('',(-3.,-2.995,2.6100001));
#466 = CARTESIAN_POINT('',(3.,-2.995,2.6100001));
#467 = CARTESIAN_POINT('',(-3.,-2.995,3.0100001));
#468 = CARTESIAN_POINT('',(3.,-2.995,3.0100001));
#469 = ADVANCED_FACE('',(#470),#492,.F.);
#470 = FACE_BOUND('',#471,.T.);
#471 = EDGE_LOOP('',(#472,#479,#486,#491));
#472 = ORIENTED_EDGE('',*,*,#473,.T.);
#473 = EDGE_CURVE('',#440,#474,#476,.T.);
#474 = VERTEX_POINT('',#475);
#475 = CARTESIAN_POINT('',(3.,3.005,2.6100001));
#476 = B_SPLINE_CURVE_WITH_KNOTS('',1,(#477,#478),.UNSPECIFIED.,.F.,.F.,
  (2,2),(0.,6.),.PIECEWISE_BEZIER_KNOTS.);
#477 = CARTESIAN_POINT('',(3.,-2.995,2.6100001));
#478 = CARTESIAN_POINT('',(3.,3.005,2.6100001));
#479 = ORIENTED_EDGE('',*,*,#480,.F.);
#480 = EDGE_CURVE('',#481,#474,#483,.T.);
#481 = VERTEX_POINT('',#482);
#482 = CARTESIAN_POINT('',(3.,3.005,3.0100001));
#483 = B_SPLINE_CURVE_WITH_KNOTS('',1,(#484,#485),.UNSPECIFIED.,.F.,.F.,
  (2,2),(-0.,0.4),.PIECEWISE_BEZIER_KNOTS.);
#484 = CARTESIAN_POINT('',(3.,3.005,3.0100001));
#485 = CARTESIAN_POINT('',(3.,3.005,2.6100001));
#486 = ORIENTED_EDGE('',*,*,#487,.F.);
#487 = EDGE_CURVE('',#447,#481,#488,.T.);
#488 = B_SPLINE_CURVE_WITH_KNOTS('',1,(#489,#490),.UNSPECIFIED.,.F.,.F.,
  (2,2),(0.,6.),.PIECEWISE_BEZIER_KNOTS.);
#489 = CARTESIAN_POINT('',(3.,-2.995,3.0100001));
#490 = CARTESIAN_POINT('',(3.,3.005,3.0100001));
#491 = ORIENTED_EDGE('',*,*,#446,.T.);
#492 = B_SPLINE_SURFACE_WITH_KNOTS('',1,1,(
    (#493,#494)
    ,(#495,#496
    )),.UNSPECIFIED.,.F.,.F.,.F.,(2,2),(2,2),(-6.,0.),(-0.4,0.),
  .PIECEWISE_BEZIER_KNOTS.);
#493 = CARTESIAN_POINT('',(3.,3.005,2.6100001));
#494 = CARTESIAN_POINT('',(3.,3.005,3.0100001));
#495 = CARTESIAN_POINT('',(3.,-2.995,2.6100001));
#496 = CARTESIAN_POINT('',(3.,-2.995,3.0100001));
#497 = ADVANCED_FACE('',(#498),#520,.F.);
#498 = FACE_BOUND('',#499,.T.);
#499 = EDGE_LOOP('',(#500,#507,#514,#519));
#500 = ORIENTED_EDGE('',*,*,#501,.T.);
#501 = EDGE_CURVE('',#474,#502,#504,.T.);
#502 = VERTEX_POINT('',#503);
#503 = CARTESIAN_POINT('',(-3.,3.005,2.6100001));
#504 = B_SPLINE_CURVE_WITH_KNOTS('',1,(#505,#506),.UNSPECIFIED.,.F.,.F.,
  (2,2),(0.,6.),.PIECEWISE_BEZIER_KNOTS.);
#505 = CARTESIAN_POINT('',(3.,3.005,2.6100001));
#506 = CARTESIAN_POINT('',(-3.,3.005,2.6100001));
#507 = ORIENTED_EDGE('',*,*,#508,.F.);
#508 = EDGE_CURVE('',#509,#502,#511,.T.);
#509 = VERTEX_POINT('',#510);
#510 = CARTESIAN_POINT('',(-3.,3.005,3.0100001));
#511 = B_SPLINE_CURVE_WITH_KNOTS('',1,(#512,#513),.UNSPECIFIED.,.F.,.F.,
  (2,2),(-0.,0.4),.PIECEWISE_BEZIER_KNOTS.);
#512 = CARTESIAN_POINT('',(-3.,3.005,3.0100001));
#513 = CARTESIAN_POINT('',(-3.,3.005,2.6100001));
#514 = ORIENTED_EDGE('',*,*,#515,.F.);
#515 = EDGE_CURVE('',#481,#509,#516,.T.);
#516 = B_SPLINE_CURVE_WITH_KNOTS('',1,(#517,#518),.UNSPECIFIED.,.F.,.F.,
  (2,2),(0.,6.),.PIECEWISE_BEZIER_KNOTS.);
#517 = CARTESIAN_POINT('',(3.,3.005,3.0100001));
#518 = CARTESIAN_POINT('',(-3.,3.005,3.0100001));
#519 = ORIENTED_EDGE('',*,*,#480,.T.);
#520 = B_SPLINE_SURFACE_WITH_KNOTS('',1,1,(
    (#521,#522)
    ,(#523,#524
    )),.UNSPECIFIED.,.F.,.F.,.F.,(2,2),(2,2),(-0.,0.4),(-6.,0.),
  .PIECEWISE_BEZIER_KNOTS.);
#521 = CARTESIAN_POINT('',(-3.,3.005,3.0100001));
#522 = CARTESIAN_POINT('',(3.,3.005,3.0100001));
#523 = CARTESIAN_POINT('',(-3.,3.005,2.6100001));
#524 = CARTESIAN_POINT('',(3.,3.005,2.6100001));
#525 = ADVANCED_FACE('',(#526),#540,.F.);
#526 = FACE_BOUND('',#527,.T.);
#527 = EDGE_LOOP('',(#528,#533,#534,#539));
#528 = ORIENTED_EDGE('',*,*,#529,.T.);
#529 = EDGE_CURVE('',#502,#438,#530,.T.);
#530 = B_SPLINE_CURVE_WITH_KNOTS('',1,(#531,#532),.UNSPECIFIED.,.F.,.F.,
  (2,2),(0.,6.),.PIECEWISE_BEZIER_KNOTS.);
#531 = CARTESIAN_POINT('',(-3.,3.005,2.6100001));
#532 = CARTESIAN_POINT('',(-3.,-2.995,2.6100001));
#533 = ORIENTED_EDGE('',*,*,#460,.F.);
#534 = ORIENTED_EDGE('',*,*,#535,.F.);
#535 = EDGE_CURVE('',#509,#454,#536,.T.);
#536 = B_SPLINE_CURVE_WITH_KNOTS('',1,(#537,#538),.UNSPECIFIED.,.F.,.F.,
  (2,2),(0.,6.),.PIECEWISE_BEZIER_KNOTS.);
#537 = CARTESIAN_POINT('',(-3.,3.005,3.0100001));
#538 = CARTESIAN_POINT('',(-3.,-2.995,3.0100001));
#539 = ORIENTED_EDGE('',*,*,#508,.T.);
#540 = B_SPLINE_SURFACE_WITH_KNOTS('',1,1,(
    (#541,#542)
    ,(#543,#544
    )),.UNSPECIFIED.,.F.,.F.,.F.,(2,2),(2,2),(-6.,0.),(-0.4,0.),
  .PIECEWISE_BEZIER_KNOTS.);
#541 = CARTESIAN_POINT('',(-3.,-2.995,2.6100001));
#542 = CARTESIAN_POINT('',(-3.,-2.995,3.0100001));
#543 = CARTESIAN_POINT('',(-3.,3.005,2.6100001));
#544 = CARTESIAN_POINT('',(-3.,3.005,3.0100001));
#545 = ADVANCED_FACE('',(#546,#557,#568,#579,#590,#601),#607,.T.);
#546 = FACE_BOUND('',#547,.T.);
#547 = EDGE_LOOP('',(#548,#556));
#548 = ORIENTED_EDGE('',*,*,#549,.F.);
#549 = EDGE_CURVE('',#250,#243,#550,.T.);
#550 = ( BOUNDED_CURVE() B_SPLINE_CURVE(2,(#551,#552,#553,#554,#555),
.UNSPECIFIED.,.F.,.F.) B_SPLINE_CURVE_WITH_KNOTS((3,2,3),(0.,
1.570796326795,3.14159265359),.PIECEWISE_BEZIER_KNOTS.) CURVE() 
GEOMETRIC_REPRESENTATION_ITEM() RATIONAL_B_SPLINE_CURVE((1.,
0.707106781187,1.,0.707106781187,1.)) REPRESENTATION_ITEM('') );
#551 = CARTESIAN_POINT('',(1.4,-1.995,3.0100001));
#552 = CARTESIAN_POINT('',(1.4,-2.595,3.0100001));
#553 = CARTESIAN_POINT('',(2.,-2.595,3.0100001));
#554 = CARTESIAN_POINT('',(2.6,-2.595,3.0100001));
#555 = CARTESIAN_POINT('',(2.6,-1.995,3.0100001));
#556 = ORIENTED_EDGE('',*,*,#249,.F.);
#557 = FACE_BOUND('',#558,.T.);
#558 = EDGE_LOOP('',(#559,#567));
#559 = ORIENTED_EDGE('',*,*,#560,.F.);
#560 = EDGE_CURVE('',#287,#280,#561,.T.);
#561 = ( BOUNDED_CURVE() B_SPLINE_CURVE(2,(#562,#563,#564,#565,#566),
.UNSPECIFIED.,.F.,.F.) B_SPLINE_CURVE_WITH_KNOTS((3,2,3),(3.14159265359,
4.712388980385,6.28318530718),.PIECEWISE_BEZIER_KNOTS.) CURVE() 
GEOMETRIC_REPRESENTATION_ITEM() RATIONAL_B_SPLINE_CURVE((1.,
0.707106781187,1.,0.707106781187,1.)) REPRESENTATION_ITEM('') );
#562 = CARTESIAN_POINT('',(1.4,2.005,3.0100001));
#563 = CARTESIAN_POINT('',(1.4,1.405,3.0100001));
#564 = CARTESIAN_POINT('',(2.,1.405,3.0100001));
#565 = CARTESIAN_POINT('',(2.6,1.405,3.0100001));
#566 = CARTESIAN_POINT('',(2.6,2.005,3.0100001));
#567 = ORIENTED_EDGE('',*,*,#286,.F.);
#568 = FACE_BOUND('',#569,.T.);
#569 = EDGE_LOOP('',(#570,#578));
#570 = ORIENTED_EDGE('',*,*,#571,.F.);
#571 = EDGE_CURVE('',#324,#317,#572,.T.);
#572 = ( BOUNDED_CURVE() B_SPLINE_CURVE(2,(#573,#574,#575,#576,#577),
.UNSPECIFIED.,.F.,.F.) B_SPLINE_CURVE_WITH_KNOTS((3,2,3),(0.,
1.570796326795,3.14159265359),.PIECEWISE_BEZIER_KNOTS.) CURVE() 
GEOMETRIC_REPRESENTATION_ITEM() RATIONAL_B_SPLINE_CURVE((1.,
0.707106781187,1.,0.707106781187,1.)) REPRESENTATION_ITEM('') );
#573 = CARTESIAN_POINT('',(-2.6,2.005,3.0100001));
#574 = CARTESIAN_POINT('',(-2.6,1.405,3.0100001));
#575 = CARTESIAN_POINT('',(-2.,1.405,3.0100001));
#576 = CARTESIAN_POINT('',(-1.4,1.405,3.0100001));
#577 = CARTESIAN_POINT('',(-1.4,2.005,3.0100001));
#578 = ORIENTED_EDGE('',*,*,#323,.F.);
#579 = FACE_BOUND('',#580,.T.);
#580 = EDGE_LOOP('',(#581,#589));
#581 = ORIENTED_EDGE('',*,*,#582,.F.);
#582 = EDGE_CURVE('',#361,#354,#583,.T.);
#583 = ( BOUNDED_CURVE() B_SPLINE_CURVE(2,(#584,#585,#586,#587,#588),
.UNSPECIFIED.,.F.,.F.) B_SPLINE_CURVE_WITH_KNOTS((3,2,3),(3.14159265359,
4.712388980385,6.28318530718),.PIECEWISE_BEZIER_KNOTS.) CURVE() 
GEOMETRIC_REPRESENTATION_ITEM() RATIONAL_B_SPLINE_CURVE((1.,
0.707106781187,1.,0.707106781187,1.)) REPRESENTATION_ITEM('') );
#584 = CARTESIAN_POINT('',(-2.6,-1.995,3.0100001));
#585 = CARTESIAN_POINT('',(-2.6,-2.595,3.0100001));
#586 = CARTESIAN_POINT('',(-2.,-2.595,3.0100001));
#587 = CARTESIAN_POINT('',(-1.4,-2.595,3.0100001));
#588 = CARTESIAN_POINT('',(-1.4,-1.995,3.0100001));
#589 = ORIENTED_EDGE('',*,*,#360,.F.);
#590 = FACE_BOUND('',#591,.T.);
#591 = EDGE_LOOP('',(#592,#600));
#592 = ORIENTED_EDGE('',*,*,#593,.F.);
#593 = EDGE_CURVE('',#392,#399,#594,.T.);
#594 = ( BOUNDED_CURVE() B_SPLINE_CURVE(2,(#595,#596,#597,#598,#599),
.UNSPECIFIED.,.F.,.F.) B_SPLINE_CURVE_WITH_KNOTS((3,2,3),(0.,
1.570796326795,3.14159265359),.PIECEWISE_BEZIER_KNOTS.) CURVE() 
GEOMETRIC_REPRESENTATION_ITEM() RATIONAL_B_SPLINE_CURVE((1.,
0.707106781187,1.,0.707106781187,1.)) REPRESENTATION_ITEM('') );
#595 = CARTESIAN_POINT('',(1.76,5.000000000001E-03,3.0100001));
#596 = CARTESIAN_POINT('',(1.76,1.765,3.0100001));
#597 = CARTESIAN_POINT('',(1.07768918325E-16,1.765,3.0100001));
#598 = CARTESIAN_POINT('',(-1.76,1.765,3.0100001));
#599 = CARTESIAN_POINT('',(-1.76,5.000000000001E-03,3.0100001));
#600 = ORIENTED_EDGE('',*,*,#398,.F.);
#601 = FACE_BOUND('',#602,.T.);
#602 = EDGE_LOOP('',(#603,#604,#605,#606));
#603 = ORIENTED_EDGE('',*,*,#453,.T.);
#604 = ORIENTED_EDGE('',*,*,#487,.T.);
#605 = ORIENTED_EDGE('',*,*,#515,.T.);
#606 = ORIENTED_EDGE('',*,*,#535,.T.);
#607 = B_SPLINE_SURFACE_WITH_KNOTS('',1,1,(
    (#608,#609)
    ,(#610,#611
    )),.UNSPECIFIED.,.F.,.F.,.F.,(2,2),(2,2),(-3.,3.),(-3.,3.),
  .PIECEWISE_BEZIER_KNOTS.);
#608 = CARTESIAN_POINT('',(-3.,-2.995,3.0100001));
#609 = CARTESIAN_POINT('',(-3.,3.005,3.0100001));
#610 = CARTESIAN_POINT('',(3.,-2.995,3.0100001));
#611 = CARTESIAN_POINT('',(3.,3.005,3.0100001));
#612 = ADVANCED_FACE('',(#613,#624),#630,.F.);
#613 = FACE_BOUND('',#614,.T.);
#614 = EDGE_LOOP('',(#615,#623));
#615 = ORIENTED_EDGE('',*,*,#616,.T.);
#616 = EDGE_CURVE('',#390,#409,#617,.T.);
#617 = ( BOUNDED_CURVE() B_SPLINE_CURVE(2,(#618,#619,#620,#621,#622),
.UNSPECIFIED.,.F.,.F.) B_SPLINE_CURVE_WITH_KNOTS((3,2,3),(0.,
1.570796326795,3.14159265359),.PIECEWISE_BEZIER_KNOTS.) CURVE() 
GEOMETRIC_REPRESENTATION_ITEM() RATIONAL_B_SPLINE_CURVE((1.,
0.707106781187,1.,0.707106781187,1.)) REPRESENTATION_ITEM('') );
#618 = CARTESIAN_POINT('',(1.76,5.000000000001E-03,2.6100001));
#619 = CARTESIAN_POINT('',(1.76,1.765,2.6100001));
#620 = CARTESIAN_POINT('',(1.07768918325E-16,1.765,2.6100001));
#621 = CARTESIAN_POINT('',(-1.76,1.765,2.6100001));
#622 = CARTESIAN_POINT('',(-1.76,5.000000000001E-03,2.6100001));
#623 = ORIENTED_EDGE('',*,*,#415,.T.);
#624 = FACE_BOUND('',#625,.T.);
#625 = EDGE_LOOP('',(#626,#627,#628,#629));
#626 = ORIENTED_EDGE('',*,*,#437,.F.);
#627 = ORIENTED_EDGE('',*,*,#529,.F.);
#628 = ORIENTED_EDGE('',*,*,#501,.F.);
#629 = ORIENTED_EDGE('',*,*,#473,.F.);
#630 = B_SPLINE_SURFACE_WITH_KNOTS('',1,1,(
    (#631,#632)
    ,(#633,#634
    )),.UNSPECIFIED.,.F.,.F.,.F.,(2,2),(2,2),(-3.,3.),(-3.,3.),
  .PIECEWISE_BEZIER_KNOTS.);
#631 = CARTESIAN_POINT('',(-3.,-2.995,2.6100001));
#632 = CARTESIAN_POINT('',(-3.,3.005,2.6100001));
#633 = CARTESIAN_POINT('',(3.,-2.995,2.6100001));
#634 = CARTESIAN_POINT('',(3.,3.005,2.6100001));
#635 = ADVANCED_FACE('',(#636),#642,.F.);
#636 = FACE_BOUND('',#637,.F.);
#637 = EDGE_LOOP('',(#638,#639,#640,#641));
#638 = ORIENTED_EDGE('',*,*,#593,.F.);
#639 = ORIENTED_EDGE('',*,*,#389,.F.);
#640 = ORIENTED_EDGE('',*,*,#616,.T.);
#641 = ORIENTED_EDGE('',*,*,#408,.T.);
#642 = ( BOUNDED_SURFACE() B_SPLINE_SURFACE(2,1,(
    (#643,#644)
    ,(#645,#646)
    ,(#647,#648)
    ,(#649,#650)
,(#651,#652
    )),.UNSPECIFIED.,.F.,.F.,.F.) B_SPLINE_SURFACE_WITH_KNOTS((3,2,3),(2
    ,2),(0.,1.570796326795,3.14159265359),(0.,0.4),
.PIECEWISE_BEZIER_KNOTS.) GEOMETRIC_REPRESENTATION_ITEM() 
RATIONAL_B_SPLINE_SURFACE((
    (1.,1.)
    ,(0.707106781187,0.707106781187)
    ,(1.,1.)
    ,(0.707106781187,0.707106781187)
,(1.,1.))) REPRESENTATION_ITEM('') SURFACE() );
#643 = CARTESIAN_POINT('',(1.76,5.000000000001E-03,2.6100001));
#644 = CARTESIAN_POINT('',(1.76,5.000000000001E-03,3.0100001));
#645 = CARTESIAN_POINT('',(1.76,1.765,2.6100001));
#646 = CARTESIAN_POINT('',(1.76,1.765,3.0100001));
#647 = CARTESIAN_POINT('',(1.07768918325E-16,1.765,2.6100001));
#648 = CARTESIAN_POINT('',(1.07768918325E-16,1.765,3.0100001));
#649 = CARTESIAN_POINT('',(-1.76,1.765,2.6100001));
#650 = CARTESIAN_POINT('',(-1.76,1.765,3.0100001));
#651 = CARTESIAN_POINT('',(-1.76,5.000000000001E-03,2.6100001));
#652 = CARTESIAN_POINT('',(-1.76,5.000000000001E-03,3.0100001));
#653 = ADVANCED_FACE('',(#654),#667,.T.);
#654 = FACE_BOUND('',#655,.T.);
#655 = EDGE_LOOP('',(#656,#657,#665,#666));
#656 = ORIENTED_EDGE('',*,*,#353,.F.);
#657 = ORIENTED_EDGE('',*,*,#658,.T.);
#658 = EDGE_CURVE('',#24,#22,#659,.T.);
#659 = ( BOUNDED_CURVE() B_SPLINE_CURVE(2,(#660,#661,#662,#663,#664),
.UNSPECIFIED.,.F.,.F.) B_SPLINE_CURVE_WITH_KNOTS((3,2,3),(0.,
1.570796326795,3.14159265359),.PIECEWISE_BEZIER_KNOTS.) CURVE() 
GEOMETRIC_REPRESENTATION_ITEM() RATIONAL_B_SPLINE_CURVE((1.,
0.707106781187,1.,0.707106781187,1.)) REPRESENTATION_ITEM('') );
#660 = CARTESIAN_POINT('',(-1.4,-1.995,3.1100001));
#661 = CARTESIAN_POINT('',(-1.4,-2.595,3.1100001));
#662 = CARTESIAN_POINT('',(-2.,-2.595,3.1100001));
#663 = CARTESIAN_POINT('',(-2.6,-2.595,3.1100001));
#664 = CARTESIAN_POINT('',(-2.6,-1.995,3.1100001));
#665 = ORIENTED_EDGE('',*,*,#370,.T.);
#666 = ORIENTED_EDGE('',*,*,#582,.T.);
#667 = ( BOUNDED_SURFACE() B_SPLINE_SURFACE(2,1,(
    (#668,#669)
    ,(#670,#671)
    ,(#672,#673)
    ,(#674,#675)
,(#676,#677
    )),.UNSPECIFIED.,.F.,.F.,.F.) B_SPLINE_SURFACE_WITH_KNOTS((3,2,3),(2
    ,2),(3.14159265359,4.712388980385,6.28318530718),(0.3,0.4),
.PIECEWISE_BEZIER_KNOTS.) GEOMETRIC_REPRESENTATION_ITEM() 
RATIONAL_B_SPLINE_SURFACE((
    (1.,1.)
    ,(0.707106781187,0.707106781187)
    ,(1.,1.)
    ,(0.707106781187,0.707106781187)
,(1.,1.))) REPRESENTATION_ITEM('') SURFACE() );
#668 = CARTESIAN_POINT('',(-1.4,-1.995,3.1100001));
#669 = CARTESIAN_POINT('',(-1.4,-1.995,3.0100001));
#670 = CARTESIAN_POINT('',(-1.4,-2.595,3.1100001));
#671 = CARTESIAN_POINT('',(-1.4,-2.595,3.0100001));
#672 = CARTESIAN_POINT('',(-2.,-2.595,3.1100001));
#673 = CARTESIAN_POINT('',(-2.,-2.595,3.0100001));
#674 = CARTESIAN_POINT('',(-2.6,-2.595,3.1100001));
#675 = CARTESIAN_POINT('',(-2.6,-2.595,3.0100001));
#676 = CARTESIAN_POINT('',(-2.6,-1.995,3.1100001));
#677 = CARTESIAN_POINT('',(-2.6,-1.995,3.0100001));
#678 = ADVANCED_FACE('',(#679),#690,.T.);
#679 = FACE_BOUND('',#680,.T.);
#680 = EDGE_LOOP('',(#681,#682));
#681 = ORIENTED_EDGE('',*,*,#41,.T.);
#682 = ORIENTED_EDGE('',*,*,#683,.T.);
#683 = EDGE_CURVE('',#34,#42,#684,.T.);
#684 = ( BOUNDED_CURVE() B_SPLINE_CURVE(2,(#685,#686,#687,#688,#689),
.UNSPECIFIED.,.F.,.F.) B_SPLINE_CURVE_WITH_KNOTS((3,2,3),(3.14159265359,
4.712388980385,6.28318530718),.PIECEWISE_BEZIER_KNOTS.) CURVE() 
GEOMETRIC_REPRESENTATION_ITEM() RATIONAL_B_SPLINE_CURVE((1.,
0.707106781187,1.,0.707106781187,1.)) REPRESENTATION_ITEM('') );
#685 = CARTESIAN_POINT('',(-2.3,-1.995,3.4100001));
#686 = CARTESIAN_POINT('',(-2.3,-2.295,3.4100001));
#687 = CARTESIAN_POINT('',(-2.,-2.295,3.4100001));
#688 = CARTESIAN_POINT('',(-1.7,-2.295,3.4100001));
#689 = CARTESIAN_POINT('',(-1.7,-1.995,3.4100001));
#690 = B_SPLINE_SURFACE_WITH_KNOTS('',1,1,(
    (#691,#692)
    ,(#693,#694
    )),.UNSPECIFIED.,.F.,.F.,.F.,(2,2),(2,2),(-0.3,0.3),(-0.3,0.3),
  .PIECEWISE_BEZIER_KNOTS.);
#691 = CARTESIAN_POINT('',(-2.3,-2.295,3.4100001));
#692 = CARTESIAN_POINT('',(-2.3,-1.695,3.4100001));
#693 = CARTESIAN_POINT('',(-1.7,-2.295,3.4100001));
#694 = CARTESIAN_POINT('',(-1.7,-1.695,3.4100001));
#695 = ADVANCED_FACE('',(#696),#709,.T.);
#696 = FACE_BOUND('',#697,.T.);
#697 = EDGE_LOOP('',(#698,#699,#707,#708));
#698 = ORIENTED_EDGE('',*,*,#316,.F.);
#699 = ORIENTED_EDGE('',*,*,#700,.T.);
#700 = EDGE_CURVE('',#199,#207,#701,.T.);
#701 = ( BOUNDED_CURVE() B_SPLINE_CURVE(2,(#702,#703,#704,#705,#706),
.UNSPECIFIED.,.F.,.F.) B_SPLINE_CURVE_WITH_KNOTS((3,2,3),(3.14159265359,
4.712388980385,6.28318530718),.PIECEWISE_BEZIER_KNOTS.) CURVE() 
GEOMETRIC_REPRESENTATION_ITEM() RATIONAL_B_SPLINE_CURVE((1.,
0.707106781187,1.,0.707106781187,1.)) REPRESENTATION_ITEM('') );
#702 = CARTESIAN_POINT('',(-1.4,2.005,3.1100001));
#703 = CARTESIAN_POINT('',(-1.4,1.405,3.1100001));
#704 = CARTESIAN_POINT('',(-2.,1.405,3.1100001));
#705 = CARTESIAN_POINT('',(-2.6,1.405,3.1100001));
#706 = CARTESIAN_POINT('',(-2.6,2.005,3.1100001));
#707 = ORIENTED_EDGE('',*,*,#333,.T.);
#708 = ORIENTED_EDGE('',*,*,#571,.T.);
#709 = ( BOUNDED_SURFACE() B_SPLINE_SURFACE(2,1,(
    (#710,#711)
    ,(#712,#713)
    ,(#714,#715)
    ,(#716,#717)
,(#718,#719
    )),.UNSPECIFIED.,.F.,.F.,.F.) B_SPLINE_SURFACE_WITH_KNOTS((3,2,3),(2
    ,2),(3.14159265359,4.712388980385,6.28318530718),(0.3,0.4),
.PIECEWISE_BEZIER_KNOTS.) GEOMETRIC_REPRESENTATION_ITEM() 
RATIONAL_B_SPLINE_SURFACE((
    (1.,1.)
    ,(0.707106781187,0.707106781187)
    ,(1.,1.)
    ,(0.707106781187,0.707106781187)
,(1.,1.))) REPRESENTATION_ITEM('') SURFACE() );
#710 = CARTESIAN_POINT('',(-1.4,2.005,3.1100001));
#711 = CARTESIAN_POINT('',(-1.4,2.005,3.0100001));
#712 = CARTESIAN_POINT('',(-1.4,1.405,3.1100001));
#713 = CARTESIAN_POINT('',(-1.4,1.405,3.0100001));
#714 = CARTESIAN_POINT('',(-2.,1.405,3.1100001));
#715 = CARTESIAN_POINT('',(-2.,1.405,3.0100001));
#716 = CARTESIAN_POINT('',(-2.6,1.405,3.1100001));
#717 = CARTESIAN_POINT('',(-2.6,1.405,3.0100001));
#718 = CARTESIAN_POINT('',(-2.6,2.005,3.1100001));
#719 = CARTESIAN_POINT('',(-2.6,2.005,3.0100001));
#720 = ADVANCED_FACE('',(#721),#732,.F.);
#721 = FACE_BOUND('',#722,.T.);
#722 = EDGE_LOOP('',(#723,#731));
#723 = ORIENTED_EDGE('',*,*,#724,.T.);
#724 = EDGE_CURVE('',#189,#187,#725,.T.);
#725 = ( BOUNDED_CURVE() B_SPLINE_CURVE(2,(#726,#727,#728,#729,#730),
.UNSPECIFIED.,.F.,.F.) B_SPLINE_CURVE_WITH_KNOTS((3,2,3),(0.,
1.570796326795,3.14159265359),.PIECEWISE_BEZIER_KNOTS.) CURVE() 
GEOMETRIC_REPRESENTATION_ITEM() RATIONAL_B_SPLINE_CURVE((1.,
0.707106781187,1.,0.707106781187,1.)) REPRESENTATION_ITEM('') );
#726 = CARTESIAN_POINT('',(-2.3,2.005,3.4100001));
#727 = CARTESIAN_POINT('',(-2.3,1.705,3.4100001));
#728 = CARTESIAN_POINT('',(-2.,1.705,3.4100001));
#729 = CARTESIAN_POINT('',(-1.7,1.705,3.4100001));
#730 = CARTESIAN_POINT('',(-1.7,2.005,3.4100001));
#731 = ORIENTED_EDGE('',*,*,#186,.T.);
#732 = B_SPLINE_SURFACE_WITH_KNOTS('',1,1,(
    (#733,#734)
    ,(#735,#736
    )),.UNSPECIFIED.,.F.,.F.,.F.,(2,2),(2,2),(-0.3,0.3),(-0.3,0.3),
  .PIECEWISE_BEZIER_KNOTS.);
#733 = CARTESIAN_POINT('',(-1.7,1.705,3.4100001));
#734 = CARTESIAN_POINT('',(-1.7,2.305,3.4100001));
#735 = CARTESIAN_POINT('',(-2.3,1.705,3.4100001));
#736 = CARTESIAN_POINT('',(-2.3,2.305,3.4100001));
#737 = ADVANCED_FACE('',(#738),#751,.T.);
#738 = FACE_BOUND('',#739,.T.);
#739 = EDGE_LOOP('',(#740,#741,#749,#750));
#740 = ORIENTED_EDGE('',*,*,#279,.F.);
#741 = ORIENTED_EDGE('',*,*,#742,.T.);
#742 = EDGE_CURVE('',#134,#132,#743,.T.);
#743 = ( BOUNDED_CURVE() B_SPLINE_CURVE(2,(#744,#745,#746,#747,#748),
.UNSPECIFIED.,.F.,.F.) B_SPLINE_CURVE_WITH_KNOTS((3,2,3),(0.,
1.570796326795,3.14159265359),.PIECEWISE_BEZIER_KNOTS.) CURVE() 
GEOMETRIC_REPRESENTATION_ITEM() RATIONAL_B_SPLINE_CURVE((1.,
0.707106781187,1.,0.707106781187,1.)) REPRESENTATION_ITEM('') );
#744 = CARTESIAN_POINT('',(2.6,2.005,3.1100001));
#745 = CARTESIAN_POINT('',(2.6,1.405,3.1100001));
#746 = CARTESIAN_POINT('',(2.,1.405,3.1100001));
#747 = CARTESIAN_POINT('',(1.4,1.405,3.1100001));
#748 = CARTESIAN_POINT('',(1.4,2.005,3.1100001));
#749 = ORIENTED_EDGE('',*,*,#296,.T.);
#750 = ORIENTED_EDGE('',*,*,#560,.T.);
#751 = ( BOUNDED_SURFACE() B_SPLINE_SURFACE(2,1,(
    (#752,#753)
    ,(#754,#755)
    ,(#756,#757)
    ,(#758,#759)
,(#760,#761
    )),.UNSPECIFIED.,.F.,.F.,.F.) B_SPLINE_SURFACE_WITH_KNOTS((3,2,3),(2
    ,2),(3.14159265359,4.712388980385,6.28318530718),(0.3,0.4),
.PIECEWISE_BEZIER_KNOTS.) GEOMETRIC_REPRESENTATION_ITEM() 
RATIONAL_B_SPLINE_SURFACE((
    (1.,1.)
    ,(0.707106781187,0.707106781187)
    ,(1.,1.)
    ,(0.707106781187,0.707106781187)
,(1.,1.))) REPRESENTATION_ITEM('') SURFACE() );
#752 = CARTESIAN_POINT('',(2.6,2.005,3.1100001));
#753 = CARTESIAN_POINT('',(2.6,2.005,3.0100001));
#754 = CARTESIAN_POINT('',(2.6,1.405,3.1100001));
#755 = CARTESIAN_POINT('',(2.6,1.405,3.0100001));
#756 = CARTESIAN_POINT('',(2.,1.405,3.1100001));
#757 = CARTESIAN_POINT('',(2.,1.405,3.0100001));
#758 = CARTESIAN_POINT('',(1.4,1.405,3.1100001));
#759 = CARTESIAN_POINT('',(1.4,1.405,3.0100001));
#760 = CARTESIAN_POINT('',(1.4,2.005,3.1100001));
#761 = CARTESIAN_POINT('',(1.4,2.005,3.0100001));
#762 = ADVANCED_FACE('',(#763),#774,.T.);
#763 = FACE_BOUND('',#764,.T.);
#764 = EDGE_LOOP('',(#765,#766));
#765 = ORIENTED_EDGE('',*,*,#151,.T.);
#766 = ORIENTED_EDGE('',*,*,#767,.T.);
#767 = EDGE_CURVE('',#144,#152,#768,.T.);
#768 = ( BOUNDED_CURVE() B_SPLINE_CURVE(2,(#769,#770,#771,#772,#773),
.UNSPECIFIED.,.F.,.F.) B_SPLINE_CURVE_WITH_KNOTS((3,2,3),(3.14159265359,
4.712388980385,6.28318530718),.PIECEWISE_BEZIER_KNOTS.) CURVE() 
GEOMETRIC_REPRESENTATION_ITEM() RATIONAL_B_SPLINE_CURVE((1.,
0.707106781187,1.,0.707106781187,1.)) REPRESENTATION_ITEM('') );
#769 = CARTESIAN_POINT('',(1.7,2.005,3.4100001));
#770 = CARTESIAN_POINT('',(1.7,1.705,3.4100001));
#771 = CARTESIAN_POINT('',(2.,1.705,3.4100001));
#772 = CARTESIAN_POINT('',(2.3,1.705,3.4100001));
#773 = CARTESIAN_POINT('',(2.3,2.005,3.4100001));
#774 = B_SPLINE_SURFACE_WITH_KNOTS('',1,1,(
    (#775,#776)
    ,(#777,#778
    )),.UNSPECIFIED.,.F.,.F.,.F.,(2,2),(2,2),(-0.3,0.3),(-0.3,0.3),
  .PIECEWISE_BEZIER_KNOTS.);
#775 = CARTESIAN_POINT('',(1.7,1.705,3.4100001));
#776 = CARTESIAN_POINT('',(1.7,2.305,3.4100001));
#777 = CARTESIAN_POINT('',(2.3,1.705,3.4100001));
#778 = CARTESIAN_POINT('',(2.3,2.305,3.4100001));
#779 = ADVANCED_FACE('',(#780),#793,.T.);
#780 = FACE_BOUND('',#781,.T.);
#781 = EDGE_LOOP('',(#782,#783,#791,#792));
#782 = ORIENTED_EDGE('',*,*,#242,.F.);
#783 = ORIENTED_EDGE('',*,*,#784,.T.);
#784 = EDGE_CURVE('',#89,#97,#785,.T.);
#785 = ( BOUNDED_CURVE() B_SPLINE_CURVE(2,(#786,#787,#788,#789,#790),
.UNSPECIFIED.,.F.,.F.) B_SPLINE_CURVE_WITH_KNOTS((3,2,3),(3.14159265359,
4.712388980385,6.28318530718),.PIECEWISE_BEZIER_KNOTS.) CURVE() 
GEOMETRIC_REPRESENTATION_ITEM() RATIONAL_B_SPLINE_CURVE((1.,
0.707106781187,1.,0.707106781187,1.)) REPRESENTATION_ITEM('') );
#786 = CARTESIAN_POINT('',(2.6,-1.995,3.1100001));
#787 = CARTESIAN_POINT('',(2.6,-2.595,3.1100001));
#788 = CARTESIAN_POINT('',(2.,-2.595,3.1100001));
#789 = CARTESIAN_POINT('',(1.4,-2.595,3.1100001));
#790 = CARTESIAN_POINT('',(1.4,-1.995,3.1100001));
#791 = ORIENTED_EDGE('',*,*,#259,.T.);
#792 = ORIENTED_EDGE('',*,*,#549,.T.);
#793 = ( BOUNDED_SURFACE() B_SPLINE_SURFACE(2,1,(
    (#794,#795)
    ,(#796,#797)
    ,(#798,#799)
    ,(#800,#801)
,(#802,#803
    )),.UNSPECIFIED.,.F.,.F.,.F.) B_SPLINE_SURFACE_WITH_KNOTS((3,2,3),(2
    ,2),(3.14159265359,4.712388980385,6.28318530718),(0.3,0.4),
.PIECEWISE_BEZIER_KNOTS.) GEOMETRIC_REPRESENTATION_ITEM() 
RATIONAL_B_SPLINE_SURFACE((
    (1.,1.)
    ,(0.707106781187,0.707106781187)
    ,(1.,1.)
    ,(0.707106781187,0.707106781187)
,(1.,1.))) REPRESENTATION_ITEM('') SURFACE() );
#794 = CARTESIAN_POINT('',(2.6,-1.995,3.1100001));
#795 = CARTESIAN_POINT('',(2.6,-1.995,3.0100001));
#796 = CARTESIAN_POINT('',(2.6,-2.595,3.1100001));
#797 = CARTESIAN_POINT('',(2.6,-2.595,3.0100001));
#798 = CARTESIAN_POINT('',(2.,-2.595,3.1100001));
#799 = CARTESIAN_POINT('',(2.,-2.595,3.0100001));
#800 = CARTESIAN_POINT('',(1.4,-2.595,3.1100001));
#801 = CARTESIAN_POINT('',(1.4,-2.595,3.0100001));
#802 = CARTESIAN_POINT('',(1.4,-1.995,3.1100001));
#803 = CARTESIAN_POINT('',(1.4,-1.995,3.0100001));
#804 = ADVANCED_FACE('',(#805),#816,.F.);
#805 = FACE_BOUND('',#806,.T.);
#806 = EDGE_LOOP('',(#807,#815));
#807 = ORIENTED_EDGE('',*,*,#808,.T.);
#808 = EDGE_CURVE('',#79,#77,#809,.T.);
#809 = ( BOUNDED_CURVE() B_SPLINE_CURVE(2,(#810,#811,#812,#813,#814),
.UNSPECIFIED.,.F.,.F.) B_SPLINE_CURVE_WITH_KNOTS((3,2,3),(0.,
1.570796326795,3.14159265359),.PIECEWISE_BEZIER_KNOTS.) CURVE() 
GEOMETRIC_REPRESENTATION_ITEM() RATIONAL_B_SPLINE_CURVE((1.,
0.707106781187,1.,0.707106781187,1.)) REPRESENTATION_ITEM('') );
#810 = CARTESIAN_POINT('',(1.7,-1.995,3.4100001));
#811 = CARTESIAN_POINT('',(1.7,-2.295,3.4100001));
#812 = CARTESIAN_POINT('',(2.,-2.295,3.4100001));
#813 = CARTESIAN_POINT('',(2.3,-2.295,3.4100001));
#814 = CARTESIAN_POINT('',(2.3,-1.995,3.4100001));
#815 = ORIENTED_EDGE('',*,*,#76,.T.);
#816 = B_SPLINE_SURFACE_WITH_KNOTS('',1,1,(
    (#817,#818)
    ,(#819,#820
    )),.UNSPECIFIED.,.F.,.F.,.F.,(2,2),(2,2),(-0.3,0.3),(-0.3,0.3),
  .PIECEWISE_BEZIER_KNOTS.);
#817 = CARTESIAN_POINT('',(2.3,-2.295,3.4100001));
#818 = CARTESIAN_POINT('',(2.3,-1.695,3.4100001));
#819 = CARTESIAN_POINT('',(1.7,-2.295,3.4100001));
#820 = CARTESIAN_POINT('',(1.7,-1.695,3.4100001));
#821 = ADVANCED_FACE('',(#822),#828,.T.);
#822 = FACE_BOUND('',#823,.T.);
#823 = EDGE_LOOP('',(#824,#825,#826,#827));
#824 = ORIENTED_EDGE('',*,*,#198,.F.);
#825 = ORIENTED_EDGE('',*,*,#724,.F.);
#826 = ORIENTED_EDGE('',*,*,#216,.T.);
#827 = ORIENTED_EDGE('',*,*,#700,.F.);
#828 = ( BOUNDED_SURFACE() B_SPLINE_SURFACE(2,2,(
    (#829,#830,#831)
    ,(#832,#833,#834)
    ,(#835,#836,#837)
    ,(#838,#839,#840)
    ,(#841,#842,#843
)),.UNSPECIFIED.,.F.,.F.,.F.) B_SPLINE_SURFACE_WITH_KNOTS((3,2,3),(3,3),
  (3.14159265359,4.712388980385,6.28318530718),(4.712388980385,
    6.28318530718),.PIECEWISE_BEZIER_KNOTS.) 
GEOMETRIC_REPRESENTATION_ITEM() RATIONAL_B_SPLINE_SURFACE((
    (1.,0.707106781187,1.)
    ,(0.707106781187,0.5,0.707106781187)
    ,(1.,0.707106781187,1.)
    ,(0.707106781187,0.5,0.707106781187)
,(1.,0.707106781187,1.))) REPRESENTATION_ITEM('') SURFACE() );
#829 = CARTESIAN_POINT('',(-1.7,2.005,3.4100001));
#830 = CARTESIAN_POINT('',(-1.4,2.005,3.4100001));
#831 = CARTESIAN_POINT('',(-1.4,2.005,3.1100001));
#832 = CARTESIAN_POINT('',(-1.7,1.705,3.4100001));
#833 = CARTESIAN_POINT('',(-1.4,1.405,3.4100001));
#834 = CARTESIAN_POINT('',(-1.4,1.405,3.1100001));
#835 = CARTESIAN_POINT('',(-2.,1.705,3.4100001));
#836 = CARTESIAN_POINT('',(-2.,1.405,3.4100001));
#837 = CARTESIAN_POINT('',(-2.,1.405,3.1100001));
#838 = CARTESIAN_POINT('',(-2.3,1.705,3.4100001));
#839 = CARTESIAN_POINT('',(-2.6,1.405,3.4100001));
#840 = CARTESIAN_POINT('',(-2.6,1.405,3.1100001));
#841 = CARTESIAN_POINT('',(-2.3,2.005,3.4100001));
#842 = CARTESIAN_POINT('',(-2.6,2.005,3.4100001));
#843 = CARTESIAN_POINT('',(-2.6,2.005,3.1100001));
#844 = ADVANCED_FACE('',(#845),#851,.T.);
#845 = FACE_BOUND('',#846,.T.);
#846 = EDGE_LOOP('',(#847,#848,#849,#850));
#847 = ORIENTED_EDGE('',*,*,#143,.F.);
#848 = ORIENTED_EDGE('',*,*,#742,.F.);
#849 = ORIENTED_EDGE('',*,*,#161,.T.);
#850 = ORIENTED_EDGE('',*,*,#767,.F.);
#851 = ( BOUNDED_SURFACE() B_SPLINE_SURFACE(2,2,(
    (#852,#853,#854)
    ,(#855,#856,#857)
    ,(#858,#859,#860)
    ,(#861,#862,#863)
    ,(#864,#865,#866
)),.UNSPECIFIED.,.F.,.F.,.F.) B_SPLINE_SURFACE_WITH_KNOTS((3,2,3),(3,3),
  (3.14159265359,4.712388980385,6.28318530718),(0.,1.570796326795),
.PIECEWISE_BEZIER_KNOTS.) GEOMETRIC_REPRESENTATION_ITEM() 
RATIONAL_B_SPLINE_SURFACE((
    (1.,0.707106781187,1.)
    ,(0.707106781187,0.5,0.707106781187)
    ,(1.,0.707106781187,1.)
    ,(0.707106781187,0.5,0.707106781187)
,(1.,0.707106781187,1.))) REPRESENTATION_ITEM('') SURFACE() );
#852 = CARTESIAN_POINT('',(1.4,2.005,3.1100001));
#853 = CARTESIAN_POINT('',(1.4,2.005,3.4100001));
#854 = CARTESIAN_POINT('',(1.7,2.005,3.4100001));
#855 = CARTESIAN_POINT('',(1.4,1.405,3.1100001));
#856 = CARTESIAN_POINT('',(1.4,1.405,3.4100001));
#857 = CARTESIAN_POINT('',(1.7,1.705,3.4100001));
#858 = CARTESIAN_POINT('',(2.,1.405,3.1100001));
#859 = CARTESIAN_POINT('',(2.,1.405,3.4100001));
#860 = CARTESIAN_POINT('',(2.,1.705,3.4100001));
#861 = CARTESIAN_POINT('',(2.6,1.405,3.1100001));
#862 = CARTESIAN_POINT('',(2.6,1.405,3.4100001));
#863 = CARTESIAN_POINT('',(2.3,1.705,3.4100001));
#864 = CARTESIAN_POINT('',(2.6,2.005,3.1100001));
#865 = CARTESIAN_POINT('',(2.6,2.005,3.4100001));
#866 = CARTESIAN_POINT('',(2.3,2.005,3.4100001));
#867 = ADVANCED_FACE('',(#868),#874,.T.);
#868 = FACE_BOUND('',#869,.T.);
#869 = EDGE_LOOP('',(#870,#871,#872,#873));
#870 = ORIENTED_EDGE('',*,*,#88,.F.);
#871 = ORIENTED_EDGE('',*,*,#808,.F.);
#872 = ORIENTED_EDGE('',*,*,#106,.T.);
#873 = ORIENTED_EDGE('',*,*,#784,.F.);
#874 = ( BOUNDED_SURFACE() B_SPLINE_SURFACE(2,2,(
    (#875,#876,#877)
    ,(#878,#879,#880)
    ,(#881,#882,#883)
    ,(#884,#885,#886)
    ,(#887,#888,#889
)),.UNSPECIFIED.,.F.,.F.,.F.) B_SPLINE_SURFACE_WITH_KNOTS((3,2,3),(3,3),
  (3.14159265359,4.712388980385,6.28318530718),(4.712388980385,
    6.28318530718),.PIECEWISE_BEZIER_KNOTS.) 
GEOMETRIC_REPRESENTATION_ITEM() RATIONAL_B_SPLINE_SURFACE((
    (1.,0.707106781187,1.)
    ,(0.707106781187,0.5,0.707106781187)
    ,(1.,0.707106781187,1.)
    ,(0.707106781187,0.5,0.707106781187)
,(1.,0.707106781187,1.))) REPRESENTATION_ITEM('') SURFACE() );
#875 = CARTESIAN_POINT('',(2.3,-1.995,3.4100001));
#876 = CARTESIAN_POINT('',(2.6,-1.995,3.4100001));
#877 = CARTESIAN_POINT('',(2.6,-1.995,3.1100001));
#878 = CARTESIAN_POINT('',(2.3,-2.295,3.4100001));
#879 = CARTESIAN_POINT('',(2.6,-2.595,3.4100001));
#880 = CARTESIAN_POINT('',(2.6,-2.595,3.1100001));
#881 = CARTESIAN_POINT('',(2.,-2.295,3.4100001));
#882 = CARTESIAN_POINT('',(2.,-2.595,3.4100001));
#883 = CARTESIAN_POINT('',(2.,-2.595,3.1100001));
#884 = CARTESIAN_POINT('',(1.7,-2.295,3.4100001));
#885 = CARTESIAN_POINT('',(1.4,-2.595,3.4100001));
#886 = CARTESIAN_POINT('',(1.4,-2.595,3.1100001));
#887 = CARTESIAN_POINT('',(1.7,-1.995,3.4100001));
#888 = CARTESIAN_POINT('',(1.4,-1.995,3.4100001));
#889 = CARTESIAN_POINT('',(1.4,-1.995,3.1100001));
#890 = ADVANCED_FACE('',(#891),#897,.T.);
#891 = FACE_BOUND('',#892,.T.);
#892 = EDGE_LOOP('',(#893,#894,#895,#896));
#893 = ORIENTED_EDGE('',*,*,#33,.F.);
#894 = ORIENTED_EDGE('',*,*,#658,.F.);
#895 = ORIENTED_EDGE('',*,*,#51,.T.);
#896 = ORIENTED_EDGE('',*,*,#683,.F.);
#897 = ( BOUNDED_SURFACE() B_SPLINE_SURFACE(2,2,(
    (#898,#899,#900)
    ,(#901,#902,#903)
    ,(#904,#905,#906)
    ,(#907,#908,#909)
    ,(#910,#911,#912
)),.UNSPECIFIED.,.F.,.F.,.F.) B_SPLINE_SURFACE_WITH_KNOTS((3,2,3),(3,3),
  (3.14159265359,4.712388980385,6.28318530718),(0.,1.570796326795),
.PIECEWISE_BEZIER_KNOTS.) GEOMETRIC_REPRESENTATION_ITEM() 
RATIONAL_B_SPLINE_SURFACE((
    (1.,0.707106781187,1.)
    ,(0.707106781187,0.5,0.707106781187)
    ,(1.,0.707106781187,1.)
    ,(0.707106781187,0.5,0.707106781187)
,(1.,0.707106781187,1.))) REPRESENTATION_ITEM('') SURFACE() );
#898 = CARTESIAN_POINT('',(-2.6,-1.995,3.1100001));
#899 = CARTESIAN_POINT('',(-2.6,-1.995,3.4100001));
#900 = CARTESIAN_POINT('',(-2.3,-1.995,3.4100001));
#901 = CARTESIAN_POINT('',(-2.6,-2.595,3.1100001));
#902 = CARTESIAN_POINT('',(-2.6,-2.595,3.4100001));
#903 = CARTESIAN_POINT('',(-2.3,-2.295,3.4100001));
#904 = CARTESIAN_POINT('',(-2.,-2.595,3.1100001));
#905 = CARTESIAN_POINT('',(-2.,-2.595,3.4100001));
#906 = CARTESIAN_POINT('',(-2.,-2.295,3.4100001));
#907 = CARTESIAN_POINT('',(-1.4,-2.595,3.1100001));
#908 = CARTESIAN_POINT('',(-1.4,-2.595,3.4100001));
#909 = CARTESIAN_POINT('',(-1.7,-2.295,3.4100001));
#910 = CARTESIAN_POINT('',(-1.4,-1.995,3.1100001));
#911 = CARTESIAN_POINT('',(-1.4,-1.995,3.4100001));
#912 = CARTESIAN_POINT('',(-1.7,-1.995,3.4100001));
#913 = MANIFOLD_SOLID_BREP('',#914);
#914 = CLOSED_SHELL('',(#915,#963,#1055,#1199,#1283,#1419,#1479,#1502,
    #1562,#1587,#1597,#1633,#1661,#1689,#1717,#1749,#1769,#1797,#1829,
    #1857,#1881,#1900,#1919,#1955,#1987,#2015,#2047,#2067,#2095,#2127,
    #2155,#2183,#2203,#2222,#2241,#2277,#2309,#2337,#2369,#2389,#2417,
    #2449,#2477,#2505,#2525,#2544,#2563,#2599,#2627,#2655,#2683,#2715,
    #2735,#2763,#2795,#2823,#2847,#2866,#2885,#2901,#2917,#2929,#2951,
    #2967,#2979,#3001,#3023,#3039,#3051,#3073,#3095,#3111,#3123,#3145,
    #3161,#3173,#3195,#3211,#3223,#3245,#3261));
#915 = ADVANCED_FACE('',(#916),#952,.T.);
#916 = FACE_BOUND('',#917,.T.);
#917 = EDGE_LOOP('',(#918,#930,#937,#947));
#918 = ORIENTED_EDGE('',*,*,#919,.F.);
#919 = EDGE_CURVE('',#920,#922,#924,.T.);
#920 = VERTEX_POINT('',#921);
#921 = CARTESIAN_POINT('',(-1.650425219362,5.E-03,4.5100001));
#922 = VERTEX_POINT('',#923);
#923 = CARTESIAN_POINT('',(1.650425219362,5.000000000001E-03,4.5100001)
  );
#924 = ( BOUNDED_CURVE() B_SPLINE_CURVE(2,(#925,#926,#927,#928,#929),
.UNSPECIFIED.,.F.,.F.) B_SPLINE_CURVE_WITH_KNOTS((3,2,3),(3.14159265359,
4.712388980385,6.28318530718),.PIECEWISE_BEZIER_KNOTS.) CURVE() 
GEOMETRIC_REPRESENTATION_ITEM() RATIONAL_B_SPLINE_CURVE((1.,
0.707106781187,1.,0.707106781187,1.)) REPRESENTATION_ITEM('') );
#925 = CARTESIAN_POINT('',(-1.650425219362,5.000000000001E-03,4.5100001)
  );
#926 = CARTESIAN_POINT('',(-1.650425219362,-1.645425219362,4.5100001));
#927 = CARTESIAN_POINT('',(-3.031781943186E-16,-1.645425219362,4.5100001
    ));
#928 = CARTESIAN_POINT('',(1.650425219362,-1.645425219362,4.5100001));
#929 = CARTESIAN_POINT('',(1.650425219362,5.E-03,4.5100001));
#930 = ORIENTED_EDGE('',*,*,#931,.T.);
#931 = EDGE_CURVE('',#920,#932,#934,.T.);
#932 = VERTEX_POINT('',#933);
#933 = CARTESIAN_POINT('',(-1.75,5.E-03,2.6100001));
#934 = B_SPLINE_CURVE_WITH_KNOTS('',1,(#935,#936),.UNSPECIFIED.,.F.,.F.,
  (2,2),(-1.902607457396,-0.),.PIECEWISE_BEZIER_KNOTS.);
#935 = CARTESIAN_POINT('',(-1.650425219362,5.E-03,4.5100001));
#936 = CARTESIAN_POINT('',(-1.75,5.E-03,2.6100001));
#937 = ORIENTED_EDGE('',*,*,#938,.T.);
#938 = EDGE_CURVE('',#932,#939,#941,.T.);
#939 = VERTEX_POINT('',#940);
#940 = CARTESIAN_POINT('',(1.75,5.000000000001E-03,2.6100001));
#941 = ( BOUNDED_CURVE() B_SPLINE_CURVE(2,(#942,#943,#944,#945,#946),
.UNSPECIFIED.,.F.,.F.) B_SPLINE_CURVE_WITH_KNOTS((3,2,3),(3.14159265359,
4.712388980385,6.28318530718),.PIECEWISE_BEZIER_KNOTS.) CURVE() 
GEOMETRIC_REPRESENTATION_ITEM() RATIONAL_B_SPLINE_CURVE((1.,
0.707106781187,1.,0.707106781187,1.)) REPRESENTATION_ITEM('') );
#942 = CARTESIAN_POINT('',(-1.75,5.000000000001E-03,2.6100001));
#943 = CARTESIAN_POINT('',(-1.75,-1.745,2.6100001));
#944 = CARTESIAN_POINT('',(-3.214697847762E-16,-1.745,2.6100001));
#945 = CARTESIAN_POINT('',(1.75,-1.745,2.6100001));
#946 = CARTESIAN_POINT('',(1.75,5.E-03,2.6100001));
#947 = ORIENTED_EDGE('',*,*,#948,.F.);
#948 = EDGE_CURVE('',#922,#939,#949,.T.);
#949 = B_SPLINE_CURVE_WITH_KNOTS('',1,(#950,#951),.UNSPECIFIED.,.F.,.F.,
  (2,2),(-1.902607457396,0.),.PIECEWISE_BEZIER_KNOTS.);
#950 = CARTESIAN_POINT('',(1.650425219362,5.000000000001E-03,4.5100001)
  );
#951 = CARTESIAN_POINT('',(1.75,5.000000000001E-03,2.6100001));
#952 = ( BOUNDED_SURFACE() B_SPLINE_SURFACE(2,1,(
    (#953,#954)
    ,(#955,#956)
    ,(#957,#958)
    ,(#959,#960)
,(#961,#962
    )),.UNSPECIFIED.,.F.,.F.,.F.) B_SPLINE_SURFACE_WITH_KNOTS((3,2,3),(2
    ,2),(0.,1.570796326795,3.14159265359),(-1.902607457396,
    2.22044604925E-16),.PIECEWISE_BEZIER_KNOTS.) 
GEOMETRIC_REPRESENTATION_ITEM() RATIONAL_B_SPLINE_SURFACE((
    (1.,1.)
    ,(0.707106781187,0.707106781187)
    ,(1.,1.)
    ,(0.707106781187,0.707106781187)
,(1.,1.))) REPRESENTATION_ITEM('') SURFACE() );
#953 = CARTESIAN_POINT('',(1.650425219362,5.000000000001E-03,4.5100001)
  );
#954 = CARTESIAN_POINT('',(1.75,5.000000000001E-03,2.6100001));
#955 = CARTESIAN_POINT('',(1.650425219362,-1.645425219362,4.5100001));
#956 = CARTESIAN_POINT('',(1.75,-1.745,2.6100001));
#957 = CARTESIAN_POINT('',(1.010593981062E-16,-1.645425219362,4.5100001)
  );
#958 = CARTESIAN_POINT('',(1.071565949254E-16,-1.745,2.6100001));
#959 = CARTESIAN_POINT('',(-1.650425219362,-1.645425219362,4.5100001));
#960 = CARTESIAN_POINT('',(-1.75,-1.745,2.6100001));
#961 = CARTESIAN_POINT('',(-1.650425219362,5.E-03,4.5100001));
#962 = CARTESIAN_POINT('',(-1.75,5.E-03,2.6100001));
#963 = ADVANCED_FACE('',(#964),#1050,.F.);
#964 = FACE_BOUND('',#965,.T.);
#965 = EDGE_LOOP('',(#966,#975,#982,#989,#996,#1003,#1010,#1017,#1024,
    #1031,#1038,#1045));
#966 = ORIENTED_EDGE('',*,*,#967,.F.);
#967 = EDGE_CURVE('',#968,#970,#972,.T.);
#968 = VERTEX_POINT('',#969);
#969 = CARTESIAN_POINT('',(-2.2,-2.995,1.00001E-02));
#970 = VERTEX_POINT('',#971);
#971 = CARTESIAN_POINT('',(-1.25,-2.995,1.00001E-02));
#972 = B_SPLINE_CURVE_WITH_KNOTS('',1,(#973,#974),.UNSPECIFIED.,.F.,.F.,
  (2,2),(0.8,1.75),.PIECEWISE_BEZIER_KNOTS.);
#973 = CARTESIAN_POINT('',(-2.2,-2.995,1.00001E-02));
#974 = CARTESIAN_POINT('',(-1.25,-2.995,1.00001E-02));
#975 = ORIENTED_EDGE('',*,*,#976,.F.);
#976 = EDGE_CURVE('',#977,#968,#979,.T.);
#977 = VERTEX_POINT('',#978);
#978 = CARTESIAN_POINT('',(-2.2,-1.495,1.00001E-02));
#979 = B_SPLINE_CURVE_WITH_KNOTS('',1,(#980,#981),.UNSPECIFIED.,.F.,.F.,
  (2,2),(-1.5,0.),.PIECEWISE_BEZIER_KNOTS.);
#980 = CARTESIAN_POINT('',(-2.2,-1.495,1.00001E-02));
#981 = CARTESIAN_POINT('',(-2.2,-2.995,1.00001E-02));
#982 = ORIENTED_EDGE('',*,*,#983,.F.);
#983 = EDGE_CURVE('',#984,#977,#986,.T.);
#984 = VERTEX_POINT('',#985);
#985 = CARTESIAN_POINT('',(-3.,-1.495,1.00001E-02));
#986 = B_SPLINE_CURVE_WITH_KNOTS('',1,(#987,#988),.UNSPECIFIED.,.F.,.F.,
  (2,2),(4.440892098501E-16,0.8),.PIECEWISE_BEZIER_KNOTS.);
#987 = CARTESIAN_POINT('',(-3.,-1.495,1.00001E-02));
#988 = CARTESIAN_POINT('',(-2.2,-1.495,1.00001E-02));
#989 = ORIENTED_EDGE('',*,*,#990,.F.);
#990 = EDGE_CURVE('',#991,#984,#993,.T.);
#991 = VERTEX_POINT('',#992);
#992 = CARTESIAN_POINT('',(-3.,-0.995,1.00001E-02));
#993 = B_SPLINE_CURVE_WITH_KNOTS('',1,(#994,#995),.UNSPECIFIED.,.F.,.F.,
  (2,2),(4.,4.5),.PIECEWISE_BEZIER_KNOTS.);
#994 = CARTESIAN_POINT('',(-3.,-0.995,1.00001E-02));
#995 = CARTESIAN_POINT('',(-3.,-1.495,1.00001E-02));
#996 = ORIENTED_EDGE('',*,*,#997,.F.);
#997 = EDGE_CURVE('',#998,#991,#1000,.T.);
#998 = VERTEX_POINT('',#999);
#999 = CARTESIAN_POINT('',(3.,-0.995,1.00001E-02));
#1000 = B_SPLINE_CURVE_WITH_KNOTS('',1,(#1001,#1002),.UNSPECIFIED.,.F.,
  .F.,(2,2),(0.,6.),.PIECEWISE_BEZIER_KNOTS.);
#1001 = CARTESIAN_POINT('',(3.,-0.995,1.00001E-02));
#1002 = CARTESIAN_POINT('',(-3.,-0.995,1.00001E-02));
#1003 = ORIENTED_EDGE('',*,*,#1004,.F.);
#1004 = EDGE_CURVE('',#1005,#998,#1007,.T.);
#1005 = VERTEX_POINT('',#1006);
#1006 = CARTESIAN_POINT('',(3.,-1.495,1.00001E-02));
#1007 = B_SPLINE_CURVE_WITH_KNOTS('',1,(#1008,#1009),.UNSPECIFIED.,.F.,
  .F.,(2,2),(-4.5,-4.),.PIECEWISE_BEZIER_KNOTS.);
#1008 = CARTESIAN_POINT('',(3.,-1.495,1.00001E-02));
#1009 = CARTESIAN_POINT('',(3.,-0.995,1.00001E-02));
#1010 = ORIENTED_EDGE('',*,*,#1011,.F.);
#1011 = EDGE_CURVE('',#1012,#1005,#1014,.T.);
#1012 = VERTEX_POINT('',#1013);
#1013 = CARTESIAN_POINT('',(2.2,-1.495,1.00001E-02));
#1014 = B_SPLINE_CURVE_WITH_KNOTS('',1,(#1015,#1016),.UNSPECIFIED.,.F.,
  .F.,(2,2),(-0.8,0.),.PIECEWISE_BEZIER_KNOTS.);
#1015 = CARTESIAN_POINT('',(2.2,-1.495,1.00001E-02));
#1016 = CARTESIAN_POINT('',(3.,-1.495,1.00001E-02));
#1017 = ORIENTED_EDGE('',*,*,#1018,.F.);
#1018 = EDGE_CURVE('',#1019,#1012,#1021,.T.);
#1019 = VERTEX_POINT('',#1020);
#1020 = CARTESIAN_POINT('',(2.2,-2.995,1.00001E-02));
#1021 = B_SPLINE_CURVE_WITH_KNOTS('',1,(#1022,#1023),.UNSPECIFIED.,.F.,
  .F.,(2,2),(-2.6645352591E-15,1.5),.PIECEWISE_BEZIER_KNOTS.);
#1022 = CARTESIAN_POINT('',(2.2,-2.995,1.00001E-02));
#1023 = CARTESIAN_POINT('',(2.2,-1.495,1.00001E-02));
#1024 = ORIENTED_EDGE('',*,*,#1025,.F.);
#1025 = EDGE_CURVE('',#1026,#1019,#1028,.T.);
#1026 = VERTEX_POINT('',#1027);
#1027 = CARTESIAN_POINT('',(1.25,-2.995,1.00001E-02));
#1028 = B_SPLINE_CURVE_WITH_KNOTS('',1,(#1029,#1030),.UNSPECIFIED.,.F.,
  .F.,(2,2),(4.25,5.2),.PIECEWISE_BEZIER_KNOTS.);
#1029 = CARTESIAN_POINT('',(1.25,-2.995,1.00001E-02));
#1030 = CARTESIAN_POINT('',(2.2,-2.995,1.00001E-02));
#1031 = ORIENTED_EDGE('',*,*,#1032,.F.);
#1032 = EDGE_CURVE('',#1033,#1026,#1035,.T.);
#1033 = VERTEX_POINT('',#1034);
#1034 = CARTESIAN_POINT('',(1.25,-1.495,1.00001E-02));
#1035 = B_SPLINE_CURVE_WITH_KNOTS('',1,(#1036,#1037),.UNSPECIFIED.,.F.,
  .F.,(2,2),(0.,1.5),.PIECEWISE_BEZIER_KNOTS.);
#1036 = CARTESIAN_POINT('',(1.25,-1.495,1.00001E-02));
#1037 = CARTESIAN_POINT('',(1.25,-2.995,1.00001E-02));
#1038 = ORIENTED_EDGE('',*,*,#1039,.F.);
#1039 = EDGE_CURVE('',#1040,#1033,#1042,.T.);
#1040 = VERTEX_POINT('',#1041);
#1041 = CARTESIAN_POINT('',(-1.25,-1.495,1.00001E-02));
#1042 = B_SPLINE_CURVE_WITH_KNOTS('',1,(#1043,#1044),.UNSPECIFIED.,.F.,
  .F.,(2,2),(-2.5,0.),.PIECEWISE_BEZIER_KNOTS.);
#1043 = CARTESIAN_POINT('',(-1.25,-1.495,1.00001E-02));
#1044 = CARTESIAN_POINT('',(1.25,-1.495,1.00001E-02));
#1045 = ORIENTED_EDGE('',*,*,#1046,.F.);
#1046 = EDGE_CURVE('',#970,#1040,#1047,.T.);
#1047 = B_SPLINE_CURVE_WITH_KNOTS('',1,(#1048,#1049),.UNSPECIFIED.,.F.,
  .F.,(2,2),(-1.5,0.),.PIECEWISE_BEZIER_KNOTS.);
#1048 = CARTESIAN_POINT('',(-1.25,-2.995,1.00001E-02));
#1049 = CARTESIAN_POINT('',(-1.25,-1.495,1.00001E-02));
#1050 = B_SPLINE_SURFACE_WITH_KNOTS('',1,1,(
    (#1051,#1052)
    ,(#1053,#1054
    )),.UNSPECIFIED.,.F.,.F.,.F.,(2,2),(2,2),(-3.,3.),(-3.,-1.),
  .PIECEWISE_BEZIER_KNOTS.);
#1051 = CARTESIAN_POINT('',(-3.,-2.995,1.00001E-02));
#1052 = CARTESIAN_POINT('',(-3.,-0.995,1.00001E-02));
#1053 = CARTESIAN_POINT('',(3.,-2.995,1.00001E-02));
#1054 = CARTESIAN_POINT('',(3.,-0.995,1.00001E-02));
#1055 = ADVANCED_FACE('',(#1056,#1134,#1164),#1194,.F.);
#1056 = FACE_BOUND('',#1057,.T.);
#1057 = EDGE_LOOP('',(#1058,#1067,#1074,#1081,#1088,#1095,#1102,#1109,
    #1114,#1115,#1122,#1129));
#1058 = ORIENTED_EDGE('',*,*,#1059,.T.);
#1059 = EDGE_CURVE('',#1060,#1062,#1064,.T.);
#1060 = VERTEX_POINT('',#1061);
#1061 = CARTESIAN_POINT('',(3.,1.005,1.00001E-02));
#1062 = VERTEX_POINT('',#1063);
#1063 = CARTESIAN_POINT('',(3.,1.505,1.00001E-02));
#1064 = B_SPLINE_CURVE_WITH_KNOTS('',1,(#1065,#1066),.UNSPECIFIED.,.F.,
  .F.,(2,2),(-2.,-1.5),.PIECEWISE_BEZIER_KNOTS.);
#1065 = CARTESIAN_POINT('',(3.,1.005,1.00001E-02));
#1066 = CARTESIAN_POINT('',(3.,1.505,1.00001E-02));
#1067 = ORIENTED_EDGE('',*,*,#1068,.F.);
#1068 = EDGE_CURVE('',#1069,#1062,#1071,.T.);
#1069 = VERTEX_POINT('',#1070);
#1070 = CARTESIAN_POINT('',(3.,1.505,0.5100001));
#1071 = B_SPLINE_CURVE_WITH_KNOTS('',1,(#1072,#1073),.UNSPECIFIED.,.F.,
  .F.,(2,2),(-0.,0.5),.PIECEWISE_BEZIER_KNOTS.);
#1072 = CARTESIAN_POINT('',(3.,1.505,0.5100001));
#1073 = CARTESIAN_POINT('',(3.,1.505,1.00001E-02));
#1074 = ORIENTED_EDGE('',*,*,#1075,.F.);
#1075 = EDGE_CURVE('',#1076,#1069,#1078,.T.);
#1076 = VERTEX_POINT('',#1077);
#1077 = CARTESIAN_POINT('',(3.,3.005,0.5100001));
#1078 = B_SPLINE_CURVE_WITH_KNOTS('',1,(#1079,#1080),.UNSPECIFIED.,.F.,
  .F.,(2,2),(0.,1.5),.PIECEWISE_BEZIER_KNOTS.);
#1079 = CARTESIAN_POINT('',(3.,3.005,0.5100001));
#1080 = CARTESIAN_POINT('',(3.,1.505,0.5100001));
#1081 = ORIENTED_EDGE('',*,*,#1082,.F.);
#1082 = EDGE_CURVE('',#1083,#1076,#1085,.T.);
#1083 = VERTEX_POINT('',#1084);
#1084 = CARTESIAN_POINT('',(3.,3.005,2.6100001));
#1085 = B_SPLINE_CURVE_WITH_KNOTS('',1,(#1086,#1087),.UNSPECIFIED.,.F.,
  .F.,(2,2),(-0.,2.1),.PIECEWISE_BEZIER_KNOTS.);
#1086 = CARTESIAN_POINT('',(3.,3.005,2.6100001));
#1087 = CARTESIAN_POINT('',(3.,3.005,0.5100001));
#1088 = ORIENTED_EDGE('',*,*,#1089,.F.);
#1089 = EDGE_CURVE('',#1090,#1083,#1092,.T.);
#1090 = VERTEX_POINT('',#1091);
#1091 = CARTESIAN_POINT('',(3.,-2.995,2.6100001));
#1092 = B_SPLINE_CURVE_WITH_KNOTS('',1,(#1093,#1094),.UNSPECIFIED.,.F.,
  .F.,(2,2),(-6.,0.),.PIECEWISE_BEZIER_KNOTS.);
#1093 = CARTESIAN_POINT('',(3.,-2.995,2.6100001));
#1094 = CARTESIAN_POINT('',(3.,3.005,2.6100001));
#1095 = ORIENTED_EDGE('',*,*,#1096,.T.);
#1096 = EDGE_CURVE('',#1090,#1097,#1099,.T.);
#1097 = VERTEX_POINT('',#1098);
#1098 = CARTESIAN_POINT('',(3.,-2.995,0.5100001));
#1099 = B_SPLINE_CURVE_WITH_KNOTS('',1,(#1100,#1101),.UNSPECIFIED.,.F.,
  .F.,(2,2),(-0.,2.1),.PIECEWISE_BEZIER_KNOTS.);
#1100 = CARTESIAN_POINT('',(3.,-2.995,2.6100001));
#1101 = CARTESIAN_POINT('',(3.,-2.995,0.5100001));
#1102 = ORIENTED_EDGE('',*,*,#1103,.F.);
#1103 = EDGE_CURVE('',#1104,#1097,#1106,.T.);
#1104 = VERTEX_POINT('',#1105);
#1105 = CARTESIAN_POINT('',(3.,-1.495,0.5100001));
#1106 = B_SPLINE_CURVE_WITH_KNOTS('',1,(#1107,#1108),.UNSPECIFIED.,.F.,
  .F.,(2,2),(-1.5,0.),.PIECEWISE_BEZIER_KNOTS.);
#1107 = CARTESIAN_POINT('',(3.,-1.495,0.5100001));
#1108 = CARTESIAN_POINT('',(3.,-2.995,0.5100001));
#1109 = ORIENTED_EDGE('',*,*,#1110,.T.);
#1110 = EDGE_CURVE('',#1104,#1005,#1111,.T.);
#1111 = B_SPLINE_CURVE_WITH_KNOTS('',1,(#1112,#1113),.UNSPECIFIED.,.F.,
  .F.,(2,2),(-0.,0.5),.PIECEWISE_BEZIER_KNOTS.);
#1112 = CARTESIAN_POINT('',(3.,-1.495,0.5100001));
#1113 = CARTESIAN_POINT('',(3.,-1.495,1.00001E-02));
#1114 = ORIENTED_EDGE('',*,*,#1004,.T.);
#1115 = ORIENTED_EDGE('',*,*,#1116,.F.);
#1116 = EDGE_CURVE('',#1117,#998,#1119,.T.);
#1117 = VERTEX_POINT('',#1118);
#1118 = CARTESIAN_POINT('',(3.,-0.995,0.5100001));
#1119 = B_SPLINE_CURVE_WITH_KNOTS('',1,(#1120,#1121),.UNSPECIFIED.,.F.,
  .F.,(2,2),(-0.,0.5),.PIECEWISE_BEZIER_KNOTS.);
#1120 = CARTESIAN_POINT('',(3.,-0.995,0.5100001));
#1121 = CARTESIAN_POINT('',(3.,-0.995,1.00001E-02));
#1122 = ORIENTED_EDGE('',*,*,#1123,.F.);
#1123 = EDGE_CURVE('',#1124,#1117,#1126,.T.);
#1124 = VERTEX_POINT('',#1125);
#1125 = CARTESIAN_POINT('',(3.,1.005,0.5100001));
#1126 = B_SPLINE_CURVE_WITH_KNOTS('',1,(#1127,#1128),.UNSPECIFIED.,.F.,
  .F.,(2,2),(-2.,-0.),.PIECEWISE_BEZIER_KNOTS.);
#1127 = CARTESIAN_POINT('',(3.,1.005,0.5100001));
#1128 = CARTESIAN_POINT('',(3.,-0.995,0.5100001));
#1129 = ORIENTED_EDGE('',*,*,#1130,.T.);
#1130 = EDGE_CURVE('',#1124,#1060,#1131,.T.);
#1131 = B_SPLINE_CURVE_WITH_KNOTS('',1,(#1132,#1133),.UNSPECIFIED.,.F.,
  .F.,(2,2),(-0.,0.5),.PIECEWISE_BEZIER_KNOTS.);
#1132 = CARTESIAN_POINT('',(3.,1.005,0.5100001));
#1133 = CARTESIAN_POINT('',(3.,1.005,1.00001E-02));
#1134 = FACE_BOUND('',#1135,.T.);
#1135 = EDGE_LOOP('',(#1136,#1145,#1152,#1159));
#1136 = ORIENTED_EDGE('',*,*,#1137,.F.);
#1137 = EDGE_CURVE('',#1138,#1140,#1142,.T.);
#1138 = VERTEX_POINT('',#1139);
#1139 = CARTESIAN_POINT('',(3.,-2.595,0.8100001));
#1140 = VERTEX_POINT('',#1141);
#1141 = CARTESIAN_POINT('',(3.,-1.895,0.8100001));
#1142 = B_SPLINE_CURVE_WITH_KNOTS('',1,(#1143,#1144),.UNSPECIFIED.,.F.,
  .F.,(2,2),(-4.440892098501E-16,0.7),.PIECEWISE_BEZIER_KNOTS.);
#1143 = CARTESIAN_POINT('',(3.,-2.595,0.8100001));
#1144 = CARTESIAN_POINT('',(3.,-1.895,0.8100001));
#1145 = ORIENTED_EDGE('',*,*,#1146,.T.);
#1146 = EDGE_CURVE('',#1138,#1147,#1149,.T.);
#1147 = VERTEX_POINT('',#1148);
#1148 = CARTESIAN_POINT('',(3.,-2.595,1.1100001));
#1149 = B_SPLINE_CURVE_WITH_KNOTS('',1,(#1150,#1151),.UNSPECIFIED.,.F.,
  .F.,(2,2),(0.,0.3),.PIECEWISE_BEZIER_KNOTS.);
#1150 = CARTESIAN_POINT('',(3.,-2.595,0.8100001));
#1151 = CARTESIAN_POINT('',(3.,-2.595,1.1100001));
#1152 = ORIENTED_EDGE('',*,*,#1153,.T.);
#1153 = EDGE_CURVE('',#1147,#1154,#1156,.T.);
#1154 = VERTEX_POINT('',#1155);
#1155 = CARTESIAN_POINT('',(3.,-1.895,1.1100001));
#1156 = B_SPLINE_CURVE_WITH_KNOTS('',1,(#1157,#1158),.UNSPECIFIED.,.F.,
  .F.,(2,2),(-4.440892098501E-16,0.7),.PIECEWISE_BEZIER_KNOTS.);
#1157 = CARTESIAN_POINT('',(3.,-2.595,1.1100001));
#1158 = CARTESIAN_POINT('',(3.,-1.895,1.1100001));
#1159 = ORIENTED_EDGE('',*,*,#1160,.F.);
#1160 = EDGE_CURVE('',#1140,#1154,#1161,.T.);
#1161 = B_SPLINE_CURVE_WITH_KNOTS('',1,(#1162,#1163),.UNSPECIFIED.,.F.,
  .F.,(2,2),(2.22044604925E-16,0.3),.PIECEWISE_BEZIER_KNOTS.);
#1162 = CARTESIAN_POINT('',(3.,-1.895,0.8100001));
#1163 = CARTESIAN_POINT('',(3.,-1.895,1.1100001));
#1164 = FACE_BOUND('',#1165,.T.);
#1165 = EDGE_LOOP('',(#1166,#1175,#1182,#1189));
#1166 = ORIENTED_EDGE('',*,*,#1167,.F.);
#1167 = EDGE_CURVE('',#1168,#1170,#1172,.T.);
#1168 = VERTEX_POINT('',#1169);
#1169 = CARTESIAN_POINT('',(3.,2.605,1.1100001));
#1170 = VERTEX_POINT('',#1171);
#1171 = CARTESIAN_POINT('',(3.,1.905,1.1100001));
#1172 = B_SPLINE_CURVE_WITH_KNOTS('',1,(#1173,#1174),.UNSPECIFIED.,.F.,
  .F.,(2,2),(-0.,0.7),.PIECEWISE_BEZIER_KNOTS.);
#1173 = CARTESIAN_POINT('',(3.,2.605,1.1100001));
#1174 = CARTESIAN_POINT('',(3.,1.905,1.1100001));
#1175 = ORIENTED_EDGE('',*,*,#1176,.F.);
#1176 = EDGE_CURVE('',#1177,#1168,#1179,.T.);
#1177 = VERTEX_POINT('',#1178);
#1178 = CARTESIAN_POINT('',(3.,2.605,0.8100001));
#1179 = B_SPLINE_CURVE_WITH_KNOTS('',1,(#1180,#1181),.UNSPECIFIED.,.F.,
  .F.,(2,2),(2.567906592516E-30,0.3),.PIECEWISE_BEZIER_KNOTS.);
#1180 = CARTESIAN_POINT('',(3.,2.605,0.8100001));
#1181 = CARTESIAN_POINT('',(3.,2.605,1.1100001));
#1182 = ORIENTED_EDGE('',*,*,#1183,.T.);
#1183 = EDGE_CURVE('',#1177,#1184,#1186,.T.);
#1184 = VERTEX_POINT('',#1185);
#1185 = CARTESIAN_POINT('',(3.,1.905,0.8100001));
#1186 = B_SPLINE_CURVE_WITH_KNOTS('',1,(#1187,#1188),.UNSPECIFIED.,.F.,
  .F.,(2,2),(0.,0.7),.PIECEWISE_BEZIER_KNOTS.);
#1187 = CARTESIAN_POINT('',(3.,2.605,0.8100001));
#1188 = CARTESIAN_POINT('',(3.,1.905,0.8100001));
#1189 = ORIENTED_EDGE('',*,*,#1190,.T.);
#1190 = EDGE_CURVE('',#1184,#1170,#1191,.T.);
#1191 = B_SPLINE_CURVE_WITH_KNOTS('',1,(#1192,#1193),.UNSPECIFIED.,.F.,
  .F.,(2,2),(0.,0.3),.PIECEWISE_BEZIER_KNOTS.);
#1192 = CARTESIAN_POINT('',(3.,1.905,0.8100001));
#1193 = CARTESIAN_POINT('',(3.,1.905,1.1100001));
#1194 = B_SPLINE_SURFACE_WITH_KNOTS('',1,1,(
    (#1195,#1196)
    ,(#1197,#1198
    )),.UNSPECIFIED.,.F.,.F.,.F.,(2,2),(2,2),(0.,6.),(-2.6,0.),
  .PIECEWISE_BEZIER_KNOTS.);
#1195 = CARTESIAN_POINT('',(3.,3.005,1.00001E-02));
#1196 = CARTESIAN_POINT('',(3.,3.005,2.6100001));
#1197 = CARTESIAN_POINT('',(3.,-2.995,1.00001E-02));
#1198 = CARTESIAN_POINT('',(3.,-2.995,2.6100001));
#1199 = ADVANCED_FACE('',(#1200),#1278,.F.);
#1200 = FACE_BOUND('',#1201,.T.);
#1201 = EDGE_LOOP('',(#1202,#1209,#1216,#1223,#1230,#1237,#1244,#1251,
    #1258,#1265,#1272,#1277));
#1202 = ORIENTED_EDGE('',*,*,#1203,.F.);
#1203 = EDGE_CURVE('',#1204,#1076,#1206,.T.);
#1204 = VERTEX_POINT('',#1205);
#1205 = CARTESIAN_POINT('',(2.2,3.005,0.5100001));
#1206 = B_SPLINE_CURVE_WITH_KNOTS('',1,(#1207,#1208),.UNSPECIFIED.,.F.,
  .F.,(2,2),(-0.8,0.),.PIECEWISE_BEZIER_KNOTS.);
#1207 = CARTESIAN_POINT('',(2.2,3.005,0.5100001));
#1208 = CARTESIAN_POINT('',(3.,3.005,0.5100001));
#1209 = ORIENTED_EDGE('',*,*,#1210,.T.);
#1210 = EDGE_CURVE('',#1204,#1211,#1213,.T.);
#1211 = VERTEX_POINT('',#1212);
#1212 = CARTESIAN_POINT('',(2.2,3.005,1.00001E-02));
#1213 = B_SPLINE_CURVE_WITH_KNOTS('',1,(#1214,#1215),.UNSPECIFIED.,.F.,
  .F.,(2,2),(-0.,0.5),.PIECEWISE_BEZIER_KNOTS.);
#1214 = CARTESIAN_POINT('',(2.2,3.005,0.5100001));
#1215 = CARTESIAN_POINT('',(2.2,3.005,1.00001E-02));
#1216 = ORIENTED_EDGE('',*,*,#1217,.T.);
#1217 = EDGE_CURVE('',#1211,#1218,#1220,.T.);
#1218 = VERTEX_POINT('',#1219);
#1219 = CARTESIAN_POINT('',(1.25,3.005,1.00001E-02));
#1220 = B_SPLINE_CURVE_WITH_KNOTS('',1,(#1221,#1222),.UNSPECIFIED.,.F.,
  .F.,(2,2),(-5.2,-4.25),.PIECEWISE_BEZIER_KNOTS.);
#1221 = CARTESIAN_POINT('',(2.2,3.005,1.00001E-02));
#1222 = CARTESIAN_POINT('',(1.25,3.005,1.00001E-02));
#1223 = ORIENTED_EDGE('',*,*,#1224,.F.);
#1224 = EDGE_CURVE('',#1225,#1218,#1227,.T.);
#1225 = VERTEX_POINT('',#1226);
#1226 = CARTESIAN_POINT('',(1.25,3.005,0.5100001));
#1227 = B_SPLINE_CURVE_WITH_KNOTS('',1,(#1228,#1229),.UNSPECIFIED.,.F.,
  .F.,(2,2),(-0.,0.5),.PIECEWISE_BEZIER_KNOTS.);
#1228 = CARTESIAN_POINT('',(1.25,3.005,0.5100001));
#1229 = CARTESIAN_POINT('',(1.25,3.005,1.00001E-02));
#1230 = ORIENTED_EDGE('',*,*,#1231,.F.);
#1231 = EDGE_CURVE('',#1232,#1225,#1234,.T.);
#1232 = VERTEX_POINT('',#1233);
#1233 = CARTESIAN_POINT('',(-1.25,3.005,0.5100001));
#1234 = B_SPLINE_CURVE_WITH_KNOTS('',1,(#1235,#1236),.UNSPECIFIED.,.F.,
  .F.,(2,2),(-2.5,0.),.PIECEWISE_BEZIER_KNOTS.);
#1235 = CARTESIAN_POINT('',(-1.25,3.005,0.5100001));
#1236 = CARTESIAN_POINT('',(1.25,3.005,0.5100001));
#1237 = ORIENTED_EDGE('',*,*,#1238,.T.);
#1238 = EDGE_CURVE('',#1232,#1239,#1241,.T.);
#1239 = VERTEX_POINT('',#1240);
#1240 = CARTESIAN_POINT('',(-1.25,3.005,1.00001E-02));
#1241 = B_SPLINE_CURVE_WITH_KNOTS('',1,(#1242,#1243),.UNSPECIFIED.,.F.,
  .F.,(2,2),(-0.,0.5),.PIECEWISE_BEZIER_KNOTS.);
#1242 = CARTESIAN_POINT('',(-1.25,3.005,0.5100001));
#1243 = CARTESIAN_POINT('',(-1.25,3.005,1.00001E-02));
#1244 = ORIENTED_EDGE('',*,*,#1245,.T.);
#1245 = EDGE_CURVE('',#1239,#1246,#1248,.T.);
#1246 = VERTEX_POINT('',#1247);
#1247 = CARTESIAN_POINT('',(-2.2,3.005,1.00001E-02));
#1248 = B_SPLINE_CURVE_WITH_KNOTS('',1,(#1249,#1250),.UNSPECIFIED.,.F.,
  .F.,(2,2),(-1.75,-0.8),.PIECEWISE_BEZIER_KNOTS.);
#1249 = CARTESIAN_POINT('',(-1.25,3.005,1.00001E-02));
#1250 = CARTESIAN_POINT('',(-2.2,3.005,1.00001E-02));
#1251 = ORIENTED_EDGE('',*,*,#1252,.F.);
#1252 = EDGE_CURVE('',#1253,#1246,#1255,.T.);
#1253 = VERTEX_POINT('',#1254);
#1254 = CARTESIAN_POINT('',(-2.2,3.005,0.5100001));
#1255 = B_SPLINE_CURVE_WITH_KNOTS('',1,(#1256,#1257),.UNSPECIFIED.,.F.,
  .F.,(2,2),(-0.,0.5),.PIECEWISE_BEZIER_KNOTS.);
#1256 = CARTESIAN_POINT('',(-2.2,3.005,0.5100001));
#1257 = CARTESIAN_POINT('',(-2.2,3.005,1.00001E-02));
#1258 = ORIENTED_EDGE('',*,*,#1259,.F.);
#1259 = EDGE_CURVE('',#1260,#1253,#1262,.T.);
#1260 = VERTEX_POINT('',#1261);
#1261 = CARTESIAN_POINT('',(-3.,3.005,0.5100001));
#1262 = B_SPLINE_CURVE_WITH_KNOTS('',1,(#1263,#1264),.UNSPECIFIED.,.F.,
  .F.,(2,2),(0.,0.8),.PIECEWISE_BEZIER_KNOTS.);
#1263 = CARTESIAN_POINT('',(-3.,3.005,0.5100001));
#1264 = CARTESIAN_POINT('',(-2.2,3.005,0.5100001));
#1265 = ORIENTED_EDGE('',*,*,#1266,.F.);
#1266 = EDGE_CURVE('',#1267,#1260,#1269,.T.);
#1267 = VERTEX_POINT('',#1268);
#1268 = CARTESIAN_POINT('',(-3.,3.005,2.6100001));
#1269 = B_SPLINE_CURVE_WITH_KNOTS('',1,(#1270,#1271),.UNSPECIFIED.,.F.,
  .F.,(2,2),(-0.,2.1),.PIECEWISE_BEZIER_KNOTS.);
#1270 = CARTESIAN_POINT('',(-3.,3.005,2.6100001));
#1271 = CARTESIAN_POINT('',(-3.,3.005,0.5100001));
#1272 = ORIENTED_EDGE('',*,*,#1273,.F.);
#1273 = EDGE_CURVE('',#1083,#1267,#1274,.T.);
#1274 = B_SPLINE_CURVE_WITH_KNOTS('',1,(#1275,#1276),.UNSPECIFIED.,.F.,
  .F.,(2,2),(-6.,-0.),.PIECEWISE_BEZIER_KNOTS.);
#1275 = CARTESIAN_POINT('',(3.,3.005,2.6100001));
#1276 = CARTESIAN_POINT('',(-3.,3.005,2.6100001));
#1277 = ORIENTED_EDGE('',*,*,#1082,.T.);
#1278 = B_SPLINE_SURFACE_WITH_KNOTS('',1,1,(
    (#1279,#1280)
    ,(#1281,#1282
    )),.UNSPECIFIED.,.F.,.F.,.F.,(2,2),(2,2),(0.,2.6),(0.,6.),
  .PIECEWISE_BEZIER_KNOTS.);
#1279 = CARTESIAN_POINT('',(-3.,3.005,2.6100001));
#1280 = CARTESIAN_POINT('',(3.,3.005,2.6100001));
#1281 = CARTESIAN_POINT('',(-3.,3.005,1.00001E-02));
#1282 = CARTESIAN_POINT('',(3.,3.005,1.00001E-02));
#1283 = ADVANCED_FACE('',(#1284,#1314,#1344),#1414,.F.);
#1284 = FACE_BOUND('',#1285,.T.);
#1285 = EDGE_LOOP('',(#1286,#1295,#1302,#1309));
#1286 = ORIENTED_EDGE('',*,*,#1287,.F.);
#1287 = EDGE_CURVE('',#1288,#1290,#1292,.T.);
#1288 = VERTEX_POINT('',#1289);
#1289 = CARTESIAN_POINT('',(-3.,-2.595,1.1100001));
#1290 = VERTEX_POINT('',#1291);
#1291 = CARTESIAN_POINT('',(-3.,-1.895,1.1100001));
#1292 = B_SPLINE_CURVE_WITH_KNOTS('',1,(#1293,#1294),.UNSPECIFIED.,.F.,
  .F.,(2,2),(-4.440892098501E-16,0.7),.PIECEWISE_BEZIER_KNOTS.);
#1293 = CARTESIAN_POINT('',(-3.,-2.595,1.1100001));
#1294 = CARTESIAN_POINT('',(-3.,-1.895,1.1100001));
#1295 = ORIENTED_EDGE('',*,*,#1296,.F.);
#1296 = EDGE_CURVE('',#1297,#1288,#1299,.T.);
#1297 = VERTEX_POINT('',#1298);
#1298 = CARTESIAN_POINT('',(-3.,-2.595,0.8100001));
#1299 = B_SPLINE_CURVE_WITH_KNOTS('',1,(#1300,#1301),.UNSPECIFIED.,.F.,
  .F.,(2,2),(0.,0.3),.PIECEWISE_BEZIER_KNOTS.);
#1300 = CARTESIAN_POINT('',(-3.,-2.595,0.8100001));
#1301 = CARTESIAN_POINT('',(-3.,-2.595,1.1100001));
#1302 = ORIENTED_EDGE('',*,*,#1303,.T.);
#1303 = EDGE_CURVE('',#1297,#1304,#1306,.T.);
#1304 = VERTEX_POINT('',#1305);
#1305 = CARTESIAN_POINT('',(-3.,-1.895,0.8100001));
#1306 = B_SPLINE_CURVE_WITH_KNOTS('',1,(#1307,#1308),.UNSPECIFIED.,.F.,
  .F.,(2,2),(-4.440892098501E-16,0.7),.PIECEWISE_BEZIER_KNOTS.);
#1307 = CARTESIAN_POINT('',(-3.,-2.595,0.8100001));
#1308 = CARTESIAN_POINT('',(-3.,-1.895,0.8100001));
#1309 = ORIENTED_EDGE('',*,*,#1310,.T.);
#1310 = EDGE_CURVE('',#1304,#1290,#1311,.T.);
#1311 = B_SPLINE_CURVE_WITH_KNOTS('',1,(#1312,#1313),.UNSPECIFIED.,.F.,
  .F.,(2,2),(0.,0.3),.PIECEWISE_BEZIER_KNOTS.);
#1312 = CARTESIAN_POINT('',(-3.,-1.895,0.8100001));
#1313 = CARTESIAN_POINT('',(-3.,-1.895,1.1100001));
#1314 = FACE_BOUND('',#1315,.T.);
#1315 = EDGE_LOOP('',(#1316,#1325,#1332,#1339));
#1316 = ORIENTED_EDGE('',*,*,#1317,.F.);
#1317 = EDGE_CURVE('',#1318,#1320,#1322,.T.);
#1318 = VERTEX_POINT('',#1319);
#1319 = CARTESIAN_POINT('',(-3.,2.605,0.8100001));
#1320 = VERTEX_POINT('',#1321);
#1321 = CARTESIAN_POINT('',(-3.,1.905,0.8100001));
#1322 = B_SPLINE_CURVE_WITH_KNOTS('',1,(#1323,#1324),.UNSPECIFIED.,.F.,
  .F.,(2,2),(0.,0.7),.PIECEWISE_BEZIER_KNOTS.);
#1323 = CARTESIAN_POINT('',(-3.,2.605,0.8100001));
#1324 = CARTESIAN_POINT('',(-3.,1.905,0.8100001));
#1325 = ORIENTED_EDGE('',*,*,#1326,.T.);
#1326 = EDGE_CURVE('',#1318,#1327,#1329,.T.);
#1327 = VERTEX_POINT('',#1328);
#1328 = CARTESIAN_POINT('',(-3.,2.605,1.1100001));
#1329 = B_SPLINE_CURVE_WITH_KNOTS('',1,(#1330,#1331),.UNSPECIFIED.,.F.,
  .F.,(2,2),(-2.567906592516E-30,0.3),.PIECEWISE_BEZIER_KNOTS.);
#1330 = CARTESIAN_POINT('',(-3.,2.605,0.8100001));
#1331 = CARTESIAN_POINT('',(-3.,2.605,1.1100001));
#1332 = ORIENTED_EDGE('',*,*,#1333,.T.);
#1333 = EDGE_CURVE('',#1327,#1334,#1336,.T.);
#1334 = VERTEX_POINT('',#1335);
#1335 = CARTESIAN_POINT('',(-3.,1.905,1.1100001));
#1336 = B_SPLINE_CURVE_WITH_KNOTS('',1,(#1337,#1338),.UNSPECIFIED.,.F.,
  .F.,(2,2),(0.,0.7),.PIECEWISE_BEZIER_KNOTS.);
#1337 = CARTESIAN_POINT('',(-3.,2.605,1.1100001));
#1338 = CARTESIAN_POINT('',(-3.,1.905,1.1100001));
#1339 = ORIENTED_EDGE('',*,*,#1340,.F.);
#1340 = EDGE_CURVE('',#1320,#1334,#1341,.T.);
#1341 = B_SPLINE_CURVE_WITH_KNOTS('',1,(#1342,#1343),.UNSPECIFIED.,.F.,
  .F.,(2,2),(2.22044604925E-16,0.3),.PIECEWISE_BEZIER_KNOTS.);
#1342 = CARTESIAN_POINT('',(-3.,1.905,0.8100001));
#1343 = CARTESIAN_POINT('',(-3.,1.905,1.1100001));
#1344 = FACE_BOUND('',#1345,.T.);
#1345 = EDGE_LOOP('',(#1346,#1347,#1354,#1361,#1368,#1373,#1374,#1381,
    #1388,#1395,#1402,#1409));
#1346 = ORIENTED_EDGE('',*,*,#990,.T.);
#1347 = ORIENTED_EDGE('',*,*,#1348,.F.);
#1348 = EDGE_CURVE('',#1349,#984,#1351,.T.);
#1349 = VERTEX_POINT('',#1350);
#1350 = CARTESIAN_POINT('',(-3.,-1.495,0.5100001));
#1351 = B_SPLINE_CURVE_WITH_KNOTS('',1,(#1352,#1353),.UNSPECIFIED.,.F.,
  .F.,(2,2),(-0.,0.5),.PIECEWISE_BEZIER_KNOTS.);
#1352 = CARTESIAN_POINT('',(-3.,-1.495,0.5100001));
#1353 = CARTESIAN_POINT('',(-3.,-1.495,1.00001E-02));
#1354 = ORIENTED_EDGE('',*,*,#1355,.F.);
#1355 = EDGE_CURVE('',#1356,#1349,#1358,.T.);
#1356 = VERTEX_POINT('',#1357);
#1357 = CARTESIAN_POINT('',(-3.,-2.995,0.5100001));
#1358 = B_SPLINE_CURVE_WITH_KNOTS('',1,(#1359,#1360),.UNSPECIFIED.,.F.,
  .F.,(2,2),(0.,1.5),.PIECEWISE_BEZIER_KNOTS.);
#1359 = CARTESIAN_POINT('',(-3.,-2.995,0.5100001));
#1360 = CARTESIAN_POINT('',(-3.,-1.495,0.5100001));
#1361 = ORIENTED_EDGE('',*,*,#1362,.F.);
#1362 = EDGE_CURVE('',#1363,#1356,#1365,.T.);
#1363 = VERTEX_POINT('',#1364);
#1364 = CARTESIAN_POINT('',(-3.,-2.995,2.6100001));
#1365 = B_SPLINE_CURVE_WITH_KNOTS('',1,(#1366,#1367),.UNSPECIFIED.,.F.,
  .F.,(2,2),(-0.,2.1),.PIECEWISE_BEZIER_KNOTS.);
#1366 = CARTESIAN_POINT('',(-3.,-2.995,2.6100001));
#1367 = CARTESIAN_POINT('',(-3.,-2.995,0.5100001));
#1368 = ORIENTED_EDGE('',*,*,#1369,.F.);
#1369 = EDGE_CURVE('',#1267,#1363,#1370,.T.);
#1370 = B_SPLINE_CURVE_WITH_KNOTS('',1,(#1371,#1372),.UNSPECIFIED.,.F.,
  .F.,(2,2),(0.,6.),.PIECEWISE_BEZIER_KNOTS.);
#1371 = CARTESIAN_POINT('',(-3.,3.005,2.6100001));
#1372 = CARTESIAN_POINT('',(-3.,-2.995,2.6100001));
#1373 = ORIENTED_EDGE('',*,*,#1266,.T.);
#1374 = ORIENTED_EDGE('',*,*,#1375,.F.);
#1375 = EDGE_CURVE('',#1376,#1260,#1378,.T.);
#1376 = VERTEX_POINT('',#1377);
#1377 = CARTESIAN_POINT('',(-3.,1.505,0.5100001));
#1378 = B_SPLINE_CURVE_WITH_KNOTS('',1,(#1379,#1380),.UNSPECIFIED.,.F.,
  .F.,(2,2),(-1.5,0.),.PIECEWISE_BEZIER_KNOTS.);
#1379 = CARTESIAN_POINT('',(-3.,1.505,0.5100001));
#1380 = CARTESIAN_POINT('',(-3.,3.005,0.5100001));
#1381 = ORIENTED_EDGE('',*,*,#1382,.T.);
#1382 = EDGE_CURVE('',#1376,#1383,#1385,.T.);
#1383 = VERTEX_POINT('',#1384);
#1384 = CARTESIAN_POINT('',(-3.,1.505,1.00001E-02));
#1385 = B_SPLINE_CURVE_WITH_KNOTS('',1,(#1386,#1387),.UNSPECIFIED.,.F.,
  .F.,(2,2),(-0.,0.5),.PIECEWISE_BEZIER_KNOTS.);
#1386 = CARTESIAN_POINT('',(-3.,1.505,0.5100001));
#1387 = CARTESIAN_POINT('',(-3.,1.505,1.00001E-02));
#1388 = ORIENTED_EDGE('',*,*,#1389,.T.);
#1389 = EDGE_CURVE('',#1383,#1390,#1392,.T.);
#1390 = VERTEX_POINT('',#1391);
#1391 = CARTESIAN_POINT('',(-3.,1.005,1.00001E-02));
#1392 = B_SPLINE_CURVE_WITH_KNOTS('',1,(#1393,#1394),.UNSPECIFIED.,.F.,
  .F.,(2,2),(1.5,2.),.PIECEWISE_BEZIER_KNOTS.);
#1393 = CARTESIAN_POINT('',(-3.,1.505,1.00001E-02));
#1394 = CARTESIAN_POINT('',(-3.,1.005,1.00001E-02));
#1395 = ORIENTED_EDGE('',*,*,#1396,.F.);
#1396 = EDGE_CURVE('',#1397,#1390,#1399,.T.);
#1397 = VERTEX_POINT('',#1398);
#1398 = CARTESIAN_POINT('',(-3.,1.005,0.5100001));
#1399 = B_SPLINE_CURVE_WITH_KNOTS('',1,(#1400,#1401),.UNSPECIFIED.,.F.,
  .F.,(2,2),(-0.,0.5),.PIECEWISE_BEZIER_KNOTS.);
#1400 = CARTESIAN_POINT('',(-3.,1.005,0.5100001));
#1401 = CARTESIAN_POINT('',(-3.,1.005,1.00001E-02));
#1402 = ORIENTED_EDGE('',*,*,#1403,.F.);
#1403 = EDGE_CURVE('',#1404,#1397,#1406,.T.);
#1404 = VERTEX_POINT('',#1405);
#1405 = CARTESIAN_POINT('',(-3.,-0.995,0.5100001));
#1406 = B_SPLINE_CURVE_WITH_KNOTS('',1,(#1407,#1408),.UNSPECIFIED.,.F.,
  .F.,(2,2),(0.,2.),.PIECEWISE_BEZIER_KNOTS.);
#1407 = CARTESIAN_POINT('',(-3.,-0.995,0.5100001));
#1408 = CARTESIAN_POINT('',(-3.,1.005,0.5100001));
#1409 = ORIENTED_EDGE('',*,*,#1410,.T.);
#1410 = EDGE_CURVE('',#1404,#991,#1411,.T.);
#1411 = B_SPLINE_CURVE_WITH_KNOTS('',1,(#1412,#1413),.UNSPECIFIED.,.F.,
  .F.,(2,2),(-0.,0.5),.PIECEWISE_BEZIER_KNOTS.);
#1412 = CARTESIAN_POINT('',(-3.,-0.995,0.5100001));
#1413 = CARTESIAN_POINT('',(-3.,-0.995,1.00001E-02));
#1414 = B_SPLINE_SURFACE_WITH_KNOTS('',1,1,(
    (#1415,#1416)
    ,(#1417,#1418
    )),.UNSPECIFIED.,.F.,.F.,.F.,(2,2),(2,2),(-6.,0.),(-2.6,0.),
  .PIECEWISE_BEZIER_KNOTS.);
#1415 = CARTESIAN_POINT('',(-3.,-2.995,1.00001E-02));
#1416 = CARTESIAN_POINT('',(-3.,-2.995,2.6100001));
#1417 = CARTESIAN_POINT('',(-3.,3.005,1.00001E-02));
#1418 = CARTESIAN_POINT('',(-3.,3.005,2.6100001));
#1419 = ADVANCED_FACE('',(#1420),#1474,.F.);
#1420 = FACE_BOUND('',#1421,.T.);
#1421 = EDGE_LOOP('',(#1422,#1429,#1434,#1435,#1442,#1449,#1454,#1455,
    #1462,#1467,#1468,#1473));
#1422 = ORIENTED_EDGE('',*,*,#1423,.F.);
#1423 = EDGE_CURVE('',#1424,#1356,#1426,.T.);
#1424 = VERTEX_POINT('',#1425);
#1425 = CARTESIAN_POINT('',(-2.2,-2.995,0.5100001));
#1426 = B_SPLINE_CURVE_WITH_KNOTS('',1,(#1427,#1428),.UNSPECIFIED.,.F.,
  .F.,(2,2),(-0.8,-0.),.PIECEWISE_BEZIER_KNOTS.);
#1427 = CARTESIAN_POINT('',(-2.2,-2.995,0.5100001));
#1428 = CARTESIAN_POINT('',(-3.,-2.995,0.5100001));
#1429 = ORIENTED_EDGE('',*,*,#1430,.T.);
#1430 = EDGE_CURVE('',#1424,#968,#1431,.T.);
#1431 = B_SPLINE_CURVE_WITH_KNOTS('',1,(#1432,#1433),.UNSPECIFIED.,.F.,
  .F.,(2,2),(-0.,0.5),.PIECEWISE_BEZIER_KNOTS.);
#1432 = CARTESIAN_POINT('',(-2.2,-2.995,0.5100001));
#1433 = CARTESIAN_POINT('',(-2.2,-2.995,1.00001E-02));
#1434 = ORIENTED_EDGE('',*,*,#967,.T.);
#1435 = ORIENTED_EDGE('',*,*,#1436,.F.);
#1436 = EDGE_CURVE('',#1437,#970,#1439,.T.);
#1437 = VERTEX_POINT('',#1438);
#1438 = CARTESIAN_POINT('',(-1.25,-2.995,0.5100001));
#1439 = B_SPLINE_CURVE_WITH_KNOTS('',1,(#1440,#1441),.UNSPECIFIED.,.F.,
  .F.,(2,2),(-0.,0.5),.PIECEWISE_BEZIER_KNOTS.);
#1440 = CARTESIAN_POINT('',(-1.25,-2.995,0.5100001));
#1441 = CARTESIAN_POINT('',(-1.25,-2.995,1.00001E-02));
#1442 = ORIENTED_EDGE('',*,*,#1443,.F.);
#1443 = EDGE_CURVE('',#1444,#1437,#1446,.T.);
#1444 = VERTEX_POINT('',#1445);
#1445 = CARTESIAN_POINT('',(1.25,-2.995,0.5100001));
#1446 = B_SPLINE_CURVE_WITH_KNOTS('',1,(#1447,#1448),.UNSPECIFIED.,.F.,
  .F.,(2,2),(0.,2.5),.PIECEWISE_BEZIER_KNOTS.);
#1447 = CARTESIAN_POINT('',(1.25,-2.995,0.5100001));
#1448 = CARTESIAN_POINT('',(-1.25,-2.995,0.5100001));
#1449 = ORIENTED_EDGE('',*,*,#1450,.T.);
#1450 = EDGE_CURVE('',#1444,#1026,#1451,.T.);
#1451 = B_SPLINE_CURVE_WITH_KNOTS('',1,(#1452,#1453),.UNSPECIFIED.,.F.,
  .F.,(2,2),(-0.,0.5),.PIECEWISE_BEZIER_KNOTS.);
#1452 = CARTESIAN_POINT('',(1.25,-2.995,0.5100001));
#1453 = CARTESIAN_POINT('',(1.25,-2.995,1.00001E-02));
#1454 = ORIENTED_EDGE('',*,*,#1025,.T.);
#1455 = ORIENTED_EDGE('',*,*,#1456,.F.);
#1456 = EDGE_CURVE('',#1457,#1019,#1459,.T.);
#1457 = VERTEX_POINT('',#1458);
#1458 = CARTESIAN_POINT('',(2.2,-2.995,0.5100001));
#1459 = B_SPLINE_CURVE_WITH_KNOTS('',1,(#1460,#1461),.UNSPECIFIED.,.F.,
  .F.,(2,2),(-0.,0.5),.PIECEWISE_BEZIER_KNOTS.);
#1460 = CARTESIAN_POINT('',(2.2,-2.995,0.5100001));
#1461 = CARTESIAN_POINT('',(2.2,-2.995,1.00001E-02));
#1462 = ORIENTED_EDGE('',*,*,#1463,.F.);
#1463 = EDGE_CURVE('',#1097,#1457,#1464,.T.);
#1464 = B_SPLINE_CURVE_WITH_KNOTS('',1,(#1465,#1466),.UNSPECIFIED.,.F.,
  .F.,(2,2),(0.,0.8),.PIECEWISE_BEZIER_KNOTS.);
#1465 = CARTESIAN_POINT('',(3.,-2.995,0.5100001));
#1466 = CARTESIAN_POINT('',(2.2,-2.995,0.5100001));
#1467 = ORIENTED_EDGE('',*,*,#1096,.F.);
#1468 = ORIENTED_EDGE('',*,*,#1469,.F.);
#1469 = EDGE_CURVE('',#1363,#1090,#1470,.T.);
#1470 = B_SPLINE_CURVE_WITH_KNOTS('',1,(#1471,#1472),.UNSPECIFIED.,.F.,
  .F.,(2,2),(0.,6.),.PIECEWISE_BEZIER_KNOTS.);
#1471 = CARTESIAN_POINT('',(-3.,-2.995,2.6100001));
#1472 = CARTESIAN_POINT('',(3.,-2.995,2.6100001));
#1473 = ORIENTED_EDGE('',*,*,#1362,.T.);
#1474 = B_SPLINE_SURFACE_WITH_KNOTS('',1,1,(
    (#1475,#1476)
    ,(#1477,#1478
    )),.UNSPECIFIED.,.F.,.F.,.F.,(2,2),(2,2),(-2.6,0.),(
    -8.881784197001E-16,6.),.PIECEWISE_BEZIER_KNOTS.);
#1475 = CARTESIAN_POINT('',(-3.,-2.995,1.00001E-02));
#1476 = CARTESIAN_POINT('',(3.,-2.995,1.00001E-02));
#1477 = CARTESIAN_POINT('',(-3.,-2.995,2.6100001));
#1478 = CARTESIAN_POINT('',(3.,-2.995,2.6100001));
#1479 = ADVANCED_FACE('',(#1480,#1491),#1497,.T.);
#1480 = FACE_BOUND('',#1481,.T.);
#1481 = EDGE_LOOP('',(#1482,#1490));
#1482 = ORIENTED_EDGE('',*,*,#1483,.F.);
#1483 = EDGE_CURVE('',#939,#932,#1484,.T.);
#1484 = ( BOUNDED_CURVE() B_SPLINE_CURVE(2,(#1485,#1486,#1487,#1488,
#1489),.UNSPECIFIED.,.F.,.F.) B_SPLINE_CURVE_WITH_KNOTS((3,2,3),(0.,
1.570796326795,3.14159265359),.PIECEWISE_BEZIER_KNOTS.) CURVE() 
GEOMETRIC_REPRESENTATION_ITEM() RATIONAL_B_SPLINE_CURVE((1.,
0.707106781187,1.,0.707106781187,1.)) REPRESENTATION_ITEM('') );
#1485 = CARTESIAN_POINT('',(1.75,5.000000000001E-03,2.6100001));
#1486 = CARTESIAN_POINT('',(1.75,1.755,2.6100001));
#1487 = CARTESIAN_POINT('',(1.071565949254E-16,1.755,2.6100001));
#1488 = CARTESIAN_POINT('',(-1.75,1.755,2.6100001));
#1489 = CARTESIAN_POINT('',(-1.75,5.000000000001E-03,2.6100001));
#1490 = ORIENTED_EDGE('',*,*,#938,.F.);
#1491 = FACE_BOUND('',#1492,.T.);
#1492 = EDGE_LOOP('',(#1493,#1494,#1495,#1496));
#1493 = ORIENTED_EDGE('',*,*,#1089,.T.);
#1494 = ORIENTED_EDGE('',*,*,#1273,.T.);
#1495 = ORIENTED_EDGE('',*,*,#1369,.T.);
#1496 = ORIENTED_EDGE('',*,*,#1469,.T.);
#1497 = B_SPLINE_SURFACE_WITH_KNOTS('',1,1,(
    (#1498,#1499)
    ,(#1500,#1501
    )),.UNSPECIFIED.,.F.,.F.,.F.,(2,2),(2,2),(-3.,3.),(-3.,3.),
  .PIECEWISE_BEZIER_KNOTS.);
#1498 = CARTESIAN_POINT('',(-3.,-2.995,2.6100001));
#1499 = CARTESIAN_POINT('',(-3.,3.005,2.6100001));
#1500 = CARTESIAN_POINT('',(3.,-2.995,2.6100001));
#1501 = CARTESIAN_POINT('',(3.,3.005,2.6100001));
#1502 = ADVANCED_FACE('',(#1503),#1557,.F.);
#1503 = FACE_BOUND('',#1504,.T.);
#1504 = EDGE_LOOP('',(#1505,#1506,#1513,#1518,#1519,#1524,#1525,#1532,
    #1537,#1538,#1545,#1552));
#1505 = ORIENTED_EDGE('',*,*,#1217,.F.);
#1506 = ORIENTED_EDGE('',*,*,#1507,.F.);
#1507 = EDGE_CURVE('',#1508,#1211,#1510,.T.);
#1508 = VERTEX_POINT('',#1509);
#1509 = CARTESIAN_POINT('',(2.2,1.505,1.00001E-02));
#1510 = B_SPLINE_CURVE_WITH_KNOTS('',1,(#1511,#1512),.UNSPECIFIED.,.F.,
  .F.,(2,2),(-1.5,0.),.PIECEWISE_BEZIER_KNOTS.);
#1511 = CARTESIAN_POINT('',(2.2,1.505,1.00001E-02));
#1512 = CARTESIAN_POINT('',(2.2,3.005,1.00001E-02));
#1513 = ORIENTED_EDGE('',*,*,#1514,.F.);
#1514 = EDGE_CURVE('',#1062,#1508,#1515,.T.);
#1515 = B_SPLINE_CURVE_WITH_KNOTS('',1,(#1516,#1517),.UNSPECIFIED.,.F.,
  .F.,(2,2),(-4.440892098501E-16,0.8),.PIECEWISE_BEZIER_KNOTS.);
#1516 = CARTESIAN_POINT('',(3.,1.505,1.00001E-02));
#1517 = CARTESIAN_POINT('',(2.2,1.505,1.00001E-02));
#1518 = ORIENTED_EDGE('',*,*,#1059,.F.);
#1519 = ORIENTED_EDGE('',*,*,#1520,.F.);
#1520 = EDGE_CURVE('',#1390,#1060,#1521,.T.);
#1521 = B_SPLINE_CURVE_WITH_KNOTS('',1,(#1522,#1523),.UNSPECIFIED.,.F.,
  .F.,(2,2),(-6.,0.),.PIECEWISE_BEZIER_KNOTS.);
#1522 = CARTESIAN_POINT('',(-3.,1.005,1.00001E-02));
#1523 = CARTESIAN_POINT('',(3.,1.005,1.00001E-02));
#1524 = ORIENTED_EDGE('',*,*,#1389,.F.);
#1525 = ORIENTED_EDGE('',*,*,#1526,.F.);
#1526 = EDGE_CURVE('',#1527,#1383,#1529,.T.);
#1527 = VERTEX_POINT('',#1528);
#1528 = CARTESIAN_POINT('',(-2.2,1.505,1.00001E-02));
#1529 = B_SPLINE_CURVE_WITH_KNOTS('',1,(#1530,#1531),.UNSPECIFIED.,.F.,
  .F.,(2,2),(-0.8,-0.),.PIECEWISE_BEZIER_KNOTS.);
#1530 = CARTESIAN_POINT('',(-2.2,1.505,1.00001E-02));
#1531 = CARTESIAN_POINT('',(-3.,1.505,1.00001E-02));
#1532 = ORIENTED_EDGE('',*,*,#1533,.F.);
#1533 = EDGE_CURVE('',#1246,#1527,#1534,.T.);
#1534 = B_SPLINE_CURVE_WITH_KNOTS('',1,(#1535,#1536),.UNSPECIFIED.,.F.,
  .F.,(2,2),(0.,1.5),.PIECEWISE_BEZIER_KNOTS.);
#1535 = CARTESIAN_POINT('',(-2.2,3.005,1.00001E-02));
#1536 = CARTESIAN_POINT('',(-2.2,1.505,1.00001E-02));
#1537 = ORIENTED_EDGE('',*,*,#1245,.F.);
#1538 = ORIENTED_EDGE('',*,*,#1539,.F.);
#1539 = EDGE_CURVE('',#1540,#1239,#1542,.T.);
#1540 = VERTEX_POINT('',#1541);
#1541 = CARTESIAN_POINT('',(-1.25,1.505,1.00001E-02));
#1542 = B_SPLINE_CURVE_WITH_KNOTS('',1,(#1543,#1544),.UNSPECIFIED.,.F.,
  .F.,(2,2),(0.,1.5),.PIECEWISE_BEZIER_KNOTS.);
#1543 = CARTESIAN_POINT('',(-1.25,1.505,1.00001E-02));
#1544 = CARTESIAN_POINT('',(-1.25,3.005,1.00001E-02));
#1545 = ORIENTED_EDGE('',*,*,#1546,.F.);
#1546 = EDGE_CURVE('',#1547,#1540,#1549,.T.);
#1547 = VERTEX_POINT('',#1548);
#1548 = CARTESIAN_POINT('',(1.25,1.505,1.00001E-02));
#1549 = B_SPLINE_CURVE_WITH_KNOTS('',1,(#1550,#1551),.UNSPECIFIED.,.F.,
  .F.,(2,2),(0.,2.5),.PIECEWISE_BEZIER_KNOTS.);
#1550 = CARTESIAN_POINT('',(1.25,1.505,1.00001E-02));
#1551 = CARTESIAN_POINT('',(-1.25,1.505,1.00001E-02));
#1552 = ORIENTED_EDGE('',*,*,#1553,.F.);
#1553 = EDGE_CURVE('',#1218,#1547,#1554,.T.);
#1554 = B_SPLINE_CURVE_WITH_KNOTS('',1,(#1555,#1556),.UNSPECIFIED.,.F.,
  .F.,(2,2),(-1.5,-0.),.PIECEWISE_BEZIER_KNOTS.);
#1555 = CARTESIAN_POINT('',(1.25,3.005,1.00001E-02));
#1556 = CARTESIAN_POINT('',(1.25,1.505,1.00001E-02));
#1557 = B_SPLINE_SURFACE_WITH_KNOTS('',1,1,(
    (#1558,#1559)
    ,(#1560,#1561
    )),.UNSPECIFIED.,.F.,.F.,.F.,(2,2),(2,2),(-3.,3.),(1.,3.),
  .PIECEWISE_BEZIER_KNOTS.);
#1558 = CARTESIAN_POINT('',(-3.,1.005,1.00001E-02));
#1559 = CARTESIAN_POINT('',(-3.,3.005,1.00001E-02));
#1560 = CARTESIAN_POINT('',(3.,1.005,1.00001E-02));
#1561 = CARTESIAN_POINT('',(3.,3.005,1.00001E-02));
#1562 = ADVANCED_FACE('',(#1563),#1576,.T.);
#1563 = FACE_BOUND('',#1564,.T.);
#1564 = EDGE_LOOP('',(#1565,#1566,#1574,#1575));
#1565 = ORIENTED_EDGE('',*,*,#931,.F.);
#1566 = ORIENTED_EDGE('',*,*,#1567,.F.);
#1567 = EDGE_CURVE('',#922,#920,#1568,.T.);
#1568 = ( BOUNDED_CURVE() B_SPLINE_CURVE(2,(#1569,#1570,#1571,#1572,
#1573),.UNSPECIFIED.,.F.,.F.) B_SPLINE_CURVE_WITH_KNOTS((3,2,3),(0.,
1.570796326795,3.14159265359),.PIECEWISE_BEZIER_KNOTS.) CURVE() 
GEOMETRIC_REPRESENTATION_ITEM() RATIONAL_B_SPLINE_CURVE((1.,
0.707106781187,1.,0.707106781187,1.)) REPRESENTATION_ITEM('') );
#1569 = CARTESIAN_POINT('',(1.650425219362,5.000000000001E-03,4.5100001)
  );
#1570 = CARTESIAN_POINT('',(1.650425219362,1.655425219362,4.5100001));
#1571 = CARTESIAN_POINT('',(1.010593981062E-16,1.655425219362,4.5100001)
  );
#1572 = CARTESIAN_POINT('',(-1.650425219362,1.655425219362,4.5100001));
#1573 = CARTESIAN_POINT('',(-1.650425219362,5.000000000001E-03,4.5100001
    ));
#1574 = ORIENTED_EDGE('',*,*,#948,.T.);
#1575 = ORIENTED_EDGE('',*,*,#1483,.T.);
#1576 = ( BOUNDED_SURFACE() B_SPLINE_SURFACE(2,1,(
    (#1577,#1578)
    ,(#1579,#1580)
    ,(#1581,#1582)
    ,(#1583,#1584)
    ,(#1585,#1586
)),.UNSPECIFIED.,.F.,.F.,.F.) B_SPLINE_SURFACE_WITH_KNOTS((3,2,3),(2,2),
  (3.14159265359,4.712388980385,6.28318530718),(-1.902607457396,
    2.22044604925E-16),.PIECEWISE_BEZIER_KNOTS.) 
GEOMETRIC_REPRESENTATION_ITEM() RATIONAL_B_SPLINE_SURFACE((
    (1.,1.)
    ,(0.707106781187,0.707106781187)
    ,(1.,1.)
    ,(0.707106781187,0.707106781187)
,(1.,1.))) REPRESENTATION_ITEM('') SURFACE() );
#1577 = CARTESIAN_POINT('',(-1.650425219362,5.E-03,4.5100001));
#1578 = CARTESIAN_POINT('',(-1.75,5.E-03,2.6100001));
#1579 = CARTESIAN_POINT('',(-1.650425219362,1.655425219362,4.5100001));
#1580 = CARTESIAN_POINT('',(-1.75,1.755,2.6100001));
#1581 = CARTESIAN_POINT('',(-3.031781943186E-16,1.655425219362,4.5100001
    ));
#1582 = CARTESIAN_POINT('',(-3.214697847762E-16,1.755,2.6100001));
#1583 = CARTESIAN_POINT('',(1.650425219362,1.655425219362,4.5100001));
#1584 = CARTESIAN_POINT('',(1.75,1.755,2.6100001));
#1585 = CARTESIAN_POINT('',(1.650425219362,5.000000000001E-03,4.5100001)
  );
#1586 = CARTESIAN_POINT('',(1.75,5.000000000001E-03,2.6100001));
#1587 = ADVANCED_FACE('',(#1588),#1592,.T.);
#1588 = FACE_BOUND('',#1589,.T.);
#1589 = EDGE_LOOP('',(#1590,#1591));
#1590 = ORIENTED_EDGE('',*,*,#1567,.T.);
#1591 = ORIENTED_EDGE('',*,*,#919,.T.);
#1592 = B_SPLINE_SURFACE_WITH_KNOTS('',1,1,(
    (#1593,#1594)
    ,(#1595,#1596
    )),.UNSPECIFIED.,.F.,.F.,.F.,(2,2),(2,2),(-1.650425219362,
    1.650425219362),(-1.650425219362,1.650425219362),
  .PIECEWISE_BEZIER_KNOTS.);
#1593 = CARTESIAN_POINT('',(-1.650425219362,-1.645425219362,4.5100001));
#1594 = CARTESIAN_POINT('',(-1.650425219362,1.655425219362,4.5100001));
#1595 = CARTESIAN_POINT('',(1.650425219362,-1.645425219362,4.5100001));
#1596 = CARTESIAN_POINT('',(1.650425219362,1.655425219362,4.5100001));
#1597 = ADVANCED_FACE('',(#1598),#1628,.F.);
#1598 = FACE_BOUND('',#1599,.T.);
#1599 = EDGE_LOOP('',(#1600,#1609,#1616,#1623));
#1600 = ORIENTED_EDGE('',*,*,#1601,.T.);
#1601 = EDGE_CURVE('',#1602,#1604,#1606,.T.);
#1602 = VERTEX_POINT('',#1603);
#1603 = CARTESIAN_POINT('',(-4.010087041137,1.905,1.000000000948E-07));
#1604 = VERTEX_POINT('',#1605);
#1605 = CARTESIAN_POINT('',(-4.4,1.905,1.000000002353E-07));
#1606 = B_SPLINE_CURVE_WITH_KNOTS('',1,(#1607,#1608),.UNSPECIFIED.,.F.,
  .F.,(2,2),(-1.248111021136E-32,0.389912958863),
  .PIECEWISE_BEZIER_KNOTS.);
#1607 = CARTESIAN_POINT('',(-4.010087041137,1.905,1.000000001746E-07));
#1608 = CARTESIAN_POINT('',(-4.4,1.905,1.000000002353E-07));
#1609 = ORIENTED_EDGE('',*,*,#1610,.F.);
#1610 = EDGE_CURVE('',#1611,#1604,#1613,.T.);
#1611 = VERTEX_POINT('',#1612);
#1612 = CARTESIAN_POINT('',(-4.4,2.605,1.000000002353E-07));
#1613 = B_SPLINE_CURVE_WITH_KNOTS('',1,(#1614,#1615),.UNSPECIFIED.,.F.,
  .F.,(2,2),(-0.,0.7),.PIECEWISE_BEZIER_KNOTS.);
#1614 = CARTESIAN_POINT('',(-4.4,2.605,1.000000002353E-07));
#1615 = CARTESIAN_POINT('',(-4.4,1.905,1.000000002353E-07));
#1616 = ORIENTED_EDGE('',*,*,#1617,.F.);
#1617 = EDGE_CURVE('',#1618,#1611,#1620,.T.);
#1618 = VERTEX_POINT('',#1619);
#1619 = CARTESIAN_POINT('',(-4.010087041137,2.605,1.000000000948E-07));
#1620 = B_SPLINE_CURVE_WITH_KNOTS('',1,(#1621,#1622),.UNSPECIFIED.,.F.,
  .F.,(2,2),(-1.248111021136E-32,0.389912958863),
  .PIECEWISE_BEZIER_KNOTS.);
#1621 = CARTESIAN_POINT('',(-4.010087041137,2.605,1.000000001746E-07));
#1622 = CARTESIAN_POINT('',(-4.4,2.605,1.000000002353E-07));
#1623 = ORIENTED_EDGE('',*,*,#1624,.T.);
#1624 = EDGE_CURVE('',#1618,#1602,#1625,.T.);
#1625 = B_SPLINE_CURVE_WITH_KNOTS('',1,(#1626,#1627),.UNSPECIFIED.,.F.,
  .F.,(2,2),(-0.,0.7),.PIECEWISE_BEZIER_KNOTS.);
#1626 = CARTESIAN_POINT('',(-4.010087041137,2.605,1.000000000948E-07));
#1627 = CARTESIAN_POINT('',(-4.010087041137,1.905,1.000000000948E-07));
#1628 = B_SPLINE_SURFACE_WITH_KNOTS('',1,1,(
    (#1629,#1630)
    ,(#1631,#1632
    )),.UNSPECIFIED.,.F.,.F.,.F.,(2,2),(2,2),(-0.389912958863,
    1.248111021136E-32),(-0.7,0.),.PIECEWISE_BEZIER_KNOTS.);
#1629 = CARTESIAN_POINT('',(-4.4,1.905,1.000000002353E-07));
#1630 = CARTESIAN_POINT('',(-4.4,2.605,1.000000002353E-07));
#1631 = CARTESIAN_POINT('',(-4.010087041137,1.905,1.000000001746E-07));
#1632 = CARTESIAN_POINT('',(-4.010087041137,2.605,1.000000001746E-07));
#1633 = ADVANCED_FACE('',(#1634),#1656,.T.);
#1634 = FACE_BOUND('',#1635,.T.);
#1635 = EDGE_LOOP('',(#1636,#1643,#1650,#1655));
#1636 = ORIENTED_EDGE('',*,*,#1637,.F.);
#1637 = EDGE_CURVE('',#1638,#1604,#1640,.T.);
#1638 = VERTEX_POINT('',#1639);
#1639 = CARTESIAN_POINT('',(-4.4,1.905,0.3000001));
#1640 = B_SPLINE_CURVE_WITH_KNOTS('',1,(#1641,#1642),.UNSPECIFIED.,.F.,
  .F.,(2,2),(0.,0.3),.PIECEWISE_BEZIER_KNOTS.);
#1641 = CARTESIAN_POINT('',(-4.4,1.905,0.3000001));
#1642 = CARTESIAN_POINT('',(-4.4,1.905,1.000000002215E-07));
#1643 = ORIENTED_EDGE('',*,*,#1644,.F.);
#1644 = EDGE_CURVE('',#1645,#1638,#1647,.T.);
#1645 = VERTEX_POINT('',#1646);
#1646 = CARTESIAN_POINT('',(-4.4,2.605,0.3000001));
#1647 = B_SPLINE_CURVE_WITH_KNOTS('',1,(#1648,#1649),.UNSPECIFIED.,.F.,
  .F.,(2,2),(-0.,0.7),.PIECEWISE_BEZIER_KNOTS.);
#1648 = CARTESIAN_POINT('',(-4.4,2.605,0.3000001));
#1649 = CARTESIAN_POINT('',(-4.4,1.905,0.3000001));
#1650 = ORIENTED_EDGE('',*,*,#1651,.T.);
#1651 = EDGE_CURVE('',#1645,#1611,#1652,.T.);
#1652 = B_SPLINE_CURVE_WITH_KNOTS('',1,(#1653,#1654),.UNSPECIFIED.,.F.,
  .F.,(2,2),(0.,0.3),.PIECEWISE_BEZIER_KNOTS.);
#1653 = CARTESIAN_POINT('',(-4.4,2.605,0.3000001));
#1654 = CARTESIAN_POINT('',(-4.4,2.605,1.000000002215E-07));
#1655 = ORIENTED_EDGE('',*,*,#1610,.T.);
#1656 = B_SPLINE_SURFACE_WITH_KNOTS('',1,1,(
    (#1657,#1658)
    ,(#1659,#1660
    )),.UNSPECIFIED.,.F.,.F.,.F.,(2,2),(2,2),(-0.3,0.),(-0.7,0.),
  .PIECEWISE_BEZIER_KNOTS.);
#1657 = CARTESIAN_POINT('',(-4.4,1.905,1.000000002215E-07));
#1658 = CARTESIAN_POINT('',(-4.4,2.605,1.000000002215E-07));
#1659 = CARTESIAN_POINT('',(-4.4,1.905,0.3000001));
#1660 = CARTESIAN_POINT('',(-4.4,2.605,0.3000001));
#1661 = ADVANCED_FACE('',(#1662),#1684,.T.);
#1662 = FACE_BOUND('',#1663,.T.);
#1663 = EDGE_LOOP('',(#1664,#1671,#1678,#1683));
#1664 = ORIENTED_EDGE('',*,*,#1665,.F.);
#1665 = EDGE_CURVE('',#1666,#1638,#1668,.T.);
#1666 = VERTEX_POINT('',#1667);
#1667 = CARTESIAN_POINT('',(-4.010087041137,1.905,0.3000001));
#1668 = B_SPLINE_CURVE_WITH_KNOTS('',1,(#1669,#1670),.UNSPECIFIED.,.F.,
  .F.,(2,2),(-8.881784197001E-16,0.389912958863),
  .PIECEWISE_BEZIER_KNOTS.);
#1669 = CARTESIAN_POINT('',(-4.010087041137,1.905,0.3000001));
#1670 = CARTESIAN_POINT('',(-4.4,1.905,0.3000001));
#1671 = ORIENTED_EDGE('',*,*,#1672,.F.);
#1672 = EDGE_CURVE('',#1673,#1666,#1675,.T.);
#1673 = VERTEX_POINT('',#1674);
#1674 = CARTESIAN_POINT('',(-4.010087041137,2.605,0.3000001));
#1675 = B_SPLINE_CURVE_WITH_KNOTS('',1,(#1676,#1677),.UNSPECIFIED.,.F.,
  .F.,(2,2),(-0.,0.7),.PIECEWISE_BEZIER_KNOTS.);
#1676 = CARTESIAN_POINT('',(-4.010087041137,2.605,0.3000001));
#1677 = CARTESIAN_POINT('',(-4.010087041137,1.905,0.3000001));
#1678 = ORIENTED_EDGE('',*,*,#1679,.T.);
#1679 = EDGE_CURVE('',#1673,#1645,#1680,.T.);
#1680 = B_SPLINE_CURVE_WITH_KNOTS('',1,(#1681,#1682),.UNSPECIFIED.,.F.,
  .F.,(2,2),(-8.881784197001E-16,0.389912958863),
  .PIECEWISE_BEZIER_KNOTS.);
#1681 = CARTESIAN_POINT('',(-4.010087041137,2.605,0.3000001));
#1682 = CARTESIAN_POINT('',(-4.4,2.605,0.3000001));
#1683 = ORIENTED_EDGE('',*,*,#1644,.T.);
#1684 = B_SPLINE_SURFACE_WITH_KNOTS('',1,1,(
    (#1685,#1686)
    ,(#1687,#1688
    )),.UNSPECIFIED.,.F.,.F.,.F.,(2,2),(2,2),(-0.389912958863,
    8.881784197001E-16),(-0.7,0.),.PIECEWISE_BEZIER_KNOTS.);
#1685 = CARTESIAN_POINT('',(-4.4,1.905,0.3000001));
#1686 = CARTESIAN_POINT('',(-4.4,2.605,0.3000001));
#1687 = CARTESIAN_POINT('',(-4.010087041137,1.905,0.3000001));
#1688 = CARTESIAN_POINT('',(-4.010087041137,2.605,0.3000001));
#1689 = ADVANCED_FACE('',(#1690),#1712,.T.);
#1690 = FACE_BOUND('',#1691,.T.);
#1691 = EDGE_LOOP('',(#1692,#1699,#1706,#1711));
#1692 = ORIENTED_EDGE('',*,*,#1693,.F.);
#1693 = EDGE_CURVE('',#1694,#1666,#1696,.T.);
#1694 = VERTEX_POINT('',#1695);
#1695 = CARTESIAN_POINT('',(-3.577760143036,1.905,0.935089922305));
#1696 = B_SPLINE_CURVE_WITH_KNOTS('',1,(#1697,#1698),.UNSPECIFIED.,.F.,
  .F.,(2,2),(0.,0.76827444915),.PIECEWISE_BEZIER_KNOTS.);
#1697 = CARTESIAN_POINT('',(-3.577760143036,1.905,0.935089922305));
#1698 = CARTESIAN_POINT('',(-4.010087041137,1.905,0.3000001));
#1699 = ORIENTED_EDGE('',*,*,#1700,.F.);
#1700 = EDGE_CURVE('',#1701,#1694,#1703,.T.);
#1701 = VERTEX_POINT('',#1702);
#1702 = CARTESIAN_POINT('',(-3.577760143036,2.605,0.935089922305));
#1703 = B_SPLINE_CURVE_WITH_KNOTS('',1,(#1704,#1705),.UNSPECIFIED.,.F.,
  .F.,(2,2),(-0.,0.7),.PIECEWISE_BEZIER_KNOTS.);
#1704 = CARTESIAN_POINT('',(-3.577760143036,2.605,0.935089922305));
#1705 = CARTESIAN_POINT('',(-3.577760143036,1.905,0.935089922305));
#1706 = ORIENTED_EDGE('',*,*,#1707,.T.);
#1707 = EDGE_CURVE('',#1701,#1673,#1708,.T.);
#1708 = B_SPLINE_CURVE_WITH_KNOTS('',1,(#1709,#1710),.UNSPECIFIED.,.F.,
  .F.,(2,2),(0.,0.76827444915),.PIECEWISE_BEZIER_KNOTS.);
#1709 = CARTESIAN_POINT('',(-3.577760143036,2.605,0.935089922305));
#1710 = CARTESIAN_POINT('',(-4.010087041137,2.605,0.3000001));
#1711 = ORIENTED_EDGE('',*,*,#1672,.T.);
#1712 = B_SPLINE_SURFACE_WITH_KNOTS('',1,1,(
    (#1713,#1714)
    ,(#1715,#1716
    )),.UNSPECIFIED.,.F.,.F.,.F.,(2,2),(2,2),(-0.76827444915,0.),(-0.7,
    0.),.PIECEWISE_BEZIER_KNOTS.);
#1713 = CARTESIAN_POINT('',(-4.010087041137,1.905,0.3000001));
#1714 = CARTESIAN_POINT('',(-4.010087041137,2.605,0.3000001));
#1715 = CARTESIAN_POINT('',(-3.577760143036,1.905,0.935089922305));
#1716 = CARTESIAN_POINT('',(-3.577760143036,2.605,0.935089922305));
#1717 = ADVANCED_FACE('',(#1718),#1742,.T.);
#1718 = FACE_BOUND('',#1719,.T.);
#1719 = EDGE_LOOP('',(#1720,#1728,#1735,#1741));
#1720 = ORIENTED_EDGE('',*,*,#1721,.F.);
#1721 = EDGE_CURVE('',#1722,#1694,#1724,.T.);
#1722 = VERTEX_POINT('',#1723);
#1723 = CARTESIAN_POINT('',(-3.247102356352,1.905,1.1100001));
#1724 = ( BOUNDED_CURVE() B_SPLINE_CURVE(2,(#1725,#1726,#1727),
.UNSPECIFIED.,.F.,.F.) B_SPLINE_CURVE_WITH_KNOTS((3,3),(1.570796326795,
2.543914614723),.PIECEWISE_BEZIER_KNOTS.) CURVE() 
GEOMETRIC_REPRESENTATION_ITEM() RATIONAL_B_SPLINE_CURVE((1.,
0.883946988162,1.)) REPRESENTATION_ITEM('') );
#1725 = CARTESIAN_POINT('',(-3.247102356352,1.905,1.1100001));
#1726 = CARTESIAN_POINT('',(-3.458692930945,1.905,1.1100001));
#1727 = CARTESIAN_POINT('',(-3.577760143036,1.905,0.935089922305));
#1728 = ORIENTED_EDGE('',*,*,#1729,.F.);
#1729 = EDGE_CURVE('',#1730,#1722,#1732,.T.);
#1730 = VERTEX_POINT('',#1731);
#1731 = CARTESIAN_POINT('',(-3.247102356352,2.605,1.1100001));
#1732 = B_SPLINE_CURVE_WITH_KNOTS('',1,(#1733,#1734),.UNSPECIFIED.,.F.,
  .F.,(2,2),(-0.,0.7),.PIECEWISE_BEZIER_KNOTS.);
#1733 = CARTESIAN_POINT('',(-3.247102356352,2.605,1.1100001));
#1734 = CARTESIAN_POINT('',(-3.247102356352,1.905,1.1100001));
#1735 = ORIENTED_EDGE('',*,*,#1736,.T.);
#1736 = EDGE_CURVE('',#1730,#1701,#1737,.T.);
#1737 = ( BOUNDED_CURVE() B_SPLINE_CURVE(2,(#1738,#1739,#1740),
.UNSPECIFIED.,.F.,.F.) B_SPLINE_CURVE_WITH_KNOTS((3,3),(1.570796326795,
2.543914614723),.PIECEWISE_BEZIER_KNOTS.) CURVE() 
GEOMETRIC_REPRESENTATION_ITEM() RATIONAL_B_SPLINE_CURVE((1.,
0.883946988162,1.)) REPRESENTATION_ITEM('') );
#1738 = CARTESIAN_POINT('',(-3.247102356352,2.605,1.1100001));
#1739 = CARTESIAN_POINT('',(-3.458692930945,2.605,1.1100001));
#1740 = CARTESIAN_POINT('',(-3.577760143036,2.605,0.935089922305));
#1741 = ORIENTED_EDGE('',*,*,#1700,.T.);
#1742 = ( BOUNDED_SURFACE() B_SPLINE_SURFACE(2,1,(
    (#1743,#1744)
    ,(#1745,#1746)
    ,(#1747,#1748
)),.UNSPECIFIED.,.F.,.F.,.F.) B_SPLINE_SURFACE_WITH_KNOTS((3,3),(2,2),(
    3.14159265359,4.114710941518),(0.,0.7),.PIECEWISE_BEZIER_KNOTS.) 
GEOMETRIC_REPRESENTATION_ITEM() RATIONAL_B_SPLINE_SURFACE((
    (1.,1.)
    ,(0.883946988162,0.883946988162)
,(1.,1.))) REPRESENTATION_ITEM('') SURFACE() );
#1743 = CARTESIAN_POINT('',(-3.247102356352,2.605,1.1100001));
#1744 = CARTESIAN_POINT('',(-3.247102356352,1.905,1.1100001));
#1745 = CARTESIAN_POINT('',(-3.458692930945,2.605,1.1100001));
#1746 = CARTESIAN_POINT('',(-3.458692930945,1.905,1.1100001));
#1747 = CARTESIAN_POINT('',(-3.577760143036,2.605,0.935089922305));
#1748 = CARTESIAN_POINT('',(-3.577760143036,1.905,0.935089922305));
#1749 = ADVANCED_FACE('',(#1750),#1764,.T.);
#1750 = FACE_BOUND('',#1751,.T.);
#1751 = EDGE_LOOP('',(#1752,#1757,#1758,#1763));
#1752 = ORIENTED_EDGE('',*,*,#1753,.F.);
#1753 = EDGE_CURVE('',#1334,#1722,#1754,.T.);
#1754 = B_SPLINE_CURVE_WITH_KNOTS('',1,(#1755,#1756),.UNSPECIFIED.,.F.,
  .F.,(2,2),(0.,0.247102356352),.PIECEWISE_BEZIER_KNOTS.);
#1755 = CARTESIAN_POINT('',(-3.,1.905,1.1100001));
#1756 = CARTESIAN_POINT('',(-3.247102356352,1.905,1.1100001));
#1757 = ORIENTED_EDGE('',*,*,#1333,.F.);
#1758 = ORIENTED_EDGE('',*,*,#1759,.T.);
#1759 = EDGE_CURVE('',#1327,#1730,#1760,.T.);
#1760 = B_SPLINE_CURVE_WITH_KNOTS('',1,(#1761,#1762),.UNSPECIFIED.,.F.,
  .F.,(2,2),(1.7763568394E-15,0.247102356352),.PIECEWISE_BEZIER_KNOTS.);
#1761 = CARTESIAN_POINT('',(-3.,2.605,1.1100001));
#1762 = CARTESIAN_POINT('',(-3.247102356352,2.605,1.1100001));
#1763 = ORIENTED_EDGE('',*,*,#1729,.T.);
#1764 = B_SPLINE_SURFACE_WITH_KNOTS('',1,1,(
    (#1765,#1766)
    ,(#1767,#1768
    )),.UNSPECIFIED.,.F.,.F.,.F.,(2,2),(2,2),(-0.247102356352,0.),(-0.7,
    0.),.PIECEWISE_BEZIER_KNOTS.);
#1765 = CARTESIAN_POINT('',(-3.247102356352,1.905,1.1100001));
#1766 = CARTESIAN_POINT('',(-3.247102356352,2.605,1.1100001));
#1767 = CARTESIAN_POINT('',(-3.,1.905,1.1100001));
#1768 = CARTESIAN_POINT('',(-3.,2.605,1.1100001));
#1769 = ADVANCED_FACE('',(#1770),#1792,.F.);
#1770 = FACE_BOUND('',#1771,.T.);
#1771 = EDGE_LOOP('',(#1772,#1779,#1786,#1791));
#1772 = ORIENTED_EDGE('',*,*,#1773,.T.);
#1773 = EDGE_CURVE('',#1320,#1774,#1776,.T.);
#1774 = VERTEX_POINT('',#1775);
#1775 = CARTESIAN_POINT('',(-3.247102356352,1.905,0.8100001));
#1776 = B_SPLINE_CURVE_WITH_KNOTS('',1,(#1777,#1778),.UNSPECIFIED.,.F.,
  .F.,(2,2),(8.881784197001E-16,0.247102356352),
  .PIECEWISE_BEZIER_KNOTS.);
#1777 = CARTESIAN_POINT('',(-3.,1.905,0.8100001));
#1778 = CARTESIAN_POINT('',(-3.247102356352,1.905,0.8100001));
#1779 = ORIENTED_EDGE('',*,*,#1780,.F.);
#1780 = EDGE_CURVE('',#1781,#1774,#1783,.T.);
#1781 = VERTEX_POINT('',#1782);
#1782 = CARTESIAN_POINT('',(-3.247102356352,2.605,0.8100001));
#1783 = B_SPLINE_CURVE_WITH_KNOTS('',1,(#1784,#1785),.UNSPECIFIED.,.F.,
  .F.,(2,2),(-0.,0.7),.PIECEWISE_BEZIER_KNOTS.);
#1784 = CARTESIAN_POINT('',(-3.247102356352,2.605,0.8100001));
#1785 = CARTESIAN_POINT('',(-3.247102356352,1.905,0.8100001));
#1786 = ORIENTED_EDGE('',*,*,#1787,.F.);
#1787 = EDGE_CURVE('',#1318,#1781,#1788,.T.);
#1788 = B_SPLINE_CURVE_WITH_KNOTS('',1,(#1789,#1790),.UNSPECIFIED.,.F.,
  .F.,(2,2),(8.881784197001E-16,0.247102356352),
  .PIECEWISE_BEZIER_KNOTS.);
#1789 = CARTESIAN_POINT('',(-3.,2.605,0.8100001));
#1790 = CARTESIAN_POINT('',(-3.247102356352,2.605,0.8100001));
#1791 = ORIENTED_EDGE('',*,*,#1317,.T.);
#1792 = B_SPLINE_SURFACE_WITH_KNOTS('',1,1,(
    (#1793,#1794)
    ,(#1795,#1796
    )),.UNSPECIFIED.,.F.,.F.,.F.,(2,2),(2,2),(-0.247102356352,0.),(-0.7,
    0.),.PIECEWISE_BEZIER_KNOTS.);
#1793 = CARTESIAN_POINT('',(-3.247102356352,1.905,0.8100001));
#1794 = CARTESIAN_POINT('',(-3.247102356352,2.605,0.8100001));
#1795 = CARTESIAN_POINT('',(-3.,1.905,0.8100001));
#1796 = CARTESIAN_POINT('',(-3.,2.605,0.8100001));
#1797 = ADVANCED_FACE('',(#1798),#1822,.F.);
#1798 = FACE_BOUND('',#1799,.F.);
#1799 = EDGE_LOOP('',(#1800,#1801,#1809,#1816));
#1800 = ORIENTED_EDGE('',*,*,#1780,.F.);
#1801 = ORIENTED_EDGE('',*,*,#1802,.T.);
#1802 = EDGE_CURVE('',#1781,#1803,#1805,.T.);
#1803 = VERTEX_POINT('',#1804);
#1804 = CARTESIAN_POINT('',(-3.329766803023,2.605,0.766272555576));
#1805 = ( BOUNDED_CURVE() B_SPLINE_CURVE(2,(#1806,#1807,#1808),
.UNSPECIFIED.,.F.,.F.) B_SPLINE_CURVE_WITH_KNOTS((3,3),(3.14159265359,
4.114710941518),.PIECEWISE_BEZIER_KNOTS.) CURVE() 
GEOMETRIC_REPRESENTATION_ITEM() RATIONAL_B_SPLINE_CURVE((1.,
0.883946988162,1.)) REPRESENTATION_ITEM('') );
#1806 = CARTESIAN_POINT('',(-3.247102356352,2.605,0.8100001));
#1807 = CARTESIAN_POINT('',(-3.3,2.605,0.8100001));
#1808 = CARTESIAN_POINT('',(-3.329766803023,2.605,0.766272555576));
#1809 = ORIENTED_EDGE('',*,*,#1810,.T.);
#1810 = EDGE_CURVE('',#1803,#1811,#1813,.T.);
#1811 = VERTEX_POINT('',#1812);
#1812 = CARTESIAN_POINT('',(-3.329766803023,1.905,0.766272555576));
#1813 = B_SPLINE_CURVE_WITH_KNOTS('',1,(#1814,#1815),.UNSPECIFIED.,.F.,
  .F.,(2,2),(-0.,0.7),.PIECEWISE_BEZIER_KNOTS.);
#1814 = CARTESIAN_POINT('',(-3.329766803023,2.605,0.766272555576));
#1815 = CARTESIAN_POINT('',(-3.329766803023,1.905,0.766272555576));
#1816 = ORIENTED_EDGE('',*,*,#1817,.F.);
#1817 = EDGE_CURVE('',#1774,#1811,#1818,.T.);
#1818 = ( BOUNDED_CURVE() B_SPLINE_CURVE(2,(#1819,#1820,#1821),
.UNSPECIFIED.,.F.,.F.) B_SPLINE_CURVE_WITH_KNOTS((3,3),(3.14159265359,
4.114710941518),.PIECEWISE_BEZIER_KNOTS.) CURVE() 
GEOMETRIC_REPRESENTATION_ITEM() RATIONAL_B_SPLINE_CURVE((1.,
0.883946988162,1.)) REPRESENTATION_ITEM('') );
#1819 = CARTESIAN_POINT('',(-3.247102356352,1.905,0.8100001));
#1820 = CARTESIAN_POINT('',(-3.3,1.905,0.8100001));
#1821 = CARTESIAN_POINT('',(-3.329766803023,1.905,0.766272555576));
#1822 = ( BOUNDED_SURFACE() B_SPLINE_SURFACE(2,1,(
    (#1823,#1824)
    ,(#1825,#1826)
    ,(#1827,#1828
)),.UNSPECIFIED.,.F.,.F.,.F.) B_SPLINE_SURFACE_WITH_KNOTS((3,3),(2,2),(
    3.14159265359,4.114710941518),(0.,0.7),.PIECEWISE_BEZIER_KNOTS.) 
GEOMETRIC_REPRESENTATION_ITEM() RATIONAL_B_SPLINE_SURFACE((
    (1.,1.)
    ,(0.883946988162,0.883946988162)
,(1.,1.))) REPRESENTATION_ITEM('') SURFACE() );
#1823 = CARTESIAN_POINT('',(-3.247102356352,2.605,0.8100001));
#1824 = CARTESIAN_POINT('',(-3.247102356352,1.905,0.8100001));
#1825 = CARTESIAN_POINT('',(-3.3,2.605,0.8100001));
#1826 = CARTESIAN_POINT('',(-3.3,1.905,0.8100001));
#1827 = CARTESIAN_POINT('',(-3.329766803023,2.605,0.766272555576));
#1828 = CARTESIAN_POINT('',(-3.329766803023,1.905,0.766272555576));
#1829 = ADVANCED_FACE('',(#1830),#1852,.F.);
#1830 = FACE_BOUND('',#1831,.T.);
#1831 = EDGE_LOOP('',(#1832,#1839,#1846,#1851));
#1832 = ORIENTED_EDGE('',*,*,#1833,.T.);
#1833 = EDGE_CURVE('',#1811,#1834,#1836,.T.);
#1834 = VERTEX_POINT('',#1835);
#1835 = CARTESIAN_POINT('',(-3.762093701124,1.905,0.131182733271));
#1836 = B_SPLINE_CURVE_WITH_KNOTS('',1,(#1837,#1838),.UNSPECIFIED.,.F.,
  .F.,(2,2),(0.,0.76827444915),.PIECEWISE_BEZIER_KNOTS.);
#1837 = CARTESIAN_POINT('',(-3.329766803023,1.905,0.766272555576));
#1838 = CARTESIAN_POINT('',(-3.762093701124,1.905,0.131182733271));
#1839 = ORIENTED_EDGE('',*,*,#1840,.F.);
#1840 = EDGE_CURVE('',#1841,#1834,#1843,.T.);
#1841 = VERTEX_POINT('',#1842);
#1842 = CARTESIAN_POINT('',(-3.762093701124,2.605,0.131182733271));
#1843 = B_SPLINE_CURVE_WITH_KNOTS('',1,(#1844,#1845),.UNSPECIFIED.,.F.,
  .F.,(2,2),(-0.,0.7),.PIECEWISE_BEZIER_KNOTS.);
#1844 = CARTESIAN_POINT('',(-3.762093701124,2.605,0.131182733271));
#1845 = CARTESIAN_POINT('',(-3.762093701124,1.905,0.131182733271));
#1846 = ORIENTED_EDGE('',*,*,#1847,.F.);
#1847 = EDGE_CURVE('',#1803,#1841,#1848,.T.);
#1848 = B_SPLINE_CURVE_WITH_KNOTS('',1,(#1849,#1850),.UNSPECIFIED.,.F.,
  .F.,(2,2),(0.,0.76827444915),.PIECEWISE_BEZIER_KNOTS.);
#1849 = CARTESIAN_POINT('',(-3.329766803023,2.605,0.766272555576));
#1850 = CARTESIAN_POINT('',(-3.762093701124,2.605,0.131182733271));
#1851 = ORIENTED_EDGE('',*,*,#1810,.T.);
#1852 = B_SPLINE_SURFACE_WITH_KNOTS('',1,1,(
    (#1853,#1854)
    ,(#1855,#1856
    )),.UNSPECIFIED.,.F.,.F.,.F.,(2,2),(2,2),(-0.76827444915,0.),(-0.7,
    0.),.PIECEWISE_BEZIER_KNOTS.);
#1853 = CARTESIAN_POINT('',(-3.762093701124,1.905,0.131182733271));
#1854 = CARTESIAN_POINT('',(-3.762093701124,2.605,0.131182733271));
#1855 = CARTESIAN_POINT('',(-3.329766803023,1.905,0.766272555576));
#1856 = CARTESIAN_POINT('',(-3.329766803023,2.605,0.766272555576));
#1857 = ADVANCED_FACE('',(#1858),#1874,.T.);
#1858 = FACE_BOUND('',#1859,.T.);
#1859 = EDGE_LOOP('',(#1860,#1866,#1867,#1873));
#1860 = ORIENTED_EDGE('',*,*,#1861,.T.);
#1861 = EDGE_CURVE('',#1834,#1602,#1862,.T.);
#1862 = ( BOUNDED_CURVE() B_SPLINE_CURVE(2,(#1863,#1864,#1865),
.UNSPECIFIED.,.F.,.F.) B_SPLINE_CURVE_WITH_KNOTS((3,3),(5.310067019251,
6.28318530718),.PIECEWISE_BEZIER_KNOTS.) CURVE() 
GEOMETRIC_REPRESENTATION_ITEM() RATIONAL_B_SPLINE_CURVE((1.,
0.883946988162,1.)) REPRESENTATION_ITEM('') );
#1863 = CARTESIAN_POINT('',(-3.762093701124,1.905,0.131182733271));
#1864 = CARTESIAN_POINT('',(-3.851394110193,1.905,9.999999999941E-08));
#1865 = CARTESIAN_POINT('',(-4.010087041137,1.905,1.000000000549E-07));
#1866 = ORIENTED_EDGE('',*,*,#1624,.F.);
#1867 = ORIENTED_EDGE('',*,*,#1868,.F.);
#1868 = EDGE_CURVE('',#1841,#1618,#1869,.T.);
#1869 = ( BOUNDED_CURVE() B_SPLINE_CURVE(2,(#1870,#1871,#1872),
.UNSPECIFIED.,.F.,.F.) B_SPLINE_CURVE_WITH_KNOTS((3,3),(5.310067019251,
6.28318530718),.PIECEWISE_BEZIER_KNOTS.) CURVE() 
GEOMETRIC_REPRESENTATION_ITEM() RATIONAL_B_SPLINE_CURVE((1.,
0.883946988162,1.)) REPRESENTATION_ITEM('') );
#1870 = CARTESIAN_POINT('',(-3.762093701124,2.605,0.131182733271));
#1871 = CARTESIAN_POINT('',(-3.851394110193,2.605,9.999999999941E-08));
#1872 = CARTESIAN_POINT('',(-4.010087041137,2.605,1.000000000549E-07));
#1873 = ORIENTED_EDGE('',*,*,#1840,.T.);
#1874 = ( BOUNDED_SURFACE() B_SPLINE_SURFACE(2,1,(
    (#1875,#1876)
    ,(#1877,#1878)
    ,(#1879,#1880
)),.UNSPECIFIED.,.F.,.F.,.F.) B_SPLINE_SURFACE_WITH_KNOTS((3,3),(2,2),(
    0.,0.973118287928),(0.,0.7),.PIECEWISE_BEZIER_KNOTS.) 
GEOMETRIC_REPRESENTATION_ITEM() RATIONAL_B_SPLINE_SURFACE((
    (1.,1.)
    ,(0.883946988162,0.883946988162)
,(1.,1.))) REPRESENTATION_ITEM('') SURFACE() );
#1875 = CARTESIAN_POINT('',(-4.010087041137,2.605,1.000000000549E-07));
#1876 = CARTESIAN_POINT('',(-4.010087041137,1.905,1.000000000549E-07));
#1877 = CARTESIAN_POINT('',(-3.851394110193,2.605,1.000000000549E-07));
#1878 = CARTESIAN_POINT('',(-3.851394110193,1.905,1.000000000549E-07));
#1879 = CARTESIAN_POINT('',(-3.762093701124,2.605,0.131182733271));
#1880 = CARTESIAN_POINT('',(-3.762093701124,1.905,0.131182733271));
#1881 = ADVANCED_FACE('',(#1882),#1895,.T.);
#1882 = FACE_BOUND('',#1883,.T.);
#1883 = EDGE_LOOP('',(#1884,#1885,#1886,#1887,#1888,#1889,#1890,#1891,
    #1892,#1893,#1894));
#1884 = ORIENTED_EDGE('',*,*,#1617,.T.);
#1885 = ORIENTED_EDGE('',*,*,#1651,.F.);
#1886 = ORIENTED_EDGE('',*,*,#1679,.F.);
#1887 = ORIENTED_EDGE('',*,*,#1707,.F.);
#1888 = ORIENTED_EDGE('',*,*,#1736,.F.);
#1889 = ORIENTED_EDGE('',*,*,#1759,.F.);
#1890 = ORIENTED_EDGE('',*,*,#1326,.F.);
#1891 = ORIENTED_EDGE('',*,*,#1787,.T.);
#1892 = ORIENTED_EDGE('',*,*,#1802,.T.);
#1893 = ORIENTED_EDGE('',*,*,#1847,.T.);
#1894 = ORIENTED_EDGE('',*,*,#1868,.T.);
#1895 = B_SPLINE_SURFACE_WITH_KNOTS('',1,1,(
    (#1896,#1897)
    ,(#1898,#1899
    )),.UNSPECIFIED.,.F.,.F.,.F.,(2,2),(2,2),(-1.152897643648,
    0.247102356352),(-0.4,0.71),.PIECEWISE_BEZIER_KNOTS.);
#1896 = CARTESIAN_POINT('',(-4.4,2.605,1.1100001));
#1897 = CARTESIAN_POINT('',(-4.4,2.605,1.000000000549E-07));
#1898 = CARTESIAN_POINT('',(-3.,2.605,1.1100001));
#1899 = CARTESIAN_POINT('',(-3.,2.605,1.000000000549E-07));
#1900 = ADVANCED_FACE('',(#1901),#1914,.F.);
#1901 = FACE_BOUND('',#1902,.T.);
#1902 = EDGE_LOOP('',(#1903,#1904,#1905,#1906,#1907,#1908,#1909,#1910,
    #1911,#1912,#1913));
#1903 = ORIENTED_EDGE('',*,*,#1601,.F.);
#1904 = ORIENTED_EDGE('',*,*,#1861,.F.);
#1905 = ORIENTED_EDGE('',*,*,#1833,.F.);
#1906 = ORIENTED_EDGE('',*,*,#1817,.F.);
#1907 = ORIENTED_EDGE('',*,*,#1773,.F.);
#1908 = ORIENTED_EDGE('',*,*,#1340,.T.);
#1909 = ORIENTED_EDGE('',*,*,#1753,.T.);
#1910 = ORIENTED_EDGE('',*,*,#1721,.T.);
#1911 = ORIENTED_EDGE('',*,*,#1693,.T.);
#1912 = ORIENTED_EDGE('',*,*,#1665,.T.);
#1913 = ORIENTED_EDGE('',*,*,#1637,.T.);
#1914 = B_SPLINE_SURFACE_WITH_KNOTS('',1,1,(
    (#1915,#1916)
    ,(#1917,#1918
    )),.UNSPECIFIED.,.F.,.F.,.F.,(2,2),(2,2),(-1.152897643648,
    0.247102356352),(-0.4,0.71),.PIECEWISE_BEZIER_KNOTS.);
#1915 = CARTESIAN_POINT('',(-4.4,1.905,1.1100001));
#1916 = CARTESIAN_POINT('',(-4.4,1.905,1.000000000549E-07));
#1917 = CARTESIAN_POINT('',(-3.,1.905,1.1100001));
#1918 = CARTESIAN_POINT('',(-3.,1.905,1.000000000549E-07));
#1919 = ADVANCED_FACE('',(#1920),#1950,.T.);
#1920 = FACE_BOUND('',#1921,.T.);
#1921 = EDGE_LOOP('',(#1922,#1931,#1938,#1945));
#1922 = ORIENTED_EDGE('',*,*,#1923,.F.);
#1923 = EDGE_CURVE('',#1924,#1926,#1928,.T.);
#1924 = VERTEX_POINT('',#1925);
#1925 = CARTESIAN_POINT('',(4.010087041137,1.905,1.000000000948E-07));
#1926 = VERTEX_POINT('',#1927);
#1927 = CARTESIAN_POINT('',(4.4,1.905,1.000000002353E-07));
#1928 = B_SPLINE_CURVE_WITH_KNOTS('',1,(#1929,#1930),.UNSPECIFIED.,.F.,
  .F.,(2,2),(-1.248111021136E-32,0.389912958863),
  .PIECEWISE_BEZIER_KNOTS.);
#1929 = CARTESIAN_POINT('',(4.010087041137,1.905,1.000000001746E-07));
#1930 = CARTESIAN_POINT('',(4.4,1.905,1.000000002353E-07));
#1931 = ORIENTED_EDGE('',*,*,#1932,.F.);
#1932 = EDGE_CURVE('',#1933,#1924,#1935,.T.);
#1933 = VERTEX_POINT('',#1934);
#1934 = CARTESIAN_POINT('',(4.010087041137,2.605,1.000000000948E-07));
#1935 = B_SPLINE_CURVE_WITH_KNOTS('',1,(#1936,#1937),.UNSPECIFIED.,.F.,
  .F.,(2,2),(-0.,0.7),.PIECEWISE_BEZIER_KNOTS.);
#1936 = CARTESIAN_POINT('',(4.010087041137,2.605,1.000000000948E-07));
#1937 = CARTESIAN_POINT('',(4.010087041137,1.905,1.000000000948E-07));
#1938 = ORIENTED_EDGE('',*,*,#1939,.T.);
#1939 = EDGE_CURVE('',#1933,#1940,#1942,.T.);
#1940 = VERTEX_POINT('',#1941);
#1941 = CARTESIAN_POINT('',(4.4,2.605,1.000000002353E-07));
#1942 = B_SPLINE_CURVE_WITH_KNOTS('',1,(#1943,#1944),.UNSPECIFIED.,.F.,
  .F.,(2,2),(-1.248111021136E-32,0.389912958863),
  .PIECEWISE_BEZIER_KNOTS.);
#1943 = CARTESIAN_POINT('',(4.010087041137,2.605,1.000000001746E-07));
#1944 = CARTESIAN_POINT('',(4.4,2.605,1.000000002353E-07));
#1945 = ORIENTED_EDGE('',*,*,#1946,.T.);
#1946 = EDGE_CURVE('',#1940,#1926,#1947,.T.);
#1947 = B_SPLINE_CURVE_WITH_KNOTS('',1,(#1948,#1949),.UNSPECIFIED.,.F.,
  .F.,(2,2),(-0.,0.7),.PIECEWISE_BEZIER_KNOTS.);
#1948 = CARTESIAN_POINT('',(4.4,2.605,1.000000002353E-07));
#1949 = CARTESIAN_POINT('',(4.4,1.905,1.000000002353E-07));
#1950 = B_SPLINE_SURFACE_WITH_KNOTS('',1,1,(
    (#1951,#1952)
    ,(#1953,#1954
    )),.UNSPECIFIED.,.F.,.F.,.F.,(2,2),(2,2),(-0.389912958863,
    1.248111021136E-32),(-0.7,0.),.PIECEWISE_BEZIER_KNOTS.);
#1951 = CARTESIAN_POINT('',(4.4,1.905,1.000000002353E-07));
#1952 = CARTESIAN_POINT('',(4.4,2.605,1.000000002353E-07));
#1953 = CARTESIAN_POINT('',(4.010087041137,1.905,1.000000001746E-07));
#1954 = CARTESIAN_POINT('',(4.010087041137,2.605,1.000000001746E-07));
#1955 = ADVANCED_FACE('',(#1956),#1980,.T.);
#1956 = FACE_BOUND('',#1957,.T.);
#1957 = EDGE_LOOP('',(#1958,#1966,#1973,#1979));
#1958 = ORIENTED_EDGE('',*,*,#1959,.F.);
#1959 = EDGE_CURVE('',#1960,#1924,#1962,.T.);
#1960 = VERTEX_POINT('',#1961);
#1961 = CARTESIAN_POINT('',(3.762093701124,1.905,0.131182733271));
#1962 = ( BOUNDED_CURVE() B_SPLINE_CURVE(2,(#1963,#1964,#1965),
.UNSPECIFIED.,.F.,.F.) B_SPLINE_CURVE_WITH_KNOTS((3,3),(5.310067019251,
6.28318530718),.PIECEWISE_BEZIER_KNOTS.) CURVE() 
GEOMETRIC_REPRESENTATION_ITEM() RATIONAL_B_SPLINE_CURVE((1.,
0.883946988162,1.)) REPRESENTATION_ITEM('') );
#1963 = CARTESIAN_POINT('',(3.762093701124,1.905,0.131182733271));
#1964 = CARTESIAN_POINT('',(3.851394110193,1.905,9.999999999941E-08));
#1965 = CARTESIAN_POINT('',(4.010087041137,1.905,1.000000000549E-07));
#1966 = ORIENTED_EDGE('',*,*,#1967,.F.);
#1967 = EDGE_CURVE('',#1968,#1960,#1970,.T.);
#1968 = VERTEX_POINT('',#1969);
#1969 = CARTESIAN_POINT('',(3.762093701124,2.605,0.131182733271));
#1970 = B_SPLINE_CURVE_WITH_KNOTS('',1,(#1971,#1972),.UNSPECIFIED.,.F.,
  .F.,(2,2),(-0.,0.7),.PIECEWISE_BEZIER_KNOTS.);
#1971 = CARTESIAN_POINT('',(3.762093701124,2.605,0.131182733271));
#1972 = CARTESIAN_POINT('',(3.762093701124,1.905,0.131182733271));
#1973 = ORIENTED_EDGE('',*,*,#1974,.T.);
#1974 = EDGE_CURVE('',#1968,#1933,#1975,.T.);
#1975 = ( BOUNDED_CURVE() B_SPLINE_CURVE(2,(#1976,#1977,#1978),
.UNSPECIFIED.,.F.,.F.) B_SPLINE_CURVE_WITH_KNOTS((3,3),(5.310067019251,
6.28318530718),.PIECEWISE_BEZIER_KNOTS.) CURVE() 
GEOMETRIC_REPRESENTATION_ITEM() RATIONAL_B_SPLINE_CURVE((1.,
0.883946988162,1.)) REPRESENTATION_ITEM('') );
#1976 = CARTESIAN_POINT('',(3.762093701124,2.605,0.131182733271));
#1977 = CARTESIAN_POINT('',(3.851394110193,2.605,9.999999999941E-08));
#1978 = CARTESIAN_POINT('',(4.010087041137,2.605,1.000000000549E-07));
#1979 = ORIENTED_EDGE('',*,*,#1932,.T.);
#1980 = ( BOUNDED_SURFACE() B_SPLINE_SURFACE(2,1,(
    (#1981,#1982)
    ,(#1983,#1984)
    ,(#1985,#1986
)),.UNSPECIFIED.,.F.,.F.,.F.) B_SPLINE_SURFACE_WITH_KNOTS((3,3),(2,2),(
    5.310067019251,6.28318530718),(0.,0.7),.PIECEWISE_BEZIER_KNOTS.) 
GEOMETRIC_REPRESENTATION_ITEM() RATIONAL_B_SPLINE_SURFACE((
    (1.,1.)
    ,(0.883946988162,0.883946988162)
,(1.,1.))) REPRESENTATION_ITEM('') SURFACE() );
#1981 = CARTESIAN_POINT('',(3.762093701124,2.605,0.131182733271));
#1982 = CARTESIAN_POINT('',(3.762093701124,1.905,0.131182733271));
#1983 = CARTESIAN_POINT('',(3.851394110193,2.605,1.000000000549E-07));
#1984 = CARTESIAN_POINT('',(3.851394110193,1.905,1.000000000549E-07));
#1985 = CARTESIAN_POINT('',(4.010087041137,2.605,1.000000000549E-07));
#1986 = CARTESIAN_POINT('',(4.010087041137,1.905,1.000000000549E-07));
#1987 = ADVANCED_FACE('',(#1988),#2010,.T.);
#1988 = FACE_BOUND('',#1989,.T.);
#1989 = EDGE_LOOP('',(#1990,#1997,#2004,#2009));
#1990 = ORIENTED_EDGE('',*,*,#1991,.F.);
#1991 = EDGE_CURVE('',#1992,#1960,#1994,.T.);
#1992 = VERTEX_POINT('',#1993);
#1993 = CARTESIAN_POINT('',(3.329766803023,1.905,0.766272555576));
#1994 = B_SPLINE_CURVE_WITH_KNOTS('',1,(#1995,#1996),.UNSPECIFIED.,.F.,
  .F.,(2,2),(0.,0.76827444915),.PIECEWISE_BEZIER_KNOTS.);
#1995 = CARTESIAN_POINT('',(3.329766803023,1.905,0.766272555576));
#1996 = CARTESIAN_POINT('',(3.762093701124,1.905,0.131182733271));
#1997 = ORIENTED_EDGE('',*,*,#1998,.F.);
#1998 = EDGE_CURVE('',#1999,#1992,#2001,.T.);
#1999 = VERTEX_POINT('',#2000);
#2000 = CARTESIAN_POINT('',(3.329766803023,2.605,0.766272555576));
#2001 = B_SPLINE_CURVE_WITH_KNOTS('',1,(#2002,#2003),.UNSPECIFIED.,.F.,
  .F.,(2,2),(-0.,0.7),.PIECEWISE_BEZIER_KNOTS.);
#2002 = CARTESIAN_POINT('',(3.329766803023,2.605,0.766272555576));
#2003 = CARTESIAN_POINT('',(3.329766803023,1.905,0.766272555576));
#2004 = ORIENTED_EDGE('',*,*,#2005,.T.);
#2005 = EDGE_CURVE('',#1999,#1968,#2006,.T.);
#2006 = B_SPLINE_CURVE_WITH_KNOTS('',1,(#2007,#2008),.UNSPECIFIED.,.F.,
  .F.,(2,2),(0.,0.76827444915),.PIECEWISE_BEZIER_KNOTS.);
#2007 = CARTESIAN_POINT('',(3.329766803023,2.605,0.766272555576));
#2008 = CARTESIAN_POINT('',(3.762093701124,2.605,0.131182733271));
#2009 = ORIENTED_EDGE('',*,*,#1967,.T.);
#2010 = B_SPLINE_SURFACE_WITH_KNOTS('',1,1,(
    (#2011,#2012)
    ,(#2013,#2014
    )),.UNSPECIFIED.,.F.,.F.,.F.,(2,2),(2,2),(-0.76827444915,0.),(-0.7,
    0.),.PIECEWISE_BEZIER_KNOTS.);
#2011 = CARTESIAN_POINT('',(3.762093701124,1.905,0.131182733271));
#2012 = CARTESIAN_POINT('',(3.762093701124,2.605,0.131182733271));
#2013 = CARTESIAN_POINT('',(3.329766803023,1.905,0.766272555576));
#2014 = CARTESIAN_POINT('',(3.329766803023,2.605,0.766272555576));
#2015 = ADVANCED_FACE('',(#2016),#2040,.F.);
#2016 = FACE_BOUND('',#2017,.F.);
#2017 = EDGE_LOOP('',(#2018,#2019,#2027,#2034));
#2018 = ORIENTED_EDGE('',*,*,#1998,.F.);
#2019 = ORIENTED_EDGE('',*,*,#2020,.F.);
#2020 = EDGE_CURVE('',#2021,#1999,#2023,.T.);
#2021 = VERTEX_POINT('',#2022);
#2022 = CARTESIAN_POINT('',(3.247102356352,2.605,0.8100001));
#2023 = ( BOUNDED_CURVE() B_SPLINE_CURVE(2,(#2024,#2025,#2026),
.UNSPECIFIED.,.F.,.F.) B_SPLINE_CURVE_WITH_KNOTS((3,3),(3.14159265359,
4.114710941518),.PIECEWISE_BEZIER_KNOTS.) CURVE() 
GEOMETRIC_REPRESENTATION_ITEM() RATIONAL_B_SPLINE_CURVE((1.,
0.883946988162,1.)) REPRESENTATION_ITEM('') );
#2024 = CARTESIAN_POINT('',(3.247102356352,2.605,0.8100001));
#2025 = CARTESIAN_POINT('',(3.3,2.605,0.8100001));
#2026 = CARTESIAN_POINT('',(3.329766803023,2.605,0.766272555576));
#2027 = ORIENTED_EDGE('',*,*,#2028,.T.);
#2028 = EDGE_CURVE('',#2021,#2029,#2031,.T.);
#2029 = VERTEX_POINT('',#2030);
#2030 = CARTESIAN_POINT('',(3.247102356352,1.905,0.8100001));
#2031 = B_SPLINE_CURVE_WITH_KNOTS('',1,(#2032,#2033),.UNSPECIFIED.,.F.,
  .F.,(2,2),(-0.,0.7),.PIECEWISE_BEZIER_KNOTS.);
#2032 = CARTESIAN_POINT('',(3.247102356352,2.605,0.8100001));
#2033 = CARTESIAN_POINT('',(3.247102356352,1.905,0.8100001));
#2034 = ORIENTED_EDGE('',*,*,#2035,.T.);
#2035 = EDGE_CURVE('',#2029,#1992,#2036,.T.);
#2036 = ( BOUNDED_CURVE() B_SPLINE_CURVE(2,(#2037,#2038,#2039),
.UNSPECIFIED.,.F.,.F.) B_SPLINE_CURVE_WITH_KNOTS((3,3),(3.14159265359,
4.114710941518),.PIECEWISE_BEZIER_KNOTS.) CURVE() 
GEOMETRIC_REPRESENTATION_ITEM() RATIONAL_B_SPLINE_CURVE((1.,
0.883946988162,1.)) REPRESENTATION_ITEM('') );
#2037 = CARTESIAN_POINT('',(3.247102356352,1.905,0.8100001));
#2038 = CARTESIAN_POINT('',(3.3,1.905,0.8100001));
#2039 = CARTESIAN_POINT('',(3.329766803023,1.905,0.766272555576));
#2040 = ( BOUNDED_SURFACE() B_SPLINE_SURFACE(2,1,(
    (#2041,#2042)
    ,(#2043,#2044)
    ,(#2045,#2046
)),.UNSPECIFIED.,.F.,.F.,.F.) B_SPLINE_SURFACE_WITH_KNOTS((3,3),(2,2),(
    2.168474365661,3.14159265359),(0.,0.7),.PIECEWISE_BEZIER_KNOTS.) 
GEOMETRIC_REPRESENTATION_ITEM() RATIONAL_B_SPLINE_SURFACE((
    (1.,1.)
    ,(0.883946988162,0.883946988162)
,(1.,1.))) REPRESENTATION_ITEM('') SURFACE() );
#2041 = CARTESIAN_POINT('',(3.329766803023,2.605,0.766272555576));
#2042 = CARTESIAN_POINT('',(3.329766803023,1.905,0.766272555576));
#2043 = CARTESIAN_POINT('',(3.3,2.605,0.8100001));
#2044 = CARTESIAN_POINT('',(3.3,1.905,0.8100001));
#2045 = CARTESIAN_POINT('',(3.247102356352,2.605,0.8100001));
#2046 = CARTESIAN_POINT('',(3.247102356352,1.905,0.8100001));
#2047 = ADVANCED_FACE('',(#2048),#2062,.T.);
#2048 = FACE_BOUND('',#2049,.T.);
#2049 = EDGE_LOOP('',(#2050,#2055,#2056,#2061));
#2050 = ORIENTED_EDGE('',*,*,#2051,.F.);
#2051 = EDGE_CURVE('',#1184,#2029,#2052,.T.);
#2052 = B_SPLINE_CURVE_WITH_KNOTS('',1,(#2053,#2054),.UNSPECIFIED.,.F.,
  .F.,(2,2),(0.,0.247102356352),.PIECEWISE_BEZIER_KNOTS.);
#2053 = CARTESIAN_POINT('',(3.,1.905,0.8100001));
#2054 = CARTESIAN_POINT('',(3.247102356352,1.905,0.8100001));
#2055 = ORIENTED_EDGE('',*,*,#1183,.F.);
#2056 = ORIENTED_EDGE('',*,*,#2057,.T.);
#2057 = EDGE_CURVE('',#1177,#2021,#2058,.T.);
#2058 = B_SPLINE_CURVE_WITH_KNOTS('',1,(#2059,#2060),.UNSPECIFIED.,.F.,
  .F.,(2,2),(-8.881784197001E-16,0.247102356352),
  .PIECEWISE_BEZIER_KNOTS.);
#2059 = CARTESIAN_POINT('',(3.,2.605,0.8100001));
#2060 = CARTESIAN_POINT('',(3.247102356352,2.605,0.8100001));
#2061 = ORIENTED_EDGE('',*,*,#2028,.T.);
#2062 = B_SPLINE_SURFACE_WITH_KNOTS('',1,1,(
    (#2063,#2064)
    ,(#2065,#2066
    )),.UNSPECIFIED.,.F.,.F.,.F.,(2,2),(2,2),(-0.247102356352,
    8.881784197001E-16),(-0.7,0.),.PIECEWISE_BEZIER_KNOTS.);
#2063 = CARTESIAN_POINT('',(3.247102356352,1.905,0.8100001));
#2064 = CARTESIAN_POINT('',(3.247102356352,2.605,0.8100001));
#2065 = CARTESIAN_POINT('',(3.,1.905,0.8100001));
#2066 = CARTESIAN_POINT('',(3.,2.605,0.8100001));
#2067 = ADVANCED_FACE('',(#2068),#2090,.F.);
#2068 = FACE_BOUND('',#2069,.T.);
#2069 = EDGE_LOOP('',(#2070,#2077,#2084,#2089));
#2070 = ORIENTED_EDGE('',*,*,#2071,.T.);
#2071 = EDGE_CURVE('',#1170,#2072,#2074,.T.);
#2072 = VERTEX_POINT('',#2073);
#2073 = CARTESIAN_POINT('',(3.247102356352,1.905,1.1100001));
#2074 = B_SPLINE_CURVE_WITH_KNOTS('',1,(#2075,#2076),.UNSPECIFIED.,.F.,
  .F.,(2,2),(1.461385758938E-30,0.247102356352),
  .PIECEWISE_BEZIER_KNOTS.);
#2075 = CARTESIAN_POINT('',(3.,1.905,1.1100001));
#2076 = CARTESIAN_POINT('',(3.247102356352,1.905,1.1100001));
#2077 = ORIENTED_EDGE('',*,*,#2078,.F.);
#2078 = EDGE_CURVE('',#2079,#2072,#2081,.T.);
#2079 = VERTEX_POINT('',#2080);
#2080 = CARTESIAN_POINT('',(3.247102356352,2.605,1.1100001));
#2081 = B_SPLINE_CURVE_WITH_KNOTS('',1,(#2082,#2083),.UNSPECIFIED.,.F.,
  .F.,(2,2),(-0.,0.7),.PIECEWISE_BEZIER_KNOTS.);
#2082 = CARTESIAN_POINT('',(3.247102356352,2.605,1.1100001));
#2083 = CARTESIAN_POINT('',(3.247102356352,1.905,1.1100001));
#2084 = ORIENTED_EDGE('',*,*,#2085,.F.);
#2085 = EDGE_CURVE('',#1168,#2079,#2086,.T.);
#2086 = B_SPLINE_CURVE_WITH_KNOTS('',1,(#2087,#2088),.UNSPECIFIED.,.F.,
  .F.,(2,2),(0.,0.247102356352),.PIECEWISE_BEZIER_KNOTS.);
#2087 = CARTESIAN_POINT('',(3.,2.605,1.1100001));
#2088 = CARTESIAN_POINT('',(3.247102356352,2.605,1.1100001));
#2089 = ORIENTED_EDGE('',*,*,#1167,.T.);
#2090 = B_SPLINE_SURFACE_WITH_KNOTS('',1,1,(
    (#2091,#2092)
    ,(#2093,#2094
    )),.UNSPECIFIED.,.F.,.F.,.F.,(2,2),(2,2),(-0.247102356352,0.),(-0.7,
    0.),.PIECEWISE_BEZIER_KNOTS.);
#2091 = CARTESIAN_POINT('',(3.247102356352,1.905,1.1100001));
#2092 = CARTESIAN_POINT('',(3.247102356352,2.605,1.1100001));
#2093 = CARTESIAN_POINT('',(3.,1.905,1.1100001));
#2094 = CARTESIAN_POINT('',(3.,2.605,1.1100001));
#2095 = ADVANCED_FACE('',(#2096),#2120,.T.);
#2096 = FACE_BOUND('',#2097,.T.);
#2097 = EDGE_LOOP('',(#2098,#2106,#2113,#2119));
#2098 = ORIENTED_EDGE('',*,*,#2099,.T.);
#2099 = EDGE_CURVE('',#2072,#2100,#2102,.T.);
#2100 = VERTEX_POINT('',#2101);
#2101 = CARTESIAN_POINT('',(3.577760143036,1.905,0.935089922305));
#2102 = ( BOUNDED_CURVE() B_SPLINE_CURVE(2,(#2103,#2104,#2105),
.UNSPECIFIED.,.F.,.F.) B_SPLINE_CURVE_WITH_KNOTS((3,3),(1.570796326795,
2.543914614723),.PIECEWISE_BEZIER_KNOTS.) CURVE() 
GEOMETRIC_REPRESENTATION_ITEM() RATIONAL_B_SPLINE_CURVE((1.,
0.883946988162,1.)) REPRESENTATION_ITEM('') );
#2103 = CARTESIAN_POINT('',(3.247102356352,1.905,1.1100001));
#2104 = CARTESIAN_POINT('',(3.458692930945,1.905,1.1100001));
#2105 = CARTESIAN_POINT('',(3.577760143036,1.905,0.935089922305));
#2106 = ORIENTED_EDGE('',*,*,#2107,.F.);
#2107 = EDGE_CURVE('',#2108,#2100,#2110,.T.);
#2108 = VERTEX_POINT('',#2109);
#2109 = CARTESIAN_POINT('',(3.577760143036,2.605,0.935089922305));
#2110 = B_SPLINE_CURVE_WITH_KNOTS('',1,(#2111,#2112),.UNSPECIFIED.,.F.,
  .F.,(2,2),(-0.,0.7),.PIECEWISE_BEZIER_KNOTS.);
#2111 = CARTESIAN_POINT('',(3.577760143036,2.605,0.935089922305));
#2112 = CARTESIAN_POINT('',(3.577760143036,1.905,0.935089922305));
#2113 = ORIENTED_EDGE('',*,*,#2114,.F.);
#2114 = EDGE_CURVE('',#2079,#2108,#2115,.T.);
#2115 = ( BOUNDED_CURVE() B_SPLINE_CURVE(2,(#2116,#2117,#2118),
.UNSPECIFIED.,.F.,.F.) B_SPLINE_CURVE_WITH_KNOTS((3,3),(1.570796326795,
2.543914614723),.PIECEWISE_BEZIER_KNOTS.) CURVE() 
GEOMETRIC_REPRESENTATION_ITEM() RATIONAL_B_SPLINE_CURVE((1.,
0.883946988162,1.)) REPRESENTATION_ITEM('') );
#2116 = CARTESIAN_POINT('',(3.247102356352,2.605,1.1100001));
#2117 = CARTESIAN_POINT('',(3.458692930945,2.605,1.1100001));
#2118 = CARTESIAN_POINT('',(3.577760143036,2.605,0.935089922305));
#2119 = ORIENTED_EDGE('',*,*,#2078,.T.);
#2120 = ( BOUNDED_SURFACE() B_SPLINE_SURFACE(2,1,(
    (#2121,#2122)
    ,(#2123,#2124)
    ,(#2125,#2126
)),.UNSPECIFIED.,.F.,.F.,.F.) B_SPLINE_SURFACE_WITH_KNOTS((3,3),(2,2),(
    2.168474365661,3.14159265359),(0.,0.7),.PIECEWISE_BEZIER_KNOTS.) 
GEOMETRIC_REPRESENTATION_ITEM() RATIONAL_B_SPLINE_SURFACE((
    (1.,1.)
    ,(0.883946988162,0.883946988162)
,(1.,1.))) REPRESENTATION_ITEM('') SURFACE() );
#2121 = CARTESIAN_POINT('',(3.577760143036,2.605,0.935089922305));
#2122 = CARTESIAN_POINT('',(3.577760143036,1.905,0.935089922305));
#2123 = CARTESIAN_POINT('',(3.458692930945,2.605,1.1100001));
#2124 = CARTESIAN_POINT('',(3.458692930945,1.905,1.1100001));
#2125 = CARTESIAN_POINT('',(3.247102356352,2.605,1.1100001));
#2126 = CARTESIAN_POINT('',(3.247102356352,1.905,1.1100001));
#2127 = ADVANCED_FACE('',(#2128),#2150,.F.);
#2128 = FACE_BOUND('',#2129,.T.);
#2129 = EDGE_LOOP('',(#2130,#2137,#2144,#2149));
#2130 = ORIENTED_EDGE('',*,*,#2131,.T.);
#2131 = EDGE_CURVE('',#2100,#2132,#2134,.T.);
#2132 = VERTEX_POINT('',#2133);
#2133 = CARTESIAN_POINT('',(4.010087041137,1.905,0.3000001));
#2134 = B_SPLINE_CURVE_WITH_KNOTS('',1,(#2135,#2136),.UNSPECIFIED.,.F.,
  .F.,(2,2),(0.,0.76827444915),.PIECEWISE_BEZIER_KNOTS.);
#2135 = CARTESIAN_POINT('',(3.577760143036,1.905,0.935089922305));
#2136 = CARTESIAN_POINT('',(4.010087041137,1.905,0.3000001));
#2137 = ORIENTED_EDGE('',*,*,#2138,.F.);
#2138 = EDGE_CURVE('',#2139,#2132,#2141,.T.);
#2139 = VERTEX_POINT('',#2140);
#2140 = CARTESIAN_POINT('',(4.010087041137,2.605,0.3000001));
#2141 = B_SPLINE_CURVE_WITH_KNOTS('',1,(#2142,#2143),.UNSPECIFIED.,.F.,
  .F.,(2,2),(-0.,0.7),.PIECEWISE_BEZIER_KNOTS.);
#2142 = CARTESIAN_POINT('',(4.010087041137,2.605,0.3000001));
#2143 = CARTESIAN_POINT('',(4.010087041137,1.905,0.3000001));
#2144 = ORIENTED_EDGE('',*,*,#2145,.F.);
#2145 = EDGE_CURVE('',#2108,#2139,#2146,.T.);
#2146 = B_SPLINE_CURVE_WITH_KNOTS('',1,(#2147,#2148),.UNSPECIFIED.,.F.,
  .F.,(2,2),(0.,0.76827444915),.PIECEWISE_BEZIER_KNOTS.);
#2147 = CARTESIAN_POINT('',(3.577760143036,2.605,0.935089922305));
#2148 = CARTESIAN_POINT('',(4.010087041137,2.605,0.3000001));
#2149 = ORIENTED_EDGE('',*,*,#2107,.T.);
#2150 = B_SPLINE_SURFACE_WITH_KNOTS('',1,1,(
    (#2151,#2152)
    ,(#2153,#2154
    )),.UNSPECIFIED.,.F.,.F.,.F.,(2,2),(2,2),(-0.76827444915,0.),(-0.7,
    0.),.PIECEWISE_BEZIER_KNOTS.);
#2151 = CARTESIAN_POINT('',(4.010087041137,1.905,0.3000001));
#2152 = CARTESIAN_POINT('',(4.010087041137,2.605,0.3000001));
#2153 = CARTESIAN_POINT('',(3.577760143036,1.905,0.935089922305));
#2154 = CARTESIAN_POINT('',(3.577760143036,2.605,0.935089922305));
#2155 = ADVANCED_FACE('',(#2156),#2178,.F.);
#2156 = FACE_BOUND('',#2157,.T.);
#2157 = EDGE_LOOP('',(#2158,#2165,#2172,#2177));
#2158 = ORIENTED_EDGE('',*,*,#2159,.T.);
#2159 = EDGE_CURVE('',#2132,#2160,#2162,.T.);
#2160 = VERTEX_POINT('',#2161);
#2161 = CARTESIAN_POINT('',(4.4,1.905,0.3000001));
#2162 = B_SPLINE_CURVE_WITH_KNOTS('',1,(#2163,#2164),.UNSPECIFIED.,.F.,
  .F.,(2,2),(-8.881784197001E-16,0.389912958863),
  .PIECEWISE_BEZIER_KNOTS.);
#2163 = CARTESIAN_POINT('',(4.010087041137,1.905,0.3000001));
#2164 = CARTESIAN_POINT('',(4.4,1.905,0.3000001));
#2165 = ORIENTED_EDGE('',*,*,#2166,.F.);
#2166 = EDGE_CURVE('',#2167,#2160,#2169,.T.);
#2167 = VERTEX_POINT('',#2168);
#2168 = CARTESIAN_POINT('',(4.4,2.605,0.3000001));
#2169 = B_SPLINE_CURVE_WITH_KNOTS('',1,(#2170,#2171),.UNSPECIFIED.,.F.,
  .F.,(2,2),(-0.,0.7),.PIECEWISE_BEZIER_KNOTS.);
#2170 = CARTESIAN_POINT('',(4.4,2.605,0.3000001));
#2171 = CARTESIAN_POINT('',(4.4,1.905,0.3000001));
#2172 = ORIENTED_EDGE('',*,*,#2173,.F.);
#2173 = EDGE_CURVE('',#2139,#2167,#2174,.T.);
#2174 = B_SPLINE_CURVE_WITH_KNOTS('',1,(#2175,#2176),.UNSPECIFIED.,.F.,
  .F.,(2,2),(-8.881784197001E-16,0.389912958863),
  .PIECEWISE_BEZIER_KNOTS.);
#2175 = CARTESIAN_POINT('',(4.010087041137,2.605,0.3000001));
#2176 = CARTESIAN_POINT('',(4.4,2.605,0.3000001));
#2177 = ORIENTED_EDGE('',*,*,#2138,.T.);
#2178 = B_SPLINE_SURFACE_WITH_KNOTS('',1,1,(
    (#2179,#2180)
    ,(#2181,#2182
    )),.UNSPECIFIED.,.F.,.F.,.F.,(2,2),(2,2),(-0.389912958863,
    8.881784197001E-16),(-0.7,0.),.PIECEWISE_BEZIER_KNOTS.);
#2179 = CARTESIAN_POINT('',(4.4,1.905,0.3000001));
#2180 = CARTESIAN_POINT('',(4.4,2.605,0.3000001));
#2181 = CARTESIAN_POINT('',(4.010087041137,1.905,0.3000001));
#2182 = CARTESIAN_POINT('',(4.010087041137,2.605,0.3000001));
#2183 = ADVANCED_FACE('',(#2184),#2198,.F.);
#2184 = FACE_BOUND('',#2185,.T.);
#2185 = EDGE_LOOP('',(#2186,#2191,#2192,#2197));
#2186 = ORIENTED_EDGE('',*,*,#2187,.T.);
#2187 = EDGE_CURVE('',#2160,#1926,#2188,.T.);
#2188 = B_SPLINE_CURVE_WITH_KNOTS('',1,(#2189,#2190),.UNSPECIFIED.,.F.,
  .F.,(2,2),(0.,0.3),.PIECEWISE_BEZIER_KNOTS.);
#2189 = CARTESIAN_POINT('',(4.4,1.905,0.3000001));
#2190 = CARTESIAN_POINT('',(4.4,1.905,1.000000002215E-07));
#2191 = ORIENTED_EDGE('',*,*,#1946,.F.);
#2192 = ORIENTED_EDGE('',*,*,#2193,.F.);
#2193 = EDGE_CURVE('',#2167,#1940,#2194,.T.);
#2194 = B_SPLINE_CURVE_WITH_KNOTS('',1,(#2195,#2196),.UNSPECIFIED.,.F.,
  .F.,(2,2),(0.,0.3),.PIECEWISE_BEZIER_KNOTS.);
#2195 = CARTESIAN_POINT('',(4.4,2.605,0.3000001));
#2196 = CARTESIAN_POINT('',(4.4,2.605,1.000000002215E-07));
#2197 = ORIENTED_EDGE('',*,*,#2166,.T.);
#2198 = B_SPLINE_SURFACE_WITH_KNOTS('',1,1,(
    (#2199,#2200)
    ,(#2201,#2202
    )),.UNSPECIFIED.,.F.,.F.,.F.,(2,2),(2,2),(-0.3,0.),(-0.7,0.),
  .PIECEWISE_BEZIER_KNOTS.);
#2199 = CARTESIAN_POINT('',(4.4,1.905,1.000000002215E-07));
#2200 = CARTESIAN_POINT('',(4.4,2.605,1.000000002215E-07));
#2201 = CARTESIAN_POINT('',(4.4,1.905,0.3000001));
#2202 = CARTESIAN_POINT('',(4.4,2.605,0.3000001));
#2203 = ADVANCED_FACE('',(#2204),#2217,.T.);
#2204 = FACE_BOUND('',#2205,.T.);
#2205 = EDGE_LOOP('',(#2206,#2207,#2208,#2209,#2210,#2211,#2212,#2213,
    #2214,#2215,#2216));
#2206 = ORIENTED_EDGE('',*,*,#1939,.F.);
#2207 = ORIENTED_EDGE('',*,*,#1974,.F.);
#2208 = ORIENTED_EDGE('',*,*,#2005,.F.);
#2209 = ORIENTED_EDGE('',*,*,#2020,.F.);
#2210 = ORIENTED_EDGE('',*,*,#2057,.F.);
#2211 = ORIENTED_EDGE('',*,*,#1176,.T.);
#2212 = ORIENTED_EDGE('',*,*,#2085,.T.);
#2213 = ORIENTED_EDGE('',*,*,#2114,.T.);
#2214 = ORIENTED_EDGE('',*,*,#2145,.T.);
#2215 = ORIENTED_EDGE('',*,*,#2173,.T.);
#2216 = ORIENTED_EDGE('',*,*,#2193,.T.);
#2217 = B_SPLINE_SURFACE_WITH_KNOTS('',1,1,(
    (#2218,#2219)
    ,(#2220,#2221
    )),.UNSPECIFIED.,.F.,.F.,.F.,(2,2),(2,2),(-1.152897643648,
    0.247102356352),(-0.71,0.4),.PIECEWISE_BEZIER_KNOTS.);
#2218 = CARTESIAN_POINT('',(4.4,2.605,1.000000000549E-07));
#2219 = CARTESIAN_POINT('',(4.4,2.605,1.1100001));
#2220 = CARTESIAN_POINT('',(3.,2.605,1.000000000549E-07));
#2221 = CARTESIAN_POINT('',(3.,2.605,1.1100001));
#2222 = ADVANCED_FACE('',(#2223),#2236,.F.);
#2223 = FACE_BOUND('',#2224,.T.);
#2224 = EDGE_LOOP('',(#2225,#2226,#2227,#2228,#2229,#2230,#2231,#2232,
    #2233,#2234,#2235));
#2225 = ORIENTED_EDGE('',*,*,#1923,.T.);
#2226 = ORIENTED_EDGE('',*,*,#2187,.F.);
#2227 = ORIENTED_EDGE('',*,*,#2159,.F.);
#2228 = ORIENTED_EDGE('',*,*,#2131,.F.);
#2229 = ORIENTED_EDGE('',*,*,#2099,.F.);
#2230 = ORIENTED_EDGE('',*,*,#2071,.F.);
#2231 = ORIENTED_EDGE('',*,*,#1190,.F.);
#2232 = ORIENTED_EDGE('',*,*,#2051,.T.);
#2233 = ORIENTED_EDGE('',*,*,#2035,.T.);
#2234 = ORIENTED_EDGE('',*,*,#1991,.T.);
#2235 = ORIENTED_EDGE('',*,*,#1959,.T.);
#2236 = B_SPLINE_SURFACE_WITH_KNOTS('',1,1,(
    (#2237,#2238)
    ,(#2239,#2240
    )),.UNSPECIFIED.,.F.,.F.,.F.,(2,2),(2,2),(-1.152897643648,
    0.247102356352),(-0.71,0.4),.PIECEWISE_BEZIER_KNOTS.);
#2237 = CARTESIAN_POINT('',(4.4,1.905,1.000000000549E-07));
#2238 = CARTESIAN_POINT('',(4.4,1.905,1.1100001));
#2239 = CARTESIAN_POINT('',(3.,1.905,1.000000000549E-07));
#2240 = CARTESIAN_POINT('',(3.,1.905,1.1100001));
#2241 = ADVANCED_FACE('',(#2242),#2272,.T.);
#2242 = FACE_BOUND('',#2243,.T.);
#2243 = EDGE_LOOP('',(#2244,#2253,#2260,#2267));
#2244 = ORIENTED_EDGE('',*,*,#2245,.F.);
#2245 = EDGE_CURVE('',#2246,#2248,#2250,.T.);
#2246 = VERTEX_POINT('',#2247);
#2247 = CARTESIAN_POINT('',(-4.010087041137,-1.895,1.000000000948E-07));
#2248 = VERTEX_POINT('',#2249);
#2249 = CARTESIAN_POINT('',(-4.4,-1.895,1.000000002353E-07));
#2250 = B_SPLINE_CURVE_WITH_KNOTS('',1,(#2251,#2252),.UNSPECIFIED.,.F.,
  .F.,(2,2),(-1.248111021136E-32,0.389912958863),
  .PIECEWISE_BEZIER_KNOTS.);
#2251 = CARTESIAN_POINT('',(-4.010087041137,-1.895,1.000000001746E-07));
#2252 = CARTESIAN_POINT('',(-4.4,-1.895,1.000000002353E-07));
#2253 = ORIENTED_EDGE('',*,*,#2254,.F.);
#2254 = EDGE_CURVE('',#2255,#2246,#2257,.T.);
#2255 = VERTEX_POINT('',#2256);
#2256 = CARTESIAN_POINT('',(-4.010087041137,-2.595,1.000000000948E-07));
#2257 = B_SPLINE_CURVE_WITH_KNOTS('',1,(#2258,#2259),.UNSPECIFIED.,.F.,
  .F.,(2,2),(0.,0.7),.PIECEWISE_BEZIER_KNOTS.);
#2258 = CARTESIAN_POINT('',(-4.010087041137,-2.595,1.000000000948E-07));
#2259 = CARTESIAN_POINT('',(-4.010087041137,-1.895,1.000000000948E-07));
#2260 = ORIENTED_EDGE('',*,*,#2261,.T.);
#2261 = EDGE_CURVE('',#2255,#2262,#2264,.T.);
#2262 = VERTEX_POINT('',#2263);
#2263 = CARTESIAN_POINT('',(-4.4,-2.595,1.000000002353E-07));
#2264 = B_SPLINE_CURVE_WITH_KNOTS('',1,(#2265,#2266),.UNSPECIFIED.,.F.,
  .F.,(2,2),(-1.248111021136E-32,0.389912958863),
  .PIECEWISE_BEZIER_KNOTS.);
#2265 = CARTESIAN_POINT('',(-4.010087041137,-2.595,1.000000001746E-07));
#2266 = CARTESIAN_POINT('',(-4.4,-2.595,1.000000002353E-07));
#2267 = ORIENTED_EDGE('',*,*,#2268,.T.);
#2268 = EDGE_CURVE('',#2262,#2248,#2269,.T.);
#2269 = B_SPLINE_CURVE_WITH_KNOTS('',1,(#2270,#2271),.UNSPECIFIED.,.F.,
  .F.,(2,2),(0.,0.7),.PIECEWISE_BEZIER_KNOTS.);
#2270 = CARTESIAN_POINT('',(-4.4,-2.595,1.000000002353E-07));
#2271 = CARTESIAN_POINT('',(-4.4,-1.895,1.000000002353E-07));
#2272 = B_SPLINE_SURFACE_WITH_KNOTS('',1,1,(
    (#2273,#2274)
    ,(#2275,#2276
    )),.UNSPECIFIED.,.F.,.F.,.F.,(2,2),(2,2),(-1.248111021136E-32,
    0.389912958863),(0.,0.7),.PIECEWISE_BEZIER_KNOTS.);
#2273 = CARTESIAN_POINT('',(-4.010087041137,-2.595,1.000000001746E-07));
#2274 = CARTESIAN_POINT('',(-4.010087041137,-1.895,1.000000001746E-07));
#2275 = CARTESIAN_POINT('',(-4.4,-2.595,1.000000002353E-07));
#2276 = CARTESIAN_POINT('',(-4.4,-1.895,1.000000002353E-07));
#2277 = ADVANCED_FACE('',(#2278),#2302,.T.);
#2278 = FACE_BOUND('',#2279,.T.);
#2279 = EDGE_LOOP('',(#2280,#2288,#2295,#2301));
#2280 = ORIENTED_EDGE('',*,*,#2281,.F.);
#2281 = EDGE_CURVE('',#2282,#2246,#2284,.T.);
#2282 = VERTEX_POINT('',#2283);
#2283 = CARTESIAN_POINT('',(-3.762093701124,-1.895,0.131182733271));
#2284 = ( BOUNDED_CURVE() B_SPLINE_CURVE(2,(#2285,#2286,#2287),
.UNSPECIFIED.,.F.,.F.) B_SPLINE_CURVE_WITH_KNOTS((3,3),(5.310067019251,
6.28318530718),.PIECEWISE_BEZIER_KNOTS.) CURVE() 
GEOMETRIC_REPRESENTATION_ITEM() RATIONAL_B_SPLINE_CURVE((1.,
0.883946988162,1.)) REPRESENTATION_ITEM('') );
#2285 = CARTESIAN_POINT('',(-3.762093701124,-1.895,0.131182733271));
#2286 = CARTESIAN_POINT('',(-3.851394110193,-1.895,9.999999999941E-08));
#2287 = CARTESIAN_POINT('',(-4.010087041137,-1.895,1.000000000549E-07));
#2288 = ORIENTED_EDGE('',*,*,#2289,.F.);
#2289 = EDGE_CURVE('',#2290,#2282,#2292,.T.);
#2290 = VERTEX_POINT('',#2291);
#2291 = CARTESIAN_POINT('',(-3.762093701124,-2.595,0.131182733271));
#2292 = B_SPLINE_CURVE_WITH_KNOTS('',1,(#2293,#2294),.UNSPECIFIED.,.F.,
  .F.,(2,2),(0.,0.7),.PIECEWISE_BEZIER_KNOTS.);
#2293 = CARTESIAN_POINT('',(-3.762093701124,-2.595,0.131182733271));
#2294 = CARTESIAN_POINT('',(-3.762093701124,-1.895,0.131182733271));
#2295 = ORIENTED_EDGE('',*,*,#2296,.T.);
#2296 = EDGE_CURVE('',#2290,#2255,#2297,.T.);
#2297 = ( BOUNDED_CURVE() B_SPLINE_CURVE(2,(#2298,#2299,#2300),
.UNSPECIFIED.,.F.,.F.) B_SPLINE_CURVE_WITH_KNOTS((3,3),(5.310067019251,
6.28318530718),.PIECEWISE_BEZIER_KNOTS.) CURVE() 
GEOMETRIC_REPRESENTATION_ITEM() RATIONAL_B_SPLINE_CURVE((1.,
0.883946988162,1.)) REPRESENTATION_ITEM('') );
#2298 = CARTESIAN_POINT('',(-3.762093701124,-2.595,0.131182733271));
#2299 = CARTESIAN_POINT('',(-3.851394110193,-2.595,9.999999999941E-08));
#2300 = CARTESIAN_POINT('',(-4.010087041137,-2.595,1.000000000549E-07));
#2301 = ORIENTED_EDGE('',*,*,#2254,.T.);
#2302 = ( BOUNDED_SURFACE() B_SPLINE_SURFACE(2,1,(
    (#2303,#2304)
    ,(#2305,#2306)
    ,(#2307,#2308
)),.UNSPECIFIED.,.F.,.F.,.F.) B_SPLINE_SURFACE_WITH_KNOTS((3,3),(2,2),(
    2.168474365661,3.14159265359),(0.,0.7),.PIECEWISE_BEZIER_KNOTS.) 
GEOMETRIC_REPRESENTATION_ITEM() RATIONAL_B_SPLINE_SURFACE((
    (1.,1.)
    ,(0.883946988162,0.883946988162)
,(1.,1.))) REPRESENTATION_ITEM('') SURFACE() );
#2303 = CARTESIAN_POINT('',(-3.762093701124,-2.595,0.131182733271));
#2304 = CARTESIAN_POINT('',(-3.762093701124,-1.895,0.131182733271));
#2305 = CARTESIAN_POINT('',(-3.851394110193,-2.595,9.999999961083E-08));
#2306 = CARTESIAN_POINT('',(-3.851394110193,-1.895,9.999999961083E-08));
#2307 = CARTESIAN_POINT('',(-4.010087041137,-2.595,9.999999999941E-08));
#2308 = CARTESIAN_POINT('',(-4.010087041137,-1.895,9.999999999941E-08));
#2309 = ADVANCED_FACE('',(#2310),#2332,.T.);
#2310 = FACE_BOUND('',#2311,.T.);
#2311 = EDGE_LOOP('',(#2312,#2319,#2326,#2331));
#2312 = ORIENTED_EDGE('',*,*,#2313,.F.);
#2313 = EDGE_CURVE('',#2314,#2282,#2316,.T.);
#2314 = VERTEX_POINT('',#2315);
#2315 = CARTESIAN_POINT('',(-3.329766803023,-1.895,0.766272555576));
#2316 = B_SPLINE_CURVE_WITH_KNOTS('',1,(#2317,#2318),.UNSPECIFIED.,.F.,
  .F.,(2,2),(-0.,0.76827444915),.PIECEWISE_BEZIER_KNOTS.);
#2317 = CARTESIAN_POINT('',(-3.329766803023,-1.895,0.766272555576));
#2318 = CARTESIAN_POINT('',(-3.762093701124,-1.895,0.131182733271));
#2319 = ORIENTED_EDGE('',*,*,#2320,.F.);
#2320 = EDGE_CURVE('',#2321,#2314,#2323,.T.);
#2321 = VERTEX_POINT('',#2322);
#2322 = CARTESIAN_POINT('',(-3.329766803023,-2.595,0.766272555576));
#2323 = B_SPLINE_CURVE_WITH_KNOTS('',1,(#2324,#2325),.UNSPECIFIED.,.F.,
  .F.,(2,2),(0.,0.7),.PIECEWISE_BEZIER_KNOTS.);
#2324 = CARTESIAN_POINT('',(-3.329766803023,-2.595,0.766272555576));
#2325 = CARTESIAN_POINT('',(-3.329766803023,-1.895,0.766272555576));
#2326 = ORIENTED_EDGE('',*,*,#2327,.T.);
#2327 = EDGE_CURVE('',#2321,#2290,#2328,.T.);
#2328 = B_SPLINE_CURVE_WITH_KNOTS('',1,(#2329,#2330),.UNSPECIFIED.,.F.,
  .F.,(2,2),(-0.,0.76827444915),.PIECEWISE_BEZIER_KNOTS.);
#2329 = CARTESIAN_POINT('',(-3.329766803023,-2.595,0.766272555576));
#2330 = CARTESIAN_POINT('',(-3.762093701124,-2.595,0.131182733271));
#2331 = ORIENTED_EDGE('',*,*,#2289,.T.);
#2332 = B_SPLINE_SURFACE_WITH_KNOTS('',1,1,(
    (#2333,#2334)
    ,(#2335,#2336
    )),.UNSPECIFIED.,.F.,.F.,.F.,(2,2),(2,2),(0.,0.76827444915),(0.,0.7)
  ,.PIECEWISE_BEZIER_KNOTS.);
#2333 = CARTESIAN_POINT('',(-3.329766803023,-2.595,0.766272555576));
#2334 = CARTESIAN_POINT('',(-3.329766803023,-1.895,0.766272555576));
#2335 = CARTESIAN_POINT('',(-3.762093701124,-2.595,0.131182733271));
#2336 = CARTESIAN_POINT('',(-3.762093701124,-1.895,0.131182733271));
#2337 = ADVANCED_FACE('',(#2338),#2362,.F.);
#2338 = FACE_BOUND('',#2339,.F.);
#2339 = EDGE_LOOP('',(#2340,#2341,#2349,#2356));
#2340 = ORIENTED_EDGE('',*,*,#2320,.F.);
#2341 = ORIENTED_EDGE('',*,*,#2342,.F.);
#2342 = EDGE_CURVE('',#2343,#2321,#2345,.T.);
#2343 = VERTEX_POINT('',#2344);
#2344 = CARTESIAN_POINT('',(-3.247102356352,-2.595,0.8100001));
#2345 = ( BOUNDED_CURVE() B_SPLINE_CURVE(2,(#2346,#2347,#2348),
.UNSPECIFIED.,.F.,.F.) B_SPLINE_CURVE_WITH_KNOTS((3,3),(3.14159265359,
4.114710941518),.PIECEWISE_BEZIER_KNOTS.) CURVE() 
GEOMETRIC_REPRESENTATION_ITEM() RATIONAL_B_SPLINE_CURVE((1.,
0.883946988162,1.)) REPRESENTATION_ITEM('') );
#2346 = CARTESIAN_POINT('',(-3.247102356352,-2.595,0.8100001));
#2347 = CARTESIAN_POINT('',(-3.3,-2.595,0.8100001));
#2348 = CARTESIAN_POINT('',(-3.329766803023,-2.595,0.766272555576));
#2349 = ORIENTED_EDGE('',*,*,#2350,.T.);
#2350 = EDGE_CURVE('',#2343,#2351,#2353,.T.);
#2351 = VERTEX_POINT('',#2352);
#2352 = CARTESIAN_POINT('',(-3.247102356352,-1.895,0.8100001));
#2353 = B_SPLINE_CURVE_WITH_KNOTS('',1,(#2354,#2355),.UNSPECIFIED.,.F.,
  .F.,(2,2),(0.,0.7),.PIECEWISE_BEZIER_KNOTS.);
#2354 = CARTESIAN_POINT('',(-3.247102356352,-2.595,0.8100001));
#2355 = CARTESIAN_POINT('',(-3.247102356352,-1.895,0.8100001));
#2356 = ORIENTED_EDGE('',*,*,#2357,.T.);
#2357 = EDGE_CURVE('',#2351,#2314,#2358,.T.);
#2358 = ( BOUNDED_CURVE() B_SPLINE_CURVE(2,(#2359,#2360,#2361),
.UNSPECIFIED.,.F.,.F.) B_SPLINE_CURVE_WITH_KNOTS((3,3),(3.14159265359,
4.114710941518),.PIECEWISE_BEZIER_KNOTS.) CURVE() 
GEOMETRIC_REPRESENTATION_ITEM() RATIONAL_B_SPLINE_CURVE((1.,
0.883946988162,1.)) REPRESENTATION_ITEM('') );
#2359 = CARTESIAN_POINT('',(-3.247102356352,-1.895,0.8100001));
#2360 = CARTESIAN_POINT('',(-3.3,-1.895,0.8100001));
#2361 = CARTESIAN_POINT('',(-3.329766803023,-1.895,0.766272555576));
#2362 = ( BOUNDED_SURFACE() B_SPLINE_SURFACE(2,1,(
    (#2363,#2364)
    ,(#2365,#2366)
    ,(#2367,#2368
)),.UNSPECIFIED.,.F.,.F.,.F.) B_SPLINE_SURFACE_WITH_KNOTS((3,3),(2,2),(
    5.310067019251,6.28318530718),(0.,0.7),.PIECEWISE_BEZIER_KNOTS.) 
GEOMETRIC_REPRESENTATION_ITEM() RATIONAL_B_SPLINE_SURFACE((
    (1.,1.)
    ,(0.883946988162,0.883946988162)
,(1.,1.))) REPRESENTATION_ITEM('') SURFACE() );
#2363 = CARTESIAN_POINT('',(-3.329766803023,-2.595,0.766272555576));
#2364 = CARTESIAN_POINT('',(-3.329766803023,-1.895,0.766272555576));
#2365 = CARTESIAN_POINT('',(-3.3,-2.595,0.8100001));
#2366 = CARTESIAN_POINT('',(-3.3,-1.895,0.8100001));
#2367 = CARTESIAN_POINT('',(-3.247102356352,-2.595,0.8100001));
#2368 = CARTESIAN_POINT('',(-3.247102356352,-1.895,0.8100001));
#2369 = ADVANCED_FACE('',(#2370),#2384,.T.);
#2370 = FACE_BOUND('',#2371,.T.);
#2371 = EDGE_LOOP('',(#2372,#2377,#2378,#2383));
#2372 = ORIENTED_EDGE('',*,*,#2373,.F.);
#2373 = EDGE_CURVE('',#1304,#2351,#2374,.T.);
#2374 = B_SPLINE_CURVE_WITH_KNOTS('',1,(#2375,#2376),.UNSPECIFIED.,.F.,
  .F.,(2,2),(0.,0.247102356352),.PIECEWISE_BEZIER_KNOTS.);
#2375 = CARTESIAN_POINT('',(-3.,-1.895,0.8100001));
#2376 = CARTESIAN_POINT('',(-3.247102356352,-1.895,0.8100001));
#2377 = ORIENTED_EDGE('',*,*,#1303,.F.);
#2378 = ORIENTED_EDGE('',*,*,#2379,.T.);
#2379 = EDGE_CURVE('',#1297,#2343,#2380,.T.);
#2380 = B_SPLINE_CURVE_WITH_KNOTS('',1,(#2381,#2382),.UNSPECIFIED.,.F.,
  .F.,(2,2),(0.,0.247102356352),.PIECEWISE_BEZIER_KNOTS.);
#2381 = CARTESIAN_POINT('',(-3.,-2.595,0.8100001));
#2382 = CARTESIAN_POINT('',(-3.247102356352,-2.595,0.8100001));
#2383 = ORIENTED_EDGE('',*,*,#2350,.T.);
#2384 = B_SPLINE_SURFACE_WITH_KNOTS('',1,1,(
    (#2385,#2386)
    ,(#2387,#2388
    )),.UNSPECIFIED.,.F.,.F.,.F.,(2,2),(2,2),(0.,0.247102356352),(
    -4.440892098501E-16,0.7),.PIECEWISE_BEZIER_KNOTS.);
#2385 = CARTESIAN_POINT('',(-3.,-2.595,0.8100001));
#2386 = CARTESIAN_POINT('',(-3.,-1.895,0.8100001));
#2387 = CARTESIAN_POINT('',(-3.247102356352,-2.595,0.8100001));
#2388 = CARTESIAN_POINT('',(-3.247102356352,-1.895,0.8100001));
#2389 = ADVANCED_FACE('',(#2390),#2412,.F.);
#2390 = FACE_BOUND('',#2391,.T.);
#2391 = EDGE_LOOP('',(#2392,#2399,#2406,#2411));
#2392 = ORIENTED_EDGE('',*,*,#2393,.T.);
#2393 = EDGE_CURVE('',#1290,#2394,#2396,.T.);
#2394 = VERTEX_POINT('',#2395);
#2395 = CARTESIAN_POINT('',(-3.247102356352,-1.895,1.1100001));
#2396 = B_SPLINE_CURVE_WITH_KNOTS('',1,(#2397,#2398),.UNSPECIFIED.,.F.,
  .F.,(2,2),(8.881784197001E-16,0.247102356352),
  .PIECEWISE_BEZIER_KNOTS.);
#2397 = CARTESIAN_POINT('',(-3.,-1.895,1.1100001));
#2398 = CARTESIAN_POINT('',(-3.247102356352,-1.895,1.1100001));
#2399 = ORIENTED_EDGE('',*,*,#2400,.F.);
#2400 = EDGE_CURVE('',#2401,#2394,#2403,.T.);
#2401 = VERTEX_POINT('',#2402);
#2402 = CARTESIAN_POINT('',(-3.247102356352,-2.595,1.1100001));
#2403 = B_SPLINE_CURVE_WITH_KNOTS('',1,(#2404,#2405),.UNSPECIFIED.,.F.,
  .F.,(2,2),(0.,0.7),.PIECEWISE_BEZIER_KNOTS.);
#2404 = CARTESIAN_POINT('',(-3.247102356352,-2.595,1.1100001));
#2405 = CARTESIAN_POINT('',(-3.247102356352,-1.895,1.1100001));
#2406 = ORIENTED_EDGE('',*,*,#2407,.F.);
#2407 = EDGE_CURVE('',#1288,#2401,#2408,.T.);
#2408 = B_SPLINE_CURVE_WITH_KNOTS('',1,(#2409,#2410),.UNSPECIFIED.,.F.,
  .F.,(2,2),(8.881784197001E-16,0.247102356352),
  .PIECEWISE_BEZIER_KNOTS.);
#2409 = CARTESIAN_POINT('',(-3.,-2.595,1.1100001));
#2410 = CARTESIAN_POINT('',(-3.247102356352,-2.595,1.1100001));
#2411 = ORIENTED_EDGE('',*,*,#1287,.T.);
#2412 = B_SPLINE_SURFACE_WITH_KNOTS('',1,1,(
    (#2413,#2414)
    ,(#2415,#2416
    )),.UNSPECIFIED.,.F.,.F.,.F.,(2,2),(2,2),(0.,0.247102356352),(
    -4.440892098501E-16,0.7),.PIECEWISE_BEZIER_KNOTS.);
#2413 = CARTESIAN_POINT('',(-3.,-2.595,1.1100001));
#2414 = CARTESIAN_POINT('',(-3.,-1.895,1.1100001));
#2415 = CARTESIAN_POINT('',(-3.247102356352,-2.595,1.1100001));
#2416 = CARTESIAN_POINT('',(-3.247102356352,-1.895,1.1100001));
#2417 = ADVANCED_FACE('',(#2418),#2442,.T.);
#2418 = FACE_BOUND('',#2419,.T.);
#2419 = EDGE_LOOP('',(#2420,#2428,#2435,#2441));
#2420 = ORIENTED_EDGE('',*,*,#2421,.T.);
#2421 = EDGE_CURVE('',#2394,#2422,#2424,.T.);
#2422 = VERTEX_POINT('',#2423);
#2423 = CARTESIAN_POINT('',(-3.577760143036,-1.895,0.935089922305));
#2424 = ( BOUNDED_CURVE() B_SPLINE_CURVE(2,(#2425,#2426,#2427),
.UNSPECIFIED.,.F.,.F.) B_SPLINE_CURVE_WITH_KNOTS((3,3),(1.570796326795,
2.543914614723),.PIECEWISE_BEZIER_KNOTS.) CURVE() 
GEOMETRIC_REPRESENTATION_ITEM() RATIONAL_B_SPLINE_CURVE((1.,
0.883946988162,1.)) REPRESENTATION_ITEM('') );
#2425 = CARTESIAN_POINT('',(-3.247102356352,-1.895,1.1100001));
#2426 = CARTESIAN_POINT('',(-3.458692930945,-1.895,1.1100001));
#2427 = CARTESIAN_POINT('',(-3.577760143036,-1.895,0.935089922305));
#2428 = ORIENTED_EDGE('',*,*,#2429,.F.);
#2429 = EDGE_CURVE('',#2430,#2422,#2432,.T.);
#2430 = VERTEX_POINT('',#2431);
#2431 = CARTESIAN_POINT('',(-3.577760143036,-2.595,0.935089922305));
#2432 = B_SPLINE_CURVE_WITH_KNOTS('',1,(#2433,#2434),.UNSPECIFIED.,.F.,
  .F.,(2,2),(0.,0.7),.PIECEWISE_BEZIER_KNOTS.);
#2433 = CARTESIAN_POINT('',(-3.577760143036,-2.595,0.935089922305));
#2434 = CARTESIAN_POINT('',(-3.577760143036,-1.895,0.935089922305));
#2435 = ORIENTED_EDGE('',*,*,#2436,.F.);
#2436 = EDGE_CURVE('',#2401,#2430,#2437,.T.);
#2437 = ( BOUNDED_CURVE() B_SPLINE_CURVE(2,(#2438,#2439,#2440),
.UNSPECIFIED.,.F.,.F.) B_SPLINE_CURVE_WITH_KNOTS((3,3),(1.570796326795,
2.543914614723),.PIECEWISE_BEZIER_KNOTS.) CURVE() 
GEOMETRIC_REPRESENTATION_ITEM() RATIONAL_B_SPLINE_CURVE((1.,
0.883946988162,1.)) REPRESENTATION_ITEM('') );
#2438 = CARTESIAN_POINT('',(-3.247102356352,-2.595,1.1100001));
#2439 = CARTESIAN_POINT('',(-3.458692930945,-2.595,1.1100001));
#2440 = CARTESIAN_POINT('',(-3.577760143036,-2.595,0.935089922305));
#2441 = ORIENTED_EDGE('',*,*,#2400,.T.);
#2442 = ( BOUNDED_SURFACE() B_SPLINE_SURFACE(2,1,(
    (#2443,#2444)
    ,(#2445,#2446)
    ,(#2447,#2448
)),.UNSPECIFIED.,.F.,.F.,.F.) B_SPLINE_SURFACE_WITH_KNOTS((3,3),(2,2),(
    5.310067019251,6.28318530718),(0.,0.7),.PIECEWISE_BEZIER_KNOTS.) 
GEOMETRIC_REPRESENTATION_ITEM() RATIONAL_B_SPLINE_SURFACE((
    (1.,1.)
    ,(0.883946988162,0.883946988162)
,(1.,1.))) REPRESENTATION_ITEM('') SURFACE() );
#2443 = CARTESIAN_POINT('',(-3.577760143036,-2.595,0.935089922305));
#2444 = CARTESIAN_POINT('',(-3.577760143036,-1.895,0.935089922305));
#2445 = CARTESIAN_POINT('',(-3.458692930945,-2.595,1.1100001));
#2446 = CARTESIAN_POINT('',(-3.458692930945,-1.895,1.1100001));
#2447 = CARTESIAN_POINT('',(-3.247102356352,-2.595,1.1100001));
#2448 = CARTESIAN_POINT('',(-3.247102356352,-1.895,1.1100001));
#2449 = ADVANCED_FACE('',(#2450),#2472,.F.);
#2450 = FACE_BOUND('',#2451,.T.);
#2451 = EDGE_LOOP('',(#2452,#2459,#2466,#2471));
#2452 = ORIENTED_EDGE('',*,*,#2453,.T.);
#2453 = EDGE_CURVE('',#2422,#2454,#2456,.T.);
#2454 = VERTEX_POINT('',#2455);
#2455 = CARTESIAN_POINT('',(-4.010087041137,-1.895,0.3000001));
#2456 = B_SPLINE_CURVE_WITH_KNOTS('',1,(#2457,#2458),.UNSPECIFIED.,.F.,
  .F.,(2,2),(-0.,0.76827444915),.PIECEWISE_BEZIER_KNOTS.);
#2457 = CARTESIAN_POINT('',(-3.577760143036,-1.895,0.935089922305));
#2458 = CARTESIAN_POINT('',(-4.010087041137,-1.895,0.3000001));
#2459 = ORIENTED_EDGE('',*,*,#2460,.F.);
#2460 = EDGE_CURVE('',#2461,#2454,#2463,.T.);
#2461 = VERTEX_POINT('',#2462);
#2462 = CARTESIAN_POINT('',(-4.010087041137,-2.595,0.3000001));
#2463 = B_SPLINE_CURVE_WITH_KNOTS('',1,(#2464,#2465),.UNSPECIFIED.,.F.,
  .F.,(2,2),(0.,0.7),.PIECEWISE_BEZIER_KNOTS.);
#2464 = CARTESIAN_POINT('',(-4.010087041137,-2.595,0.3000001));
#2465 = CARTESIAN_POINT('',(-4.010087041137,-1.895,0.3000001));
#2466 = ORIENTED_EDGE('',*,*,#2467,.F.);
#2467 = EDGE_CURVE('',#2430,#2461,#2468,.T.);
#2468 = B_SPLINE_CURVE_WITH_KNOTS('',1,(#2469,#2470),.UNSPECIFIED.,.F.,
  .F.,(2,2),(-0.,0.76827444915),.PIECEWISE_BEZIER_KNOTS.);
#2469 = CARTESIAN_POINT('',(-3.577760143036,-2.595,0.935089922305));
#2470 = CARTESIAN_POINT('',(-4.010087041137,-2.595,0.3000001));
#2471 = ORIENTED_EDGE('',*,*,#2429,.T.);
#2472 = B_SPLINE_SURFACE_WITH_KNOTS('',1,1,(
    (#2473,#2474)
    ,(#2475,#2476
    )),.UNSPECIFIED.,.F.,.F.,.F.,(2,2),(2,2),(0.,0.76827444915),(0.,0.7)
  ,.PIECEWISE_BEZIER_KNOTS.);
#2473 = CARTESIAN_POINT('',(-3.577760143036,-2.595,0.935089922305));
#2474 = CARTESIAN_POINT('',(-3.577760143036,-1.895,0.935089922305));
#2475 = CARTESIAN_POINT('',(-4.010087041137,-2.595,0.3000001));
#2476 = CARTESIAN_POINT('',(-4.010087041137,-1.895,0.3000001));
#2477 = ADVANCED_FACE('',(#2478),#2500,.F.);
#2478 = FACE_BOUND('',#2479,.T.);
#2479 = EDGE_LOOP('',(#2480,#2487,#2494,#2499));
#2480 = ORIENTED_EDGE('',*,*,#2481,.T.);
#2481 = EDGE_CURVE('',#2454,#2482,#2484,.T.);
#2482 = VERTEX_POINT('',#2483);
#2483 = CARTESIAN_POINT('',(-4.4,-1.895,0.3000001));
#2484 = B_SPLINE_CURVE_WITH_KNOTS('',1,(#2485,#2486),.UNSPECIFIED.,.F.,
  .F.,(2,2),(-8.881784197001E-16,0.389912958863),
  .PIECEWISE_BEZIER_KNOTS.);
#2485 = CARTESIAN_POINT('',(-4.010087041137,-1.895,0.3000001));
#2486 = CARTESIAN_POINT('',(-4.4,-1.895,0.3000001));
#2487 = ORIENTED_EDGE('',*,*,#2488,.F.);
#2488 = EDGE_CURVE('',#2489,#2482,#2491,.T.);
#2489 = VERTEX_POINT('',#2490);
#2490 = CARTESIAN_POINT('',(-4.4,-2.595,0.3000001));
#2491 = B_SPLINE_CURVE_WITH_KNOTS('',1,(#2492,#2493),.UNSPECIFIED.,.F.,
  .F.,(2,2),(0.,0.7),.PIECEWISE_BEZIER_KNOTS.);
#2492 = CARTESIAN_POINT('',(-4.4,-2.595,0.3000001));
#2493 = CARTESIAN_POINT('',(-4.4,-1.895,0.3000001));
#2494 = ORIENTED_EDGE('',*,*,#2495,.F.);
#2495 = EDGE_CURVE('',#2461,#2489,#2496,.T.);
#2496 = B_SPLINE_CURVE_WITH_KNOTS('',1,(#2497,#2498),.UNSPECIFIED.,.F.,
  .F.,(2,2),(-8.881784197001E-16,0.389912958863),
  .PIECEWISE_BEZIER_KNOTS.);
#2497 = CARTESIAN_POINT('',(-4.010087041137,-2.595,0.3000001));
#2498 = CARTESIAN_POINT('',(-4.4,-2.595,0.3000001));
#2499 = ORIENTED_EDGE('',*,*,#2460,.T.);
#2500 = B_SPLINE_SURFACE_WITH_KNOTS('',1,1,(
    (#2501,#2502)
    ,(#2503,#2504
    )),.UNSPECIFIED.,.F.,.F.,.F.,(2,2),(2,2),(-8.881784197001E-16,
    0.389912958863),(0.,0.7),.PIECEWISE_BEZIER_KNOTS.);
#2501 = CARTESIAN_POINT('',(-4.010087041137,-2.595,0.3000001));
#2502 = CARTESIAN_POINT('',(-4.010087041137,-1.895,0.3000001));
#2503 = CARTESIAN_POINT('',(-4.4,-2.595,0.3000001));
#2504 = CARTESIAN_POINT('',(-4.4,-1.895,0.3000001));
#2505 = ADVANCED_FACE('',(#2506),#2520,.F.);
#2506 = FACE_BOUND('',#2507,.T.);
#2507 = EDGE_LOOP('',(#2508,#2513,#2514,#2519));
#2508 = ORIENTED_EDGE('',*,*,#2509,.T.);
#2509 = EDGE_CURVE('',#2482,#2248,#2510,.T.);
#2510 = B_SPLINE_CURVE_WITH_KNOTS('',1,(#2511,#2512),.UNSPECIFIED.,.F.,
  .F.,(2,2),(0.,0.3),.PIECEWISE_BEZIER_KNOTS.);
#2511 = CARTESIAN_POINT('',(-4.4,-1.895,0.3000001));
#2512 = CARTESIAN_POINT('',(-4.4,-1.895,1.000000002215E-07));
#2513 = ORIENTED_EDGE('',*,*,#2268,.F.);
#2514 = ORIENTED_EDGE('',*,*,#2515,.F.);
#2515 = EDGE_CURVE('',#2489,#2262,#2516,.T.);
#2516 = B_SPLINE_CURVE_WITH_KNOTS('',1,(#2517,#2518),.UNSPECIFIED.,.F.,
  .F.,(2,2),(0.,0.3),.PIECEWISE_BEZIER_KNOTS.);
#2517 = CARTESIAN_POINT('',(-4.4,-2.595,0.3000001));
#2518 = CARTESIAN_POINT('',(-4.4,-2.595,1.000000002215E-07));
#2519 = ORIENTED_EDGE('',*,*,#2488,.T.);
#2520 = B_SPLINE_SURFACE_WITH_KNOTS('',1,1,(
    (#2521,#2522)
    ,(#2523,#2524
    )),.UNSPECIFIED.,.F.,.F.,.F.,(2,2),(2,2),(0.,0.3),(0.,0.7),
  .PIECEWISE_BEZIER_KNOTS.);
#2521 = CARTESIAN_POINT('',(-4.4,-2.595,0.3000001));
#2522 = CARTESIAN_POINT('',(-4.4,-1.895,0.3000001));
#2523 = CARTESIAN_POINT('',(-4.4,-2.595,1.000000002215E-07));
#2524 = CARTESIAN_POINT('',(-4.4,-1.895,1.000000002215E-07));
#2525 = ADVANCED_FACE('',(#2526),#2539,.T.);
#2526 = FACE_BOUND('',#2527,.T.);
#2527 = EDGE_LOOP('',(#2528,#2529,#2530,#2531,#2532,#2533,#2534,#2535,
    #2536,#2537,#2538));
#2528 = ORIENTED_EDGE('',*,*,#2261,.F.);
#2529 = ORIENTED_EDGE('',*,*,#2296,.F.);
#2530 = ORIENTED_EDGE('',*,*,#2327,.F.);
#2531 = ORIENTED_EDGE('',*,*,#2342,.F.);
#2532 = ORIENTED_EDGE('',*,*,#2379,.F.);
#2533 = ORIENTED_EDGE('',*,*,#1296,.T.);
#2534 = ORIENTED_EDGE('',*,*,#2407,.T.);
#2535 = ORIENTED_EDGE('',*,*,#2436,.T.);
#2536 = ORIENTED_EDGE('',*,*,#2467,.T.);
#2537 = ORIENTED_EDGE('',*,*,#2495,.T.);
#2538 = ORIENTED_EDGE('',*,*,#2515,.T.);
#2539 = B_SPLINE_SURFACE_WITH_KNOTS('',1,1,(
    (#2540,#2541)
    ,(#2542,#2543
    )),.UNSPECIFIED.,.F.,.F.,.F.,(2,2),(2,2),(-1.152897643648,
    0.247102356352),(-0.71,0.4),.PIECEWISE_BEZIER_KNOTS.);
#2540 = CARTESIAN_POINT('',(-4.4,-2.595,1.000000000549E-07));
#2541 = CARTESIAN_POINT('',(-4.4,-2.595,1.1100001));
#2542 = CARTESIAN_POINT('',(-3.,-2.595,1.000000000549E-07));
#2543 = CARTESIAN_POINT('',(-3.,-2.595,1.1100001));
#2544 = ADVANCED_FACE('',(#2545),#2558,.F.);
#2545 = FACE_BOUND('',#2546,.T.);
#2546 = EDGE_LOOP('',(#2547,#2548,#2549,#2550,#2551,#2552,#2553,#2554,
    #2555,#2556,#2557));
#2547 = ORIENTED_EDGE('',*,*,#2245,.T.);
#2548 = ORIENTED_EDGE('',*,*,#2509,.F.);
#2549 = ORIENTED_EDGE('',*,*,#2481,.F.);
#2550 = ORIENTED_EDGE('',*,*,#2453,.F.);
#2551 = ORIENTED_EDGE('',*,*,#2421,.F.);
#2552 = ORIENTED_EDGE('',*,*,#2393,.F.);
#2553 = ORIENTED_EDGE('',*,*,#1310,.F.);
#2554 = ORIENTED_EDGE('',*,*,#2373,.T.);
#2555 = ORIENTED_EDGE('',*,*,#2357,.T.);
#2556 = ORIENTED_EDGE('',*,*,#2313,.T.);
#2557 = ORIENTED_EDGE('',*,*,#2281,.T.);
#2558 = B_SPLINE_SURFACE_WITH_KNOTS('',1,1,(
    (#2559,#2560)
    ,(#2561,#2562
    )),.UNSPECIFIED.,.F.,.F.,.F.,(2,2),(2,2),(-1.152897643648,
    0.247102356352),(-0.71,0.4),.PIECEWISE_BEZIER_KNOTS.);
#2559 = CARTESIAN_POINT('',(-4.4,-1.895,1.000000000549E-07));
#2560 = CARTESIAN_POINT('',(-4.4,-1.895,1.1100001));
#2561 = CARTESIAN_POINT('',(-3.,-1.895,1.000000000549E-07));
#2562 = CARTESIAN_POINT('',(-3.,-1.895,1.1100001));
#2563 = ADVANCED_FACE('',(#2564),#2594,.F.);
#2564 = FACE_BOUND('',#2565,.T.);
#2565 = EDGE_LOOP('',(#2566,#2575,#2582,#2589));
#2566 = ORIENTED_EDGE('',*,*,#2567,.T.);
#2567 = EDGE_CURVE('',#2568,#2570,#2572,.T.);
#2568 = VERTEX_POINT('',#2569);
#2569 = CARTESIAN_POINT('',(4.010087041137,-1.895,1.000000000948E-07));
#2570 = VERTEX_POINT('',#2571);
#2571 = CARTESIAN_POINT('',(4.4,-1.895,1.000000002353E-07));
#2572 = B_SPLINE_CURVE_WITH_KNOTS('',1,(#2573,#2574),.UNSPECIFIED.,.F.,
  .F.,(2,2),(-1.248111021136E-32,0.389912958863),
  .PIECEWISE_BEZIER_KNOTS.);
#2573 = CARTESIAN_POINT('',(4.010087041137,-1.895,1.000000001746E-07));
#2574 = CARTESIAN_POINT('',(4.4,-1.895,1.000000002353E-07));
#2575 = ORIENTED_EDGE('',*,*,#2576,.F.);
#2576 = EDGE_CURVE('',#2577,#2570,#2579,.T.);
#2577 = VERTEX_POINT('',#2578);
#2578 = CARTESIAN_POINT('',(4.4,-2.595,1.000000002353E-07));
#2579 = B_SPLINE_CURVE_WITH_KNOTS('',1,(#2580,#2581),.UNSPECIFIED.,.F.,
  .F.,(2,2),(0.,0.7),.PIECEWISE_BEZIER_KNOTS.);
#2580 = CARTESIAN_POINT('',(4.4,-2.595,1.000000002353E-07));
#2581 = CARTESIAN_POINT('',(4.4,-1.895,1.000000002353E-07));
#2582 = ORIENTED_EDGE('',*,*,#2583,.F.);
#2583 = EDGE_CURVE('',#2584,#2577,#2586,.T.);
#2584 = VERTEX_POINT('',#2585);
#2585 = CARTESIAN_POINT('',(4.010087041137,-2.595,1.000000000948E-07));
#2586 = B_SPLINE_CURVE_WITH_KNOTS('',1,(#2587,#2588),.UNSPECIFIED.,.F.,
  .F.,(2,2),(-1.248111021136E-32,0.389912958863),
  .PIECEWISE_BEZIER_KNOTS.);
#2587 = CARTESIAN_POINT('',(4.010087041137,-2.595,1.000000001746E-07));
#2588 = CARTESIAN_POINT('',(4.4,-2.595,1.000000002353E-07));
#2589 = ORIENTED_EDGE('',*,*,#2590,.T.);
#2590 = EDGE_CURVE('',#2584,#2568,#2591,.T.);
#2591 = B_SPLINE_CURVE_WITH_KNOTS('',1,(#2592,#2593),.UNSPECIFIED.,.F.,
  .F.,(2,2),(0.,0.7),.PIECEWISE_BEZIER_KNOTS.);
#2592 = CARTESIAN_POINT('',(4.010087041137,-2.595,1.000000000948E-07));
#2593 = CARTESIAN_POINT('',(4.010087041137,-1.895,1.000000000948E-07));
#2594 = B_SPLINE_SURFACE_WITH_KNOTS('',1,1,(
    (#2595,#2596)
    ,(#2597,#2598
    )),.UNSPECIFIED.,.F.,.F.,.F.,(2,2),(2,2),(-1.248111021136E-32,
    0.389912958863),(0.,0.7),.PIECEWISE_BEZIER_KNOTS.);
#2595 = CARTESIAN_POINT('',(4.010087041137,-2.595,1.000000001746E-07));
#2596 = CARTESIAN_POINT('',(4.010087041137,-1.895,1.000000001746E-07));
#2597 = CARTESIAN_POINT('',(4.4,-2.595,1.000000002353E-07));
#2598 = CARTESIAN_POINT('',(4.4,-1.895,1.000000002353E-07));
#2599 = ADVANCED_FACE('',(#2600),#2622,.T.);
#2600 = FACE_BOUND('',#2601,.T.);
#2601 = EDGE_LOOP('',(#2602,#2609,#2616,#2621));
#2602 = ORIENTED_EDGE('',*,*,#2603,.F.);
#2603 = EDGE_CURVE('',#2604,#2570,#2606,.T.);
#2604 = VERTEX_POINT('',#2605);
#2605 = CARTESIAN_POINT('',(4.4,-1.895,0.3000001));
#2606 = B_SPLINE_CURVE_WITH_KNOTS('',1,(#2607,#2608),.UNSPECIFIED.,.F.,
  .F.,(2,2),(0.,0.3),.PIECEWISE_BEZIER_KNOTS.);
#2607 = CARTESIAN_POINT('',(4.4,-1.895,0.3000001));
#2608 = CARTESIAN_POINT('',(4.4,-1.895,1.000000002215E-07));
#2609 = ORIENTED_EDGE('',*,*,#2610,.F.);
#2610 = EDGE_CURVE('',#2611,#2604,#2613,.T.);
#2611 = VERTEX_POINT('',#2612);
#2612 = CARTESIAN_POINT('',(4.4,-2.595,0.3000001));
#2613 = B_SPLINE_CURVE_WITH_KNOTS('',1,(#2614,#2615),.UNSPECIFIED.,.F.,
  .F.,(2,2),(0.,0.7),.PIECEWISE_BEZIER_KNOTS.);
#2614 = CARTESIAN_POINT('',(4.4,-2.595,0.3000001));
#2615 = CARTESIAN_POINT('',(4.4,-1.895,0.3000001));
#2616 = ORIENTED_EDGE('',*,*,#2617,.T.);
#2617 = EDGE_CURVE('',#2611,#2577,#2618,.T.);
#2618 = B_SPLINE_CURVE_WITH_KNOTS('',1,(#2619,#2620),.UNSPECIFIED.,.F.,
  .F.,(2,2),(0.,0.3),.PIECEWISE_BEZIER_KNOTS.);
#2619 = CARTESIAN_POINT('',(4.4,-2.595,0.3000001));
#2620 = CARTESIAN_POINT('',(4.4,-2.595,1.000000002215E-07));
#2621 = ORIENTED_EDGE('',*,*,#2576,.T.);
#2622 = B_SPLINE_SURFACE_WITH_KNOTS('',1,1,(
    (#2623,#2624)
    ,(#2625,#2626
    )),.UNSPECIFIED.,.F.,.F.,.F.,(2,2),(2,2),(0.,0.3),(0.,0.7),
  .PIECEWISE_BEZIER_KNOTS.);
#2623 = CARTESIAN_POINT('',(4.4,-2.595,0.3000001));
#2624 = CARTESIAN_POINT('',(4.4,-1.895,0.3000001));
#2625 = CARTESIAN_POINT('',(4.4,-2.595,1.000000002215E-07));
#2626 = CARTESIAN_POINT('',(4.4,-1.895,1.000000002215E-07));
#2627 = ADVANCED_FACE('',(#2628),#2650,.T.);
#2628 = FACE_BOUND('',#2629,.T.);
#2629 = EDGE_LOOP('',(#2630,#2637,#2644,#2649));
#2630 = ORIENTED_EDGE('',*,*,#2631,.F.);
#2631 = EDGE_CURVE('',#2632,#2604,#2634,.T.);
#2632 = VERTEX_POINT('',#2633);
#2633 = CARTESIAN_POINT('',(4.010087041137,-1.895,0.3000001));
#2634 = B_SPLINE_CURVE_WITH_KNOTS('',1,(#2635,#2636),.UNSPECIFIED.,.F.,
  .F.,(2,2),(-8.881784197001E-16,0.389912958863),
  .PIECEWISE_BEZIER_KNOTS.);
#2635 = CARTESIAN_POINT('',(4.010087041137,-1.895,0.3000001));
#2636 = CARTESIAN_POINT('',(4.4,-1.895,0.3000001));
#2637 = ORIENTED_EDGE('',*,*,#2638,.F.);
#2638 = EDGE_CURVE('',#2639,#2632,#2641,.T.);
#2639 = VERTEX_POINT('',#2640);
#2640 = CARTESIAN_POINT('',(4.010087041137,-2.595,0.3000001));
#2641 = B_SPLINE_CURVE_WITH_KNOTS('',1,(#2642,#2643),.UNSPECIFIED.,.F.,
  .F.,(2,2),(0.,0.7),.PIECEWISE_BEZIER_KNOTS.);
#2642 = CARTESIAN_POINT('',(4.010087041137,-2.595,0.3000001));
#2643 = CARTESIAN_POINT('',(4.010087041137,-1.895,0.3000001));
#2644 = ORIENTED_EDGE('',*,*,#2645,.T.);
#2645 = EDGE_CURVE('',#2639,#2611,#2646,.T.);
#2646 = B_SPLINE_CURVE_WITH_KNOTS('',1,(#2647,#2648),.UNSPECIFIED.,.F.,
  .F.,(2,2),(-8.881784197001E-16,0.389912958863),
  .PIECEWISE_BEZIER_KNOTS.);
#2647 = CARTESIAN_POINT('',(4.010087041137,-2.595,0.3000001));
#2648 = CARTESIAN_POINT('',(4.4,-2.595,0.3000001));
#2649 = ORIENTED_EDGE('',*,*,#2610,.T.);
#2650 = B_SPLINE_SURFACE_WITH_KNOTS('',1,1,(
    (#2651,#2652)
    ,(#2653,#2654
    )),.UNSPECIFIED.,.F.,.F.,.F.,(2,2),(2,2),(-8.881784197001E-16,
    0.389912958863),(0.,0.7),.PIECEWISE_BEZIER_KNOTS.);
#2651 = CARTESIAN_POINT('',(4.010087041137,-2.595,0.3000001));
#2652 = CARTESIAN_POINT('',(4.010087041137,-1.895,0.3000001));
#2653 = CARTESIAN_POINT('',(4.4,-2.595,0.3000001));
#2654 = CARTESIAN_POINT('',(4.4,-1.895,0.3000001));
#2655 = ADVANCED_FACE('',(#2656),#2678,.T.);
#2656 = FACE_BOUND('',#2657,.T.);
#2657 = EDGE_LOOP('',(#2658,#2665,#2672,#2677));
#2658 = ORIENTED_EDGE('',*,*,#2659,.F.);
#2659 = EDGE_CURVE('',#2660,#2632,#2662,.T.);
#2660 = VERTEX_POINT('',#2661);
#2661 = CARTESIAN_POINT('',(3.577760143036,-1.895,0.935089922305));
#2662 = B_SPLINE_CURVE_WITH_KNOTS('',1,(#2663,#2664),.UNSPECIFIED.,.F.,
  .F.,(2,2),(0.,0.76827444915),.PIECEWISE_BEZIER_KNOTS.);
#2663 = CARTESIAN_POINT('',(3.577760143036,-1.895,0.935089922305));
#2664 = CARTESIAN_POINT('',(4.010087041137,-1.895,0.3000001));
#2665 = ORIENTED_EDGE('',*,*,#2666,.F.);
#2666 = EDGE_CURVE('',#2667,#2660,#2669,.T.);
#2667 = VERTEX_POINT('',#2668);
#2668 = CARTESIAN_POINT('',(3.577760143036,-2.595,0.935089922305));
#2669 = B_SPLINE_CURVE_WITH_KNOTS('',1,(#2670,#2671),.UNSPECIFIED.,.F.,
  .F.,(2,2),(0.,0.7),.PIECEWISE_BEZIER_KNOTS.);
#2670 = CARTESIAN_POINT('',(3.577760143036,-2.595,0.935089922305));
#2671 = CARTESIAN_POINT('',(3.577760143036,-1.895,0.935089922305));
#2672 = ORIENTED_EDGE('',*,*,#2673,.T.);
#2673 = EDGE_CURVE('',#2667,#2639,#2674,.T.);
#2674 = B_SPLINE_CURVE_WITH_KNOTS('',1,(#2675,#2676),.UNSPECIFIED.,.F.,
  .F.,(2,2),(0.,0.76827444915),.PIECEWISE_BEZIER_KNOTS.);
#2675 = CARTESIAN_POINT('',(3.577760143036,-2.595,0.935089922305));
#2676 = CARTESIAN_POINT('',(4.010087041137,-2.595,0.3000001));
#2677 = ORIENTED_EDGE('',*,*,#2638,.T.);
#2678 = B_SPLINE_SURFACE_WITH_KNOTS('',1,1,(
    (#2679,#2680)
    ,(#2681,#2682
    )),.UNSPECIFIED.,.F.,.F.,.F.,(2,2),(2,2),(0.,0.76827444915),(0.,0.7)
  ,.PIECEWISE_BEZIER_KNOTS.);
#2679 = CARTESIAN_POINT('',(3.577760143036,-2.595,0.935089922305));
#2680 = CARTESIAN_POINT('',(3.577760143036,-1.895,0.935089922305));
#2681 = CARTESIAN_POINT('',(4.010087041137,-2.595,0.3000001));
#2682 = CARTESIAN_POINT('',(4.010087041137,-1.895,0.3000001));
#2683 = ADVANCED_FACE('',(#2684),#2708,.T.);
#2684 = FACE_BOUND('',#2685,.T.);
#2685 = EDGE_LOOP('',(#2686,#2694,#2701,#2707));
#2686 = ORIENTED_EDGE('',*,*,#2687,.F.);
#2687 = EDGE_CURVE('',#2688,#2660,#2690,.T.);
#2688 = VERTEX_POINT('',#2689);
#2689 = CARTESIAN_POINT('',(3.247102356352,-1.895,1.1100001));
#2690 = ( BOUNDED_CURVE() B_SPLINE_CURVE(2,(#2691,#2692,#2693),
.UNSPECIFIED.,.F.,.F.) B_SPLINE_CURVE_WITH_KNOTS((3,3),(1.570796326795,
2.543914614723),.PIECEWISE_BEZIER_KNOTS.) CURVE() 
GEOMETRIC_REPRESENTATION_ITEM() RATIONAL_B_SPLINE_CURVE((1.,
0.883946988162,1.)) REPRESENTATION_ITEM('') );
#2691 = CARTESIAN_POINT('',(3.247102356352,-1.895,1.1100001));
#2692 = CARTESIAN_POINT('',(3.458692930945,-1.895,1.1100001));
#2693 = CARTESIAN_POINT('',(3.577760143036,-1.895,0.935089922305));
#2694 = ORIENTED_EDGE('',*,*,#2695,.F.);
#2695 = EDGE_CURVE('',#2696,#2688,#2698,.T.);
#2696 = VERTEX_POINT('',#2697);
#2697 = CARTESIAN_POINT('',(3.247102356352,-2.595,1.1100001));
#2698 = B_SPLINE_CURVE_WITH_KNOTS('',1,(#2699,#2700),.UNSPECIFIED.,.F.,
  .F.,(2,2),(0.,0.7),.PIECEWISE_BEZIER_KNOTS.);
#2699 = CARTESIAN_POINT('',(3.247102356352,-2.595,1.1100001));
#2700 = CARTESIAN_POINT('',(3.247102356352,-1.895,1.1100001));
#2701 = ORIENTED_EDGE('',*,*,#2702,.T.);
#2702 = EDGE_CURVE('',#2696,#2667,#2703,.T.);
#2703 = ( BOUNDED_CURVE() B_SPLINE_CURVE(2,(#2704,#2705,#2706),
.UNSPECIFIED.,.F.,.F.) B_SPLINE_CURVE_WITH_KNOTS((3,3),(1.570796326795,
2.543914614723),.PIECEWISE_BEZIER_KNOTS.) CURVE() 
GEOMETRIC_REPRESENTATION_ITEM() RATIONAL_B_SPLINE_CURVE((1.,
0.883946988162,1.)) REPRESENTATION_ITEM('') );
#2704 = CARTESIAN_POINT('',(3.247102356352,-2.595,1.1100001));
#2705 = CARTESIAN_POINT('',(3.458692930945,-2.595,1.1100001));
#2706 = CARTESIAN_POINT('',(3.577760143036,-2.595,0.935089922305));
#2707 = ORIENTED_EDGE('',*,*,#2666,.T.);
#2708 = ( BOUNDED_SURFACE() B_SPLINE_SURFACE(2,1,(
    (#2709,#2710)
    ,(#2711,#2712)
    ,(#2713,#2714
)),.UNSPECIFIED.,.F.,.F.,.F.) B_SPLINE_SURFACE_WITH_KNOTS((3,3),(2,2),(
    0.,0.973118287928),(0.,0.7),.PIECEWISE_BEZIER_KNOTS.) 
GEOMETRIC_REPRESENTATION_ITEM() RATIONAL_B_SPLINE_SURFACE((
    (1.,1.)
    ,(0.883946988162,0.883946988162)
,(1.,1.))) REPRESENTATION_ITEM('') SURFACE() );
#2709 = CARTESIAN_POINT('',(3.247102356352,-2.595,1.1100001));
#2710 = CARTESIAN_POINT('',(3.247102356352,-1.895,1.1100001));
#2711 = CARTESIAN_POINT('',(3.458692930945,-2.595,1.1100001));
#2712 = CARTESIAN_POINT('',(3.458692930945,-1.895,1.1100001));
#2713 = CARTESIAN_POINT('',(3.577760143036,-2.595,0.935089922305));
#2714 = CARTESIAN_POINT('',(3.577760143036,-1.895,0.935089922305));
#2715 = ADVANCED_FACE('',(#2716),#2730,.T.);
#2716 = FACE_BOUND('',#2717,.T.);
#2717 = EDGE_LOOP('',(#2718,#2723,#2724,#2729));
#2718 = ORIENTED_EDGE('',*,*,#2719,.F.);
#2719 = EDGE_CURVE('',#1154,#2688,#2720,.T.);
#2720 = B_SPLINE_CURVE_WITH_KNOTS('',1,(#2721,#2722),.UNSPECIFIED.,.F.,
  .F.,(2,2),(0.,0.247102356352),.PIECEWISE_BEZIER_KNOTS.);
#2721 = CARTESIAN_POINT('',(3.,-1.895,1.1100001));
#2722 = CARTESIAN_POINT('',(3.247102356352,-1.895,1.1100001));
#2723 = ORIENTED_EDGE('',*,*,#1153,.F.);
#2724 = ORIENTED_EDGE('',*,*,#2725,.T.);
#2725 = EDGE_CURVE('',#1147,#2696,#2726,.T.);
#2726 = B_SPLINE_CURVE_WITH_KNOTS('',1,(#2727,#2728),.UNSPECIFIED.,.F.,
  .F.,(2,2),(8.881784197001E-16,0.247102356352),
  .PIECEWISE_BEZIER_KNOTS.);
#2727 = CARTESIAN_POINT('',(3.,-2.595,1.1100001));
#2728 = CARTESIAN_POINT('',(3.247102356352,-2.595,1.1100001));
#2729 = ORIENTED_EDGE('',*,*,#2695,.T.);
#2730 = B_SPLINE_SURFACE_WITH_KNOTS('',1,1,(
    (#2731,#2732)
    ,(#2733,#2734
    )),.UNSPECIFIED.,.F.,.F.,.F.,(2,2),(2,2),(0.,0.247102356352),(
    -4.440892098501E-16,0.7),.PIECEWISE_BEZIER_KNOTS.);
#2731 = CARTESIAN_POINT('',(3.,-2.595,1.1100001));
#2732 = CARTESIAN_POINT('',(3.,-1.895,1.1100001));
#2733 = CARTESIAN_POINT('',(3.247102356352,-2.595,1.1100001));
#2734 = CARTESIAN_POINT('',(3.247102356352,-1.895,1.1100001));
#2735 = ADVANCED_FACE('',(#2736),#2758,.F.);
#2736 = FACE_BOUND('',#2737,.T.);
#2737 = EDGE_LOOP('',(#2738,#2745,#2752,#2757));
#2738 = ORIENTED_EDGE('',*,*,#2739,.T.);
#2739 = EDGE_CURVE('',#1140,#2740,#2742,.T.);
#2740 = VERTEX_POINT('',#2741);
#2741 = CARTESIAN_POINT('',(3.247102356352,-1.895,0.8100001));
#2742 = B_SPLINE_CURVE_WITH_KNOTS('',1,(#2743,#2744),.UNSPECIFIED.,.F.,
  .F.,(2,2),(4.871285863128E-31,0.247102356352),
  .PIECEWISE_BEZIER_KNOTS.);
#2743 = CARTESIAN_POINT('',(3.,-1.895,0.8100001));
#2744 = CARTESIAN_POINT('',(3.247102356352,-1.895,0.8100001));
#2745 = ORIENTED_EDGE('',*,*,#2746,.F.);
#2746 = EDGE_CURVE('',#2747,#2740,#2749,.T.);
#2747 = VERTEX_POINT('',#2748);
#2748 = CARTESIAN_POINT('',(3.247102356352,-2.595,0.8100001));
#2749 = B_SPLINE_CURVE_WITH_KNOTS('',1,(#2750,#2751),.UNSPECIFIED.,.F.,
  .F.,(2,2),(0.,0.7),.PIECEWISE_BEZIER_KNOTS.);
#2750 = CARTESIAN_POINT('',(3.247102356352,-2.595,0.8100001));
#2751 = CARTESIAN_POINT('',(3.247102356352,-1.895,0.8100001));
#2752 = ORIENTED_EDGE('',*,*,#2753,.F.);
#2753 = EDGE_CURVE('',#1138,#2747,#2754,.T.);
#2754 = B_SPLINE_CURVE_WITH_KNOTS('',1,(#2755,#2756),.UNSPECIFIED.,.F.,
  .F.,(2,2),(0.,0.247102356352),.PIECEWISE_BEZIER_KNOTS.);
#2755 = CARTESIAN_POINT('',(3.,-2.595,0.8100001));
#2756 = CARTESIAN_POINT('',(3.247102356352,-2.595,0.8100001));
#2757 = ORIENTED_EDGE('',*,*,#1137,.T.);
#2758 = B_SPLINE_SURFACE_WITH_KNOTS('',1,1,(
    (#2759,#2760)
    ,(#2761,#2762
    )),.UNSPECIFIED.,.F.,.F.,.F.,(2,2),(2,2),(0.,0.247102356352),(
    -4.440892098501E-16,0.7),.PIECEWISE_BEZIER_KNOTS.);
#2759 = CARTESIAN_POINT('',(3.,-2.595,0.8100001));
#2760 = CARTESIAN_POINT('',(3.,-1.895,0.8100001));
#2761 = CARTESIAN_POINT('',(3.247102356352,-2.595,0.8100001));
#2762 = CARTESIAN_POINT('',(3.247102356352,-1.895,0.8100001));
#2763 = ADVANCED_FACE('',(#2764),#2788,.F.);
#2764 = FACE_BOUND('',#2765,.F.);
#2765 = EDGE_LOOP('',(#2766,#2767,#2775,#2782));
#2766 = ORIENTED_EDGE('',*,*,#2746,.F.);
#2767 = ORIENTED_EDGE('',*,*,#2768,.T.);
#2768 = EDGE_CURVE('',#2747,#2769,#2771,.T.);
#2769 = VERTEX_POINT('',#2770);
#2770 = CARTESIAN_POINT('',(3.329766803023,-2.595,0.766272555576));
#2771 = ( BOUNDED_CURVE() B_SPLINE_CURVE(2,(#2772,#2773,#2774),
.UNSPECIFIED.,.F.,.F.) B_SPLINE_CURVE_WITH_KNOTS((3,3),(3.14159265359,
4.114710941518),.PIECEWISE_BEZIER_KNOTS.) CURVE() 
GEOMETRIC_REPRESENTATION_ITEM() RATIONAL_B_SPLINE_CURVE((1.,
0.883946988162,1.)) REPRESENTATION_ITEM('') );
#2772 = CARTESIAN_POINT('',(3.247102356352,-2.595,0.8100001));
#2773 = CARTESIAN_POINT('',(3.3,-2.595,0.8100001));
#2774 = CARTESIAN_POINT('',(3.329766803023,-2.595,0.766272555576));
#2775 = ORIENTED_EDGE('',*,*,#2776,.T.);
#2776 = EDGE_CURVE('',#2769,#2777,#2779,.T.);
#2777 = VERTEX_POINT('',#2778);
#2778 = CARTESIAN_POINT('',(3.329766803023,-1.895,0.766272555576));
#2779 = B_SPLINE_CURVE_WITH_KNOTS('',1,(#2780,#2781),.UNSPECIFIED.,.F.,
  .F.,(2,2),(0.,0.7),.PIECEWISE_BEZIER_KNOTS.);
#2780 = CARTESIAN_POINT('',(3.329766803023,-2.595,0.766272555576));
#2781 = CARTESIAN_POINT('',(3.329766803023,-1.895,0.766272555576));
#2782 = ORIENTED_EDGE('',*,*,#2783,.F.);
#2783 = EDGE_CURVE('',#2740,#2777,#2784,.T.);
#2784 = ( BOUNDED_CURVE() B_SPLINE_CURVE(2,(#2785,#2786,#2787),
.UNSPECIFIED.,.F.,.F.) B_SPLINE_CURVE_WITH_KNOTS((3,3),(3.14159265359,
4.114710941518),.PIECEWISE_BEZIER_KNOTS.) CURVE() 
GEOMETRIC_REPRESENTATION_ITEM() RATIONAL_B_SPLINE_CURVE((1.,
0.883946988162,1.)) REPRESENTATION_ITEM('') );
#2785 = CARTESIAN_POINT('',(3.247102356352,-1.895,0.8100001));
#2786 = CARTESIAN_POINT('',(3.3,-1.895,0.8100001));
#2787 = CARTESIAN_POINT('',(3.329766803023,-1.895,0.766272555576));
#2788 = ( BOUNDED_SURFACE() B_SPLINE_SURFACE(2,1,(
    (#2789,#2790)
    ,(#2791,#2792)
    ,(#2793,#2794
)),.UNSPECIFIED.,.F.,.F.,.F.) B_SPLINE_SURFACE_WITH_KNOTS((3,3),(2,2),(
    0.,0.973118287928),(0.,0.7),.PIECEWISE_BEZIER_KNOTS.) 
GEOMETRIC_REPRESENTATION_ITEM() RATIONAL_B_SPLINE_SURFACE((
    (1.,1.)
    ,(0.883946988162,0.883946988162)
,(1.,1.))) REPRESENTATION_ITEM('') SURFACE() );
#2789 = CARTESIAN_POINT('',(3.247102356352,-2.595,0.8100001));
#2790 = CARTESIAN_POINT('',(3.247102356352,-1.895,0.8100001));
#2791 = CARTESIAN_POINT('',(3.3,-2.595,0.8100001));
#2792 = CARTESIAN_POINT('',(3.3,-1.895,0.8100001));
#2793 = CARTESIAN_POINT('',(3.329766803023,-2.595,0.766272555576));
#2794 = CARTESIAN_POINT('',(3.329766803023,-1.895,0.766272555576));
#2795 = ADVANCED_FACE('',(#2796),#2818,.F.);
#2796 = FACE_BOUND('',#2797,.T.);
#2797 = EDGE_LOOP('',(#2798,#2805,#2812,#2817));
#2798 = ORIENTED_EDGE('',*,*,#2799,.T.);
#2799 = EDGE_CURVE('',#2777,#2800,#2802,.T.);
#2800 = VERTEX_POINT('',#2801);
#2801 = CARTESIAN_POINT('',(3.762093701124,-1.895,0.131182733271));
#2802 = B_SPLINE_CURVE_WITH_KNOTS('',1,(#2803,#2804),.UNSPECIFIED.,.F.,
  .F.,(2,2),(0.,0.76827444915),.PIECEWISE_BEZIER_KNOTS.);
#2803 = CARTESIAN_POINT('',(3.329766803023,-1.895,0.766272555576));
#2804 = CARTESIAN_POINT('',(3.762093701124,-1.895,0.131182733271));
#2805 = ORIENTED_EDGE('',*,*,#2806,.F.);
#2806 = EDGE_CURVE('',#2807,#2800,#2809,.T.);
#2807 = VERTEX_POINT('',#2808);
#2808 = CARTESIAN_POINT('',(3.762093701124,-2.595,0.131182733271));
#2809 = B_SPLINE_CURVE_WITH_KNOTS('',1,(#2810,#2811),.UNSPECIFIED.,.F.,
  .F.,(2,2),(0.,0.7),.PIECEWISE_BEZIER_KNOTS.);
#2810 = CARTESIAN_POINT('',(3.762093701124,-2.595,0.131182733271));
#2811 = CARTESIAN_POINT('',(3.762093701124,-1.895,0.131182733271));
#2812 = ORIENTED_EDGE('',*,*,#2813,.F.);
#2813 = EDGE_CURVE('',#2769,#2807,#2814,.T.);
#2814 = B_SPLINE_CURVE_WITH_KNOTS('',1,(#2815,#2816),.UNSPECIFIED.,.F.,
  .F.,(2,2),(0.,0.76827444915),.PIECEWISE_BEZIER_KNOTS.);
#2815 = CARTESIAN_POINT('',(3.329766803023,-2.595,0.766272555576));
#2816 = CARTESIAN_POINT('',(3.762093701124,-2.595,0.131182733271));
#2817 = ORIENTED_EDGE('',*,*,#2776,.T.);
#2818 = B_SPLINE_SURFACE_WITH_KNOTS('',1,1,(
    (#2819,#2820)
    ,(#2821,#2822
    )),.UNSPECIFIED.,.F.,.F.,.F.,(2,2),(2,2),(0.,0.76827444915),(0.,0.7)
  ,.PIECEWISE_BEZIER_KNOTS.);
#2819 = CARTESIAN_POINT('',(3.329766803023,-2.595,0.766272555576));
#2820 = CARTESIAN_POINT('',(3.329766803023,-1.895,0.766272555576));
#2821 = CARTESIAN_POINT('',(3.762093701124,-2.595,0.131182733271));
#2822 = CARTESIAN_POINT('',(3.762093701124,-1.895,0.131182733271));
#2823 = ADVANCED_FACE('',(#2824),#2840,.T.);
#2824 = FACE_BOUND('',#2825,.T.);
#2825 = EDGE_LOOP('',(#2826,#2832,#2833,#2839));
#2826 = ORIENTED_EDGE('',*,*,#2827,.T.);
#2827 = EDGE_CURVE('',#2800,#2568,#2828,.T.);
#2828 = ( BOUNDED_CURVE() B_SPLINE_CURVE(2,(#2829,#2830,#2831),
.UNSPECIFIED.,.F.,.F.) B_SPLINE_CURVE_WITH_KNOTS((3,3),(5.310067019251,
6.28318530718),.PIECEWISE_BEZIER_KNOTS.) CURVE() 
GEOMETRIC_REPRESENTATION_ITEM() RATIONAL_B_SPLINE_CURVE((1.,
0.883946988162,1.)) REPRESENTATION_ITEM('') );
#2829 = CARTESIAN_POINT('',(3.762093701124,-1.895,0.131182733271));
#2830 = CARTESIAN_POINT('',(3.851394110193,-1.895,9.999999999941E-08));
#2831 = CARTESIAN_POINT('',(4.010087041137,-1.895,1.000000000549E-07));
#2832 = ORIENTED_EDGE('',*,*,#2590,.F.);
#2833 = ORIENTED_EDGE('',*,*,#2834,.F.);
#2834 = EDGE_CURVE('',#2807,#2584,#2835,.T.);
#2835 = ( BOUNDED_CURVE() B_SPLINE_CURVE(2,(#2836,#2837,#2838),
.UNSPECIFIED.,.F.,.F.) B_SPLINE_CURVE_WITH_KNOTS((3,3),(5.310067019251,
6.28318530718),.PIECEWISE_BEZIER_KNOTS.) CURVE() 
GEOMETRIC_REPRESENTATION_ITEM() RATIONAL_B_SPLINE_CURVE((1.,
0.883946988162,1.)) REPRESENTATION_ITEM('') );
#2836 = CARTESIAN_POINT('',(3.762093701124,-2.595,0.131182733271));
#2837 = CARTESIAN_POINT('',(3.851394110193,-2.595,9.999999999941E-08));
#2838 = CARTESIAN_POINT('',(4.010087041137,-2.595,1.000000000549E-07));
#2839 = ORIENTED_EDGE('',*,*,#2806,.T.);
#2840 = ( BOUNDED_SURFACE() B_SPLINE_SURFACE(2,1,(
    (#2841,#2842)
    ,(#2843,#2844)
    ,(#2845,#2846
)),.UNSPECIFIED.,.F.,.F.,.F.) B_SPLINE_SURFACE_WITH_KNOTS((3,3),(2,2),(
    3.14159265359,4.114710941518),(0.,0.7),.PIECEWISE_BEZIER_KNOTS.) 
GEOMETRIC_REPRESENTATION_ITEM() RATIONAL_B_SPLINE_SURFACE((
    (1.,1.)
    ,(0.883946988162,0.883946988162)
,(1.,1.))) REPRESENTATION_ITEM('') SURFACE() );
#2841 = CARTESIAN_POINT('',(4.010087041137,-2.595,9.999999999941E-08));
#2842 = CARTESIAN_POINT('',(4.010087041137,-1.895,9.999999999941E-08));
#2843 = CARTESIAN_POINT('',(3.851394110193,-2.595,9.999999955532E-08));
#2844 = CARTESIAN_POINT('',(3.851394110193,-1.895,9.999999955532E-08));
#2845 = CARTESIAN_POINT('',(3.762093701124,-2.595,0.131182733271));
#2846 = CARTESIAN_POINT('',(3.762093701124,-1.895,0.131182733271));
#2847 = ADVANCED_FACE('',(#2848),#2861,.T.);
#2848 = FACE_BOUND('',#2849,.T.);
#2849 = EDGE_LOOP('',(#2850,#2851,#2852,#2853,#2854,#2855,#2856,#2857,
    #2858,#2859,#2860));
#2850 = ORIENTED_EDGE('',*,*,#2583,.T.);
#2851 = ORIENTED_EDGE('',*,*,#2617,.F.);
#2852 = ORIENTED_EDGE('',*,*,#2645,.F.);
#2853 = ORIENTED_EDGE('',*,*,#2673,.F.);
#2854 = ORIENTED_EDGE('',*,*,#2702,.F.);
#2855 = ORIENTED_EDGE('',*,*,#2725,.F.);
#2856 = ORIENTED_EDGE('',*,*,#1146,.F.);
#2857 = ORIENTED_EDGE('',*,*,#2753,.T.);
#2858 = ORIENTED_EDGE('',*,*,#2768,.T.);
#2859 = ORIENTED_EDGE('',*,*,#2813,.T.);
#2860 = ORIENTED_EDGE('',*,*,#2834,.T.);
#2861 = B_SPLINE_SURFACE_WITH_KNOTS('',1,1,(
    (#2862,#2863)
    ,(#2864,#2865
    )),.UNSPECIFIED.,.F.,.F.,.F.,(2,2),(2,2),(-1.152897643648,
    0.247102356352),(-0.4,0.71),.PIECEWISE_BEZIER_KNOTS.);
#2862 = CARTESIAN_POINT('',(4.4,-2.595,1.1100001));
#2863 = CARTESIAN_POINT('',(4.4,-2.595,1.000000000549E-07));
#2864 = CARTESIAN_POINT('',(3.,-2.595,1.1100001));
#2865 = CARTESIAN_POINT('',(3.,-2.595,1.000000000549E-07));
#2866 = ADVANCED_FACE('',(#2867),#2880,.F.);
#2867 = FACE_BOUND('',#2868,.T.);
#2868 = EDGE_LOOP('',(#2869,#2870,#2871,#2872,#2873,#2874,#2875,#2876,
    #2877,#2878,#2879));
#2869 = ORIENTED_EDGE('',*,*,#2567,.F.);
#2870 = ORIENTED_EDGE('',*,*,#2827,.F.);
#2871 = ORIENTED_EDGE('',*,*,#2799,.F.);
#2872 = ORIENTED_EDGE('',*,*,#2783,.F.);
#2873 = ORIENTED_EDGE('',*,*,#2739,.F.);
#2874 = ORIENTED_EDGE('',*,*,#1160,.T.);
#2875 = ORIENTED_EDGE('',*,*,#2719,.T.);
#2876 = ORIENTED_EDGE('',*,*,#2687,.T.);
#2877 = ORIENTED_EDGE('',*,*,#2659,.T.);
#2878 = ORIENTED_EDGE('',*,*,#2631,.T.);
#2879 = ORIENTED_EDGE('',*,*,#2603,.T.);
#2880 = B_SPLINE_SURFACE_WITH_KNOTS('',1,1,(
    (#2881,#2882)
    ,(#2883,#2884
    )),.UNSPECIFIED.,.F.,.F.,.F.,(2,2),(2,2),(-1.152897643648,
    0.247102356352),(-0.4,0.71),.PIECEWISE_BEZIER_KNOTS.);
#2881 = CARTESIAN_POINT('',(4.4,-1.895,1.1100001));
#2882 = CARTESIAN_POINT('',(4.4,-1.895,1.000000000549E-07));
#2883 = CARTESIAN_POINT('',(3.,-1.895,1.1100001));
#2884 = CARTESIAN_POINT('',(3.,-1.895,1.000000000549E-07));
#2885 = ADVANCED_FACE('',(#2886),#2896,.F.);
#2886 = FACE_BOUND('',#2887,.T.);
#2887 = EDGE_LOOP('',(#2888,#2889,#2890,#2895));
#2888 = ORIENTED_EDGE('',*,*,#997,.T.);
#2889 = ORIENTED_EDGE('',*,*,#1410,.F.);
#2890 = ORIENTED_EDGE('',*,*,#2891,.F.);
#2891 = EDGE_CURVE('',#1117,#1404,#2892,.T.);
#2892 = B_SPLINE_CURVE_WITH_KNOTS('',1,(#2893,#2894),.UNSPECIFIED.,.F.,
  .F.,(2,2),(0.,6.),.PIECEWISE_BEZIER_KNOTS.);
#2893 = CARTESIAN_POINT('',(3.,-0.995,0.5100001));
#2894 = CARTESIAN_POINT('',(-3.,-0.995,0.5100001));
#2895 = ORIENTED_EDGE('',*,*,#1116,.T.);
#2896 = B_SPLINE_SURFACE_WITH_KNOTS('',1,1,(
    (#2897,#2898)
    ,(#2899,#2900
    )),.UNSPECIFIED.,.F.,.F.,.F.,(2,2),(2,2),(-0.,0.5),(-6.,0.),
  .PIECEWISE_BEZIER_KNOTS.);
#2897 = CARTESIAN_POINT('',(-3.,-0.995,0.5100001));
#2898 = CARTESIAN_POINT('',(3.,-0.995,0.5100001));
#2899 = CARTESIAN_POINT('',(-3.,-0.995,1.00001E-02));
#2900 = CARTESIAN_POINT('',(3.,-0.995,1.00001E-02));
#2901 = ADVANCED_FACE('',(#2902),#2912,.F.);
#2902 = FACE_BOUND('',#2903,.T.);
#2903 = EDGE_LOOP('',(#2904,#2905,#2906,#2911));
#2904 = ORIENTED_EDGE('',*,*,#1520,.T.);
#2905 = ORIENTED_EDGE('',*,*,#1130,.F.);
#2906 = ORIENTED_EDGE('',*,*,#2907,.F.);
#2907 = EDGE_CURVE('',#1397,#1124,#2908,.T.);
#2908 = B_SPLINE_CURVE_WITH_KNOTS('',1,(#2909,#2910),.UNSPECIFIED.,.F.,
  .F.,(2,2),(-6.,0.),.PIECEWISE_BEZIER_KNOTS.);
#2909 = CARTESIAN_POINT('',(-3.,1.005,0.5100001));
#2910 = CARTESIAN_POINT('',(3.,1.005,0.5100001));
#2911 = ORIENTED_EDGE('',*,*,#1396,.T.);
#2912 = B_SPLINE_SURFACE_WITH_KNOTS('',1,1,(
    (#2913,#2914)
    ,(#2915,#2916
    )),.UNSPECIFIED.,.F.,.F.,.F.,(2,2),(2,2),(-0.5,0.),(-6.,0.),
  .PIECEWISE_BEZIER_KNOTS.);
#2913 = CARTESIAN_POINT('',(-3.,1.005,1.00001E-02));
#2914 = CARTESIAN_POINT('',(3.,1.005,1.00001E-02));
#2915 = CARTESIAN_POINT('',(-3.,1.005,0.5100001));
#2916 = CARTESIAN_POINT('',(3.,1.005,0.5100001));
#2917 = ADVANCED_FACE('',(#2918),#2924,.F.);
#2918 = FACE_BOUND('',#2919,.T.);
#2919 = EDGE_LOOP('',(#2920,#2921,#2922,#2923));
#2920 = ORIENTED_EDGE('',*,*,#1403,.T.);
#2921 = ORIENTED_EDGE('',*,*,#2907,.T.);
#2922 = ORIENTED_EDGE('',*,*,#1123,.T.);
#2923 = ORIENTED_EDGE('',*,*,#2891,.T.);
#2924 = B_SPLINE_SURFACE_WITH_KNOTS('',1,1,(
    (#2925,#2926)
    ,(#2927,#2928
    )),.UNSPECIFIED.,.F.,.F.,.F.,(2,2),(2,2),(-3.,3.),(-1.,1.),
  .PIECEWISE_BEZIER_KNOTS.);
#2925 = CARTESIAN_POINT('',(-3.,-0.995,0.5100001));
#2926 = CARTESIAN_POINT('',(-3.,1.005,0.5100001));
#2927 = CARTESIAN_POINT('',(3.,-0.995,0.5100001));
#2928 = CARTESIAN_POINT('',(3.,1.005,0.5100001));
#2929 = ADVANCED_FACE('',(#2930),#2946,.F.);
#2930 = FACE_BOUND('',#2931,.T.);
#2931 = EDGE_LOOP('',(#2932,#2933,#2934,#2941));
#2932 = ORIENTED_EDGE('',*,*,#1011,.T.);
#2933 = ORIENTED_EDGE('',*,*,#1110,.F.);
#2934 = ORIENTED_EDGE('',*,*,#2935,.F.);
#2935 = EDGE_CURVE('',#2936,#1104,#2938,.T.);
#2936 = VERTEX_POINT('',#2937);
#2937 = CARTESIAN_POINT('',(2.2,-1.495,0.5100001));
#2938 = B_SPLINE_CURVE_WITH_KNOTS('',1,(#2939,#2940),.UNSPECIFIED.,.F.,
  .F.,(2,2),(-0.8,0.),.PIECEWISE_BEZIER_KNOTS.);
#2939 = CARTESIAN_POINT('',(2.2,-1.495,0.5100001));
#2940 = CARTESIAN_POINT('',(3.,-1.495,0.5100001));
#2941 = ORIENTED_EDGE('',*,*,#2942,.T.);
#2942 = EDGE_CURVE('',#2936,#1012,#2943,.T.);
#2943 = B_SPLINE_CURVE_WITH_KNOTS('',1,(#2944,#2945),.UNSPECIFIED.,.F.,
  .F.,(2,2),(-0.,0.5),.PIECEWISE_BEZIER_KNOTS.);
#2944 = CARTESIAN_POINT('',(2.2,-1.495,0.5100001));
#2945 = CARTESIAN_POINT('',(2.2,-1.495,1.00001E-02));
#2946 = B_SPLINE_SURFACE_WITH_KNOTS('',1,1,(
    (#2947,#2948)
    ,(#2949,#2950
    )),.UNSPECIFIED.,.F.,.F.,.F.,(2,2),(2,2),(-0.5,0.),(-0.8,0.),
  .PIECEWISE_BEZIER_KNOTS.);
#2947 = CARTESIAN_POINT('',(2.2,-1.495,1.00001E-02));
#2948 = CARTESIAN_POINT('',(3.,-1.495,1.00001E-02));
#2949 = CARTESIAN_POINT('',(2.2,-1.495,0.5100001));
#2950 = CARTESIAN_POINT('',(3.,-1.495,0.5100001));
#2951 = ADVANCED_FACE('',(#2952),#2962,.F.);
#2952 = FACE_BOUND('',#2953,.T.);
#2953 = EDGE_LOOP('',(#2954,#2955,#2956,#2961));
#2954 = ORIENTED_EDGE('',*,*,#1018,.T.);
#2955 = ORIENTED_EDGE('',*,*,#2942,.F.);
#2956 = ORIENTED_EDGE('',*,*,#2957,.F.);
#2957 = EDGE_CURVE('',#1457,#2936,#2958,.T.);
#2958 = B_SPLINE_CURVE_WITH_KNOTS('',1,(#2959,#2960),.UNSPECIFIED.,.F.,
  .F.,(2,2),(0.,1.5),.PIECEWISE_BEZIER_KNOTS.);
#2959 = CARTESIAN_POINT('',(2.2,-2.995,0.5100001));
#2960 = CARTESIAN_POINT('',(2.2,-1.495,0.5100001));
#2961 = ORIENTED_EDGE('',*,*,#1456,.T.);
#2962 = B_SPLINE_SURFACE_WITH_KNOTS('',1,1,(
    (#2963,#2964)
    ,(#2965,#2966
    )),.UNSPECIFIED.,.F.,.F.,.F.,(2,2),(2,2),(-1.5,2.6645352591E-15),(
    -0.5,0.),.PIECEWISE_BEZIER_KNOTS.);
#2963 = CARTESIAN_POINT('',(2.2,-1.495,1.00001E-02));
#2964 = CARTESIAN_POINT('',(2.2,-1.495,0.5100001));
#2965 = CARTESIAN_POINT('',(2.2,-2.995,1.00001E-02));
#2966 = CARTESIAN_POINT('',(2.2,-2.995,0.5100001));
#2967 = ADVANCED_FACE('',(#2968),#2974,.T.);
#2968 = FACE_BOUND('',#2969,.T.);
#2969 = EDGE_LOOP('',(#2970,#2971,#2972,#2973));
#2970 = ORIENTED_EDGE('',*,*,#1463,.T.);
#2971 = ORIENTED_EDGE('',*,*,#2957,.T.);
#2972 = ORIENTED_EDGE('',*,*,#2935,.T.);
#2973 = ORIENTED_EDGE('',*,*,#1103,.T.);
#2974 = B_SPLINE_SURFACE_WITH_KNOTS('',1,1,(
    (#2975,#2976)
    ,(#2977,#2978
    )),.UNSPECIFIED.,.F.,.F.,.F.,(2,2),(2,2),(-3.,-2.2),(-3.,-1.5),
  .PIECEWISE_BEZIER_KNOTS.);
#2975 = CARTESIAN_POINT('',(3.,-2.995,0.5100001));
#2976 = CARTESIAN_POINT('',(3.,-1.495,0.5100001));
#2977 = CARTESIAN_POINT('',(2.2,-2.995,0.5100001));
#2978 = CARTESIAN_POINT('',(2.2,-1.495,0.5100001));
#2979 = ADVANCED_FACE('',(#2980),#2996,.F.);
#2980 = FACE_BOUND('',#2981,.T.);
#2981 = EDGE_LOOP('',(#2982,#2983,#2984,#2991));
#2982 = ORIENTED_EDGE('',*,*,#1032,.T.);
#2983 = ORIENTED_EDGE('',*,*,#1450,.F.);
#2984 = ORIENTED_EDGE('',*,*,#2985,.F.);
#2985 = EDGE_CURVE('',#2986,#1444,#2988,.T.);
#2986 = VERTEX_POINT('',#2987);
#2987 = CARTESIAN_POINT('',(1.25,-1.495,0.5100001));
#2988 = B_SPLINE_CURVE_WITH_KNOTS('',1,(#2989,#2990),.UNSPECIFIED.,.F.,
  .F.,(2,2),(0.,1.5),.PIECEWISE_BEZIER_KNOTS.);
#2989 = CARTESIAN_POINT('',(1.25,-1.495,0.5100001));
#2990 = CARTESIAN_POINT('',(1.25,-2.995,0.5100001));
#2991 = ORIENTED_EDGE('',*,*,#2992,.T.);
#2992 = EDGE_CURVE('',#2986,#1033,#2993,.T.);
#2993 = B_SPLINE_CURVE_WITH_KNOTS('',1,(#2994,#2995),.UNSPECIFIED.,.F.,
  .F.,(2,2),(-0.,0.5),.PIECEWISE_BEZIER_KNOTS.);
#2994 = CARTESIAN_POINT('',(1.25,-1.495,0.5100001));
#2995 = CARTESIAN_POINT('',(1.25,-1.495,1.00001E-02));
#2996 = B_SPLINE_SURFACE_WITH_KNOTS('',1,1,(
    (#2997,#2998)
    ,(#2999,#3000
    )),.UNSPECIFIED.,.F.,.F.,.F.,(2,2),(2,2),(-0.,0.5),(-1.5,0.),
  .PIECEWISE_BEZIER_KNOTS.);
#2997 = CARTESIAN_POINT('',(1.25,-2.995,0.5100001));
#2998 = CARTESIAN_POINT('',(1.25,-1.495,0.5100001));
#2999 = CARTESIAN_POINT('',(1.25,-2.995,1.00001E-02));
#3000 = CARTESIAN_POINT('',(1.25,-1.495,1.00001E-02));
#3001 = ADVANCED_FACE('',(#3002),#3018,.F.);
#3002 = FACE_BOUND('',#3003,.T.);
#3003 = EDGE_LOOP('',(#3004,#3005,#3006,#3013));
#3004 = ORIENTED_EDGE('',*,*,#1039,.T.);
#3005 = ORIENTED_EDGE('',*,*,#2992,.F.);
#3006 = ORIENTED_EDGE('',*,*,#3007,.F.);
#3007 = EDGE_CURVE('',#3008,#2986,#3010,.T.);
#3008 = VERTEX_POINT('',#3009);
#3009 = CARTESIAN_POINT('',(-1.25,-1.495,0.5100001));
#3010 = B_SPLINE_CURVE_WITH_KNOTS('',1,(#3011,#3012),.UNSPECIFIED.,.F.,
  .F.,(2,2),(-2.5,0.),.PIECEWISE_BEZIER_KNOTS.);
#3011 = CARTESIAN_POINT('',(-1.25,-1.495,0.5100001));
#3012 = CARTESIAN_POINT('',(1.25,-1.495,0.5100001));
#3013 = ORIENTED_EDGE('',*,*,#3014,.T.);
#3014 = EDGE_CURVE('',#3008,#1040,#3015,.T.);
#3015 = B_SPLINE_CURVE_WITH_KNOTS('',1,(#3016,#3017),.UNSPECIFIED.,.F.,
  .F.,(2,2),(-0.,0.5),.PIECEWISE_BEZIER_KNOTS.);
#3016 = CARTESIAN_POINT('',(-1.25,-1.495,0.5100001));
#3017 = CARTESIAN_POINT('',(-1.25,-1.495,1.00001E-02));
#3018 = B_SPLINE_SURFACE_WITH_KNOTS('',1,1,(
    (#3019,#3020)
    ,(#3021,#3022
    )),.UNSPECIFIED.,.F.,.F.,.F.,(2,2),(2,2),(-0.5,0.),(-2.5,0.),
  .PIECEWISE_BEZIER_KNOTS.);
#3019 = CARTESIAN_POINT('',(-1.25,-1.495,1.00001E-02));
#3020 = CARTESIAN_POINT('',(1.25,-1.495,1.00001E-02));
#3021 = CARTESIAN_POINT('',(-1.25,-1.495,0.5100001));
#3022 = CARTESIAN_POINT('',(1.25,-1.495,0.5100001));
#3023 = ADVANCED_FACE('',(#3024),#3034,.F.);
#3024 = FACE_BOUND('',#3025,.T.);
#3025 = EDGE_LOOP('',(#3026,#3027,#3028,#3033));
#3026 = ORIENTED_EDGE('',*,*,#1046,.T.);
#3027 = ORIENTED_EDGE('',*,*,#3014,.F.);
#3028 = ORIENTED_EDGE('',*,*,#3029,.F.);
#3029 = EDGE_CURVE('',#1437,#3008,#3030,.T.);
#3030 = B_SPLINE_CURVE_WITH_KNOTS('',1,(#3031,#3032),.UNSPECIFIED.,.F.,
  .F.,(2,2),(-1.5,0.),.PIECEWISE_BEZIER_KNOTS.);
#3031 = CARTESIAN_POINT('',(-1.25,-2.995,0.5100001));
#3032 = CARTESIAN_POINT('',(-1.25,-1.495,0.5100001));
#3033 = ORIENTED_EDGE('',*,*,#1436,.T.);
#3034 = B_SPLINE_SURFACE_WITH_KNOTS('',1,1,(
    (#3035,#3036)
    ,(#3037,#3038
    )),.UNSPECIFIED.,.F.,.F.,.F.,(2,2),(2,2),(-0.5,0.),(-1.5,0.),
  .PIECEWISE_BEZIER_KNOTS.);
#3035 = CARTESIAN_POINT('',(-1.25,-2.995,1.00001E-02));
#3036 = CARTESIAN_POINT('',(-1.25,-1.495,1.00001E-02));
#3037 = CARTESIAN_POINT('',(-1.25,-2.995,0.5100001));
#3038 = CARTESIAN_POINT('',(-1.25,-1.495,0.5100001));
#3039 = ADVANCED_FACE('',(#3040),#3046,.T.);
#3040 = FACE_BOUND('',#3041,.T.);
#3041 = EDGE_LOOP('',(#3042,#3043,#3044,#3045));
#3042 = ORIENTED_EDGE('',*,*,#2985,.T.);
#3043 = ORIENTED_EDGE('',*,*,#1443,.T.);
#3044 = ORIENTED_EDGE('',*,*,#3029,.T.);
#3045 = ORIENTED_EDGE('',*,*,#3007,.T.);
#3046 = B_SPLINE_SURFACE_WITH_KNOTS('',1,1,(
    (#3047,#3048)
    ,(#3049,#3050
    )),.UNSPECIFIED.,.F.,.F.,.F.,(2,2),(2,2),(-1.25,1.25),(-3.,-1.5),
  .PIECEWISE_BEZIER_KNOTS.);
#3047 = CARTESIAN_POINT('',(1.25,-2.995,0.5100001));
#3048 = CARTESIAN_POINT('',(1.25,-1.495,0.5100001));
#3049 = CARTESIAN_POINT('',(-1.25,-2.995,0.5100001));
#3050 = CARTESIAN_POINT('',(-1.25,-1.495,0.5100001));
#3051 = ADVANCED_FACE('',(#3052),#3068,.F.);
#3052 = FACE_BOUND('',#3053,.T.);
#3053 = EDGE_LOOP('',(#3054,#3055,#3062,#3067));
#3054 = ORIENTED_EDGE('',*,*,#1553,.T.);
#3055 = ORIENTED_EDGE('',*,*,#3056,.F.);
#3056 = EDGE_CURVE('',#3057,#1547,#3059,.T.);
#3057 = VERTEX_POINT('',#3058);
#3058 = CARTESIAN_POINT('',(1.25,1.505,0.5100001));
#3059 = B_SPLINE_CURVE_WITH_KNOTS('',1,(#3060,#3061),.UNSPECIFIED.,.F.,
  .F.,(2,2),(-0.,0.5),.PIECEWISE_BEZIER_KNOTS.);
#3060 = CARTESIAN_POINT('',(1.25,1.505,0.5100001));
#3061 = CARTESIAN_POINT('',(1.25,1.505,1.00001E-02));
#3062 = ORIENTED_EDGE('',*,*,#3063,.F.);
#3063 = EDGE_CURVE('',#1225,#3057,#3064,.T.);
#3064 = B_SPLINE_CURVE_WITH_KNOTS('',1,(#3065,#3066),.UNSPECIFIED.,.F.,
  .F.,(2,2),(-1.5,-0.),.PIECEWISE_BEZIER_KNOTS.);
#3065 = CARTESIAN_POINT('',(1.25,3.005,0.5100001));
#3066 = CARTESIAN_POINT('',(1.25,1.505,0.5100001));
#3067 = ORIENTED_EDGE('',*,*,#1224,.T.);
#3068 = B_SPLINE_SURFACE_WITH_KNOTS('',1,1,(
    (#3069,#3070)
    ,(#3071,#3072
    )),.UNSPECIFIED.,.F.,.F.,.F.,(2,2),(2,2),(0.,0.5),(0.,1.5),
  .PIECEWISE_BEZIER_KNOTS.);
#3069 = CARTESIAN_POINT('',(1.25,1.505,0.5100001));
#3070 = CARTESIAN_POINT('',(1.25,3.005,0.5100001));
#3071 = CARTESIAN_POINT('',(1.25,1.505,1.00001E-02));
#3072 = CARTESIAN_POINT('',(1.25,3.005,1.00001E-02));
#3073 = ADVANCED_FACE('',(#3074),#3090,.F.);
#3074 = FACE_BOUND('',#3075,.T.);
#3075 = EDGE_LOOP('',(#3076,#3077,#3078,#3085));
#3076 = ORIENTED_EDGE('',*,*,#1539,.T.);
#3077 = ORIENTED_EDGE('',*,*,#1238,.F.);
#3078 = ORIENTED_EDGE('',*,*,#3079,.F.);
#3079 = EDGE_CURVE('',#3080,#1232,#3082,.T.);
#3080 = VERTEX_POINT('',#3081);
#3081 = CARTESIAN_POINT('',(-1.25,1.505,0.5100001));
#3082 = B_SPLINE_CURVE_WITH_KNOTS('',1,(#3083,#3084),.UNSPECIFIED.,.F.,
  .F.,(2,2),(0.,1.5),.PIECEWISE_BEZIER_KNOTS.);
#3083 = CARTESIAN_POINT('',(-1.25,1.505,0.5100001));
#3084 = CARTESIAN_POINT('',(-1.25,3.005,0.5100001));
#3085 = ORIENTED_EDGE('',*,*,#3086,.T.);
#3086 = EDGE_CURVE('',#3080,#1540,#3087,.T.);
#3087 = B_SPLINE_CURVE_WITH_KNOTS('',1,(#3088,#3089),.UNSPECIFIED.,.F.,
  .F.,(2,2),(-0.,0.5),.PIECEWISE_BEZIER_KNOTS.);
#3088 = CARTESIAN_POINT('',(-1.25,1.505,0.5100001));
#3089 = CARTESIAN_POINT('',(-1.25,1.505,1.00001E-02));
#3090 = B_SPLINE_SURFACE_WITH_KNOTS('',1,1,(
    (#3091,#3092)
    ,(#3093,#3094
    )),.UNSPECIFIED.,.F.,.F.,.F.,(2,2),(2,2),(-0.5,0.),(0.,1.5),
  .PIECEWISE_BEZIER_KNOTS.);
#3091 = CARTESIAN_POINT('',(-1.25,1.505,1.00001E-02));
#3092 = CARTESIAN_POINT('',(-1.25,3.005,1.00001E-02));
#3093 = CARTESIAN_POINT('',(-1.25,1.505,0.5100001));
#3094 = CARTESIAN_POINT('',(-1.25,3.005,0.5100001));
#3095 = ADVANCED_FACE('',(#3096),#3106,.F.);
#3096 = FACE_BOUND('',#3097,.T.);
#3097 = EDGE_LOOP('',(#3098,#3099,#3100,#3105));
#3098 = ORIENTED_EDGE('',*,*,#1546,.T.);
#3099 = ORIENTED_EDGE('',*,*,#3086,.F.);
#3100 = ORIENTED_EDGE('',*,*,#3101,.F.);
#3101 = EDGE_CURVE('',#3057,#3080,#3102,.T.);
#3102 = B_SPLINE_CURVE_WITH_KNOTS('',1,(#3103,#3104),.UNSPECIFIED.,.F.,
  .F.,(2,2),(0.,2.5),.PIECEWISE_BEZIER_KNOTS.);
#3103 = CARTESIAN_POINT('',(1.25,1.505,0.5100001));
#3104 = CARTESIAN_POINT('',(-1.25,1.505,0.5100001));
#3105 = ORIENTED_EDGE('',*,*,#3056,.T.);
#3106 = B_SPLINE_SURFACE_WITH_KNOTS('',1,1,(
    (#3107,#3108)
    ,(#3109,#3110
    )),.UNSPECIFIED.,.F.,.F.,.F.,(2,2),(2,2),(-0.,0.5),(-2.5,0.),
  .PIECEWISE_BEZIER_KNOTS.);
#3107 = CARTESIAN_POINT('',(-1.25,1.505,0.5100001));
#3108 = CARTESIAN_POINT('',(1.25,1.505,0.5100001));
#3109 = CARTESIAN_POINT('',(-1.25,1.505,1.00001E-02));
#3110 = CARTESIAN_POINT('',(1.25,1.505,1.00001E-02));
#3111 = ADVANCED_FACE('',(#3112),#3118,.F.);
#3112 = FACE_BOUND('',#3113,.T.);
#3113 = EDGE_LOOP('',(#3114,#3115,#3116,#3117));
#3114 = ORIENTED_EDGE('',*,*,#3063,.T.);
#3115 = ORIENTED_EDGE('',*,*,#3101,.T.);
#3116 = ORIENTED_EDGE('',*,*,#3079,.T.);
#3117 = ORIENTED_EDGE('',*,*,#1231,.T.);
#3118 = B_SPLINE_SURFACE_WITH_KNOTS('',1,1,(
    (#3119,#3120)
    ,(#3121,#3122
    )),.UNSPECIFIED.,.F.,.F.,.F.,(2,2),(2,2),(-1.25,1.25),(1.5,3.),
  .PIECEWISE_BEZIER_KNOTS.);
#3119 = CARTESIAN_POINT('',(-1.25,1.505,0.5100001));
#3120 = CARTESIAN_POINT('',(-1.25,3.005,0.5100001));
#3121 = CARTESIAN_POINT('',(1.25,1.505,0.5100001));
#3122 = CARTESIAN_POINT('',(1.25,3.005,0.5100001));
#3123 = ADVANCED_FACE('',(#3124),#3140,.F.);
#3124 = FACE_BOUND('',#3125,.T.);
#3125 = EDGE_LOOP('',(#3126,#3127,#3128,#3135));
#3126 = ORIENTED_EDGE('',*,*,#1526,.T.);
#3127 = ORIENTED_EDGE('',*,*,#1382,.F.);
#3128 = ORIENTED_EDGE('',*,*,#3129,.F.);
#3129 = EDGE_CURVE('',#3130,#1376,#3132,.T.);
#3130 = VERTEX_POINT('',#3131);
#3131 = CARTESIAN_POINT('',(-2.2,1.505,0.5100001));
#3132 = B_SPLINE_CURVE_WITH_KNOTS('',1,(#3133,#3134),.UNSPECIFIED.,.F.,
  .F.,(2,2),(-0.8,-0.),.PIECEWISE_BEZIER_KNOTS.);
#3133 = CARTESIAN_POINT('',(-2.2,1.505,0.5100001));
#3134 = CARTESIAN_POINT('',(-3.,1.505,0.5100001));
#3135 = ORIENTED_EDGE('',*,*,#3136,.T.);
#3136 = EDGE_CURVE('',#3130,#1527,#3137,.T.);
#3137 = B_SPLINE_CURVE_WITH_KNOTS('',1,(#3138,#3139),.UNSPECIFIED.,.F.,
  .F.,(2,2),(-0.,0.5),.PIECEWISE_BEZIER_KNOTS.);
#3138 = CARTESIAN_POINT('',(-2.2,1.505,0.5100001));
#3139 = CARTESIAN_POINT('',(-2.2,1.505,1.00001E-02));
#3140 = B_SPLINE_SURFACE_WITH_KNOTS('',1,1,(
    (#3141,#3142)
    ,(#3143,#3144
    )),.UNSPECIFIED.,.F.,.F.,.F.,(2,2),(2,2),(0.,0.5),(0.,0.8),
  .PIECEWISE_BEZIER_KNOTS.);
#3141 = CARTESIAN_POINT('',(-3.,1.505,0.5100001));
#3142 = CARTESIAN_POINT('',(-2.2,1.505,0.5100001));
#3143 = CARTESIAN_POINT('',(-3.,1.505,1.00001E-02));
#3144 = CARTESIAN_POINT('',(-2.2,1.505,1.00001E-02));
#3145 = ADVANCED_FACE('',(#3146),#3156,.F.);
#3146 = FACE_BOUND('',#3147,.T.);
#3147 = EDGE_LOOP('',(#3148,#3149,#3150,#3155));
#3148 = ORIENTED_EDGE('',*,*,#1533,.T.);
#3149 = ORIENTED_EDGE('',*,*,#3136,.F.);
#3150 = ORIENTED_EDGE('',*,*,#3151,.F.);
#3151 = EDGE_CURVE('',#1253,#3130,#3152,.T.);
#3152 = B_SPLINE_CURVE_WITH_KNOTS('',1,(#3153,#3154),.UNSPECIFIED.,.F.,
  .F.,(2,2),(0.,1.5),.PIECEWISE_BEZIER_KNOTS.);
#3153 = CARTESIAN_POINT('',(-2.2,3.005,0.5100001));
#3154 = CARTESIAN_POINT('',(-2.2,1.505,0.5100001));
#3155 = ORIENTED_EDGE('',*,*,#1252,.T.);
#3156 = B_SPLINE_SURFACE_WITH_KNOTS('',1,1,(
    (#3157,#3158)
    ,(#3159,#3160
    )),.UNSPECIFIED.,.F.,.F.,.F.,(2,2),(2,2),(-1.5,0.),(-0.5,0.),
  .PIECEWISE_BEZIER_KNOTS.);
#3157 = CARTESIAN_POINT('',(-2.2,1.505,1.00001E-02));
#3158 = CARTESIAN_POINT('',(-2.2,1.505,0.5100001));
#3159 = CARTESIAN_POINT('',(-2.2,3.005,1.00001E-02));
#3160 = CARTESIAN_POINT('',(-2.2,3.005,0.5100001));
#3161 = ADVANCED_FACE('',(#3162),#3168,.F.);
#3162 = FACE_BOUND('',#3163,.T.);
#3163 = EDGE_LOOP('',(#3164,#3165,#3166,#3167));
#3164 = ORIENTED_EDGE('',*,*,#1375,.T.);
#3165 = ORIENTED_EDGE('',*,*,#1259,.T.);
#3166 = ORIENTED_EDGE('',*,*,#3151,.T.);
#3167 = ORIENTED_EDGE('',*,*,#3129,.T.);
#3168 = B_SPLINE_SURFACE_WITH_KNOTS('',1,1,(
    (#3169,#3170)
    ,(#3171,#3172
    )),.UNSPECIFIED.,.F.,.F.,.F.,(2,2),(2,2),(-3.,-2.2),(1.5,3.),
  .PIECEWISE_BEZIER_KNOTS.);
#3169 = CARTESIAN_POINT('',(-3.,1.505,0.5100001));
#3170 = CARTESIAN_POINT('',(-3.,3.005,0.5100001));
#3171 = CARTESIAN_POINT('',(-2.2,1.505,0.5100001));
#3172 = CARTESIAN_POINT('',(-2.2,3.005,0.5100001));
#3173 = ADVANCED_FACE('',(#3174),#3190,.F.);
#3174 = FACE_BOUND('',#3175,.T.);
#3175 = EDGE_LOOP('',(#3176,#3177,#3178,#3185));
#3176 = ORIENTED_EDGE('',*,*,#1507,.T.);
#3177 = ORIENTED_EDGE('',*,*,#1210,.F.);
#3178 = ORIENTED_EDGE('',*,*,#3179,.F.);
#3179 = EDGE_CURVE('',#3180,#1204,#3182,.T.);
#3180 = VERTEX_POINT('',#3181);
#3181 = CARTESIAN_POINT('',(2.2,1.505,0.5100001));
#3182 = B_SPLINE_CURVE_WITH_KNOTS('',1,(#3183,#3184),.UNSPECIFIED.,.F.,
  .F.,(2,2),(-1.5,0.),.PIECEWISE_BEZIER_KNOTS.);
#3183 = CARTESIAN_POINT('',(2.2,1.505,0.5100001));
#3184 = CARTESIAN_POINT('',(2.2,3.005,0.5100001));
#3185 = ORIENTED_EDGE('',*,*,#3186,.T.);
#3186 = EDGE_CURVE('',#3180,#1508,#3187,.T.);
#3187 = B_SPLINE_CURVE_WITH_KNOTS('',1,(#3188,#3189),.UNSPECIFIED.,.F.,
  .F.,(2,2),(-0.,0.5),.PIECEWISE_BEZIER_KNOTS.);
#3188 = CARTESIAN_POINT('',(2.2,1.505,0.5100001));
#3189 = CARTESIAN_POINT('',(2.2,1.505,1.00001E-02));
#3190 = B_SPLINE_SURFACE_WITH_KNOTS('',1,1,(
    (#3191,#3192)
    ,(#3193,#3194
    )),.UNSPECIFIED.,.F.,.F.,.F.,(2,2),(2,2),(-0.,1.5),(-0.5,0.),
  .PIECEWISE_BEZIER_KNOTS.);
#3191 = CARTESIAN_POINT('',(2.2,3.005,1.00001E-02));
#3192 = CARTESIAN_POINT('',(2.2,3.005,0.5100001));
#3193 = CARTESIAN_POINT('',(2.2,1.505,1.00001E-02));
#3194 = CARTESIAN_POINT('',(2.2,1.505,0.5100001));
#3195 = ADVANCED_FACE('',(#3196),#3206,.F.);
#3196 = FACE_BOUND('',#3197,.T.);
#3197 = EDGE_LOOP('',(#3198,#3199,#3200,#3205));
#3198 = ORIENTED_EDGE('',*,*,#1514,.T.);
#3199 = ORIENTED_EDGE('',*,*,#3186,.F.);
#3200 = ORIENTED_EDGE('',*,*,#3201,.F.);
#3201 = EDGE_CURVE('',#1069,#3180,#3202,.T.);
#3202 = B_SPLINE_CURVE_WITH_KNOTS('',1,(#3203,#3204),.UNSPECIFIED.,.F.,
  .F.,(2,2),(0.,0.8),.PIECEWISE_BEZIER_KNOTS.);
#3203 = CARTESIAN_POINT('',(3.,1.505,0.5100001));
#3204 = CARTESIAN_POINT('',(2.2,1.505,0.5100001));
#3205 = ORIENTED_EDGE('',*,*,#1068,.T.);
#3206 = B_SPLINE_SURFACE_WITH_KNOTS('',1,1,(
    (#3207,#3208)
    ,(#3209,#3210
    )),.UNSPECIFIED.,.F.,.F.,.F.,(2,2),(2,2),(-0.,0.5),(-0.8,
    4.440892098501E-16),.PIECEWISE_BEZIER_KNOTS.);
#3207 = CARTESIAN_POINT('',(2.2,1.505,0.5100001));
#3208 = CARTESIAN_POINT('',(3.,1.505,0.5100001));
#3209 = CARTESIAN_POINT('',(2.2,1.505,1.00001E-02));
#3210 = CARTESIAN_POINT('',(3.,1.505,1.00001E-02));
#3211 = ADVANCED_FACE('',(#3212),#3218,.T.);
#3212 = FACE_BOUND('',#3213,.T.);
#3213 = EDGE_LOOP('',(#3214,#3215,#3216,#3217));
#3214 = ORIENTED_EDGE('',*,*,#1075,.T.);
#3215 = ORIENTED_EDGE('',*,*,#3201,.T.);
#3216 = ORIENTED_EDGE('',*,*,#3179,.T.);
#3217 = ORIENTED_EDGE('',*,*,#1203,.T.);
#3218 = B_SPLINE_SURFACE_WITH_KNOTS('',1,1,(
    (#3219,#3220)
    ,(#3221,#3222
    )),.UNSPECIFIED.,.F.,.F.,.F.,(2,2),(2,2),(-3.,-2.2),(1.5,3.),
  .PIECEWISE_BEZIER_KNOTS.);
#3219 = CARTESIAN_POINT('',(3.,1.505,0.5100001));
#3220 = CARTESIAN_POINT('',(3.,3.005,0.5100001));
#3221 = CARTESIAN_POINT('',(2.2,1.505,0.5100001));
#3222 = CARTESIAN_POINT('',(2.2,3.005,0.5100001));
#3223 = ADVANCED_FACE('',(#3224),#3240,.F.);
#3224 = FACE_BOUND('',#3225,.T.);
#3225 = EDGE_LOOP('',(#3226,#3227,#3228,#3235));
#3226 = ORIENTED_EDGE('',*,*,#976,.T.);
#3227 = ORIENTED_EDGE('',*,*,#1430,.F.);
#3228 = ORIENTED_EDGE('',*,*,#3229,.F.);
#3229 = EDGE_CURVE('',#3230,#1424,#3232,.T.);
#3230 = VERTEX_POINT('',#3231);
#3231 = CARTESIAN_POINT('',(-2.2,-1.495,0.5100001));
#3232 = B_SPLINE_CURVE_WITH_KNOTS('',1,(#3233,#3234),.UNSPECIFIED.,.F.,
  .F.,(2,2),(-1.5,0.),.PIECEWISE_BEZIER_KNOTS.);
#3233 = CARTESIAN_POINT('',(-2.2,-1.495,0.5100001));
#3234 = CARTESIAN_POINT('',(-2.2,-2.995,0.5100001));
#3235 = ORIENTED_EDGE('',*,*,#3236,.T.);
#3236 = EDGE_CURVE('',#3230,#977,#3237,.T.);
#3237 = B_SPLINE_CURVE_WITH_KNOTS('',1,(#3238,#3239),.UNSPECIFIED.,.F.,
  .F.,(2,2),(-0.,0.5),.PIECEWISE_BEZIER_KNOTS.);
#3238 = CARTESIAN_POINT('',(-2.2,-1.495,0.5100001));
#3239 = CARTESIAN_POINT('',(-2.2,-1.495,1.00001E-02));
#3240 = B_SPLINE_SURFACE_WITH_KNOTS('',1,1,(
    (#3241,#3242)
    ,(#3243,#3244
    )),.UNSPECIFIED.,.F.,.F.,.F.,(2,2),(2,2),(0.,1.5),(-0.5,0.),
  .PIECEWISE_BEZIER_KNOTS.);
#3241 = CARTESIAN_POINT('',(-2.2,-2.995,1.00001E-02));
#3242 = CARTESIAN_POINT('',(-2.2,-2.995,0.5100001));
#3243 = CARTESIAN_POINT('',(-2.2,-1.495,1.00001E-02));
#3244 = CARTESIAN_POINT('',(-2.2,-1.495,0.5100001));
#3245 = ADVANCED_FACE('',(#3246),#3256,.F.);
#3246 = FACE_BOUND('',#3247,.T.);
#3247 = EDGE_LOOP('',(#3248,#3249,#3250,#3255));
#3248 = ORIENTED_EDGE('',*,*,#983,.T.);
#3249 = ORIENTED_EDGE('',*,*,#3236,.F.);
#3250 = ORIENTED_EDGE('',*,*,#3251,.F.);
#3251 = EDGE_CURVE('',#1349,#3230,#3252,.T.);
#3252 = B_SPLINE_CURVE_WITH_KNOTS('',1,(#3253,#3254),.UNSPECIFIED.,.F.,
  .F.,(2,2),(0.,0.8),.PIECEWISE_BEZIER_KNOTS.);
#3253 = CARTESIAN_POINT('',(-3.,-1.495,0.5100001));
#3254 = CARTESIAN_POINT('',(-2.2,-1.495,0.5100001));
#3255 = ORIENTED_EDGE('',*,*,#1348,.T.);
#3256 = B_SPLINE_SURFACE_WITH_KNOTS('',1,1,(
    (#3257,#3258)
    ,(#3259,#3260
    )),.UNSPECIFIED.,.F.,.F.,.F.,(2,2),(2,2),(-0.5,0.),(0.,0.8),
  .PIECEWISE_BEZIER_KNOTS.);
#3257 = CARTESIAN_POINT('',(-3.,-1.495,1.00001E-02));
#3258 = CARTESIAN_POINT('',(-2.2,-1.495,1.00001E-02));
#3259 = CARTESIAN_POINT('',(-3.,-1.495,0.5100001));
#3260 = CARTESIAN_POINT('',(-2.2,-1.495,0.5100001));
#3261 = ADVANCED_FACE('',(#3262),#3268,.T.);
#3262 = FACE_BOUND('',#3263,.T.);
#3263 = EDGE_LOOP('',(#3264,#3265,#3266,#3267));
#3264 = ORIENTED_EDGE('',*,*,#1355,.T.);
#3265 = ORIENTED_EDGE('',*,*,#3251,.T.);
#3266 = ORIENTED_EDGE('',*,*,#3229,.T.);
#3267 = ORIENTED_EDGE('',*,*,#1423,.T.);
#3268 = B_SPLINE_SURFACE_WITH_KNOTS('',1,1,(
    (#3269,#3270)
    ,(#3271,#3272
    )),.UNSPECIFIED.,.F.,.F.,.F.,(2,2),(2,2),(2.2,3.),(-3.,-1.5),
  .PIECEWISE_BEZIER_KNOTS.);
#3269 = CARTESIAN_POINT('',(-2.2,-2.995,0.5100001));
#3270 = CARTESIAN_POINT('',(-2.2,-1.495,0.5100001));
#3271 = CARTESIAN_POINT('',(-3.,-2.995,0.5100001));
#3272 = CARTESIAN_POINT('',(-3.,-1.495,0.5100001));
#3273 = MANIFOLD_SOLID_BREP('',#3274);
#3274 = CLOSED_SHELL('',(#3275,#3311,#3339,#3367,#3395,#3423,#3443,#3457
    ));
#3275 = ADVANCED_FACE('',(#3276),#3306,.F.);
#3276 = FACE_BOUND('',#3277,.T.);
#3277 = EDGE_LOOP('',(#3278,#3287,#3294,#3301));
#3278 = ORIENTED_EDGE('',*,*,#3279,.T.);
#3279 = EDGE_CURVE('',#3280,#3282,#3284,.T.);
#3280 = VERTEX_POINT('',#3281);
#3281 = CARTESIAN_POINT('',(0.118478748633,-2.995,2.185509080597));
#3282 = VERTEX_POINT('',#3283);
#3283 = CARTESIAN_POINT('',(0.118478748633,-2.995,2.20869568213));
#3284 = B_SPLINE_CURVE_WITH_KNOTS('',1,(#3285,#3286),.UNSPECIFIED.,.F.,
  .F.,(2,2),(-2.318660153378E-02,0.),.PIECEWISE_BEZIER_KNOTS.);
#3285 = CARTESIAN_POINT('',(0.118478748633,-2.995,2.185509080597));
#3286 = CARTESIAN_POINT('',(0.118478748633,-2.995,2.20869568213));
#3287 = ORIENTED_EDGE('',*,*,#3288,.F.);
#3288 = EDGE_CURVE('',#3289,#3282,#3291,.T.);
#3289 = VERTEX_POINT('',#3290);
#3290 = CARTESIAN_POINT('',(0.118478748633,-3.005,2.20869568213));
#3291 = B_SPLINE_CURVE_WITH_KNOTS('',1,(#3292,#3293),.UNSPECIFIED.,.F.,
  .F.,(2,2),(0.,1.E-02),.PIECEWISE_BEZIER_KNOTS.);
#3292 = CARTESIAN_POINT('',(0.118478748633,-3.005,2.20869568213));
#3293 = CARTESIAN_POINT('',(0.118478748633,-2.995,2.20869568213));
#3294 = ORIENTED_EDGE('',*,*,#3295,.F.);
#3295 = EDGE_CURVE('',#3296,#3289,#3298,.T.);
#3296 = VERTEX_POINT('',#3297);
#3297 = CARTESIAN_POINT('',(0.118478748633,-3.005,2.185509080597));
#3298 = B_SPLINE_CURVE_WITH_KNOTS('',1,(#3299,#3300),.UNSPECIFIED.,.F.,
  .F.,(2,2),(-2.318660153378E-02,0.),.PIECEWISE_BEZIER_KNOTS.);
#3299 = CARTESIAN_POINT('',(0.118478748633,-3.005,2.185509080597));
#3300 = CARTESIAN_POINT('',(0.118478748633,-3.005,2.20869568213));
#3301 = ORIENTED_EDGE('',*,*,#3302,.T.);
#3302 = EDGE_CURVE('',#3296,#3280,#3303,.T.);
#3303 = B_SPLINE_CURVE_WITH_KNOTS('',1,(#3304,#3305),.UNSPECIFIED.,.F.,
  .F.,(2,2),(0.,1.E-02),.PIECEWISE_BEZIER_KNOTS.);
#3304 = CARTESIAN_POINT('',(0.118478748633,-3.005,2.185509080597));
#3305 = CARTESIAN_POINT('',(0.118478748633,-2.995,2.185509080597));
#3306 = B_SPLINE_SURFACE_WITH_KNOTS('',1,1,(
    (#3307,#3308)
    ,(#3309,#3310
    )),.UNSPECIFIED.,.F.,.F.,.F.,(2,2),(2,2),(-2.318660153378E-02,0.),(
    0.,1.E-02),.PIECEWISE_BEZIER_KNOTS.);
#3307 = CARTESIAN_POINT('',(0.118478748633,-3.005,2.185509080597));
#3308 = CARTESIAN_POINT('',(0.118478748633,-2.995,2.185509080597));
#3309 = CARTESIAN_POINT('',(0.118478748633,-3.005,2.20869568213));
#3310 = CARTESIAN_POINT('',(0.118478748633,-2.995,2.20869568213));
#3311 = ADVANCED_FACE('',(#3312),#3334,.F.);
#3312 = FACE_BOUND('',#3313,.T.);
#3313 = EDGE_LOOP('',(#3314,#3321,#3328,#3333));
#3314 = ORIENTED_EDGE('',*,*,#3315,.T.);
#3315 = EDGE_CURVE('',#3282,#3316,#3318,.T.);
#3316 = VERTEX_POINT('',#3317);
#3317 = CARTESIAN_POINT('',(3.748160695099E-02,-2.995,2.20869568213));
#3318 = B_SPLINE_CURVE_WITH_KNOTS('',1,(#3319,#3320),.UNSPECIFIED.,.F.,
  .F.,(2,2),(-8.099714168166E-02,-0.),.PIECEWISE_BEZIER_KNOTS.);
#3319 = CARTESIAN_POINT('',(0.118478748633,-2.995,2.20869568213));
#3320 = CARTESIAN_POINT('',(3.748160695099E-02,-2.995,2.20869568213));
#3321 = ORIENTED_EDGE('',*,*,#3322,.F.);
#3322 = EDGE_CURVE('',#3323,#3316,#3325,.T.);
#3323 = VERTEX_POINT('',#3324);
#3324 = CARTESIAN_POINT('',(3.748160695099E-02,-3.005,2.20869568213));
#3325 = B_SPLINE_CURVE_WITH_KNOTS('',1,(#3326,#3327),.UNSPECIFIED.,.F.,
  .F.,(2,2),(0.,1.E-02),.PIECEWISE_BEZIER_KNOTS.);
#3326 = CARTESIAN_POINT('',(3.748160695099E-02,-3.005,2.20869568213));
#3327 = CARTESIAN_POINT('',(3.748160695099E-02,-2.995,2.20869568213));
#3328 = ORIENTED_EDGE('',*,*,#3329,.F.);
#3329 = EDGE_CURVE('',#3289,#3323,#3330,.T.);
#3330 = B_SPLINE_CURVE_WITH_KNOTS('',1,(#3331,#3332),.UNSPECIFIED.,.F.,
  .F.,(2,2),(-8.099714168166E-02,-0.),.PIECEWISE_BEZIER_KNOTS.);
#3331 = CARTESIAN_POINT('',(0.118478748633,-3.005,2.20869568213));
#3332 = CARTESIAN_POINT('',(3.748160695099E-02,-3.005,2.20869568213));
#3333 = ORIENTED_EDGE('',*,*,#3288,.T.);
#3334 = B_SPLINE_SURFACE_WITH_KNOTS('',1,1,(
    (#3335,#3336)
    ,(#3337,#3338
    )),.UNSPECIFIED.,.F.,.F.,.F.,(2,2),(2,2),(-8.099714168166E-02,0.),(
    0.,1.E-02),.PIECEWISE_BEZIER_KNOTS.);
#3335 = CARTESIAN_POINT('',(0.118478748633,-3.005,2.20869568213));
#3336 = CARTESIAN_POINT('',(0.118478748633,-2.995,2.20869568213));
#3337 = CARTESIAN_POINT('',(3.748160695099E-02,-3.005,2.20869568213));
#3338 = CARTESIAN_POINT('',(3.748160695099E-02,-2.995,2.20869568213));
#3339 = ADVANCED_FACE('',(#3340),#3362,.F.);
#3340 = FACE_BOUND('',#3341,.T.);
#3341 = EDGE_LOOP('',(#3342,#3349,#3356,#3361));
#3342 = ORIENTED_EDGE('',*,*,#3343,.T.);
#3343 = EDGE_CURVE('',#3316,#3344,#3346,.T.);
#3344 = VERTEX_POINT('',#3345);
#3345 = CARTESIAN_POINT('',(3.748160695099E-02,-2.995,2.388885729028));
#3346 = B_SPLINE_CURVE_WITH_KNOTS('',1,(#3347,#3348),.UNSPECIFIED.,.F.,
  .F.,(2,2),(-0.180190046898,0.),.PIECEWISE_BEZIER_KNOTS.);
#3347 = CARTESIAN_POINT('',(3.748160695099E-02,-2.995,2.20869568213));
#3348 = CARTESIAN_POINT('',(3.748160695099E-02,-2.995,2.388885729028));
#3349 = ORIENTED_EDGE('',*,*,#3350,.F.);
#3350 = EDGE_CURVE('',#3351,#3344,#3353,.T.);
#3351 = VERTEX_POINT('',#3352);
#3352 = CARTESIAN_POINT('',(3.748160695099E-02,-3.005,2.388885729028));
#3353 = B_SPLINE_CURVE_WITH_KNOTS('',1,(#3354,#3355),.UNSPECIFIED.,.F.,
  .F.,(2,2),(0.,1.E-02),.PIECEWISE_BEZIER_KNOTS.);
#3354 = CARTESIAN_POINT('',(3.748160695099E-02,-3.005,2.388885729028));
#3355 = CARTESIAN_POINT('',(3.748160695099E-02,-2.995,2.388885729028));
#3356 = ORIENTED_EDGE('',*,*,#3357,.F.);
#3357 = EDGE_CURVE('',#3323,#3351,#3358,.T.);
#3358 = B_SPLINE_CURVE_WITH_KNOTS('',1,(#3359,#3360),.UNSPECIFIED.,.F.,
  .F.,(2,2),(-0.180190046898,0.),.PIECEWISE_BEZIER_KNOTS.);
#3359 = CARTESIAN_POINT('',(3.748160695099E-02,-3.005,2.20869568213));
#3360 = CARTESIAN_POINT('',(3.748160695099E-02,-3.005,2.388885729028));
#3361 = ORIENTED_EDGE('',*,*,#3322,.T.);
#3362 = B_SPLINE_SURFACE_WITH_KNOTS('',1,1,(
    (#3363,#3364)
    ,(#3365,#3366
    )),.UNSPECIFIED.,.F.,.F.,.F.,(2,2),(2,2),(-0.180190046898,0.),(0.,
    1.E-02),.PIECEWISE_BEZIER_KNOTS.);
#3363 = CARTESIAN_POINT('',(3.748160695099E-02,-3.005,2.20869568213));
#3364 = CARTESIAN_POINT('',(3.748160695099E-02,-2.995,2.20869568213));
#3365 = CARTESIAN_POINT('',(3.748160695099E-02,-3.005,2.388885729028));
#3366 = CARTESIAN_POINT('',(3.748160695099E-02,-2.995,2.388885729028));
#3367 = ADVANCED_FACE('',(#3368),#3390,.F.);
#3368 = FACE_BOUND('',#3369,.T.);
#3369 = EDGE_LOOP('',(#3370,#3377,#3384,#3389));
#3370 = ORIENTED_EDGE('',*,*,#3371,.T.);
#3371 = EDGE_CURVE('',#3344,#3372,#3374,.T.);
#3372 = VERTEX_POINT('',#3373);
#3373 = CARTESIAN_POINT('',(1.122771956409E-02,-2.995,2.388885729028));
#3374 = B_SPLINE_CURVE_WITH_KNOTS('',1,(#3375,#3376),.UNSPECIFIED.,.F.,
  .F.,(2,2),(-2.625388738689E-02,-0.),.PIECEWISE_BEZIER_KNOTS.);
#3375 = CARTESIAN_POINT('',(3.748160695099E-02,-2.995,2.388885729028));
#3376 = CARTESIAN_POINT('',(1.122771956409E-02,-2.995,2.388885729028));
#3377 = ORIENTED_EDGE('',*,*,#3378,.F.);
#3378 = EDGE_CURVE('',#3379,#3372,#3381,.T.);
#3379 = VERTEX_POINT('',#3380);
#3380 = CARTESIAN_POINT('',(1.122771956409E-02,-3.005,2.388885729028));
#3381 = B_SPLINE_CURVE_WITH_KNOTS('',1,(#3382,#3383),.UNSPECIFIED.,.F.,
  .F.,(2,2),(0.,1.E-02),.PIECEWISE_BEZIER_KNOTS.);
#3382 = CARTESIAN_POINT('',(1.122771956409E-02,-3.005,2.388885729028));
#3383 = CARTESIAN_POINT('',(1.122771956409E-02,-2.995,2.388885729028));
#3384 = ORIENTED_EDGE('',*,*,#3385,.F.);
#3385 = EDGE_CURVE('',#3351,#3379,#3386,.T.);
#3386 = B_SPLINE_CURVE_WITH_KNOTS('',1,(#3387,#3388),.UNSPECIFIED.,.F.,
  .F.,(2,2),(-2.625388738689E-02,-0.),.PIECEWISE_BEZIER_KNOTS.);
#3387 = CARTESIAN_POINT('',(3.748160695099E-02,-3.005,2.388885729028));
#3388 = CARTESIAN_POINT('',(1.122771956409E-02,-3.005,2.388885729028));
#3389 = ORIENTED_EDGE('',*,*,#3350,.T.);
#3390 = B_SPLINE_SURFACE_WITH_KNOTS('',1,1,(
    (#3391,#3392)
    ,(#3393,#3394
    )),.UNSPECIFIED.,.F.,.F.,.F.,(2,2),(2,2),(-2.625388738689E-02,0.),(
    0.,1.E-02),.PIECEWISE_BEZIER_KNOTS.);
#3391 = CARTESIAN_POINT('',(3.748160695099E-02,-3.005,2.388885729028));
#3392 = CARTESIAN_POINT('',(3.748160695099E-02,-2.995,2.388885729028));
#3393 = CARTESIAN_POINT('',(1.122771956409E-02,-3.005,2.388885729028));
#3394 = CARTESIAN_POINT('',(1.122771956409E-02,-2.995,2.388885729028));
#3395 = ADVANCED_FACE('',(#3396),#3418,.F.);
#3396 = FACE_BOUND('',#3397,.T.);
#3397 = EDGE_LOOP('',(#3398,#3405,#3412,#3417));
#3398 = ORIENTED_EDGE('',*,*,#3399,.T.);
#3399 = EDGE_CURVE('',#3372,#3400,#3402,.T.);
#3400 = VERTEX_POINT('',#3401);
#3401 = CARTESIAN_POINT('',(1.122771956409E-02,-2.995,2.185509080597));
#3402 = B_SPLINE_CURVE_WITH_KNOTS('',1,(#3403,#3404),.UNSPECIFIED.,.F.,
  .F.,(2,2),(-0.203376648431,-0.),.PIECEWISE_BEZIER_KNOTS.);
#3403 = CARTESIAN_POINT('',(1.122771956409E-02,-2.995,2.388885729028));
#3404 = CARTESIAN_POINT('',(1.122771956409E-02,-2.995,2.185509080597));
#3405 = ORIENTED_EDGE('',*,*,#3406,.F.);
#3406 = EDGE_CURVE('',#3407,#3400,#3409,.T.);
#3407 = VERTEX_POINT('',#3408);
#3408 = CARTESIAN_POINT('',(1.122771956409E-02,-3.005,2.185509080597));
#3409 = B_SPLINE_CURVE_WITH_KNOTS('',1,(#3410,#3411),.UNSPECIFIED.,.F.,
  .F.,(2,2),(0.,1.E-02),.PIECEWISE_BEZIER_KNOTS.);
#3410 = CARTESIAN_POINT('',(1.122771956409E-02,-3.005,2.185509080597));
#3411 = CARTESIAN_POINT('',(1.122771956409E-02,-2.995,2.185509080597));
#3412 = ORIENTED_EDGE('',*,*,#3413,.F.);
#3413 = EDGE_CURVE('',#3379,#3407,#3414,.T.);
#3414 = B_SPLINE_CURVE_WITH_KNOTS('',1,(#3415,#3416),.UNSPECIFIED.,.F.,
  .F.,(2,2),(-0.203376648431,-0.),.PIECEWISE_BEZIER_KNOTS.);
#3415 = CARTESIAN_POINT('',(1.122771956409E-02,-3.005,2.388885729028));
#3416 = CARTESIAN_POINT('',(1.122771956409E-02,-3.005,2.185509080597));
#3417 = ORIENTED_EDGE('',*,*,#3378,.T.);
#3418 = B_SPLINE_SURFACE_WITH_KNOTS('',1,1,(
    (#3419,#3420)
    ,(#3421,#3422
    )),.UNSPECIFIED.,.F.,.F.,.F.,(2,2),(2,2),(-0.203376648431,0.),(0.,
    1.E-02),.PIECEWISE_BEZIER_KNOTS.);
#3419 = CARTESIAN_POINT('',(1.122771956409E-02,-3.005,2.388885729028));
#3420 = CARTESIAN_POINT('',(1.122771956409E-02,-2.995,2.388885729028));
#3421 = CARTESIAN_POINT('',(1.122771956409E-02,-3.005,2.185509080597));
#3422 = CARTESIAN_POINT('',(1.122771956409E-02,-2.995,2.185509080597));
#3423 = ADVANCED_FACE('',(#3424),#3438,.F.);
#3424 = FACE_BOUND('',#3425,.T.);
#3425 = EDGE_LOOP('',(#3426,#3431,#3432,#3437));
#3426 = ORIENTED_EDGE('',*,*,#3427,.T.);
#3427 = EDGE_CURVE('',#3400,#3280,#3428,.T.);
#3428 = B_SPLINE_CURVE_WITH_KNOTS('',1,(#3429,#3430),.UNSPECIFIED.,.F.,
  .F.,(2,2),(-0.107251029069,0.),.PIECEWISE_BEZIER_KNOTS.);
#3429 = CARTESIAN_POINT('',(1.122771956409E-02,-2.995,2.185509080597));
#3430 = CARTESIAN_POINT('',(0.118478748633,-2.995,2.185509080597));
#3431 = ORIENTED_EDGE('',*,*,#3302,.F.);
#3432 = ORIENTED_EDGE('',*,*,#3433,.F.);
#3433 = EDGE_CURVE('',#3407,#3296,#3434,.T.);
#3434 = B_SPLINE_CURVE_WITH_KNOTS('',1,(#3435,#3436),.UNSPECIFIED.,.F.,
  .F.,(2,2),(-0.107251029069,0.),.PIECEWISE_BEZIER_KNOTS.);
#3435 = CARTESIAN_POINT('',(1.122771956409E-02,-3.005,2.185509080597));
#3436 = CARTESIAN_POINT('',(0.118478748633,-3.005,2.185509080597));
#3437 = ORIENTED_EDGE('',*,*,#3406,.T.);
#3438 = B_SPLINE_SURFACE_WITH_KNOTS('',1,1,(
    (#3439,#3440)
    ,(#3441,#3442
    )),.UNSPECIFIED.,.F.,.F.,.F.,(2,2),(2,2),(-0.107251029069,0.),(0.,
    1.E-02),.PIECEWISE_BEZIER_KNOTS.);
#3439 = CARTESIAN_POINT('',(1.122771956409E-02,-3.005,2.185509080597));
#3440 = CARTESIAN_POINT('',(1.122771956409E-02,-2.995,2.185509080597));
#3441 = CARTESIAN_POINT('',(0.118478748633,-3.005,2.185509080597));
#3442 = CARTESIAN_POINT('',(0.118478748633,-2.995,2.185509080597));
#3443 = ADVANCED_FACE('',(#3444),#3452,.F.);
#3444 = FACE_BOUND('',#3445,.T.);
#3445 = EDGE_LOOP('',(#3446,#3447,#3448,#3449,#3450,#3451));
#3446 = ORIENTED_EDGE('',*,*,#3295,.T.);
#3447 = ORIENTED_EDGE('',*,*,#3329,.T.);
#3448 = ORIENTED_EDGE('',*,*,#3357,.T.);
#3449 = ORIENTED_EDGE('',*,*,#3385,.T.);
#3450 = ORIENTED_EDGE('',*,*,#3413,.T.);
#3451 = ORIENTED_EDGE('',*,*,#3433,.T.);
#3452 = B_SPLINE_SURFACE_WITH_KNOTS('',1,1,(
    (#3453,#3454)
    ,(#3455,#3456
    )),.UNSPECIFIED.,.F.,.F.,.F.,(2,2),(2,2),(2.175508980597,
    2.378885629028),(1.122771956409E-02,0.118478748633),
  .PIECEWISE_BEZIER_KNOTS.);
#3453 = CARTESIAN_POINT('',(1.122771956409E-02,-3.005,2.185509080597));
#3454 = CARTESIAN_POINT('',(0.118478748633,-3.005,2.185509080597));
#3455 = CARTESIAN_POINT('',(1.122771956409E-02,-3.005,2.388885729028));
#3456 = CARTESIAN_POINT('',(0.118478748633,-3.005,2.388885729028));
#3457 = ADVANCED_FACE('',(#3458),#3466,.T.);
#3458 = FACE_BOUND('',#3459,.T.);
#3459 = EDGE_LOOP('',(#3460,#3461,#3462,#3463,#3464,#3465));
#3460 = ORIENTED_EDGE('',*,*,#3279,.F.);
#3461 = ORIENTED_EDGE('',*,*,#3427,.F.);
#3462 = ORIENTED_EDGE('',*,*,#3399,.F.);
#3463 = ORIENTED_EDGE('',*,*,#3371,.F.);
#3464 = ORIENTED_EDGE('',*,*,#3343,.F.);
#3465 = ORIENTED_EDGE('',*,*,#3315,.F.);
#3466 = B_SPLINE_SURFACE_WITH_KNOTS('',1,1,(
    (#3467,#3468)
    ,(#3469,#3470
    )),.UNSPECIFIED.,.F.,.F.,.F.,(2,2),(2,2),(2.175508980597,
    2.378885629028),(1.122771956409E-02,0.118478748633),
  .PIECEWISE_BEZIER_KNOTS.);
#3467 = CARTESIAN_POINT('',(1.122771956409E-02,-2.995,2.185509080597));
#3468 = CARTESIAN_POINT('',(0.118478748633,-2.995,2.185509080597));
#3469 = CARTESIAN_POINT('',(1.122771956409E-02,-2.995,2.388885729028));
#3470 = CARTESIAN_POINT('',(0.118478748633,-2.995,2.388885729028));
#3471 = MANIFOLD_SOLID_BREP('',#3472);
#3472 = CLOSED_SHELL('',(#3473,#3517,#3545,#3581,#3617,#3653,#3689,#3725
    ,#3761,#3789,#3825,#3861,#3897,#3933,#3961,#3983));
#3473 = ADVANCED_FACE('',(#3474),#3508,.F.);
#3474 = FACE_BOUND('',#3475,.F.);
#3475 = EDGE_LOOP('',(#3476,#3485,#3494,#3501));
#3476 = ORIENTED_EDGE('',*,*,#3477,.F.);
#3477 = EDGE_CURVE('',#3478,#3480,#3482,.T.);
#3478 = VERTEX_POINT('',#3479);
#3479 = CARTESIAN_POINT('',(0.222766467639,-3.005,2.182077879472));
#3480 = VERTEX_POINT('',#3481);
#3481 = CARTESIAN_POINT('',(0.222766467639,-2.995,2.182077879472));
#3482 = B_SPLINE_CURVE_WITH_KNOTS('',1,(#3483,#3484),.UNSPECIFIED.,.F.,
  .F.,(2,2),(0.,1.E-02),.PIECEWISE_BEZIER_KNOTS.);
#3483 = CARTESIAN_POINT('',(0.222766467639,-3.005,2.182077879472));
#3484 = CARTESIAN_POINT('',(0.222766467639,-2.995,2.182077879472));
#3485 = ORIENTED_EDGE('',*,*,#3486,.T.);
#3486 = EDGE_CURVE('',#3478,#3487,#3489,.T.);
#3487 = VERTEX_POINT('',#3488);
#3488 = CARTESIAN_POINT('',(0.279069358808,-3.005,2.193931119719));
#3489 = B_SPLINE_CURVE_WITH_KNOTS('',3,(#3490,#3491,#3492,#3493),
  .UNSPECIFIED.,.F.,.F.,(4,4),(0.,1.),.PIECEWISE_BEZIER_KNOTS.);
#3490 = CARTESIAN_POINT('',(0.222766467639,-3.005,2.182077879472));
#3491 = CARTESIAN_POINT('',(0.245329214423,-3.005,2.182077879472));
#3492 = CARTESIAN_POINT('',(0.264096844813,-3.005,2.186028959554));
#3493 = CARTESIAN_POINT('',(0.279069358808,-3.005,2.193931119719));
#3494 = ORIENTED_EDGE('',*,*,#3495,.T.);
#3495 = EDGE_CURVE('',#3487,#3496,#3498,.T.);
#3496 = VERTEX_POINT('',#3497);
#3497 = CARTESIAN_POINT('',(0.279069358808,-2.995,2.193931119719));
#3498 = B_SPLINE_CURVE_WITH_KNOTS('',1,(#3499,#3500),.UNSPECIFIED.,.F.,
  .F.,(2,2),(0.,1.E-02),.PIECEWISE_BEZIER_KNOTS.);
#3499 = CARTESIAN_POINT('',(0.279069358808,-3.005,2.193931119719));
#3500 = CARTESIAN_POINT('',(0.279069358808,-2.995,2.193931119719));
#3501 = ORIENTED_EDGE('',*,*,#3502,.F.);
#3502 = EDGE_CURVE('',#3480,#3496,#3503,.T.);
#3503 = B_SPLINE_CURVE_WITH_KNOTS('',3,(#3504,#3505,#3506,#3507),
  .UNSPECIFIED.,.F.,.F.,(4,4),(0.,1.),.PIECEWISE_BEZIER_KNOTS.);
#3504 = CARTESIAN_POINT('',(0.222766467639,-2.995,2.182077879472));
#3505 = CARTESIAN_POINT('',(0.245329214423,-2.995,2.182077879472));
#3506 = CARTESIAN_POINT('',(0.264096844813,-2.995,2.186028959554));
#3507 = CARTESIAN_POINT('',(0.279069358808,-2.995,2.193931119719));
#3508 = B_SPLINE_SURFACE_WITH_KNOTS('',3,1,(
    (#3509,#3510)
    ,(#3511,#3512)
    ,(#3513,#3514)
    ,(#3515,#3516
    )),.UNSPECIFIED.,.F.,.F.,.F.,(4,4),(2,2),(0.,1.),(0.,1.),
  .PIECEWISE_BEZIER_KNOTS.);
#3509 = CARTESIAN_POINT('',(0.222766467639,-3.005,2.182077879472));
#3510 = CARTESIAN_POINT('',(0.222766467639,-2.995,2.182077879472));
#3511 = CARTESIAN_POINT('',(0.245329214423,-3.005,2.182077879472));
#3512 = CARTESIAN_POINT('',(0.245329214423,-2.995,2.182077879472));
#3513 = CARTESIAN_POINT('',(0.264096844813,-3.005,2.186028959554));
#3514 = CARTESIAN_POINT('',(0.264096844813,-2.995,2.186028959554));
#3515 = CARTESIAN_POINT('',(0.279069358808,-3.005,2.193931119719));
#3516 = CARTESIAN_POINT('',(0.279069358808,-2.995,2.193931119719));
#3517 = ADVANCED_FACE('',(#3518),#3540,.F.);
#3518 = FACE_BOUND('',#3519,.T.);
#3519 = EDGE_LOOP('',(#3520,#3527,#3534,#3539));
#3520 = ORIENTED_EDGE('',*,*,#3521,.T.);
#3521 = EDGE_CURVE('',#3496,#3522,#3524,.T.);
#3522 = VERTEX_POINT('',#3523);
#3523 = CARTESIAN_POINT('',(0.279069358808,-2.995,2.219093261294));
#3524 = B_SPLINE_CURVE_WITH_KNOTS('',1,(#3525,#3526),.UNSPECIFIED.,.F.,
  .F.,(2,2),(-2.516214157531E-02,0.),.PIECEWISE_BEZIER_KNOTS.);
#3525 = CARTESIAN_POINT('',(0.279069358808,-2.995,2.193931119719));
#3526 = CARTESIAN_POINT('',(0.279069358808,-2.995,2.219093261294));
#3527 = ORIENTED_EDGE('',*,*,#3528,.F.);
#3528 = EDGE_CURVE('',#3529,#3522,#3531,.T.);
#3529 = VERTEX_POINT('',#3530);
#3530 = CARTESIAN_POINT('',(0.279069358808,-3.005,2.219093261294));
#3531 = B_SPLINE_CURVE_WITH_KNOTS('',1,(#3532,#3533),.UNSPECIFIED.,.F.,
  .F.,(2,2),(0.,1.E-02),.PIECEWISE_BEZIER_KNOTS.);
#3532 = CARTESIAN_POINT('',(0.279069358808,-3.005,2.219093261294));
#3533 = CARTESIAN_POINT('',(0.279069358808,-2.995,2.219093261294));
#3534 = ORIENTED_EDGE('',*,*,#3535,.F.);
#3535 = EDGE_CURVE('',#3487,#3529,#3536,.T.);
#3536 = B_SPLINE_CURVE_WITH_KNOTS('',1,(#3537,#3538),.UNSPECIFIED.,.F.,
  .F.,(2,2),(-2.516214157531E-02,0.),.PIECEWISE_BEZIER_KNOTS.);
#3537 = CARTESIAN_POINT('',(0.279069358808,-3.005,2.193931119719));
#3538 = CARTESIAN_POINT('',(0.279069358808,-3.005,2.219093261294));
#3539 = ORIENTED_EDGE('',*,*,#3495,.T.);
#3540 = B_SPLINE_SURFACE_WITH_KNOTS('',1,1,(
    (#3541,#3542)
    ,(#3543,#3544
    )),.UNSPECIFIED.,.F.,.F.,.F.,(2,2),(2,2),(-2.516214157531E-02,0.),(
    0.,1.E-02),.PIECEWISE_BEZIER_KNOTS.);
#3541 = CARTESIAN_POINT('',(0.279069358808,-3.005,2.193931119719));
#3542 = CARTESIAN_POINT('',(0.279069358808,-2.995,2.193931119719));
#3543 = CARTESIAN_POINT('',(0.279069358808,-3.005,2.219093261294));
#3544 = CARTESIAN_POINT('',(0.279069358808,-2.995,2.219093261294));
#3545 = ADVANCED_FACE('',(#3546),#3572,.F.);
#3546 = FACE_BOUND('',#3547,.F.);
#3547 = EDGE_LOOP('',(#3548,#3549,#3558,#3565));
#3548 = ORIENTED_EDGE('',*,*,#3528,.F.);
#3549 = ORIENTED_EDGE('',*,*,#3550,.T.);
#3550 = EDGE_CURVE('',#3529,#3551,#3553,.T.);
#3551 = VERTEX_POINT('',#3552);
#3552 = CARTESIAN_POINT('',(0.226561584033,-3.005,2.205472432589));
#3553 = B_SPLINE_CURVE_WITH_KNOTS('',3,(#3554,#3555,#3556,#3557),
  .UNSPECIFIED.,.F.,.F.,(4,4),(12.,13.),.PIECEWISE_BEZIER_KNOTS.);
#3554 = CARTESIAN_POINT('',(0.279069358808,-3.005,2.219093261294));
#3555 = CARTESIAN_POINT('',(0.264200820604,-3.005,2.210047367421));
#3556 = CARTESIAN_POINT('',(0.246680899714,-3.005,2.205472432589));
#3557 = CARTESIAN_POINT('',(0.226561584033,-3.005,2.205472432589));
#3558 = ORIENTED_EDGE('',*,*,#3559,.T.);
#3559 = EDGE_CURVE('',#3551,#3560,#3562,.T.);
#3560 = VERTEX_POINT('',#3561);
#3561 = CARTESIAN_POINT('',(0.226561584033,-2.995,2.205472432589));
#3562 = B_SPLINE_CURVE_WITH_KNOTS('',1,(#3563,#3564),.UNSPECIFIED.,.F.,
  .F.,(2,2),(0.,1.E-02),.PIECEWISE_BEZIER_KNOTS.);
#3563 = CARTESIAN_POINT('',(0.226561584033,-3.005,2.205472432589));
#3564 = CARTESIAN_POINT('',(0.226561584033,-2.995,2.205472432589));
#3565 = ORIENTED_EDGE('',*,*,#3566,.F.);
#3566 = EDGE_CURVE('',#3522,#3560,#3567,.T.);
#3567 = B_SPLINE_CURVE_WITH_KNOTS('',3,(#3568,#3569,#3570,#3571),
  .UNSPECIFIED.,.F.,.F.,(4,4),(12.,13.),.PIECEWISE_BEZIER_KNOTS.);
#3568 = CARTESIAN_POINT('',(0.279069358808,-2.995,2.219093261294));
#3569 = CARTESIAN_POINT('',(0.264200820604,-2.995,2.210047367421));
#3570 = CARTESIAN_POINT('',(0.246680899714,-2.995,2.205472432589));
#3571 = CARTESIAN_POINT('',(0.226561584033,-2.995,2.205472432589));
#3572 = B_SPLINE_SURFACE_WITH_KNOTS('',3,1,(
    (#3573,#3574)
    ,(#3575,#3576)
    ,(#3577,#3578)
    ,(#3579,#3580
    )),.UNSPECIFIED.,.F.,.F.,.F.,(4,4),(2,2),(12.,13.),(0.,1.),
  .PIECEWISE_BEZIER_KNOTS.);
#3573 = CARTESIAN_POINT('',(0.279069358808,-3.005,2.219093261294));
#3574 = CARTESIAN_POINT('',(0.279069358808,-2.995,2.219093261294));
#3575 = CARTESIAN_POINT('',(0.264200820604,-3.005,2.210047367421));
#3576 = CARTESIAN_POINT('',(0.264200820604,-2.995,2.210047367421));
#3577 = CARTESIAN_POINT('',(0.246680899714,-3.005,2.205472432589));
#3578 = CARTESIAN_POINT('',(0.246680899714,-2.995,2.205472432589));
#3579 = CARTESIAN_POINT('',(0.226561584033,-3.005,2.205472432589));
#3580 = CARTESIAN_POINT('',(0.226561584033,-2.995,2.205472432589));
#3581 = ADVANCED_FACE('',(#3582),#3608,.F.);
#3582 = FACE_BOUND('',#3583,.F.);
#3583 = EDGE_LOOP('',(#3584,#3585,#3594,#3601));
#3584 = ORIENTED_EDGE('',*,*,#3559,.F.);
#3585 = ORIENTED_EDGE('',*,*,#3586,.T.);
#3586 = EDGE_CURVE('',#3551,#3587,#3589,.T.);
#3587 = VERTEX_POINT('',#3588);
#3588 = CARTESIAN_POINT('',(0.174313748738,-3.005,2.226891445666));
#3589 = B_SPLINE_CURVE_WITH_KNOTS('',3,(#3590,#3591,#3592,#3593),
  .UNSPECIFIED.,.F.,.F.,(4,4),(11.,12.),.PIECEWISE_BEZIER_KNOTS.);
#3590 = CARTESIAN_POINT('',(0.226561584033,-3.005,2.205472432589));
#3591 = CARTESIAN_POINT('',(0.205038595166,-3.005,2.205472432589));
#3592 = CARTESIAN_POINT('',(0.187622650067,-3.005,2.212646762212));
#3593 = CARTESIAN_POINT('',(0.174313748738,-3.005,2.226891445666));
#3594 = ORIENTED_EDGE('',*,*,#3595,.T.);
#3595 = EDGE_CURVE('',#3587,#3596,#3598,.T.);
#3596 = VERTEX_POINT('',#3597);
#3597 = CARTESIAN_POINT('',(0.174313748738,-2.995,2.226891445666));
#3598 = B_SPLINE_CURVE_WITH_KNOTS('',1,(#3599,#3600),.UNSPECIFIED.,.F.,
  .F.,(2,2),(0.,1.E-02),.PIECEWISE_BEZIER_KNOTS.);
#3599 = CARTESIAN_POINT('',(0.174313748738,-3.005,2.226891445666));
#3600 = CARTESIAN_POINT('',(0.174313748738,-2.995,2.226891445666));
#3601 = ORIENTED_EDGE('',*,*,#3602,.F.);
#3602 = EDGE_CURVE('',#3560,#3596,#3603,.T.);
#3603 = B_SPLINE_CURVE_WITH_KNOTS('',3,(#3604,#3605,#3606,#3607),
  .UNSPECIFIED.,.F.,.F.,(4,4),(11.,12.),.PIECEWISE_BEZIER_KNOTS.);
#3604 = CARTESIAN_POINT('',(0.226561584033,-2.995,2.205472432589));
#3605 = CARTESIAN_POINT('',(0.205038595166,-2.995,2.205472432589));
#3606 = CARTESIAN_POINT('',(0.187622650067,-2.995,2.212646762212));
#3607 = CARTESIAN_POINT('',(0.174313748738,-2.995,2.226891445666));
#3608 = B_SPLINE_SURFACE_WITH_KNOTS('',3,1,(
    (#3609,#3610)
    ,(#3611,#3612)
    ,(#3613,#3614)
    ,(#3615,#3616
    )),.UNSPECIFIED.,.F.,.F.,.F.,(4,4),(2,2),(11.,12.),(0.,1.),
  .PIECEWISE_BEZIER_KNOTS.);
#3609 = CARTESIAN_POINT('',(0.226561584033,-3.005,2.205472432589));
#3610 = CARTESIAN_POINT('',(0.226561584033,-2.995,2.205472432589));
#3611 = CARTESIAN_POINT('',(0.205038595166,-3.005,2.205472432589));
#3612 = CARTESIAN_POINT('',(0.205038595166,-2.995,2.205472432589));
#3613 = CARTESIAN_POINT('',(0.187622650067,-3.005,2.212646762212));
#3614 = CARTESIAN_POINT('',(0.187622650067,-2.995,2.212646762212));
#3615 = CARTESIAN_POINT('',(0.174313748738,-3.005,2.226891445666));
#3616 = CARTESIAN_POINT('',(0.174313748738,-2.995,2.226891445666));
#3617 = ADVANCED_FACE('',(#3618),#3644,.F.);
#3618 = FACE_BOUND('',#3619,.F.);
#3619 = EDGE_LOOP('',(#3620,#3621,#3630,#3637));
#3620 = ORIENTED_EDGE('',*,*,#3595,.F.);
#3621 = ORIENTED_EDGE('',*,*,#3622,.T.);
#3622 = EDGE_CURVE('',#3587,#3623,#3625,.T.);
#3623 = VERTEX_POINT('',#3624);
#3624 = CARTESIAN_POINT('',(0.154350396746,-3.005,2.284909937397));
#3625 = B_SPLINE_CURVE_WITH_KNOTS('',3,(#3626,#3627,#3628,#3629),
  .UNSPECIFIED.,.F.,.F.,(4,4),(10.,11.),.PIECEWISE_BEZIER_KNOTS.);
#3626 = CARTESIAN_POINT('',(0.174313748738,-3.005,2.226891445666));
#3627 = CARTESIAN_POINT('',(0.161004847409,-3.005,2.241240104911));
#3628 = CARTESIAN_POINT('',(0.154350396746,-3.005,2.260579602155));
#3629 = CARTESIAN_POINT('',(0.154350396746,-3.005,2.284909937397));
#3630 = ORIENTED_EDGE('',*,*,#3631,.T.);
#3631 = EDGE_CURVE('',#3623,#3632,#3634,.T.);
#3632 = VERTEX_POINT('',#3633);
#3633 = CARTESIAN_POINT('',(0.154350396746,-2.995,2.284909937397));
#3634 = B_SPLINE_CURVE_WITH_KNOTS('',1,(#3635,#3636),.UNSPECIFIED.,.F.,
  .F.,(2,2),(0.,1.E-02),.PIECEWISE_BEZIER_KNOTS.);
#3635 = CARTESIAN_POINT('',(0.154350396746,-3.005,2.284909937397));
#3636 = CARTESIAN_POINT('',(0.154350396746,-2.995,2.284909937397));
#3637 = ORIENTED_EDGE('',*,*,#3638,.F.);
#3638 = EDGE_CURVE('',#3596,#3632,#3639,.T.);
#3639 = B_SPLINE_CURVE_WITH_KNOTS('',3,(#3640,#3641,#3642,#3643),
  .UNSPECIFIED.,.F.,.F.,(4,4),(10.,11.),.PIECEWISE_BEZIER_KNOTS.);
#3640 = CARTESIAN_POINT('',(0.174313748738,-2.995,2.226891445666));
#3641 = CARTESIAN_POINT('',(0.161004847409,-2.995,2.241240104911));
#3642 = CARTESIAN_POINT('',(0.154350396746,-2.995,2.260579602155));
#3643 = CARTESIAN_POINT('',(0.154350396746,-2.995,2.284909937397));
#3644 = B_SPLINE_SURFACE_WITH_KNOTS('',3,1,(
    (#3645,#3646)
    ,(#3647,#3648)
    ,(#3649,#3650)
    ,(#3651,#3652
    )),.UNSPECIFIED.,.F.,.F.,.F.,(4,4),(2,2),(10.,11.),(0.,1.),
  .PIECEWISE_BEZIER_KNOTS.);
#3645 = CARTESIAN_POINT('',(0.174313748738,-3.005,2.226891445666));
#3646 = CARTESIAN_POINT('',(0.174313748738,-2.995,2.226891445666));
#3647 = CARTESIAN_POINT('',(0.161004847409,-3.005,2.241240104911));
#3648 = CARTESIAN_POINT('',(0.161004847409,-2.995,2.241240104911));
#3649 = CARTESIAN_POINT('',(0.154350396746,-3.005,2.260579602155));
#3650 = CARTESIAN_POINT('',(0.154350396746,-2.995,2.260579602155));
#3651 = CARTESIAN_POINT('',(0.154350396746,-3.005,2.284909937397));
#3652 = CARTESIAN_POINT('',(0.154350396746,-2.995,2.284909937397));
#3653 = ADVANCED_FACE('',(#3654),#3680,.F.);
#3654 = FACE_BOUND('',#3655,.F.);
#3655 = EDGE_LOOP('',(#3656,#3657,#3666,#3673));
#3656 = ORIENTED_EDGE('',*,*,#3631,.F.);
#3657 = ORIENTED_EDGE('',*,*,#3658,.T.);
#3658 = EDGE_CURVE('',#3623,#3659,#3661,.T.);
#3659 = VERTEX_POINT('',#3660);
#3660 = CARTESIAN_POINT('',(0.175717421926,-3.005,2.346047702876));
#3661 = B_SPLINE_CURVE_WITH_KNOTS('',3,(#3662,#3663,#3664,#3665),
  .UNSPECIFIED.,.F.,.F.,(4,4),(9.,10.),.PIECEWISE_BEZIER_KNOTS.);
#3662 = CARTESIAN_POINT('',(0.154350396746,-3.005,2.284909937397));
#3663 = CARTESIAN_POINT('',(0.154350396746,-3.005,2.310487982138));
#3664 = CARTESIAN_POINT('',(0.161472738472,-3.005,2.330867237297));
#3665 = CARTESIAN_POINT('',(0.175717421926,-3.005,2.346047702876));
#3666 = ORIENTED_EDGE('',*,*,#3667,.T.);
#3667 = EDGE_CURVE('',#3659,#3668,#3670,.T.);
#3668 = VERTEX_POINT('',#3669);
#3669 = CARTESIAN_POINT('',(0.175717421926,-2.995,2.346047702876));
#3670 = B_SPLINE_CURVE_WITH_KNOTS('',1,(#3671,#3672),.UNSPECIFIED.,.F.,
  .F.,(2,2),(0.,1.E-02),.PIECEWISE_BEZIER_KNOTS.);
#3671 = CARTESIAN_POINT('',(0.175717421926,-3.005,2.346047702876));
#3672 = CARTESIAN_POINT('',(0.175717421926,-2.995,2.346047702876));
#3673 = ORIENTED_EDGE('',*,*,#3674,.F.);
#3674 = EDGE_CURVE('',#3632,#3668,#3675,.T.);
#3675 = B_SPLINE_CURVE_WITH_KNOTS('',3,(#3676,#3677,#3678,#3679),
  .UNSPECIFIED.,.F.,.F.,(4,4),(9.,10.),.PIECEWISE_BEZIER_KNOTS.);
#3676 = CARTESIAN_POINT('',(0.154350396746,-2.995,2.284909937397));
#3677 = CARTESIAN_POINT('',(0.154350396746,-2.995,2.310487982138));
#3678 = CARTESIAN_POINT('',(0.161472738472,-2.995,2.330867237297));
#3679 = CARTESIAN_POINT('',(0.175717421926,-2.995,2.346047702876));
#3680 = B_SPLINE_SURFACE_WITH_KNOTS('',3,1,(
    (#3681,#3682)
    ,(#3683,#3684)
    ,(#3685,#3686)
    ,(#3687,#3688
    )),.UNSPECIFIED.,.F.,.F.,.F.,(4,4),(2,2),(9.,10.),(0.,1.),
  .PIECEWISE_BEZIER_KNOTS.);
#3681 = CARTESIAN_POINT('',(0.154350396746,-3.005,2.284909937397));
#3682 = CARTESIAN_POINT('',(0.154350396746,-2.995,2.284909937397));
#3683 = CARTESIAN_POINT('',(0.154350396746,-3.005,2.310487982138));
#3684 = CARTESIAN_POINT('',(0.154350396746,-2.995,2.310487982138));
#3685 = CARTESIAN_POINT('',(0.161472738472,-3.005,2.330867237297));
#3686 = CARTESIAN_POINT('',(0.161472738472,-2.995,2.330867237297));
#3687 = CARTESIAN_POINT('',(0.175717421926,-3.005,2.346047702876));
#3688 = CARTESIAN_POINT('',(0.175717421926,-2.995,2.346047702876));
#3689 = ADVANCED_FACE('',(#3690),#3716,.F.);
#3690 = FACE_BOUND('',#3691,.F.);
#3691 = EDGE_LOOP('',(#3692,#3693,#3702,#3709));
#3692 = ORIENTED_EDGE('',*,*,#3667,.F.);
#3693 = ORIENTED_EDGE('',*,*,#3694,.T.);
#3694 = EDGE_CURVE('',#3659,#3695,#3697,.T.);
#3695 = VERTEX_POINT('',#3696);
#3696 = CARTESIAN_POINT('',(0.231136518865,-3.005,2.368610449659));
#3697 = B_SPLINE_CURVE_WITH_KNOTS('',3,(#3698,#3699,#3700,#3701),
  .UNSPECIFIED.,.F.,.F.,(4,4),(8.,9.),.PIECEWISE_BEZIER_KNOTS.);
#3698 = CARTESIAN_POINT('',(0.175717421926,-3.005,2.346047702876));
#3699 = CARTESIAN_POINT('',(0.190014093275,-3.005,2.361124192662));
#3700 = CARTESIAN_POINT('',(0.20846979629,-3.005,2.368610449659));
#3701 = CARTESIAN_POINT('',(0.231136518865,-3.005,2.368610449659));
#3702 = ORIENTED_EDGE('',*,*,#3703,.T.);
#3703 = EDGE_CURVE('',#3695,#3704,#3706,.T.);
#3704 = VERTEX_POINT('',#3705);
#3705 = CARTESIAN_POINT('',(0.231136518865,-2.995,2.368610449659));
#3706 = B_SPLINE_CURVE_WITH_KNOTS('',1,(#3707,#3708),.UNSPECIFIED.,.F.,
  .F.,(2,2),(0.,1.E-02),.PIECEWISE_BEZIER_KNOTS.);
#3707 = CARTESIAN_POINT('',(0.231136518865,-3.005,2.368610449659));
#3708 = CARTESIAN_POINT('',(0.231136518865,-2.995,2.368610449659));
#3709 = ORIENTED_EDGE('',*,*,#3710,.F.);
#3710 = EDGE_CURVE('',#3668,#3704,#3711,.T.);
#3711 = B_SPLINE_CURVE_WITH_KNOTS('',3,(#3712,#3713,#3714,#3715),
  .UNSPECIFIED.,.F.,.F.,(4,4),(8.,9.),.PIECEWISE_BEZIER_KNOTS.);
#3712 = CARTESIAN_POINT('',(0.175717421926,-2.995,2.346047702876));
#3713 = CARTESIAN_POINT('',(0.190014093275,-2.995,2.361124192662));
#3714 = CARTESIAN_POINT('',(0.20846979629,-2.995,2.368610449659));
#3715 = CARTESIAN_POINT('',(0.231136518865,-2.995,2.368610449659));
#3716 = B_SPLINE_SURFACE_WITH_KNOTS('',3,1,(
    (#3717,#3718)
    ,(#3719,#3720)
    ,(#3721,#3722)
    ,(#3723,#3724
    )),.UNSPECIFIED.,.F.,.F.,.F.,(4,4),(2,2),(8.,9.),(0.,1.),
  .PIECEWISE_BEZIER_KNOTS.);
#3717 = CARTESIAN_POINT('',(0.175717421926,-3.005,2.346047702876));
#3718 = CARTESIAN_POINT('',(0.175717421926,-2.995,2.346047702876));
#3719 = CARTESIAN_POINT('',(0.190014093275,-3.005,2.361124192662));
#3720 = CARTESIAN_POINT('',(0.190014093275,-2.995,2.361124192662));
#3721 = CARTESIAN_POINT('',(0.20846979629,-3.005,2.368610449659));
#3722 = CARTESIAN_POINT('',(0.20846979629,-2.995,2.368610449659));
#3723 = CARTESIAN_POINT('',(0.231136518865,-3.005,2.368610449659));
#3724 = CARTESIAN_POINT('',(0.231136518865,-2.995,2.368610449659));
#3725 = ADVANCED_FACE('',(#3726),#3752,.F.);
#3726 = FACE_BOUND('',#3727,.F.);
#3727 = EDGE_LOOP('',(#3728,#3729,#3738,#3745));
#3728 = ORIENTED_EDGE('',*,*,#3703,.F.);
#3729 = ORIENTED_EDGE('',*,*,#3730,.T.);
#3730 = EDGE_CURVE('',#3695,#3731,#3733,.T.);
#3731 = VERTEX_POINT('',#3732);
#3732 = CARTESIAN_POINT('',(0.279069358808,-3.005,2.356549257831));
#3733 = B_SPLINE_CURVE_WITH_KNOTS('',3,(#3734,#3735,#3736,#3737),
  .UNSPECIFIED.,.F.,.F.,(4,4),(7.,8.),.PIECEWISE_BEZIER_KNOTS.);
#3734 = CARTESIAN_POINT('',(0.231136518865,-3.005,2.368610449659));
#3735 = CARTESIAN_POINT('',(0.248552463963,-3.005,2.368610449659));
#3736 = CARTESIAN_POINT('',(0.264512747979,-3.005,2.364659369578));
#3737 = CARTESIAN_POINT('',(0.279069358808,-3.005,2.356549257831));
#3738 = ORIENTED_EDGE('',*,*,#3739,.T.);
#3739 = EDGE_CURVE('',#3731,#3740,#3742,.T.);
#3740 = VERTEX_POINT('',#3741);
#3741 = CARTESIAN_POINT('',(0.279069358808,-2.995,2.356549257831));
#3742 = B_SPLINE_CURVE_WITH_KNOTS('',1,(#3743,#3744),.UNSPECIFIED.,.F.,
  .F.,(2,2),(0.,1.E-02),.PIECEWISE_BEZIER_KNOTS.);
#3743 = CARTESIAN_POINT('',(0.279069358808,-3.005,2.356549257831));
#3744 = CARTESIAN_POINT('',(0.279069358808,-2.995,2.356549257831));
#3745 = ORIENTED_EDGE('',*,*,#3746,.F.);
#3746 = EDGE_CURVE('',#3704,#3740,#3747,.T.);
#3747 = B_SPLINE_CURVE_WITH_KNOTS('',3,(#3748,#3749,#3750,#3751),
  .UNSPECIFIED.,.F.,.F.,(4,4),(7.,8.),.PIECEWISE_BEZIER_KNOTS.);
#3748 = CARTESIAN_POINT('',(0.231136518865,-2.995,2.368610449659));
#3749 = CARTESIAN_POINT('',(0.248552463963,-2.995,2.368610449659));
#3750 = CARTESIAN_POINT('',(0.264512747979,-2.995,2.364659369578));
#3751 = CARTESIAN_POINT('',(0.279069358808,-2.995,2.356549257831));
#3752 = B_SPLINE_SURFACE_WITH_KNOTS('',3,1,(
    (#3753,#3754)
    ,(#3755,#3756)
    ,(#3757,#3758)
    ,(#3759,#3760
    )),.UNSPECIFIED.,.F.,.F.,.F.,(4,4),(2,2),(7.,8.),(0.,1.),
  .PIECEWISE_BEZIER_KNOTS.);
#3753 = CARTESIAN_POINT('',(0.231136518865,-3.005,2.368610449659));
#3754 = CARTESIAN_POINT('',(0.231136518865,-2.995,2.368610449659));
#3755 = CARTESIAN_POINT('',(0.248552463963,-3.005,2.368610449659));
#3756 = CARTESIAN_POINT('',(0.248552463963,-2.995,2.368610449659));
#3757 = CARTESIAN_POINT('',(0.264512747979,-3.005,2.364659369578));
#3758 = CARTESIAN_POINT('',(0.264512747979,-2.995,2.364659369578));
#3759 = CARTESIAN_POINT('',(0.279069358808,-3.005,2.356549257831));
#3760 = CARTESIAN_POINT('',(0.279069358808,-2.995,2.356549257831));
#3761 = ADVANCED_FACE('',(#3762),#3784,.F.);
#3762 = FACE_BOUND('',#3763,.T.);
#3763 = EDGE_LOOP('',(#3764,#3771,#3778,#3783));
#3764 = ORIENTED_EDGE('',*,*,#3765,.T.);
#3765 = EDGE_CURVE('',#3740,#3766,#3768,.T.);
#3766 = VERTEX_POINT('',#3767);
#3767 = CARTESIAN_POINT('',(0.279069358808,-2.995,2.383998866821));
#3768 = B_SPLINE_CURVE_WITH_KNOTS('',1,(#3769,#3770),.UNSPECIFIED.,.F.,
  .F.,(2,2),(-2.744960898998E-02,0.),.PIECEWISE_BEZIER_KNOTS.);
#3769 = CARTESIAN_POINT('',(0.279069358808,-2.995,2.356549257831));
#3770 = CARTESIAN_POINT('',(0.279069358808,-2.995,2.383998866821));
#3771 = ORIENTED_EDGE('',*,*,#3772,.F.);
#3772 = EDGE_CURVE('',#3773,#3766,#3775,.T.);
#3773 = VERTEX_POINT('',#3774);
#3774 = CARTESIAN_POINT('',(0.279069358808,-3.005,2.383998866821));
#3775 = B_SPLINE_CURVE_WITH_KNOTS('',1,(#3776,#3777),.UNSPECIFIED.,.F.,
  .F.,(2,2),(0.,1.E-02),.PIECEWISE_BEZIER_KNOTS.);
#3776 = CARTESIAN_POINT('',(0.279069358808,-3.005,2.383998866821));
#3777 = CARTESIAN_POINT('',(0.279069358808,-2.995,2.383998866821));
#3778 = ORIENTED_EDGE('',*,*,#3779,.F.);
#3779 = EDGE_CURVE('',#3731,#3773,#3780,.T.);
#3780 = B_SPLINE_CURVE_WITH_KNOTS('',1,(#3781,#3782),.UNSPECIFIED.,.F.,
  .F.,(2,2),(-2.744960898998E-02,0.),.PIECEWISE_BEZIER_KNOTS.);
#3781 = CARTESIAN_POINT('',(0.279069358808,-3.005,2.356549257831));
#3782 = CARTESIAN_POINT('',(0.279069358808,-3.005,2.383998866821));
#3783 = ORIENTED_EDGE('',*,*,#3739,.T.);
#3784 = B_SPLINE_SURFACE_WITH_KNOTS('',1,1,(
    (#3785,#3786)
    ,(#3787,#3788
    )),.UNSPECIFIED.,.F.,.F.,.F.,(2,2),(2,2),(-2.744960898998E-02,0.),(
    0.,1.E-02),.PIECEWISE_BEZIER_KNOTS.);
#3785 = CARTESIAN_POINT('',(0.279069358808,-3.005,2.356549257831));
#3786 = CARTESIAN_POINT('',(0.279069358808,-2.995,2.356549257831));
#3787 = CARTESIAN_POINT('',(0.279069358808,-3.005,2.383998866821));
#3788 = CARTESIAN_POINT('',(0.279069358808,-2.995,2.383998866821));
#3789 = ADVANCED_FACE('',(#3790),#3816,.F.);
#3790 = FACE_BOUND('',#3791,.F.);
#3791 = EDGE_LOOP('',(#3792,#3793,#3802,#3809));
#3792 = ORIENTED_EDGE('',*,*,#3772,.F.);
#3793 = ORIENTED_EDGE('',*,*,#3794,.T.);
#3794 = EDGE_CURVE('',#3773,#3795,#3797,.T.);
#3795 = VERTEX_POINT('',#3796);
#3796 = CARTESIAN_POINT('',(0.230876579386,-3.005,2.392316930152));
#3797 = B_SPLINE_CURVE_WITH_KNOTS('',3,(#3798,#3799,#3800,#3801),
  .UNSPECIFIED.,.F.,.F.,(4,4),(5.,6.),.PIECEWISE_BEZIER_KNOTS.);
#3798 = CARTESIAN_POINT('',(0.279069358808,-3.005,2.383998866821));
#3799 = CARTESIAN_POINT('',(0.266384312229,-3.005,2.389509583778));
#3800 = CARTESIAN_POINT('',(0.250320052421,-3.005,2.392316930152));
#3801 = CARTESIAN_POINT('',(0.230876579386,-3.005,2.392316930152));
#3802 = ORIENTED_EDGE('',*,*,#3803,.T.);
#3803 = EDGE_CURVE('',#3795,#3804,#3806,.T.);
#3804 = VERTEX_POINT('',#3805);
#3805 = CARTESIAN_POINT('',(0.230876579386,-2.995,2.392316930152));
#3806 = B_SPLINE_CURVE_WITH_KNOTS('',1,(#3807,#3808),.UNSPECIFIED.,.F.,
  .F.,(2,2),(0.,1.E-02),.PIECEWISE_BEZIER_KNOTS.);
#3807 = CARTESIAN_POINT('',(0.230876579386,-3.005,2.392316930152));
#3808 = CARTESIAN_POINT('',(0.230876579386,-2.995,2.392316930152));
#3809 = ORIENTED_EDGE('',*,*,#3810,.F.);
#3810 = EDGE_CURVE('',#3766,#3804,#3811,.T.);
#3811 = B_SPLINE_CURVE_WITH_KNOTS('',3,(#3812,#3813,#3814,#3815),
  .UNSPECIFIED.,.F.,.F.,(4,4),(5.,6.),.PIECEWISE_BEZIER_KNOTS.);
#3812 = CARTESIAN_POINT('',(0.279069358808,-2.995,2.383998866821));
#3813 = CARTESIAN_POINT('',(0.266384312229,-2.995,2.389509583778));
#3814 = CARTESIAN_POINT('',(0.250320052421,-2.995,2.392316930152));
#3815 = CARTESIAN_POINT('',(0.230876579386,-2.995,2.392316930152));
#3816 = B_SPLINE_SURFACE_WITH_KNOTS('',3,1,(
    (#3817,#3818)
    ,(#3819,#3820)
    ,(#3821,#3822)
    ,(#3823,#3824
    )),.UNSPECIFIED.,.F.,.F.,.F.,(4,4),(2,2),(5.,6.),(0.,1.),
  .PIECEWISE_BEZIER_KNOTS.);
#3817 = CARTESIAN_POINT('',(0.279069358808,-3.005,2.383998866821));
#3818 = CARTESIAN_POINT('',(0.279069358808,-2.995,2.383998866821));
#3819 = CARTESIAN_POINT('',(0.266384312229,-3.005,2.389509583778));
#3820 = CARTESIAN_POINT('',(0.266384312229,-2.995,2.389509583778));
#3821 = CARTESIAN_POINT('',(0.250320052421,-3.005,2.392316930152));
#3822 = CARTESIAN_POINT('',(0.250320052421,-2.995,2.392316930152));
#3823 = CARTESIAN_POINT('',(0.230876579386,-3.005,2.392316930152));
#3824 = CARTESIAN_POINT('',(0.230876579386,-2.995,2.392316930152));
#3825 = ADVANCED_FACE('',(#3826),#3852,.F.);
#3826 = FACE_BOUND('',#3827,.F.);
#3827 = EDGE_LOOP('',(#3828,#3829,#3838,#3845));
#3828 = ORIENTED_EDGE('',*,*,#3803,.F.);
#3829 = ORIENTED_EDGE('',*,*,#3830,.T.);
#3830 = EDGE_CURVE('',#3795,#3831,#3833,.T.);
#3831 = VERTEX_POINT('',#3832);
#3832 = CARTESIAN_POINT('',(0.156169973098,-3.005,2.362371902161));
#3833 = B_SPLINE_CURVE_WITH_KNOTS('',3,(#3834,#3835,#3836,#3837),
  .UNSPECIFIED.,.F.,.F.,(4,4),(4.,5.),.PIECEWISE_BEZIER_KNOTS.);
#3834 = CARTESIAN_POINT('',(0.230876579386,-3.005,2.392316930152));
#3835 = CARTESIAN_POINT('',(0.200671611917,-3.005,2.392316930152));
#3836 = CARTESIAN_POINT('',(0.175769409822,-3.005,2.382335254156));
#3837 = CARTESIAN_POINT('',(0.156169973098,-3.005,2.362371902161));
#3838 = ORIENTED_EDGE('',*,*,#3839,.T.);
#3839 = EDGE_CURVE('',#3831,#3840,#3842,.T.);
#3840 = VERTEX_POINT('',#3841);
#3841 = CARTESIAN_POINT('',(0.156169973098,-2.995,2.362371902161));
#3842 = B_SPLINE_CURVE_WITH_KNOTS('',1,(#3843,#3844),.UNSPECIFIED.,.F.,
  .F.,(2,2),(0.,1.E-02),.PIECEWISE_BEZIER_KNOTS.);
#3843 = CARTESIAN_POINT('',(0.156169973098,-3.005,2.362371902161));
#3844 = CARTESIAN_POINT('',(0.156169973098,-2.995,2.362371902161));
#3845 = ORIENTED_EDGE('',*,*,#3846,.F.);
#3846 = EDGE_CURVE('',#3804,#3840,#3847,.T.);
#3847 = B_SPLINE_CURVE_WITH_KNOTS('',3,(#3848,#3849,#3850,#3851),
  .UNSPECIFIED.,.F.,.F.,(4,4),(4.,5.),.PIECEWISE_BEZIER_KNOTS.);
#3848 = CARTESIAN_POINT('',(0.230876579386,-2.995,2.392316930152));
#3849 = CARTESIAN_POINT('',(0.200671611917,-2.995,2.392316930152));
#3850 = CARTESIAN_POINT('',(0.175769409822,-2.995,2.382335254156));
#3851 = CARTESIAN_POINT('',(0.156169973098,-2.995,2.362371902161));
#3852 = B_SPLINE_SURFACE_WITH_KNOTS('',3,1,(
    (#3853,#3854)
    ,(#3855,#3856)
    ,(#3857,#3858)
    ,(#3859,#3860
    )),.UNSPECIFIED.,.F.,.F.,.F.,(4,4),(2,2),(4.,5.),(0.,1.),
  .PIECEWISE_BEZIER_KNOTS.);
#3853 = CARTESIAN_POINT('',(0.230876579386,-3.005,2.392316930152));
#3854 = CARTESIAN_POINT('',(0.230876579386,-2.995,2.392316930152));
#3855 = CARTESIAN_POINT('',(0.200671611917,-3.005,2.392316930152));
#3856 = CARTESIAN_POINT('',(0.200671611917,-2.995,2.392316930152));
#3857 = CARTESIAN_POINT('',(0.175769409822,-3.005,2.382335254156));
#3858 = CARTESIAN_POINT('',(0.175769409822,-2.995,2.382335254156));
#3859 = CARTESIAN_POINT('',(0.156169973098,-3.005,2.362371902161));
#3860 = CARTESIAN_POINT('',(0.156169973098,-2.995,2.362371902161));
#3861 = ADVANCED_FACE('',(#3862),#3888,.F.);
#3862 = FACE_BOUND('',#3863,.F.);
#3863 = EDGE_LOOP('',(#3864,#3865,#3874,#3881));
#3864 = ORIENTED_EDGE('',*,*,#3839,.F.);
#3865 = ORIENTED_EDGE('',*,*,#3866,.T.);
#3866 = EDGE_CURVE('',#3831,#3867,#3869,.T.);
#3867 = VERTEX_POINT('',#3868);
#3868 = CARTESIAN_POINT('',(0.126796811963,-3.005,2.283350300521));
#3869 = B_SPLINE_CURVE_WITH_KNOTS('',3,(#3870,#3871,#3872,#3873),
  .UNSPECIFIED.,.F.,.F.,(4,4),(3.,4.),.PIECEWISE_BEZIER_KNOTS.);
#3870 = CARTESIAN_POINT('',(0.156169973098,-3.005,2.362371902161));
#3871 = CARTESIAN_POINT('',(0.136570536376,-3.005,2.342408550169));
#3872 = CARTESIAN_POINT('',(0.126796811963,-3.005,2.316102674885));
#3873 = CARTESIAN_POINT('',(0.126796811963,-3.005,2.283350300521));
#3874 = ORIENTED_EDGE('',*,*,#3875,.T.);
#3875 = EDGE_CURVE('',#3867,#3876,#3878,.T.);
#3876 = VERTEX_POINT('',#3877);
#3877 = CARTESIAN_POINT('',(0.126796811963,-2.995,2.283350300521));
#3878 = B_SPLINE_CURVE_WITH_KNOTS('',1,(#3879,#3880),.UNSPECIFIED.,.F.,
  .F.,(2,2),(0.,1.E-02),.PIECEWISE_BEZIER_KNOTS.);
#3879 = CARTESIAN_POINT('',(0.126796811963,-3.005,2.283350300521));
#3880 = CARTESIAN_POINT('',(0.126796811963,-2.995,2.283350300521));
#3881 = ORIENTED_EDGE('',*,*,#3882,.F.);
#3882 = EDGE_CURVE('',#3840,#3876,#3883,.T.);
#3883 = B_SPLINE_CURVE_WITH_KNOTS('',3,(#3884,#3885,#3886,#3887),
  .UNSPECIFIED.,.F.,.F.,(4,4),(3.,4.),.PIECEWISE_BEZIER_KNOTS.);
#3884 = CARTESIAN_POINT('',(0.156169973098,-2.995,2.362371902161));
#3885 = CARTESIAN_POINT('',(0.136570536376,-2.995,2.342408550169));
#3886 = CARTESIAN_POINT('',(0.126796811963,-2.995,2.316102674885));
#3887 = CARTESIAN_POINT('',(0.126796811963,-2.995,2.283350300521));
#3888 = B_SPLINE_SURFACE_WITH_KNOTS('',3,1,(
    (#3889,#3890)
    ,(#3891,#3892)
    ,(#3893,#3894)
    ,(#3895,#3896
    )),.UNSPECIFIED.,.F.,.F.,.F.,(4,4),(2,2),(3.,4.),(0.,1.),
  .PIECEWISE_BEZIER_KNOTS.);
#3889 = CARTESIAN_POINT('',(0.156169973098,-3.005,2.362371902161));
#3890 = CARTESIAN_POINT('',(0.156169973098,-2.995,2.362371902161));
#3891 = CARTESIAN_POINT('',(0.136570536376,-3.005,2.342408550169));
#3892 = CARTESIAN_POINT('',(0.136570536376,-2.995,2.342408550169));
#3893 = CARTESIAN_POINT('',(0.126796811963,-3.005,2.316102674885));
#3894 = CARTESIAN_POINT('',(0.126796811963,-2.995,2.316102674885));
#3895 = CARTESIAN_POINT('',(0.126796811963,-3.005,2.283350300521));
#3896 = CARTESIAN_POINT('',(0.126796811963,-2.995,2.283350300521));
#3897 = ADVANCED_FACE('',(#3898),#3924,.F.);
#3898 = FACE_BOUND('',#3899,.F.);
#3899 = EDGE_LOOP('',(#3900,#3901,#3910,#3917));
#3900 = ORIENTED_EDGE('',*,*,#3875,.F.);
#3901 = ORIENTED_EDGE('',*,*,#3902,.T.);
#3902 = EDGE_CURVE('',#3867,#3903,#3905,.T.);
#3903 = VERTEX_POINT('',#3904);
#3904 = CARTESIAN_POINT('',(0.152894735662,-3.005,2.209839415838));
#3905 = B_SPLINE_CURVE_WITH_KNOTS('',3,(#3906,#3907,#3908,#3909),
  .UNSPECIFIED.,.F.,.F.,(4,4),(2.,3.),.PIECEWISE_BEZIER_KNOTS.);
#3906 = CARTESIAN_POINT('',(0.126796811963,-3.005,2.283350300521));
#3907 = CARTESIAN_POINT('',(0.126796811963,-3.005,2.252885393573));
#3908 = CARTESIAN_POINT('',(0.135478790564,-3.005,2.228347106748));
#3909 = CARTESIAN_POINT('',(0.152894735662,-3.005,2.209839415838));
#3910 = ORIENTED_EDGE('',*,*,#3911,.T.);
#3911 = EDGE_CURVE('',#3903,#3912,#3914,.T.);
#3912 = VERTEX_POINT('',#3913);
#3913 = CARTESIAN_POINT('',(0.152894735662,-2.995,2.209839415838));
#3914 = B_SPLINE_CURVE_WITH_KNOTS('',1,(#3915,#3916),.UNSPECIFIED.,.F.,
  .F.,(2,2),(0.,1.E-02),.PIECEWISE_BEZIER_KNOTS.);
#3915 = CARTESIAN_POINT('',(0.152894735662,-3.005,2.209839415838));
#3916 = CARTESIAN_POINT('',(0.152894735662,-2.995,2.209839415838));
#3917 = ORIENTED_EDGE('',*,*,#3918,.F.);
#3918 = EDGE_CURVE('',#3876,#3912,#3919,.T.);
#3919 = B_SPLINE_CURVE_WITH_KNOTS('',3,(#3920,#3921,#3922,#3923),
  .UNSPECIFIED.,.F.,.F.,(4,4),(2.,3.),.PIECEWISE_BEZIER_KNOTS.);
#3920 = CARTESIAN_POINT('',(0.126796811963,-2.995,2.283350300521));
#3921 = CARTESIAN_POINT('',(0.126796811963,-2.995,2.252885393573));
#3922 = CARTESIAN_POINT('',(0.135478790564,-2.995,2.228347106748));
#3923 = CARTESIAN_POINT('',(0.152894735662,-2.995,2.209839415838));
#3924 = B_SPLINE_SURFACE_WITH_KNOTS('',3,1,(
    (#3925,#3926)
    ,(#3927,#3928)
    ,(#3929,#3930)
    ,(#3931,#3932
    )),.UNSPECIFIED.,.F.,.F.,.F.,(4,4),(2,2),(2.,3.),(0.,1.),
  .PIECEWISE_BEZIER_KNOTS.);
#3925 = CARTESIAN_POINT('',(0.126796811963,-3.005,2.283350300521));
#3926 = CARTESIAN_POINT('',(0.126796811963,-2.995,2.283350300521));
#3927 = CARTESIAN_POINT('',(0.126796811963,-3.005,2.252885393573));
#3928 = CARTESIAN_POINT('',(0.126796811963,-2.995,2.252885393573));
#3929 = CARTESIAN_POINT('',(0.135478790564,-3.005,2.228347106748));
#3930 = CARTESIAN_POINT('',(0.135478790564,-2.995,2.228347106748));
#3931 = CARTESIAN_POINT('',(0.152894735662,-3.005,2.209839415838));
#3932 = CARTESIAN_POINT('',(0.152894735662,-2.995,2.209839415838));
#3933 = ADVANCED_FACE('',(#3934),#3952,.F.);
#3934 = FACE_BOUND('',#3935,.F.);
#3935 = EDGE_LOOP('',(#3936,#3937,#3944,#3945));
#3936 = ORIENTED_EDGE('',*,*,#3911,.F.);
#3937 = ORIENTED_EDGE('',*,*,#3938,.T.);
#3938 = EDGE_CURVE('',#3903,#3478,#3939,.T.);
#3939 = B_SPLINE_CURVE_WITH_KNOTS('',3,(#3940,#3941,#3942,#3943),
  .UNSPECIFIED.,.F.,.F.,(4,4),(1.,2.),.PIECEWISE_BEZIER_KNOTS.);
#3940 = CARTESIAN_POINT('',(0.152894735662,-3.005,2.209839415838));
#3941 = CARTESIAN_POINT('',(0.170310680761,-3.005,2.191331724928));
#3942 = CARTESIAN_POINT('',(0.193601258086,-3.005,2.182077879472));
#3943 = CARTESIAN_POINT('',(0.222766467639,-3.005,2.182077879472));
#3944 = ORIENTED_EDGE('',*,*,#3477,.T.);
#3945 = ORIENTED_EDGE('',*,*,#3946,.F.);
#3946 = EDGE_CURVE('',#3912,#3480,#3947,.T.);
#3947 = B_SPLINE_CURVE_WITH_KNOTS('',3,(#3948,#3949,#3950,#3951),
  .UNSPECIFIED.,.F.,.F.,(4,4),(1.,2.),.PIECEWISE_BEZIER_KNOTS.);
#3948 = CARTESIAN_POINT('',(0.152894735662,-2.995,2.209839415838));
#3949 = CARTESIAN_POINT('',(0.170310680761,-2.995,2.191331724928));
#3950 = CARTESIAN_POINT('',(0.193601258086,-2.995,2.182077879472));
#3951 = CARTESIAN_POINT('',(0.222766467639,-2.995,2.182077879472));
#3952 = B_SPLINE_SURFACE_WITH_KNOTS('',3,1,(
    (#3953,#3954)
    ,(#3955,#3956)
    ,(#3957,#3958)
    ,(#3959,#3960
    )),.UNSPECIFIED.,.F.,.F.,.F.,(4,4),(2,2),(1.,2.),(0.,1.),
  .PIECEWISE_BEZIER_KNOTS.);
#3953 = CARTESIAN_POINT('',(0.152894735662,-3.005,2.209839415838));
#3954 = CARTESIAN_POINT('',(0.152894735662,-2.995,2.209839415838));
#3955 = CARTESIAN_POINT('',(0.170310680761,-3.005,2.191331724928));
#3956 = CARTESIAN_POINT('',(0.170310680761,-2.995,2.191331724928));
#3957 = CARTESIAN_POINT('',(0.193601258086,-3.005,2.182077879472));
#3958 = CARTESIAN_POINT('',(0.193601258086,-2.995,2.182077879472));
#3959 = CARTESIAN_POINT('',(0.222766467639,-3.005,2.182077879472));
#3960 = CARTESIAN_POINT('',(0.222766467639,-2.995,2.182077879472));
#3961 = ADVANCED_FACE('',(#3962),#3978,.T.);
#3962 = FACE_BOUND('',#3963,.T.);
#3963 = EDGE_LOOP('',(#3964,#3965,#3966,#3967,#3968,#3969,#3970,#3971,
    #3972,#3973,#3974,#3975,#3976,#3977));
#3964 = ORIENTED_EDGE('',*,*,#3486,.T.);
#3965 = ORIENTED_EDGE('',*,*,#3535,.T.);
#3966 = ORIENTED_EDGE('',*,*,#3550,.T.);
#3967 = ORIENTED_EDGE('',*,*,#3586,.T.);
#3968 = ORIENTED_EDGE('',*,*,#3622,.T.);
#3969 = ORIENTED_EDGE('',*,*,#3658,.T.);
#3970 = ORIENTED_EDGE('',*,*,#3694,.T.);
#3971 = ORIENTED_EDGE('',*,*,#3730,.T.);
#3972 = ORIENTED_EDGE('',*,*,#3779,.T.);
#3973 = ORIENTED_EDGE('',*,*,#3794,.T.);
#3974 = ORIENTED_EDGE('',*,*,#3830,.T.);
#3975 = ORIENTED_EDGE('',*,*,#3866,.T.);
#3976 = ORIENTED_EDGE('',*,*,#3902,.T.);
#3977 = ORIENTED_EDGE('',*,*,#3938,.T.);
#3978 = B_SPLINE_SURFACE_WITH_KNOTS('',1,1,(
    (#3979,#3980)
    ,(#3981,#3982
    )),.UNSPECIFIED.,.F.,.F.,.F.,(2,2),(2,2),(-0.207275740618,
    2.963310061419E-03),(-0.126967438556,2.530510828864E-02),
  .PIECEWISE_BEZIER_KNOTS.);
#3979 = CARTESIAN_POINT('',(0.126796811963,-3.005,2.392316930152));
#3980 = CARTESIAN_POINT('',(0.279069358808,-3.005,2.392316930152));
#3981 = CARTESIAN_POINT('',(0.126796811963,-3.005,2.182077879472));
#3982 = CARTESIAN_POINT('',(0.279069358808,-3.005,2.182077879472));
#3983 = ADVANCED_FACE('',(#3984),#4000,.F.);
#3984 = FACE_BOUND('',#3985,.T.);
#3985 = EDGE_LOOP('',(#3986,#3987,#3988,#3989,#3990,#3991,#3992,#3993,
    #3994,#3995,#3996,#3997,#3998,#3999));
#3986 = ORIENTED_EDGE('',*,*,#3502,.F.);
#3987 = ORIENTED_EDGE('',*,*,#3946,.F.);
#3988 = ORIENTED_EDGE('',*,*,#3918,.F.);
#3989 = ORIENTED_EDGE('',*,*,#3882,.F.);
#3990 = ORIENTED_EDGE('',*,*,#3846,.F.);
#3991 = ORIENTED_EDGE('',*,*,#3810,.F.);
#3992 = ORIENTED_EDGE('',*,*,#3765,.F.);
#3993 = ORIENTED_EDGE('',*,*,#3746,.F.);
#3994 = ORIENTED_EDGE('',*,*,#3710,.F.);
#3995 = ORIENTED_EDGE('',*,*,#3674,.F.);
#3996 = ORIENTED_EDGE('',*,*,#3638,.F.);
#3997 = ORIENTED_EDGE('',*,*,#3602,.F.);
#3998 = ORIENTED_EDGE('',*,*,#3566,.F.);
#3999 = ORIENTED_EDGE('',*,*,#3521,.F.);
#4000 = B_SPLINE_SURFACE_WITH_KNOTS('',1,1,(
    (#4001,#4002)
    ,(#4003,#4004
    )),.UNSPECIFIED.,.F.,.F.,.F.,(2,2),(2,2),(-0.207275740618,
    2.963310061419E-03),(-0.126967438556,2.530510828864E-02),
  .PIECEWISE_BEZIER_KNOTS.);
#4001 = CARTESIAN_POINT('',(0.126796811963,-2.995,2.392316930152));
#4002 = CARTESIAN_POINT('',(0.279069358808,-2.995,2.392316930152));
#4003 = CARTESIAN_POINT('',(0.126796811963,-2.995,2.182077879472));
#4004 = CARTESIAN_POINT('',(0.279069358808,-2.995,2.182077879472));
#4005 = MANIFOLD_SOLID_BREP('',#4006);
#4006 = CLOSED_SHELL('',(#4007,#4043,#4071,#4099,#4127,#4155,#4183,#4211
    ,#4239,#4267,#4295,#4323,#4343,#4363));
#4007 = ADVANCED_FACE('',(#4008),#4038,.F.);
#4008 = FACE_BOUND('',#4009,.T.);
#4009 = EDGE_LOOP('',(#4010,#4019,#4026,#4033));
#4010 = ORIENTED_EDGE('',*,*,#4011,.T.);
#4011 = EDGE_CURVE('',#4012,#4014,#4016,.T.);
#4012 = VERTEX_POINT('',#4013);
#4013 = CARTESIAN_POINT('',(0.429158414028,-2.995,2.185509080597));
#4014 = VERTEX_POINT('',#4015);
#4015 = CARTESIAN_POINT('',(0.429158414028,-2.995,2.20869568213));
#4016 = B_SPLINE_CURVE_WITH_KNOTS('',1,(#4017,#4018),.UNSPECIFIED.,.F.,
  .F.,(2,2),(-2.318660153378E-02,0.),.PIECEWISE_BEZIER_KNOTS.);
#4017 = CARTESIAN_POINT('',(0.429158414028,-2.995,2.185509080597));
#4018 = CARTESIAN_POINT('',(0.429158414028,-2.995,2.20869568213));
#4019 = ORIENTED_EDGE('',*,*,#4020,.F.);
#4020 = EDGE_CURVE('',#4021,#4014,#4023,.T.);
#4021 = VERTEX_POINT('',#4022);
#4022 = CARTESIAN_POINT('',(0.429158414028,-3.005,2.20869568213));
#4023 = B_SPLINE_CURVE_WITH_KNOTS('',1,(#4024,#4025),.UNSPECIFIED.,.F.,
  .F.,(2,2),(0.,1.E-02),.PIECEWISE_BEZIER_KNOTS.);
#4024 = CARTESIAN_POINT('',(0.429158414028,-3.005,2.20869568213));
#4025 = CARTESIAN_POINT('',(0.429158414028,-2.995,2.20869568213));
#4026 = ORIENTED_EDGE('',*,*,#4027,.F.);
#4027 = EDGE_CURVE('',#4028,#4021,#4030,.T.);
#4028 = VERTEX_POINT('',#4029);
#4029 = CARTESIAN_POINT('',(0.429158414028,-3.005,2.185509080597));
#4030 = B_SPLINE_CURVE_WITH_KNOTS('',1,(#4031,#4032),.UNSPECIFIED.,.F.,
  .F.,(2,2),(-2.318660153378E-02,0.),.PIECEWISE_BEZIER_KNOTS.);
#4031 = CARTESIAN_POINT('',(0.429158414028,-3.005,2.185509080597));
#4032 = CARTESIAN_POINT('',(0.429158414028,-3.005,2.20869568213));
#4033 = ORIENTED_EDGE('',*,*,#4034,.T.);
#4034 = EDGE_CURVE('',#4028,#4012,#4035,.T.);
#4035 = B_SPLINE_CURVE_WITH_KNOTS('',1,(#4036,#4037),.UNSPECIFIED.,.F.,
  .F.,(2,2),(0.,1.E-02),.PIECEWISE_BEZIER_KNOTS.);
#4036 = CARTESIAN_POINT('',(0.429158414028,-3.005,2.185509080597));
#4037 = CARTESIAN_POINT('',(0.429158414028,-2.995,2.185509080597));
#4038 = B_SPLINE_SURFACE_WITH_KNOTS('',1,1,(
    (#4039,#4040)
    ,(#4041,#4042
    )),.UNSPECIFIED.,.F.,.F.,.F.,(2,2),(2,2),(-2.318660153378E-02,0.),(
    0.,1.E-02),.PIECEWISE_BEZIER_KNOTS.);
#4039 = CARTESIAN_POINT('',(0.429158414028,-3.005,2.185509080597));
#4040 = CARTESIAN_POINT('',(0.429158414028,-2.995,2.185509080597));
#4041 = CARTESIAN_POINT('',(0.429158414028,-3.005,2.20869568213));
#4042 = CARTESIAN_POINT('',(0.429158414028,-2.995,2.20869568213));
#4043 = ADVANCED_FACE('',(#4044),#4066,.F.);
#4044 = FACE_BOUND('',#4045,.T.);
#4045 = EDGE_LOOP('',(#4046,#4053,#4060,#4065));
#4046 = ORIENTED_EDGE('',*,*,#4047,.T.);
#4047 = EDGE_CURVE('',#4014,#4048,#4050,.T.);
#4048 = VERTEX_POINT('',#4049);
#4049 = CARTESIAN_POINT('',(0.346029768619,-2.995,2.20869568213));
#4050 = B_SPLINE_CURVE_WITH_KNOTS('',1,(#4051,#4052),.UNSPECIFIED.,.F.,
  .F.,(2,2),(-8.312864540908E-02,-0.),.PIECEWISE_BEZIER_KNOTS.);
#4051 = CARTESIAN_POINT('',(0.429158414028,-2.995,2.20869568213));
#4052 = CARTESIAN_POINT('',(0.346029768619,-2.995,2.20869568213));
#4053 = ORIENTED_EDGE('',*,*,#4054,.F.);
#4054 = EDGE_CURVE('',#4055,#4048,#4057,.T.);
#4055 = VERTEX_POINT('',#4056);
#4056 = CARTESIAN_POINT('',(0.346029768619,-3.005,2.20869568213));
#4057 = B_SPLINE_CURVE_WITH_KNOTS('',1,(#4058,#4059),.UNSPECIFIED.,.F.,
  .F.,(2,2),(0.,1.E-02),.PIECEWISE_BEZIER_KNOTS.);
#4058 = CARTESIAN_POINT('',(0.346029768619,-3.005,2.20869568213));
#4059 = CARTESIAN_POINT('',(0.346029768619,-2.995,2.20869568213));
#4060 = ORIENTED_EDGE('',*,*,#4061,.F.);
#4061 = EDGE_CURVE('',#4021,#4055,#4062,.T.);
#4062 = B_SPLINE_CURVE_WITH_KNOTS('',1,(#4063,#4064),.UNSPECIFIED.,.F.,
  .F.,(2,2),(-8.312864540908E-02,-0.),.PIECEWISE_BEZIER_KNOTS.);
#4063 = CARTESIAN_POINT('',(0.429158414028,-3.005,2.20869568213));
#4064 = CARTESIAN_POINT('',(0.346029768619,-3.005,2.20869568213));
#4065 = ORIENTED_EDGE('',*,*,#4020,.T.);
#4066 = B_SPLINE_SURFACE_WITH_KNOTS('',1,1,(
    (#4067,#4068)
    ,(#4069,#4070
    )),.UNSPECIFIED.,.F.,.F.,.F.,(2,2),(2,2),(-8.312864540908E-02,0.),(
    0.,1.E-02),.PIECEWISE_BEZIER_KNOTS.);
#4067 = CARTESIAN_POINT('',(0.429158414028,-3.005,2.20869568213));
#4068 = CARTESIAN_POINT('',(0.429158414028,-2.995,2.20869568213));
#4069 = CARTESIAN_POINT('',(0.346029768619,-3.005,2.20869568213));
#4070 = CARTESIAN_POINT('',(0.346029768619,-2.995,2.20869568213));
#4071 = ADVANCED_FACE('',(#4072),#4094,.F.);
#4072 = FACE_BOUND('',#4073,.T.);
#4073 = EDGE_LOOP('',(#4074,#4081,#4088,#4093));
#4074 = ORIENTED_EDGE('',*,*,#4075,.T.);
#4075 = EDGE_CURVE('',#4048,#4076,#4078,.T.);
#4076 = VERTEX_POINT('',#4077);
#4077 = CARTESIAN_POINT('',(0.346029768619,-2.995,2.277111753024));
#4078 = B_SPLINE_CURVE_WITH_KNOTS('',1,(#4079,#4080),.UNSPECIFIED.,.F.,
  .F.,(2,2),(-6.841607089332E-02,0.),.PIECEWISE_BEZIER_KNOTS.);
#4079 = CARTESIAN_POINT('',(0.346029768619,-2.995,2.20869568213));
#4080 = CARTESIAN_POINT('',(0.346029768619,-2.995,2.277111753024));
#4081 = ORIENTED_EDGE('',*,*,#4082,.F.);
#4082 = EDGE_CURVE('',#4083,#4076,#4085,.T.);
#4083 = VERTEX_POINT('',#4084);
#4084 = CARTESIAN_POINT('',(0.346029768619,-3.005,2.277111753024));
#4085 = B_SPLINE_CURVE_WITH_KNOTS('',1,(#4086,#4087),.UNSPECIFIED.,.F.,
  .F.,(2,2),(0.,1.E-02),.PIECEWISE_BEZIER_KNOTS.);
#4086 = CARTESIAN_POINT('',(0.346029768619,-3.005,2.277111753024));
#4087 = CARTESIAN_POINT('',(0.346029768619,-2.995,2.277111753024));
#4088 = ORIENTED_EDGE('',*,*,#4089,.F.);
#4089 = EDGE_CURVE('',#4055,#4083,#4090,.T.);
#4090 = B_SPLINE_CURVE_WITH_KNOTS('',1,(#4091,#4092),.UNSPECIFIED.,.F.,
  .F.,(2,2),(-6.841607089332E-02,0.),.PIECEWISE_BEZIER_KNOTS.);
#4091 = CARTESIAN_POINT('',(0.346029768619,-3.005,2.20869568213));
#4092 = CARTESIAN_POINT('',(0.346029768619,-3.005,2.277111753024));
#4093 = ORIENTED_EDGE('',*,*,#4054,.T.);
#4094 = B_SPLINE_SURFACE_WITH_KNOTS('',1,1,(
    (#4095,#4096)
    ,(#4097,#4098
    )),.UNSPECIFIED.,.F.,.F.,.F.,(2,2),(2,2),(-6.841607089332E-02,0.),(
    0.,1.E-02),.PIECEWISE_BEZIER_KNOTS.);
#4095 = CARTESIAN_POINT('',(0.346029768619,-3.005,2.20869568213));
#4096 = CARTESIAN_POINT('',(0.346029768619,-2.995,2.20869568213));
#4097 = CARTESIAN_POINT('',(0.346029768619,-3.005,2.277111753024));
#4098 = CARTESIAN_POINT('',(0.346029768619,-2.995,2.277111753024));
#4099 = ADVANCED_FACE('',(#4100),#4122,.F.);
#4100 = FACE_BOUND('',#4101,.T.);
#4101 = EDGE_LOOP('',(#4102,#4109,#4116,#4121));
#4102 = ORIENTED_EDGE('',*,*,#4103,.T.);
#4103 = EDGE_CURVE('',#4076,#4104,#4106,.T.);
#4104 = VERTEX_POINT('',#4105);
#4105 = CARTESIAN_POINT('',(0.418760834864,-2.995,2.277111753024));
#4106 = B_SPLINE_CURVE_WITH_KNOTS('',1,(#4107,#4108),.UNSPECIFIED.,.F.,
  .F.,(2,2),(-7.273106624597E-02,0.),.PIECEWISE_BEZIER_KNOTS.);
#4107 = CARTESIAN_POINT('',(0.346029768619,-2.995,2.277111753024));
#4108 = CARTESIAN_POINT('',(0.418760834864,-2.995,2.277111753024));
#4109 = ORIENTED_EDGE('',*,*,#4110,.F.);
#4110 = EDGE_CURVE('',#4111,#4104,#4113,.T.);
#4111 = VERTEX_POINT('',#4112);
#4112 = CARTESIAN_POINT('',(0.418760834864,-3.005,2.277111753024));
#4113 = B_SPLINE_CURVE_WITH_KNOTS('',1,(#4114,#4115),.UNSPECIFIED.,.F.,
  .F.,(2,2),(0.,1.E-02),.PIECEWISE_BEZIER_KNOTS.);
#4114 = CARTESIAN_POINT('',(0.418760834864,-3.005,2.277111753024));
#4115 = CARTESIAN_POINT('',(0.418760834864,-2.995,2.277111753024));
#4116 = ORIENTED_EDGE('',*,*,#4117,.F.);
#4117 = EDGE_CURVE('',#4083,#4111,#4118,.T.);
#4118 = B_SPLINE_CURVE_WITH_KNOTS('',1,(#4119,#4120),.UNSPECIFIED.,.F.,
  .F.,(2,2),(-7.273106624597E-02,0.),.PIECEWISE_BEZIER_KNOTS.);
#4119 = CARTESIAN_POINT('',(0.346029768619,-3.005,2.277111753024));
#4120 = CARTESIAN_POINT('',(0.418760834864,-3.005,2.277111753024));
#4121 = ORIENTED_EDGE('',*,*,#4082,.T.);
#4122 = B_SPLINE_SURFACE_WITH_KNOTS('',1,1,(
    (#4123,#4124)
    ,(#4125,#4126
    )),.UNSPECIFIED.,.F.,.F.,.F.,(2,2),(2,2),(-7.273106624597E-02,0.),(
    0.,1.E-02),.PIECEWISE_BEZIER_KNOTS.);
#4123 = CARTESIAN_POINT('',(0.346029768619,-3.005,2.277111753024));
#4124 = CARTESIAN_POINT('',(0.346029768619,-2.995,2.277111753024));
#4125 = CARTESIAN_POINT('',(0.418760834864,-3.005,2.277111753024));
#4126 = CARTESIAN_POINT('',(0.418760834864,-2.995,2.277111753024));
#4127 = ADVANCED_FACE('',(#4128),#4150,.F.);
#4128 = FACE_BOUND('',#4129,.T.);
#4129 = EDGE_LOOP('',(#4130,#4137,#4144,#4149));
#4130 = ORIENTED_EDGE('',*,*,#4131,.T.);
#4131 = EDGE_CURVE('',#4104,#4132,#4134,.T.);
#4132 = VERTEX_POINT('',#4133);
#4133 = CARTESIAN_POINT('',(0.418760834864,-2.995,2.300402330349));
#4134 = B_SPLINE_CURVE_WITH_KNOTS('',1,(#4135,#4136),.UNSPECIFIED.,.F.,
  .F.,(2,2),(-2.32905773253E-02,0.),.PIECEWISE_BEZIER_KNOTS.);
#4135 = CARTESIAN_POINT('',(0.418760834864,-2.995,2.277111753024));
#4136 = CARTESIAN_POINT('',(0.418760834864,-2.995,2.300402330349));
#4137 = ORIENTED_EDGE('',*,*,#4138,.F.);
#4138 = EDGE_CURVE('',#4139,#4132,#4141,.T.);
#4139 = VERTEX_POINT('',#4140);
#4140 = CARTESIAN_POINT('',(0.418760834864,-3.005,2.300402330349));
#4141 = B_SPLINE_CURVE_WITH_KNOTS('',1,(#4142,#4143),.UNSPECIFIED.,.F.,
  .F.,(2,2),(0.,1.E-02),.PIECEWISE_BEZIER_KNOTS.);
#4142 = CARTESIAN_POINT('',(0.418760834864,-3.005,2.300402330349));
#4143 = CARTESIAN_POINT('',(0.418760834864,-2.995,2.300402330349));
#4144 = ORIENTED_EDGE('',*,*,#4145,.F.);
#4145 = EDGE_CURVE('',#4111,#4139,#4146,.T.);
#4146 = B_SPLINE_CURVE_WITH_KNOTS('',1,(#4147,#4148),.UNSPECIFIED.,.F.,
  .F.,(2,2),(-2.32905773253E-02,0.),.PIECEWISE_BEZIER_KNOTS.);
#4147 = CARTESIAN_POINT('',(0.418760834864,-3.005,2.277111753024));
#4148 = CARTESIAN_POINT('',(0.418760834864,-3.005,2.300402330349));
#4149 = ORIENTED_EDGE('',*,*,#4110,.T.);
#4150 = B_SPLINE_SURFACE_WITH_KNOTS('',1,1,(
    (#4151,#4152)
    ,(#4153,#4154
    )),.UNSPECIFIED.,.F.,.F.,.F.,(2,2),(2,2),(-2.32905773253E-02,0.),(0.
    ,1.E-02),.PIECEWISE_BEZIER_KNOTS.);
#4151 = CARTESIAN_POINT('',(0.418760834864,-3.005,2.277111753024));
#4152 = CARTESIAN_POINT('',(0.418760834864,-2.995,2.277111753024));
#4153 = CARTESIAN_POINT('',(0.418760834864,-3.005,2.300402330349));
#4154 = CARTESIAN_POINT('',(0.418760834864,-2.995,2.300402330349));
#4155 = ADVANCED_FACE('',(#4156),#4178,.F.);
#4156 = FACE_BOUND('',#4157,.T.);
#4157 = EDGE_LOOP('',(#4158,#4165,#4172,#4177));
#4158 = ORIENTED_EDGE('',*,*,#4159,.T.);
#4159 = EDGE_CURVE('',#4132,#4160,#4162,.T.);
#4160 = VERTEX_POINT('',#4161);
#4161 = CARTESIAN_POINT('',(0.346029768619,-2.995,2.300402330349));
#4162 = B_SPLINE_CURVE_WITH_KNOTS('',1,(#4163,#4164),.UNSPECIFIED.,.F.,
  .F.,(2,2),(-7.273106624597E-02,-0.),.PIECEWISE_BEZIER_KNOTS.);
#4163 = CARTESIAN_POINT('',(0.418760834864,-2.995,2.300402330349));
#4164 = CARTESIAN_POINT('',(0.346029768619,-2.995,2.300402330349));
#4165 = ORIENTED_EDGE('',*,*,#4166,.F.);
#4166 = EDGE_CURVE('',#4167,#4160,#4169,.T.);
#4167 = VERTEX_POINT('',#4168);
#4168 = CARTESIAN_POINT('',(0.346029768619,-3.005,2.300402330349));
#4169 = B_SPLINE_CURVE_WITH_KNOTS('',1,(#4170,#4171),.UNSPECIFIED.,.F.,
  .F.,(2,2),(0.,1.E-02),.PIECEWISE_BEZIER_KNOTS.);
#4170 = CARTESIAN_POINT('',(0.346029768619,-3.005,2.300402330349));
#4171 = CARTESIAN_POINT('',(0.346029768619,-2.995,2.300402330349));
#4172 = ORIENTED_EDGE('',*,*,#4173,.F.);
#4173 = EDGE_CURVE('',#4139,#4167,#4174,.T.);
#4174 = B_SPLINE_CURVE_WITH_KNOTS('',1,(#4175,#4176),.UNSPECIFIED.,.F.,
  .F.,(2,2),(-7.273106624597E-02,-0.),.PIECEWISE_BEZIER_KNOTS.);
#4175 = CARTESIAN_POINT('',(0.418760834864,-3.005,2.300402330349));
#4176 = CARTESIAN_POINT('',(0.346029768619,-3.005,2.300402330349));
#4177 = ORIENTED_EDGE('',*,*,#4138,.T.);
#4178 = B_SPLINE_SURFACE_WITH_KNOTS('',1,1,(
    (#4179,#4180)
    ,(#4181,#4182
    )),.UNSPECIFIED.,.F.,.F.,.F.,(2,2),(2,2),(-7.273106624597E-02,0.),(
    0.,1.E-02),.PIECEWISE_BEZIER_KNOTS.);
#4179 = CARTESIAN_POINT('',(0.418760834864,-3.005,2.300402330349));
#4180 = CARTESIAN_POINT('',(0.418760834864,-2.995,2.300402330349));
#4181 = CARTESIAN_POINT('',(0.346029768619,-3.005,2.300402330349));
#4182 = CARTESIAN_POINT('',(0.346029768619,-2.995,2.300402330349));
#4183 = ADVANCED_FACE('',(#4184),#4206,.F.);
#4184 = FACE_BOUND('',#4185,.T.);
#4185 = EDGE_LOOP('',(#4186,#4193,#4200,#4205));
#4186 = ORIENTED_EDGE('',*,*,#4187,.T.);
#4187 = EDGE_CURVE('',#4160,#4188,#4190,.T.);
#4188 = VERTEX_POINT('',#4189);
#4189 = CARTESIAN_POINT('',(0.346029768619,-2.995,2.365491175911));
#4190 = B_SPLINE_CURVE_WITH_KNOTS('',1,(#4191,#4192),.UNSPECIFIED.,.F.,
  .F.,(2,2),(-6.508884556212E-02,0.),.PIECEWISE_BEZIER_KNOTS.);
#4191 = CARTESIAN_POINT('',(0.346029768619,-2.995,2.300402330349));
#4192 = CARTESIAN_POINT('',(0.346029768619,-2.995,2.365491175911));
#4193 = ORIENTED_EDGE('',*,*,#4194,.F.);
#4194 = EDGE_CURVE('',#4195,#4188,#4197,.T.);
#4195 = VERTEX_POINT('',#4196);
#4196 = CARTESIAN_POINT('',(0.346029768619,-3.005,2.365491175911));
#4197 = B_SPLINE_CURVE_WITH_KNOTS('',1,(#4198,#4199),.UNSPECIFIED.,.F.,
  .F.,(2,2),(0.,1.E-02),.PIECEWISE_BEZIER_KNOTS.);
#4198 = CARTESIAN_POINT('',(0.346029768619,-3.005,2.365491175911));
#4199 = CARTESIAN_POINT('',(0.346029768619,-2.995,2.365491175911));
#4200 = ORIENTED_EDGE('',*,*,#4201,.F.);
#4201 = EDGE_CURVE('',#4167,#4195,#4202,.T.);
#4202 = B_SPLINE_CURVE_WITH_KNOTS('',1,(#4203,#4204),.UNSPECIFIED.,.F.,
  .F.,(2,2),(-6.508884556212E-02,0.),.PIECEWISE_BEZIER_KNOTS.);
#4203 = CARTESIAN_POINT('',(0.346029768619,-3.005,2.300402330349));
#4204 = CARTESIAN_POINT('',(0.346029768619,-3.005,2.365491175911));
#4205 = ORIENTED_EDGE('',*,*,#4166,.T.);
#4206 = B_SPLINE_SURFACE_WITH_KNOTS('',1,1,(
    (#4207,#4208)
    ,(#4209,#4210
    )),.UNSPECIFIED.,.F.,.F.,.F.,(2,2),(2,2),(-6.508884556212E-02,0.),(
    0.,1.E-02),.PIECEWISE_BEZIER_KNOTS.);
#4207 = CARTESIAN_POINT('',(0.346029768619,-3.005,2.300402330349));
#4208 = CARTESIAN_POINT('',(0.346029768619,-2.995,2.300402330349));
#4209 = CARTESIAN_POINT('',(0.346029768619,-3.005,2.365491175911));
#4210 = CARTESIAN_POINT('',(0.346029768619,-2.995,2.365491175911));
#4211 = ADVANCED_FACE('',(#4212),#4234,.F.);
#4212 = FACE_BOUND('',#4213,.T.);
#4213 = EDGE_LOOP('',(#4214,#4221,#4228,#4233));
#4214 = ORIENTED_EDGE('',*,*,#4215,.T.);
#4215 = EDGE_CURVE('',#4188,#4216,#4218,.T.);
#4216 = VERTEX_POINT('',#4217);
#4217 = CARTESIAN_POINT('',(0.4245314913,-2.995,2.365491175911));
#4218 = B_SPLINE_CURVE_WITH_KNOTS('',1,(#4219,#4220),.UNSPECIFIED.,.F.,
  .F.,(2,2),(-7.850172268189E-02,0.),.PIECEWISE_BEZIER_KNOTS.);
#4219 = CARTESIAN_POINT('',(0.346029768619,-2.995,2.365491175911));
#4220 = CARTESIAN_POINT('',(0.4245314913,-2.995,2.365491175911));
#4221 = ORIENTED_EDGE('',*,*,#4222,.F.);
#4222 = EDGE_CURVE('',#4223,#4216,#4225,.T.);
#4223 = VERTEX_POINT('',#4224);
#4224 = CARTESIAN_POINT('',(0.4245314913,-3.005,2.365491175911));
#4225 = B_SPLINE_CURVE_WITH_KNOTS('',1,(#4226,#4227),.UNSPECIFIED.,.F.,
  .F.,(2,2),(0.,1.E-02),.PIECEWISE_BEZIER_KNOTS.);
#4226 = CARTESIAN_POINT('',(0.4245314913,-3.005,2.365491175911));
#4227 = CARTESIAN_POINT('',(0.4245314913,-2.995,2.365491175911));
#4228 = ORIENTED_EDGE('',*,*,#4229,.F.);
#4229 = EDGE_CURVE('',#4195,#4223,#4230,.T.);
#4230 = B_SPLINE_CURVE_WITH_KNOTS('',1,(#4231,#4232),.UNSPECIFIED.,.F.,
  .F.,(2,2),(-7.850172268189E-02,0.),.PIECEWISE_BEZIER_KNOTS.);
#4231 = CARTESIAN_POINT('',(0.346029768619,-3.005,2.365491175911));
#4232 = CARTESIAN_POINT('',(0.4245314913,-3.005,2.365491175911));
#4233 = ORIENTED_EDGE('',*,*,#4194,.T.);
#4234 = B_SPLINE_SURFACE_WITH_KNOTS('',1,1,(
    (#4235,#4236)
    ,(#4237,#4238
    )),.UNSPECIFIED.,.F.,.F.,.F.,(2,2),(2,2),(-7.850172268189E-02,0.),(
    0.,1.E-02),.PIECEWISE_BEZIER_KNOTS.);
#4235 = CARTESIAN_POINT('',(0.346029768619,-3.005,2.365491175911));
#4236 = CARTESIAN_POINT('',(0.346029768619,-2.995,2.365491175911));
#4237 = CARTESIAN_POINT('',(0.4245314913,-3.005,2.365491175911));
#4238 = CARTESIAN_POINT('',(0.4245314913,-2.995,2.365491175911));
#4239 = ADVANCED_FACE('',(#4240),#4262,.F.);
#4240 = FACE_BOUND('',#4241,.T.);
#4241 = EDGE_LOOP('',(#4242,#4249,#4256,#4261));
#4242 = ORIENTED_EDGE('',*,*,#4243,.T.);
#4243 = EDGE_CURVE('',#4216,#4244,#4246,.T.);
#4244 = VERTEX_POINT('',#4245);
#4245 = CARTESIAN_POINT('',(0.4245314913,-2.995,2.388885729028));
#4246 = B_SPLINE_CURVE_WITH_KNOTS('',1,(#4247,#4248),.UNSPECIFIED.,.F.,
  .F.,(2,2),(-2.339455311681E-02,0.),.PIECEWISE_BEZIER_KNOTS.);
#4247 = CARTESIAN_POINT('',(0.4245314913,-2.995,2.365491175911));
#4248 = CARTESIAN_POINT('',(0.4245314913,-2.995,2.388885729028));
#4249 = ORIENTED_EDGE('',*,*,#4250,.F.);
#4250 = EDGE_CURVE('',#4251,#4244,#4253,.T.);
#4251 = VERTEX_POINT('',#4252);
#4252 = CARTESIAN_POINT('',(0.4245314913,-3.005,2.388885729028));
#4253 = B_SPLINE_CURVE_WITH_KNOTS('',1,(#4254,#4255),.UNSPECIFIED.,.F.,
  .F.,(2,2),(0.,1.E-02),.PIECEWISE_BEZIER_KNOTS.);
#4254 = CARTESIAN_POINT('',(0.4245314913,-3.005,2.388885729028));
#4255 = CARTESIAN_POINT('',(0.4245314913,-2.995,2.388885729028));
#4256 = ORIENTED_EDGE('',*,*,#4257,.F.);
#4257 = EDGE_CURVE('',#4223,#4251,#4258,.T.);
#4258 = B_SPLINE_CURVE_WITH_KNOTS('',1,(#4259,#4260),.UNSPECIFIED.,.F.,
  .F.,(2,2),(-2.339455311681E-02,0.),.PIECEWISE_BEZIER_KNOTS.);
#4259 = CARTESIAN_POINT('',(0.4245314913,-3.005,2.365491175911));
#4260 = CARTESIAN_POINT('',(0.4245314913,-3.005,2.388885729028));
#4261 = ORIENTED_EDGE('',*,*,#4222,.T.);
#4262 = B_SPLINE_SURFACE_WITH_KNOTS('',1,1,(
    (#4263,#4264)
    ,(#4265,#4266
    )),.UNSPECIFIED.,.F.,.F.,.F.,(2,2),(2,2),(-2.339455311681E-02,0.),(
    0.,1.E-02),.PIECEWISE_BEZIER_KNOTS.);
#4263 = CARTESIAN_POINT('',(0.4245314913,-3.005,2.365491175911));
#4264 = CARTESIAN_POINT('',(0.4245314913,-2.995,2.365491175911));
#4265 = CARTESIAN_POINT('',(0.4245314913,-3.005,2.388885729028));
#4266 = CARTESIAN_POINT('',(0.4245314913,-2.995,2.388885729028));
#4267 = ADVANCED_FACE('',(#4268),#4290,.F.);
#4268 = FACE_BOUND('',#4269,.T.);
#4269 = EDGE_LOOP('',(#4270,#4277,#4284,#4289));
#4270 = ORIENTED_EDGE('',*,*,#4271,.T.);
#4271 = EDGE_CURVE('',#4244,#4272,#4274,.T.);
#4272 = VERTEX_POINT('',#4273);
#4273 = CARTESIAN_POINT('',(0.319775881232,-2.995,2.388885729028));
#4274 = B_SPLINE_CURVE_WITH_KNOTS('',1,(#4275,#4276),.UNSPECIFIED.,.F.,
  .F.,(2,2),(-0.104755610069,-0.),.PIECEWISE_BEZIER_KNOTS.);
#4275 = CARTESIAN_POINT('',(0.4245314913,-2.995,2.388885729028));
#4276 = CARTESIAN_POINT('',(0.319775881232,-2.995,2.388885729028));
#4277 = ORIENTED_EDGE('',*,*,#4278,.F.);
#4278 = EDGE_CURVE('',#4279,#4272,#4281,.T.);
#4279 = VERTEX_POINT('',#4280);
#4280 = CARTESIAN_POINT('',(0.319775881232,-3.005,2.388885729028));
#4281 = B_SPLINE_CURVE_WITH_KNOTS('',1,(#4282,#4283),.UNSPECIFIED.,.F.,
  .F.,(2,2),(0.,1.E-02),.PIECEWISE_BEZIER_KNOTS.);
#4282 = CARTESIAN_POINT('',(0.319775881232,-3.005,2.388885729028));
#4283 = CARTESIAN_POINT('',(0.319775881232,-2.995,2.388885729028));
#4284 = ORIENTED_EDGE('',*,*,#4285,.F.);
#4285 = EDGE_CURVE('',#4251,#4279,#4286,.T.);
#4286 = B_SPLINE_CURVE_WITH_KNOTS('',1,(#4287,#4288),.UNSPECIFIED.,.F.,
  .F.,(2,2),(-0.104755610069,-0.),.PIECEWISE_BEZIER_KNOTS.);
#4287 = CARTESIAN_POINT('',(0.4245314913,-3.005,2.388885729028));
#4288 = CARTESIAN_POINT('',(0.319775881232,-3.005,2.388885729028));
#4289 = ORIENTED_EDGE('',*,*,#4250,.T.);
#4290 = B_SPLINE_SURFACE_WITH_KNOTS('',1,1,(
    (#4291,#4292)
    ,(#4293,#4294
    )),.UNSPECIFIED.,.F.,.F.,.F.,(2,2),(2,2),(-0.104755610069,0.),(0.,
    1.E-02),.PIECEWISE_BEZIER_KNOTS.);
#4291 = CARTESIAN_POINT('',(0.4245314913,-3.005,2.388885729028));
#4292 = CARTESIAN_POINT('',(0.4245314913,-2.995,2.388885729028));
#4293 = CARTESIAN_POINT('',(0.319775881232,-3.005,2.388885729028));
#4294 = CARTESIAN_POINT('',(0.319775881232,-2.995,2.388885729028));
#4295 = ADVANCED_FACE('',(#4296),#4318,.F.);
#4296 = FACE_BOUND('',#4297,.T.);
#4297 = EDGE_LOOP('',(#4298,#4305,#4312,#4317));
#4298 = ORIENTED_EDGE('',*,*,#4299,.T.);
#4299 = EDGE_CURVE('',#4272,#4300,#4302,.T.);
#4300 = VERTEX_POINT('',#4301);
#4301 = CARTESIAN_POINT('',(0.319775881232,-2.995,2.185509080597));
#4302 = B_SPLINE_CURVE_WITH_KNOTS('',1,(#4303,#4304),.UNSPECIFIED.,.F.,
  .F.,(2,2),(-0.203376648431,-0.),.PIECEWISE_BEZIER_KNOTS.);
#4303 = CARTESIAN_POINT('',(0.319775881232,-2.995,2.388885729028));
#4304 = CARTESIAN_POINT('',(0.319775881232,-2.995,2.185509080597));
#4305 = ORIENTED_EDGE('',*,*,#4306,.F.);
#4306 = EDGE_CURVE('',#4307,#4300,#4309,.T.);
#4307 = VERTEX_POINT('',#4308);
#4308 = CARTESIAN_POINT('',(0.319775881232,-3.005,2.185509080597));
#4309 = B_SPLINE_CURVE_WITH_KNOTS('',1,(#4310,#4311),.UNSPECIFIED.,.F.,
  .F.,(2,2),(0.,1.E-02),.PIECEWISE_BEZIER_KNOTS.);
#4310 = CARTESIAN_POINT('',(0.319775881232,-3.005,2.185509080597));
#4311 = CARTESIAN_POINT('',(0.319775881232,-2.995,2.185509080597));
#4312 = ORIENTED_EDGE('',*,*,#4313,.F.);
#4313 = EDGE_CURVE('',#4279,#4307,#4314,.T.);
#4314 = B_SPLINE_CURVE_WITH_KNOTS('',1,(#4315,#4316),.UNSPECIFIED.,.F.,
  .F.,(2,2),(-0.203376648431,-0.),.PIECEWISE_BEZIER_KNOTS.);
#4315 = CARTESIAN_POINT('',(0.319775881232,-3.005,2.388885729028));
#4316 = CARTESIAN_POINT('',(0.319775881232,-3.005,2.185509080597));
#4317 = ORIENTED_EDGE('',*,*,#4278,.T.);
#4318 = B_SPLINE_SURFACE_WITH_KNOTS('',1,1,(
    (#4319,#4320)
    ,(#4321,#4322
    )),.UNSPECIFIED.,.F.,.F.,.F.,(2,2),(2,2),(-0.203376648431,0.),(0.,
    1.E-02),.PIECEWISE_BEZIER_KNOTS.);
#4319 = CARTESIAN_POINT('',(0.319775881232,-3.005,2.388885729028));
#4320 = CARTESIAN_POINT('',(0.319775881232,-2.995,2.388885729028));
#4321 = CARTESIAN_POINT('',(0.319775881232,-3.005,2.185509080597));
#4322 = CARTESIAN_POINT('',(0.319775881232,-2.995,2.185509080597));
#4323 = ADVANCED_FACE('',(#4324),#4338,.F.);
#4324 = FACE_BOUND('',#4325,.T.);
#4325 = EDGE_LOOP('',(#4326,#4331,#4332,#4337));
#4326 = ORIENTED_EDGE('',*,*,#4327,.T.);
#4327 = EDGE_CURVE('',#4300,#4012,#4328,.T.);
#4328 = B_SPLINE_CURVE_WITH_KNOTS('',1,(#4329,#4330),.UNSPECIFIED.,.F.,
  .F.,(2,2),(-0.109382532796,0.),.PIECEWISE_BEZIER_KNOTS.);
#4329 = CARTESIAN_POINT('',(0.319775881232,-2.995,2.185509080597));
#4330 = CARTESIAN_POINT('',(0.429158414028,-2.995,2.185509080597));
#4331 = ORIENTED_EDGE('',*,*,#4034,.F.);
#4332 = ORIENTED_EDGE('',*,*,#4333,.F.);
#4333 = EDGE_CURVE('',#4307,#4028,#4334,.T.);
#4334 = B_SPLINE_CURVE_WITH_KNOTS('',1,(#4335,#4336),.UNSPECIFIED.,.F.,
  .F.,(2,2),(-0.109382532796,0.),.PIECEWISE_BEZIER_KNOTS.);
#4335 = CARTESIAN_POINT('',(0.319775881232,-3.005,2.185509080597));
#4336 = CARTESIAN_POINT('',(0.429158414028,-3.005,2.185509080597));
#4337 = ORIENTED_EDGE('',*,*,#4306,.T.);
#4338 = B_SPLINE_SURFACE_WITH_KNOTS('',1,1,(
    (#4339,#4340)
    ,(#4341,#4342
    )),.UNSPECIFIED.,.F.,.F.,.F.,(2,2),(2,2),(-0.109382532796,0.),(0.,
    1.E-02),.PIECEWISE_BEZIER_KNOTS.);
#4339 = CARTESIAN_POINT('',(0.319775881232,-3.005,2.185509080597));
#4340 = CARTESIAN_POINT('',(0.319775881232,-2.995,2.185509080597));
#4341 = CARTESIAN_POINT('',(0.429158414028,-3.005,2.185509080597));
#4342 = CARTESIAN_POINT('',(0.429158414028,-2.995,2.185509080597));
#4343 = ADVANCED_FACE('',(#4344),#4358,.F.);
#4344 = FACE_BOUND('',#4345,.T.);
#4345 = EDGE_LOOP('',(#4346,#4347,#4348,#4349,#4350,#4351,#4352,#4353,
    #4354,#4355,#4356,#4357));
#4346 = ORIENTED_EDGE('',*,*,#4027,.T.);
#4347 = ORIENTED_EDGE('',*,*,#4061,.T.);
#4348 = ORIENTED_EDGE('',*,*,#4089,.T.);
#4349 = ORIENTED_EDGE('',*,*,#4117,.T.);
#4350 = ORIENTED_EDGE('',*,*,#4145,.T.);
#4351 = ORIENTED_EDGE('',*,*,#4173,.T.);
#4352 = ORIENTED_EDGE('',*,*,#4201,.T.);
#4353 = ORIENTED_EDGE('',*,*,#4229,.T.);
#4354 = ORIENTED_EDGE('',*,*,#4257,.T.);
#4355 = ORIENTED_EDGE('',*,*,#4285,.T.);
#4356 = ORIENTED_EDGE('',*,*,#4313,.T.);
#4357 = ORIENTED_EDGE('',*,*,#4333,.T.);
#4358 = B_SPLINE_SURFACE_WITH_KNOTS('',1,1,(
    (#4359,#4360)
    ,(#4361,#4362
    )),.UNSPECIFIED.,.F.,.F.,.F.,(2,2),(2,2),(2.175508980597,
    2.378885629028),(0.319775881232,0.429158414028),
  .PIECEWISE_BEZIER_KNOTS.);
#4359 = CARTESIAN_POINT('',(0.319775881232,-3.005,2.185509080597));
#4360 = CARTESIAN_POINT('',(0.429158414028,-3.005,2.185509080597));
#4361 = CARTESIAN_POINT('',(0.319775881232,-3.005,2.388885729028));
#4362 = CARTESIAN_POINT('',(0.429158414028,-3.005,2.388885729028));
#4363 = ADVANCED_FACE('',(#4364),#4378,.T.);
#4364 = FACE_BOUND('',#4365,.T.);
#4365 = EDGE_LOOP('',(#4366,#4367,#4368,#4369,#4370,#4371,#4372,#4373,
    #4374,#4375,#4376,#4377));
#4366 = ORIENTED_EDGE('',*,*,#4011,.F.);
#4367 = ORIENTED_EDGE('',*,*,#4327,.F.);
#4368 = ORIENTED_EDGE('',*,*,#4299,.F.);
#4369 = ORIENTED_EDGE('',*,*,#4271,.F.);
#4370 = ORIENTED_EDGE('',*,*,#4243,.F.);
#4371 = ORIENTED_EDGE('',*,*,#4215,.F.);
#4372 = ORIENTED_EDGE('',*,*,#4187,.F.);
#4373 = ORIENTED_EDGE('',*,*,#4159,.F.);
#4374 = ORIENTED_EDGE('',*,*,#4131,.F.);
#4375 = ORIENTED_EDGE('',*,*,#4103,.F.);
#4376 = ORIENTED_EDGE('',*,*,#4075,.F.);
#4377 = ORIENTED_EDGE('',*,*,#4047,.F.);
#4378 = B_SPLINE_SURFACE_WITH_KNOTS('',1,1,(
    (#4379,#4380)
    ,(#4381,#4382
    )),.UNSPECIFIED.,.F.,.F.,.F.,(2,2),(2,2),(2.175508980597,
    2.378885629028),(0.319775881232,0.429158414028),
  .PIECEWISE_BEZIER_KNOTS.);
#4379 = CARTESIAN_POINT('',(0.319775881232,-2.995,2.185509080597));
#4380 = CARTESIAN_POINT('',(0.429158414028,-2.995,2.185509080597));
#4381 = CARTESIAN_POINT('',(0.319775881232,-2.995,2.388885729028));
#4382 = CARTESIAN_POINT('',(0.429158414028,-2.995,2.388885729028));
#4383 = MANIFOLD_SOLID_BREP('',#4384);
#4384 = CLOSED_SHELL('',(#4385,#4509,#4633,#4653,#4673,#4693,#4713,#4733
    ,#4749,#4761,#4781,#4797,#4813,#4833,#4853,#4873));
#4385 = ADVANCED_FACE('',(#4386,#4445),#4504,.T.);
#4386 = FACE_BOUND('',#4387,.T.);
#4387 = EDGE_LOOP('',(#4388,#4397,#4406,#4415,#4424,#4433,#4440));
#4388 = ORIENTED_EDGE('',*,*,#4389,.T.);
#4389 = EDGE_CURVE('',#4390,#4392,#4394,.T.);
#4390 = VERTEX_POINT('',#4391);
#4391 = CARTESIAN_POINT('',(0.467577469036,-3.005,2.185509080597));
#4392 = VERTEX_POINT('',#4393);
#4393 = CARTESIAN_POINT('',(0.523516444934,-3.005,2.185509080597));
#4394 = B_SPLINE_CURVE_WITH_KNOTS('',1,(#4395,#4396),.UNSPECIFIED.,.F.,
  .F.,(2,2),(-5.593897589787E-02,1.110223024625E-16),
  .PIECEWISE_BEZIER_KNOTS.);
#4395 = CARTESIAN_POINT('',(0.467577469036,-3.005,2.185509080597));
#4396 = CARTESIAN_POINT('',(0.523516444934,-3.005,2.185509080597));
#4397 = ORIENTED_EDGE('',*,*,#4398,.T.);
#4398 = EDGE_CURVE('',#4392,#4399,#4401,.T.);
#4399 = VERTEX_POINT('',#4400);
#4400 = CARTESIAN_POINT('',(0.602486058678,-3.005,2.213998447503));
#4401 = B_SPLINE_CURVE_WITH_KNOTS('',3,(#4402,#4403,#4404,#4405),
  .UNSPECIFIED.,.F.,.F.,(4,4),(5.,6.),.PIECEWISE_BEZIER_KNOTS.);
#4402 = CARTESIAN_POINT('',(0.523516444934,-3.005,2.185509080597));
#4403 = CARTESIAN_POINT('',(0.555696952443,-3.005,2.185509080597));
#4404 = CARTESIAN_POINT('',(0.582054815622,-3.005,2.194970877635));
#4405 = CARTESIAN_POINT('',(0.602486058678,-3.005,2.213998447503));
#4406 = ORIENTED_EDGE('',*,*,#4407,.T.);
#4407 = EDGE_CURVE('',#4399,#4408,#4410,.T.);
#4408 = VERTEX_POINT('',#4409);
#4409 = CARTESIAN_POINT('',(0.633158917209,-3.005,2.289796799603));
#4410 = B_SPLINE_CURVE_WITH_KNOTS('',3,(#4411,#4412,#4413,#4414),
  .UNSPECIFIED.,.F.,.F.,(4,4),(4.,5.),.PIECEWISE_BEZIER_KNOTS.);
#4411 = CARTESIAN_POINT('',(0.602486058678,-3.005,2.213998447503));
#4412 = CARTESIAN_POINT('',(0.622917301734,-3.005,2.233026017372));
#4413 = CARTESIAN_POINT('',(0.633158917209,-3.005,2.258292134739));
#4414 = CARTESIAN_POINT('',(0.633158917209,-3.005,2.289796799603));
#4415 = ORIENTED_EDGE('',*,*,#4416,.T.);
#4416 = EDGE_CURVE('',#4408,#4417,#4419,.T.);
#4417 = VERTEX_POINT('',#4418);
#4418 = CARTESIAN_POINT('',(0.602486058678,-3.005,2.361955998995));
#4419 = B_SPLINE_CURVE_WITH_KNOTS('',3,(#4420,#4421,#4422,#4423),
  .UNSPECIFIED.,.F.,.F.,(4,4),(3.,4.),.PIECEWISE_BEZIER_KNOTS.);
#4420 = CARTESIAN_POINT('',(0.633158917209,-3.005,2.289796799603));
#4421 = CARTESIAN_POINT('',(0.633158917209,-3.005,2.319949779176));
#4422 = CARTESIAN_POINT('',(0.622917301734,-3.005,2.343968187043));
#4423 = CARTESIAN_POINT('',(0.602486058678,-3.005,2.361955998995));
#4424 = ORIENTED_EDGE('',*,*,#4425,.T.);
#4425 = EDGE_CURVE('',#4417,#4426,#4428,.T.);
#4426 = VERTEX_POINT('',#4427);
#4427 = CARTESIAN_POINT('',(0.525595960767,-3.005,2.388885729028));
#4428 = B_SPLINE_CURVE_WITH_KNOTS('',3,(#4429,#4430,#4431,#4432),
  .UNSPECIFIED.,.F.,.F.,(4,4),(2.,3.),.PIECEWISE_BEZIER_KNOTS.);
#4429 = CARTESIAN_POINT('',(0.602486058678,-3.005,2.361955998995));
#4430 = CARTESIAN_POINT('',(0.582054815622,-3.005,2.379943810948));
#4431 = CARTESIAN_POINT('',(0.556424782985,-3.005,2.388885729028));
#4432 = CARTESIAN_POINT('',(0.525595960767,-3.005,2.388885729028));
#4433 = ORIENTED_EDGE('',*,*,#4434,.T.);
#4434 = EDGE_CURVE('',#4426,#4435,#4437,.T.);
#4435 = VERTEX_POINT('',#4436);
#4436 = CARTESIAN_POINT('',(0.467577469036,-3.005,2.388885729028));
#4437 = B_SPLINE_CURVE_WITH_KNOTS('',1,(#4438,#4439),.UNSPECIFIED.,.F.,
  .F.,(2,2),(-5.801849173091E-02,-0.),.PIECEWISE_BEZIER_KNOTS.);
#4438 = CARTESIAN_POINT('',(0.525595960767,-3.005,2.388885729028));
#4439 = CARTESIAN_POINT('',(0.467577469036,-3.005,2.388885729028));
#4440 = ORIENTED_EDGE('',*,*,#4441,.T.);
#4441 = EDGE_CURVE('',#4435,#4390,#4442,.T.);
#4442 = B_SPLINE_CURVE_WITH_KNOTS('',1,(#4443,#4444),.UNSPECIFIED.,.F.,
  .F.,(2,2),(-0.203376648431,-0.),.PIECEWISE_BEZIER_KNOTS.);
#4443 = CARTESIAN_POINT('',(0.467577469036,-3.005,2.388885729028));
#4444 = CARTESIAN_POINT('',(0.467577469036,-3.005,2.185509080597));
#4445 = FACE_BOUND('',#4446,.T.);
#4446 = EDGE_LOOP('',(#4447,#4456,#4463,#4472,#4481,#4490,#4499));
#4447 = ORIENTED_EDGE('',*,*,#4448,.F.);
#4448 = EDGE_CURVE('',#4449,#4451,#4453,.T.);
#4449 = VERTEX_POINT('',#4450);
#4450 = CARTESIAN_POINT('',(0.493831356424,-3.005,2.365491175911));
#4451 = VERTEX_POINT('',#4452);
#4452 = CARTESIAN_POINT('',(0.493831356424,-3.005,2.20869568213));
#4453 = B_SPLINE_CURVE_WITH_KNOTS('',1,(#4454,#4455),.UNSPECIFIED.,.F.,
  .F.,(2,2),(0.,0.156795493781),.PIECEWISE_BEZIER_KNOTS.);
#4454 = CARTESIAN_POINT('',(0.493831356424,-3.005,2.365491175911));
#4455 = CARTESIAN_POINT('',(0.493831356424,-3.005,2.20869568213));
#4456 = ORIENTED_EDGE('',*,*,#4457,.F.);
#4457 = EDGE_CURVE('',#4458,#4449,#4460,.T.);
#4458 = VERTEX_POINT('',#4459);
#4459 = CARTESIAN_POINT('',(0.524556202849,-3.005,2.365491175911));
#4460 = B_SPLINE_CURVE_WITH_KNOTS('',1,(#4461,#4462),.UNSPECIFIED.,.F.,
  .F.,(2,2),(0.,3.072484642542E-02),.PIECEWISE_BEZIER_KNOTS.);
#4461 = CARTESIAN_POINT('',(0.524556202849,-3.005,2.365491175911));
#4462 = CARTESIAN_POINT('',(0.493831356424,-3.005,2.365491175911));
#4463 = ORIENTED_EDGE('',*,*,#4464,.F.);
#4464 = EDGE_CURVE('',#4465,#4458,#4467,.T.);
#4465 = VERTEX_POINT('',#4466);
#4466 = CARTESIAN_POINT('',(0.583250537226,-3.005,2.34635963025));
#4467 = B_SPLINE_CURVE_WITH_KNOTS('',3,(#4468,#4469,#4470,#4471),
  .UNSPECIFIED.,.F.,.F.,(4,4),(5.,6.),.PIECEWISE_BEZIER_KNOTS.);
#4468 = CARTESIAN_POINT('',(0.583250537226,-3.005,2.34635963025));
#4469 = CARTESIAN_POINT('',(0.568381999022,-3.005,2.359148652622));
#4470 = CARTESIAN_POINT('',(0.548782562299,-3.005,2.365491175911));
#4471 = CARTESIAN_POINT('',(0.524556202849,-3.005,2.365491175911));
#4472 = ORIENTED_EDGE('',*,*,#4473,.F.);
#4473 = EDGE_CURVE('',#4474,#4465,#4476,.T.);
#4474 = VERTEX_POINT('',#4475);
#4475 = CARTESIAN_POINT('',(0.605553344532,-3.005,2.289068969062));
#4476 = B_SPLINE_CURVE_WITH_KNOTS('',3,(#4477,#4478,#4479,#4480),
  .UNSPECIFIED.,.F.,.F.,(4,4),(4.,5.),.PIECEWISE_BEZIER_KNOTS.);
#4477 = CARTESIAN_POINT('',(0.605553344532,-3.005,2.289068969062));
#4478 = CARTESIAN_POINT('',(0.605553344532,-3.005,2.31443906222));
#4479 = CARTESIAN_POINT('',(0.598119075429,-3.005,2.33357060788));
#4480 = CARTESIAN_POINT('',(0.583250537226,-3.005,2.34635963025));
#4481 = ORIENTED_EDGE('',*,*,#4482,.F.);
#4482 = EDGE_CURVE('',#4483,#4474,#4485,.T.);
#4483 = VERTEX_POINT('',#4484);
#4484 = CARTESIAN_POINT('',(0.583822404081,-3.005,2.229906743623));
#4485 = B_SPLINE_CURVE_WITH_KNOTS('',3,(#4486,#4487,#4488,#4489),
  .UNSPECIFIED.,.F.,.F.,(4,4),(3.,4.),.PIECEWISE_BEZIER_KNOTS.);
#4486 = CARTESIAN_POINT('',(0.583822404081,-3.005,2.229906743623));
#4487 = CARTESIAN_POINT('',(0.598327027014,-3.005,2.243943475493));
#4488 = CARTESIAN_POINT('',(0.605553344532,-3.005,2.263698875903));
#4489 = CARTESIAN_POINT('',(0.605553344532,-3.005,2.289068969062));
#4490 = ORIENTED_EDGE('',*,*,#4491,.F.);
#4491 = EDGE_CURVE('',#4492,#4483,#4494,.T.);
#4492 = VERTEX_POINT('',#4493);
#4493 = CARTESIAN_POINT('',(0.523360481247,-3.005,2.20869568213));
#4494 = B_SPLINE_CURVE_WITH_KNOTS('',3,(#4495,#4496,#4497,#4498),
  .UNSPECIFIED.,.F.,.F.,(4,4),(2.,3.),.PIECEWISE_BEZIER_KNOTS.);
#4495 = CARTESIAN_POINT('',(0.523360481247,-3.005,2.20869568213));
#4496 = CARTESIAN_POINT('',(0.549198465467,-3.005,2.20869568213));
#4497 = CARTESIAN_POINT('',(0.569369769044,-3.005,2.215766035962));
#4498 = CARTESIAN_POINT('',(0.583822404081,-3.005,2.229906743623));
#4499 = ORIENTED_EDGE('',*,*,#4500,.F.);
#4500 = EDGE_CURVE('',#4451,#4492,#4501,.T.);
#4501 = B_SPLINE_CURVE_WITH_KNOTS('',1,(#4502,#4503),.UNSPECIFIED.,.F.,
  .F.,(2,2),(0.,2.952912482302E-02),.PIECEWISE_BEZIER_KNOTS.);
#4502 = CARTESIAN_POINT('',(0.493831356424,-3.005,2.20869568213));
#4503 = CARTESIAN_POINT('',(0.523360481247,-3.005,2.20869568213));
#4504 = B_SPLINE_SURFACE_WITH_KNOTS('',1,1,(
    (#4505,#4506)
    ,(#4507,#4508
    )),.UNSPECIFIED.,.F.,.F.,.F.,(2,2),(2,2),(-6.719435533992E-03,
    0.196657212897),(-0.100362632872,6.521881530082E-02),
  .PIECEWISE_BEZIER_KNOTS.);
#4505 = CARTESIAN_POINT('',(0.467577469036,-3.005,2.388885729028));
#4506 = CARTESIAN_POINT('',(0.633158917209,-3.005,2.388885729028));
#4507 = CARTESIAN_POINT('',(0.467577469036,-3.005,2.185509080597));
#4508 = CARTESIAN_POINT('',(0.633158917209,-3.005,2.185509080597));
#4509 = ADVANCED_FACE('',(#4510,#4569),#4628,.F.);
#4510 = FACE_BOUND('',#4511,.T.);
#4511 = EDGE_LOOP('',(#4512,#4521,#4528,#4535,#4544,#4553,#4562));
#4512 = ORIENTED_EDGE('',*,*,#4513,.F.);
#4513 = EDGE_CURVE('',#4514,#4516,#4518,.T.);
#4514 = VERTEX_POINT('',#4515);
#4515 = CARTESIAN_POINT('',(0.467577469036,-2.995,2.185509080597));
#4516 = VERTEX_POINT('',#4517);
#4517 = CARTESIAN_POINT('',(0.523516444934,-2.995,2.185509080597));
#4518 = B_SPLINE_CURVE_WITH_KNOTS('',1,(#4519,#4520),.UNSPECIFIED.,.F.,
  .F.,(2,2),(-5.593897589787E-02,1.110223024625E-16),
  .PIECEWISE_BEZIER_KNOTS.);
#4519 = CARTESIAN_POINT('',(0.467577469036,-2.995,2.185509080597));
#4520 = CARTESIAN_POINT('',(0.523516444934,-2.995,2.185509080597));
#4521 = ORIENTED_EDGE('',*,*,#4522,.F.);
#4522 = EDGE_CURVE('',#4523,#4514,#4525,.T.);
#4523 = VERTEX_POINT('',#4524);
#4524 = CARTESIAN_POINT('',(0.467577469036,-2.995,2.388885729028));
#4525 = B_SPLINE_CURVE_WITH_KNOTS('',1,(#4526,#4527),.UNSPECIFIED.,.F.,
  .F.,(2,2),(-0.203376648431,-0.),.PIECEWISE_BEZIER_KNOTS.);
#4526 = CARTESIAN_POINT('',(0.467577469036,-2.995,2.388885729028));
#4527 = CARTESIAN_POINT('',(0.467577469036,-2.995,2.185509080597));
#4528 = ORIENTED_EDGE('',*,*,#4529,.F.);
#4529 = EDGE_CURVE('',#4530,#4523,#4532,.T.);
#4530 = VERTEX_POINT('',#4531);
#4531 = CARTESIAN_POINT('',(0.525595960767,-2.995,2.388885729028));
#4532 = B_SPLINE_CURVE_WITH_KNOTS('',1,(#4533,#4534),.UNSPECIFIED.,.F.,
  .F.,(2,2),(-5.801849173091E-02,-0.),.PIECEWISE_BEZIER_KNOTS.);
#4533 = CARTESIAN_POINT('',(0.525595960767,-2.995,2.388885729028));
#4534 = CARTESIAN_POINT('',(0.467577469036,-2.995,2.388885729028));
#4535 = ORIENTED_EDGE('',*,*,#4536,.F.);
#4536 = EDGE_CURVE('',#4537,#4530,#4539,.T.);
#4537 = VERTEX_POINT('',#4538);
#4538 = CARTESIAN_POINT('',(0.602486058678,-2.995,2.361955998995));
#4539 = B_SPLINE_CURVE_WITH_KNOTS('',3,(#4540,#4541,#4542,#4543),
  .UNSPECIFIED.,.F.,.F.,(4,4),(2.,3.),.PIECEWISE_BEZIER_KNOTS.);
#4540 = CARTESIAN_POINT('',(0.602486058678,-2.995,2.361955998995));
#4541 = CARTESIAN_POINT('',(0.582054815622,-2.995,2.379943810948));
#4542 = CARTESIAN_POINT('',(0.556424782985,-2.995,2.388885729028));
#4543 = CARTESIAN_POINT('',(0.525595960767,-2.995,2.388885729028));
#4544 = ORIENTED_EDGE('',*,*,#4545,.F.);
#4545 = EDGE_CURVE('',#4546,#4537,#4548,.T.);
#4546 = VERTEX_POINT('',#4547);
#4547 = CARTESIAN_POINT('',(0.633158917209,-2.995,2.289796799603));
#4548 = B_SPLINE_CURVE_WITH_KNOTS('',3,(#4549,#4550,#4551,#4552),
  .UNSPECIFIED.,.F.,.F.,(4,4),(3.,4.),.PIECEWISE_BEZIER_KNOTS.);
#4549 = CARTESIAN_POINT('',(0.633158917209,-2.995,2.289796799603));
#4550 = CARTESIAN_POINT('',(0.633158917209,-2.995,2.319949779176));
#4551 = CARTESIAN_POINT('',(0.622917301734,-2.995,2.343968187043));
#4552 = CARTESIAN_POINT('',(0.602486058678,-2.995,2.361955998995));
#4553 = ORIENTED_EDGE('',*,*,#4554,.F.);
#4554 = EDGE_CURVE('',#4555,#4546,#4557,.T.);
#4555 = VERTEX_POINT('',#4556);
#4556 = CARTESIAN_POINT('',(0.602486058678,-2.995,2.213998447503));
#4557 = B_SPLINE_CURVE_WITH_KNOTS('',3,(#4558,#4559,#4560,#4561),
  .UNSPECIFIED.,.F.,.F.,(4,4),(4.,5.),.PIECEWISE_BEZIER_KNOTS.);
#4558 = CARTESIAN_POINT('',(0.602486058678,-2.995,2.213998447503));
#4559 = CARTESIAN_POINT('',(0.622917301734,-2.995,2.233026017372));
#4560 = CARTESIAN_POINT('',(0.633158917209,-2.995,2.258292134739));
#4561 = CARTESIAN_POINT('',(0.633158917209,-2.995,2.289796799603));
#4562 = ORIENTED_EDGE('',*,*,#4563,.F.);
#4563 = EDGE_CURVE('',#4516,#4555,#4564,.T.);
#4564 = B_SPLINE_CURVE_WITH_KNOTS('',3,(#4565,#4566,#4567,#4568),
  .UNSPECIFIED.,.F.,.F.,(4,4),(5.,6.),.PIECEWISE_BEZIER_KNOTS.);
#4565 = CARTESIAN_POINT('',(0.523516444934,-2.995,2.185509080597));
#4566 = CARTESIAN_POINT('',(0.555696952443,-2.995,2.185509080597));
#4567 = CARTESIAN_POINT('',(0.582054815622,-2.995,2.194970877635));
#4568 = CARTESIAN_POINT('',(0.602486058678,-2.995,2.213998447503));
#4569 = FACE_BOUND('',#4570,.T.);
#4570 = EDGE_LOOP('',(#4571,#4580,#4587,#4594,#4603,#4612,#4621));
#4571 = ORIENTED_EDGE('',*,*,#4572,.T.);
#4572 = EDGE_CURVE('',#4573,#4575,#4577,.T.);
#4573 = VERTEX_POINT('',#4574);
#4574 = CARTESIAN_POINT('',(0.524556202849,-2.995,2.365491175911));
#4575 = VERTEX_POINT('',#4576);
#4576 = CARTESIAN_POINT('',(0.493831356424,-2.995,2.365491175911));
#4577 = B_SPLINE_CURVE_WITH_KNOTS('',1,(#4578,#4579),.UNSPECIFIED.,.F.,
  .F.,(2,2),(0.,3.072484642542E-02),.PIECEWISE_BEZIER_KNOTS.);
#4578 = CARTESIAN_POINT('',(0.524556202849,-2.995,2.365491175911));
#4579 = CARTESIAN_POINT('',(0.493831356424,-2.995,2.365491175911));
#4580 = ORIENTED_EDGE('',*,*,#4581,.T.);
#4581 = EDGE_CURVE('',#4575,#4582,#4584,.T.);
#4582 = VERTEX_POINT('',#4583);
#4583 = CARTESIAN_POINT('',(0.493831356424,-2.995,2.20869568213));
#4584 = B_SPLINE_CURVE_WITH_KNOTS('',1,(#4585,#4586),.UNSPECIFIED.,.F.,
  .F.,(2,2),(0.,0.156795493781),.PIECEWISE_BEZIER_KNOTS.);
#4585 = CARTESIAN_POINT('',(0.493831356424,-2.995,2.365491175911));
#4586 = CARTESIAN_POINT('',(0.493831356424,-2.995,2.20869568213));
#4587 = ORIENTED_EDGE('',*,*,#4588,.T.);
#4588 = EDGE_CURVE('',#4582,#4589,#4591,.T.);
#4589 = VERTEX_POINT('',#4590);
#4590 = CARTESIAN_POINT('',(0.523360481247,-2.995,2.20869568213));
#4591 = B_SPLINE_CURVE_WITH_KNOTS('',1,(#4592,#4593),.UNSPECIFIED.,.F.,
  .F.,(2,2),(0.,2.952912482302E-02),.PIECEWISE_BEZIER_KNOTS.);
#4592 = CARTESIAN_POINT('',(0.493831356424,-2.995,2.20869568213));
#4593 = CARTESIAN_POINT('',(0.523360481247,-2.995,2.20869568213));
#4594 = ORIENTED_EDGE('',*,*,#4595,.T.);
#4595 = EDGE_CURVE('',#4589,#4596,#4598,.T.);
#4596 = VERTEX_POINT('',#4597);
#4597 = CARTESIAN_POINT('',(0.583822404081,-2.995,2.229906743623));
#4598 = B_SPLINE_CURVE_WITH_KNOTS('',3,(#4599,#4600,#4601,#4602),
  .UNSPECIFIED.,.F.,.F.,(4,4),(2.,3.),.PIECEWISE_BEZIER_KNOTS.);
#4599 = CARTESIAN_POINT('',(0.523360481247,-2.995,2.20869568213));
#4600 = CARTESIAN_POINT('',(0.549198465467,-2.995,2.20869568213));
#4601 = CARTESIAN_POINT('',(0.569369769044,-2.995,2.215766035962));
#4602 = CARTESIAN_POINT('',(0.583822404081,-2.995,2.229906743623));
#4603 = ORIENTED_EDGE('',*,*,#4604,.T.);
#4604 = EDGE_CURVE('',#4596,#4605,#4607,.T.);
#4605 = VERTEX_POINT('',#4606);
#4606 = CARTESIAN_POINT('',(0.605553344532,-2.995,2.289068969062));
#4607 = B_SPLINE_CURVE_WITH_KNOTS('',3,(#4608,#4609,#4610,#4611),
  .UNSPECIFIED.,.F.,.F.,(4,4),(3.,4.),.PIECEWISE_BEZIER_KNOTS.);
#4608 = CARTESIAN_POINT('',(0.583822404081,-2.995,2.229906743623));
#4609 = CARTESIAN_POINT('',(0.598327027014,-2.995,2.243943475493));
#4610 = CARTESIAN_POINT('',(0.605553344532,-2.995,2.263698875903));
#4611 = CARTESIAN_POINT('',(0.605553344532,-2.995,2.289068969062));
#4612 = ORIENTED_EDGE('',*,*,#4613,.T.);
#4613 = EDGE_CURVE('',#4605,#4614,#4616,.T.);
#4614 = VERTEX_POINT('',#4615);
#4615 = CARTESIAN_POINT('',(0.583250537226,-2.995,2.34635963025));
#4616 = B_SPLINE_CURVE_WITH_KNOTS('',3,(#4617,#4618,#4619,#4620),
  .UNSPECIFIED.,.F.,.F.,(4,4),(4.,5.),.PIECEWISE_BEZIER_KNOTS.);
#4617 = CARTESIAN_POINT('',(0.605553344532,-2.995,2.289068969062));
#4618 = CARTESIAN_POINT('',(0.605553344532,-2.995,2.31443906222));
#4619 = CARTESIAN_POINT('',(0.598119075429,-2.995,2.33357060788));
#4620 = CARTESIAN_POINT('',(0.583250537226,-2.995,2.34635963025));
#4621 = ORIENTED_EDGE('',*,*,#4622,.T.);
#4622 = EDGE_CURVE('',#4614,#4573,#4623,.T.);
#4623 = B_SPLINE_CURVE_WITH_KNOTS('',3,(#4624,#4625,#4626,#4627),
  .UNSPECIFIED.,.F.,.F.,(4,4),(5.,6.),.PIECEWISE_BEZIER_KNOTS.);
#4624 = CARTESIAN_POINT('',(0.583250537226,-2.995,2.34635963025));
#4625 = CARTESIAN_POINT('',(0.568381999022,-2.995,2.359148652622));
#4626 = CARTESIAN_POINT('',(0.548782562299,-2.995,2.365491175911));
#4627 = CARTESIAN_POINT('',(0.524556202849,-2.995,2.365491175911));
#4628 = B_SPLINE_SURFACE_WITH_KNOTS('',1,1,(
    (#4629,#4630)
    ,(#4631,#4632
    )),.UNSPECIFIED.,.F.,.F.,.F.,(2,2),(2,2),(-6.719435533992E-03,
    0.196657212897),(-0.100362632872,6.521881530082E-02),
  .PIECEWISE_BEZIER_KNOTS.);
#4629 = CARTESIAN_POINT('',(0.467577469036,-2.995,2.388885729028));
#4630 = CARTESIAN_POINT('',(0.633158917209,-2.995,2.388885729028));
#4631 = CARTESIAN_POINT('',(0.467577469036,-2.995,2.185509080597));
#4632 = CARTESIAN_POINT('',(0.633158917209,-2.995,2.185509080597));
#4633 = ADVANCED_FACE('',(#4634),#4648,.F.);
#4634 = FACE_BOUND('',#4635,.T.);
#4635 = EDGE_LOOP('',(#4636,#4637,#4642,#4643));
#4636 = ORIENTED_EDGE('',*,*,#4513,.T.);
#4637 = ORIENTED_EDGE('',*,*,#4638,.F.);
#4638 = EDGE_CURVE('',#4392,#4516,#4639,.T.);
#4639 = B_SPLINE_CURVE_WITH_KNOTS('',1,(#4640,#4641),.UNSPECIFIED.,.F.,
  .F.,(2,2),(0.,1.E-02),.PIECEWISE_BEZIER_KNOTS.);
#4640 = CARTESIAN_POINT('',(0.523516444934,-3.005,2.185509080597));
#4641 = CARTESIAN_POINT('',(0.523516444934,-2.995,2.185509080597));
#4642 = ORIENTED_EDGE('',*,*,#4389,.F.);
#4643 = ORIENTED_EDGE('',*,*,#4644,.T.);
#4644 = EDGE_CURVE('',#4390,#4514,#4645,.T.);
#4645 = B_SPLINE_CURVE_WITH_KNOTS('',1,(#4646,#4647),.UNSPECIFIED.,.F.,
  .F.,(2,2),(0.,1.E-02),.PIECEWISE_BEZIER_KNOTS.);
#4646 = CARTESIAN_POINT('',(0.467577469036,-3.005,2.185509080597));
#4647 = CARTESIAN_POINT('',(0.467577469036,-2.995,2.185509080597));
#4648 = B_SPLINE_SURFACE_WITH_KNOTS('',1,1,(
    (#4649,#4650)
    ,(#4651,#4652
    )),.UNSPECIFIED.,.F.,.F.,.F.,(2,2),(2,2),(-5.593897589787E-02,
    1.110223024625E-16),(0.,1.E-02),.PIECEWISE_BEZIER_KNOTS.);
#4649 = CARTESIAN_POINT('',(0.467577469036,-3.005,2.185509080597));
#4650 = CARTESIAN_POINT('',(0.467577469036,-2.995,2.185509080597));
#4651 = CARTESIAN_POINT('',(0.523516444934,-3.005,2.185509080597));
#4652 = CARTESIAN_POINT('',(0.523516444934,-2.995,2.185509080597));
#4653 = ADVANCED_FACE('',(#4654),#4664,.F.);
#4654 = FACE_BOUND('',#4655,.F.);
#4655 = EDGE_LOOP('',(#4656,#4657,#4658,#4663));
#4656 = ORIENTED_EDGE('',*,*,#4638,.F.);
#4657 = ORIENTED_EDGE('',*,*,#4398,.T.);
#4658 = ORIENTED_EDGE('',*,*,#4659,.T.);
#4659 = EDGE_CURVE('',#4399,#4555,#4660,.T.);
#4660 = B_SPLINE_CURVE_WITH_KNOTS('',1,(#4661,#4662),.UNSPECIFIED.,.F.,
  .F.,(2,2),(0.,1.E-02),.PIECEWISE_BEZIER_KNOTS.);
#4661 = CARTESIAN_POINT('',(0.602486058678,-3.005,2.213998447503));
#4662 = CARTESIAN_POINT('',(0.602486058678,-2.995,2.213998447503));
#4663 = ORIENTED_EDGE('',*,*,#4563,.F.);
#4664 = B_SPLINE_SURFACE_WITH_KNOTS('',3,1,(
    (#4665,#4666)
    ,(#4667,#4668)
    ,(#4669,#4670)
    ,(#4671,#4672
    )),.UNSPECIFIED.,.F.,.F.,.F.,(4,4),(2,2),(5.,6.),(0.,1.),
  .PIECEWISE_BEZIER_KNOTS.);
#4665 = CARTESIAN_POINT('',(0.523516444934,-3.005,2.185509080597));
#4666 = CARTESIAN_POINT('',(0.523516444934,-2.995,2.185509080597));
#4667 = CARTESIAN_POINT('',(0.555696952443,-3.005,2.185509080597));
#4668 = CARTESIAN_POINT('',(0.555696952443,-2.995,2.185509080597));
#4669 = CARTESIAN_POINT('',(0.582054815622,-3.005,2.194970877635));
#4670 = CARTESIAN_POINT('',(0.582054815622,-2.995,2.194970877635));
#4671 = CARTESIAN_POINT('',(0.602486058678,-3.005,2.213998447503));
#4672 = CARTESIAN_POINT('',(0.602486058678,-2.995,2.213998447503));
#4673 = ADVANCED_FACE('',(#4674),#4684,.F.);
#4674 = FACE_BOUND('',#4675,.F.);
#4675 = EDGE_LOOP('',(#4676,#4677,#4678,#4683));
#4676 = ORIENTED_EDGE('',*,*,#4659,.F.);
#4677 = ORIENTED_EDGE('',*,*,#4407,.T.);
#4678 = ORIENTED_EDGE('',*,*,#4679,.T.);
#4679 = EDGE_CURVE('',#4408,#4546,#4680,.T.);
#4680 = B_SPLINE_CURVE_WITH_KNOTS('',1,(#4681,#4682),.UNSPECIFIED.,.F.,
  .F.,(2,2),(0.,1.E-02),.PIECEWISE_BEZIER_KNOTS.);
#4681 = CARTESIAN_POINT('',(0.633158917209,-3.005,2.289796799603));
#4682 = CARTESIAN_POINT('',(0.633158917209,-2.995,2.289796799603));
#4683 = ORIENTED_EDGE('',*,*,#4554,.F.);
#4684 = B_SPLINE_SURFACE_WITH_KNOTS('',3,1,(
    (#4685,#4686)
    ,(#4687,#4688)
    ,(#4689,#4690)
    ,(#4691,#4692
    )),.UNSPECIFIED.,.F.,.F.,.F.,(4,4),(2,2),(4.,5.),(0.,1.),
  .PIECEWISE_BEZIER_KNOTS.);
#4685 = CARTESIAN_POINT('',(0.602486058678,-3.005,2.213998447503));
#4686 = CARTESIAN_POINT('',(0.602486058678,-2.995,2.213998447503));
#4687 = CARTESIAN_POINT('',(0.622917301734,-3.005,2.233026017372));
#4688 = CARTESIAN_POINT('',(0.622917301734,-2.995,2.233026017372));
#4689 = CARTESIAN_POINT('',(0.633158917209,-3.005,2.258292134739));
#4690 = CARTESIAN_POINT('',(0.633158917209,-2.995,2.258292134739));
#4691 = CARTESIAN_POINT('',(0.633158917209,-3.005,2.289796799603));
#4692 = CARTESIAN_POINT('',(0.633158917209,-2.995,2.289796799603));
#4693 = ADVANCED_FACE('',(#4694),#4704,.F.);
#4694 = FACE_BOUND('',#4695,.F.);
#4695 = EDGE_LOOP('',(#4696,#4697,#4698,#4703));
#4696 = ORIENTED_EDGE('',*,*,#4679,.F.);
#4697 = ORIENTED_EDGE('',*,*,#4416,.T.);
#4698 = ORIENTED_EDGE('',*,*,#4699,.T.);
#4699 = EDGE_CURVE('',#4417,#4537,#4700,.T.);
#4700 = B_SPLINE_CURVE_WITH_KNOTS('',1,(#4701,#4702),.UNSPECIFIED.,.F.,
  .F.,(2,2),(0.,1.E-02),.PIECEWISE_BEZIER_KNOTS.);
#4701 = CARTESIAN_POINT('',(0.602486058678,-3.005,2.361955998995));
#4702 = CARTESIAN_POINT('',(0.602486058678,-2.995,2.361955998995));
#4703 = ORIENTED_EDGE('',*,*,#4545,.F.);
#4704 = B_SPLINE_SURFACE_WITH_KNOTS('',3,1,(
    (#4705,#4706)
    ,(#4707,#4708)
    ,(#4709,#4710)
    ,(#4711,#4712
    )),.UNSPECIFIED.,.F.,.F.,.F.,(4,4),(2,2),(3.,4.),(0.,1.),
  .PIECEWISE_BEZIER_KNOTS.);
#4705 = CARTESIAN_POINT('',(0.633158917209,-3.005,2.289796799603));
#4706 = CARTESIAN_POINT('',(0.633158917209,-2.995,2.289796799603));
#4707 = CARTESIAN_POINT('',(0.633158917209,-3.005,2.319949779176));
#4708 = CARTESIAN_POINT('',(0.633158917209,-2.995,2.319949779176));
#4709 = CARTESIAN_POINT('',(0.622917301734,-3.005,2.343968187043));
#4710 = CARTESIAN_POINT('',(0.622917301734,-2.995,2.343968187043));
#4711 = CARTESIAN_POINT('',(0.602486058678,-3.005,2.361955998995));
#4712 = CARTESIAN_POINT('',(0.602486058678,-2.995,2.361955998995));
#4713 = ADVANCED_FACE('',(#4714),#4724,.F.);
#4714 = FACE_BOUND('',#4715,.F.);
#4715 = EDGE_LOOP('',(#4716,#4717,#4718,#4723));
#4716 = ORIENTED_EDGE('',*,*,#4699,.F.);
#4717 = ORIENTED_EDGE('',*,*,#4425,.T.);
#4718 = ORIENTED_EDGE('',*,*,#4719,.T.);
#4719 = EDGE_CURVE('',#4426,#4530,#4720,.T.);
#4720 = B_SPLINE_CURVE_WITH_KNOTS('',1,(#4721,#4722),.UNSPECIFIED.,.F.,
  .F.,(2,2),(0.,1.E-02),.PIECEWISE_BEZIER_KNOTS.);
#4721 = CARTESIAN_POINT('',(0.525595960767,-3.005,2.388885729028));
#4722 = CARTESIAN_POINT('',(0.525595960767,-2.995,2.388885729028));
#4723 = ORIENTED_EDGE('',*,*,#4536,.F.);
#4724 = B_SPLINE_SURFACE_WITH_KNOTS('',3,1,(
    (#4725,#4726)
    ,(#4727,#4728)
    ,(#4729,#4730)
    ,(#4731,#4732
    )),.UNSPECIFIED.,.F.,.F.,.F.,(4,4),(2,2),(2.,3.),(0.,1.),
  .PIECEWISE_BEZIER_KNOTS.);
#4725 = CARTESIAN_POINT('',(0.602486058678,-3.005,2.361955998995));
#4726 = CARTESIAN_POINT('',(0.602486058678,-2.995,2.361955998995));
#4727 = CARTESIAN_POINT('',(0.582054815622,-3.005,2.379943810948));
#4728 = CARTESIAN_POINT('',(0.582054815622,-2.995,2.379943810948));
#4729 = CARTESIAN_POINT('',(0.556424782985,-3.005,2.388885729028));
#4730 = CARTESIAN_POINT('',(0.556424782985,-2.995,2.388885729028));
#4731 = CARTESIAN_POINT('',(0.525595960767,-3.005,2.388885729028));
#4732 = CARTESIAN_POINT('',(0.525595960767,-2.995,2.388885729028));
#4733 = ADVANCED_FACE('',(#4734),#4744,.F.);
#4734 = FACE_BOUND('',#4735,.T.);
#4735 = EDGE_LOOP('',(#4736,#4737,#4742,#4743));
#4736 = ORIENTED_EDGE('',*,*,#4529,.T.);
#4737 = ORIENTED_EDGE('',*,*,#4738,.F.);
#4738 = EDGE_CURVE('',#4435,#4523,#4739,.T.);
#4739 = B_SPLINE_CURVE_WITH_KNOTS('',1,(#4740,#4741),.UNSPECIFIED.,.F.,
  .F.,(2,2),(0.,1.E-02),.PIECEWISE_BEZIER_KNOTS.);
#4740 = CARTESIAN_POINT('',(0.467577469036,-3.005,2.388885729028));
#4741 = CARTESIAN_POINT('',(0.467577469036,-2.995,2.388885729028));
#4742 = ORIENTED_EDGE('',*,*,#4434,.F.);
#4743 = ORIENTED_EDGE('',*,*,#4719,.T.);
#4744 = B_SPLINE_SURFACE_WITH_KNOTS('',1,1,(
    (#4745,#4746)
    ,(#4747,#4748
    )),.UNSPECIFIED.,.F.,.F.,.F.,(2,2),(2,2),(-5.801849173091E-02,0.),(
    0.,1.E-02),.PIECEWISE_BEZIER_KNOTS.);
#4745 = CARTESIAN_POINT('',(0.525595960767,-3.005,2.388885729028));
#4746 = CARTESIAN_POINT('',(0.525595960767,-2.995,2.388885729028));
#4747 = CARTESIAN_POINT('',(0.467577469036,-3.005,2.388885729028));
#4748 = CARTESIAN_POINT('',(0.467577469036,-2.995,2.388885729028));
#4749 = ADVANCED_FACE('',(#4750),#4756,.F.);
#4750 = FACE_BOUND('',#4751,.T.);
#4751 = EDGE_LOOP('',(#4752,#4753,#4754,#4755));
#4752 = ORIENTED_EDGE('',*,*,#4522,.T.);
#4753 = ORIENTED_EDGE('',*,*,#4644,.F.);
#4754 = ORIENTED_EDGE('',*,*,#4441,.F.);
#4755 = ORIENTED_EDGE('',*,*,#4738,.T.);
#4756 = B_SPLINE_SURFACE_WITH_KNOTS('',1,1,(
    (#4757,#4758)
    ,(#4759,#4760
    )),.UNSPECIFIED.,.F.,.F.,.F.,(2,2),(2,2),(-0.203376648431,0.),(0.,
    1.E-02),.PIECEWISE_BEZIER_KNOTS.);
#4757 = CARTESIAN_POINT('',(0.467577469036,-3.005,2.388885729028));
#4758 = CARTESIAN_POINT('',(0.467577469036,-2.995,2.388885729028));
#4759 = CARTESIAN_POINT('',(0.467577469036,-3.005,2.185509080597));
#4760 = CARTESIAN_POINT('',(0.467577469036,-2.995,2.185509080597));
#4761 = ADVANCED_FACE('',(#4762),#4776,.T.);
#4762 = FACE_BOUND('',#4763,.T.);
#4763 = EDGE_LOOP('',(#4764,#4765,#4770,#4771));
#4764 = ORIENTED_EDGE('',*,*,#4572,.F.);
#4765 = ORIENTED_EDGE('',*,*,#4766,.F.);
#4766 = EDGE_CURVE('',#4458,#4573,#4767,.T.);
#4767 = B_SPLINE_CURVE_WITH_KNOTS('',1,(#4768,#4769),.UNSPECIFIED.,.F.,
  .F.,(2,2),(0.,1.E-02),.PIECEWISE_BEZIER_KNOTS.);
#4768 = CARTESIAN_POINT('',(0.524556202849,-3.005,2.365491175911));
#4769 = CARTESIAN_POINT('',(0.524556202849,-2.995,2.365491175911));
#4770 = ORIENTED_EDGE('',*,*,#4457,.T.);
#4771 = ORIENTED_EDGE('',*,*,#4772,.T.);
#4772 = EDGE_CURVE('',#4449,#4575,#4773,.T.);
#4773 = B_SPLINE_CURVE_WITH_KNOTS('',1,(#4774,#4775),.UNSPECIFIED.,.F.,
  .F.,(2,2),(0.,1.E-02),.PIECEWISE_BEZIER_KNOTS.);
#4774 = CARTESIAN_POINT('',(0.493831356424,-3.005,2.365491175911));
#4775 = CARTESIAN_POINT('',(0.493831356424,-2.995,2.365491175911));
#4776 = B_SPLINE_SURFACE_WITH_KNOTS('',1,1,(
    (#4777,#4778)
    ,(#4779,#4780
    )),.UNSPECIFIED.,.F.,.F.,.F.,(2,2),(2,2),(0.,3.072484642542E-02),(0.
    ,1.E-02),.PIECEWISE_BEZIER_KNOTS.);
#4777 = CARTESIAN_POINT('',(0.524556202849,-3.005,2.365491175911));
#4778 = CARTESIAN_POINT('',(0.524556202849,-2.995,2.365491175911));
#4779 = CARTESIAN_POINT('',(0.493831356424,-3.005,2.365491175911));
#4780 = CARTESIAN_POINT('',(0.493831356424,-2.995,2.365491175911));
#4781 = ADVANCED_FACE('',(#4782),#4792,.T.);
#4782 = FACE_BOUND('',#4783,.T.);
#4783 = EDGE_LOOP('',(#4784,#4785,#4786,#4787));
#4784 = ORIENTED_EDGE('',*,*,#4581,.F.);
#4785 = ORIENTED_EDGE('',*,*,#4772,.F.);
#4786 = ORIENTED_EDGE('',*,*,#4448,.T.);
#4787 = ORIENTED_EDGE('',*,*,#4788,.T.);
#4788 = EDGE_CURVE('',#4451,#4582,#4789,.T.);
#4789 = B_SPLINE_CURVE_WITH_KNOTS('',1,(#4790,#4791),.UNSPECIFIED.,.F.,
  .F.,(2,2),(0.,1.E-02),.PIECEWISE_BEZIER_KNOTS.);
#4790 = CARTESIAN_POINT('',(0.493831356424,-3.005,2.20869568213));
#4791 = CARTESIAN_POINT('',(0.493831356424,-2.995,2.20869568213));
#4792 = B_SPLINE_SURFACE_WITH_KNOTS('',1,1,(
    (#4793,#4794)
    ,(#4795,#4796
    )),.UNSPECIFIED.,.F.,.F.,.F.,(2,2),(2,2),(0.,0.156795493781),(0.,
    1.E-02),.PIECEWISE_BEZIER_KNOTS.);
#4793 = CARTESIAN_POINT('',(0.493831356424,-3.005,2.365491175911));
#4794 = CARTESIAN_POINT('',(0.493831356424,-2.995,2.365491175911));
#4795 = CARTESIAN_POINT('',(0.493831356424,-3.005,2.20869568213));
#4796 = CARTESIAN_POINT('',(0.493831356424,-2.995,2.20869568213));
#4797 = ADVANCED_FACE('',(#4798),#4808,.T.);
#4798 = FACE_BOUND('',#4799,.T.);
#4799 = EDGE_LOOP('',(#4800,#4801,#4802,#4803));
#4800 = ORIENTED_EDGE('',*,*,#4588,.F.);
#4801 = ORIENTED_EDGE('',*,*,#4788,.F.);
#4802 = ORIENTED_EDGE('',*,*,#4500,.T.);
#4803 = ORIENTED_EDGE('',*,*,#4804,.T.);
#4804 = EDGE_CURVE('',#4492,#4589,#4805,.T.);
#4805 = B_SPLINE_CURVE_WITH_KNOTS('',1,(#4806,#4807),.UNSPECIFIED.,.F.,
  .F.,(2,2),(0.,1.E-02),.PIECEWISE_BEZIER_KNOTS.);
#4806 = CARTESIAN_POINT('',(0.523360481247,-3.005,2.20869568213));
#4807 = CARTESIAN_POINT('',(0.523360481247,-2.995,2.20869568213));
#4808 = B_SPLINE_SURFACE_WITH_KNOTS('',1,1,(
    (#4809,#4810)
    ,(#4811,#4812
    )),.UNSPECIFIED.,.F.,.F.,.F.,(2,2),(2,2),(0.,2.952912482302E-02),(0.
    ,1.E-02),.PIECEWISE_BEZIER_KNOTS.);
#4809 = CARTESIAN_POINT('',(0.493831356424,-3.005,2.20869568213));
#4810 = CARTESIAN_POINT('',(0.493831356424,-2.995,2.20869568213));
#4811 = CARTESIAN_POINT('',(0.523360481247,-3.005,2.20869568213));
#4812 = CARTESIAN_POINT('',(0.523360481247,-2.995,2.20869568213));
#4813 = ADVANCED_FACE('',(#4814),#4824,.T.);
#4814 = FACE_BOUND('',#4815,.T.);
#4815 = EDGE_LOOP('',(#4816,#4817,#4818,#4819));
#4816 = ORIENTED_EDGE('',*,*,#4595,.F.);
#4817 = ORIENTED_EDGE('',*,*,#4804,.F.);
#4818 = ORIENTED_EDGE('',*,*,#4491,.T.);
#4819 = ORIENTED_EDGE('',*,*,#4820,.T.);
#4820 = EDGE_CURVE('',#4483,#4596,#4821,.T.);
#4821 = B_SPLINE_CURVE_WITH_KNOTS('',1,(#4822,#4823),.UNSPECIFIED.,.F.,
  .F.,(2,2),(0.,1.E-02),.PIECEWISE_BEZIER_KNOTS.);
#4822 = CARTESIAN_POINT('',(0.583822404081,-3.005,2.229906743623));
#4823 = CARTESIAN_POINT('',(0.583822404081,-2.995,2.229906743623));
#4824 = B_SPLINE_SURFACE_WITH_KNOTS('',3,1,(
    (#4825,#4826)
    ,(#4827,#4828)
    ,(#4829,#4830)
    ,(#4831,#4832
    )),.UNSPECIFIED.,.F.,.F.,.F.,(4,4),(2,2),(2.,3.),(0.,1.),
  .PIECEWISE_BEZIER_KNOTS.);
#4825 = CARTESIAN_POINT('',(0.523360481247,-3.005,2.20869568213));
#4826 = CARTESIAN_POINT('',(0.523360481247,-2.995,2.20869568213));
#4827 = CARTESIAN_POINT('',(0.549198465467,-3.005,2.20869568213));
#4828 = CARTESIAN_POINT('',(0.549198465467,-2.995,2.20869568213));
#4829 = CARTESIAN_POINT('',(0.569369769044,-3.005,2.215766035962));
#4830 = CARTESIAN_POINT('',(0.569369769044,-2.995,2.215766035962));
#4831 = CARTESIAN_POINT('',(0.583822404081,-3.005,2.229906743623));
#4832 = CARTESIAN_POINT('',(0.583822404081,-2.995,2.229906743623));
#4833 = ADVANCED_FACE('',(#4834),#4844,.T.);
#4834 = FACE_BOUND('',#4835,.T.);
#4835 = EDGE_LOOP('',(#4836,#4837,#4838,#4839));
#4836 = ORIENTED_EDGE('',*,*,#4604,.F.);
#4837 = ORIENTED_EDGE('',*,*,#4820,.F.);
#4838 = ORIENTED_EDGE('',*,*,#4482,.T.);
#4839 = ORIENTED_EDGE('',*,*,#4840,.T.);
#4840 = EDGE_CURVE('',#4474,#4605,#4841,.T.);
#4841 = B_SPLINE_CURVE_WITH_KNOTS('',1,(#4842,#4843),.UNSPECIFIED.,.F.,
  .F.,(2,2),(0.,1.E-02),.PIECEWISE_BEZIER_KNOTS.);
#4842 = CARTESIAN_POINT('',(0.605553344532,-3.005,2.289068969062));
#4843 = CARTESIAN_POINT('',(0.605553344532,-2.995,2.289068969062));
#4844 = B_SPLINE_SURFACE_WITH_KNOTS('',3,1,(
    (#4845,#4846)
    ,(#4847,#4848)
    ,(#4849,#4850)
    ,(#4851,#4852
    )),.UNSPECIFIED.,.F.,.F.,.F.,(4,4),(2,2),(3.,4.),(0.,1.),
  .PIECEWISE_BEZIER_KNOTS.);
#4845 = CARTESIAN_POINT('',(0.583822404081,-3.005,2.229906743623));
#4846 = CARTESIAN_POINT('',(0.583822404081,-2.995,2.229906743623));
#4847 = CARTESIAN_POINT('',(0.598327027014,-3.005,2.243943475493));
#4848 = CARTESIAN_POINT('',(0.598327027014,-2.995,2.243943475493));
#4849 = CARTESIAN_POINT('',(0.605553344532,-3.005,2.263698875903));
#4850 = CARTESIAN_POINT('',(0.605553344532,-2.995,2.263698875903));
#4851 = CARTESIAN_POINT('',(0.605553344532,-3.005,2.289068969062));
#4852 = CARTESIAN_POINT('',(0.605553344532,-2.995,2.289068969062));
#4853 = ADVANCED_FACE('',(#4854),#4864,.T.);
#4854 = FACE_BOUND('',#4855,.T.);
#4855 = EDGE_LOOP('',(#4856,#4857,#4858,#4859));
#4856 = ORIENTED_EDGE('',*,*,#4613,.F.);
#4857 = ORIENTED_EDGE('',*,*,#4840,.F.);
#4858 = ORIENTED_EDGE('',*,*,#4473,.T.);
#4859 = ORIENTED_EDGE('',*,*,#4860,.T.);
#4860 = EDGE_CURVE('',#4465,#4614,#4861,.T.);
#4861 = B_SPLINE_CURVE_WITH_KNOTS('',1,(#4862,#4863),.UNSPECIFIED.,.F.,
  .F.,(2,2),(0.,1.E-02),.PIECEWISE_BEZIER_KNOTS.);
#4862 = CARTESIAN_POINT('',(0.583250537226,-3.005,2.34635963025));
#4863 = CARTESIAN_POINT('',(0.583250537226,-2.995,2.34635963025));
#4864 = B_SPLINE_SURFACE_WITH_KNOTS('',3,1,(
    (#4865,#4866)
    ,(#4867,#4868)
    ,(#4869,#4870)
    ,(#4871,#4872
    )),.UNSPECIFIED.,.F.,.F.,.F.,(4,4),(2,2),(4.,5.),(0.,1.),
  .PIECEWISE_BEZIER_KNOTS.);
#4865 = CARTESIAN_POINT('',(0.605553344532,-3.005,2.289068969062));
#4866 = CARTESIAN_POINT('',(0.605553344532,-2.995,2.289068969062));
#4867 = CARTESIAN_POINT('',(0.605553344532,-3.005,2.31443906222));
#4868 = CARTESIAN_POINT('',(0.605553344532,-2.995,2.31443906222));
#4869 = CARTESIAN_POINT('',(0.598119075429,-3.005,2.33357060788));
#4870 = CARTESIAN_POINT('',(0.598119075429,-2.995,2.33357060788));
#4871 = CARTESIAN_POINT('',(0.583250537226,-3.005,2.34635963025));
#4872 = CARTESIAN_POINT('',(0.583250537226,-2.995,2.34635963025));
#4873 = ADVANCED_FACE('',(#4874),#4880,.T.);
#4874 = FACE_BOUND('',#4875,.T.);
#4875 = EDGE_LOOP('',(#4876,#4877,#4878,#4879));
#4876 = ORIENTED_EDGE('',*,*,#4622,.F.);
#4877 = ORIENTED_EDGE('',*,*,#4860,.F.);
#4878 = ORIENTED_EDGE('',*,*,#4464,.T.);
#4879 = ORIENTED_EDGE('',*,*,#4766,.T.);
#4880 = B_SPLINE_SURFACE_WITH_KNOTS('',3,1,(
    (#4881,#4882)
    ,(#4883,#4884)
    ,(#4885,#4886)
    ,(#4887,#4888
    )),.UNSPECIFIED.,.F.,.F.,.F.,(4,4),(2,2),(5.,6.),(0.,1.),
  .PIECEWISE_BEZIER_KNOTS.);
#4881 = CARTESIAN_POINT('',(0.583250537226,-3.005,2.34635963025));
#4882 = CARTESIAN_POINT('',(0.583250537226,-2.995,2.34635963025));
#4883 = CARTESIAN_POINT('',(0.568381999022,-3.005,2.359148652622));
#4884 = CARTESIAN_POINT('',(0.568381999022,-2.995,2.359148652622));
#4885 = CARTESIAN_POINT('',(0.548782562299,-3.005,2.365491175911));
#4886 = CARTESIAN_POINT('',(0.548782562299,-2.995,2.365491175911));
#4887 = CARTESIAN_POINT('',(0.524556202849,-3.005,2.365491175911));
#4888 = CARTESIAN_POINT('',(0.524556202849,-2.995,2.365491175911));
#4889 = MANIFOLD_SOLID_BREP('',#4890);
#4890 = CLOSED_SHELL('',(#4891,#5003,#5115,#5135,#5151,#5167,#5183,#5199
    ,#5215,#5231,#5243,#5263,#5279,#5299,#5315,#5335));
#4891 = ADVANCED_FACE('',(#4892,#4950),#4998,.F.);
#4892 = FACE_BOUND('',#4893,.T.);
#4893 = EDGE_LOOP('',(#4894,#4903,#4910,#4917,#4924,#4931,#4938,#4945));
#4894 = ORIENTED_EDGE('',*,*,#4895,.T.);
#4895 = EDGE_CURVE('',#4896,#4898,#4900,.T.);
#4896 = VERTEX_POINT('',#4897);
#4897 = CARTESIAN_POINT('',(0.827437683874,-3.005,2.185509080597));
#4898 = VERTEX_POINT('',#4899);
#4899 = CARTESIAN_POINT('',(0.749975719108,-3.005,2.388885729028));
#4900 = B_SPLINE_CURVE_WITH_KNOTS('',1,(#4901,#4902),.UNSPECIFIED.,.F.,
  .F.,(2,2),(-0.217629081496,0.),.PIECEWISE_BEZIER_KNOTS.);
#4901 = CARTESIAN_POINT('',(0.827437683874,-3.005,2.185509080597));
#4902 = CARTESIAN_POINT('',(0.749975719108,-3.005,2.388885729028));
#4903 = ORIENTED_EDGE('',*,*,#4904,.T.);
#4904 = EDGE_CURVE('',#4898,#4905,#4907,.T.);
#4905 = VERTEX_POINT('',#4906);
#4906 = CARTESIAN_POINT('',(0.721902255367,-3.005,2.388885729028));
#4907 = B_SPLINE_CURVE_WITH_KNOTS('',1,(#4908,#4909),.UNSPECIFIED.,.F.,
  .F.,(2,2),(-2.807346374045E-02,-0.),.PIECEWISE_BEZIER_KNOTS.);
#4908 = CARTESIAN_POINT('',(0.749975719108,-3.005,2.388885729028));
#4909 = CARTESIAN_POINT('',(0.721902255367,-3.005,2.388885729028));
#4910 = ORIENTED_EDGE('',*,*,#4911,.T.);
#4911 = EDGE_CURVE('',#4905,#4912,#4914,.T.);
#4912 = VERTEX_POINT('',#4913);
#4913 = CARTESIAN_POINT('',(0.644440290602,-3.005,2.185509080597));
#4914 = B_SPLINE_CURVE_WITH_KNOTS('',1,(#4915,#4916),.UNSPECIFIED.,.F.,
  .F.,(2,2),(-0.217629081495,-0.),.PIECEWISE_BEZIER_KNOTS.);
#4915 = CARTESIAN_POINT('',(0.721902255367,-3.005,2.388885729028));
#4916 = CARTESIAN_POINT('',(0.644440290602,-3.005,2.185509080597));
#4917 = ORIENTED_EDGE('',*,*,#4918,.T.);
#4918 = EDGE_CURVE('',#4912,#4919,#4921,.T.);
#4919 = VERTEX_POINT('',#4920);
#4920 = CARTESIAN_POINT('',(0.673449536467,-3.005,2.185509080597));
#4921 = B_SPLINE_CURVE_WITH_KNOTS('',1,(#4922,#4923),.UNSPECIFIED.,.F.,
  .F.,(2,2),(-2.900924586407E-02,0.),.PIECEWISE_BEZIER_KNOTS.);
#4922 = CARTESIAN_POINT('',(0.644440290602,-3.005,2.185509080597));
#4923 = CARTESIAN_POINT('',(0.673449536467,-3.005,2.185509080597));
#4924 = ORIENTED_EDGE('',*,*,#4925,.T.);
#4925 = EDGE_CURVE('',#4919,#4926,#4928,.T.);
#4926 = VERTEX_POINT('',#4927);
#4927 = CARTESIAN_POINT('',(0.692996985293,-3.005,2.24113612912));
#4928 = B_SPLINE_CURVE_WITH_KNOTS('',1,(#4929,#4930),.UNSPECIFIED.,.F.,
  .F.,(2,2),(-5.896160855208E-02,0.),.PIECEWISE_BEZIER_KNOTS.);
#4929 = CARTESIAN_POINT('',(0.673449536467,-3.005,2.185509080597));
#4930 = CARTESIAN_POINT('',(0.692996985293,-3.005,2.24113612912));
#4931 = ORIENTED_EDGE('',*,*,#4932,.T.);
#4932 = EDGE_CURVE('',#4926,#4933,#4935,.T.);
#4933 = VERTEX_POINT('',#4934);
#4934 = CARTESIAN_POINT('',(0.777685267578,-3.005,2.24113612912));
#4935 = B_SPLINE_CURVE_WITH_KNOTS('',1,(#4936,#4937),.UNSPECIFIED.,.F.,
  .F.,(2,2),(-8.468828228454E-02,0.),.PIECEWISE_BEZIER_KNOTS.);
#4936 = CARTESIAN_POINT('',(0.692996985293,-3.005,2.24113612912));
#4937 = CARTESIAN_POINT('',(0.777685267578,-3.005,2.24113612912));
#4938 = ORIENTED_EDGE('',*,*,#4939,.T.);
#4939 = EDGE_CURVE('',#4933,#4940,#4942,.T.);
#4940 = VERTEX_POINT('',#4941);
#4941 = CARTESIAN_POINT('',(0.798428438008,-3.005,2.185509080597));
#4942 = B_SPLINE_CURVE_WITH_KNOTS('',1,(#4943,#4944),.UNSPECIFIED.,.F.,
  .F.,(2,2),(-5.936874301283E-02,0.),.PIECEWISE_BEZIER_KNOTS.);
#4943 = CARTESIAN_POINT('',(0.777685267578,-3.005,2.24113612912));
#4944 = CARTESIAN_POINT('',(0.798428438008,-3.005,2.185509080597));
#4945 = ORIENTED_EDGE('',*,*,#4946,.T.);
#4946 = EDGE_CURVE('',#4940,#4896,#4947,.T.);
#4947 = B_SPLINE_CURVE_WITH_KNOTS('',1,(#4948,#4949),.UNSPECIFIED.,.F.,
  .F.,(2,2),(-2.900924586545E-02,0.),.PIECEWISE_BEZIER_KNOTS.);
#4948 = CARTESIAN_POINT('',(0.798428438008,-3.005,2.185509080597));
#4949 = CARTESIAN_POINT('',(0.827437683874,-3.005,2.185509080597));
#4950 = FACE_BOUND('',#4951,.T.);
#4951 = EDGE_LOOP('',(#4952,#4961,#4968,#4977,#4984,#4993));
#4952 = ORIENTED_EDGE('',*,*,#4953,.F.);
#4953 = EDGE_CURVE('',#4954,#4956,#4958,.T.);
#4954 = VERTEX_POINT('',#4955);
#4955 = CARTESIAN_POINT('',(0.701315048624,-3.005,2.264114779071));
#4956 = VERTEX_POINT('',#4957);
#4957 = CARTESIAN_POINT('',(0.76957515583,-3.005,2.264114779071));
#4958 = B_SPLINE_CURVE_WITH_KNOTS('',1,(#4959,#4960),.UNSPECIFIED.,.F.,
  .F.,(2,2),(0.,6.826010720605E-02),.PIECEWISE_BEZIER_KNOTS.);
#4959 = CARTESIAN_POINT('',(0.701315048624,-3.005,2.264114779071));
#4960 = CARTESIAN_POINT('',(0.76957515583,-3.005,2.264114779071));
#4961 = ORIENTED_EDGE('',*,*,#4962,.F.);
#4962 = EDGE_CURVE('',#4963,#4954,#4965,.T.);
#4963 = VERTEX_POINT('',#4964);
#4964 = CARTESIAN_POINT('',(0.731727967676,-3.005,2.348647097666));
#4965 = B_SPLINE_CURVE_WITH_KNOTS('',1,(#4966,#4967),.UNSPECIFIED.,.F.,
  .F.,(2,2),(4.554523630483E-16,8.983684395879E-02),
  .PIECEWISE_BEZIER_KNOTS.);
#4966 = CARTESIAN_POINT('',(0.731727967676,-3.005,2.348647097666));
#4967 = CARTESIAN_POINT('',(0.701315048624,-3.005,2.264114779071));
#4968 = ORIENTED_EDGE('',*,*,#4969,.F.);
#4969 = EDGE_CURVE('',#4970,#4963,#4972,.T.);
#4970 = VERTEX_POINT('',#4971);
#4971 = CARTESIAN_POINT('',(0.735055193009,-3.005,2.36289178112));
#4972 = B_SPLINE_CURVE_WITH_KNOTS('',3,(#4973,#4974,#4975,#4976),
  .UNSPECIFIED.,.F.,.F.,(4,4),(3.,4.),.PIECEWISE_BEZIER_KNOTS.);
#4973 = CARTESIAN_POINT('',(0.735055193009,-3.005,2.36289178112));
#4974 = CARTESIAN_POINT('',(0.734067422988,-3.005,2.356757209414));
#4975 = CARTESIAN_POINT('',(0.732975677176,-3.005,2.351974322999));
#4976 = CARTESIAN_POINT('',(0.731727967676,-3.005,2.348647097666));
#4977 = ORIENTED_EDGE('',*,*,#4978,.F.);
#4978 = EDGE_CURVE('',#4979,#4970,#4981,.T.);
#4979 = VERTEX_POINT('',#4980);
#4980 = CARTESIAN_POINT('',(0.735679047758,-3.005,2.36289178112));
#4981 = B_SPLINE_CURVE_WITH_KNOTS('',1,(#4982,#4983),.UNSPECIFIED.,.F.,
  .F.,(2,2),(-1.110223024625E-16,6.238547490792E-04),
  .PIECEWISE_BEZIER_KNOTS.);
#4982 = CARTESIAN_POINT('',(0.735679047758,-3.005,2.36289178112));
#4983 = CARTESIAN_POINT('',(0.735055193009,-3.005,2.36289178112));
#4984 = ORIENTED_EDGE('',*,*,#4985,.F.);
#4985 = EDGE_CURVE('',#4986,#4979,#4988,.T.);
#4986 = VERTEX_POINT('',#4987);
#4987 = CARTESIAN_POINT('',(0.738850309403,-3.005,2.348647097666));
#4988 = B_SPLINE_CURVE_WITH_KNOTS('',3,(#4989,#4990,#4991,#4992),
  .UNSPECIFIED.,.F.,.F.,(4,4),(1.,2.),.PIECEWISE_BEZIER_KNOTS.);
#4989 = CARTESIAN_POINT('',(0.738850309403,-3.005,2.348647097666));
#4990 = CARTESIAN_POINT('',(0.737862539382,-3.005,2.35145444404));
#4991 = CARTESIAN_POINT('',(0.736822781466,-3.005,2.356133354664));
#4992 = CARTESIAN_POINT('',(0.735679047758,-3.005,2.36289178112));
#4993 = ORIENTED_EDGE('',*,*,#4994,.F.);
#4994 = EDGE_CURVE('',#4956,#4986,#4995,.T.);
#4995 = B_SPLINE_CURVE_WITH_KNOTS('',1,(#4996,#4997),.UNSPECIFIED.,.F.,
  .F.,(2,2),(0.,8.994292120644E-02),.PIECEWISE_BEZIER_KNOTS.);
#4996 = CARTESIAN_POINT('',(0.76957515583,-3.005,2.264114779071));
#4997 = CARTESIAN_POINT('',(0.738850309403,-3.005,2.348647097666));
#4998 = B_SPLINE_SURFACE_WITH_KNOTS('',1,1,(
    (#4999,#5000)
    ,(#5001,#5002
    )),.UNSPECIFIED.,.F.,.F.,.F.,(2,2),(2,2),(2.175508980597,
    2.378885629028),(0.644440290602,0.827437683874),
  .PIECEWISE_BEZIER_KNOTS.);
#4999 = CARTESIAN_POINT('',(0.644440290602,-3.005,2.185509080597));
#5000 = CARTESIAN_POINT('',(0.827437683874,-3.005,2.185509080597));
#5001 = CARTESIAN_POINT('',(0.644440290602,-3.005,2.388885729028));
#5002 = CARTESIAN_POINT('',(0.827437683874,-3.005,2.388885729028));
#5003 = ADVANCED_FACE('',(#5004,#5062),#5110,.T.);
#5004 = FACE_BOUND('',#5005,.T.);
#5005 = EDGE_LOOP('',(#5006,#5015,#5022,#5029,#5036,#5043,#5050,#5057));
#5006 = ORIENTED_EDGE('',*,*,#5007,.F.);
#5007 = EDGE_CURVE('',#5008,#5010,#5012,.T.);
#5008 = VERTEX_POINT('',#5009);
#5009 = CARTESIAN_POINT('',(0.827437683874,-2.995,2.185509080597));
#5010 = VERTEX_POINT('',#5011);
#5011 = CARTESIAN_POINT('',(0.749975719108,-2.995,2.388885729028));
#5012 = B_SPLINE_CURVE_WITH_KNOTS('',1,(#5013,#5014),.UNSPECIFIED.,.F.,
  .F.,(2,2),(-0.217629081496,0.),.PIECEWISE_BEZIER_KNOTS.);
#5013 = CARTESIAN_POINT('',(0.827437683874,-2.995,2.185509080597));
#5014 = CARTESIAN_POINT('',(0.749975719108,-2.995,2.388885729028));
#5015 = ORIENTED_EDGE('',*,*,#5016,.F.);
#5016 = EDGE_CURVE('',#5017,#5008,#5019,.T.);
#5017 = VERTEX_POINT('',#5018);
#5018 = CARTESIAN_POINT('',(0.798428438008,-2.995,2.185509080597));
#5019 = B_SPLINE_CURVE_WITH_KNOTS('',1,(#5020,#5021),.UNSPECIFIED.,.F.,
  .F.,(2,2),(-2.900924586545E-02,0.),.PIECEWISE_BEZIER_KNOTS.);
#5020 = CARTESIAN_POINT('',(0.798428438008,-2.995,2.185509080597));
#5021 = CARTESIAN_POINT('',(0.827437683874,-2.995,2.185509080597));
#5022 = ORIENTED_EDGE('',*,*,#5023,.F.);
#5023 = EDGE_CURVE('',#5024,#5017,#5026,.T.);
#5024 = VERTEX_POINT('',#5025);
#5025 = CARTESIAN_POINT('',(0.777685267578,-2.995,2.24113612912));
#5026 = B_SPLINE_CURVE_WITH_KNOTS('',1,(#5027,#5028),.UNSPECIFIED.,.F.,
  .F.,(2,2),(-5.936874301283E-02,0.),.PIECEWISE_BEZIER_KNOTS.);
#5027 = CARTESIAN_POINT('',(0.777685267578,-2.995,2.24113612912));
#5028 = CARTESIAN_POINT('',(0.798428438008,-2.995,2.185509080597));
#5029 = ORIENTED_EDGE('',*,*,#5030,.F.);
#5030 = EDGE_CURVE('',#5031,#5024,#5033,.T.);
#5031 = VERTEX_POINT('',#5032);
#5032 = CARTESIAN_POINT('',(0.692996985293,-2.995,2.24113612912));
#5033 = B_SPLINE_CURVE_WITH_KNOTS('',1,(#5034,#5035),.UNSPECIFIED.,.F.,
  .F.,(2,2),(-8.468828228454E-02,0.),.PIECEWISE_BEZIER_KNOTS.);
#5034 = CARTESIAN_POINT('',(0.692996985293,-2.995,2.24113612912));
#5035 = CARTESIAN_POINT('',(0.777685267578,-2.995,2.24113612912));
#5036 = ORIENTED_EDGE('',*,*,#5037,.F.);
#5037 = EDGE_CURVE('',#5038,#5031,#5040,.T.);
#5038 = VERTEX_POINT('',#5039);
#5039 = CARTESIAN_POINT('',(0.673449536467,-2.995,2.185509080597));
#5040 = B_SPLINE_CURVE_WITH_KNOTS('',1,(#5041,#5042),.UNSPECIFIED.,.F.,
  .F.,(2,2),(-5.896160855208E-02,0.),.PIECEWISE_BEZIER_KNOTS.);
#5041 = CARTESIAN_POINT('',(0.673449536467,-2.995,2.185509080597));
#5042 = CARTESIAN_POINT('',(0.692996985293,-2.995,2.24113612912));
#5043 = ORIENTED_EDGE('',*,*,#5044,.F.);
#5044 = EDGE_CURVE('',#5045,#5038,#5047,.T.);
#5045 = VERTEX_POINT('',#5046);
#5046 = CARTESIAN_POINT('',(0.644440290602,-2.995,2.185509080597));
#5047 = B_SPLINE_CURVE_WITH_KNOTS('',1,(#5048,#5049),.UNSPECIFIED.,.F.,
  .F.,(2,2),(-2.900924586407E-02,0.),.PIECEWISE_BEZIER_KNOTS.);
#5048 = CARTESIAN_POINT('',(0.644440290602,-2.995,2.185509080597));
#5049 = CARTESIAN_POINT('',(0.673449536467,-2.995,2.185509080597));
#5050 = ORIENTED_EDGE('',*,*,#5051,.F.);
#5051 = EDGE_CURVE('',#5052,#5045,#5054,.T.);
#5052 = VERTEX_POINT('',#5053);
#5053 = CARTESIAN_POINT('',(0.721902255367,-2.995,2.388885729028));
#5054 = B_SPLINE_CURVE_WITH_KNOTS('',1,(#5055,#5056),.UNSPECIFIED.,.F.,
  .F.,(2,2),(-0.217629081495,-0.),.PIECEWISE_BEZIER_KNOTS.);
#5055 = CARTESIAN_POINT('',(0.721902255367,-2.995,2.388885729028));
#5056 = CARTESIAN_POINT('',(0.644440290602,-2.995,2.185509080597));
#5057 = ORIENTED_EDGE('',*,*,#5058,.F.);
#5058 = EDGE_CURVE('',#5010,#5052,#5059,.T.);
#5059 = B_SPLINE_CURVE_WITH_KNOTS('',1,(#5060,#5061),.UNSPECIFIED.,.F.,
  .F.,(2,2),(-2.807346374045E-02,-0.),.PIECEWISE_BEZIER_KNOTS.);
#5060 = CARTESIAN_POINT('',(0.749975719108,-2.995,2.388885729028));
#5061 = CARTESIAN_POINT('',(0.721902255367,-2.995,2.388885729028));
#5062 = FACE_BOUND('',#5063,.T.);
#5063 = EDGE_LOOP('',(#5064,#5073,#5080,#5087,#5096,#5103));
#5064 = ORIENTED_EDGE('',*,*,#5065,.T.);
#5065 = EDGE_CURVE('',#5066,#5068,#5070,.T.);
#5066 = VERTEX_POINT('',#5067);
#5067 = CARTESIAN_POINT('',(0.731727967676,-2.995,2.348647097666));
#5068 = VERTEX_POINT('',#5069);
#5069 = CARTESIAN_POINT('',(0.701315048624,-2.995,2.264114779071));
#5070 = B_SPLINE_CURVE_WITH_KNOTS('',1,(#5071,#5072),.UNSPECIFIED.,.F.,
  .F.,(2,2),(4.178674240745E-16,8.983684395879E-02),
  .PIECEWISE_BEZIER_KNOTS.);
#5071 = CARTESIAN_POINT('',(0.731727967676,-2.995,2.348647097666));
#5072 = CARTESIAN_POINT('',(0.701315048624,-2.995,2.264114779071));
#5073 = ORIENTED_EDGE('',*,*,#5074,.T.);
#5074 = EDGE_CURVE('',#5068,#5075,#5077,.T.);
#5075 = VERTEX_POINT('',#5076);
#5076 = CARTESIAN_POINT('',(0.76957515583,-2.995,2.264114779071));
#5077 = B_SPLINE_CURVE_WITH_KNOTS('',1,(#5078,#5079),.UNSPECIFIED.,.F.,
  .F.,(2,2),(-1.110223024625E-16,6.826010720605E-02),
  .PIECEWISE_BEZIER_KNOTS.);
#5078 = CARTESIAN_POINT('',(0.701315048624,-2.995,2.264114779071));
#5079 = CARTESIAN_POINT('',(0.76957515583,-2.995,2.264114779071));
#5080 = ORIENTED_EDGE('',*,*,#5081,.T.);
#5081 = EDGE_CURVE('',#5075,#5082,#5084,.T.);
#5082 = VERTEX_POINT('',#5083);
#5083 = CARTESIAN_POINT('',(0.738850309403,-2.995,2.348647097666));
#5084 = B_SPLINE_CURVE_WITH_KNOTS('',1,(#5085,#5086),.UNSPECIFIED.,.F.,
  .F.,(2,2),(0.,8.994292120644E-02),.PIECEWISE_BEZIER_KNOTS.);
#5085 = CARTESIAN_POINT('',(0.76957515583,-2.995,2.264114779071));
#5086 = CARTESIAN_POINT('',(0.738850309403,-2.995,2.348647097666));
#5087 = ORIENTED_EDGE('',*,*,#5088,.T.);
#5088 = EDGE_CURVE('',#5082,#5089,#5091,.T.);
#5089 = VERTEX_POINT('',#5090);
#5090 = CARTESIAN_POINT('',(0.735679047758,-2.995,2.36289178112));
#5091 = B_SPLINE_CURVE_WITH_KNOTS('',3,(#5092,#5093,#5094,#5095),
  .UNSPECIFIED.,.F.,.F.,(4,4),(1.,2.),.PIECEWISE_BEZIER_KNOTS.);
#5092 = CARTESIAN_POINT('',(0.738850309403,-2.995,2.348647097666));
#5093 = CARTESIAN_POINT('',(0.737862539382,-2.995,2.35145444404));
#5094 = CARTESIAN_POINT('',(0.736822781466,-2.995,2.356133354664));
#5095 = CARTESIAN_POINT('',(0.735679047758,-2.995,2.36289178112));
#5096 = ORIENTED_EDGE('',*,*,#5097,.T.);
#5097 = EDGE_CURVE('',#5089,#5098,#5100,.T.);
#5098 = VERTEX_POINT('',#5099);
#5099 = CARTESIAN_POINT('',(0.735055193009,-2.995,2.36289178112));
#5100 = B_SPLINE_CURVE_WITH_KNOTS('',1,(#5101,#5102),.UNSPECIFIED.,.F.,
  .F.,(2,2),(-1.110223024625E-16,6.238547490792E-04),
  .PIECEWISE_BEZIER_KNOTS.);
#5101 = CARTESIAN_POINT('',(0.735679047758,-2.995,2.36289178112));
#5102 = CARTESIAN_POINT('',(0.735055193009,-2.995,2.36289178112));
#5103 = ORIENTED_EDGE('',*,*,#5104,.T.);
#5104 = EDGE_CURVE('',#5098,#5066,#5105,.T.);
#5105 = B_SPLINE_CURVE_WITH_KNOTS('',3,(#5106,#5107,#5108,#5109),
  .UNSPECIFIED.,.F.,.F.,(4,4),(3.,4.),.PIECEWISE_BEZIER_KNOTS.);
#5106 = CARTESIAN_POINT('',(0.735055193009,-2.995,2.36289178112));
#5107 = CARTESIAN_POINT('',(0.734067422988,-2.995,2.356757209414));
#5108 = CARTESIAN_POINT('',(0.732975677176,-2.995,2.351974322999));
#5109 = CARTESIAN_POINT('',(0.731727967676,-2.995,2.348647097666));
#5110 = B_SPLINE_SURFACE_WITH_KNOTS('',1,1,(
    (#5111,#5112)
    ,(#5113,#5114
    )),.UNSPECIFIED.,.F.,.F.,.F.,(2,2),(2,2),(2.175508980597,
    2.378885629028),(0.644440290602,0.827437683874),
  .PIECEWISE_BEZIER_KNOTS.);
#5111 = CARTESIAN_POINT('',(0.644440290602,-2.995,2.185509080597));
#5112 = CARTESIAN_POINT('',(0.827437683874,-2.995,2.185509080597));
#5113 = CARTESIAN_POINT('',(0.644440290602,-2.995,2.388885729028));
#5114 = CARTESIAN_POINT('',(0.827437683874,-2.995,2.388885729028));
#5115 = ADVANCED_FACE('',(#5116),#5130,.F.);
#5116 = FACE_BOUND('',#5117,.T.);
#5117 = EDGE_LOOP('',(#5118,#5119,#5124,#5125));
#5118 = ORIENTED_EDGE('',*,*,#5007,.T.);
#5119 = ORIENTED_EDGE('',*,*,#5120,.F.);
#5120 = EDGE_CURVE('',#4898,#5010,#5121,.T.);
#5121 = B_SPLINE_CURVE_WITH_KNOTS('',1,(#5122,#5123),.UNSPECIFIED.,.F.,
  .F.,(2,2),(0.,1.E-02),.PIECEWISE_BEZIER_KNOTS.);
#5122 = CARTESIAN_POINT('',(0.749975719108,-3.005,2.388885729028));
#5123 = CARTESIAN_POINT('',(0.749975719108,-2.995,2.388885729028));
#5124 = ORIENTED_EDGE('',*,*,#4895,.F.);
#5125 = ORIENTED_EDGE('',*,*,#5126,.T.);
#5126 = EDGE_CURVE('',#4896,#5008,#5127,.T.);
#5127 = B_SPLINE_CURVE_WITH_KNOTS('',1,(#5128,#5129),.UNSPECIFIED.,.F.,
  .F.,(2,2),(0.,1.E-02),.PIECEWISE_BEZIER_KNOTS.);
#5128 = CARTESIAN_POINT('',(0.827437683874,-3.005,2.185509080597));
#5129 = CARTESIAN_POINT('',(0.827437683874,-2.995,2.185509080597));
#5130 = B_SPLINE_SURFACE_WITH_KNOTS('',1,1,(
    (#5131,#5132)
    ,(#5133,#5134
    )),.UNSPECIFIED.,.F.,.F.,.F.,(2,2),(2,2),(-0.217629081496,0.),(0.,
    1.E-02),.PIECEWISE_BEZIER_KNOTS.);
#5131 = CARTESIAN_POINT('',(0.827437683874,-3.005,2.185509080597));
#5132 = CARTESIAN_POINT('',(0.827437683874,-2.995,2.185509080597));
#5133 = CARTESIAN_POINT('',(0.749975719108,-3.005,2.388885729028));
#5134 = CARTESIAN_POINT('',(0.749975719108,-2.995,2.388885729028));
#5135 = ADVANCED_FACE('',(#5136),#5146,.F.);
#5136 = FACE_BOUND('',#5137,.T.);
#5137 = EDGE_LOOP('',(#5138,#5139,#5144,#5145));
#5138 = ORIENTED_EDGE('',*,*,#5058,.T.);
#5139 = ORIENTED_EDGE('',*,*,#5140,.F.);
#5140 = EDGE_CURVE('',#4905,#5052,#5141,.T.);
#5141 = B_SPLINE_CURVE_WITH_KNOTS('',1,(#5142,#5143),.UNSPECIFIED.,.F.,
  .F.,(2,2),(0.,1.E-02),.PIECEWISE_BEZIER_KNOTS.);
#5142 = CARTESIAN_POINT('',(0.721902255367,-3.005,2.388885729028));
#5143 = CARTESIAN_POINT('',(0.721902255367,-2.995,2.388885729028));
#5144 = ORIENTED_EDGE('',*,*,#4904,.F.);
#5145 = ORIENTED_EDGE('',*,*,#5120,.T.);
#5146 = B_SPLINE_SURFACE_WITH_KNOTS('',1,1,(
    (#5147,#5148)
    ,(#5149,#5150
    )),.UNSPECIFIED.,.F.,.F.,.F.,(2,2),(2,2),(-2.807346374045E-02,0.),(
    0.,1.E-02),.PIECEWISE_BEZIER_KNOTS.);
#5147 = CARTESIAN_POINT('',(0.749975719108,-3.005,2.388885729028));
#5148 = CARTESIAN_POINT('',(0.749975719108,-2.995,2.388885729028));
#5149 = CARTESIAN_POINT('',(0.721902255367,-3.005,2.388885729028));
#5150 = CARTESIAN_POINT('',(0.721902255367,-2.995,2.388885729028));
#5151 = ADVANCED_FACE('',(#5152),#5162,.F.);
#5152 = FACE_BOUND('',#5153,.T.);
#5153 = EDGE_LOOP('',(#5154,#5155,#5160,#5161));
#5154 = ORIENTED_EDGE('',*,*,#5051,.T.);
#5155 = ORIENTED_EDGE('',*,*,#5156,.F.);
#5156 = EDGE_CURVE('',#4912,#5045,#5157,.T.);
#5157 = B_SPLINE_CURVE_WITH_KNOTS('',1,(#5158,#5159),.UNSPECIFIED.,.F.,
  .F.,(2,2),(0.,1.E-02),.PIECEWISE_BEZIER_KNOTS.);
#5158 = CARTESIAN_POINT('',(0.644440290602,-3.005,2.185509080597));
#5159 = CARTESIAN_POINT('',(0.644440290602,-2.995,2.185509080597));
#5160 = ORIENTED_EDGE('',*,*,#4911,.F.);
#5161 = ORIENTED_EDGE('',*,*,#5140,.T.);
#5162 = B_SPLINE_SURFACE_WITH_KNOTS('',1,1,(
    (#5163,#5164)
    ,(#5165,#5166
    )),.UNSPECIFIED.,.F.,.F.,.F.,(2,2),(2,2),(-0.217629081495,0.),(0.,
    1.E-02),.PIECEWISE_BEZIER_KNOTS.);
#5163 = CARTESIAN_POINT('',(0.721902255367,-3.005,2.388885729028));
#5164 = CARTESIAN_POINT('',(0.721902255367,-2.995,2.388885729028));
#5165 = CARTESIAN_POINT('',(0.644440290602,-3.005,2.185509080597));
#5166 = CARTESIAN_POINT('',(0.644440290602,-2.995,2.185509080597));
#5167 = ADVANCED_FACE('',(#5168),#5178,.F.);
#5168 = FACE_BOUND('',#5169,.T.);
#5169 = EDGE_LOOP('',(#5170,#5171,#5176,#5177));
#5170 = ORIENTED_EDGE('',*,*,#5044,.T.);
#5171 = ORIENTED_EDGE('',*,*,#5172,.F.);
#5172 = EDGE_CURVE('',#4919,#5038,#5173,.T.);
#5173 = B_SPLINE_CURVE_WITH_KNOTS('',1,(#5174,#5175),.UNSPECIFIED.,.F.,
  .F.,(2,2),(0.,1.E-02),.PIECEWISE_BEZIER_KNOTS.);
#5174 = CARTESIAN_POINT('',(0.673449536467,-3.005,2.185509080597));
#5175 = CARTESIAN_POINT('',(0.673449536467,-2.995,2.185509080597));
#5176 = ORIENTED_EDGE('',*,*,#4918,.F.);
#5177 = ORIENTED_EDGE('',*,*,#5156,.T.);
#5178 = B_SPLINE_SURFACE_WITH_KNOTS('',1,1,(
    (#5179,#5180)
    ,(#5181,#5182
    )),.UNSPECIFIED.,.F.,.F.,.F.,(2,2),(2,2),(-2.900924586407E-02,0.),(
    0.,1.E-02),.PIECEWISE_BEZIER_KNOTS.);
#5179 = CARTESIAN_POINT('',(0.644440290602,-3.005,2.185509080597));
#5180 = CARTESIAN_POINT('',(0.644440290602,-2.995,2.185509080597));
#5181 = CARTESIAN_POINT('',(0.673449536467,-3.005,2.185509080597));
#5182 = CARTESIAN_POINT('',(0.673449536467,-2.995,2.185509080597));
#5183 = ADVANCED_FACE('',(#5184),#5194,.F.);
#5184 = FACE_BOUND('',#5185,.T.);
#5185 = EDGE_LOOP('',(#5186,#5187,#5192,#5193));
#5186 = ORIENTED_EDGE('',*,*,#5037,.T.);
#5187 = ORIENTED_EDGE('',*,*,#5188,.F.);
#5188 = EDGE_CURVE('',#4926,#5031,#5189,.T.);
#5189 = B_SPLINE_CURVE_WITH_KNOTS('',1,(#5190,#5191),.UNSPECIFIED.,.F.,
  .F.,(2,2),(0.,1.E-02),.PIECEWISE_BEZIER_KNOTS.);
#5190 = CARTESIAN_POINT('',(0.692996985293,-3.005,2.24113612912));
#5191 = CARTESIAN_POINT('',(0.692996985293,-2.995,2.24113612912));
#5192 = ORIENTED_EDGE('',*,*,#4925,.F.);
#5193 = ORIENTED_EDGE('',*,*,#5172,.T.);
#5194 = B_SPLINE_SURFACE_WITH_KNOTS('',1,1,(
    (#5195,#5196)
    ,(#5197,#5198
    )),.UNSPECIFIED.,.F.,.F.,.F.,(2,2),(2,2),(-5.896160855208E-02,0.),(
    0.,1.E-02),.PIECEWISE_BEZIER_KNOTS.);
#5195 = CARTESIAN_POINT('',(0.673449536467,-3.005,2.185509080597));
#5196 = CARTESIAN_POINT('',(0.673449536467,-2.995,2.185509080597));
#5197 = CARTESIAN_POINT('',(0.692996985293,-3.005,2.24113612912));
#5198 = CARTESIAN_POINT('',(0.692996985293,-2.995,2.24113612912));
#5199 = ADVANCED_FACE('',(#5200),#5210,.F.);
#5200 = FACE_BOUND('',#5201,.T.);
#5201 = EDGE_LOOP('',(#5202,#5203,#5208,#5209));
#5202 = ORIENTED_EDGE('',*,*,#5030,.T.);
#5203 = ORIENTED_EDGE('',*,*,#5204,.F.);
#5204 = EDGE_CURVE('',#4933,#5024,#5205,.T.);
#5205 = B_SPLINE_CURVE_WITH_KNOTS('',1,(#5206,#5207),.UNSPECIFIED.,.F.,
  .F.,(2,2),(0.,1.E-02),.PIECEWISE_BEZIER_KNOTS.);
#5206 = CARTESIAN_POINT('',(0.777685267578,-3.005,2.24113612912));
#5207 = CARTESIAN_POINT('',(0.777685267578,-2.995,2.24113612912));
#5208 = ORIENTED_EDGE('',*,*,#4932,.F.);
#5209 = ORIENTED_EDGE('',*,*,#5188,.T.);
#5210 = B_SPLINE_SURFACE_WITH_KNOTS('',1,1,(
    (#5211,#5212)
    ,(#5213,#5214
    )),.UNSPECIFIED.,.F.,.F.,.F.,(2,2),(2,2),(-8.468828228454E-02,0.),(
    0.,1.E-02),.PIECEWISE_BEZIER_KNOTS.);
#5211 = CARTESIAN_POINT('',(0.692996985293,-3.005,2.24113612912));
#5212 = CARTESIAN_POINT('',(0.692996985293,-2.995,2.24113612912));
#5213 = CARTESIAN_POINT('',(0.777685267578,-3.005,2.24113612912));
#5214 = CARTESIAN_POINT('',(0.777685267578,-2.995,2.24113612912));
#5215 = ADVANCED_FACE('',(#5216),#5226,.F.);
#5216 = FACE_BOUND('',#5217,.T.);
#5217 = EDGE_LOOP('',(#5218,#5219,#5224,#5225));
#5218 = ORIENTED_EDGE('',*,*,#5023,.T.);
#5219 = ORIENTED_EDGE('',*,*,#5220,.F.);
#5220 = EDGE_CURVE('',#4940,#5017,#5221,.T.);
#5221 = B_SPLINE_CURVE_WITH_KNOTS('',1,(#5222,#5223),.UNSPECIFIED.,.F.,
  .F.,(2,2),(0.,1.E-02),.PIECEWISE_BEZIER_KNOTS.);
#5222 = CARTESIAN_POINT('',(0.798428438008,-3.005,2.185509080597));
#5223 = CARTESIAN_POINT('',(0.798428438008,-2.995,2.185509080597));
#5224 = ORIENTED_EDGE('',*,*,#4939,.F.);
#5225 = ORIENTED_EDGE('',*,*,#5204,.T.);
#5226 = B_SPLINE_SURFACE_WITH_KNOTS('',1,1,(
    (#5227,#5228)
    ,(#5229,#5230
    )),.UNSPECIFIED.,.F.,.F.,.F.,(2,2),(2,2),(-5.936874301283E-02,0.),(
    0.,1.E-02),.PIECEWISE_BEZIER_KNOTS.);
#5227 = CARTESIAN_POINT('',(0.777685267578,-3.005,2.24113612912));
#5228 = CARTESIAN_POINT('',(0.777685267578,-2.995,2.24113612912));
#5229 = CARTESIAN_POINT('',(0.798428438008,-3.005,2.185509080597));
#5230 = CARTESIAN_POINT('',(0.798428438008,-2.995,2.185509080597));
#5231 = ADVANCED_FACE('',(#5232),#5238,.F.);
#5232 = FACE_BOUND('',#5233,.T.);
#5233 = EDGE_LOOP('',(#5234,#5235,#5236,#5237));
#5234 = ORIENTED_EDGE('',*,*,#5016,.T.);
#5235 = ORIENTED_EDGE('',*,*,#5126,.F.);
#5236 = ORIENTED_EDGE('',*,*,#4946,.F.);
#5237 = ORIENTED_EDGE('',*,*,#5220,.T.);
#5238 = B_SPLINE_SURFACE_WITH_KNOTS('',1,1,(
    (#5239,#5240)
    ,(#5241,#5242
    )),.UNSPECIFIED.,.F.,.F.,.F.,(2,2),(2,2),(-2.900924586545E-02,0.),(
    0.,1.E-02),.PIECEWISE_BEZIER_KNOTS.);
#5239 = CARTESIAN_POINT('',(0.798428438008,-3.005,2.185509080597));
#5240 = CARTESIAN_POINT('',(0.798428438008,-2.995,2.185509080597));
#5241 = CARTESIAN_POINT('',(0.827437683874,-3.005,2.185509080597));
#5242 = CARTESIAN_POINT('',(0.827437683874,-2.995,2.185509080597));
#5243 = ADVANCED_FACE('',(#5244),#5258,.T.);
#5244 = FACE_BOUND('',#5245,.T.);
#5245 = EDGE_LOOP('',(#5246,#5247,#5252,#5253));
#5246 = ORIENTED_EDGE('',*,*,#5074,.F.);
#5247 = ORIENTED_EDGE('',*,*,#5248,.F.);
#5248 = EDGE_CURVE('',#4954,#5068,#5249,.T.);
#5249 = B_SPLINE_CURVE_WITH_KNOTS('',1,(#5250,#5251),.UNSPECIFIED.,.F.,
  .F.,(2,2),(0.,1.E-02),.PIECEWISE_BEZIER_KNOTS.);
#5250 = CARTESIAN_POINT('',(0.701315048624,-3.005,2.264114779071));
#5251 = CARTESIAN_POINT('',(0.701315048624,-2.995,2.264114779071));
#5252 = ORIENTED_EDGE('',*,*,#4953,.T.);
#5253 = ORIENTED_EDGE('',*,*,#5254,.T.);
#5254 = EDGE_CURVE('',#4956,#5075,#5255,.T.);
#5255 = B_SPLINE_CURVE_WITH_KNOTS('',1,(#5256,#5257),.UNSPECIFIED.,.F.,
  .F.,(2,2),(0.,1.E-02),.PIECEWISE_BEZIER_KNOTS.);
#5256 = CARTESIAN_POINT('',(0.76957515583,-3.005,2.264114779071));
#5257 = CARTESIAN_POINT('',(0.76957515583,-2.995,2.264114779071));
#5258 = B_SPLINE_SURFACE_WITH_KNOTS('',1,1,(
    (#5259,#5260)
    ,(#5261,#5262
    )),.UNSPECIFIED.,.F.,.F.,.F.,(2,2),(2,2),(-1.110223024625E-16,
    6.826010720605E-02),(0.,1.E-02),.PIECEWISE_BEZIER_KNOTS.);
#5259 = CARTESIAN_POINT('',(0.701315048624,-3.005,2.264114779071));
#5260 = CARTESIAN_POINT('',(0.701315048624,-2.995,2.264114779071));
#5261 = CARTESIAN_POINT('',(0.76957515583,-3.005,2.264114779071));
#5262 = CARTESIAN_POINT('',(0.76957515583,-2.995,2.264114779071));
#5263 = ADVANCED_FACE('',(#5264),#5274,.T.);
#5264 = FACE_BOUND('',#5265,.T.);
#5265 = EDGE_LOOP('',(#5266,#5267,#5268,#5269));
#5266 = ORIENTED_EDGE('',*,*,#5081,.F.);
#5267 = ORIENTED_EDGE('',*,*,#5254,.F.);
#5268 = ORIENTED_EDGE('',*,*,#4994,.T.);
#5269 = ORIENTED_EDGE('',*,*,#5270,.T.);
#5270 = EDGE_CURVE('',#4986,#5082,#5271,.T.);
#5271 = B_SPLINE_CURVE_WITH_KNOTS('',1,(#5272,#5273),.UNSPECIFIED.,.F.,
  .F.,(2,2),(0.,1.E-02),.PIECEWISE_BEZIER_KNOTS.);
#5272 = CARTESIAN_POINT('',(0.738850309403,-3.005,2.348647097666));
#5273 = CARTESIAN_POINT('',(0.738850309403,-2.995,2.348647097666));
#5274 = B_SPLINE_SURFACE_WITH_KNOTS('',1,1,(
    (#5275,#5276)
    ,(#5277,#5278
    )),.UNSPECIFIED.,.F.,.F.,.F.,(2,2),(2,2),(0.,8.994292120644E-02),(0.
    ,1.E-02),.PIECEWISE_BEZIER_KNOTS.);
#5275 = CARTESIAN_POINT('',(0.76957515583,-3.005,2.264114779071));
#5276 = CARTESIAN_POINT('',(0.76957515583,-2.995,2.264114779071));
#5277 = CARTESIAN_POINT('',(0.738850309403,-3.005,2.348647097666));
#5278 = CARTESIAN_POINT('',(0.738850309403,-2.995,2.348647097666));
#5279 = ADVANCED_FACE('',(#5280),#5290,.T.);
#5280 = FACE_BOUND('',#5281,.T.);
#5281 = EDGE_LOOP('',(#5282,#5283,#5284,#5285));
#5282 = ORIENTED_EDGE('',*,*,#5088,.F.);
#5283 = ORIENTED_EDGE('',*,*,#5270,.F.);
#5284 = ORIENTED_EDGE('',*,*,#4985,.T.);
#5285 = ORIENTED_EDGE('',*,*,#5286,.T.);
#5286 = EDGE_CURVE('',#4979,#5089,#5287,.T.);
#5287 = B_SPLINE_CURVE_WITH_KNOTS('',1,(#5288,#5289),.UNSPECIFIED.,.F.,
  .F.,(2,2),(0.,1.E-02),.PIECEWISE_BEZIER_KNOTS.);
#5288 = CARTESIAN_POINT('',(0.735679047758,-3.005,2.36289178112));
#5289 = CARTESIAN_POINT('',(0.735679047758,-2.995,2.36289178112));
#5290 = B_SPLINE_SURFACE_WITH_KNOTS('',3,1,(
    (#5291,#5292)
    ,(#5293,#5294)
    ,(#5295,#5296)
    ,(#5297,#5298
    )),.UNSPECIFIED.,.F.,.F.,.F.,(4,4),(2,2),(1.,2.),(0.,1.),
  .PIECEWISE_BEZIER_KNOTS.);
#5291 = CARTESIAN_POINT('',(0.738850309403,-3.005,2.348647097666));
#5292 = CARTESIAN_POINT('',(0.738850309403,-2.995,2.348647097666));
#5293 = CARTESIAN_POINT('',(0.737862539382,-3.005,2.35145444404));
#5294 = CARTESIAN_POINT('',(0.737862539382,-2.995,2.35145444404));
#5295 = CARTESIAN_POINT('',(0.736822781466,-3.005,2.356133354664));
#5296 = CARTESIAN_POINT('',(0.736822781466,-2.995,2.356133354664));
#5297 = CARTESIAN_POINT('',(0.735679047758,-3.005,2.36289178112));
#5298 = CARTESIAN_POINT('',(0.735679047758,-2.995,2.36289178112));
#5299 = ADVANCED_FACE('',(#5300),#5310,.T.);
#5300 = FACE_BOUND('',#5301,.T.);
#5301 = EDGE_LOOP('',(#5302,#5303,#5304,#5305));
#5302 = ORIENTED_EDGE('',*,*,#5097,.F.);
#5303 = ORIENTED_EDGE('',*,*,#5286,.F.);
#5304 = ORIENTED_EDGE('',*,*,#4978,.T.);
#5305 = ORIENTED_EDGE('',*,*,#5306,.T.);
#5306 = EDGE_CURVE('',#4970,#5098,#5307,.T.);
#5307 = B_SPLINE_CURVE_WITH_KNOTS('',1,(#5308,#5309),.UNSPECIFIED.,.F.,
  .F.,(2,2),(0.,1.E-02),.PIECEWISE_BEZIER_KNOTS.);
#5308 = CARTESIAN_POINT('',(0.735055193009,-3.005,2.36289178112));
#5309 = CARTESIAN_POINT('',(0.735055193009,-2.995,2.36289178112));
#5310 = B_SPLINE_SURFACE_WITH_KNOTS('',1,1,(
    (#5311,#5312)
    ,(#5313,#5314
    )),.UNSPECIFIED.,.F.,.F.,.F.,(2,2),(2,2),(-1.110223024625E-16,
    6.238547490792E-04),(0.,1.E-02),.PIECEWISE_BEZIER_KNOTS.);
#5311 = CARTESIAN_POINT('',(0.735679047758,-3.005,2.36289178112));
#5312 = CARTESIAN_POINT('',(0.735679047758,-2.995,2.36289178112));
#5313 = CARTESIAN_POINT('',(0.735055193009,-3.005,2.36289178112));
#5314 = CARTESIAN_POINT('',(0.735055193009,-2.995,2.36289178112));
#5315 = ADVANCED_FACE('',(#5316),#5326,.T.);
#5316 = FACE_BOUND('',#5317,.T.);
#5317 = EDGE_LOOP('',(#5318,#5319,#5320,#5321));
#5318 = ORIENTED_EDGE('',*,*,#5104,.F.);
#5319 = ORIENTED_EDGE('',*,*,#5306,.F.);
#5320 = ORIENTED_EDGE('',*,*,#4969,.T.);
#5321 = ORIENTED_EDGE('',*,*,#5322,.T.);
#5322 = EDGE_CURVE('',#4963,#5066,#5323,.T.);
#5323 = B_SPLINE_CURVE_WITH_KNOTS('',1,(#5324,#5325),.UNSPECIFIED.,.F.,
  .F.,(2,2),(8.881784197001E-16,1.E-02),.PIECEWISE_BEZIER_KNOTS.);
#5324 = CARTESIAN_POINT('',(0.731727967676,-3.005,2.348647097666));
#5325 = CARTESIAN_POINT('',(0.731727967676,-2.995,2.348647097666));
#5326 = B_SPLINE_SURFACE_WITH_KNOTS('',3,1,(
    (#5327,#5328)
    ,(#5329,#5330)
    ,(#5331,#5332)
    ,(#5333,#5334
    )),.UNSPECIFIED.,.F.,.F.,.F.,(4,4),(2,2),(3.,4.),(0.,1.),
  .PIECEWISE_BEZIER_KNOTS.);
#5327 = CARTESIAN_POINT('',(0.735055193009,-3.005,2.36289178112));
#5328 = CARTESIAN_POINT('',(0.735055193009,-2.995,2.36289178112));
#5329 = CARTESIAN_POINT('',(0.734067422988,-3.005,2.356757209414));
#5330 = CARTESIAN_POINT('',(0.734067422988,-2.995,2.356757209414));
#5331 = CARTESIAN_POINT('',(0.732975677176,-3.005,2.351974322999));
#5332 = CARTESIAN_POINT('',(0.732975677176,-2.995,2.351974322999));
#5333 = CARTESIAN_POINT('',(0.731727967676,-3.005,2.348647097666));
#5334 = CARTESIAN_POINT('',(0.731727967676,-2.995,2.348647097666));
#5335 = ADVANCED_FACE('',(#5336),#5342,.T.);
#5336 = FACE_BOUND('',#5337,.T.);
#5337 = EDGE_LOOP('',(#5338,#5339,#5340,#5341));
#5338 = ORIENTED_EDGE('',*,*,#5065,.F.);
#5339 = ORIENTED_EDGE('',*,*,#5322,.F.);
#5340 = ORIENTED_EDGE('',*,*,#4962,.T.);
#5341 = ORIENTED_EDGE('',*,*,#5248,.T.);
#5342 = B_SPLINE_SURFACE_WITH_KNOTS('',1,1,(
    (#5343,#5344)
    ,(#5345,#5346
    )),.UNSPECIFIED.,.F.,.F.,.F.,(2,2),(2,2),(4.178674240745E-16,
    8.983684395879E-02),(0.,1.E-02),.PIECEWISE_BEZIER_KNOTS.);
#5343 = CARTESIAN_POINT('',(0.731727967676,-3.005,2.348647097666));
#5344 = CARTESIAN_POINT('',(0.731727967676,-2.995,2.348647097666));
#5345 = CARTESIAN_POINT('',(0.701315048624,-3.005,2.264114779071));
#5346 = CARTESIAN_POINT('',(0.701315048624,-2.995,2.264114779071));
#5347 = MANIFOLD_SOLID_BREP('',#5348);
#5348 = CLOSED_SHELL('',(#5349,#5385,#5413,#5441,#5469,#5497,#5525,#5553
    ,#5581,#5609,#5637,#5665,#5685,#5705));
#5349 = ADVANCED_FACE('',(#5350),#5380,.F.);
#5350 = FACE_BOUND('',#5351,.T.);
#5351 = EDGE_LOOP('',(#5352,#5361,#5368,#5375));
#5352 = ORIENTED_EDGE('',*,*,#5353,.T.);
#5353 = EDGE_CURVE('',#5354,#5356,#5358,.T.);
#5354 = VERTEX_POINT('',#5355);
#5355 = CARTESIAN_POINT('',(0.120610252361,-2.995,1.862872199164));
#5356 = VERTEX_POINT('',#5357);
#5357 = CARTESIAN_POINT('',(0.120610252361,-2.995,1.886058800697));
#5358 = B_SPLINE_CURVE_WITH_KNOTS('',1,(#5359,#5360),.UNSPECIFIED.,.F.,
  .F.,(2,2),(-2.318660153379E-02,0.),.PIECEWISE_BEZIER_KNOTS.);
#5359 = CARTESIAN_POINT('',(0.120610252361,-2.995,1.862872199164));
#5360 = CARTESIAN_POINT('',(0.120610252361,-2.995,1.886058800697));
#5361 = ORIENTED_EDGE('',*,*,#5362,.F.);
#5362 = EDGE_CURVE('',#5363,#5356,#5365,.T.);
#5363 = VERTEX_POINT('',#5364);
#5364 = CARTESIAN_POINT('',(0.120610252361,-3.005,1.886058800697));
#5365 = B_SPLINE_CURVE_WITH_KNOTS('',1,(#5366,#5367),.UNSPECIFIED.,.F.,
  .F.,(2,2),(0.,1.E-02),.PIECEWISE_BEZIER_KNOTS.);
#5366 = CARTESIAN_POINT('',(0.120610252361,-3.005,1.886058800697));
#5367 = CARTESIAN_POINT('',(0.120610252361,-2.995,1.886058800697));
#5368 = ORIENTED_EDGE('',*,*,#5369,.F.);
#5369 = EDGE_CURVE('',#5370,#5363,#5372,.T.);
#5370 = VERTEX_POINT('',#5371);
#5371 = CARTESIAN_POINT('',(0.120610252361,-3.005,1.862872199164));
#5372 = B_SPLINE_CURVE_WITH_KNOTS('',1,(#5373,#5374),.UNSPECIFIED.,.F.,
  .F.,(2,2),(-2.318660153379E-02,0.),.PIECEWISE_BEZIER_KNOTS.);
#5373 = CARTESIAN_POINT('',(0.120610252361,-3.005,1.862872199164));
#5374 = CARTESIAN_POINT('',(0.120610252361,-3.005,1.886058800697));
#5375 = ORIENTED_EDGE('',*,*,#5376,.T.);
#5376 = EDGE_CURVE('',#5370,#5354,#5377,.T.);
#5377 = B_SPLINE_CURVE_WITH_KNOTS('',1,(#5378,#5379),.UNSPECIFIED.,.F.,
  .F.,(2,2),(0.,1.E-02),.PIECEWISE_BEZIER_KNOTS.);
#5378 = CARTESIAN_POINT('',(0.120610252361,-3.005,1.862872199164));
#5379 = CARTESIAN_POINT('',(0.120610252361,-2.995,1.862872199164));
#5380 = B_SPLINE_SURFACE_WITH_KNOTS('',1,1,(
    (#5381,#5382)
    ,(#5383,#5384
    )),.UNSPECIFIED.,.F.,.F.,.F.,(2,2),(2,2),(-2.318660153379E-02,0.),(
    0.,1.E-02),.PIECEWISE_BEZIER_KNOTS.);
#5381 = CARTESIAN_POINT('',(0.120610252361,-3.005,1.862872199164));
#5382 = CARTESIAN_POINT('',(0.120610252361,-2.995,1.862872199164));
#5383 = CARTESIAN_POINT('',(0.120610252361,-3.005,1.886058800697));
#5384 = CARTESIAN_POINT('',(0.120610252361,-2.995,1.886058800697));
#5385 = ADVANCED_FACE('',(#5386),#5408,.F.);
#5386 = FACE_BOUND('',#5387,.T.);
#5387 = EDGE_LOOP('',(#5388,#5395,#5402,#5407));
#5388 = ORIENTED_EDGE('',*,*,#5389,.T.);
#5389 = EDGE_CURVE('',#5356,#5390,#5392,.T.);
#5390 = VERTEX_POINT('',#5391);
#5391 = CARTESIAN_POINT('',(3.748160695099E-02,-2.995,1.886058800697));
#5392 = B_SPLINE_CURVE_WITH_KNOTS('',1,(#5393,#5394),.UNSPECIFIED.,.F.,
  .F.,(2,2),(-8.312864540976E-02,-0.),.PIECEWISE_BEZIER_KNOTS.);
#5393 = CARTESIAN_POINT('',(0.120610252361,-2.995,1.886058800697));
#5394 = CARTESIAN_POINT('',(3.748160695099E-02,-2.995,1.886058800697));
#5395 = ORIENTED_EDGE('',*,*,#5396,.F.);
#5396 = EDGE_CURVE('',#5397,#5390,#5399,.T.);
#5397 = VERTEX_POINT('',#5398);
#5398 = CARTESIAN_POINT('',(3.748160695099E-02,-3.005,1.886058800697));
#5399 = B_SPLINE_CURVE_WITH_KNOTS('',1,(#5400,#5401),.UNSPECIFIED.,.F.,
  .F.,(2,2),(0.,1.E-02),.PIECEWISE_BEZIER_KNOTS.);
#5400 = CARTESIAN_POINT('',(3.748160695099E-02,-3.005,1.886058800697));
#5401 = CARTESIAN_POINT('',(3.748160695099E-02,-2.995,1.886058800697));
#5402 = ORIENTED_EDGE('',*,*,#5403,.F.);
#5403 = EDGE_CURVE('',#5363,#5397,#5404,.T.);
#5404 = B_SPLINE_CURVE_WITH_KNOTS('',1,(#5405,#5406),.UNSPECIFIED.,.F.,
  .F.,(2,2),(-8.312864540976E-02,-0.),.PIECEWISE_BEZIER_KNOTS.);
#5405 = CARTESIAN_POINT('',(0.120610252361,-3.005,1.886058800697));
#5406 = CARTESIAN_POINT('',(3.748160695099E-02,-3.005,1.886058800697));
#5407 = ORIENTED_EDGE('',*,*,#5362,.T.);
#5408 = B_SPLINE_SURFACE_WITH_KNOTS('',1,1,(
    (#5409,#5410)
    ,(#5411,#5412
    )),.UNSPECIFIED.,.F.,.F.,.F.,(2,2),(2,2),(-8.312864540976E-02,0.),(
    0.,1.E-02),.PIECEWISE_BEZIER_KNOTS.);
#5409 = CARTESIAN_POINT('',(0.120610252361,-3.005,1.886058800697));
#5410 = CARTESIAN_POINT('',(0.120610252361,-2.995,1.886058800697));
#5411 = CARTESIAN_POINT('',(3.748160695099E-02,-3.005,1.886058800697));
#5412 = CARTESIAN_POINT('',(3.748160695099E-02,-2.995,1.886058800697));
#5413 = ADVANCED_FACE('',(#5414),#5436,.F.);
#5414 = FACE_BOUND('',#5415,.T.);
#5415 = EDGE_LOOP('',(#5416,#5423,#5430,#5435));
#5416 = ORIENTED_EDGE('',*,*,#5417,.T.);
#5417 = EDGE_CURVE('',#5390,#5418,#5420,.T.);
#5418 = VERTEX_POINT('',#5419);
#5419 = CARTESIAN_POINT('',(3.748160695099E-02,-2.995,1.954474871591));
#5420 = B_SPLINE_CURVE_WITH_KNOTS('',1,(#5421,#5422),.UNSPECIFIED.,.F.,
  .F.,(2,2),(-6.841607089331E-02,0.),.PIECEWISE_BEZIER_KNOTS.);
#5421 = CARTESIAN_POINT('',(3.748160695099E-02,-2.995,1.886058800697));
#5422 = CARTESIAN_POINT('',(3.748160695099E-02,-2.995,1.954474871591));
#5423 = ORIENTED_EDGE('',*,*,#5424,.F.);
#5424 = EDGE_CURVE('',#5425,#5418,#5427,.T.);
#5425 = VERTEX_POINT('',#5426);
#5426 = CARTESIAN_POINT('',(3.748160695099E-02,-3.005,1.954474871591));
#5427 = B_SPLINE_CURVE_WITH_KNOTS('',1,(#5428,#5429),.UNSPECIFIED.,.F.,
  .F.,(2,2),(0.,1.E-02),.PIECEWISE_BEZIER_KNOTS.);
#5428 = CARTESIAN_POINT('',(3.748160695099E-02,-3.005,1.954474871591));
#5429 = CARTESIAN_POINT('',(3.748160695099E-02,-2.995,1.954474871591));
#5430 = ORIENTED_EDGE('',*,*,#5431,.F.);
#5431 = EDGE_CURVE('',#5397,#5425,#5432,.T.);
#5432 = B_SPLINE_CURVE_WITH_KNOTS('',1,(#5433,#5434),.UNSPECIFIED.,.F.,
  .F.,(2,2),(-6.841607089331E-02,0.),.PIECEWISE_BEZIER_KNOTS.);
#5433 = CARTESIAN_POINT('',(3.748160695099E-02,-3.005,1.886058800697));
#5434 = CARTESIAN_POINT('',(3.748160695099E-02,-3.005,1.954474871591));
#5435 = ORIENTED_EDGE('',*,*,#5396,.T.);
#5436 = B_SPLINE_SURFACE_WITH_KNOTS('',1,1,(
    (#5437,#5438)
    ,(#5439,#5440
    )),.UNSPECIFIED.,.F.,.F.,.F.,(2,2),(2,2),(-6.841607089331E-02,0.),(
    0.,1.E-02),.PIECEWISE_BEZIER_KNOTS.);
#5437 = CARTESIAN_POINT('',(3.748160695099E-02,-3.005,1.886058800697));
#5438 = CARTESIAN_POINT('',(3.748160695099E-02,-2.995,1.886058800697));
#5439 = CARTESIAN_POINT('',(3.748160695099E-02,-3.005,1.954474871591));
#5440 = CARTESIAN_POINT('',(3.748160695099E-02,-2.995,1.954474871591));
#5441 = ADVANCED_FACE('',(#5442),#5464,.F.);
#5442 = FACE_BOUND('',#5443,.T.);
#5443 = EDGE_LOOP('',(#5444,#5451,#5458,#5463));
#5444 = ORIENTED_EDGE('',*,*,#5445,.T.);
#5445 = EDGE_CURVE('',#5418,#5446,#5448,.T.);
#5446 = VERTEX_POINT('',#5447);
#5447 = CARTESIAN_POINT('',(0.110212673198,-2.995,1.954474871591));
#5448 = B_SPLINE_CURVE_WITH_KNOTS('',1,(#5449,#5450),.UNSPECIFIED.,.F.,
  .F.,(2,2),(-7.273106624666E-02,0.),.PIECEWISE_BEZIER_KNOTS.);
#5449 = CARTESIAN_POINT('',(3.748160695099E-02,-2.995,1.954474871591));
#5450 = CARTESIAN_POINT('',(0.110212673198,-2.995,1.954474871591));
#5451 = ORIENTED_EDGE('',*,*,#5452,.F.);
#5452 = EDGE_CURVE('',#5453,#5446,#5455,.T.);
#5453 = VERTEX_POINT('',#5454);
#5454 = CARTESIAN_POINT('',(0.110212673198,-3.005,1.954474871591));
#5455 = B_SPLINE_CURVE_WITH_KNOTS('',1,(#5456,#5457),.UNSPECIFIED.,.F.,
  .F.,(2,2),(0.,1.E-02),.PIECEWISE_BEZIER_KNOTS.);
#5456 = CARTESIAN_POINT('',(0.110212673198,-3.005,1.954474871591));
#5457 = CARTESIAN_POINT('',(0.110212673198,-2.995,1.954474871591));
#5458 = ORIENTED_EDGE('',*,*,#5459,.F.);
#5459 = EDGE_CURVE('',#5425,#5453,#5460,.T.);
#5460 = B_SPLINE_CURVE_WITH_KNOTS('',1,(#5461,#5462),.UNSPECIFIED.,.F.,
  .F.,(2,2),(-7.273106624666E-02,0.),.PIECEWISE_BEZIER_KNOTS.);
#5461 = CARTESIAN_POINT('',(3.748160695099E-02,-3.005,1.954474871591));
#5462 = CARTESIAN_POINT('',(0.110212673198,-3.005,1.954474871591));
#5463 = ORIENTED_EDGE('',*,*,#5424,.T.);
#5464 = B_SPLINE_SURFACE_WITH_KNOTS('',1,1,(
    (#5465,#5466)
    ,(#5467,#5468
    )),.UNSPECIFIED.,.F.,.F.,.F.,(2,2),(2,2),(-7.273106624666E-02,0.),(
    0.,1.E-02),.PIECEWISE_BEZIER_KNOTS.);
#5465 = CARTESIAN_POINT('',(3.748160695099E-02,-3.005,1.954474871591));
#5466 = CARTESIAN_POINT('',(3.748160695099E-02,-2.995,1.954474871591));
#5467 = CARTESIAN_POINT('',(0.110212673198,-3.005,1.954474871591));
#5468 = CARTESIAN_POINT('',(0.110212673198,-2.995,1.954474871591));
#5469 = ADVANCED_FACE('',(#5470),#5492,.F.);
#5470 = FACE_BOUND('',#5471,.T.);
#5471 = EDGE_LOOP('',(#5472,#5479,#5486,#5491));
#5472 = ORIENTED_EDGE('',*,*,#5473,.T.);
#5473 = EDGE_CURVE('',#5446,#5474,#5476,.T.);
#5474 = VERTEX_POINT('',#5475);
#5475 = CARTESIAN_POINT('',(0.110212673198,-2.995,1.977765448916));
#5476 = B_SPLINE_CURVE_WITH_KNOTS('',1,(#5477,#5478),.UNSPECIFIED.,.F.,
  .F.,(2,2),(-2.32905773253E-02,0.),.PIECEWISE_BEZIER_KNOTS.);
#5477 = CARTESIAN_POINT('',(0.110212673198,-2.995,1.954474871591));
#5478 = CARTESIAN_POINT('',(0.110212673198,-2.995,1.977765448916));
#5479 = ORIENTED_EDGE('',*,*,#5480,.F.);
#5480 = EDGE_CURVE('',#5481,#5474,#5483,.T.);
#5481 = VERTEX_POINT('',#5482);
#5482 = CARTESIAN_POINT('',(0.110212673198,-3.005,1.977765448916));
#5483 = B_SPLINE_CURVE_WITH_KNOTS('',1,(#5484,#5485),.UNSPECIFIED.,.F.,
  .F.,(2,2),(0.,1.E-02),.PIECEWISE_BEZIER_KNOTS.);
#5484 = CARTESIAN_POINT('',(0.110212673198,-3.005,1.977765448916));
#5485 = CARTESIAN_POINT('',(0.110212673198,-2.995,1.977765448916));
#5486 = ORIENTED_EDGE('',*,*,#5487,.F.);
#5487 = EDGE_CURVE('',#5453,#5481,#5488,.T.);
#5488 = B_SPLINE_CURVE_WITH_KNOTS('',1,(#5489,#5490),.UNSPECIFIED.,.F.,
  .F.,(2,2),(-2.32905773253E-02,0.),.PIECEWISE_BEZIER_KNOTS.);
#5489 = CARTESIAN_POINT('',(0.110212673198,-3.005,1.954474871591));
#5490 = CARTESIAN_POINT('',(0.110212673198,-3.005,1.977765448916));
#5491 = ORIENTED_EDGE('',*,*,#5452,.T.);
#5492 = B_SPLINE_SURFACE_WITH_KNOTS('',1,1,(
    (#5493,#5494)
    ,(#5495,#5496
    )),.UNSPECIFIED.,.F.,.F.,.F.,(2,2),(2,2),(-2.32905773253E-02,0.),(0.
    ,1.E-02),.PIECEWISE_BEZIER_KNOTS.);
#5493 = CARTESIAN_POINT('',(0.110212673198,-3.005,1.954474871591));
#5494 = CARTESIAN_POINT('',(0.110212673198,-2.995,1.954474871591));
#5495 = CARTESIAN_POINT('',(0.110212673198,-3.005,1.977765448916));
#5496 = CARTESIAN_POINT('',(0.110212673198,-2.995,1.977765448916));
#5497 = ADVANCED_FACE('',(#5498),#5520,.F.);
#5498 = FACE_BOUND('',#5499,.T.);
#5499 = EDGE_LOOP('',(#5500,#5507,#5514,#5519));
#5500 = ORIENTED_EDGE('',*,*,#5501,.T.);
#5501 = EDGE_CURVE('',#5474,#5502,#5504,.T.);
#5502 = VERTEX_POINT('',#5503);
#5503 = CARTESIAN_POINT('',(3.748160695099E-02,-2.995,1.977765448916));
#5504 = B_SPLINE_CURVE_WITH_KNOTS('',1,(#5505,#5506),.UNSPECIFIED.,.F.,
  .F.,(2,2),(-7.273106624666E-02,-0.),.PIECEWISE_BEZIER_KNOTS.);
#5505 = CARTESIAN_POINT('',(0.110212673198,-2.995,1.977765448916));
#5506 = CARTESIAN_POINT('',(3.748160695099E-02,-2.995,1.977765448916));
#5507 = ORIENTED_EDGE('',*,*,#5508,.F.);
#5508 = EDGE_CURVE('',#5509,#5502,#5511,.T.);
#5509 = VERTEX_POINT('',#5510);
#5510 = CARTESIAN_POINT('',(3.748160695099E-02,-3.005,1.977765448916));
#5511 = B_SPLINE_CURVE_WITH_KNOTS('',1,(#5512,#5513),.UNSPECIFIED.,.F.,
  .F.,(2,2),(0.,1.E-02),.PIECEWISE_BEZIER_KNOTS.);
#5512 = CARTESIAN_POINT('',(3.748160695099E-02,-3.005,1.977765448916));
#5513 = CARTESIAN_POINT('',(3.748160695099E-02,-2.995,1.977765448916));
#5514 = ORIENTED_EDGE('',*,*,#5515,.F.);
#5515 = EDGE_CURVE('',#5481,#5509,#5516,.T.);
#5516 = B_SPLINE_CURVE_WITH_KNOTS('',1,(#5517,#5518),.UNSPECIFIED.,.F.,
  .F.,(2,2),(-7.273106624666E-02,-0.),.PIECEWISE_BEZIER_KNOTS.);
#5517 = CARTESIAN_POINT('',(0.110212673198,-3.005,1.977765448916));
#5518 = CARTESIAN_POINT('',(3.748160695099E-02,-3.005,1.977765448916));
#5519 = ORIENTED_EDGE('',*,*,#5480,.T.);
#5520 = B_SPLINE_SURFACE_WITH_KNOTS('',1,1,(
    (#5521,#5522)
    ,(#5523,#5524
    )),.UNSPECIFIED.,.F.,.F.,.F.,(2,2),(2,2),(-7.273106624666E-02,0.),(
    0.,1.E-02),.PIECEWISE_BEZIER_KNOTS.);
#5521 = CARTESIAN_POINT('',(0.110212673198,-3.005,1.977765448916));
#5522 = CARTESIAN_POINT('',(0.110212673198,-2.995,1.977765448916));
#5523 = CARTESIAN_POINT('',(3.748160695099E-02,-3.005,1.977765448916));
#5524 = CARTESIAN_POINT('',(3.748160695099E-02,-2.995,1.977765448916));
#5525 = ADVANCED_FACE('',(#5526),#5548,.F.);
#5526 = FACE_BOUND('',#5527,.T.);
#5527 = EDGE_LOOP('',(#5528,#5535,#5542,#5547));
#5528 = ORIENTED_EDGE('',*,*,#5529,.T.);
#5529 = EDGE_CURVE('',#5502,#5530,#5532,.T.);
#5530 = VERTEX_POINT('',#5531);
#5531 = CARTESIAN_POINT('',(3.748160695099E-02,-2.995,2.042854294478));
#5532 = B_SPLINE_CURVE_WITH_KNOTS('',1,(#5533,#5534),.UNSPECIFIED.,.F.,
  .F.,(2,2),(-6.508884556213E-02,0.),.PIECEWISE_BEZIER_KNOTS.);
#5533 = CARTESIAN_POINT('',(3.748160695099E-02,-2.995,1.977765448916));
#5534 = CARTESIAN_POINT('',(3.748160695099E-02,-2.995,2.042854294478));
#5535 = ORIENTED_EDGE('',*,*,#5536,.F.);
#5536 = EDGE_CURVE('',#5537,#5530,#5539,.T.);
#5537 = VERTEX_POINT('',#5538);
#5538 = CARTESIAN_POINT('',(3.748160695099E-02,-3.005,2.042854294478));
#5539 = B_SPLINE_CURVE_WITH_KNOTS('',1,(#5540,#5541),.UNSPECIFIED.,.F.,
  .F.,(2,2),(0.,1.E-02),.PIECEWISE_BEZIER_KNOTS.);
#5540 = CARTESIAN_POINT('',(3.748160695099E-02,-3.005,2.042854294478));
#5541 = CARTESIAN_POINT('',(3.748160695099E-02,-2.995,2.042854294478));
#5542 = ORIENTED_EDGE('',*,*,#5543,.F.);
#5543 = EDGE_CURVE('',#5509,#5537,#5544,.T.);
#5544 = B_SPLINE_CURVE_WITH_KNOTS('',1,(#5545,#5546),.UNSPECIFIED.,.F.,
  .F.,(2,2),(-6.508884556213E-02,0.),.PIECEWISE_BEZIER_KNOTS.);
#5545 = CARTESIAN_POINT('',(3.748160695099E-02,-3.005,1.977765448916));
#5546 = CARTESIAN_POINT('',(3.748160695099E-02,-3.005,2.042854294478));
#5547 = ORIENTED_EDGE('',*,*,#5508,.T.);
#5548 = B_SPLINE_SURFACE_WITH_KNOTS('',1,1,(
    (#5549,#5550)
    ,(#5551,#5552
    )),.UNSPECIFIED.,.F.,.F.,.F.,(2,2),(2,2),(-6.508884556213E-02,0.),(
    0.,1.E-02),.PIECEWISE_BEZIER_KNOTS.);
#5549 = CARTESIAN_POINT('',(3.748160695099E-02,-3.005,1.977765448916));
#5550 = CARTESIAN_POINT('',(3.748160695099E-02,-2.995,1.977765448916));
#5551 = CARTESIAN_POINT('',(3.748160695099E-02,-3.005,2.042854294478));
#5552 = CARTESIAN_POINT('',(3.748160695099E-02,-2.995,2.042854294478));
#5553 = ADVANCED_FACE('',(#5554),#5576,.F.);
#5554 = FACE_BOUND('',#5555,.T.);
#5555 = EDGE_LOOP('',(#5556,#5563,#5570,#5575));
#5556 = ORIENTED_EDGE('',*,*,#5557,.T.);
#5557 = EDGE_CURVE('',#5530,#5558,#5560,.T.);
#5558 = VERTEX_POINT('',#5559);
#5559 = CARTESIAN_POINT('',(0.115983329633,-2.995,2.042854294478));
#5560 = B_SPLINE_CURVE_WITH_KNOTS('',1,(#5561,#5562),.UNSPECIFIED.,.F.,
  .F.,(2,2),(-7.850172268188E-02,0.),.PIECEWISE_BEZIER_KNOTS.);
#5561 = CARTESIAN_POINT('',(3.748160695099E-02,-2.995,2.042854294478));
#5562 = CARTESIAN_POINT('',(0.115983329633,-2.995,2.042854294478));
#5563 = ORIENTED_EDGE('',*,*,#5564,.F.);
#5564 = EDGE_CURVE('',#5565,#5558,#5567,.T.);
#5565 = VERTEX_POINT('',#5566);
#5566 = CARTESIAN_POINT('',(0.115983329633,-3.005,2.042854294478));
#5567 = B_SPLINE_CURVE_WITH_KNOTS('',1,(#5568,#5569),.UNSPECIFIED.,.F.,
  .F.,(2,2),(0.,1.E-02),.PIECEWISE_BEZIER_KNOTS.);
#5568 = CARTESIAN_POINT('',(0.115983329633,-3.005,2.042854294478));
#5569 = CARTESIAN_POINT('',(0.115983329633,-2.995,2.042854294478));
#5570 = ORIENTED_EDGE('',*,*,#5571,.F.);
#5571 = EDGE_CURVE('',#5537,#5565,#5572,.T.);
#5572 = B_SPLINE_CURVE_WITH_KNOTS('',1,(#5573,#5574),.UNSPECIFIED.,.F.,
  .F.,(2,2),(-7.850172268188E-02,0.),.PIECEWISE_BEZIER_KNOTS.);
#5573 = CARTESIAN_POINT('',(3.748160695099E-02,-3.005,2.042854294478));
#5574 = CARTESIAN_POINT('',(0.115983329633,-3.005,2.042854294478));
#5575 = ORIENTED_EDGE('',*,*,#5536,.T.);
#5576 = B_SPLINE_SURFACE_WITH_KNOTS('',1,1,(
    (#5577,#5578)
    ,(#5579,#5580
    )),.UNSPECIFIED.,.F.,.F.,.F.,(2,2),(2,2),(-7.850172268188E-02,0.),(
    0.,1.E-02),.PIECEWISE_BEZIER_KNOTS.);
#5577 = CARTESIAN_POINT('',(3.748160695099E-02,-3.005,2.042854294478));
#5578 = CARTESIAN_POINT('',(3.748160695099E-02,-2.995,2.042854294478));
#5579 = CARTESIAN_POINT('',(0.115983329633,-3.005,2.042854294478));
#5580 = CARTESIAN_POINT('',(0.115983329633,-2.995,2.042854294478));
#5581 = ADVANCED_FACE('',(#5582),#5604,.F.);
#5582 = FACE_BOUND('',#5583,.T.);
#5583 = EDGE_LOOP('',(#5584,#5591,#5598,#5603));
#5584 = ORIENTED_EDGE('',*,*,#5585,.T.);
#5585 = EDGE_CURVE('',#5558,#5586,#5588,.T.);
#5586 = VERTEX_POINT('',#5587);
#5587 = CARTESIAN_POINT('',(0.115983329633,-2.995,2.066248847595));
#5588 = B_SPLINE_CURVE_WITH_KNOTS('',1,(#5589,#5590),.UNSPECIFIED.,.F.,
  .F.,(2,2),(-2.339455311681E-02,0.),.PIECEWISE_BEZIER_KNOTS.);
#5589 = CARTESIAN_POINT('',(0.115983329633,-2.995,2.042854294478));
#5590 = CARTESIAN_POINT('',(0.115983329633,-2.995,2.066248847595));
#5591 = ORIENTED_EDGE('',*,*,#5592,.F.);
#5592 = EDGE_CURVE('',#5593,#5586,#5595,.T.);
#5593 = VERTEX_POINT('',#5594);
#5594 = CARTESIAN_POINT('',(0.115983329633,-3.005,2.066248847595));
#5595 = B_SPLINE_CURVE_WITH_KNOTS('',1,(#5596,#5597),.UNSPECIFIED.,.F.,
  .F.,(2,2),(0.,1.E-02),.PIECEWISE_BEZIER_KNOTS.);
#5596 = CARTESIAN_POINT('',(0.115983329633,-3.005,2.066248847595));
#5597 = CARTESIAN_POINT('',(0.115983329633,-2.995,2.066248847595));
#5598 = ORIENTED_EDGE('',*,*,#5599,.F.);
#5599 = EDGE_CURVE('',#5565,#5593,#5600,.T.);
#5600 = B_SPLINE_CURVE_WITH_KNOTS('',1,(#5601,#5602),.UNSPECIFIED.,.F.,
  .F.,(2,2),(-2.339455311681E-02,0.),.PIECEWISE_BEZIER_KNOTS.);
#5601 = CARTESIAN_POINT('',(0.115983329633,-3.005,2.042854294478));
#5602 = CARTESIAN_POINT('',(0.115983329633,-3.005,2.066248847595));
#5603 = ORIENTED_EDGE('',*,*,#5564,.T.);
#5604 = B_SPLINE_SURFACE_WITH_KNOTS('',1,1,(
    (#5605,#5606)
    ,(#5607,#5608
    )),.UNSPECIFIED.,.F.,.F.,.F.,(2,2),(2,2),(-2.339455311681E-02,0.),(
    0.,1.E-02),.PIECEWISE_BEZIER_KNOTS.);
#5605 = CARTESIAN_POINT('',(0.115983329633,-3.005,2.042854294478));
#5606 = CARTESIAN_POINT('',(0.115983329633,-2.995,2.042854294478));
#5607 = CARTESIAN_POINT('',(0.115983329633,-3.005,2.066248847595));
#5608 = CARTESIAN_POINT('',(0.115983329633,-2.995,2.066248847595));
#5609 = ADVANCED_FACE('',(#5610),#5632,.F.);
#5610 = FACE_BOUND('',#5611,.T.);
#5611 = EDGE_LOOP('',(#5612,#5619,#5626,#5631));
#5612 = ORIENTED_EDGE('',*,*,#5613,.T.);
#5613 = EDGE_CURVE('',#5586,#5614,#5616,.T.);
#5614 = VERTEX_POINT('',#5615);
#5615 = CARTESIAN_POINT('',(1.122771956409E-02,-2.995,2.066248847595));
#5616 = B_SPLINE_CURVE_WITH_KNOTS('',1,(#5617,#5618),.UNSPECIFIED.,.F.,
  .F.,(2,2),(-0.104755610069,-0.),.PIECEWISE_BEZIER_KNOTS.);
#5617 = CARTESIAN_POINT('',(0.115983329633,-2.995,2.066248847595));
#5618 = CARTESIAN_POINT('',(1.122771956409E-02,-2.995,2.066248847595));
#5619 = ORIENTED_EDGE('',*,*,#5620,.F.);
#5620 = EDGE_CURVE('',#5621,#5614,#5623,.T.);
#5621 = VERTEX_POINT('',#5622);
#5622 = CARTESIAN_POINT('',(1.122771956409E-02,-3.005,2.066248847595));
#5623 = B_SPLINE_CURVE_WITH_KNOTS('',1,(#5624,#5625),.UNSPECIFIED.,.F.,
  .F.,(2,2),(0.,1.E-02),.PIECEWISE_BEZIER_KNOTS.);
#5624 = CARTESIAN_POINT('',(1.122771956409E-02,-3.005,2.066248847595));
#5625 = CARTESIAN_POINT('',(1.122771956409E-02,-2.995,2.066248847595));
#5626 = ORIENTED_EDGE('',*,*,#5627,.F.);
#5627 = EDGE_CURVE('',#5593,#5621,#5628,.T.);
#5628 = B_SPLINE_CURVE_WITH_KNOTS('',1,(#5629,#5630),.UNSPECIFIED.,.F.,
  .F.,(2,2),(-0.104755610069,-0.),.PIECEWISE_BEZIER_KNOTS.);
#5629 = CARTESIAN_POINT('',(0.115983329633,-3.005,2.066248847595));
#5630 = CARTESIAN_POINT('',(1.122771956409E-02,-3.005,2.066248847595));
#5631 = ORIENTED_EDGE('',*,*,#5592,.T.);
#5632 = B_SPLINE_SURFACE_WITH_KNOTS('',1,1,(
    (#5633,#5634)
    ,(#5635,#5636
    )),.UNSPECIFIED.,.F.,.F.,.F.,(2,2),(2,2),(-0.104755610069,0.),(0.,
    1.E-02),.PIECEWISE_BEZIER_KNOTS.);
#5633 = CARTESIAN_POINT('',(0.115983329633,-3.005,2.066248847595));
#5634 = CARTESIAN_POINT('',(0.115983329633,-2.995,2.066248847595));
#5635 = CARTESIAN_POINT('',(1.122771956409E-02,-3.005,2.066248847595));
#5636 = CARTESIAN_POINT('',(1.122771956409E-02,-2.995,2.066248847595));
#5637 = ADVANCED_FACE('',(#5638),#5660,.F.);
#5638 = FACE_BOUND('',#5639,.T.);
#5639 = EDGE_LOOP('',(#5640,#5647,#5654,#5659));
#5640 = ORIENTED_EDGE('',*,*,#5641,.T.);
#5641 = EDGE_CURVE('',#5614,#5642,#5644,.T.);
#5642 = VERTEX_POINT('',#5643);
#5643 = CARTESIAN_POINT('',(1.122771956409E-02,-2.995,1.862872199164));
#5644 = B_SPLINE_CURVE_WITH_KNOTS('',1,(#5645,#5646),.UNSPECIFIED.,.F.,
  .F.,(2,2),(-0.203376648431,-0.),.PIECEWISE_BEZIER_KNOTS.);
#5645 = CARTESIAN_POINT('',(1.122771956409E-02,-2.995,2.066248847595));
#5646 = CARTESIAN_POINT('',(1.122771956409E-02,-2.995,1.862872199164));
#5647 = ORIENTED_EDGE('',*,*,#5648,.F.);
#5648 = EDGE_CURVE('',#5649,#5642,#5651,.T.);
#5649 = VERTEX_POINT('',#5650);
#5650 = CARTESIAN_POINT('',(1.122771956409E-02,-3.005,1.862872199164));
#5651 = B_SPLINE_CURVE_WITH_KNOTS('',1,(#5652,#5653),.UNSPECIFIED.,.F.,
  .F.,(2,2),(0.,1.E-02),.PIECEWISE_BEZIER_KNOTS.);
#5652 = CARTESIAN_POINT('',(1.122771956409E-02,-3.005,1.862872199164));
#5653 = CARTESIAN_POINT('',(1.122771956409E-02,-2.995,1.862872199164));
#5654 = ORIENTED_EDGE('',*,*,#5655,.F.);
#5655 = EDGE_CURVE('',#5621,#5649,#5656,.T.);
#5656 = B_SPLINE_CURVE_WITH_KNOTS('',1,(#5657,#5658),.UNSPECIFIED.,.F.,
  .F.,(2,2),(-0.203376648431,-0.),.PIECEWISE_BEZIER_KNOTS.);
#5657 = CARTESIAN_POINT('',(1.122771956409E-02,-3.005,2.066248847595));
#5658 = CARTESIAN_POINT('',(1.122771956409E-02,-3.005,1.862872199164));
#5659 = ORIENTED_EDGE('',*,*,#5620,.T.);
#5660 = B_SPLINE_SURFACE_WITH_KNOTS('',1,1,(
    (#5661,#5662)
    ,(#5663,#5664
    )),.UNSPECIFIED.,.F.,.F.,.F.,(2,2),(2,2),(-0.203376648431,0.),(0.,
    1.E-02),.PIECEWISE_BEZIER_KNOTS.);
#5661 = CARTESIAN_POINT('',(1.122771956409E-02,-3.005,2.066248847595));
#5662 = CARTESIAN_POINT('',(1.122771956409E-02,-2.995,2.066248847595));
#5663 = CARTESIAN_POINT('',(1.122771956409E-02,-3.005,1.862872199164));
#5664 = CARTESIAN_POINT('',(1.122771956409E-02,-2.995,1.862872199164));
#5665 = ADVANCED_FACE('',(#5666),#5680,.F.);
#5666 = FACE_BOUND('',#5667,.T.);
#5667 = EDGE_LOOP('',(#5668,#5673,#5674,#5679));
#5668 = ORIENTED_EDGE('',*,*,#5669,.T.);
#5669 = EDGE_CURVE('',#5642,#5354,#5670,.T.);
#5670 = B_SPLINE_CURVE_WITH_KNOTS('',1,(#5671,#5672),.UNSPECIFIED.,.F.,
  .F.,(2,2),(-0.109382532797,0.),.PIECEWISE_BEZIER_KNOTS.);
#5671 = CARTESIAN_POINT('',(1.122771956409E-02,-2.995,1.862872199164));
#5672 = CARTESIAN_POINT('',(0.120610252361,-2.995,1.862872199164));
#5673 = ORIENTED_EDGE('',*,*,#5376,.F.);
#5674 = ORIENTED_EDGE('',*,*,#5675,.F.);
#5675 = EDGE_CURVE('',#5649,#5370,#5676,.T.);
#5676 = B_SPLINE_CURVE_WITH_KNOTS('',1,(#5677,#5678),.UNSPECIFIED.,.F.,
  .F.,(2,2),(-0.109382532797,0.),.PIECEWISE_BEZIER_KNOTS.);
#5677 = CARTESIAN_POINT('',(1.122771956409E-02,-3.005,1.862872199164));
#5678 = CARTESIAN_POINT('',(0.120610252361,-3.005,1.862872199164));
#5679 = ORIENTED_EDGE('',*,*,#5648,.T.);
#5680 = B_SPLINE_SURFACE_WITH_KNOTS('',1,1,(
    (#5681,#5682)
    ,(#5683,#5684
    )),.UNSPECIFIED.,.F.,.F.,.F.,(2,2),(2,2),(-0.109382532797,0.),(0.,
    1.E-02),.PIECEWISE_BEZIER_KNOTS.);
#5681 = CARTESIAN_POINT('',(1.122771956409E-02,-3.005,1.862872199164));
#5682 = CARTESIAN_POINT('',(1.122771956409E-02,-2.995,1.862872199164));
#5683 = CARTESIAN_POINT('',(0.120610252361,-3.005,1.862872199164));
#5684 = CARTESIAN_POINT('',(0.120610252361,-2.995,1.862872199164));
#5685 = ADVANCED_FACE('',(#5686),#5700,.F.);
#5686 = FACE_BOUND('',#5687,.T.);
#5687 = EDGE_LOOP('',(#5688,#5689,#5690,#5691,#5692,#5693,#5694,#5695,
    #5696,#5697,#5698,#5699));
#5688 = ORIENTED_EDGE('',*,*,#5369,.T.);
#5689 = ORIENTED_EDGE('',*,*,#5403,.T.);
#5690 = ORIENTED_EDGE('',*,*,#5431,.T.);
#5691 = ORIENTED_EDGE('',*,*,#5459,.T.);
#5692 = ORIENTED_EDGE('',*,*,#5487,.T.);
#5693 = ORIENTED_EDGE('',*,*,#5515,.T.);
#5694 = ORIENTED_EDGE('',*,*,#5543,.T.);
#5695 = ORIENTED_EDGE('',*,*,#5571,.T.);
#5696 = ORIENTED_EDGE('',*,*,#5599,.T.);
#5697 = ORIENTED_EDGE('',*,*,#5627,.T.);
#5698 = ORIENTED_EDGE('',*,*,#5655,.T.);
#5699 = ORIENTED_EDGE('',*,*,#5675,.T.);
#5700 = B_SPLINE_SURFACE_WITH_KNOTS('',1,1,(
    (#5701,#5702)
    ,(#5703,#5704
    )),.UNSPECIFIED.,.F.,.F.,.F.,(2,2),(2,2),(1.852872099164,
    2.056248747595),(1.122771956409E-02,0.120610252361),
  .PIECEWISE_BEZIER_KNOTS.);
#5701 = CARTESIAN_POINT('',(1.122771956409E-02,-3.005,1.862872199164));
#5702 = CARTESIAN_POINT('',(0.120610252361,-3.005,1.862872199164));
#5703 = CARTESIAN_POINT('',(1.122771956409E-02,-3.005,2.066248847595));
#5704 = CARTESIAN_POINT('',(0.120610252361,-3.005,2.066248847595));
#5705 = ADVANCED_FACE('',(#5706),#5720,.T.);
#5706 = FACE_BOUND('',#5707,.T.);
#5707 = EDGE_LOOP('',(#5708,#5709,#5710,#5711,#5712,#5713,#5714,#5715,
    #5716,#5717,#5718,#5719));
#5708 = ORIENTED_EDGE('',*,*,#5353,.F.);
#5709 = ORIENTED_EDGE('',*,*,#5669,.F.);
#5710 = ORIENTED_EDGE('',*,*,#5641,.F.);
#5711 = ORIENTED_EDGE('',*,*,#5613,.F.);
#5712 = ORIENTED_EDGE('',*,*,#5585,.F.);
#5713 = ORIENTED_EDGE('',*,*,#5557,.F.);
#5714 = ORIENTED_EDGE('',*,*,#5529,.F.);
#5715 = ORIENTED_EDGE('',*,*,#5501,.F.);
#5716 = ORIENTED_EDGE('',*,*,#5473,.F.);
#5717 = ORIENTED_EDGE('',*,*,#5445,.F.);
#5718 = ORIENTED_EDGE('',*,*,#5417,.F.);
#5719 = ORIENTED_EDGE('',*,*,#5389,.F.);
#5720 = B_SPLINE_SURFACE_WITH_KNOTS('',1,1,(
    (#5721,#5722)
    ,(#5723,#5724
    )),.UNSPECIFIED.,.F.,.F.,.F.,(2,2),(2,2),(1.852872099164,
    2.056248747595),(1.122771956409E-02,0.120610252361),
  .PIECEWISE_BEZIER_KNOTS.);
#5721 = CARTESIAN_POINT('',(1.122771956409E-02,-2.995,1.862872199164));
#5722 = CARTESIAN_POINT('',(0.120610252361,-2.995,1.862872199164));
#5723 = CARTESIAN_POINT('',(1.122771956409E-02,-2.995,2.066248847595));
#5724 = CARTESIAN_POINT('',(0.120610252361,-2.995,2.066248847595));
#5725 = MANIFOLD_SOLID_BREP('',#5726);
#5726 = CLOSED_SHELL('',(#5727,#5919,#6111,#6135,#6151,#6171,#6191,#6207
    ,#6227,#6247,#6267,#6287,#6303,#6319,#6335,#6351,#6367,#6391,#6411,
    #6431,#6451,#6471,#6491,#6507));
#5727 = ADVANCED_FACE('',(#5728,#5844),#5914,.T.);
#5728 = FACE_BOUND('',#5729,.T.);
#5729 = EDGE_LOOP('',(#5730,#5741,#5748,#5757,#5766,#5773,#5782,#5791,
    #5800,#5809,#5816,#5823,#5830,#5837));
#5730 = ORIENTED_EDGE('',*,*,#5731,.T.);
#5731 = EDGE_CURVE('',#5732,#5734,#5736,.T.);
#5732 = VERTEX_POINT('',#5733);
#5733 = CARTESIAN_POINT('',(0.209197626831,-3.005,2.011453605405));
#5734 = VERTEX_POINT('',#5735);
#5735 = CARTESIAN_POINT('',(0.159185271056,-3.005,1.997936752493));
#5736 = B_SPLINE_CURVE_WITH_KNOTS('',3,(#5737,#5738,#5739,#5740),
  .UNSPECIFIED.,.F.,.F.,(4,4),(0.,1.),.PIECEWISE_BEZIER_KNOTS.);
#5737 = CARTESIAN_POINT('',(0.209197626831,-3.005,2.011453605405));
#5738 = CARTESIAN_POINT('',(0.190274032754,-3.005,2.011453605405));
#5739 = CARTESIAN_POINT('',(0.173585918197,-3.005,2.006982646365));
#5740 = CARTESIAN_POINT('',(0.159185271056,-3.005,1.997936752493));
#5741 = ORIENTED_EDGE('',*,*,#5742,.T.);
#5742 = EDGE_CURVE('',#5734,#5743,#5745,.T.);
#5743 = VERTEX_POINT('',#5744);
#5744 = CARTESIAN_POINT('',(0.159185271056,-3.005,1.973190514084));
#5745 = B_SPLINE_CURVE_WITH_KNOTS('',1,(#5746,#5747),.UNSPECIFIED.,.F.,
  .F.,(2,2),(-2.474623840926E-02,-0.),.PIECEWISE_BEZIER_KNOTS.);
#5746 = CARTESIAN_POINT('',(0.159185271056,-3.005,1.997936752493));
#5747 = CARTESIAN_POINT('',(0.159185271056,-3.005,1.973190514084));
#5748 = ORIENTED_EDGE('',*,*,#5749,.T.);
#5749 = EDGE_CURVE('',#5743,#5750,#5752,.T.);
#5750 = VERTEX_POINT('',#5751);
#5751 = CARTESIAN_POINT('',(0.206806183624,-3.005,1.99076242287));
#5752 = B_SPLINE_CURVE_WITH_KNOTS('',3,(#5753,#5754,#5755,#5756),
  .UNSPECIFIED.,.F.,.F.,(4,4),(12.,13.),.PIECEWISE_BEZIER_KNOTS.);
#5753 = CARTESIAN_POINT('',(0.159185271056,-3.005,1.973190514084));
#5754 = CARTESIAN_POINT('',(0.173533930301,-3.005,1.984835802747));
#5755 = CARTESIAN_POINT('',(0.189390238525,-3.005,1.99076242287));
#5756 = CARTESIAN_POINT('',(0.206806183624,-3.005,1.99076242287));
#5757 = ORIENTED_EDGE('',*,*,#5758,.T.);
#5758 = EDGE_CURVE('',#5750,#5759,#5761,.T.);
#5759 = VERTEX_POINT('',#5760);
#5760 = CARTESIAN_POINT('',(0.236231332655,-3.005,1.955202702133));
#5761 = B_SPLINE_CURVE_WITH_KNOTS('',3,(#5762,#5763,#5764,#5765),
  .UNSPECIFIED.,.F.,.F.,(4,4),(11.,12.),.PIECEWISE_BEZIER_KNOTS.);
#5762 = CARTESIAN_POINT('',(0.206806183624,-3.005,1.99076242287));
#5763 = CARTESIAN_POINT('',(0.226405620346,-3.005,1.99076242287));
#5764 = CARTESIAN_POINT('',(0.236231332655,-3.005,1.978909182624));
#5765 = CARTESIAN_POINT('',(0.236231332655,-3.005,1.955202702133));
#5766 = ORIENTED_EDGE('',*,*,#5767,.T.);
#5767 = EDGE_CURVE('',#5759,#5768,#5770,.T.);
#5768 = VERTEX_POINT('',#5769);
#5769 = CARTESIAN_POINT('',(0.193185354919,-3.005,1.949172106218));
#5770 = B_SPLINE_CURVE_WITH_KNOTS('',1,(#5771,#5772),.UNSPECIFIED.,.F.,
  .F.,(2,2),(-4.346635809804E-02,-0.),.PIECEWISE_BEZIER_KNOTS.);
#5771 = CARTESIAN_POINT('',(0.236231332655,-3.005,1.955202702133));
#5772 = CARTESIAN_POINT('',(0.193185354919,-3.005,1.949172106218));
#5773 = ORIENTED_EDGE('',*,*,#5774,.T.);
#5774 = EDGE_CURVE('',#5768,#5775,#5777,.T.);
#5775 = VERTEX_POINT('',#5776);
#5776 = CARTESIAN_POINT('',(0.144992575498,-3.005,1.901759145234));
#5777 = B_SPLINE_CURVE_WITH_KNOTS('',3,(#5778,#5779,#5780,#5781),
  .UNSPECIFIED.,.F.,.F.,(4,4),(9.,10.),.PIECEWISE_BEZIER_KNOTS.);
#5778 = CARTESIAN_POINT('',(0.193185354919,-3.005,1.949172106218));
#5779 = CARTESIAN_POINT('',(0.161056835306,-3.005,1.944701147177));
#5780 = CARTESIAN_POINT('',(0.144992575498,-3.005,1.928896826849));
#5781 = CARTESIAN_POINT('',(0.144992575498,-3.005,1.901759145234));
#5782 = ORIENTED_EDGE('',*,*,#5783,.T.);
#5783 = EDGE_CURVE('',#5775,#5784,#5786,.T.);
#5784 = VERTEX_POINT('',#5785);
#5785 = CARTESIAN_POINT('',(0.157469670494,-3.005,1.870878335119));
#5786 = B_SPLINE_CURVE_WITH_KNOTS('',3,(#5787,#5788,#5789,#5790),
  .UNSPECIFIED.,.F.,.F.,(4,4),(8.,9.),.PIECEWISE_BEZIER_KNOTS.);
#5787 = CARTESIAN_POINT('',(0.144992575498,-3.005,1.901759145234));
#5788 = CARTESIAN_POINT('',(0.144992575498,-3.005,1.88876217128));
#5789 = CARTESIAN_POINT('',(0.149151607164,-3.005,1.878468567907));
#5790 = CARTESIAN_POINT('',(0.157469670494,-3.005,1.870878335119));
#5791 = ORIENTED_EDGE('',*,*,#5792,.T.);
#5792 = EDGE_CURVE('',#5784,#5793,#5795,.T.);
#5793 = VERTEX_POINT('',#5794);
#5794 = CARTESIAN_POINT('',(0.191053851191,-3.005,1.85944099804));
#5795 = B_SPLINE_CURVE_WITH_KNOTS('',3,(#5796,#5797,#5798,#5799),
  .UNSPECIFIED.,.F.,.F.,(4,4),(7.,8.),.PIECEWISE_BEZIER_KNOTS.);
#5796 = CARTESIAN_POINT('',(0.157469670494,-3.005,1.870878335119));
#5797 = CARTESIAN_POINT('',(0.165787733825,-3.005,1.86328810233));
#5798 = CARTESIAN_POINT('',(0.176965131425,-3.005,1.85944099804));
#5799 = CARTESIAN_POINT('',(0.191053851191,-3.005,1.85944099804));
#5800 = ORIENTED_EDGE('',*,*,#5801,.T.);
#5801 = EDGE_CURVE('',#5793,#5802,#5804,.T.);
#5802 = VERTEX_POINT('',#5803);
#5803 = CARTESIAN_POINT('',(0.23555549001,-3.005,1.885330970155));
#5804 = B_SPLINE_CURVE_WITH_KNOTS('',3,(#5805,#5806,#5807,#5808),
  .UNSPECIFIED.,.F.,.F.,(4,4),(6.,7.),.PIECEWISE_BEZIER_KNOTS.);
#5805 = CARTESIAN_POINT('',(0.191053851191,-3.005,1.85944099804));
#5806 = CARTESIAN_POINT('',(0.210653287914,-3.005,1.85944099804));
#5807 = CARTESIAN_POINT('',(0.225521826117,-3.005,1.868070988745));
#5808 = CARTESIAN_POINT('',(0.23555549001,-3.005,1.885330970155));
#5809 = ORIENTED_EDGE('',*,*,#5810,.T.);
#5810 = EDGE_CURVE('',#5802,#5811,#5813,.T.);
#5811 = VERTEX_POINT('',#5812);
#5812 = CARTESIAN_POINT('',(0.236231332655,-3.005,1.885330970155));
#5813 = B_SPLINE_CURVE_WITH_KNOTS('',1,(#5814,#5815),.UNSPECIFIED.,.F.,
  .F.,(2,2),(-6.758426455274E-04,0.),.PIECEWISE_BEZIER_KNOTS.);
#5814 = CARTESIAN_POINT('',(0.23555549001,-3.005,1.885330970155));
#5815 = CARTESIAN_POINT('',(0.236231332655,-3.005,1.885330970155));
#5816 = ORIENTED_EDGE('',*,*,#5817,.T.);
#5817 = EDGE_CURVE('',#5811,#5818,#5820,.T.);
#5818 = VERTEX_POINT('',#5819);
#5819 = CARTESIAN_POINT('',(0.236231332655,-3.005,1.862872199164));
#5820 = B_SPLINE_CURVE_WITH_KNOTS('',1,(#5821,#5822),.UNSPECIFIED.,.F.,
  .F.,(2,2),(-2.24587709918E-02,-0.),.PIECEWISE_BEZIER_KNOTS.);
#5821 = CARTESIAN_POINT('',(0.236231332655,-3.005,1.885330970155));
#5822 = CARTESIAN_POINT('',(0.236231332655,-3.005,1.862872199164));
#5823 = ORIENTED_EDGE('',*,*,#5824,.T.);
#5824 = EDGE_CURVE('',#5818,#5825,#5827,.T.);
#5825 = VERTEX_POINT('',#5826);
#5826 = CARTESIAN_POINT('',(0.261705401605,-3.005,1.862872199164));
#5827 = B_SPLINE_CURVE_WITH_KNOTS('',1,(#5828,#5829),.UNSPECIFIED.,.F.,
  .F.,(2,2),(-2.547406894985E-02,0.),.PIECEWISE_BEZIER_KNOTS.);
#5828 = CARTESIAN_POINT('',(0.236231332655,-3.005,1.862872199164));
#5829 = CARTESIAN_POINT('',(0.261705401605,-3.005,1.862872199164));
#5830 = ORIENTED_EDGE('',*,*,#5831,.T.);
#5831 = EDGE_CURVE('',#5825,#5832,#5834,.T.);
#5832 = VERTEX_POINT('',#5833);
#5833 = CARTESIAN_POINT('',(0.261705401605,-3.005,1.956346435839));
#5834 = B_SPLINE_CURVE_WITH_KNOTS('',1,(#5835,#5836),.UNSPECIFIED.,.F.,
  .F.,(2,2),(-9.347423667573E-02,0.),.PIECEWISE_BEZIER_KNOTS.);
#5835 = CARTESIAN_POINT('',(0.261705401605,-3.005,1.862872199164));
#5836 = CARTESIAN_POINT('',(0.261705401605,-3.005,1.956346435839));
#5837 = ORIENTED_EDGE('',*,*,#5838,.T.);
#5838 = EDGE_CURVE('',#5832,#5732,#5839,.T.);
#5839 = B_SPLINE_CURVE_WITH_KNOTS('',3,(#5840,#5841,#5842,#5843),
  .UNSPECIFIED.,.F.,.F.,(4,4),(1.,2.),.PIECEWISE_BEZIER_KNOTS.);
#5840 = CARTESIAN_POINT('',(0.261705401605,-3.005,1.956346435839));
#5841 = CARTESIAN_POINT('',(0.261705401605,-3.005,1.993153866078));
#5842 = CARTESIAN_POINT('',(0.244185480715,-3.005,2.011453605405));
#5843 = CARTESIAN_POINT('',(0.209197626831,-3.005,2.011453605405));
#5844 = FACE_BOUND('',#5845,.T.);
#5845 = EDGE_LOOP('',(#5846,#5857,#5866,#5873,#5880,#5889,#5898,#5907));
#5846 = ORIENTED_EDGE('',*,*,#5847,.F.);
#5847 = EDGE_CURVE('',#5848,#5850,#5852,.T.);
#5848 = VERTEX_POINT('',#5849);
#5849 = CARTESIAN_POINT('',(0.177588986175,-3.005,1.922242376184));
#5850 = VERTEX_POINT('',#5851);
#5851 = CARTESIAN_POINT('',(0.170830559719,-3.005,1.903838661066));
#5852 = B_SPLINE_CURVE_WITH_KNOTS('',3,(#5853,#5854,#5855,#5856),
  .UNSPECIFIED.,.F.,.F.,(4,4),(1.,2.),.PIECEWISE_BEZIER_KNOTS.);
#5853 = CARTESIAN_POINT('',(0.177588986175,-3.005,1.922242376184));
#5854 = CARTESIAN_POINT('',(0.173118027135,-3.005,1.917875392937));
#5855 = CARTESIAN_POINT('',(0.170830559719,-3.005,1.91174082123));
#5856 = CARTESIAN_POINT('',(0.170830559719,-3.005,1.903838661066));
#5857 = ORIENTED_EDGE('',*,*,#5858,.F.);
#5858 = EDGE_CURVE('',#5859,#5848,#5861,.T.);
#5859 = VERTEX_POINT('',#5860);
#5860 = CARTESIAN_POINT('',(0.202231248791,-3.005,1.931184294265));
#5861 = B_SPLINE_CURVE_WITH_KNOTS('',3,(#5862,#5863,#5864,#5865),
  .UNSPECIFIED.,.F.,.F.,(4,4),(0.,1.),.PIECEWISE_BEZIER_KNOTS.);
#5862 = CARTESIAN_POINT('',(0.202231248791,-3.005,1.931184294265));
#5863 = CARTESIAN_POINT('',(0.19032602065,-3.005,1.929520681599));
#5864 = CARTESIAN_POINT('',(0.182111933111,-3.005,1.926609359433));
#5865 = CARTESIAN_POINT('',(0.177588986175,-3.005,1.922242376184));
#5866 = ORIENTED_EDGE('',*,*,#5867,.F.);
#5867 = EDGE_CURVE('',#5868,#5859,#5870,.T.);
#5868 = VERTEX_POINT('',#5869);
#5869 = CARTESIAN_POINT('',(0.236231332655,-3.005,1.935759229098));
#5870 = B_SPLINE_CURVE_WITH_KNOTS('',1,(#5871,#5872),.UNSPECIFIED.,.F.,
  .F.,(2,2),(0.,3.430649692773E-02),.PIECEWISE_BEZIER_KNOTS.);
#5871 = CARTESIAN_POINT('',(0.236231332655,-3.005,1.935759229098));
#5872 = CARTESIAN_POINT('',(0.202231248791,-3.005,1.931184294265));
#5873 = ORIENTED_EDGE('',*,*,#5874,.F.);
#5874 = EDGE_CURVE('',#5875,#5868,#5877,.T.);
#5875 = VERTEX_POINT('',#5876);
#5876 = CARTESIAN_POINT('',(0.236231332655,-3.005,1.921826473018));
#5877 = B_SPLINE_CURVE_WITH_KNOTS('',1,(#5878,#5879),.UNSPECIFIED.,.F.,
  .F.,(2,2),(0.,1.39327560794E-02),.PIECEWISE_BEZIER_KNOTS.);
#5878 = CARTESIAN_POINT('',(0.236231332655,-3.005,1.921826473018));
#5879 = CARTESIAN_POINT('',(0.236231332655,-3.005,1.935759229098));
#5880 = ORIENTED_EDGE('',*,*,#5881,.F.);
#5881 = EDGE_CURVE('',#5882,#5875,#5884,.T.);
#5882 = VERTEX_POINT('',#5883);
#5883 = CARTESIAN_POINT('',(0.225313874534,-3.005,1.892193372404));
#5884 = B_SPLINE_CURVE_WITH_KNOTS('',3,(#5885,#5886,#5887,#5888),
  .UNSPECIFIED.,.F.,.F.,(4,4),(5.,6.),.PIECEWISE_BEZIER_KNOTS.);
#5885 = CARTESIAN_POINT('',(0.225313874534,-3.005,1.892193372404));
#5886 = CARTESIAN_POINT('',(0.232592179948,-3.005,1.899991556775));
#5887 = CARTESIAN_POINT('',(0.236231332655,-3.005,1.90986925698));
#5888 = CARTESIAN_POINT('',(0.236231332655,-3.005,1.921826473018));
#5889 = ORIENTED_EDGE('',*,*,#5890,.F.);
#5890 = EDGE_CURVE('',#5891,#5882,#5893,.T.);
#5891 = VERTEX_POINT('',#5892);
#5892 = CARTESIAN_POINT('',(0.19765631396,-3.005,1.880340132157));
#5893 = B_SPLINE_CURVE_WITH_KNOTS('',3,(#5894,#5895,#5896,#5897),
  .UNSPECIFIED.,.F.,.F.,(4,4),(4.,5.),.PIECEWISE_BEZIER_KNOTS.);
#5894 = CARTESIAN_POINT('',(0.19765631396,-3.005,1.880340132157));
#5895 = CARTESIAN_POINT('',(0.20883371156,-3.005,1.880340132157));
#5896 = CARTESIAN_POINT('',(0.218087557015,-3.005,1.884291212239));
#5897 = CARTESIAN_POINT('',(0.225313874534,-3.005,1.892193372404));
#5898 = ORIENTED_EDGE('',*,*,#5899,.F.);
#5899 = EDGE_CURVE('',#5900,#5891,#5902,.T.);
#5900 = VERTEX_POINT('',#5901);
#5901 = CARTESIAN_POINT('',(0.178212840925,-3.005,1.88689060703));
#5902 = B_SPLINE_CURVE_WITH_KNOTS('',3,(#5903,#5904,#5905,#5906),
  .UNSPECIFIED.,.F.,.F.,(4,4),(3.,4.),.PIECEWISE_BEZIER_KNOTS.);
#5903 = CARTESIAN_POINT('',(0.178212840925,-3.005,1.88689060703));
#5904 = CARTESIAN_POINT('',(0.183099703132,-3.005,1.882523623782));
#5905 = CARTESIAN_POINT('',(0.189598190108,-3.005,1.880340132157));
#5906 = CARTESIAN_POINT('',(0.19765631396,-3.005,1.880340132157));
#5907 = ORIENTED_EDGE('',*,*,#5908,.F.);
#5908 = EDGE_CURVE('',#5850,#5900,#5909,.T.);
#5909 = B_SPLINE_CURVE_WITH_KNOTS('',3,(#5910,#5911,#5912,#5913),
  .UNSPECIFIED.,.F.,.F.,(4,4),(2.,3.),.PIECEWISE_BEZIER_KNOTS.);
#5910 = CARTESIAN_POINT('',(0.170830559719,-3.005,1.903838661066));
#5911 = CARTESIAN_POINT('',(0.170830559719,-3.005,1.896872283027));
#5912 = CARTESIAN_POINT('',(0.173273990822,-3.005,1.891257590279));
#5913 = CARTESIAN_POINT('',(0.178212840925,-3.005,1.88689060703));
#5914 = B_SPLINE_SURFACE_WITH_KNOTS('',1,1,(
    (#5915,#5916)
    ,(#5917,#5918
    )),.UNSPECIFIED.,.F.,.F.,.F.,(2,2),(2,2),(-3.366216254227E-03,
    0.148646391111),(-3.750276834431E-02,7.921005776235E-02),
  .PIECEWISE_BEZIER_KNOTS.);
#5915 = CARTESIAN_POINT('',(0.144992575498,-3.005,2.011453605405));
#5916 = CARTESIAN_POINT('',(0.261705401605,-3.005,2.011453605405));
#5917 = CARTESIAN_POINT('',(0.144992575498,-3.005,1.85944099804));
#5918 = CARTESIAN_POINT('',(0.261705401605,-3.005,1.85944099804));
#5919 = ADVANCED_FACE('',(#5920,#6036),#6106,.F.);
#5920 = FACE_BOUND('',#5921,.T.);
#5921 = EDGE_LOOP('',(#5922,#5933,#5942,#5949,#5956,#5963,#5970,#5979,
    #5988,#5997,#6006,#6013,#6022,#6031));
#5922 = ORIENTED_EDGE('',*,*,#5923,.F.);
#5923 = EDGE_CURVE('',#5924,#5926,#5928,.T.);
#5924 = VERTEX_POINT('',#5925);
#5925 = CARTESIAN_POINT('',(0.209197626831,-2.995,2.011453605405));
#5926 = VERTEX_POINT('',#5927);
#5927 = CARTESIAN_POINT('',(0.159185271056,-2.995,1.997936752493));
#5928 = B_SPLINE_CURVE_WITH_KNOTS('',3,(#5929,#5930,#5931,#5932),
  .UNSPECIFIED.,.F.,.F.,(4,4),(0.,1.),.PIECEWISE_BEZIER_KNOTS.);
#5929 = CARTESIAN_POINT('',(0.209197626831,-2.995,2.011453605405));
#5930 = CARTESIAN_POINT('',(0.190274032754,-2.995,2.011453605405));
#5931 = CARTESIAN_POINT('',(0.173585918197,-2.995,2.006982646365));
#5932 = CARTESIAN_POINT('',(0.159185271056,-2.995,1.997936752493));
#5933 = ORIENTED_EDGE('',*,*,#5934,.F.);
#5934 = EDGE_CURVE('',#5935,#5924,#5937,.T.);
#5935 = VERTEX_POINT('',#5936);
#5936 = CARTESIAN_POINT('',(0.261705401605,-2.995,1.956346435839));
#5937 = B_SPLINE_CURVE_WITH_KNOTS('',3,(#5938,#5939,#5940,#5941),
  .UNSPECIFIED.,.F.,.F.,(4,4),(1.,2.),.PIECEWISE_BEZIER_KNOTS.);
#5938 = CARTESIAN_POINT('',(0.261705401605,-2.995,1.956346435839));
#5939 = CARTESIAN_POINT('',(0.261705401605,-2.995,1.993153866078));
#5940 = CARTESIAN_POINT('',(0.244185480715,-2.995,2.011453605405));
#5941 = CARTESIAN_POINT('',(0.209197626831,-2.995,2.011453605405));
#5942 = ORIENTED_EDGE('',*,*,#5943,.F.);
#5943 = EDGE_CURVE('',#5944,#5935,#5946,.T.);
#5944 = VERTEX_POINT('',#5945);
#5945 = CARTESIAN_POINT('',(0.261705401605,-2.995,1.862872199164));
#5946 = B_SPLINE_CURVE_WITH_KNOTS('',1,(#5947,#5948),.UNSPECIFIED.,.F.,
  .F.,(2,2),(-9.347423667573E-02,0.),.PIECEWISE_BEZIER_KNOTS.);
#5947 = CARTESIAN_POINT('',(0.261705401605,-2.995,1.862872199164));
#5948 = CARTESIAN_POINT('',(0.261705401605,-2.995,1.956346435839));
#5949 = ORIENTED_EDGE('',*,*,#5950,.F.);
#5950 = EDGE_CURVE('',#5951,#5944,#5953,.T.);
#5951 = VERTEX_POINT('',#5952);
#5952 = CARTESIAN_POINT('',(0.236231332655,-2.995,1.862872199164));
#5953 = B_SPLINE_CURVE_WITH_KNOTS('',1,(#5954,#5955),.UNSPECIFIED.,.F.,
  .F.,(2,2),(-2.547406894985E-02,0.),.PIECEWISE_BEZIER_KNOTS.);
#5954 = CARTESIAN_POINT('',(0.236231332655,-2.995,1.862872199164));
#5955 = CARTESIAN_POINT('',(0.261705401605,-2.995,1.862872199164));
#5956 = ORIENTED_EDGE('',*,*,#5957,.F.);
#5957 = EDGE_CURVE('',#5958,#5951,#5960,.T.);
#5958 = VERTEX_POINT('',#5959);
#5959 = CARTESIAN_POINT('',(0.236231332655,-2.995,1.885330970155));
#5960 = B_SPLINE_CURVE_WITH_KNOTS('',1,(#5961,#5962),.UNSPECIFIED.,.F.,
  .F.,(2,2),(-2.24587709918E-02,-0.),.PIECEWISE_BEZIER_KNOTS.);
#5961 = CARTESIAN_POINT('',(0.236231332655,-2.995,1.885330970155));
#5962 = CARTESIAN_POINT('',(0.236231332655,-2.995,1.862872199164));
#5963 = ORIENTED_EDGE('',*,*,#5964,.F.);
#5964 = EDGE_CURVE('',#5965,#5958,#5967,.T.);
#5965 = VERTEX_POINT('',#5966);
#5966 = CARTESIAN_POINT('',(0.23555549001,-2.995,1.885330970155));
#5967 = B_SPLINE_CURVE_WITH_KNOTS('',1,(#5968,#5969),.UNSPECIFIED.,.F.,
  .F.,(2,2),(-6.758426455274E-04,0.),.PIECEWISE_BEZIER_KNOTS.);
#5968 = CARTESIAN_POINT('',(0.23555549001,-2.995,1.885330970155));
#5969 = CARTESIAN_POINT('',(0.236231332655,-2.995,1.885330970155));
#5970 = ORIENTED_EDGE('',*,*,#5971,.F.);
#5971 = EDGE_CURVE('',#5972,#5965,#5974,.T.);
#5972 = VERTEX_POINT('',#5973);
#5973 = CARTESIAN_POINT('',(0.191053851191,-2.995,1.85944099804));
#5974 = B_SPLINE_CURVE_WITH_KNOTS('',3,(#5975,#5976,#5977,#5978),
  .UNSPECIFIED.,.F.,.F.,(4,4),(6.,7.),.PIECEWISE_BEZIER_KNOTS.);
#5975 = CARTESIAN_POINT('',(0.191053851191,-2.995,1.85944099804));
#5976 = CARTESIAN_POINT('',(0.210653287914,-2.995,1.85944099804));
#5977 = CARTESIAN_POINT('',(0.225521826117,-2.995,1.868070988745));
#5978 = CARTESIAN_POINT('',(0.23555549001,-2.995,1.885330970155));
#5979 = ORIENTED_EDGE('',*,*,#5980,.F.);
#5980 = EDGE_CURVE('',#5981,#5972,#5983,.T.);
#5981 = VERTEX_POINT('',#5982);
#5982 = CARTESIAN_POINT('',(0.157469670494,-2.995,1.870878335119));
#5983 = B_SPLINE_CURVE_WITH_KNOTS('',3,(#5984,#5985,#5986,#5987),
  .UNSPECIFIED.,.F.,.F.,(4,4),(7.,8.),.PIECEWISE_BEZIER_KNOTS.);
#5984 = CARTESIAN_POINT('',(0.157469670494,-2.995,1.870878335119));
#5985 = CARTESIAN_POINT('',(0.165787733825,-2.995,1.86328810233));
#5986 = CARTESIAN_POINT('',(0.176965131425,-2.995,1.85944099804));
#5987 = CARTESIAN_POINT('',(0.191053851191,-2.995,1.85944099804));
#5988 = ORIENTED_EDGE('',*,*,#5989,.F.);
#5989 = EDGE_CURVE('',#5990,#5981,#5992,.T.);
#5990 = VERTEX_POINT('',#5991);
#5991 = CARTESIAN_POINT('',(0.144992575498,-2.995,1.901759145234));
#5992 = B_SPLINE_CURVE_WITH_KNOTS('',3,(#5993,#5994,#5995,#5996),
  .UNSPECIFIED.,.F.,.F.,(4,4),(8.,9.),.PIECEWISE_BEZIER_KNOTS.);
#5993 = CARTESIAN_POINT('',(0.144992575498,-2.995,1.901759145234));
#5994 = CARTESIAN_POINT('',(0.144992575498,-2.995,1.88876217128));
#5995 = CARTESIAN_POINT('',(0.149151607164,-2.995,1.878468567907));
#5996 = CARTESIAN_POINT('',(0.157469670494,-2.995,1.870878335119));
#5997 = ORIENTED_EDGE('',*,*,#5998,.F.);
#5998 = EDGE_CURVE('',#5999,#5990,#6001,.T.);
#5999 = VERTEX_POINT('',#6000);
#6000 = CARTESIAN_POINT('',(0.193185354919,-2.995,1.949172106218));
#6001 = B_SPLINE_CURVE_WITH_KNOTS('',3,(#6002,#6003,#6004,#6005),
  .UNSPECIFIED.,.F.,.F.,(4,4),(9.,10.),.PIECEWISE_BEZIER_KNOTS.);
#6002 = CARTESIAN_POINT('',(0.193185354919,-2.995,1.949172106218));
#6003 = CARTESIAN_POINT('',(0.161056835306,-2.995,1.944701147177));
#6004 = CARTESIAN_POINT('',(0.144992575498,-2.995,1.928896826849));
#6005 = CARTESIAN_POINT('',(0.144992575498,-2.995,1.901759145234));
#6006 = ORIENTED_EDGE('',*,*,#6007,.F.);
#6007 = EDGE_CURVE('',#6008,#5999,#6010,.T.);
#6008 = VERTEX_POINT('',#6009);
#6009 = CARTESIAN_POINT('',(0.236231332655,-2.995,1.955202702133));
#6010 = B_SPLINE_CURVE_WITH_KNOTS('',1,(#6011,#6012),.UNSPECIFIED.,.F.,
  .F.,(2,2),(-4.346635809804E-02,-0.),.PIECEWISE_BEZIER_KNOTS.);
#6011 = CARTESIAN_POINT('',(0.236231332655,-2.995,1.955202702133));
#6012 = CARTESIAN_POINT('',(0.193185354919,-2.995,1.949172106218));
#6013 = ORIENTED_EDGE('',*,*,#6014,.F.);
#6014 = EDGE_CURVE('',#6015,#6008,#6017,.T.);
#6015 = VERTEX_POINT('',#6016);
#6016 = CARTESIAN_POINT('',(0.206806183624,-2.995,1.99076242287));
#6017 = B_SPLINE_CURVE_WITH_KNOTS('',3,(#6018,#6019,#6020,#6021),
  .UNSPECIFIED.,.F.,.F.,(4,4),(11.,12.),.PIECEWISE_BEZIER_KNOTS.);
#6018 = CARTESIAN_POINT('',(0.206806183624,-2.995,1.99076242287));
#6019 = CARTESIAN_POINT('',(0.226405620346,-2.995,1.99076242287));
#6020 = CARTESIAN_POINT('',(0.236231332655,-2.995,1.978909182624));
#6021 = CARTESIAN_POINT('',(0.236231332655,-2.995,1.955202702133));
#6022 = ORIENTED_EDGE('',*,*,#6023,.F.);
#6023 = EDGE_CURVE('',#6024,#6015,#6026,.T.);
#6024 = VERTEX_POINT('',#6025);
#6025 = CARTESIAN_POINT('',(0.159185271056,-2.995,1.973190514084));
#6026 = B_SPLINE_CURVE_WITH_KNOTS('',3,(#6027,#6028,#6029,#6030),
  .UNSPECIFIED.,.F.,.F.,(4,4),(12.,13.),.PIECEWISE_BEZIER_KNOTS.);
#6027 = CARTESIAN_POINT('',(0.159185271056,-2.995,1.973190514084));
#6028 = CARTESIAN_POINT('',(0.173533930301,-2.995,1.984835802747));
#6029 = CARTESIAN_POINT('',(0.189390238525,-2.995,1.99076242287));
#6030 = CARTESIAN_POINT('',(0.206806183624,-2.995,1.99076242287));
#6031 = ORIENTED_EDGE('',*,*,#6032,.F.);
#6032 = EDGE_CURVE('',#5926,#6024,#6033,.T.);
#6033 = B_SPLINE_CURVE_WITH_KNOTS('',1,(#6034,#6035),.UNSPECIFIED.,.F.,
  .F.,(2,2),(-2.474623840926E-02,-0.),.PIECEWISE_BEZIER_KNOTS.);
#6034 = CARTESIAN_POINT('',(0.159185271056,-2.995,1.997936752493));
#6035 = CARTESIAN_POINT('',(0.159185271056,-2.995,1.973190514084));
#6036 = FACE_BOUND('',#6037,.T.);
#6037 = EDGE_LOOP('',(#6038,#6049,#6058,#6067,#6076,#6085,#6094,#6101));
#6038 = ORIENTED_EDGE('',*,*,#6039,.T.);
#6039 = EDGE_CURVE('',#6040,#6042,#6044,.T.);
#6040 = VERTEX_POINT('',#6041);
#6041 = CARTESIAN_POINT('',(0.202231248791,-2.995,1.931184294265));
#6042 = VERTEX_POINT('',#6043);
#6043 = CARTESIAN_POINT('',(0.177588986175,-2.995,1.922242376184));
#6044 = B_SPLINE_CURVE_WITH_KNOTS('',3,(#6045,#6046,#6047,#6048),
  .UNSPECIFIED.,.F.,.F.,(4,4),(0.,1.),.PIECEWISE_BEZIER_KNOTS.);
#6045 = CARTESIAN_POINT('',(0.202231248791,-2.995,1.931184294265));
#6046 = CARTESIAN_POINT('',(0.19032602065,-2.995,1.929520681599));
#6047 = CARTESIAN_POINT('',(0.182111933111,-2.995,1.926609359433));
#6048 = CARTESIAN_POINT('',(0.177588986175,-2.995,1.922242376184));
#6049 = ORIENTED_EDGE('',*,*,#6050,.T.);
#6050 = EDGE_CURVE('',#6042,#6051,#6053,.T.);
#6051 = VERTEX_POINT('',#6052);
#6052 = CARTESIAN_POINT('',(0.170830559719,-2.995,1.903838661066));
#6053 = B_SPLINE_CURVE_WITH_KNOTS('',3,(#6054,#6055,#6056,#6057),
  .UNSPECIFIED.,.F.,.F.,(4,4),(1.,2.),.PIECEWISE_BEZIER_KNOTS.);
#6054 = CARTESIAN_POINT('',(0.177588986175,-2.995,1.922242376184));
#6055 = CARTESIAN_POINT('',(0.173118027135,-2.995,1.917875392937));
#6056 = CARTESIAN_POINT('',(0.170830559719,-2.995,1.91174082123));
#6057 = CARTESIAN_POINT('',(0.170830559719,-2.995,1.903838661066));
#6058 = ORIENTED_EDGE('',*,*,#6059,.T.);
#6059 = EDGE_CURVE('',#6051,#6060,#6062,.T.);
#6060 = VERTEX_POINT('',#6061);
#6061 = CARTESIAN_POINT('',(0.178212840925,-2.995,1.88689060703));
#6062 = B_SPLINE_CURVE_WITH_KNOTS('',3,(#6063,#6064,#6065,#6066),
  .UNSPECIFIED.,.F.,.F.,(4,4),(2.,3.),.PIECEWISE_BEZIER_KNOTS.);
#6063 = CARTESIAN_POINT('',(0.170830559719,-2.995,1.903838661066));
#6064 = CARTESIAN_POINT('',(0.170830559719,-2.995,1.896872283027));
#6065 = CARTESIAN_POINT('',(0.173273990822,-2.995,1.891257590279));
#6066 = CARTESIAN_POINT('',(0.178212840925,-2.995,1.88689060703));
#6067 = ORIENTED_EDGE('',*,*,#6068,.T.);
#6068 = EDGE_CURVE('',#6060,#6069,#6071,.T.);
#6069 = VERTEX_POINT('',#6070);
#6070 = CARTESIAN_POINT('',(0.19765631396,-2.995,1.880340132157));
#6071 = B_SPLINE_CURVE_WITH_KNOTS('',3,(#6072,#6073,#6074,#6075),
  .UNSPECIFIED.,.F.,.F.,(4,4),(3.,4.),.PIECEWISE_BEZIER_KNOTS.);
#6072 = CARTESIAN_POINT('',(0.178212840925,-2.995,1.88689060703));
#6073 = CARTESIAN_POINT('',(0.183099703132,-2.995,1.882523623782));
#6074 = CARTESIAN_POINT('',(0.189598190108,-2.995,1.880340132157));
#6075 = CARTESIAN_POINT('',(0.19765631396,-2.995,1.880340132157));
#6076 = ORIENTED_EDGE('',*,*,#6077,.T.);
#6077 = EDGE_CURVE('',#6069,#6078,#6080,.T.);
#6078 = VERTEX_POINT('',#6079);
#6079 = CARTESIAN_POINT('',(0.225313874534,-2.995,1.892193372404));
#6080 = B_SPLINE_CURVE_WITH_KNOTS('',3,(#6081,#6082,#6083,#6084),
  .UNSPECIFIED.,.F.,.F.,(4,4),(4.,5.),.PIECEWISE_BEZIER_KNOTS.);
#6081 = CARTESIAN_POINT('',(0.19765631396,-2.995,1.880340132157));
#6082 = CARTESIAN_POINT('',(0.20883371156,-2.995,1.880340132157));
#6083 = CARTESIAN_POINT('',(0.218087557015,-2.995,1.884291212239));
#6084 = CARTESIAN_POINT('',(0.225313874534,-2.995,1.892193372404));
#6085 = ORIENTED_EDGE('',*,*,#6086,.T.);
#6086 = EDGE_CURVE('',#6078,#6087,#6089,.T.);
#6087 = VERTEX_POINT('',#6088);
#6088 = CARTESIAN_POINT('',(0.236231332655,-2.995,1.921826473018));
#6089 = B_SPLINE_CURVE_WITH_KNOTS('',3,(#6090,#6091,#6092,#6093),
  .UNSPECIFIED.,.F.,.F.,(4,4),(5.,6.),.PIECEWISE_BEZIER_KNOTS.);
#6090 = CARTESIAN_POINT('',(0.225313874534,-2.995,1.892193372404));
#6091 = CARTESIAN_POINT('',(0.232592179948,-2.995,1.899991556775));
#6092 = CARTESIAN_POINT('',(0.236231332655,-2.995,1.90986925698));
#6093 = CARTESIAN_POINT('',(0.236231332655,-2.995,1.921826473018));
#6094 = ORIENTED_EDGE('',*,*,#6095,.T.);
#6095 = EDGE_CURVE('',#6087,#6096,#6098,.T.);
#6096 = VERTEX_POINT('',#6097);
#6097 = CARTESIAN_POINT('',(0.236231332655,-2.995,1.935759229098));
#6098 = B_SPLINE_CURVE_WITH_KNOTS('',1,(#6099,#6100),.UNSPECIFIED.,.F.,
  .F.,(2,2),(0.,1.39327560794E-02),.PIECEWISE_BEZIER_KNOTS.);
#6099 = CARTESIAN_POINT('',(0.236231332655,-2.995,1.921826473018));
#6100 = CARTESIAN_POINT('',(0.236231332655,-2.995,1.935759229098));
#6101 = ORIENTED_EDGE('',*,*,#6102,.T.);
#6102 = EDGE_CURVE('',#6096,#6040,#6103,.T.);
#6103 = B_SPLINE_CURVE_WITH_KNOTS('',1,(#6104,#6105),.UNSPECIFIED.,.F.,
  .F.,(2,2),(0.,3.430649692773E-02),.PIECEWISE_BEZIER_KNOTS.);
#6104 = CARTESIAN_POINT('',(0.236231332655,-2.995,1.935759229098));
#6105 = CARTESIAN_POINT('',(0.202231248791,-2.995,1.931184294265));
#6106 = B_SPLINE_SURFACE_WITH_KNOTS('',1,1,(
    (#6107,#6108)
    ,(#6109,#6110
    )),.UNSPECIFIED.,.F.,.F.,.F.,(2,2),(2,2),(-3.366216254227E-03,
    0.148646391111),(-3.750276834431E-02,7.921005776235E-02),
  .PIECEWISE_BEZIER_KNOTS.);
#6107 = CARTESIAN_POINT('',(0.144992575498,-2.995,2.011453605405));
#6108 = CARTESIAN_POINT('',(0.261705401605,-2.995,2.011453605405));
#6109 = CARTESIAN_POINT('',(0.144992575498,-2.995,1.85944099804));
#6110 = CARTESIAN_POINT('',(0.261705401605,-2.995,1.85944099804));
#6111 = ADVANCED_FACE('',(#6112),#6126,.F.);
#6112 = FACE_BOUND('',#6113,.F.);
#6113 = EDGE_LOOP('',(#6114,#6119,#6120,#6125));
#6114 = ORIENTED_EDGE('',*,*,#6115,.F.);
#6115 = EDGE_CURVE('',#5732,#5924,#6116,.T.);
#6116 = B_SPLINE_CURVE_WITH_KNOTS('',1,(#6117,#6118),.UNSPECIFIED.,.F.,
  .F.,(2,2),(0.,1.E-02),.PIECEWISE_BEZIER_KNOTS.);
#6117 = CARTESIAN_POINT('',(0.209197626831,-3.005,2.011453605405));
#6118 = CARTESIAN_POINT('',(0.209197626831,-2.995,2.011453605405));
#6119 = ORIENTED_EDGE('',*,*,#5731,.T.);
#6120 = ORIENTED_EDGE('',*,*,#6121,.T.);
#6121 = EDGE_CURVE('',#5734,#5926,#6122,.T.);
#6122 = B_SPLINE_CURVE_WITH_KNOTS('',1,(#6123,#6124),.UNSPECIFIED.,.F.,
  .F.,(2,2),(0.,1.E-02),.PIECEWISE_BEZIER_KNOTS.);
#6123 = CARTESIAN_POINT('',(0.159185271056,-3.005,1.997936752493));
#6124 = CARTESIAN_POINT('',(0.159185271056,-2.995,1.997936752493));
#6125 = ORIENTED_EDGE('',*,*,#5923,.F.);
#6126 = B_SPLINE_SURFACE_WITH_KNOTS('',3,1,(
    (#6127,#6128)
    ,(#6129,#6130)
    ,(#6131,#6132)
    ,(#6133,#6134
    )),.UNSPECIFIED.,.F.,.F.,.F.,(4,4),(2,2),(0.,1.),(0.,1.),
  .PIECEWISE_BEZIER_KNOTS.);
#6127 = CARTESIAN_POINT('',(0.209197626831,-3.005,2.011453605405));
#6128 = CARTESIAN_POINT('',(0.209197626831,-2.995,2.011453605405));
#6129 = CARTESIAN_POINT('',(0.190274032754,-3.005,2.011453605405));
#6130 = CARTESIAN_POINT('',(0.190274032754,-2.995,2.011453605405));
#6131 = CARTESIAN_POINT('',(0.173585918197,-3.005,2.006982646365));
#6132 = CARTESIAN_POINT('',(0.173585918197,-2.995,2.006982646365));
#6133 = CARTESIAN_POINT('',(0.159185271056,-3.005,1.997936752493));
#6134 = CARTESIAN_POINT('',(0.159185271056,-2.995,1.997936752493));
#6135 = ADVANCED_FACE('',(#6136),#6146,.F.);
#6136 = FACE_BOUND('',#6137,.T.);
#6137 = EDGE_LOOP('',(#6138,#6139,#6144,#6145));
#6138 = ORIENTED_EDGE('',*,*,#6032,.T.);
#6139 = ORIENTED_EDGE('',*,*,#6140,.F.);
#6140 = EDGE_CURVE('',#5743,#6024,#6141,.T.);
#6141 = B_SPLINE_CURVE_WITH_KNOTS('',1,(#6142,#6143),.UNSPECIFIED.,.F.,
  .F.,(2,2),(0.,1.E-02),.PIECEWISE_BEZIER_KNOTS.);
#6142 = CARTESIAN_POINT('',(0.159185271056,-3.005,1.973190514084));
#6143 = CARTESIAN_POINT('',(0.159185271056,-2.995,1.973190514084));
#6144 = ORIENTED_EDGE('',*,*,#5742,.F.);
#6145 = ORIENTED_EDGE('',*,*,#6121,.T.);
#6146 = B_SPLINE_SURFACE_WITH_KNOTS('',1,1,(
    (#6147,#6148)
    ,(#6149,#6150
    )),.UNSPECIFIED.,.F.,.F.,.F.,(2,2),(2,2),(-2.474623840926E-02,0.),(
    0.,1.E-02),.PIECEWISE_BEZIER_KNOTS.);
#6147 = CARTESIAN_POINT('',(0.159185271056,-3.005,1.997936752493));
#6148 = CARTESIAN_POINT('',(0.159185271056,-2.995,1.997936752493));
#6149 = CARTESIAN_POINT('',(0.159185271056,-3.005,1.973190514084));
#6150 = CARTESIAN_POINT('',(0.159185271056,-2.995,1.973190514084));
#6151 = ADVANCED_FACE('',(#6152),#6162,.F.);
#6152 = FACE_BOUND('',#6153,.F.);
#6153 = EDGE_LOOP('',(#6154,#6155,#6156,#6161));
#6154 = ORIENTED_EDGE('',*,*,#6140,.F.);
#6155 = ORIENTED_EDGE('',*,*,#5749,.T.);
#6156 = ORIENTED_EDGE('',*,*,#6157,.T.);
#6157 = EDGE_CURVE('',#5750,#6015,#6158,.T.);
#6158 = B_SPLINE_CURVE_WITH_KNOTS('',1,(#6159,#6160),.UNSPECIFIED.,.F.,
  .F.,(2,2),(0.,1.E-02),.PIECEWISE_BEZIER_KNOTS.);
#6159 = CARTESIAN_POINT('',(0.206806183624,-3.005,1.99076242287));
#6160 = CARTESIAN_POINT('',(0.206806183624,-2.995,1.99076242287));
#6161 = ORIENTED_EDGE('',*,*,#6023,.F.);
#6162 = B_SPLINE_SURFACE_WITH_KNOTS('',3,1,(
    (#6163,#6164)
    ,(#6165,#6166)
    ,(#6167,#6168)
    ,(#6169,#6170
    )),.UNSPECIFIED.,.F.,.F.,.F.,(4,4),(2,2),(12.,13.),(0.,1.),
  .PIECEWISE_BEZIER_KNOTS.);
#6163 = CARTESIAN_POINT('',(0.159185271056,-3.005,1.973190514084));
#6164 = CARTESIAN_POINT('',(0.159185271056,-2.995,1.973190514084));
#6165 = CARTESIAN_POINT('',(0.173533930301,-3.005,1.984835802747));
#6166 = CARTESIAN_POINT('',(0.173533930301,-2.995,1.984835802747));
#6167 = CARTESIAN_POINT('',(0.189390238525,-3.005,1.99076242287));
#6168 = CARTESIAN_POINT('',(0.189390238525,-2.995,1.99076242287));
#6169 = CARTESIAN_POINT('',(0.206806183624,-3.005,1.99076242287));
#6170 = CARTESIAN_POINT('',(0.206806183624,-2.995,1.99076242287));
#6171 = ADVANCED_FACE('',(#6172),#6182,.F.);
#6172 = FACE_BOUND('',#6173,.F.);
#6173 = EDGE_LOOP('',(#6174,#6175,#6176,#6181));
#6174 = ORIENTED_EDGE('',*,*,#6157,.F.);
#6175 = ORIENTED_EDGE('',*,*,#5758,.T.);
#6176 = ORIENTED_EDGE('',*,*,#6177,.T.);
#6177 = EDGE_CURVE('',#5759,#6008,#6178,.T.);
#6178 = B_SPLINE_CURVE_WITH_KNOTS('',1,(#6179,#6180),.UNSPECIFIED.,.F.,
  .F.,(2,2),(0.,1.E-02),.PIECEWISE_BEZIER_KNOTS.);
#6179 = CARTESIAN_POINT('',(0.236231332655,-3.005,1.955202702133));
#6180 = CARTESIAN_POINT('',(0.236231332655,-2.995,1.955202702133));
#6181 = ORIENTED_EDGE('',*,*,#6014,.F.);
#6182 = B_SPLINE_SURFACE_WITH_KNOTS('',3,1,(
    (#6183,#6184)
    ,(#6185,#6186)
    ,(#6187,#6188)
    ,(#6189,#6190
    )),.UNSPECIFIED.,.F.,.F.,.F.,(4,4),(2,2),(11.,12.),(0.,1.),
  .PIECEWISE_BEZIER_KNOTS.);
#6183 = CARTESIAN_POINT('',(0.206806183624,-3.005,1.99076242287));
#6184 = CARTESIAN_POINT('',(0.206806183624,-2.995,1.99076242287));
#6185 = CARTESIAN_POINT('',(0.226405620346,-3.005,1.99076242287));
#6186 = CARTESIAN_POINT('',(0.226405620346,-2.995,1.99076242287));
#6187 = CARTESIAN_POINT('',(0.236231332655,-3.005,1.978909182624));
#6188 = CARTESIAN_POINT('',(0.236231332655,-2.995,1.978909182624));
#6189 = CARTESIAN_POINT('',(0.236231332655,-3.005,1.955202702133));
#6190 = CARTESIAN_POINT('',(0.236231332655,-2.995,1.955202702133));
#6191 = ADVANCED_FACE('',(#6192),#6202,.F.);
#6192 = FACE_BOUND('',#6193,.T.);
#6193 = EDGE_LOOP('',(#6194,#6195,#6200,#6201));
#6194 = ORIENTED_EDGE('',*,*,#6007,.T.);
#6195 = ORIENTED_EDGE('',*,*,#6196,.F.);
#6196 = EDGE_CURVE('',#5768,#5999,#6197,.T.);
#6197 = B_SPLINE_CURVE_WITH_KNOTS('',1,(#6198,#6199),.UNSPECIFIED.,.F.,
  .F.,(2,2),(0.,1.E-02),.PIECEWISE_BEZIER_KNOTS.);
#6198 = CARTESIAN_POINT('',(0.193185354919,-3.005,1.949172106218));
#6199 = CARTESIAN_POINT('',(0.193185354919,-2.995,1.949172106218));
#6200 = ORIENTED_EDGE('',*,*,#5767,.F.);
#6201 = ORIENTED_EDGE('',*,*,#6177,.T.);
#6202 = B_SPLINE_SURFACE_WITH_KNOTS('',1,1,(
    (#6203,#6204)
    ,(#6205,#6206
    )),.UNSPECIFIED.,.F.,.F.,.F.,(2,2),(2,2),(-4.346635809804E-02,0.),(
    0.,1.E-02),.PIECEWISE_BEZIER_KNOTS.);
#6203 = CARTESIAN_POINT('',(0.236231332655,-3.005,1.955202702133));
#6204 = CARTESIAN_POINT('',(0.236231332655,-2.995,1.955202702133));
#6205 = CARTESIAN_POINT('',(0.193185354919,-3.005,1.949172106218));
#6206 = CARTESIAN_POINT('',(0.193185354919,-2.995,1.949172106218));
#6207 = ADVANCED_FACE('',(#6208),#6218,.F.);
#6208 = FACE_BOUND('',#6209,.F.);
#6209 = EDGE_LOOP('',(#6210,#6211,#6212,#6217));
#6210 = ORIENTED_EDGE('',*,*,#6196,.F.);
#6211 = ORIENTED_EDGE('',*,*,#5774,.T.);
#6212 = ORIENTED_EDGE('',*,*,#6213,.T.);
#6213 = EDGE_CURVE('',#5775,#5990,#6214,.T.);
#6214 = B_SPLINE_CURVE_WITH_KNOTS('',1,(#6215,#6216),.UNSPECIFIED.,.F.,
  .F.,(2,2),(0.,1.E-02),.PIECEWISE_BEZIER_KNOTS.);
#6215 = CARTESIAN_POINT('',(0.144992575498,-3.005,1.901759145234));
#6216 = CARTESIAN_POINT('',(0.144992575498,-2.995,1.901759145234));
#6217 = ORIENTED_EDGE('',*,*,#5998,.F.);
#6218 = B_SPLINE_SURFACE_WITH_KNOTS('',3,1,(
    (#6219,#6220)
    ,(#6221,#6222)
    ,(#6223,#6224)
    ,(#6225,#6226
    )),.UNSPECIFIED.,.F.,.F.,.F.,(4,4),(2,2),(9.,10.),(0.,1.),
  .PIECEWISE_BEZIER_KNOTS.);
#6219 = CARTESIAN_POINT('',(0.193185354919,-3.005,1.949172106218));
#6220 = CARTESIAN_POINT('',(0.193185354919,-2.995,1.949172106218));
#6221 = CARTESIAN_POINT('',(0.161056835306,-3.005,1.944701147177));
#6222 = CARTESIAN_POINT('',(0.161056835306,-2.995,1.944701147177));
#6223 = CARTESIAN_POINT('',(0.144992575498,-3.005,1.928896826849));
#6224 = CARTESIAN_POINT('',(0.144992575498,-2.995,1.928896826849));
#6225 = CARTESIAN_POINT('',(0.144992575498,-3.005,1.901759145234));
#6226 = CARTESIAN_POINT('',(0.144992575498,-2.995,1.901759145234));
#6227 = ADVANCED_FACE('',(#6228),#6238,.F.);
#6228 = FACE_BOUND('',#6229,.F.);
#6229 = EDGE_LOOP('',(#6230,#6231,#6232,#6237));
#6230 = ORIENTED_EDGE('',*,*,#6213,.F.);
#6231 = ORIENTED_EDGE('',*,*,#5783,.T.);
#6232 = ORIENTED_EDGE('',*,*,#6233,.T.);
#6233 = EDGE_CURVE('',#5784,#5981,#6234,.T.);
#6234 = B_SPLINE_CURVE_WITH_KNOTS('',1,(#6235,#6236),.UNSPECIFIED.,.F.,
  .F.,(2,2),(0.,1.E-02),.PIECEWISE_BEZIER_KNOTS.);
#6235 = CARTESIAN_POINT('',(0.157469670494,-3.005,1.870878335119));
#6236 = CARTESIAN_POINT('',(0.157469670494,-2.995,1.870878335119));
#6237 = ORIENTED_EDGE('',*,*,#5989,.F.);
#6238 = B_SPLINE_SURFACE_WITH_KNOTS('',3,1,(
    (#6239,#6240)
    ,(#6241,#6242)
    ,(#6243,#6244)
    ,(#6245,#6246
    )),.UNSPECIFIED.,.F.,.F.,.F.,(4,4),(2,2),(8.,9.),(0.,1.),
  .PIECEWISE_BEZIER_KNOTS.);
#6239 = CARTESIAN_POINT('',(0.144992575498,-3.005,1.901759145234));
#6240 = CARTESIAN_POINT('',(0.144992575498,-2.995,1.901759145234));
#6241 = CARTESIAN_POINT('',(0.144992575498,-3.005,1.88876217128));
#6242 = CARTESIAN_POINT('',(0.144992575498,-2.995,1.88876217128));
#6243 = CARTESIAN_POINT('',(0.149151607164,-3.005,1.878468567907));
#6244 = CARTESIAN_POINT('',(0.149151607164,-2.995,1.878468567907));
#6245 = CARTESIAN_POINT('',(0.157469670494,-3.005,1.870878335119));
#6246 = CARTESIAN_POINT('',(0.157469670494,-2.995,1.870878335119));
#6247 = ADVANCED_FACE('',(#6248),#6258,.F.);
#6248 = FACE_BOUND('',#6249,.F.);
#6249 = EDGE_LOOP('',(#6250,#6251,#6252,#6257));
#6250 = ORIENTED_EDGE('',*,*,#6233,.F.);
#6251 = ORIENTED_EDGE('',*,*,#5792,.T.);
#6252 = ORIENTED_EDGE('',*,*,#6253,.T.);
#6253 = EDGE_CURVE('',#5793,#5972,#6254,.T.);
#6254 = B_SPLINE_CURVE_WITH_KNOTS('',1,(#6255,#6256),.UNSPECIFIED.,.F.,
  .F.,(2,2),(0.,1.E-02),.PIECEWISE_BEZIER_KNOTS.);
#6255 = CARTESIAN_POINT('',(0.191053851191,-3.005,1.85944099804));
#6256 = CARTESIAN_POINT('',(0.191053851191,-2.995,1.85944099804));
#6257 = ORIENTED_EDGE('',*,*,#5980,.F.);
#6258 = B_SPLINE_SURFACE_WITH_KNOTS('',3,1,(
    (#6259,#6260)
    ,(#6261,#6262)
    ,(#6263,#6264)
    ,(#6265,#6266
    )),.UNSPECIFIED.,.F.,.F.,.F.,(4,4),(2,2),(7.,8.),(0.,1.),
  .PIECEWISE_BEZIER_KNOTS.);
#6259 = CARTESIAN_POINT('',(0.157469670494,-3.005,1.870878335119));
#6260 = CARTESIAN_POINT('',(0.157469670494,-2.995,1.870878335119));
#6261 = CARTESIAN_POINT('',(0.165787733825,-3.005,1.86328810233));
#6262 = CARTESIAN_POINT('',(0.165787733825,-2.995,1.86328810233));
#6263 = CARTESIAN_POINT('',(0.176965131425,-3.005,1.85944099804));
#6264 = CARTESIAN_POINT('',(0.176965131425,-2.995,1.85944099804));
#6265 = CARTESIAN_POINT('',(0.191053851191,-3.005,1.85944099804));
#6266 = CARTESIAN_POINT('',(0.191053851191,-2.995,1.85944099804));
#6267 = ADVANCED_FACE('',(#6268),#6278,.F.);
#6268 = FACE_BOUND('',#6269,.F.);
#6269 = EDGE_LOOP('',(#6270,#6271,#6272,#6277));
#6270 = ORIENTED_EDGE('',*,*,#6253,.F.);
#6271 = ORIENTED_EDGE('',*,*,#5801,.T.);
#6272 = ORIENTED_EDGE('',*,*,#6273,.T.);
#6273 = EDGE_CURVE('',#5802,#5965,#6274,.T.);
#6274 = B_SPLINE_CURVE_WITH_KNOTS('',1,(#6275,#6276),.UNSPECIFIED.,.F.,
  .F.,(2,2),(0.,1.E-02),.PIECEWISE_BEZIER_KNOTS.);
#6275 = CARTESIAN_POINT('',(0.23555549001,-3.005,1.885330970155));
#6276 = CARTESIAN_POINT('',(0.23555549001,-2.995,1.885330970155));
#6277 = ORIENTED_EDGE('',*,*,#5971,.F.);
#6278 = B_SPLINE_SURFACE_WITH_KNOTS('',3,1,(
    (#6279,#6280)
    ,(#6281,#6282)
    ,(#6283,#6284)
    ,(#6285,#6286
    )),.UNSPECIFIED.,.F.,.F.,.F.,(4,4),(2,2),(6.,7.),(0.,1.),
  .PIECEWISE_BEZIER_KNOTS.);
#6279 = CARTESIAN_POINT('',(0.191053851191,-3.005,1.85944099804));
#6280 = CARTESIAN_POINT('',(0.191053851191,-2.995,1.85944099804));
#6281 = CARTESIAN_POINT('',(0.210653287914,-3.005,1.85944099804));
#6282 = CARTESIAN_POINT('',(0.210653287914,-2.995,1.85944099804));
#6283 = CARTESIAN_POINT('',(0.225521826117,-3.005,1.868070988745));
#6284 = CARTESIAN_POINT('',(0.225521826117,-2.995,1.868070988745));
#6285 = CARTESIAN_POINT('',(0.23555549001,-3.005,1.885330970155));
#6286 = CARTESIAN_POINT('',(0.23555549001,-2.995,1.885330970155));
#6287 = ADVANCED_FACE('',(#6288),#6298,.F.);
#6288 = FACE_BOUND('',#6289,.T.);
#6289 = EDGE_LOOP('',(#6290,#6291,#6296,#6297));
#6290 = ORIENTED_EDGE('',*,*,#5964,.T.);
#6291 = ORIENTED_EDGE('',*,*,#6292,.F.);
#6292 = EDGE_CURVE('',#5811,#5958,#6293,.T.);
#6293 = B_SPLINE_CURVE_WITH_KNOTS('',1,(#6294,#6295),.UNSPECIFIED.,.F.,
  .F.,(2,2),(0.,1.E-02),.PIECEWISE_BEZIER_KNOTS.);
#6294 = CARTESIAN_POINT('',(0.236231332655,-3.005,1.885330970155));
#6295 = CARTESIAN_POINT('',(0.236231332655,-2.995,1.885330970155));
#6296 = ORIENTED_EDGE('',*,*,#5810,.F.);
#6297 = ORIENTED_EDGE('',*,*,#6273,.T.);
#6298 = B_SPLINE_SURFACE_WITH_KNOTS('',1,1,(
    (#6299,#6300)
    ,(#6301,#6302
    )),.UNSPECIFIED.,.F.,.F.,.F.,(2,2),(2,2),(-6.758426455274E-04,0.),(
    0.,1.E-02),.PIECEWISE_BEZIER_KNOTS.);
#6299 = CARTESIAN_POINT('',(0.23555549001,-3.005,1.885330970155));
#6300 = CARTESIAN_POINT('',(0.23555549001,-2.995,1.885330970155));
#6301 = CARTESIAN_POINT('',(0.236231332655,-3.005,1.885330970155));
#6302 = CARTESIAN_POINT('',(0.236231332655,-2.995,1.885330970155));
#6303 = ADVANCED_FACE('',(#6304),#6314,.F.);
#6304 = FACE_BOUND('',#6305,.T.);
#6305 = EDGE_LOOP('',(#6306,#6307,#6312,#6313));
#6306 = ORIENTED_EDGE('',*,*,#5957,.T.);
#6307 = ORIENTED_EDGE('',*,*,#6308,.F.);
#6308 = EDGE_CURVE('',#5818,#5951,#6309,.T.);
#6309 = B_SPLINE_CURVE_WITH_KNOTS('',1,(#6310,#6311),.UNSPECIFIED.,.F.,
  .F.,(2,2),(0.,1.E-02),.PIECEWISE_BEZIER_KNOTS.);
#6310 = CARTESIAN_POINT('',(0.236231332655,-3.005,1.862872199164));
#6311 = CARTESIAN_POINT('',(0.236231332655,-2.995,1.862872199164));
#6312 = ORIENTED_EDGE('',*,*,#5817,.F.);
#6313 = ORIENTED_EDGE('',*,*,#6292,.T.);
#6314 = B_SPLINE_SURFACE_WITH_KNOTS('',1,1,(
    (#6315,#6316)
    ,(#6317,#6318
    )),.UNSPECIFIED.,.F.,.F.,.F.,(2,2),(2,2),(-2.24587709918E-02,0.),(0.
    ,1.E-02),.PIECEWISE_BEZIER_KNOTS.);
#6315 = CARTESIAN_POINT('',(0.236231332655,-3.005,1.885330970155));
#6316 = CARTESIAN_POINT('',(0.236231332655,-2.995,1.885330970155));
#6317 = CARTESIAN_POINT('',(0.236231332655,-3.005,1.862872199164));
#6318 = CARTESIAN_POINT('',(0.236231332655,-2.995,1.862872199164));
#6319 = ADVANCED_FACE('',(#6320),#6330,.F.);
#6320 = FACE_BOUND('',#6321,.T.);
#6321 = EDGE_LOOP('',(#6322,#6323,#6328,#6329));
#6322 = ORIENTED_EDGE('',*,*,#5950,.T.);
#6323 = ORIENTED_EDGE('',*,*,#6324,.F.);
#6324 = EDGE_CURVE('',#5825,#5944,#6325,.T.);
#6325 = B_SPLINE_CURVE_WITH_KNOTS('',1,(#6326,#6327),.UNSPECIFIED.,.F.,
  .F.,(2,2),(0.,1.E-02),.PIECEWISE_BEZIER_KNOTS.);
#6326 = CARTESIAN_POINT('',(0.261705401605,-3.005,1.862872199164));
#6327 = CARTESIAN_POINT('',(0.261705401605,-2.995,1.862872199164));
#6328 = ORIENTED_EDGE('',*,*,#5824,.F.);
#6329 = ORIENTED_EDGE('',*,*,#6308,.T.);
#6330 = B_SPLINE_SURFACE_WITH_KNOTS('',1,1,(
    (#6331,#6332)
    ,(#6333,#6334
    )),.UNSPECIFIED.,.F.,.F.,.F.,(2,2),(2,2),(-2.547406894985E-02,0.),(
    0.,1.E-02),.PIECEWISE_BEZIER_KNOTS.);
#6331 = CARTESIAN_POINT('',(0.236231332655,-3.005,1.862872199164));
#6332 = CARTESIAN_POINT('',(0.236231332655,-2.995,1.862872199164));
#6333 = CARTESIAN_POINT('',(0.261705401605,-3.005,1.862872199164));
#6334 = CARTESIAN_POINT('',(0.261705401605,-2.995,1.862872199164));
#6335 = ADVANCED_FACE('',(#6336),#6346,.F.);
#6336 = FACE_BOUND('',#6337,.T.);
#6337 = EDGE_LOOP('',(#6338,#6339,#6344,#6345));
#6338 = ORIENTED_EDGE('',*,*,#5943,.T.);
#6339 = ORIENTED_EDGE('',*,*,#6340,.F.);
#6340 = EDGE_CURVE('',#5832,#5935,#6341,.T.);
#6341 = B_SPLINE_CURVE_WITH_KNOTS('',1,(#6342,#6343),.UNSPECIFIED.,.F.,
  .F.,(2,2),(0.,1.E-02),.PIECEWISE_BEZIER_KNOTS.);
#6342 = CARTESIAN_POINT('',(0.261705401605,-3.005,1.956346435839));
#6343 = CARTESIAN_POINT('',(0.261705401605,-2.995,1.956346435839));
#6344 = ORIENTED_EDGE('',*,*,#5831,.F.);
#6345 = ORIENTED_EDGE('',*,*,#6324,.T.);
#6346 = B_SPLINE_SURFACE_WITH_KNOTS('',1,1,(
    (#6347,#6348)
    ,(#6349,#6350
    )),.UNSPECIFIED.,.F.,.F.,.F.,(2,2),(2,2),(-9.347423667573E-02,0.),(
    0.,1.E-02),.PIECEWISE_BEZIER_KNOTS.);
#6347 = CARTESIAN_POINT('',(0.261705401605,-3.005,1.862872199164));
#6348 = CARTESIAN_POINT('',(0.261705401605,-2.995,1.862872199164));
#6349 = CARTESIAN_POINT('',(0.261705401605,-3.005,1.956346435839));
#6350 = CARTESIAN_POINT('',(0.261705401605,-2.995,1.956346435839));
#6351 = ADVANCED_FACE('',(#6352),#6358,.F.);
#6352 = FACE_BOUND('',#6353,.F.);
#6353 = EDGE_LOOP('',(#6354,#6355,#6356,#6357));
#6354 = ORIENTED_EDGE('',*,*,#6340,.F.);
#6355 = ORIENTED_EDGE('',*,*,#5838,.T.);
#6356 = ORIENTED_EDGE('',*,*,#6115,.T.);
#6357 = ORIENTED_EDGE('',*,*,#5934,.F.);
#6358 = B_SPLINE_SURFACE_WITH_KNOTS('',3,1,(
    (#6359,#6360)
    ,(#6361,#6362)
    ,(#6363,#6364)
    ,(#6365,#6366
    )),.UNSPECIFIED.,.F.,.F.,.F.,(4,4),(2,2),(1.,2.),(0.,1.),
  .PIECEWISE_BEZIER_KNOTS.);
#6359 = CARTESIAN_POINT('',(0.261705401605,-3.005,1.956346435839));
#6360 = CARTESIAN_POINT('',(0.261705401605,-2.995,1.956346435839));
#6361 = CARTESIAN_POINT('',(0.261705401605,-3.005,1.993153866078));
#6362 = CARTESIAN_POINT('',(0.261705401605,-2.995,1.993153866078));
#6363 = CARTESIAN_POINT('',(0.244185480715,-3.005,2.011453605405));
#6364 = CARTESIAN_POINT('',(0.244185480715,-2.995,2.011453605405));
#6365 = CARTESIAN_POINT('',(0.209197626831,-3.005,2.011453605405));
#6366 = CARTESIAN_POINT('',(0.209197626831,-2.995,2.011453605405));
#6367 = ADVANCED_FACE('',(#6368),#6382,.T.);
#6368 = FACE_BOUND('',#6369,.T.);
#6369 = EDGE_LOOP('',(#6370,#6371,#6376,#6377));
#6370 = ORIENTED_EDGE('',*,*,#6039,.F.);
#6371 = ORIENTED_EDGE('',*,*,#6372,.F.);
#6372 = EDGE_CURVE('',#5859,#6040,#6373,.T.);
#6373 = B_SPLINE_CURVE_WITH_KNOTS('',1,(#6374,#6375),.UNSPECIFIED.,.F.,
  .F.,(2,2),(0.,1.E-02),.PIECEWISE_BEZIER_KNOTS.);
#6374 = CARTESIAN_POINT('',(0.202231248791,-3.005,1.931184294265));
#6375 = CARTESIAN_POINT('',(0.202231248791,-2.995,1.931184294265));
#6376 = ORIENTED_EDGE('',*,*,#5858,.T.);
#6377 = ORIENTED_EDGE('',*,*,#6378,.T.);
#6378 = EDGE_CURVE('',#5848,#6042,#6379,.T.);
#6379 = B_SPLINE_CURVE_WITH_KNOTS('',1,(#6380,#6381),.UNSPECIFIED.,.F.,
  .F.,(2,2),(0.,1.E-02),.PIECEWISE_BEZIER_KNOTS.);
#6380 = CARTESIAN_POINT('',(0.177588986175,-3.005,1.922242376184));
#6381 = CARTESIAN_POINT('',(0.177588986175,-2.995,1.922242376184));
#6382 = B_SPLINE_SURFACE_WITH_KNOTS('',3,1,(
    (#6383,#6384)
    ,(#6385,#6386)
    ,(#6387,#6388)
    ,(#6389,#6390
    )),.UNSPECIFIED.,.F.,.F.,.F.,(4,4),(2,2),(0.,1.),(0.,1.),
  .PIECEWISE_BEZIER_KNOTS.);
#6383 = CARTESIAN_POINT('',(0.202231248791,-3.005,1.931184294265));
#6384 = CARTESIAN_POINT('',(0.202231248791,-2.995,1.931184294265));
#6385 = CARTESIAN_POINT('',(0.19032602065,-3.005,1.929520681599));
#6386 = CARTESIAN_POINT('',(0.19032602065,-2.995,1.929520681599));
#6387 = CARTESIAN_POINT('',(0.182111933111,-3.005,1.926609359433));
#6388 = CARTESIAN_POINT('',(0.182111933111,-2.995,1.926609359433));
#6389 = CARTESIAN_POINT('',(0.177588986175,-3.005,1.922242376184));
#6390 = CARTESIAN_POINT('',(0.177588986175,-2.995,1.922242376184));
#6391 = ADVANCED_FACE('',(#6392),#6402,.T.);
#6392 = FACE_BOUND('',#6393,.T.);
#6393 = EDGE_LOOP('',(#6394,#6395,#6396,#6397));
#6394 = ORIENTED_EDGE('',*,*,#6050,.F.);
#6395 = ORIENTED_EDGE('',*,*,#6378,.F.);
#6396 = ORIENTED_EDGE('',*,*,#5847,.T.);
#6397 = ORIENTED_EDGE('',*,*,#6398,.T.);
#6398 = EDGE_CURVE('',#5850,#6051,#6399,.T.);
#6399 = B_SPLINE_CURVE_WITH_KNOTS('',1,(#6400,#6401),.UNSPECIFIED.,.F.,
  .F.,(2,2),(0.,1.E-02),.PIECEWISE_BEZIER_KNOTS.);
#6400 = CARTESIAN_POINT('',(0.170830559719,-3.005,1.903838661066));
#6401 = CARTESIAN_POINT('',(0.170830559719,-2.995,1.903838661066));
#6402 = B_SPLINE_SURFACE_WITH_KNOTS('',3,1,(
    (#6403,#6404)
    ,(#6405,#6406)
    ,(#6407,#6408)
    ,(#6409,#6410
    )),.UNSPECIFIED.,.F.,.F.,.F.,(4,4),(2,2),(1.,2.),(0.,1.),
  .PIECEWISE_BEZIER_KNOTS.);
#6403 = CARTESIAN_POINT('',(0.177588986175,-3.005,1.922242376184));
#6404 = CARTESIAN_POINT('',(0.177588986175,-2.995,1.922242376184));
#6405 = CARTESIAN_POINT('',(0.173118027135,-3.005,1.917875392937));
#6406 = CARTESIAN_POINT('',(0.173118027135,-2.995,1.917875392937));
#6407 = CARTESIAN_POINT('',(0.170830559719,-3.005,1.91174082123));
#6408 = CARTESIAN_POINT('',(0.170830559719,-2.995,1.91174082123));
#6409 = CARTESIAN_POINT('',(0.170830559719,-3.005,1.903838661066));
#6410 = CARTESIAN_POINT('',(0.170830559719,-2.995,1.903838661066));
#6411 = ADVANCED_FACE('',(#6412),#6422,.T.);
#6412 = FACE_BOUND('',#6413,.T.);
#6413 = EDGE_LOOP('',(#6414,#6415,#6416,#6417));
#6414 = ORIENTED_EDGE('',*,*,#6059,.F.);
#6415 = ORIENTED_EDGE('',*,*,#6398,.F.);
#6416 = ORIENTED_EDGE('',*,*,#5908,.T.);
#6417 = ORIENTED_EDGE('',*,*,#6418,.T.);
#6418 = EDGE_CURVE('',#5900,#6060,#6419,.T.);
#6419 = B_SPLINE_CURVE_WITH_KNOTS('',1,(#6420,#6421),.UNSPECIFIED.,.F.,
  .F.,(2,2),(0.,1.E-02),.PIECEWISE_BEZIER_KNOTS.);
#6420 = CARTESIAN_POINT('',(0.178212840925,-3.005,1.88689060703));
#6421 = CARTESIAN_POINT('',(0.178212840925,-2.995,1.88689060703));
#6422 = B_SPLINE_SURFACE_WITH_KNOTS('',3,1,(
    (#6423,#6424)
    ,(#6425,#6426)
    ,(#6427,#6428)
    ,(#6429,#6430
    )),.UNSPECIFIED.,.F.,.F.,.F.,(4,4),(2,2),(2.,3.),(0.,1.),
  .PIECEWISE_BEZIER_KNOTS.);
#6423 = CARTESIAN_POINT('',(0.170830559719,-3.005,1.903838661066));
#6424 = CARTESIAN_POINT('',(0.170830559719,-2.995,1.903838661066));
#6425 = CARTESIAN_POINT('',(0.170830559719,-3.005,1.896872283027));
#6426 = CARTESIAN_POINT('',(0.170830559719,-2.995,1.896872283027));
#6427 = CARTESIAN_POINT('',(0.173273990822,-3.005,1.891257590279));
#6428 = CARTESIAN_POINT('',(0.173273990822,-2.995,1.891257590279));
#6429 = CARTESIAN_POINT('',(0.178212840925,-3.005,1.88689060703));
#6430 = CARTESIAN_POINT('',(0.178212840925,-2.995,1.88689060703));
#6431 = ADVANCED_FACE('',(#6432),#6442,.T.);
#6432 = FACE_BOUND('',#6433,.T.);
#6433 = EDGE_LOOP('',(#6434,#6435,#6436,#6437));
#6434 = ORIENTED_EDGE('',*,*,#6068,.F.);
#6435 = ORIENTED_EDGE('',*,*,#6418,.F.);
#6436 = ORIENTED_EDGE('',*,*,#5899,.T.);
#6437 = ORIENTED_EDGE('',*,*,#6438,.T.);
#6438 = EDGE_CURVE('',#5891,#6069,#6439,.T.);
#6439 = B_SPLINE_CURVE_WITH_KNOTS('',1,(#6440,#6441),.UNSPECIFIED.,.F.,
  .F.,(2,2),(0.,1.E-02),.PIECEWISE_BEZIER_KNOTS.);
#6440 = CARTESIAN_POINT('',(0.19765631396,-3.005,1.880340132157));
#6441 = CARTESIAN_POINT('',(0.19765631396,-2.995,1.880340132157));
#6442 = B_SPLINE_SURFACE_WITH_KNOTS('',3,1,(
    (#6443,#6444)
    ,(#6445,#6446)
    ,(#6447,#6448)
    ,(#6449,#6450
    )),.UNSPECIFIED.,.F.,.F.,.F.,(4,4),(2,2),(3.,4.),(0.,1.),
  .PIECEWISE_BEZIER_KNOTS.);
#6443 = CARTESIAN_POINT('',(0.178212840925,-3.005,1.88689060703));
#6444 = CARTESIAN_POINT('',(0.178212840925,-2.995,1.88689060703));
#6445 = CARTESIAN_POINT('',(0.183099703132,-3.005,1.882523623782));
#6446 = CARTESIAN_POINT('',(0.183099703132,-2.995,1.882523623782));
#6447 = CARTESIAN_POINT('',(0.189598190108,-3.005,1.880340132157));
#6448 = CARTESIAN_POINT('',(0.189598190108,-2.995,1.880340132157));
#6449 = CARTESIAN_POINT('',(0.19765631396,-3.005,1.880340132157));
#6450 = CARTESIAN_POINT('',(0.19765631396,-2.995,1.880340132157));
#6451 = ADVANCED_FACE('',(#6452),#6462,.T.);
#6452 = FACE_BOUND('',#6453,.T.);
#6453 = EDGE_LOOP('',(#6454,#6455,#6456,#6457));
#6454 = ORIENTED_EDGE('',*,*,#6077,.F.);
#6455 = ORIENTED_EDGE('',*,*,#6438,.F.);
#6456 = ORIENTED_EDGE('',*,*,#5890,.T.);
#6457 = ORIENTED_EDGE('',*,*,#6458,.T.);
#6458 = EDGE_CURVE('',#5882,#6078,#6459,.T.);
#6459 = B_SPLINE_CURVE_WITH_KNOTS('',1,(#6460,#6461),.UNSPECIFIED.,.F.,
  .F.,(2,2),(0.,1.E-02),.PIECEWISE_BEZIER_KNOTS.);
#6460 = CARTESIAN_POINT('',(0.225313874534,-3.005,1.892193372404));
#6461 = CARTESIAN_POINT('',(0.225313874534,-2.995,1.892193372404));
#6462 = B_SPLINE_SURFACE_WITH_KNOTS('',3,1,(
    (#6463,#6464)
    ,(#6465,#6466)
    ,(#6467,#6468)
    ,(#6469,#6470
    )),.UNSPECIFIED.,.F.,.F.,.F.,(4,4),(2,2),(4.,5.),(0.,1.),
  .PIECEWISE_BEZIER_KNOTS.);
#6463 = CARTESIAN_POINT('',(0.19765631396,-3.005,1.880340132157));
#6464 = CARTESIAN_POINT('',(0.19765631396,-2.995,1.880340132157));
#6465 = CARTESIAN_POINT('',(0.20883371156,-3.005,1.880340132157));
#6466 = CARTESIAN_POINT('',(0.20883371156,-2.995,1.880340132157));
#6467 = CARTESIAN_POINT('',(0.218087557015,-3.005,1.884291212239));
#6468 = CARTESIAN_POINT('',(0.218087557015,-2.995,1.884291212239));
#6469 = CARTESIAN_POINT('',(0.225313874534,-3.005,1.892193372404));
#6470 = CARTESIAN_POINT('',(0.225313874534,-2.995,1.892193372404));
#6471 = ADVANCED_FACE('',(#6472),#6482,.T.);
#6472 = FACE_BOUND('',#6473,.T.);
#6473 = EDGE_LOOP('',(#6474,#6475,#6476,#6477));
#6474 = ORIENTED_EDGE('',*,*,#6086,.F.);
#6475 = ORIENTED_EDGE('',*,*,#6458,.F.);
#6476 = ORIENTED_EDGE('',*,*,#5881,.T.);
#6477 = ORIENTED_EDGE('',*,*,#6478,.T.);
#6478 = EDGE_CURVE('',#5875,#6087,#6479,.T.);
#6479 = B_SPLINE_CURVE_WITH_KNOTS('',1,(#6480,#6481),.UNSPECIFIED.,.F.,
  .F.,(2,2),(0.,1.E-02),.PIECEWISE_BEZIER_KNOTS.);
#6480 = CARTESIAN_POINT('',(0.236231332655,-3.005,1.921826473018));
#6481 = CARTESIAN_POINT('',(0.236231332655,-2.995,1.921826473018));
#6482 = B_SPLINE_SURFACE_WITH_KNOTS('',3,1,(
    (#6483,#6484)
    ,(#6485,#6486)
    ,(#6487,#6488)
    ,(#6489,#6490
    )),.UNSPECIFIED.,.F.,.F.,.F.,(4,4),(2,2),(5.,6.),(0.,1.),
  .PIECEWISE_BEZIER_KNOTS.);
#6483 = CARTESIAN_POINT('',(0.225313874534,-3.005,1.892193372404));
#6484 = CARTESIAN_POINT('',(0.225313874534,-2.995,1.892193372404));
#6485 = CARTESIAN_POINT('',(0.232592179948,-3.005,1.899991556775));
#6486 = CARTESIAN_POINT('',(0.232592179948,-2.995,1.899991556775));
#6487 = CARTESIAN_POINT('',(0.236231332655,-3.005,1.90986925698));
#6488 = CARTESIAN_POINT('',(0.236231332655,-2.995,1.90986925698));
#6489 = CARTESIAN_POINT('',(0.236231332655,-3.005,1.921826473018));
#6490 = CARTESIAN_POINT('',(0.236231332655,-2.995,1.921826473018));
#6491 = ADVANCED_FACE('',(#6492),#6502,.T.);
#6492 = FACE_BOUND('',#6493,.T.);
#6493 = EDGE_LOOP('',(#6494,#6495,#6496,#6497));
#6494 = ORIENTED_EDGE('',*,*,#6095,.F.);
#6495 = ORIENTED_EDGE('',*,*,#6478,.F.);
#6496 = ORIENTED_EDGE('',*,*,#5874,.T.);
#6497 = ORIENTED_EDGE('',*,*,#6498,.T.);
#6498 = EDGE_CURVE('',#5868,#6096,#6499,.T.);
#6499 = B_SPLINE_CURVE_WITH_KNOTS('',1,(#6500,#6501),.UNSPECIFIED.,.F.,
  .F.,(2,2),(0.,1.E-02),.PIECEWISE_BEZIER_KNOTS.);
#6500 = CARTESIAN_POINT('',(0.236231332655,-3.005,1.935759229098));
#6501 = CARTESIAN_POINT('',(0.236231332655,-2.995,1.935759229098));
#6502 = B_SPLINE_SURFACE_WITH_KNOTS('',1,1,(
    (#6503,#6504)
    ,(#6505,#6506
    )),.UNSPECIFIED.,.F.,.F.,.F.,(2,2),(2,2),(0.,1.39327560794E-02),(0.,
    1.E-02),.PIECEWISE_BEZIER_KNOTS.);
#6503 = CARTESIAN_POINT('',(0.236231332655,-3.005,1.921826473018));
#6504 = CARTESIAN_POINT('',(0.236231332655,-2.995,1.921826473018));
#6505 = CARTESIAN_POINT('',(0.236231332655,-3.005,1.935759229098));
#6506 = CARTESIAN_POINT('',(0.236231332655,-2.995,1.935759229098));
#6507 = ADVANCED_FACE('',(#6508),#6514,.T.);
#6508 = FACE_BOUND('',#6509,.T.);
#6509 = EDGE_LOOP('',(#6510,#6511,#6512,#6513));
#6510 = ORIENTED_EDGE('',*,*,#6102,.F.);
#6511 = ORIENTED_EDGE('',*,*,#6498,.F.);
#6512 = ORIENTED_EDGE('',*,*,#5867,.T.);
#6513 = ORIENTED_EDGE('',*,*,#6372,.T.);
#6514 = B_SPLINE_SURFACE_WITH_KNOTS('',1,1,(
    (#6515,#6516)
    ,(#6517,#6518
    )),.UNSPECIFIED.,.F.,.F.,.F.,(2,2),(2,2),(0.,3.430649692773E-02),(0.
    ,1.E-02),.PIECEWISE_BEZIER_KNOTS.);
#6515 = CARTESIAN_POINT('',(0.236231332655,-3.005,1.935759229098));
#6516 = CARTESIAN_POINT('',(0.236231332655,-2.995,1.935759229098));
#6517 = CARTESIAN_POINT('',(0.202231248791,-3.005,1.931184294265));
#6518 = CARTESIAN_POINT('',(0.202231248791,-2.995,1.931184294265));
#6519 = MANIFOLD_SOLID_BREP('',#6520);
#6520 = CLOSED_SHELL('',(#6521,#6565,#6593,#6629,#6665,#6701,#6737,#6773
    ,#6809,#6845,#6881,#6917,#6953,#6981,#7017,#7053,#7089,#7125,#7161,
    #7197,#7233,#7261,#7290));
#6521 = ADVANCED_FACE('',(#6522),#6556,.F.);
#6522 = FACE_BOUND('',#6523,.F.);
#6523 = EDGE_LOOP('',(#6524,#6533,#6542,#6549));
#6524 = ORIENTED_EDGE('',*,*,#6525,.F.);
#6525 = EDGE_CURVE('',#6526,#6528,#6530,.T.);
#6526 = VERTEX_POINT('',#6527);
#6527 = CARTESIAN_POINT('',(0.338127608455,-3.005,1.880236156366));
#6528 = VERTEX_POINT('',#6529);
#6529 = CARTESIAN_POINT('',(0.338127608455,-2.995,1.880236156366));
#6530 = B_SPLINE_CURVE_WITH_KNOTS('',1,(#6531,#6532),.UNSPECIFIED.,.F.,
  .F.,(2,2),(0.,1.E-02),.PIECEWISE_BEZIER_KNOTS.);
#6531 = CARTESIAN_POINT('',(0.338127608455,-3.005,1.880236156366));
#6532 = CARTESIAN_POINT('',(0.338127608455,-2.995,1.880236156366));
#6533 = ORIENTED_EDGE('',*,*,#6534,.T.);
#6534 = EDGE_CURVE('',#6526,#6535,#6537,.T.);
#6535 = VERTEX_POINT('',#6536);
#6536 = CARTESIAN_POINT('',(0.296225364427,-3.005,1.894272888235));
#6537 = B_SPLINE_CURVE_WITH_KNOTS('',3,(#6538,#6539,#6540,#6541),
  .UNSPECIFIED.,.F.,.F.,(4,4),(0.,1.),.PIECEWISE_BEZIER_KNOTS.);
#6538 = CARTESIAN_POINT('',(0.338127608455,-3.005,1.880236156366));
#6539 = CARTESIAN_POINT('',(0.323155094459,-3.005,1.880236156366));
#6540 = CARTESIAN_POINT('',(0.309222338381,-3.005,1.884915066989));
#6541 = CARTESIAN_POINT('',(0.296225364427,-3.005,1.894272888235));
#6542 = ORIENTED_EDGE('',*,*,#6543,.T.);
#6543 = EDGE_CURVE('',#6535,#6544,#6546,.T.);
#6544 = VERTEX_POINT('',#6545);
#6545 = CARTESIAN_POINT('',(0.296225364427,-2.995,1.894272888235));
#6546 = B_SPLINE_CURVE_WITH_KNOTS('',1,(#6547,#6548),.UNSPECIFIED.,.F.,
  .F.,(2,2),(0.,1.E-02),.PIECEWISE_BEZIER_KNOTS.);
#6547 = CARTESIAN_POINT('',(0.296225364427,-3.005,1.894272888235));
#6548 = CARTESIAN_POINT('',(0.296225364427,-2.995,1.894272888235));
#6549 = ORIENTED_EDGE('',*,*,#6550,.F.);
#6550 = EDGE_CURVE('',#6528,#6544,#6551,.T.);
#6551 = B_SPLINE_CURVE_WITH_KNOTS('',3,(#6552,#6553,#6554,#6555),
  .UNSPECIFIED.,.F.,.F.,(4,4),(0.,1.),.PIECEWISE_BEZIER_KNOTS.);
#6552 = CARTESIAN_POINT('',(0.338127608455,-2.995,1.880236156366));
#6553 = CARTESIAN_POINT('',(0.323155094459,-2.995,1.880236156366));
#6554 = CARTESIAN_POINT('',(0.309222338381,-2.995,1.884915066989));
#6555 = CARTESIAN_POINT('',(0.296225364427,-2.995,1.894272888235));
#6556 = B_SPLINE_SURFACE_WITH_KNOTS('',3,1,(
    (#6557,#6558)
    ,(#6559,#6560)
    ,(#6561,#6562)
    ,(#6563,#6564
    )),.UNSPECIFIED.,.F.,.F.,.F.,(4,4),(2,2),(0.,1.),(0.,1.),
  .PIECEWISE_BEZIER_KNOTS.);
#6557 = CARTESIAN_POINT('',(0.338127608455,-3.005,1.880236156366));
#6558 = CARTESIAN_POINT('',(0.338127608455,-2.995,1.880236156366));
#6559 = CARTESIAN_POINT('',(0.323155094459,-3.005,1.880236156366));
#6560 = CARTESIAN_POINT('',(0.323155094459,-2.995,1.880236156366));
#6561 = CARTESIAN_POINT('',(0.309222338381,-3.005,1.884915066989));
#6562 = CARTESIAN_POINT('',(0.309222338381,-2.995,1.884915066989));
#6563 = CARTESIAN_POINT('',(0.296225364427,-3.005,1.894272888235));
#6564 = CARTESIAN_POINT('',(0.296225364427,-2.995,1.894272888235));
#6565 = ADVANCED_FACE('',(#6566),#6588,.F.);
#6566 = FACE_BOUND('',#6567,.T.);
#6567 = EDGE_LOOP('',(#6568,#6575,#6582,#6587));
#6568 = ORIENTED_EDGE('',*,*,#6569,.T.);
#6569 = EDGE_CURVE('',#6544,#6570,#6572,.T.);
#6570 = VERTEX_POINT('',#6571);
#6571 = CARTESIAN_POINT('',(0.296225364427,-2.995,1.867967012953));
#6572 = B_SPLINE_CURVE_WITH_KNOTS('',1,(#6573,#6574),.UNSPECIFIED.,.F.,
  .F.,(2,2),(-2.630587528195E-02,-0.),.PIECEWISE_BEZIER_KNOTS.);
#6573 = CARTESIAN_POINT('',(0.296225364427,-2.995,1.894272888235));
#6574 = CARTESIAN_POINT('',(0.296225364427,-2.995,1.867967012953));
#6575 = ORIENTED_EDGE('',*,*,#6576,.F.);
#6576 = EDGE_CURVE('',#6577,#6570,#6579,.T.);
#6577 = VERTEX_POINT('',#6578);
#6578 = CARTESIAN_POINT('',(0.296225364427,-3.005,1.867967012953));
#6579 = B_SPLINE_CURVE_WITH_KNOTS('',1,(#6580,#6581),.UNSPECIFIED.,.F.,
  .F.,(2,2),(0.,1.E-02),.PIECEWISE_BEZIER_KNOTS.);
#6580 = CARTESIAN_POINT('',(0.296225364427,-3.005,1.867967012953));
#6581 = CARTESIAN_POINT('',(0.296225364427,-2.995,1.867967012953));
#6582 = ORIENTED_EDGE('',*,*,#6583,.F.);
#6583 = EDGE_CURVE('',#6535,#6577,#6584,.T.);
#6584 = B_SPLINE_CURVE_WITH_KNOTS('',1,(#6585,#6586),.UNSPECIFIED.,.F.,
  .F.,(2,2),(-2.630587528195E-02,-0.),.PIECEWISE_BEZIER_KNOTS.);
#6585 = CARTESIAN_POINT('',(0.296225364427,-3.005,1.894272888235));
#6586 = CARTESIAN_POINT('',(0.296225364427,-3.005,1.867967012953));
#6587 = ORIENTED_EDGE('',*,*,#6543,.T.);
#6588 = B_SPLINE_SURFACE_WITH_KNOTS('',1,1,(
    (#6589,#6590)
    ,(#6591,#6592
    )),.UNSPECIFIED.,.F.,.F.,.F.,(2,2),(2,2),(-2.630587528195E-02,0.),(
    0.,1.E-02),.PIECEWISE_BEZIER_KNOTS.);
#6589 = CARTESIAN_POINT('',(0.296225364427,-3.005,1.894272888235));
#6590 = CARTESIAN_POINT('',(0.296225364427,-2.995,1.894272888235));
#6591 = CARTESIAN_POINT('',(0.296225364427,-3.005,1.867967012953));
#6592 = CARTESIAN_POINT('',(0.296225364427,-2.995,1.867967012953));
#6593 = ADVANCED_FACE('',(#6594),#6620,.F.);
#6594 = FACE_BOUND('',#6595,.F.);
#6595 = EDGE_LOOP('',(#6596,#6597,#6606,#6613));
#6596 = ORIENTED_EDGE('',*,*,#6576,.F.);
#6597 = ORIENTED_EDGE('',*,*,#6598,.T.);
#6598 = EDGE_CURVE('',#6577,#6599,#6601,.T.);
#6599 = VERTEX_POINT('',#6600);
#6600 = CARTESIAN_POINT('',(0.335632189455,-3.005,1.85944099804));
#6601 = B_SPLINE_CURVE_WITH_KNOTS('',3,(#6602,#6603,#6604,#6605),
  .UNSPECIFIED.,.F.,.F.,(4,4),(19.,20.),.PIECEWISE_BEZIER_KNOTS.);
#6602 = CARTESIAN_POINT('',(0.296225364427,-3.005,1.867967012953));
#6603 = CARTESIAN_POINT('',(0.307454749923,-3.005,1.862352320205));
#6604 = CARTESIAN_POINT('',(0.320555699669,-3.005,1.85944099804));
#6605 = CARTESIAN_POINT('',(0.335632189455,-3.005,1.85944099804));
#6606 = ORIENTED_EDGE('',*,*,#6607,.T.);
#6607 = EDGE_CURVE('',#6599,#6608,#6610,.T.);
#6608 = VERTEX_POINT('',#6609);
#6609 = CARTESIAN_POINT('',(0.335632189455,-2.995,1.85944099804));
#6610 = B_SPLINE_CURVE_WITH_KNOTS('',1,(#6611,#6612),.UNSPECIFIED.,.F.,
  .F.,(2,2),(0.,1.E-02),.PIECEWISE_BEZIER_KNOTS.);
#6611 = CARTESIAN_POINT('',(0.335632189455,-3.005,1.85944099804));
#6612 = CARTESIAN_POINT('',(0.335632189455,-2.995,1.85944099804));
#6613 = ORIENTED_EDGE('',*,*,#6614,.F.);
#6614 = EDGE_CURVE('',#6570,#6608,#6615,.T.);
#6615 = B_SPLINE_CURVE_WITH_KNOTS('',3,(#6616,#6617,#6618,#6619),
  .UNSPECIFIED.,.F.,.F.,(4,4),(19.,20.),.PIECEWISE_BEZIER_KNOTS.);
#6616 = CARTESIAN_POINT('',(0.296225364427,-2.995,1.867967012953));
#6617 = CARTESIAN_POINT('',(0.307454749923,-2.995,1.862352320205));
#6618 = CARTESIAN_POINT('',(0.320555699669,-2.995,1.85944099804));
#6619 = CARTESIAN_POINT('',(0.335632189455,-2.995,1.85944099804));
#6620 = B_SPLINE_SURFACE_WITH_KNOTS('',3,1,(
    (#6621,#6622)
    ,(#6623,#6624)
    ,(#6625,#6626)
    ,(#6627,#6628
    )),.UNSPECIFIED.,.F.,.F.,.F.,(4,4),(2,2),(19.,20.),(0.,1.),
  .PIECEWISE_BEZIER_KNOTS.);
#6621 = CARTESIAN_POINT('',(0.296225364427,-3.005,1.867967012953));
#6622 = CARTESIAN_POINT('',(0.296225364427,-2.995,1.867967012953));
#6623 = CARTESIAN_POINT('',(0.307454749923,-3.005,1.862352320205));
#6624 = CARTESIAN_POINT('',(0.307454749923,-2.995,1.862352320205));
#6625 = CARTESIAN_POINT('',(0.320555699669,-3.005,1.85944099804));
#6626 = CARTESIAN_POINT('',(0.320555699669,-2.995,1.85944099804));
#6627 = CARTESIAN_POINT('',(0.335632189455,-3.005,1.85944099804));
#6628 = CARTESIAN_POINT('',(0.335632189455,-2.995,1.85944099804));
#6629 = ADVANCED_FACE('',(#6630),#6656,.F.);
#6630 = FACE_BOUND('',#6631,.F.);
#6631 = EDGE_LOOP('',(#6632,#6633,#6642,#6649));
#6632 = ORIENTED_EDGE('',*,*,#6607,.F.);
#6633 = ORIENTED_EDGE('',*,*,#6634,.T.);
#6634 = EDGE_CURVE('',#6599,#6635,#6637,.T.);
#6635 = VERTEX_POINT('',#6636);
#6636 = CARTESIAN_POINT('',(0.377950336649,-3.005,1.87098231091));
#6637 = B_SPLINE_CURVE_WITH_KNOTS('',3,(#6638,#6639,#6640,#6641),
  .UNSPECIFIED.,.F.,.F.,(4,4),(18.,19.),.PIECEWISE_BEZIER_KNOTS.);
#6638 = CARTESIAN_POINT('',(0.335632189455,-3.005,1.85944099804));
#6639 = CARTESIAN_POINT('',(0.352944158762,-3.005,1.85944099804));
#6640 = CARTESIAN_POINT('',(0.367084866424,-3.005,1.86328810233));
#6641 = CARTESIAN_POINT('',(0.377950336649,-3.005,1.87098231091));
#6642 = ORIENTED_EDGE('',*,*,#6643,.T.);
#6643 = EDGE_CURVE('',#6635,#6644,#6646,.T.);
#6644 = VERTEX_POINT('',#6645);
#6645 = CARTESIAN_POINT('',(0.377950336649,-2.995,1.87098231091));
#6646 = B_SPLINE_CURVE_WITH_KNOTS('',1,(#6647,#6648),.UNSPECIFIED.,.F.,
  .F.,(2,2),(0.,1.E-02),.PIECEWISE_BEZIER_KNOTS.);
#6647 = CARTESIAN_POINT('',(0.377950336649,-3.005,1.87098231091));
#6648 = CARTESIAN_POINT('',(0.377950336649,-2.995,1.87098231091));
#6649 = ORIENTED_EDGE('',*,*,#6650,.F.);
#6650 = EDGE_CURVE('',#6608,#6644,#6651,.T.);
#6651 = B_SPLINE_CURVE_WITH_KNOTS('',3,(#6652,#6653,#6654,#6655),
  .UNSPECIFIED.,.F.,.F.,(4,4),(18.,19.),.PIECEWISE_BEZIER_KNOTS.);
#6652 = CARTESIAN_POINT('',(0.335632189455,-2.995,1.85944099804));
#6653 = CARTESIAN_POINT('',(0.352944158762,-2.995,1.85944099804));
#6654 = CARTESIAN_POINT('',(0.367084866424,-2.995,1.86328810233));
#6655 = CARTESIAN_POINT('',(0.377950336649,-2.995,1.87098231091));
#6656 = B_SPLINE_SURFACE_WITH_KNOTS('',3,1,(
    (#6657,#6658)
    ,(#6659,#6660)
    ,(#6661,#6662)
    ,(#6663,#6664
    )),.UNSPECIFIED.,.F.,.F.,.F.,(4,4),(2,2),(18.,19.),(0.,1.),
  .PIECEWISE_BEZIER_KNOTS.);
#6657 = CARTESIAN_POINT('',(0.335632189455,-3.005,1.85944099804));
#6658 = CARTESIAN_POINT('',(0.335632189455,-2.995,1.85944099804));
#6659 = CARTESIAN_POINT('',(0.352944158762,-3.005,1.85944099804));
#6660 = CARTESIAN_POINT('',(0.352944158762,-2.995,1.85944099804));
#6661 = CARTESIAN_POINT('',(0.367084866424,-3.005,1.86328810233));
#6662 = CARTESIAN_POINT('',(0.367084866424,-2.995,1.86328810233));
#6663 = CARTESIAN_POINT('',(0.377950336649,-3.005,1.87098231091));
#6664 = CARTESIAN_POINT('',(0.377950336649,-2.995,1.87098231091));
#6665 = ADVANCED_FACE('',(#6666),#6692,.F.);
#6666 = FACE_BOUND('',#6667,.F.);
#6667 = EDGE_LOOP('',(#6668,#6669,#6678,#6685));
#6668 = ORIENTED_EDGE('',*,*,#6643,.F.);
#6669 = ORIENTED_EDGE('',*,*,#6670,.T.);
#6670 = EDGE_CURVE('',#6635,#6671,#6673,.T.);
#6671 = VERTEX_POINT('',#6672);
#6672 = CARTESIAN_POINT('',(0.394326523831,-3.005,1.902382999983));
#6673 = B_SPLINE_CURVE_WITH_KNOTS('',3,(#6674,#6675,#6676,#6677),
  .UNSPECIFIED.,.F.,.F.,(4,4),(17.,18.),.PIECEWISE_BEZIER_KNOTS.);
#6674 = CARTESIAN_POINT('',(0.377950336649,-3.005,1.87098231091));
#6675 = CARTESIAN_POINT('',(0.38886779477,-3.005,1.8785725437));
#6676 = CARTESIAN_POINT('',(0.394326523831,-3.005,1.889074098654));
#6677 = CARTESIAN_POINT('',(0.394326523831,-3.005,1.902382999983));
#6678 = ORIENTED_EDGE('',*,*,#6679,.T.);
#6679 = EDGE_CURVE('',#6671,#6680,#6682,.T.);
#6680 = VERTEX_POINT('',#6681);
#6681 = CARTESIAN_POINT('',(0.394326523831,-2.995,1.902382999983));
#6682 = B_SPLINE_CURVE_WITH_KNOTS('',1,(#6683,#6684),.UNSPECIFIED.,.F.,
  .F.,(2,2),(0.,1.E-02),.PIECEWISE_BEZIER_KNOTS.);
#6683 = CARTESIAN_POINT('',(0.394326523831,-3.005,1.902382999983));
#6684 = CARTESIAN_POINT('',(0.394326523831,-2.995,1.902382999983));
#6685 = ORIENTED_EDGE('',*,*,#6686,.F.);
#6686 = EDGE_CURVE('',#6644,#6680,#6687,.T.);
#6687 = B_SPLINE_CURVE_WITH_KNOTS('',3,(#6688,#6689,#6690,#6691),
  .UNSPECIFIED.,.F.,.F.,(4,4),(17.,18.),.PIECEWISE_BEZIER_KNOTS.);
#6688 = CARTESIAN_POINT('',(0.377950336649,-2.995,1.87098231091));
#6689 = CARTESIAN_POINT('',(0.38886779477,-2.995,1.8785725437));
#6690 = CARTESIAN_POINT('',(0.394326523831,-2.995,1.889074098654));
#6691 = CARTESIAN_POINT('',(0.394326523831,-2.995,1.902382999983));
#6692 = B_SPLINE_SURFACE_WITH_KNOTS('',3,1,(
    (#6693,#6694)
    ,(#6695,#6696)
    ,(#6697,#6698)
    ,(#6699,#6700
    )),.UNSPECIFIED.,.F.,.F.,.F.,(4,4),(2,2),(17.,18.),(0.,1.),
  .PIECEWISE_BEZIER_KNOTS.);
#6693 = CARTESIAN_POINT('',(0.377950336649,-3.005,1.87098231091));
#6694 = CARTESIAN_POINT('',(0.377950336649,-2.995,1.87098231091));
#6695 = CARTESIAN_POINT('',(0.38886779477,-3.005,1.8785725437));
#6696 = CARTESIAN_POINT('',(0.38886779477,-2.995,1.8785725437));
#6697 = CARTESIAN_POINT('',(0.394326523831,-3.005,1.889074098654));
#6698 = CARTESIAN_POINT('',(0.394326523831,-2.995,1.889074098654));
#6699 = CARTESIAN_POINT('',(0.394326523831,-3.005,1.902382999983));
#6700 = CARTESIAN_POINT('',(0.394326523831,-2.995,1.902382999983));
#6701 = ADVANCED_FACE('',(#6702),#6728,.F.);
#6702 = FACE_BOUND('',#6703,.F.);
#6703 = EDGE_LOOP('',(#6704,#6705,#6714,#6721));
#6704 = ORIENTED_EDGE('',*,*,#6679,.F.);
#6705 = ORIENTED_EDGE('',*,*,#6706,.T.);
#6706 = EDGE_CURVE('',#6671,#6707,#6709,.T.);
#6707 = VERTEX_POINT('',#6708);
#6708 = CARTESIAN_POINT('',(0.385800508917,-3.005,1.92640140785));
#6709 = B_SPLINE_CURVE_WITH_KNOTS('',3,(#6710,#6711,#6712,#6713),
  .UNSPECIFIED.,.F.,.F.,(4,4),(16.,17.),.PIECEWISE_BEZIER_KNOTS.);
#6710 = CARTESIAN_POINT('',(0.394326523831,-3.005,1.902382999983));
#6711 = CARTESIAN_POINT('',(0.394326523831,-3.005,1.911948772813));
#6712 = CARTESIAN_POINT('',(0.391467189561,-3.005,1.91995490877));
#6713 = CARTESIAN_POINT('',(0.385800508917,-3.005,1.92640140785));
#6714 = ORIENTED_EDGE('',*,*,#6715,.T.);
#6715 = EDGE_CURVE('',#6707,#6716,#6718,.T.);
#6716 = VERTEX_POINT('',#6717);
#6717 = CARTESIAN_POINT('',(0.385800508917,-2.995,1.92640140785));
#6718 = B_SPLINE_CURVE_WITH_KNOTS('',1,(#6719,#6720),.UNSPECIFIED.,.F.,
  .F.,(2,2),(0.,1.E-02),.PIECEWISE_BEZIER_KNOTS.);
#6719 = CARTESIAN_POINT('',(0.385800508917,-3.005,1.92640140785));
#6720 = CARTESIAN_POINT('',(0.385800508917,-2.995,1.92640140785));
#6721 = ORIENTED_EDGE('',*,*,#6722,.F.);
#6722 = EDGE_CURVE('',#6680,#6716,#6723,.T.);
#6723 = B_SPLINE_CURVE_WITH_KNOTS('',3,(#6724,#6725,#6726,#6727),
  .UNSPECIFIED.,.F.,.F.,(4,4),(16.,17.),.PIECEWISE_BEZIER_KNOTS.);
#6724 = CARTESIAN_POINT('',(0.394326523831,-2.995,1.902382999983));
#6725 = CARTESIAN_POINT('',(0.394326523831,-2.995,1.911948772813));
#6726 = CARTESIAN_POINT('',(0.391467189561,-2.995,1.91995490877));
#6727 = CARTESIAN_POINT('',(0.385800508917,-2.995,1.92640140785));
#6728 = B_SPLINE_SURFACE_WITH_KNOTS('',3,1,(
    (#6729,#6730)
    ,(#6731,#6732)
    ,(#6733,#6734)
    ,(#6735,#6736
    )),.UNSPECIFIED.,.F.,.F.,.F.,(4,4),(2,2),(16.,17.),(0.,1.),
  .PIECEWISE_BEZIER_KNOTS.);
#6729 = CARTESIAN_POINT('',(0.394326523831,-3.005,1.902382999983));
#6730 = CARTESIAN_POINT('',(0.394326523831,-2.995,1.902382999983));
#6731 = CARTESIAN_POINT('',(0.394326523831,-3.005,1.911948772813));
#6732 = CARTESIAN_POINT('',(0.394326523831,-2.995,1.911948772813));
#6733 = CARTESIAN_POINT('',(0.391467189561,-3.005,1.91995490877));
#6734 = CARTESIAN_POINT('',(0.391467189561,-2.995,1.91995490877));
#6735 = CARTESIAN_POINT('',(0.385800508917,-3.005,1.92640140785));
#6736 = CARTESIAN_POINT('',(0.385800508917,-2.995,1.92640140785));
#6737 = ADVANCED_FACE('',(#6738),#6764,.F.);
#6738 = FACE_BOUND('',#6739,.F.);
#6739 = EDGE_LOOP('',(#6740,#6741,#6750,#6757));
#6740 = ORIENTED_EDGE('',*,*,#6715,.F.);
#6741 = ORIENTED_EDGE('',*,*,#6742,.T.);
#6742 = EDGE_CURVE('',#6707,#6743,#6745,.T.);
#6743 = VERTEX_POINT('',#6744);
#6744 = CARTESIAN_POINT('',(0.352944158762,-3.005,1.945221026135));
#6745 = B_SPLINE_CURVE_WITH_KNOTS('',3,(#6746,#6747,#6748,#6749),
  .UNSPECIFIED.,.F.,.F.,(4,4),(15.,16.),.PIECEWISE_BEZIER_KNOTS.);
#6746 = CARTESIAN_POINT('',(0.385800508917,-3.005,1.92640140785));
#6747 = CARTESIAN_POINT('',(0.380081840378,-3.005,1.932847906931));
#6748 = CARTESIAN_POINT('',(0.369164382257,-3.005,1.93919043022));
#6749 = CARTESIAN_POINT('',(0.352944158762,-3.005,1.945221026135));
#6750 = ORIENTED_EDGE('',*,*,#6751,.T.);
#6751 = EDGE_CURVE('',#6743,#6752,#6754,.T.);
#6752 = VERTEX_POINT('',#6753);
#6753 = CARTESIAN_POINT('',(0.352944158762,-2.995,1.945221026135));
#6754 = B_SPLINE_CURVE_WITH_KNOTS('',1,(#6755,#6756),.UNSPECIFIED.,.F.,
  .F.,(2,2),(0.,1.E-02),.PIECEWISE_BEZIER_KNOTS.);
#6755 = CARTESIAN_POINT('',(0.352944158762,-3.005,1.945221026135));
#6756 = CARTESIAN_POINT('',(0.352944158762,-2.995,1.945221026135));
#6757 = ORIENTED_EDGE('',*,*,#6758,.F.);
#6758 = EDGE_CURVE('',#6716,#6752,#6759,.T.);
#6759 = B_SPLINE_CURVE_WITH_KNOTS('',3,(#6760,#6761,#6762,#6763),
  .UNSPECIFIED.,.F.,.F.,(4,4),(15.,16.),.PIECEWISE_BEZIER_KNOTS.);
#6760 = CARTESIAN_POINT('',(0.385800508917,-2.995,1.92640140785));
#6761 = CARTESIAN_POINT('',(0.380081840378,-2.995,1.932847906931));
#6762 = CARTESIAN_POINT('',(0.369164382257,-2.995,1.93919043022));
#6763 = CARTESIAN_POINT('',(0.352944158762,-2.995,1.945221026135));
#6764 = B_SPLINE_SURFACE_WITH_KNOTS('',3,1,(
    (#6765,#6766)
    ,(#6767,#6768)
    ,(#6769,#6770)
    ,(#6771,#6772
    )),.UNSPECIFIED.,.F.,.F.,.F.,(4,4),(2,2),(15.,16.),(0.,1.),
  .PIECEWISE_BEZIER_KNOTS.);
#6765 = CARTESIAN_POINT('',(0.385800508917,-3.005,1.92640140785));
#6766 = CARTESIAN_POINT('',(0.385800508917,-2.995,1.92640140785));
#6767 = CARTESIAN_POINT('',(0.380081840378,-3.005,1.932847906931));
#6768 = CARTESIAN_POINT('',(0.380081840378,-2.995,1.932847906931));
#6769 = CARTESIAN_POINT('',(0.369164382257,-3.005,1.93919043022));
#6770 = CARTESIAN_POINT('',(0.369164382257,-2.995,1.93919043022));
#6771 = CARTESIAN_POINT('',(0.352944158762,-3.005,1.945221026135));
#6772 = CARTESIAN_POINT('',(0.352944158762,-2.995,1.945221026135));
#6773 = ADVANCED_FACE('',(#6774),#6800,.F.);
#6774 = FACE_BOUND('',#6775,.F.);
#6775 = EDGE_LOOP('',(#6776,#6777,#6786,#6793));
#6776 = ORIENTED_EDGE('',*,*,#6751,.F.);
#6777 = ORIENTED_EDGE('',*,*,#6778,.T.);
#6778 = EDGE_CURVE('',#6743,#6779,#6781,.T.);
#6779 = VERTEX_POINT('',#6780);
#6780 = CARTESIAN_POINT('',(0.328197920353,-3.005,1.957698121132));
#6781 = B_SPLINE_CURVE_WITH_KNOTS('',3,(#6782,#6783,#6784,#6785),
  .UNSPECIFIED.,.F.,.F.,(4,4),(14.,15.),.PIECEWISE_BEZIER_KNOTS.);
#6782 = CARTESIAN_POINT('',(0.352944158762,-3.005,1.945221026135));
#6783 = CARTESIAN_POINT('',(0.340155136391,-3.005,1.950211864133));
#6784 = CARTESIAN_POINT('',(0.331941048853,-3.005,1.954370895799));
#6785 = CARTESIAN_POINT('',(0.328197920353,-3.005,1.957698121132));
#6786 = ORIENTED_EDGE('',*,*,#6787,.T.);
#6787 = EDGE_CURVE('',#6779,#6788,#6790,.T.);
#6788 = VERTEX_POINT('',#6789);
#6789 = CARTESIAN_POINT('',(0.328197920353,-2.995,1.957698121132));
#6790 = B_SPLINE_CURVE_WITH_KNOTS('',1,(#6791,#6792),.UNSPECIFIED.,.F.,
  .F.,(2,2),(0.,1.E-02),.PIECEWISE_BEZIER_KNOTS.);
#6791 = CARTESIAN_POINT('',(0.328197920353,-3.005,1.957698121132));
#6792 = CARTESIAN_POINT('',(0.328197920353,-2.995,1.957698121132));
#6793 = ORIENTED_EDGE('',*,*,#6794,.F.);
#6794 = EDGE_CURVE('',#6752,#6788,#6795,.T.);
#6795 = B_SPLINE_CURVE_WITH_KNOTS('',3,(#6796,#6797,#6798,#6799),
  .UNSPECIFIED.,.F.,.F.,(4,4),(14.,15.),.PIECEWISE_BEZIER_KNOTS.);
#6796 = CARTESIAN_POINT('',(0.352944158762,-2.995,1.945221026135));
#6797 = CARTESIAN_POINT('',(0.340155136391,-2.995,1.950211864133));
#6798 = CARTESIAN_POINT('',(0.331941048853,-2.995,1.954370895799));
#6799 = CARTESIAN_POINT('',(0.328197920353,-2.995,1.957698121132));
#6800 = B_SPLINE_SURFACE_WITH_KNOTS('',3,1,(
    (#6801,#6802)
    ,(#6803,#6804)
    ,(#6805,#6806)
    ,(#6807,#6808
    )),.UNSPECIFIED.,.F.,.F.,.F.,(4,4),(2,2),(14.,15.),(0.,1.),
  .PIECEWISE_BEZIER_KNOTS.);
#6801 = CARTESIAN_POINT('',(0.352944158762,-3.005,1.945221026135));
#6802 = CARTESIAN_POINT('',(0.352944158762,-2.995,1.945221026135));
#6803 = CARTESIAN_POINT('',(0.340155136391,-3.005,1.950211864133));
#6804 = CARTESIAN_POINT('',(0.340155136391,-2.995,1.950211864133));
#6805 = CARTESIAN_POINT('',(0.331941048853,-3.005,1.954370895799));
#6806 = CARTESIAN_POINT('',(0.331941048853,-2.995,1.954370895799));
#6807 = CARTESIAN_POINT('',(0.328197920353,-3.005,1.957698121132));
#6808 = CARTESIAN_POINT('',(0.328197920353,-2.995,1.957698121132));
#6809 = ADVANCED_FACE('',(#6810),#6836,.F.);
#6810 = FACE_BOUND('',#6811,.F.);
#6811 = EDGE_LOOP('',(#6812,#6813,#6822,#6829));
#6812 = ORIENTED_EDGE('',*,*,#6787,.F.);
#6813 = ORIENTED_EDGE('',*,*,#6814,.T.);
#6814 = EDGE_CURVE('',#6779,#6815,#6817,.T.);
#6815 = VERTEX_POINT('',#6816);
#6816 = CARTESIAN_POINT('',(0.322635215501,-3.005,1.971214974044));
#6817 = B_SPLINE_CURVE_WITH_KNOTS('',3,(#6818,#6819,#6820,#6821),
  .UNSPECIFIED.,.F.,.F.,(4,4),(13.,14.),.PIECEWISE_BEZIER_KNOTS.);
#6818 = CARTESIAN_POINT('',(0.328197920353,-3.005,1.957698121132));
#6819 = CARTESIAN_POINT('',(0.32450677975,-3.005,1.960921370672));
#6820 = CARTESIAN_POINT('',(0.322635215501,-3.005,1.965392329712));
#6821 = CARTESIAN_POINT('',(0.322635215501,-3.005,1.971214974044));
#6822 = ORIENTED_EDGE('',*,*,#6823,.T.);
#6823 = EDGE_CURVE('',#6815,#6824,#6826,.T.);
#6824 = VERTEX_POINT('',#6825);
#6825 = CARTESIAN_POINT('',(0.322635215501,-2.995,1.971214974044));
#6826 = B_SPLINE_CURVE_WITH_KNOTS('',1,(#6827,#6828),.UNSPECIFIED.,.F.,
  .F.,(2,2),(0.,1.E-02),.PIECEWISE_BEZIER_KNOTS.);
#6827 = CARTESIAN_POINT('',(0.322635215501,-3.005,1.971214974044));
#6828 = CARTESIAN_POINT('',(0.322635215501,-2.995,1.971214974044));
#6829 = ORIENTED_EDGE('',*,*,#6830,.F.);
#6830 = EDGE_CURVE('',#6788,#6824,#6831,.T.);
#6831 = B_SPLINE_CURVE_WITH_KNOTS('',3,(#6832,#6833,#6834,#6835),
  .UNSPECIFIED.,.F.,.F.,(4,4),(13.,14.),.PIECEWISE_BEZIER_KNOTS.);
#6832 = CARTESIAN_POINT('',(0.328197920353,-2.995,1.957698121132));
#6833 = CARTESIAN_POINT('',(0.32450677975,-2.995,1.960921370672));
#6834 = CARTESIAN_POINT('',(0.322635215501,-2.995,1.965392329712));
#6835 = CARTESIAN_POINT('',(0.322635215501,-2.995,1.971214974044));
#6836 = B_SPLINE_SURFACE_WITH_KNOTS('',3,1,(
    (#6837,#6838)
    ,(#6839,#6840)
    ,(#6841,#6842)
    ,(#6843,#6844
    )),.UNSPECIFIED.,.F.,.F.,.F.,(4,4),(2,2),(13.,14.),(0.,1.),
  .PIECEWISE_BEZIER_KNOTS.);
#6837 = CARTESIAN_POINT('',(0.328197920353,-3.005,1.957698121132));
#6838 = CARTESIAN_POINT('',(0.328197920353,-2.995,1.957698121132));
#6839 = CARTESIAN_POINT('',(0.32450677975,-3.005,1.960921370672));
#6840 = CARTESIAN_POINT('',(0.32450677975,-2.995,1.960921370672));
#6841 = CARTESIAN_POINT('',(0.322635215501,-3.005,1.965392329712));
#6842 = CARTESIAN_POINT('',(0.322635215501,-2.995,1.965392329712));
#6843 = CARTESIAN_POINT('',(0.322635215501,-3.005,1.971214974044));
#6844 = CARTESIAN_POINT('',(0.322635215501,-2.995,1.971214974044));
#6845 = ADVANCED_FACE('',(#6846),#6872,.F.);
#6846 = FACE_BOUND('',#6847,.F.);
#6847 = EDGE_LOOP('',(#6848,#6849,#6858,#6865));
#6848 = ORIENTED_EDGE('',*,*,#6823,.F.);
#6849 = ORIENTED_EDGE('',*,*,#6850,.T.);
#6850 = EDGE_CURVE('',#6815,#6851,#6853,.T.);
#6851 = VERTEX_POINT('',#6852);
#6852 = CARTESIAN_POINT('',(0.330381411978,-3.005,1.985355681705));
#6853 = B_SPLINE_CURVE_WITH_KNOTS('',3,(#6854,#6855,#6856,#6857),
  .UNSPECIFIED.,.F.,.F.,(4,4),(12.,13.),.PIECEWISE_BEZIER_KNOTS.);
#6854 = CARTESIAN_POINT('',(0.322635215501,-3.005,1.971214974044));
#6855 = CARTESIAN_POINT('',(0.322635215501,-3.005,1.977037618374));
#6856 = CARTESIAN_POINT('',(0.325234610292,-3.005,1.981820504789));
#6857 = CARTESIAN_POINT('',(0.330381411978,-3.005,1.985355681705));
#6858 = ORIENTED_EDGE('',*,*,#6859,.T.);
#6859 = EDGE_CURVE('',#6851,#6860,#6862,.T.);
#6860 = VERTEX_POINT('',#6861);
#6861 = CARTESIAN_POINT('',(0.330381411978,-2.995,1.985355681705));
#6862 = B_SPLINE_CURVE_WITH_KNOTS('',1,(#6863,#6864),.UNSPECIFIED.,.F.,
  .F.,(2,2),(0.,1.E-02),.PIECEWISE_BEZIER_KNOTS.);
#6863 = CARTESIAN_POINT('',(0.330381411978,-3.005,1.985355681705));
#6864 = CARTESIAN_POINT('',(0.330381411978,-2.995,1.985355681705));
#6865 = ORIENTED_EDGE('',*,*,#6866,.F.);
#6866 = EDGE_CURVE('',#6824,#6860,#6867,.T.);
#6867 = B_SPLINE_CURVE_WITH_KNOTS('',3,(#6868,#6869,#6870,#6871),
  .UNSPECIFIED.,.F.,.F.,(4,4),(12.,13.),.PIECEWISE_BEZIER_KNOTS.);
#6868 = CARTESIAN_POINT('',(0.322635215501,-2.995,1.971214974044));
#6869 = CARTESIAN_POINT('',(0.322635215501,-2.995,1.977037618374));
#6870 = CARTESIAN_POINT('',(0.325234610292,-2.995,1.981820504789));
#6871 = CARTESIAN_POINT('',(0.330381411978,-2.995,1.985355681705));
#6872 = B_SPLINE_SURFACE_WITH_KNOTS('',3,1,(
    (#6873,#6874)
    ,(#6875,#6876)
    ,(#6877,#6878)
    ,(#6879,#6880
    )),.UNSPECIFIED.,.F.,.F.,.F.,(4,4),(2,2),(12.,13.),(0.,1.),
  .PIECEWISE_BEZIER_KNOTS.);
#6873 = CARTESIAN_POINT('',(0.322635215501,-3.005,1.971214974044));
#6874 = CARTESIAN_POINT('',(0.322635215501,-2.995,1.971214974044));
#6875 = CARTESIAN_POINT('',(0.322635215501,-3.005,1.977037618374));
#6876 = CARTESIAN_POINT('',(0.322635215501,-2.995,1.977037618374));
#6877 = CARTESIAN_POINT('',(0.325234610292,-3.005,1.981820504789));
#6878 = CARTESIAN_POINT('',(0.325234610292,-2.995,1.981820504789));
#6879 = CARTESIAN_POINT('',(0.330381411978,-3.005,1.985355681705));
#6880 = CARTESIAN_POINT('',(0.330381411978,-2.995,1.985355681705));
#6881 = ADVANCED_FACE('',(#6882),#6908,.F.);
#6882 = FACE_BOUND('',#6883,.F.);
#6883 = EDGE_LOOP('',(#6884,#6885,#6894,#6901));
#6884 = ORIENTED_EDGE('',*,*,#6859,.F.);
#6885 = ORIENTED_EDGE('',*,*,#6886,.T.);
#6886 = EDGE_CURVE('',#6851,#6887,#6889,.T.);
#6887 = VERTEX_POINT('',#6888);
#6888 = CARTESIAN_POINT('',(0.350448739763,-3.005,1.99076242287));
#6889 = B_SPLINE_CURVE_WITH_KNOTS('',3,(#6890,#6891,#6892,#6893),
  .UNSPECIFIED.,.F.,.F.,(4,4),(11.,12.),.PIECEWISE_BEZIER_KNOTS.);
#6890 = CARTESIAN_POINT('',(0.330381411978,-3.005,1.985355681705));
#6891 = CARTESIAN_POINT('',(0.335528213663,-3.005,1.988994834412));
#6892 = CARTESIAN_POINT('',(0.342234652224,-3.005,1.99076242287));
#6893 = CARTESIAN_POINT('',(0.350448739763,-3.005,1.99076242287));
#6894 = ORIENTED_EDGE('',*,*,#6895,.T.);
#6895 = EDGE_CURVE('',#6887,#6896,#6898,.T.);
#6896 = VERTEX_POINT('',#6897);
#6897 = CARTESIAN_POINT('',(0.350448739763,-2.995,1.99076242287));
#6898 = B_SPLINE_CURVE_WITH_KNOTS('',1,(#6899,#6900),.UNSPECIFIED.,.F.,
  .F.,(2,2),(0.,1.E-02),.PIECEWISE_BEZIER_KNOTS.);
#6899 = CARTESIAN_POINT('',(0.350448739763,-3.005,1.99076242287));
#6900 = CARTESIAN_POINT('',(0.350448739763,-2.995,1.99076242287));
#6901 = ORIENTED_EDGE('',*,*,#6902,.F.);
#6902 = EDGE_CURVE('',#6860,#6896,#6903,.T.);
#6903 = B_SPLINE_CURVE_WITH_KNOTS('',3,(#6904,#6905,#6906,#6907),
  .UNSPECIFIED.,.F.,.F.,(4,4),(11.,12.),.PIECEWISE_BEZIER_KNOTS.);
#6904 = CARTESIAN_POINT('',(0.330381411978,-2.995,1.985355681705));
#6905 = CARTESIAN_POINT('',(0.335528213663,-2.995,1.988994834412));
#6906 = CARTESIAN_POINT('',(0.342234652224,-2.995,1.99076242287));
#6907 = CARTESIAN_POINT('',(0.350448739763,-2.995,1.99076242287));
#6908 = B_SPLINE_SURFACE_WITH_KNOTS('',3,1,(
    (#6909,#6910)
    ,(#6911,#6912)
    ,(#6913,#6914)
    ,(#6915,#6916
    )),.UNSPECIFIED.,.F.,.F.,.F.,(4,4),(2,2),(11.,12.),(0.,1.),
  .PIECEWISE_BEZIER_KNOTS.);
#6909 = CARTESIAN_POINT('',(0.330381411978,-3.005,1.985355681705));
#6910 = CARTESIAN_POINT('',(0.330381411978,-2.995,1.985355681705));
#6911 = CARTESIAN_POINT('',(0.335528213663,-3.005,1.988994834412));
#6912 = CARTESIAN_POINT('',(0.335528213663,-2.995,1.988994834412));
#6913 = CARTESIAN_POINT('',(0.342234652224,-3.005,1.99076242287));
#6914 = CARTESIAN_POINT('',(0.342234652224,-2.995,1.99076242287));
#6915 = CARTESIAN_POINT('',(0.350448739763,-3.005,1.99076242287));
#6916 = CARTESIAN_POINT('',(0.350448739763,-2.995,1.99076242287));
#6917 = ADVANCED_FACE('',(#6918),#6944,.F.);
#6918 = FACE_BOUND('',#6919,.F.);
#6919 = EDGE_LOOP('',(#6920,#6921,#6930,#6937));
#6920 = ORIENTED_EDGE('',*,*,#6895,.F.);
#6921 = ORIENTED_EDGE('',*,*,#6922,.T.);
#6922 = EDGE_CURVE('',#6887,#6923,#6925,.T.);
#6923 = VERTEX_POINT('',#6924);
#6924 = CARTESIAN_POINT('',(0.387360145792,-3.005,1.980260867915));
#6925 = B_SPLINE_CURVE_WITH_KNOTS('',3,(#6926,#6927,#6928,#6929),
  .UNSPECIFIED.,.F.,.F.,(4,4),(10.,11.),.PIECEWISE_BEZIER_KNOTS.);
#6926 = CARTESIAN_POINT('',(0.350448739763,-3.005,1.99076242287));
#6927 = CARTESIAN_POINT('',(0.364225532154,-3.005,1.99076242287));
#6928 = CARTESIAN_POINT('',(0.376494675567,-3.005,1.987227245955));
#6929 = CARTESIAN_POINT('',(0.387360145792,-3.005,1.980260867915));
#6930 = ORIENTED_EDGE('',*,*,#6931,.T.);
#6931 = EDGE_CURVE('',#6923,#6932,#6934,.T.);
#6932 = VERTEX_POINT('',#6933);
#6933 = CARTESIAN_POINT('',(0.387360145792,-2.995,1.980260867915));
#6934 = B_SPLINE_CURVE_WITH_KNOTS('',1,(#6935,#6936),.UNSPECIFIED.,.F.,
  .F.,(2,2),(0.,1.E-02),.PIECEWISE_BEZIER_KNOTS.);
#6935 = CARTESIAN_POINT('',(0.387360145792,-3.005,1.980260867915));
#6936 = CARTESIAN_POINT('',(0.387360145792,-2.995,1.980260867915));
#6937 = ORIENTED_EDGE('',*,*,#6938,.F.);
#6938 = EDGE_CURVE('',#6896,#6932,#6939,.T.);
#6939 = B_SPLINE_CURVE_WITH_KNOTS('',3,(#6940,#6941,#6942,#6943),
  .UNSPECIFIED.,.F.,.F.,(4,4),(10.,11.),.PIECEWISE_BEZIER_KNOTS.);
#6940 = CARTESIAN_POINT('',(0.350448739763,-2.995,1.99076242287));
#6941 = CARTESIAN_POINT('',(0.364225532154,-2.995,1.99076242287));
#6942 = CARTESIAN_POINT('',(0.376494675567,-2.995,1.987227245955));
#6943 = CARTESIAN_POINT('',(0.387360145792,-2.995,1.980260867915));
#6944 = B_SPLINE_SURFACE_WITH_KNOTS('',3,1,(
    (#6945,#6946)
    ,(#6947,#6948)
    ,(#6949,#6950)
    ,(#6951,#6952
    )),.UNSPECIFIED.,.F.,.F.,.F.,(4,4),(2,2),(10.,11.),(0.,1.),
  .PIECEWISE_BEZIER_KNOTS.);
#6945 = CARTESIAN_POINT('',(0.350448739763,-3.005,1.99076242287));
#6946 = CARTESIAN_POINT('',(0.350448739763,-2.995,1.99076242287));
#6947 = CARTESIAN_POINT('',(0.364225532154,-3.005,1.99076242287));
#6948 = CARTESIAN_POINT('',(0.364225532154,-2.995,1.99076242287));
#6949 = CARTESIAN_POINT('',(0.376494675567,-3.005,1.987227245955));
#6950 = CARTESIAN_POINT('',(0.376494675567,-2.995,1.987227245955));
#6951 = CARTESIAN_POINT('',(0.387360145792,-3.005,1.980260867915));
#6952 = CARTESIAN_POINT('',(0.387360145792,-2.995,1.980260867915));
#6953 = ADVANCED_FACE('',(#6954),#6976,.F.);
#6954 = FACE_BOUND('',#6955,.T.);
#6955 = EDGE_LOOP('',(#6956,#6963,#6970,#6975));
#6956 = ORIENTED_EDGE('',*,*,#6957,.T.);
#6957 = EDGE_CURVE('',#6932,#6958,#6960,.T.);
#6958 = VERTEX_POINT('',#6959);
#6959 = CARTESIAN_POINT('',(0.387360145792,-2.995,2.005007106323));
#6960 = B_SPLINE_CURVE_WITH_KNOTS('',1,(#6961,#6962),.UNSPECIFIED.,.F.,
  .F.,(2,2),(-2.474623840786E-02,0.),.PIECEWISE_BEZIER_KNOTS.);
#6961 = CARTESIAN_POINT('',(0.387360145792,-2.995,1.980260867915));
#6962 = CARTESIAN_POINT('',(0.387360145792,-2.995,2.005007106323));
#6963 = ORIENTED_EDGE('',*,*,#6964,.F.);
#6964 = EDGE_CURVE('',#6965,#6958,#6967,.T.);
#6965 = VERTEX_POINT('',#6966);
#6966 = CARTESIAN_POINT('',(0.387360145792,-3.005,2.005007106323));
#6967 = B_SPLINE_CURVE_WITH_KNOTS('',1,(#6968,#6969),.UNSPECIFIED.,.F.,
  .F.,(2,2),(0.,1.E-02),.PIECEWISE_BEZIER_KNOTS.);
#6968 = CARTESIAN_POINT('',(0.387360145792,-3.005,2.005007106323));
#6969 = CARTESIAN_POINT('',(0.387360145792,-2.995,2.005007106323));
#6970 = ORIENTED_EDGE('',*,*,#6971,.F.);
#6971 = EDGE_CURVE('',#6923,#6965,#6972,.T.);
#6972 = B_SPLINE_CURVE_WITH_KNOTS('',1,(#6973,#6974),.UNSPECIFIED.,.F.,
  .F.,(2,2),(-2.474623840786E-02,0.),.PIECEWISE_BEZIER_KNOTS.);
#6973 = CARTESIAN_POINT('',(0.387360145792,-3.005,1.980260867915));
#6974 = CARTESIAN_POINT('',(0.387360145792,-3.005,2.005007106323));
#6975 = ORIENTED_EDGE('',*,*,#6931,.T.);
#6976 = B_SPLINE_SURFACE_WITH_KNOTS('',1,1,(
    (#6977,#6978)
    ,(#6979,#6980
    )),.UNSPECIFIED.,.F.,.F.,.F.,(2,2),(2,2),(-2.474623840786E-02,0.),(
    0.,1.E-02),.PIECEWISE_BEZIER_KNOTS.);
#6977 = CARTESIAN_POINT('',(0.387360145792,-3.005,1.980260867915));
#6978 = CARTESIAN_POINT('',(0.387360145792,-2.995,1.980260867915));
#6979 = CARTESIAN_POINT('',(0.387360145792,-3.005,2.005007106323));
#6980 = CARTESIAN_POINT('',(0.387360145792,-2.995,2.005007106323));
#6981 = ADVANCED_FACE('',(#6982),#7008,.F.);
#6982 = FACE_BOUND('',#6983,.F.);
#6983 = EDGE_LOOP('',(#6984,#6985,#6994,#7001));
#6984 = ORIENTED_EDGE('',*,*,#6964,.F.);
#6985 = ORIENTED_EDGE('',*,*,#6986,.T.);
#6986 = EDGE_CURVE('',#6965,#6987,#6989,.T.);
#6987 = VERTEX_POINT('',#6988);
#6988 = CARTESIAN_POINT('',(0.352944158762,-3.005,2.011453605405));
#6989 = B_SPLINE_CURVE_WITH_KNOTS('',3,(#6990,#6991,#6992,#6993),
  .UNSPECIFIED.,.F.,.F.,(4,4),(8.,9.),.PIECEWISE_BEZIER_KNOTS.);
#6990 = CARTESIAN_POINT('',(0.387360145792,-3.005,2.005007106323));
#6991 = CARTESIAN_POINT('',(0.376754615045,-3.005,2.009374089572));
#6992 = CARTESIAN_POINT('',(0.365317277966,-3.005,2.011453605405));
#6993 = CARTESIAN_POINT('',(0.352944158762,-3.005,2.011453605405));
#6994 = ORIENTED_EDGE('',*,*,#6995,.T.);
#6995 = EDGE_CURVE('',#6987,#6996,#6998,.T.);
#6996 = VERTEX_POINT('',#6997);
#6997 = CARTESIAN_POINT('',(0.352944158762,-2.995,2.011453605405));
#6998 = B_SPLINE_CURVE_WITH_KNOTS('',1,(#6999,#7000),.UNSPECIFIED.,.F.,
  .F.,(2,2),(0.,1.E-02),.PIECEWISE_BEZIER_KNOTS.);
#6999 = CARTESIAN_POINT('',(0.352944158762,-3.005,2.011453605405));
#7000 = CARTESIAN_POINT('',(0.352944158762,-2.995,2.011453605405));
#7001 = ORIENTED_EDGE('',*,*,#7002,.F.);
#7002 = EDGE_CURVE('',#6958,#6996,#7003,.T.);
#7003 = B_SPLINE_CURVE_WITH_KNOTS('',3,(#7004,#7005,#7006,#7007),
  .UNSPECIFIED.,.F.,.F.,(4,4),(8.,9.),.PIECEWISE_BEZIER_KNOTS.);
#7004 = CARTESIAN_POINT('',(0.387360145792,-2.995,2.005007106323));
#7005 = CARTESIAN_POINT('',(0.376754615045,-2.995,2.009374089572));
#7006 = CARTESIAN_POINT('',(0.365317277966,-2.995,2.011453605405));
#7007 = CARTESIAN_POINT('',(0.352944158762,-2.995,2.011453605405));
#7008 = B_SPLINE_SURFACE_WITH_KNOTS('',3,1,(
    (#7009,#7010)
    ,(#7011,#7012)
    ,(#7013,#7014)
    ,(#7015,#7016
    )),.UNSPECIFIED.,.F.,.F.,.F.,(4,4),(2,2),(8.,9.),(0.,1.),
  .PIECEWISE_BEZIER_KNOTS.);
#7009 = CARTESIAN_POINT('',(0.387360145792,-3.005,2.005007106323));
#7010 = CARTESIAN_POINT('',(0.387360145792,-2.995,2.005007106323));
#7011 = CARTESIAN_POINT('',(0.376754615045,-3.005,2.009374089572));
#7012 = CARTESIAN_POINT('',(0.376754615045,-2.995,2.009374089572));
#7013 = CARTESIAN_POINT('',(0.365317277966,-3.005,2.011453605405));
#7014 = CARTESIAN_POINT('',(0.365317277966,-2.995,2.011453605405));
#7015 = CARTESIAN_POINT('',(0.352944158762,-3.005,2.011453605405));
#7016 = CARTESIAN_POINT('',(0.352944158762,-2.995,2.011453605405));
#7017 = ADVANCED_FACE('',(#7018),#7044,.F.);
#7018 = FACE_BOUND('',#7019,.F.);
#7019 = EDGE_LOOP('',(#7020,#7021,#7030,#7037));
#7020 = ORIENTED_EDGE('',*,*,#6995,.F.);
#7021 = ORIENTED_EDGE('',*,*,#7022,.T.);
#7022 = EDGE_CURVE('',#6987,#7023,#7025,.T.);
#7023 = VERTEX_POINT('',#7024);
#7024 = CARTESIAN_POINT('',(0.3127055274,-3.005,1.999912292533));
#7025 = B_SPLINE_CURVE_WITH_KNOTS('',3,(#7026,#7027,#7028,#7029),
  .UNSPECIFIED.,.F.,.F.,(4,4),(7.,8.),.PIECEWISE_BEZIER_KNOTS.);
#7026 = CARTESIAN_POINT('',(0.352944158762,-3.005,2.011453605405));
#7027 = CARTESIAN_POINT('',(0.337035862642,-3.005,2.011453605405));
#7028 = CARTESIAN_POINT('',(0.323622985522,-3.005,2.007606501115));
#7029 = CARTESIAN_POINT('',(0.3127055274,-3.005,1.999912292533));
#7030 = ORIENTED_EDGE('',*,*,#7031,.T.);
#7031 = EDGE_CURVE('',#7023,#7032,#7034,.T.);
#7032 = VERTEX_POINT('',#7033);
#7033 = CARTESIAN_POINT('',(0.3127055274,-2.995,1.999912292533));
#7034 = B_SPLINE_CURVE_WITH_KNOTS('',1,(#7035,#7036),.UNSPECIFIED.,.F.,
  .F.,(2,2),(0.,1.E-02),.PIECEWISE_BEZIER_KNOTS.);
#7035 = CARTESIAN_POINT('',(0.3127055274,-3.005,1.999912292533));
#7036 = CARTESIAN_POINT('',(0.3127055274,-2.995,1.999912292533));
#7037 = ORIENTED_EDGE('',*,*,#7038,.F.);
#7038 = EDGE_CURVE('',#6996,#7032,#7039,.T.);
#7039 = B_SPLINE_CURVE_WITH_KNOTS('',3,(#7040,#7041,#7042,#7043),
  .UNSPECIFIED.,.F.,.F.,(4,4),(7.,8.),.PIECEWISE_BEZIER_KNOTS.);
#7040 = CARTESIAN_POINT('',(0.352944158762,-2.995,2.011453605405));
#7041 = CARTESIAN_POINT('',(0.337035862642,-2.995,2.011453605405));
#7042 = CARTESIAN_POINT('',(0.323622985522,-2.995,2.007606501115));
#7043 = CARTESIAN_POINT('',(0.3127055274,-2.995,1.999912292533));
#7044 = B_SPLINE_SURFACE_WITH_KNOTS('',3,1,(
    (#7045,#7046)
    ,(#7047,#7048)
    ,(#7049,#7050)
    ,(#7051,#7052
    )),.UNSPECIFIED.,.F.,.F.,.F.,(4,4),(2,2),(7.,8.),(0.,1.),
  .PIECEWISE_BEZIER_KNOTS.);
#7045 = CARTESIAN_POINT('',(0.352944158762,-3.005,2.011453605405));
#7046 = CARTESIAN_POINT('',(0.352944158762,-2.995,2.011453605405));
#7047 = CARTESIAN_POINT('',(0.337035862642,-3.005,2.011453605405));
#7048 = CARTESIAN_POINT('',(0.337035862642,-2.995,2.011453605405));
#7049 = CARTESIAN_POINT('',(0.323622985522,-3.005,2.007606501115));
#7050 = CARTESIAN_POINT('',(0.323622985522,-2.995,2.007606501115));
#7051 = CARTESIAN_POINT('',(0.3127055274,-3.005,1.999912292533));
#7052 = CARTESIAN_POINT('',(0.3127055274,-2.995,1.999912292533));
#7053 = ADVANCED_FACE('',(#7054),#7080,.F.);
#7054 = FACE_BOUND('',#7055,.F.);
#7055 = EDGE_LOOP('',(#7056,#7057,#7066,#7073));
#7056 = ORIENTED_EDGE('',*,*,#7031,.F.);
#7057 = ORIENTED_EDGE('',*,*,#7058,.T.);
#7058 = EDGE_CURVE('',#7023,#7059,#7061,.T.);
#7059 = VERTEX_POINT('',#7060);
#7060 = CARTESIAN_POINT('',(0.296381328114,-3.005,1.968927506628));
#7061 = B_SPLINE_CURVE_WITH_KNOTS('',3,(#7062,#7063,#7064,#7065),
  .UNSPECIFIED.,.F.,.F.,(4,4),(6.,7.),.PIECEWISE_BEZIER_KNOTS.);
#7062 = CARTESIAN_POINT('',(0.3127055274,-3.005,1.999912292533));
#7063 = CARTESIAN_POINT('',(0.301840057175,-3.005,1.992114108162));
#7064 = CARTESIAN_POINT('',(0.296381328114,-3.005,1.981820504789));
#7065 = CARTESIAN_POINT('',(0.296381328114,-3.005,1.968927506628));
#7066 = ORIENTED_EDGE('',*,*,#7067,.T.);
#7067 = EDGE_CURVE('',#7059,#7068,#7070,.T.);
#7068 = VERTEX_POINT('',#7069);
#7069 = CARTESIAN_POINT('',(0.296381328114,-2.995,1.968927506628));
#7070 = B_SPLINE_CURVE_WITH_KNOTS('',1,(#7071,#7072),.UNSPECIFIED.,.F.,
  .F.,(2,2),(0.,1.E-02),.PIECEWISE_BEZIER_KNOTS.);
#7071 = CARTESIAN_POINT('',(0.296381328114,-3.005,1.968927506628));
#7072 = CARTESIAN_POINT('',(0.296381328114,-2.995,1.968927506628));
#7073 = ORIENTED_EDGE('',*,*,#7074,.F.);
#7074 = EDGE_CURVE('',#7032,#7068,#7075,.T.);
#7075 = B_SPLINE_CURVE_WITH_KNOTS('',3,(#7076,#7077,#7078,#7079),
  .UNSPECIFIED.,.F.,.F.,(4,4),(6.,7.),.PIECEWISE_BEZIER_KNOTS.);
#7076 = CARTESIAN_POINT('',(0.3127055274,-2.995,1.999912292533));
#7077 = CARTESIAN_POINT('',(0.301840057175,-2.995,1.992114108162));
#7078 = CARTESIAN_POINT('',(0.296381328114,-2.995,1.981820504789));
#7079 = CARTESIAN_POINT('',(0.296381328114,-2.995,1.968927506628));
#7080 = B_SPLINE_SURFACE_WITH_KNOTS('',3,1,(
    (#7081,#7082)
    ,(#7083,#7084)
    ,(#7085,#7086)
    ,(#7087,#7088
    )),.UNSPECIFIED.,.F.,.F.,.F.,(4,4),(2,2),(6.,7.),(0.,1.),
  .PIECEWISE_BEZIER_KNOTS.);
#7081 = CARTESIAN_POINT('',(0.3127055274,-3.005,1.999912292533));
#7082 = CARTESIAN_POINT('',(0.3127055274,-2.995,1.999912292533));
#7083 = CARTESIAN_POINT('',(0.301840057175,-3.005,1.992114108162));
#7084 = CARTESIAN_POINT('',(0.301840057175,-2.995,1.992114108162));
#7085 = CARTESIAN_POINT('',(0.296381328114,-3.005,1.981820504789));
#7086 = CARTESIAN_POINT('',(0.296381328114,-2.995,1.981820504789));
#7087 = CARTESIAN_POINT('',(0.296381328114,-3.005,1.968927506628));
#7088 = CARTESIAN_POINT('',(0.296381328114,-2.995,1.968927506628));
#7089 = ADVANCED_FACE('',(#7090),#7116,.F.);
#7090 = FACE_BOUND('',#7091,.F.);
#7091 = EDGE_LOOP('',(#7092,#7093,#7102,#7109));
#7092 = ORIENTED_EDGE('',*,*,#7067,.F.);
#7093 = ORIENTED_EDGE('',*,*,#7094,.T.);
#7094 = EDGE_CURVE('',#7059,#7095,#7097,.T.);
#7095 = VERTEX_POINT('',#7096);
#7096 = CARTESIAN_POINT('',(0.303607645633,-3.005,1.945948856677));
#7097 = B_SPLINE_CURVE_WITH_KNOTS('',3,(#7098,#7099,#7100,#7101),
  .UNSPECIFIED.,.F.,.F.,(4,4),(5.,6.),.PIECEWISE_BEZIER_KNOTS.);
#7098 = CARTESIAN_POINT('',(0.296381328114,-3.005,1.968927506628));
#7099 = CARTESIAN_POINT('',(0.296381328114,-3.005,1.959985588547));
#7100 = CARTESIAN_POINT('',(0.298772771322,-3.005,1.952291379966));
#7101 = CARTESIAN_POINT('',(0.303607645633,-3.005,1.945948856677));
#7102 = ORIENTED_EDGE('',*,*,#7103,.T.);
#7103 = EDGE_CURVE('',#7095,#7104,#7106,.T.);
#7104 = VERTEX_POINT('',#7105);
#7105 = CARTESIAN_POINT('',(0.303607645633,-2.995,1.945948856677));
#7106 = B_SPLINE_CURVE_WITH_KNOTS('',1,(#7107,#7108),.UNSPECIFIED.,.F.,
  .F.,(2,2),(0.,1.E-02),.PIECEWISE_BEZIER_KNOTS.);
#7107 = CARTESIAN_POINT('',(0.303607645633,-3.005,1.945948856677));
#7108 = CARTESIAN_POINT('',(0.303607645633,-2.995,1.945948856677));
#7109 = ORIENTED_EDGE('',*,*,#7110,.F.);
#7110 = EDGE_CURVE('',#7068,#7104,#7111,.T.);
#7111 = B_SPLINE_CURVE_WITH_KNOTS('',3,(#7112,#7113,#7114,#7115),
  .UNSPECIFIED.,.F.,.F.,(4,4),(5.,6.),.PIECEWISE_BEZIER_KNOTS.);
#7112 = CARTESIAN_POINT('',(0.296381328114,-2.995,1.968927506628));
#7113 = CARTESIAN_POINT('',(0.296381328114,-2.995,1.959985588547));
#7114 = CARTESIAN_POINT('',(0.298772771322,-2.995,1.952291379966));
#7115 = CARTESIAN_POINT('',(0.303607645633,-2.995,1.945948856677));
#7116 = B_SPLINE_SURFACE_WITH_KNOTS('',3,1,(
    (#7117,#7118)
    ,(#7119,#7120)
    ,(#7121,#7122)
    ,(#7123,#7124
    )),.UNSPECIFIED.,.F.,.F.,.F.,(4,4),(2,2),(5.,6.),(0.,1.),
  .PIECEWISE_BEZIER_KNOTS.);
#7117 = CARTESIAN_POINT('',(0.296381328114,-3.005,1.968927506628));
#7118 = CARTESIAN_POINT('',(0.296381328114,-2.995,1.968927506628));
#7119 = CARTESIAN_POINT('',(0.296381328114,-3.005,1.959985588547));
#7120 = CARTESIAN_POINT('',(0.296381328114,-2.995,1.959985588547));
#7121 = CARTESIAN_POINT('',(0.298772771322,-3.005,1.952291379966));
#7122 = CARTESIAN_POINT('',(0.298772771322,-2.995,1.952291379966));
#7123 = CARTESIAN_POINT('',(0.303607645633,-3.005,1.945948856677));
#7124 = CARTESIAN_POINT('',(0.303607645633,-2.995,1.945948856677));
#7125 = ADVANCED_FACE('',(#7126),#7152,.F.);
#7126 = FACE_BOUND('',#7127,.F.);
#7127 = EDGE_LOOP('',(#7128,#7129,#7138,#7145));
#7128 = ORIENTED_EDGE('',*,*,#7103,.F.);
#7129 = ORIENTED_EDGE('',*,*,#7130,.T.);
#7130 = EDGE_CURVE('',#7095,#7131,#7133,.T.);
#7131 = VERTEX_POINT('',#7132);
#7132 = CARTESIAN_POINT('',(0.33495634681,-3.005,1.926713335225));
#7133 = B_SPLINE_CURVE_WITH_KNOTS('',3,(#7134,#7135,#7136,#7137),
  .UNSPECIFIED.,.F.,.F.,(4,4),(4.,5.),.PIECEWISE_BEZIER_KNOTS.);
#7134 = CARTESIAN_POINT('',(0.303607645633,-3.005,1.945948856677));
#7135 = CARTESIAN_POINT('',(0.308390532048,-3.005,1.939606333388));
#7136 = CARTESIAN_POINT('',(0.318892087002,-3.005,1.933159834306));
#7137 = CARTESIAN_POINT('',(0.33495634681,-3.005,1.926713335225));
#7138 = ORIENTED_EDGE('',*,*,#7139,.T.);
#7139 = EDGE_CURVE('',#7131,#7140,#7142,.T.);
#7140 = VERTEX_POINT('',#7141);
#7141 = CARTESIAN_POINT('',(0.33495634681,-2.995,1.926713335225));
#7142 = B_SPLINE_CURVE_WITH_KNOTS('',1,(#7143,#7144),.UNSPECIFIED.,.F.,
  .F.,(2,2),(0.,1.E-02),.PIECEWISE_BEZIER_KNOTS.);
#7143 = CARTESIAN_POINT('',(0.33495634681,-3.005,1.926713335225));
#7144 = CARTESIAN_POINT('',(0.33495634681,-2.995,1.926713335225));
#7145 = ORIENTED_EDGE('',*,*,#7146,.F.);
#7146 = EDGE_CURVE('',#7104,#7140,#7147,.T.);
#7147 = B_SPLINE_CURVE_WITH_KNOTS('',3,(#7148,#7149,#7150,#7151),
  .UNSPECIFIED.,.F.,.F.,(4,4),(4.,5.),.PIECEWISE_BEZIER_KNOTS.);
#7148 = CARTESIAN_POINT('',(0.303607645633,-2.995,1.945948856677));
#7149 = CARTESIAN_POINT('',(0.308390532048,-2.995,1.939606333388));
#7150 = CARTESIAN_POINT('',(0.318892087002,-2.995,1.933159834306));
#7151 = CARTESIAN_POINT('',(0.33495634681,-2.995,1.926713335225));
#7152 = B_SPLINE_SURFACE_WITH_KNOTS('',3,1,(
    (#7153,#7154)
    ,(#7155,#7156)
    ,(#7157,#7158)
    ,(#7159,#7160
    )),.UNSPECIFIED.,.F.,.F.,.F.,(4,4),(2,2),(4.,5.),(0.,1.),
  .PIECEWISE_BEZIER_KNOTS.);
#7153 = CARTESIAN_POINT('',(0.303607645633,-3.005,1.945948856677));
#7154 = CARTESIAN_POINT('',(0.303607645633,-2.995,1.945948856677));
#7155 = CARTESIAN_POINT('',(0.308390532048,-3.005,1.939606333388));
#7156 = CARTESIAN_POINT('',(0.308390532048,-2.995,1.939606333388));
#7157 = CARTESIAN_POINT('',(0.318892087002,-3.005,1.933159834306));
#7158 = CARTESIAN_POINT('',(0.318892087002,-2.995,1.933159834306));
#7159 = CARTESIAN_POINT('',(0.33495634681,-3.005,1.926713335225));
#7160 = CARTESIAN_POINT('',(0.33495634681,-2.995,1.926713335225));
#7161 = ADVANCED_FACE('',(#7162),#7188,.F.);
#7162 = FACE_BOUND('',#7163,.F.);
#7163 = EDGE_LOOP('',(#7164,#7165,#7174,#7181));
#7164 = ORIENTED_EDGE('',*,*,#7139,.F.);
#7165 = ORIENTED_EDGE('',*,*,#7166,.T.);
#7166 = EDGE_CURVE('',#7131,#7167,#7169,.T.);
#7167 = VERTEX_POINT('',#7168);
#7168 = CARTESIAN_POINT('',(0.361626137363,-3.005,1.91371636127));
#7169 = B_SPLINE_CURVE_WITH_KNOTS('',3,(#7170,#7171,#7172,#7173),
  .UNSPECIFIED.,.F.,.F.,(4,4),(3.,4.),.PIECEWISE_BEZIER_KNOTS.);
#7170 = CARTESIAN_POINT('',(0.33495634681,-3.005,1.926713335225));
#7171 = CARTESIAN_POINT('',(0.34836922393,-3.005,1.921722497227));
#7172 = CARTESIAN_POINT('',(0.357259154114,-3.005,1.917355513978));
#7173 = CARTESIAN_POINT('',(0.361626137363,-3.005,1.91371636127));
#7174 = ORIENTED_EDGE('',*,*,#7175,.T.);
#7175 = EDGE_CURVE('',#7167,#7176,#7178,.T.);
#7176 = VERTEX_POINT('',#7177);
#7177 = CARTESIAN_POINT('',(0.361626137363,-2.995,1.91371636127));
#7178 = B_SPLINE_CURVE_WITH_KNOTS('',1,(#7179,#7180),.UNSPECIFIED.,.F.,
  .F.,(2,2),(0.,1.E-02),.PIECEWISE_BEZIER_KNOTS.);
#7179 = CARTESIAN_POINT('',(0.361626137363,-3.005,1.91371636127));
#7180 = CARTESIAN_POINT('',(0.361626137363,-2.995,1.91371636127));
#7181 = ORIENTED_EDGE('',*,*,#7182,.F.);
#7182 = EDGE_CURVE('',#7140,#7176,#7183,.T.);
#7183 = B_SPLINE_CURVE_WITH_KNOTS('',3,(#7184,#7185,#7186,#7187),
  .UNSPECIFIED.,.F.,.F.,(4,4),(3.,4.),.PIECEWISE_BEZIER_KNOTS.);
#7184 = CARTESIAN_POINT('',(0.33495634681,-2.995,1.926713335225));
#7185 = CARTESIAN_POINT('',(0.34836922393,-2.995,1.921722497227));
#7186 = CARTESIAN_POINT('',(0.357259154114,-2.995,1.917355513978));
#7187 = CARTESIAN_POINT('',(0.361626137363,-2.995,1.91371636127));
#7188 = B_SPLINE_SURFACE_WITH_KNOTS('',3,1,(
    (#7189,#7190)
    ,(#7191,#7192)
    ,(#7193,#7194)
    ,(#7195,#7196
    )),.UNSPECIFIED.,.F.,.F.,.F.,(4,4),(2,2),(3.,4.),(0.,1.),
  .PIECEWISE_BEZIER_KNOTS.);
#7189 = CARTESIAN_POINT('',(0.33495634681,-3.005,1.926713335225));
#7190 = CARTESIAN_POINT('',(0.33495634681,-2.995,1.926713335225));
#7191 = CARTESIAN_POINT('',(0.34836922393,-3.005,1.921722497227));
#7192 = CARTESIAN_POINT('',(0.34836922393,-2.995,1.921722497227));
#7193 = CARTESIAN_POINT('',(0.357259154114,-3.005,1.917355513978));
#7194 = CARTESIAN_POINT('',(0.357259154114,-2.995,1.917355513978));
#7195 = CARTESIAN_POINT('',(0.361626137363,-3.005,1.91371636127));
#7196 = CARTESIAN_POINT('',(0.361626137363,-2.995,1.91371636127));
#7197 = ADVANCED_FACE('',(#7198),#7224,.F.);
#7198 = FACE_BOUND('',#7199,.F.);
#7199 = EDGE_LOOP('',(#7200,#7201,#7210,#7217));
#7200 = ORIENTED_EDGE('',*,*,#7175,.F.);
#7201 = ORIENTED_EDGE('',*,*,#7202,.T.);
#7202 = EDGE_CURVE('',#7167,#7203,#7205,.T.);
#7203 = VERTEX_POINT('',#7204);
#7204 = CARTESIAN_POINT('',(0.368176612236,-3.005,1.899887580984));
#7205 = B_SPLINE_CURVE_WITH_KNOTS('',3,(#7206,#7207,#7208,#7209),
  .UNSPECIFIED.,.F.,.F.,(4,4),(2.,3.),.PIECEWISE_BEZIER_KNOTS.);
#7206 = CARTESIAN_POINT('',(0.361626137363,-3.005,1.91371636127));
#7207 = CARTESIAN_POINT('',(0.365993120612,-3.005,1.910077208563));
#7208 = CARTESIAN_POINT('',(0.368176612236,-3.005,1.905502273733));
#7209 = CARTESIAN_POINT('',(0.368176612236,-3.005,1.899887580984));
#7210 = ORIENTED_EDGE('',*,*,#7211,.T.);
#7211 = EDGE_CURVE('',#7203,#7212,#7214,.T.);
#7212 = VERTEX_POINT('',#7213);
#7213 = CARTESIAN_POINT('',(0.368176612236,-2.995,1.899887580984));
#7214 = B_SPLINE_CURVE_WITH_KNOTS('',1,(#7215,#7216),.UNSPECIFIED.,.F.,
  .F.,(2,2),(0.,1.E-02),.PIECEWISE_BEZIER_KNOTS.);
#7215 = CARTESIAN_POINT('',(0.368176612236,-3.005,1.899887580984));
#7216 = CARTESIAN_POINT('',(0.368176612236,-2.995,1.899887580984));
#7217 = ORIENTED_EDGE('',*,*,#7218,.F.);
#7218 = EDGE_CURVE('',#7176,#7212,#7219,.T.);
#7219 = B_SPLINE_CURVE_WITH_KNOTS('',3,(#7220,#7221,#7222,#7223),
  .UNSPECIFIED.,.F.,.F.,(4,4),(2.,3.),.PIECEWISE_BEZIER_KNOTS.);
#7220 = CARTESIAN_POINT('',(0.361626137363,-2.995,1.91371636127));
#7221 = CARTESIAN_POINT('',(0.365993120612,-2.995,1.910077208563));
#7222 = CARTESIAN_POINT('',(0.368176612236,-2.995,1.905502273733));
#7223 = CARTESIAN_POINT('',(0.368176612236,-2.995,1.899887580984));
#7224 = B_SPLINE_SURFACE_WITH_KNOTS('',3,1,(
    (#7225,#7226)
    ,(#7227,#7228)
    ,(#7229,#7230)
    ,(#7231,#7232
    )),.UNSPECIFIED.,.F.,.F.,.F.,(4,4),(2,2),(2.,3.),(0.,1.),
  .PIECEWISE_BEZIER_KNOTS.);
#7225 = CARTESIAN_POINT('',(0.361626137363,-3.005,1.91371636127));
#7226 = CARTESIAN_POINT('',(0.361626137363,-2.995,1.91371636127));
#7227 = CARTESIAN_POINT('',(0.365993120612,-3.005,1.910077208563));
#7228 = CARTESIAN_POINT('',(0.365993120612,-2.995,1.910077208563));
#7229 = CARTESIAN_POINT('',(0.368176612236,-3.005,1.905502273733));
#7230 = CARTESIAN_POINT('',(0.368176612236,-2.995,1.905502273733));
#7231 = CARTESIAN_POINT('',(0.368176612236,-3.005,1.899887580984));
#7232 = CARTESIAN_POINT('',(0.368176612236,-2.995,1.899887580984));
#7233 = ADVANCED_FACE('',(#7234),#7252,.F.);
#7234 = FACE_BOUND('',#7235,.F.);
#7235 = EDGE_LOOP('',(#7236,#7237,#7244,#7245));
#7236 = ORIENTED_EDGE('',*,*,#7211,.F.);
#7237 = ORIENTED_EDGE('',*,*,#7238,.T.);
#7238 = EDGE_CURVE('',#7203,#6526,#7239,.T.);
#7239 = B_SPLINE_CURVE_WITH_KNOTS('',3,(#7240,#7241,#7242,#7243),
  .UNSPECIFIED.,.F.,.F.,(4,4),(1.,2.),.PIECEWISE_BEZIER_KNOTS.);
#7240 = CARTESIAN_POINT('',(0.368176612236,-3.005,1.899887580984));
#7241 = CARTESIAN_POINT('',(0.368176612236,-3.005,1.886786631238));
#7242 = CARTESIAN_POINT('',(0.358142948344,-3.005,1.880236156366));
#7243 = CARTESIAN_POINT('',(0.338127608455,-3.005,1.880236156366));
#7244 = ORIENTED_EDGE('',*,*,#6525,.T.);
#7245 = ORIENTED_EDGE('',*,*,#7246,.F.);
#7246 = EDGE_CURVE('',#7212,#6528,#7247,.T.);
#7247 = B_SPLINE_CURVE_WITH_KNOTS('',3,(#7248,#7249,#7250,#7251),
  .UNSPECIFIED.,.F.,.F.,(4,4),(1.,2.),.PIECEWISE_BEZIER_KNOTS.);
#7248 = CARTESIAN_POINT('',(0.368176612236,-2.995,1.899887580984));
#7249 = CARTESIAN_POINT('',(0.368176612236,-2.995,1.886786631238));
#7250 = CARTESIAN_POINT('',(0.358142948344,-2.995,1.880236156366));
#7251 = CARTESIAN_POINT('',(0.338127608455,-2.995,1.880236156366));
#7252 = B_SPLINE_SURFACE_WITH_KNOTS('',3,1,(
    (#7253,#7254)
    ,(#7255,#7256)
    ,(#7257,#7258)
    ,(#7259,#7260
    )),.UNSPECIFIED.,.F.,.F.,.F.,(4,4),(2,2),(1.,2.),(0.,1.),
  .PIECEWISE_BEZIER_KNOTS.);
#7253 = CARTESIAN_POINT('',(0.368176612236,-3.005,1.899887580984));
#7254 = CARTESIAN_POINT('',(0.368176612236,-2.995,1.899887580984));
#7255 = CARTESIAN_POINT('',(0.368176612236,-3.005,1.886786631238));
#7256 = CARTESIAN_POINT('',(0.368176612236,-2.995,1.886786631238));
#7257 = CARTESIAN_POINT('',(0.358142948344,-3.005,1.880236156366));
#7258 = CARTESIAN_POINT('',(0.358142948344,-2.995,1.880236156366));
#7259 = CARTESIAN_POINT('',(0.338127608455,-3.005,1.880236156366));
#7260 = CARTESIAN_POINT('',(0.338127608455,-2.995,1.880236156366));
#7261 = ADVANCED_FACE('',(#7262),#7285,.F.);
#7262 = FACE_BOUND('',#7263,.T.);
#7263 = EDGE_LOOP('',(#7264,#7265,#7266,#7267,#7268,#7269,#7270,#7271,
    #7272,#7273,#7274,#7275,#7276,#7277,#7278,#7279,#7280,#7281,#7282,
    #7283,#7284));
#7264 = ORIENTED_EDGE('',*,*,#6534,.T.);
#7265 = ORIENTED_EDGE('',*,*,#6583,.T.);
#7266 = ORIENTED_EDGE('',*,*,#6598,.T.);
#7267 = ORIENTED_EDGE('',*,*,#6634,.T.);
#7268 = ORIENTED_EDGE('',*,*,#6670,.T.);
#7269 = ORIENTED_EDGE('',*,*,#6706,.T.);
#7270 = ORIENTED_EDGE('',*,*,#6742,.T.);
#7271 = ORIENTED_EDGE('',*,*,#6778,.T.);
#7272 = ORIENTED_EDGE('',*,*,#6814,.T.);
#7273 = ORIENTED_EDGE('',*,*,#6850,.T.);
#7274 = ORIENTED_EDGE('',*,*,#6886,.T.);
#7275 = ORIENTED_EDGE('',*,*,#6922,.T.);
#7276 = ORIENTED_EDGE('',*,*,#6971,.T.);
#7277 = ORIENTED_EDGE('',*,*,#6986,.T.);
#7278 = ORIENTED_EDGE('',*,*,#7022,.T.);
#7279 = ORIENTED_EDGE('',*,*,#7058,.T.);
#7280 = ORIENTED_EDGE('',*,*,#7094,.T.);
#7281 = ORIENTED_EDGE('',*,*,#7130,.T.);
#7282 = ORIENTED_EDGE('',*,*,#7166,.T.);
#7283 = ORIENTED_EDGE('',*,*,#7202,.T.);
#7284 = ORIENTED_EDGE('',*,*,#7238,.T.);
#7285 = B_SPLINE_SURFACE_WITH_KNOTS('',1,1,(
    (#7286,#7287)
    ,(#7288,#7289
    )),.UNSPECIFIED.,.F.,.F.,.F.,(2,2),(2,2),(-2.430434129377E-02,
    0.127708266072),(-2.021029449825E-02,7.789086490605E-02),
  .PIECEWISE_BEZIER_KNOTS.);
#7286 = CARTESIAN_POINT('',(0.296225364427,-3.005,1.85944099804));
#7287 = CARTESIAN_POINT('',(0.394326523831,-3.005,1.85944099804));
#7288 = CARTESIAN_POINT('',(0.296225364427,-3.005,2.011453605405));
#7289 = CARTESIAN_POINT('',(0.394326523831,-3.005,2.011453605405));
#7290 = ADVANCED_FACE('',(#7291),#7314,.T.);
#7291 = FACE_BOUND('',#7292,.T.);
#7292 = EDGE_LOOP('',(#7293,#7294,#7295,#7296,#7297,#7298,#7299,#7300,
    #7301,#7302,#7303,#7304,#7305,#7306,#7307,#7308,#7309,#7310,#7311,
    #7312,#7313));
#7293 = ORIENTED_EDGE('',*,*,#6550,.F.);
#7294 = ORIENTED_EDGE('',*,*,#7246,.F.);
#7295 = ORIENTED_EDGE('',*,*,#7218,.F.);
#7296 = ORIENTED_EDGE('',*,*,#7182,.F.);
#7297 = ORIENTED_EDGE('',*,*,#7146,.F.);
#7298 = ORIENTED_EDGE('',*,*,#7110,.F.);
#7299 = ORIENTED_EDGE('',*,*,#7074,.F.);
#7300 = ORIENTED_EDGE('',*,*,#7038,.F.);
#7301 = ORIENTED_EDGE('',*,*,#7002,.F.);
#7302 = ORIENTED_EDGE('',*,*,#6957,.F.);
#7303 = ORIENTED_EDGE('',*,*,#6938,.F.);
#7304 = ORIENTED_EDGE('',*,*,#6902,.F.);
#7305 = ORIENTED_EDGE('',*,*,#6866,.F.);
#7306 = ORIENTED_EDGE('',*,*,#6830,.F.);
#7307 = ORIENTED_EDGE('',*,*,#6794,.F.);
#7308 = ORIENTED_EDGE('',*,*,#6758,.F.);
#7309 = ORIENTED_EDGE('',*,*,#6722,.F.);
#7310 = ORIENTED_EDGE('',*,*,#6686,.F.);
#7311 = ORIENTED_EDGE('',*,*,#6650,.F.);
#7312 = ORIENTED_EDGE('',*,*,#6614,.F.);
#7313 = ORIENTED_EDGE('',*,*,#6569,.F.);
#7314 = B_SPLINE_SURFACE_WITH_KNOTS('',1,1,(
    (#7315,#7316)
    ,(#7317,#7318
    )),.UNSPECIFIED.,.F.,.F.,.F.,(2,2),(2,2),(-2.430434129377E-02,
    0.127708266072),(-2.021029449825E-02,7.789086490605E-02),
  .PIECEWISE_BEZIER_KNOTS.);
#7315 = CARTESIAN_POINT('',(0.296225364427,-2.995,1.85944099804));
#7316 = CARTESIAN_POINT('',(0.394326523831,-2.995,1.85944099804));
#7317 = CARTESIAN_POINT('',(0.296225364427,-2.995,2.011453605405));
#7318 = CARTESIAN_POINT('',(0.394326523831,-2.995,2.011453605405));
#7319 = MANIFOLD_SOLID_BREP('',#7320);
#7320 = CLOSED_SHELL('',(#7321,#7357,#7385,#7421,#7449,#7477,#7505,#7533
    ,#7561,#7589,#7625,#7661,#7689,#7725,#7761,#7781,#7804));
#7321 = ADVANCED_FACE('',(#7322),#7352,.F.);
#7322 = FACE_BOUND('',#7323,.T.);
#7323 = EDGE_LOOP('',(#7324,#7333,#7340,#7347));
#7324 = ORIENTED_EDGE('',*,*,#7325,.T.);
#7325 = EDGE_CURVE('',#7326,#7328,#7330,.T.);
#7326 = VERTEX_POINT('',#7327);
#7327 = CARTESIAN_POINT('',(0.547014973842,-2.995,2.008126380073));
#7328 = VERTEX_POINT('',#7329);
#7329 = CARTESIAN_POINT('',(0.520605122769,-2.995,2.008126380073));
#7330 = B_SPLINE_CURVE_WITH_KNOTS('',1,(#7331,#7332),.UNSPECIFIED.,.F.,
  .F.,(2,2),(-2.640985107347E-02,-0.),.PIECEWISE_BEZIER_KNOTS.);
#7331 = CARTESIAN_POINT('',(0.547014973842,-2.995,2.008126380073));
#7332 = CARTESIAN_POINT('',(0.520605122769,-2.995,2.008126380073));
#7333 = ORIENTED_EDGE('',*,*,#7334,.F.);
#7334 = EDGE_CURVE('',#7335,#7328,#7337,.T.);
#7335 = VERTEX_POINT('',#7336);
#7336 = CARTESIAN_POINT('',(0.520605122769,-3.005,2.008126380073));
#7337 = B_SPLINE_CURVE_WITH_KNOTS('',1,(#7338,#7339),.UNSPECIFIED.,.F.,
  .F.,(2,2),(0.,1.E-02),.PIECEWISE_BEZIER_KNOTS.);
#7338 = CARTESIAN_POINT('',(0.520605122769,-3.005,2.008126380073));
#7339 = CARTESIAN_POINT('',(0.520605122769,-2.995,2.008126380073));
#7340 = ORIENTED_EDGE('',*,*,#7341,.F.);
#7341 = EDGE_CURVE('',#7342,#7335,#7344,.T.);
#7342 = VERTEX_POINT('',#7343);
#7343 = CARTESIAN_POINT('',(0.547014973842,-3.005,2.008126380073));
#7344 = B_SPLINE_CURVE_WITH_KNOTS('',1,(#7345,#7346),.UNSPECIFIED.,.F.,
  .F.,(2,2),(-2.640985107347E-02,-0.),.PIECEWISE_BEZIER_KNOTS.);
#7345 = CARTESIAN_POINT('',(0.547014973842,-3.005,2.008126380073));
#7346 = CARTESIAN_POINT('',(0.520605122769,-3.005,2.008126380073));
#7347 = ORIENTED_EDGE('',*,*,#7348,.T.);
#7348 = EDGE_CURVE('',#7342,#7326,#7349,.T.);
#7349 = B_SPLINE_CURVE_WITH_KNOTS('',1,(#7350,#7351),.UNSPECIFIED.,.F.,
  .F.,(2,2),(0.,1.E-02),.PIECEWISE_BEZIER_KNOTS.);
#7350 = CARTESIAN_POINT('',(0.547014973842,-3.005,2.008126380073));
#7351 = CARTESIAN_POINT('',(0.547014973842,-2.995,2.008126380073));
#7352 = B_SPLINE_SURFACE_WITH_KNOTS('',1,1,(
    (#7353,#7354)
    ,(#7355,#7356
    )),.UNSPECIFIED.,.F.,.F.,.F.,(2,2),(2,2),(-2.640985107347E-02,0.),(
    0.,1.E-02),.PIECEWISE_BEZIER_KNOTS.);
#7353 = CARTESIAN_POINT('',(0.547014973842,-3.005,2.008126380073));
#7354 = CARTESIAN_POINT('',(0.547014973842,-2.995,2.008126380073));
#7355 = CARTESIAN_POINT('',(0.520605122769,-3.005,2.008126380073));
#7356 = CARTESIAN_POINT('',(0.520605122769,-2.995,2.008126380073));
#7357 = ADVANCED_FACE('',(#7358),#7380,.F.);
#7358 = FACE_BOUND('',#7359,.T.);
#7359 = EDGE_LOOP('',(#7360,#7367,#7374,#7379));
#7360 = ORIENTED_EDGE('',*,*,#7361,.T.);
#7361 = EDGE_CURVE('',#7328,#7362,#7364,.T.);
#7362 = VERTEX_POINT('',#7363);
#7363 = CARTESIAN_POINT('',(0.480938358261,-2.995,1.898743847276));
#7364 = B_SPLINE_CURVE_WITH_KNOTS('',1,(#7365,#7366),.UNSPECIFIED.,.F.,
  .F.,(2,2),(-0.116352871419,-2.276673426348E-16),
  .PIECEWISE_BEZIER_KNOTS.);
#7365 = CARTESIAN_POINT('',(0.520605122769,-2.995,2.008126380073));
#7366 = CARTESIAN_POINT('',(0.480938358261,-2.995,1.898743847276));
#7367 = ORIENTED_EDGE('',*,*,#7368,.F.);
#7368 = EDGE_CURVE('',#7369,#7362,#7371,.T.);
#7369 = VERTEX_POINT('',#7370);
#7370 = CARTESIAN_POINT('',(0.480938358261,-3.005,1.898743847276));
#7371 = B_SPLINE_CURVE_WITH_KNOTS('',1,(#7372,#7373),.UNSPECIFIED.,.F.,
  .F.,(2,2),(0.,1.E-02),.PIECEWISE_BEZIER_KNOTS.);
#7372 = CARTESIAN_POINT('',(0.480938358261,-3.005,1.898743847276));
#7373 = CARTESIAN_POINT('',(0.480938358261,-2.995,1.898743847276));
#7374 = ORIENTED_EDGE('',*,*,#7375,.F.);
#7375 = EDGE_CURVE('',#7335,#7369,#7376,.T.);
#7376 = B_SPLINE_CURVE_WITH_KNOTS('',1,(#7377,#7378),.UNSPECIFIED.,.F.,
  .F.,(2,2),(-0.116352871419,-2.276673426348E-16),
  .PIECEWISE_BEZIER_KNOTS.);
#7377 = CARTESIAN_POINT('',(0.520605122769,-3.005,2.008126380073));
#7378 = CARTESIAN_POINT('',(0.480938358261,-3.005,1.898743847276));
#7379 = ORIENTED_EDGE('',*,*,#7334,.T.);
#7380 = B_SPLINE_SURFACE_WITH_KNOTS('',1,1,(
    (#7381,#7382)
    ,(#7383,#7384
    )),.UNSPECIFIED.,.F.,.F.,.F.,(2,2),(2,2),(-0.116352871419,
    -2.276673426348E-16),(0.,1.E-02),.PIECEWISE_BEZIER_KNOTS.);
#7381 = CARTESIAN_POINT('',(0.520605122769,-3.005,2.008126380073));
#7382 = CARTESIAN_POINT('',(0.520605122769,-2.995,2.008126380073));
#7383 = CARTESIAN_POINT('',(0.480938358261,-3.005,1.898743847276));
#7384 = CARTESIAN_POINT('',(0.480938358261,-2.995,1.898743847276));
#7385 = ADVANCED_FACE('',(#7386),#7412,.F.);
#7386 = FACE_BOUND('',#7387,.F.);
#7387 = EDGE_LOOP('',(#7388,#7389,#7398,#7405));
#7388 = ORIENTED_EDGE('',*,*,#7368,.F.);
#7389 = ORIENTED_EDGE('',*,*,#7390,.T.);
#7390 = EDGE_CURVE('',#7369,#7391,#7393,.T.);
#7391 = VERTEX_POINT('',#7392);
#7392 = CARTESIAN_POINT('',(0.477819084511,-3.005,1.886994582821));
#7393 = B_SPLINE_CURVE_WITH_KNOTS('',3,(#7394,#7395,#7396,#7397),
  .UNSPECIFIED.,.F.,.F.,(4,4),(12.,13.),.PIECEWISE_BEZIER_KNOTS.);
#7394 = CARTESIAN_POINT('',(0.480938358261,-3.005,1.898743847276));
#7395 = CARTESIAN_POINT('',(0.479378721387,-3.005,1.893649033486));
#7396 = CARTESIAN_POINT('',(0.478338963469,-3.005,1.889697953405));
#7397 = CARTESIAN_POINT('',(0.477819084511,-3.005,1.886994582821));
#7398 = ORIENTED_EDGE('',*,*,#7399,.T.);
#7399 = EDGE_CURVE('',#7391,#7400,#7402,.T.);
#7400 = VERTEX_POINT('',#7401);
#7401 = CARTESIAN_POINT('',(0.477819084511,-2.995,1.886994582821));
#7402 = B_SPLINE_CURVE_WITH_KNOTS('',1,(#7403,#7404),.UNSPECIFIED.,.F.,
  .F.,(2,2),(0.,1.E-02),.PIECEWISE_BEZIER_KNOTS.);
#7403 = CARTESIAN_POINT('',(0.477819084511,-3.005,1.886994582821));
#7404 = CARTESIAN_POINT('',(0.477819084511,-2.995,1.886994582821));
#7405 = ORIENTED_EDGE('',*,*,#7406,.F.);
#7406 = EDGE_CURVE('',#7362,#7400,#7407,.T.);
#7407 = B_SPLINE_CURVE_WITH_KNOTS('',3,(#7408,#7409,#7410,#7411),
  .UNSPECIFIED.,.F.,.F.,(4,4),(12.,13.),.PIECEWISE_BEZIER_KNOTS.);
#7408 = CARTESIAN_POINT('',(0.480938358261,-2.995,1.898743847276));
#7409 = CARTESIAN_POINT('',(0.479378721387,-2.995,1.893649033486));
#7410 = CARTESIAN_POINT('',(0.478338963469,-2.995,1.889697953405));
#7411 = CARTESIAN_POINT('',(0.477819084511,-2.995,1.886994582821));
#7412 = B_SPLINE_SURFACE_WITH_KNOTS('',3,1,(
    (#7413,#7414)
    ,(#7415,#7416)
    ,(#7417,#7418)
    ,(#7419,#7420
    )),.UNSPECIFIED.,.F.,.F.,.F.,(4,4),(2,2),(12.,13.),(0.,1.),
  .PIECEWISE_BEZIER_KNOTS.);
#7413 = CARTESIAN_POINT('',(0.480938358261,-3.005,1.898743847276));
#7414 = CARTESIAN_POINT('',(0.480938358261,-2.995,1.898743847276));
#7415 = CARTESIAN_POINT('',(0.479378721387,-3.005,1.893649033486));
#7416 = CARTESIAN_POINT('',(0.479378721387,-2.995,1.893649033486));
#7417 = CARTESIAN_POINT('',(0.478338963469,-3.005,1.889697953405));
#7418 = CARTESIAN_POINT('',(0.478338963469,-2.995,1.889697953405));
#7419 = CARTESIAN_POINT('',(0.477819084511,-3.005,1.886994582821));
#7420 = CARTESIAN_POINT('',(0.477819084511,-2.995,1.886994582821));
#7421 = ADVANCED_FACE('',(#7422),#7444,.F.);
#7422 = FACE_BOUND('',#7423,.T.);
#7423 = EDGE_LOOP('',(#7424,#7431,#7438,#7443));
#7424 = ORIENTED_EDGE('',*,*,#7425,.T.);
#7425 = EDGE_CURVE('',#7400,#7426,#7428,.T.);
#7426 = VERTEX_POINT('',#7427);
#7427 = CARTESIAN_POINT('',(0.477143241866,-2.995,1.886994582821));
#7428 = B_SPLINE_CURVE_WITH_KNOTS('',1,(#7429,#7430),.UNSPECIFIED.,.F.,
  .F.,(2,2),(-6.758426448344E-04,-0.),.PIECEWISE_BEZIER_KNOTS.);
#7429 = CARTESIAN_POINT('',(0.477819084511,-2.995,1.886994582821));
#7430 = CARTESIAN_POINT('',(0.477143241866,-2.995,1.886994582821));
#7431 = ORIENTED_EDGE('',*,*,#7432,.F.);
#7432 = EDGE_CURVE('',#7433,#7426,#7435,.T.);
#7433 = VERTEX_POINT('',#7434);
#7434 = CARTESIAN_POINT('',(0.477143241866,-3.005,1.886994582821));
#7435 = B_SPLINE_CURVE_WITH_KNOTS('',1,(#7436,#7437),.UNSPECIFIED.,.F.,
  .F.,(2,2),(0.,1.E-02),.PIECEWISE_BEZIER_KNOTS.);
#7436 = CARTESIAN_POINT('',(0.477143241866,-3.005,1.886994582821));
#7437 = CARTESIAN_POINT('',(0.477143241866,-2.995,1.886994582821));
#7438 = ORIENTED_EDGE('',*,*,#7439,.F.);
#7439 = EDGE_CURVE('',#7391,#7433,#7440,.T.);
#7440 = B_SPLINE_CURVE_WITH_KNOTS('',1,(#7441,#7442),.UNSPECIFIED.,.F.,
  .F.,(2,2),(-6.758426448344E-04,-0.),.PIECEWISE_BEZIER_KNOTS.);
#7441 = CARTESIAN_POINT('',(0.477819084511,-3.005,1.886994582821));
#7442 = CARTESIAN_POINT('',(0.477143241866,-3.005,1.886994582821));
#7443 = ORIENTED_EDGE('',*,*,#7399,.T.);
#7444 = B_SPLINE_SURFACE_WITH_KNOTS('',1,1,(
    (#7445,#7446)
    ,(#7447,#7448
    )),.UNSPECIFIED.,.F.,.F.,.F.,(2,2),(2,2),(-6.758426448344E-04,0.),(
    0.,1.E-02),.PIECEWISE_BEZIER_KNOTS.);
#7445 = CARTESIAN_POINT('',(0.477819084511,-3.005,1.886994582821));
#7446 = CARTESIAN_POINT('',(0.477819084511,-2.995,1.886994582821));
#7447 = CARTESIAN_POINT('',(0.477143241866,-3.005,1.886994582821));
#7448 = CARTESIAN_POINT('',(0.477143241866,-2.995,1.886994582821));
#7449 = ADVANCED_FACE('',(#7450),#7472,.F.);
#7450 = FACE_BOUND('',#7451,.T.);
#7451 = EDGE_LOOP('',(#7452,#7459,#7466,#7471));
#7452 = ORIENTED_EDGE('',*,*,#7453,.T.);
#7453 = EDGE_CURVE('',#7426,#7454,#7456,.T.);
#7454 = VERTEX_POINT('',#7455);
#7455 = CARTESIAN_POINT('',(0.474023968117,-2.995,1.898951798859));
#7456 = B_SPLINE_CURVE_WITH_KNOTS('',1,(#7457,#7458),.UNSPECIFIED.,.F.,
  .F.,(2,2),(-1.235738176562E-02,0.),.PIECEWISE_BEZIER_KNOTS.);
#7457 = CARTESIAN_POINT('',(0.477143241866,-2.995,1.886994582821));
#7458 = CARTESIAN_POINT('',(0.474023968117,-2.995,1.898951798859));
#7459 = ORIENTED_EDGE('',*,*,#7460,.F.);
#7460 = EDGE_CURVE('',#7461,#7454,#7463,.T.);
#7461 = VERTEX_POINT('',#7462);
#7462 = CARTESIAN_POINT('',(0.474023968117,-3.005,1.898951798859));
#7463 = B_SPLINE_CURVE_WITH_KNOTS('',1,(#7464,#7465),.UNSPECIFIED.,.F.,
  .F.,(2,2),(0.,1.E-02),.PIECEWISE_BEZIER_KNOTS.);
#7464 = CARTESIAN_POINT('',(0.474023968117,-3.005,1.898951798859));
#7465 = CARTESIAN_POINT('',(0.474023968117,-2.995,1.898951798859));
#7466 = ORIENTED_EDGE('',*,*,#7467,.F.);
#7467 = EDGE_CURVE('',#7433,#7461,#7468,.T.);
#7468 = B_SPLINE_CURVE_WITH_KNOTS('',1,(#7469,#7470),.UNSPECIFIED.,.F.,
  .F.,(2,2),(-1.235738176562E-02,0.),.PIECEWISE_BEZIER_KNOTS.);
#7469 = CARTESIAN_POINT('',(0.477143241866,-3.005,1.886994582821));
#7470 = CARTESIAN_POINT('',(0.474023968117,-3.005,1.898951798859));
#7471 = ORIENTED_EDGE('',*,*,#7432,.T.);
#7472 = B_SPLINE_SURFACE_WITH_KNOTS('',1,1,(
    (#7473,#7474)
    ,(#7475,#7476
    )),.UNSPECIFIED.,.F.,.F.,.F.,(2,2),(2,2),(-1.235738176562E-02,0.),(
    0.,1.E-02),.PIECEWISE_BEZIER_KNOTS.);
#7473 = CARTESIAN_POINT('',(0.477143241866,-3.005,1.886994582821));
#7474 = CARTESIAN_POINT('',(0.477143241866,-2.995,1.886994582821));
#7475 = CARTESIAN_POINT('',(0.474023968117,-3.005,1.898951798859));
#7476 = CARTESIAN_POINT('',(0.474023968117,-2.995,1.898951798859));
#7477 = ADVANCED_FACE('',(#7478),#7500,.F.);
#7478 = FACE_BOUND('',#7479,.T.);
#7479 = EDGE_LOOP('',(#7480,#7487,#7494,#7499));
#7480 = ORIENTED_EDGE('',*,*,#7481,.T.);
#7481 = EDGE_CURVE('',#7454,#7482,#7484,.T.);
#7482 = VERTEX_POINT('',#7483);
#7483 = CARTESIAN_POINT('',(0.436072804172,-2.995,2.008126380073));
#7484 = B_SPLINE_CURVE_WITH_KNOTS('',1,(#7485,#7486),.UNSPECIFIED.,.F.,
  .F.,(2,2),(-0.115582784306,0.),.PIECEWISE_BEZIER_KNOTS.);
#7485 = CARTESIAN_POINT('',(0.474023968117,-2.995,1.898951798859));
#7486 = CARTESIAN_POINT('',(0.436072804172,-2.995,2.008126380073));
#7487 = ORIENTED_EDGE('',*,*,#7488,.F.);
#7488 = EDGE_CURVE('',#7489,#7482,#7491,.T.);
#7489 = VERTEX_POINT('',#7490);
#7490 = CARTESIAN_POINT('',(0.436072804172,-3.005,2.008126380073));
#7491 = B_SPLINE_CURVE_WITH_KNOTS('',1,(#7492,#7493),.UNSPECIFIED.,.F.,
  .F.,(2,2),(0.,1.E-02),.PIECEWISE_BEZIER_KNOTS.);
#7492 = CARTESIAN_POINT('',(0.436072804172,-3.005,2.008126380073));
#7493 = CARTESIAN_POINT('',(0.436072804172,-2.995,2.008126380073));
#7494 = ORIENTED_EDGE('',*,*,#7495,.F.);
#7495 = EDGE_CURVE('',#7461,#7489,#7496,.T.);
#7496 = B_SPLINE_CURVE_WITH_KNOTS('',1,(#7497,#7498),.UNSPECIFIED.,.F.,
  .F.,(2,2),(-0.115582784306,0.),.PIECEWISE_BEZIER_KNOTS.);
#7497 = CARTESIAN_POINT('',(0.474023968117,-3.005,1.898951798859));
#7498 = CARTESIAN_POINT('',(0.436072804172,-3.005,2.008126380073));
#7499 = ORIENTED_EDGE('',*,*,#7460,.T.);
#7500 = B_SPLINE_SURFACE_WITH_KNOTS('',1,1,(
    (#7501,#7502)
    ,(#7503,#7504
    )),.UNSPECIFIED.,.F.,.F.,.F.,(2,2),(2,2),(-0.115582784306,0.),(0.,
    1.E-02),.PIECEWISE_BEZIER_KNOTS.);
#7501 = CARTESIAN_POINT('',(0.474023968117,-3.005,1.898951798859));
#7502 = CARTESIAN_POINT('',(0.474023968117,-2.995,1.898951798859));
#7503 = CARTESIAN_POINT('',(0.436072804172,-3.005,2.008126380073));
#7504 = CARTESIAN_POINT('',(0.436072804172,-2.995,2.008126380073));
#7505 = ADVANCED_FACE('',(#7506),#7528,.F.);
#7506 = FACE_BOUND('',#7507,.T.);
#7507 = EDGE_LOOP('',(#7508,#7515,#7522,#7527));
#7508 = ORIENTED_EDGE('',*,*,#7509,.T.);
#7509 = EDGE_CURVE('',#7482,#7510,#7512,.T.);
#7510 = VERTEX_POINT('',#7511);
#7511 = CARTESIAN_POINT('',(0.407583437264,-2.995,2.008126380073));
#7512 = B_SPLINE_CURVE_WITH_KNOTS('',1,(#7513,#7514),.UNSPECIFIED.,.F.,
  .F.,(2,2),(-2.84893669072E-02,-0.),.PIECEWISE_BEZIER_KNOTS.);
#7513 = CARTESIAN_POINT('',(0.436072804172,-2.995,2.008126380073));
#7514 = CARTESIAN_POINT('',(0.407583437264,-2.995,2.008126380073));
#7515 = ORIENTED_EDGE('',*,*,#7516,.F.);
#7516 = EDGE_CURVE('',#7517,#7510,#7519,.T.);
#7517 = VERTEX_POINT('',#7518);
#7518 = CARTESIAN_POINT('',(0.407583437264,-3.005,2.008126380073));
#7519 = B_SPLINE_CURVE_WITH_KNOTS('',1,(#7520,#7521),.UNSPECIFIED.,.F.,
  .F.,(2,2),(0.,1.E-02),.PIECEWISE_BEZIER_KNOTS.);
#7520 = CARTESIAN_POINT('',(0.407583437264,-3.005,2.008126380073));
#7521 = CARTESIAN_POINT('',(0.407583437264,-2.995,2.008126380073));
#7522 = ORIENTED_EDGE('',*,*,#7523,.F.);
#7523 = EDGE_CURVE('',#7489,#7517,#7524,.T.);
#7524 = B_SPLINE_CURVE_WITH_KNOTS('',1,(#7525,#7526),.UNSPECIFIED.,.F.,
  .F.,(2,2),(-2.84893669072E-02,-0.),.PIECEWISE_BEZIER_KNOTS.);
#7525 = CARTESIAN_POINT('',(0.436072804172,-3.005,2.008126380073));
#7526 = CARTESIAN_POINT('',(0.407583437264,-3.005,2.008126380073));
#7527 = ORIENTED_EDGE('',*,*,#7488,.T.);
#7528 = B_SPLINE_SURFACE_WITH_KNOTS('',1,1,(
    (#7529,#7530)
    ,(#7531,#7532
    )),.UNSPECIFIED.,.F.,.F.,.F.,(2,2),(2,2),(-2.84893669072E-02,0.),(0.
    ,1.E-02),.PIECEWISE_BEZIER_KNOTS.);
#7529 = CARTESIAN_POINT('',(0.436072804172,-3.005,2.008126380073));
#7530 = CARTESIAN_POINT('',(0.436072804172,-2.995,2.008126380073));
#7531 = CARTESIAN_POINT('',(0.407583437264,-3.005,2.008126380073));
#7532 = CARTESIAN_POINT('',(0.407583437264,-2.995,2.008126380073));
#7533 = ADVANCED_FACE('',(#7534),#7556,.F.);
#7534 = FACE_BOUND('',#7535,.T.);
#7535 = EDGE_LOOP('',(#7536,#7543,#7550,#7555));
#7536 = ORIENTED_EDGE('',*,*,#7537,.T.);
#7537 = EDGE_CURVE('',#7510,#7538,#7540,.T.);
#7538 = VERTEX_POINT('',#7539);
#7539 = CARTESIAN_POINT('',(0.464562171079,-2.995,1.863184126538));
#7540 = B_SPLINE_CURVE_WITH_KNOTS('',1,(#7541,#7542),.UNSPECIFIED.,.F.,
  .F.,(2,2),(-0.155739631972,0.),.PIECEWISE_BEZIER_KNOTS.);
#7541 = CARTESIAN_POINT('',(0.407583437264,-2.995,2.008126380073));
#7542 = CARTESIAN_POINT('',(0.464562171079,-2.995,1.863184126538));
#7543 = ORIENTED_EDGE('',*,*,#7544,.F.);
#7544 = EDGE_CURVE('',#7545,#7538,#7547,.T.);
#7545 = VERTEX_POINT('',#7546);
#7546 = CARTESIAN_POINT('',(0.464562171079,-3.005,1.863184126538));
#7547 = B_SPLINE_CURVE_WITH_KNOTS('',1,(#7548,#7549),.UNSPECIFIED.,.F.,
  .F.,(2,2),(0.,1.E-02),.PIECEWISE_BEZIER_KNOTS.);
#7548 = CARTESIAN_POINT('',(0.464562171079,-3.005,1.863184126538));
#7549 = CARTESIAN_POINT('',(0.464562171079,-2.995,1.863184126538));
#7550 = ORIENTED_EDGE('',*,*,#7551,.F.);
#7551 = EDGE_CURVE('',#7517,#7545,#7552,.T.);
#7552 = B_SPLINE_CURVE_WITH_KNOTS('',1,(#7553,#7554),.UNSPECIFIED.,.F.,
  .F.,(2,2),(-0.155739631972,0.),.PIECEWISE_BEZIER_KNOTS.);
#7553 = CARTESIAN_POINT('',(0.407583437264,-3.005,2.008126380073));
#7554 = CARTESIAN_POINT('',(0.464562171079,-3.005,1.863184126538));
#7555 = ORIENTED_EDGE('',*,*,#7516,.T.);
#7556 = B_SPLINE_SURFACE_WITH_KNOTS('',1,1,(
    (#7557,#7558)
    ,(#7559,#7560
    )),.UNSPECIFIED.,.F.,.F.,.F.,(2,2),(2,2),(-0.155739631972,0.),(0.,
    1.E-02),.PIECEWISE_BEZIER_KNOTS.);
#7557 = CARTESIAN_POINT('',(0.407583437264,-3.005,2.008126380073));
#7558 = CARTESIAN_POINT('',(0.407583437264,-2.995,2.008126380073));
#7559 = CARTESIAN_POINT('',(0.464562171079,-3.005,1.863184126538));
#7560 = CARTESIAN_POINT('',(0.464562171079,-2.995,1.863184126538));
#7561 = ADVANCED_FACE('',(#7562),#7584,.F.);
#7562 = FACE_BOUND('',#7563,.T.);
#7563 = EDGE_LOOP('',(#7564,#7571,#7578,#7583));
#7564 = ORIENTED_EDGE('',*,*,#7565,.T.);
#7565 = EDGE_CURVE('',#7538,#7566,#7568,.T.);
#7566 = VERTEX_POINT('',#7567);
#7567 = CARTESIAN_POINT('',(0.453384773478,-2.995,1.836774275463));
#7568 = B_SPLINE_CURVE_WITH_KNOTS('',1,(#7569,#7570),.UNSPECIFIED.,.F.,
  .F.,(2,2),(-2.867776928081E-02,-4.327185999136E-17),
  .PIECEWISE_BEZIER_KNOTS.);
#7569 = CARTESIAN_POINT('',(0.464562171079,-2.995,1.863184126538));
#7570 = CARTESIAN_POINT('',(0.453384773478,-2.995,1.836774275463));
#7571 = ORIENTED_EDGE('',*,*,#7572,.F.);
#7572 = EDGE_CURVE('',#7573,#7566,#7575,.T.);
#7573 = VERTEX_POINT('',#7574);
#7574 = CARTESIAN_POINT('',(0.453384773478,-3.005,1.836774275463));
#7575 = B_SPLINE_CURVE_WITH_KNOTS('',1,(#7576,#7577),.UNSPECIFIED.,.F.,
  .F.,(2,2),(0.,1.E-02),.PIECEWISE_BEZIER_KNOTS.);
#7576 = CARTESIAN_POINT('',(0.453384773478,-3.005,1.836774275463));
#7577 = CARTESIAN_POINT('',(0.453384773478,-2.995,1.836774275463));
#7578 = ORIENTED_EDGE('',*,*,#7579,.F.);
#7579 = EDGE_CURVE('',#7545,#7573,#7580,.T.);
#7580 = B_SPLINE_CURVE_WITH_KNOTS('',1,(#7581,#7582),.UNSPECIFIED.,.F.,
  .F.,(2,2),(-2.867776928081E-02,-4.327185999136E-17),
  .PIECEWISE_BEZIER_KNOTS.);
#7581 = CARTESIAN_POINT('',(0.464562171079,-3.005,1.863184126538));
#7582 = CARTESIAN_POINT('',(0.453384773478,-3.005,1.836774275463));
#7583 = ORIENTED_EDGE('',*,*,#7544,.T.);
#7584 = B_SPLINE_SURFACE_WITH_KNOTS('',1,1,(
    (#7585,#7586)
    ,(#7587,#7588
    )),.UNSPECIFIED.,.F.,.F.,.F.,(2,2),(2,2),(-2.867776928081E-02,0.),(
    0.,1.E-02),.PIECEWISE_BEZIER_KNOTS.);
#7585 = CARTESIAN_POINT('',(0.464562171079,-3.005,1.863184126538));
#7586 = CARTESIAN_POINT('',(0.464562171079,-2.995,1.863184126538));
#7587 = CARTESIAN_POINT('',(0.453384773478,-3.005,1.836774275463));
#7588 = CARTESIAN_POINT('',(0.453384773478,-2.995,1.836774275463));
#7589 = ADVANCED_FACE('',(#7590),#7616,.F.);
#7590 = FACE_BOUND('',#7591,.F.);
#7591 = EDGE_LOOP('',(#7592,#7593,#7602,#7609));
#7592 = ORIENTED_EDGE('',*,*,#7572,.F.);
#7593 = ORIENTED_EDGE('',*,*,#7594,.T.);
#7594 = EDGE_CURVE('',#7573,#7595,#7597,.T.);
#7595 = VERTEX_POINT('',#7596);
#7596 = CARTESIAN_POINT('',(0.427286849778,-3.005,1.816291044512));
#7597 = B_SPLINE_CURVE_WITH_KNOTS('',3,(#7598,#7599,#7600,#7601),
  .UNSPECIFIED.,.F.,.F.,(4,4),(5.,6.),.PIECEWISE_BEZIER_KNOTS.);
#7598 = CARTESIAN_POINT('',(0.453384773478,-3.005,1.836774275463));
#7599 = CARTESIAN_POINT('',(0.447614117043,-3.005,1.823049470968));
#7600 = CARTESIAN_POINT('',(0.438932138442,-3.005,1.816291044512));
#7601 = CARTESIAN_POINT('',(0.427286849778,-3.005,1.816291044512));
#7602 = ORIENTED_EDGE('',*,*,#7603,.T.);
#7603 = EDGE_CURVE('',#7595,#7604,#7606,.T.);
#7604 = VERTEX_POINT('',#7605);
#7605 = CARTESIAN_POINT('',(0.427286849778,-2.995,1.816291044512));
#7606 = B_SPLINE_CURVE_WITH_KNOTS('',1,(#7607,#7608),.UNSPECIFIED.,.F.,
  .F.,(2,2),(0.,1.E-02),.PIECEWISE_BEZIER_KNOTS.);
#7607 = CARTESIAN_POINT('',(0.427286849778,-3.005,1.816291044512));
#7608 = CARTESIAN_POINT('',(0.427286849778,-2.995,1.816291044512));
#7609 = ORIENTED_EDGE('',*,*,#7610,.F.);
#7610 = EDGE_CURVE('',#7566,#7604,#7611,.T.);
#7611 = B_SPLINE_CURVE_WITH_KNOTS('',3,(#7612,#7613,#7614,#7615),
  .UNSPECIFIED.,.F.,.F.,(4,4),(5.,6.),.PIECEWISE_BEZIER_KNOTS.);
#7612 = CARTESIAN_POINT('',(0.453384773478,-2.995,1.836774275463));
#7613 = CARTESIAN_POINT('',(0.447614117043,-2.995,1.823049470968));
#7614 = CARTESIAN_POINT('',(0.438932138442,-2.995,1.816291044512));
#7615 = CARTESIAN_POINT('',(0.427286849778,-2.995,1.816291044512));
#7616 = B_SPLINE_SURFACE_WITH_KNOTS('',3,1,(
    (#7617,#7618)
    ,(#7619,#7620)
    ,(#7621,#7622)
    ,(#7623,#7624
    )),.UNSPECIFIED.,.F.,.F.,.F.,(4,4),(2,2),(5.,6.),(0.,1.),
  .PIECEWISE_BEZIER_KNOTS.);
#7617 = CARTESIAN_POINT('',(0.453384773478,-3.005,1.836774275463));
#7618 = CARTESIAN_POINT('',(0.453384773478,-2.995,1.836774275463));
#7619 = CARTESIAN_POINT('',(0.447614117043,-3.005,1.823049470968));
#7620 = CARTESIAN_POINT('',(0.447614117043,-2.995,1.823049470968));
#7621 = CARTESIAN_POINT('',(0.438932138442,-3.005,1.816291044512));
#7622 = CARTESIAN_POINT('',(0.438932138442,-2.995,1.816291044512));
#7623 = CARTESIAN_POINT('',(0.427286849778,-3.005,1.816291044512));
#7624 = CARTESIAN_POINT('',(0.427286849778,-2.995,1.816291044512));
#7625 = ADVANCED_FACE('',(#7626),#7652,.F.);
#7626 = FACE_BOUND('',#7627,.F.);
#7627 = EDGE_LOOP('',(#7628,#7629,#7638,#7645));
#7628 = ORIENTED_EDGE('',*,*,#7603,.F.);
#7629 = ORIENTED_EDGE('',*,*,#7630,.T.);
#7630 = EDGE_CURVE('',#7595,#7631,#7633,.T.);
#7631 = VERTEX_POINT('',#7632);
#7632 = CARTESIAN_POINT('',(0.412834214742,-3.005,1.819202366678));
#7633 = B_SPLINE_CURVE_WITH_KNOTS('',3,(#7634,#7635,#7636,#7637),
  .UNSPECIFIED.,.F.,.F.,(4,4),(4.,5.),.PIECEWISE_BEZIER_KNOTS.);
#7634 = CARTESIAN_POINT('',(0.427286849778,-3.005,1.816291044512));
#7635 = CARTESIAN_POINT('',(0.422607939155,-3.005,1.816291044512));
#7636 = CARTESIAN_POINT('',(0.41782505274,-3.005,1.817226826637));
#7637 = CARTESIAN_POINT('',(0.412834214742,-3.005,1.819202366678));
#7638 = ORIENTED_EDGE('',*,*,#7639,.T.);
#7639 = EDGE_CURVE('',#7631,#7640,#7642,.T.);
#7640 = VERTEX_POINT('',#7641);
#7641 = CARTESIAN_POINT('',(0.412834214742,-2.995,1.819202366678));
#7642 = B_SPLINE_CURVE_WITH_KNOTS('',1,(#7643,#7644),.UNSPECIFIED.,.F.,
  .F.,(2,2),(0.,1.E-02),.PIECEWISE_BEZIER_KNOTS.);
#7643 = CARTESIAN_POINT('',(0.412834214742,-3.005,1.819202366678));
#7644 = CARTESIAN_POINT('',(0.412834214742,-2.995,1.819202366678));
#7645 = ORIENTED_EDGE('',*,*,#7646,.F.);
#7646 = EDGE_CURVE('',#7604,#7640,#7647,.T.);
#7647 = B_SPLINE_CURVE_WITH_KNOTS('',3,(#7648,#7649,#7650,#7651),
  .UNSPECIFIED.,.F.,.F.,(4,4),(4.,5.),.PIECEWISE_BEZIER_KNOTS.);
#7648 = CARTESIAN_POINT('',(0.427286849778,-2.995,1.816291044512));
#7649 = CARTESIAN_POINT('',(0.422607939155,-2.995,1.816291044512));
#7650 = CARTESIAN_POINT('',(0.41782505274,-2.995,1.817226826637));
#7651 = CARTESIAN_POINT('',(0.412834214742,-2.995,1.819202366678));
#7652 = B_SPLINE_SURFACE_WITH_KNOTS('',3,1,(
    (#7653,#7654)
    ,(#7655,#7656)
    ,(#7657,#7658)
    ,(#7659,#7660
    )),.UNSPECIFIED.,.F.,.F.,.F.,(4,4),(2,2),(4.,5.),(0.,1.),
  .PIECEWISE_BEZIER_KNOTS.);
#7653 = CARTESIAN_POINT('',(0.427286849778,-3.005,1.816291044512));
#7654 = CARTESIAN_POINT('',(0.427286849778,-2.995,1.816291044512));
#7655 = CARTESIAN_POINT('',(0.422607939155,-3.005,1.816291044512));
#7656 = CARTESIAN_POINT('',(0.422607939155,-2.995,1.816291044512));
#7657 = CARTESIAN_POINT('',(0.41782505274,-3.005,1.817226826637));
#7658 = CARTESIAN_POINT('',(0.41782505274,-2.995,1.817226826637));
#7659 = CARTESIAN_POINT('',(0.412834214742,-3.005,1.819202366678));
#7660 = CARTESIAN_POINT('',(0.412834214742,-2.995,1.819202366678));
#7661 = ADVANCED_FACE('',(#7662),#7684,.F.);
#7662 = FACE_BOUND('',#7663,.T.);
#7663 = EDGE_LOOP('',(#7664,#7671,#7678,#7683));
#7664 = ORIENTED_EDGE('',*,*,#7665,.T.);
#7665 = EDGE_CURVE('',#7640,#7666,#7668,.T.);
#7666 = VERTEX_POINT('',#7667);
#7667 = CARTESIAN_POINT('',(0.412834214742,-2.995,1.796535644102));
#7668 = B_SPLINE_CURVE_WITH_KNOTS('',1,(#7669,#7670),.UNSPECIFIED.,.F.,
  .F.,(2,2),(-2.266672257622E-02,-0.),.PIECEWISE_BEZIER_KNOTS.);
#7669 = CARTESIAN_POINT('',(0.412834214742,-2.995,1.819202366678));
#7670 = CARTESIAN_POINT('',(0.412834214742,-2.995,1.796535644102));
#7671 = ORIENTED_EDGE('',*,*,#7672,.F.);
#7672 = EDGE_CURVE('',#7673,#7666,#7675,.T.);
#7673 = VERTEX_POINT('',#7674);
#7674 = CARTESIAN_POINT('',(0.412834214742,-3.005,1.796535644102));
#7675 = B_SPLINE_CURVE_WITH_KNOTS('',1,(#7676,#7677),.UNSPECIFIED.,.F.,
  .F.,(2,2),(0.,1.E-02),.PIECEWISE_BEZIER_KNOTS.);
#7676 = CARTESIAN_POINT('',(0.412834214742,-3.005,1.796535644102));
#7677 = CARTESIAN_POINT('',(0.412834214742,-2.995,1.796535644102));
#7678 = ORIENTED_EDGE('',*,*,#7679,.F.);
#7679 = EDGE_CURVE('',#7631,#7673,#7680,.T.);
#7680 = B_SPLINE_CURVE_WITH_KNOTS('',1,(#7681,#7682),.UNSPECIFIED.,.F.,
  .F.,(2,2),(-2.266672257622E-02,-0.),.PIECEWISE_BEZIER_KNOTS.);
#7681 = CARTESIAN_POINT('',(0.412834214742,-3.005,1.819202366678));
#7682 = CARTESIAN_POINT('',(0.412834214742,-3.005,1.796535644102));
#7683 = ORIENTED_EDGE('',*,*,#7639,.T.);
#7684 = B_SPLINE_SURFACE_WITH_KNOTS('',1,1,(
    (#7685,#7686)
    ,(#7687,#7688
    )),.UNSPECIFIED.,.F.,.F.,.F.,(2,2),(2,2),(-2.266672257622E-02,0.),(
    0.,1.E-02),.PIECEWISE_BEZIER_KNOTS.);
#7685 = CARTESIAN_POINT('',(0.412834214742,-3.005,1.819202366678));
#7686 = CARTESIAN_POINT('',(0.412834214742,-2.995,1.819202366678));
#7687 = CARTESIAN_POINT('',(0.412834214742,-3.005,1.796535644102));
#7688 = CARTESIAN_POINT('',(0.412834214742,-2.995,1.796535644102));
#7689 = ADVANCED_FACE('',(#7690),#7716,.F.);
#7690 = FACE_BOUND('',#7691,.F.);
#7691 = EDGE_LOOP('',(#7692,#7693,#7702,#7709));
#7692 = ORIENTED_EDGE('',*,*,#7672,.F.);
#7693 = ORIENTED_EDGE('',*,*,#7694,.T.);
#7694 = EDGE_CURVE('',#7673,#7695,#7697,.T.);
#7695 = VERTEX_POINT('',#7696);
#7696 = CARTESIAN_POINT('',(0.42926238982,-3.005,1.794456128269));
#7697 = B_SPLINE_CURVE_WITH_KNOTS('',3,(#7698,#7699,#7700,#7701),
  .UNSPECIFIED.,.F.,.F.,(4,4),(2.,3.),.PIECEWISE_BEZIER_KNOTS.);
#7698 = CARTESIAN_POINT('',(0.412834214742,-3.005,1.796535644102));
#7699 = CARTESIAN_POINT('',(0.417357161678,-3.005,1.795183958811));
#7700 = CARTESIAN_POINT('',(0.422867878634,-3.005,1.794456128269));
#7701 = CARTESIAN_POINT('',(0.42926238982,-3.005,1.794456128269));
#7702 = ORIENTED_EDGE('',*,*,#7703,.T.);
#7703 = EDGE_CURVE('',#7695,#7704,#7706,.T.);
#7704 = VERTEX_POINT('',#7705);
#7705 = CARTESIAN_POINT('',(0.42926238982,-2.995,1.794456128269));
#7706 = B_SPLINE_CURVE_WITH_KNOTS('',1,(#7707,#7708),.UNSPECIFIED.,.F.,
  .F.,(2,2),(0.,1.E-02),.PIECEWISE_BEZIER_KNOTS.);
#7707 = CARTESIAN_POINT('',(0.42926238982,-3.005,1.794456128269));
#7708 = CARTESIAN_POINT('',(0.42926238982,-2.995,1.794456128269));
#7709 = ORIENTED_EDGE('',*,*,#7710,.F.);
#7710 = EDGE_CURVE('',#7666,#7704,#7711,.T.);
#7711 = B_SPLINE_CURVE_WITH_KNOTS('',3,(#7712,#7713,#7714,#7715),
  .UNSPECIFIED.,.F.,.F.,(4,4),(2.,3.),.PIECEWISE_BEZIER_KNOTS.);
#7712 = CARTESIAN_POINT('',(0.412834214742,-2.995,1.796535644102));
#7713 = CARTESIAN_POINT('',(0.417357161678,-2.995,1.795183958811));
#7714 = CARTESIAN_POINT('',(0.422867878634,-2.995,1.794456128269));
#7715 = CARTESIAN_POINT('',(0.42926238982,-2.995,1.794456128269));
#7716 = B_SPLINE_SURFACE_WITH_KNOTS('',3,1,(
    (#7717,#7718)
    ,(#7719,#7720)
    ,(#7721,#7722)
    ,(#7723,#7724
    )),.UNSPECIFIED.,.F.,.F.,.F.,(4,4),(2,2),(2.,3.),(0.,1.),
  .PIECEWISE_BEZIER_KNOTS.);
#7717 = CARTESIAN_POINT('',(0.412834214742,-3.005,1.796535644102));
#7718 = CARTESIAN_POINT('',(0.412834214742,-2.995,1.796535644102));
#7719 = CARTESIAN_POINT('',(0.417357161678,-3.005,1.795183958811));
#7720 = CARTESIAN_POINT('',(0.417357161678,-2.995,1.795183958811));
#7721 = CARTESIAN_POINT('',(0.422867878634,-3.005,1.794456128269));
#7722 = CARTESIAN_POINT('',(0.422867878634,-2.995,1.794456128269));
#7723 = CARTESIAN_POINT('',(0.42926238982,-3.005,1.794456128269));
#7724 = CARTESIAN_POINT('',(0.42926238982,-2.995,1.794456128269));
#7725 = ADVANCED_FACE('',(#7726),#7752,.F.);
#7726 = FACE_BOUND('',#7727,.F.);
#7727 = EDGE_LOOP('',(#7728,#7729,#7738,#7745));
#7728 = ORIENTED_EDGE('',*,*,#7703,.F.);
#7729 = ORIENTED_EDGE('',*,*,#7730,.T.);
#7730 = EDGE_CURVE('',#7695,#7731,#7733,.T.);
#7731 = VERTEX_POINT('',#7732);
#7732 = CARTESIAN_POINT('',(0.481094321948,-3.005,1.840933307129));
#7733 = B_SPLINE_CURVE_WITH_KNOTS('',3,(#7734,#7735,#7736,#7737),
  .UNSPECIFIED.,.F.,.F.,(4,4),(1.,2.),.PIECEWISE_BEZIER_KNOTS.);
#7734 = CARTESIAN_POINT('',(0.42926238982,-3.005,1.794456128269));
#7735 = CARTESIAN_POINT('',(0.451565197124,-3.005,1.794456128269));
#7736 = CARTESIAN_POINT('',(0.468825178536,-3.005,1.809948521222));
#7737 = CARTESIAN_POINT('',(0.481094321948,-3.005,1.840933307129));
#7738 = ORIENTED_EDGE('',*,*,#7739,.T.);
#7739 = EDGE_CURVE('',#7731,#7740,#7742,.T.);
#7740 = VERTEX_POINT('',#7741);
#7741 = CARTESIAN_POINT('',(0.481094321948,-2.995,1.840933307129));
#7742 = B_SPLINE_CURVE_WITH_KNOTS('',1,(#7743,#7744),.UNSPECIFIED.,.F.,
  .F.,(2,2),(0.,1.E-02),.PIECEWISE_BEZIER_KNOTS.);
#7743 = CARTESIAN_POINT('',(0.481094321948,-3.005,1.840933307129));
#7744 = CARTESIAN_POINT('',(0.481094321948,-2.995,1.840933307129));
#7745 = ORIENTED_EDGE('',*,*,#7746,.F.);
#7746 = EDGE_CURVE('',#7704,#7740,#7747,.T.);
#7747 = B_SPLINE_CURVE_WITH_KNOTS('',3,(#7748,#7749,#7750,#7751),
  .UNSPECIFIED.,.F.,.F.,(4,4),(1.,2.),.PIECEWISE_BEZIER_KNOTS.);
#7748 = CARTESIAN_POINT('',(0.42926238982,-2.995,1.794456128269));
#7749 = CARTESIAN_POINT('',(0.451565197124,-2.995,1.794456128269));
#7750 = CARTESIAN_POINT('',(0.468825178536,-2.995,1.809948521222));
#7751 = CARTESIAN_POINT('',(0.481094321948,-2.995,1.840933307129));
#7752 = B_SPLINE_SURFACE_WITH_KNOTS('',3,1,(
    (#7753,#7754)
    ,(#7755,#7756)
    ,(#7757,#7758)
    ,(#7759,#7760
    )),.UNSPECIFIED.,.F.,.F.,.F.,(4,4),(2,2),(1.,2.),(0.,1.),
  .PIECEWISE_BEZIER_KNOTS.);
#7753 = CARTESIAN_POINT('',(0.42926238982,-3.005,1.794456128269));
#7754 = CARTESIAN_POINT('',(0.42926238982,-2.995,1.794456128269));
#7755 = CARTESIAN_POINT('',(0.451565197124,-3.005,1.794456128269));
#7756 = CARTESIAN_POINT('',(0.451565197124,-2.995,1.794456128269));
#7757 = CARTESIAN_POINT('',(0.468825178536,-3.005,1.809948521222));
#7758 = CARTESIAN_POINT('',(0.468825178536,-2.995,1.809948521222));
#7759 = CARTESIAN_POINT('',(0.481094321948,-3.005,1.840933307129));
#7760 = CARTESIAN_POINT('',(0.481094321948,-2.995,1.840933307129));
#7761 = ADVANCED_FACE('',(#7762),#7776,.F.);
#7762 = FACE_BOUND('',#7763,.T.);
#7763 = EDGE_LOOP('',(#7764,#7769,#7770,#7775));
#7764 = ORIENTED_EDGE('',*,*,#7765,.T.);
#7765 = EDGE_CURVE('',#7740,#7326,#7766,.T.);
#7766 = B_SPLINE_CURVE_WITH_KNOTS('',1,(#7767,#7768),.UNSPECIFIED.,.F.,
  .F.,(2,2),(-0.179719381221,0.),.PIECEWISE_BEZIER_KNOTS.);
#7767 = CARTESIAN_POINT('',(0.481094321948,-2.995,1.840933307129));
#7768 = CARTESIAN_POINT('',(0.547014973842,-2.995,2.008126380073));
#7769 = ORIENTED_EDGE('',*,*,#7348,.F.);
#7770 = ORIENTED_EDGE('',*,*,#7771,.F.);
#7771 = EDGE_CURVE('',#7731,#7342,#7772,.T.);
#7772 = B_SPLINE_CURVE_WITH_KNOTS('',1,(#7773,#7774),.UNSPECIFIED.,.F.,
  .F.,(2,2),(-0.179719381221,0.),.PIECEWISE_BEZIER_KNOTS.);
#7773 = CARTESIAN_POINT('',(0.481094321948,-3.005,1.840933307129));
#7774 = CARTESIAN_POINT('',(0.547014973842,-3.005,2.008126380073));
#7775 = ORIENTED_EDGE('',*,*,#7739,.T.);
#7776 = B_SPLINE_SURFACE_WITH_KNOTS('',1,1,(
    (#7777,#7778)
    ,(#7779,#7780
    )),.UNSPECIFIED.,.F.,.F.,.F.,(2,2),(2,2),(-0.179719381221,0.),(0.,
    1.E-02),.PIECEWISE_BEZIER_KNOTS.);
#7777 = CARTESIAN_POINT('',(0.481094321948,-3.005,1.840933307129));
#7778 = CARTESIAN_POINT('',(0.481094321948,-2.995,1.840933307129));
#7779 = CARTESIAN_POINT('',(0.547014973842,-3.005,2.008126380073));
#7780 = CARTESIAN_POINT('',(0.547014973842,-2.995,2.008126380073));
#7781 = ADVANCED_FACE('',(#7782),#7799,.T.);
#7782 = FACE_BOUND('',#7783,.T.);
#7783 = EDGE_LOOP('',(#7784,#7785,#7786,#7787,#7788,#7789,#7790,#7791,
    #7792,#7793,#7794,#7795,#7796,#7797,#7798));
#7784 = ORIENTED_EDGE('',*,*,#7341,.T.);
#7785 = ORIENTED_EDGE('',*,*,#7375,.T.);
#7786 = ORIENTED_EDGE('',*,*,#7390,.T.);
#7787 = ORIENTED_EDGE('',*,*,#7439,.T.);
#7788 = ORIENTED_EDGE('',*,*,#7467,.T.);
#7789 = ORIENTED_EDGE('',*,*,#7495,.T.);
#7790 = ORIENTED_EDGE('',*,*,#7523,.T.);
#7791 = ORIENTED_EDGE('',*,*,#7551,.T.);
#7792 = ORIENTED_EDGE('',*,*,#7579,.T.);
#7793 = ORIENTED_EDGE('',*,*,#7594,.T.);
#7794 = ORIENTED_EDGE('',*,*,#7630,.T.);
#7795 = ORIENTED_EDGE('',*,*,#7679,.T.);
#7796 = ORIENTED_EDGE('',*,*,#7694,.T.);
#7797 = ORIENTED_EDGE('',*,*,#7730,.T.);
#7798 = ORIENTED_EDGE('',*,*,#7771,.T.);
#7799 = B_SPLINE_SURFACE_WITH_KNOTS('',1,1,(
    (#7800,#7801)
    ,(#7802,#7803
    )),.UNSPECIFIED.,.F.,.F.,.F.,(2,2),(2,2),(-0.202050957089,
    1.161929471512E-02),(-5.135754257912E-02,8.807399399881E-02),
  .PIECEWISE_BEZIER_KNOTS.);
#7800 = CARTESIAN_POINT('',(0.407583437264,-3.005,2.008126380073));
#7801 = CARTESIAN_POINT('',(0.547014973842,-3.005,2.008126380073));
#7802 = CARTESIAN_POINT('',(0.407583437264,-3.005,1.794456128269));
#7803 = CARTESIAN_POINT('',(0.547014973842,-3.005,1.794456128269));
#7804 = ADVANCED_FACE('',(#7805),#7822,.F.);
#7805 = FACE_BOUND('',#7806,.T.);
#7806 = EDGE_LOOP('',(#7807,#7808,#7809,#7810,#7811,#7812,#7813,#7814,
    #7815,#7816,#7817,#7818,#7819,#7820,#7821));
#7807 = ORIENTED_EDGE('',*,*,#7325,.F.);
#7808 = ORIENTED_EDGE('',*,*,#7765,.F.);
#7809 = ORIENTED_EDGE('',*,*,#7746,.F.);
#7810 = ORIENTED_EDGE('',*,*,#7710,.F.);
#7811 = ORIENTED_EDGE('',*,*,#7665,.F.);
#7812 = ORIENTED_EDGE('',*,*,#7646,.F.);
#7813 = ORIENTED_EDGE('',*,*,#7610,.F.);
#7814 = ORIENTED_EDGE('',*,*,#7565,.F.);
#7815 = ORIENTED_EDGE('',*,*,#7537,.F.);
#7816 = ORIENTED_EDGE('',*,*,#7509,.F.);
#7817 = ORIENTED_EDGE('',*,*,#7481,.F.);
#7818 = ORIENTED_EDGE('',*,*,#7453,.F.);
#7819 = ORIENTED_EDGE('',*,*,#7425,.F.);
#7820 = ORIENTED_EDGE('',*,*,#7406,.F.);
#7821 = ORIENTED_EDGE('',*,*,#7361,.F.);
#7822 = B_SPLINE_SURFACE_WITH_KNOTS('',1,1,(
    (#7823,#7824)
    ,(#7825,#7826
    )),.UNSPECIFIED.,.F.,.F.,.F.,(2,2),(2,2),(-0.202050957089,
    1.161929471512E-02),(-5.135754257912E-02,8.807399399881E-02),
  .PIECEWISE_BEZIER_KNOTS.);
#7823 = CARTESIAN_POINT('',(0.407583437264,-2.995,2.008126380073));
#7824 = CARTESIAN_POINT('',(0.547014973842,-2.995,2.008126380073));
#7825 = CARTESIAN_POINT('',(0.407583437264,-2.995,1.794456128269));
#7826 = CARTESIAN_POINT('',(0.547014973842,-2.995,1.794456128269));
#7827 = MANIFOLD_SOLID_BREP('',#7828);
#7828 = CLOSED_SHELL('',(#7829,#7865,#7893,#7921,#7949,#7977,#8005,#8033
    ,#8061,#8089,#8117,#8145,#8165,#8185));
#7829 = ADVANCED_FACE('',(#7830),#7860,.F.);
#7830 = FACE_BOUND('',#7831,.T.);
#7831 = EDGE_LOOP('',(#7832,#7841,#7848,#7855));
#7832 = ORIENTED_EDGE('',*,*,#7833,.T.);
#7833 = EDGE_CURVE('',#7834,#7836,#7838,.T.);
#7834 = VERTEX_POINT('',#7835);
#7835 = CARTESIAN_POINT('',(0.68384711563,-2.995,1.862872199164));
#7836 = VERTEX_POINT('',#7837);
#7837 = CARTESIAN_POINT('',(0.68384711563,-2.995,1.886058800697));
#7838 = B_SPLINE_CURVE_WITH_KNOTS('',1,(#7839,#7840),.UNSPECIFIED.,.F.,
  .F.,(2,2),(-2.318660153379E-02,0.),.PIECEWISE_BEZIER_KNOTS.);
#7839 = CARTESIAN_POINT('',(0.68384711563,-2.995,1.862872199164));
#7840 = CARTESIAN_POINT('',(0.68384711563,-2.995,1.886058800697));
#7841 = ORIENTED_EDGE('',*,*,#7842,.F.);
#7842 = EDGE_CURVE('',#7843,#7836,#7845,.T.);
#7843 = VERTEX_POINT('',#7844);
#7844 = CARTESIAN_POINT('',(0.68384711563,-3.005,1.886058800697));
#7845 = B_SPLINE_CURVE_WITH_KNOTS('',1,(#7846,#7847),.UNSPECIFIED.,.F.,
  .F.,(2,2),(0.,1.E-02),.PIECEWISE_BEZIER_KNOTS.);
#7846 = CARTESIAN_POINT('',(0.68384711563,-3.005,1.886058800697));
#7847 = CARTESIAN_POINT('',(0.68384711563,-2.995,1.886058800697));
#7848 = ORIENTED_EDGE('',*,*,#7849,.F.);
#7849 = EDGE_CURVE('',#7850,#7843,#7852,.T.);
#7850 = VERTEX_POINT('',#7851);
#7851 = CARTESIAN_POINT('',(0.68384711563,-3.005,1.862872199164));
#7852 = B_SPLINE_CURVE_WITH_KNOTS('',1,(#7853,#7854),.UNSPECIFIED.,.F.,
  .F.,(2,2),(-2.318660153379E-02,0.),.PIECEWISE_BEZIER_KNOTS.);
#7853 = CARTESIAN_POINT('',(0.68384711563,-3.005,1.862872199164));
#7854 = CARTESIAN_POINT('',(0.68384711563,-3.005,1.886058800697));
#7855 = ORIENTED_EDGE('',*,*,#7856,.T.);
#7856 = EDGE_CURVE('',#7850,#7834,#7857,.T.);
#7857 = B_SPLINE_CURVE_WITH_KNOTS('',1,(#7858,#7859),.UNSPECIFIED.,.F.,
  .F.,(2,2),(0.,1.E-02),.PIECEWISE_BEZIER_KNOTS.);
#7858 = CARTESIAN_POINT('',(0.68384711563,-3.005,1.862872199164));
#7859 = CARTESIAN_POINT('',(0.68384711563,-2.995,1.862872199164));
#7860 = B_SPLINE_SURFACE_WITH_KNOTS('',1,1,(
    (#7861,#7862)
    ,(#7863,#7864
    )),.UNSPECIFIED.,.F.,.F.,.F.,(2,2),(2,2),(-2.318660153379E-02,0.),(
    0.,1.E-02),.PIECEWISE_BEZIER_KNOTS.);
#7861 = CARTESIAN_POINT('',(0.68384711563,-3.005,1.862872199164));
#7862 = CARTESIAN_POINT('',(0.68384711563,-2.995,1.862872199164));
#7863 = CARTESIAN_POINT('',(0.68384711563,-3.005,1.886058800697));
#7864 = CARTESIAN_POINT('',(0.68384711563,-2.995,1.886058800697));
#7865 = ADVANCED_FACE('',(#7866),#7888,.F.);
#7866 = FACE_BOUND('',#7867,.T.);
#7867 = EDGE_LOOP('',(#7868,#7875,#7882,#7887));
#7868 = ORIENTED_EDGE('',*,*,#7869,.T.);
#7869 = EDGE_CURVE('',#7836,#7870,#7872,.T.);
#7870 = VERTEX_POINT('',#7871);
#7871 = CARTESIAN_POINT('',(0.600718470221,-2.995,1.886058800697));
#7872 = B_SPLINE_CURVE_WITH_KNOTS('',1,(#7873,#7874),.UNSPECIFIED.,.F.,
  .F.,(2,2),(-8.312864540908E-02,-0.),.PIECEWISE_BEZIER_KNOTS.);
#7873 = CARTESIAN_POINT('',(0.68384711563,-2.995,1.886058800697));
#7874 = CARTESIAN_POINT('',(0.600718470221,-2.995,1.886058800697));
#7875 = ORIENTED_EDGE('',*,*,#7876,.F.);
#7876 = EDGE_CURVE('',#7877,#7870,#7879,.T.);
#7877 = VERTEX_POINT('',#7878);
#7878 = CARTESIAN_POINT('',(0.600718470221,-3.005,1.886058800697));
#7879 = B_SPLINE_CURVE_WITH_KNOTS('',1,(#7880,#7881),.UNSPECIFIED.,.F.,
  .F.,(2,2),(0.,1.E-02),.PIECEWISE_BEZIER_KNOTS.);
#7880 = CARTESIAN_POINT('',(0.600718470221,-3.005,1.886058800697));
#7881 = CARTESIAN_POINT('',(0.600718470221,-2.995,1.886058800697));
#7882 = ORIENTED_EDGE('',*,*,#7883,.F.);
#7883 = EDGE_CURVE('',#7843,#7877,#7884,.T.);
#7884 = B_SPLINE_CURVE_WITH_KNOTS('',1,(#7885,#7886),.UNSPECIFIED.,.F.,
  .F.,(2,2),(-8.312864540908E-02,-0.),.PIECEWISE_BEZIER_KNOTS.);
#7885 = CARTESIAN_POINT('',(0.68384711563,-3.005,1.886058800697));
#7886 = CARTESIAN_POINT('',(0.600718470221,-3.005,1.886058800697));
#7887 = ORIENTED_EDGE('',*,*,#7842,.T.);
#7888 = B_SPLINE_SURFACE_WITH_KNOTS('',1,1,(
    (#7889,#7890)
    ,(#7891,#7892
    )),.UNSPECIFIED.,.F.,.F.,.F.,(2,2),(2,2),(-8.312864540908E-02,0.),(
    0.,1.E-02),.PIECEWISE_BEZIER_KNOTS.);
#7889 = CARTESIAN_POINT('',(0.68384711563,-3.005,1.886058800697));
#7890 = CARTESIAN_POINT('',(0.68384711563,-2.995,1.886058800697));
#7891 = CARTESIAN_POINT('',(0.600718470221,-3.005,1.886058800697));
#7892 = CARTESIAN_POINT('',(0.600718470221,-2.995,1.886058800697));
#7893 = ADVANCED_FACE('',(#7894),#7916,.F.);
#7894 = FACE_BOUND('',#7895,.T.);
#7895 = EDGE_LOOP('',(#7896,#7903,#7910,#7915));
#7896 = ORIENTED_EDGE('',*,*,#7897,.T.);
#7897 = EDGE_CURVE('',#7870,#7898,#7900,.T.);
#7898 = VERTEX_POINT('',#7899);
#7899 = CARTESIAN_POINT('',(0.600718470221,-2.995,1.954474871591));
#7900 = B_SPLINE_CURVE_WITH_KNOTS('',1,(#7901,#7902),.UNSPECIFIED.,.F.,
  .F.,(2,2),(-6.841607089331E-02,0.),.PIECEWISE_BEZIER_KNOTS.);
#7901 = CARTESIAN_POINT('',(0.600718470221,-2.995,1.886058800697));
#7902 = CARTESIAN_POINT('',(0.600718470221,-2.995,1.954474871591));
#7903 = ORIENTED_EDGE('',*,*,#7904,.F.);
#7904 = EDGE_CURVE('',#7905,#7898,#7907,.T.);
#7905 = VERTEX_POINT('',#7906);
#7906 = CARTESIAN_POINT('',(0.600718470221,-3.005,1.954474871591));
#7907 = B_SPLINE_CURVE_WITH_KNOTS('',1,(#7908,#7909),.UNSPECIFIED.,.F.,
  .F.,(2,2),(0.,1.E-02),.PIECEWISE_BEZIER_KNOTS.);
#7908 = CARTESIAN_POINT('',(0.600718470221,-3.005,1.954474871591));
#7909 = CARTESIAN_POINT('',(0.600718470221,-2.995,1.954474871591));
#7910 = ORIENTED_EDGE('',*,*,#7911,.F.);
#7911 = EDGE_CURVE('',#7877,#7905,#7912,.T.);
#7912 = B_SPLINE_CURVE_WITH_KNOTS('',1,(#7913,#7914),.UNSPECIFIED.,.F.,
  .F.,(2,2),(-6.841607089331E-02,0.),.PIECEWISE_BEZIER_KNOTS.);
#7913 = CARTESIAN_POINT('',(0.600718470221,-3.005,1.886058800697));
#7914 = CARTESIAN_POINT('',(0.600718470221,-3.005,1.954474871591));
#7915 = ORIENTED_EDGE('',*,*,#7876,.T.);
#7916 = B_SPLINE_SURFACE_WITH_KNOTS('',1,1,(
    (#7917,#7918)
    ,(#7919,#7920
    )),.UNSPECIFIED.,.F.,.F.,.F.,(2,2),(2,2),(-6.841607089331E-02,0.),(
    0.,1.E-02),.PIECEWISE_BEZIER_KNOTS.);
#7917 = CARTESIAN_POINT('',(0.600718470221,-3.005,1.886058800697));
#7918 = CARTESIAN_POINT('',(0.600718470221,-2.995,1.886058800697));
#7919 = CARTESIAN_POINT('',(0.600718470221,-3.005,1.954474871591));
#7920 = CARTESIAN_POINT('',(0.600718470221,-2.995,1.954474871591));
#7921 = ADVANCED_FACE('',(#7922),#7944,.F.);
#7922 = FACE_BOUND('',#7923,.T.);
#7923 = EDGE_LOOP('',(#7924,#7931,#7938,#7943));
#7924 = ORIENTED_EDGE('',*,*,#7925,.T.);
#7925 = EDGE_CURVE('',#7898,#7926,#7928,.T.);
#7926 = VERTEX_POINT('',#7927);
#7927 = CARTESIAN_POINT('',(0.673449536467,-2.995,1.954474871591));
#7928 = B_SPLINE_CURVE_WITH_KNOTS('',1,(#7929,#7930),.UNSPECIFIED.,.F.,
  .F.,(2,2),(-7.273106624528E-02,0.),.PIECEWISE_BEZIER_KNOTS.);
#7929 = CARTESIAN_POINT('',(0.600718470221,-2.995,1.954474871591));
#7930 = CARTESIAN_POINT('',(0.673449536467,-2.995,1.954474871591));
#7931 = ORIENTED_EDGE('',*,*,#7932,.F.);
#7932 = EDGE_CURVE('',#7933,#7926,#7935,.T.);
#7933 = VERTEX_POINT('',#7934);
#7934 = CARTESIAN_POINT('',(0.673449536467,-3.005,1.954474871591));
#7935 = B_SPLINE_CURVE_WITH_KNOTS('',1,(#7936,#7937),.UNSPECIFIED.,.F.,
  .F.,(2,2),(0.,1.E-02),.PIECEWISE_BEZIER_KNOTS.);
#7936 = CARTESIAN_POINT('',(0.673449536467,-3.005,1.954474871591));
#7937 = CARTESIAN_POINT('',(0.673449536467,-2.995,1.954474871591));
#7938 = ORIENTED_EDGE('',*,*,#7939,.F.);
#7939 = EDGE_CURVE('',#7905,#7933,#7940,.T.);
#7940 = B_SPLINE_CURVE_WITH_KNOTS('',1,(#7941,#7942),.UNSPECIFIED.,.F.,
  .F.,(2,2),(-7.273106624528E-02,0.),.PIECEWISE_BEZIER_KNOTS.);
#7941 = CARTESIAN_POINT('',(0.600718470221,-3.005,1.954474871591));
#7942 = CARTESIAN_POINT('',(0.673449536467,-3.005,1.954474871591));
#7943 = ORIENTED_EDGE('',*,*,#7904,.T.);
#7944 = B_SPLINE_SURFACE_WITH_KNOTS('',1,1,(
    (#7945,#7946)
    ,(#7947,#7948
    )),.UNSPECIFIED.,.F.,.F.,.F.,(2,2),(2,2),(-7.273106624528E-02,0.),(
    0.,1.E-02),.PIECEWISE_BEZIER_KNOTS.);
#7945 = CARTESIAN_POINT('',(0.600718470221,-3.005,1.954474871591));
#7946 = CARTESIAN_POINT('',(0.600718470221,-2.995,1.954474871591));
#7947 = CARTESIAN_POINT('',(0.673449536467,-3.005,1.954474871591));
#7948 = CARTESIAN_POINT('',(0.673449536467,-2.995,1.954474871591));
#7949 = ADVANCED_FACE('',(#7950),#7972,.F.);
#7950 = FACE_BOUND('',#7951,.T.);
#7951 = EDGE_LOOP('',(#7952,#7959,#7966,#7971));
#7952 = ORIENTED_EDGE('',*,*,#7953,.T.);
#7953 = EDGE_CURVE('',#7926,#7954,#7956,.T.);
#7954 = VERTEX_POINT('',#7955);
#7955 = CARTESIAN_POINT('',(0.673449536467,-2.995,1.977765448916));
#7956 = B_SPLINE_CURVE_WITH_KNOTS('',1,(#7957,#7958),.UNSPECIFIED.,.F.,
  .F.,(2,2),(-2.32905773253E-02,0.),.PIECEWISE_BEZIER_KNOTS.);
#7957 = CARTESIAN_POINT('',(0.673449536467,-2.995,1.954474871591));
#7958 = CARTESIAN_POINT('',(0.673449536467,-2.995,1.977765448916));
#7959 = ORIENTED_EDGE('',*,*,#7960,.F.);
#7960 = EDGE_CURVE('',#7961,#7954,#7963,.T.);
#7961 = VERTEX_POINT('',#7962);
#7962 = CARTESIAN_POINT('',(0.673449536467,-3.005,1.977765448916));
#7963 = B_SPLINE_CURVE_WITH_KNOTS('',1,(#7964,#7965),.UNSPECIFIED.,.F.,
  .F.,(2,2),(0.,1.E-02),.PIECEWISE_BEZIER_KNOTS.);
#7964 = CARTESIAN_POINT('',(0.673449536467,-3.005,1.977765448916));
#7965 = CARTESIAN_POINT('',(0.673449536467,-2.995,1.977765448916));
#7966 = ORIENTED_EDGE('',*,*,#7967,.F.);
#7967 = EDGE_CURVE('',#7933,#7961,#7968,.T.);
#7968 = B_SPLINE_CURVE_WITH_KNOTS('',1,(#7969,#7970),.UNSPECIFIED.,.F.,
  .F.,(2,2),(-2.32905773253E-02,0.),.PIECEWISE_BEZIER_KNOTS.);
#7969 = CARTESIAN_POINT('',(0.673449536467,-3.005,1.954474871591));
#7970 = CARTESIAN_POINT('',(0.673449536467,-3.005,1.977765448916));
#7971 = ORIENTED_EDGE('',*,*,#7932,.T.);
#7972 = B_SPLINE_SURFACE_WITH_KNOTS('',1,1,(
    (#7973,#7974)
    ,(#7975,#7976
    )),.UNSPECIFIED.,.F.,.F.,.F.,(2,2),(2,2),(-2.32905773253E-02,0.),(0.
    ,1.E-02),.PIECEWISE_BEZIER_KNOTS.);
#7973 = CARTESIAN_POINT('',(0.673449536467,-3.005,1.954474871591));
#7974 = CARTESIAN_POINT('',(0.673449536467,-2.995,1.954474871591));
#7975 = CARTESIAN_POINT('',(0.673449536467,-3.005,1.977765448916));
#7976 = CARTESIAN_POINT('',(0.673449536467,-2.995,1.977765448916));
#7977 = ADVANCED_FACE('',(#7978),#8000,.F.);
#7978 = FACE_BOUND('',#7979,.T.);
#7979 = EDGE_LOOP('',(#7980,#7987,#7994,#7999));
#7980 = ORIENTED_EDGE('',*,*,#7981,.T.);
#7981 = EDGE_CURVE('',#7954,#7982,#7984,.T.);
#7982 = VERTEX_POINT('',#7983);
#7983 = CARTESIAN_POINT('',(0.600718470221,-2.995,1.977765448916));
#7984 = B_SPLINE_CURVE_WITH_KNOTS('',1,(#7985,#7986),.UNSPECIFIED.,.F.,
  .F.,(2,2),(-7.273106624528E-02,-0.),.PIECEWISE_BEZIER_KNOTS.);
#7985 = CARTESIAN_POINT('',(0.673449536467,-2.995,1.977765448916));
#7986 = CARTESIAN_POINT('',(0.600718470221,-2.995,1.977765448916));
#7987 = ORIENTED_EDGE('',*,*,#7988,.F.);
#7988 = EDGE_CURVE('',#7989,#7982,#7991,.T.);
#7989 = VERTEX_POINT('',#7990);
#7990 = CARTESIAN_POINT('',(0.600718470221,-3.005,1.977765448916));
#7991 = B_SPLINE_CURVE_WITH_KNOTS('',1,(#7992,#7993),.UNSPECIFIED.,.F.,
  .F.,(2,2),(0.,1.E-02),.PIECEWISE_BEZIER_KNOTS.);
#7992 = CARTESIAN_POINT('',(0.600718470221,-3.005,1.977765448916));
#7993 = CARTESIAN_POINT('',(0.600718470221,-2.995,1.977765448916));
#7994 = ORIENTED_EDGE('',*,*,#7995,.F.);
#7995 = EDGE_CURVE('',#7961,#7989,#7996,.T.);
#7996 = B_SPLINE_CURVE_WITH_KNOTS('',1,(#7997,#7998),.UNSPECIFIED.,.F.,
  .F.,(2,2),(-7.273106624528E-02,-0.),.PIECEWISE_BEZIER_KNOTS.);
#7997 = CARTESIAN_POINT('',(0.673449536467,-3.005,1.977765448916));
#7998 = CARTESIAN_POINT('',(0.600718470221,-3.005,1.977765448916));
#7999 = ORIENTED_EDGE('',*,*,#7960,.T.);
#8000 = B_SPLINE_SURFACE_WITH_KNOTS('',1,1,(
    (#8001,#8002)
    ,(#8003,#8004
    )),.UNSPECIFIED.,.F.,.F.,.F.,(2,2),(2,2),(-7.273106624528E-02,0.),(
    0.,1.E-02),.PIECEWISE_BEZIER_KNOTS.);
#8001 = CARTESIAN_POINT('',(0.673449536467,-3.005,1.977765448916));
#8002 = CARTESIAN_POINT('',(0.673449536467,-2.995,1.977765448916));
#8003 = CARTESIAN_POINT('',(0.600718470221,-3.005,1.977765448916));
#8004 = CARTESIAN_POINT('',(0.600718470221,-2.995,1.977765448916));
#8005 = ADVANCED_FACE('',(#8006),#8028,.F.);
#8006 = FACE_BOUND('',#8007,.T.);
#8007 = EDGE_LOOP('',(#8008,#8015,#8022,#8027));
#8008 = ORIENTED_EDGE('',*,*,#8009,.T.);
#8009 = EDGE_CURVE('',#7982,#8010,#8012,.T.);
#8010 = VERTEX_POINT('',#8011);
#8011 = CARTESIAN_POINT('',(0.600718470221,-2.995,2.042854294478));
#8012 = B_SPLINE_CURVE_WITH_KNOTS('',1,(#8013,#8014),.UNSPECIFIED.,.F.,
  .F.,(2,2),(-6.508884556213E-02,0.),.PIECEWISE_BEZIER_KNOTS.);
#8013 = CARTESIAN_POINT('',(0.600718470221,-2.995,1.977765448916));
#8014 = CARTESIAN_POINT('',(0.600718470221,-2.995,2.042854294478));
#8015 = ORIENTED_EDGE('',*,*,#8016,.F.);
#8016 = EDGE_CURVE('',#8017,#8010,#8019,.T.);
#8017 = VERTEX_POINT('',#8018);
#8018 = CARTESIAN_POINT('',(0.600718470221,-3.005,2.042854294478));
#8019 = B_SPLINE_CURVE_WITH_KNOTS('',1,(#8020,#8021),.UNSPECIFIED.,.F.,
  .F.,(2,2),(0.,1.E-02),.PIECEWISE_BEZIER_KNOTS.);
#8020 = CARTESIAN_POINT('',(0.600718470221,-3.005,2.042854294478));
#8021 = CARTESIAN_POINT('',(0.600718470221,-2.995,2.042854294478));
#8022 = ORIENTED_EDGE('',*,*,#8023,.F.);
#8023 = EDGE_CURVE('',#7989,#8017,#8024,.T.);
#8024 = B_SPLINE_CURVE_WITH_KNOTS('',1,(#8025,#8026),.UNSPECIFIED.,.F.,
  .F.,(2,2),(-6.508884556213E-02,0.),.PIECEWISE_BEZIER_KNOTS.);
#8025 = CARTESIAN_POINT('',(0.600718470221,-3.005,1.977765448916));
#8026 = CARTESIAN_POINT('',(0.600718470221,-3.005,2.042854294478));
#8027 = ORIENTED_EDGE('',*,*,#7988,.T.);
#8028 = B_SPLINE_SURFACE_WITH_KNOTS('',1,1,(
    (#8029,#8030)
    ,(#8031,#8032
    )),.UNSPECIFIED.,.F.,.F.,.F.,(2,2),(2,2),(-6.508884556213E-02,0.),(
    0.,1.E-02),.PIECEWISE_BEZIER_KNOTS.);
#8029 = CARTESIAN_POINT('',(0.600718470221,-3.005,1.977765448916));
#8030 = CARTESIAN_POINT('',(0.600718470221,-2.995,1.977765448916));
#8031 = CARTESIAN_POINT('',(0.600718470221,-3.005,2.042854294478));
#8032 = CARTESIAN_POINT('',(0.600718470221,-2.995,2.042854294478));
#8033 = ADVANCED_FACE('',(#8034),#8056,.F.);
#8034 = FACE_BOUND('',#8035,.T.);
#8035 = EDGE_LOOP('',(#8036,#8043,#8050,#8055));
#8036 = ORIENTED_EDGE('',*,*,#8037,.T.);
#8037 = EDGE_CURVE('',#8010,#8038,#8040,.T.);
#8038 = VERTEX_POINT('',#8039);
#8039 = CARTESIAN_POINT('',(0.679220192902,-2.995,2.042854294478));
#8040 = B_SPLINE_CURVE_WITH_KNOTS('',1,(#8041,#8042),.UNSPECIFIED.,.F.,
  .F.,(2,2),(-7.850172268119E-02,0.),.PIECEWISE_BEZIER_KNOTS.);
#8041 = CARTESIAN_POINT('',(0.600718470221,-2.995,2.042854294478));
#8042 = CARTESIAN_POINT('',(0.679220192902,-2.995,2.042854294478));
#8043 = ORIENTED_EDGE('',*,*,#8044,.F.);
#8044 = EDGE_CURVE('',#8045,#8038,#8047,.T.);
#8045 = VERTEX_POINT('',#8046);
#8046 = CARTESIAN_POINT('',(0.679220192902,-3.005,2.042854294478));
#8047 = B_SPLINE_CURVE_WITH_KNOTS('',1,(#8048,#8049),.UNSPECIFIED.,.F.,
  .F.,(2,2),(0.,1.E-02),.PIECEWISE_BEZIER_KNOTS.);
#8048 = CARTESIAN_POINT('',(0.679220192902,-3.005,2.042854294478));
#8049 = CARTESIAN_POINT('',(0.679220192902,-2.995,2.042854294478));
#8050 = ORIENTED_EDGE('',*,*,#8051,.F.);
#8051 = EDGE_CURVE('',#8017,#8045,#8052,.T.);
#8052 = B_SPLINE_CURVE_WITH_KNOTS('',1,(#8053,#8054),.UNSPECIFIED.,.F.,
  .F.,(2,2),(-7.850172268119E-02,0.),.PIECEWISE_BEZIER_KNOTS.);
#8053 = CARTESIAN_POINT('',(0.600718470221,-3.005,2.042854294478));
#8054 = CARTESIAN_POINT('',(0.679220192902,-3.005,2.042854294478));
#8055 = ORIENTED_EDGE('',*,*,#8016,.T.);
#8056 = B_SPLINE_SURFACE_WITH_KNOTS('',1,1,(
    (#8057,#8058)
    ,(#8059,#8060
    )),.UNSPECIFIED.,.F.,.F.,.F.,(2,2),(2,2),(-7.850172268119E-02,0.),(
    0.,1.E-02),.PIECEWISE_BEZIER_KNOTS.);
#8057 = CARTESIAN_POINT('',(0.600718470221,-3.005,2.042854294478));
#8058 = CARTESIAN_POINT('',(0.600718470221,-2.995,2.042854294478));
#8059 = CARTESIAN_POINT('',(0.679220192902,-3.005,2.042854294478));
#8060 = CARTESIAN_POINT('',(0.679220192902,-2.995,2.042854294478));
#8061 = ADVANCED_FACE('',(#8062),#8084,.F.);
#8062 = FACE_BOUND('',#8063,.T.);
#8063 = EDGE_LOOP('',(#8064,#8071,#8078,#8083));
#8064 = ORIENTED_EDGE('',*,*,#8065,.T.);
#8065 = EDGE_CURVE('',#8038,#8066,#8068,.T.);
#8066 = VERTEX_POINT('',#8067);
#8067 = CARTESIAN_POINT('',(0.679220192902,-2.995,2.066248847595));
#8068 = B_SPLINE_CURVE_WITH_KNOTS('',1,(#8069,#8070),.UNSPECIFIED.,.F.,
  .F.,(2,2),(-2.339455311681E-02,0.),.PIECEWISE_BEZIER_KNOTS.);
#8069 = CARTESIAN_POINT('',(0.679220192902,-2.995,2.042854294478));
#8070 = CARTESIAN_POINT('',(0.679220192902,-2.995,2.066248847595));
#8071 = ORIENTED_EDGE('',*,*,#8072,.F.);
#8072 = EDGE_CURVE('',#8073,#8066,#8075,.T.);
#8073 = VERTEX_POINT('',#8074);
#8074 = CARTESIAN_POINT('',(0.679220192902,-3.005,2.066248847595));
#8075 = B_SPLINE_CURVE_WITH_KNOTS('',1,(#8076,#8077),.UNSPECIFIED.,.F.,
  .F.,(2,2),(0.,1.E-02),.PIECEWISE_BEZIER_KNOTS.);
#8076 = CARTESIAN_POINT('',(0.679220192902,-3.005,2.066248847595));
#8077 = CARTESIAN_POINT('',(0.679220192902,-2.995,2.066248847595));
#8078 = ORIENTED_EDGE('',*,*,#8079,.F.);
#8079 = EDGE_CURVE('',#8045,#8073,#8080,.T.);
#8080 = B_SPLINE_CURVE_WITH_KNOTS('',1,(#8081,#8082),.UNSPECIFIED.,.F.,
  .F.,(2,2),(-2.339455311681E-02,0.),.PIECEWISE_BEZIER_KNOTS.);
#8081 = CARTESIAN_POINT('',(0.679220192902,-3.005,2.042854294478));
#8082 = CARTESIAN_POINT('',(0.679220192902,-3.005,2.066248847595));
#8083 = ORIENTED_EDGE('',*,*,#8044,.T.);
#8084 = B_SPLINE_SURFACE_WITH_KNOTS('',1,1,(
    (#8085,#8086)
    ,(#8087,#8088
    )),.UNSPECIFIED.,.F.,.F.,.F.,(2,2),(2,2),(-2.339455311681E-02,0.),(
    0.,1.E-02),.PIECEWISE_BEZIER_KNOTS.);
#8085 = CARTESIAN_POINT('',(0.679220192902,-3.005,2.042854294478));
#8086 = CARTESIAN_POINT('',(0.679220192902,-2.995,2.042854294478));
#8087 = CARTESIAN_POINT('',(0.679220192902,-3.005,2.066248847595));
#8088 = CARTESIAN_POINT('',(0.679220192902,-2.995,2.066248847595));
#8089 = ADVANCED_FACE('',(#8090),#8112,.F.);
#8090 = FACE_BOUND('',#8091,.T.);
#8091 = EDGE_LOOP('',(#8092,#8099,#8106,#8111));
#8092 = ORIENTED_EDGE('',*,*,#8093,.T.);
#8093 = EDGE_CURVE('',#8066,#8094,#8096,.T.);
#8094 = VERTEX_POINT('',#8095);
#8095 = CARTESIAN_POINT('',(0.574464582834,-2.995,2.066248847595));
#8096 = B_SPLINE_CURVE_WITH_KNOTS('',1,(#8097,#8098),.UNSPECIFIED.,.F.,
  .F.,(2,2),(-0.104755610069,-0.),.PIECEWISE_BEZIER_KNOTS.);
#8097 = CARTESIAN_POINT('',(0.679220192902,-2.995,2.066248847595));
#8098 = CARTESIAN_POINT('',(0.574464582834,-2.995,2.066248847595));
#8099 = ORIENTED_EDGE('',*,*,#8100,.F.);
#8100 = EDGE_CURVE('',#8101,#8094,#8103,.T.);
#8101 = VERTEX_POINT('',#8102);
#8102 = CARTESIAN_POINT('',(0.574464582834,-3.005,2.066248847595));
#8103 = B_SPLINE_CURVE_WITH_KNOTS('',1,(#8104,#8105),.UNSPECIFIED.,.F.,
  .F.,(2,2),(0.,1.E-02),.PIECEWISE_BEZIER_KNOTS.);
#8104 = CARTESIAN_POINT('',(0.574464582834,-3.005,2.066248847595));
#8105 = CARTESIAN_POINT('',(0.574464582834,-2.995,2.066248847595));
#8106 = ORIENTED_EDGE('',*,*,#8107,.F.);
#8107 = EDGE_CURVE('',#8073,#8101,#8108,.T.);
#8108 = B_SPLINE_CURVE_WITH_KNOTS('',1,(#8109,#8110),.UNSPECIFIED.,.F.,
  .F.,(2,2),(-0.104755610069,-0.),.PIECEWISE_BEZIER_KNOTS.);
#8109 = CARTESIAN_POINT('',(0.679220192902,-3.005,2.066248847595));
#8110 = CARTESIAN_POINT('',(0.574464582834,-3.005,2.066248847595));
#8111 = ORIENTED_EDGE('',*,*,#8072,.T.);
#8112 = B_SPLINE_SURFACE_WITH_KNOTS('',1,1,(
    (#8113,#8114)
    ,(#8115,#8116
    )),.UNSPECIFIED.,.F.,.F.,.F.,(2,2),(2,2),(-0.104755610069,0.),(0.,
    1.E-02),.PIECEWISE_BEZIER_KNOTS.);
#8113 = CARTESIAN_POINT('',(0.679220192902,-3.005,2.066248847595));
#8114 = CARTESIAN_POINT('',(0.679220192902,-2.995,2.066248847595));
#8115 = CARTESIAN_POINT('',(0.574464582834,-3.005,2.066248847595));
#8116 = CARTESIAN_POINT('',(0.574464582834,-2.995,2.066248847595));
#8117 = ADVANCED_FACE('',(#8118),#8140,.F.);
#8118 = FACE_BOUND('',#8119,.T.);
#8119 = EDGE_LOOP('',(#8120,#8127,#8134,#8139));
#8120 = ORIENTED_EDGE('',*,*,#8121,.T.);
#8121 = EDGE_CURVE('',#8094,#8122,#8124,.T.);
#8122 = VERTEX_POINT('',#8123);
#8123 = CARTESIAN_POINT('',(0.574464582834,-2.995,1.862872199164));
#8124 = B_SPLINE_CURVE_WITH_KNOTS('',1,(#8125,#8126),.UNSPECIFIED.,.F.,
  .F.,(2,2),(-0.203376648431,-0.),.PIECEWISE_BEZIER_KNOTS.);
#8125 = CARTESIAN_POINT('',(0.574464582834,-2.995,2.066248847595));
#8126 = CARTESIAN_POINT('',(0.574464582834,-2.995,1.862872199164));
#8127 = ORIENTED_EDGE('',*,*,#8128,.F.);
#8128 = EDGE_CURVE('',#8129,#8122,#8131,.T.);
#8129 = VERTEX_POINT('',#8130);
#8130 = CARTESIAN_POINT('',(0.574464582834,-3.005,1.862872199164));
#8131 = B_SPLINE_CURVE_WITH_KNOTS('',1,(#8132,#8133),.UNSPECIFIED.,.F.,
  .F.,(2,2),(0.,1.E-02),.PIECEWISE_BEZIER_KNOTS.);
#8132 = CARTESIAN_POINT('',(0.574464582834,-3.005,1.862872199164));
#8133 = CARTESIAN_POINT('',(0.574464582834,-2.995,1.862872199164));
#8134 = ORIENTED_EDGE('',*,*,#8135,.F.);
#8135 = EDGE_CURVE('',#8101,#8129,#8136,.T.);
#8136 = B_SPLINE_CURVE_WITH_KNOTS('',1,(#8137,#8138),.UNSPECIFIED.,.F.,
  .F.,(2,2),(-0.203376648431,-0.),.PIECEWISE_BEZIER_KNOTS.);
#8137 = CARTESIAN_POINT('',(0.574464582834,-3.005,2.066248847595));
#8138 = CARTESIAN_POINT('',(0.574464582834,-3.005,1.862872199164));
#8139 = ORIENTED_EDGE('',*,*,#8100,.T.);
#8140 = B_SPLINE_SURFACE_WITH_KNOTS('',1,1,(
    (#8141,#8142)
    ,(#8143,#8144
    )),.UNSPECIFIED.,.F.,.F.,.F.,(2,2),(2,2),(-0.203376648431,0.),(0.,
    1.E-02),.PIECEWISE_BEZIER_KNOTS.);
#8141 = CARTESIAN_POINT('',(0.574464582834,-3.005,2.066248847595));
#8142 = CARTESIAN_POINT('',(0.574464582834,-2.995,2.066248847595));
#8143 = CARTESIAN_POINT('',(0.574464582834,-3.005,1.862872199164));
#8144 = CARTESIAN_POINT('',(0.574464582834,-2.995,1.862872199164));
#8145 = ADVANCED_FACE('',(#8146),#8160,.F.);
#8146 = FACE_BOUND('',#8147,.T.);
#8147 = EDGE_LOOP('',(#8148,#8153,#8154,#8159));
#8148 = ORIENTED_EDGE('',*,*,#8149,.T.);
#8149 = EDGE_CURVE('',#8122,#7834,#8150,.T.);
#8150 = B_SPLINE_CURVE_WITH_KNOTS('',1,(#8151,#8152),.UNSPECIFIED.,.F.,
  .F.,(2,2),(-0.109382532797,0.),.PIECEWISE_BEZIER_KNOTS.);
#8151 = CARTESIAN_POINT('',(0.574464582834,-2.995,1.862872199164));
#8152 = CARTESIAN_POINT('',(0.68384711563,-2.995,1.862872199164));
#8153 = ORIENTED_EDGE('',*,*,#7856,.F.);
#8154 = ORIENTED_EDGE('',*,*,#8155,.F.);
#8155 = EDGE_CURVE('',#8129,#7850,#8156,.T.);
#8156 = B_SPLINE_CURVE_WITH_KNOTS('',1,(#8157,#8158),.UNSPECIFIED.,.F.,
  .F.,(2,2),(-0.109382532797,0.),.PIECEWISE_BEZIER_KNOTS.);
#8157 = CARTESIAN_POINT('',(0.574464582834,-3.005,1.862872199164));
#8158 = CARTESIAN_POINT('',(0.68384711563,-3.005,1.862872199164));
#8159 = ORIENTED_EDGE('',*,*,#8128,.T.);
#8160 = B_SPLINE_SURFACE_WITH_KNOTS('',1,1,(
    (#8161,#8162)
    ,(#8163,#8164
    )),.UNSPECIFIED.,.F.,.F.,.F.,(2,2),(2,2),(-0.109382532797,0.),(0.,
    1.E-02),.PIECEWISE_BEZIER_KNOTS.);
#8161 = CARTESIAN_POINT('',(0.574464582834,-3.005,1.862872199164));
#8162 = CARTESIAN_POINT('',(0.574464582834,-2.995,1.862872199164));
#8163 = CARTESIAN_POINT('',(0.68384711563,-3.005,1.862872199164));
#8164 = CARTESIAN_POINT('',(0.68384711563,-2.995,1.862872199164));
#8165 = ADVANCED_FACE('',(#8166),#8180,.F.);
#8166 = FACE_BOUND('',#8167,.T.);
#8167 = EDGE_LOOP('',(#8168,#8169,#8170,#8171,#8172,#8173,#8174,#8175,
    #8176,#8177,#8178,#8179));
#8168 = ORIENTED_EDGE('',*,*,#7849,.T.);
#8169 = ORIENTED_EDGE('',*,*,#7883,.T.);
#8170 = ORIENTED_EDGE('',*,*,#7911,.T.);
#8171 = ORIENTED_EDGE('',*,*,#7939,.T.);
#8172 = ORIENTED_EDGE('',*,*,#7967,.T.);
#8173 = ORIENTED_EDGE('',*,*,#7995,.T.);
#8174 = ORIENTED_EDGE('',*,*,#8023,.T.);
#8175 = ORIENTED_EDGE('',*,*,#8051,.T.);
#8176 = ORIENTED_EDGE('',*,*,#8079,.T.);
#8177 = ORIENTED_EDGE('',*,*,#8107,.T.);
#8178 = ORIENTED_EDGE('',*,*,#8135,.T.);
#8179 = ORIENTED_EDGE('',*,*,#8155,.T.);
#8180 = B_SPLINE_SURFACE_WITH_KNOTS('',1,1,(
    (#8181,#8182)
    ,(#8183,#8184
    )),.UNSPECIFIED.,.F.,.F.,.F.,(2,2),(2,2),(1.852872099164,
    2.056248747595),(0.574464582834,0.68384711563),
  .PIECEWISE_BEZIER_KNOTS.);
#8181 = CARTESIAN_POINT('',(0.574464582834,-3.005,1.862872199164));
#8182 = CARTESIAN_POINT('',(0.68384711563,-3.005,1.862872199164));
#8183 = CARTESIAN_POINT('',(0.574464582834,-3.005,2.066248847595));
#8184 = CARTESIAN_POINT('',(0.68384711563,-3.005,2.066248847595));
#8185 = ADVANCED_FACE('',(#8186),#8200,.T.);
#8186 = FACE_BOUND('',#8187,.T.);
#8187 = EDGE_LOOP('',(#8188,#8189,#8190,#8191,#8192,#8193,#8194,#8195,
    #8196,#8197,#8198,#8199));
#8188 = ORIENTED_EDGE('',*,*,#7833,.F.);
#8189 = ORIENTED_EDGE('',*,*,#8149,.F.);
#8190 = ORIENTED_EDGE('',*,*,#8121,.F.);
#8191 = ORIENTED_EDGE('',*,*,#8093,.F.);
#8192 = ORIENTED_EDGE('',*,*,#8065,.F.);
#8193 = ORIENTED_EDGE('',*,*,#8037,.F.);
#8194 = ORIENTED_EDGE('',*,*,#8009,.F.);
#8195 = ORIENTED_EDGE('',*,*,#7981,.F.);
#8196 = ORIENTED_EDGE('',*,*,#7953,.F.);
#8197 = ORIENTED_EDGE('',*,*,#7925,.F.);
#8198 = ORIENTED_EDGE('',*,*,#7897,.F.);
#8199 = ORIENTED_EDGE('',*,*,#7869,.F.);
#8200 = B_SPLINE_SURFACE_WITH_KNOTS('',1,1,(
    (#8201,#8202)
    ,(#8203,#8204
    )),.UNSPECIFIED.,.F.,.F.,.F.,(2,2),(2,2),(1.852872099164,
    2.056248747595),(0.574464582834,0.68384711563),
  .PIECEWISE_BEZIER_KNOTS.);
#8201 = CARTESIAN_POINT('',(0.574464582834,-2.995,1.862872199164));
#8202 = CARTESIAN_POINT('',(0.68384711563,-2.995,1.862872199164));
#8203 = CARTESIAN_POINT('',(0.574464582834,-2.995,2.066248847595));
#8204 = CARTESIAN_POINT('',(0.68384711563,-2.995,2.066248847595));
#8205 = MANIFOLD_SOLID_BREP('',#8206);
#8206 = CLOSED_SHELL('',(#8207,#8331,#8455,#8475,#8495,#8515,#8535,#8555
    ,#8571,#8583,#8603,#8619,#8635,#8655,#8675,#8695));
#8207 = ADVANCED_FACE('',(#8208,#8267),#8326,.T.);
#8208 = FACE_BOUND('',#8209,.T.);
#8209 = EDGE_LOOP('',(#8210,#8219,#8228,#8237,#8246,#8255,#8262));
#8210 = ORIENTED_EDGE('',*,*,#8211,.T.);
#8211 = EDGE_CURVE('',#8212,#8214,#8216,.T.);
#8212 = VERTEX_POINT('',#8213);
#8213 = CARTESIAN_POINT('',(0.722266170639,-3.005,1.862872199164));
#8214 = VERTEX_POINT('',#8215);
#8215 = CARTESIAN_POINT('',(0.778205146537,-3.005,1.862872199164));
#8216 = B_SPLINE_CURVE_WITH_KNOTS('',1,(#8217,#8218),.UNSPECIFIED.,.F.,
  .F.,(2,2),(-5.593897589787E-02,1.110223024625E-16),
  .PIECEWISE_BEZIER_KNOTS.);
#8217 = CARTESIAN_POINT('',(0.722266170639,-3.005,1.862872199164));
#8218 = CARTESIAN_POINT('',(0.778205146537,-3.005,1.862872199164));
#8219 = ORIENTED_EDGE('',*,*,#8220,.T.);
#8220 = EDGE_CURVE('',#8214,#8221,#8223,.T.);
#8221 = VERTEX_POINT('',#8222);
#8222 = CARTESIAN_POINT('',(0.85717476028,-3.005,1.89136156607));
#8223 = B_SPLINE_CURVE_WITH_KNOTS('',3,(#8224,#8225,#8226,#8227),
  .UNSPECIFIED.,.F.,.F.,(4,4),(5.,6.),.PIECEWISE_BEZIER_KNOTS.);
#8224 = CARTESIAN_POINT('',(0.778205146537,-3.005,1.862872199164));
#8225 = CARTESIAN_POINT('',(0.810385654046,-3.005,1.862872199164));
#8226 = CARTESIAN_POINT('',(0.836743517225,-3.005,1.872333996201));
#8227 = CARTESIAN_POINT('',(0.85717476028,-3.005,1.89136156607));
#8228 = ORIENTED_EDGE('',*,*,#8229,.T.);
#8229 = EDGE_CURVE('',#8221,#8230,#8232,.T.);
#8230 = VERTEX_POINT('',#8231);
#8231 = CARTESIAN_POINT('',(0.887847618812,-3.005,1.967159918169));
#8232 = B_SPLINE_CURVE_WITH_KNOTS('',3,(#8233,#8234,#8235,#8236),
  .UNSPECIFIED.,.F.,.F.,(4,4),(4.,5.),.PIECEWISE_BEZIER_KNOTS.);
#8233 = CARTESIAN_POINT('',(0.85717476028,-3.005,1.89136156607));
#8234 = CARTESIAN_POINT('',(0.877606003336,-3.005,1.910389135939));
#8235 = CARTESIAN_POINT('',(0.887847618812,-3.005,1.935655253305));
#8236 = CARTESIAN_POINT('',(0.887847618812,-3.005,1.967159918169));
#8237 = ORIENTED_EDGE('',*,*,#8238,.T.);
#8238 = EDGE_CURVE('',#8230,#8239,#8241,.T.);
#8239 = VERTEX_POINT('',#8240);
#8240 = CARTESIAN_POINT('',(0.85717476028,-3.005,2.039319117563));
#8241 = B_SPLINE_CURVE_WITH_KNOTS('',3,(#8242,#8243,#8244,#8245),
  .UNSPECIFIED.,.F.,.F.,(4,4),(3.,4.),.PIECEWISE_BEZIER_KNOTS.);
#8242 = CARTESIAN_POINT('',(0.887847618812,-3.005,1.967159918169));
#8243 = CARTESIAN_POINT('',(0.887847618812,-3.005,1.997312897743));
#8244 = CARTESIAN_POINT('',(0.877606003336,-3.005,2.02133130561));
#8245 = CARTESIAN_POINT('',(0.85717476028,-3.005,2.039319117563));
#8246 = ORIENTED_EDGE('',*,*,#8247,.T.);
#8247 = EDGE_CURVE('',#8239,#8248,#8250,.T.);
#8248 = VERTEX_POINT('',#8249);
#8249 = CARTESIAN_POINT('',(0.780284662368,-3.005,2.066248847595));
#8250 = B_SPLINE_CURVE_WITH_KNOTS('',3,(#8251,#8252,#8253,#8254),
  .UNSPECIFIED.,.F.,.F.,(4,4),(2.,3.),.PIECEWISE_BEZIER_KNOTS.);
#8251 = CARTESIAN_POINT('',(0.85717476028,-3.005,2.039319117563));
#8252 = CARTESIAN_POINT('',(0.836743517225,-3.005,2.057306929514));
#8253 = CARTESIAN_POINT('',(0.811113484587,-3.005,2.066248847595));
#8254 = CARTESIAN_POINT('',(0.780284662368,-3.005,2.066248847595));
#8255 = ORIENTED_EDGE('',*,*,#8256,.T.);
#8256 = EDGE_CURVE('',#8248,#8257,#8259,.T.);
#8257 = VERTEX_POINT('',#8258);
#8258 = CARTESIAN_POINT('',(0.722266170639,-3.005,2.066248847595));
#8259 = B_SPLINE_CURVE_WITH_KNOTS('',1,(#8260,#8261),.UNSPECIFIED.,.F.,
  .F.,(2,2),(-5.801849172952E-02,-0.),.PIECEWISE_BEZIER_KNOTS.);
#8260 = CARTESIAN_POINT('',(0.780284662368,-3.005,2.066248847595));
#8261 = CARTESIAN_POINT('',(0.722266170639,-3.005,2.066248847595));
#8262 = ORIENTED_EDGE('',*,*,#8263,.T.);
#8263 = EDGE_CURVE('',#8257,#8212,#8264,.T.);
#8264 = B_SPLINE_CURVE_WITH_KNOTS('',1,(#8265,#8266),.UNSPECIFIED.,.F.,
  .F.,(2,2),(-0.203376648431,-0.),.PIECEWISE_BEZIER_KNOTS.);
#8265 = CARTESIAN_POINT('',(0.722266170639,-3.005,2.066248847595));
#8266 = CARTESIAN_POINT('',(0.722266170639,-3.005,1.862872199164));
#8267 = FACE_BOUND('',#8268,.T.);
#8268 = EDGE_LOOP('',(#8269,#8278,#8285,#8294,#8303,#8312,#8321));
#8269 = ORIENTED_EDGE('',*,*,#8270,.F.);
#8270 = EDGE_CURVE('',#8271,#8273,#8275,.T.);
#8271 = VERTEX_POINT('',#8272);
#8272 = CARTESIAN_POINT('',(0.748520058025,-3.005,2.042854294478));
#8273 = VERTEX_POINT('',#8274);
#8274 = CARTESIAN_POINT('',(0.748520058025,-3.005,1.886058800697));
#8275 = B_SPLINE_CURVE_WITH_KNOTS('',1,(#8276,#8277),.UNSPECIFIED.,.F.,
  .F.,(2,2),(0.,0.156795493781),.PIECEWISE_BEZIER_KNOTS.);
#8276 = CARTESIAN_POINT('',(0.748520058025,-3.005,2.042854294478));
#8277 = CARTESIAN_POINT('',(0.748520058025,-3.005,1.886058800697));
#8278 = ORIENTED_EDGE('',*,*,#8279,.F.);
#8279 = EDGE_CURVE('',#8280,#8271,#8282,.T.);
#8280 = VERTEX_POINT('',#8281);
#8281 = CARTESIAN_POINT('',(0.779244904452,-3.005,2.042854294478));
#8282 = B_SPLINE_CURVE_WITH_KNOTS('',1,(#8283,#8284),.UNSPECIFIED.,.F.,
  .F.,(2,2),(0.,3.072484642681E-02),.PIECEWISE_BEZIER_KNOTS.);
#8283 = CARTESIAN_POINT('',(0.779244904452,-3.005,2.042854294478));
#8284 = CARTESIAN_POINT('',(0.748520058025,-3.005,2.042854294478));
#8285 = ORIENTED_EDGE('',*,*,#8286,.F.);
#8286 = EDGE_CURVE('',#8287,#8280,#8289,.T.);
#8287 = VERTEX_POINT('',#8288);
#8288 = CARTESIAN_POINT('',(0.837939238828,-3.005,2.023722748818));
#8289 = B_SPLINE_CURVE_WITH_KNOTS('',3,(#8290,#8291,#8292,#8293),
  .UNSPECIFIED.,.F.,.F.,(4,4),(5.,6.),.PIECEWISE_BEZIER_KNOTS.);
#8290 = CARTESIAN_POINT('',(0.837939238828,-3.005,2.023722748818));
#8291 = CARTESIAN_POINT('',(0.823070700625,-3.005,2.036511771188));
#8292 = CARTESIAN_POINT('',(0.803471263902,-3.005,2.042854294478));
#8293 = CARTESIAN_POINT('',(0.779244904452,-3.005,2.042854294478));
#8294 = ORIENTED_EDGE('',*,*,#8295,.F.);
#8295 = EDGE_CURVE('',#8296,#8287,#8298,.T.);
#8296 = VERTEX_POINT('',#8297);
#8297 = CARTESIAN_POINT('',(0.860242046132,-3.005,1.966432087629));
#8298 = B_SPLINE_CURVE_WITH_KNOTS('',3,(#8299,#8300,#8301,#8302),
  .UNSPECIFIED.,.F.,.F.,(4,4),(4.,5.),.PIECEWISE_BEZIER_KNOTS.);
#8299 = CARTESIAN_POINT('',(0.860242046132,-3.005,1.966432087629));
#8300 = CARTESIAN_POINT('',(0.860242046132,-3.005,1.991802180787));
#8301 = CARTESIAN_POINT('',(0.852807777031,-3.005,2.010933726446));
#8302 = CARTESIAN_POINT('',(0.837939238828,-3.005,2.023722748818));
#8303 = ORIENTED_EDGE('',*,*,#8304,.F.);
#8304 = EDGE_CURVE('',#8305,#8296,#8307,.T.);
#8305 = VERTEX_POINT('',#8306);
#8306 = CARTESIAN_POINT('',(0.838511105682,-3.005,1.90726986219));
#8307 = B_SPLINE_CURVE_WITH_KNOTS('',3,(#8308,#8309,#8310,#8311),
  .UNSPECIFIED.,.F.,.F.,(4,4),(3.,4.),.PIECEWISE_BEZIER_KNOTS.);
#8308 = CARTESIAN_POINT('',(0.838511105682,-3.005,1.90726986219));
#8309 = CARTESIAN_POINT('',(0.853015728615,-3.005,1.921306594061));
#8310 = CARTESIAN_POINT('',(0.860242046132,-3.005,1.94106199447));
#8311 = CARTESIAN_POINT('',(0.860242046132,-3.005,1.966432087629));
#8312 = ORIENTED_EDGE('',*,*,#8313,.F.);
#8313 = EDGE_CURVE('',#8314,#8305,#8316,.T.);
#8314 = VERTEX_POINT('',#8315);
#8315 = CARTESIAN_POINT('',(0.778049182848,-3.005,1.886058800697));
#8316 = B_SPLINE_CURVE_WITH_KNOTS('',3,(#8317,#8318,#8319,#8320),
  .UNSPECIFIED.,.F.,.F.,(4,4),(2.,3.),.PIECEWISE_BEZIER_KNOTS.);
#8317 = CARTESIAN_POINT('',(0.778049182848,-3.005,1.886058800697));
#8318 = CARTESIAN_POINT('',(0.803887167068,-3.005,1.886058800697));
#8319 = CARTESIAN_POINT('',(0.824058470645,-3.005,1.893129154527));
#8320 = CARTESIAN_POINT('',(0.838511105682,-3.005,1.90726986219));
#8321 = ORIENTED_EDGE('',*,*,#8322,.F.);
#8322 = EDGE_CURVE('',#8273,#8314,#8323,.T.);
#8323 = B_SPLINE_CURVE_WITH_KNOTS('',1,(#8324,#8325),.UNSPECIFIED.,.F.,
  .F.,(2,2),(0.,2.952912482302E-02),.PIECEWISE_BEZIER_KNOTS.);
#8324 = CARTESIAN_POINT('',(0.748520058025,-3.005,1.886058800697));
#8325 = CARTESIAN_POINT('',(0.778049182848,-3.005,1.886058800697));
#8326 = B_SPLINE_SURFACE_WITH_KNOTS('',1,1,(
    (#8327,#8328)
    ,(#8329,#8330
    )),.UNSPECIFIED.,.F.,.F.,.F.,(2,2),(2,2),(-6.719435534511E-03,
    0.196657212897),(-0.100362632872,6.521881530169E-02),
  .PIECEWISE_BEZIER_KNOTS.);
#8327 = CARTESIAN_POINT('',(0.722266170639,-3.005,2.066248847595));
#8328 = CARTESIAN_POINT('',(0.887847618812,-3.005,2.066248847595));
#8329 = CARTESIAN_POINT('',(0.722266170639,-3.005,1.862872199164));
#8330 = CARTESIAN_POINT('',(0.887847618812,-3.005,1.862872199164));
#8331 = ADVANCED_FACE('',(#8332,#8391),#8450,.F.);
#8332 = FACE_BOUND('',#8333,.T.);
#8333 = EDGE_LOOP('',(#8334,#8343,#8350,#8357,#8366,#8375,#8384));
#8334 = ORIENTED_EDGE('',*,*,#8335,.F.);
#8335 = EDGE_CURVE('',#8336,#8338,#8340,.T.);
#8336 = VERTEX_POINT('',#8337);
#8337 = CARTESIAN_POINT('',(0.722266170639,-2.995,1.862872199164));
#8338 = VERTEX_POINT('',#8339);
#8339 = CARTESIAN_POINT('',(0.778205146537,-2.995,1.862872199164));
#8340 = B_SPLINE_CURVE_WITH_KNOTS('',1,(#8341,#8342),.UNSPECIFIED.,.F.,
  .F.,(2,2),(-5.593897589787E-02,1.110223024625E-16),
  .PIECEWISE_BEZIER_KNOTS.);
#8341 = CARTESIAN_POINT('',(0.722266170639,-2.995,1.862872199164));
#8342 = CARTESIAN_POINT('',(0.778205146537,-2.995,1.862872199164));
#8343 = ORIENTED_EDGE('',*,*,#8344,.F.);
#8344 = EDGE_CURVE('',#8345,#8336,#8347,.T.);
#8345 = VERTEX_POINT('',#8346);
#8346 = CARTESIAN_POINT('',(0.722266170639,-2.995,2.066248847595));
#8347 = B_SPLINE_CURVE_WITH_KNOTS('',1,(#8348,#8349),.UNSPECIFIED.,.F.,
  .F.,(2,2),(-0.203376648431,-0.),.PIECEWISE_BEZIER_KNOTS.);
#8348 = CARTESIAN_POINT('',(0.722266170639,-2.995,2.066248847595));
#8349 = CARTESIAN_POINT('',(0.722266170639,-2.995,1.862872199164));
#8350 = ORIENTED_EDGE('',*,*,#8351,.F.);
#8351 = EDGE_CURVE('',#8352,#8345,#8354,.T.);
#8352 = VERTEX_POINT('',#8353);
#8353 = CARTESIAN_POINT('',(0.780284662368,-2.995,2.066248847595));
#8354 = B_SPLINE_CURVE_WITH_KNOTS('',1,(#8355,#8356),.UNSPECIFIED.,.F.,
  .F.,(2,2),(-5.801849172952E-02,-0.),.PIECEWISE_BEZIER_KNOTS.);
#8355 = CARTESIAN_POINT('',(0.780284662368,-2.995,2.066248847595));
#8356 = CARTESIAN_POINT('',(0.722266170639,-2.995,2.066248847595));
#8357 = ORIENTED_EDGE('',*,*,#8358,.F.);
#8358 = EDGE_CURVE('',#8359,#8352,#8361,.T.);
#8359 = VERTEX_POINT('',#8360);
#8360 = CARTESIAN_POINT('',(0.85717476028,-2.995,2.039319117563));
#8361 = B_SPLINE_CURVE_WITH_KNOTS('',3,(#8362,#8363,#8364,#8365),
  .UNSPECIFIED.,.F.,.F.,(4,4),(2.,3.),.PIECEWISE_BEZIER_KNOTS.);
#8362 = CARTESIAN_POINT('',(0.85717476028,-2.995,2.039319117563));
#8363 = CARTESIAN_POINT('',(0.836743517225,-2.995,2.057306929514));
#8364 = CARTESIAN_POINT('',(0.811113484587,-2.995,2.066248847595));
#8365 = CARTESIAN_POINT('',(0.780284662368,-2.995,2.066248847595));
#8366 = ORIENTED_EDGE('',*,*,#8367,.F.);
#8367 = EDGE_CURVE('',#8368,#8359,#8370,.T.);
#8368 = VERTEX_POINT('',#8369);
#8369 = CARTESIAN_POINT('',(0.887847618812,-2.995,1.967159918169));
#8370 = B_SPLINE_CURVE_WITH_KNOTS('',3,(#8371,#8372,#8373,#8374),
  .UNSPECIFIED.,.F.,.F.,(4,4),(3.,4.),.PIECEWISE_BEZIER_KNOTS.);
#8371 = CARTESIAN_POINT('',(0.887847618812,-2.995,1.967159918169));
#8372 = CARTESIAN_POINT('',(0.887847618812,-2.995,1.997312897743));
#8373 = CARTESIAN_POINT('',(0.877606003336,-2.995,2.02133130561));
#8374 = CARTESIAN_POINT('',(0.85717476028,-2.995,2.039319117563));
#8375 = ORIENTED_EDGE('',*,*,#8376,.F.);
#8376 = EDGE_CURVE('',#8377,#8368,#8379,.T.);
#8377 = VERTEX_POINT('',#8378);
#8378 = CARTESIAN_POINT('',(0.85717476028,-2.995,1.89136156607));
#8379 = B_SPLINE_CURVE_WITH_KNOTS('',3,(#8380,#8381,#8382,#8383),
  .UNSPECIFIED.,.F.,.F.,(4,4),(4.,5.),.PIECEWISE_BEZIER_KNOTS.);
#8380 = CARTESIAN_POINT('',(0.85717476028,-2.995,1.89136156607));
#8381 = CARTESIAN_POINT('',(0.877606003336,-2.995,1.910389135939));
#8382 = CARTESIAN_POINT('',(0.887847618812,-2.995,1.935655253305));
#8383 = CARTESIAN_POINT('',(0.887847618812,-2.995,1.967159918169));
#8384 = ORIENTED_EDGE('',*,*,#8385,.F.);
#8385 = EDGE_CURVE('',#8338,#8377,#8386,.T.);
#8386 = B_SPLINE_CURVE_WITH_KNOTS('',3,(#8387,#8388,#8389,#8390),
  .UNSPECIFIED.,.F.,.F.,(4,4),(5.,6.),.PIECEWISE_BEZIER_KNOTS.);
#8387 = CARTESIAN_POINT('',(0.778205146537,-2.995,1.862872199164));
#8388 = CARTESIAN_POINT('',(0.810385654046,-2.995,1.862872199164));
#8389 = CARTESIAN_POINT('',(0.836743517225,-2.995,1.872333996201));
#8390 = CARTESIAN_POINT('',(0.85717476028,-2.995,1.89136156607));
#8391 = FACE_BOUND('',#8392,.T.);
#8392 = EDGE_LOOP('',(#8393,#8402,#8409,#8416,#8425,#8434,#8443));
#8393 = ORIENTED_EDGE('',*,*,#8394,.T.);
#8394 = EDGE_CURVE('',#8395,#8397,#8399,.T.);
#8395 = VERTEX_POINT('',#8396);
#8396 = CARTESIAN_POINT('',(0.779244904452,-2.995,2.042854294478));
#8397 = VERTEX_POINT('',#8398);
#8398 = CARTESIAN_POINT('',(0.748520058025,-2.995,2.042854294478));
#8399 = B_SPLINE_CURVE_WITH_KNOTS('',1,(#8400,#8401),.UNSPECIFIED.,.F.,
  .F.,(2,2),(0.,3.072484642681E-02),.PIECEWISE_BEZIER_KNOTS.);
#8400 = CARTESIAN_POINT('',(0.779244904452,-2.995,2.042854294478));
#8401 = CARTESIAN_POINT('',(0.748520058025,-2.995,2.042854294478));
#8402 = ORIENTED_EDGE('',*,*,#8403,.T.);
#8403 = EDGE_CURVE('',#8397,#8404,#8406,.T.);
#8404 = VERTEX_POINT('',#8405);
#8405 = CARTESIAN_POINT('',(0.748520058025,-2.995,1.886058800697));
#8406 = B_SPLINE_CURVE_WITH_KNOTS('',1,(#8407,#8408),.UNSPECIFIED.,.F.,
  .F.,(2,2),(0.,0.156795493781),.PIECEWISE_BEZIER_KNOTS.);
#8407 = CARTESIAN_POINT('',(0.748520058025,-2.995,2.042854294478));
#8408 = CARTESIAN_POINT('',(0.748520058025,-2.995,1.886058800697));
#8409 = ORIENTED_EDGE('',*,*,#8410,.T.);
#8410 = EDGE_CURVE('',#8404,#8411,#8413,.T.);
#8411 = VERTEX_POINT('',#8412);
#8412 = CARTESIAN_POINT('',(0.778049182848,-2.995,1.886058800697));
#8413 = B_SPLINE_CURVE_WITH_KNOTS('',1,(#8414,#8415),.UNSPECIFIED.,.F.,
  .F.,(2,2),(0.,2.952912482302E-02),.PIECEWISE_BEZIER_KNOTS.);
#8414 = CARTESIAN_POINT('',(0.748520058025,-2.995,1.886058800697));
#8415 = CARTESIAN_POINT('',(0.778049182848,-2.995,1.886058800697));
#8416 = ORIENTED_EDGE('',*,*,#8417,.T.);
#8417 = EDGE_CURVE('',#8411,#8418,#8420,.T.);
#8418 = VERTEX_POINT('',#8419);
#8419 = CARTESIAN_POINT('',(0.838511105682,-2.995,1.90726986219));
#8420 = B_SPLINE_CURVE_WITH_KNOTS('',3,(#8421,#8422,#8423,#8424),
  .UNSPECIFIED.,.F.,.F.,(4,4),(2.,3.),.PIECEWISE_BEZIER_KNOTS.);
#8421 = CARTESIAN_POINT('',(0.778049182848,-2.995,1.886058800697));
#8422 = CARTESIAN_POINT('',(0.803887167068,-2.995,1.886058800697));
#8423 = CARTESIAN_POINT('',(0.824058470645,-2.995,1.893129154527));
#8424 = CARTESIAN_POINT('',(0.838511105682,-2.995,1.90726986219));
#8425 = ORIENTED_EDGE('',*,*,#8426,.T.);
#8426 = EDGE_CURVE('',#8418,#8427,#8429,.T.);
#8427 = VERTEX_POINT('',#8428);
#8428 = CARTESIAN_POINT('',(0.860242046132,-2.995,1.966432087629));
#8429 = B_SPLINE_CURVE_WITH_KNOTS('',3,(#8430,#8431,#8432,#8433),
  .UNSPECIFIED.,.F.,.F.,(4,4),(3.,4.),.PIECEWISE_BEZIER_KNOTS.);
#8430 = CARTESIAN_POINT('',(0.838511105682,-2.995,1.90726986219));
#8431 = CARTESIAN_POINT('',(0.853015728615,-2.995,1.921306594061));
#8432 = CARTESIAN_POINT('',(0.860242046132,-2.995,1.94106199447));
#8433 = CARTESIAN_POINT('',(0.860242046132,-2.995,1.966432087629));
#8434 = ORIENTED_EDGE('',*,*,#8435,.T.);
#8435 = EDGE_CURVE('',#8427,#8436,#8438,.T.);
#8436 = VERTEX_POINT('',#8437);
#8437 = CARTESIAN_POINT('',(0.837939238828,-2.995,2.023722748818));
#8438 = B_SPLINE_CURVE_WITH_KNOTS('',3,(#8439,#8440,#8441,#8442),
  .UNSPECIFIED.,.F.,.F.,(4,4),(4.,5.),.PIECEWISE_BEZIER_KNOTS.);
#8439 = CARTESIAN_POINT('',(0.860242046132,-2.995,1.966432087629));
#8440 = CARTESIAN_POINT('',(0.860242046132,-2.995,1.991802180787));
#8441 = CARTESIAN_POINT('',(0.852807777031,-2.995,2.010933726446));
#8442 = CARTESIAN_POINT('',(0.837939238828,-2.995,2.023722748818));
#8443 = ORIENTED_EDGE('',*,*,#8444,.T.);
#8444 = EDGE_CURVE('',#8436,#8395,#8445,.T.);
#8445 = B_SPLINE_CURVE_WITH_KNOTS('',3,(#8446,#8447,#8448,#8449),
  .UNSPECIFIED.,.F.,.F.,(4,4),(5.,6.),.PIECEWISE_BEZIER_KNOTS.);
#8446 = CARTESIAN_POINT('',(0.837939238828,-2.995,2.023722748818));
#8447 = CARTESIAN_POINT('',(0.823070700625,-2.995,2.036511771188));
#8448 = CARTESIAN_POINT('',(0.803471263902,-2.995,2.042854294478));
#8449 = CARTESIAN_POINT('',(0.779244904452,-2.995,2.042854294478));
#8450 = B_SPLINE_SURFACE_WITH_KNOTS('',1,1,(
    (#8451,#8452)
    ,(#8453,#8454
    )),.UNSPECIFIED.,.F.,.F.,.F.,(2,2),(2,2),(-6.719435534511E-03,
    0.196657212897),(-0.100362632872,6.521881530169E-02),
  .PIECEWISE_BEZIER_KNOTS.);
#8451 = CARTESIAN_POINT('',(0.722266170639,-2.995,2.066248847595));
#8452 = CARTESIAN_POINT('',(0.887847618812,-2.995,2.066248847595));
#8453 = CARTESIAN_POINT('',(0.722266170639,-2.995,1.862872199164));
#8454 = CARTESIAN_POINT('',(0.887847618812,-2.995,1.862872199164));
#8455 = ADVANCED_FACE('',(#8456),#8470,.F.);
#8456 = FACE_BOUND('',#8457,.T.);
#8457 = EDGE_LOOP('',(#8458,#8459,#8464,#8465));
#8458 = ORIENTED_EDGE('',*,*,#8335,.T.);
#8459 = ORIENTED_EDGE('',*,*,#8460,.F.);
#8460 = EDGE_CURVE('',#8214,#8338,#8461,.T.);
#8461 = B_SPLINE_CURVE_WITH_KNOTS('',1,(#8462,#8463),.UNSPECIFIED.,.F.,
  .F.,(2,2),(0.,1.E-02),.PIECEWISE_BEZIER_KNOTS.);
#8462 = CARTESIAN_POINT('',(0.778205146537,-3.005,1.862872199164));
#8463 = CARTESIAN_POINT('',(0.778205146537,-2.995,1.862872199164));
#8464 = ORIENTED_EDGE('',*,*,#8211,.F.);
#8465 = ORIENTED_EDGE('',*,*,#8466,.T.);
#8466 = EDGE_CURVE('',#8212,#8336,#8467,.T.);
#8467 = B_SPLINE_CURVE_WITH_KNOTS('',1,(#8468,#8469),.UNSPECIFIED.,.F.,
  .F.,(2,2),(0.,1.E-02),.PIECEWISE_BEZIER_KNOTS.);
#8468 = CARTESIAN_POINT('',(0.722266170639,-3.005,1.862872199164));
#8469 = CARTESIAN_POINT('',(0.722266170639,-2.995,1.862872199164));
#8470 = B_SPLINE_SURFACE_WITH_KNOTS('',1,1,(
    (#8471,#8472)
    ,(#8473,#8474
    )),.UNSPECIFIED.,.F.,.F.,.F.,(2,2),(2,2),(-5.593897589787E-02,
    1.110223024625E-16),(0.,1.E-02),.PIECEWISE_BEZIER_KNOTS.);
#8471 = CARTESIAN_POINT('',(0.722266170639,-3.005,1.862872199164));
#8472 = CARTESIAN_POINT('',(0.722266170639,-2.995,1.862872199164));
#8473 = CARTESIAN_POINT('',(0.778205146537,-3.005,1.862872199164));
#8474 = CARTESIAN_POINT('',(0.778205146537,-2.995,1.862872199164));
#8475 = ADVANCED_FACE('',(#8476),#8486,.F.);
#8476 = FACE_BOUND('',#8477,.F.);
#8477 = EDGE_LOOP('',(#8478,#8479,#8480,#8485));
#8478 = ORIENTED_EDGE('',*,*,#8460,.F.);
#8479 = ORIENTED_EDGE('',*,*,#8220,.T.);
#8480 = ORIENTED_EDGE('',*,*,#8481,.T.);
#8481 = EDGE_CURVE('',#8221,#8377,#8482,.T.);
#8482 = B_SPLINE_CURVE_WITH_KNOTS('',1,(#8483,#8484),.UNSPECIFIED.,.F.,
  .F.,(2,2),(0.,1.E-02),.PIECEWISE_BEZIER_KNOTS.);
#8483 = CARTESIAN_POINT('',(0.85717476028,-3.005,1.89136156607));
#8484 = CARTESIAN_POINT('',(0.85717476028,-2.995,1.89136156607));
#8485 = ORIENTED_EDGE('',*,*,#8385,.F.);
#8486 = B_SPLINE_SURFACE_WITH_KNOTS('',3,1,(
    (#8487,#8488)
    ,(#8489,#8490)
    ,(#8491,#8492)
    ,(#8493,#8494
    )),.UNSPECIFIED.,.F.,.F.,.F.,(4,4),(2,2),(5.,6.),(0.,1.),
  .PIECEWISE_BEZIER_KNOTS.);
#8487 = CARTESIAN_POINT('',(0.778205146537,-3.005,1.862872199164));
#8488 = CARTESIAN_POINT('',(0.778205146537,-2.995,1.862872199164));
#8489 = CARTESIAN_POINT('',(0.810385654046,-3.005,1.862872199164));
#8490 = CARTESIAN_POINT('',(0.810385654046,-2.995,1.862872199164));
#8491 = CARTESIAN_POINT('',(0.836743517225,-3.005,1.872333996201));
#8492 = CARTESIAN_POINT('',(0.836743517225,-2.995,1.872333996201));
#8493 = CARTESIAN_POINT('',(0.85717476028,-3.005,1.89136156607));
#8494 = CARTESIAN_POINT('',(0.85717476028,-2.995,1.89136156607));
#8495 = ADVANCED_FACE('',(#8496),#8506,.F.);
#8496 = FACE_BOUND('',#8497,.F.);
#8497 = EDGE_LOOP('',(#8498,#8499,#8500,#8505));
#8498 = ORIENTED_EDGE('',*,*,#8481,.F.);
#8499 = ORIENTED_EDGE('',*,*,#8229,.T.);
#8500 = ORIENTED_EDGE('',*,*,#8501,.T.);
#8501 = EDGE_CURVE('',#8230,#8368,#8502,.T.);
#8502 = B_SPLINE_CURVE_WITH_KNOTS('',1,(#8503,#8504),.UNSPECIFIED.,.F.,
  .F.,(2,2),(0.,1.E-02),.PIECEWISE_BEZIER_KNOTS.);
#8503 = CARTESIAN_POINT('',(0.887847618812,-3.005,1.967159918169));
#8504 = CARTESIAN_POINT('',(0.887847618812,-2.995,1.967159918169));
#8505 = ORIENTED_EDGE('',*,*,#8376,.F.);
#8506 = B_SPLINE_SURFACE_WITH_KNOTS('',3,1,(
    (#8507,#8508)
    ,(#8509,#8510)
    ,(#8511,#8512)
    ,(#8513,#8514
    )),.UNSPECIFIED.,.F.,.F.,.F.,(4,4),(2,2),(4.,5.),(0.,1.),
  .PIECEWISE_BEZIER_KNOTS.);
#8507 = CARTESIAN_POINT('',(0.85717476028,-3.005,1.89136156607));
#8508 = CARTESIAN_POINT('',(0.85717476028,-2.995,1.89136156607));
#8509 = CARTESIAN_POINT('',(0.877606003336,-3.005,1.910389135939));
#8510 = CARTESIAN_POINT('',(0.877606003336,-2.995,1.910389135939));
#8511 = CARTESIAN_POINT('',(0.887847618812,-3.005,1.935655253305));
#8512 = CARTESIAN_POINT('',(0.887847618812,-2.995,1.935655253305));
#8513 = CARTESIAN_POINT('',(0.887847618812,-3.005,1.967159918169));
#8514 = CARTESIAN_POINT('',(0.887847618812,-2.995,1.967159918169));
#8515 = ADVANCED_FACE('',(#8516),#8526,.F.);
#8516 = FACE_BOUND('',#8517,.F.);
#8517 = EDGE_LOOP('',(#8518,#8519,#8520,#8525));
#8518 = ORIENTED_EDGE('',*,*,#8501,.F.);
#8519 = ORIENTED_EDGE('',*,*,#8238,.T.);
#8520 = ORIENTED_EDGE('',*,*,#8521,.T.);
#8521 = EDGE_CURVE('',#8239,#8359,#8522,.T.);
#8522 = B_SPLINE_CURVE_WITH_KNOTS('',1,(#8523,#8524),.UNSPECIFIED.,.F.,
  .F.,(2,2),(0.,1.E-02),.PIECEWISE_BEZIER_KNOTS.);
#8523 = CARTESIAN_POINT('',(0.85717476028,-3.005,2.039319117563));
#8524 = CARTESIAN_POINT('',(0.85717476028,-2.995,2.039319117563));
#8525 = ORIENTED_EDGE('',*,*,#8367,.F.);
#8526 = B_SPLINE_SURFACE_WITH_KNOTS('',3,1,(
    (#8527,#8528)
    ,(#8529,#8530)
    ,(#8531,#8532)
    ,(#8533,#8534
    )),.UNSPECIFIED.,.F.,.F.,.F.,(4,4),(2,2),(3.,4.),(0.,1.),
  .PIECEWISE_BEZIER_KNOTS.);
#8527 = CARTESIAN_POINT('',(0.887847618812,-3.005,1.967159918169));
#8528 = CARTESIAN_POINT('',(0.887847618812,-2.995,1.967159918169));
#8529 = CARTESIAN_POINT('',(0.887847618812,-3.005,1.997312897743));
#8530 = CARTESIAN_POINT('',(0.887847618812,-2.995,1.997312897743));
#8531 = CARTESIAN_POINT('',(0.877606003336,-3.005,2.02133130561));
#8532 = CARTESIAN_POINT('',(0.877606003336,-2.995,2.02133130561));
#8533 = CARTESIAN_POINT('',(0.85717476028,-3.005,2.039319117563));
#8534 = CARTESIAN_POINT('',(0.85717476028,-2.995,2.039319117563));
#8535 = ADVANCED_FACE('',(#8536),#8546,.F.);
#8536 = FACE_BOUND('',#8537,.F.);
#8537 = EDGE_LOOP('',(#8538,#8539,#8540,#8545));
#8538 = ORIENTED_EDGE('',*,*,#8521,.F.);
#8539 = ORIENTED_EDGE('',*,*,#8247,.T.);
#8540 = ORIENTED_EDGE('',*,*,#8541,.T.);
#8541 = EDGE_CURVE('',#8248,#8352,#8542,.T.);
#8542 = B_SPLINE_CURVE_WITH_KNOTS('',1,(#8543,#8544),.UNSPECIFIED.,.F.,
  .F.,(2,2),(0.,1.E-02),.PIECEWISE_BEZIER_KNOTS.);
#8543 = CARTESIAN_POINT('',(0.780284662368,-3.005,2.066248847595));
#8544 = CARTESIAN_POINT('',(0.780284662368,-2.995,2.066248847595));
#8545 = ORIENTED_EDGE('',*,*,#8358,.F.);
#8546 = B_SPLINE_SURFACE_WITH_KNOTS('',3,1,(
    (#8547,#8548)
    ,(#8549,#8550)
    ,(#8551,#8552)
    ,(#8553,#8554
    )),.UNSPECIFIED.,.F.,.F.,.F.,(4,4),(2,2),(2.,3.),(0.,1.),
  .PIECEWISE_BEZIER_KNOTS.);
#8547 = CARTESIAN_POINT('',(0.85717476028,-3.005,2.039319117563));
#8548 = CARTESIAN_POINT('',(0.85717476028,-2.995,2.039319117563));
#8549 = CARTESIAN_POINT('',(0.836743517225,-3.005,2.057306929514));
#8550 = CARTESIAN_POINT('',(0.836743517225,-2.995,2.057306929514));
#8551 = CARTESIAN_POINT('',(0.811113484587,-3.005,2.066248847595));
#8552 = CARTESIAN_POINT('',(0.811113484587,-2.995,2.066248847595));
#8553 = CARTESIAN_POINT('',(0.780284662368,-3.005,2.066248847595));
#8554 = CARTESIAN_POINT('',(0.780284662368,-2.995,2.066248847595));
#8555 = ADVANCED_FACE('',(#8556),#8566,.F.);
#8556 = FACE_BOUND('',#8557,.T.);
#8557 = EDGE_LOOP('',(#8558,#8559,#8564,#8565));
#8558 = ORIENTED_EDGE('',*,*,#8351,.T.);
#8559 = ORIENTED_EDGE('',*,*,#8560,.F.);
#8560 = EDGE_CURVE('',#8257,#8345,#8561,.T.);
#8561 = B_SPLINE_CURVE_WITH_KNOTS('',1,(#8562,#8563),.UNSPECIFIED.,.F.,
  .F.,(2,2),(0.,1.E-02),.PIECEWISE_BEZIER_KNOTS.);
#8562 = CARTESIAN_POINT('',(0.722266170639,-3.005,2.066248847595));
#8563 = CARTESIAN_POINT('',(0.722266170639,-2.995,2.066248847595));
#8564 = ORIENTED_EDGE('',*,*,#8256,.F.);
#8565 = ORIENTED_EDGE('',*,*,#8541,.T.);
#8566 = B_SPLINE_SURFACE_WITH_KNOTS('',1,1,(
    (#8567,#8568)
    ,(#8569,#8570
    )),.UNSPECIFIED.,.F.,.F.,.F.,(2,2),(2,2),(-5.801849172952E-02,0.),(
    0.,1.E-02),.PIECEWISE_BEZIER_KNOTS.);
#8567 = CARTESIAN_POINT('',(0.780284662368,-3.005,2.066248847595));
#8568 = CARTESIAN_POINT('',(0.780284662368,-2.995,2.066248847595));
#8569 = CARTESIAN_POINT('',(0.722266170639,-3.005,2.066248847595));
#8570 = CARTESIAN_POINT('',(0.722266170639,-2.995,2.066248847595));
#8571 = ADVANCED_FACE('',(#8572),#8578,.F.);
#8572 = FACE_BOUND('',#8573,.T.);
#8573 = EDGE_LOOP('',(#8574,#8575,#8576,#8577));
#8574 = ORIENTED_EDGE('',*,*,#8344,.T.);
#8575 = ORIENTED_EDGE('',*,*,#8466,.F.);
#8576 = ORIENTED_EDGE('',*,*,#8263,.F.);
#8577 = ORIENTED_EDGE('',*,*,#8560,.T.);
#8578 = B_SPLINE_SURFACE_WITH_KNOTS('',1,1,(
    (#8579,#8580)
    ,(#8581,#8582
    )),.UNSPECIFIED.,.F.,.F.,.F.,(2,2),(2,2),(-0.203376648431,0.),(0.,
    1.E-02),.PIECEWISE_BEZIER_KNOTS.);
#8579 = CARTESIAN_POINT('',(0.722266170639,-3.005,2.066248847595));
#8580 = CARTESIAN_POINT('',(0.722266170639,-2.995,2.066248847595));
#8581 = CARTESIAN_POINT('',(0.722266170639,-3.005,1.862872199164));
#8582 = CARTESIAN_POINT('',(0.722266170639,-2.995,1.862872199164));
#8583 = ADVANCED_FACE('',(#8584),#8598,.T.);
#8584 = FACE_BOUND('',#8585,.T.);
#8585 = EDGE_LOOP('',(#8586,#8587,#8592,#8593));
#8586 = ORIENTED_EDGE('',*,*,#8394,.F.);
#8587 = ORIENTED_EDGE('',*,*,#8588,.F.);
#8588 = EDGE_CURVE('',#8280,#8395,#8589,.T.);
#8589 = B_SPLINE_CURVE_WITH_KNOTS('',1,(#8590,#8591),.UNSPECIFIED.,.F.,
  .F.,(2,2),(0.,1.E-02),.PIECEWISE_BEZIER_KNOTS.);
#8590 = CARTESIAN_POINT('',(0.779244904452,-3.005,2.042854294478));
#8591 = CARTESIAN_POINT('',(0.779244904452,-2.995,2.042854294478));
#8592 = ORIENTED_EDGE('',*,*,#8279,.T.);
#8593 = ORIENTED_EDGE('',*,*,#8594,.T.);
#8594 = EDGE_CURVE('',#8271,#8397,#8595,.T.);
#8595 = B_SPLINE_CURVE_WITH_KNOTS('',1,(#8596,#8597),.UNSPECIFIED.,.F.,
  .F.,(2,2),(0.,1.E-02),.PIECEWISE_BEZIER_KNOTS.);
#8596 = CARTESIAN_POINT('',(0.748520058025,-3.005,2.042854294478));
#8597 = CARTESIAN_POINT('',(0.748520058025,-2.995,2.042854294478));
#8598 = B_SPLINE_SURFACE_WITH_KNOTS('',1,1,(
    (#8599,#8600)
    ,(#8601,#8602
    )),.UNSPECIFIED.,.F.,.F.,.F.,(2,2),(2,2),(0.,3.072484642681E-02),(0.
    ,1.E-02),.PIECEWISE_BEZIER_KNOTS.);
#8599 = CARTESIAN_POINT('',(0.779244904452,-3.005,2.042854294478));
#8600 = CARTESIAN_POINT('',(0.779244904452,-2.995,2.042854294478));
#8601 = CARTESIAN_POINT('',(0.748520058025,-3.005,2.042854294478));
#8602 = CARTESIAN_POINT('',(0.748520058025,-2.995,2.042854294478));
#8603 = ADVANCED_FACE('',(#8604),#8614,.T.);
#8604 = FACE_BOUND('',#8605,.T.);
#8605 = EDGE_LOOP('',(#8606,#8607,#8608,#8609));
#8606 = ORIENTED_EDGE('',*,*,#8403,.F.);
#8607 = ORIENTED_EDGE('',*,*,#8594,.F.);
#8608 = ORIENTED_EDGE('',*,*,#8270,.T.);
#8609 = ORIENTED_EDGE('',*,*,#8610,.T.);
#8610 = EDGE_CURVE('',#8273,#8404,#8611,.T.);
#8611 = B_SPLINE_CURVE_WITH_KNOTS('',1,(#8612,#8613),.UNSPECIFIED.,.F.,
  .F.,(2,2),(0.,1.E-02),.PIECEWISE_BEZIER_KNOTS.);
#8612 = CARTESIAN_POINT('',(0.748520058025,-3.005,1.886058800697));
#8613 = CARTESIAN_POINT('',(0.748520058025,-2.995,1.886058800697));
#8614 = B_SPLINE_SURFACE_WITH_KNOTS('',1,1,(
    (#8615,#8616)
    ,(#8617,#8618
    )),.UNSPECIFIED.,.F.,.F.,.F.,(2,2),(2,2),(0.,0.156795493781),(0.,
    1.E-02),.PIECEWISE_BEZIER_KNOTS.);
#8615 = CARTESIAN_POINT('',(0.748520058025,-3.005,2.042854294478));
#8616 = CARTESIAN_POINT('',(0.748520058025,-2.995,2.042854294478));
#8617 = CARTESIAN_POINT('',(0.748520058025,-3.005,1.886058800697));
#8618 = CARTESIAN_POINT('',(0.748520058025,-2.995,1.886058800697));
#8619 = ADVANCED_FACE('',(#8620),#8630,.T.);
#8620 = FACE_BOUND('',#8621,.T.);
#8621 = EDGE_LOOP('',(#8622,#8623,#8624,#8625));
#8622 = ORIENTED_EDGE('',*,*,#8410,.F.);
#8623 = ORIENTED_EDGE('',*,*,#8610,.F.);
#8624 = ORIENTED_EDGE('',*,*,#8322,.T.);
#8625 = ORIENTED_EDGE('',*,*,#8626,.T.);
#8626 = EDGE_CURVE('',#8314,#8411,#8627,.T.);
#8627 = B_SPLINE_CURVE_WITH_KNOTS('',1,(#8628,#8629),.UNSPECIFIED.,.F.,
  .F.,(2,2),(0.,1.E-02),.PIECEWISE_BEZIER_KNOTS.);
#8628 = CARTESIAN_POINT('',(0.778049182848,-3.005,1.886058800697));
#8629 = CARTESIAN_POINT('',(0.778049182848,-2.995,1.886058800697));
#8630 = B_SPLINE_SURFACE_WITH_KNOTS('',1,1,(
    (#8631,#8632)
    ,(#8633,#8634
    )),.UNSPECIFIED.,.F.,.F.,.F.,(2,2),(2,2),(0.,2.952912482302E-02),(0.
    ,1.E-02),.PIECEWISE_BEZIER_KNOTS.);
#8631 = CARTESIAN_POINT('',(0.748520058025,-3.005,1.886058800697));
#8632 = CARTESIAN_POINT('',(0.748520058025,-2.995,1.886058800697));
#8633 = CARTESIAN_POINT('',(0.778049182848,-3.005,1.886058800697));
#8634 = CARTESIAN_POINT('',(0.778049182848,-2.995,1.886058800697));
#8635 = ADVANCED_FACE('',(#8636),#8646,.T.);
#8636 = FACE_BOUND('',#8637,.T.);
#8637 = EDGE_LOOP('',(#8638,#8639,#8640,#8641));
#8638 = ORIENTED_EDGE('',*,*,#8417,.F.);
#8639 = ORIENTED_EDGE('',*,*,#8626,.F.);
#8640 = ORIENTED_EDGE('',*,*,#8313,.T.);
#8641 = ORIENTED_EDGE('',*,*,#8642,.T.);
#8642 = EDGE_CURVE('',#8305,#8418,#8643,.T.);
#8643 = B_SPLINE_CURVE_WITH_KNOTS('',1,(#8644,#8645),.UNSPECIFIED.,.F.,
  .F.,(2,2),(0.,1.E-02),.PIECEWISE_BEZIER_KNOTS.);
#8644 = CARTESIAN_POINT('',(0.838511105682,-3.005,1.90726986219));
#8645 = CARTESIAN_POINT('',(0.838511105682,-2.995,1.90726986219));
#8646 = B_SPLINE_SURFACE_WITH_KNOTS('',3,1,(
    (#8647,#8648)
    ,(#8649,#8650)
    ,(#8651,#8652)
    ,(#8653,#8654
    )),.UNSPECIFIED.,.F.,.F.,.F.,(4,4),(2,2),(2.,3.),(0.,1.),
  .PIECEWISE_BEZIER_KNOTS.);
#8647 = CARTESIAN_POINT('',(0.778049182848,-3.005,1.886058800697));
#8648 = CARTESIAN_POINT('',(0.778049182848,-2.995,1.886058800697));
#8649 = CARTESIAN_POINT('',(0.803887167068,-3.005,1.886058800697));
#8650 = CARTESIAN_POINT('',(0.803887167068,-2.995,1.886058800697));
#8651 = CARTESIAN_POINT('',(0.824058470645,-3.005,1.893129154527));
#8652 = CARTESIAN_POINT('',(0.824058470645,-2.995,1.893129154527));
#8653 = CARTESIAN_POINT('',(0.838511105682,-3.005,1.90726986219));
#8654 = CARTESIAN_POINT('',(0.838511105682,-2.995,1.90726986219));
#8655 = ADVANCED_FACE('',(#8656),#8666,.T.);
#8656 = FACE_BOUND('',#8657,.T.);
#8657 = EDGE_LOOP('',(#8658,#8659,#8660,#8661));
#8658 = ORIENTED_EDGE('',*,*,#8426,.F.);
#8659 = ORIENTED_EDGE('',*,*,#8642,.F.);
#8660 = ORIENTED_EDGE('',*,*,#8304,.T.);
#8661 = ORIENTED_EDGE('',*,*,#8662,.T.);
#8662 = EDGE_CURVE('',#8296,#8427,#8663,.T.);
#8663 = B_SPLINE_CURVE_WITH_KNOTS('',1,(#8664,#8665),.UNSPECIFIED.,.F.,
  .F.,(2,2),(0.,1.E-02),.PIECEWISE_BEZIER_KNOTS.);
#8664 = CARTESIAN_POINT('',(0.860242046132,-3.005,1.966432087629));
#8665 = CARTESIAN_POINT('',(0.860242046132,-2.995,1.966432087629));
#8666 = B_SPLINE_SURFACE_WITH_KNOTS('',3,1,(
    (#8667,#8668)
    ,(#8669,#8670)
    ,(#8671,#8672)
    ,(#8673,#8674
    )),.UNSPECIFIED.,.F.,.F.,.F.,(4,4),(2,2),(3.,4.),(0.,1.),
  .PIECEWISE_BEZIER_KNOTS.);
#8667 = CARTESIAN_POINT('',(0.838511105682,-3.005,1.90726986219));
#8668 = CARTESIAN_POINT('',(0.838511105682,-2.995,1.90726986219));
#8669 = CARTESIAN_POINT('',(0.853015728615,-3.005,1.921306594061));
#8670 = CARTESIAN_POINT('',(0.853015728615,-2.995,1.921306594061));
#8671 = CARTESIAN_POINT('',(0.860242046132,-3.005,1.94106199447));
#8672 = CARTESIAN_POINT('',(0.860242046132,-2.995,1.94106199447));
#8673 = CARTESIAN_POINT('',(0.860242046132,-3.005,1.966432087629));
#8674 = CARTESIAN_POINT('',(0.860242046132,-2.995,1.966432087629));
#8675 = ADVANCED_FACE('',(#8676),#8686,.T.);
#8676 = FACE_BOUND('',#8677,.T.);
#8677 = EDGE_LOOP('',(#8678,#8679,#8680,#8681));
#8678 = ORIENTED_EDGE('',*,*,#8435,.F.);
#8679 = ORIENTED_EDGE('',*,*,#8662,.F.);
#8680 = ORIENTED_EDGE('',*,*,#8295,.T.);
#8681 = ORIENTED_EDGE('',*,*,#8682,.T.);
#8682 = EDGE_CURVE('',#8287,#8436,#8683,.T.);
#8683 = B_SPLINE_CURVE_WITH_KNOTS('',1,(#8684,#8685),.UNSPECIFIED.,.F.,
  .F.,(2,2),(0.,1.E-02),.PIECEWISE_BEZIER_KNOTS.);
#8684 = CARTESIAN_POINT('',(0.837939238828,-3.005,2.023722748818));
#8685 = CARTESIAN_POINT('',(0.837939238828,-2.995,2.023722748818));
#8686 = B_SPLINE_SURFACE_WITH_KNOTS('',3,1,(
    (#8687,#8688)
    ,(#8689,#8690)
    ,(#8691,#8692)
    ,(#8693,#8694
    )),.UNSPECIFIED.,.F.,.F.,.F.,(4,4),(2,2),(4.,5.),(0.,1.),
  .PIECEWISE_BEZIER_KNOTS.);
#8687 = CARTESIAN_POINT('',(0.860242046132,-3.005,1.966432087629));
#8688 = CARTESIAN_POINT('',(0.860242046132,-2.995,1.966432087629));
#8689 = CARTESIAN_POINT('',(0.860242046132,-3.005,1.991802180787));
#8690 = CARTESIAN_POINT('',(0.860242046132,-2.995,1.991802180787));
#8691 = CARTESIAN_POINT('',(0.852807777031,-3.005,2.010933726446));
#8692 = CARTESIAN_POINT('',(0.852807777031,-2.995,2.010933726446));
#8693 = CARTESIAN_POINT('',(0.837939238828,-3.005,2.023722748818));
#8694 = CARTESIAN_POINT('',(0.837939238828,-2.995,2.023722748818));
#8695 = ADVANCED_FACE('',(#8696),#8702,.T.);
#8696 = FACE_BOUND('',#8697,.T.);
#8697 = EDGE_LOOP('',(#8698,#8699,#8700,#8701));
#8698 = ORIENTED_EDGE('',*,*,#8444,.F.);
#8699 = ORIENTED_EDGE('',*,*,#8682,.F.);
#8700 = ORIENTED_EDGE('',*,*,#8286,.T.);
#8701 = ORIENTED_EDGE('',*,*,#8588,.T.);
#8702 = B_SPLINE_SURFACE_WITH_KNOTS('',3,1,(
    (#8703,#8704)
    ,(#8705,#8706)
    ,(#8707,#8708)
    ,(#8709,#8710
    )),.UNSPECIFIED.,.F.,.F.,.F.,(4,4),(2,2),(5.,6.),(0.,1.),
  .PIECEWISE_BEZIER_KNOTS.);
#8703 = CARTESIAN_POINT('',(0.837939238828,-3.005,2.023722748818));
#8704 = CARTESIAN_POINT('',(0.837939238828,-2.995,2.023722748818));
#8705 = CARTESIAN_POINT('',(0.823070700625,-3.005,2.036511771188));
#8706 = CARTESIAN_POINT('',(0.823070700625,-2.995,2.036511771188));
#8707 = CARTESIAN_POINT('',(0.803471263902,-3.005,2.042854294478));
#8708 = CARTESIAN_POINT('',(0.803471263902,-2.995,2.042854294478));
#8709 = CARTESIAN_POINT('',(0.779244904452,-3.005,2.042854294478));
#8710 = CARTESIAN_POINT('',(0.779244904452,-2.995,2.042854294478));
#8711 = MANIFOLD_SOLID_BREP('',#8712);
#8712 = CLOSED_SHELL('',(#8713,#8825,#8937,#8957,#8973,#8989,#9005,#9021
    ,#9037,#9053,#9065,#9085,#9101,#9121,#9137,#9157));
#8713 = ADVANCED_FACE('',(#8714,#8772),#8820,.F.);
#8714 = FACE_BOUND('',#8715,.T.);
#8715 = EDGE_LOOP('',(#8716,#8725,#8732,#8739,#8746,#8753,#8760,#8767));
#8716 = ORIENTED_EDGE('',*,*,#8717,.T.);
#8717 = EDGE_CURVE('',#8718,#8720,#8722,.T.);
#8718 = VERTEX_POINT('',#8719);
#8719 = CARTESIAN_POINT('',(1.082126385475,-3.005,1.862872199164));
#8720 = VERTEX_POINT('',#8721);
#8721 = CARTESIAN_POINT('',(1.00466442071,-3.005,2.066248847595));
#8722 = B_SPLINE_CURVE_WITH_KNOTS('',1,(#8723,#8724),.UNSPECIFIED.,.F.,
  .F.,(2,2),(-0.217629081495,0.),.PIECEWISE_BEZIER_KNOTS.);
#8723 = CARTESIAN_POINT('',(1.082126385475,-3.005,1.862872199164));
#8724 = CARTESIAN_POINT('',(1.00466442071,-3.005,2.066248847595));
#8725 = ORIENTED_EDGE('',*,*,#8726,.T.);
#8726 = EDGE_CURVE('',#8720,#8727,#8729,.T.);
#8727 = VERTEX_POINT('',#8728);
#8728 = CARTESIAN_POINT('',(0.976590956968,-3.005,2.066248847595));
#8729 = B_SPLINE_CURVE_WITH_KNOTS('',1,(#8730,#8731),.UNSPECIFIED.,.F.,
  .F.,(2,2),(-2.807346374184E-02,-0.),.PIECEWISE_BEZIER_KNOTS.);
#8730 = CARTESIAN_POINT('',(1.00466442071,-3.005,2.066248847595));
#8731 = CARTESIAN_POINT('',(0.976590956968,-3.005,2.066248847595));
#8732 = ORIENTED_EDGE('',*,*,#8733,.T.);
#8733 = EDGE_CURVE('',#8727,#8734,#8736,.T.);
#8734 = VERTEX_POINT('',#8735);
#8735 = CARTESIAN_POINT('',(0.899128992202,-3.005,1.862872199164));
#8736 = B_SPLINE_CURVE_WITH_KNOTS('',1,(#8737,#8738),.UNSPECIFIED.,.F.,
  .F.,(2,2),(-0.217629081496,-0.),.PIECEWISE_BEZIER_KNOTS.);
#8737 = CARTESIAN_POINT('',(0.976590956968,-3.005,2.066248847595));
#8738 = CARTESIAN_POINT('',(0.899128992202,-3.005,1.862872199164));
#8739 = ORIENTED_EDGE('',*,*,#8740,.T.);
#8740 = EDGE_CURVE('',#8734,#8741,#8743,.T.);
#8741 = VERTEX_POINT('',#8742);
#8742 = CARTESIAN_POINT('',(0.928138238068,-3.005,1.862872199164));
#8743 = B_SPLINE_CURVE_WITH_KNOTS('',1,(#8744,#8745),.UNSPECIFIED.,.F.,
  .F.,(2,2),(-2.900924586545E-02,0.),.PIECEWISE_BEZIER_KNOTS.);
#8744 = CARTESIAN_POINT('',(0.899128992202,-3.005,1.862872199164));
#8745 = CARTESIAN_POINT('',(0.928138238068,-3.005,1.862872199164));
#8746 = ORIENTED_EDGE('',*,*,#8747,.T.);
#8747 = EDGE_CURVE('',#8741,#8748,#8750,.T.);
#8748 = VERTEX_POINT('',#8749);
#8749 = CARTESIAN_POINT('',(0.947685686895,-3.005,1.918499247686));
#8750 = B_SPLINE_CURVE_WITH_KNOTS('',1,(#8751,#8752),.UNSPECIFIED.,.F.,
  .F.,(2,2),(-5.896160855076E-02,0.),.PIECEWISE_BEZIER_KNOTS.);
#8751 = CARTESIAN_POINT('',(0.928138238068,-3.005,1.862872199164));
#8752 = CARTESIAN_POINT('',(0.947685686895,-3.005,1.918499247686));
#8753 = ORIENTED_EDGE('',*,*,#8754,.T.);
#8754 = EDGE_CURVE('',#8748,#8755,#8757,.T.);
#8755 = VERTEX_POINT('',#8756);
#8756 = CARTESIAN_POINT('',(1.032373969179,-3.005,1.918499247686));
#8757 = B_SPLINE_CURVE_WITH_KNOTS('',1,(#8758,#8759),.UNSPECIFIED.,.F.,
  .F.,(2,2),(-8.468828228455E-02,0.),.PIECEWISE_BEZIER_KNOTS.);
#8758 = CARTESIAN_POINT('',(0.947685686895,-3.005,1.918499247686));
#8759 = CARTESIAN_POINT('',(1.032373969179,-3.005,1.918499247686));
#8760 = ORIENTED_EDGE('',*,*,#8761,.T.);
#8761 = EDGE_CURVE('',#8755,#8762,#8764,.T.);
#8762 = VERTEX_POINT('',#8763);
#8763 = CARTESIAN_POINT('',(1.053117139611,-3.005,1.862872199164));
#8764 = B_SPLINE_CURVE_WITH_KNOTS('',1,(#8765,#8766),.UNSPECIFIED.,.F.,
  .F.,(2,2),(-5.936874301202E-02,0.),.PIECEWISE_BEZIER_KNOTS.);
#8765 = CARTESIAN_POINT('',(1.032373969179,-3.005,1.918499247686));
#8766 = CARTESIAN_POINT('',(1.053117139611,-3.005,1.862872199164));
#8767 = ORIENTED_EDGE('',*,*,#8768,.T.);
#8768 = EDGE_CURVE('',#8762,#8718,#8769,.T.);
#8769 = B_SPLINE_CURVE_WITH_KNOTS('',1,(#8770,#8771),.UNSPECIFIED.,.F.,
  .F.,(2,2),(-2.900924586407E-02,0.),.PIECEWISE_BEZIER_KNOTS.);
#8770 = CARTESIAN_POINT('',(1.053117139611,-3.005,1.862872199164));
#8771 = CARTESIAN_POINT('',(1.082126385475,-3.005,1.862872199164));
#8772 = FACE_BOUND('',#8773,.T.);
#8773 = EDGE_LOOP('',(#8774,#8783,#8790,#8799,#8806,#8815));
#8774 = ORIENTED_EDGE('',*,*,#8775,.F.);
#8775 = EDGE_CURVE('',#8776,#8778,#8780,.T.);
#8776 = VERTEX_POINT('',#8777);
#8777 = CARTESIAN_POINT('',(0.956003750227,-3.005,1.941477897636));
#8778 = VERTEX_POINT('',#8779);
#8779 = CARTESIAN_POINT('',(1.024263857433,-3.005,1.941477897636));
#8780 = B_SPLINE_CURVE_WITH_KNOTS('',1,(#8781,#8782),.UNSPECIFIED.,.F.,
  .F.,(2,2),(0.,6.826010720606E-02),.PIECEWISE_BEZIER_KNOTS.);
#8781 = CARTESIAN_POINT('',(0.956003750227,-3.005,1.941477897636));
#8782 = CARTESIAN_POINT('',(1.024263857433,-3.005,1.941477897636));
#8783 = ORIENTED_EDGE('',*,*,#8784,.F.);
#8784 = EDGE_CURVE('',#8785,#8776,#8787,.T.);
#8785 = VERTEX_POINT('',#8786);
#8786 = CARTESIAN_POINT('',(0.986416669278,-3.005,2.026010216234));
#8787 = B_SPLINE_CURVE_WITH_KNOTS('',1,(#8788,#8789),.UNSPECIFIED.,.F.,
  .F.,(2,2),(7.516987794346E-17,8.983684395963E-02),
  .PIECEWISE_BEZIER_KNOTS.);
#8788 = CARTESIAN_POINT('',(0.986416669278,-3.005,2.026010216234));
#8789 = CARTESIAN_POINT('',(0.956003750227,-3.005,1.941477897636));
#8790 = ORIENTED_EDGE('',*,*,#8791,.F.);
#8791 = EDGE_CURVE('',#8792,#8785,#8794,.T.);
#8792 = VERTEX_POINT('',#8793);
#8793 = CARTESIAN_POINT('',(0.98974389461,-3.005,2.040254899686));
#8794 = B_SPLINE_CURVE_WITH_KNOTS('',3,(#8795,#8796,#8797,#8798),
  .UNSPECIFIED.,.F.,.F.,(4,4),(3.,4.),.PIECEWISE_BEZIER_KNOTS.);
#8795 = CARTESIAN_POINT('',(0.98974389461,-3.005,2.040254899686));
#8796 = CARTESIAN_POINT('',(0.988756124589,-3.005,2.03412032798));
#8797 = CARTESIAN_POINT('',(0.987664378778,-3.005,2.029337441565));
#8798 = CARTESIAN_POINT('',(0.986416669278,-3.005,2.026010216234));
#8799 = ORIENTED_EDGE('',*,*,#8800,.F.);
#8800 = EDGE_CURVE('',#8801,#8792,#8803,.T.);
#8801 = VERTEX_POINT('',#8802);
#8802 = CARTESIAN_POINT('',(0.990367749361,-3.005,2.040254899686));
#8803 = B_SPLINE_CURVE_WITH_KNOTS('',1,(#8804,#8805),.UNSPECIFIED.,.F.,
  .F.,(2,2),(0.,6.23854750467E-04),.PIECEWISE_BEZIER_KNOTS.);
#8804 = CARTESIAN_POINT('',(0.990367749361,-3.005,2.040254899686));
#8805 = CARTESIAN_POINT('',(0.98974389461,-3.005,2.040254899686));
#8806 = ORIENTED_EDGE('',*,*,#8807,.F.);
#8807 = EDGE_CURVE('',#8808,#8801,#8810,.T.);
#8808 = VERTEX_POINT('',#8809);
#8809 = CARTESIAN_POINT('',(0.993539011005,-3.005,2.026010216234));
#8810 = B_SPLINE_CURVE_WITH_KNOTS('',3,(#8811,#8812,#8813,#8814),
  .UNSPECIFIED.,.F.,.F.,(4,4),(1.,2.),.PIECEWISE_BEZIER_KNOTS.);
#8811 = CARTESIAN_POINT('',(0.993539011005,-3.005,2.026010216234));
#8812 = CARTESIAN_POINT('',(0.992551240985,-3.005,2.028817562607));
#8813 = CARTESIAN_POINT('',(0.991511483067,-3.005,2.033496473231));
#8814 = CARTESIAN_POINT('',(0.990367749361,-3.005,2.040254899686));
#8815 = ORIENTED_EDGE('',*,*,#8816,.F.);
#8816 = EDGE_CURVE('',#8778,#8808,#8817,.T.);
#8817 = B_SPLINE_CURVE_WITH_KNOTS('',1,(#8818,#8819),.UNSPECIFIED.,.F.,
  .F.,(2,2),(0.,8.994292120821E-02),.PIECEWISE_BEZIER_KNOTS.);
#8818 = CARTESIAN_POINT('',(1.024263857433,-3.005,1.941477897636));
#8819 = CARTESIAN_POINT('',(0.993539011005,-3.005,2.026010216234));
#8820 = B_SPLINE_SURFACE_WITH_KNOTS('',1,1,(
    (#8821,#8822)
    ,(#8823,#8824
    )),.UNSPECIFIED.,.F.,.F.,.F.,(2,2),(2,2),(1.852872099164,
    2.056248747595),(0.899128992202,1.082126385475),
  .PIECEWISE_BEZIER_KNOTS.);
#8821 = CARTESIAN_POINT('',(0.899128992202,-3.005,1.862872199164));
#8822 = CARTESIAN_POINT('',(1.082126385475,-3.005,1.862872199164));
#8823 = CARTESIAN_POINT('',(0.899128992202,-3.005,2.066248847595));
#8824 = CARTESIAN_POINT('',(1.082126385475,-3.005,2.066248847595));
#8825 = ADVANCED_FACE('',(#8826,#8884),#8932,.T.);
#8826 = FACE_BOUND('',#8827,.T.);
#8827 = EDGE_LOOP('',(#8828,#8837,#8844,#8851,#8858,#8865,#8872,#8879));
#8828 = ORIENTED_EDGE('',*,*,#8829,.F.);
#8829 = EDGE_CURVE('',#8830,#8832,#8834,.T.);
#8830 = VERTEX_POINT('',#8831);
#8831 = CARTESIAN_POINT('',(1.082126385475,-2.995,1.862872199164));
#8832 = VERTEX_POINT('',#8833);
#8833 = CARTESIAN_POINT('',(1.00466442071,-2.995,2.066248847595));
#8834 = B_SPLINE_CURVE_WITH_KNOTS('',1,(#8835,#8836),.UNSPECIFIED.,.F.,
  .F.,(2,2),(-0.217629081495,0.),.PIECEWISE_BEZIER_KNOTS.);
#8835 = CARTESIAN_POINT('',(1.082126385475,-2.995,1.862872199164));
#8836 = CARTESIAN_POINT('',(1.00466442071,-2.995,2.066248847595));
#8837 = ORIENTED_EDGE('',*,*,#8838,.F.);
#8838 = EDGE_CURVE('',#8839,#8830,#8841,.T.);
#8839 = VERTEX_POINT('',#8840);
#8840 = CARTESIAN_POINT('',(1.053117139611,-2.995,1.862872199164));
#8841 = B_SPLINE_CURVE_WITH_KNOTS('',1,(#8842,#8843),.UNSPECIFIED.,.F.,
  .F.,(2,2),(-2.900924586407E-02,0.),.PIECEWISE_BEZIER_KNOTS.);
#8842 = CARTESIAN_POINT('',(1.053117139611,-2.995,1.862872199164));
#8843 = CARTESIAN_POINT('',(1.082126385475,-2.995,1.862872199164));
#8844 = ORIENTED_EDGE('',*,*,#8845,.F.);
#8845 = EDGE_CURVE('',#8846,#8839,#8848,.T.);
#8846 = VERTEX_POINT('',#8847);
#8847 = CARTESIAN_POINT('',(1.032373969179,-2.995,1.918499247686));
#8848 = B_SPLINE_CURVE_WITH_KNOTS('',1,(#8849,#8850),.UNSPECIFIED.,.F.,
  .F.,(2,2),(-5.936874301202E-02,0.),.PIECEWISE_BEZIER_KNOTS.);
#8849 = CARTESIAN_POINT('',(1.032373969179,-2.995,1.918499247686));
#8850 = CARTESIAN_POINT('',(1.053117139611,-2.995,1.862872199164));
#8851 = ORIENTED_EDGE('',*,*,#8852,.F.);
#8852 = EDGE_CURVE('',#8853,#8846,#8855,.T.);
#8853 = VERTEX_POINT('',#8854);
#8854 = CARTESIAN_POINT('',(0.947685686895,-2.995,1.918499247686));
#8855 = B_SPLINE_CURVE_WITH_KNOTS('',1,(#8856,#8857),.UNSPECIFIED.,.F.,
  .F.,(2,2),(-8.468828228455E-02,0.),.PIECEWISE_BEZIER_KNOTS.);
#8856 = CARTESIAN_POINT('',(0.947685686895,-2.995,1.918499247686));
#8857 = CARTESIAN_POINT('',(1.032373969179,-2.995,1.918499247686));
#8858 = ORIENTED_EDGE('',*,*,#8859,.F.);
#8859 = EDGE_CURVE('',#8860,#8853,#8862,.T.);
#8860 = VERTEX_POINT('',#8861);
#8861 = CARTESIAN_POINT('',(0.928138238068,-2.995,1.862872199164));
#8862 = B_SPLINE_CURVE_WITH_KNOTS('',1,(#8863,#8864),.UNSPECIFIED.,.F.,
  .F.,(2,2),(-5.896160855076E-02,0.),.PIECEWISE_BEZIER_KNOTS.);
#8863 = CARTESIAN_POINT('',(0.928138238068,-2.995,1.862872199164));
#8864 = CARTESIAN_POINT('',(0.947685686895,-2.995,1.918499247686));
#8865 = ORIENTED_EDGE('',*,*,#8866,.F.);
#8866 = EDGE_CURVE('',#8867,#8860,#8869,.T.);
#8867 = VERTEX_POINT('',#8868);
#8868 = CARTESIAN_POINT('',(0.899128992202,-2.995,1.862872199164));
#8869 = B_SPLINE_CURVE_WITH_KNOTS('',1,(#8870,#8871),.UNSPECIFIED.,.F.,
  .F.,(2,2),(-2.900924586545E-02,0.),.PIECEWISE_BEZIER_KNOTS.);
#8870 = CARTESIAN_POINT('',(0.899128992202,-2.995,1.862872199164));
#8871 = CARTESIAN_POINT('',(0.928138238068,-2.995,1.862872199164));
#8872 = ORIENTED_EDGE('',*,*,#8873,.F.);
#8873 = EDGE_CURVE('',#8874,#8867,#8876,.T.);
#8874 = VERTEX_POINT('',#8875);
#8875 = CARTESIAN_POINT('',(0.976590956968,-2.995,2.066248847595));
#8876 = B_SPLINE_CURVE_WITH_KNOTS('',1,(#8877,#8878),.UNSPECIFIED.,.F.,
  .F.,(2,2),(-0.217629081496,-0.),.PIECEWISE_BEZIER_KNOTS.);
#8877 = CARTESIAN_POINT('',(0.976590956968,-2.995,2.066248847595));
#8878 = CARTESIAN_POINT('',(0.899128992202,-2.995,1.862872199164));
#8879 = ORIENTED_EDGE('',*,*,#8880,.F.);
#8880 = EDGE_CURVE('',#8832,#8874,#8881,.T.);
#8881 = B_SPLINE_CURVE_WITH_KNOTS('',1,(#8882,#8883),.UNSPECIFIED.,.F.,
  .F.,(2,2),(-2.807346374184E-02,-0.),.PIECEWISE_BEZIER_KNOTS.);
#8882 = CARTESIAN_POINT('',(1.00466442071,-2.995,2.066248847595));
#8883 = CARTESIAN_POINT('',(0.976590956968,-2.995,2.066248847595));
#8884 = FACE_BOUND('',#8885,.T.);
#8885 = EDGE_LOOP('',(#8886,#8895,#8902,#8909,#8918,#8925));
#8886 = ORIENTED_EDGE('',*,*,#8887,.T.);
#8887 = EDGE_CURVE('',#8888,#8890,#8892,.T.);
#8888 = VERTEX_POINT('',#8889);
#8889 = CARTESIAN_POINT('',(0.986416669278,-2.995,2.026010216234));
#8890 = VERTEX_POINT('',#8891);
#8891 = CARTESIAN_POINT('',(0.956003750227,-2.995,1.941477897636));
#8892 = B_SPLINE_CURVE_WITH_KNOTS('',1,(#8893,#8894),.UNSPECIFIED.,.F.,
  .F.,(2,2),(0.,8.983684395963E-02),.PIECEWISE_BEZIER_KNOTS.);
#8893 = CARTESIAN_POINT('',(0.986416669278,-2.995,2.026010216234));
#8894 = CARTESIAN_POINT('',(0.956003750227,-2.995,1.941477897636));
#8895 = ORIENTED_EDGE('',*,*,#8896,.T.);
#8896 = EDGE_CURVE('',#8890,#8897,#8899,.T.);
#8897 = VERTEX_POINT('',#8898);
#8898 = CARTESIAN_POINT('',(1.024263857433,-2.995,1.941477897636));
#8899 = B_SPLINE_CURVE_WITH_KNOTS('',1,(#8900,#8901),.UNSPECIFIED.,.F.,
  .F.,(2,2),(0.,6.826010720606E-02),.PIECEWISE_BEZIER_KNOTS.);
#8900 = CARTESIAN_POINT('',(0.956003750227,-2.995,1.941477897636));
#8901 = CARTESIAN_POINT('',(1.024263857433,-2.995,1.941477897636));
#8902 = ORIENTED_EDGE('',*,*,#8903,.T.);
#8903 = EDGE_CURVE('',#8897,#8904,#8906,.T.);
#8904 = VERTEX_POINT('',#8905);
#8905 = CARTESIAN_POINT('',(0.993539011005,-2.995,2.026010216234));
#8906 = B_SPLINE_CURVE_WITH_KNOTS('',1,(#8907,#8908),.UNSPECIFIED.,.F.,
  .F.,(2,2),(0.,8.994292120821E-02),.PIECEWISE_BEZIER_KNOTS.);
#8907 = CARTESIAN_POINT('',(1.024263857433,-2.995,1.941477897636));
#8908 = CARTESIAN_POINT('',(0.993539011005,-2.995,2.026010216234));
#8909 = ORIENTED_EDGE('',*,*,#8910,.T.);
#8910 = EDGE_CURVE('',#8904,#8911,#8913,.T.);
#8911 = VERTEX_POINT('',#8912);
#8912 = CARTESIAN_POINT('',(0.990367749361,-2.995,2.040254899686));
#8913 = B_SPLINE_CURVE_WITH_KNOTS('',3,(#8914,#8915,#8916,#8917),
  .UNSPECIFIED.,.F.,.F.,(4,4),(1.,2.),.PIECEWISE_BEZIER_KNOTS.);
#8914 = CARTESIAN_POINT('',(0.993539011005,-2.995,2.026010216234));
#8915 = CARTESIAN_POINT('',(0.992551240985,-2.995,2.028817562607));
#8916 = CARTESIAN_POINT('',(0.991511483067,-2.995,2.033496473231));
#8917 = CARTESIAN_POINT('',(0.990367749361,-2.995,2.040254899686));
#8918 = ORIENTED_EDGE('',*,*,#8919,.T.);
#8919 = EDGE_CURVE('',#8911,#8920,#8922,.T.);
#8920 = VERTEX_POINT('',#8921);
#8921 = CARTESIAN_POINT('',(0.98974389461,-2.995,2.040254899686));
#8922 = B_SPLINE_CURVE_WITH_KNOTS('',1,(#8923,#8924),.UNSPECIFIED.,.F.,
  .F.,(2,2),(0.,6.23854750467E-04),.PIECEWISE_BEZIER_KNOTS.);
#8923 = CARTESIAN_POINT('',(0.990367749361,-2.995,2.040254899686));
#8924 = CARTESIAN_POINT('',(0.98974389461,-2.995,2.040254899686));
#8925 = ORIENTED_EDGE('',*,*,#8926,.T.);
#8926 = EDGE_CURVE('',#8920,#8888,#8927,.T.);
#8927 = B_SPLINE_CURVE_WITH_KNOTS('',3,(#8928,#8929,#8930,#8931),
  .UNSPECIFIED.,.F.,.F.,(4,4),(3.,4.),.PIECEWISE_BEZIER_KNOTS.);
#8928 = CARTESIAN_POINT('',(0.98974389461,-2.995,2.040254899686));
#8929 = CARTESIAN_POINT('',(0.988756124589,-2.995,2.03412032798));
#8930 = CARTESIAN_POINT('',(0.987664378778,-2.995,2.029337441565));
#8931 = CARTESIAN_POINT('',(0.986416669278,-2.995,2.026010216234));
#8932 = B_SPLINE_SURFACE_WITH_KNOTS('',1,1,(
    (#8933,#8934)
    ,(#8935,#8936
    )),.UNSPECIFIED.,.F.,.F.,.F.,(2,2),(2,2),(1.852872099164,
    2.056248747595),(0.899128992202,1.082126385475),
  .PIECEWISE_BEZIER_KNOTS.);
#8933 = CARTESIAN_POINT('',(0.899128992202,-2.995,1.862872199164));
#8934 = CARTESIAN_POINT('',(1.082126385475,-2.995,1.862872199164));
#8935 = CARTESIAN_POINT('',(0.899128992202,-2.995,2.066248847595));
#8936 = CARTESIAN_POINT('',(1.082126385475,-2.995,2.066248847595));
#8937 = ADVANCED_FACE('',(#8938),#8952,.F.);
#8938 = FACE_BOUND('',#8939,.T.);
#8939 = EDGE_LOOP('',(#8940,#8941,#8946,#8947));
#8940 = ORIENTED_EDGE('',*,*,#8829,.T.);
#8941 = ORIENTED_EDGE('',*,*,#8942,.F.);
#8942 = EDGE_CURVE('',#8720,#8832,#8943,.T.);
#8943 = B_SPLINE_CURVE_WITH_KNOTS('',1,(#8944,#8945),.UNSPECIFIED.,.F.,
  .F.,(2,2),(0.,1.E-02),.PIECEWISE_BEZIER_KNOTS.);
#8944 = CARTESIAN_POINT('',(1.00466442071,-3.005,2.066248847595));
#8945 = CARTESIAN_POINT('',(1.00466442071,-2.995,2.066248847595));
#8946 = ORIENTED_EDGE('',*,*,#8717,.F.);
#8947 = ORIENTED_EDGE('',*,*,#8948,.T.);
#8948 = EDGE_CURVE('',#8718,#8830,#8949,.T.);
#8949 = B_SPLINE_CURVE_WITH_KNOTS('',1,(#8950,#8951),.UNSPECIFIED.,.F.,
  .F.,(2,2),(0.,1.E-02),.PIECEWISE_BEZIER_KNOTS.);
#8950 = CARTESIAN_POINT('',(1.082126385475,-3.005,1.862872199164));
#8951 = CARTESIAN_POINT('',(1.082126385475,-2.995,1.862872199164));
#8952 = B_SPLINE_SURFACE_WITH_KNOTS('',1,1,(
    (#8953,#8954)
    ,(#8955,#8956
    )),.UNSPECIFIED.,.F.,.F.,.F.,(2,2),(2,2),(-0.217629081495,0.),(0.,
    1.E-02),.PIECEWISE_BEZIER_KNOTS.);
#8953 = CARTESIAN_POINT('',(1.082126385475,-3.005,1.862872199164));
#8954 = CARTESIAN_POINT('',(1.082126385475,-2.995,1.862872199164));
#8955 = CARTESIAN_POINT('',(1.00466442071,-3.005,2.066248847595));
#8956 = CARTESIAN_POINT('',(1.00466442071,-2.995,2.066248847595));
#8957 = ADVANCED_FACE('',(#8958),#8968,.F.);
#8958 = FACE_BOUND('',#8959,.T.);
#8959 = EDGE_LOOP('',(#8960,#8961,#8966,#8967));
#8960 = ORIENTED_EDGE('',*,*,#8880,.T.);
#8961 = ORIENTED_EDGE('',*,*,#8962,.F.);
#8962 = EDGE_CURVE('',#8727,#8874,#8963,.T.);
#8963 = B_SPLINE_CURVE_WITH_KNOTS('',1,(#8964,#8965),.UNSPECIFIED.,.F.,
  .F.,(2,2),(0.,1.E-02),.PIECEWISE_BEZIER_KNOTS.);
#8964 = CARTESIAN_POINT('',(0.976590956968,-3.005,2.066248847595));
#8965 = CARTESIAN_POINT('',(0.976590956968,-2.995,2.066248847595));
#8966 = ORIENTED_EDGE('',*,*,#8726,.F.);
#8967 = ORIENTED_EDGE('',*,*,#8942,.T.);
#8968 = B_SPLINE_SURFACE_WITH_KNOTS('',1,1,(
    (#8969,#8970)
    ,(#8971,#8972
    )),.UNSPECIFIED.,.F.,.F.,.F.,(2,2),(2,2),(-2.807346374184E-02,0.),(
    0.,1.E-02),.PIECEWISE_BEZIER_KNOTS.);
#8969 = CARTESIAN_POINT('',(1.00466442071,-3.005,2.066248847595));
#8970 = CARTESIAN_POINT('',(1.00466442071,-2.995,2.066248847595));
#8971 = CARTESIAN_POINT('',(0.976590956968,-3.005,2.066248847595));
#8972 = CARTESIAN_POINT('',(0.976590956968,-2.995,2.066248847595));
#8973 = ADVANCED_FACE('',(#8974),#8984,.F.);
#8974 = FACE_BOUND('',#8975,.T.);
#8975 = EDGE_LOOP('',(#8976,#8977,#8982,#8983));
#8976 = ORIENTED_EDGE('',*,*,#8873,.T.);
#8977 = ORIENTED_EDGE('',*,*,#8978,.F.);
#8978 = EDGE_CURVE('',#8734,#8867,#8979,.T.);
#8979 = B_SPLINE_CURVE_WITH_KNOTS('',1,(#8980,#8981),.UNSPECIFIED.,.F.,
  .F.,(2,2),(0.,1.E-02),.PIECEWISE_BEZIER_KNOTS.);
#8980 = CARTESIAN_POINT('',(0.899128992202,-3.005,1.862872199164));
#8981 = CARTESIAN_POINT('',(0.899128992202,-2.995,1.862872199164));
#8982 = ORIENTED_EDGE('',*,*,#8733,.F.);
#8983 = ORIENTED_EDGE('',*,*,#8962,.T.);
#8984 = B_SPLINE_SURFACE_WITH_KNOTS('',1,1,(
    (#8985,#8986)
    ,(#8987,#8988
    )),.UNSPECIFIED.,.F.,.F.,.F.,(2,2),(2,2),(-0.217629081496,0.),(0.,
    1.E-02),.PIECEWISE_BEZIER_KNOTS.);
#8985 = CARTESIAN_POINT('',(0.976590956968,-3.005,2.066248847595));
#8986 = CARTESIAN_POINT('',(0.976590956968,-2.995,2.066248847595));
#8987 = CARTESIAN_POINT('',(0.899128992202,-3.005,1.862872199164));
#8988 = CARTESIAN_POINT('',(0.899128992202,-2.995,1.862872199164));
#8989 = ADVANCED_FACE('',(#8990),#9000,.F.);
#8990 = FACE_BOUND('',#8991,.T.);
#8991 = EDGE_LOOP('',(#8992,#8993,#8998,#8999));
#8992 = ORIENTED_EDGE('',*,*,#8866,.T.);
#8993 = ORIENTED_EDGE('',*,*,#8994,.F.);
#8994 = EDGE_CURVE('',#8741,#8860,#8995,.T.);
#8995 = B_SPLINE_CURVE_WITH_KNOTS('',1,(#8996,#8997),.UNSPECIFIED.,.F.,
  .F.,(2,2),(0.,1.E-02),.PIECEWISE_BEZIER_KNOTS.);
#8996 = CARTESIAN_POINT('',(0.928138238068,-3.005,1.862872199164));
#8997 = CARTESIAN_POINT('',(0.928138238068,-2.995,1.862872199164));
#8998 = ORIENTED_EDGE('',*,*,#8740,.F.);
#8999 = ORIENTED_EDGE('',*,*,#8978,.T.);
#9000 = B_SPLINE_SURFACE_WITH_KNOTS('',1,1,(
    (#9001,#9002)
    ,(#9003,#9004
    )),.UNSPECIFIED.,.F.,.F.,.F.,(2,2),(2,2),(-2.900924586545E-02,0.),(
    0.,1.E-02),.PIECEWISE_BEZIER_KNOTS.);
#9001 = CARTESIAN_POINT('',(0.899128992202,-3.005,1.862872199164));
#9002 = CARTESIAN_POINT('',(0.899128992202,-2.995,1.862872199164));
#9003 = CARTESIAN_POINT('',(0.928138238068,-3.005,1.862872199164));
#9004 = CARTESIAN_POINT('',(0.928138238068,-2.995,1.862872199164));
#9005 = ADVANCED_FACE('',(#9006),#9016,.F.);
#9006 = FACE_BOUND('',#9007,.T.);
#9007 = EDGE_LOOP('',(#9008,#9009,#9014,#9015));
#9008 = ORIENTED_EDGE('',*,*,#8859,.T.);
#9009 = ORIENTED_EDGE('',*,*,#9010,.F.);
#9010 = EDGE_CURVE('',#8748,#8853,#9011,.T.);
#9011 = B_SPLINE_CURVE_WITH_KNOTS('',1,(#9012,#9013),.UNSPECIFIED.,.F.,
  .F.,(2,2),(0.,1.E-02),.PIECEWISE_BEZIER_KNOTS.);
#9012 = CARTESIAN_POINT('',(0.947685686895,-3.005,1.918499247686));
#9013 = CARTESIAN_POINT('',(0.947685686895,-2.995,1.918499247686));
#9014 = ORIENTED_EDGE('',*,*,#8747,.F.);
#9015 = ORIENTED_EDGE('',*,*,#8994,.T.);
#9016 = B_SPLINE_SURFACE_WITH_KNOTS('',1,1,(
    (#9017,#9018)
    ,(#9019,#9020
    )),.UNSPECIFIED.,.F.,.F.,.F.,(2,2),(2,2),(-5.896160855076E-02,0.),(
    0.,1.E-02),.PIECEWISE_BEZIER_KNOTS.);
#9017 = CARTESIAN_POINT('',(0.928138238068,-3.005,1.862872199164));
#9018 = CARTESIAN_POINT('',(0.928138238068,-2.995,1.862872199164));
#9019 = CARTESIAN_POINT('',(0.947685686895,-3.005,1.918499247686));
#9020 = CARTESIAN_POINT('',(0.947685686895,-2.995,1.918499247686));
#9021 = ADVANCED_FACE('',(#9022),#9032,.F.);
#9022 = FACE_BOUND('',#9023,.T.);
#9023 = EDGE_LOOP('',(#9024,#9025,#9030,#9031));
#9024 = ORIENTED_EDGE('',*,*,#8852,.T.);
#9025 = ORIENTED_EDGE('',*,*,#9026,.F.);
#9026 = EDGE_CURVE('',#8755,#8846,#9027,.T.);
#9027 = B_SPLINE_CURVE_WITH_KNOTS('',1,(#9028,#9029),.UNSPECIFIED.,.F.,
  .F.,(2,2),(0.,1.E-02),.PIECEWISE_BEZIER_KNOTS.);
#9028 = CARTESIAN_POINT('',(1.032373969179,-3.005,1.918499247686));
#9029 = CARTESIAN_POINT('',(1.032373969179,-2.995,1.918499247686));
#9030 = ORIENTED_EDGE('',*,*,#8754,.F.);
#9031 = ORIENTED_EDGE('',*,*,#9010,.T.);
#9032 = B_SPLINE_SURFACE_WITH_KNOTS('',1,1,(
    (#9033,#9034)
    ,(#9035,#9036
    )),.UNSPECIFIED.,.F.,.F.,.F.,(2,2),(2,2),(-8.468828228455E-02,0.),(
    0.,1.E-02),.PIECEWISE_BEZIER_KNOTS.);
#9033 = CARTESIAN_POINT('',(0.947685686895,-3.005,1.918499247686));
#9034 = CARTESIAN_POINT('',(0.947685686895,-2.995,1.918499247686));
#9035 = CARTESIAN_POINT('',(1.032373969179,-3.005,1.918499247686));
#9036 = CARTESIAN_POINT('',(1.032373969179,-2.995,1.918499247686));
#9037 = ADVANCED_FACE('',(#9038),#9048,.F.);
#9038 = FACE_BOUND('',#9039,.T.);
#9039 = EDGE_LOOP('',(#9040,#9041,#9046,#9047));
#9040 = ORIENTED_EDGE('',*,*,#8845,.T.);
#9041 = ORIENTED_EDGE('',*,*,#9042,.F.);
#9042 = EDGE_CURVE('',#8762,#8839,#9043,.T.);
#9043 = B_SPLINE_CURVE_WITH_KNOTS('',1,(#9044,#9045),.UNSPECIFIED.,.F.,
  .F.,(2,2),(0.,1.E-02),.PIECEWISE_BEZIER_KNOTS.);
#9044 = CARTESIAN_POINT('',(1.053117139611,-3.005,1.862872199164));
#9045 = CARTESIAN_POINT('',(1.053117139611,-2.995,1.862872199164));
#9046 = ORIENTED_EDGE('',*,*,#8761,.F.);
#9047 = ORIENTED_EDGE('',*,*,#9026,.T.);
#9048 = B_SPLINE_SURFACE_WITH_KNOTS('',1,1,(
    (#9049,#9050)
    ,(#9051,#9052
    )),.UNSPECIFIED.,.F.,.F.,.F.,(2,2),(2,2),(-5.936874301202E-02,0.),(
    0.,1.E-02),.PIECEWISE_BEZIER_KNOTS.);
#9049 = CARTESIAN_POINT('',(1.032373969179,-3.005,1.918499247686));
#9050 = CARTESIAN_POINT('',(1.032373969179,-2.995,1.918499247686));
#9051 = CARTESIAN_POINT('',(1.053117139611,-3.005,1.862872199164));
#9052 = CARTESIAN_POINT('',(1.053117139611,-2.995,1.862872199164));
#9053 = ADVANCED_FACE('',(#9054),#9060,.F.);
#9054 = FACE_BOUND('',#9055,.T.);
#9055 = EDGE_LOOP('',(#9056,#9057,#9058,#9059));
#9056 = ORIENTED_EDGE('',*,*,#8838,.T.);
#9057 = ORIENTED_EDGE('',*,*,#8948,.F.);
#9058 = ORIENTED_EDGE('',*,*,#8768,.F.);
#9059 = ORIENTED_EDGE('',*,*,#9042,.T.);
#9060 = B_SPLINE_SURFACE_WITH_KNOTS('',1,1,(
    (#9061,#9062)
    ,(#9063,#9064
    )),.UNSPECIFIED.,.F.,.F.,.F.,(2,2),(2,2),(-2.900924586407E-02,0.),(
    0.,1.E-02),.PIECEWISE_BEZIER_KNOTS.);
#9061 = CARTESIAN_POINT('',(1.053117139611,-3.005,1.862872199164));
#9062 = CARTESIAN_POINT('',(1.053117139611,-2.995,1.862872199164));
#9063 = CARTESIAN_POINT('',(1.082126385475,-3.005,1.862872199164));
#9064 = CARTESIAN_POINT('',(1.082126385475,-2.995,1.862872199164));
#9065 = ADVANCED_FACE('',(#9066),#9080,.T.);
#9066 = FACE_BOUND('',#9067,.T.);
#9067 = EDGE_LOOP('',(#9068,#9069,#9074,#9075));
#9068 = ORIENTED_EDGE('',*,*,#8896,.F.);
#9069 = ORIENTED_EDGE('',*,*,#9070,.F.);
#9070 = EDGE_CURVE('',#8776,#8890,#9071,.T.);
#9071 = B_SPLINE_CURVE_WITH_KNOTS('',1,(#9072,#9073),.UNSPECIFIED.,.F.,
  .F.,(2,2),(0.,1.E-02),.PIECEWISE_BEZIER_KNOTS.);
#9072 = CARTESIAN_POINT('',(0.956003750227,-3.005,1.941477897636));
#9073 = CARTESIAN_POINT('',(0.956003750227,-2.995,1.941477897636));
#9074 = ORIENTED_EDGE('',*,*,#8775,.T.);
#9075 = ORIENTED_EDGE('',*,*,#9076,.T.);
#9076 = EDGE_CURVE('',#8778,#8897,#9077,.T.);
#9077 = B_SPLINE_CURVE_WITH_KNOTS('',1,(#9078,#9079),.UNSPECIFIED.,.F.,
  .F.,(2,2),(0.,1.E-02),.PIECEWISE_BEZIER_KNOTS.);
#9078 = CARTESIAN_POINT('',(1.024263857433,-3.005,1.941477897636));
#9079 = CARTESIAN_POINT('',(1.024263857433,-2.995,1.941477897636));
#9080 = B_SPLINE_SURFACE_WITH_KNOTS('',1,1,(
    (#9081,#9082)
    ,(#9083,#9084
    )),.UNSPECIFIED.,.F.,.F.,.F.,(2,2),(2,2),(0.,6.826010720606E-02),(0.
    ,1.E-02),.PIECEWISE_BEZIER_KNOTS.);
#9081 = CARTESIAN_POINT('',(0.956003750227,-3.005,1.941477897636));
#9082 = CARTESIAN_POINT('',(0.956003750227,-2.995,1.941477897636));
#9083 = CARTESIAN_POINT('',(1.024263857433,-3.005,1.941477897636));
#9084 = CARTESIAN_POINT('',(1.024263857433,-2.995,1.941477897636));
#9085 = ADVANCED_FACE('',(#9086),#9096,.T.);
#9086 = FACE_BOUND('',#9087,.T.);
#9087 = EDGE_LOOP('',(#9088,#9089,#9090,#9091));
#9088 = ORIENTED_EDGE('',*,*,#8903,.F.);
#9089 = ORIENTED_EDGE('',*,*,#9076,.F.);
#9090 = ORIENTED_EDGE('',*,*,#8816,.T.);
#9091 = ORIENTED_EDGE('',*,*,#9092,.T.);
#9092 = EDGE_CURVE('',#8808,#8904,#9093,.T.);
#9093 = B_SPLINE_CURVE_WITH_KNOTS('',1,(#9094,#9095),.UNSPECIFIED.,.F.,
  .F.,(2,2),(0.,1.E-02),.PIECEWISE_BEZIER_KNOTS.);
#9094 = CARTESIAN_POINT('',(0.993539011005,-3.005,2.026010216234));
#9095 = CARTESIAN_POINT('',(0.993539011005,-2.995,2.026010216234));
#9096 = B_SPLINE_SURFACE_WITH_KNOTS('',1,1,(
    (#9097,#9098)
    ,(#9099,#9100
    )),.UNSPECIFIED.,.F.,.F.,.F.,(2,2),(2,2),(0.,8.994292120821E-02),(0.
    ,1.E-02),.PIECEWISE_BEZIER_KNOTS.);
#9097 = CARTESIAN_POINT('',(1.024263857433,-3.005,1.941477897636));
#9098 = CARTESIAN_POINT('',(1.024263857433,-2.995,1.941477897636));
#9099 = CARTESIAN_POINT('',(0.993539011005,-3.005,2.026010216234));
#9100 = CARTESIAN_POINT('',(0.993539011005,-2.995,2.026010216234));
#9101 = ADVANCED_FACE('',(#9102),#9112,.T.);
#9102 = FACE_BOUND('',#9103,.T.);
#9103 = EDGE_LOOP('',(#9104,#9105,#9106,#9107));
#9104 = ORIENTED_EDGE('',*,*,#8910,.F.);
#9105 = ORIENTED_EDGE('',*,*,#9092,.F.);
#9106 = ORIENTED_EDGE('',*,*,#8807,.T.);
#9107 = ORIENTED_EDGE('',*,*,#9108,.T.);
#9108 = EDGE_CURVE('',#8801,#8911,#9109,.T.);
#9109 = B_SPLINE_CURVE_WITH_KNOTS('',1,(#9110,#9111),.UNSPECIFIED.,.F.,
  .F.,(2,2),(0.,1.E-02),.PIECEWISE_BEZIER_KNOTS.);
#9110 = CARTESIAN_POINT('',(0.990367749361,-3.005,2.040254899686));
#9111 = CARTESIAN_POINT('',(0.990367749361,-2.995,2.040254899686));
#9112 = B_SPLINE_SURFACE_WITH_KNOTS('',3,1,(
    (#9113,#9114)
    ,(#9115,#9116)
    ,(#9117,#9118)
    ,(#9119,#9120
    )),.UNSPECIFIED.,.F.,.F.,.F.,(4,4),(2,2),(1.,2.),(0.,1.),
  .PIECEWISE_BEZIER_KNOTS.);
#9113 = CARTESIAN_POINT('',(0.993539011005,-3.005,2.026010216234));
#9114 = CARTESIAN_POINT('',(0.993539011005,-2.995,2.026010216234));
#9115 = CARTESIAN_POINT('',(0.992551240985,-3.005,2.028817562607));
#9116 = CARTESIAN_POINT('',(0.992551240985,-2.995,2.028817562607));
#9117 = CARTESIAN_POINT('',(0.991511483067,-3.005,2.033496473231));
#9118 = CARTESIAN_POINT('',(0.991511483067,-2.995,2.033496473231));
#9119 = CARTESIAN_POINT('',(0.990367749361,-3.005,2.040254899686));
#9120 = CARTESIAN_POINT('',(0.990367749361,-2.995,2.040254899686));
#9121 = ADVANCED_FACE('',(#9122),#9132,.T.);
#9122 = FACE_BOUND('',#9123,.T.);
#9123 = EDGE_LOOP('',(#9124,#9125,#9126,#9127));
#9124 = ORIENTED_EDGE('',*,*,#8919,.F.);
#9125 = ORIENTED_EDGE('',*,*,#9108,.F.);
#9126 = ORIENTED_EDGE('',*,*,#8800,.T.);
#9127 = ORIENTED_EDGE('',*,*,#9128,.T.);
#9128 = EDGE_CURVE('',#8792,#8920,#9129,.T.);
#9129 = B_SPLINE_CURVE_WITH_KNOTS('',1,(#9130,#9131),.UNSPECIFIED.,.F.,
  .F.,(2,2),(0.,1.E-02),.PIECEWISE_BEZIER_KNOTS.);
#9130 = CARTESIAN_POINT('',(0.98974389461,-3.005,2.040254899686));
#9131 = CARTESIAN_POINT('',(0.98974389461,-2.995,2.040254899686));
#9132 = B_SPLINE_SURFACE_WITH_KNOTS('',1,1,(
    (#9133,#9134)
    ,(#9135,#9136
    )),.UNSPECIFIED.,.F.,.F.,.F.,(2,2),(2,2),(0.,6.23854750467E-04),(0.,
    1.E-02),.PIECEWISE_BEZIER_KNOTS.);
#9133 = CARTESIAN_POINT('',(0.990367749361,-3.005,2.040254899686));
#9134 = CARTESIAN_POINT('',(0.990367749361,-2.995,2.040254899686));
#9135 = CARTESIAN_POINT('',(0.98974389461,-3.005,2.040254899686));
#9136 = CARTESIAN_POINT('',(0.98974389461,-2.995,2.040254899686));
#9137 = ADVANCED_FACE('',(#9138),#9148,.T.);
#9138 = FACE_BOUND('',#9139,.T.);
#9139 = EDGE_LOOP('',(#9140,#9141,#9142,#9143));
#9140 = ORIENTED_EDGE('',*,*,#8926,.F.);
#9141 = ORIENTED_EDGE('',*,*,#9128,.F.);
#9142 = ORIENTED_EDGE('',*,*,#8791,.T.);
#9143 = ORIENTED_EDGE('',*,*,#9144,.T.);
#9144 = EDGE_CURVE('',#8785,#8888,#9145,.T.);
#9145 = B_SPLINE_CURVE_WITH_KNOTS('',1,(#9146,#9147),.UNSPECIFIED.,.F.,
  .F.,(2,2),(0.,1.E-02),.PIECEWISE_BEZIER_KNOTS.);
#9146 = CARTESIAN_POINT('',(0.986416669278,-3.005,2.026010216234));
#9147 = CARTESIAN_POINT('',(0.986416669278,-2.995,2.026010216234));
#9148 = B_SPLINE_SURFACE_WITH_KNOTS('',3,1,(
    (#9149,#9150)
    ,(#9151,#9152)
    ,(#9153,#9154)
    ,(#9155,#9156
    )),.UNSPECIFIED.,.F.,.F.,.F.,(4,4),(2,2),(3.,4.),(0.,1.),
  .PIECEWISE_BEZIER_KNOTS.);
#9149 = CARTESIAN_POINT('',(0.98974389461,-3.005,2.040254899686));
#9150 = CARTESIAN_POINT('',(0.98974389461,-2.995,2.040254899686));
#9151 = CARTESIAN_POINT('',(0.988756124589,-3.005,2.03412032798));
#9152 = CARTESIAN_POINT('',(0.988756124589,-2.995,2.03412032798));
#9153 = CARTESIAN_POINT('',(0.987664378778,-3.005,2.029337441565));
#9154 = CARTESIAN_POINT('',(0.987664378778,-2.995,2.029337441565));
#9155 = CARTESIAN_POINT('',(0.986416669278,-3.005,2.026010216234));
#9156 = CARTESIAN_POINT('',(0.986416669278,-2.995,2.026010216234));
#9157 = ADVANCED_FACE('',(#9158),#9164,.T.);
#9158 = FACE_BOUND('',#9159,.T.);
#9159 = EDGE_LOOP('',(#9160,#9161,#9162,#9163));
#9160 = ORIENTED_EDGE('',*,*,#8887,.F.);
#9161 = ORIENTED_EDGE('',*,*,#9144,.F.);
#9162 = ORIENTED_EDGE('',*,*,#8784,.T.);
#9163 = ORIENTED_EDGE('',*,*,#9070,.T.);
#9164 = B_SPLINE_SURFACE_WITH_KNOTS('',1,1,(
    (#9165,#9166)
    ,(#9167,#9168
    )),.UNSPECIFIED.,.F.,.F.,.F.,(2,2),(2,2),(0.,8.983684395963E-02),(0.
    ,1.E-02),.PIECEWISE_BEZIER_KNOTS.);
#9165 = CARTESIAN_POINT('',(0.986416669278,-3.005,2.026010216234));
#9166 = CARTESIAN_POINT('',(0.986416669278,-2.995,2.026010216234));
#9167 = CARTESIAN_POINT('',(0.956003750227,-3.005,1.941477897636));
#9168 = CARTESIAN_POINT('',(0.956003750227,-2.995,1.941477897636));
#9169 = MANIFOLD_SOLID_BREP('',#9170);
#9170 = CLOSED_SHELL('',(#9171,#9491,#9811,#9835,#9855,#9875,#9895,#9915
    ,#9935,#9955,#9975,#9995,#10015,#10035,#10055,#10071,#10087,#10103,
    #10119,#10139,#10159,#10179,#10199,#10219,#10239,#10259,#10275,
    #10295,#10315,#10331,#10351,#10371,#10391,#10407,#10427,#10443,
    #10473));
#9171 = ADVANCED_FACE('',(#9172,#9461),#9486,.F.);
#9172 = FACE_BOUND('',#9173,.T.);
#9173 = EDGE_LOOP('',(#9174,#9185,#9194,#9203,#9212,#9221,#9230,#9239,
    #9248,#9257,#9266,#9275,#9284,#9293,#9300,#9307,#9314,#9323,#9332,
    #9341,#9350,#9359,#9368,#9377,#9386,#9395,#9404,#9411,#9420,#9429,
    #9438,#9445,#9454));
#9174 = ORIENTED_EDGE('',*,*,#9175,.T.);
#9175 = EDGE_CURVE('',#9176,#9178,#9180,.T.);
#9176 = VERTEX_POINT('',#9177);
#9177 = CARTESIAN_POINT('',(-0.155333810731,-3.005,2.064605059602));
#9178 = VERTEX_POINT('',#9179);
#9179 = CARTESIAN_POINT('',(-0.298486507521,-3.005,2.254029329304));
#9180 = B_SPLINE_CURVE_WITH_KNOTS('',3,(#9181,#9182,#9183,#9184),
  .UNSPECIFIED.,.F.,.F.,(4,4),(35.,36.),.PIECEWISE_BEZIER_KNOTS.);
#9181 = CARTESIAN_POINT('',(-0.155333810731,-3.005,2.064605059602));
#9182 = CARTESIAN_POINT('',(-0.156779775838,-3.005,2.151364234676));
#9183 = CARTESIAN_POINT('',(-0.216065282927,-3.005,2.228001571264));
#9184 = CARTESIAN_POINT('',(-0.298486507521,-3.005,2.254029329304));
#9185 = ORIENTED_EDGE('',*,*,#9186,.T.);
#9186 = EDGE_CURVE('',#9178,#9187,#9189,.T.);
#9187 = VERTEX_POINT('',#9188);
#9188 = CARTESIAN_POINT('',(-0.376569836796,-3.005,2.368262317157));
#9189 = B_SPLINE_CURVE_WITH_KNOTS('',3,(#9190,#9191,#9192,#9193),
  .UNSPECIFIED.,.F.,.F.,(4,4),(0.,1.),.PIECEWISE_BEZIER_KNOTS.);
#9190 = CARTESIAN_POINT('',(-0.298486507521,-3.005,2.254029329304));
#9191 = CARTESIAN_POINT('',(-0.314392344334,-3.005,2.29740894442));
#9192 = CARTESIAN_POINT('',(-0.341866122639,-3.005,2.336450595268));
#9193 = CARTESIAN_POINT('',(-0.376569836796,-3.005,2.368262317157));
#9194 = ORIENTED_EDGE('',*,*,#9195,.T.);
#9195 = EDGE_CURVE('',#9187,#9196,#9198,.T.);
#9196 = VERTEX_POINT('',#9197);
#9197 = CARTESIAN_POINT('',(-0.573224069931,-3.005,2.443453654164));
#9198 = B_SPLINE_CURVE_WITH_KNOTS('',3,(#9199,#9200,#9201,#9202),
  .UNSPECIFIED.,.F.,.F.,(4,4),(1.,2.),.PIECEWISE_BEZIER_KNOTS.);
#9199 = CARTESIAN_POINT('',(-0.376569836796,-3.005,2.368262317157));
#9200 = CARTESIAN_POINT('',(-0.431517338246,-3.005,2.415979898269));
#9201 = CARTESIAN_POINT('',(-0.500924711402,-3.005,2.443453654164));
#9202 = CARTESIAN_POINT('',(-0.573224069931,-3.005,2.443453654164));
#9203 = ORIENTED_EDGE('',*,*,#9204,.T.);
#9204 = EDGE_CURVE('',#9196,#9205,#9207,.T.);
#9205 = VERTEX_POINT('',#9206);
#9206 = CARTESIAN_POINT('',(-0.7467425304,-3.005,2.387060153132));
#9207 = B_SPLINE_CURVE_WITH_KNOTS('',3,(#9208,#9209,#9210,#9211),
  .UNSPECIFIED.,.F.,.F.,(4,4),(2.,3.),.PIECEWISE_BEZIER_KNOTS.);
#9208 = CARTESIAN_POINT('',(-0.573224069931,-3.005,2.443453654164));
#9209 = CARTESIAN_POINT('',(-0.63684749992,-3.005,2.443453654164));
#9210 = CARTESIAN_POINT('',(-0.696132979429,-3.005,2.423209834121));
#9211 = CARTESIAN_POINT('',(-0.7467425304,-3.005,2.387060153132));
#9212 = ORIENTED_EDGE('',*,*,#9213,.T.);
#9213 = EDGE_CURVE('',#9205,#9214,#9216,.T.);
#9214 = VERTEX_POINT('',#9215);
#9215 = CARTESIAN_POINT('',(-0.810365960389,-3.005,2.323436716249));
#9216 = B_SPLINE_CURVE_WITH_KNOTS('',3,(#9217,#9218,#9219,#9220),
  .UNSPECIFIED.,.F.,.F.,(4,4),(3.,4.),.PIECEWISE_BEZIER_KNOTS.);
#9217 = CARTESIAN_POINT('',(-0.7467425304,-3.005,2.387060153132));
#9218 = CARTESIAN_POINT('',(-0.771324323331,-3.005,2.369708302949));
#9219 = CARTESIAN_POINT('',(-0.791568138203,-3.005,2.348018495391));
#9220 = CARTESIAN_POINT('',(-0.810365960389,-3.005,2.323436716249));
#9221 = ORIENTED_EDGE('',*,*,#9222,.T.);
#9222 = EDGE_CURVE('',#9214,#9223,#9225,.T.);
#9223 = VERTEX_POINT('',#9224);
#9224 = CARTESIAN_POINT('',(-0.84362365428,-3.005,2.326328687832));
#9225 = B_SPLINE_CURVE_WITH_KNOTS('',3,(#9226,#9227,#9228,#9229),
  .UNSPECIFIED.,.F.,.F.,(4,4),(4.,5.),.PIECEWISE_BEZIER_KNOTS.);
#9226 = CARTESIAN_POINT('',(-0.810365960389,-3.005,2.323436716249));
#9227 = CARTESIAN_POINT('',(-0.821933846721,-3.005,2.324882708935));
#9228 = CARTESIAN_POINT('',(-0.832055767947,-3.005,2.326328687832));
#9229 = CARTESIAN_POINT('',(-0.84362365428,-3.005,2.326328687832));
#9230 = ORIENTED_EDGE('',*,*,#9231,.T.);
#9231 = EDGE_CURVE('',#9223,#9232,#9234,.T.);
#9232 = VERTEX_POINT('',#9233);
#9233 = CARTESIAN_POINT('',(-1.009912178895,-3.005,2.256921300886));
#9234 = B_SPLINE_CURVE_WITH_KNOTS('',3,(#9235,#9236,#9237,#9238),
  .UNSPECIFIED.,.F.,.F.,(4,4),(5.,6.),.PIECEWISE_BEZIER_KNOTS.);
#9235 = CARTESIAN_POINT('',(-0.84362365428,-3.005,2.326328687832));
#9236 = CARTESIAN_POINT('',(-0.905801105373,-3.005,2.326328687832));
#9237 = CARTESIAN_POINT('',(-0.965086571092,-3.005,2.301746908691));
#9238 = CARTESIAN_POINT('',(-1.009912178895,-3.005,2.256921300886));
#9239 = ORIENTED_EDGE('',*,*,#9240,.T.);
#9240 = EDGE_CURVE('',#9232,#9241,#9243,.T.);
#9241 = VERTEX_POINT('',#9242);
#9242 = CARTESIAN_POINT('',(-1.077873614525,-3.005,2.092078782748));
#9243 = B_SPLINE_CURVE_WITH_KNOTS('',3,(#9244,#9245,#9246,#9247),
  .UNSPECIFIED.,.F.,.F.,(4,4),(6.,7.),.PIECEWISE_BEZIER_KNOTS.);
#9244 = CARTESIAN_POINT('',(-1.009912178895,-3.005,2.256921300886));
#9245 = CARTESIAN_POINT('',(-1.053291831936,-3.005,2.213541699559));
#9246 = CARTESIAN_POINT('',(-1.077873614525,-3.005,2.154256220049));
#9247 = CARTESIAN_POINT('',(-1.077873614525,-3.005,2.092078782748));
#9248 = ORIENTED_EDGE('',*,*,#9249,.T.);
#9249 = EDGE_CURVE('',#9241,#9250,#9252,.T.);
#9250 = VERTEX_POINT('',#9251);
#9251 = CARTESIAN_POINT('',(-1.017142156118,-3.005,1.93446621425));
#9252 = B_SPLINE_CURVE_WITH_KNOTS('',3,(#9253,#9254,#9255,#9256),
  .UNSPECIFIED.,.F.,.F.,(4,4),(7.,8.),.PIECEWISE_BEZIER_KNOTS.);
#9253 = CARTESIAN_POINT('',(-1.077873614525,-3.005,2.092078782748));
#9254 = CARTESIAN_POINT('',(-1.077873614525,-3.005,2.034239295924));
#9255 = CARTESIAN_POINT('',(-1.056183806967,-3.005,1.977845774208));
#9256 = CARTESIAN_POINT('',(-1.017142156118,-3.005,1.93446621425));
#9257 = ORIENTED_EDGE('',*,*,#9258,.T.);
#9258 = EDGE_CURVE('',#9250,#9259,#9261,.T.);
#9259 = VERTEX_POINT('',#9260);
#9260 = CARTESIAN_POINT('',(-0.901463182473,-3.005,1.865058841095));
#9261 = B_SPLINE_CURVE_WITH_KNOTS('',3,(#9262,#9263,#9264,#9265),
  .UNSPECIFIED.,.F.,.F.,(4,4),(8.,9.),.PIECEWISE_BEZIER_KNOTS.);
#9262 = CARTESIAN_POINT('',(-1.017142156118,-3.005,1.93446621425));
#9263 = CARTESIAN_POINT('',(-0.985330441124,-3.005,1.899762500092));
#9264 = CARTESIAN_POINT('',(-0.946288776487,-3.005,1.876626727428));
#9265 = CARTESIAN_POINT('',(-0.901463182473,-3.005,1.865058841095));
#9266 = ORIENTED_EDGE('',*,*,#9267,.T.);
#9267 = EDGE_CURVE('',#9259,#9268,#9270,.T.);
#9268 = VERTEX_POINT('',#9269);
#9269 = CARTESIAN_POINT('',(-0.764094387478,-3.005,1.766731724528));
#9270 = B_SPLINE_CURVE_WITH_KNOTS('',3,(#9271,#9272,#9273,#9274),
  .UNSPECIFIED.,.F.,.F.,(4,4),(9.,10.),.PIECEWISE_BEZIER_KNOTS.);
#9271 = CARTESIAN_POINT('',(-0.901463182473,-3.005,1.865058841095));
#9272 = CARTESIAN_POINT('',(-0.882665346498,-3.005,1.807219354271));
#9273 = CARTESIAN_POINT('',(-0.827717845048,-3.005,1.766731724528));
#9274 = CARTESIAN_POINT('',(-0.764094387478,-3.005,1.766731724528));
#9275 = ORIENTED_EDGE('',*,*,#9276,.T.);
#9276 = EDGE_CURVE('',#9268,#9277,#9279,.T.);
#9277 = VERTEX_POINT('',#9278);
#9278 = CARTESIAN_POINT('',(-0.61949567042,-3.005,1.911330441585));
#9279 = B_SPLINE_CURVE_WITH_KNOTS('',3,(#9280,#9281,#9282,#9283),
  .UNSPECIFIED.,.F.,.F.,(4,4),(10.,11.),.PIECEWISE_BEZIER_KNOTS.);
#9280 = CARTESIAN_POINT('',(-0.764094387478,-3.005,1.766731724528));
#9281 = CARTESIAN_POINT('',(-0.684565093097,-3.005,1.766731724528));
#9282 = CARTESIAN_POINT('',(-0.61949567042,-3.005,1.831801147203));
#9283 = CARTESIAN_POINT('',(-0.61949567042,-3.005,1.911330441585));
#9284 = ORIENTED_EDGE('',*,*,#9285,.T.);
#9285 = EDGE_CURVE('',#9277,#9286,#9288,.T.);
#9286 = VERTEX_POINT('',#9287);
#9287 = CARTESIAN_POINT('',(-0.61949567042,-3.005,1.925790313291));
#9288 = B_SPLINE_CURVE_WITH_KNOTS('',3,(#9289,#9290,#9291,#9292),
  .UNSPECIFIED.,.F.,.F.,(4,4),(11.,12.),.PIECEWISE_BEZIER_KNOTS.);
#9289 = CARTESIAN_POINT('',(-0.61949567042,-3.005,1.911330441585));
#9290 = CARTESIAN_POINT('',(-0.61949567042,-3.005,1.915668392065));
#9291 = CARTESIAN_POINT('',(-0.61949567042,-3.005,1.920006342545));
#9292 = CARTESIAN_POINT('',(-0.61949567042,-3.005,1.925790313291));
#9293 = ORIENTED_EDGE('',*,*,#9294,.T.);
#9294 = EDGE_CURVE('',#9286,#9295,#9297,.T.);
#9295 = VERTEX_POINT('',#9296);
#9296 = CARTESIAN_POINT('',(-0.41705746654,-3.005,2.032793358398));
#9297 = B_SPLINE_CURVE_WITH_KNOTS('',1,(#9298,#9299),.UNSPECIFIED.,.F.,
  .F.,(2,2),(0.,0.228977898611),.PIECEWISE_BEZIER_KNOTS.);
#9298 = CARTESIAN_POINT('',(-0.61949567042,-3.005,1.925790313291));
#9299 = CARTESIAN_POINT('',(-0.41705746654,-3.005,2.032793358398));
#9300 = ORIENTED_EDGE('',*,*,#9301,.T.);
#9301 = EDGE_CURVE('',#9295,#9302,#9304,.T.);
#9302 = VERTEX_POINT('',#9303);
#9303 = CARTESIAN_POINT('',(-0.461883046764,-3.005,2.109430694986));
#9304 = B_SPLINE_CURVE_WITH_KNOTS('',1,(#9305,#9306),.UNSPECIFIED.,.F.,
  .F.,(2,2),(0.,8.878408642163E-02),.PIECEWISE_BEZIER_KNOTS.);
#9305 = CARTESIAN_POINT('',(-0.41705746654,-3.005,2.032793358398));
#9306 = CARTESIAN_POINT('',(-0.461883046764,-3.005,2.109430694986));
#9307 = ORIENTED_EDGE('',*,*,#9308,.T.);
#9308 = EDGE_CURVE('',#9302,#9309,#9311,.T.);
#9309 = VERTEX_POINT('',#9310);
#9310 = CARTESIAN_POINT('',(-0.655645322105,-3.005,2.008211593046));
#9311 = B_SPLINE_CURVE_WITH_KNOTS('',1,(#9312,#9313),.UNSPECIFIED.,.F.,
  .F.,(2,2),(0.,0.218607241286),.PIECEWISE_BEZIER_KNOTS.);
#9312 = CARTESIAN_POINT('',(-0.461883046764,-3.005,2.109430694986));
#9313 = CARTESIAN_POINT('',(-0.655645322105,-3.005,2.008211593046));
#9314 = ORIENTED_EDGE('',*,*,#9315,.T.);
#9315 = EDGE_CURVE('',#9309,#9316,#9318,.T.);
#9316 = VERTEX_POINT('',#9317);
#9317 = CARTESIAN_POINT('',(-0.764094359898,-3.005,2.057375151329));
#9318 = B_SPLINE_CURVE_WITH_KNOTS('',3,(#9319,#9320,#9321,#9322),
  .UNSPECIFIED.,.F.,.F.,(4,4),(15.,16.),.PIECEWISE_BEZIER_KNOTS.);
#9319 = CARTESIAN_POINT('',(-0.655645322105,-3.005,2.008211593046));
#9320 = CARTESIAN_POINT('',(-0.681673080144,-3.005,2.038577329144));
#9321 = CARTESIAN_POINT('',(-0.720714744781,-3.005,2.057375151329));
#9322 = CARTESIAN_POINT('',(-0.764094359898,-3.005,2.057375151329));
#9323 = ORIENTED_EDGE('',*,*,#9324,.T.);
#9324 = EDGE_CURVE('',#9316,#9325,#9327,.T.);
#9325 = VERTEX_POINT('',#9326);
#9326 = CARTESIAN_POINT('',(-0.900017148416,-3.005,1.961939992556));
#9327 = B_SPLINE_CURVE_WITH_KNOTS('',3,(#9328,#9329,#9330,#9331),
  .UNSPECIFIED.,.F.,.F.,(4,4),(16.,17.),.PIECEWISE_BEZIER_KNOTS.);
#9328 = CARTESIAN_POINT('',(-0.764094359898,-3.005,2.057375151329));
#9329 = CARTESIAN_POINT('',(-0.826271824781,-3.005,2.057375151329));
#9330 = CARTESIAN_POINT('',(-0.879773333544,-3.005,2.016887521586));
#9331 = CARTESIAN_POINT('',(-0.900017148416,-3.005,1.961939992556));
#9332 = ORIENTED_EDGE('',*,*,#9333,.T.);
#9333 = EDGE_CURVE('',#9325,#9334,#9336,.T.);
#9334 = VERTEX_POINT('',#9335);
#9335 = CARTESIAN_POINT('',(-0.986776378651,-3.005,2.09497082328));
#9336 = B_SPLINE_CURVE_WITH_KNOTS('',3,(#9337,#9338,#9339,#9340),
  .UNSPECIFIED.,.F.,.F.,(4,4),(17.,18.),.PIECEWISE_BEZIER_KNOTS.);
#9337 = CARTESIAN_POINT('',(-0.900017148416,-3.005,1.961939992556));
#9338 = CARTESIAN_POINT('',(-0.950626699386,-3.005,1.9850757928));
#9339 = CARTESIAN_POINT('',(-0.986776378651,-3.005,2.03568534377));
#9340 = CARTESIAN_POINT('',(-0.986776378651,-3.005,2.09497082328));
#9341 = ORIENTED_EDGE('',*,*,#9342,.T.);
#9342 = EDGE_CURVE('',#9334,#9343,#9345,.T.);
#9343 = VERTEX_POINT('',#9344);
#9344 = CARTESIAN_POINT('',(-0.842177661594,-3.005,2.239569540337));
#9345 = B_SPLINE_CURVE_WITH_KNOTS('',3,(#9346,#9347,#9348,#9349),
  .UNSPECIFIED.,.F.,.F.,(4,4),(18.,19.),.PIECEWISE_BEZIER_KNOTS.);
#9346 = CARTESIAN_POINT('',(-0.986776378651,-3.005,2.09497082328));
#9347 = CARTESIAN_POINT('',(-0.986776378651,-3.005,2.174500117662));
#9348 = CARTESIAN_POINT('',(-0.921706955975,-3.005,2.239569540337));
#9349 = CARTESIAN_POINT('',(-0.842177661594,-3.005,2.239569540337));
#9350 = ORIENTED_EDGE('',*,*,#9351,.T.);
#9351 = EDGE_CURVE('',#9343,#9352,#9354,.T.);
#9352 = VERTEX_POINT('',#9353);
#9353 = CARTESIAN_POINT('',(-0.765540352585,-3.005,2.217879732778));
#9354 = B_SPLINE_CURVE_WITH_KNOTS('',3,(#9355,#9356,#9357,#9358),
  .UNSPECIFIED.,.F.,.F.,(4,4),(19.,20.),.PIECEWISE_BEZIER_KNOTS.);
#9355 = CARTESIAN_POINT('',(-0.842177661594,-3.005,2.239569540337));
#9356 = CARTESIAN_POINT('',(-0.814703910868,-3.005,2.239569540337));
#9357 = CARTESIAN_POINT('',(-0.787230160143,-3.005,2.230893611798));
#9358 = CARTESIAN_POINT('',(-0.765540352585,-3.005,2.217879732778));
#9359 = ORIENTED_EDGE('',*,*,#9360,.T.);
#9360 = EDGE_CURVE('',#9352,#9361,#9363,.T.);
#9361 = VERTEX_POINT('',#9362);
#9362 = CARTESIAN_POINT('',(-0.571778104824,-3.005,2.35669442393));
#9363 = B_SPLINE_CURVE_WITH_KNOTS('',3,(#9364,#9365,#9366,#9367),
  .UNSPECIFIED.,.F.,.F.,(4,4),(20.,21.),.PIECEWISE_BEZIER_KNOTS.);
#9364 = CARTESIAN_POINT('',(-0.765540352585,-3.005,2.217879732778));
#9365 = CARTESIAN_POINT('',(-0.73806662944,-3.005,2.298854937107));
#9366 = CARTESIAN_POINT('',(-0.662875285538,-3.005,2.35669442393));
#9367 = CARTESIAN_POINT('',(-0.571778104824,-3.005,2.35669442393));
#9368 = ORIENTED_EDGE('',*,*,#9369,.T.);
#9369 = EDGE_CURVE('',#9361,#9370,#9372,.T.);
#9370 = VERTEX_POINT('',#9371);
#9371 = CARTESIAN_POINT('',(-0.369339900944,-3.005,2.175946027608));
#9372 = B_SPLINE_CURVE_WITH_KNOTS('',3,(#9373,#9374,#9375,#9376),
  .UNSPECIFIED.,.F.,.F.,(4,4),(21.,22.),.PIECEWISE_BEZIER_KNOTS.);
#9373 = CARTESIAN_POINT('',(-0.571778104824,-3.005,2.35669442393));
#9374 = CARTESIAN_POINT('',(-0.46766701751,-3.005,2.35669442393));
#9375 = CARTESIAN_POINT('',(-0.380907787276,-3.005,2.277165129548));
#9376 = CARTESIAN_POINT('',(-0.369339900944,-3.005,2.175946027608));
#9377 = ORIENTED_EDGE('',*,*,#9378,.T.);
#9378 = EDGE_CURVE('',#9370,#9379,#9381,.T.);
#9379 = VERTEX_POINT('',#9380);
#9380 = CARTESIAN_POINT('',(-0.357772014611,-3.005,2.175946027608));
#9381 = B_SPLINE_CURVE_WITH_KNOTS('',3,(#9382,#9383,#9384,#9385),
  .UNSPECIFIED.,.F.,.F.,(4,4),(22.,23.),.PIECEWISE_BEZIER_KNOTS.);
#9382 = CARTESIAN_POINT('',(-0.369339900944,-3.005,2.175946027608));
#9383 = CARTESIAN_POINT('',(-0.365001950464,-3.005,2.175946027608));
#9384 = CARTESIAN_POINT('',(-0.362109965091,-3.005,2.175946027608));
#9385 = CARTESIAN_POINT('',(-0.357772014611,-3.005,2.175946027608));
#9386 = ORIENTED_EDGE('',*,*,#9387,.T.);
#9387 = EDGE_CURVE('',#9379,#9388,#9390,.T.);
#9388 = VERTEX_POINT('',#9389);
#9389 = CARTESIAN_POINT('',(-0.244985026338,-3.005,2.063159039336));
#9390 = B_SPLINE_CURVE_WITH_KNOTS('',3,(#9391,#9392,#9393,#9394),
  .UNSPECIFIED.,.F.,.F.,(4,4),(23.,24.),.PIECEWISE_BEZIER_KNOTS.);
#9391 = CARTESIAN_POINT('',(-0.357772014611,-3.005,2.175946027608));
#9392 = CARTESIAN_POINT('',(-0.295594577308,-3.005,2.175946027608));
#9393 = CARTESIAN_POINT('',(-0.244985026338,-3.005,2.125336476638));
#9394 = CARTESIAN_POINT('',(-0.244985026338,-3.005,2.063159039336));
#9395 = ORIENTED_EDGE('',*,*,#9396,.T.);
#9396 = EDGE_CURVE('',#9388,#9397,#9399,.T.);
#9397 = VERTEX_POINT('',#9398);
#9398 = CARTESIAN_POINT('',(-0.349096113651,-3.005,1.950372051063));
#9399 = B_SPLINE_CURVE_WITH_KNOTS('',3,(#9400,#9401,#9402,#9403),
  .UNSPECIFIED.,.F.,.F.,(4,4),(24.,25.),.PIECEWISE_BEZIER_KNOTS.);
#9400 = CARTESIAN_POINT('',(-0.244985026338,-3.005,2.063159039336));
#9401 = CARTESIAN_POINT('',(-0.244985026338,-3.005,2.003873559826));
#9402 = CARTESIAN_POINT('',(-0.289810606563,-3.005,1.954710001543));
#9403 = CARTESIAN_POINT('',(-0.349096113651,-3.005,1.950372051063));
#9404 = ORIENTED_EDGE('',*,*,#9405,.T.);
#9405 = EDGE_CURVE('',#9397,#9406,#9408,.T.);
#9406 = VERTEX_POINT('',#9407);
#9407 = CARTESIAN_POINT('',(-0.414165536327,-3.005,1.950372051063));
#9408 = B_SPLINE_CURVE_WITH_KNOTS('',1,(#9409,#9410),.UNSPECIFIED.,.F.,
  .F.,(2,2),(-5.551115123126E-17,6.506942267584E-02),
  .PIECEWISE_BEZIER_KNOTS.);
#9409 = CARTESIAN_POINT('',(-0.349096113651,-3.005,1.950372051063));
#9410 = CARTESIAN_POINT('',(-0.414165536327,-3.005,1.950372051063));
#9411 = ORIENTED_EDGE('',*,*,#9412,.T.);
#9412 = EDGE_CURVE('',#9406,#9413,#9415,.T.);
#9413 = VERTEX_POINT('',#9414);
#9414 = CARTESIAN_POINT('',(-0.422841437287,-3.005,1.951818016169));
#9415 = B_SPLINE_CURVE_WITH_KNOTS('',3,(#9416,#9417,#9418,#9419),
  .UNSPECIFIED.,.F.,.F.,(4,4),(26.,27.),.PIECEWISE_BEZIER_KNOTS.);
#9416 = CARTESIAN_POINT('',(-0.414165536327,-3.005,1.950372051063));
#9417 = CARTESIAN_POINT('',(-0.4170575217,-3.005,1.950372051063));
#9418 = CARTESIAN_POINT('',(-0.419949507074,-3.005,1.951818016169));
#9419 = CARTESIAN_POINT('',(-0.422841437287,-3.005,1.951818016169));
#9420 = ORIENTED_EDGE('',*,*,#9421,.T.);
#9421 = EDGE_CURVE('',#9413,#9422,#9424,.T.);
#9422 = VERTEX_POINT('',#9423);
#9423 = CARTESIAN_POINT('',(-0.46766701751,-3.005,1.906992435946));
#9424 = B_SPLINE_CURVE_WITH_KNOTS('',3,(#9425,#9426,#9427,#9428),
  .UNSPECIFIED.,.F.,.F.,(4,4),(27.,28.),.PIECEWISE_BEZIER_KNOTS.);
#9425 = CARTESIAN_POINT('',(-0.422841437287,-3.005,1.951818016169));
#9426 = CARTESIAN_POINT('',(-0.447423230219,-3.005,1.951818016169));
#9427 = CARTESIAN_POINT('',(-0.46766701751,-3.005,1.931574173718));
#9428 = CARTESIAN_POINT('',(-0.46766701751,-3.005,1.906992435946));
#9429 = ORIENTED_EDGE('',*,*,#9430,.T.);
#9430 = EDGE_CURVE('',#9422,#9431,#9433,.T.);
#9431 = VERTEX_POINT('',#9432);
#9432 = CARTESIAN_POINT('',(-0.4257333675,-3.005,1.862166855721));
#9433 = B_SPLINE_CURVE_WITH_KNOTS('',3,(#9434,#9435,#9436,#9437),
  .UNSPECIFIED.,.F.,.F.,(4,4),(28.,29.),.PIECEWISE_BEZIER_KNOTS.);
#9434 = CARTESIAN_POINT('',(-0.46766701751,-3.005,1.906992435946));
#9435 = CARTESIAN_POINT('',(-0.46766701751,-3.005,1.883856663281));
#9436 = CARTESIAN_POINT('',(-0.448869195325,-3.005,1.863612820827));
#9437 = CARTESIAN_POINT('',(-0.4257333675,-3.005,1.862166855721));
#9438 = ORIENTED_EDGE('',*,*,#9439,.T.);
#9439 = EDGE_CURVE('',#9431,#9440,#9442,.T.);
#9440 = VERTEX_POINT('',#9441);
#9441 = CARTESIAN_POINT('',(-0.340420157532,-3.005,1.862166855721));
#9442 = B_SPLINE_CURVE_WITH_KNOTS('',1,(#9443,#9444),.UNSPECIFIED.,.F.,
  .F.,(2,2),(5.551115123126E-17,8.531320996817E-02),
  .PIECEWISE_BEZIER_KNOTS.);
#9443 = CARTESIAN_POINT('',(-0.4257333675,-3.005,1.862166855721));
#9444 = CARTESIAN_POINT('',(-0.340420157532,-3.005,1.862166855721));
#9445 = ORIENTED_EDGE('',*,*,#9446,.T.);
#9446 = EDGE_CURVE('',#9440,#9447,#9449,.T.);
#9447 = VERTEX_POINT('',#9448);
#9448 = CARTESIAN_POINT('',(-0.208835347075,-3.005,1.927236278398));
#9449 = B_SPLINE_CURVE_WITH_KNOTS('',3,(#9450,#9451,#9452,#9453),
  .UNSPECIFIED.,.F.,.F.,(4,4),(33.,34.),.PIECEWISE_BEZIER_KNOTS.);
#9450 = CARTESIAN_POINT('',(-0.340420157532,-3.005,1.862166855721));
#9451 = CARTESIAN_POINT('',(-0.289810606563,-3.005,1.866504806201));
#9452 = CARTESIAN_POINT('',(-0.243539006071,-3.005,1.889640634027));
#9453 = CARTESIAN_POINT('',(-0.208835347075,-3.005,1.927236278398));
#9454 = ORIENTED_EDGE('',*,*,#9455,.T.);
#9455 = EDGE_CURVE('',#9447,#9176,#9456,.T.);
#9456 = B_SPLINE_CURVE_WITH_KNOTS('',3,(#9457,#9458,#9459,#9460),
  .UNSPECIFIED.,.F.,.F.,(4,4),(34.,35.),.PIECEWISE_BEZIER_KNOTS.);
#9457 = CARTESIAN_POINT('',(-0.208835347075,-3.005,1.927236278398));
#9458 = CARTESIAN_POINT('',(-0.174131632916,-3.005,1.964831922769));
#9459 = CARTESIAN_POINT('',(-0.155333810731,-3.005,2.013995508632));
#9460 = CARTESIAN_POINT('',(-0.155333810731,-3.005,2.064605059602));
#9461 = FACE_BOUND('',#9462,.T.);
#9462 = EDGE_LOOP('',(#9463,#9477));
#9463 = ORIENTED_EDGE('',*,*,#9464,.F.);
#9464 = EDGE_CURVE('',#9465,#9467,#9469,.T.);
#9465 = VERTEX_POINT('',#9466);
#9466 = CARTESIAN_POINT('',(-0.765540380165,-3.005,1.853490844442));
#9467 = VERTEX_POINT('',#9468);
#9468 = CARTESIAN_POINT('',(-0.765540380165,-3.005,1.966277887875));
#9469 = B_SPLINE_CURVE_WITH_KNOTS('',3,(#9470,#9471,#9472,#9473,#9474,
    #9475,#9476),.UNSPECIFIED.,.F.,.F.,(4,3,4),(0.,1.,2.),
  .PIECEWISE_BEZIER_KNOTS.);
#9470 = CARTESIAN_POINT('',(-0.765540380165,-3.005,1.853490844442));
#9471 = CARTESIAN_POINT('',(-0.733728678961,-3.005,1.853490844442));
#9472 = CARTESIAN_POINT('',(-0.709146886029,-3.005,1.87951865764));
#9473 = CARTESIAN_POINT('',(-0.709146886029,-3.005,1.909884366159));
#9474 = CARTESIAN_POINT('',(-0.709146886029,-3.005,1.941696094943));
#9475 = CARTESIAN_POINT('',(-0.735174644067,-3.005,1.966277887875));
#9476 = CARTESIAN_POINT('',(-0.765540380165,-3.005,1.966277887875));
#9477 = ORIENTED_EDGE('',*,*,#9478,.F.);
#9478 = EDGE_CURVE('',#9467,#9465,#9479,.T.);
#9479 = B_SPLINE_CURVE_WITH_KNOTS('',3,(#9480,#9481,#9482,#9483,#9484,
    #9485),.UNSPECIFIED.,.F.,.F.,(4,2,4),(2.,3.,4.),.UNSPECIFIED.);
#9480 = CARTESIAN_POINT('',(-0.765540380165,-3.005,1.966277887875));
#9481 = CARTESIAN_POINT('',(-0.795906116263,-3.005,1.966277887875));
#9482 = CARTESIAN_POINT('',(-0.821933874301,-3.005,1.941696094943));
#9483 = CARTESIAN_POINT('',(-0.821933874301,-3.005,1.878072637374));
#9484 = CARTESIAN_POINT('',(-0.795906116263,-3.005,1.853490844442));
#9485 = CARTESIAN_POINT('',(-0.765540380165,-3.005,1.853490844442));
#9486 = B_SPLINE_SURFACE_WITH_KNOTS('',1,1,(
    (#9487,#9488)
    ,(#9489,#9490
    )),.UNSPECIFIED.,.F.,.F.,.F.,(2,2),(2,2),(-0.415359751313,
    0.261362178323),(-0.881329177706,4.121062608758E-02),
  .PIECEWISE_BEZIER_KNOTS.);
#9487 = CARTESIAN_POINT('',(-1.077873614525,-3.005,1.766731724528));
#9488 = CARTESIAN_POINT('',(-0.155333810731,-3.005,1.766731724528));
#9489 = CARTESIAN_POINT('',(-1.077873614525,-3.005,2.443453654164));
#9490 = CARTESIAN_POINT('',(-0.155333810731,-3.005,2.443453654164));
#9491 = ADVANCED_FACE('',(#9492,#9781),#9806,.T.);
#9492 = FACE_BOUND('',#9493,.T.);
#9493 = EDGE_LOOP('',(#9494,#9505,#9514,#9523,#9530,#9539,#9548,#9557,
    #9564,#9573,#9582,#9591,#9600,#9609,#9618,#9627,#9636,#9645,#9654,
    #9661,#9668,#9675,#9684,#9693,#9702,#9711,#9720,#9729,#9738,#9747,
    #9756,#9765,#9774));
#9494 = ORIENTED_EDGE('',*,*,#9495,.F.);
#9495 = EDGE_CURVE('',#9496,#9498,#9500,.T.);
#9496 = VERTEX_POINT('',#9497);
#9497 = CARTESIAN_POINT('',(-0.155333810731,-2.995,2.064605059602));
#9498 = VERTEX_POINT('',#9499);
#9499 = CARTESIAN_POINT('',(-0.298486507521,-2.995,2.254029329304));
#9500 = B_SPLINE_CURVE_WITH_KNOTS('',3,(#9501,#9502,#9503,#9504),
  .UNSPECIFIED.,.F.,.F.,(4,4),(35.,36.),.PIECEWISE_BEZIER_KNOTS.);
#9501 = CARTESIAN_POINT('',(-0.155333810731,-2.995,2.064605059602));
#9502 = CARTESIAN_POINT('',(-0.156779775838,-2.995,2.151364234676));
#9503 = CARTESIAN_POINT('',(-0.216065282927,-2.995,2.228001571264));
#9504 = CARTESIAN_POINT('',(-0.298486507521,-2.995,2.254029329304));
#9505 = ORIENTED_EDGE('',*,*,#9506,.F.);
#9506 = EDGE_CURVE('',#9507,#9496,#9509,.T.);
#9507 = VERTEX_POINT('',#9508);
#9508 = CARTESIAN_POINT('',(-0.208835347075,-2.995,1.927236278398));
#9509 = B_SPLINE_CURVE_WITH_KNOTS('',3,(#9510,#9511,#9512,#9513),
  .UNSPECIFIED.,.F.,.F.,(4,4),(34.,35.),.PIECEWISE_BEZIER_KNOTS.);
#9510 = CARTESIAN_POINT('',(-0.208835347075,-2.995,1.927236278398));
#9511 = CARTESIAN_POINT('',(-0.174131632916,-2.995,1.964831922769));
#9512 = CARTESIAN_POINT('',(-0.155333810731,-2.995,2.013995508632));
#9513 = CARTESIAN_POINT('',(-0.155333810731,-2.995,2.064605059602));
#9514 = ORIENTED_EDGE('',*,*,#9515,.F.);
#9515 = EDGE_CURVE('',#9516,#9507,#9518,.T.);
#9516 = VERTEX_POINT('',#9517);
#9517 = CARTESIAN_POINT('',(-0.340420157532,-2.995,1.862166855721));
#9518 = B_SPLINE_CURVE_WITH_KNOTS('',3,(#9519,#9520,#9521,#9522),
  .UNSPECIFIED.,.F.,.F.,(4,4),(33.,34.),.PIECEWISE_BEZIER_KNOTS.);
#9519 = CARTESIAN_POINT('',(-0.340420157532,-2.995,1.862166855721));
#9520 = CARTESIAN_POINT('',(-0.289810606563,-2.995,1.866504806201));
#9521 = CARTESIAN_POINT('',(-0.243539006071,-2.995,1.889640634027));
#9522 = CARTESIAN_POINT('',(-0.208835347075,-2.995,1.927236278398));
#9523 = ORIENTED_EDGE('',*,*,#9524,.F.);
#9524 = EDGE_CURVE('',#9525,#9516,#9527,.T.);
#9525 = VERTEX_POINT('',#9526);
#9526 = CARTESIAN_POINT('',(-0.4257333675,-2.995,1.862166855721));
#9527 = B_SPLINE_CURVE_WITH_KNOTS('',1,(#9528,#9529),.UNSPECIFIED.,.F.,
  .F.,(2,2),(-8.097525948804E-02,4.337950480129E-03),
  .PIECEWISE_BEZIER_KNOTS.);
#9528 = CARTESIAN_POINT('',(-0.4257333675,-2.995,1.862166855721));
#9529 = CARTESIAN_POINT('',(-0.340420157532,-2.995,1.862166855721));
#9530 = ORIENTED_EDGE('',*,*,#9531,.F.);
#9531 = EDGE_CURVE('',#9532,#9525,#9534,.T.);
#9532 = VERTEX_POINT('',#9533);
#9533 = CARTESIAN_POINT('',(-0.46766701751,-2.995,1.906992435946));
#9534 = B_SPLINE_CURVE_WITH_KNOTS('',3,(#9535,#9536,#9537,#9538),
  .UNSPECIFIED.,.F.,.F.,(4,4),(28.,29.),.PIECEWISE_BEZIER_KNOTS.);
#9535 = CARTESIAN_POINT('',(-0.46766701751,-2.995,1.906992435946));
#9536 = CARTESIAN_POINT('',(-0.46766701751,-2.995,1.883856663281));
#9537 = CARTESIAN_POINT('',(-0.448869195325,-2.995,1.863612820827));
#9538 = CARTESIAN_POINT('',(-0.4257333675,-2.995,1.862166855721));
#9539 = ORIENTED_EDGE('',*,*,#9540,.F.);
#9540 = EDGE_CURVE('',#9541,#9532,#9543,.T.);
#9541 = VERTEX_POINT('',#9542);
#9542 = CARTESIAN_POINT('',(-0.422841437287,-2.995,1.951818016169));
#9543 = B_SPLINE_CURVE_WITH_KNOTS('',3,(#9544,#9545,#9546,#9547),
  .UNSPECIFIED.,.F.,.F.,(4,4),(27.,28.),.PIECEWISE_BEZIER_KNOTS.);
#9544 = CARTESIAN_POINT('',(-0.422841437287,-2.995,1.951818016169));
#9545 = CARTESIAN_POINT('',(-0.447423230219,-2.995,1.951818016169));
#9546 = CARTESIAN_POINT('',(-0.46766701751,-2.995,1.931574173718));
#9547 = CARTESIAN_POINT('',(-0.46766701751,-2.995,1.906992435946));
#9548 = ORIENTED_EDGE('',*,*,#9549,.F.);
#9549 = EDGE_CURVE('',#9550,#9541,#9552,.T.);
#9550 = VERTEX_POINT('',#9551);
#9551 = CARTESIAN_POINT('',(-0.414165536327,-2.995,1.950372051063));
#9552 = B_SPLINE_CURVE_WITH_KNOTS('',3,(#9553,#9554,#9555,#9556),
  .UNSPECIFIED.,.F.,.F.,(4,4),(26.,27.),.PIECEWISE_BEZIER_KNOTS.);
#9553 = CARTESIAN_POINT('',(-0.414165536327,-2.995,1.950372051063));
#9554 = CARTESIAN_POINT('',(-0.4170575217,-2.995,1.950372051063));
#9555 = CARTESIAN_POINT('',(-0.419949507074,-2.995,1.951818016169));
#9556 = CARTESIAN_POINT('',(-0.422841437287,-2.995,1.951818016169));
#9557 = ORIENTED_EDGE('',*,*,#9558,.F.);
#9558 = EDGE_CURVE('',#9559,#9550,#9561,.T.);
#9559 = VERTEX_POINT('',#9560);
#9560 = CARTESIAN_POINT('',(-0.349096113651,-2.995,1.950372051063));
#9561 = B_SPLINE_CURVE_WITH_KNOTS('',1,(#9562,#9563),.UNSPECIFIED.,.F.,
  .F.,(2,2),(-5.551115123126E-17,6.506942267584E-02),
  .PIECEWISE_BEZIER_KNOTS.);
#9562 = CARTESIAN_POINT('',(-0.349096113651,-2.995,1.950372051063));
#9563 = CARTESIAN_POINT('',(-0.414165536327,-2.995,1.950372051063));
#9564 = ORIENTED_EDGE('',*,*,#9565,.F.);
#9565 = EDGE_CURVE('',#9566,#9559,#9568,.T.);
#9566 = VERTEX_POINT('',#9567);
#9567 = CARTESIAN_POINT('',(-0.244985026338,-2.995,2.063159039336));
#9568 = B_SPLINE_CURVE_WITH_KNOTS('',3,(#9569,#9570,#9571,#9572),
  .UNSPECIFIED.,.F.,.F.,(4,4),(24.,25.),.PIECEWISE_BEZIER_KNOTS.);
#9569 = CARTESIAN_POINT('',(-0.244985026338,-2.995,2.063159039336));
#9570 = CARTESIAN_POINT('',(-0.244985026338,-2.995,2.003873559826));
#9571 = CARTESIAN_POINT('',(-0.289810606563,-2.995,1.954710001543));
#9572 = CARTESIAN_POINT('',(-0.349096113651,-2.995,1.950372051063));
#9573 = ORIENTED_EDGE('',*,*,#9574,.F.);
#9574 = EDGE_CURVE('',#9575,#9566,#9577,.T.);
#9575 = VERTEX_POINT('',#9576);
#9576 = CARTESIAN_POINT('',(-0.357772014611,-2.995,2.175946027608));
#9577 = B_SPLINE_CURVE_WITH_KNOTS('',3,(#9578,#9579,#9580,#9581),
  .UNSPECIFIED.,.F.,.F.,(4,4),(23.,24.),.PIECEWISE_BEZIER_KNOTS.);
#9578 = CARTESIAN_POINT('',(-0.357772014611,-2.995,2.175946027608));
#9579 = CARTESIAN_POINT('',(-0.295594577308,-2.995,2.175946027608));
#9580 = CARTESIAN_POINT('',(-0.244985026338,-2.995,2.125336476638));
#9581 = CARTESIAN_POINT('',(-0.244985026338,-2.995,2.063159039336));
#9582 = ORIENTED_EDGE('',*,*,#9583,.F.);
#9583 = EDGE_CURVE('',#9584,#9575,#9586,.T.);
#9584 = VERTEX_POINT('',#9585);
#9585 = CARTESIAN_POINT('',(-0.369339900944,-2.995,2.175946027608));
#9586 = B_SPLINE_CURVE_WITH_KNOTS('',3,(#9587,#9588,#9589,#9590),
  .UNSPECIFIED.,.F.,.F.,(4,4),(22.,23.),.PIECEWISE_BEZIER_KNOTS.);
#9587 = CARTESIAN_POINT('',(-0.369339900944,-2.995,2.175946027608));
#9588 = CARTESIAN_POINT('',(-0.365001950464,-2.995,2.175946027608));
#9589 = CARTESIAN_POINT('',(-0.362109965091,-2.995,2.175946027608));
#9590 = CARTESIAN_POINT('',(-0.357772014611,-2.995,2.175946027608));
#9591 = ORIENTED_EDGE('',*,*,#9592,.F.);
#9592 = EDGE_CURVE('',#9593,#9584,#9595,.T.);
#9593 = VERTEX_POINT('',#9594);
#9594 = CARTESIAN_POINT('',(-0.571778104824,-2.995,2.35669442393));
#9595 = B_SPLINE_CURVE_WITH_KNOTS('',3,(#9596,#9597,#9598,#9599),
  .UNSPECIFIED.,.F.,.F.,(4,4),(21.,22.),.PIECEWISE_BEZIER_KNOTS.);
#9596 = CARTESIAN_POINT('',(-0.571778104824,-2.995,2.35669442393));
#9597 = CARTESIAN_POINT('',(-0.46766701751,-2.995,2.35669442393));
#9598 = CARTESIAN_POINT('',(-0.380907787276,-2.995,2.277165129548));
#9599 = CARTESIAN_POINT('',(-0.369339900944,-2.995,2.175946027608));
#9600 = ORIENTED_EDGE('',*,*,#9601,.F.);
#9601 = EDGE_CURVE('',#9602,#9593,#9604,.T.);
#9602 = VERTEX_POINT('',#9603);
#9603 = CARTESIAN_POINT('',(-0.765540352585,-2.995,2.217879732778));
#9604 = B_SPLINE_CURVE_WITH_KNOTS('',3,(#9605,#9606,#9607,#9608),
  .UNSPECIFIED.,.F.,.F.,(4,4),(20.,21.),.PIECEWISE_BEZIER_KNOTS.);
#9605 = CARTESIAN_POINT('',(-0.765540352585,-2.995,2.217879732778));
#9606 = CARTESIAN_POINT('',(-0.73806662944,-2.995,2.298854937107));
#9607 = CARTESIAN_POINT('',(-0.662875285538,-2.995,2.35669442393));
#9608 = CARTESIAN_POINT('',(-0.571778104824,-2.995,2.35669442393));
#9609 = ORIENTED_EDGE('',*,*,#9610,.F.);
#9610 = EDGE_CURVE('',#9611,#9602,#9613,.T.);
#9611 = VERTEX_POINT('',#9612);
#9612 = CARTESIAN_POINT('',(-0.842177661594,-2.995,2.239569540337));
#9613 = B_SPLINE_CURVE_WITH_KNOTS('',3,(#9614,#9615,#9616,#9617),
  .UNSPECIFIED.,.F.,.F.,(4,4),(19.,20.),.PIECEWISE_BEZIER_KNOTS.);
#9614 = CARTESIAN_POINT('',(-0.842177661594,-2.995,2.239569540337));
#9615 = CARTESIAN_POINT('',(-0.814703910868,-2.995,2.239569540337));
#9616 = CARTESIAN_POINT('',(-0.787230160143,-2.995,2.230893611798));
#9617 = CARTESIAN_POINT('',(-0.765540352585,-2.995,2.217879732778));
#9618 = ORIENTED_EDGE('',*,*,#9619,.F.);
#9619 = EDGE_CURVE('',#9620,#9611,#9622,.T.);
#9620 = VERTEX_POINT('',#9621);
#9621 = CARTESIAN_POINT('',(-0.986776378651,-2.995,2.09497082328));
#9622 = B_SPLINE_CURVE_WITH_KNOTS('',3,(#9623,#9624,#9625,#9626),
  .UNSPECIFIED.,.F.,.F.,(4,4),(18.,19.),.PIECEWISE_BEZIER_KNOTS.);
#9623 = CARTESIAN_POINT('',(-0.986776378651,-2.995,2.09497082328));
#9624 = CARTESIAN_POINT('',(-0.986776378651,-2.995,2.174500117662));
#9625 = CARTESIAN_POINT('',(-0.921706955975,-2.995,2.239569540337));
#9626 = CARTESIAN_POINT('',(-0.842177661594,-2.995,2.239569540337));
#9627 = ORIENTED_EDGE('',*,*,#9628,.F.);
#9628 = EDGE_CURVE('',#9629,#9620,#9631,.T.);
#9629 = VERTEX_POINT('',#9630);
#9630 = CARTESIAN_POINT('',(-0.900017148416,-2.995,1.961939992556));
#9631 = B_SPLINE_CURVE_WITH_KNOTS('',3,(#9632,#9633,#9634,#9635),
  .UNSPECIFIED.,.F.,.F.,(4,4),(17.,18.),.PIECEWISE_BEZIER_KNOTS.);
#9632 = CARTESIAN_POINT('',(-0.900017148416,-2.995,1.961939992556));
#9633 = CARTESIAN_POINT('',(-0.950626699386,-2.995,1.9850757928));
#9634 = CARTESIAN_POINT('',(-0.986776378651,-2.995,2.03568534377));
#9635 = CARTESIAN_POINT('',(-0.986776378651,-2.995,2.09497082328));
#9636 = ORIENTED_EDGE('',*,*,#9637,.F.);
#9637 = EDGE_CURVE('',#9638,#9629,#9640,.T.);
#9638 = VERTEX_POINT('',#9639);
#9639 = CARTESIAN_POINT('',(-0.764094359898,-2.995,2.057375151329));
#9640 = B_SPLINE_CURVE_WITH_KNOTS('',3,(#9641,#9642,#9643,#9644),
  .UNSPECIFIED.,.F.,.F.,(4,4),(16.,17.),.PIECEWISE_BEZIER_KNOTS.);
#9641 = CARTESIAN_POINT('',(-0.764094359898,-2.995,2.057375151329));
#9642 = CARTESIAN_POINT('',(-0.826271824781,-2.995,2.057375151329));
#9643 = CARTESIAN_POINT('',(-0.879773333544,-2.995,2.016887521586));
#9644 = CARTESIAN_POINT('',(-0.900017148416,-2.995,1.961939992556));
#9645 = ORIENTED_EDGE('',*,*,#9646,.F.);
#9646 = EDGE_CURVE('',#9647,#9638,#9649,.T.);
#9647 = VERTEX_POINT('',#9648);
#9648 = CARTESIAN_POINT('',(-0.655645322105,-2.995,2.008211593046));
#9649 = B_SPLINE_CURVE_WITH_KNOTS('',3,(#9650,#9651,#9652,#9653),
  .UNSPECIFIED.,.F.,.F.,(4,4),(15.,16.),.PIECEWISE_BEZIER_KNOTS.);
#9650 = CARTESIAN_POINT('',(-0.655645322105,-2.995,2.008211593046));
#9651 = CARTESIAN_POINT('',(-0.681673080144,-2.995,2.038577329144));
#9652 = CARTESIAN_POINT('',(-0.720714744781,-2.995,2.057375151329));
#9653 = CARTESIAN_POINT('',(-0.764094359898,-2.995,2.057375151329));
#9654 = ORIENTED_EDGE('',*,*,#9655,.F.);
#9655 = EDGE_CURVE('',#9656,#9647,#9658,.T.);
#9656 = VERTEX_POINT('',#9657);
#9657 = CARTESIAN_POINT('',(-0.461883046764,-2.995,2.109430694986));
#9658 = B_SPLINE_CURVE_WITH_KNOTS('',1,(#9659,#9660),.UNSPECIFIED.,.F.,
  .F.,(2,2),(0.,0.218607241286),.PIECEWISE_BEZIER_KNOTS.);
#9659 = CARTESIAN_POINT('',(-0.461883046764,-2.995,2.109430694986));
#9660 = CARTESIAN_POINT('',(-0.655645322105,-2.995,2.008211593046));
#9661 = ORIENTED_EDGE('',*,*,#9662,.F.);
#9662 = EDGE_CURVE('',#9663,#9656,#9665,.T.);
#9663 = VERTEX_POINT('',#9664);
#9664 = CARTESIAN_POINT('',(-0.41705746654,-2.995,2.032793358398));
#9665 = B_SPLINE_CURVE_WITH_KNOTS('',1,(#9666,#9667),.UNSPECIFIED.,.F.,
  .F.,(2,2),(0.,8.878408642163E-02),.PIECEWISE_BEZIER_KNOTS.);
#9666 = CARTESIAN_POINT('',(-0.41705746654,-2.995,2.032793358398));
#9667 = CARTESIAN_POINT('',(-0.461883046764,-2.995,2.109430694986));
#9668 = ORIENTED_EDGE('',*,*,#9669,.F.);
#9669 = EDGE_CURVE('',#9670,#9663,#9672,.T.);
#9670 = VERTEX_POINT('',#9671);
#9671 = CARTESIAN_POINT('',(-0.61949567042,-2.995,1.925790313291));
#9672 = B_SPLINE_CURVE_WITH_KNOTS('',1,(#9673,#9674),.UNSPECIFIED.,.F.,
  .F.,(2,2),(0.,0.228977898611),.PIECEWISE_BEZIER_KNOTS.);
#9673 = CARTESIAN_POINT('',(-0.61949567042,-2.995,1.925790313291));
#9674 = CARTESIAN_POINT('',(-0.41705746654,-2.995,2.032793358398));
#9675 = ORIENTED_EDGE('',*,*,#9676,.F.);
#9676 = EDGE_CURVE('',#9677,#9670,#9679,.T.);
#9677 = VERTEX_POINT('',#9678);
#9678 = CARTESIAN_POINT('',(-0.61949567042,-2.995,1.911330441585));
#9679 = B_SPLINE_CURVE_WITH_KNOTS('',3,(#9680,#9681,#9682,#9683),
  .UNSPECIFIED.,.F.,.F.,(4,4),(11.,12.),.PIECEWISE_BEZIER_KNOTS.);
#9680 = CARTESIAN_POINT('',(-0.61949567042,-2.995,1.911330441585));
#9681 = CARTESIAN_POINT('',(-0.61949567042,-2.995,1.915668392065));
#9682 = CARTESIAN_POINT('',(-0.61949567042,-2.995,1.920006342545));
#9683 = CARTESIAN_POINT('',(-0.61949567042,-2.995,1.925790313291));
#9684 = ORIENTED_EDGE('',*,*,#9685,.F.);
#9685 = EDGE_CURVE('',#9686,#9677,#9688,.T.);
#9686 = VERTEX_POINT('',#9687);
#9687 = CARTESIAN_POINT('',(-0.764094387478,-2.995,1.766731724528));
#9688 = B_SPLINE_CURVE_WITH_KNOTS('',3,(#9689,#9690,#9691,#9692),
  .UNSPECIFIED.,.F.,.F.,(4,4),(10.,11.),.PIECEWISE_BEZIER_KNOTS.);
#9689 = CARTESIAN_POINT('',(-0.764094387478,-2.995,1.766731724528));
#9690 = CARTESIAN_POINT('',(-0.684565093097,-2.995,1.766731724528));
#9691 = CARTESIAN_POINT('',(-0.61949567042,-2.995,1.831801147203));
#9692 = CARTESIAN_POINT('',(-0.61949567042,-2.995,1.911330441585));
#9693 = ORIENTED_EDGE('',*,*,#9694,.F.);
#9694 = EDGE_CURVE('',#9695,#9686,#9697,.T.);
#9695 = VERTEX_POINT('',#9696);
#9696 = CARTESIAN_POINT('',(-0.901463182473,-2.995,1.865058841095));
#9697 = B_SPLINE_CURVE_WITH_KNOTS('',3,(#9698,#9699,#9700,#9701),
  .UNSPECIFIED.,.F.,.F.,(4,4),(9.,10.),.PIECEWISE_BEZIER_KNOTS.);
#9698 = CARTESIAN_POINT('',(-0.901463182473,-2.995,1.865058841095));
#9699 = CARTESIAN_POINT('',(-0.882665346498,-2.995,1.807219354271));
#9700 = CARTESIAN_POINT('',(-0.827717845048,-2.995,1.766731724528));
#9701 = CARTESIAN_POINT('',(-0.764094387478,-2.995,1.766731724528));
#9702 = ORIENTED_EDGE('',*,*,#9703,.F.);
#9703 = EDGE_CURVE('',#9704,#9695,#9706,.T.);
#9704 = VERTEX_POINT('',#9705);
#9705 = CARTESIAN_POINT('',(-1.017142156118,-2.995,1.93446621425));
#9706 = B_SPLINE_CURVE_WITH_KNOTS('',3,(#9707,#9708,#9709,#9710),
  .UNSPECIFIED.,.F.,.F.,(4,4),(8.,9.),.PIECEWISE_BEZIER_KNOTS.);
#9707 = CARTESIAN_POINT('',(-1.017142156118,-2.995,1.93446621425));
#9708 = CARTESIAN_POINT('',(-0.985330441124,-2.995,1.899762500092));
#9709 = CARTESIAN_POINT('',(-0.946288776487,-2.995,1.876626727428));
#9710 = CARTESIAN_POINT('',(-0.901463182473,-2.995,1.865058841095));
#9711 = ORIENTED_EDGE('',*,*,#9712,.F.);
#9712 = EDGE_CURVE('',#9713,#9704,#9715,.T.);
#9713 = VERTEX_POINT('',#9714);
#9714 = CARTESIAN_POINT('',(-1.077873614525,-2.995,2.092078782748));
#9715 = B_SPLINE_CURVE_WITH_KNOTS('',3,(#9716,#9717,#9718,#9719),
  .UNSPECIFIED.,.F.,.F.,(4,4),(7.,8.),.PIECEWISE_BEZIER_KNOTS.);
#9716 = CARTESIAN_POINT('',(-1.077873614525,-2.995,2.092078782748));
#9717 = CARTESIAN_POINT('',(-1.077873614525,-2.995,2.034239295924));
#9718 = CARTESIAN_POINT('',(-1.056183806967,-2.995,1.977845774208));
#9719 = CARTESIAN_POINT('',(-1.017142156118,-2.995,1.93446621425));
#9720 = ORIENTED_EDGE('',*,*,#9721,.F.);
#9721 = EDGE_CURVE('',#9722,#9713,#9724,.T.);
#9722 = VERTEX_POINT('',#9723);
#9723 = CARTESIAN_POINT('',(-1.009912178895,-2.995,2.256921300886));
#9724 = B_SPLINE_CURVE_WITH_KNOTS('',3,(#9725,#9726,#9727,#9728),
  .UNSPECIFIED.,.F.,.F.,(4,4),(6.,7.),.PIECEWISE_BEZIER_KNOTS.);
#9725 = CARTESIAN_POINT('',(-1.009912178895,-2.995,2.256921300886));
#9726 = CARTESIAN_POINT('',(-1.053291831936,-2.995,2.213541699559));
#9727 = CARTESIAN_POINT('',(-1.077873614525,-2.995,2.154256220049));
#9728 = CARTESIAN_POINT('',(-1.077873614525,-2.995,2.092078782748));
#9729 = ORIENTED_EDGE('',*,*,#9730,.F.);
#9730 = EDGE_CURVE('',#9731,#9722,#9733,.T.);
#9731 = VERTEX_POINT('',#9732);
#9732 = CARTESIAN_POINT('',(-0.84362365428,-2.995,2.326328687832));
#9733 = B_SPLINE_CURVE_WITH_KNOTS('',3,(#9734,#9735,#9736,#9737),
  .UNSPECIFIED.,.F.,.F.,(4,4),(5.,6.),.PIECEWISE_BEZIER_KNOTS.);
#9734 = CARTESIAN_POINT('',(-0.84362365428,-2.995,2.326328687832));
#9735 = CARTESIAN_POINT('',(-0.905801105373,-2.995,2.326328687832));
#9736 = CARTESIAN_POINT('',(-0.965086571092,-2.995,2.301746908691));
#9737 = CARTESIAN_POINT('',(-1.009912178895,-2.995,2.256921300886));
#9738 = ORIENTED_EDGE('',*,*,#9739,.F.);
#9739 = EDGE_CURVE('',#9740,#9731,#9742,.T.);
#9740 = VERTEX_POINT('',#9741);
#9741 = CARTESIAN_POINT('',(-0.810365960389,-2.995,2.323436716249));
#9742 = B_SPLINE_CURVE_WITH_KNOTS('',3,(#9743,#9744,#9745,#9746),
  .UNSPECIFIED.,.F.,.F.,(4,4),(4.,5.),.PIECEWISE_BEZIER_KNOTS.);
#9743 = CARTESIAN_POINT('',(-0.810365960389,-2.995,2.323436716249));
#9744 = CARTESIAN_POINT('',(-0.821933846721,-2.995,2.324882708935));
#9745 = CARTESIAN_POINT('',(-0.832055767947,-2.995,2.326328687832));
#9746 = CARTESIAN_POINT('',(-0.84362365428,-2.995,2.326328687832));
#9747 = ORIENTED_EDGE('',*,*,#9748,.F.);
#9748 = EDGE_CURVE('',#9749,#9740,#9751,.T.);
#9749 = VERTEX_POINT('',#9750);
#9750 = CARTESIAN_POINT('',(-0.7467425304,-2.995,2.387060153132));
#9751 = B_SPLINE_CURVE_WITH_KNOTS('',3,(#9752,#9753,#9754,#9755),
  .UNSPECIFIED.,.F.,.F.,(4,4),(3.,4.),.PIECEWISE_BEZIER_KNOTS.);
#9752 = CARTESIAN_POINT('',(-0.7467425304,-2.995,2.387060153132));
#9753 = CARTESIAN_POINT('',(-0.771324323331,-2.995,2.369708302949));
#9754 = CARTESIAN_POINT('',(-0.791568138203,-2.995,2.348018495391));
#9755 = CARTESIAN_POINT('',(-0.810365960389,-2.995,2.323436716249));
#9756 = ORIENTED_EDGE('',*,*,#9757,.F.);
#9757 = EDGE_CURVE('',#9758,#9749,#9760,.T.);
#9758 = VERTEX_POINT('',#9759);
#9759 = CARTESIAN_POINT('',(-0.573224069931,-2.995,2.443453654164));
#9760 = B_SPLINE_CURVE_WITH_KNOTS('',3,(#9761,#9762,#9763,#9764),
  .UNSPECIFIED.,.F.,.F.,(4,4),(2.,3.),.PIECEWISE_BEZIER_KNOTS.);
#9761 = CARTESIAN_POINT('',(-0.573224069931,-2.995,2.443453654164));
#9762 = CARTESIAN_POINT('',(-0.63684749992,-2.995,2.443453654164));
#9763 = CARTESIAN_POINT('',(-0.696132979429,-2.995,2.423209834121));
#9764 = CARTESIAN_POINT('',(-0.7467425304,-2.995,2.387060153132));
#9765 = ORIENTED_EDGE('',*,*,#9766,.F.);
#9766 = EDGE_CURVE('',#9767,#9758,#9769,.T.);
#9767 = VERTEX_POINT('',#9768);
#9768 = CARTESIAN_POINT('',(-0.376569836796,-2.995,2.368262317157));
#9769 = B_SPLINE_CURVE_WITH_KNOTS('',3,(#9770,#9771,#9772,#9773),
  .UNSPECIFIED.,.F.,.F.,(4,4),(1.,2.),.PIECEWISE_BEZIER_KNOTS.);
#9770 = CARTESIAN_POINT('',(-0.376569836796,-2.995,2.368262317157));
#9771 = CARTESIAN_POINT('',(-0.431517338246,-2.995,2.415979898269));
#9772 = CARTESIAN_POINT('',(-0.500924711402,-2.995,2.443453654164));
#9773 = CARTESIAN_POINT('',(-0.573224069931,-2.995,2.443453654164));
#9774 = ORIENTED_EDGE('',*,*,#9775,.F.);
#9775 = EDGE_CURVE('',#9498,#9767,#9776,.T.);
#9776 = B_SPLINE_CURVE_WITH_KNOTS('',3,(#9777,#9778,#9779,#9780),
  .UNSPECIFIED.,.F.,.F.,(4,4),(0.,1.),.PIECEWISE_BEZIER_KNOTS.);
#9777 = CARTESIAN_POINT('',(-0.298486507521,-2.995,2.254029329304));
#9778 = CARTESIAN_POINT('',(-0.314392344334,-2.995,2.29740894442));
#9779 = CARTESIAN_POINT('',(-0.341866122639,-2.995,2.336450595268));
#9780 = CARTESIAN_POINT('',(-0.376569836796,-2.995,2.368262317157));
#9781 = FACE_BOUND('',#9782,.T.);
#9782 = EDGE_LOOP('',(#9783,#9796));
#9783 = ORIENTED_EDGE('',*,*,#9784,.T.);
#9784 = EDGE_CURVE('',#9785,#9787,#9789,.T.);
#9785 = VERTEX_POINT('',#9786);
#9786 = CARTESIAN_POINT('',(-0.765540380165,-2.995,1.966277887875));
#9787 = VERTEX_POINT('',#9788);
#9788 = CARTESIAN_POINT('',(-0.765540380165,-2.995,1.853490844442));
#9789 = B_SPLINE_CURVE_WITH_KNOTS('',3,(#9790,#9791,#9792,#9793,#9794,
    #9795),.UNSPECIFIED.,.F.,.F.,(4,2,4),(2.,3.,4.),.UNSPECIFIED.);
#9790 = CARTESIAN_POINT('',(-0.765540380165,-2.995,1.966277887875));
#9791 = CARTESIAN_POINT('',(-0.795906116263,-2.995,1.966277887875));
#9792 = CARTESIAN_POINT('',(-0.821933874301,-2.995,1.941696094943));
#9793 = CARTESIAN_POINT('',(-0.821933874301,-2.995,1.878072637374));
#9794 = CARTESIAN_POINT('',(-0.795906116263,-2.995,1.853490844442));
#9795 = CARTESIAN_POINT('',(-0.765540380165,-2.995,1.853490844442));
#9796 = ORIENTED_EDGE('',*,*,#9797,.T.);
#9797 = EDGE_CURVE('',#9787,#9785,#9798,.T.);
#9798 = B_SPLINE_CURVE_WITH_KNOTS('',3,(#9799,#9800,#9801,#9802,#9803,
    #9804,#9805),.UNSPECIFIED.,.F.,.F.,(4,3,4),(0.,1.,2.),
  .PIECEWISE_BEZIER_KNOTS.);
#9799 = CARTESIAN_POINT('',(-0.765540380165,-2.995,1.853490844442));
#9800 = CARTESIAN_POINT('',(-0.733728678961,-2.995,1.853490844442));
#9801 = CARTESIAN_POINT('',(-0.709146886029,-2.995,1.87951865764));
#9802 = CARTESIAN_POINT('',(-0.709146886029,-2.995,1.909884366159));
#9803 = CARTESIAN_POINT('',(-0.709146886029,-2.995,1.941696094943));
#9804 = CARTESIAN_POINT('',(-0.735174644067,-2.995,1.966277887875));
#9805 = CARTESIAN_POINT('',(-0.765540380165,-2.995,1.966277887875));
#9806 = B_SPLINE_SURFACE_WITH_KNOTS('',1,1,(
    (#9807,#9808)
    ,(#9809,#9810
    )),.UNSPECIFIED.,.F.,.F.,.F.,(2,2),(2,2),(-0.415359751313,
    0.261362178323),(-0.881329177706,4.121062608758E-02),
  .PIECEWISE_BEZIER_KNOTS.);
#9807 = CARTESIAN_POINT('',(-1.077873614525,-2.995,1.766731724528));
#9808 = CARTESIAN_POINT('',(-0.155333810731,-2.995,1.766731724528));
#9809 = CARTESIAN_POINT('',(-1.077873614525,-2.995,2.443453654164));
#9810 = CARTESIAN_POINT('',(-0.155333810731,-2.995,2.443453654164));
#9811 = ADVANCED_FACE('',(#9812),#9826,.F.);
#9812 = FACE_BOUND('',#9813,.F.);
#9813 = EDGE_LOOP('',(#9814,#9819,#9820,#9825));
#9814 = ORIENTED_EDGE('',*,*,#9815,.F.);
#9815 = EDGE_CURVE('',#9176,#9496,#9816,.T.);
#9816 = B_SPLINE_CURVE_WITH_KNOTS('',1,(#9817,#9818),.UNSPECIFIED.,.F.,
  .F.,(2,2),(0.,1.E-02),.PIECEWISE_BEZIER_KNOTS.);
#9817 = CARTESIAN_POINT('',(-0.155333810731,-3.005,2.064605059602));
#9818 = CARTESIAN_POINT('',(-0.155333810731,-2.995,2.064605059602));
#9819 = ORIENTED_EDGE('',*,*,#9175,.T.);
#9820 = ORIENTED_EDGE('',*,*,#9821,.T.);
#9821 = EDGE_CURVE('',#9178,#9498,#9822,.T.);
#9822 = B_SPLINE_CURVE_WITH_KNOTS('',1,(#9823,#9824),.UNSPECIFIED.,.F.,
  .F.,(2,2),(0.,1.E-02),.PIECEWISE_BEZIER_KNOTS.);
#9823 = CARTESIAN_POINT('',(-0.298486507521,-3.005,2.254029329304));
#9824 = CARTESIAN_POINT('',(-0.298486507521,-2.995,2.254029329304));
#9825 = ORIENTED_EDGE('',*,*,#9495,.F.);
#9826 = B_SPLINE_SURFACE_WITH_KNOTS('',3,1,(
    (#9827,#9828)
    ,(#9829,#9830)
    ,(#9831,#9832)
    ,(#9833,#9834
    )),.UNSPECIFIED.,.F.,.F.,.F.,(4,4),(2,2),(35.,36.),(0.,1.),
  .PIECEWISE_BEZIER_KNOTS.);
#9827 = CARTESIAN_POINT('',(-0.155333810731,-3.005,2.064605059602));
#9828 = CARTESIAN_POINT('',(-0.155333810731,-2.995,2.064605059602));
#9829 = CARTESIAN_POINT('',(-0.156779775838,-3.005,2.151364234676));
#9830 = CARTESIAN_POINT('',(-0.156779775838,-2.995,2.151364234676));
#9831 = CARTESIAN_POINT('',(-0.216065282927,-3.005,2.228001571264));
#9832 = CARTESIAN_POINT('',(-0.216065282927,-2.995,2.228001571264));
#9833 = CARTESIAN_POINT('',(-0.298486507521,-3.005,2.254029329304));
#9834 = CARTESIAN_POINT('',(-0.298486507521,-2.995,2.254029329304));
#9835 = ADVANCED_FACE('',(#9836),#9846,.F.);
#9836 = FACE_BOUND('',#9837,.F.);
#9837 = EDGE_LOOP('',(#9838,#9839,#9840,#9845));
#9838 = ORIENTED_EDGE('',*,*,#9821,.F.);
#9839 = ORIENTED_EDGE('',*,*,#9186,.T.);
#9840 = ORIENTED_EDGE('',*,*,#9841,.T.);
#9841 = EDGE_CURVE('',#9187,#9767,#9842,.T.);
#9842 = B_SPLINE_CURVE_WITH_KNOTS('',1,(#9843,#9844),.UNSPECIFIED.,.F.,
  .F.,(2,2),(0.,1.E-02),.PIECEWISE_BEZIER_KNOTS.);
#9843 = CARTESIAN_POINT('',(-0.376569836796,-3.005,2.368262317157));
#9844 = CARTESIAN_POINT('',(-0.376569836796,-2.995,2.368262317157));
#9845 = ORIENTED_EDGE('',*,*,#9775,.F.);
#9846 = B_SPLINE_SURFACE_WITH_KNOTS('',3,1,(
    (#9847,#9848)
    ,(#9849,#9850)
    ,(#9851,#9852)
    ,(#9853,#9854
    )),.UNSPECIFIED.,.F.,.F.,.F.,(4,4),(2,2),(0.,1.),(0.,1.),
  .PIECEWISE_BEZIER_KNOTS.);
#9847 = CARTESIAN_POINT('',(-0.298486507521,-3.005,2.254029329304));
#9848 = CARTESIAN_POINT('',(-0.298486507521,-2.995,2.254029329304));
#9849 = CARTESIAN_POINT('',(-0.314392344334,-3.005,2.29740894442));
#9850 = CARTESIAN_POINT('',(-0.314392344334,-2.995,2.29740894442));
#9851 = CARTESIAN_POINT('',(-0.341866122639,-3.005,2.336450595268));
#9852 = CARTESIAN_POINT('',(-0.341866122639,-2.995,2.336450595268));
#9853 = CARTESIAN_POINT('',(-0.376569836796,-3.005,2.368262317157));
#9854 = CARTESIAN_POINT('',(-0.376569836796,-2.995,2.368262317157));
#9855 = ADVANCED_FACE('',(#9856),#9866,.F.);
#9856 = FACE_BOUND('',#9857,.F.);
#9857 = EDGE_LOOP('',(#9858,#9859,#9860,#9865));
#9858 = ORIENTED_EDGE('',*,*,#9841,.F.);
#9859 = ORIENTED_EDGE('',*,*,#9195,.T.);
#9860 = ORIENTED_EDGE('',*,*,#9861,.T.);
#9861 = EDGE_CURVE('',#9196,#9758,#9862,.T.);
#9862 = B_SPLINE_CURVE_WITH_KNOTS('',1,(#9863,#9864),.UNSPECIFIED.,.F.,
  .F.,(2,2),(0.,1.E-02),.PIECEWISE_BEZIER_KNOTS.);
#9863 = CARTESIAN_POINT('',(-0.573224069931,-3.005,2.443453654164));
#9864 = CARTESIAN_POINT('',(-0.573224069931,-2.995,2.443453654164));
#9865 = ORIENTED_EDGE('',*,*,#9766,.F.);
#9866 = B_SPLINE_SURFACE_WITH_KNOTS('',3,1,(
    (#9867,#9868)
    ,(#9869,#9870)
    ,(#9871,#9872)
    ,(#9873,#9874
    )),.UNSPECIFIED.,.F.,.F.,.F.,(4,4),(2,2),(1.,2.),(0.,1.),
  .PIECEWISE_BEZIER_KNOTS.);
#9867 = CARTESIAN_POINT('',(-0.376569836796,-3.005,2.368262317157));
#9868 = CARTESIAN_POINT('',(-0.376569836796,-2.995,2.368262317157));
#9869 = CARTESIAN_POINT('',(-0.431517338246,-3.005,2.415979898269));
#9870 = CARTESIAN_POINT('',(-0.431517338246,-2.995,2.415979898269));
#9871 = CARTESIAN_POINT('',(-0.500924711402,-3.005,2.443453654164));
#9872 = CARTESIAN_POINT('',(-0.500924711402,-2.995,2.443453654164));
#9873 = CARTESIAN_POINT('',(-0.573224069931,-3.005,2.443453654164));
#9874 = CARTESIAN_POINT('',(-0.573224069931,-2.995,2.443453654164));
#9875 = ADVANCED_FACE('',(#9876),#9886,.F.);
#9876 = FACE_BOUND('',#9877,.F.);
#9877 = EDGE_LOOP('',(#9878,#9879,#9880,#9885));
#9878 = ORIENTED_EDGE('',*,*,#9861,.F.);
#9879 = ORIENTED_EDGE('',*,*,#9204,.T.);
#9880 = ORIENTED_EDGE('',*,*,#9881,.T.);
#9881 = EDGE_CURVE('',#9205,#9749,#9882,.T.);
#9882 = B_SPLINE_CURVE_WITH_KNOTS('',1,(#9883,#9884),.UNSPECIFIED.,.F.,
  .F.,(2,2),(0.,1.E-02),.PIECEWISE_BEZIER_KNOTS.);
#9883 = CARTESIAN_POINT('',(-0.7467425304,-3.005,2.387060153132));
#9884 = CARTESIAN_POINT('',(-0.7467425304,-2.995,2.387060153132));
#9885 = ORIENTED_EDGE('',*,*,#9757,.F.);
#9886 = B_SPLINE_SURFACE_WITH_KNOTS('',3,1,(
    (#9887,#9888)
    ,(#9889,#9890)
    ,(#9891,#9892)
    ,(#9893,#9894
    )),.UNSPECIFIED.,.F.,.F.,.F.,(4,4),(2,2),(2.,3.),(0.,1.),
  .PIECEWISE_BEZIER_KNOTS.);
#9887 = CARTESIAN_POINT('',(-0.573224069931,-3.005,2.443453654164));
#9888 = CARTESIAN_POINT('',(-0.573224069931,-2.995,2.443453654164));
#9889 = CARTESIAN_POINT('',(-0.63684749992,-3.005,2.443453654164));
#9890 = CARTESIAN_POINT('',(-0.63684749992,-2.995,2.443453654164));
#9891 = CARTESIAN_POINT('',(-0.696132979429,-3.005,2.423209834121));
#9892 = CARTESIAN_POINT('',(-0.696132979429,-2.995,2.423209834121));
#9893 = CARTESIAN_POINT('',(-0.7467425304,-3.005,2.387060153132));
#9894 = CARTESIAN_POINT('',(-0.7467425304,-2.995,2.387060153132));
#9895 = ADVANCED_FACE('',(#9896),#9906,.F.);
#9896 = FACE_BOUND('',#9897,.F.);
#9897 = EDGE_LOOP('',(#9898,#9899,#9900,#9905));
#9898 = ORIENTED_EDGE('',*,*,#9881,.F.);
#9899 = ORIENTED_EDGE('',*,*,#9213,.T.);
#9900 = ORIENTED_EDGE('',*,*,#9901,.T.);
#9901 = EDGE_CURVE('',#9214,#9740,#9902,.T.);
#9902 = B_SPLINE_CURVE_WITH_KNOTS('',1,(#9903,#9904),.UNSPECIFIED.,.F.,
  .F.,(2,2),(0.,1.E-02),.PIECEWISE_BEZIER_KNOTS.);
#9903 = CARTESIAN_POINT('',(-0.810365960389,-3.005,2.323436716249));
#9904 = CARTESIAN_POINT('',(-0.810365960389,-2.995,2.323436716249));
#9905 = ORIENTED_EDGE('',*,*,#9748,.F.);
#9906 = B_SPLINE_SURFACE_WITH_KNOTS('',3,1,(
    (#9907,#9908)
    ,(#9909,#9910)
    ,(#9911,#9912)
    ,(#9913,#9914
    )),.UNSPECIFIED.,.F.,.F.,.F.,(4,4),(2,2),(3.,4.),(0.,1.),
  .PIECEWISE_BEZIER_KNOTS.);
#9907 = CARTESIAN_POINT('',(-0.7467425304,-3.005,2.387060153132));
#9908 = CARTESIAN_POINT('',(-0.7467425304,-2.995,2.387060153132));
#9909 = CARTESIAN_POINT('',(-0.771324323331,-3.005,2.369708302949));
#9910 = CARTESIAN_POINT('',(-0.771324323331,-2.995,2.369708302949));
#9911 = CARTESIAN_POINT('',(-0.791568138203,-3.005,2.348018495391));
#9912 = CARTESIAN_POINT('',(-0.791568138203,-2.995,2.348018495391));
#9913 = CARTESIAN_POINT('',(-0.810365960389,-3.005,2.323436716249));
#9914 = CARTESIAN_POINT('',(-0.810365960389,-2.995,2.323436716249));
#9915 = ADVANCED_FACE('',(#9916),#9926,.F.);
#9916 = FACE_BOUND('',#9917,.F.);
#9917 = EDGE_LOOP('',(#9918,#9919,#9920,#9925));
#9918 = ORIENTED_EDGE('',*,*,#9901,.F.);
#9919 = ORIENTED_EDGE('',*,*,#9222,.T.);
#9920 = ORIENTED_EDGE('',*,*,#9921,.T.);
#9921 = EDGE_CURVE('',#9223,#9731,#9922,.T.);
#9922 = B_SPLINE_CURVE_WITH_KNOTS('',1,(#9923,#9924),.UNSPECIFIED.,.F.,
  .F.,(2,2),(0.,1.E-02),.PIECEWISE_BEZIER_KNOTS.);
#9923 = CARTESIAN_POINT('',(-0.84362365428,-3.005,2.326328687832));
#9924 = CARTESIAN_POINT('',(-0.84362365428,-2.995,2.326328687832));
#9925 = ORIENTED_EDGE('',*,*,#9739,.F.);
#9926 = B_SPLINE_SURFACE_WITH_KNOTS('',3,1,(
    (#9927,#9928)
    ,(#9929,#9930)
    ,(#9931,#9932)
    ,(#9933,#9934
    )),.UNSPECIFIED.,.F.,.F.,.F.,(4,4),(2,2),(4.,5.),(0.,1.),
  .PIECEWISE_BEZIER_KNOTS.);
#9927 = CARTESIAN_POINT('',(-0.810365960389,-3.005,2.323436716249));
#9928 = CARTESIAN_POINT('',(-0.810365960389,-2.995,2.323436716249));
#9929 = CARTESIAN_POINT('',(-0.821933846721,-3.005,2.324882708935));
#9930 = CARTESIAN_POINT('',(-0.821933846721,-2.995,2.324882708935));
#9931 = CARTESIAN_POINT('',(-0.832055767947,-3.005,2.326328687832));
#9932 = CARTESIAN_POINT('',(-0.832055767947,-2.995,2.326328687832));
#9933 = CARTESIAN_POINT('',(-0.84362365428,-3.005,2.326328687832));
#9934 = CARTESIAN_POINT('',(-0.84362365428,-2.995,2.326328687832));
#9935 = ADVANCED_FACE('',(#9936),#9946,.F.);
#9936 = FACE_BOUND('',#9937,.F.);
#9937 = EDGE_LOOP('',(#9938,#9939,#9940,#9945));
#9938 = ORIENTED_EDGE('',*,*,#9921,.F.);
#9939 = ORIENTED_EDGE('',*,*,#9231,.T.);
#9940 = ORIENTED_EDGE('',*,*,#9941,.T.);
#9941 = EDGE_CURVE('',#9232,#9722,#9942,.T.);
#9942 = B_SPLINE_CURVE_WITH_KNOTS('',1,(#9943,#9944),.UNSPECIFIED.,.F.,
  .F.,(2,2),(0.,1.E-02),.PIECEWISE_BEZIER_KNOTS.);
#9943 = CARTESIAN_POINT('',(-1.009912178895,-3.005,2.256921300886));
#9944 = CARTESIAN_POINT('',(-1.009912178895,-2.995,2.256921300886));
#9945 = ORIENTED_EDGE('',*,*,#9730,.F.);
#9946 = B_SPLINE_SURFACE_WITH_KNOTS('',3,1,(
    (#9947,#9948)
    ,(#9949,#9950)
    ,(#9951,#9952)
    ,(#9953,#9954
    )),.UNSPECIFIED.,.F.,.F.,.F.,(4,4),(2,2),(5.,6.),(0.,1.),
  .PIECEWISE_BEZIER_KNOTS.);
#9947 = CARTESIAN_POINT('',(-0.84362365428,-3.005,2.326328687832));
#9948 = CARTESIAN_POINT('',(-0.84362365428,-2.995,2.326328687832));
#9949 = CARTESIAN_POINT('',(-0.905801105373,-3.005,2.326328687832));
#9950 = CARTESIAN_POINT('',(-0.905801105373,-2.995,2.326328687832));
#9951 = CARTESIAN_POINT('',(-0.965086571092,-3.005,2.301746908691));
#9952 = CARTESIAN_POINT('',(-0.965086571092,-2.995,2.301746908691));
#9953 = CARTESIAN_POINT('',(-1.009912178895,-3.005,2.256921300886));
#9954 = CARTESIAN_POINT('',(-1.009912178895,-2.995,2.256921300886));
#9955 = ADVANCED_FACE('',(#9956),#9966,.F.);
#9956 = FACE_BOUND('',#9957,.F.);
#9957 = EDGE_LOOP('',(#9958,#9959,#9960,#9965));
#9958 = ORIENTED_EDGE('',*,*,#9941,.F.);
#9959 = ORIENTED_EDGE('',*,*,#9240,.T.);
#9960 = ORIENTED_EDGE('',*,*,#9961,.T.);
#9961 = EDGE_CURVE('',#9241,#9713,#9962,.T.);
#9962 = B_SPLINE_CURVE_WITH_KNOTS('',1,(#9963,#9964),.UNSPECIFIED.,.F.,
  .F.,(2,2),(0.,1.E-02),.PIECEWISE_BEZIER_KNOTS.);
#9963 = CARTESIAN_POINT('',(-1.077873614525,-3.005,2.092078782748));
#9964 = CARTESIAN_POINT('',(-1.077873614525,-2.995,2.092078782748));
#9965 = ORIENTED_EDGE('',*,*,#9721,.F.);
#9966 = B_SPLINE_SURFACE_WITH_KNOTS('',3,1,(
    (#9967,#9968)
    ,(#9969,#9970)
    ,(#9971,#9972)
    ,(#9973,#9974
    )),.UNSPECIFIED.,.F.,.F.,.F.,(4,4),(2,2),(6.,7.),(0.,1.),
  .PIECEWISE_BEZIER_KNOTS.);
#9967 = CARTESIAN_POINT('',(-1.009912178895,-3.005,2.256921300886));
#9968 = CARTESIAN_POINT('',(-1.009912178895,-2.995,2.256921300886));
#9969 = CARTESIAN_POINT('',(-1.053291831936,-3.005,2.213541699559));
#9970 = CARTESIAN_POINT('',(-1.053291831936,-2.995,2.213541699559));
#9971 = CARTESIAN_POINT('',(-1.077873614525,-3.005,2.154256220049));
#9972 = CARTESIAN_POINT('',(-1.077873614525,-2.995,2.154256220049));
#9973 = CARTESIAN_POINT('',(-1.077873614525,-3.005,2.092078782748));
#9974 = CARTESIAN_POINT('',(-1.077873614525,-2.995,2.092078782748));
#9975 = ADVANCED_FACE('',(#9976),#9986,.F.);
#9976 = FACE_BOUND('',#9977,.F.);
#9977 = EDGE_LOOP('',(#9978,#9979,#9980,#9985));
#9978 = ORIENTED_EDGE('',*,*,#9961,.F.);
#9979 = ORIENTED_EDGE('',*,*,#9249,.T.);
#9980 = ORIENTED_EDGE('',*,*,#9981,.T.);
#9981 = EDGE_CURVE('',#9250,#9704,#9982,.T.);
#9982 = B_SPLINE_CURVE_WITH_KNOTS('',1,(#9983,#9984),.UNSPECIFIED.,.F.,
  .F.,(2,2),(0.,1.E-02),.PIECEWISE_BEZIER_KNOTS.);
#9983 = CARTESIAN_POINT('',(-1.017142156118,-3.005,1.93446621425));
#9984 = CARTESIAN_POINT('',(-1.017142156118,-2.995,1.93446621425));
#9985 = ORIENTED_EDGE('',*,*,#9712,.F.);
#9986 = B_SPLINE_SURFACE_WITH_KNOTS('',3,1,(
    (#9987,#9988)
    ,(#9989,#9990)
    ,(#9991,#9992)
    ,(#9993,#9994
    )),.UNSPECIFIED.,.F.,.F.,.F.,(4,4),(2,2),(7.,8.),(0.,1.),
  .PIECEWISE_BEZIER_KNOTS.);
#9987 = CARTESIAN_POINT('',(-1.077873614525,-3.005,2.092078782748));
#9988 = CARTESIAN_POINT('',(-1.077873614525,-2.995,2.092078782748));
#9989 = CARTESIAN_POINT('',(-1.077873614525,-3.005,2.034239295924));
#9990 = CARTESIAN_POINT('',(-1.077873614525,-2.995,2.034239295924));
#9991 = CARTESIAN_POINT('',(-1.056183806967,-3.005,1.977845774208));
#9992 = CARTESIAN_POINT('',(-1.056183806967,-2.995,1.977845774208));
#9993 = CARTESIAN_POINT('',(-1.017142156118,-3.005,1.93446621425));
#9994 = CARTESIAN_POINT('',(-1.017142156118,-2.995,1.93446621425));
#9995 = ADVANCED_FACE('',(#9996),#10006,.F.);
#9996 = FACE_BOUND('',#9997,.F.);
#9997 = EDGE_LOOP('',(#9998,#9999,#10000,#10005));
#9998 = ORIENTED_EDGE('',*,*,#9981,.F.);
#9999 = ORIENTED_EDGE('',*,*,#9258,.T.);
#10000 = ORIENTED_EDGE('',*,*,#10001,.T.);
#10001 = EDGE_CURVE('',#9259,#9695,#10002,.T.);
#10002 = B_SPLINE_CURVE_WITH_KNOTS('',1,(#10003,#10004),.UNSPECIFIED.,
  .F.,.F.,(2,2),(0.,1.E-02),.PIECEWISE_BEZIER_KNOTS.);
#10003 = CARTESIAN_POINT('',(-0.901463182473,-3.005,1.865058841095));
#10004 = CARTESIAN_POINT('',(-0.901463182473,-2.995,1.865058841095));
#10005 = ORIENTED_EDGE('',*,*,#9703,.F.);
#10006 = B_SPLINE_SURFACE_WITH_KNOTS('',3,1,(
    (#10007,#10008)
    ,(#10009,#10010)
    ,(#10011,#10012)
    ,(#10013,#10014
    )),.UNSPECIFIED.,.F.,.F.,.F.,(4,4),(2,2),(8.,9.),(0.,1.),
  .PIECEWISE_BEZIER_KNOTS.);
#10007 = CARTESIAN_POINT('',(-1.017142156118,-3.005,1.93446621425));
#10008 = CARTESIAN_POINT('',(-1.017142156118,-2.995,1.93446621425));
#10009 = CARTESIAN_POINT('',(-0.985330441124,-3.005,1.899762500092));
#10010 = CARTESIAN_POINT('',(-0.985330441124,-2.995,1.899762500092));
#10011 = CARTESIAN_POINT('',(-0.946288776487,-3.005,1.876626727428));
#10012 = CARTESIAN_POINT('',(-0.946288776487,-2.995,1.876626727428));
#10013 = CARTESIAN_POINT('',(-0.901463182473,-3.005,1.865058841095));
#10014 = CARTESIAN_POINT('',(-0.901463182473,-2.995,1.865058841095));
#10015 = ADVANCED_FACE('',(#10016),#10026,.F.);
#10016 = FACE_BOUND('',#10017,.F.);
#10017 = EDGE_LOOP('',(#10018,#10019,#10020,#10025));
#10018 = ORIENTED_EDGE('',*,*,#10001,.F.);
#10019 = ORIENTED_EDGE('',*,*,#9267,.T.);
#10020 = ORIENTED_EDGE('',*,*,#10021,.T.);
#10021 = EDGE_CURVE('',#9268,#9686,#10022,.T.);
#10022 = B_SPLINE_CURVE_WITH_KNOTS('',1,(#10023,#10024),.UNSPECIFIED.,
  .F.,.F.,(2,2),(0.,1.E-02),.PIECEWISE_BEZIER_KNOTS.);
#10023 = CARTESIAN_POINT('',(-0.764094387478,-3.005,1.766731724528));
#10024 = CARTESIAN_POINT('',(-0.764094387478,-2.995,1.766731724528));
#10025 = ORIENTED_EDGE('',*,*,#9694,.F.);
#10026 = B_SPLINE_SURFACE_WITH_KNOTS('',3,1,(
    (#10027,#10028)
    ,(#10029,#10030)
    ,(#10031,#10032)
    ,(#10033,#10034
    )),.UNSPECIFIED.,.F.,.F.,.F.,(4,4),(2,2),(9.,10.),(0.,1.),
  .PIECEWISE_BEZIER_KNOTS.);
#10027 = CARTESIAN_POINT('',(-0.901463182473,-3.005,1.865058841095));
#10028 = CARTESIAN_POINT('',(-0.901463182473,-2.995,1.865058841095));
#10029 = CARTESIAN_POINT('',(-0.882665346498,-3.005,1.807219354271));
#10030 = CARTESIAN_POINT('',(-0.882665346498,-2.995,1.807219354271));
#10031 = CARTESIAN_POINT('',(-0.827717845048,-3.005,1.766731724528));
#10032 = CARTESIAN_POINT('',(-0.827717845048,-2.995,1.766731724528));
#10033 = CARTESIAN_POINT('',(-0.764094387478,-3.005,1.766731724528));
#10034 = CARTESIAN_POINT('',(-0.764094387478,-2.995,1.766731724528));
#10035 = ADVANCED_FACE('',(#10036),#10046,.F.);
#10036 = FACE_BOUND('',#10037,.F.);
#10037 = EDGE_LOOP('',(#10038,#10039,#10040,#10045));
#10038 = ORIENTED_EDGE('',*,*,#10021,.F.);
#10039 = ORIENTED_EDGE('',*,*,#9276,.T.);
#10040 = ORIENTED_EDGE('',*,*,#10041,.T.);
#10041 = EDGE_CURVE('',#9277,#9677,#10042,.T.);
#10042 = B_SPLINE_CURVE_WITH_KNOTS('',1,(#10043,#10044),.UNSPECIFIED.,
  .F.,.F.,(2,2),(0.,1.E-02),.PIECEWISE_BEZIER_KNOTS.);
#10043 = CARTESIAN_POINT('',(-0.61949567042,-3.005,1.911330441585));
#10044 = CARTESIAN_POINT('',(-0.61949567042,-2.995,1.911330441585));
#10045 = ORIENTED_EDGE('',*,*,#9685,.F.);
#10046 = B_SPLINE_SURFACE_WITH_KNOTS('',3,1,(
    (#10047,#10048)
    ,(#10049,#10050)
    ,(#10051,#10052)
    ,(#10053,#10054
    )),.UNSPECIFIED.,.F.,.F.,.F.,(4,4),(2,2),(10.,11.),(0.,1.),
  .PIECEWISE_BEZIER_KNOTS.);
#10047 = CARTESIAN_POINT('',(-0.764094387478,-3.005,1.766731724528));
#10048 = CARTESIAN_POINT('',(-0.764094387478,-2.995,1.766731724528));
#10049 = CARTESIAN_POINT('',(-0.684565093097,-3.005,1.766731724528));
#10050 = CARTESIAN_POINT('',(-0.684565093097,-2.995,1.766731724528));
#10051 = CARTESIAN_POINT('',(-0.61949567042,-3.005,1.831801147203));
#10052 = CARTESIAN_POINT('',(-0.61949567042,-2.995,1.831801147203));
#10053 = CARTESIAN_POINT('',(-0.61949567042,-3.005,1.911330441585));
#10054 = CARTESIAN_POINT('',(-0.61949567042,-2.995,1.911330441585));
#10055 = ADVANCED_FACE('',(#10056),#10066,.F.);
#10056 = FACE_BOUND('',#10057,.T.);
#10057 = EDGE_LOOP('',(#10058,#10059,#10064,#10065));
#10058 = ORIENTED_EDGE('',*,*,#9676,.T.);
#10059 = ORIENTED_EDGE('',*,*,#10060,.F.);
#10060 = EDGE_CURVE('',#9286,#9670,#10061,.T.);
#10061 = B_SPLINE_CURVE_WITH_KNOTS('',1,(#10062,#10063),.UNSPECIFIED.,
  .F.,.F.,(2,2),(0.,1.E-02),.PIECEWISE_BEZIER_KNOTS.);
#10062 = CARTESIAN_POINT('',(-0.61949567042,-3.005,1.925790313291));
#10063 = CARTESIAN_POINT('',(-0.61949567042,-2.995,1.925790313291));
#10064 = ORIENTED_EDGE('',*,*,#9285,.F.);
#10065 = ORIENTED_EDGE('',*,*,#10041,.T.);
#10066 = B_SPLINE_SURFACE_WITH_KNOTS('',1,1,(
    (#10067,#10068)
    ,(#10069,#10070
    )),.UNSPECIFIED.,.F.,.F.,.F.,(2,2),(2,2),(0.,1.445987170667E-02),(0.
    ,1.E-02),.PIECEWISE_BEZIER_KNOTS.);
#10067 = CARTESIAN_POINT('',(-0.61949567042,-3.005,1.911330441585));
#10068 = CARTESIAN_POINT('',(-0.61949567042,-2.995,1.911330441585));
#10069 = CARTESIAN_POINT('',(-0.61949567042,-3.005,1.925790313291));
#10070 = CARTESIAN_POINT('',(-0.61949567042,-2.995,1.925790313291));
#10071 = ADVANCED_FACE('',(#10072),#10082,.F.);
#10072 = FACE_BOUND('',#10073,.T.);
#10073 = EDGE_LOOP('',(#10074,#10075,#10080,#10081));
#10074 = ORIENTED_EDGE('',*,*,#9669,.T.);
#10075 = ORIENTED_EDGE('',*,*,#10076,.F.);
#10076 = EDGE_CURVE('',#9295,#9663,#10077,.T.);
#10077 = B_SPLINE_CURVE_WITH_KNOTS('',1,(#10078,#10079),.UNSPECIFIED.,
  .F.,.F.,(2,2),(0.,1.E-02),.PIECEWISE_BEZIER_KNOTS.);
#10078 = CARTESIAN_POINT('',(-0.41705746654,-3.005,2.032793358398));
#10079 = CARTESIAN_POINT('',(-0.41705746654,-2.995,2.032793358398));
#10080 = ORIENTED_EDGE('',*,*,#9294,.F.);
#10081 = ORIENTED_EDGE('',*,*,#10060,.T.);
#10082 = B_SPLINE_SURFACE_WITH_KNOTS('',1,1,(
    (#10083,#10084)
    ,(#10085,#10086
    )),.UNSPECIFIED.,.F.,.F.,.F.,(2,2),(2,2),(0.,0.228977898611),(0.,
    1.E-02),.PIECEWISE_BEZIER_KNOTS.);
#10083 = CARTESIAN_POINT('',(-0.61949567042,-3.005,1.925790313291));
#10084 = CARTESIAN_POINT('',(-0.61949567042,-2.995,1.925790313291));
#10085 = CARTESIAN_POINT('',(-0.41705746654,-3.005,2.032793358398));
#10086 = CARTESIAN_POINT('',(-0.41705746654,-2.995,2.032793358398));
#10087 = ADVANCED_FACE('',(#10088),#10098,.F.);
#10088 = FACE_BOUND('',#10089,.T.);
#10089 = EDGE_LOOP('',(#10090,#10091,#10096,#10097));
#10090 = ORIENTED_EDGE('',*,*,#9662,.T.);
#10091 = ORIENTED_EDGE('',*,*,#10092,.F.);
#10092 = EDGE_CURVE('',#9302,#9656,#10093,.T.);
#10093 = B_SPLINE_CURVE_WITH_KNOTS('',1,(#10094,#10095),.UNSPECIFIED.,
  .F.,.F.,(2,2),(0.,1.E-02),.PIECEWISE_BEZIER_KNOTS.);
#10094 = CARTESIAN_POINT('',(-0.461883046764,-3.005,2.109430694986));
#10095 = CARTESIAN_POINT('',(-0.461883046764,-2.995,2.109430694986));
#10096 = ORIENTED_EDGE('',*,*,#9301,.F.);
#10097 = ORIENTED_EDGE('',*,*,#10076,.T.);
#10098 = B_SPLINE_SURFACE_WITH_KNOTS('',1,1,(
    (#10099,#10100)
    ,(#10101,#10102
    )),.UNSPECIFIED.,.F.,.F.,.F.,(2,2),(2,2),(0.,8.878408642163E-02),(0.
    ,1.E-02),.PIECEWISE_BEZIER_KNOTS.);
#10099 = CARTESIAN_POINT('',(-0.41705746654,-3.005,2.032793358398));
#10100 = CARTESIAN_POINT('',(-0.41705746654,-2.995,2.032793358398));
#10101 = CARTESIAN_POINT('',(-0.461883046764,-3.005,2.109430694986));
#10102 = CARTESIAN_POINT('',(-0.461883046764,-2.995,2.109430694986));
#10103 = ADVANCED_FACE('',(#10104),#10114,.F.);
#10104 = FACE_BOUND('',#10105,.T.);
#10105 = EDGE_LOOP('',(#10106,#10107,#10112,#10113));
#10106 = ORIENTED_EDGE('',*,*,#9655,.T.);
#10107 = ORIENTED_EDGE('',*,*,#10108,.F.);
#10108 = EDGE_CURVE('',#9309,#9647,#10109,.T.);
#10109 = B_SPLINE_CURVE_WITH_KNOTS('',1,(#10110,#10111),.UNSPECIFIED.,
  .F.,.F.,(2,2),(0.,1.E-02),.PIECEWISE_BEZIER_KNOTS.);
#10110 = CARTESIAN_POINT('',(-0.655645322105,-3.005,2.008211593046));
#10111 = CARTESIAN_POINT('',(-0.655645322105,-2.995,2.008211593046));
#10112 = ORIENTED_EDGE('',*,*,#9308,.F.);
#10113 = ORIENTED_EDGE('',*,*,#10092,.T.);
#10114 = B_SPLINE_SURFACE_WITH_KNOTS('',1,1,(
    (#10115,#10116)
    ,(#10117,#10118
    )),.UNSPECIFIED.,.F.,.F.,.F.,(2,2),(2,2),(0.,0.218607241286),(0.,
    1.E-02),.PIECEWISE_BEZIER_KNOTS.);
#10115 = CARTESIAN_POINT('',(-0.461883046764,-3.005,2.109430694986));
#10116 = CARTESIAN_POINT('',(-0.461883046764,-2.995,2.109430694986));
#10117 = CARTESIAN_POINT('',(-0.655645322105,-3.005,2.008211593046));
#10118 = CARTESIAN_POINT('',(-0.655645322105,-2.995,2.008211593046));
#10119 = ADVANCED_FACE('',(#10120),#10130,.F.);
#10120 = FACE_BOUND('',#10121,.F.);
#10121 = EDGE_LOOP('',(#10122,#10123,#10124,#10129));
#10122 = ORIENTED_EDGE('',*,*,#10108,.F.);
#10123 = ORIENTED_EDGE('',*,*,#9315,.T.);
#10124 = ORIENTED_EDGE('',*,*,#10125,.T.);
#10125 = EDGE_CURVE('',#9316,#9638,#10126,.T.);
#10126 = B_SPLINE_CURVE_WITH_KNOTS('',1,(#10127,#10128),.UNSPECIFIED.,
  .F.,.F.,(2,2),(0.,1.E-02),.PIECEWISE_BEZIER_KNOTS.);
#10127 = CARTESIAN_POINT('',(-0.764094359898,-3.005,2.057375151329));
#10128 = CARTESIAN_POINT('',(-0.764094359898,-2.995,2.057375151329));
#10129 = ORIENTED_EDGE('',*,*,#9646,.F.);
#10130 = B_SPLINE_SURFACE_WITH_KNOTS('',3,1,(
    (#10131,#10132)
    ,(#10133,#10134)
    ,(#10135,#10136)
    ,(#10137,#10138
    )),.UNSPECIFIED.,.F.,.F.,.F.,(4,4),(2,2),(15.,16.),(0.,1.),
  .PIECEWISE_BEZIER_KNOTS.);
#10131 = CARTESIAN_POINT('',(-0.655645322105,-3.005,2.008211593046));
#10132 = CARTESIAN_POINT('',(-0.655645322105,-2.995,2.008211593046));
#10133 = CARTESIAN_POINT('',(-0.681673080144,-3.005,2.038577329144));
#10134 = CARTESIAN_POINT('',(-0.681673080144,-2.995,2.038577329144));
#10135 = CARTESIAN_POINT('',(-0.720714744781,-3.005,2.057375151329));
#10136 = CARTESIAN_POINT('',(-0.720714744781,-2.995,2.057375151329));
#10137 = CARTESIAN_POINT('',(-0.764094359898,-3.005,2.057375151329));
#10138 = CARTESIAN_POINT('',(-0.764094359898,-2.995,2.057375151329));
#10139 = ADVANCED_FACE('',(#10140),#10150,.F.);
#10140 = FACE_BOUND('',#10141,.F.);
#10141 = EDGE_LOOP('',(#10142,#10143,#10144,#10149));
#10142 = ORIENTED_EDGE('',*,*,#10125,.F.);
#10143 = ORIENTED_EDGE('',*,*,#9324,.T.);
#10144 = ORIENTED_EDGE('',*,*,#10145,.T.);
#10145 = EDGE_CURVE('',#9325,#9629,#10146,.T.);
#10146 = B_SPLINE_CURVE_WITH_KNOTS('',1,(#10147,#10148),.UNSPECIFIED.,
  .F.,.F.,(2,2),(0.,1.E-02),.PIECEWISE_BEZIER_KNOTS.);
#10147 = CARTESIAN_POINT('',(-0.900017148416,-3.005,1.961939992556));
#10148 = CARTESIAN_POINT('',(-0.900017148416,-2.995,1.961939992556));
#10149 = ORIENTED_EDGE('',*,*,#9637,.F.);
#10150 = B_SPLINE_SURFACE_WITH_KNOTS('',3,1,(
    (#10151,#10152)
    ,(#10153,#10154)
    ,(#10155,#10156)
    ,(#10157,#10158
    )),.UNSPECIFIED.,.F.,.F.,.F.,(4,4),(2,2),(16.,17.),(0.,1.),
  .PIECEWISE_BEZIER_KNOTS.);
#10151 = CARTESIAN_POINT('',(-0.764094359898,-3.005,2.057375151329));
#10152 = CARTESIAN_POINT('',(-0.764094359898,-2.995,2.057375151329));
#10153 = CARTESIAN_POINT('',(-0.826271824781,-3.005,2.057375151329));
#10154 = CARTESIAN_POINT('',(-0.826271824781,-2.995,2.057375151329));
#10155 = CARTESIAN_POINT('',(-0.879773333544,-3.005,2.016887521586));
#10156 = CARTESIAN_POINT('',(-0.879773333544,-2.995,2.016887521586));
#10157 = CARTESIAN_POINT('',(-0.900017148416,-3.005,1.961939992556));
#10158 = CARTESIAN_POINT('',(-0.900017148416,-2.995,1.961939992556));
#10159 = ADVANCED_FACE('',(#10160),#10170,.F.);
#10160 = FACE_BOUND('',#10161,.F.);
#10161 = EDGE_LOOP('',(#10162,#10163,#10164,#10169));
#10162 = ORIENTED_EDGE('',*,*,#10145,.F.);
#10163 = ORIENTED_EDGE('',*,*,#9333,.T.);
#10164 = ORIENTED_EDGE('',*,*,#10165,.T.);
#10165 = EDGE_CURVE('',#9334,#9620,#10166,.T.);
#10166 = B_SPLINE_CURVE_WITH_KNOTS('',1,(#10167,#10168),.UNSPECIFIED.,
  .F.,.F.,(2,2),(0.,1.E-02),.PIECEWISE_BEZIER_KNOTS.);
#10167 = CARTESIAN_POINT('',(-0.986776378651,-3.005,2.09497082328));
#10168 = CARTESIAN_POINT('',(-0.986776378651,-2.995,2.09497082328));
#10169 = ORIENTED_EDGE('',*,*,#9628,.F.);
#10170 = B_SPLINE_SURFACE_WITH_KNOTS('',3,1,(
    (#10171,#10172)
    ,(#10173,#10174)
    ,(#10175,#10176)
    ,(#10177,#10178
    )),.UNSPECIFIED.,.F.,.F.,.F.,(4,4),(2,2),(17.,18.),(0.,1.),
  .PIECEWISE_BEZIER_KNOTS.);
#10171 = CARTESIAN_POINT('',(-0.900017148416,-3.005,1.961939992556));
#10172 = CARTESIAN_POINT('',(-0.900017148416,-2.995,1.961939992556));
#10173 = CARTESIAN_POINT('',(-0.950626699386,-3.005,1.9850757928));
#10174 = CARTESIAN_POINT('',(-0.950626699386,-2.995,1.9850757928));
#10175 = CARTESIAN_POINT('',(-0.986776378651,-3.005,2.03568534377));
#10176 = CARTESIAN_POINT('',(-0.986776378651,-2.995,2.03568534377));
#10177 = CARTESIAN_POINT('',(-0.986776378651,-3.005,2.09497082328));
#10178 = CARTESIAN_POINT('',(-0.986776378651,-2.995,2.09497082328));
#10179 = ADVANCED_FACE('',(#10180),#10190,.F.);
#10180 = FACE_BOUND('',#10181,.F.);
#10181 = EDGE_LOOP('',(#10182,#10183,#10184,#10189));
#10182 = ORIENTED_EDGE('',*,*,#10165,.F.);
#10183 = ORIENTED_EDGE('',*,*,#9342,.T.);
#10184 = ORIENTED_EDGE('',*,*,#10185,.T.);
#10185 = EDGE_CURVE('',#9343,#9611,#10186,.T.);
#10186 = B_SPLINE_CURVE_WITH_KNOTS('',1,(#10187,#10188),.UNSPECIFIED.,
  .F.,.F.,(2,2),(0.,1.E-02),.PIECEWISE_BEZIER_KNOTS.);
#10187 = CARTESIAN_POINT('',(-0.842177661594,-3.005,2.239569540337));
#10188 = CARTESIAN_POINT('',(-0.842177661594,-2.995,2.239569540337));
#10189 = ORIENTED_EDGE('',*,*,#9619,.F.);
#10190 = B_SPLINE_SURFACE_WITH_KNOTS('',3,1,(
    (#10191,#10192)
    ,(#10193,#10194)
    ,(#10195,#10196)
    ,(#10197,#10198
    )),.UNSPECIFIED.,.F.,.F.,.F.,(4,4),(2,2),(18.,19.),(0.,1.),
  .PIECEWISE_BEZIER_KNOTS.);
#10191 = CARTESIAN_POINT('',(-0.986776378651,-3.005,2.09497082328));
#10192 = CARTESIAN_POINT('',(-0.986776378651,-2.995,2.09497082328));
#10193 = CARTESIAN_POINT('',(-0.986776378651,-3.005,2.174500117662));
#10194 = CARTESIAN_POINT('',(-0.986776378651,-2.995,2.174500117662));
#10195 = CARTESIAN_POINT('',(-0.921706955975,-3.005,2.239569540337));
#10196 = CARTESIAN_POINT('',(-0.921706955975,-2.995,2.239569540337));
#10197 = CARTESIAN_POINT('',(-0.842177661594,-3.005,2.239569540337));
#10198 = CARTESIAN_POINT('',(-0.842177661594,-2.995,2.239569540337));
#10199 = ADVANCED_FACE('',(#10200),#10210,.F.);
#10200 = FACE_BOUND('',#10201,.F.);
#10201 = EDGE_LOOP('',(#10202,#10203,#10204,#10209));
#10202 = ORIENTED_EDGE('',*,*,#10185,.F.);
#10203 = ORIENTED_EDGE('',*,*,#9351,.T.);
#10204 = ORIENTED_EDGE('',*,*,#10205,.T.);
#10205 = EDGE_CURVE('',#9352,#9602,#10206,.T.);
#10206 = B_SPLINE_CURVE_WITH_KNOTS('',1,(#10207,#10208),.UNSPECIFIED.,
  .F.,.F.,(2,2),(0.,1.E-02),.PIECEWISE_BEZIER_KNOTS.);
#10207 = CARTESIAN_POINT('',(-0.765540352585,-3.005,2.217879732778));
#10208 = CARTESIAN_POINT('',(-0.765540352585,-2.995,2.217879732778));
#10209 = ORIENTED_EDGE('',*,*,#9610,.F.);
#10210 = B_SPLINE_SURFACE_WITH_KNOTS('',3,1,(
    (#10211,#10212)
    ,(#10213,#10214)
    ,(#10215,#10216)
    ,(#10217,#10218
    )),.UNSPECIFIED.,.F.,.F.,.F.,(4,4),(2,2),(19.,20.),(0.,1.),
  .PIECEWISE_BEZIER_KNOTS.);
#10211 = CARTESIAN_POINT('',(-0.842177661594,-3.005,2.239569540337));
#10212 = CARTESIAN_POINT('',(-0.842177661594,-2.995,2.239569540337));
#10213 = CARTESIAN_POINT('',(-0.814703910868,-3.005,2.239569540337));
#10214 = CARTESIAN_POINT('',(-0.814703910868,-2.995,2.239569540337));
#10215 = CARTESIAN_POINT('',(-0.787230160143,-3.005,2.230893611798));
#10216 = CARTESIAN_POINT('',(-0.787230160143,-2.995,2.230893611798));
#10217 = CARTESIAN_POINT('',(-0.765540352585,-3.005,2.217879732778));
#10218 = CARTESIAN_POINT('',(-0.765540352585,-2.995,2.217879732778));
#10219 = ADVANCED_FACE('',(#10220),#10230,.F.);
#10220 = FACE_BOUND('',#10221,.F.);
#10221 = EDGE_LOOP('',(#10222,#10223,#10224,#10229));
#10222 = ORIENTED_EDGE('',*,*,#10205,.F.);
#10223 = ORIENTED_EDGE('',*,*,#9360,.T.);
#10224 = ORIENTED_EDGE('',*,*,#10225,.T.);
#10225 = EDGE_CURVE('',#9361,#9593,#10226,.T.);
#10226 = B_SPLINE_CURVE_WITH_KNOTS('',1,(#10227,#10228),.UNSPECIFIED.,
  .F.,.F.,(2,2),(0.,1.E-02),.PIECEWISE_BEZIER_KNOTS.);
#10227 = CARTESIAN_POINT('',(-0.571778104824,-3.005,2.35669442393));
#10228 = CARTESIAN_POINT('',(-0.571778104824,-2.995,2.35669442393));
#10229 = ORIENTED_EDGE('',*,*,#9601,.F.);
#10230 = B_SPLINE_SURFACE_WITH_KNOTS('',3,1,(
    (#10231,#10232)
    ,(#10233,#10234)
    ,(#10235,#10236)
    ,(#10237,#10238
    )),.UNSPECIFIED.,.F.,.F.,.F.,(4,4),(2,2),(20.,21.),(0.,1.),
  .PIECEWISE_BEZIER_KNOTS.);
#10231 = CARTESIAN_POINT('',(-0.765540352585,-3.005,2.217879732778));
#10232 = CARTESIAN_POINT('',(-0.765540352585,-2.995,2.217879732778));
#10233 = CARTESIAN_POINT('',(-0.73806662944,-3.005,2.298854937107));
#10234 = CARTESIAN_POINT('',(-0.73806662944,-2.995,2.298854937107));
#10235 = CARTESIAN_POINT('',(-0.662875285538,-3.005,2.35669442393));
#10236 = CARTESIAN_POINT('',(-0.662875285538,-2.995,2.35669442393));
#10237 = CARTESIAN_POINT('',(-0.571778104824,-3.005,2.35669442393));
#10238 = CARTESIAN_POINT('',(-0.571778104824,-2.995,2.35669442393));
#10239 = ADVANCED_FACE('',(#10240),#10250,.F.);
#10240 = FACE_BOUND('',#10241,.F.);
#10241 = EDGE_LOOP('',(#10242,#10243,#10244,#10249));
#10242 = ORIENTED_EDGE('',*,*,#10225,.F.);
#10243 = ORIENTED_EDGE('',*,*,#9369,.T.);
#10244 = ORIENTED_EDGE('',*,*,#10245,.T.);
#10245 = EDGE_CURVE('',#9370,#9584,#10246,.T.);
#10246 = B_SPLINE_CURVE_WITH_KNOTS('',1,(#10247,#10248),.UNSPECIFIED.,
  .F.,.F.,(2,2),(0.,1.E-02),.PIECEWISE_BEZIER_KNOTS.);
#10247 = CARTESIAN_POINT('',(-0.369339900944,-3.005,2.175946027608));
#10248 = CARTESIAN_POINT('',(-0.369339900944,-2.995,2.175946027608));
#10249 = ORIENTED_EDGE('',*,*,#9592,.F.);
#10250 = B_SPLINE_SURFACE_WITH_KNOTS('',3,1,(
    (#10251,#10252)
    ,(#10253,#10254)
    ,(#10255,#10256)
    ,(#10257,#10258
    )),.UNSPECIFIED.,.F.,.F.,.F.,(4,4),(2,2),(21.,22.),(0.,1.),
  .PIECEWISE_BEZIER_KNOTS.);
#10251 = CARTESIAN_POINT('',(-0.571778104824,-3.005,2.35669442393));
#10252 = CARTESIAN_POINT('',(-0.571778104824,-2.995,2.35669442393));
#10253 = CARTESIAN_POINT('',(-0.46766701751,-3.005,2.35669442393));
#10254 = CARTESIAN_POINT('',(-0.46766701751,-2.995,2.35669442393));
#10255 = CARTESIAN_POINT('',(-0.380907787276,-3.005,2.277165129548));
#10256 = CARTESIAN_POINT('',(-0.380907787276,-2.995,2.277165129548));
#10257 = CARTESIAN_POINT('',(-0.369339900944,-3.005,2.175946027608));
#10258 = CARTESIAN_POINT('',(-0.369339900944,-2.995,2.175946027608));
#10259 = ADVANCED_FACE('',(#10260),#10270,.F.);
#10260 = FACE_BOUND('',#10261,.T.);
#10261 = EDGE_LOOP('',(#10262,#10263,#10268,#10269));
#10262 = ORIENTED_EDGE('',*,*,#9583,.T.);
#10263 = ORIENTED_EDGE('',*,*,#10264,.F.);
#10264 = EDGE_CURVE('',#9379,#9575,#10265,.T.);
#10265 = B_SPLINE_CURVE_WITH_KNOTS('',1,(#10266,#10267),.UNSPECIFIED.,
  .F.,.F.,(2,2),(0.,1.E-02),.PIECEWISE_BEZIER_KNOTS.);
#10266 = CARTESIAN_POINT('',(-0.357772014611,-3.005,2.175946027608));
#10267 = CARTESIAN_POINT('',(-0.357772014611,-2.995,2.175946027608));
#10268 = ORIENTED_EDGE('',*,*,#9378,.F.);
#10269 = ORIENTED_EDGE('',*,*,#10245,.T.);
#10270 = B_SPLINE_SURFACE_WITH_KNOTS('',1,1,(
    (#10271,#10272)
    ,(#10273,#10274
    )),.UNSPECIFIED.,.F.,.F.,.F.,(2,2),(2,2),(0.,1.156788633277E-02),(0.
    ,1.E-02),.PIECEWISE_BEZIER_KNOTS.);
#10271 = CARTESIAN_POINT('',(-0.369339900944,-3.005,2.175946027608));
#10272 = CARTESIAN_POINT('',(-0.369339900944,-2.995,2.175946027608));
#10273 = CARTESIAN_POINT('',(-0.357772014611,-3.005,2.175946027608));
#10274 = CARTESIAN_POINT('',(-0.357772014611,-2.995,2.175946027608));
#10275 = ADVANCED_FACE('',(#10276),#10286,.F.);
#10276 = FACE_BOUND('',#10277,.F.);
#10277 = EDGE_LOOP('',(#10278,#10279,#10280,#10285));
#10278 = ORIENTED_EDGE('',*,*,#10264,.F.);
#10279 = ORIENTED_EDGE('',*,*,#9387,.T.);
#10280 = ORIENTED_EDGE('',*,*,#10281,.T.);
#10281 = EDGE_CURVE('',#9388,#9566,#10282,.T.);
#10282 = B_SPLINE_CURVE_WITH_KNOTS('',1,(#10283,#10284),.UNSPECIFIED.,
  .F.,.F.,(2,2),(0.,1.E-02),.PIECEWISE_BEZIER_KNOTS.);
#10283 = CARTESIAN_POINT('',(-0.244985026338,-3.005,2.063159039336));
#10284 = CARTESIAN_POINT('',(-0.244985026338,-2.995,2.063159039336));
#10285 = ORIENTED_EDGE('',*,*,#9574,.F.);
#10286 = B_SPLINE_SURFACE_WITH_KNOTS('',3,1,(
    (#10287,#10288)
    ,(#10289,#10290)
    ,(#10291,#10292)
    ,(#10293,#10294
    )),.UNSPECIFIED.,.F.,.F.,.F.,(4,4),(2,2),(23.,24.),(0.,1.),
  .PIECEWISE_BEZIER_KNOTS.);
#10287 = CARTESIAN_POINT('',(-0.357772014611,-3.005,2.175946027608));
#10288 = CARTESIAN_POINT('',(-0.357772014611,-2.995,2.175946027608));
#10289 = CARTESIAN_POINT('',(-0.295594577308,-3.005,2.175946027608));
#10290 = CARTESIAN_POINT('',(-0.295594577308,-2.995,2.175946027608));
#10291 = CARTESIAN_POINT('',(-0.244985026338,-3.005,2.125336476638));
#10292 = CARTESIAN_POINT('',(-0.244985026338,-2.995,2.125336476638));
#10293 = CARTESIAN_POINT('',(-0.244985026338,-3.005,2.063159039336));
#10294 = CARTESIAN_POINT('',(-0.244985026338,-2.995,2.063159039336));
#10295 = ADVANCED_FACE('',(#10296),#10306,.F.);
#10296 = FACE_BOUND('',#10297,.F.);
#10297 = EDGE_LOOP('',(#10298,#10299,#10300,#10305));
#10298 = ORIENTED_EDGE('',*,*,#10281,.F.);
#10299 = ORIENTED_EDGE('',*,*,#9396,.T.);
#10300 = ORIENTED_EDGE('',*,*,#10301,.T.);
#10301 = EDGE_CURVE('',#9397,#9559,#10302,.T.);
#10302 = B_SPLINE_CURVE_WITH_KNOTS('',1,(#10303,#10304),.UNSPECIFIED.,
  .F.,.F.,(2,2),(0.,1.E-02),.PIECEWISE_BEZIER_KNOTS.);
#10303 = CARTESIAN_POINT('',(-0.349096113651,-3.005,1.950372051063));
#10304 = CARTESIAN_POINT('',(-0.349096113651,-2.995,1.950372051063));
#10305 = ORIENTED_EDGE('',*,*,#9565,.F.);
#10306 = B_SPLINE_SURFACE_WITH_KNOTS('',3,1,(
    (#10307,#10308)
    ,(#10309,#10310)
    ,(#10311,#10312)
    ,(#10313,#10314
    )),.UNSPECIFIED.,.F.,.F.,.F.,(4,4),(2,2),(24.,25.),(0.,1.),
  .PIECEWISE_BEZIER_KNOTS.);
#10307 = CARTESIAN_POINT('',(-0.244985026338,-3.005,2.063159039336));
#10308 = CARTESIAN_POINT('',(-0.244985026338,-2.995,2.063159039336));
#10309 = CARTESIAN_POINT('',(-0.244985026338,-3.005,2.003873559826));
#10310 = CARTESIAN_POINT('',(-0.244985026338,-2.995,2.003873559826));
#10311 = CARTESIAN_POINT('',(-0.289810606563,-3.005,1.954710001543));
#10312 = CARTESIAN_POINT('',(-0.289810606563,-2.995,1.954710001543));
#10313 = CARTESIAN_POINT('',(-0.349096113651,-3.005,1.950372051063));
#10314 = CARTESIAN_POINT('',(-0.349096113651,-2.995,1.950372051063));
#10315 = ADVANCED_FACE('',(#10316),#10326,.F.);
#10316 = FACE_BOUND('',#10317,.T.);
#10317 = EDGE_LOOP('',(#10318,#10319,#10324,#10325));
#10318 = ORIENTED_EDGE('',*,*,#9558,.T.);
#10319 = ORIENTED_EDGE('',*,*,#10320,.F.);
#10320 = EDGE_CURVE('',#9406,#9550,#10321,.T.);
#10321 = B_SPLINE_CURVE_WITH_KNOTS('',1,(#10322,#10323),.UNSPECIFIED.,
  .F.,.F.,(2,2),(0.,1.E-02),.PIECEWISE_BEZIER_KNOTS.);
#10322 = CARTESIAN_POINT('',(-0.414165536327,-3.005,1.950372051063));
#10323 = CARTESIAN_POINT('',(-0.414165536327,-2.995,1.950372051063));
#10324 = ORIENTED_EDGE('',*,*,#9405,.F.);
#10325 = ORIENTED_EDGE('',*,*,#10301,.T.);
#10326 = B_SPLINE_SURFACE_WITH_KNOTS('',1,1,(
    (#10327,#10328)
    ,(#10329,#10330
    )),.UNSPECIFIED.,.F.,.F.,.F.,(2,2),(2,2),(-5.551115123126E-17,
    6.506942267584E-02),(0.,1.E-02),.PIECEWISE_BEZIER_KNOTS.);
#10327 = CARTESIAN_POINT('',(-0.349096113651,-3.005,1.950372051063));
#10328 = CARTESIAN_POINT('',(-0.349096113651,-2.995,1.950372051063));
#10329 = CARTESIAN_POINT('',(-0.414165536327,-3.005,1.950372051063));
#10330 = CARTESIAN_POINT('',(-0.414165536327,-2.995,1.950372051063));
#10331 = ADVANCED_FACE('',(#10332),#10342,.F.);
#10332 = FACE_BOUND('',#10333,.F.);
#10333 = EDGE_LOOP('',(#10334,#10335,#10336,#10341));
#10334 = ORIENTED_EDGE('',*,*,#10320,.F.);
#10335 = ORIENTED_EDGE('',*,*,#9412,.T.);
#10336 = ORIENTED_EDGE('',*,*,#10337,.T.);
#10337 = EDGE_CURVE('',#9413,#9541,#10338,.T.);
#10338 = B_SPLINE_CURVE_WITH_KNOTS('',1,(#10339,#10340),.UNSPECIFIED.,
  .F.,.F.,(2,2),(0.,1.E-02),.PIECEWISE_BEZIER_KNOTS.);
#10339 = CARTESIAN_POINT('',(-0.422841437287,-3.005,1.951818016169));
#10340 = CARTESIAN_POINT('',(-0.422841437287,-2.995,1.951818016169));
#10341 = ORIENTED_EDGE('',*,*,#9549,.F.);
#10342 = B_SPLINE_SURFACE_WITH_KNOTS('',3,1,(
    (#10343,#10344)
    ,(#10345,#10346)
    ,(#10347,#10348)
    ,(#10349,#10350
    )),.UNSPECIFIED.,.F.,.F.,.F.,(4,4),(2,2),(26.,27.),(0.,1.),
  .PIECEWISE_BEZIER_KNOTS.);
#10343 = CARTESIAN_POINT('',(-0.414165536327,-3.005,1.950372051063));
#10344 = CARTESIAN_POINT('',(-0.414165536327,-2.995,1.950372051063));
#10345 = CARTESIAN_POINT('',(-0.4170575217,-3.005,1.950372051063));
#10346 = CARTESIAN_POINT('',(-0.4170575217,-2.995,1.950372051063));
#10347 = CARTESIAN_POINT('',(-0.419949507074,-3.005,1.951818016169));
#10348 = CARTESIAN_POINT('',(-0.419949507074,-2.995,1.951818016169));
#10349 = CARTESIAN_POINT('',(-0.422841437287,-3.005,1.951818016169));
#10350 = CARTESIAN_POINT('',(-0.422841437287,-2.995,1.951818016169));
#10351 = ADVANCED_FACE('',(#10352),#10362,.F.);
#10352 = FACE_BOUND('',#10353,.F.);
#10353 = EDGE_LOOP('',(#10354,#10355,#10356,#10361));
#10354 = ORIENTED_EDGE('',*,*,#10337,.F.);
#10355 = ORIENTED_EDGE('',*,*,#9421,.T.);
#10356 = ORIENTED_EDGE('',*,*,#10357,.T.);
#10357 = EDGE_CURVE('',#9422,#9532,#10358,.T.);
#10358 = B_SPLINE_CURVE_WITH_KNOTS('',1,(#10359,#10360),.UNSPECIFIED.,
  .F.,.F.,(2,2),(0.,1.E-02),.PIECEWISE_BEZIER_KNOTS.);
#10359 = CARTESIAN_POINT('',(-0.46766701751,-3.005,1.906992435946));
#10360 = CARTESIAN_POINT('',(-0.46766701751,-2.995,1.906992435946));
#10361 = ORIENTED_EDGE('',*,*,#9540,.F.);
#10362 = B_SPLINE_SURFACE_WITH_KNOTS('',3,1,(
    (#10363,#10364)
    ,(#10365,#10366)
    ,(#10367,#10368)
    ,(#10369,#10370
    )),.UNSPECIFIED.,.F.,.F.,.F.,(4,4),(2,2),(27.,28.),(0.,1.),
  .PIECEWISE_BEZIER_KNOTS.);
#10363 = CARTESIAN_POINT('',(-0.422841437287,-3.005,1.951818016169));
#10364 = CARTESIAN_POINT('',(-0.422841437287,-2.995,1.951818016169));
#10365 = CARTESIAN_POINT('',(-0.447423230219,-3.005,1.951818016169));
#10366 = CARTESIAN_POINT('',(-0.447423230219,-2.995,1.951818016169));
#10367 = CARTESIAN_POINT('',(-0.46766701751,-3.005,1.931574173718));
#10368 = CARTESIAN_POINT('',(-0.46766701751,-2.995,1.931574173718));
#10369 = CARTESIAN_POINT('',(-0.46766701751,-3.005,1.906992435946));
#10370 = CARTESIAN_POINT('',(-0.46766701751,-2.995,1.906992435946));
#10371 = ADVANCED_FACE('',(#10372),#10382,.F.);
#10372 = FACE_BOUND('',#10373,.F.);
#10373 = EDGE_LOOP('',(#10374,#10375,#10376,#10381));
#10374 = ORIENTED_EDGE('',*,*,#10357,.F.);
#10375 = ORIENTED_EDGE('',*,*,#9430,.T.);
#10376 = ORIENTED_EDGE('',*,*,#10377,.T.);
#10377 = EDGE_CURVE('',#9431,#9525,#10378,.T.);
#10378 = B_SPLINE_CURVE_WITH_KNOTS('',1,(#10379,#10380),.UNSPECIFIED.,
  .F.,.F.,(2,2),(0.,1.E-02),.PIECEWISE_BEZIER_KNOTS.);
#10379 = CARTESIAN_POINT('',(-0.4257333675,-3.005,1.862166855721));
#10380 = CARTESIAN_POINT('',(-0.4257333675,-2.995,1.862166855721));
#10381 = ORIENTED_EDGE('',*,*,#9531,.F.);
#10382 = B_SPLINE_SURFACE_WITH_KNOTS('',3,1,(
    (#10383,#10384)
    ,(#10385,#10386)
    ,(#10387,#10388)
    ,(#10389,#10390
    )),.UNSPECIFIED.,.F.,.F.,.F.,(4,4),(2,2),(28.,29.),(0.,1.),
  .PIECEWISE_BEZIER_KNOTS.);
#10383 = CARTESIAN_POINT('',(-0.46766701751,-3.005,1.906992435946));
#10384 = CARTESIAN_POINT('',(-0.46766701751,-2.995,1.906992435946));
#10385 = CARTESIAN_POINT('',(-0.46766701751,-3.005,1.883856663281));
#10386 = CARTESIAN_POINT('',(-0.46766701751,-2.995,1.883856663281));
#10387 = CARTESIAN_POINT('',(-0.448869195325,-3.005,1.863612820827));
#10388 = CARTESIAN_POINT('',(-0.448869195325,-2.995,1.863612820827));
#10389 = CARTESIAN_POINT('',(-0.4257333675,-3.005,1.862166855721));
#10390 = CARTESIAN_POINT('',(-0.4257333675,-2.995,1.862166855721));
#10391 = ADVANCED_FACE('',(#10392),#10402,.F.);
#10392 = FACE_BOUND('',#10393,.T.);
#10393 = EDGE_LOOP('',(#10394,#10395,#10400,#10401));
#10394 = ORIENTED_EDGE('',*,*,#9524,.T.);
#10395 = ORIENTED_EDGE('',*,*,#10396,.F.);
#10396 = EDGE_CURVE('',#9440,#9516,#10397,.T.);
#10397 = B_SPLINE_CURVE_WITH_KNOTS('',1,(#10398,#10399),.UNSPECIFIED.,
  .F.,.F.,(2,2),(0.,1.E-02),.PIECEWISE_BEZIER_KNOTS.);
#10398 = CARTESIAN_POINT('',(-0.340420157532,-3.005,1.862166855721));
#10399 = CARTESIAN_POINT('',(-0.340420157532,-2.995,1.862166855721));
#10400 = ORIENTED_EDGE('',*,*,#9439,.F.);
#10401 = ORIENTED_EDGE('',*,*,#10377,.T.);
#10402 = B_SPLINE_SURFACE_WITH_KNOTS('',1,1,(
    (#10403,#10404)
    ,(#10405,#10406
    )),.UNSPECIFIED.,.F.,.F.,.F.,(2,2),(2,2),(-8.097525948804E-02,
    4.337950480129E-03),(0.,1.E-02),.PIECEWISE_BEZIER_KNOTS.);
#10403 = CARTESIAN_POINT('',(-0.4257333675,-3.005,1.862166855721));
#10404 = CARTESIAN_POINT('',(-0.4257333675,-2.995,1.862166855721));
#10405 = CARTESIAN_POINT('',(-0.340420157532,-3.005,1.862166855721));
#10406 = CARTESIAN_POINT('',(-0.340420157532,-2.995,1.862166855721));
#10407 = ADVANCED_FACE('',(#10408),#10418,.F.);
#10408 = FACE_BOUND('',#10409,.F.);
#10409 = EDGE_LOOP('',(#10410,#10411,#10412,#10417));
#10410 = ORIENTED_EDGE('',*,*,#10396,.F.);
#10411 = ORIENTED_EDGE('',*,*,#9446,.T.);
#10412 = ORIENTED_EDGE('',*,*,#10413,.T.);
#10413 = EDGE_CURVE('',#9447,#9507,#10414,.T.);
#10414 = B_SPLINE_CURVE_WITH_KNOTS('',1,(#10415,#10416),.UNSPECIFIED.,
  .F.,.F.,(2,2),(0.,1.E-02),.PIECEWISE_BEZIER_KNOTS.);
#10415 = CARTESIAN_POINT('',(-0.208835347075,-3.005,1.927236278398));
#10416 = CARTESIAN_POINT('',(-0.208835347075,-2.995,1.927236278398));
#10417 = ORIENTED_EDGE('',*,*,#9515,.F.);
#10418 = B_SPLINE_SURFACE_WITH_KNOTS('',3,1,(
    (#10419,#10420)
    ,(#10421,#10422)
    ,(#10423,#10424)
    ,(#10425,#10426
    )),.UNSPECIFIED.,.F.,.F.,.F.,(4,4),(2,2),(33.,34.),(0.,1.),
  .PIECEWISE_BEZIER_KNOTS.);
#10419 = CARTESIAN_POINT('',(-0.340420157532,-3.005,1.862166855721));
#10420 = CARTESIAN_POINT('',(-0.340420157532,-2.995,1.862166855721));
#10421 = CARTESIAN_POINT('',(-0.289810606563,-3.005,1.866504806201));
#10422 = CARTESIAN_POINT('',(-0.289810606563,-2.995,1.866504806201));
#10423 = CARTESIAN_POINT('',(-0.243539006071,-3.005,1.889640634027));
#10424 = CARTESIAN_POINT('',(-0.243539006071,-2.995,1.889640634027));
#10425 = CARTESIAN_POINT('',(-0.208835347075,-3.005,1.927236278398));
#10426 = CARTESIAN_POINT('',(-0.208835347075,-2.995,1.927236278398));
#10427 = ADVANCED_FACE('',(#10428),#10434,.F.);
#10428 = FACE_BOUND('',#10429,.F.);
#10429 = EDGE_LOOP('',(#10430,#10431,#10432,#10433));
#10430 = ORIENTED_EDGE('',*,*,#10413,.F.);
#10431 = ORIENTED_EDGE('',*,*,#9455,.T.);
#10432 = ORIENTED_EDGE('',*,*,#9815,.T.);
#10433 = ORIENTED_EDGE('',*,*,#9506,.F.);
#10434 = B_SPLINE_SURFACE_WITH_KNOTS('',3,1,(
    (#10435,#10436)
    ,(#10437,#10438)
    ,(#10439,#10440)
    ,(#10441,#10442
    )),.UNSPECIFIED.,.F.,.F.,.F.,(4,4),(2,2),(34.,35.),(0.,1.),
  .PIECEWISE_BEZIER_KNOTS.);
#10435 = CARTESIAN_POINT('',(-0.208835347075,-3.005,1.927236278398));
#10436 = CARTESIAN_POINT('',(-0.208835347075,-2.995,1.927236278398));
#10437 = CARTESIAN_POINT('',(-0.174131632916,-3.005,1.964831922769));
#10438 = CARTESIAN_POINT('',(-0.174131632916,-2.995,1.964831922769));
#10439 = CARTESIAN_POINT('',(-0.155333810731,-3.005,2.013995508632));
#10440 = CARTESIAN_POINT('',(-0.155333810731,-2.995,2.013995508632));
#10441 = CARTESIAN_POINT('',(-0.155333810731,-3.005,2.064605059602));
#10442 = CARTESIAN_POINT('',(-0.155333810731,-2.995,2.064605059602));
#10443 = ADVANCED_FACE('',(#10444),#10458,.T.);
#10444 = FACE_BOUND('',#10445,.T.);
#10445 = EDGE_LOOP('',(#10446,#10447,#10452,#10453));
#10446 = ORIENTED_EDGE('',*,*,#9797,.F.);
#10447 = ORIENTED_EDGE('',*,*,#10448,.F.);
#10448 = EDGE_CURVE('',#9465,#9787,#10449,.T.);
#10449 = B_SPLINE_CURVE_WITH_KNOTS('',1,(#10450,#10451),.UNSPECIFIED.,
  .F.,.F.,(2,2),(0.,1.E-02),.PIECEWISE_BEZIER_KNOTS.);
#10450 = CARTESIAN_POINT('',(-0.765540380165,-3.005,1.853490844442));
#10451 = CARTESIAN_POINT('',(-0.765540380165,-2.995,1.853490844442));
#10452 = ORIENTED_EDGE('',*,*,#9464,.T.);
#10453 = ORIENTED_EDGE('',*,*,#10454,.T.);
#10454 = EDGE_CURVE('',#9467,#9785,#10455,.T.);
#10455 = B_SPLINE_CURVE_WITH_KNOTS('',1,(#10456,#10457),.UNSPECIFIED.,
  .F.,.F.,(2,2),(0.,1.E-02),.PIECEWISE_BEZIER_KNOTS.);
#10456 = CARTESIAN_POINT('',(-0.765540380165,-3.005,1.966277887875));
#10457 = CARTESIAN_POINT('',(-0.765540380165,-2.995,1.966277887875));
#10458 = B_SPLINE_SURFACE_WITH_KNOTS('',3,1,(
    (#10459,#10460)
    ,(#10461,#10462)
    ,(#10463,#10464)
    ,(#10465,#10466)
    ,(#10467,#10468)
    ,(#10469,#10470)
    ,(#10471,#10472
  )),.UNSPECIFIED.,.F.,.F.,.F.,(4,3,4),(2,2),(0.,1.,2.),(0.,1.),
  .PIECEWISE_BEZIER_KNOTS.);
#10459 = CARTESIAN_POINT('',(-0.765540380165,-3.005,1.853490844442));
#10460 = CARTESIAN_POINT('',(-0.765540380165,-2.995,1.853490844442));
#10461 = CARTESIAN_POINT('',(-0.733728678961,-3.005,1.853490844442));
#10462 = CARTESIAN_POINT('',(-0.733728678961,-2.995,1.853490844442));
#10463 = CARTESIAN_POINT('',(-0.709146886029,-3.005,1.87951865764));
#10464 = CARTESIAN_POINT('',(-0.709146886029,-2.995,1.87951865764));
#10465 = CARTESIAN_POINT('',(-0.709146886029,-3.005,1.909884366159));
#10466 = CARTESIAN_POINT('',(-0.709146886029,-2.995,1.909884366159));
#10467 = CARTESIAN_POINT('',(-0.709146886029,-3.005,1.941696094943));
#10468 = CARTESIAN_POINT('',(-0.709146886029,-2.995,1.941696094943));
#10469 = CARTESIAN_POINT('',(-0.735174644067,-3.005,1.966277887875));
#10470 = CARTESIAN_POINT('',(-0.735174644067,-2.995,1.966277887875));
#10471 = CARTESIAN_POINT('',(-0.765540380165,-3.005,1.966277887875));
#10472 = CARTESIAN_POINT('',(-0.765540380165,-2.995,1.966277887875));
#10473 = ADVANCED_FACE('',(#10474),#10480,.T.);
#10474 = FACE_BOUND('',#10475,.T.);
#10475 = EDGE_LOOP('',(#10476,#10477,#10478,#10479));
#10476 = ORIENTED_EDGE('',*,*,#9784,.F.);
#10477 = ORIENTED_EDGE('',*,*,#10454,.F.);
#10478 = ORIENTED_EDGE('',*,*,#9478,.T.);
#10479 = ORIENTED_EDGE('',*,*,#10448,.T.);
#10480 = B_SPLINE_SURFACE_WITH_KNOTS('',3,1,(
    (#10481,#10482)
    ,(#10483,#10484)
    ,(#10485,#10486)
    ,(#10487,#10488)
    ,(#10489,#10490)
    ,(#10491,#10492
  )),.UNSPECIFIED.,.F.,.F.,.F.,(4,2,4),(2,2),(2.,3.,4.),(0.,1.),
  .UNSPECIFIED.);
#10481 = CARTESIAN_POINT('',(-0.765540380165,-3.005,1.966277887875));
#10482 = CARTESIAN_POINT('',(-0.765540380165,-2.995,1.966277887875));
#10483 = CARTESIAN_POINT('',(-0.795906116263,-3.005,1.966277887875));
#10484 = CARTESIAN_POINT('',(-0.795906116263,-2.995,1.966277887875));
#10485 = CARTESIAN_POINT('',(-0.821933874301,-3.005,1.941696094943));
#10486 = CARTESIAN_POINT('',(-0.821933874301,-2.995,1.941696094943));
#10487 = CARTESIAN_POINT('',(-0.821933874301,-3.005,1.878072637374));
#10488 = CARTESIAN_POINT('',(-0.821933874301,-2.995,1.878072637374));
#10489 = CARTESIAN_POINT('',(-0.795906116263,-3.005,1.853490844442));
#10490 = CARTESIAN_POINT('',(-0.795906116263,-2.995,1.853490844442));
#10491 = CARTESIAN_POINT('',(-0.765540380165,-3.005,1.853490844442));
#10492 = CARTESIAN_POINT('',(-0.765540380165,-2.995,1.853490844442));
#10493 = ( GEOMETRIC_REPRESENTATION_CONTEXT(3) 
GLOBAL_UNCERTAINTY_ASSIGNED_CONTEXT((#10497)) 
GLOBAL_UNIT_ASSIGNED_CONTEXT((#10494,#10495,#10496)) 
REPRESENTATION_CONTEXT('Context #1',
  '3D Context with UNIT and UNCERTAINTY') );
#10494 = ( LENGTH_UNIT() NAMED_UNIT(*) SI_UNIT(.MILLI.,.METRE.) );
#10495 = ( NAMED_UNIT(*) PLANE_ANGLE_UNIT() SI_UNIT($,.RADIAN.) );
#10496 = ( NAMED_UNIT(*) SI_UNIT($,.STERADIAN.) SOLID_ANGLE_UNIT() );
#10497 = UNCERTAINTY_MEASURE_WITH_UNIT(LENGTH_MEASURE(1.E-07),#10494,
  'distance_accuracy_value','confusion accuracy');
#10498 = PRODUCT_RELATED_PRODUCT_CATEGORY('part',$,(#7));
#10499 = MECHANICAL_DESIGN_GEOMETRIC_PRESENTATION_REPRESENTATION('',(
    #10500,#10508,#10516,#10523,#10530,#10537,#10544,#10551,#10558,
    #10565,#10573,#10580,#10587,#10594,#10601,#10608,#10615,#10622,
    #10629,#10636,#10643,#10650,#10657,#10664,#10671,#10678,#10685,
    #10692,#10699,#10706,#10713,#10720,#10727,#10734,#10741,#10748,
    #10755,#10762,#10769,#10776,#10783,#10790,#10797,#10804,#10811,
    #10818,#10825,#10832,#10839,#10846,#10853,#10860,#10867,#10874,
    #10881,#10888,#10895,#10902,#10909,#10916,#10923,#10930,#10937,
    #10944,#10951,#10958,#10965,#10972,#10979,#10986,#10993,#11000,
    #11007,#11014,#11021,#11028,#11035,#11042,#11049,#11056,#11063,
    #11070,#11077,#11084,#11091,#11098,#11105,#11112,#11119,#11126,
    #11133,#11140,#11147,#11154,#11161,#11168,#11175,#11182,#11189,
    #11196,#11203,#11210,#11217,#11224,#11231,#11238,#11245,#11252,
    #11259,#11266,#11273,#11280,#11287,#11294,#11301,#11308,#11315,
    #11322,#11329,#11336,#11343,#11350,#11357,#11364,#11371,#11378,
    #11385,#11392,#11399,#11406,#11413,#11420,#11427,#11434,#11441,
    #11448,#11455,#11462,#11469,#11476,#11483,#11490,#11497,#11504,
    #11511,#11518,#11525,#11532,#11539,#11546,#11553,#11560,#11567,
    #11574,#11581,#11588,#11595,#11602,#11609,#11616,#11623,#11630,
    #11637,#11644,#11651,#11658,#11665,#11672,#11679,#11686,#11693,
    #11700,#11707,#11714,#11721,#11728,#11735,#11742,#11749,#11756,
    #11763,#11770,#11777,#11784,#11791,#11798,#11805,#11812,#11819,
    #11826,#11833,#11840,#11847,#11854,#11861,#11868,#11875,#11882,
    #11889,#11896,#11903,#11910,#11917,#11924,#11931,#11938,#11945,
    #11952,#11959,#11966,#11973,#11980,#11987,#11994,#12001,#12008,
    #12015,#12022,#12029,#12036,#12043,#12050,#12057,#12064,#12071,
    #12078,#12085,#12092,#12099,#12106,#12113,#12120,#12127,#12134,
    #12141,#12148,#12155,#12162,#12169,#12176,#12183,#12190,#12197,
    #12204,#12211,#12218,#12225,#12232,#12239,#12246,#12253,#12260,
    #12267,#12274,#12281,#12288,#12295,#12302,#12309,#12316,#12323,
    #12330,#12337,#12344,#12351,#12358,#12365,#12372,#12379,#12386,
    #12393,#12400,#12407,#12414,#12421,#12428,#12435,#12442,#12449,
    #12456,#12463,#12470,#12477,#12484,#12491,#12498,#12505,#12512,
    #12519,#12526,#12533,#12540,#12547,#12554,#12561,#12568,#12575,
    #12582,#12589,#12596,#12603,#12610,#12617,#12624,#12631,#12638,
    #12645,#12652,#12659,#12666,#12673,#12680,#12687,#12694,#12701,
    #12708,#12715,#12722,#12729,#12736,#12743,#12750,#12757,#12764,
    #12771,#12778,#12785,#12792,#12799,#12806,#12813,#12820,#12827,
    #12834,#12841,#12848,#12855,#12862,#12869,#12876,#12883,#12890,
    #12897,#12904,#12911,#12918,#12925,#12932,#12939,#12946,#12953,
    #12960,#12967,#12974,#12981),#10493);
#10500 = STYLED_ITEM('color',(#10501),#15);
#10501 = PRESENTATION_STYLE_ASSIGNMENT((#10502));
#10502 = SURFACE_STYLE_USAGE(.BOTH.,#10503);
#10503 = SURFACE_SIDE_STYLE('',(#10504));
#10504 = SURFACE_STYLE_FILL_AREA(#10505);
#10505 = FILL_AREA_STYLE('',(#10506));
#10506 = FILL_AREA_STYLE_COLOUR('',#10507);
#10507 = COLOUR_RGB('',0.501960785193,0.250980388104,0.250980388104);
#10508 = OVER_RIDING_STYLED_ITEM('overriding color',(#10509),#17,#10500
  );
#10509 = PRESENTATION_STYLE_ASSIGNMENT((#10510));
#10510 = SURFACE_STYLE_USAGE(.BOTH.,#10511);
#10511 = SURFACE_SIDE_STYLE('',(#10512));
#10512 = SURFACE_STYLE_FILL_AREA(#10513);
#10513 = FILL_AREA_STYLE('',(#10514));
#10514 = FILL_AREA_STYLE_COLOUR('',#10515);
#10515 = COLOUR_RGB('',0.250980388104,0.250980388104,0.250980388104);
#10516 = OVER_RIDING_STYLED_ITEM('overriding color',(#10517),#72,#10500
  );
#10517 = PRESENTATION_STYLE_ASSIGNMENT((#10518));
#10518 = SURFACE_STYLE_USAGE(.BOTH.,#10519);
#10519 = SURFACE_SIDE_STYLE('',(#10520));
#10520 = SURFACE_STYLE_FILL_AREA(#10521);
#10521 = FILL_AREA_STYLE('',(#10522));
#10522 = FILL_AREA_STYLE_COLOUR('',#10515);
#10523 = OVER_RIDING_STYLED_ITEM('overriding color',(#10524),#127,#10500
  );
#10524 = PRESENTATION_STYLE_ASSIGNMENT((#10525));
#10525 = SURFACE_STYLE_USAGE(.BOTH.,#10526);
#10526 = SURFACE_SIDE_STYLE('',(#10527));
#10527 = SURFACE_STYLE_FILL_AREA(#10528);
#10528 = FILL_AREA_STYLE('',(#10529));
#10529 = FILL_AREA_STYLE_COLOUR('',#10515);
#10530 = OVER_RIDING_STYLED_ITEM('overriding color',(#10531),#182,#10500
  );
#10531 = PRESENTATION_STYLE_ASSIGNMENT((#10532));
#10532 = SURFACE_STYLE_USAGE(.BOTH.,#10533);
#10533 = SURFACE_SIDE_STYLE('',(#10534));
#10534 = SURFACE_STYLE_FILL_AREA(#10535);
#10535 = FILL_AREA_STYLE('',(#10536));
#10536 = FILL_AREA_STYLE_COLOUR('',#10515);
#10537 = OVER_RIDING_STYLED_ITEM('overriding color',(#10538),#237,#10500
  );
#10538 = PRESENTATION_STYLE_ASSIGNMENT((#10539));
#10539 = SURFACE_STYLE_USAGE(.BOTH.,#10540);
#10540 = SURFACE_SIDE_STYLE('',(#10541));
#10541 = SURFACE_STYLE_FILL_AREA(#10542);
#10542 = FILL_AREA_STYLE('',(#10543));
#10543 = FILL_AREA_STYLE_COLOUR('',#10515);
#10544 = OVER_RIDING_STYLED_ITEM('overriding color',(#10545),#274,#10500
  );
#10545 = PRESENTATION_STYLE_ASSIGNMENT((#10546));
#10546 = SURFACE_STYLE_USAGE(.BOTH.,#10547);
#10547 = SURFACE_SIDE_STYLE('',(#10548));
#10548 = SURFACE_STYLE_FILL_AREA(#10549);
#10549 = FILL_AREA_STYLE('',(#10550));
#10550 = FILL_AREA_STYLE_COLOUR('',#10515);
#10551 = OVER_RIDING_STYLED_ITEM('overriding color',(#10552),#311,#10500
  );
#10552 = PRESENTATION_STYLE_ASSIGNMENT((#10553));
#10553 = SURFACE_STYLE_USAGE(.BOTH.,#10554);
#10554 = SURFACE_SIDE_STYLE('',(#10555));
#10555 = SURFACE_STYLE_FILL_AREA(#10556);
#10556 = FILL_AREA_STYLE('',(#10557));
#10557 = FILL_AREA_STYLE_COLOUR('',#10515);
#10558 = OVER_RIDING_STYLED_ITEM('overriding color',(#10559),#348,#10500
  );
#10559 = PRESENTATION_STYLE_ASSIGNMENT((#10560));
#10560 = SURFACE_STYLE_USAGE(.BOTH.,#10561);
#10561 = SURFACE_SIDE_STYLE('',(#10562));
#10562 = SURFACE_STYLE_FILL_AREA(#10563);
#10563 = FILL_AREA_STYLE('',(#10564));
#10564 = FILL_AREA_STYLE_COLOUR('',#10515);
#10565 = OVER_RIDING_STYLED_ITEM('overriding color',(#10566),#385,#10500
  );
#10566 = PRESENTATION_STYLE_ASSIGNMENT((#10567));
#10567 = SURFACE_STYLE_USAGE(.BOTH.,#10568);
#10568 = SURFACE_SIDE_STYLE('',(#10569));
#10569 = SURFACE_STYLE_FILL_AREA(#10570);
#10570 = FILL_AREA_STYLE('',(#10571));
#10571 = FILL_AREA_STYLE_COLOUR('',#10572);
#10572 = DRAUGHTING_PRE_DEFINED_COLOUR('white');
#10573 = OVER_RIDING_STYLED_ITEM('overriding color',(#10574),#433,#10500
  );
#10574 = PRESENTATION_STYLE_ASSIGNMENT((#10575));
#10575 = SURFACE_STYLE_USAGE(.BOTH.,#10576);
#10576 = SURFACE_SIDE_STYLE('',(#10577));
#10577 = SURFACE_STYLE_FILL_AREA(#10578);
#10578 = FILL_AREA_STYLE('',(#10579));
#10579 = FILL_AREA_STYLE_COLOUR('',#10572);
#10580 = OVER_RIDING_STYLED_ITEM('overriding color',(#10581),#469,#10500
  );
#10581 = PRESENTATION_STYLE_ASSIGNMENT((#10582));
#10582 = SURFACE_STYLE_USAGE(.BOTH.,#10583);
#10583 = SURFACE_SIDE_STYLE('',(#10584));
#10584 = SURFACE_STYLE_FILL_AREA(#10585);
#10585 = FILL_AREA_STYLE('',(#10586));
#10586 = FILL_AREA_STYLE_COLOUR('',#10572);
#10587 = OVER_RIDING_STYLED_ITEM('overriding color',(#10588),#497,#10500
  );
#10588 = PRESENTATION_STYLE_ASSIGNMENT((#10589));
#10589 = SURFACE_STYLE_USAGE(.BOTH.,#10590);
#10590 = SURFACE_SIDE_STYLE('',(#10591));
#10591 = SURFACE_STYLE_FILL_AREA(#10592);
#10592 = FILL_AREA_STYLE('',(#10593));
#10593 = FILL_AREA_STYLE_COLOUR('',#10572);
#10594 = OVER_RIDING_STYLED_ITEM('overriding color',(#10595),#525,#10500
  );
#10595 = PRESENTATION_STYLE_ASSIGNMENT((#10596));
#10596 = SURFACE_STYLE_USAGE(.BOTH.,#10597);
#10597 = SURFACE_SIDE_STYLE('',(#10598));
#10598 = SURFACE_STYLE_FILL_AREA(#10599);
#10599 = FILL_AREA_STYLE('',(#10600));
#10600 = FILL_AREA_STYLE_COLOUR('',#10572);
#10601 = OVER_RIDING_STYLED_ITEM('overriding color',(#10602),#545,#10500
  );
#10602 = PRESENTATION_STYLE_ASSIGNMENT((#10603));
#10603 = SURFACE_STYLE_USAGE(.BOTH.,#10604);
#10604 = SURFACE_SIDE_STYLE('',(#10605));
#10605 = SURFACE_STYLE_FILL_AREA(#10606);
#10606 = FILL_AREA_STYLE('',(#10607));
#10607 = FILL_AREA_STYLE_COLOUR('',#10572);
#10608 = OVER_RIDING_STYLED_ITEM('overriding color',(#10609),#612,#10500
  );
#10609 = PRESENTATION_STYLE_ASSIGNMENT((#10610));
#10610 = SURFACE_STYLE_USAGE(.BOTH.,#10611);
#10611 = SURFACE_SIDE_STYLE('',(#10612));
#10612 = SURFACE_STYLE_FILL_AREA(#10613);
#10613 = FILL_AREA_STYLE('',(#10614));
#10614 = FILL_AREA_STYLE_COLOUR('',#10572);
#10615 = OVER_RIDING_STYLED_ITEM('overriding color',(#10616),#635,#10500
  );
#10616 = PRESENTATION_STYLE_ASSIGNMENT((#10617));
#10617 = SURFACE_STYLE_USAGE(.BOTH.,#10618);
#10618 = SURFACE_SIDE_STYLE('',(#10619));
#10619 = SURFACE_STYLE_FILL_AREA(#10620);
#10620 = FILL_AREA_STYLE('',(#10621));
#10621 = FILL_AREA_STYLE_COLOUR('',#10572);
#10622 = OVER_RIDING_STYLED_ITEM('overriding color',(#10623),#653,#10500
  );
#10623 = PRESENTATION_STYLE_ASSIGNMENT((#10624));
#10624 = SURFACE_STYLE_USAGE(.BOTH.,#10625);
#10625 = SURFACE_SIDE_STYLE('',(#10626));
#10626 = SURFACE_STYLE_FILL_AREA(#10627);
#10627 = FILL_AREA_STYLE('',(#10628));
#10628 = FILL_AREA_STYLE_COLOUR('',#10515);
#10629 = OVER_RIDING_STYLED_ITEM('overriding color',(#10630),#678,#10500
  );
#10630 = PRESENTATION_STYLE_ASSIGNMENT((#10631));
#10631 = SURFACE_STYLE_USAGE(.BOTH.,#10632);
#10632 = SURFACE_SIDE_STYLE('',(#10633));
#10633 = SURFACE_STYLE_FILL_AREA(#10634);
#10634 = FILL_AREA_STYLE('',(#10635));
#10635 = FILL_AREA_STYLE_COLOUR('',#10515);
#10636 = OVER_RIDING_STYLED_ITEM('overriding color',(#10637),#695,#10500
  );
#10637 = PRESENTATION_STYLE_ASSIGNMENT((#10638));
#10638 = SURFACE_STYLE_USAGE(.BOTH.,#10639);
#10639 = SURFACE_SIDE_STYLE('',(#10640));
#10640 = SURFACE_STYLE_FILL_AREA(#10641);
#10641 = FILL_AREA_STYLE('',(#10642));
#10642 = FILL_AREA_STYLE_COLOUR('',#10515);
#10643 = OVER_RIDING_STYLED_ITEM('overriding color',(#10644),#720,#10500
  );
#10644 = PRESENTATION_STYLE_ASSIGNMENT((#10645));
#10645 = SURFACE_STYLE_USAGE(.BOTH.,#10646);
#10646 = SURFACE_SIDE_STYLE('',(#10647));
#10647 = SURFACE_STYLE_FILL_AREA(#10648);
#10648 = FILL_AREA_STYLE('',(#10649));
#10649 = FILL_AREA_STYLE_COLOUR('',#10515);
#10650 = OVER_RIDING_STYLED_ITEM('overriding color',(#10651),#737,#10500
  );
#10651 = PRESENTATION_STYLE_ASSIGNMENT((#10652));
#10652 = SURFACE_STYLE_USAGE(.BOTH.,#10653);
#10653 = SURFACE_SIDE_STYLE('',(#10654));
#10654 = SURFACE_STYLE_FILL_AREA(#10655);
#10655 = FILL_AREA_STYLE('',(#10656));
#10656 = FILL_AREA_STYLE_COLOUR('',#10515);
#10657 = OVER_RIDING_STYLED_ITEM('overriding color',(#10658),#762,#10500
  );
#10658 = PRESENTATION_STYLE_ASSIGNMENT((#10659));
#10659 = SURFACE_STYLE_USAGE(.BOTH.,#10660);
#10660 = SURFACE_SIDE_STYLE('',(#10661));
#10661 = SURFACE_STYLE_FILL_AREA(#10662);
#10662 = FILL_AREA_STYLE('',(#10663));
#10663 = FILL_AREA_STYLE_COLOUR('',#10515);
#10664 = OVER_RIDING_STYLED_ITEM('overriding color',(#10665),#779,#10500
  );
#10665 = PRESENTATION_STYLE_ASSIGNMENT((#10666));
#10666 = SURFACE_STYLE_USAGE(.BOTH.,#10667);
#10667 = SURFACE_SIDE_STYLE('',(#10668));
#10668 = SURFACE_STYLE_FILL_AREA(#10669);
#10669 = FILL_AREA_STYLE('',(#10670));
#10670 = FILL_AREA_STYLE_COLOUR('',#10515);
#10671 = OVER_RIDING_STYLED_ITEM('overriding color',(#10672),#804,#10500
  );
#10672 = PRESENTATION_STYLE_ASSIGNMENT((#10673));
#10673 = SURFACE_STYLE_USAGE(.BOTH.,#10674);
#10674 = SURFACE_SIDE_STYLE('',(#10675));
#10675 = SURFACE_STYLE_FILL_AREA(#10676);
#10676 = FILL_AREA_STYLE('',(#10677));
#10677 = FILL_AREA_STYLE_COLOUR('',#10515);
#10678 = OVER_RIDING_STYLED_ITEM('overriding color',(#10679),#821,#10500
  );
#10679 = PRESENTATION_STYLE_ASSIGNMENT((#10680));
#10680 = SURFACE_STYLE_USAGE(.BOTH.,#10681);
#10681 = SURFACE_SIDE_STYLE('',(#10682));
#10682 = SURFACE_STYLE_FILL_AREA(#10683);
#10683 = FILL_AREA_STYLE('',(#10684));
#10684 = FILL_AREA_STYLE_COLOUR('',#10515);
#10685 = OVER_RIDING_STYLED_ITEM('overriding color',(#10686),#844,#10500
  );
#10686 = PRESENTATION_STYLE_ASSIGNMENT((#10687));
#10687 = SURFACE_STYLE_USAGE(.BOTH.,#10688);
#10688 = SURFACE_SIDE_STYLE('',(#10689));
#10689 = SURFACE_STYLE_FILL_AREA(#10690);
#10690 = FILL_AREA_STYLE('',(#10691));
#10691 = FILL_AREA_STYLE_COLOUR('',#10515);
#10692 = OVER_RIDING_STYLED_ITEM('overriding color',(#10693),#867,#10500
  );
#10693 = PRESENTATION_STYLE_ASSIGNMENT((#10694));
#10694 = SURFACE_STYLE_USAGE(.BOTH.,#10695);
#10695 = SURFACE_SIDE_STYLE('',(#10696));
#10696 = SURFACE_STYLE_FILL_AREA(#10697);
#10697 = FILL_AREA_STYLE('',(#10698));
#10698 = FILL_AREA_STYLE_COLOUR('',#10515);
#10699 = OVER_RIDING_STYLED_ITEM('overriding color',(#10700),#890,#10500
  );
#10700 = PRESENTATION_STYLE_ASSIGNMENT((#10701));
#10701 = SURFACE_STYLE_USAGE(.BOTH.,#10702);
#10702 = SURFACE_SIDE_STYLE('',(#10703));
#10703 = SURFACE_STYLE_FILL_AREA(#10704);
#10704 = FILL_AREA_STYLE('',(#10705));
#10705 = FILL_AREA_STYLE_COLOUR('',#10515);
#10706 = STYLED_ITEM('color',(#10707),#913);
#10707 = PRESENTATION_STYLE_ASSIGNMENT((#10708));
#10708 = SURFACE_STYLE_USAGE(.BOTH.,#10709);
#10709 = SURFACE_SIDE_STYLE('',(#10710));
#10710 = SURFACE_STYLE_FILL_AREA(#10711);
#10711 = FILL_AREA_STYLE('',(#10712));
#10712 = FILL_AREA_STYLE_COLOUR('',#10507);
#10713 = OVER_RIDING_STYLED_ITEM('overriding color',(#10714),#915,#10706
  );
#10714 = PRESENTATION_STYLE_ASSIGNMENT((#10715));
#10715 = SURFACE_STYLE_USAGE(.BOTH.,#10716);
#10716 = SURFACE_SIDE_STYLE('',(#10717));
#10717 = SURFACE_STYLE_FILL_AREA(#10718);
#10718 = FILL_AREA_STYLE('',(#10719));
#10719 = FILL_AREA_STYLE_COLOUR('',#10515);
#10720 = OVER_RIDING_STYLED_ITEM('overriding color',(#10721),#963,#10706
  );
#10721 = PRESENTATION_STYLE_ASSIGNMENT((#10722));
#10722 = SURFACE_STYLE_USAGE(.BOTH.,#10723);
#10723 = SURFACE_SIDE_STYLE('',(#10724));
#10724 = SURFACE_STYLE_FILL_AREA(#10725);
#10725 = FILL_AREA_STYLE('',(#10726));
#10726 = FILL_AREA_STYLE_COLOUR('',#10515);
#10727 = OVER_RIDING_STYLED_ITEM('overriding color',(#10728),#1055,
  #10706);
#10728 = PRESENTATION_STYLE_ASSIGNMENT((#10729));
#10729 = SURFACE_STYLE_USAGE(.BOTH.,#10730);
#10730 = SURFACE_SIDE_STYLE('',(#10731));
#10731 = SURFACE_STYLE_FILL_AREA(#10732);
#10732 = FILL_AREA_STYLE('',(#10733));
#10733 = FILL_AREA_STYLE_COLOUR('',#10515);
#10734 = OVER_RIDING_STYLED_ITEM('overriding color',(#10735),#1199,
  #10706);
#10735 = PRESENTATION_STYLE_ASSIGNMENT((#10736));
#10736 = SURFACE_STYLE_USAGE(.BOTH.,#10737);
#10737 = SURFACE_SIDE_STYLE('',(#10738));
#10738 = SURFACE_STYLE_FILL_AREA(#10739);
#10739 = FILL_AREA_STYLE('',(#10740));
#10740 = FILL_AREA_STYLE_COLOUR('',#10515);
#10741 = OVER_RIDING_STYLED_ITEM('overriding color',(#10742),#1283,
  #10706);
#10742 = PRESENTATION_STYLE_ASSIGNMENT((#10743));
#10743 = SURFACE_STYLE_USAGE(.BOTH.,#10744);
#10744 = SURFACE_SIDE_STYLE('',(#10745));
#10745 = SURFACE_STYLE_FILL_AREA(#10746);
#10746 = FILL_AREA_STYLE('',(#10747));
#10747 = FILL_AREA_STYLE_COLOUR('',#10515);
#10748 = OVER_RIDING_STYLED_ITEM('overriding color',(#10749),#1419,
  #10706);
#10749 = PRESENTATION_STYLE_ASSIGNMENT((#10750));
#10750 = SURFACE_STYLE_USAGE(.BOTH.,#10751);
#10751 = SURFACE_SIDE_STYLE('',(#10752));
#10752 = SURFACE_STYLE_FILL_AREA(#10753);
#10753 = FILL_AREA_STYLE('',(#10754));
#10754 = FILL_AREA_STYLE_COLOUR('',#10515);
#10755 = OVER_RIDING_STYLED_ITEM('overriding color',(#10756),#1479,
  #10706);
#10756 = PRESENTATION_STYLE_ASSIGNMENT((#10757));
#10757 = SURFACE_STYLE_USAGE(.BOTH.,#10758);
#10758 = SURFACE_SIDE_STYLE('',(#10759));
#10759 = SURFACE_STYLE_FILL_AREA(#10760);
#10760 = FILL_AREA_STYLE('',(#10761));
#10761 = FILL_AREA_STYLE_COLOUR('',#10515);
#10762 = OVER_RIDING_STYLED_ITEM('overriding color',(#10763),#1502,
  #10706);
#10763 = PRESENTATION_STYLE_ASSIGNMENT((#10764));
#10764 = SURFACE_STYLE_USAGE(.BOTH.,#10765);
#10765 = SURFACE_SIDE_STYLE('',(#10766));
#10766 = SURFACE_STYLE_FILL_AREA(#10767);
#10767 = FILL_AREA_STYLE('',(#10768));
#10768 = FILL_AREA_STYLE_COLOUR('',#10515);
#10769 = OVER_RIDING_STYLED_ITEM('overriding color',(#10770),#1562,
  #10706);
#10770 = PRESENTATION_STYLE_ASSIGNMENT((#10771));
#10771 = SURFACE_STYLE_USAGE(.BOTH.,#10772);
#10772 = SURFACE_SIDE_STYLE('',(#10773));
#10773 = SURFACE_STYLE_FILL_AREA(#10774);
#10774 = FILL_AREA_STYLE('',(#10775));
#10775 = FILL_AREA_STYLE_COLOUR('',#10515);
#10776 = OVER_RIDING_STYLED_ITEM('overriding color',(#10777),#1587,
  #10706);
#10777 = PRESENTATION_STYLE_ASSIGNMENT((#10778));
#10778 = SURFACE_STYLE_USAGE(.BOTH.,#10779);
#10779 = SURFACE_SIDE_STYLE('',(#10780));
#10780 = SURFACE_STYLE_FILL_AREA(#10781);
#10781 = FILL_AREA_STYLE('',(#10782));
#10782 = FILL_AREA_STYLE_COLOUR('',#10515);
#10783 = OVER_RIDING_STYLED_ITEM('overriding color',(#10784),#1597,
  #10706);
#10784 = PRESENTATION_STYLE_ASSIGNMENT((#10785));
#10785 = SURFACE_STYLE_USAGE(.BOTH.,#10786);
#10786 = SURFACE_SIDE_STYLE('',(#10787));
#10787 = SURFACE_STYLE_FILL_AREA(#10788);
#10788 = FILL_AREA_STYLE('',(#10789));
#10789 = FILL_AREA_STYLE_COLOUR('',#10572);
#10790 = OVER_RIDING_STYLED_ITEM('overriding color',(#10791),#1633,
  #10706);
#10791 = PRESENTATION_STYLE_ASSIGNMENT((#10792));
#10792 = SURFACE_STYLE_USAGE(.BOTH.,#10793);
#10793 = SURFACE_SIDE_STYLE('',(#10794));
#10794 = SURFACE_STYLE_FILL_AREA(#10795);
#10795 = FILL_AREA_STYLE('',(#10796));
#10796 = FILL_AREA_STYLE_COLOUR('',#10572);
#10797 = OVER_RIDING_STYLED_ITEM('overriding color',(#10798),#1661,
  #10706);
#10798 = PRESENTATION_STYLE_ASSIGNMENT((#10799));
#10799 = SURFACE_STYLE_USAGE(.BOTH.,#10800);
#10800 = SURFACE_SIDE_STYLE('',(#10801));
#10801 = SURFACE_STYLE_FILL_AREA(#10802);
#10802 = FILL_AREA_STYLE('',(#10803));
#10803 = FILL_AREA_STYLE_COLOUR('',#10572);
#10804 = OVER_RIDING_STYLED_ITEM('overriding color',(#10805),#1689,
  #10706);
#10805 = PRESENTATION_STYLE_ASSIGNMENT((#10806));
#10806 = SURFACE_STYLE_USAGE(.BOTH.,#10807);
#10807 = SURFACE_SIDE_STYLE('',(#10808));
#10808 = SURFACE_STYLE_FILL_AREA(#10809);
#10809 = FILL_AREA_STYLE('',(#10810));
#10810 = FILL_AREA_STYLE_COLOUR('',#10572);
#10811 = OVER_RIDING_STYLED_ITEM('overriding color',(#10812),#1717,
  #10706);
#10812 = PRESENTATION_STYLE_ASSIGNMENT((#10813));
#10813 = SURFACE_STYLE_USAGE(.BOTH.,#10814);
#10814 = SURFACE_SIDE_STYLE('',(#10815));
#10815 = SURFACE_STYLE_FILL_AREA(#10816);
#10816 = FILL_AREA_STYLE('',(#10817));
#10817 = FILL_AREA_STYLE_COLOUR('',#10572);
#10818 = OVER_RIDING_STYLED_ITEM('overriding color',(#10819),#1749,
  #10706);
#10819 = PRESENTATION_STYLE_ASSIGNMENT((#10820));
#10820 = SURFACE_STYLE_USAGE(.BOTH.,#10821);
#10821 = SURFACE_SIDE_STYLE('',(#10822));
#10822 = SURFACE_STYLE_FILL_AREA(#10823);
#10823 = FILL_AREA_STYLE('',(#10824));
#10824 = FILL_AREA_STYLE_COLOUR('',#10572);
#10825 = OVER_RIDING_STYLED_ITEM('overriding color',(#10826),#1769,
  #10706);
#10826 = PRESENTATION_STYLE_ASSIGNMENT((#10827));
#10827 = SURFACE_STYLE_USAGE(.BOTH.,#10828);
#10828 = SURFACE_SIDE_STYLE('',(#10829));
#10829 = SURFACE_STYLE_FILL_AREA(#10830);
#10830 = FILL_AREA_STYLE('',(#10831));
#10831 = FILL_AREA_STYLE_COLOUR('',#10572);
#10832 = OVER_RIDING_STYLED_ITEM('overriding color',(#10833),#1797,
  #10706);
#10833 = PRESENTATION_STYLE_ASSIGNMENT((#10834));
#10834 = SURFACE_STYLE_USAGE(.BOTH.,#10835);
#10835 = SURFACE_SIDE_STYLE('',(#10836));
#10836 = SURFACE_STYLE_FILL_AREA(#10837);
#10837 = FILL_AREA_STYLE('',(#10838));
#10838 = FILL_AREA_STYLE_COLOUR('',#10572);
#10839 = OVER_RIDING_STYLED_ITEM('overriding color',(#10840),#1829,
  #10706);
#10840 = PRESENTATION_STYLE_ASSIGNMENT((#10841));
#10841 = SURFACE_STYLE_USAGE(.BOTH.,#10842);
#10842 = SURFACE_SIDE_STYLE('',(#10843));
#10843 = SURFACE_STYLE_FILL_AREA(#10844);
#10844 = FILL_AREA_STYLE('',(#10845));
#10845 = FILL_AREA_STYLE_COLOUR('',#10572);
#10846 = OVER_RIDING_STYLED_ITEM('overriding color',(#10847),#1857,
  #10706);
#10847 = PRESENTATION_STYLE_ASSIGNMENT((#10848));
#10848 = SURFACE_STYLE_USAGE(.BOTH.,#10849);
#10849 = SURFACE_SIDE_STYLE('',(#10850));
#10850 = SURFACE_STYLE_FILL_AREA(#10851);
#10851 = FILL_AREA_STYLE('',(#10852));
#10852 = FILL_AREA_STYLE_COLOUR('',#10572);
#10853 = OVER_RIDING_STYLED_ITEM('overriding color',(#10854),#1881,
  #10706);
#10854 = PRESENTATION_STYLE_ASSIGNMENT((#10855));
#10855 = SURFACE_STYLE_USAGE(.BOTH.,#10856);
#10856 = SURFACE_SIDE_STYLE('',(#10857));
#10857 = SURFACE_STYLE_FILL_AREA(#10858);
#10858 = FILL_AREA_STYLE('',(#10859));
#10859 = FILL_AREA_STYLE_COLOUR('',#10572);
#10860 = OVER_RIDING_STYLED_ITEM('overriding color',(#10861),#1900,
  #10706);
#10861 = PRESENTATION_STYLE_ASSIGNMENT((#10862));
#10862 = SURFACE_STYLE_USAGE(.BOTH.,#10863);
#10863 = SURFACE_SIDE_STYLE('',(#10864));
#10864 = SURFACE_STYLE_FILL_AREA(#10865);
#10865 = FILL_AREA_STYLE('',(#10866));
#10866 = FILL_AREA_STYLE_COLOUR('',#10572);
#10867 = OVER_RIDING_STYLED_ITEM('overriding color',(#10868),#1919,
  #10706);
#10868 = PRESENTATION_STYLE_ASSIGNMENT((#10869));
#10869 = SURFACE_STYLE_USAGE(.BOTH.,#10870);
#10870 = SURFACE_SIDE_STYLE('',(#10871));
#10871 = SURFACE_STYLE_FILL_AREA(#10872);
#10872 = FILL_AREA_STYLE('',(#10873));
#10873 = FILL_AREA_STYLE_COLOUR('',#10572);
#10874 = OVER_RIDING_STYLED_ITEM('overriding color',(#10875),#1955,
  #10706);
#10875 = PRESENTATION_STYLE_ASSIGNMENT((#10876));
#10876 = SURFACE_STYLE_USAGE(.BOTH.,#10877);
#10877 = SURFACE_SIDE_STYLE('',(#10878));
#10878 = SURFACE_STYLE_FILL_AREA(#10879);
#10879 = FILL_AREA_STYLE('',(#10880));
#10880 = FILL_AREA_STYLE_COLOUR('',#10572);
#10881 = OVER_RIDING_STYLED_ITEM('overriding color',(#10882),#1987,
  #10706);
#10882 = PRESENTATION_STYLE_ASSIGNMENT((#10883));
#10883 = SURFACE_STYLE_USAGE(.BOTH.,#10884);
#10884 = SURFACE_SIDE_STYLE('',(#10885));
#10885 = SURFACE_STYLE_FILL_AREA(#10886);
#10886 = FILL_AREA_STYLE('',(#10887));
#10887 = FILL_AREA_STYLE_COLOUR('',#10572);
#10888 = OVER_RIDING_STYLED_ITEM('overriding color',(#10889),#2015,
  #10706);
#10889 = PRESENTATION_STYLE_ASSIGNMENT((#10890));
#10890 = SURFACE_STYLE_USAGE(.BOTH.,#10891);
#10891 = SURFACE_SIDE_STYLE('',(#10892));
#10892 = SURFACE_STYLE_FILL_AREA(#10893);
#10893 = FILL_AREA_STYLE('',(#10894));
#10894 = FILL_AREA_STYLE_COLOUR('',#10572);
#10895 = OVER_RIDING_STYLED_ITEM('overriding color',(#10896),#2047,
  #10706);
#10896 = PRESENTATION_STYLE_ASSIGNMENT((#10897));
#10897 = SURFACE_STYLE_USAGE(.BOTH.,#10898);
#10898 = SURFACE_SIDE_STYLE('',(#10899));
#10899 = SURFACE_STYLE_FILL_AREA(#10900);
#10900 = FILL_AREA_STYLE('',(#10901));
#10901 = FILL_AREA_STYLE_COLOUR('',#10572);
#10902 = OVER_RIDING_STYLED_ITEM('overriding color',(#10903),#2067,
  #10706);
#10903 = PRESENTATION_STYLE_ASSIGNMENT((#10904));
#10904 = SURFACE_STYLE_USAGE(.BOTH.,#10905);
#10905 = SURFACE_SIDE_STYLE('',(#10906));
#10906 = SURFACE_STYLE_FILL_AREA(#10907);
#10907 = FILL_AREA_STYLE('',(#10908));
#10908 = FILL_AREA_STYLE_COLOUR('',#10572);
#10909 = OVER_RIDING_STYLED_ITEM('overriding color',(#10910),#2095,
  #10706);
#10910 = PRESENTATION_STYLE_ASSIGNMENT((#10911));
#10911 = SURFACE_STYLE_USAGE(.BOTH.,#10912);
#10912 = SURFACE_SIDE_STYLE('',(#10913));
#10913 = SURFACE_STYLE_FILL_AREA(#10914);
#10914 = FILL_AREA_STYLE('',(#10915));
#10915 = FILL_AREA_STYLE_COLOUR('',#10572);
#10916 = OVER_RIDING_STYLED_ITEM('overriding color',(#10917),#2127,
  #10706);
#10917 = PRESENTATION_STYLE_ASSIGNMENT((#10918));
#10918 = SURFACE_STYLE_USAGE(.BOTH.,#10919);
#10919 = SURFACE_SIDE_STYLE('',(#10920));
#10920 = SURFACE_STYLE_FILL_AREA(#10921);
#10921 = FILL_AREA_STYLE('',(#10922));
#10922 = FILL_AREA_STYLE_COLOUR('',#10572);
#10923 = OVER_RIDING_STYLED_ITEM('overriding color',(#10924),#2155,
  #10706);
#10924 = PRESENTATION_STYLE_ASSIGNMENT((#10925));
#10925 = SURFACE_STYLE_USAGE(.BOTH.,#10926);
#10926 = SURFACE_SIDE_STYLE('',(#10927));
#10927 = SURFACE_STYLE_FILL_AREA(#10928);
#10928 = FILL_AREA_STYLE('',(#10929));
#10929 = FILL_AREA_STYLE_COLOUR('',#10572);
#10930 = OVER_RIDING_STYLED_ITEM('overriding color',(#10931),#2183,
  #10706);
#10931 = PRESENTATION_STYLE_ASSIGNMENT((#10932));
#10932 = SURFACE_STYLE_USAGE(.BOTH.,#10933);
#10933 = SURFACE_SIDE_STYLE('',(#10934));
#10934 = SURFACE_STYLE_FILL_AREA(#10935);
#10935 = FILL_AREA_STYLE('',(#10936));
#10936 = FILL_AREA_STYLE_COLOUR('',#10572);
#10937 = OVER_RIDING_STYLED_ITEM('overriding color',(#10938),#2203,
  #10706);
#10938 = PRESENTATION_STYLE_ASSIGNMENT((#10939));
#10939 = SURFACE_STYLE_USAGE(.BOTH.,#10940);
#10940 = SURFACE_SIDE_STYLE('',(#10941));
#10941 = SURFACE_STYLE_FILL_AREA(#10942);
#10942 = FILL_AREA_STYLE('',(#10943));
#10943 = FILL_AREA_STYLE_COLOUR('',#10572);
#10944 = OVER_RIDING_STYLED_ITEM('overriding color',(#10945),#2222,
  #10706);
#10945 = PRESENTATION_STYLE_ASSIGNMENT((#10946));
#10946 = SURFACE_STYLE_USAGE(.BOTH.,#10947);
#10947 = SURFACE_SIDE_STYLE('',(#10948));
#10948 = SURFACE_STYLE_FILL_AREA(#10949);
#10949 = FILL_AREA_STYLE('',(#10950));
#10950 = FILL_AREA_STYLE_COLOUR('',#10572);
#10951 = OVER_RIDING_STYLED_ITEM('overriding color',(#10952),#2241,
  #10706);
#10952 = PRESENTATION_STYLE_ASSIGNMENT((#10953));
#10953 = SURFACE_STYLE_USAGE(.BOTH.,#10954);
#10954 = SURFACE_SIDE_STYLE('',(#10955));
#10955 = SURFACE_STYLE_FILL_AREA(#10956);
#10956 = FILL_AREA_STYLE('',(#10957));
#10957 = FILL_AREA_STYLE_COLOUR('',#10572);
#10958 = OVER_RIDING_STYLED_ITEM('overriding color',(#10959),#2277,
  #10706);
#10959 = PRESENTATION_STYLE_ASSIGNMENT((#10960));
#10960 = SURFACE_STYLE_USAGE(.BOTH.,#10961);
#10961 = SURFACE_SIDE_STYLE('',(#10962));
#10962 = SURFACE_STYLE_FILL_AREA(#10963);
#10963 = FILL_AREA_STYLE('',(#10964));
#10964 = FILL_AREA_STYLE_COLOUR('',#10572);
#10965 = OVER_RIDING_STYLED_ITEM('overriding color',(#10966),#2309,
  #10706);
#10966 = PRESENTATION_STYLE_ASSIGNMENT((#10967));
#10967 = SURFACE_STYLE_USAGE(.BOTH.,#10968);
#10968 = SURFACE_SIDE_STYLE('',(#10969));
#10969 = SURFACE_STYLE_FILL_AREA(#10970);
#10970 = FILL_AREA_STYLE('',(#10971));
#10971 = FILL_AREA_STYLE_COLOUR('',#10572);
#10972 = OVER_RIDING_STYLED_ITEM('overriding color',(#10973),#2337,
  #10706);
#10973 = PRESENTATION_STYLE_ASSIGNMENT((#10974));
#10974 = SURFACE_STYLE_USAGE(.BOTH.,#10975);
#10975 = SURFACE_SIDE_STYLE('',(#10976));
#10976 = SURFACE_STYLE_FILL_AREA(#10977);
#10977 = FILL_AREA_STYLE('',(#10978));
#10978 = FILL_AREA_STYLE_COLOUR('',#10572);
#10979 = OVER_RIDING_STYLED_ITEM('overriding color',(#10980),#2369,
  #10706);
#10980 = PRESENTATION_STYLE_ASSIGNMENT((#10981));
#10981 = SURFACE_STYLE_USAGE(.BOTH.,#10982);
#10982 = SURFACE_SIDE_STYLE('',(#10983));
#10983 = SURFACE_STYLE_FILL_AREA(#10984);
#10984 = FILL_AREA_STYLE('',(#10985));
#10985 = FILL_AREA_STYLE_COLOUR('',#10572);
#10986 = OVER_RIDING_STYLED_ITEM('overriding color',(#10987),#2389,
  #10706);
#10987 = PRESENTATION_STYLE_ASSIGNMENT((#10988));
#10988 = SURFACE_STYLE_USAGE(.BOTH.,#10989);
#10989 = SURFACE_SIDE_STYLE('',(#10990));
#10990 = SURFACE_STYLE_FILL_AREA(#10991);
#10991 = FILL_AREA_STYLE('',(#10992));
#10992 = FILL_AREA_STYLE_COLOUR('',#10572);
#10993 = OVER_RIDING_STYLED_ITEM('overriding color',(#10994),#2417,
  #10706);
#10994 = PRESENTATION_STYLE_ASSIGNMENT((#10995));
#10995 = SURFACE_STYLE_USAGE(.BOTH.,#10996);
#10996 = SURFACE_SIDE_STYLE('',(#10997));
#10997 = SURFACE_STYLE_FILL_AREA(#10998);
#10998 = FILL_AREA_STYLE('',(#10999));
#10999 = FILL_AREA_STYLE_COLOUR('',#10572);
#11000 = OVER_RIDING_STYLED_ITEM('overriding color',(#11001),#2449,
  #10706);
#11001 = PRESENTATION_STYLE_ASSIGNMENT((#11002));
#11002 = SURFACE_STYLE_USAGE(.BOTH.,#11003);
#11003 = SURFACE_SIDE_STYLE('',(#11004));
#11004 = SURFACE_STYLE_FILL_AREA(#11005);
#11005 = FILL_AREA_STYLE('',(#11006));
#11006 = FILL_AREA_STYLE_COLOUR('',#10572);
#11007 = OVER_RIDING_STYLED_ITEM('overriding color',(#11008),#2477,
  #10706);
#11008 = PRESENTATION_STYLE_ASSIGNMENT((#11009));
#11009 = SURFACE_STYLE_USAGE(.BOTH.,#11010);
#11010 = SURFACE_SIDE_STYLE('',(#11011));
#11011 = SURFACE_STYLE_FILL_AREA(#11012);
#11012 = FILL_AREA_STYLE('',(#11013));
#11013 = FILL_AREA_STYLE_COLOUR('',#10572);
#11014 = OVER_RIDING_STYLED_ITEM('overriding color',(#11015),#2505,
  #10706);
#11015 = PRESENTATION_STYLE_ASSIGNMENT((#11016));
#11016 = SURFACE_STYLE_USAGE(.BOTH.,#11017);
#11017 = SURFACE_SIDE_STYLE('',(#11018));
#11018 = SURFACE_STYLE_FILL_AREA(#11019);
#11019 = FILL_AREA_STYLE('',(#11020));
#11020 = FILL_AREA_STYLE_COLOUR('',#10572);
#11021 = OVER_RIDING_STYLED_ITEM('overriding color',(#11022),#2525,
  #10706);
#11022 = PRESENTATION_STYLE_ASSIGNMENT((#11023));
#11023 = SURFACE_STYLE_USAGE(.BOTH.,#11024);
#11024 = SURFACE_SIDE_STYLE('',(#11025));
#11025 = SURFACE_STYLE_FILL_AREA(#11026);
#11026 = FILL_AREA_STYLE('',(#11027));
#11027 = FILL_AREA_STYLE_COLOUR('',#10572);
#11028 = OVER_RIDING_STYLED_ITEM('overriding color',(#11029),#2544,
  #10706);
#11029 = PRESENTATION_STYLE_ASSIGNMENT((#11030));
#11030 = SURFACE_STYLE_USAGE(.BOTH.,#11031);
#11031 = SURFACE_SIDE_STYLE('',(#11032));
#11032 = SURFACE_STYLE_FILL_AREA(#11033);
#11033 = FILL_AREA_STYLE('',(#11034));
#11034 = FILL_AREA_STYLE_COLOUR('',#10572);
#11035 = OVER_RIDING_STYLED_ITEM('overriding color',(#11036),#2563,
  #10706);
#11036 = PRESENTATION_STYLE_ASSIGNMENT((#11037));
#11037 = SURFACE_STYLE_USAGE(.BOTH.,#11038);
#11038 = SURFACE_SIDE_STYLE('',(#11039));
#11039 = SURFACE_STYLE_FILL_AREA(#11040);
#11040 = FILL_AREA_STYLE('',(#11041));
#11041 = FILL_AREA_STYLE_COLOUR('',#10572);
#11042 = OVER_RIDING_STYLED_ITEM('overriding color',(#11043),#2599,
  #10706);
#11043 = PRESENTATION_STYLE_ASSIGNMENT((#11044));
#11044 = SURFACE_STYLE_USAGE(.BOTH.,#11045);
#11045 = SURFACE_SIDE_STYLE('',(#11046));
#11046 = SURFACE_STYLE_FILL_AREA(#11047);
#11047 = FILL_AREA_STYLE('',(#11048));
#11048 = FILL_AREA_STYLE_COLOUR('',#10572);
#11049 = OVER_RIDING_STYLED_ITEM('overriding color',(#11050),#2627,
  #10706);
#11050 = PRESENTATION_STYLE_ASSIGNMENT((#11051));
#11051 = SURFACE_STYLE_USAGE(.BOTH.,#11052);
#11052 = SURFACE_SIDE_STYLE('',(#11053));
#11053 = SURFACE_STYLE_FILL_AREA(#11054);
#11054 = FILL_AREA_STYLE('',(#11055));
#11055 = FILL_AREA_STYLE_COLOUR('',#10572);
#11056 = OVER_RIDING_STYLED_ITEM('overriding color',(#11057),#2655,
  #10706);
#11057 = PRESENTATION_STYLE_ASSIGNMENT((#11058));
#11058 = SURFACE_STYLE_USAGE(.BOTH.,#11059);
#11059 = SURFACE_SIDE_STYLE('',(#11060));
#11060 = SURFACE_STYLE_FILL_AREA(#11061);
#11061 = FILL_AREA_STYLE('',(#11062));
#11062 = FILL_AREA_STYLE_COLOUR('',#10572);
#11063 = OVER_RIDING_STYLED_ITEM('overriding color',(#11064),#2683,
  #10706);
#11064 = PRESENTATION_STYLE_ASSIGNMENT((#11065));
#11065 = SURFACE_STYLE_USAGE(.BOTH.,#11066);
#11066 = SURFACE_SIDE_STYLE('',(#11067));
#11067 = SURFACE_STYLE_FILL_AREA(#11068);
#11068 = FILL_AREA_STYLE('',(#11069));
#11069 = FILL_AREA_STYLE_COLOUR('',#10572);
#11070 = OVER_RIDING_STYLED_ITEM('overriding color',(#11071),#2715,
  #10706);
#11071 = PRESENTATION_STYLE_ASSIGNMENT((#11072));
#11072 = SURFACE_STYLE_USAGE(.BOTH.,#11073);
#11073 = SURFACE_SIDE_STYLE('',(#11074));
#11074 = SURFACE_STYLE_FILL_AREA(#11075);
#11075 = FILL_AREA_STYLE('',(#11076));
#11076 = FILL_AREA_STYLE_COLOUR('',#10572);
#11077 = OVER_RIDING_STYLED_ITEM('overriding color',(#11078),#2735,
  #10706);
#11078 = PRESENTATION_STYLE_ASSIGNMENT((#11079));
#11079 = SURFACE_STYLE_USAGE(.BOTH.,#11080);
#11080 = SURFACE_SIDE_STYLE('',(#11081));
#11081 = SURFACE_STYLE_FILL_AREA(#11082);
#11082 = FILL_AREA_STYLE('',(#11083));
#11083 = FILL_AREA_STYLE_COLOUR('',#10572);
#11084 = OVER_RIDING_STYLED_ITEM('overriding color',(#11085),#2763,
  #10706);
#11085 = PRESENTATION_STYLE_ASSIGNMENT((#11086));
#11086 = SURFACE_STYLE_USAGE(.BOTH.,#11087);
#11087 = SURFACE_SIDE_STYLE('',(#11088));
#11088 = SURFACE_STYLE_FILL_AREA(#11089);
#11089 = FILL_AREA_STYLE('',(#11090));
#11090 = FILL_AREA_STYLE_COLOUR('',#10572);
#11091 = OVER_RIDING_STYLED_ITEM('overriding color',(#11092),#2795,
  #10706);
#11092 = PRESENTATION_STYLE_ASSIGNMENT((#11093));
#11093 = SURFACE_STYLE_USAGE(.BOTH.,#11094);
#11094 = SURFACE_SIDE_STYLE('',(#11095));
#11095 = SURFACE_STYLE_FILL_AREA(#11096);
#11096 = FILL_AREA_STYLE('',(#11097));
#11097 = FILL_AREA_STYLE_COLOUR('',#10572);
#11098 = OVER_RIDING_STYLED_ITEM('overriding color',(#11099),#2823,
  #10706);
#11099 = PRESENTATION_STYLE_ASSIGNMENT((#11100));
#11100 = SURFACE_STYLE_USAGE(.BOTH.,#11101);
#11101 = SURFACE_SIDE_STYLE('',(#11102));
#11102 = SURFACE_STYLE_FILL_AREA(#11103);
#11103 = FILL_AREA_STYLE('',(#11104));
#11104 = FILL_AREA_STYLE_COLOUR('',#10572);
#11105 = OVER_RIDING_STYLED_ITEM('overriding color',(#11106),#2847,
  #10706);
#11106 = PRESENTATION_STYLE_ASSIGNMENT((#11107));
#11107 = SURFACE_STYLE_USAGE(.BOTH.,#11108);
#11108 = SURFACE_SIDE_STYLE('',(#11109));
#11109 = SURFACE_STYLE_FILL_AREA(#11110);
#11110 = FILL_AREA_STYLE('',(#11111));
#11111 = FILL_AREA_STYLE_COLOUR('',#10572);
#11112 = OVER_RIDING_STYLED_ITEM('overriding color',(#11113),#2866,
  #10706);
#11113 = PRESENTATION_STYLE_ASSIGNMENT((#11114));
#11114 = SURFACE_STYLE_USAGE(.BOTH.,#11115);
#11115 = SURFACE_SIDE_STYLE('',(#11116));
#11116 = SURFACE_STYLE_FILL_AREA(#11117);
#11117 = FILL_AREA_STYLE('',(#11118));
#11118 = FILL_AREA_STYLE_COLOUR('',#10572);
#11119 = OVER_RIDING_STYLED_ITEM('overriding color',(#11120),#2885,
  #10706);
#11120 = PRESENTATION_STYLE_ASSIGNMENT((#11121));
#11121 = SURFACE_STYLE_USAGE(.BOTH.,#11122);
#11122 = SURFACE_SIDE_STYLE('',(#11123));
#11123 = SURFACE_STYLE_FILL_AREA(#11124);
#11124 = FILL_AREA_STYLE('',(#11125));
#11125 = FILL_AREA_STYLE_COLOUR('',#10515);
#11126 = OVER_RIDING_STYLED_ITEM('overriding color',(#11127),#2901,
  #10706);
#11127 = PRESENTATION_STYLE_ASSIGNMENT((#11128));
#11128 = SURFACE_STYLE_USAGE(.BOTH.,#11129);
#11129 = SURFACE_SIDE_STYLE('',(#11130));
#11130 = SURFACE_STYLE_FILL_AREA(#11131);
#11131 = FILL_AREA_STYLE('',(#11132));
#11132 = FILL_AREA_STYLE_COLOUR('',#10515);
#11133 = OVER_RIDING_STYLED_ITEM('overriding color',(#11134),#2917,
  #10706);
#11134 = PRESENTATION_STYLE_ASSIGNMENT((#11135));
#11135 = SURFACE_STYLE_USAGE(.BOTH.,#11136);
#11136 = SURFACE_SIDE_STYLE('',(#11137));
#11137 = SURFACE_STYLE_FILL_AREA(#11138);
#11138 = FILL_AREA_STYLE('',(#11139));
#11139 = FILL_AREA_STYLE_COLOUR('',#10515);
#11140 = OVER_RIDING_STYLED_ITEM('overriding color',(#11141),#2929,
  #10706);
#11141 = PRESENTATION_STYLE_ASSIGNMENT((#11142));
#11142 = SURFACE_STYLE_USAGE(.BOTH.,#11143);
#11143 = SURFACE_SIDE_STYLE('',(#11144));
#11144 = SURFACE_STYLE_FILL_AREA(#11145);
#11145 = FILL_AREA_STYLE('',(#11146));
#11146 = FILL_AREA_STYLE_COLOUR('',#10515);
#11147 = OVER_RIDING_STYLED_ITEM('overriding color',(#11148),#2951,
  #10706);
#11148 = PRESENTATION_STYLE_ASSIGNMENT((#11149));
#11149 = SURFACE_STYLE_USAGE(.BOTH.,#11150);
#11150 = SURFACE_SIDE_STYLE('',(#11151));
#11151 = SURFACE_STYLE_FILL_AREA(#11152);
#11152 = FILL_AREA_STYLE('',(#11153));
#11153 = FILL_AREA_STYLE_COLOUR('',#10515);
#11154 = OVER_RIDING_STYLED_ITEM('overriding color',(#11155),#2967,
  #10706);
#11155 = PRESENTATION_STYLE_ASSIGNMENT((#11156));
#11156 = SURFACE_STYLE_USAGE(.BOTH.,#11157);
#11157 = SURFACE_SIDE_STYLE('',(#11158));
#11158 = SURFACE_STYLE_FILL_AREA(#11159);
#11159 = FILL_AREA_STYLE('',(#11160));
#11160 = FILL_AREA_STYLE_COLOUR('',#10515);
#11161 = OVER_RIDING_STYLED_ITEM('overriding color',(#11162),#2979,
  #10706);
#11162 = PRESENTATION_STYLE_ASSIGNMENT((#11163));
#11163 = SURFACE_STYLE_USAGE(.BOTH.,#11164);
#11164 = SURFACE_SIDE_STYLE('',(#11165));
#11165 = SURFACE_STYLE_FILL_AREA(#11166);
#11166 = FILL_AREA_STYLE('',(#11167));
#11167 = FILL_AREA_STYLE_COLOUR('',#10515);
#11168 = OVER_RIDING_STYLED_ITEM('overriding color',(#11169),#3001,
  #10706);
#11169 = PRESENTATION_STYLE_ASSIGNMENT((#11170));
#11170 = SURFACE_STYLE_USAGE(.BOTH.,#11171);
#11171 = SURFACE_SIDE_STYLE('',(#11172));
#11172 = SURFACE_STYLE_FILL_AREA(#11173);
#11173 = FILL_AREA_STYLE('',(#11174));
#11174 = FILL_AREA_STYLE_COLOUR('',#10515);
#11175 = OVER_RIDING_STYLED_ITEM('overriding color',(#11176),#3023,
  #10706);
#11176 = PRESENTATION_STYLE_ASSIGNMENT((#11177));
#11177 = SURFACE_STYLE_USAGE(.BOTH.,#11178);
#11178 = SURFACE_SIDE_STYLE('',(#11179));
#11179 = SURFACE_STYLE_FILL_AREA(#11180);
#11180 = FILL_AREA_STYLE('',(#11181));
#11181 = FILL_AREA_STYLE_COLOUR('',#10515);
#11182 = OVER_RIDING_STYLED_ITEM('overriding color',(#11183),#3039,
  #10706);
#11183 = PRESENTATION_STYLE_ASSIGNMENT((#11184));
#11184 = SURFACE_STYLE_USAGE(.BOTH.,#11185);
#11185 = SURFACE_SIDE_STYLE('',(#11186));
#11186 = SURFACE_STYLE_FILL_AREA(#11187);
#11187 = FILL_AREA_STYLE('',(#11188));
#11188 = FILL_AREA_STYLE_COLOUR('',#10515);
#11189 = OVER_RIDING_STYLED_ITEM('overriding color',(#11190),#3051,
  #10706);
#11190 = PRESENTATION_STYLE_ASSIGNMENT((#11191));
#11191 = SURFACE_STYLE_USAGE(.BOTH.,#11192);
#11192 = SURFACE_SIDE_STYLE('',(#11193));
#11193 = SURFACE_STYLE_FILL_AREA(#11194);
#11194 = FILL_AREA_STYLE('',(#11195));
#11195 = FILL_AREA_STYLE_COLOUR('',#10515);
#11196 = OVER_RIDING_STYLED_ITEM('overriding color',(#11197),#3073,
  #10706);
#11197 = PRESENTATION_STYLE_ASSIGNMENT((#11198));
#11198 = SURFACE_STYLE_USAGE(.BOTH.,#11199);
#11199 = SURFACE_SIDE_STYLE('',(#11200));
#11200 = SURFACE_STYLE_FILL_AREA(#11201);
#11201 = FILL_AREA_STYLE('',(#11202));
#11202 = FILL_AREA_STYLE_COLOUR('',#10515);
#11203 = OVER_RIDING_STYLED_ITEM('overriding color',(#11204),#3095,
  #10706);
#11204 = PRESENTATION_STYLE_ASSIGNMENT((#11205));
#11205 = SURFACE_STYLE_USAGE(.BOTH.,#11206);
#11206 = SURFACE_SIDE_STYLE('',(#11207));
#11207 = SURFACE_STYLE_FILL_AREA(#11208);
#11208 = FILL_AREA_STYLE('',(#11209));
#11209 = FILL_AREA_STYLE_COLOUR('',#10515);
#11210 = OVER_RIDING_STYLED_ITEM('overriding color',(#11211),#3111,
  #10706);
#11211 = PRESENTATION_STYLE_ASSIGNMENT((#11212));
#11212 = SURFACE_STYLE_USAGE(.BOTH.,#11213);
#11213 = SURFACE_SIDE_STYLE('',(#11214));
#11214 = SURFACE_STYLE_FILL_AREA(#11215);
#11215 = FILL_AREA_STYLE('',(#11216));
#11216 = FILL_AREA_STYLE_COLOUR('',#10515);
#11217 = OVER_RIDING_STYLED_ITEM('overriding color',(#11218),#3123,
  #10706);
#11218 = PRESENTATION_STYLE_ASSIGNMENT((#11219));
#11219 = SURFACE_STYLE_USAGE(.BOTH.,#11220);
#11220 = SURFACE_SIDE_STYLE('',(#11221));
#11221 = SURFACE_STYLE_FILL_AREA(#11222);
#11222 = FILL_AREA_STYLE('',(#11223));
#11223 = FILL_AREA_STYLE_COLOUR('',#10515);
#11224 = OVER_RIDING_STYLED_ITEM('overriding color',(#11225),#3145,
  #10706);
#11225 = PRESENTATION_STYLE_ASSIGNMENT((#11226));
#11226 = SURFACE_STYLE_USAGE(.BOTH.,#11227);
#11227 = SURFACE_SIDE_STYLE('',(#11228));
#11228 = SURFACE_STYLE_FILL_AREA(#11229);
#11229 = FILL_AREA_STYLE('',(#11230));
#11230 = FILL_AREA_STYLE_COLOUR('',#10515);
#11231 = OVER_RIDING_STYLED_ITEM('overriding color',(#11232),#3161,
  #10706);
#11232 = PRESENTATION_STYLE_ASSIGNMENT((#11233));
#11233 = SURFACE_STYLE_USAGE(.BOTH.,#11234);
#11234 = SURFACE_SIDE_STYLE('',(#11235));
#11235 = SURFACE_STYLE_FILL_AREA(#11236);
#11236 = FILL_AREA_STYLE('',(#11237));
#11237 = FILL_AREA_STYLE_COLOUR('',#10515);
#11238 = OVER_RIDING_STYLED_ITEM('overriding color',(#11239),#3173,
  #10706);
#11239 = PRESENTATION_STYLE_ASSIGNMENT((#11240));
#11240 = SURFACE_STYLE_USAGE(.BOTH.,#11241);
#11241 = SURFACE_SIDE_STYLE('',(#11242));
#11242 = SURFACE_STYLE_FILL_AREA(#11243);
#11243 = FILL_AREA_STYLE('',(#11244));
#11244 = FILL_AREA_STYLE_COLOUR('',#10515);
#11245 = OVER_RIDING_STYLED_ITEM('overriding color',(#11246),#3195,
  #10706);
#11246 = PRESENTATION_STYLE_ASSIGNMENT((#11247));
#11247 = SURFACE_STYLE_USAGE(.BOTH.,#11248);
#11248 = SURFACE_SIDE_STYLE('',(#11249));
#11249 = SURFACE_STYLE_FILL_AREA(#11250);
#11250 = FILL_AREA_STYLE('',(#11251));
#11251 = FILL_AREA_STYLE_COLOUR('',#10515);
#11252 = OVER_RIDING_STYLED_ITEM('overriding color',(#11253),#3211,
  #10706);
#11253 = PRESENTATION_STYLE_ASSIGNMENT((#11254));
#11254 = SURFACE_STYLE_USAGE(.BOTH.,#11255);
#11255 = SURFACE_SIDE_STYLE('',(#11256));
#11256 = SURFACE_STYLE_FILL_AREA(#11257);
#11257 = FILL_AREA_STYLE('',(#11258));
#11258 = FILL_AREA_STYLE_COLOUR('',#10515);
#11259 = OVER_RIDING_STYLED_ITEM('overriding color',(#11260),#3223,
  #10706);
#11260 = PRESENTATION_STYLE_ASSIGNMENT((#11261));
#11261 = SURFACE_STYLE_USAGE(.BOTH.,#11262);
#11262 = SURFACE_SIDE_STYLE('',(#11263));
#11263 = SURFACE_STYLE_FILL_AREA(#11264);
#11264 = FILL_AREA_STYLE('',(#11265));
#11265 = FILL_AREA_STYLE_COLOUR('',#10515);
#11266 = OVER_RIDING_STYLED_ITEM('overriding color',(#11267),#3245,
  #10706);
#11267 = PRESENTATION_STYLE_ASSIGNMENT((#11268));
#11268 = SURFACE_STYLE_USAGE(.BOTH.,#11269);
#11269 = SURFACE_SIDE_STYLE('',(#11270));
#11270 = SURFACE_STYLE_FILL_AREA(#11271);
#11271 = FILL_AREA_STYLE('',(#11272));
#11272 = FILL_AREA_STYLE_COLOUR('',#10515);
#11273 = OVER_RIDING_STYLED_ITEM('overriding color',(#11274),#3261,
  #10706);
#11274 = PRESENTATION_STYLE_ASSIGNMENT((#11275));
#11275 = SURFACE_STYLE_USAGE(.BOTH.,#11276);
#11276 = SURFACE_SIDE_STYLE('',(#11277));
#11277 = SURFACE_STYLE_FILL_AREA(#11278);
#11278 = FILL_AREA_STYLE('',(#11279));
#11279 = FILL_AREA_STYLE_COLOUR('',#10515);
#11280 = STYLED_ITEM('color',(#11281),#3273);
#11281 = PRESENTATION_STYLE_ASSIGNMENT((#11282));
#11282 = SURFACE_STYLE_USAGE(.BOTH.,#11283);
#11283 = SURFACE_SIDE_STYLE('',(#11284));
#11284 = SURFACE_STYLE_FILL_AREA(#11285);
#11285 = FILL_AREA_STYLE('',(#11286));
#11286 = FILL_AREA_STYLE_COLOUR('',#10507);
#11287 = OVER_RIDING_STYLED_ITEM('overriding color',(#11288),#3275,
  #11280);
#11288 = PRESENTATION_STYLE_ASSIGNMENT((#11289));
#11289 = SURFACE_STYLE_USAGE(.BOTH.,#11290);
#11290 = SURFACE_SIDE_STYLE('',(#11291));
#11291 = SURFACE_STYLE_FILL_AREA(#11292);
#11292 = FILL_AREA_STYLE('',(#11293));
#11293 = FILL_AREA_STYLE_COLOUR('',#10572);
#11294 = OVER_RIDING_STYLED_ITEM('overriding color',(#11295),#3311,
  #11280);
#11295 = PRESENTATION_STYLE_ASSIGNMENT((#11296));
#11296 = SURFACE_STYLE_USAGE(.BOTH.,#11297);
#11297 = SURFACE_SIDE_STYLE('',(#11298));
#11298 = SURFACE_STYLE_FILL_AREA(#11299);
#11299 = FILL_AREA_STYLE('',(#11300));
#11300 = FILL_AREA_STYLE_COLOUR('',#10572);
#11301 = OVER_RIDING_STYLED_ITEM('overriding color',(#11302),#3339,
  #11280);
#11302 = PRESENTATION_STYLE_ASSIGNMENT((#11303));
#11303 = SURFACE_STYLE_USAGE(.BOTH.,#11304);
#11304 = SURFACE_SIDE_STYLE('',(#11305));
#11305 = SURFACE_STYLE_FILL_AREA(#11306);
#11306 = FILL_AREA_STYLE('',(#11307));
#11307 = FILL_AREA_STYLE_COLOUR('',#10572);
#11308 = OVER_RIDING_STYLED_ITEM('overriding color',(#11309),#3367,
  #11280);
#11309 = PRESENTATION_STYLE_ASSIGNMENT((#11310));
#11310 = SURFACE_STYLE_USAGE(.BOTH.,#11311);
#11311 = SURFACE_SIDE_STYLE('',(#11312));
#11312 = SURFACE_STYLE_FILL_AREA(#11313);
#11313 = FILL_AREA_STYLE('',(#11314));
#11314 = FILL_AREA_STYLE_COLOUR('',#10572);
#11315 = OVER_RIDING_STYLED_ITEM('overriding color',(#11316),#3395,
  #11280);
#11316 = PRESENTATION_STYLE_ASSIGNMENT((#11317));
#11317 = SURFACE_STYLE_USAGE(.BOTH.,#11318);
#11318 = SURFACE_SIDE_STYLE('',(#11319));
#11319 = SURFACE_STYLE_FILL_AREA(#11320);
#11320 = FILL_AREA_STYLE('',(#11321));
#11321 = FILL_AREA_STYLE_COLOUR('',#10572);
#11322 = OVER_RIDING_STYLED_ITEM('overriding color',(#11323),#3423,
  #11280);
#11323 = PRESENTATION_STYLE_ASSIGNMENT((#11324));
#11324 = SURFACE_STYLE_USAGE(.BOTH.,#11325);
#11325 = SURFACE_SIDE_STYLE('',(#11326));
#11326 = SURFACE_STYLE_FILL_AREA(#11327);
#11327 = FILL_AREA_STYLE('',(#11328));
#11328 = FILL_AREA_STYLE_COLOUR('',#10572);
#11329 = OVER_RIDING_STYLED_ITEM('overriding color',(#11330),#3443,
  #11280);
#11330 = PRESENTATION_STYLE_ASSIGNMENT((#11331));
#11331 = SURFACE_STYLE_USAGE(.BOTH.,#11332);
#11332 = SURFACE_SIDE_STYLE('',(#11333));
#11333 = SURFACE_STYLE_FILL_AREA(#11334);
#11334 = FILL_AREA_STYLE('',(#11335));
#11335 = FILL_AREA_STYLE_COLOUR('',#10572);
#11336 = OVER_RIDING_STYLED_ITEM('overriding color',(#11337),#3457,
  #11280);
#11337 = PRESENTATION_STYLE_ASSIGNMENT((#11338));
#11338 = SURFACE_STYLE_USAGE(.BOTH.,#11339);
#11339 = SURFACE_SIDE_STYLE('',(#11340));
#11340 = SURFACE_STYLE_FILL_AREA(#11341);
#11341 = FILL_AREA_STYLE('',(#11342));
#11342 = FILL_AREA_STYLE_COLOUR('',#10572);
#11343 = STYLED_ITEM('color',(#11344),#3471);
#11344 = PRESENTATION_STYLE_ASSIGNMENT((#11345));
#11345 = SURFACE_STYLE_USAGE(.BOTH.,#11346);
#11346 = SURFACE_SIDE_STYLE('',(#11347));
#11347 = SURFACE_STYLE_FILL_AREA(#11348);
#11348 = FILL_AREA_STYLE('',(#11349));
#11349 = FILL_AREA_STYLE_COLOUR('',#10507);
#11350 = OVER_RIDING_STYLED_ITEM('overriding color',(#11351),#3473,
  #11343);
#11351 = PRESENTATION_STYLE_ASSIGNMENT((#11352));
#11352 = SURFACE_STYLE_USAGE(.BOTH.,#11353);
#11353 = SURFACE_SIDE_STYLE('',(#11354));
#11354 = SURFACE_STYLE_FILL_AREA(#11355);
#11355 = FILL_AREA_STYLE('',(#11356));
#11356 = FILL_AREA_STYLE_COLOUR('',#10572);
#11357 = OVER_RIDING_STYLED_ITEM('overriding color',(#11358),#3517,
  #11343);
#11358 = PRESENTATION_STYLE_ASSIGNMENT((#11359));
#11359 = SURFACE_STYLE_USAGE(.BOTH.,#11360);
#11360 = SURFACE_SIDE_STYLE('',(#11361));
#11361 = SURFACE_STYLE_FILL_AREA(#11362);
#11362 = FILL_AREA_STYLE('',(#11363));
#11363 = FILL_AREA_STYLE_COLOUR('',#10572);
#11364 = OVER_RIDING_STYLED_ITEM('overriding color',(#11365),#3545,
  #11343);
#11365 = PRESENTATION_STYLE_ASSIGNMENT((#11366));
#11366 = SURFACE_STYLE_USAGE(.BOTH.,#11367);
#11367 = SURFACE_SIDE_STYLE('',(#11368));
#11368 = SURFACE_STYLE_FILL_AREA(#11369);
#11369 = FILL_AREA_STYLE('',(#11370));
#11370 = FILL_AREA_STYLE_COLOUR('',#10572);
#11371 = OVER_RIDING_STYLED_ITEM('overriding color',(#11372),#3581,
  #11343);
#11372 = PRESENTATION_STYLE_ASSIGNMENT((#11373));
#11373 = SURFACE_STYLE_USAGE(.BOTH.,#11374);
#11374 = SURFACE_SIDE_STYLE('',(#11375));
#11375 = SURFACE_STYLE_FILL_AREA(#11376);
#11376 = FILL_AREA_STYLE('',(#11377));
#11377 = FILL_AREA_STYLE_COLOUR('',#10572);
#11378 = OVER_RIDING_STYLED_ITEM('overriding color',(#11379),#3617,
  #11343);
#11379 = PRESENTATION_STYLE_ASSIGNMENT((#11380));
#11380 = SURFACE_STYLE_USAGE(.BOTH.,#11381);
#11381 = SURFACE_SIDE_STYLE('',(#11382));
#11382 = SURFACE_STYLE_FILL_AREA(#11383);
#11383 = FILL_AREA_STYLE('',(#11384));
#11384 = FILL_AREA_STYLE_COLOUR('',#10572);
#11385 = OVER_RIDING_STYLED_ITEM('overriding color',(#11386),#3653,
  #11343);
#11386 = PRESENTATION_STYLE_ASSIGNMENT((#11387));
#11387 = SURFACE_STYLE_USAGE(.BOTH.,#11388);
#11388 = SURFACE_SIDE_STYLE('',(#11389));
#11389 = SURFACE_STYLE_FILL_AREA(#11390);
#11390 = FILL_AREA_STYLE('',(#11391));
#11391 = FILL_AREA_STYLE_COLOUR('',#10572);
#11392 = OVER_RIDING_STYLED_ITEM('overriding color',(#11393),#3689,
  #11343);
#11393 = PRESENTATION_STYLE_ASSIGNMENT((#11394));
#11394 = SURFACE_STYLE_USAGE(.BOTH.,#11395);
#11395 = SURFACE_SIDE_STYLE('',(#11396));
#11396 = SURFACE_STYLE_FILL_AREA(#11397);
#11397 = FILL_AREA_STYLE('',(#11398));
#11398 = FILL_AREA_STYLE_COLOUR('',#10572);
#11399 = OVER_RIDING_STYLED_ITEM('overriding color',(#11400),#3725,
  #11343);
#11400 = PRESENTATION_STYLE_ASSIGNMENT((#11401));
#11401 = SURFACE_STYLE_USAGE(.BOTH.,#11402);
#11402 = SURFACE_SIDE_STYLE('',(#11403));
#11403 = SURFACE_STYLE_FILL_AREA(#11404);
#11404 = FILL_AREA_STYLE('',(#11405));
#11405 = FILL_AREA_STYLE_COLOUR('',#10572);
#11406 = OVER_RIDING_STYLED_ITEM('overriding color',(#11407),#3761,
  #11343);
#11407 = PRESENTATION_STYLE_ASSIGNMENT((#11408));
#11408 = SURFACE_STYLE_USAGE(.BOTH.,#11409);
#11409 = SURFACE_SIDE_STYLE('',(#11410));
#11410 = SURFACE_STYLE_FILL_AREA(#11411);
#11411 = FILL_AREA_STYLE('',(#11412));
#11412 = FILL_AREA_STYLE_COLOUR('',#10572);
#11413 = OVER_RIDING_STYLED_ITEM('overriding color',(#11414),#3789,
  #11343);
#11414 = PRESENTATION_STYLE_ASSIGNMENT((#11415));
#11415 = SURFACE_STYLE_USAGE(.BOTH.,#11416);
#11416 = SURFACE_SIDE_STYLE('',(#11417));
#11417 = SURFACE_STYLE_FILL_AREA(#11418);
#11418 = FILL_AREA_STYLE('',(#11419));
#11419 = FILL_AREA_STYLE_COLOUR('',#10572);
#11420 = OVER_RIDING_STYLED_ITEM('overriding color',(#11421),#3825,
  #11343);
#11421 = PRESENTATION_STYLE_ASSIGNMENT((#11422));
#11422 = SURFACE_STYLE_USAGE(.BOTH.,#11423);
#11423 = SURFACE_SIDE_STYLE('',(#11424));
#11424 = SURFACE_STYLE_FILL_AREA(#11425);
#11425 = FILL_AREA_STYLE('',(#11426));
#11426 = FILL_AREA_STYLE_COLOUR('',#10572);
#11427 = OVER_RIDING_STYLED_ITEM('overriding color',(#11428),#3861,
  #11343);
#11428 = PRESENTATION_STYLE_ASSIGNMENT((#11429));
#11429 = SURFACE_STYLE_USAGE(.BOTH.,#11430);
#11430 = SURFACE_SIDE_STYLE('',(#11431));
#11431 = SURFACE_STYLE_FILL_AREA(#11432);
#11432 = FILL_AREA_STYLE('',(#11433));
#11433 = FILL_AREA_STYLE_COLOUR('',#10572);
#11434 = OVER_RIDING_STYLED_ITEM('overriding color',(#11435),#3897,
  #11343);
#11435 = PRESENTATION_STYLE_ASSIGNMENT((#11436));
#11436 = SURFACE_STYLE_USAGE(.BOTH.,#11437);
#11437 = SURFACE_SIDE_STYLE('',(#11438));
#11438 = SURFACE_STYLE_FILL_AREA(#11439);
#11439 = FILL_AREA_STYLE('',(#11440));
#11440 = FILL_AREA_STYLE_COLOUR('',#10572);
#11441 = OVER_RIDING_STYLED_ITEM('overriding color',(#11442),#3933,
  #11343);
#11442 = PRESENTATION_STYLE_ASSIGNMENT((#11443));
#11443 = SURFACE_STYLE_USAGE(.BOTH.,#11444);
#11444 = SURFACE_SIDE_STYLE('',(#11445));
#11445 = SURFACE_STYLE_FILL_AREA(#11446);
#11446 = FILL_AREA_STYLE('',(#11447));
#11447 = FILL_AREA_STYLE_COLOUR('',#10572);
#11448 = OVER_RIDING_STYLED_ITEM('overriding color',(#11449),#3961,
  #11343);
#11449 = PRESENTATION_STYLE_ASSIGNMENT((#11450));
#11450 = SURFACE_STYLE_USAGE(.BOTH.,#11451);
#11451 = SURFACE_SIDE_STYLE('',(#11452));
#11452 = SURFACE_STYLE_FILL_AREA(#11453);
#11453 = FILL_AREA_STYLE('',(#11454));
#11454 = FILL_AREA_STYLE_COLOUR('',#10572);
#11455 = OVER_RIDING_STYLED_ITEM('overriding color',(#11456),#3983,
  #11343);
#11456 = PRESENTATION_STYLE_ASSIGNMENT((#11457));
#11457 = SURFACE_STYLE_USAGE(.BOTH.,#11458);
#11458 = SURFACE_SIDE_STYLE('',(#11459));
#11459 = SURFACE_STYLE_FILL_AREA(#11460);
#11460 = FILL_AREA_STYLE('',(#11461));
#11461 = FILL_AREA_STYLE_COLOUR('',#10572);
#11462 = STYLED_ITEM('color',(#11463),#4005);
#11463 = PRESENTATION_STYLE_ASSIGNMENT((#11464));
#11464 = SURFACE_STYLE_USAGE(.BOTH.,#11465);
#11465 = SURFACE_SIDE_STYLE('',(#11466));
#11466 = SURFACE_STYLE_FILL_AREA(#11467);
#11467 = FILL_AREA_STYLE('',(#11468));
#11468 = FILL_AREA_STYLE_COLOUR('',#10507);
#11469 = OVER_RIDING_STYLED_ITEM('overriding color',(#11470),#4007,
  #11462);
#11470 = PRESENTATION_STYLE_ASSIGNMENT((#11471));
#11471 = SURFACE_STYLE_USAGE(.BOTH.,#11472);
#11472 = SURFACE_SIDE_STYLE('',(#11473));
#11473 = SURFACE_STYLE_FILL_AREA(#11474);
#11474 = FILL_AREA_STYLE('',(#11475));
#11475 = FILL_AREA_STYLE_COLOUR('',#10572);
#11476 = OVER_RIDING_STYLED_ITEM('overriding color',(#11477),#4043,
  #11462);
#11477 = PRESENTATION_STYLE_ASSIGNMENT((#11478));
#11478 = SURFACE_STYLE_USAGE(.BOTH.,#11479);
#11479 = SURFACE_SIDE_STYLE('',(#11480));
#11480 = SURFACE_STYLE_FILL_AREA(#11481);
#11481 = FILL_AREA_STYLE('',(#11482));
#11482 = FILL_AREA_STYLE_COLOUR('',#10572);
#11483 = OVER_RIDING_STYLED_ITEM('overriding color',(#11484),#4071,
  #11462);
#11484 = PRESENTATION_STYLE_ASSIGNMENT((#11485));
#11485 = SURFACE_STYLE_USAGE(.BOTH.,#11486);
#11486 = SURFACE_SIDE_STYLE('',(#11487));
#11487 = SURFACE_STYLE_FILL_AREA(#11488);
#11488 = FILL_AREA_STYLE('',(#11489));
#11489 = FILL_AREA_STYLE_COLOUR('',#10572);
#11490 = OVER_RIDING_STYLED_ITEM('overriding color',(#11491),#4099,
  #11462);
#11491 = PRESENTATION_STYLE_ASSIGNMENT((#11492));
#11492 = SURFACE_STYLE_USAGE(.BOTH.,#11493);
#11493 = SURFACE_SIDE_STYLE('',(#11494));
#11494 = SURFACE_STYLE_FILL_AREA(#11495);
#11495 = FILL_AREA_STYLE('',(#11496));
#11496 = FILL_AREA_STYLE_COLOUR('',#10572);
#11497 = OVER_RIDING_STYLED_ITEM('overriding color',(#11498),#4127,
  #11462);
#11498 = PRESENTATION_STYLE_ASSIGNMENT((#11499));
#11499 = SURFACE_STYLE_USAGE(.BOTH.,#11500);
#11500 = SURFACE_SIDE_STYLE('',(#11501));
#11501 = SURFACE_STYLE_FILL_AREA(#11502);
#11502 = FILL_AREA_STYLE('',(#11503));
#11503 = FILL_AREA_STYLE_COLOUR('',#10572);
#11504 = OVER_RIDING_STYLED_ITEM('overriding color',(#11505),#4155,
  #11462);
#11505 = PRESENTATION_STYLE_ASSIGNMENT((#11506));
#11506 = SURFACE_STYLE_USAGE(.BOTH.,#11507);
#11507 = SURFACE_SIDE_STYLE('',(#11508));
#11508 = SURFACE_STYLE_FILL_AREA(#11509);
#11509 = FILL_AREA_STYLE('',(#11510));
#11510 = FILL_AREA_STYLE_COLOUR('',#10572);
#11511 = OVER_RIDING_STYLED_ITEM('overriding color',(#11512),#4183,
  #11462);
#11512 = PRESENTATION_STYLE_ASSIGNMENT((#11513));
#11513 = SURFACE_STYLE_USAGE(.BOTH.,#11514);
#11514 = SURFACE_SIDE_STYLE('',(#11515));
#11515 = SURFACE_STYLE_FILL_AREA(#11516);
#11516 = FILL_AREA_STYLE('',(#11517));
#11517 = FILL_AREA_STYLE_COLOUR('',#10572);
#11518 = OVER_RIDING_STYLED_ITEM('overriding color',(#11519),#4211,
  #11462);
#11519 = PRESENTATION_STYLE_ASSIGNMENT((#11520));
#11520 = SURFACE_STYLE_USAGE(.BOTH.,#11521);
#11521 = SURFACE_SIDE_STYLE('',(#11522));
#11522 = SURFACE_STYLE_FILL_AREA(#11523);
#11523 = FILL_AREA_STYLE('',(#11524));
#11524 = FILL_AREA_STYLE_COLOUR('',#10572);
#11525 = OVER_RIDING_STYLED_ITEM('overriding color',(#11526),#4239,
  #11462);
#11526 = PRESENTATION_STYLE_ASSIGNMENT((#11527));
#11527 = SURFACE_STYLE_USAGE(.BOTH.,#11528);
#11528 = SURFACE_SIDE_STYLE('',(#11529));
#11529 = SURFACE_STYLE_FILL_AREA(#11530);
#11530 = FILL_AREA_STYLE('',(#11531));
#11531 = FILL_AREA_STYLE_COLOUR('',#10572);
#11532 = OVER_RIDING_STYLED_ITEM('overriding color',(#11533),#4267,
  #11462);
#11533 = PRESENTATION_STYLE_ASSIGNMENT((#11534));
#11534 = SURFACE_STYLE_USAGE(.BOTH.,#11535);
#11535 = SURFACE_SIDE_STYLE('',(#11536));
#11536 = SURFACE_STYLE_FILL_AREA(#11537);
#11537 = FILL_AREA_STYLE('',(#11538));
#11538 = FILL_AREA_STYLE_COLOUR('',#10572);
#11539 = OVER_RIDING_STYLED_ITEM('overriding color',(#11540),#4295,
  #11462);
#11540 = PRESENTATION_STYLE_ASSIGNMENT((#11541));
#11541 = SURFACE_STYLE_USAGE(.BOTH.,#11542);
#11542 = SURFACE_SIDE_STYLE('',(#11543));
#11543 = SURFACE_STYLE_FILL_AREA(#11544);
#11544 = FILL_AREA_STYLE('',(#11545));
#11545 = FILL_AREA_STYLE_COLOUR('',#10572);
#11546 = OVER_RIDING_STYLED_ITEM('overriding color',(#11547),#4323,
  #11462);
#11547 = PRESENTATION_STYLE_ASSIGNMENT((#11548));
#11548 = SURFACE_STYLE_USAGE(.BOTH.,#11549);
#11549 = SURFACE_SIDE_STYLE('',(#11550));
#11550 = SURFACE_STYLE_FILL_AREA(#11551);
#11551 = FILL_AREA_STYLE('',(#11552));
#11552 = FILL_AREA_STYLE_COLOUR('',#10572);
#11553 = OVER_RIDING_STYLED_ITEM('overriding color',(#11554),#4343,
  #11462);
#11554 = PRESENTATION_STYLE_ASSIGNMENT((#11555));
#11555 = SURFACE_STYLE_USAGE(.BOTH.,#11556);
#11556 = SURFACE_SIDE_STYLE('',(#11557));
#11557 = SURFACE_STYLE_FILL_AREA(#11558);
#11558 = FILL_AREA_STYLE('',(#11559));
#11559 = FILL_AREA_STYLE_COLOUR('',#10572);
#11560 = OVER_RIDING_STYLED_ITEM('overriding color',(#11561),#4363,
  #11462);
#11561 = PRESENTATION_STYLE_ASSIGNMENT((#11562));
#11562 = SURFACE_STYLE_USAGE(.BOTH.,#11563);
#11563 = SURFACE_SIDE_STYLE('',(#11564));
#11564 = SURFACE_STYLE_FILL_AREA(#11565);
#11565 = FILL_AREA_STYLE('',(#11566));
#11566 = FILL_AREA_STYLE_COLOUR('',#10572);
#11567 = STYLED_ITEM('color',(#11568),#4383);
#11568 = PRESENTATION_STYLE_ASSIGNMENT((#11569));
#11569 = SURFACE_STYLE_USAGE(.BOTH.,#11570);
#11570 = SURFACE_SIDE_STYLE('',(#11571));
#11571 = SURFACE_STYLE_FILL_AREA(#11572);
#11572 = FILL_AREA_STYLE('',(#11573));
#11573 = FILL_AREA_STYLE_COLOUR('',#10507);
#11574 = OVER_RIDING_STYLED_ITEM('overriding color',(#11575),#4385,
  #11567);
#11575 = PRESENTATION_STYLE_ASSIGNMENT((#11576));
#11576 = SURFACE_STYLE_USAGE(.BOTH.,#11577);
#11577 = SURFACE_SIDE_STYLE('',(#11578));
#11578 = SURFACE_STYLE_FILL_AREA(#11579);
#11579 = FILL_AREA_STYLE('',(#11580));
#11580 = FILL_AREA_STYLE_COLOUR('',#10572);
#11581 = OVER_RIDING_STYLED_ITEM('overriding color',(#11582),#4509,
  #11567);
#11582 = PRESENTATION_STYLE_ASSIGNMENT((#11583));
#11583 = SURFACE_STYLE_USAGE(.BOTH.,#11584);
#11584 = SURFACE_SIDE_STYLE('',(#11585));
#11585 = SURFACE_STYLE_FILL_AREA(#11586);
#11586 = FILL_AREA_STYLE('',(#11587));
#11587 = FILL_AREA_STYLE_COLOUR('',#10572);
#11588 = OVER_RIDING_STYLED_ITEM('overriding color',(#11589),#4633,
  #11567);
#11589 = PRESENTATION_STYLE_ASSIGNMENT((#11590));
#11590 = SURFACE_STYLE_USAGE(.BOTH.,#11591);
#11591 = SURFACE_SIDE_STYLE('',(#11592));
#11592 = SURFACE_STYLE_FILL_AREA(#11593);
#11593 = FILL_AREA_STYLE('',(#11594));
#11594 = FILL_AREA_STYLE_COLOUR('',#10572);
#11595 = OVER_RIDING_STYLED_ITEM('overriding color',(#11596),#4653,
  #11567);
#11596 = PRESENTATION_STYLE_ASSIGNMENT((#11597));
#11597 = SURFACE_STYLE_USAGE(.BOTH.,#11598);
#11598 = SURFACE_SIDE_STYLE('',(#11599));
#11599 = SURFACE_STYLE_FILL_AREA(#11600);
#11600 = FILL_AREA_STYLE('',(#11601));
#11601 = FILL_AREA_STYLE_COLOUR('',#10572);
#11602 = OVER_RIDING_STYLED_ITEM('overriding color',(#11603),#4673,
  #11567);
#11603 = PRESENTATION_STYLE_ASSIGNMENT((#11604));
#11604 = SURFACE_STYLE_USAGE(.BOTH.,#11605);
#11605 = SURFACE_SIDE_STYLE('',(#11606));
#11606 = SURFACE_STYLE_FILL_AREA(#11607);
#11607 = FILL_AREA_STYLE('',(#11608));
#11608 = FILL_AREA_STYLE_COLOUR('',#10572);
#11609 = OVER_RIDING_STYLED_ITEM('overriding color',(#11610),#4693,
  #11567);
#11610 = PRESENTATION_STYLE_ASSIGNMENT((#11611));
#11611 = SURFACE_STYLE_USAGE(.BOTH.,#11612);
#11612 = SURFACE_SIDE_STYLE('',(#11613));
#11613 = SURFACE_STYLE_FILL_AREA(#11614);
#11614 = FILL_AREA_STYLE('',(#11615));
#11615 = FILL_AREA_STYLE_COLOUR('',#10572);
#11616 = OVER_RIDING_STYLED_ITEM('overriding color',(#11617),#4713,
  #11567);
#11617 = PRESENTATION_STYLE_ASSIGNMENT((#11618));
#11618 = SURFACE_STYLE_USAGE(.BOTH.,#11619);
#11619 = SURFACE_SIDE_STYLE('',(#11620));
#11620 = SURFACE_STYLE_FILL_AREA(#11621);
#11621 = FILL_AREA_STYLE('',(#11622));
#11622 = FILL_AREA_STYLE_COLOUR('',#10572);
#11623 = OVER_RIDING_STYLED_ITEM('overriding color',(#11624),#4733,
  #11567);
#11624 = PRESENTATION_STYLE_ASSIGNMENT((#11625));
#11625 = SURFACE_STYLE_USAGE(.BOTH.,#11626);
#11626 = SURFACE_SIDE_STYLE('',(#11627));
#11627 = SURFACE_STYLE_FILL_AREA(#11628);
#11628 = FILL_AREA_STYLE('',(#11629));
#11629 = FILL_AREA_STYLE_COLOUR('',#10572);
#11630 = OVER_RIDING_STYLED_ITEM('overriding color',(#11631),#4749,
  #11567);
#11631 = PRESENTATION_STYLE_ASSIGNMENT((#11632));
#11632 = SURFACE_STYLE_USAGE(.BOTH.,#11633);
#11633 = SURFACE_SIDE_STYLE('',(#11634));
#11634 = SURFACE_STYLE_FILL_AREA(#11635);
#11635 = FILL_AREA_STYLE('',(#11636));
#11636 = FILL_AREA_STYLE_COLOUR('',#10572);
#11637 = OVER_RIDING_STYLED_ITEM('overriding color',(#11638),#4761,
  #11567);
#11638 = PRESENTATION_STYLE_ASSIGNMENT((#11639));
#11639 = SURFACE_STYLE_USAGE(.BOTH.,#11640);
#11640 = SURFACE_SIDE_STYLE('',(#11641));
#11641 = SURFACE_STYLE_FILL_AREA(#11642);
#11642 = FILL_AREA_STYLE('',(#11643));
#11643 = FILL_AREA_STYLE_COLOUR('',#10572);
#11644 = OVER_RIDING_STYLED_ITEM('overriding color',(#11645),#4781,
  #11567);
#11645 = PRESENTATION_STYLE_ASSIGNMENT((#11646));
#11646 = SURFACE_STYLE_USAGE(.BOTH.,#11647);
#11647 = SURFACE_SIDE_STYLE('',(#11648));
#11648 = SURFACE_STYLE_FILL_AREA(#11649);
#11649 = FILL_AREA_STYLE('',(#11650));
#11650 = FILL_AREA_STYLE_COLOUR('',#10572);
#11651 = OVER_RIDING_STYLED_ITEM('overriding color',(#11652),#4797,
  #11567);
#11652 = PRESENTATION_STYLE_ASSIGNMENT((#11653));
#11653 = SURFACE_STYLE_USAGE(.BOTH.,#11654);
#11654 = SURFACE_SIDE_STYLE('',(#11655));
#11655 = SURFACE_STYLE_FILL_AREA(#11656);
#11656 = FILL_AREA_STYLE('',(#11657));
#11657 = FILL_AREA_STYLE_COLOUR('',#10572);
#11658 = OVER_RIDING_STYLED_ITEM('overriding color',(#11659),#4813,
  #11567);
#11659 = PRESENTATION_STYLE_ASSIGNMENT((#11660));
#11660 = SURFACE_STYLE_USAGE(.BOTH.,#11661);
#11661 = SURFACE_SIDE_STYLE('',(#11662));
#11662 = SURFACE_STYLE_FILL_AREA(#11663);
#11663 = FILL_AREA_STYLE('',(#11664));
#11664 = FILL_AREA_STYLE_COLOUR('',#10572);
#11665 = OVER_RIDING_STYLED_ITEM('overriding color',(#11666),#4833,
  #11567);
#11666 = PRESENTATION_STYLE_ASSIGNMENT((#11667));
#11667 = SURFACE_STYLE_USAGE(.BOTH.,#11668);
#11668 = SURFACE_SIDE_STYLE('',(#11669));
#11669 = SURFACE_STYLE_FILL_AREA(#11670);
#11670 = FILL_AREA_STYLE('',(#11671));
#11671 = FILL_AREA_STYLE_COLOUR('',#10572);
#11672 = OVER_RIDING_STYLED_ITEM('overriding color',(#11673),#4853,
  #11567);
#11673 = PRESENTATION_STYLE_ASSIGNMENT((#11674));
#11674 = SURFACE_STYLE_USAGE(.BOTH.,#11675);
#11675 = SURFACE_SIDE_STYLE('',(#11676));
#11676 = SURFACE_STYLE_FILL_AREA(#11677);
#11677 = FILL_AREA_STYLE('',(#11678));
#11678 = FILL_AREA_STYLE_COLOUR('',#10572);
#11679 = OVER_RIDING_STYLED_ITEM('overriding color',(#11680),#4873,
  #11567);
#11680 = PRESENTATION_STYLE_ASSIGNMENT((#11681));
#11681 = SURFACE_STYLE_USAGE(.BOTH.,#11682);
#11682 = SURFACE_SIDE_STYLE('',(#11683));
#11683 = SURFACE_STYLE_FILL_AREA(#11684);
#11684 = FILL_AREA_STYLE('',(#11685));
#11685 = FILL_AREA_STYLE_COLOUR('',#10572);
#11686 = STYLED_ITEM('color',(#11687),#4889);
#11687 = PRESENTATION_STYLE_ASSIGNMENT((#11688));
#11688 = SURFACE_STYLE_USAGE(.BOTH.,#11689);
#11689 = SURFACE_SIDE_STYLE('',(#11690));
#11690 = SURFACE_STYLE_FILL_AREA(#11691);
#11691 = FILL_AREA_STYLE('',(#11692));
#11692 = FILL_AREA_STYLE_COLOUR('',#10507);
#11693 = OVER_RIDING_STYLED_ITEM('overriding color',(#11694),#4891,
  #11686);
#11694 = PRESENTATION_STYLE_ASSIGNMENT((#11695));
#11695 = SURFACE_STYLE_USAGE(.BOTH.,#11696);
#11696 = SURFACE_SIDE_STYLE('',(#11697));
#11697 = SURFACE_STYLE_FILL_AREA(#11698);
#11698 = FILL_AREA_STYLE('',(#11699));
#11699 = FILL_AREA_STYLE_COLOUR('',#10572);
#11700 = OVER_RIDING_STYLED_ITEM('overriding color',(#11701),#5003,
  #11686);
#11701 = PRESENTATION_STYLE_ASSIGNMENT((#11702));
#11702 = SURFACE_STYLE_USAGE(.BOTH.,#11703);
#11703 = SURFACE_SIDE_STYLE('',(#11704));
#11704 = SURFACE_STYLE_FILL_AREA(#11705);
#11705 = FILL_AREA_STYLE('',(#11706));
#11706 = FILL_AREA_STYLE_COLOUR('',#10572);
#11707 = OVER_RIDING_STYLED_ITEM('overriding color',(#11708),#5115,
  #11686);
#11708 = PRESENTATION_STYLE_ASSIGNMENT((#11709));
#11709 = SURFACE_STYLE_USAGE(.BOTH.,#11710);
#11710 = SURFACE_SIDE_STYLE('',(#11711));
#11711 = SURFACE_STYLE_FILL_AREA(#11712);
#11712 = FILL_AREA_STYLE('',(#11713));
#11713 = FILL_AREA_STYLE_COLOUR('',#10572);
#11714 = OVER_RIDING_STYLED_ITEM('overriding color',(#11715),#5135,
  #11686);
#11715 = PRESENTATION_STYLE_ASSIGNMENT((#11716));
#11716 = SURFACE_STYLE_USAGE(.BOTH.,#11717);
#11717 = SURFACE_SIDE_STYLE('',(#11718));
#11718 = SURFACE_STYLE_FILL_AREA(#11719);
#11719 = FILL_AREA_STYLE('',(#11720));
#11720 = FILL_AREA_STYLE_COLOUR('',#10572);
#11721 = OVER_RIDING_STYLED_ITEM('overriding color',(#11722),#5151,
  #11686);
#11722 = PRESENTATION_STYLE_ASSIGNMENT((#11723));
#11723 = SURFACE_STYLE_USAGE(.BOTH.,#11724);
#11724 = SURFACE_SIDE_STYLE('',(#11725));
#11725 = SURFACE_STYLE_FILL_AREA(#11726);
#11726 = FILL_AREA_STYLE('',(#11727));
#11727 = FILL_AREA_STYLE_COLOUR('',#10572);
#11728 = OVER_RIDING_STYLED_ITEM('overriding color',(#11729),#5167,
  #11686);
#11729 = PRESENTATION_STYLE_ASSIGNMENT((#11730));
#11730 = SURFACE_STYLE_USAGE(.BOTH.,#11731);
#11731 = SURFACE_SIDE_STYLE('',(#11732));
#11732 = SURFACE_STYLE_FILL_AREA(#11733);
#11733 = FILL_AREA_STYLE('',(#11734));
#11734 = FILL_AREA_STYLE_COLOUR('',#10572);
#11735 = OVER_RIDING_STYLED_ITEM('overriding color',(#11736),#5183,
  #11686);
#11736 = PRESENTATION_STYLE_ASSIGNMENT((#11737));
#11737 = SURFACE_STYLE_USAGE(.BOTH.,#11738);
#11738 = SURFACE_SIDE_STYLE('',(#11739));
#11739 = SURFACE_STYLE_FILL_AREA(#11740);
#11740 = FILL_AREA_STYLE('',(#11741));
#11741 = FILL_AREA_STYLE_COLOUR('',#10572);
#11742 = OVER_RIDING_STYLED_ITEM('overriding color',(#11743),#5199,
  #11686);
#11743 = PRESENTATION_STYLE_ASSIGNMENT((#11744));
#11744 = SURFACE_STYLE_USAGE(.BOTH.,#11745);
#11745 = SURFACE_SIDE_STYLE('',(#11746));
#11746 = SURFACE_STYLE_FILL_AREA(#11747);
#11747 = FILL_AREA_STYLE('',(#11748));
#11748 = FILL_AREA_STYLE_COLOUR('',#10572);
#11749 = OVER_RIDING_STYLED_ITEM('overriding color',(#11750),#5215,
  #11686);
#11750 = PRESENTATION_STYLE_ASSIGNMENT((#11751));
#11751 = SURFACE_STYLE_USAGE(.BOTH.,#11752);
#11752 = SURFACE_SIDE_STYLE('',(#11753));
#11753 = SURFACE_STYLE_FILL_AREA(#11754);
#11754 = FILL_AREA_STYLE('',(#11755));
#11755 = FILL_AREA_STYLE_COLOUR('',#10572);
#11756 = OVER_RIDING_STYLED_ITEM('overriding color',(#11757),#5231,
  #11686);
#11757 = PRESENTATION_STYLE_ASSIGNMENT((#11758));
#11758 = SURFACE_STYLE_USAGE(.BOTH.,#11759);
#11759 = SURFACE_SIDE_STYLE('',(#11760));
#11760 = SURFACE_STYLE_FILL_AREA(#11761);
#11761 = FILL_AREA_STYLE('',(#11762));
#11762 = FILL_AREA_STYLE_COLOUR('',#10572);
#11763 = OVER_RIDING_STYLED_ITEM('overriding color',(#11764),#5243,
  #11686);
#11764 = PRESENTATION_STYLE_ASSIGNMENT((#11765));
#11765 = SURFACE_STYLE_USAGE(.BOTH.,#11766);
#11766 = SURFACE_SIDE_STYLE('',(#11767));
#11767 = SURFACE_STYLE_FILL_AREA(#11768);
#11768 = FILL_AREA_STYLE('',(#11769));
#11769 = FILL_AREA_STYLE_COLOUR('',#10572);
#11770 = OVER_RIDING_STYLED_ITEM('overriding color',(#11771),#5263,
  #11686);
#11771 = PRESENTATION_STYLE_ASSIGNMENT((#11772));
#11772 = SURFACE_STYLE_USAGE(.BOTH.,#11773);
#11773 = SURFACE_SIDE_STYLE('',(#11774));
#11774 = SURFACE_STYLE_FILL_AREA(#11775);
#11775 = FILL_AREA_STYLE('',(#11776));
#11776 = FILL_AREA_STYLE_COLOUR('',#10572);
#11777 = OVER_RIDING_STYLED_ITEM('overriding color',(#11778),#5279,
  #11686);
#11778 = PRESENTATION_STYLE_ASSIGNMENT((#11779));
#11779 = SURFACE_STYLE_USAGE(.BOTH.,#11780);
#11780 = SURFACE_SIDE_STYLE('',(#11781));
#11781 = SURFACE_STYLE_FILL_AREA(#11782);
#11782 = FILL_AREA_STYLE('',(#11783));
#11783 = FILL_AREA_STYLE_COLOUR('',#10572);
#11784 = OVER_RIDING_STYLED_ITEM('overriding color',(#11785),#5299,
  #11686);
#11785 = PRESENTATION_STYLE_ASSIGNMENT((#11786));
#11786 = SURFACE_STYLE_USAGE(.BOTH.,#11787);
#11787 = SURFACE_SIDE_STYLE('',(#11788));
#11788 = SURFACE_STYLE_FILL_AREA(#11789);
#11789 = FILL_AREA_STYLE('',(#11790));
#11790 = FILL_AREA_STYLE_COLOUR('',#10572);
#11791 = OVER_RIDING_STYLED_ITEM('overriding color',(#11792),#5315,
  #11686);
#11792 = PRESENTATION_STYLE_ASSIGNMENT((#11793));
#11793 = SURFACE_STYLE_USAGE(.BOTH.,#11794);
#11794 = SURFACE_SIDE_STYLE('',(#11795));
#11795 = SURFACE_STYLE_FILL_AREA(#11796);
#11796 = FILL_AREA_STYLE('',(#11797));
#11797 = FILL_AREA_STYLE_COLOUR('',#10572);
#11798 = OVER_RIDING_STYLED_ITEM('overriding color',(#11799),#5335,
  #11686);
#11799 = PRESENTATION_STYLE_ASSIGNMENT((#11800));
#11800 = SURFACE_STYLE_USAGE(.BOTH.,#11801);
#11801 = SURFACE_SIDE_STYLE('',(#11802));
#11802 = SURFACE_STYLE_FILL_AREA(#11803);
#11803 = FILL_AREA_STYLE('',(#11804));
#11804 = FILL_AREA_STYLE_COLOUR('',#10572);
#11805 = STYLED_ITEM('color',(#11806),#5347);
#11806 = PRESENTATION_STYLE_ASSIGNMENT((#11807));
#11807 = SURFACE_STYLE_USAGE(.BOTH.,#11808);
#11808 = SURFACE_SIDE_STYLE('',(#11809));
#11809 = SURFACE_STYLE_FILL_AREA(#11810);
#11810 = FILL_AREA_STYLE('',(#11811));
#11811 = FILL_AREA_STYLE_COLOUR('',#10507);
#11812 = OVER_RIDING_STYLED_ITEM('overriding color',(#11813),#5349,
  #11805);
#11813 = PRESENTATION_STYLE_ASSIGNMENT((#11814));
#11814 = SURFACE_STYLE_USAGE(.BOTH.,#11815);
#11815 = SURFACE_SIDE_STYLE('',(#11816));
#11816 = SURFACE_STYLE_FILL_AREA(#11817);
#11817 = FILL_AREA_STYLE('',(#11818));
#11818 = FILL_AREA_STYLE_COLOUR('',#10572);
#11819 = OVER_RIDING_STYLED_ITEM('overriding color',(#11820),#5385,
  #11805);
#11820 = PRESENTATION_STYLE_ASSIGNMENT((#11821));
#11821 = SURFACE_STYLE_USAGE(.BOTH.,#11822);
#11822 = SURFACE_SIDE_STYLE('',(#11823));
#11823 = SURFACE_STYLE_FILL_AREA(#11824);
#11824 = FILL_AREA_STYLE('',(#11825));
#11825 = FILL_AREA_STYLE_COLOUR('',#10572);
#11826 = OVER_RIDING_STYLED_ITEM('overriding color',(#11827),#5413,
  #11805);
#11827 = PRESENTATION_STYLE_ASSIGNMENT((#11828));
#11828 = SURFACE_STYLE_USAGE(.BOTH.,#11829);
#11829 = SURFACE_SIDE_STYLE('',(#11830));
#11830 = SURFACE_STYLE_FILL_AREA(#11831);
#11831 = FILL_AREA_STYLE('',(#11832));
#11832 = FILL_AREA_STYLE_COLOUR('',#10572);
#11833 = OVER_RIDING_STYLED_ITEM('overriding color',(#11834),#5441,
  #11805);
#11834 = PRESENTATION_STYLE_ASSIGNMENT((#11835));
#11835 = SURFACE_STYLE_USAGE(.BOTH.,#11836);
#11836 = SURFACE_SIDE_STYLE('',(#11837));
#11837 = SURFACE_STYLE_FILL_AREA(#11838);
#11838 = FILL_AREA_STYLE('',(#11839));
#11839 = FILL_AREA_STYLE_COLOUR('',#10572);
#11840 = OVER_RIDING_STYLED_ITEM('overriding color',(#11841),#5469,
  #11805);
#11841 = PRESENTATION_STYLE_ASSIGNMENT((#11842));
#11842 = SURFACE_STYLE_USAGE(.BOTH.,#11843);
#11843 = SURFACE_SIDE_STYLE('',(#11844));
#11844 = SURFACE_STYLE_FILL_AREA(#11845);
#11845 = FILL_AREA_STYLE('',(#11846));
#11846 = FILL_AREA_STYLE_COLOUR('',#10572);
#11847 = OVER_RIDING_STYLED_ITEM('overriding color',(#11848),#5497,
  #11805);
#11848 = PRESENTATION_STYLE_ASSIGNMENT((#11849));
#11849 = SURFACE_STYLE_USAGE(.BOTH.,#11850);
#11850 = SURFACE_SIDE_STYLE('',(#11851));
#11851 = SURFACE_STYLE_FILL_AREA(#11852);
#11852 = FILL_AREA_STYLE('',(#11853));
#11853 = FILL_AREA_STYLE_COLOUR('',#10572);
#11854 = OVER_RIDING_STYLED_ITEM('overriding color',(#11855),#5525,
  #11805);
#11855 = PRESENTATION_STYLE_ASSIGNMENT((#11856));
#11856 = SURFACE_STYLE_USAGE(.BOTH.,#11857);
#11857 = SURFACE_SIDE_STYLE('',(#11858));
#11858 = SURFACE_STYLE_FILL_AREA(#11859);
#11859 = FILL_AREA_STYLE('',(#11860));
#11860 = FILL_AREA_STYLE_COLOUR('',#10572);
#11861 = OVER_RIDING_STYLED_ITEM('overriding color',(#11862),#5553,
  #11805);
#11862 = PRESENTATION_STYLE_ASSIGNMENT((#11863));
#11863 = SURFACE_STYLE_USAGE(.BOTH.,#11864);
#11864 = SURFACE_SIDE_STYLE('',(#11865));
#11865 = SURFACE_STYLE_FILL_AREA(#11866);
#11866 = FILL_AREA_STYLE('',(#11867));
#11867 = FILL_AREA_STYLE_COLOUR('',#10572);
#11868 = OVER_RIDING_STYLED_ITEM('overriding color',(#11869),#5581,
  #11805);
#11869 = PRESENTATION_STYLE_ASSIGNMENT((#11870));
#11870 = SURFACE_STYLE_USAGE(.BOTH.,#11871);
#11871 = SURFACE_SIDE_STYLE('',(#11872));
#11872 = SURFACE_STYLE_FILL_AREA(#11873);
#11873 = FILL_AREA_STYLE('',(#11874));
#11874 = FILL_AREA_STYLE_COLOUR('',#10572);
#11875 = OVER_RIDING_STYLED_ITEM('overriding color',(#11876),#5609,
  #11805);
#11876 = PRESENTATION_STYLE_ASSIGNMENT((#11877));
#11877 = SURFACE_STYLE_USAGE(.BOTH.,#11878);
#11878 = SURFACE_SIDE_STYLE('',(#11879));
#11879 = SURFACE_STYLE_FILL_AREA(#11880);
#11880 = FILL_AREA_STYLE('',(#11881));
#11881 = FILL_AREA_STYLE_COLOUR('',#10572);
#11882 = OVER_RIDING_STYLED_ITEM('overriding color',(#11883),#5637,
  #11805);
#11883 = PRESENTATION_STYLE_ASSIGNMENT((#11884));
#11884 = SURFACE_STYLE_USAGE(.BOTH.,#11885);
#11885 = SURFACE_SIDE_STYLE('',(#11886));
#11886 = SURFACE_STYLE_FILL_AREA(#11887);
#11887 = FILL_AREA_STYLE('',(#11888));
#11888 = FILL_AREA_STYLE_COLOUR('',#10572);
#11889 = OVER_RIDING_STYLED_ITEM('overriding color',(#11890),#5665,
  #11805);
#11890 = PRESENTATION_STYLE_ASSIGNMENT((#11891));
#11891 = SURFACE_STYLE_USAGE(.BOTH.,#11892);
#11892 = SURFACE_SIDE_STYLE('',(#11893));
#11893 = SURFACE_STYLE_FILL_AREA(#11894);
#11894 = FILL_AREA_STYLE('',(#11895));
#11895 = FILL_AREA_STYLE_COLOUR('',#10572);
#11896 = OVER_RIDING_STYLED_ITEM('overriding color',(#11897),#5685,
  #11805);
#11897 = PRESENTATION_STYLE_ASSIGNMENT((#11898));
#11898 = SURFACE_STYLE_USAGE(.BOTH.,#11899);
#11899 = SURFACE_SIDE_STYLE('',(#11900));
#11900 = SURFACE_STYLE_FILL_AREA(#11901);
#11901 = FILL_AREA_STYLE('',(#11902));
#11902 = FILL_AREA_STYLE_COLOUR('',#10572);
#11903 = OVER_RIDING_STYLED_ITEM('overriding color',(#11904),#5705,
  #11805);
#11904 = PRESENTATION_STYLE_ASSIGNMENT((#11905));
#11905 = SURFACE_STYLE_USAGE(.BOTH.,#11906);
#11906 = SURFACE_SIDE_STYLE('',(#11907));
#11907 = SURFACE_STYLE_FILL_AREA(#11908);
#11908 = FILL_AREA_STYLE('',(#11909));
#11909 = FILL_AREA_STYLE_COLOUR('',#10572);
#11910 = STYLED_ITEM('color',(#11911),#5725);
#11911 = PRESENTATION_STYLE_ASSIGNMENT((#11912));
#11912 = SURFACE_STYLE_USAGE(.BOTH.,#11913);
#11913 = SURFACE_SIDE_STYLE('',(#11914));
#11914 = SURFACE_STYLE_FILL_AREA(#11915);
#11915 = FILL_AREA_STYLE('',(#11916));
#11916 = FILL_AREA_STYLE_COLOUR('',#10507);
#11917 = OVER_RIDING_STYLED_ITEM('overriding color',(#11918),#5727,
  #11910);
#11918 = PRESENTATION_STYLE_ASSIGNMENT((#11919));
#11919 = SURFACE_STYLE_USAGE(.BOTH.,#11920);
#11920 = SURFACE_SIDE_STYLE('',(#11921));
#11921 = SURFACE_STYLE_FILL_AREA(#11922);
#11922 = FILL_AREA_STYLE('',(#11923));
#11923 = FILL_AREA_STYLE_COLOUR('',#10572);
#11924 = OVER_RIDING_STYLED_ITEM('overriding color',(#11925),#5919,
  #11910);
#11925 = PRESENTATION_STYLE_ASSIGNMENT((#11926));
#11926 = SURFACE_STYLE_USAGE(.BOTH.,#11927);
#11927 = SURFACE_SIDE_STYLE('',(#11928));
#11928 = SURFACE_STYLE_FILL_AREA(#11929);
#11929 = FILL_AREA_STYLE('',(#11930));
#11930 = FILL_AREA_STYLE_COLOUR('',#10572);
#11931 = OVER_RIDING_STYLED_ITEM('overriding color',(#11932),#6111,
  #11910);
#11932 = PRESENTATION_STYLE_ASSIGNMENT((#11933));
#11933 = SURFACE_STYLE_USAGE(.BOTH.,#11934);
#11934 = SURFACE_SIDE_STYLE('',(#11935));
#11935 = SURFACE_STYLE_FILL_AREA(#11936);
#11936 = FILL_AREA_STYLE('',(#11937));
#11937 = FILL_AREA_STYLE_COLOUR('',#10572);
#11938 = OVER_RIDING_STYLED_ITEM('overriding color',(#11939),#6135,
  #11910);
#11939 = PRESENTATION_STYLE_ASSIGNMENT((#11940));
#11940 = SURFACE_STYLE_USAGE(.BOTH.,#11941);
#11941 = SURFACE_SIDE_STYLE('',(#11942));
#11942 = SURFACE_STYLE_FILL_AREA(#11943);
#11943 = FILL_AREA_STYLE('',(#11944));
#11944 = FILL_AREA_STYLE_COLOUR('',#10572);
#11945 = OVER_RIDING_STYLED_ITEM('overriding color',(#11946),#6151,
  #11910);
#11946 = PRESENTATION_STYLE_ASSIGNMENT((#11947));
#11947 = SURFACE_STYLE_USAGE(.BOTH.,#11948);
#11948 = SURFACE_SIDE_STYLE('',(#11949));
#11949 = SURFACE_STYLE_FILL_AREA(#11950);
#11950 = FILL_AREA_STYLE('',(#11951));
#11951 = FILL_AREA_STYLE_COLOUR('',#10572);
#11952 = OVER_RIDING_STYLED_ITEM('overriding color',(#11953),#6171,
  #11910);
#11953 = PRESENTATION_STYLE_ASSIGNMENT((#11954));
#11954 = SURFACE_STYLE_USAGE(.BOTH.,#11955);
#11955 = SURFACE_SIDE_STYLE('',(#11956));
#11956 = SURFACE_STYLE_FILL_AREA(#11957);
#11957 = FILL_AREA_STYLE('',(#11958));
#11958 = FILL_AREA_STYLE_COLOUR('',#10572);
#11959 = OVER_RIDING_STYLED_ITEM('overriding color',(#11960),#6191,
  #11910);
#11960 = PRESENTATION_STYLE_ASSIGNMENT((#11961));
#11961 = SURFACE_STYLE_USAGE(.BOTH.,#11962);
#11962 = SURFACE_SIDE_STYLE('',(#11963));
#11963 = SURFACE_STYLE_FILL_AREA(#11964);
#11964 = FILL_AREA_STYLE('',(#11965));
#11965 = FILL_AREA_STYLE_COLOUR('',#10572);
#11966 = OVER_RIDING_STYLED_ITEM('overriding color',(#11967),#6207,
  #11910);
#11967 = PRESENTATION_STYLE_ASSIGNMENT((#11968));
#11968 = SURFACE_STYLE_USAGE(.BOTH.,#11969);
#11969 = SURFACE_SIDE_STYLE('',(#11970));
#11970 = SURFACE_STYLE_FILL_AREA(#11971);
#11971 = FILL_AREA_STYLE('',(#11972));
#11972 = FILL_AREA_STYLE_COLOUR('',#10572);
#11973 = OVER_RIDING_STYLED_ITEM('overriding color',(#11974),#6227,
  #11910);
#11974 = PRESENTATION_STYLE_ASSIGNMENT((#11975));
#11975 = SURFACE_STYLE_USAGE(.BOTH.,#11976);
#11976 = SURFACE_SIDE_STYLE('',(#11977));
#11977 = SURFACE_STYLE_FILL_AREA(#11978);
#11978 = FILL_AREA_STYLE('',(#11979));
#11979 = FILL_AREA_STYLE_COLOUR('',#10572);
#11980 = OVER_RIDING_STYLED_ITEM('overriding color',(#11981),#6247,
  #11910);
#11981 = PRESENTATION_STYLE_ASSIGNMENT((#11982));
#11982 = SURFACE_STYLE_USAGE(.BOTH.,#11983);
#11983 = SURFACE_SIDE_STYLE('',(#11984));
#11984 = SURFACE_STYLE_FILL_AREA(#11985);
#11985 = FILL_AREA_STYLE('',(#11986));
#11986 = FILL_AREA_STYLE_COLOUR('',#10572);
#11987 = OVER_RIDING_STYLED_ITEM('overriding color',(#11988),#6267,
  #11910);
#11988 = PRESENTATION_STYLE_ASSIGNMENT((#11989));
#11989 = SURFACE_STYLE_USAGE(.BOTH.,#11990);
#11990 = SURFACE_SIDE_STYLE('',(#11991));
#11991 = SURFACE_STYLE_FILL_AREA(#11992);
#11992 = FILL_AREA_STYLE('',(#11993));
#11993 = FILL_AREA_STYLE_COLOUR('',#10572);
#11994 = OVER_RIDING_STYLED_ITEM('overriding color',(#11995),#6287,
  #11910);
#11995 = PRESENTATION_STYLE_ASSIGNMENT((#11996));
#11996 = SURFACE_STYLE_USAGE(.BOTH.,#11997);
#11997 = SURFACE_SIDE_STYLE('',(#11998));
#11998 = SURFACE_STYLE_FILL_AREA(#11999);
#11999 = FILL_AREA_STYLE('',(#12000));
#12000 = FILL_AREA_STYLE_COLOUR('',#10572);
#12001 = OVER_RIDING_STYLED_ITEM('overriding color',(#12002),#6303,
  #11910);
#12002 = PRESENTATION_STYLE_ASSIGNMENT((#12003));
#12003 = SURFACE_STYLE_USAGE(.BOTH.,#12004);
#12004 = SURFACE_SIDE_STYLE('',(#12005));
#12005 = SURFACE_STYLE_FILL_AREA(#12006);
#12006 = FILL_AREA_STYLE('',(#12007));
#12007 = FILL_AREA_STYLE_COLOUR('',#10572);
#12008 = OVER_RIDING_STYLED_ITEM('overriding color',(#12009),#6319,
  #11910);
#12009 = PRESENTATION_STYLE_ASSIGNMENT((#12010));
#12010 = SURFACE_STYLE_USAGE(.BOTH.,#12011);
#12011 = SURFACE_SIDE_STYLE('',(#12012));
#12012 = SURFACE_STYLE_FILL_AREA(#12013);
#12013 = FILL_AREA_STYLE('',(#12014));
#12014 = FILL_AREA_STYLE_COLOUR('',#10572);
#12015 = OVER_RIDING_STYLED_ITEM('overriding color',(#12016),#6335,
  #11910);
#12016 = PRESENTATION_STYLE_ASSIGNMENT((#12017));
#12017 = SURFACE_STYLE_USAGE(.BOTH.,#12018);
#12018 = SURFACE_SIDE_STYLE('',(#12019));
#12019 = SURFACE_STYLE_FILL_AREA(#12020);
#12020 = FILL_AREA_STYLE('',(#12021));
#12021 = FILL_AREA_STYLE_COLOUR('',#10572);
#12022 = OVER_RIDING_STYLED_ITEM('overriding color',(#12023),#6351,
  #11910);
#12023 = PRESENTATION_STYLE_ASSIGNMENT((#12024));
#12024 = SURFACE_STYLE_USAGE(.BOTH.,#12025);
#12025 = SURFACE_SIDE_STYLE('',(#12026));
#12026 = SURFACE_STYLE_FILL_AREA(#12027);
#12027 = FILL_AREA_STYLE('',(#12028));
#12028 = FILL_AREA_STYLE_COLOUR('',#10572);
#12029 = OVER_RIDING_STYLED_ITEM('overriding color',(#12030),#6367,
  #11910);
#12030 = PRESENTATION_STYLE_ASSIGNMENT((#12031));
#12031 = SURFACE_STYLE_USAGE(.BOTH.,#12032);
#12032 = SURFACE_SIDE_STYLE('',(#12033));
#12033 = SURFACE_STYLE_FILL_AREA(#12034);
#12034 = FILL_AREA_STYLE('',(#12035));
#12035 = FILL_AREA_STYLE_COLOUR('',#10572);
#12036 = OVER_RIDING_STYLED_ITEM('overriding color',(#12037),#6391,
  #11910);
#12037 = PRESENTATION_STYLE_ASSIGNMENT((#12038));
#12038 = SURFACE_STYLE_USAGE(.BOTH.,#12039);
#12039 = SURFACE_SIDE_STYLE('',(#12040));
#12040 = SURFACE_STYLE_FILL_AREA(#12041);
#12041 = FILL_AREA_STYLE('',(#12042));
#12042 = FILL_AREA_STYLE_COLOUR('',#10572);
#12043 = OVER_RIDING_STYLED_ITEM('overriding color',(#12044),#6411,
  #11910);
#12044 = PRESENTATION_STYLE_ASSIGNMENT((#12045));
#12045 = SURFACE_STYLE_USAGE(.BOTH.,#12046);
#12046 = SURFACE_SIDE_STYLE('',(#12047));
#12047 = SURFACE_STYLE_FILL_AREA(#12048);
#12048 = FILL_AREA_STYLE('',(#12049));
#12049 = FILL_AREA_STYLE_COLOUR('',#10572);
#12050 = OVER_RIDING_STYLED_ITEM('overriding color',(#12051),#6431,
  #11910);
#12051 = PRESENTATION_STYLE_ASSIGNMENT((#12052));
#12052 = SURFACE_STYLE_USAGE(.BOTH.,#12053);
#12053 = SURFACE_SIDE_STYLE('',(#12054));
#12054 = SURFACE_STYLE_FILL_AREA(#12055);
#12055 = FILL_AREA_STYLE('',(#12056));
#12056 = FILL_AREA_STYLE_COLOUR('',#10572);
#12057 = OVER_RIDING_STYLED_ITEM('overriding color',(#12058),#6451,
  #11910);
#12058 = PRESENTATION_STYLE_ASSIGNMENT((#12059));
#12059 = SURFACE_STYLE_USAGE(.BOTH.,#12060);
#12060 = SURFACE_SIDE_STYLE('',(#12061));
#12061 = SURFACE_STYLE_FILL_AREA(#12062);
#12062 = FILL_AREA_STYLE('',(#12063));
#12063 = FILL_AREA_STYLE_COLOUR('',#10572);
#12064 = OVER_RIDING_STYLED_ITEM('overriding color',(#12065),#6471,
  #11910);
#12065 = PRESENTATION_STYLE_ASSIGNMENT((#12066));
#12066 = SURFACE_STYLE_USAGE(.BOTH.,#12067);
#12067 = SURFACE_SIDE_STYLE('',(#12068));
#12068 = SURFACE_STYLE_FILL_AREA(#12069);
#12069 = FILL_AREA_STYLE('',(#12070));
#12070 = FILL_AREA_STYLE_COLOUR('',#10572);
#12071 = OVER_RIDING_STYLED_ITEM('overriding color',(#12072),#6491,
  #11910);
#12072 = PRESENTATION_STYLE_ASSIGNMENT((#12073));
#12073 = SURFACE_STYLE_USAGE(.BOTH.,#12074);
#12074 = SURFACE_SIDE_STYLE('',(#12075));
#12075 = SURFACE_STYLE_FILL_AREA(#12076);
#12076 = FILL_AREA_STYLE('',(#12077));
#12077 = FILL_AREA_STYLE_COLOUR('',#10572);
#12078 = OVER_RIDING_STYLED_ITEM('overriding color',(#12079),#6507,
  #11910);
#12079 = PRESENTATION_STYLE_ASSIGNMENT((#12080));
#12080 = SURFACE_STYLE_USAGE(.BOTH.,#12081);
#12081 = SURFACE_SIDE_STYLE('',(#12082));
#12082 = SURFACE_STYLE_FILL_AREA(#12083);
#12083 = FILL_AREA_STYLE('',(#12084));
#12084 = FILL_AREA_STYLE_COLOUR('',#10572);
#12085 = STYLED_ITEM('color',(#12086),#6519);
#12086 = PRESENTATION_STYLE_ASSIGNMENT((#12087));
#12087 = SURFACE_STYLE_USAGE(.BOTH.,#12088);
#12088 = SURFACE_SIDE_STYLE('',(#12089));
#12089 = SURFACE_STYLE_FILL_AREA(#12090);
#12090 = FILL_AREA_STYLE('',(#12091));
#12091 = FILL_AREA_STYLE_COLOUR('',#10507);
#12092 = OVER_RIDING_STYLED_ITEM('overriding color',(#12093),#6521,
  #12085);
#12093 = PRESENTATION_STYLE_ASSIGNMENT((#12094));
#12094 = SURFACE_STYLE_USAGE(.BOTH.,#12095);
#12095 = SURFACE_SIDE_STYLE('',(#12096));
#12096 = SURFACE_STYLE_FILL_AREA(#12097);
#12097 = FILL_AREA_STYLE('',(#12098));
#12098 = FILL_AREA_STYLE_COLOUR('',#10572);
#12099 = OVER_RIDING_STYLED_ITEM('overriding color',(#12100),#6565,
  #12085);
#12100 = PRESENTATION_STYLE_ASSIGNMENT((#12101));
#12101 = SURFACE_STYLE_USAGE(.BOTH.,#12102);
#12102 = SURFACE_SIDE_STYLE('',(#12103));
#12103 = SURFACE_STYLE_FILL_AREA(#12104);
#12104 = FILL_AREA_STYLE('',(#12105));
#12105 = FILL_AREA_STYLE_COLOUR('',#10572);
#12106 = OVER_RIDING_STYLED_ITEM('overriding color',(#12107),#6593,
  #12085);
#12107 = PRESENTATION_STYLE_ASSIGNMENT((#12108));
#12108 = SURFACE_STYLE_USAGE(.BOTH.,#12109);
#12109 = SURFACE_SIDE_STYLE('',(#12110));
#12110 = SURFACE_STYLE_FILL_AREA(#12111);
#12111 = FILL_AREA_STYLE('',(#12112));
#12112 = FILL_AREA_STYLE_COLOUR('',#10572);
#12113 = OVER_RIDING_STYLED_ITEM('overriding color',(#12114),#6629,
  #12085);
#12114 = PRESENTATION_STYLE_ASSIGNMENT((#12115));
#12115 = SURFACE_STYLE_USAGE(.BOTH.,#12116);
#12116 = SURFACE_SIDE_STYLE('',(#12117));
#12117 = SURFACE_STYLE_FILL_AREA(#12118);
#12118 = FILL_AREA_STYLE('',(#12119));
#12119 = FILL_AREA_STYLE_COLOUR('',#10572);
#12120 = OVER_RIDING_STYLED_ITEM('overriding color',(#12121),#6665,
  #12085);
#12121 = PRESENTATION_STYLE_ASSIGNMENT((#12122));
#12122 = SURFACE_STYLE_USAGE(.BOTH.,#12123);
#12123 = SURFACE_SIDE_STYLE('',(#12124));
#12124 = SURFACE_STYLE_FILL_AREA(#12125);
#12125 = FILL_AREA_STYLE('',(#12126));
#12126 = FILL_AREA_STYLE_COLOUR('',#10572);
#12127 = OVER_RIDING_STYLED_ITEM('overriding color',(#12128),#6701,
  #12085);
#12128 = PRESENTATION_STYLE_ASSIGNMENT((#12129));
#12129 = SURFACE_STYLE_USAGE(.BOTH.,#12130);
#12130 = SURFACE_SIDE_STYLE('',(#12131));
#12131 = SURFACE_STYLE_FILL_AREA(#12132);
#12132 = FILL_AREA_STYLE('',(#12133));
#12133 = FILL_AREA_STYLE_COLOUR('',#10572);
#12134 = OVER_RIDING_STYLED_ITEM('overriding color',(#12135),#6737,
  #12085);
#12135 = PRESENTATION_STYLE_ASSIGNMENT((#12136));
#12136 = SURFACE_STYLE_USAGE(.BOTH.,#12137);
#12137 = SURFACE_SIDE_STYLE('',(#12138));
#12138 = SURFACE_STYLE_FILL_AREA(#12139);
#12139 = FILL_AREA_STYLE('',(#12140));
#12140 = FILL_AREA_STYLE_COLOUR('',#10572);
#12141 = OVER_RIDING_STYLED_ITEM('overriding color',(#12142),#6773,
  #12085);
#12142 = PRESENTATION_STYLE_ASSIGNMENT((#12143));
#12143 = SURFACE_STYLE_USAGE(.BOTH.,#12144);
#12144 = SURFACE_SIDE_STYLE('',(#12145));
#12145 = SURFACE_STYLE_FILL_AREA(#12146);
#12146 = FILL_AREA_STYLE('',(#12147));
#12147 = FILL_AREA_STYLE_COLOUR('',#10572);
#12148 = OVER_RIDING_STYLED_ITEM('overriding color',(#12149),#6809,
  #12085);
#12149 = PRESENTATION_STYLE_ASSIGNMENT((#12150));
#12150 = SURFACE_STYLE_USAGE(.BOTH.,#12151);
#12151 = SURFACE_SIDE_STYLE('',(#12152));
#12152 = SURFACE_STYLE_FILL_AREA(#12153);
#12153 = FILL_AREA_STYLE('',(#12154));
#12154 = FILL_AREA_STYLE_COLOUR('',#10572);
#12155 = OVER_RIDING_STYLED_ITEM('overriding color',(#12156),#6845,
  #12085);
#12156 = PRESENTATION_STYLE_ASSIGNMENT((#12157));
#12157 = SURFACE_STYLE_USAGE(.BOTH.,#12158);
#12158 = SURFACE_SIDE_STYLE('',(#12159));
#12159 = SURFACE_STYLE_FILL_AREA(#12160);
#12160 = FILL_AREA_STYLE('',(#12161));
#12161 = FILL_AREA_STYLE_COLOUR('',#10572);
#12162 = OVER_RIDING_STYLED_ITEM('overriding color',(#12163),#6881,
  #12085);
#12163 = PRESENTATION_STYLE_ASSIGNMENT((#12164));
#12164 = SURFACE_STYLE_USAGE(.BOTH.,#12165);
#12165 = SURFACE_SIDE_STYLE('',(#12166));
#12166 = SURFACE_STYLE_FILL_AREA(#12167);
#12167 = FILL_AREA_STYLE('',(#12168));
#12168 = FILL_AREA_STYLE_COLOUR('',#10572);
#12169 = OVER_RIDING_STYLED_ITEM('overriding color',(#12170),#6917,
  #12085);
#12170 = PRESENTATION_STYLE_ASSIGNMENT((#12171));
#12171 = SURFACE_STYLE_USAGE(.BOTH.,#12172);
#12172 = SURFACE_SIDE_STYLE('',(#12173));
#12173 = SURFACE_STYLE_FILL_AREA(#12174);
#12174 = FILL_AREA_STYLE('',(#12175));
#12175 = FILL_AREA_STYLE_COLOUR('',#10572);
#12176 = OVER_RIDING_STYLED_ITEM('overriding color',(#12177),#6953,
  #12085);
#12177 = PRESENTATION_STYLE_ASSIGNMENT((#12178));
#12178 = SURFACE_STYLE_USAGE(.BOTH.,#12179);
#12179 = SURFACE_SIDE_STYLE('',(#12180));
#12180 = SURFACE_STYLE_FILL_AREA(#12181);
#12181 = FILL_AREA_STYLE('',(#12182));
#12182 = FILL_AREA_STYLE_COLOUR('',#10572);
#12183 = OVER_RIDING_STYLED_ITEM('overriding color',(#12184),#6981,
  #12085);
#12184 = PRESENTATION_STYLE_ASSIGNMENT((#12185));
#12185 = SURFACE_STYLE_USAGE(.BOTH.,#12186);
#12186 = SURFACE_SIDE_STYLE('',(#12187));
#12187 = SURFACE_STYLE_FILL_AREA(#12188);
#12188 = FILL_AREA_STYLE('',(#12189));
#12189 = FILL_AREA_STYLE_COLOUR('',#10572);
#12190 = OVER_RIDING_STYLED_ITEM('overriding color',(#12191),#7017,
  #12085);
#12191 = PRESENTATION_STYLE_ASSIGNMENT((#12192));
#12192 = SURFACE_STYLE_USAGE(.BOTH.,#12193);
#12193 = SURFACE_SIDE_STYLE('',(#12194));
#12194 = SURFACE_STYLE_FILL_AREA(#12195);
#12195 = FILL_AREA_STYLE('',(#12196));
#12196 = FILL_AREA_STYLE_COLOUR('',#10572);
#12197 = OVER_RIDING_STYLED_ITEM('overriding color',(#12198),#7053,
  #12085);
#12198 = PRESENTATION_STYLE_ASSIGNMENT((#12199));
#12199 = SURFACE_STYLE_USAGE(.BOTH.,#12200);
#12200 = SURFACE_SIDE_STYLE('',(#12201));
#12201 = SURFACE_STYLE_FILL_AREA(#12202);
#12202 = FILL_AREA_STYLE('',(#12203));
#12203 = FILL_AREA_STYLE_COLOUR('',#10572);
#12204 = OVER_RIDING_STYLED_ITEM('overriding color',(#12205),#7089,
  #12085);
#12205 = PRESENTATION_STYLE_ASSIGNMENT((#12206));
#12206 = SURFACE_STYLE_USAGE(.BOTH.,#12207);
#12207 = SURFACE_SIDE_STYLE('',(#12208));
#12208 = SURFACE_STYLE_FILL_AREA(#12209);
#12209 = FILL_AREA_STYLE('',(#12210));
#12210 = FILL_AREA_STYLE_COLOUR('',#10572);
#12211 = OVER_RIDING_STYLED_ITEM('overriding color',(#12212),#7125,
  #12085);
#12212 = PRESENTATION_STYLE_ASSIGNMENT((#12213));
#12213 = SURFACE_STYLE_USAGE(.BOTH.,#12214);
#12214 = SURFACE_SIDE_STYLE('',(#12215));
#12215 = SURFACE_STYLE_FILL_AREA(#12216);
#12216 = FILL_AREA_STYLE('',(#12217));
#12217 = FILL_AREA_STYLE_COLOUR('',#10572);
#12218 = OVER_RIDING_STYLED_ITEM('overriding color',(#12219),#7161,
  #12085);
#12219 = PRESENTATION_STYLE_ASSIGNMENT((#12220));
#12220 = SURFACE_STYLE_USAGE(.BOTH.,#12221);
#12221 = SURFACE_SIDE_STYLE('',(#12222));
#12222 = SURFACE_STYLE_FILL_AREA(#12223);
#12223 = FILL_AREA_STYLE('',(#12224));
#12224 = FILL_AREA_STYLE_COLOUR('',#10572);
#12225 = OVER_RIDING_STYLED_ITEM('overriding color',(#12226),#7197,
  #12085);
#12226 = PRESENTATION_STYLE_ASSIGNMENT((#12227));
#12227 = SURFACE_STYLE_USAGE(.BOTH.,#12228);
#12228 = SURFACE_SIDE_STYLE('',(#12229));
#12229 = SURFACE_STYLE_FILL_AREA(#12230);
#12230 = FILL_AREA_STYLE('',(#12231));
#12231 = FILL_AREA_STYLE_COLOUR('',#10572);
#12232 = OVER_RIDING_STYLED_ITEM('overriding color',(#12233),#7233,
  #12085);
#12233 = PRESENTATION_STYLE_ASSIGNMENT((#12234));
#12234 = SURFACE_STYLE_USAGE(.BOTH.,#12235);
#12235 = SURFACE_SIDE_STYLE('',(#12236));
#12236 = SURFACE_STYLE_FILL_AREA(#12237);
#12237 = FILL_AREA_STYLE('',(#12238));
#12238 = FILL_AREA_STYLE_COLOUR('',#10572);
#12239 = OVER_RIDING_STYLED_ITEM('overriding color',(#12240),#7261,
  #12085);
#12240 = PRESENTATION_STYLE_ASSIGNMENT((#12241));
#12241 = SURFACE_STYLE_USAGE(.BOTH.,#12242);
#12242 = SURFACE_SIDE_STYLE('',(#12243));
#12243 = SURFACE_STYLE_FILL_AREA(#12244);
#12244 = FILL_AREA_STYLE('',(#12245));
#12245 = FILL_AREA_STYLE_COLOUR('',#10572);
#12246 = OVER_RIDING_STYLED_ITEM('overriding color',(#12247),#7290,
  #12085);
#12247 = PRESENTATION_STYLE_ASSIGNMENT((#12248));
#12248 = SURFACE_STYLE_USAGE(.BOTH.,#12249);
#12249 = SURFACE_SIDE_STYLE('',(#12250));
#12250 = SURFACE_STYLE_FILL_AREA(#12251);
#12251 = FILL_AREA_STYLE('',(#12252));
#12252 = FILL_AREA_STYLE_COLOUR('',#10572);
#12253 = STYLED_ITEM('color',(#12254),#7319);
#12254 = PRESENTATION_STYLE_ASSIGNMENT((#12255));
#12255 = SURFACE_STYLE_USAGE(.BOTH.,#12256);
#12256 = SURFACE_SIDE_STYLE('',(#12257));
#12257 = SURFACE_STYLE_FILL_AREA(#12258);
#12258 = FILL_AREA_STYLE('',(#12259));
#12259 = FILL_AREA_STYLE_COLOUR('',#10507);
#12260 = OVER_RIDING_STYLED_ITEM('overriding color',(#12261),#7321,
  #12253);
#12261 = PRESENTATION_STYLE_ASSIGNMENT((#12262));
#12262 = SURFACE_STYLE_USAGE(.BOTH.,#12263);
#12263 = SURFACE_SIDE_STYLE('',(#12264));
#12264 = SURFACE_STYLE_FILL_AREA(#12265);
#12265 = FILL_AREA_STYLE('',(#12266));
#12266 = FILL_AREA_STYLE_COLOUR('',#10572);
#12267 = OVER_RIDING_STYLED_ITEM('overriding color',(#12268),#7357,
  #12253);
#12268 = PRESENTATION_STYLE_ASSIGNMENT((#12269));
#12269 = SURFACE_STYLE_USAGE(.BOTH.,#12270);
#12270 = SURFACE_SIDE_STYLE('',(#12271));
#12271 = SURFACE_STYLE_FILL_AREA(#12272);
#12272 = FILL_AREA_STYLE('',(#12273));
#12273 = FILL_AREA_STYLE_COLOUR('',#10572);
#12274 = OVER_RIDING_STYLED_ITEM('overriding color',(#12275),#7385,
  #12253);
#12275 = PRESENTATION_STYLE_ASSIGNMENT((#12276));
#12276 = SURFACE_STYLE_USAGE(.BOTH.,#12277);
#12277 = SURFACE_SIDE_STYLE('',(#12278));
#12278 = SURFACE_STYLE_FILL_AREA(#12279);
#12279 = FILL_AREA_STYLE('',(#12280));
#12280 = FILL_AREA_STYLE_COLOUR('',#10572);
#12281 = OVER_RIDING_STYLED_ITEM('overriding color',(#12282),#7421,
  #12253);
#12282 = PRESENTATION_STYLE_ASSIGNMENT((#12283));
#12283 = SURFACE_STYLE_USAGE(.BOTH.,#12284);
#12284 = SURFACE_SIDE_STYLE('',(#12285));
#12285 = SURFACE_STYLE_FILL_AREA(#12286);
#12286 = FILL_AREA_STYLE('',(#12287));
#12287 = FILL_AREA_STYLE_COLOUR('',#10572);
#12288 = OVER_RIDING_STYLED_ITEM('overriding color',(#12289),#7449,
  #12253);
#12289 = PRESENTATION_STYLE_ASSIGNMENT((#12290));
#12290 = SURFACE_STYLE_USAGE(.BOTH.,#12291);
#12291 = SURFACE_SIDE_STYLE('',(#12292));
#12292 = SURFACE_STYLE_FILL_AREA(#12293);
#12293 = FILL_AREA_STYLE('',(#12294));
#12294 = FILL_AREA_STYLE_COLOUR('',#10572);
#12295 = OVER_RIDING_STYLED_ITEM('overriding color',(#12296),#7477,
  #12253);
#12296 = PRESENTATION_STYLE_ASSIGNMENT((#12297));
#12297 = SURFACE_STYLE_USAGE(.BOTH.,#12298);
#12298 = SURFACE_SIDE_STYLE('',(#12299));
#12299 = SURFACE_STYLE_FILL_AREA(#12300);
#12300 = FILL_AREA_STYLE('',(#12301));
#12301 = FILL_AREA_STYLE_COLOUR('',#10572);
#12302 = OVER_RIDING_STYLED_ITEM('overriding color',(#12303),#7505,
  #12253);
#12303 = PRESENTATION_STYLE_ASSIGNMENT((#12304));
#12304 = SURFACE_STYLE_USAGE(.BOTH.,#12305);
#12305 = SURFACE_SIDE_STYLE('',(#12306));
#12306 = SURFACE_STYLE_FILL_AREA(#12307);
#12307 = FILL_AREA_STYLE('',(#12308));
#12308 = FILL_AREA_STYLE_COLOUR('',#10572);
#12309 = OVER_RIDING_STYLED_ITEM('overriding color',(#12310),#7533,
  #12253);
#12310 = PRESENTATION_STYLE_ASSIGNMENT((#12311));
#12311 = SURFACE_STYLE_USAGE(.BOTH.,#12312);
#12312 = SURFACE_SIDE_STYLE('',(#12313));
#12313 = SURFACE_STYLE_FILL_AREA(#12314);
#12314 = FILL_AREA_STYLE('',(#12315));
#12315 = FILL_AREA_STYLE_COLOUR('',#10572);
#12316 = OVER_RIDING_STYLED_ITEM('overriding color',(#12317),#7561,
  #12253);
#12317 = PRESENTATION_STYLE_ASSIGNMENT((#12318));
#12318 = SURFACE_STYLE_USAGE(.BOTH.,#12319);
#12319 = SURFACE_SIDE_STYLE('',(#12320));
#12320 = SURFACE_STYLE_FILL_AREA(#12321);
#12321 = FILL_AREA_STYLE('',(#12322));
#12322 = FILL_AREA_STYLE_COLOUR('',#10572);
#12323 = OVER_RIDING_STYLED_ITEM('overriding color',(#12324),#7589,
  #12253);
#12324 = PRESENTATION_STYLE_ASSIGNMENT((#12325));
#12325 = SURFACE_STYLE_USAGE(.BOTH.,#12326);
#12326 = SURFACE_SIDE_STYLE('',(#12327));
#12327 = SURFACE_STYLE_FILL_AREA(#12328);
#12328 = FILL_AREA_STYLE('',(#12329));
#12329 = FILL_AREA_STYLE_COLOUR('',#10572);
#12330 = OVER_RIDING_STYLED_ITEM('overriding color',(#12331),#7625,
  #12253);
#12331 = PRESENTATION_STYLE_ASSIGNMENT((#12332));
#12332 = SURFACE_STYLE_USAGE(.BOTH.,#12333);
#12333 = SURFACE_SIDE_STYLE('',(#12334));
#12334 = SURFACE_STYLE_FILL_AREA(#12335);
#12335 = FILL_AREA_STYLE('',(#12336));
#12336 = FILL_AREA_STYLE_COLOUR('',#10572);
#12337 = OVER_RIDING_STYLED_ITEM('overriding color',(#12338),#7661,
  #12253);
#12338 = PRESENTATION_STYLE_ASSIGNMENT((#12339));
#12339 = SURFACE_STYLE_USAGE(.BOTH.,#12340);
#12340 = SURFACE_SIDE_STYLE('',(#12341));
#12341 = SURFACE_STYLE_FILL_AREA(#12342);
#12342 = FILL_AREA_STYLE('',(#12343));
#12343 = FILL_AREA_STYLE_COLOUR('',#10572);
#12344 = OVER_RIDING_STYLED_ITEM('overriding color',(#12345),#7689,
  #12253);
#12345 = PRESENTATION_STYLE_ASSIGNMENT((#12346));
#12346 = SURFACE_STYLE_USAGE(.BOTH.,#12347);
#12347 = SURFACE_SIDE_STYLE('',(#12348));
#12348 = SURFACE_STYLE_FILL_AREA(#12349);
#12349 = FILL_AREA_STYLE('',(#12350));
#12350 = FILL_AREA_STYLE_COLOUR('',#10572);
#12351 = OVER_RIDING_STYLED_ITEM('overriding color',(#12352),#7725,
  #12253);
#12352 = PRESENTATION_STYLE_ASSIGNMENT((#12353));
#12353 = SURFACE_STYLE_USAGE(.BOTH.,#12354);
#12354 = SURFACE_SIDE_STYLE('',(#12355));
#12355 = SURFACE_STYLE_FILL_AREA(#12356);
#12356 = FILL_AREA_STYLE('',(#12357));
#12357 = FILL_AREA_STYLE_COLOUR('',#10572);
#12358 = OVER_RIDING_STYLED_ITEM('overriding color',(#12359),#7761,
  #12253);
#12359 = PRESENTATION_STYLE_ASSIGNMENT((#12360));
#12360 = SURFACE_STYLE_USAGE(.BOTH.,#12361);
#12361 = SURFACE_SIDE_STYLE('',(#12362));
#12362 = SURFACE_STYLE_FILL_AREA(#12363);
#12363 = FILL_AREA_STYLE('',(#12364));
#12364 = FILL_AREA_STYLE_COLOUR('',#10572);
#12365 = OVER_RIDING_STYLED_ITEM('overriding color',(#12366),#7781,
  #12253);
#12366 = PRESENTATION_STYLE_ASSIGNMENT((#12367));
#12367 = SURFACE_STYLE_USAGE(.BOTH.,#12368);
#12368 = SURFACE_SIDE_STYLE('',(#12369));
#12369 = SURFACE_STYLE_FILL_AREA(#12370);
#12370 = FILL_AREA_STYLE('',(#12371));
#12371 = FILL_AREA_STYLE_COLOUR('',#10572);
#12372 = OVER_RIDING_STYLED_ITEM('overriding color',(#12373),#7804,
  #12253);
#12373 = PRESENTATION_STYLE_ASSIGNMENT((#12374));
#12374 = SURFACE_STYLE_USAGE(.BOTH.,#12375);
#12375 = SURFACE_SIDE_STYLE('',(#12376));
#12376 = SURFACE_STYLE_FILL_AREA(#12377);
#12377 = FILL_AREA_STYLE('',(#12378));
#12378 = FILL_AREA_STYLE_COLOUR('',#10572);
#12379 = STYLED_ITEM('color',(#12380),#7827);
#12380 = PRESENTATION_STYLE_ASSIGNMENT((#12381));
#12381 = SURFACE_STYLE_USAGE(.BOTH.,#12382);
#12382 = SURFACE_SIDE_STYLE('',(#12383));
#12383 = SURFACE_STYLE_FILL_AREA(#12384);
#12384 = FILL_AREA_STYLE('',(#12385));
#12385 = FILL_AREA_STYLE_COLOUR('',#10507);
#12386 = OVER_RIDING_STYLED_ITEM('overriding color',(#12387),#7829,
  #12379);
#12387 = PRESENTATION_STYLE_ASSIGNMENT((#12388));
#12388 = SURFACE_STYLE_USAGE(.BOTH.,#12389);
#12389 = SURFACE_SIDE_STYLE('',(#12390));
#12390 = SURFACE_STYLE_FILL_AREA(#12391);
#12391 = FILL_AREA_STYLE('',(#12392));
#12392 = FILL_AREA_STYLE_COLOUR('',#10572);
#12393 = OVER_RIDING_STYLED_ITEM('overriding color',(#12394),#7865,
  #12379);
#12394 = PRESENTATION_STYLE_ASSIGNMENT((#12395));
#12395 = SURFACE_STYLE_USAGE(.BOTH.,#12396);
#12396 = SURFACE_SIDE_STYLE('',(#12397));
#12397 = SURFACE_STYLE_FILL_AREA(#12398);
#12398 = FILL_AREA_STYLE('',(#12399));
#12399 = FILL_AREA_STYLE_COLOUR('',#10572);
#12400 = OVER_RIDING_STYLED_ITEM('overriding color',(#12401),#7893,
  #12379);
#12401 = PRESENTATION_STYLE_ASSIGNMENT((#12402));
#12402 = SURFACE_STYLE_USAGE(.BOTH.,#12403);
#12403 = SURFACE_SIDE_STYLE('',(#12404));
#12404 = SURFACE_STYLE_FILL_AREA(#12405);
#12405 = FILL_AREA_STYLE('',(#12406));
#12406 = FILL_AREA_STYLE_COLOUR('',#10572);
#12407 = OVER_RIDING_STYLED_ITEM('overriding color',(#12408),#7921,
  #12379);
#12408 = PRESENTATION_STYLE_ASSIGNMENT((#12409));
#12409 = SURFACE_STYLE_USAGE(.BOTH.,#12410);
#12410 = SURFACE_SIDE_STYLE('',(#12411));
#12411 = SURFACE_STYLE_FILL_AREA(#12412);
#12412 = FILL_AREA_STYLE('',(#12413));
#12413 = FILL_AREA_STYLE_COLOUR('',#10572);
#12414 = OVER_RIDING_STYLED_ITEM('overriding color',(#12415),#7949,
  #12379);
#12415 = PRESENTATION_STYLE_ASSIGNMENT((#12416));
#12416 = SURFACE_STYLE_USAGE(.BOTH.,#12417);
#12417 = SURFACE_SIDE_STYLE('',(#12418));
#12418 = SURFACE_STYLE_FILL_AREA(#12419);
#12419 = FILL_AREA_STYLE('',(#12420));
#12420 = FILL_AREA_STYLE_COLOUR('',#10572);
#12421 = OVER_RIDING_STYLED_ITEM('overriding color',(#12422),#7977,
  #12379);
#12422 = PRESENTATION_STYLE_ASSIGNMENT((#12423));
#12423 = SURFACE_STYLE_USAGE(.BOTH.,#12424);
#12424 = SURFACE_SIDE_STYLE('',(#12425));
#12425 = SURFACE_STYLE_FILL_AREA(#12426);
#12426 = FILL_AREA_STYLE('',(#12427));
#12427 = FILL_AREA_STYLE_COLOUR('',#10572);
#12428 = OVER_RIDING_STYLED_ITEM('overriding color',(#12429),#8005,
  #12379);
#12429 = PRESENTATION_STYLE_ASSIGNMENT((#12430));
#12430 = SURFACE_STYLE_USAGE(.BOTH.,#12431);
#12431 = SURFACE_SIDE_STYLE('',(#12432));
#12432 = SURFACE_STYLE_FILL_AREA(#12433);
#12433 = FILL_AREA_STYLE('',(#12434));
#12434 = FILL_AREA_STYLE_COLOUR('',#10572);
#12435 = OVER_RIDING_STYLED_ITEM('overriding color',(#12436),#8033,
  #12379);
#12436 = PRESENTATION_STYLE_ASSIGNMENT((#12437));
#12437 = SURFACE_STYLE_USAGE(.BOTH.,#12438);
#12438 = SURFACE_SIDE_STYLE('',(#12439));
#12439 = SURFACE_STYLE_FILL_AREA(#12440);
#12440 = FILL_AREA_STYLE('',(#12441));
#12441 = FILL_AREA_STYLE_COLOUR('',#10572);
#12442 = OVER_RIDING_STYLED_ITEM('overriding color',(#12443),#8061,
  #12379);
#12443 = PRESENTATION_STYLE_ASSIGNMENT((#12444));
#12444 = SURFACE_STYLE_USAGE(.BOTH.,#12445);
#12445 = SURFACE_SIDE_STYLE('',(#12446));
#12446 = SURFACE_STYLE_FILL_AREA(#12447);
#12447 = FILL_AREA_STYLE('',(#12448));
#12448 = FILL_AREA_STYLE_COLOUR('',#10572);
#12449 = OVER_RIDING_STYLED_ITEM('overriding color',(#12450),#8089,
  #12379);
#12450 = PRESENTATION_STYLE_ASSIGNMENT((#12451));
#12451 = SURFACE_STYLE_USAGE(.BOTH.,#12452);
#12452 = SURFACE_SIDE_STYLE('',(#12453));
#12453 = SURFACE_STYLE_FILL_AREA(#12454);
#12454 = FILL_AREA_STYLE('',(#12455));
#12455 = FILL_AREA_STYLE_COLOUR('',#10572);
#12456 = OVER_RIDING_STYLED_ITEM('overriding color',(#12457),#8117,
  #12379);
#12457 = PRESENTATION_STYLE_ASSIGNMENT((#12458));
#12458 = SURFACE_STYLE_USAGE(.BOTH.,#12459);
#12459 = SURFACE_SIDE_STYLE('',(#12460));
#12460 = SURFACE_STYLE_FILL_AREA(#12461);
#12461 = FILL_AREA_STYLE('',(#12462));
#12462 = FILL_AREA_STYLE_COLOUR('',#10572);
#12463 = OVER_RIDING_STYLED_ITEM('overriding color',(#12464),#8145,
  #12379);
#12464 = PRESENTATION_STYLE_ASSIGNMENT((#12465));
#12465 = SURFACE_STYLE_USAGE(.BOTH.,#12466);
#12466 = SURFACE_SIDE_STYLE('',(#12467));
#12467 = SURFACE_STYLE_FILL_AREA(#12468);
#12468 = FILL_AREA_STYLE('',(#12469));
#12469 = FILL_AREA_STYLE_COLOUR('',#10572);
#12470 = OVER_RIDING_STYLED_ITEM('overriding color',(#12471),#8165,
  #12379);
#12471 = PRESENTATION_STYLE_ASSIGNMENT((#12472));
#12472 = SURFACE_STYLE_USAGE(.BOTH.,#12473);
#12473 = SURFACE_SIDE_STYLE('',(#12474));
#12474 = SURFACE_STYLE_FILL_AREA(#12475);
#12475 = FILL_AREA_STYLE('',(#12476));
#12476 = FILL_AREA_STYLE_COLOUR('',#10572);
#12477 = OVER_RIDING_STYLED_ITEM('overriding color',(#12478),#8185,
  #12379);
#12478 = PRESENTATION_STYLE_ASSIGNMENT((#12479));
#12479 = SURFACE_STYLE_USAGE(.BOTH.,#12480);
#12480 = SURFACE_SIDE_STYLE('',(#12481));
#12481 = SURFACE_STYLE_FILL_AREA(#12482);
#12482 = FILL_AREA_STYLE('',(#12483));
#12483 = FILL_AREA_STYLE_COLOUR('',#10572);
#12484 = STYLED_ITEM('color',(#12485),#8205);
#12485 = PRESENTATION_STYLE_ASSIGNMENT((#12486));
#12486 = SURFACE_STYLE_USAGE(.BOTH.,#12487);
#12487 = SURFACE_SIDE_STYLE('',(#12488));
#12488 = SURFACE_STYLE_FILL_AREA(#12489);
#12489 = FILL_AREA_STYLE('',(#12490));
#12490 = FILL_AREA_STYLE_COLOUR('',#10507);
#12491 = OVER_RIDING_STYLED_ITEM('overriding color',(#12492),#8207,
  #12484);
#12492 = PRESENTATION_STYLE_ASSIGNMENT((#12493));
#12493 = SURFACE_STYLE_USAGE(.BOTH.,#12494);
#12494 = SURFACE_SIDE_STYLE('',(#12495));
#12495 = SURFACE_STYLE_FILL_AREA(#12496);
#12496 = FILL_AREA_STYLE('',(#12497));
#12497 = FILL_AREA_STYLE_COLOUR('',#10572);
#12498 = OVER_RIDING_STYLED_ITEM('overriding color',(#12499),#8331,
  #12484);
#12499 = PRESENTATION_STYLE_ASSIGNMENT((#12500));
#12500 = SURFACE_STYLE_USAGE(.BOTH.,#12501);
#12501 = SURFACE_SIDE_STYLE('',(#12502));
#12502 = SURFACE_STYLE_FILL_AREA(#12503);
#12503 = FILL_AREA_STYLE('',(#12504));
#12504 = FILL_AREA_STYLE_COLOUR('',#10572);
#12505 = OVER_RIDING_STYLED_ITEM('overriding color',(#12506),#8455,
  #12484);
#12506 = PRESENTATION_STYLE_ASSIGNMENT((#12507));
#12507 = SURFACE_STYLE_USAGE(.BOTH.,#12508);
#12508 = SURFACE_SIDE_STYLE('',(#12509));
#12509 = SURFACE_STYLE_FILL_AREA(#12510);
#12510 = FILL_AREA_STYLE('',(#12511));
#12511 = FILL_AREA_STYLE_COLOUR('',#10572);
#12512 = OVER_RIDING_STYLED_ITEM('overriding color',(#12513),#8475,
  #12484);
#12513 = PRESENTATION_STYLE_ASSIGNMENT((#12514));
#12514 = SURFACE_STYLE_USAGE(.BOTH.,#12515);
#12515 = SURFACE_SIDE_STYLE('',(#12516));
#12516 = SURFACE_STYLE_FILL_AREA(#12517);
#12517 = FILL_AREA_STYLE('',(#12518));
#12518 = FILL_AREA_STYLE_COLOUR('',#10572);
#12519 = OVER_RIDING_STYLED_ITEM('overriding color',(#12520),#8495,
  #12484);
#12520 = PRESENTATION_STYLE_ASSIGNMENT((#12521));
#12521 = SURFACE_STYLE_USAGE(.BOTH.,#12522);
#12522 = SURFACE_SIDE_STYLE('',(#12523));
#12523 = SURFACE_STYLE_FILL_AREA(#12524);
#12524 = FILL_AREA_STYLE('',(#12525));
#12525 = FILL_AREA_STYLE_COLOUR('',#10572);
#12526 = OVER_RIDING_STYLED_ITEM('overriding color',(#12527),#8515,
  #12484);
#12527 = PRESENTATION_STYLE_ASSIGNMENT((#12528));
#12528 = SURFACE_STYLE_USAGE(.BOTH.,#12529);
#12529 = SURFACE_SIDE_STYLE('',(#12530));
#12530 = SURFACE_STYLE_FILL_AREA(#12531);
#12531 = FILL_AREA_STYLE('',(#12532));
#12532 = FILL_AREA_STYLE_COLOUR('',#10572);
#12533 = OVER_RIDING_STYLED_ITEM('overriding color',(#12534),#8535,
  #12484);
#12534 = PRESENTATION_STYLE_ASSIGNMENT((#12535));
#12535 = SURFACE_STYLE_USAGE(.BOTH.,#12536);
#12536 = SURFACE_SIDE_STYLE('',(#12537));
#12537 = SURFACE_STYLE_FILL_AREA(#12538);
#12538 = FILL_AREA_STYLE('',(#12539));
#12539 = FILL_AREA_STYLE_COLOUR('',#10572);
#12540 = OVER_RIDING_STYLED_ITEM('overriding color',(#12541),#8555,
  #12484);
#12541 = PRESENTATION_STYLE_ASSIGNMENT((#12542));
#12542 = SURFACE_STYLE_USAGE(.BOTH.,#12543);
#12543 = SURFACE_SIDE_STYLE('',(#12544));
#12544 = SURFACE_STYLE_FILL_AREA(#12545);
#12545 = FILL_AREA_STYLE('',(#12546));
#12546 = FILL_AREA_STYLE_COLOUR('',#10572);
#12547 = OVER_RIDING_STYLED_ITEM('overriding color',(#12548),#8571,
  #12484);
#12548 = PRESENTATION_STYLE_ASSIGNMENT((#12549));
#12549 = SURFACE_STYLE_USAGE(.BOTH.,#12550);
#12550 = SURFACE_SIDE_STYLE('',(#12551));
#12551 = SURFACE_STYLE_FILL_AREA(#12552);
#12552 = FILL_AREA_STYLE('',(#12553));
#12553 = FILL_AREA_STYLE_COLOUR('',#10572);
#12554 = OVER_RIDING_STYLED_ITEM('overriding color',(#12555),#8583,
  #12484);
#12555 = PRESENTATION_STYLE_ASSIGNMENT((#12556));
#12556 = SURFACE_STYLE_USAGE(.BOTH.,#12557);
#12557 = SURFACE_SIDE_STYLE('',(#12558));
#12558 = SURFACE_STYLE_FILL_AREA(#12559);
#12559 = FILL_AREA_STYLE('',(#12560));
#12560 = FILL_AREA_STYLE_COLOUR('',#10572);
#12561 = OVER_RIDING_STYLED_ITEM('overriding color',(#12562),#8603,
  #12484);
#12562 = PRESENTATION_STYLE_ASSIGNMENT((#12563));
#12563 = SURFACE_STYLE_USAGE(.BOTH.,#12564);
#12564 = SURFACE_SIDE_STYLE('',(#12565));
#12565 = SURFACE_STYLE_FILL_AREA(#12566);
#12566 = FILL_AREA_STYLE('',(#12567));
#12567 = FILL_AREA_STYLE_COLOUR('',#10572);
#12568 = OVER_RIDING_STYLED_ITEM('overriding color',(#12569),#8619,
  #12484);
#12569 = PRESENTATION_STYLE_ASSIGNMENT((#12570));
#12570 = SURFACE_STYLE_USAGE(.BOTH.,#12571);
#12571 = SURFACE_SIDE_STYLE('',(#12572));
#12572 = SURFACE_STYLE_FILL_AREA(#12573);
#12573 = FILL_AREA_STYLE('',(#12574));
#12574 = FILL_AREA_STYLE_COLOUR('',#10572);
#12575 = OVER_RIDING_STYLED_ITEM('overriding color',(#12576),#8635,
  #12484);
#12576 = PRESENTATION_STYLE_ASSIGNMENT((#12577));
#12577 = SURFACE_STYLE_USAGE(.BOTH.,#12578);
#12578 = SURFACE_SIDE_STYLE('',(#12579));
#12579 = SURFACE_STYLE_FILL_AREA(#12580);
#12580 = FILL_AREA_STYLE('',(#12581));
#12581 = FILL_AREA_STYLE_COLOUR('',#10572);
#12582 = OVER_RIDING_STYLED_ITEM('overriding color',(#12583),#8655,
  #12484);
#12583 = PRESENTATION_STYLE_ASSIGNMENT((#12584));
#12584 = SURFACE_STYLE_USAGE(.BOTH.,#12585);
#12585 = SURFACE_SIDE_STYLE('',(#12586));
#12586 = SURFACE_STYLE_FILL_AREA(#12587);
#12587 = FILL_AREA_STYLE('',(#12588));
#12588 = FILL_AREA_STYLE_COLOUR('',#10572);
#12589 = OVER_RIDING_STYLED_ITEM('overriding color',(#12590),#8675,
  #12484);
#12590 = PRESENTATION_STYLE_ASSIGNMENT((#12591));
#12591 = SURFACE_STYLE_USAGE(.BOTH.,#12592);
#12592 = SURFACE_SIDE_STYLE('',(#12593));
#12593 = SURFACE_STYLE_FILL_AREA(#12594);
#12594 = FILL_AREA_STYLE('',(#12595));
#12595 = FILL_AREA_STYLE_COLOUR('',#10572);
#12596 = OVER_RIDING_STYLED_ITEM('overriding color',(#12597),#8695,
  #12484);
#12597 = PRESENTATION_STYLE_ASSIGNMENT((#12598));
#12598 = SURFACE_STYLE_USAGE(.BOTH.,#12599);
#12599 = SURFACE_SIDE_STYLE('',(#12600));
#12600 = SURFACE_STYLE_FILL_AREA(#12601);
#12601 = FILL_AREA_STYLE('',(#12602));
#12602 = FILL_AREA_STYLE_COLOUR('',#10572);
#12603 = STYLED_ITEM('color',(#12604),#8711);
#12604 = PRESENTATION_STYLE_ASSIGNMENT((#12605));
#12605 = SURFACE_STYLE_USAGE(.BOTH.,#12606);
#12606 = SURFACE_SIDE_STYLE('',(#12607));
#12607 = SURFACE_STYLE_FILL_AREA(#12608);
#12608 = FILL_AREA_STYLE('',(#12609));
#12609 = FILL_AREA_STYLE_COLOUR('',#10507);
#12610 = OVER_RIDING_STYLED_ITEM('overriding color',(#12611),#8713,
  #12603);
#12611 = PRESENTATION_STYLE_ASSIGNMENT((#12612));
#12612 = SURFACE_STYLE_USAGE(.BOTH.,#12613);
#12613 = SURFACE_SIDE_STYLE('',(#12614));
#12614 = SURFACE_STYLE_FILL_AREA(#12615);
#12615 = FILL_AREA_STYLE('',(#12616));
#12616 = FILL_AREA_STYLE_COLOUR('',#10572);
#12617 = OVER_RIDING_STYLED_ITEM('overriding color',(#12618),#8825,
  #12603);
#12618 = PRESENTATION_STYLE_ASSIGNMENT((#12619));
#12619 = SURFACE_STYLE_USAGE(.BOTH.,#12620);
#12620 = SURFACE_SIDE_STYLE('',(#12621));
#12621 = SURFACE_STYLE_FILL_AREA(#12622);
#12622 = FILL_AREA_STYLE('',(#12623));
#12623 = FILL_AREA_STYLE_COLOUR('',#10572);
#12624 = OVER_RIDING_STYLED_ITEM('overriding color',(#12625),#8937,
  #12603);
#12625 = PRESENTATION_STYLE_ASSIGNMENT((#12626));
#12626 = SURFACE_STYLE_USAGE(.BOTH.,#12627);
#12627 = SURFACE_SIDE_STYLE('',(#12628));
#12628 = SURFACE_STYLE_FILL_AREA(#12629);
#12629 = FILL_AREA_STYLE('',(#12630));
#12630 = FILL_AREA_STYLE_COLOUR('',#10572);
#12631 = OVER_RIDING_STYLED_ITEM('overriding color',(#12632),#8957,
  #12603);
#12632 = PRESENTATION_STYLE_ASSIGNMENT((#12633));
#12633 = SURFACE_STYLE_USAGE(.BOTH.,#12634);
#12634 = SURFACE_SIDE_STYLE('',(#12635));
#12635 = SURFACE_STYLE_FILL_AREA(#12636);
#12636 = FILL_AREA_STYLE('',(#12637));
#12637 = FILL_AREA_STYLE_COLOUR('',#10572);
#12638 = OVER_RIDING_STYLED_ITEM('overriding color',(#12639),#8973,
  #12603);
#12639 = PRESENTATION_STYLE_ASSIGNMENT((#12640));
#12640 = SURFACE_STYLE_USAGE(.BOTH.,#12641);
#12641 = SURFACE_SIDE_STYLE('',(#12642));
#12642 = SURFACE_STYLE_FILL_AREA(#12643);
#12643 = FILL_AREA_STYLE('',(#12644));
#12644 = FILL_AREA_STYLE_COLOUR('',#10572);
#12645 = OVER_RIDING_STYLED_ITEM('overriding color',(#12646),#8989,
  #12603);
#12646 = PRESENTATION_STYLE_ASSIGNMENT((#12647));
#12647 = SURFACE_STYLE_USAGE(.BOTH.,#12648);
#12648 = SURFACE_SIDE_STYLE('',(#12649));
#12649 = SURFACE_STYLE_FILL_AREA(#12650);
#12650 = FILL_AREA_STYLE('',(#12651));
#12651 = FILL_AREA_STYLE_COLOUR('',#10572);
#12652 = OVER_RIDING_STYLED_ITEM('overriding color',(#12653),#9005,
  #12603);
#12653 = PRESENTATION_STYLE_ASSIGNMENT((#12654));
#12654 = SURFACE_STYLE_USAGE(.BOTH.,#12655);
#12655 = SURFACE_SIDE_STYLE('',(#12656));
#12656 = SURFACE_STYLE_FILL_AREA(#12657);
#12657 = FILL_AREA_STYLE('',(#12658));
#12658 = FILL_AREA_STYLE_COLOUR('',#10572);
#12659 = OVER_RIDING_STYLED_ITEM('overriding color',(#12660),#9021,
  #12603);
#12660 = PRESENTATION_STYLE_ASSIGNMENT((#12661));
#12661 = SURFACE_STYLE_USAGE(.BOTH.,#12662);
#12662 = SURFACE_SIDE_STYLE('',(#12663));
#12663 = SURFACE_STYLE_FILL_AREA(#12664);
#12664 = FILL_AREA_STYLE('',(#12665));
#12665 = FILL_AREA_STYLE_COLOUR('',#10572);
#12666 = OVER_RIDING_STYLED_ITEM('overriding color',(#12667),#9037,
  #12603);
#12667 = PRESENTATION_STYLE_ASSIGNMENT((#12668));
#12668 = SURFACE_STYLE_USAGE(.BOTH.,#12669);
#12669 = SURFACE_SIDE_STYLE('',(#12670));
#12670 = SURFACE_STYLE_FILL_AREA(#12671);
#12671 = FILL_AREA_STYLE('',(#12672));
#12672 = FILL_AREA_STYLE_COLOUR('',#10572);
#12673 = OVER_RIDING_STYLED_ITEM('overriding color',(#12674),#9053,
  #12603);
#12674 = PRESENTATION_STYLE_ASSIGNMENT((#12675));
#12675 = SURFACE_STYLE_USAGE(.BOTH.,#12676);
#12676 = SURFACE_SIDE_STYLE('',(#12677));
#12677 = SURFACE_STYLE_FILL_AREA(#12678);
#12678 = FILL_AREA_STYLE('',(#12679));
#12679 = FILL_AREA_STYLE_COLOUR('',#10572);
#12680 = OVER_RIDING_STYLED_ITEM('overriding color',(#12681),#9065,
  #12603);
#12681 = PRESENTATION_STYLE_ASSIGNMENT((#12682));
#12682 = SURFACE_STYLE_USAGE(.BOTH.,#12683);
#12683 = SURFACE_SIDE_STYLE('',(#12684));
#12684 = SURFACE_STYLE_FILL_AREA(#12685);
#12685 = FILL_AREA_STYLE('',(#12686));
#12686 = FILL_AREA_STYLE_COLOUR('',#10572);
#12687 = OVER_RIDING_STYLED_ITEM('overriding color',(#12688),#9085,
  #12603);
#12688 = PRESENTATION_STYLE_ASSIGNMENT((#12689));
#12689 = SURFACE_STYLE_USAGE(.BOTH.,#12690);
#12690 = SURFACE_SIDE_STYLE('',(#12691));
#12691 = SURFACE_STYLE_FILL_AREA(#12692);
#12692 = FILL_AREA_STYLE('',(#12693));
#12693 = FILL_AREA_STYLE_COLOUR('',#10572);
#12694 = OVER_RIDING_STYLED_ITEM('overriding color',(#12695),#9101,
  #12603);
#12695 = PRESENTATION_STYLE_ASSIGNMENT((#12696));
#12696 = SURFACE_STYLE_USAGE(.BOTH.,#12697);
#12697 = SURFACE_SIDE_STYLE('',(#12698));
#12698 = SURFACE_STYLE_FILL_AREA(#12699);
#12699 = FILL_AREA_STYLE('',(#12700));
#12700 = FILL_AREA_STYLE_COLOUR('',#10572);
#12701 = OVER_RIDING_STYLED_ITEM('overriding color',(#12702),#9121,
  #12603);
#12702 = PRESENTATION_STYLE_ASSIGNMENT((#12703));
#12703 = SURFACE_STYLE_USAGE(.BOTH.,#12704);
#12704 = SURFACE_SIDE_STYLE('',(#12705));
#12705 = SURFACE_STYLE_FILL_AREA(#12706);
#12706 = FILL_AREA_STYLE('',(#12707));
#12707 = FILL_AREA_STYLE_COLOUR('',#10572);
#12708 = OVER_RIDING_STYLED_ITEM('overriding color',(#12709),#9137,
  #12603);
#12709 = PRESENTATION_STYLE_ASSIGNMENT((#12710));
#12710 = SURFACE_STYLE_USAGE(.BOTH.,#12711);
#12711 = SURFACE_SIDE_STYLE('',(#12712));
#12712 = SURFACE_STYLE_FILL_AREA(#12713);
#12713 = FILL_AREA_STYLE('',(#12714));
#12714 = FILL_AREA_STYLE_COLOUR('',#10572);
#12715 = OVER_RIDING_STYLED_ITEM('overriding color',(#12716),#9157,
  #12603);
#12716 = PRESENTATION_STYLE_ASSIGNMENT((#12717));
#12717 = SURFACE_STYLE_USAGE(.BOTH.,#12718);
#12718 = SURFACE_SIDE_STYLE('',(#12719));
#12719 = SURFACE_STYLE_FILL_AREA(#12720);
#12720 = FILL_AREA_STYLE('',(#12721));
#12721 = FILL_AREA_STYLE_COLOUR('',#10572);
#12722 = STYLED_ITEM('color',(#12723),#9169);
#12723 = PRESENTATION_STYLE_ASSIGNMENT((#12724));
#12724 = SURFACE_STYLE_USAGE(.BOTH.,#12725);
#12725 = SURFACE_SIDE_STYLE('',(#12726));
#12726 = SURFACE_STYLE_FILL_AREA(#12727);
#12727 = FILL_AREA_STYLE('',(#12728));
#12728 = FILL_AREA_STYLE_COLOUR('',#10507);
#12729 = OVER_RIDING_STYLED_ITEM('overriding color',(#12730),#9171,
  #12722);
#12730 = PRESENTATION_STYLE_ASSIGNMENT((#12731));
#12731 = SURFACE_STYLE_USAGE(.BOTH.,#12732);
#12732 = SURFACE_SIDE_STYLE('',(#12733));
#12733 = SURFACE_STYLE_FILL_AREA(#12734);
#12734 = FILL_AREA_STYLE('',(#12735));
#12735 = FILL_AREA_STYLE_COLOUR('',#10572);
#12736 = OVER_RIDING_STYLED_ITEM('overriding color',(#12737),#9491,
  #12722);
#12737 = PRESENTATION_STYLE_ASSIGNMENT((#12738));
#12738 = SURFACE_STYLE_USAGE(.BOTH.,#12739);
#12739 = SURFACE_SIDE_STYLE('',(#12740));
#12740 = SURFACE_STYLE_FILL_AREA(#12741);
#12741 = FILL_AREA_STYLE('',(#12742));
#12742 = FILL_AREA_STYLE_COLOUR('',#10572);
#12743 = OVER_RIDING_STYLED_ITEM('overriding color',(#12744),#9811,
  #12722);
#12744 = PRESENTATION_STYLE_ASSIGNMENT((#12745));
#12745 = SURFACE_STYLE_USAGE(.BOTH.,#12746);
#12746 = SURFACE_SIDE_STYLE('',(#12747));
#12747 = SURFACE_STYLE_FILL_AREA(#12748);
#12748 = FILL_AREA_STYLE('',(#12749));
#12749 = FILL_AREA_STYLE_COLOUR('',#10572);
#12750 = OVER_RIDING_STYLED_ITEM('overriding color',(#12751),#9835,
  #12722);
#12751 = PRESENTATION_STYLE_ASSIGNMENT((#12752));
#12752 = SURFACE_STYLE_USAGE(.BOTH.,#12753);
#12753 = SURFACE_SIDE_STYLE('',(#12754));
#12754 = SURFACE_STYLE_FILL_AREA(#12755);
#12755 = FILL_AREA_STYLE('',(#12756));
#12756 = FILL_AREA_STYLE_COLOUR('',#10572);
#12757 = OVER_RIDING_STYLED_ITEM('overriding color',(#12758),#9855,
  #12722);
#12758 = PRESENTATION_STYLE_ASSIGNMENT((#12759));
#12759 = SURFACE_STYLE_USAGE(.BOTH.,#12760);
#12760 = SURFACE_SIDE_STYLE('',(#12761));
#12761 = SURFACE_STYLE_FILL_AREA(#12762);
#12762 = FILL_AREA_STYLE('',(#12763));
#12763 = FILL_AREA_STYLE_COLOUR('',#10572);
#12764 = OVER_RIDING_STYLED_ITEM('overriding color',(#12765),#9875,
  #12722);
#12765 = PRESENTATION_STYLE_ASSIGNMENT((#12766));
#12766 = SURFACE_STYLE_USAGE(.BOTH.,#12767);
#12767 = SURFACE_SIDE_STYLE('',(#12768));
#12768 = SURFACE_STYLE_FILL_AREA(#12769);
#12769 = FILL_AREA_STYLE('',(#12770));
#12770 = FILL_AREA_STYLE_COLOUR('',#10572);
#12771 = OVER_RIDING_STYLED_ITEM('overriding color',(#12772),#9895,
  #12722);
#12772 = PRESENTATION_STYLE_ASSIGNMENT((#12773));
#12773 = SURFACE_STYLE_USAGE(.BOTH.,#12774);
#12774 = SURFACE_SIDE_STYLE('',(#12775));
#12775 = SURFACE_STYLE_FILL_AREA(#12776);
#12776 = FILL_AREA_STYLE('',(#12777));
#12777 = FILL_AREA_STYLE_COLOUR('',#10572);
#12778 = OVER_RIDING_STYLED_ITEM('overriding color',(#12779),#9915,
  #12722);
#12779 = PRESENTATION_STYLE_ASSIGNMENT((#12780));
#12780 = SURFACE_STYLE_USAGE(.BOTH.,#12781);
#12781 = SURFACE_SIDE_STYLE('',(#12782));
#12782 = SURFACE_STYLE_FILL_AREA(#12783);
#12783 = FILL_AREA_STYLE('',(#12784));
#12784 = FILL_AREA_STYLE_COLOUR('',#10572);
#12785 = OVER_RIDING_STYLED_ITEM('overriding color',(#12786),#9935,
  #12722);
#12786 = PRESENTATION_STYLE_ASSIGNMENT((#12787));
#12787 = SURFACE_STYLE_USAGE(.BOTH.,#12788);
#12788 = SURFACE_SIDE_STYLE('',(#12789));
#12789 = SURFACE_STYLE_FILL_AREA(#12790);
#12790 = FILL_AREA_STYLE('',(#12791));
#12791 = FILL_AREA_STYLE_COLOUR('',#10572);
#12792 = OVER_RIDING_STYLED_ITEM('overriding color',(#12793),#9955,
  #12722);
#12793 = PRESENTATION_STYLE_ASSIGNMENT((#12794));
#12794 = SURFACE_STYLE_USAGE(.BOTH.,#12795);
#12795 = SURFACE_SIDE_STYLE('',(#12796));
#12796 = SURFACE_STYLE_FILL_AREA(#12797);
#12797 = FILL_AREA_STYLE('',(#12798));
#12798 = FILL_AREA_STYLE_COLOUR('',#10572);
#12799 = OVER_RIDING_STYLED_ITEM('overriding color',(#12800),#9975,
  #12722);
#12800 = PRESENTATION_STYLE_ASSIGNMENT((#12801));
#12801 = SURFACE_STYLE_USAGE(.BOTH.,#12802);
#12802 = SURFACE_SIDE_STYLE('',(#12803));
#12803 = SURFACE_STYLE_FILL_AREA(#12804);
#12804 = FILL_AREA_STYLE('',(#12805));
#12805 = FILL_AREA_STYLE_COLOUR('',#10572);
#12806 = OVER_RIDING_STYLED_ITEM('overriding color',(#12807),#9995,
  #12722);
#12807 = PRESENTATION_STYLE_ASSIGNMENT((#12808));
#12808 = SURFACE_STYLE_USAGE(.BOTH.,#12809);
#12809 = SURFACE_SIDE_STYLE('',(#12810));
#12810 = SURFACE_STYLE_FILL_AREA(#12811);
#12811 = FILL_AREA_STYLE('',(#12812));
#12812 = FILL_AREA_STYLE_COLOUR('',#10572);
#12813 = OVER_RIDING_STYLED_ITEM('overriding color',(#12814),#10015,
  #12722);
#12814 = PRESENTATION_STYLE_ASSIGNMENT((#12815));
#12815 = SURFACE_STYLE_USAGE(.BOTH.,#12816);
#12816 = SURFACE_SIDE_STYLE('',(#12817));
#12817 = SURFACE_STYLE_FILL_AREA(#12818);
#12818 = FILL_AREA_STYLE('',(#12819));
#12819 = FILL_AREA_STYLE_COLOUR('',#10572);
#12820 = OVER_RIDING_STYLED_ITEM('overriding color',(#12821),#10035,
  #12722);
#12821 = PRESENTATION_STYLE_ASSIGNMENT((#12822));
#12822 = SURFACE_STYLE_USAGE(.BOTH.,#12823);
#12823 = SURFACE_SIDE_STYLE('',(#12824));
#12824 = SURFACE_STYLE_FILL_AREA(#12825);
#12825 = FILL_AREA_STYLE('',(#12826));
#12826 = FILL_AREA_STYLE_COLOUR('',#10572);
#12827 = OVER_RIDING_STYLED_ITEM('overriding color',(#12828),#10055,
  #12722);
#12828 = PRESENTATION_STYLE_ASSIGNMENT((#12829));
#12829 = SURFACE_STYLE_USAGE(.BOTH.,#12830);
#12830 = SURFACE_SIDE_STYLE('',(#12831));
#12831 = SURFACE_STYLE_FILL_AREA(#12832);
#12832 = FILL_AREA_STYLE('',(#12833));
#12833 = FILL_AREA_STYLE_COLOUR('',#10572);
#12834 = OVER_RIDING_STYLED_ITEM('overriding color',(#12835),#10071,
  #12722);
#12835 = PRESENTATION_STYLE_ASSIGNMENT((#12836));
#12836 = SURFACE_STYLE_USAGE(.BOTH.,#12837);
#12837 = SURFACE_SIDE_STYLE('',(#12838));
#12838 = SURFACE_STYLE_FILL_AREA(#12839);
#12839 = FILL_AREA_STYLE('',(#12840));
#12840 = FILL_AREA_STYLE_COLOUR('',#10572);
#12841 = OVER_RIDING_STYLED_ITEM('overriding color',(#12842),#10087,
  #12722);
#12842 = PRESENTATION_STYLE_ASSIGNMENT((#12843));
#12843 = SURFACE_STYLE_USAGE(.BOTH.,#12844);
#12844 = SURFACE_SIDE_STYLE('',(#12845));
#12845 = SURFACE_STYLE_FILL_AREA(#12846);
#12846 = FILL_AREA_STYLE('',(#12847));
#12847 = FILL_AREA_STYLE_COLOUR('',#10572);
#12848 = OVER_RIDING_STYLED_ITEM('overriding color',(#12849),#10103,
  #12722);
#12849 = PRESENTATION_STYLE_ASSIGNMENT((#12850));
#12850 = SURFACE_STYLE_USAGE(.BOTH.,#12851);
#12851 = SURFACE_SIDE_STYLE('',(#12852));
#12852 = SURFACE_STYLE_FILL_AREA(#12853);
#12853 = FILL_AREA_STYLE('',(#12854));
#12854 = FILL_AREA_STYLE_COLOUR('',#10572);
#12855 = OVER_RIDING_STYLED_ITEM('overriding color',(#12856),#10119,
  #12722);
#12856 = PRESENTATION_STYLE_ASSIGNMENT((#12857));
#12857 = SURFACE_STYLE_USAGE(.BOTH.,#12858);
#12858 = SURFACE_SIDE_STYLE('',(#12859));
#12859 = SURFACE_STYLE_FILL_AREA(#12860);
#12860 = FILL_AREA_STYLE('',(#12861));
#12861 = FILL_AREA_STYLE_COLOUR('',#10572);
#12862 = OVER_RIDING_STYLED_ITEM('overriding color',(#12863),#10139,
  #12722);
#12863 = PRESENTATION_STYLE_ASSIGNMENT((#12864));
#12864 = SURFACE_STYLE_USAGE(.BOTH.,#12865);
#12865 = SURFACE_SIDE_STYLE('',(#12866));
#12866 = SURFACE_STYLE_FILL_AREA(#12867);
#12867 = FILL_AREA_STYLE('',(#12868));
#12868 = FILL_AREA_STYLE_COLOUR('',#10572);
#12869 = OVER_RIDING_STYLED_ITEM('overriding color',(#12870),#10159,
  #12722);
#12870 = PRESENTATION_STYLE_ASSIGNMENT((#12871));
#12871 = SURFACE_STYLE_USAGE(.BOTH.,#12872);
#12872 = SURFACE_SIDE_STYLE('',(#12873));
#12873 = SURFACE_STYLE_FILL_AREA(#12874);
#12874 = FILL_AREA_STYLE('',(#12875));
#12875 = FILL_AREA_STYLE_COLOUR('',#10572);
#12876 = OVER_RIDING_STYLED_ITEM('overriding color',(#12877),#10179,
  #12722);
#12877 = PRESENTATION_STYLE_ASSIGNMENT((#12878));
#12878 = SURFACE_STYLE_USAGE(.BOTH.,#12879);
#12879 = SURFACE_SIDE_STYLE('',(#12880));
#12880 = SURFACE_STYLE_FILL_AREA(#12881);
#12881 = FILL_AREA_STYLE('',(#12882));
#12882 = FILL_AREA_STYLE_COLOUR('',#10572);
#12883 = OVER_RIDING_STYLED_ITEM('overriding color',(#12884),#10199,
  #12722);
#12884 = PRESENTATION_STYLE_ASSIGNMENT((#12885));
#12885 = SURFACE_STYLE_USAGE(.BOTH.,#12886);
#12886 = SURFACE_SIDE_STYLE('',(#12887));
#12887 = SURFACE_STYLE_FILL_AREA(#12888);
#12888 = FILL_AREA_STYLE('',(#12889));
#12889 = FILL_AREA_STYLE_COLOUR('',#10572);
#12890 = OVER_RIDING_STYLED_ITEM('overriding color',(#12891),#10219,
  #12722);
#12891 = PRESENTATION_STYLE_ASSIGNMENT((#12892));
#12892 = SURFACE_STYLE_USAGE(.BOTH.,#12893);
#12893 = SURFACE_SIDE_STYLE('',(#12894));
#12894 = SURFACE_STYLE_FILL_AREA(#12895);
#12895 = FILL_AREA_STYLE('',(#12896));
#12896 = FILL_AREA_STYLE_COLOUR('',#10572);
#12897 = OVER_RIDING_STYLED_ITEM('overriding color',(#12898),#10239,
  #12722);
#12898 = PRESENTATION_STYLE_ASSIGNMENT((#12899));
#12899 = SURFACE_STYLE_USAGE(.BOTH.,#12900);
#12900 = SURFACE_SIDE_STYLE('',(#12901));
#12901 = SURFACE_STYLE_FILL_AREA(#12902);
#12902 = FILL_AREA_STYLE('',(#12903));
#12903 = FILL_AREA_STYLE_COLOUR('',#10572);
#12904 = OVER_RIDING_STYLED_ITEM('overriding color',(#12905),#10259,
  #12722);
#12905 = PRESENTATION_STYLE_ASSIGNMENT((#12906));
#12906 = SURFACE_STYLE_USAGE(.BOTH.,#12907);
#12907 = SURFACE_SIDE_STYLE('',(#12908));
#12908 = SURFACE_STYLE_FILL_AREA(#12909);
#12909 = FILL_AREA_STYLE('',(#12910));
#12910 = FILL_AREA_STYLE_COLOUR('',#10572);
#12911 = OVER_RIDING_STYLED_ITEM('overriding color',(#12912),#10275,
  #12722);
#12912 = PRESENTATION_STYLE_ASSIGNMENT((#12913));
#12913 = SURFACE_STYLE_USAGE(.BOTH.,#12914);
#12914 = SURFACE_SIDE_STYLE('',(#12915));
#12915 = SURFACE_STYLE_FILL_AREA(#12916);
#12916 = FILL_AREA_STYLE('',(#12917));
#12917 = FILL_AREA_STYLE_COLOUR('',#10572);
#12918 = OVER_RIDING_STYLED_ITEM('overriding color',(#12919),#10295,
  #12722);
#12919 = PRESENTATION_STYLE_ASSIGNMENT((#12920));
#12920 = SURFACE_STYLE_USAGE(.BOTH.,#12921);
#12921 = SURFACE_SIDE_STYLE('',(#12922));
#12922 = SURFACE_STYLE_FILL_AREA(#12923);
#12923 = FILL_AREA_STYLE('',(#12924));
#12924 = FILL_AREA_STYLE_COLOUR('',#10572);
#12925 = OVER_RIDING_STYLED_ITEM('overriding color',(#12926),#10315,
  #12722);
#12926 = PRESENTATION_STYLE_ASSIGNMENT((#12927));
#12927 = SURFACE_STYLE_USAGE(.BOTH.,#12928);
#12928 = SURFACE_SIDE_STYLE('',(#12929));
#12929 = SURFACE_STYLE_FILL_AREA(#12930);
#12930 = FILL_AREA_STYLE('',(#12931));
#12931 = FILL_AREA_STYLE_COLOUR('',#10572);
#12932 = OVER_RIDING_STYLED_ITEM('overriding color',(#12933),#10331,
  #12722);
#12933 = PRESENTATION_STYLE_ASSIGNMENT((#12934));
#12934 = SURFACE_STYLE_USAGE(.BOTH.,#12935);
#12935 = SURFACE_SIDE_STYLE('',(#12936));
#12936 = SURFACE_STYLE_FILL_AREA(#12937);
#12937 = FILL_AREA_STYLE('',(#12938));
#12938 = FILL_AREA_STYLE_COLOUR('',#10572);
#12939 = OVER_RIDING_STYLED_ITEM('overriding color',(#12940),#10351,
  #12722);
#12940 = PRESENTATION_STYLE_ASSIGNMENT((#12941));
#12941 = SURFACE_STYLE_USAGE(.BOTH.,#12942);
#12942 = SURFACE_SIDE_STYLE('',(#12943));
#12943 = SURFACE_STYLE_FILL_AREA(#12944);
#12944 = FILL_AREA_STYLE('',(#12945));
#12945 = FILL_AREA_STYLE_COLOUR('',#10572);
#12946 = OVER_RIDING_STYLED_ITEM('overriding color',(#12947),#10371,
  #12722);
#12947 = PRESENTATION_STYLE_ASSIGNMENT((#12948));
#12948 = SURFACE_STYLE_USAGE(.BOTH.,#12949);
#12949 = SURFACE_SIDE_STYLE('',(#12950));
#12950 = SURFACE_STYLE_FILL_AREA(#12951);
#12951 = FILL_AREA_STYLE('',(#12952));
#12952 = FILL_AREA_STYLE_COLOUR('',#10572);
#12953 = OVER_RIDING_STYLED_ITEM('overriding color',(#12954),#10391,
  #12722);
#12954 = PRESENTATION_STYLE_ASSIGNMENT((#12955));
#12955 = SURFACE_STYLE_USAGE(.BOTH.,#12956);
#12956 = SURFACE_SIDE_STYLE('',(#12957));
#12957 = SURFACE_STYLE_FILL_AREA(#12958);
#12958 = FILL_AREA_STYLE('',(#12959));
#12959 = FILL_AREA_STYLE_COLOUR('',#10572);
#12960 = OVER_RIDING_STYLED_ITEM('overriding color',(#12961),#10407,
  #12722);
#12961 = PRESENTATION_STYLE_ASSIGNMENT((#12962));
#12962 = SURFACE_STYLE_USAGE(.BOTH.,#12963);
#12963 = SURFACE_SIDE_STYLE('',(#12964));
#12964 = SURFACE_STYLE_FILL_AREA(#12965);
#12965 = FILL_AREA_STYLE('',(#12966));
#12966 = FILL_AREA_STYLE_COLOUR('',#10572);
#12967 = OVER_RIDING_STYLED_ITEM('overriding color',(#12968),#10427,
  #12722);
#12968 = PRESENTATION_STYLE_ASSIGNMENT((#12969));
#12969 = SURFACE_STYLE_USAGE(.BOTH.,#12970);
#12970 = SURFACE_SIDE_STYLE('',(#12971));
#12971 = SURFACE_STYLE_FILL_AREA(#12972);
#12972 = FILL_AREA_STYLE('',(#12973));
#12973 = FILL_AREA_STYLE_COLOUR('',#10572);
#12974 = OVER_RIDING_STYLED_ITEM('overriding color',(#12975),#10443,
  #12722);
#12975 = PRESENTATION_STYLE_ASSIGNMENT((#12976));
#12976 = SURFACE_STYLE_USAGE(.BOTH.,#12977);
#12977 = SURFACE_SIDE_STYLE('',(#12978));
#12978 = SURFACE_STYLE_FILL_AREA(#12979);
#12979 = FILL_AREA_STYLE('',(#12980));
#12980 = FILL_AREA_STYLE_COLOUR('',#10572);
#12981 = OVER_RIDING_STYLED_ITEM('overriding color',(#12982),#10473,
  #12722);
#12982 = PRESENTATION_STYLE_ASSIGNMENT((#12983));
#12983 = SURFACE_STYLE_USAGE(.BOTH.,#12984);
#12984 = SURFACE_SIDE_STYLE('',(#12985));
#12985 = SURFACE_STYLE_FILL_AREA(#12986);
#12986 = FILL_AREA_STYLE('',(#12987));
#12987 = FILL_AREA_STYLE_COLOUR('',#10572);
ENDSEC;
END-ISO-10303-21;
